timestamp,faulty,band_0,band_1,band_2,band_3,band_4,band_5,band_6,band_7,band_8,band_9,band_10,band_11,band_12,band_13,band_14,band_15,band_16,band_17,band_18,band_19,band_20,band_21,band_22,band_23,band_24,band_25,band_26,band_27,band_28,band_29,band_30,band_31
0,True,-33.844807,-32.601063,-36.51409,-40.54892,-35.185516,-39.524834,-36.448402,-34.320663,-41.381325,-45.58793,-47.23182,-36.70201,-40.07953,-42.435665,-45.40648,-51.11734,-52.311974,-53.34785,-46.29528,-46.622536,-56.131386,-58.217434,-58.91703,-58.191048,-60.45047,-61.199913,-60.98478,-61.180603,-61.86676,-61.01562,-60.581474,-62.470886
32,True,-28.614487,-31.585735,-32.386845,-34.916008,-35.20474,-32.09968,-33.519913,-32.382713,-42.755657,-42.69153,-42.972954,-31.3218,-36.49342,-39.82574,-40.89533,-44.748573,-45.404034,-52.01763,-47.313225,-46.567078,-54.07469,-54.768276,-58.097755,-60.44254,-58.689163,-58.561844,-56.689896,-58.999832,-60.15427,-59.34594,-58.831936,-60.55374
64,True,-28.78421,-26.490934,-32.541946,-35.234886,-33.159756,-35.787872,-32.766945,-32.08482,-41.808926,-40.731754,-43.349453,-27.902401,-33.70155,-39.056065,-39.03085,-45.991764,-47.33112,-51.61118,-46.719925,-47.023586,-55.06022,-55.729393,-57.985527,-57.89421,-58.660294,-56.862217,-57.10801,-59.513226,-61.26412,-60.803246,-59.965973,-61.512962
96,True,-29.665754,-27.083797,-32.93472,-33.5689,-33.29406,-32.56454,-32.93698,-31.480385,-38.159016,-38.97659,-43.10513,-28.162186,-34.66559,-36.31346,-36.598495,-49.403458,-49.612617,-52.303864,-47.52063,-47.35946,-52.72039,-53.85807,-57.667866,-58.148228,-58.999138,-58.75901,-59.00578,-60.866196,-60.01781,-61.990818,-59.303783,-59.244343
128,True,-30.13501,-25.665184,-30.93627,-36.04284,-32.41473,-32.99032,-32.55424,-32.350433,-35.24512,-35.35807,-40.52999,-29.05986,-35.675312,-37.663425,-39.183975,-47.928375,-47.533234,-50.008957,-48.69384,-48.735786,-55.633167,-55.15121,-57.163727,-59.2759,-59.099766,-58.157516,-57.25792,-59.19217,-60.458866,-60.72545,-61.166115,-61.1194
160,True,-29.516571,-25.186884,-32.518494,-34.695545,-33.49994,-38.371994,-34.761997,-35.175987,-36.08758,-39.286087,-40.60344,-32.529446,-38.246464,-37.033947,-39.57728,-49.12575,-51.362614,-49.918423,-50.517696,-50.07821,-53.057915,-54.218525,-58.553703,-59.689217,-57.82975,-58.963833,-59.08973,-60.247375,-60.186172,-61.624397,-59.04177,-60.97226
192,True,-29.215956,-30.265934,-34.884087,-35.852352,-34.6565,-31.387539,-35.23288,-36.63486,-39.742958,-39.854424,-43.23815,-30.97297,-37.51473,-36.936676,-38.52674,-49.197258,-52.29236,-49.044727,-50.453724,-51.70333,-54.76043,-52.658936,-59.362103,-59.05224,-57.341175,-59.56167,-59.961933,-60.59303,-58.900494,-59.534283,-59.124283,-62.46372
224,True,-29.463835,-27.996618,-32.31714,-35.862194,-32.19383,-32.938873,-36.134876,-35.452217,-36.597206,-39.25605,-43.905693,-31.43953,-36.85372,-34.79256,-36.33531,-47.04701,-52.130486,-48.62667,-45.617615,-46.177994,-54.532745,-52.779305,-58.1155,-58.746494,-59.711647,-58.135128,-58.799507,-60.11136,-60.617302,-60.225563,-58.649155,-61.40234
256,True,-30.689974,-30.117645,-35.677162,-39.679596,-38.83313,-36.604477,-33.90215,-35.471855,-35.68637,-37.319107,-44.086334,-39.703438,-43.38095,-38.684025,-40.38847,-48.776108,-48.36761,-49.37903,-45.90107,-46.105022,-52.16281,-53.96794,-57.195305,-58.51913,-58.328384,-58.90695,-59.70141,-60.005688,-61.195953,-60.762997,-59.777878,-61.095413
288,True,-27.59312,-31.435587,-33.482437,-34.18167,-36.15809,-37.72797,-33.692795,-33.031162,-34.190773,-38.415565,-46.506912,-33.94667,-38.806652,-38.593224,-40.006996,-46.063187,-44.988667,-50.4985,-47.860874,-47.957436,-56.40805,-55.553032,-56.43264,-61.200287,-57.717705,-57.742252,-59.84556,-60.212345,-61.004364,-60.35945,-59.210514,-60.525326
320,True,-25.987616,-27.865181,-35.110447,-36.34134,-34.625813,-31.049511,-31.020214,-30.158846,-35.988117,-37.08427,-43.259155,-32.76794,-38.102104,-40.5036,-42.774445,-46.078983,-45.54266,-51.7091,-49.750183,-51.814404,-54.512337,-53.721275,-58.27377,-57.672466,-58.262054,-58.00774,-58.82202,-59.48671,-60.007545,-60.759045,-60.181274,-61.66861
352,True,-30.129833,-29.900713,-32.21113,-36.413704,-32.283184,-27.691128,-30.153334,-29.650906,-34.904617,-38.08971,-44.050068,-23.78873,-29.553001,-37.29525,-39.434895,-47.78809,-46.672787,-49.6957,-51.205296,-53.71212,-53.964546,-54.016586,-56.339752,-57.730194,-57.57981,-58.642677,-56.94647,-58.577595,-60.340286,-60.887394,-58.83156,-60.390472
384,True,-28.696783,-30.16675,-35.303925,-37.949963,-32.147636,-33.29986,-31.90151,-31.032814,-35.958366,-36.733456,-41.84894,-22.489433,-28.93279,-39.170918,-41.269127,-50.214046,-51.18847,-50.12343,-50.547623,-50.739708,-52.01264,-53.306194,-59.43602,-57.74552,-58.415543,-60.078835,-59.294228,-59.696953,-60.886707,-61.75242,-60.40632,-59.468693
416,True,-30.295418,-30.444899,-36.172478,-39.310326,-35.22946,-34.041603,-34.59716,-35.037563,-36.66555,-37.99082,-42.168842,-24.721548,-31.198204,-41.060673,-42.95057,-45.81321,-46.36307,-49.78741,-51.069572,-51.77781,-53.738445,-53.400307,-58.963272,-57.686012,-56.894012,-58.395977,-59.682076,-59.618782,-58.218723,-59.99249,-59.908314,-59.43859
448,True,-29.945202,-27.73005,-34.09791,-36.678185,-32.4657,-29.902916,-35.506844,-37.4182,-38.02564,-37.233276,-43.848206,-31.857843,-37.20305,-37.76676,-39.487595,-46.9154,-48.909573,-49.1851,-49.357914,-50.74758,-53.319923,-53.526913,-56.10679,-59.218292,-57.980766,-58.516266,-57.989994,-59.012726,-59.185295,-60.502644,-59.964123,-62.620735
480,True,-29.027172,-25.500683,-30.658104,-35.729904,-34.4059,-34.112095,-32.432896,-31.181236,-36.54448,-39.825787,-49.03679,-36.039646,-39.75258,-40.04386,-41.56833,-47.09723,-49.82772,-51.32901,-46.759613,-47.838875,-55.668774,-54.77213,-57.709846,-57.98134,-57.28945,-58.57097,-57.958355,-59.01915,-60.85643,-61.80954,-59.652767,-61.299816
512,True,-26.871605,-27.482773,-33.18177,-37.575214,-34.13097,-35.201275,-30.444565,-28.677872,-37.65221,-39.016396,-40.78701,-31.791409,-39.598297,-37.990562,-40.314743,-45.718086,-46.919632,-50.18329,-50.812546,-52.303753,-53.81081,-56.046333,-59.320328,-56.086864,-57.59918,-58.806435,-56.5519,-59.415367,-60.296196,-61.68633,-60.735165,-60.776764
544,True,-29.65021,-27.911388,-33.19406,-35.788616,-34.866287,-36.40001,-30.548536,-29.897623,-35.32823,-35.405212,-38.479546,-29.18001,-34.85271,-36.59312,-38.010365,-43.702465,-43.951653,-54.827038,-50.792736,-49.7395,-54.828075,-54.35169,-56.930305,-59.254055,-58.469627,-58.46319,-58.380222,-58.48577,-60.055893,-60.902477,-59.002205,-59.32254
576,True,-29.386116,-32.03304,-34.867374,-38.689213,-34.686287,-37.729286,-32.0966,-30.164368,-33.302795,-36.1558,-42.22718,-25.697985,-31.53297,-36.05018,-38.41686,-46.576466,-46.943478,-51.896038,-48.977486,-49.21485,-52.497295,-53.509422,-57.4254,-59.305153,-59.890476,-57.995815,-57.753403,-60.068813,-60.8039,-60.669044,-60.071686,-60.324272
608,True,-27.580603,-28.61684,-31.932598,-36.85374,-33.17685,-34.180706,-31.66951,-31.495804,-36.3226,-39.041397,-47.25924,-27.039585,-33.494843,-37.62189,-39.63392,-50.601067,-50.68647,-51.84912,-48.947598,-48.897446,-53.243492,-53.14389,-56.819515,-58.88244,-58.081264,-59.52101,-57.716747,-58.927834,-61.712273,-60.93519,-60.348038,-62.362144
640,True,-27.054222,-27.228338,-34.311882,-37.404297,-35.178787,-31.570831,-36.1336,-39.310413,-36.44517,-35.817753,-41.612663,-25.134039,-31.717176,-36.324482,-37.38136,-47.70083,-49.107,-52.91615,-45.744774,-45.763832,-53.1415,-53.050877,-58.248753,-56.83819,-58.098408,-57.587276,-58.666183,-59.781944,-60.791668,-61.151535,-58.64979,-60.771603
672,True,-32.4782,-26.16576,-31.645962,-39.035732,-35.707718,-32.50233,-34.956123,-35.79882,-41.647118,-39.69871,-42.468227,-24.992258,-31.341745,-37.752907,-39.814583,-45.35132,-46.7334,-48.947144,-48.911854,-52.04383,-52.52548,-55.25168,-58.375225,-58.091003,-57.783417,-57.729973,-58.127937,-59.82721,-60.319675,-61.08834,-59.83887,-60.102142
704,True,-30.406578,-25.05892,-33.322166,-38.08813,-33.807243,-29.736378,-32.05458,-31.894722,-39.79609,-36.656002,-40.342888,-26.954498,-34.292294,-39.79565,-42.016212,-46.553955,-45.889862,-50.06156,-46.071354,-47.714714,-55.121838,-55.950832,-58.518158,-58.617004,-58.89162,-59.443073,-59.097595,-59.593044,-58.424034,-61.279087,-59.594383,-61.7494
736,True,-28.691109,-25.788137,-31.092693,-36.778343,-34.278397,-29.351671,-29.593699,-29.177685,-40.038918,-41.57775,-40.318703,-24.612598,-31.565834,-39.532314,-42.09659,-46.5229,-47.90653,-51.46742,-44.44774,-44.646423,-52.132336,-55.110542,-57.622017,-58.412586,-57.48457,-59.00157,-59.830017,-58.369793,-60.699863,-59.909447,-57.398354,-61.23532
768,True,-33.8647,-32.658203,-32.708965,-36.13831,-36.382454,-34.7448,-30.820778,-29.076822,-38.391422,-40.723644,-42.894684,-21.803085,-27.829258,-38.460587,-40.720882,-47.128506,-48.042015,-49.346535,-49.559235,-50.188618,-55.278656,-54.324257,-61.05187,-58.216343,-57.794777,-57.228783,-57.0414,-59.688953,-60.90152,-61.25477,-59.760033,-60.79107
800,True,-25.577412,-25.387728,-33.64407,-38.42788,-32.629772,-32.808174,-31.791225,-30.525894,-39.129772,-40.860405,-43.699684,-21.858236,-28.8446,-37.781498,-39.412636,-50.901634,-49.516632,-51.936913,-45.936047,-45.80505,-54.452866,-54.465385,-56.82921,-57.49549,-59.73658,-58.895172,-59.330997,-60.437355,-61.576427,-61.656414,-58.911594,-59.63095
832,True,-28.330336,-29.02856,-35.142498,-36.93726,-31.465225,-34.400818,-38.544914,-40.107445,-34.69795,-34.86615,-40.530018,-22.857904,-30.454166,-38.2646,-39.98518,-46.30313,-48.224304,-48.86757,-47.905006,-47.814056,-55.974445,-55.26655,-56.489223,-57.42559,-58.16056,-58.444767,-59.511013,-60.512005,-63.20941,-62.801624,-58.98298,-60.050945
864,True,-26.302834,-28.036585,-37.61503,-35.129143,-30.96632,-31.472519,-34.699837,-38.534683,-39.787895,-40.011574,-43.101467,-25.490465,-31.36026,-41.110195,-42.30116,-50.528107,-50.010376,-48.874035,-45.276638,-46.07086,-54.208908,-53.858826,-57.371902,-57.943367,-58.4654,-59.573524,-57.408062,-59.66503,-61.032112,-60.974754,-58.6314,-59.6985
896,True,-32.301758,-32.079266,-33.789143,-35.92826,-34.125004,-33.943527,-33.618843,-32.949497,-35.805782,-41.522408,-45.279938,-24.102095,-31.422976,-41.06308,-43.545364,-47.440838,-48.207573,-49.11041,-48.22764,-49.066677,-51.33895,-52.11003,-57.145363,-58.465534,-58.490288,-59.19396,-58.64322,-61.045235,-60.746788,-61.54667,-59.97761,-60.919098
928,True,-31.317505,-28.972094,-32.691048,-37.67312,-32.542923,-29.180988,-31.69949,-31.026566,-42.083252,-40.005146,-42.01528,-32.89992,-38.715317,-39.720806,-41.045166,-45.72042,-47.553352,-48.938354,-49.84638,-50.93711,-53.50367,-54.586945,-57.61915,-58.318275,-58.96259,-58.08685,-58.080307,-59.761765,-61.39328,-61.328354,-60.502502,-61.44538
960,True,-31.18439,-28.24601,-35.719334,-37.55026,-35.33158,-27.23757,-30.541862,-30.008364,-37.884277,-38.382008,-42.212643,-29.162123,-36.586544,-35.7254,-37.77329,-46.415848,-47.903,-52.340584,-49.604507,-50.544582,-55.912247,-55.47462,-57.94697,-59.018246,-57.319775,-58.383087,-58.533474,-61.407375,-61.09607,-62.160553,-62.31746,-61.891777
992,True,-28.960033,-26.560287,-33.56148,-36.880608,-35.321075,-31.59545,-33.75138,-34.257053,-38.39423,-41.033554,-42.92454,-32.62006,-38.22253,-37.248417,-39.17211,-47.861534,-48.06149,-48.558075,-47.230343,-48.891357,-56.526245,-54.363564,-58.609505,-58.06622,-57.88735,-56.5062,-57.850685,-59.626026,-59.386024,-61.011578,-59.10901,-60.727005
1024,True,-29.9802,-24.70866,-30.441935,-37.96812,-36.48519,-32.665627,-35.70214,-35.671745,-38.475185,-40.546013,-45.51682,-36.910057,-40.25663,-40.29381,-42.75951,-47.203545,-47.913822,-50.98813,-47.938034,-48.62549,-55.77377,-55.87772,-59.721725,-56.27639,-57.120064,-57.59703,-57.862778,-60.27702,-60.86532,-61.025826,-60.015224,-59.329704
1056,True,-27.52005,-26.964573,-32.52058,-38.00444,-32.827793,-40.06191,-36.911766,-36.15951,-38.2931,-40.110744,-40.327026,-34.0211,-39.767975,-37.73456,-39.067276,-50.08955,-52.3966,-50.639767,-47.37923,-47.672543,-56.440487,-54.79615,-56.224255,-58.25913,-57.787903,-57.70659,-58.242096,-61.55509,-61.020126,-61.34266,-59.91314,-60.130745
1088,True,-29.955982,-30.59265,-34.037697,-39.111942,-32.30931,-38.42,-39.57271,-39.95402,-36.485645,-38.004345,-41.292362,-34.099518,-38.26863,-38.64003,-40.5077,-48.188522,-48.81701,-50.32593,-47.331776,-47.735733,-58.06005,-56.369286,-55.30767,-57.565006,-59.232475,-58.52081,-58.819603,-60.61974,-61.479385,-60.579697,-60.318504,-59.430664
1120,True,-29.866978,-30.23841,-32.21868,-37.785744,-32.971287,-35.180695,-34.529766,-36.325417,-33.880848,-36.07543,-41.349693,-33.736816,-38.90515,-39.702324,-41.49791,-46.371155,-48.010124,-53.361786,-48.966503,-49.07971,-55.846043,-55.61096,-57.639965,-58.604958,-59.89063,-57.9535,-58.064003,-57.85016,-58.78721,-61.25645,-60.841656,-61.948624
1152,True,-30.003895,-28.424362,-31.973442,-34.40449,-29.797928,-32.45475,-31.28719,-29.69966,-35.79553,-38.66058,-39.774406,-29.007904,-37.62845,-40.83458,-42.775864,-51.01314,-49.286217,-49.2285,-50.562004,-52.61573,-56.358067,-54.893616,-57.134293,-57.796253,-59.27691,-56.563408,-57.31347,-59.297794,-59.229122,-60.851513,-58.873657,-61.12674
1184,True,-29.617874,-26.859911,-33.462997,-38.036686,-30.218098,-35.036198,-32.029022,-30.1698,-39.214268,-42.42119,-43.680874,-32.900955,-40.536934,-42.258324,-45.08993,-49.37815,-47.789963,-49.91588,-49.624886,-52.540215,-56.58599,-56.983646,-59.131527,-58.815647,-57.374413,-58.395847,-57.902225,-59.98306,-61.13193,-61.63253,-60.354904,-61.934143
1216,True,-29.834558,-30.024843,-36.477753,-39.23244,-33.44763,-31.93539,-29.451216,-28.022,-41.120613,-40.020493,-42.6392,-28.613209,-34.947994,-38.298244,-40.13699,-50.532906,-48.23822,-52.429955,-52.365005,-51.021343,-53.04763,-55.505672,-58.631557,-59.225048,-57.588352,-58.162598,-58.199287,-59.873833,-60.53386,-59.335133,-59.819874,-60.4664
1248,True,-29.178284,-28.800861,-33.43737,-37.89713,-32.938282,-32.788376,-29.144932,-27.453323,-39.89614,-40.237144,-41.4217,-28.17778,-35.22806,-38.77633,-41.256134,-50.278503,-50.21441,-51.836517,-49.467678,-50.327087,-56.41918,-55.11768,-58.514282,-60.57899,-59.214424,-57.661133,-57.704475,-58.668167,-60.720787,-62.61271,-59.889397,-61.78331
1280,True,-30.334019,-25.660126,-33.298027,-41.175686,-34.691837,-36.31981,-32.15511,-31.356173,-43.33874,-42.2879,-39.78008,-33.651268,-40.507816,-38.199467,-40.207325,-47.8904,-49.269253,-49.789284,-49.06494,-51.838383,-54.81251,-53.74978,-57.006126,-56.29734,-57.856514,-57.986435,-59.52061,-60.41676,-59.81527,-60.750755,-58.813896,-61.32112
1312,True,-26.423801,-24.182522,-33.439686,-36.440422,-34.212433,-33.69018,-36.622604,-38.156906,-39.97986,-41.472816,-41.118473,-30.65221,-37.62848,-37.79064,-40.560616,-47.629196,-50.40402,-51.25489,-48.88511,-51.54387,-54.939644,-53.184505,-58.499016,-56.359943,-59.304356,-58.716236,-57.39737,-59.572735,-60.389893,-61.23477,-61.362347,-61.65195
1344,True,-29.47752,-28.112198,-32.80879,-33.857418,-33.467533,-32.393616,-33.84808,-33.176723,-36.974785,-39.57977,-45.654076,-28.186647,-35.074177,-37.460262,-39.49706,-48.779102,-50.03373,-52.98979,-46.715843,-46.852116,-55.89642,-55.186058,-58.24841,-58.102436,-58.483547,-60.89068,-57.8638,-58.519016,-60.306164,-59.860916,-59.66369,-61.84619
1376,True,-28.84617,-26.08245,-32.19974,-33.37327,-32.273037,-33.626637,-29.3908,-28.125372,-38.599785,-39.935177,-43.348297,-36.23402,-42.73216,-36.79168,-38.710648,-46.06628,-46.79636,-50.548176,-49.335938,-51.64685,-54.863136,-54.051407,-56.27502,-58.803467,-57.53038,-58.864754,-58.09679,-60.3174,-61.822357,-62.310555,-60.356895,-61.52829
1408,True,-30.836174,-29.857395,-35.252453,-38.990013,-30.644941,-31.14574,-27.60133,-26.37175,-38.474865,-38.524452,-39.797775,-29.00486,-35.93486,-39.243954,-41.995186,-47.661674,-47.798656,-48.162643,-45.44915,-46.72474,-56.568375,-58.92714,-58.76411,-56.64143,-57.96853,-59.636192,-60.028534,-59.92704,-59.991425,-62.976223,-61.08936,-60.41739
1440,True,-28.30051,-28.405516,-33.685307,-34.639893,-34.409138,-30.871916,-27.811844,-26.539114,-40.163483,-40.179985,-43.542892,-34.153305,-40.07429,-38.826843,-40.926407,-44.98753,-45.647614,-51.595745,-46.217953,-46.768208,-55.076603,-54.39806,-56.813026,-57.519035,-57.34075,-57.95075,-56.801384,-59.04705,-59.863323,-61.19404,-60.628143,-61.488415
1472,True,-30.945387,-32.913994,-36.022156,-38.31695,-33.600704,-31.395628,-30.699402,-29.438269,-39.48547,-42.412384,-43.927532,-28.747635,-35.536823,-40.048576,-42.087673,-45.715996,-46.90731,-50.657166,-49.94904,-51.30234,-54.144363,-55.140186,-57.454544,-57.39003,-57.034973,-58.610176,-57.73268,-59.148365,-59.428993,-59.650505,-59.003136,-61.31141
1504,True,-28.525324,-31.42456,-37.54155,-41.478767,-32.794678,-33.092915,-33.688854,-32.94934,-43.096165,-40.19188,-41.730667,-30.397552,-36.91337,-43.616936,-42.48214,-49.251106,-53.14431,-54.141823,-52.798256,-53.777523,-56.067184,-55.508495,-57.450123,-56.819763,-59.03893,-58.910835,-57.482353,-59.785606,-60.238567,-62.39462,-61.88356,-62.256317
1536,True,-28.65284,-29.967186,-35.230003,-41.811596,-32.35474,-31.85913,-34.519318,-36.19782,-41.596024,-40.69633,-42.956444,-32.680534,-38.998535,-39.19481,-41.137802,-47.811054,-48.33279,-53.057228,-49.009785,-48.327873,-53.110847,-53.45228,-57.97091,-59.11366,-58.05273,-59.097286,-58.799667,-59.1991,-59.108025,-60.596767,-59.802456,-61.644867
1568,True,-25.755556,-25.842346,-33.688667,-40.546776,-30.930931,-33.24385,-32.550182,-32.27942,-43.98008,-37.197037,-41.867455,-29.922428,-36.297325,-38.236004,-40.70983,-45.681435,-47.785793,-51.167244,-50.09325,-49.74427,-52.93758,-56.09353,-58.521736,-60.229218,-60.339615,-59.137,-57.59294,-59.046497,-60.832653,-61.009117,-60.63114,-61.645523
1600,True,-25.837486,-29.204311,-34.173183,-38.704628,-35.295654,-30.477768,-30.652287,-29.431686,-44.139523,-42.442047,-46.521816,-34.91535,-36.69954,-35.694607,-37.697,-46.010986,-46.88271,-50.026207,-52.16654,-51.706104,-54.9364,-54.38421,-57.15595,-57.37625,-57.982086,-57.98114,-60.217056,-59.44384,-60.33242,-59.950493,-59.81053,-61.462536
1632,True,-35.143692,-32.050232,-33.18029,-33.990475,-31.680374,-28.285793,-30.257847,-30.344894,-40.180412,-41.27231,-39.202503,-30.139265,-36.992245,-37.937576,-40.30895,-46.982845,-46.696823,-49.380646,-47.21941,-47.358814,-53.00923,-53.421486,-55.929638,-56.790966,-57.25514,-58.065063,-59.484917,-59.88499,-58.65631,-61.456062,-62.376236,-60.986347
1664,True,-27.825232,-31.173506,-32.05002,-37.149017,-37.728992,-33.525154,-30.560345,-29.486296,-41.263336,-42.593666,-43.537693,-34.163795,-38.18539,-36.981438,-39.706364,-45.000187,-46.221886,-47.630802,-45.298737,-45.939907,-53.887695,-54.357513,-57.024708,-58.18192,-59.054,-59.11061,-58.648247,-58.94016,-61.468895,-61.56662,-61.881355,-61.166367
1696,True,-28.40128,-26.93632,-30.331469,-34.041523,-33.646553,-32.60089,-32.97109,-31.720621,-37.672188,-38.792805,-42.6949,-29.701012,-37.728264,-35.295456,-37.837753,-44.174324,-45.6164,-49.982014,-46.44472,-47.029232,-54.083374,-52.85477,-56.066837,-56.616943,-58.222427,-59.241276,-59.39558,-57.984196,-61.312428,-61.73989,-61.250107,-61.200394
1728,True,-29.370064,-28.790878,-33.374268,-37.135696,-35.367973,-30.636837,-31.814005,-31.613403,-38.188694,-38.86066,-48.483604,-24.397083,-30.77814,-36.637817,-39.140106,-45.762768,-47.977253,-51.818813,-46.090355,-47.206406,-55.444702,-52.874638,-60.031437,-57.98616,-59.093975,-58.41031,-58.75626,-59.50908,-62.116222,-60.934517,-59.227364,-60.009686
1760,True,-29.780102,-31.295393,-34.88794,-38.95627,-32.152737,-33.659313,-37.49849,-36.92947,-38.550842,-37.15716,-42.22714,-26.160944,-32.783146,-33.43006,-35.59788,-43.477436,-48.4345,-46.849552,-47.359066,-48.559338,-55.07948,-56.02359,-56.954185,-57.680824,-59.958347,-59.59387,-59.262276,-59.952602,-60.55658,-56.983356,-57.22611,-59.71562
1792,True,-31.182959,-29.602673,-34.91294,-40.934372,-36.838215,-28.356153,-33.131184,-43.77035,-40.233246,-37.1457,-40.800575,-32.254074,-37.657772,-36.31766,-38.61287,-47.709156,-50.55686,-51.198166,-48.61742,-51.678295,-54.240032,-56.20699,-57.701588,-56.474747,-59.955273,-58.88431,-57.661003,-57.54341,-59.16278,-55.829285,-57.48711,-60.091972
1824,True,-27.824982,-33.252014,-35.365547,-37.638935,-34.553436,-30.82534,-36.9773,-41.31202,-39.55971,-37.690727,-42.7288,-36.96657,-41.22477,-38.357803,-39.97415,-46.489616,-47.963455,-50.243534,-47.683025,-49.565426,-56.034527,-55.507835,-55.7154,-56.140396,-57.199913,-57.0243,-57.731644,-57.98912,-59.70657,-59.575996,-58.461956,-61.122673
1856,True,-27.15893,-26.944736,-32.442787,-36.30415,-33.15884,-29.880552,-31.960478,-32.55653,-40.63156,-39.057423,-42.087406,-34.85251,-40.043568,-37.269005,-38.971706,-45.60872,-47.36286,-51.91698,-49.623627,-50.602486,-55.50636,-53.287052,-57.061546,-59.09659,-58.893147,-58.98727,-57.321205,-59.50975,-60.89406,-60.269768,-57.59867,-59.87244
1888,True,-30.41589,-27.03814,-32.79943,-34.64585,-30.672173,-29.893764,-27.963057,-26.871162,-42.285553,-40.197735,-43.255623,-30.85844,-38.453392,-39.60258,-41.552753,-50.26876,-48.61088,-51.642326,-46.57404,-46.155014,-54.07495,-52.644073,-57.695484,-59.204426,-57.47553,-59.109726,-59.06495,-59.780518,-60.01991,-59.613262,-58.975136,-58.971786
1920,True,-27.601536,-28.773792,-34.81656,-36.152576,-32.90473,-32.58234,-28.488531,-27.481186,-44.07788,-40.48172,-40.979774,-30.192614,-36.853306,-38.87874,-40.858364,-45.5097,-47.727707,-51.6444,-46.78344,-48.35058,-55.909157,-55.09732,-58.86793,-57.22887,-58.599392,-58.409657,-58.37142,-58.795456,-60.200157,-60.952053,-58.635956,-59.275517
1952,True,-29.365341,-30.817059,-33.335064,-36.272278,-32.34601,-32.348915,-29.351467,-28.807508,-44.23897,-42.75498,-43.40518,-27.40735,-33.661217,-37.67447,-39.35662,-48.05066,-50.461937,-51.378666,-48.81389,-51.71177,-55.413097,-55.799747,-57.754265,-58.57702,-59.855392,-61.239555,-59.88318,-60.614075,-59.77081,-60.448074,-57.98775,-59.60945
1984,True,-32.041412,-33.582764,-35.949356,-37.469658,-29.753521,-33.887486,-33.405296,-32.767376,-41.4853,-41.034462,-46.387566,-29.785519,-36.941532,-38.189007,-40.66727,-46.4421,-48.430702,-50.382023,-48.37063,-50.69328,-55.77383,-57.48194,-58.22855,-57.66701,-58.16269,-59.81274,-59.065536,-60.454258,-59.82983,-60.905895,-60.583214,-60.684284
2016,True,-28.41551,-32.944332,-38.183826,-37.592155,-32.042175,-33.74105,-33.24594,-35.39152,-42.07684,-40.482655,-44.783215,-39.08059,-42.881092,-39.51752,-41.89011,-48.30151,-47.930817,-51.548462,-50.30552,-49.96449,-54.295578,-54.04824,-58.307873,-56.78764,-57.200996,-58.17475,-57.011345,-59.14421,-60.822582,-58.633423,-59.618507,-59.750618
2048,True,-28.366344,-28.563675,-33.43194,-34.669632,-33.26952,-31.688534,-32.502792,-33.78472,-41.876503,-40.50104,-41.72281,-30.270134,-36.50982,-36.95874,-38.49445,-49.36775,-48.936954,-51.943493,-47.55137,-49.71702,-58.766533,-57.42329,-59.89847,-58.811646,-58.166767,-58.700523,-57.163574,-58.229317,-59.69942,-59.61618,-59.598675,-60.96066
2080,True,-29.53068,-27.671112,-33.925453,-38.861435,-32.96375,-32.091022,-29.052032,-28.050674,-47.23076,-41.127274,-44.197914,-28.6139,-35.601467,-35.939327,-37.826485,-47.48215,-47.904175,-50.64998,-49.414295,-50.71034,-56.709908,-56.74328,-60.02111,-58.03418,-58.92006,-58.25411,-57.23629,-59.363407,-61.054993,-61.054745,-60.518234,-60.67743
2112,True,-29.302275,-26.405914,-29.516678,-34.155666,-33.01307,-29.728792,-29.22656,-28.205072,-41.61683,-42.11183,-42.677055,-25.39349,-32.053474,-37.52282,-39.670017,-44.91574,-46.336765,-52.246128,-51.180832,-53.070724,-53.643074,-53.944717,-57.88763,-55.50199,-57.415524,-58.387978,-57.32861,-59.484528,-61.570892,-60.282253,-58.962463,-59.384254
2144,True,-32.846416,-27.287922,-32.497776,-39.20476,-31.604149,-30.173122,-28.202631,-26.824337,-37.14881,-36.475636,-40.440792,-31.031752,-37.639523,-36.50184,-38.528893,-45.40706,-46.53604,-50.057903,-51.412895,-51.165024,-54.539715,-55.946342,-56.776283,-59.55074,-59.18211,-58.574867,-57.313576,-59.007698,-60.71579,-61.11387,-60.293137,-60.470165
2176,True,-28.691616,-26.702478,-32.819748,-36.16848,-36.178688,-29.838764,-28.950684,-28.608082,-35.256172,-39.42123,-45.809395,-28.891514,-34.415657,-36.095333,-38.117455,-44.589115,-45.614365,-50.787827,-48.707634,-50.647205,-56.225246,-55.070503,-58.325104,-57.896584,-59.094406,-59.826336,-59.3298,-58.93499,-60.41883,-60.53739,-59.93818,-60.961243
2208,True,-29.083836,-31.030045,-35.14606,-37.104877,-31.920319,-31.02257,-33.77516,-33.44735,-43.31442,-43.5147,-45.653233,-39.90859,-38.255543,-36.627213,-38.88476,-46.055893,-48.2788,-53.41562,-46.24813,-46.545372,-56.81968,-55.89445,-58.17288,-58.222614,-58.608643,-60.65096,-58.72131,-59.9658,-60.716034,-62.220272,-60.749287,-62.958885
2240,True,-29.019058,-30.570435,-34.608475,-38.962524,-35.801662,-29.935713,-38.23484,-41.35818,-40.81849,-37.003197,-41.752518,-33.992886,-39.820755,-38.562035,-42.032734,-46.45258,-48.736824,-51.323265,-45.962982,-45.98905,-54.951263,-54.135757,-59.87289,-58.967663,-58.479347,-57.98512,-58.48904,-59.680832,-61.076416,-61.97357,-59.930172,-60.45233
2272,True,-28.314837,-33.442066,-34.322964,-39.5752,-35.455708,-34.46079,-33.809425,-32.60769,-40.374416,-37.218246,-39.427677,-31.562305,-39.8574,-37.247307,-39.72918,-46.728016,-51.51512,-52.86575,-52.525436,-51.7066,-54.695988,-54.498497,-58.818092,-57.84327,-57.241177,-58.171707,-58.57369,-59.534473,-60.34609,-60.162754,-59.52421,-60.330437
2304,True,-31.07372,-29.851727,-34.000504,-37.22746,-32.855602,-30.858002,-29.185944,-27.891407,-44.53726,-43.25193,-45.217484,-29.095633,-35.92089,-37.78554,-39.90902,-50.43164,-50.782684,-53.16585,-51.310425,-53.443604,-56.586365,-54.28528,-56.938606,-57.457207,-57.710155,-58.909576,-57.83966,-60.653854,-60.326923,-59.29196,-60.048557,-60.974888
2336,True,-30.032467,-30.544146,-33.50572,-40.709846,-32.370953,-36.702522,-29.347647,-27.847431,-46.990543,-44.27777,-42.59638,-30.159454,-38.834778,-41.301903,-43.677715,-46.522316,-47.527657,-55.02977,-50.9326,-51.100517,-56.051178,-57.036217,-58.30937,-57.58364,-57.781883,-58.308403,-57.906113,-59.77539,-61.02469,-60.708466,-57.97771,-60.653553
2368,True,-27.500889,-31.400564,-33.993374,-39.032806,-34.980885,-35.30915,-29.047909,-28.001755,-38.487816,-38.686462,-40.280434,-30.761307,-39.90696,-38.37095,-39.915688,-48.4003,-49.071045,-49.70461,-46.549385,-48.73741,-54.753258,-58.325912,-61.40533,-58.07643,-57.254963,-58.012775,-58.115215,-59.574562,-61.029846,-60.888577,-59.711567,-62.110764
2400,True,-25.832747,-30.418331,-31.283344,-35.370716,-35.96261,-39.51082,-29.926758,-28.265358,-39.696777,-42.547646,-42.48616,-33.88781,-40.589348,-39.900135,-42.09934,-47.519375,-48.16278,-49.216568,-44.441833,-45.390236,-54.96673,-55.82286,-58.000187,-59.147793,-57.45484,-58.21976,-57.4613,-60.053596,-62.444744,-61.93696,-60.17216,-62.394146
2432,True,-27.795746,-27.733774,-30.887613,-35.941032,-34.315464,-30.73505,-31.308807,-30.90866,-39.785313,-39.58565,-44.01761,-30.239628,-36.491234,-39.076046,-42.837494,-47.883488,-48.656746,-50.66549,-47.930122,-48.57243,-55.272633,-55.945206,-57.616558,-58.336456,-59.906162,-57.98815,-57.996437,-60.42682,-61.22175,-61.41621,-60.52815,-60.545494
2464,True,-31.828573,-27.814526,-33.384033,-38.700634,-29.46753,-30.035145,-35.20186,-36.29108,-42.61023,-42.91473,-41.741913,-30.020418,-37.267395,-36.43844,-38.837803,-44.46144,-45.606647,-51.01484,-47.02787,-48.835106,-55.375168,-54.283222,-56.45348,-57.13427,-56.49439,-58.25439,-59.44063,-60.2825,-60.533432,-61.58457,-59.8722,-59.96167
2496,True,-29.202814,-27.436277,-32.07621,-37.49469,-32.994324,-30.865004,-36.005196,-41.30287,-40.61018,-39.577003,-41.58715,-30.014105,-37.940594,-35.559063,-37.888664,-46.11862,-45.853615,-48.526882,-48.32557,-48.924377,-55.66231,-55.06263,-58.043232,-56.917267,-57.81919,-59.260185,-58.30379,-59.63542,-62.593513,-61.56866,-57.706356,-60.193542
2528,True,-30.474354,-30.612637,-35.611275,-39.999664,-32.840343,-34.203526,-33.283535,-32.269947,-40.54705,-40.958298,-43.147892,-30.882465,-38.952198,-38.80176,-40.504356,-45.687214,-46.677864,-51.836487,-49.481068,-50.751953,-56.28655,-54.866386,-59.099663,-59.60529,-56.685112,-61.745705,-60.034393,-59.07412,-61.002083,-62.38875,-60.48462,-61.12907
2560,True,-26.63797,-28.33086,-35.898514,-38.546043,-33.87225,-36.526257,-32.13588,-31.143414,-43.734795,-40.152477,-44.709618,-27.990314,-36.110607,-36.952522,-39.21368,-50.764244,-48.07897,-48.465324,-48.234562,-49.888683,-56.666126,-57.823082,-58.4037,-58.590504,-56.999874,-59.418777,-60.125694,-59.426197,-61.832394,-61.23282,-60.788082,-61.406002
2592,True,-32.469173,-35.317837,-37.03859,-37.456448,-33.98196,-35.565212,-30.217655,-29.1329,-42.32475,-39.304127,-42.411224,-32.714634,-39.89531,-38.48388,-40.88459,-48.379204,-50.033203,-48.72077,-47.804283,-48.571148,-53.36435,-53.798023,-58.81474,-60.21507,-56.799744,-58.34313,-57.449017,-60.12204,-59.348316,-59.01752,-60.84267,-62.188
2624,True,-31.489803,-28.451403,-32.137943,-36.011883,-34.27734,-33.52635,-29.05884,-27.596235,-44.154133,-37.56101,-40.248146,-31.86222,-36.368736,-34.99924,-36.072838,-46.36877,-50.472446,-51.504448,-47.580826,-48.280457,-52.315334,-54.953823,-58.22886,-57.99962,-57.99322,-58.36097,-56.12033,-58.191437,-59.56062,-60.736237,-60.191406,-61.041607
2656,True,-29.098503,-27.340027,-32.676434,-38.735653,-33.110977,-31.050549,-28.302944,-26.922676,-43.85033,-40.200203,-43.165955,-25.663187,-32.84605,-38.471283,-40.079746,-50.94256,-49.11399,-54.136272,-49.430473,-50.119453,-55.632774,-54.840965,-57.11481,-56.98328,-57.928093,-57.55806,-55.879456,-59.93099,-60.16726,-58.784172,-58.454422,-61.729183
2688,True,-29.84228,-28.726694,-33.515182,-36.295067,-36.62195,-33.4139,-29.52403,-28.030357,-40.487206,-41.412273,-46.31332,-28.893959,-36.06462,-43.828472,-45.236473,-49.648415,-49.22744,-55.223904,-47.973972,-48.375782,-54.591248,-55.082355,-57.845894,-56.871155,-60.12948,-59.00731,-55.96131,-56.908607,-59.45378,-61.84721,-60.23806,-60.776993
2720,True,-30.261562,-30.579187,-38.14432,-42.39668,-34.939713,-31.255571,-34.052853,-33.476295,-36.775604,-40.97366,-43.463966,-31.904776,-37.72404,-37.202923,-38.724667,-49.410057,-49.259144,-51.410835,-44.57432,-45.03006,-54.629433,-52.48549,-54.175056,-56.8108,-57.804665,-59.351635,-57.18916,-57.5247,-59.978516,-61.342567,-59.74321,-61.40441
2752,True,-32.380386,-26.956078,-31.34621,-37.54262,-35.90998,-29.83507,-35.92426,-44.527744,-35.91916,-38.183083,-42.47268,-31.629078,-36.773544,-39.028397,-41.08517,-45.26204,-44.974106,-50.18066,-48.57689,-49.153603,-52.49025,-53.37311,-56.58533,-56.878605,-58.395382,-58.787724,-60.038494,-59.270397,-61.508812,-63.61372,-62.394035,-61.98123
2784,True,-29.70296,-27.550728,-32.368923,-38.706635,-34.529743,-31.362564,-38.882095,-38.84027,-38.282288,-39.191135,-41.8453,-27.737152,-35.189957,-38.20199,-39.84436,-48.653435,-49.43759,-51.34239,-49.990803,-51.52466,-53.54373,-56.380978,-56.9246,-56.3114,-58.530014,-58.367958,-57.411266,-59.232597,-60.43715,-62.537823,-60.6923,-62.10501
2816,True,-32.908615,-33.819828,-32.823265,-37.857708,-32.315784,-30.28054,-30.431156,-29.3384,-35.445183,-37.766445,-41.997276,-31.518787,-37.563683,-38.555416,-40.698334,-50.469826,-51.268776,-49.23066,-47.059074,-48.011406,-54.996902,-55.438065,-56.99298,-56.73929,-56.415257,-58.806496,-59.745174,-59.56841,-61.199936,-61.10005,-59.941334,-60.939346
2848,True,-29.953117,-28.046324,-31.684353,-40.02161,-36.859024,-30.108479,-28.180206,-27.23736,-38.845383,-40.299343,-43.508713,-27.357588,-36.295914,-36.824436,-39.12207,-48.78491,-50.978966,-51.41423,-50.069508,-51.704956,-55.800636,-57.085728,-58.822742,-57.928505,-58.40685,-58.603493,-56.729103,-59.34164,-61.761726,-61.358246,-60.601994,-61.741295
2880,True,-33.135216,-28.618889,-33.662003,-37.456425,-34.363937,-28.589228,-28.275354,-27.59829,-41.214478,-35.8081,-43.14972,-30.769268,-36.31443,-35.98968,-38.239216,-48.79077,-49.288933,-52.413246,-51.196823,-51.001045,-52.728634,-52.43638,-58.82999,-57.759605,-57.97899,-58.843685,-58.47641,-60.016388,-60.78942,-60.163307,-59.1417,-62.28511
2912,True,-29.221207,-29.545757,-34.42096,-35.993923,-32.837082,-28.833153,-29.198135,-28.910042,-42.42283,-40.437874,-43.44011,-31.248428,-37.766693,-36.414677,-39.328197,-45.811058,-47.34348,-48.6136,-50.237164,-54.54288,-54.61239,-55.738445,-58.482086,-58.49008,-58.69742,-58.49705,-58.570038,-62.04346,-62.962185,-60.59422,-59.319798,-60.730762
2944,True,-32.24511,-31.413317,-30.79569,-31.788836,-33.598427,-31.764174,-32.63585,-32.021576,-37.994507,-37.026917,-41.446663,-31.221773,-37.99889,-37.208153,-38.941463,-48.10957,-48.28541,-50.271946,-49.07247,-52.185303,-55.848354,-54.635498,-58.245167,-58.028625,-57.4896,-58.59794,-58.12178,-59.103935,-60.401493,-60.951538,-60.540474,-62.2088
2976,True,-27.773392,-25.571693,-31.180193,-35.74166,-32.58331,-29.347212,-35.424694,-39.342842,-38.184715,-39.287994,-41.123604,-27.989391,-35.83561,-38.02582,-39.529583,-46.811333,-50.034576,-50.86218,-48.54933,-51.05812,-56.011078,-55.76683,-57.70292,-59.06228,-57.7706,-57.459373,-56.72207,-58.51585,-60.923504,-59.879795,-58.684444,-60.400692
3008,True,-27.191013,-30.256193,-35.89465,-39.037613,-35.207596,-29.777119,-33.052525,-33.13505,-39.027077,-41.99807,-41.190193,-31.494122,-39.278248,-38.627487,-41.373577,-46.484886,-48.671623,-50.205048,-50.740738,-52.604733,-53.321198,-55.07723,-56.631317,-57.7734,-55.62539,-56.67107,-57.12742,-59.42665,-60.996937,-60.88253,-59.5225,-60.22718
3040,True,-28.039555,-30.175827,-34.678013,-37.299488,-33.80356,-28.612745,-30.732748,-30.784664,-42.789253,-41.460617,-42.17685,-27.505758,-34.993168,-39.708305,-41.862453,-49.554634,-50.09977,-52.166733,-46.428093,-47.29651,-54.135784,-52.477356,-57.07123,-56.13255,-57.183765,-58.902187,-60.095993,-60.171124,-60.444557,-61.35496,-60.23401,-61.04915
3072,True,-30.197807,-30.114616,-32.27443,-40.0351,-33.994644,-30.989122,-32.149117,-31.521788,-41.441673,-41.96211,-43.184486,-30.2244,-38.45056,-37.44264,-39.77728,-50.898037,-49.144474,-51.0373,-49.845577,-52.76007,-54.52606,-52.753227,-56.46364,-57.01513,-57.37024,-57.403687,-58.50923,-60.229767,-61.91595,-62.51072,-59.344963,-60.75305
3104,True,-29.230547,-29.05367,-35.167873,-37.73902,-36.692204,-33.34992,-32.81936,-32.092926,-45.693115,-40.205727,-43.519154,-26.3763,-33.900925,-39.900455,-41.962837,-50.494694,-50.03341,-51.378517,-50.26638,-50.92197,-54.529724,-55.16841,-58.571125,-57.27649,-58.197342,-59.30988,-56.113106,-60.019894,-62.897587,-62.016747,-60.730713,-62.19683
3136,True,-28.186304,-32.453342,-35.580765,-35.725914,-36.10262,-31.317165,-32.178875,-31.895634,-39.98069,-40.36394,-43.23799,-31.410046,-36.021236,-37.563828,-40.329056,-48.688423,-49.62024,-50.801903,-49.400097,-49.599533,-55.36118,-53.702778,-58.732468,-57.831604,-58.08908,-58.567657,-58.714672,-61.23989,-60.81321,-61.20058,-58.092392,-60.407486
3168,True,-28.75388,-33.383953,-37.077625,-35.12431,-34.183212,-29.360905,-33.96177,-34.68102,-37.76035,-40.08366,-42.544304,-34.269753,-39.23959,-37.729248,-40.269962,-51.030663,-50.661564,-53.325497,-47.94418,-47.90882,-57.112244,-57.219803,-58.84785,-58.063946,-57.38693,-58.30265,-59.288307,-60.02005,-60.40317,-61.72407,-59.23031,-60.28603
3200,True,-28.70658,-30.178051,-38.16784,-34.60586,-34.464203,-28.676525,-31.56579,-32.297573,-40.2515,-40.019527,-40.59594,-29.244802,-37.906883,-38.05159,-40.404762,-48.53924,-50.15905,-49.889915,-45.305195,-46.211353,-56.426704,-56.35417,-56.72852,-57.44847,-58.35848,-58.717133,-57.392677,-60.2989,-60.747124,-62.1251,-61.684532,-61.42861
3232,True,-29.277618,-32.96501,-33.99388,-34.753517,-34.007,-31.273348,-33.639267,-33.389576,-38.16955,-40.257385,-44.110573,-32.7016,-39.79444,-36.032177,-37.587963,-49.952717,-50.296967,-49.187416,-51.657146,-53.061924,-56.56069,-57.02683,-58.890373,-58.939724,-57.579437,-58.61256,-58.574863,-61.4502,-61.052452,-62.430798,-59.776016,-59.86115
3264,True,-31.157877,-26.45362,-32.596123,-39.077473,-33.468952,-32.767784,-37.21665,-40.149075,-38.163322,-39.042923,-44.957954,-29.451368,-34.480934,-41.12609,-42.504765,-47.627205,-49.560455,-46.99449,-49.181335,-50.602154,-54.989845,-54.569073,-58.322483,-59.438805,-59.28341,-58.606663,-57.688328,-59.851555,-61.117077,-61.341934,-59.325592,-61.276897
3296,True,-31.357666,-27.33324,-34.15717,-41.454754,-36.85125,-36.096844,-36.770275,-36.835506,-43.638763,-37.039753,-42.445923,-33.24015,-37.323967,-38.874664,-40.85959,-49.332603,-49.523056,-51.566616,-47.86333,-48.646526,-54.5265,-55.418907,-58.357307,-59.422855,-57.356766,-58.3691,-55.994904,-60.42036,-60.10469,-60.67923,-59.93519,-61.50623
3328,True,-28.971521,-30.561249,-32.86449,-38.22879,-35.18528,-35.228123,-29.534756,-28.98609,-39.88202,-42.401157,-45.712543,-30.175695,-35.849785,-39.9623,-42.41725,-47.455154,-48.118195,-51.431473,-51.29609,-52.423996,-54.529755,-56.424656,-59.62047,-56.333355,-58.744946,-60.125404,-58.215744,-59.91701,-61.04577,-60.849876,-59.065662,-61.374672
3360,True,-32.40708,-30.318966,-35.398678,-35.668495,-35.832645,-32.765564,-29.639261,-28.13566,-39.653774,-38.962162,-41.518826,-30.948708,-36.952686,-38.819023,-40.46329,-47.19853,-48.7388,-50.53479,-45.64972,-46.70009,-55.415657,-54.50129,-58.12151,-56.424225,-58.588673,-58.145744,-57.62398,-57.311188,-58.10707,-60.3487,-60.05955,-59.73275
3392,True,-26.340036,-28.710182,-36.806892,-39.182743,-32.959934,-30.515537,-29.594486,-28.093937,-43.30204,-40.29975,-41.889896,-37.249844,-39.38949,-38.938866,-40.606567,-50.002304,-51.798866,-52.31338,-44.70849,-45.669613,-53.414368,-52.040882,-56.697063,-58.19109,-56.507362,-56.630043,-58.228752,-60.101913,-61.673054,-61.2109,-60.361053,-60.915115
3424,True,-30.180302,-34.14047,-36.86575,-38.25609,-31.775002,-29.40197,-28.700592,-28.070263,-37.255054,-37.584167,-41.76175,-38.141235,-42.588127,-42.957794,-44.719505,-50.401417,-50.03391,-50.986603,-47.67302,-48.457188,-56.741062,-58.532482,-58.378166,-58.201843,-57.717667,-57.52693,-58.66415,-60.899323,-59.986908,-59.64581,-59.931644,-61.448383
3456,True,-28.968372,-28.495512,-31.21045,-33.18533,-35.659824,-30.009916,-30.63438,-29.980019,-34.560123,-37.887844,-42.36824,-25.63834,-34.064796,-38.296314,-40.05714,-47.27349,-50.642906,-49.704666,-49.83162,-51.335125,-57.314,-56.46512,-59.092327,-57.65764,-59.069603,-58.181427,-56.614754,-58.874207,-60.260612,-60.743958,-60.434345,-61.226803
3488,True,-29.56806,-28.605501,-31.937868,-36.879982,-31.669682,-28.98663,-32.732025,-36.270203,-37.805805,-38.58564,-39.42946,-27.798956,-34.312824,-35.667706,-37.273026,-50.961422,-52.756115,-53.638973,-48.23795,-48.67991,-54.413612,-55.6184,-58.70049,-57.643272,-58.286327,-59.630337,-57.025776,-59.4106,-61.719475,-60.491558,-61.24402,-61.73809
3520,True,-27.890356,-26.89285,-31.015163,-35.07371,-33.055283,-29.611273,-30.958433,-31.244442,-42.790417,-41.596622,-39.528175,-26.255037,-34.317314,-38.062485,-40.03132,-46.90583,-48.19164,-50.2774,-47.338833,-49.792435,-55.018333,-57.26998,-58.95066,-57.325554,-58.037094,-58.93436,-57.5036,-61.36847,-60.729225,-59.871918,-58.541203,-60.287136
3552,True,-29.420088,-24.911253,-30.623543,-34.767105,-33.019215,-30.305084,-28.647663,-28.107803,-43.58595,-39.44719,-41.979813,-27.21203,-36.005302,-36.842968,-39.251587,-47.543022,-47.679146,-51.185455,-48.19272,-49.145515,-54.877056,-57.48686,-60.40733,-59.063034,-57.59586,-57.5586,-57.85973,-59.08867,-60.614357,-63.125343,-60.304073,-60.345367
3584,True,-31.078798,-29.757072,-34.180843,-35.735027,-32.599007,-34.7914,-27.816784,-26.49657,-39.881493,-41.071777,-43.25371,-25.762527,-33.74952,-37.966877,-40.66155,-44.127464,-46.12568,-50.745922,-47.000065,-49.856396,-54.11867,-54.889786,-58.123413,-58.088783,-57.94017,-57.014233,-57.827946,-58.33273,-59.45626,-59.667274,-59.443134,-59.568295
3616,True,-27.834723,-27.547176,-33.915157,-34.55952,-33.336143,-37.98874,-28.42175,-27.109108,-39.0022,-41.643177,-42.164135,-25.320786,-32.715088,-37.540684,-39.89286,-45.2879,-46.01946,-49.785824,-48.826733,-49.5634,-52.295765,-52.706856,-56.102287,-58.303738,-57.597008,-58.88348,-59.359898,-58.645576,-60.844784,-60.663826,-59.752747,-62.093765
3648,True,-28.522873,-32.55165,-34.18891,-38.129406,-31.678997,-36.60231,-30.590593,-28.72594,-40.492615,-39.7582,-42.87499,-32.351547,-39.67502,-38.980522,-41.028915,-47.142586,-47.889656,-49.46563,-49.585373,-50.798225,-54.148582,-54.412113,-58.153427,-59.89668,-57.56506,-56.488537,-57.222572,-58.52977,-61.737076,-60.467854,-59.598316,-62.502007
3680,True,-31.476343,-30.817505,-32.83811,-37.307144,-31.567982,-36.112804,-37.996765,-35.137672,-41.069458,-35.837246,-41.7483,-32.93464,-38.154816,-36.99259,-39.121395,-48.992233,-48.528885,-50.96001,-49.486855,-52.35164,-56.729336,-54.226723,-56.946278,-58.590755,-58.63962,-59.036945,-57.867233,-59.92833,-62.08828,-61.946396,-59.936222,-61.650448
3712,True,-28.284084,-28.25401,-34.235287,-36.571106,-32.275063,-36.958347,-40.52521,-40.61913,-38.058064,-37.74335,-40.479412,-27.567379,-34.487137,-39.010616,-41.065464,-49.162136,-48.191257,-51.108215,-47.9911,-50.61856,-52.01686,-54.51357,-58.096203,-58.953938,-58.66349,-60.975784,-58.70209,-60.008507,-59.084694,-62.514854,-62.370026,-62.6181
3744,True,-28.825891,-28.977188,-33.692104,-37.50278,-32.07113,-37.46651,-34.160397,-34.45626,-36.812927,-37.720947,-40.950794,-30.224237,-35.56663,-39.945656,-41.56539,-46.594196,-46.938545,-49.951344,-46.446133,-48.430656,-56.536827,-54.505848,-57.051636,-58.230415,-58.5401,-60.34493,-58.168983,-59.57383,-60.183186,-62.275185,-61.125816,-61.84063
3776,True,-30.500498,-27.531086,-33.05268,-41.007202,-36.695435,-39.135098,-31.454208,-30.169641,-35.740646,-40.126324,-41.770855,-27.73014,-35.771748,-40.030094,-41.93924,-47.13906,-49.211807,-51.17939,-46.946033,-47.680965,-56.239975,-53.59806,-58.078705,-59.15087,-57.274494,-59.864212,-60.202827,-60.94133,-62.144886,-61.38014,-60.790504,-61.748623
3808,True,-31.966944,-25.350954,-28.980644,-36.944492,-37.707134,-33.02945,-31.333437,-29.432257,-40.552258,-39.484463,-41.480003,-31.90014,-36.26083,-40.578423,-41.74044,-44.596363,-46.691914,-49.221603,-48.19615,-49.703384,-56.162453,-53.65249,-58.491005,-59.136547,-57.92013,-59.84997,-57.315742,-59.504814,-60.030384,-61.951313,-61.350346,-62.151493
3840,True,-29.999722,-27.796175,-33.961205,-34.27226,-32.21914,-36.892124,-32.339985,-31.186216,-40.34761,-39.126465,-37.86605,-31.001455,-38.825417,-38.068687,-39.08795,-47.668766,-48.810925,-49.003006,-48.953766,-49.674957,-55.06645,-54.808002,-58.04819,-57.504517,-57.180714,-57.907135,-58.009163,-58.531387,-58.71363,-60.279106,-60.171806,-63.097717
3872,True,-31.592602,-30.265015,-32.935062,-38.949398,-31.987179,-36.236412,-32.26231,-31.111591,-38.878887,-40.92231,-40.19465,-27.228086,-35.399136,-37.44999,-39.679867,-46.138046,-49.450535,-50.42734,-49.298363,-51.12641,-56.809364,-54.11781,-56.481815,-58.97478,-56.52513,-58.747223,-58.447815,-58.712177,-57.654305,-61.663315,-60.520798,-62.451824
3904,True,-29.299128,-28.439482,-31.494366,-38.435722,-31.65524,-33.86264,-31.67163,-30.629738,-39.22979,-39.454327,-44.49673,-27.401201,-33.962227,-40.791607,-42.402412,-45.892643,-47.98372,-52.79969,-53.41517,-53.1814,-56.237606,-53.807888,-58.72029,-58.842453,-56.992878,-58.23387,-58.391605,-58.99137,-57.842274,-60.073643,-60.09466,-62.125885
3936,True,-30.245022,-30.585794,-32.018898,-33.023663,-34.735264,-27.116558,-32.31756,-33.89321,-42.681995,-41.89133,-41.679092,-33.724445,-41.054337,-37.345543,-39.745502,-45.443947,-46.332737,-52.611633,-49.297924,-52.452084,-54.013676,-55.59014,-56.8112,-56.753227,-57.370182,-61.11021,-59.157814,-58.74343,-58.761005,-59.796043,-58.726063,-62.274902
3968,True,-32.273746,-35.256336,-31.611555,-36.30976,-36.35505,-28.637604,-33.95134,-40.037914,-36.555298,-37.41795,-40.76086,-28.131165,-34.248623,-38.270714,-39.73746,-46.886414,-48.764595,-49.29116,-48.225082,-49.448925,-55.777786,-57.7832,-60.95426,-58.12304,-57.230553,-59.154858,-57.089764,-58.428978,-61.70595,-60.571274,-60.24028,-61.77914
4000,True,-34.93206,-39.064983,-36.69429,-36.941734,-36.100677,-32.305035,-36.650913,-36.849873,-37.000698,-37.906986,-42.062572,-29.985535,-35.75211,-40.61054,-42.62344,-47.17977,-48.879036,-53.015617,-49.72924,-51.906033,-53.247353,-56.19257,-60.60646,-58.416557,-57.580055,-59.337456,-58.580395,-58.023384,-60.703583,-61.378944,-61.289574,-61.635326
4032,True,-27.74833,-29.415266,-31.358984,-37.668175,-32.88698,-31.638594,-30.375858,-30.005753,-40.189255,-38.17829,-41.43232,-22.437248,-29.703499,-39.979847,-42.3953,-46.960415,-47.968727,-52.548557,-48.198696,-50.77984,-52.34426,-53.509327,-58.973335,-59.670784,-57.752777,-59.060535,-57.33251,-58.492493,-60.481377,-61.10018,-60.57435,-60.924294
4064,True,-27.789545,-29.333574,-34.743492,-39.845123,-33.96245,-35.062836,-28.984735,-27.883812,-40.888485,-40.655777,-44.623985,-24.308378,-32.559357,-37.67803,-39.928825,-44.431107,-47.65206,-49.987526,-47.45091,-49.219585,-54.169228,-55.141834,-56.229404,-55.498795,-56.959778,-57.777275,-57.393894,-57.842804,-59.906967,-61.145103,-59.338078,-59.989086
4096,True,-27.271664,-30.72554,-33.83504,-36.37201,-30.838146,-32.77906,-28.161144,-26.71385,-45.347267,-39.937218,-41.832966,-28.065765,-36.49887,-40.998386,-43.53256,-47.564205,-47.81836,-51.53524,-42.737484,-43.729687,-54.516006,-57.824387,-58.895927,-57.540813,-59.567787,-59.5089,-59.020008,-59.31083,-59.29777,-61.754765,-60.038036,-60.75933
4128,True,-26.606125,-27.609365,-32.770103,-37.699417,-32.42463,-33.300697,-29.507092,-28.898352,-42.036343,-39.002422,-43.26839,-33.897255,-39.251247,-42.240013,-44.739594,-43.523655,-44.549988,-50.734943,-49.24313,-50.14851,-53.935055,-53.140316,-57.793434,-57.23101,-58.14663,-56.539135,-59.04135,-59.708363,-60.50344,-60.255768,-58.60431,-60.557438
4160,True,-29.557259,-31.16513,-32.999153,-36.317142,-31.819048,-28.710737,-31.515312,-31.03029,-40.26459,-40.48634,-40.955738,-31.424496,-38.97094,-40.926544,-41.67552,-43.002773,-46.592903,-53.32704,-48.69146,-48.58114,-55.09166,-55.312943,-56.691566,-57.78064,-60.107086,-59.98711,-58.971527,-60.709435,-61.337074,-61.655064,-61.732056,-61.04069
4192,True,-27.852306,-28.797768,-31.875917,-35.132305,-31.544025,-29.258732,-31.616018,-33.216103,-43.58162,-42.99148,-39.59256,-28.177658,-35.583096,-37.39335,-38.423264,-47.702488,-50.827045,-52.514645,-49.0448,-50.515553,-55.319878,-55.65898,-60.944595,-59.524467,-59.368557,-57.863686,-61.903854,-59.77648,-58.872864,-61.25015,-61.341057,-61.43885
4224,True,-30.854477,-29.98804,-31.751635,-35.45361,-31.544905,-30.915058,-35.23533,-34.382217,-39.478306,-38.054493,-39.654343,-26.056187,-32.231243,-39.494087,-41.91411,-45.65909,-47.65645,-50.339745,-46.779324,-48.292625,-54.92426,-55.260216,-57.79786,-56.915108,-56.22204,-57.331398,-60.320747,-61.1561,-61.31192,-60.86013,-61.149986,-62.1796
4256,True,-30.66047,-30.875502,-31.551552,-35.16011,-35.411182,-37.226814,-29.926792,-28.694342,-41.412605,-40.4207,-40.205086,-25.673351,-32.44992,-39.053665,-40.59177,-48.327065,-47.617714,-48.716244,-47.700974,-48.899277,-54.944984,-53.33877,-56.899025,-58.187424,-58.20172,-59.377842,-60.054874,-59.74476,-60.755203,-60.910763,-60.55825,-61.927647
4288,True,-31.050665,-29.295397,-32.60116,-39.279545,-31.911839,-35.3189,-29.22024,-27.839945,-38.970356,-40.0036,-45.300385,-29.847641,-35.478424,-38.999973,-41.89264,-49.295788,-48.45015,-49.282394,-47.0961,-47.78807,-53.245132,-55.187305,-59.53903,-58.34954,-58.48392,-58.0274,-59.629704,-59.704704,-60.051117,-60.886703,-59.641438,-61.0617
4320,True,-30.673962,-25.753239,-29.387325,-34.413692,-31.549833,-31.263962,-26.870539,-25.555794,-40.791706,-41.272694,-37.832245,-30.467232,-37.71353,-35.575775,-37.247482,-45.209538,-46.34896,-48.75532,-46.688557,-47.06829,-53.518963,-53.679764,-59.31433,-58.43977,-59.44388,-58.83282,-58.357735,-58.64222,-60.21883,-60.72455,-59.663853,-61.382977
4352,True,-30.71067,-29.535238,-32.58772,-35.99263,-32.992035,-35.106052,-29.564327,-28.351444,-36.475708,-38.019478,-43.176617,-27.05348,-34.15532,-39.95876,-42.1368,-47.174934,-47.37862,-49.398212,-47.332153,-47.21888,-53.781223,-53.653355,-59.41958,-57.08283,-58.810753,-57.899014,-56.932625,-59.043163,-60.671608,-61.23609,-60.908653,-60.934074
4384,True,-27.828888,-25.823387,-29.443832,-35.11283,-35.29677,-36.064407,-32.590107,-31.88757,-44.209053,-40.354725,-40.992325,-29.052736,-36.70065,-39.381107,-41.81346,-47.645626,-47.060467,-50.173244,-48.173443,-49.916237,-52.584763,-53.287006,-56.889458,-56.7906,-58.512794,-58.695145,-57.84774,-59.80906,-61.78873,-60.86901,-60.34855,-61.751343
4416,True,-27.114132,-27.366285,-34.723152,-37.446236,-35.02148,-30.302017,-34.738945,-39.195587,-37.639328,-37.909885,-40.946663,-29.806433,-35.83709,-39.665676,-41.882404,-48.351627,-47.415394,-47.99881,-49.365677,-52.418743,-53.09471,-53.522682,-57.98047,-57.639996,-58.40086,-58.979355,-55.661285,-58.94037,-60.750084,-60.251205,-61.3467,-61.968193
4448,True,-31.437927,-30.340591,-33.294113,-36.42434,-31.971777,-28.520124,-32.813953,-36.275036,-39.615414,-42.130775,-41.53785,-30.587292,-37.660324,-38.260456,-40.077972,-46.87346,-46.31744,-48.59569,-47.461914,-48.512794,-55.35562,-56.17919,-60.425663,-59.310947,-57.73189,-57.703876,-57.872154,-58.92341,-59.010513,-60.19252,-60.084423,-59.97415
4480,True,-28.885489,-31.732807,-32.369953,-35.13473,-36.475113,-27.696476,-32.41386,-32.903522,-37.137882,-36.09456,-38.772923,-27.864452,-35.39346,-40.38055,-42.39422,-49.17683,-48.41796,-50.726246,-47.00634,-47.65857,-54.78543,-54.700478,-58.879875,-59.609406,-58.941616,-57.17943,-56.786537,-58.22884,-59.86429,-60.120293,-59.505615,-60.57647
4512,True,-30.803059,-34.307045,-32.609493,-38.103878,-34.409138,-31.279928,-29.979078,-29.090403,-40.57468,-39.066845,-43.39905,-27.227718,-32.33623,-41.163563,-43.262634,-45.580517,-47.25288,-50.78045,-46.335464,-47.511906,-52.54118,-54.25315,-57.672462,-58.750347,-58.704914,-58.750378,-57.573586,-58.58525,-59.13782,-60.872288,-61.169773,-60.90325
4544,True,-28.045982,-29.675323,-32.33585,-36.80017,-29.775177,-33.05205,-30.694944,-27.823534,-36.122574,-33.371494,-36.865265,-28.140142,-35.437103,-35.98168,-35.20816,-33.293377,-30.575228,-34.63785,-42.51854,-44.79046,-49.11946,-46.305664,-46.32717,-48.36656,-47.154675,-43.24181,-43.578686,-37.324562,-31.134604,-32.886215,-36.038525,-36.060837
4576,True,-29.251472,-26.505545,-29.95043,-33.130894,-31.476513,-27.655205,-30.708176,-29.369135,-33.730656,-36.850098,-38.587147,-25.17832,-33.712814,-35.349987,-36.569687,-38.039566,-33.868565,-37.96142,-45.008003,-47.30261,-45.046635,-47.96311,-49.533916,-50.87608,-50.40392,-45.70406,-44.205864,-41.083046,-36.956314,-40.06285,-39.80356,-40.331795
4608,True,-28.081585,-25.632399,-31.794298,-35.811783,-33.668034,-30.2072,-34.69233,-33.451187,-37.27836,-35.52152,-39.768852,-29.47159,-37.977516,-38.3228,-40.163937,-43.815613,-44.232437,-48.05806,-48.41149,-49.87879,-51.360443,-51.268883,-54.36077,-54.841362,-55.30859,-54.60942,-55.4915,-53.181625,-46.93695,-48.266357,-49.525772,-49.950146
4640,True,-30.634495,-28.200138,-35.776283,-37.5478,-31.008472,-29.517517,-35.796993,-36.818,-33.669388,-36.635593,-40.696293,-23.87355,-31.300936,-39.427002,-40.977745,-47.048042,-47.131485,-49.704033,-49.822422,-50.369232,-55.58338,-56.134968,-56.72691,-57.404907,-56.279278,-54.81798,-54.79433,-56.48127,-53.546577,-54.514423,-56.133087,-56.390236
4672,True,-27.691278,-27.887417,-32.148254,-36.534798,-30.778786,-33.388428,-34.14387,-33.555256,-36.10613,-37.63711,-41.164165,-29.223362,-35.4391,-39.306923,-40.89973,-49.76,-47.599792,-48.6804,-45.21676,-45.9358,-54.205173,-54.379253,-56.97082,-58.521927,-57.46591,-57.116436,-56.769096,-56.992416,-54.383465,-57.028885,-57.70577,-58.690903
4704,True,-34.117657,-28.725798,-30.870193,-34.762505,-32.75807,-33.121784,-32.30098,-31.258276,-35.519257,-39.066444,-44.157257,-33.301575,-39.009003,-39.073593,-40.210415,-47.637638,-49.407677,-50.45515,-48.42405,-51.539436,-56.75672,-55.428856,-57.993603,-56.573982,-56.314426,-59.083244,-57.457565,-59.591404,-59.72027,-59.601913,-58.705994,-60.3655
4736,True,-31.944273,-28.533613,-34.450706,-35.54825,-34.034603,-32.63389,-29.334772,-27.946865,-34.21807,-37.246098,-42.850723,-26.682571,-32.547527,-38.175316,-40.61358,-47.713436,-47.13157,-50.530357,-48.097298,-48.549744,-55.351448,-55.47007,-57.55195,-56.918686,-58.36508,-57.782307,-56.488186,-58.238777,-58.656406,-60.573967,-59.624504,-60.500793
4768,True,-30.296259,-30.774557,-34.82471,-35.810486,-32.473175,-30.939844,-29.433317,-28.303783,-33.61751,-37.130753,-43.755386,-27.841871,-33.861397,-34.965942,-36.95009,-50.282555,-49.24144,-48.72441,-48.19695,-50.527916,-53.399605,-55.920406,-57.38819,-58.16523,-59.85338,-58.48225,-57.900677,-57.217983,-60.37884,-60.72387,-60.636604,-61.53775
4800,True,-26.758507,-31.088287,-33.395966,-37.65839,-32.25597,-33.802742,-30.312115,-28.426556,-36.900414,-38.188343,-42.802082,-28.87573,-35.29419,-40.362045,-42.64164,-46.683784,-47.875214,-50.054276,-50.58146,-51.47506,-51.001045,-50.488106,-56.77854,-57.50465,-56.528442,-57.420906,-58.767876,-57.97113,-61.386658,-60.44816,-60.32041,-61.000553
4832,True,-30.361393,-35.775772,-36.10485,-38.21463,-35.354137,-34.47827,-36.970264,-37.748943,-37.095463,-39.25632,-42.610947,-31.918745,-37.463326,-39.319733,-40.81076,-47.944813,-48.32155,-51.37931,-49.485176,-52.17778,-54.671158,-54.73888,-58.67543,-57.69175,-57.784935,-59.838493,-57.54503,-58.475986,-58.69257,-60.995445,-60.799088,-62.331528
4864,True,-28.793713,-27.435291,-34.86259,-36.23407,-34.39273,-32.839,-35.97219,-36.931767,-42.348564,-43.50683,-43.311287,-28.807047,-36.53678,-38.880516,-39.96772,-48.05139,-48.35357,-49.53453,-50.79434,-51.31989,-55.562977,-56.953358,-57.810913,-56.968376,-58.693996,-58.863228,-58.07379,-58.706383,-58.953903,-60.851665,-60.19018,-59.081287
4896,True,-29.2701,-26.371246,-31.832762,-35.996883,-33.386627,-32.250233,-29.835384,-28.462246,-38.23365,-40.2252,-43.297203,-37.600918,-43.298702,-41.726307,-43.416374,-47.25966,-48.854057,-49.453922,-41.27887,-41.438164,-53.817413,-53.543354,-55.26088,-58.268093,-58.113686,-58.729115,-58.98065,-59.373356,-61.05425,-59.604347,-59.05737,-60.45727
4928,True,-29.849588,-28.571072,-33.451065,-37.891132,-34.26348,-32.55399,-29.237463,-27.92549,-38.71938,-39.819176,-42.372307,-38.40712,-38.77816,-37.577892,-39.998928,-48.95732,-48.528194,-48.93791,-48.45851,-49.000774,-51.88545,-52.977898,-58.327374,-58.379593,-59.11741,-59.970924,-58.5857,-57.774063,-60.402756,-60.69885,-60.255016,-60.89054
4960,True,-29.771444,-25.38536,-32.244335,-38.16416,-32.034718,-33.699184,-32.45246,-31.343075,-41.3809,-43.58589,-45.70379,-38.471397,-39.84431,-37.034622,-39.405037,-47.69242,-48.33624,-53.2712,-46.68428,-46.957134,-55.53366,-56.59742,-56.623936,-58.90102,-60.121773,-58.164627,-56.473904,-59.01785,-60.989567,-61.089012,-59.065132,-59.30161
4992,True,-34.024166,-24.859718,-31.814545,-39.50688,-32.913548,-29.66591,-34.018486,-36.926056,-40.666653,-39.76191,-40.99485,-34.413277,-39.281384,-39.155796,-40.5167,-46.831306,-47.35721,-49.34024,-44.72311,-45.819504,-53.04051,-52.54235,-60.045982,-58.59245,-59.01186,-59.14951,-58.561214,-60.514435,-60.060585,-61.024216,-61.005062,-60.057312
5024,True,-28.591146,-30.259502,-33.07102,-38.407486,-32.440327,-34.15055,-35.0153,-35.519794,-45.81064,-39.149918,-42.30225,-29.33584,-33.312,-39.308796,-41.336143,-44.52034,-45.089134,-48.60762,-48.402485,-49.176403,-55.50268,-55.743942,-59.203133,-58.13601,-58.324894,-58.95623,-57.782806,-59.442795,-60.075764,-61.142227,-58.898407,-61.24931
5056,True,-32.805325,-31.79888,-37.583122,-37.459183,-32.33275,-28.844366,-29.969294,-29.291996,-41.81366,-38.429665,-42.669598,-30.650196,-36.581493,-40.599716,-42.339973,-48.93361,-49.956802,-47.95061,-48.86747,-49.0755,-55.40987,-54.41671,-58.11683,-58.869953,-58.283123,-58.082043,-57.89846,-58.91295,-59.840202,-60.543385,-58.274975,-60.557884
5088,True,-28.85768,-33.887478,-34.536392,-38.375725,-31.19133,-25.338596,-28.46566,-28.56411,-36.650097,-38.379444,-39.545925,-24.127188,-31.74323,-39.14411,-41.072155,-46.330055,-48.353844,-47.836388,-47.082363,-48.16182,-53.031353,-54.349327,-56.768158,-59.603058,-59.076595,-59.667583,-55.735855,-58.84565,-60.49536,-60.526215,-60.0946,-60.933693
5120,True,-27.772243,-26.268446,-32.06891,-34.805202,-31.750671,-29.320877,-28.313787,-27.79783,-40.46516,-41.393627,-43.851524,-27.838781,-34.063026,-38.401676,-40.9721,-45.582256,-46.119656,-51.769974,-48.771614,-48.65631,-54.33818,-55.562664,-56.72795,-57.766453,-57.087498,-54.151344,-52.69715,-53.110508,-52.740067,-52.7404,-53.019413,-56.133904
5152,True,-28.988998,-25.59362,-31.305862,-37.17256,-33.808746,-31.013948,-31.238853,-29.871964,-38.965652,-38.95479,-43.406357,-28.375885,-33.668568,-40.406822,-42.327343,-49.664883,-50.548573,-50.233707,-48.13205,-49.718307,-53.568207,-56.071926,-58.106438,-55.735085,-58.04659,-58.071465,-58.601078,-59.776176,-60.54215,-59.83887,-59.055286,-60.375618
5184,True,-26.603382,-26.110123,-32.972878,-36.301147,-36.08165,-37.920998,-36.067165,-35.84118,-43.50826,-37.497528,-41.33716,-25.140205,-31.90334,-37.942642,-40.162464,-46.190548,-47.137947,-49.997272,-46.45426,-47.61349,-53.283043,-56.382313,-58.250275,-58.0737,-56.712082,-58.736042,-57.63487,-58.322697,-59.47905,-62.501217,-60.789738,-61.155853
5216,True,-28.48938,-28.368425,-32.60703,-40.24228,-34.66208,-30.43745,-34.277752,-36.85554,-44.14357,-36.562496,-41.159042,-24.108313,-31.311848,-41.215073,-43.577377,-49.84202,-46.94141,-50.427242,-48.64203,-48.95454,-54.726967,-55.892277,-60.55969,-58.176594,-56.74012,-59.20826,-57.26731,-59.009987,-59.911366,-62.5741,-60.739323,-61.566433
5248,True,-27.116573,-27.728031,-33.855263,-37.3478,-33.928207,-29.268,-31.095402,-31.354387,-39.915,-43.107483,-42.107655,-27.53211,-33.750042,-40.219437,-41.446014,-46.210968,-47.50036,-52.15425,-51.283535,-52.862305,-54.323334,-54.830544,-58.680244,-57.48612,-56.227818,-57.753975,-56.322666,-59.22139,-59.461327,-59.57338,-60.840256,-63.039204
5280,True,-33.750355,-28.872456,-33.266865,-39.201206,-34.095177,-28.162449,-27.770388,-26.73255,-41.523342,-41.95363,-41.39679,-30.860624,-37.72366,-37.820477,-39.40242,-45.59937,-47.50092,-53.17648,-49.90338,-51.302895,-52.345573,-51.80235,-58.447857,-58.728634,-57.293503,-58.01345,-56.794304,-59.7481,-60.899982,-62.187428,-60.937332,-60.399853
5312,True,-26.238625,-30.49216,-35.54401,-37.3708,-33.851246,-29.11374,-27.27154,-26.33685,-39.932674,-41.555946,-43.243946,-29.07918,-36.49121,-40.057053,-42.12947,-45.88002,-46.423473,-50.305706,-41.88781,-42.224102,-53.249302,-56.13044,-55.88967,-56.68379,-56.050663,-56.969982,-58.711018,-57.41219,-58.635277,-61.01347,-59.92881,-61.19973
5344,True,-31.219465,-27.183651,-31.774904,-38.838127,-34.162174,-31.21849,-30.444536,-29.888151,-45.23916,-41.271004,-41.870644,-25.903473,-32.24034,-39.419254,-41.09165,-45.214935,-46.541332,-50.732883,-44.33995,-46.010494,-54.607883,-55.05037,-57.407436,-57.71732,-57.285698,-57.894035,-59.089123,-59.08636,-60.073013,-61.621758,-60.484,-61.717606
5376,True,-28.750631,-28.427877,-32.660934,-37.782642,-35.45235,-33.66769,-35.699,-37.346687,-41.633892,-42.010162,-40.932125,-28.26759,-36.435417,-40.375534,-43.970993,-46.97168,-47.557747,-50.444115,-46.57957,-48.30407,-53.338528,-54.037125,-55.81574,-56.59931,-57.34869,-59.47078,-59.728336,-60.7287,-60.477734,-60.82425,-60.48049,-62.36592
5408,True,-31.858261,-32.78541,-34.209835,-39.18786,-34.926334,-32.162422,-33.279785,-36.3302,-44.648674,-41.3869,-43.254356,-35.13633,-40.241974,-38.95248,-40.540535,-47.189945,-47.761917,-50.30842,-47.904358,-50.106945,-54.30179,-53.976307,-59.328903,-57.63628,-58.79164,-60.04433,-59.261204,-60.231876,-60.874557,-61.9047,-62.1983,-60.575363
5440,True,-32.023514,-28.360676,-29.650505,-38.63888,-33.759083,-31.118822,-32.598316,-31.62141,-39.83454,-40.31404,-42.524117,-28.187668,-34.87202,-38.898712,-40.53863,-47.45616,-48.671776,-51.57623,-47.961243,-48.78307,-53.408527,-54.10575,-58.02938,-58.79705,-59.981365,-62.254227,-57.34812,-60.40696,-61.25798,-61.512417,-60.81595,-59.907448
5472,True,-29.899433,-25.692986,-32.16634,-36.74816,-33.67118,-30.044132,-28.921394,-27.405664,-39.29696,-41.62394,-42.986427,-33.632458,-40.01594,-40.761093,-43.32222,-48.892815,-48.649597,-51.3308,-48.463284,-49.763138,-53.581806,-55.077343,-59.73855,-57.810898,-57.787495,-58.223095,-58.341785,-60.367542,-60.51774,-60.175953,-60.505863,-62.16927
5504,True,-35.772297,-27.584404,-33.67893,-36.795567,-37.137966,-36.210636,-31.434841,-29.598656,-37.556816,-37.32265,-39.20717,-29.721752,-37.519936,-40.96801,-42.82127,-47.726456,-48.40158,-51.19731,-48.196686,-48.530445,-53.469017,-56.754723,-58.742176,-58.51847,-58.542274,-58.63613,-56.288498,-58.793587,-61.299015,-61.595463,-60.623688,-62.42632
5536,True,-25.140755,-28.066776,-35.412113,-39.226357,-37.23512,-36.407955,-32.113335,-31.620712,-35.510742,-38.014294,-40.02333,-26.78888,-36.808136,-40.766792,-41.993965,-47.069736,-47.364296,-53.20429,-47.3975,-48.385857,-55.53705,-57.614624,-60.447197,-59.409412,-60.441284,-60.462914,-58.95226,-60.696163,-61.35532,-62.377663,-59.28816,-61.456455
5568,True,-29.06522,-31.918013,-35.720867,-39.182137,-32.54393,-34.39054,-34.121567,-36.81356,-34.060596,-37.561893,-38.612072,-25.944393,-36.975216,-40.586586,-43.968338,-47.173225,-50.236813,-52.187023,-49.793858,-52.158043,-55.5093,-53.25628,-58.956688,-60.034836,-60.484024,-60.638233,-59.584446,-60.155693,-60.64684,-60.93309,-60.948563,-59.429165
5600,True,-30.47232,-35.563377,-38.829796,-35.833977,-34.64566,-34.96556,-35.07303,-36.7252,-39.46117,-39.413868,-40.78028,-28.739576,-37.535267,-36.481155,-39.83524,-47.554317,-47.325577,-51.31356,-48.502907,-50.782852,-54.37862,-56.636234,-58.19094,-57.59767,-59.39872,-59.736443,-57.582745,-59.325027,-59.200024,-61.724495,-59.715157,-59.948425
5632,True,-32.52839,-33.52276,-33.85067,-37.632133,-31.910553,-33.45084,-34.05204,-32.66597,-40.965866,-39.46803,-43.38906,-28.672646,-35.024227,-38.796173,-40.818867,-45.184395,-47.150925,-51.87237,-47.05675,-50.48759,-54.473656,-57.63305,-58.61944,-57.213673,-56.802177,-58.192566,-58.424362,-60.47223,-59.89597,-60.786304,-59.881817,-60.81864
5664,True,-29.022278,-27.176777,-34.686676,-38.683006,-31.78939,-33.22251,-31.372583,-28.977186,-34.727245,-38.378124,-38.1019,-25.73487,-33.4812,-37.08831,-37.295376,-36.44154,-33.554092,-37.885887,-45.121994,-46.716366,-47.61074,-46.124687,-47.40526,-51.19366,-46.90638,-42.041073,-42.60476,-40.60222,-32.649998,-35.891903,-38.608837,-38.65421
5696,True,-29.655079,-29.802814,-32.315186,-35.231575,-33.53251,-26.602774,-28.33105,-26.865894,-32.77908,-36.498775,-40.10813,-31.938074,-37.038597,-37.904373,-38.76059,-40.301014,-33.945297,-37.48101,-43.67575,-45.26135,-44.47415,-45.93437,-47.416985,-49.94935,-46.90616,-42.08201,-39.694046,-40.138924,-34.15362,-37.33768,-38.200134,-37.96266
5728,True,-29.69349,-29.842495,-34.52093,-34.087563,-33.073532,-28.025574,-28.562698,-27.763605,-36.379868,-39.978058,-41.713177,-30.382236,-39.577118,-41.324215,-43.048958,-45.53575,-44.81823,-51.19824,-49.28131,-51.82146,-54.388214,-51.307907,-55.548645,-54.776566,-55.233192,-55.61754,-53.910324,-52.712017,-45.309082,-48.05413,-49.713444,-49.16494
5760,True,-27.006195,-25.325613,-32.126316,-37.978607,-33.30832,-27.845514,-31.18742,-30.685867,-36.274925,-37.78894,-41.217327,-25.5187,-34.164845,-39.13666,-41.20174,-48.360218,-49.61564,-52.868607,-48.07511,-49.197258,-53.949364,-55.069653,-57.046543,-57.78776,-57.04849,-55.661987,-54.144863,-56.775948,-52.407326,-52.91353,-54.577118,-55.567326
5792,True,-29.283812,-27.666672,-32.75163,-33.98459,-35.11555,-30.798523,-34.29894,-33.782352,-36.992207,-37.45809,-39.614605,-30.051897,-36.90979,-40.532646,-41.369167,-43.362766,-45.48184,-49.85073,-50.750343,-51.928093,-52.059994,-52.259823,-57.328144,-58.702507,-57.94085,-58.433334,-57.02366,-57.308064,-55.432392,-56.407436,-56.226345,-57.148243
5824,True,-29.57363,-27.167423,-33.15128,-38.14061,-32.443188,-27.286865,-32.937283,-36.70279,-34.975178,-38.306946,-38.01752,-26.366993,-35.208626,-40.72445,-41.596428,-43.88514,-47.4684,-52.305626,-47.187027,-49.200912,-53.34566,-55.222546,-57.897167,-56.8798,-58.622826,-57.893967,-58.270588,-59.883213,-59.28784,-58.1789,-58.668552,-60.54912
5856,True,-32.42774,-31.77863,-32.835922,-34.7823,-35.628498,-24.989662,-32.255123,-34.813316,-38.99303,-42.19793,-40.68998,-33.688034,-40.37027,-43.375465,-45.961727,-48.99833,-49.73945,-51.827904,-49.107964,-51.36673,-54.9851,-56.870293,-58.300545,-56.908703,-60.884026,-58.56048,-58.66162,-58.951027,-59.26308,-60.216766,-60.046555,-62.50536
5888,True,-31.945301,-32.665245,-36.353596,-39.040226,-36.785004,-29.789692,-32.132915,-31.07386,-38.976414,-38.89725,-40.473827,-34.113976,-39.070465,-44.35213,-44.905693,-50.55889,-50.30961,-49.600697,-45.585903,-47.693542,-58.206287,-56.155846,-55.509525,-56.69731,-59.116875,-56.787766,-55.851738,-56.89618,-61.381393,-59.854336,-60.37123,-61.148743
5920,True,-27.421896,-30.122673,-34.61085,-40.353413,-32.95487,-30.444624,-29.289032,-28.39195,-40.49209,-38.200253,-43.563305,-27.81884,-34.117588,-40.983414,-44.04236,-44.944157,-46.4464,-51.656387,-50.616222,-50.695606,-54.658886,-55.640083,-55.3047,-56.676712,-56.61461,-59.03102,-56.49527,-57.81917,-62.22133,-60.897285,-60.978695,-61.291523
5952,True,-27.670357,-28.06099,-36.475605,-41.305267,-34.67034,-29.398811,-30.214712,-29.558441,-38.48616,-40.79239,-44.068443,-31.33609,-36.818577,-39.327198,-41.968822,-45.425373,-47.146706,-47.96703,-47.075073,-49.55731,-56.173824,-54.218407,-58.086884,-60.169373,-58.063198,-57.63268,-58.932648,-59.785362,-61.09929,-59.98159,-60.86939,-62.02429
5984,True,-32.07775,-27.047657,-31.83079,-37.653286,-33.126892,-30.69012,-29.644428,-28.645964,-41.3521,-40.255657,-41.33991,-28.011173,-33.87098,-38.053276,-39.96541,-42.744667,-44.123875,-47.47082,-48.523045,-50.63776,-54.45668,-53.890846,-56.231422,-58.041157,-58.104393,-58.531708,-56.88458,-58.568916,-60.52616,-60.03107,-59.87113,-62.382412
6016,True,-31.392513,-27.806425,-33.72633,-35.09108,-35.602467,-32.07087,-29.732136,-28.52579,-37.99949,-38.232033,-42.174088,-25.668938,-32.07146,-39.304443,-41.92193,-42.24161,-44.623528,-52.226067,-46.767315,-48.78607,-55.094048,-54.159492,-57.684433,-58.29258,-57.815918,-59.603775,-57.94676,-58.66592,-61.225082,-60.538425,-60.738068,-60.95833
6048,True,-32.005608,-28.16887,-33.464294,-36.90032,-34.5517,-35.065704,-36.83132,-35.685295,-41.522575,-38.98489,-43.042137,-27.314966,-32.817654,-38.31725,-40.312775,-46.806034,-48.968773,-50.01944,-49.072678,-51.9881,-55.884518,-55.303413,-58.91989,-58.70396,-59.070526,-58.51027,-57.04306,-60.611263,-60.70274,-62.186085,-60.937935,-61.96421
6080,True,-31.697086,-29.330462,-32.33511,-36.086456,-37.034668,-30.755785,-32.219162,-34.309372,-42.23625,-42.141335,-44.162445,-28.908916,-36.093357,-36.015076,-38.586735,-47.239944,-46.89184,-50.13609,-47.135548,-50.173893,-55.171486,-56.433186,-57.516945,-58.06454,-58.290634,-58.764286,-57.925373,-60.65739,-61.337692,-62.018322,-62.21604,-61.436485
6112,True,-30.652489,-31.150991,-35.35789,-38.04335,-35.447964,-27.844337,-31.924913,-31.909418,-36.965755,-37.398575,-44.84137,-34.39132,-38.663696,-44.084015,-45.50367,-45.328083,-47.943405,-52.175274,-45.88851,-48.31486,-54.857975,-58.668198,-57.592285,-57.859493,-57.260437,-57.26906,-58.89273,-59.718014,-60.137268,-62.702705,-61.12681,-61.10753
6144,True,-26.5502,-27.232063,-32.539658,-35.506245,-34.554447,-23.104021,-27.201252,-28.190258,-42.015686,-38.618008,-41.945805,-28.091896,-36.100086,-38.86839,-41.15936,-42.602196,-46.49067,-52.012554,-46.759674,-48.581474,-54.771675,-57.400173,-59.033627,-58.760456,-59.760204,-59.640884,-55.062355,-56.812355,-60.83336,-61.641052,-59.828003,-61.955074
6176,True,-27.963322,-29.50737,-33.51418,-40.54268,-36.23616,-26.546652,-28.62825,-28.103912,-40.205376,-42.120186,-37.371567,-29.977434,-44.194912,-37.928093,-40.037506,-44.71408,-47.73586,-51.937225,-45.527912,-47.919914,-55.120808,-52.605362,-57.95113,-57.515835,-56.332596,-57.953472,-57.378574,-58.727818,-61.728153,-60.59726,-60.31547,-62.52434
6208,True,-30.430689,-26.982704,-30.075897,-35.210052,-32.27983,-29.873455,-30.345707,-28.913057,-39.844326,-38.476654,-39.663273,-28.8702,-37.968987,-41.639,-42.507957,-44.14555,-47.121674,-51.476208,-46.782703,-49.432407,-56.158157,-55.442818,-56.129242,-57.62394,-58.097454,-59.288372,-57.735806,-56.31884,-56.213383,-55.70234,-55.891685,-57.650738
6240,True,-30.24907,-28.056097,-33.88343,-37.826973,-34.166313,-29.24244,-31.573029,-30.470049,-39.16131,-39.015976,-39.753746,-29.22131,-38.553062,-46.119896,-44.853703,-47.23499,-51.279026,-50.663944,-48.113476,-49.953453,-53.785896,-53.3612,-53.896145,-58.671394,-58.656765,-57.048317,-57.170883,-54.46528,-55.969063,-55.694965,-56.04742,-57.53467
6272,True,-27.282547,-26.198359,-31.29007,-36.64474,-32.75532,-31.757923,-35.88219,-36.298786,-38.485825,-41.266388,-41.175285,-30.456821,-39.040764,-42.051758,-45.304672,-47.779724,-49.52171,-50.67413,-46.682533,-48.81233,-54.747406,-53.23866,-57.092815,-56.687027,-57.065273,-59.329487,-60.527374,-60.811356,-57.804302,-60.171143,-61.56712,-62.193275
6304,True,-31.385565,-26.459763,-29.899885,-34.885963,-33.303425,-28.048805,-34.164318,-43.558723,-44.69235,-46.3785,-41.011154,-30.43768,-39.854744,-42.816917,-46.363525,-46.03219,-47.955254,-52.12829,-46.286278,-48.139023,-52.410133,-53.117973,-57.43344,-57.128292,-56.867607,-57.072617,-57.907166,-58.629585,-58.55678,-60.216568,-58.150593,-61.642647
6336,True,-29.102608,-27.891588,-34.46501,-37.77675,-35.370377,-30.464937,-35.977005,-37.655216,-40.267616,-41.39557,-37.66555,-28.31296,-38.344677,-43.87111,-46.008324,-46.894547,-48.97472,-49.485355,-47.38418,-49.02451,-53.73815,-56.100853,-57.07177,-57.962173,-58.516144,-58.00502,-57.902393,-57.815403,-60.472572,-60.322376,-60.393394,-61.77468
6368,True,-28.710323,-25.040312,-32.661766,-36.861946,-33.901382,-32.90476,-36.749714,-36.415676,-40.89266,-38.794006,-38.816284,-28.245975,-40.496693,-41.877083,-44.33153,-44.374954,-48.477898,-51.335304,-48.771088,-49.19781,-51.99701,-53.859715,-57.40519,-57.79999,-59.228096,-57.043495,-57.509476,-60.463158,-60.959206,-60.914665,-60.3203,-61.695114
6400,True,-28.74901,-27.254719,-33.799717,-36.95052,-34.29815,-27.777374,-30.953844,-30.046423,-39.513477,-38.93568,-46.98008,-30.708456,-36.298058,-43.112377,-45.997253,-46.31506,-50.67637,-51.99363,-45.262115,-48.268364,-53.8438,-55.047665,-53.830856,-57.339775,-59.25568,-58.328514,-58.650375,-57.684937,-60.320274,-61.40829,-59.572292,-62.091965
6432,True,-30.348711,-32.76671,-34.232716,-34.645763,-30.264952,-33.628918,-33.617813,-31.820637,-42.10051,-39.454216,-38.68127,-30.244865,-38.301815,-40.03134,-43.01231,-45.70687,-48.851837,-52.810036,-48.629646,-50.7733,-54.419445,-55.78958,-57.294727,-59.049377,-57.70559,-57.804268,-57.473038,-58.885136,-59.256317,-60.388603,-61.563904,-62.58381
6464,True,-27.895203,-27.807186,-35.973885,-36.864933,-33.077114,-28.87079,-33.167175,-35.557537,-38.029778,-40.086292,-39.805553,-31.065327,-39.7543,-43.128006,-45.611076,-46.291393,-48.882465,-51.59189,-43.142754,-46.766678,-52.851353,-53.93141,-56.44289,-56.995003,-57.96663,-58.193344,-57.415195,-59.936832,-60.486885,-60.48588,-60.584114,-61.254898
6496,True,-30.530825,-27.370323,-33.62041,-36.945328,-31.364443,-27.222034,-33.902893,-39.357132,-38.984882,-38.37446,-41.29769,-32.234577,-39.87489,-38.991783,-41.54488,-47.858803,-48.887024,-51.141113,-43.78964,-45.078716,-54.305748,-52.819027,-56.770905,-57.3384,-58.690598,-59.344807,-58.62552,-60.01306,-59.858017,-61.17578,-60.912758,-61.064407
6528,True,-33.656925,-27.794268,-31.479172,-38.222095,-31.5996,-29.889923,-34.108368,-36.568947,-39.88927,-43.713448,-38.620766,-31.826218,-38.941666,-41.8775,-44.310944,-46.750862,-47.522873,-51.11649,-47.624737,-49.668076,-56.829437,-56.76037,-59.402584,-58.89414,-57.491116,-60.54403,-56.931458,-58.492073,-61.803127,-60.902542,-59.72521,-61.442192
6560,True,-30.339638,-26.603384,-33.292133,-37.367752,-31.963615,-34.144653,-33.741558,-32.793015,-37.45681,-41.606766,-43.018932,-32.733032,-41.15868,-39.846478,-42.461533,-47.345695,-47.96005,-52.875443,-51.601254,-52.23805,-54.179054,-56.23626,-59.224594,-58.636566,-57.55574,-57.406956,-57.750774,-60.93345,-62.254845,-60.376476,-59.318916,-61.931053
6592,True,-28.195053,-25.951553,-32.12568,-38.396904,-33.41621,-35.38252,-30.741932,-29.401333,-38.292587,-38.918026,-43.08182,-28.066273,-34.999054,-40.75581,-42.39422,-41.22979,-43.623077,-50.130165,-47.946392,-51.752094,-53.947617,-53.823795,-59.170372,-57.06739,-57.382317,-60.512207,-58.860264,-59.158295,-59.409996,-60.99884,-61.100136,-62.65161
6624,True,-29.244364,-24.883135,-32.607994,-40.689896,-31.626375,-30.000328,-30.201216,-29.592709,-36.905804,-37.41503,-37.859264,-29.451557,-38.879578,-39.285297,-41.353645,-40.64661,-44.010185,-47.525764,-45.066017,-48.998684,-54.091854,-54.041363,-57.94751,-57.12326,-58.105663,-60.440407,-58.14244,-59.74061,-61.182346,-59.903793,-59.99524,-61.91915
6656,True,-29.698673,-25.486141,-32.117558,-36.418873,-32.543293,-25.625278,-31.395578,-32.166622,-43.140583,-38.03114,-41.5708,-31.357765,-38.834564,-44.35087,-46.09024,-42.49878,-45.023544,-51.88964,-47.037045,-50.228775,-53.356148,-53.92064,-57.23463,-57.359024,-59.209282,-58.514923,-58.13541,-58.95731,-60.817684,-59.72567,-59.713615,-61.91235
6688,True,-28.485746,-26.599703,-33.487507,-40.038094,-32.240387,-23.317186,-31.683186,-34.922974,-43.008114,-39.96361,-43.26245,-32.443172,-38.08811,-40.23149,-42.81403,-43.686527,-45.860134,-51.18898,-48.221703,-50.478577,-55.92192,-53.8164,-57.663597,-57.252968,-57.8166,-58.693436,-57.6801,-59.34351,-59.060844,-59.689568,-60.632874,-60.54486
6720,True,-26.356699,-26.431286,-33.227295,-37.528187,-32.331615,-25.630291,-31.87973,-38.816242,-38.576782,-39.7975,-38.341072,-27.2373,-36.595844,-39.20509,-41.462765,-44.936428,-46.81332,-50.783615,-46.921535,-50.55945,-55.673134,-57.188095,-58.67301,-59.09073,-58.37845,-58.963474,-57.40727,-60.563828,-59.487976,-60.297028,-61.19528,-62.67429
6752,True,-26.966192,-31.730082,-36.7843,-37.614094,-30.084614,-27.334686,-34.3452,-34.566723,-39.905323,-43.87848,-39.89069,-36.92505,-41.248695,-38.640846,-37.957092,-37.28214,-36.59539,-41.356018,-45.60333,-47.293945,-50.210308,-48.180958,-51.050053,-54.59926,-50.483894,-45.60865,-47.847057,-45.9336,-36.287857,-33.381096,-38.35119,-40.177387
6784,True,-29.460804,-27.71016,-34.19924,-35.329834,-30.522272,-23.060917,-29.285429,-27.658358,-32.622524,-38.767822,-35.980934,-26.557251,-36.721622,-38.889202,-38.90545,-36.049747,-32.429462,-36.618965,-45.39418,-45.927853,-43.44843,-44.592255,-46.917465,-51.83766,-46.305237,-40.73374,-39.248837,-39.312656,-32.734497,-31.59437,-35.37664,-36.507267
6816,True,-31.102201,-27.353476,-33.59831,-36.294754,-33.998165,-28.47538,-29.71191,-28.679321,-39.18392,-42.953735,-39.19646,-34.575485,-42.441387,-37.74265,-39.793926,-47.970806,-47.477997,-49.253075,-48.48455,-50.190735,-52.0751,-52.07592,-54.4188,-54.673294,-53.585503,-54.522903,-52.188118,-52.204536,-46.21902,-45.87772,-49.709972,-49.828117
6848,True,-30.09883,-26.835377,-31.385426,-35.031525,-34.57169,-28.003864,-28.735966,-27.832176,-35.394047,-39.387356,-40.626812,-27.896082,-39.26573,-42.201748,-44.00997,-44.39975,-48.09815,-49.190174,-48.085274,-50.588688,-53.94958,-53.27775,-55.77308,-55.122112,-55.502274,-54.622772,-54.19624,-56.478954,-51.40674,-51.53255,-54.986767,-55.66795
6880,True,-30.053026,-25.348774,-30.116135,-34.754326,-31.42926,-31.140686,-33.275803,-33.911007,-39.683334,-40.17282,-40.169605,-26.89451,-38.52569,-43.90623,-45.294678,-44.08809,-46.51474,-52.56151,-48.779278,-51.31173,-53.726723,-54.792324,-58.61335,-57.784492,-56.464943,-55.553444,-56.170853,-57.521645,-54.46869,-56.712975,-57.637802,-58.269478
6912,True,-27.98213,-28.142756,-33.628735,-37.849438,-30.620548,-30.61328,-36.297775,-41.469795,-37.891342,-41.103706,-40.75224,-25.632326,-34.261127,-45.3853,-46.359592,-47.268337,-48.708176,-53.666534,-43.7621,-48.192936,-53.19157,-54.95949,-55.580856,-57.200653,-56.62327,-61.823612,-57.887276,-58.64366,-58.170746,-58.54582,-58.201004,-60.260216
6944,True,-28.63808,-24.652466,-31.584433,-37.307323,-33.30713,-30.7423,-33.986404,-35.713955,-41.68251,-38.73615,-37.48798,-25.441257,-36.755867,-44.559433,-45.818172,-47.106422,-48.27733,-50.49162,-44.996094,-47.58843,-55.003128,-55.79758,-58.122414,-57.39705,-58.880524,-56.893486,-57.991276,-58.12822,-59.204517,-60.21719,-59.738495,-61.11656
6976,True,-30.368725,-27.720829,-32.97077,-37.38663,-31.028004,-32.141697,-33.67829,-32.678135,-38.680397,-39.700943,-38.97267,-27.480522,-38.35463,-41.531303,-43.627666,-47.309628,-48.216446,-50.78984,-46.228455,-49.472042,-54.87816,-54.366066,-57.92402,-57.03028,-56.735733,-58.058147,-57.18616,-59.61595,-62.04133,-62.199707,-59.355087,-59.746246
7008,True,-29.43106,-28.953047,-32.457466,-35.459873,-30.964672,-30.813007,-31.817112,-30.40146,-41.023502,-40.608803,-39.081722,-28.95774,-40.806374,-40.98392,-42.419685,-45.382824,-50.04555,-51.338287,-45.514877,-49.093407,-52.41912,-53.65972,-57.589954,-57.627518,-57.66735,-56.905304,-60.47451,-61.561485,-61.623688,-62.868923,-61.424923,-61.535065
7040,True,-33.407257,-31.510246,-37.604683,-41.550503,-32.90162,-31.21665,-30.717909,-29.285105,-39.32193,-41.95949,-37.109158,-26.004707,-36.76358,-39.66932,-42.82823,-45.172707,-48.466488,-52.419373,-43.479427,-47.225586,-54.112965,-54.814857,-55.287933,-57.98532,-58.569878,-57.911438,-56.67415,-60.590652,-60.75308,-61.32599,-59.20616,-60.62995
7072,True,-26.931646,-35.616432,-31.222113,-36.52074,-32.483124,-28.525173,-34.548916,-36.726784,-39.288773,-38.373802,-39.23735,-28.63586,-37.002045,-44.185936,-45.843163,-42.148914,-45.097164,-49.466595,-46.47149,-48.570217,-55.39049,-54.489918,-58.175697,-59.59118,-59.006924,-58.045788,-59.114235,-60.913826,-63.54036,-59.635014,-59.266033,-61.057438
7104,True,-26.635242,-29.016245,-32.88926,-38.42892,-34.149345,-25.268341,-32.892212,-39.200085,-37.786896,-37.09193,-36.309853,-26.207712,-36.241615,-42.18577,-45.431362,-47.749714,-48.29702,-53.540276,-44.900864,-48.141968,-56.25402,-54.895996,-57.990997,-59.129177,-58.903255,-58.949127,-58.928574,-59.40012,-61.047005,-59.93759,-59.362946,-61.157192
7136,True,-29.776295,-27.691814,-32.216156,-36.406857,-31.648428,-31.601465,-32.21768,-32.942154,-33.833954,-36.007698,-37.437057,-25.24577,-33.109497,-41.19146,-43.462524,-39.899326,-43.11345,-50.391884,-43.1962,-47.89647,-54.65983,-55.826015,-58.31516,-59.44929,-57.89465,-58.58856,-59.464756,-61.14602,-61.54193,-60.73426,-60.269035,-61.44041
7168,True,-27.204103,-28.668541,-33.713997,-34.73798,-30.916193,-25.792503,-32.421898,-32.770546,-39.88766,-41.140514,-38.407234,-27.55102,-37.300827,-44.301483,-46.357307,-44.324112,-47.348106,-50.440388,-45.23638,-48.876793,-55.46517,-56.655838,-59.142834,-57.814907,-58.06476,-57.543594,-58.675194,-60.140533,-60.985546,-62.475624,-60.1659,-59.48285
7200,True,-34.5045,-28.888023,-34.031673,-37.762417,-33.13717,-31.294966,-31.641891,-30.624037,-38.50281,-38.336853,-40.41138,-31.320381,-36.825775,-44.33653,-46.99212,-44.125153,-46.789417,-50.96562,-47.016605,-50.95809,-53.8285,-53.689316,-59.169205,-58.71738,-58.727432,-59.37558,-56.45459,-57.415466,-61.262432,-61.50343,-60.291065,-60.199207
7232,True,-28.924198,-29.202719,-35.9965,-35.790634,-32.69599,-28.698656,-30.883286,-29.643991,-38.221058,-41.11265,-38.70895,-27.762005,-36.53006,-44.6524,-50.383026,-42.84657,-46.313637,-52.438297,-48.400764,-50.994625,-56.004734,-55.697975,-59.411087,-58.175007,-59.82224,-59.70182,-58.207138,-58.966465,-61.488132,-61.760487,-60.100273,-60.63315
7264,True,-25.5817,-27.1191,-32.732304,-38.37178,-36.258038,-32.761684,-32.523888,-31.40765,-42.09433,-37.29806,-40.283142,-31.36755,-39.671066,-44.085648,-47.80294,-45.324078,-49.993866,-53.014015,-47.159557,-50.16147,-54.04987,-53.893326,-59.39955,-59.08224,-58.163162,-60.300743,-56.58912,-59.29712,-62.4505,-61.131065,-59.60071,-61.900543
7296,True,-25.464571,-26.533106,-31.16395,-35.337482,-37.51223,-39.222115,-35.734756,-33.90719,-39.19156,-39.535496,-41.012817,-28.844416,-37.11684,-40.93691,-43.16774,-43.809196,-46.171967,-52.161293,-46.824665,-48.15668,-55.951557,-54.24066,-56.64148,-57.97659,-58.462807,-58.574097,-57.658005,-58.479916,-60.42389,-60.26998,-58.91939,-61.12984
7328,True,-29.99541,-29.133587,-35.89573,-36.6528,-37.177532,-28.2732,-35.794594,-37.054905,-38.651936,-39.89494,-37.532864,-24.39811,-36.418392,-41.03734,-43.17467,-43.180084,-47.035446,-51.845024,-46.930317,-47.476345,-52.69764,-51.5561,-56.922836,-55.50994,-55.182133,-56.302544,-54.178505,-53.753468,-52.811485,-54.397144,-53.516026,-56.607742
7360,True,-27.993357,-30.836163,-31.528118,-33.892265,-34.19171,-32.30362,-34.552673,-33.370483,-43.344147,-43.777294,-38.936935,-26.39927,-37.419758,-41.49489,-42.478863,-45.282997,-48.635067,-52.036724,-47.16742,-48.092556,-54.870266,-54.908043,-59.414818,-58.29119,-58.78857,-58.472782,-57.421947,-59.55533,-60.209282,-60.817894,-60.44537,-59.770973
7392,True,-27.391026,-28.760925,-33.445557,-32.43235,-34.113724,-35.688892,-31.674858,-30.865128,-38.47483,-41.099014,-39.937958,-25.501425,-36.148857,-39.367897,-40.942764,-47.663822,-49.06932,-52.169464,-47.6807,-49.51728,-54.245926,-54.775055,-56.747772,-56.534687,-59.387657,-58.249813,-57.398186,-59.210094,-60.487946,-60.029358,-59.228115,-61.350624
7424,True,-27.66597,-27.243992,-33.122925,-36.311497,-30.59944,-29.855585,-30.52952,-29.070389,-39.422333,-39.17849,-38.913853,-28.639128,-38.892982,-40.190998,-42.15132,-42.25714,-45.826073,-50.238083,-46.99421,-46.00765,-53.55197,-52.973324,-55.993484,-57.45226,-58.11927,-57.71255,-57.91488,-58.121773,-59.366436,-59.263885,-58.55627,-62.60205
7456,True,-24.92177,-27.313414,-34.578426,-34.973454,-31.486187,-27.189215,-29.335573,-29.739582,-39.178505,-41.67038,-40.417805,-26.517897,-34.55826,-39.35283,-41.26758,-43.298927,-45.712452,-52.393005,-49.30534,-49.42608,-54.06196,-54.984543,-57.052883,-57.932877,-58.12008,-58.335224,-58.765064,-59.20555,-60.294975,-59.983727,-60.468388,-62.028866
7488,True,-29.09229,-29.77442,-34.47635,-37.718422,-31.267183,-33.37788,-30.67883,-29.29986,-44.083374,-43.005707,-46.092434,-33.78077,-39.07696,-37.63039,-39.1587,-48.022427,-49.817513,-49.003532,-47.3399,-50.204414,-53.944115,-52.810066,-56.594917,-56.41363,-56.317562,-56.76332,-57.324936,-59.402557,-61.281464,-60.53125,-60.69468,-63.13547
7520,True,-27.167149,-28.803345,-33.710297,-36.19212,-33.462425,-26.542606,-32.37767,-31.749752,-43.939396,-40.170143,-39.76914,-35.726864,-39.9653,-39.886623,-39.7713,-43.612423,-46.699425,-52.4938,-48.001343,-51.26703,-52.950485,-52.906704,-58.261055,-58.90902,-58.858376,-57.581745,-57.46515,-60.429153,-61.03089,-59.49475,-58.928703,-62.69318
7552,True,-30.953016,-28.521425,-30.884586,-38.800934,-35.86674,-29.26298,-35.189426,-38.033264,-38.339165,-38.45249,-37.288193,-30.31416,-37.82407,-44.85716,-43.626614,-45.78081,-48.249107,-51.37813,-49.61454,-51.128754,-52.53174,-53.660816,-58.31556,-58.48371,-56.712208,-58.549137,-56.965363,-60.058636,-60.83502,-60.6362,-59.536606,-62.361313
7584,True,-33.18794,-31.9515,-32.685596,-34.023926,-33.87252,-27.531101,-34.55474,-35.432007,-37.543694,-40.774193,-43.305832,-36.739197,-39.59106,-42.865337,-43.1558,-47.41879,-47.62798,-49.7106,-43.94072,-47.36786,-53.85426,-53.174927,-57.586666,-55.886723,-58.215134,-58.212784,-58.422016,-59.9087,-61.733738,-60.549377,-58.074184,-61.567593
7616,True,-30.712387,-32.51472,-35.11488,-38.413944,-35.684624,-34.12095,-31.611845,-29.978268,-40.811646,-41.91015,-39.169167,-30.65458,-39.33291,-44.039,-44.63578,-43.57904,-45.27815,-50.44429,-48.95725,-48.56723,-54.40757,-53.79798,-58.82057,-59.857563,-60.22057,-58.42413,-59.186646,-59.936157,-60.977463,-60.76694,-58.637787,-61.440853
7648,True,-25.42658,-30.477692,-33.551373,-35.32576,-32.7641,-32.82062,-29.62519,-27.874603,-42.728546,-44.152878,-35.979527,-25.315935,-35.107613,-42.655293,-46.178543,-41.703285,-45.44906,-49.558258,-47.279617,-49.833267,-55.695766,-53.97458,-58.451294,-58.774113,-58.924976,-58.92634,-59.755783,-58.647457,-60.571712,-61.66479,-61.58682,-62.418068
7680,True,-26.62668,-29.310589,-35.310555,-37.40136,-33.761818,-30.323963,-31.377293,-30.741625,-39.428867,-39.82268,-37.904102,-24.093266,-35.19995,-40.83572,-42.295128,-42.314342,-46.581665,-47.97398,-45.22016,-46.91443,-52.37818,-54.810772,-58.009094,-59.153675,-59.230057,-57.997383,-58.191658,-58.93341,-59.77608,-58.144104,-58.761497,-61.673676
7712,True,-27.992062,-31.776112,-34.898335,-37.867123,-33.838604,-27.817457,-31.103708,-30.56004,-39.960915,-40.195194,-37.098614,-26.058857,-36.04219,-39.978687,-41.036255,-44.522533,-46.103706,-51.873352,-46.986652,-48.376,-52.46683,-55.993504,-58.7513,-58.530914,-58.107697,-58.064842,-58.98792,-59.058857,-59.84214,-59.287697,-58.328396,-59.335594
7744,True,-27.253515,-28.545338,-34.77763,-38.15545,-37.54699,-35.59363,-33.820744,-33.8845,-39.586807,-38.88926,-36.577374,-26.43179,-36.084724,-42.84656,-43.993183,-49.32098,-50.93002,-52.188984,-48.78527,-50.614742,-56.175415,-53.259068,-56.17628,-59.15569,-59.46772,-59.81544,-58.23936,-58.07364,-59.695744,-56.60381,-59.356087,-61.18372
7776,True,-29.80894,-28.724617,-34.2803,-38.673607,-32.63033,-30.24368,-36.197563,-41.18373,-43.229286,-40.960735,-39.679337,-28.76564,-35.35195,-41.430847,-44.356804,-48.522453,-47.98217,-49.404644,-47.10292,-48.402172,-54.371315,-55.3358,-56.54811,-56.81251,-57.44613,-56.98986,-57.71653,-58.20255,-59.5877,-59.172955,-60.373074,-60.58382
7808,True,-30.552258,-29.438417,-36.05484,-37.614616,-32.058197,-31.39811,-35.891502,-36.597145,-37.580177,-38.218845,-41.091152,-28.573807,-36.65313,-40.335144,-42.204586,-45.318024,-49.07211,-53.94471,-46.411938,-48.1517,-53.97408,-55.628372,-58.206688,-57.93215,-57.957058,-57.05109,-56.477005,-59.94996,-61.885384,-58.31921,-59.412327,-61.772865
7840,True,-28.990795,-27.168423,-30.750706,-33.920036,-32.513954,-33.9095,-34.195625,-32.848175,-36.402863,-37.6146,-40.089485,-32.99754,-41.979324,-42.19872,-44.32962,-42.219444,-42.982246,-46.54248,-46.56807,-48.095875,-52.700417,-53.866028,-55.77764,-56.296993,-57.504498,-54.326,-56.04334,-52.35745,-44.543873,-43.130653,-47.13829,-48.584522
7872,True,-24.384201,-25.803497,-34.071434,-34.370365,-28.339746,-27.779427,-29.378609,-27.291576,-31.222324,-38.49166,-37.65172,-30.432108,-34.967094,-37.215393,-37.254696,-32.516506,-29.523643,-33.165546,-42.583202,-42.215115,-43.6427,-44.370255,-46.932007,-47.934845,-45.80284,-40.262306,-39.69234,-36.26453,-31.500942,-30.989103,-33.753242,-35.244125
7904,True,-29.676935,-30.8124,-33.145294,-34.590866,-32.161316,-32.670036,-30.68557,-28.565752,-39.39839,-39.56843,-38.651478,-28.137363,-35.55965,-42.59268,-44.23536,-43.659054,-43.098164,-48.05531,-46.16527,-46.556305,-52.31624,-51.920544,-54.954723,-54.820972,-54.951626,-53.814697,-53.98356,-48.834568,-46.332184,-47.40835,-48.952255,-50.50492
7936,True,-29.462622,-27.394424,-32.62137,-35.433987,-33.581673,-37.39816,-32.884075,-32.304935,-37.096554,-41.48285,-40.574417,-29.278744,-35.43691,-39.880287,-41.87372,-47.771904,-48.159443,-50.68079,-46.18719,-47.083378,-55.14767,-51.371872,-57.399563,-56.271023,-55.624214,-57.526535,-55.189358,-55.246536,-52.32435,-52.431694,-54.806442,-55.248856
7968,True,-30.13257,-28.1179,-33.759476,-39.050224,-36.699245,-34.368362,-36.240097,-39.23254,-41.24016,-43.009827,-41.322037,-29.696634,-35.704056,-40.61709,-41.88626,-45.122307,-45.30591,-48.962616,-46.74383,-47.075302,-52.847145,-54.46057,-57.52356,-56.624733,-57.047752,-58.25899,-58.06839,-56.51004,-55.979134,-56.97373,-57.57391,-59.568443
8000,True,-31.534082,-29.723549,-32.913937,-33.972454,-35.167343,-33.53762,-36.521225,-37.814827,-38.124714,-38.12366,-43.41642,-31.874409,-36.812134,-42.228466,-44.472904,-44.32091,-46.872025,-51.555405,-49.210777,-51.51814,-55.28586,-55.652596,-56.45657,-56.777615,-58.834312,-57.946888,-58.577553,-58.07142,-58.46142,-58.31755,-59.96943,-59.97221
8032,True,-25.959614,-28.680138,-32.926117,-38.46108,-37.73185,-32.16651,-33.979546,-35.57351,-43.126137,-40.498955,-38.9678,-29.203032,-37.19809,-40.2671,-42.524666,-45.054405,-47.371784,-51.848278,-48.680134,-48.208805,-54.189255,-56.96904,-57.497047,-59.5919,-58.158356,-59.44204,-57.338264,-59.225662,-60.93554,-60.110268,-60.01967,-60.56536
8064,True,-29.429836,-26.273472,-32.210186,-36.186394,-33.35933,-34.94385,-32.363953,-31.554249,-37.85545,-38.67827,-38.494167,-28.709574,-35.327843,-42.485283,-44.597107,-44.56141,-47.69027,-51.706596,-45.69227,-45.382446,-54.754757,-55.398884,-59.169624,-58.2619,-58.074974,-56.63643,-57.837624,-58.844643,-60.734818,-61.845745,-58.3742,-60.535717
8096,True,-28.26752,-27.310364,-30.976028,-36.460663,-32.83406,-34.17439,-33.613132,-33.347866,-42.619026,-39.64211,-43.083878,-31.129768,-37.13456,-43.01172,-42.97993,-44.69212,-48.28049,-51.033455,-44.84306,-45.679955,-53.678852,-52.56544,-60.33823,-58.514946,-57.30295,-58.415337,-58.027344,-60.718193,-62.277046,-62.364708,-60.445255,-62.152115
8128,True,-30.14313,-30.189135,-31.244944,-35.414726,-34.84149,-35.410156,-32.372772,-30.83782,-39.904152,-44.56359,-43.230495,-28.515875,-32.94843,-42.019314,-43.465637,-41.790817,-46.11583,-50.13598,-46.794544,-46.75673,-53.625393,-55.02614,-57.581463,-57.441338,-57.399223,-58.97339,-59.798325,-60.99099,-60.338894,-61.241665,-58.713795,-61.562927
8160,True,-27.837036,-28.715734,-31.820057,-34.959663,-32.129192,-34.23676,-33.69908,-31.927887,-37.981224,-40.91913,-40.19158,-29.569801,-38.04784,-40.508823,-42.121704,-46.511616,-49.072464,-53.70214,-47.80455,-48.21552,-52.96835,-53.8019,-58.40153,-58.915283,-58.40755,-58.27187,-58.261982,-60.86491,-61.59937,-62.812695,-60.162933,-61.5586
8192,True,-32.773247,-29.022545,-34.018982,-34.39367,-34.176056,-34.03196,-35.36532,-34.881866,-35.918465,-35.84376,-42.49118,-31.426613,-35.954975,-38.592876,-40.645184,-45.546745,-46.754486,-50.025715,-49.723183,-50.406715,-53.868706,-54.510426,-56.861614,-56.151566,-58.572426,-60.06243,-57.80373,-57.52231,-60.8363,-61.045795,-59.400246,-62.181717
8224,True,-27.928343,-32.849537,-34.032036,-35.646484,-34.52954,-27.860233,-34.072376,-36.939667,-33.407673,-37.623886,-41.18647,-27.77126,-32.24779,-41.387135,-42.57401,-45.103745,-47.204456,-47.459076,-48.447243,-49.54086,-53.33007,-53.62063,-57.33646,-58.229042,-58.212563,-57.787033,-57.96526,-58.839474,-60.22505,-60.929703,-60.687824,-60.02764
8256,True,-28.413746,-26.234415,-30.427181,-33.847225,-34.81423,-27.85224,-33.556393,-35.448727,-37.480854,-38.16595,-40.908318,-30.336521,-36.167904,-40.18207,-41.144524,-46.87813,-48.023766,-52.557903,-49.056965,-49.90457,-53.352566,-55.29869,-56.740143,-57.018353,-58.007145,-58.845062,-57.343098,-60.335903,-62.960373,-59.966057,-58.447,-62.509712
8288,True,-30.2751,-28.558147,-32.545063,-37.628426,-34.945503,-30.665417,-31.92485,-31.091476,-37.55233,-40.541603,-42.37585,-36.369987,-39.0943,-38.69332,-40.527607,-48.187294,-48.56058,-51.871487,-51.604313,-51.60743,-52.95867,-51.999966,-56.74621,-55.98063,-58.258442,-59.07129,-56.367336,-59.06519,-62.69448,-61.37384,-60.941105,-61.782944
8320,True,-27.982616,-27.956669,-33.812496,-37.172695,-30.757277,-31.391312,-30.804676,-29.684927,-36.705227,-39.238857,-40.845863,-32.176144,-34.67195,-41.687515,-43.23526,-45.84925,-47.614006,-51.658535,-48.820244,-51.326656,-53.946896,-53.160854,-57.486576,-59.462734,-61.01248,-59.53628,-58.803535,-59.850277,-60.506844,-60.16865,-61.097717,-62.84881
8352,True,-27.996275,-29.020561,-34.079155,-39.682594,-33.99577,-34.118263,-33.509987,-33.707836,-36.41969,-37.07765,-39.45595,-29.028,-33.522186,-40.137573,-40.704155,-44.05896,-47.7525,-51.34262,-49.065567,-48.07373,-54.43745,-52.47856,-58.678036,-58.0288,-57.91138,-60.250374,-58.582764,-59.797226,-60.59145,-59.77809,-58.603687,-60.797916
8384,True,-27.159834,-28.764519,-34.381927,-38.318172,-30.40882,-35.651505,-31.116207,-29.762585,-41.881176,-40.919067,-40.78381,-25.422302,-31.301224,-39.751316,-41.524002,-46.810707,-47.41917,-51.68459,-46.107563,-46.08911,-53.179962,-54.3217,-58.274307,-58.141487,-58.74834,-59.29283,-56.856422,-57.63598,-59.775562,-58.106415,-57.89128,-59.18492
8416,True,-26.264889,-29.587727,-34.624313,-37.506897,-30.61614,-30.369095,-31.727154,-31.402681,-38.03774,-40.184357,-41.997013,-29.086021,-34.74994,-44.19588,-45.12083,-45.734596,-48.281586,-50.49177,-45.0504,-48.818077,-54.789886,-54.748238,-58.21268,-58.690907,-55.575886,-57.086403,-54.471966,-53.100418,-53.90616,-52.440334,-53.87775,-55.62111
8448,True,-26.621048,-27.480717,-32.46328,-37.409992,-33.3562,-35.522522,-33.490974,-32.928707,-43.353752,-41.201904,-42.304893,-32.317867,-37.719273,-43.382988,-44.337193,-44.32413,-46.810234,-49.65313,-47.869812,-50.765263,-53.627403,-53.105965,-57.495846,-58.70665,-58.50692,-59.486156,-57.999897,-60.52047,-60.079445,-61.59552,-58.985092,-60.42212
8480,True,-31.804543,-28.91389,-32.00843,-34.980206,-33.24815,-33.068905,-35.63353,-35.35195,-39.747707,-38.25513,-41.019814,-31.928333,-36.097446,-41.177696,-40.93644,-48.931892,-50.571598,-51.416245,-49.85623,-52.411427,-52.378353,-51.639156,-58.127853,-57.397255,-59.534016,-59.157772,-58.109184,-59.508553,-59.915028,-60.815983,-59.27073,-60.840042
8512,True,-32.26598,-27.80334,-32.12871,-34.839043,-32.824005,-35.453026,-35.47809,-36.34246,-41.23301,-38.537704,-42.95256,-27.784739,-32.85028,-41.160103,-42.424896,-46.972862,-50.40944,-53.916924,-49.58315,-51.57856,-54.162903,-56.241127,-58.507915,-58.260883,-60.24576,-60.997406,-59.05871,-59.719448,-61.35315,-61.201195,-58.49842,-60.69063
8544,True,-25.385256,-28.653156,-35.499596,-35.214455,-33.14436,-35.99605,-33.12179,-31.759623,-42.02823,-40.570904,-41.13112,-30.230177,-37.332363,-40.580006,-42.724335,-48.499508,-50.71426,-51.64312,-48.10185,-49.4833,-55.609695,-55.590633,-57.224316,-57.385487,-57.619324,-57.304058,-58.098812,-61.575474,-61.145714,-60.84496,-59.628815,-61.38056
8576,True,-32.224762,-31.051142,-35.040348,-39.928658,-32.048164,-33.321804,-31.308495,-29.611668,-40.272106,-39.171303,-42.3637,-34.033695,-37.808292,-41.03369,-42.72229,-48.08941,-47.285347,-48.68856,-48.45936,-49.974678,-53.506855,-53.993828,-60.198586,-58.66526,-60.869633,-59.717026,-57.945175,-58.510437,-60.790367,-59.799503,-58.91903,-62.773308
8608,True,-29.480976,-26.632807,-31.719925,-36.4171,-34.353306,-31.17199,-33.76397,-32.785114,-41.9177,-41.86828,-39.64337,-32.917355,-38.279697,-38.559586,-40.70228,-47.164917,-45.46028,-50.773083,-48.653053,-48.537884,-55.327625,-54.392593,-59.38366,-57.096817,-57.530594,-58.298473,-59.448452,-59.57735,-58.34434,-59.308468,-59.28569,-62.617416
8640,True,-29.796915,-27.99799,-33.213623,-35.68304,-33.35074,-33.420708,-37.520603,-40.916878,-38.191544,-39.44952,-43.63929,-35.353607,-39.16086,-41.656387,-42.738438,-46.554626,-47.31362,-51.062206,-48.391426,-49.096497,-55.178955,-56.38671,-59.365166,-58.578156,-56.808212,-58.194153,-57.4993,-57.844566,-60.293,-59.394745,-57.75452,-62.66519
8672,True,-28.889658,-28.117138,-35.539223,-42.862362,-34.27494,-36.24978,-39.64074,-41.633106,-36.68465,-35.559166,-39.900173,-30.973139,-35.122345,-41.384624,-43.31852,-47.016903,-48.31326,-51.017075,-50.40261,-49.540466,-53.9781,-53.232735,-57.163406,-58.425213,-57.146584,-58.087612,-58.158783,-61.88318,-60.996975,-61.22976,-58.408615,-61.78751
8704,True,-30.975525,-29.396767,-33.599503,-38.81228,-35.663353,-32.778866,-37.775757,-39.752464,-38.657158,-38.387424,-41.847378,-29.268,-34.033997,-38.549847,-39.468292,-48.928436,-49.89134,-50.798912,-49.63041,-49.77814,-53.40872,-54.353157,-59.37929,-60.07341,-59.5645,-59.46987,-59.490505,-59.328125,-59.894833,-59.670452,-59.693584,-59.45442
8736,True,-29.400501,-31.874353,-36.197624,-37.23476,-31.494186,-28.73517,-34.213753,-36.963806,-40.513634,-42.822422,-44.133926,-25.635937,-31.534897,-39.427734,-39.688583,-48.81077,-49.274353,-51.798798,-49.020782,-48.266582,-51.858326,-51.67424,-57.648453,-57.995552,-57.66194,-59.747818,-59.23563,-59.26622,-61.981102,-60.05634,-58.390266,-61.44259
8768,True,-27.2326,-31.433506,-37.615543,-38.62537,-33.49335,-29.659882,-34.90838,-34.892517,-40.235325,-39.91615,-41.88931,-33.725212,-36.85675,-40.146442,-42.195168,-48.137127,-49.720592,-50.78854,-48.645485,-50.4822,-54.710964,-53.50445,-56.495514,-57.838135,-58.288704,-58.19684,-56.9845,-59.319683,-61.87203,-60.687256,-60.257435,-61.940407
8800,True,-28.33411,-28.23523,-32.773823,-37.924103,-32.873623,-30.705366,-32.11012,-31.553576,-39.247192,-40.522507,-42.297855,-30.208023,-36.119507,-39.609932,-41.320442,-49.67354,-49.50771,-50.15726,-51.035164,-54.114037,-59.721912,-54.51037,-56.65406,-59.480736,-59.889835,-59.482193,-56.97063,-59.64736,-62.339634,-60.453545,-57.9749,-61.204613
8832,True,-28.785137,-34.74044,-34.23549,-32.84364,-34.631603,-32.751114,-35.402405,-36.20916,-42.196533,-38.94992,-41.87769,-35.994743,-38.44829,-37.33446,-39.47851,-45.666397,-46.336903,-49.15893,-47.67176,-49.819244,-55.25259,-56.971836,-55.49126,-57.55919,-57.658325,-59.17328,-57.84854,-59.12415,-61.605476,-61.86363,-60.444626,-61.639168
8864,True,-26.702568,-28.65815,-33.699265,-37.67079,-33.97261,-34.396763,-39.49475,-36.803146,-38.683323,-41.029964,-43.47853,-32.337574,-37.76826,-39.99852,-42.825157,-44.828796,-45.688034,-48.9069,-48.955353,-49.10279,-54.32215,-55.224373,-57.915634,-58.739494,-58.481155,-58.433765,-58.173973,-58.7762,-60.70107,-59.574543,-59.453148,-61.039425
8896,True,-26.299938,-27.820293,-33.659294,-37.14619,-32.36918,-33.191372,-34.583736,-35.284786,-43.12159,-41.71923,-45.32436,-30.282913,-34.847313,-40.0874,-42.0913,-50.12943,-52.456947,-50.15514,-44.2544,-43.536797,-55.23487,-55.705486,-56.408936,-55.633263,-58.35179,-58.87499,-57.23117,-59.502724,-60.344814,-60.880928,-58.712547,-61.355206
8928,True,-30.038166,-26.834564,-32.222694,-38.438087,-34.552757,-32.80461,-30.9818,-30.2643,-40.805748,-43.193584,-42.777565,-35.560287,-38.70237,-41.168808,-43.825966,-47.00106,-45.12619,-47.62681,-47.077568,-47.007957,-55.332436,-55.369263,-55.17013,-56.536186,-57.37324,-56.352684,-57.115746,-58.864517,-59.96269,-60.42578,-60.78747,-62.653053
8960,True,-33.012726,-26.869766,-31.52048,-37.09555,-31.464624,-28.416298,-29.972069,-29.781338,-38.056,-36.952248,-42.587006,-31.15818,-37.804264,-41.256424,-41.674038,-48.54504,-49.23714,-51.148575,-48.29331,-49.773174,-52.8003,-54.152023,-56.656994,-58.466652,-59.23446,-58.768078,-59.789318,-59.23625,-59.85529,-60.71258,-59.262245,-60.1078
8992,True,-26.122746,-27.97456,-31.141327,-32.6345,-34.713425,-28.583752,-29.855568,-29.700735,-40.01468,-40.929474,-42.688896,-26.829498,-32.834137,-40.84724,-41.30957,-48.82704,-47.577225,-50.086014,-48.034668,-49.269905,-53.646507,-57.674328,-58.239727,-56.85227,-57.801987,-57.511887,-58.62972,-59.732395,-61.89165,-62.277584,-59.293747,-59.82434
9024,True,-32.780727,-32.13547,-37.061108,-34.643444,-37.55939,-29.200264,-30.914417,-30.504263,-37.803223,-39.11252,-44.784504,-22.448967,-28.652073,-43.367825,-42.93202,-47.46725,-47.894363,-52.5297,-47.48535,-46.381012,-54.056873,-56.32093,-57.40269,-59.42627,-58.01969,-60.22793,-57.69844,-58.038208,-60.625656,-61.15912,-58.18432,-60.57139
9056,True,-29.433651,-33.129814,-35.40436,-36.974815,-32.907654,-29.045258,-32.90336,-35.11913,-36.70698,-39.38987,-44.01004,-25.586996,-31.027409,-40.13508,-41.69365,-46.373905,-46.077,-50.62988,-48.749123,-48.428364,-55.042168,-56.51876,-57.331234,-58.605484,-57.770763,-59.221024,-56.719467,-57.54059,-58.837204,-59.916805,-59.32315,-62.306595
9088,True,-26.87908,-28.720648,-34.96085,-37.352825,-33.670486,-27.872602,-35.374226,-37.055008,-37.688046,-40.561867,-44.515434,-37.575733,-40.131767,-44.986767,-45.170284,-45.106316,-46.064575,-50.64785,-47.224472,-47.855602,-55.399338,-57.141018,-57.3131,-58.126698,-60.160004,-60.516487,-58.81505,-60.667862,-59.31456,-61.29349,-60.637325,-62.02805
9120,True,-35.848038,-26.936453,-31.859304,-34.045204,-33.324093,-31.977884,-32.362167,-31.59297,-38.51676,-38.512177,-43.06755,-30.722273,-36.95097,-42.493614,-44.033928,-47.371056,-47.858757,-49.625263,-48.148506,-49.45272,-54.682915,-53.741096,-57.22316,-57.737167,-59.265297,-58.66189,-58.38161,-58.806046,-60.602604,-62.512657,-60.83075,-61.418987
9152,True,-32.681553,-29.10511,-32.836422,-35.612354,-33.258396,-29.175804,-29.081234,-28.402092,-36.77671,-36.823334,-43.353416,-34.035744,-35.868233,-41.169205,-43.197536,-45.294144,-46.78569,-51.464462,-48.826347,-48.31915,-53.936737,-57.04194,-58.87735,-59.812984,-58.222015,-59.03894,-57.645004,-59.478615,-60.07622,-61.072342,-59.476227,-59.948074
9184,True,-30.076067,-26.827078,-33.96996,-43.56296,-36.256836,-27.704845,-29.393322,-29.056553,-39.174835,-37.917355,-45.2149,-26.696789,-31.534998,-39.29567,-40.775448,-45.422173,-44.66916,-51.47254,-48.857674,-48.9074,-54.91024,-54.77569,-58.36154,-56.931923,-59.456593,-58.53645,-57.39203,-59.46816,-59.188385,-59.93496,-60.14653,-61.979733
9216,True,-30.768984,-25.443214,-32.041477,-40.253975,-32.738018,-31.570494,-30.185719,-29.433891,-42.104584,-41.897797,-44.149086,-27.377874,-31.854939,-39.14218,-38.080437,-47.431656,-49.276043,-50.56234,-51.86605,-50.82026,-54.6221,-55.996086,-58.85446,-57.41076,-57.731743,-57.81761,-58.447044,-59.65574,-60.2826,-60.677757,-59.41646,-61.682568
9248,True,-30.777172,-28.129372,-32.95938,-37.0296,-33.76532,-36.016724,-32.773438,-32.242428,-43.41671,-39.5051,-40.616993,-29.126976,-35.69319,-40.623013,-41.653915,-49.623146,-48.536438,-47.395103,-47.65215,-48.652744,-55.550808,-57.02997,-58.339973,-57.67897,-59.73973,-59.829067,-58.08208,-59.907166,-61.564697,-60.65668,-60.35431,-62.05744
9280,True,-28.950207,-29.456654,-32.524704,-37.63056,-33.045155,-37.497993,-35.429543,-35.749596,-39.57062,-38.668823,-42.465214,-26.72155,-32.967728,-41.68061,-40.87509,-45.85831,-46.60606,-51.374374,-44.992607,-44.396782,-54.256798,-55.64769,-58.380875,-56.325134,-57.989307,-59.928555,-59.133713,-60.37297,-60.708008,-60.973644,-59.862858,-59.803905
9312,True,-28.399601,-29.084093,-29.999584,-36.875378,-31.738684,-34.283516,-37.579235,-36.777615,-34.65647,-36.964172,-41.367664,-26.965685,-32.364532,-41.252113,-42.61751,-48.507935,-46.701927,-48.99235,-47.61396,-48.00148,-53.555984,-56.004494,-57.416496,-60.19078,-58.148674,-59.824974,-57.31082,-58.26236,-59.77283,-60.585976,-59.912567,-60.893246
9344,True,-28.349371,-28.517244,-32.495693,-38.521248,-30.449219,-31.873644,-36.182983,-36.306137,-41.04619,-44.758293,-43.660046,-28.745476,-33.279377,-43.259766,-44.23693,-49.30679,-49.209766,-51.068798,-45.22561,-44.863262,-53.48311,-54.45944,-59.01676,-58.784504,-58.320602,-59.868965,-57.45005,-59.692398,-62.544025,-61.710968,-59.723656,-61.1079
9376,True,-32.64298,-31.522114,-31.450562,-36.127808,-32.15338,-28.805939,-30.620182,-30.255486,-38.44617,-40.40213,-43.495007,-35.919857,-38.480083,-41.380646,-43.532375,-49.25695,-48.347343,-52.833603,-49.536568,-48.628162,-54.58278,-53.564034,-57.545776,-59.015175,-57.679462,-57.53195,-59.17627,-60.649315,-59.954216,-61.26417,-60.929523,-62.03564
9408,True,-30.60787,-26.704601,-31.910698,-37.92161,-30.69711,-29.90929,-31.965012,-31.338766,-34.23182,-36.000828,-45.18889,-37.100445,-39.947723,-40.317303,-40.509686,-45.121376,-45.68345,-51.273075,-49.781338,-48.62646,-54.243637,-57.05224,-57.565342,-57.362885,-58.706825,-57.826138,-58.42594,-59.808308,-61.380863,-60.404778,-59.692253,-61.424736
9440,True,-30.88464,-30.76827,-34.1968,-37.313404,-33.82485,-35.805576,-34.155544,-35.047424,-38.03867,-36.52639,-39.403595,-34.240017,-36.79544,-41.473064,-44.056812,-45.327362,-44.822826,-51.036774,-45.654854,-45.10388,-53.19095,-55.408585,-58.09233,-56.41107,-58.56344,-60.0638,-58.48274,-59.788227,-61.895943,-62.354446,-59.616257,-60.88568
9472,True,-28.985651,-24.286043,-31.625957,-36.346153,-30.672379,-37.00842,-35.902664,-35.625366,-35.545433,-38.227867,-43.525597,-28.703005,-33.997902,-40.91697,-41.98032,-49.95706,-47.511604,-48.323116,-50.74758,-50.76529,-55.407337,-55.97815,-57.55197,-59.38238,-59.28424,-58.443764,-58.997612,-60.81604,-61.313713,-60.091995,-58.6363,-61.539116
9504,True,-29.195019,-27.481873,-31.749874,-38.09829,-35.940216,-38.48438,-38.085815,-35.948845,-41.26487,-44.190483,-43.94327,-29.744202,-35.23484,-38.870953,-40.433006,-46.488388,-47.309517,-51.811073,-48.057766,-48.762886,-53.855366,-54.11724,-57.89366,-57.02036,-59.891533,-57.7842,-58.721317,-62.251183,-60.782413,-61.337246,-60.29103,-61.456245
9536,True,-30.30386,-28.011257,-35.570816,-41.006958,-33.83188,-34.861217,-38.584084,-40.611305,-40.155685,-42.79531,-47.617607,-32.253704,-35.959465,-40.439907,-42.400673,-50.25923,-48.53032,-50.229183,-46.526047,-45.857407,-54.133453,-54.00511,-57.937088,-59.64829,-59.882664,-59.832054,-58.185574,-59.605976,-61.83905,-61.318584,-61.227108,-61.354088
9568,True,-29.429256,-30.09446,-31.441528,-35.322643,-34.169594,-36.735962,-33.605785,-33.5086,-37.879982,-40.31462,-43.47258,-26.581032,-31.157314,-39.83314,-42.114334,-46.760063,-49.831696,-51.35061,-46.194645,-44.878914,-53.28086,-53.042557,-57.781113,-58.452934,-59.10489,-59.001995,-58.005966,-58.58196,-60.128853,-60.561943,-60.24601,-64.654274
9600,True,-33.0668,-33.692623,-33.40116,-36.72562,-33.65169,-39.30533,-32.09025,-30.33257,-36.279537,-35.48508,-41.678627,-29.244919,-34.92707,-40.66517,-43.128944,-46.68674,-47.281517,-48.891975,-50.101284,-51.60229,-54.73435,-54.932693,-58.2424,-59.138893,-57.99975,-59.9859,-58.393974,-60.422703,-62.409214,-61.221004,-60.141678,-61.593
9632,True,-28.116924,-25.910006,-31.748074,-36.644547,-30.76376,-37.39352,-30.693815,-29.196379,-42.18481,-41.852077,-43.471294,-32.331573,-39.732376,-39.98182,-41.286526,-49.938503,-50.066643,-49.430573,-48.91007,-50.688095,-57.10808,-54.71695,-57.975002,-59.197906,-59.701824,-59.682312,-58.656307,-58.631805,-61.821243,-60.587254,-60.281185,-61.59082
9664,True,-29.74327,-30.694693,-33.53647,-38.395752,-32.99271,-33.652493,-31.43435,-31.082626,-42.85967,-40.118668,-44.949566,-25.797232,-30.751047,-37.994953,-37.96356,-46.802223,-46.370716,-51.103878,-49.752407,-49.709015,-54.082985,-53.684193,-57.005554,-57.804607,-58.946224,-58.448025,-57.933403,-59.847404,-61.10628,-62.304783,-60.060463,-62.391464
9696,True,-26.688858,-27.04325,-34.85642,-34.953197,-31.470184,-31.631985,-31.26421,-31.277931,-41.38797,-43.87124,-43.135777,-26.16311,-31.604898,-42.957314,-41.54367,-47.667694,-47.782787,-49.628426,-48.44749,-48.003326,-53.20772,-54.74418,-58.790745,-58.886127,-59.090492,-58.14169,-57.628513,-59.23147,-60.142677,-62.11586,-61.247288,-62.62101
9728,True,-28.697433,-25.006622,-28.290668,-33.842552,-35.03828,-28.063938,-33.39678,-37.028053,-43.242245,-40.994774,-42.784763,-29.466372,-34.734985,-43.80249,-45.125595,-50.70564,-50.108047,-51.03689,-47.55943,-47.217873,-54.274136,-55.154053,-57.63521,-59.387505,-58.84398,-57.885853,-58.458824,-59.59645,-61.067047,-58.528664,-59.680614,-62.19214
9760,True,-31.657711,-26.414455,-32.087936,-37.895126,-35.562828,-30.617086,-36.908592,-43.59633,-39.635803,-40.891197,-43.1662,-28.937845,-34.55247,-46.220547,-46.776638,-47.91248,-47.25884,-50.569107,-51.652332,-51.125343,-54.31073,-55.49192,-57.967052,-58.647682,-57.338387,-59.486813,-59.011673,-60.679737,-61.125416,-56.36192,-58.75522,-62.479065
9792,True,-30.424004,-28.276604,-31.04163,-37.679146,-33.95177,-32.887478,-30.934765,-30.871346,-39.907566,-37.127106,-42.038063,-28.449806,-34.93908,-44.86377,-44.475487,-49.149357,-48.92962,-51.038532,-46.167984,-46.56672,-55.221428,-54.066578,-56.337227,-59.9128,-59.18961,-58.219627,-57.97542,-59.25248,-58.15065,-57.09526,-59.06472,-61.32058
9824,True,-27.310904,-26.292402,-33.67052,-38.696705,-34.004845,-32.626087,-29.366446,-27.971666,-39.31232,-42.665176,-41.647358,-25.789013,-31.779827,-43.51875,-44.000435,-46.268368,-45.78526,-52.75661,-49.26832,-49.758263,-55.053772,-54.49335,-58.118015,-58.078236,-59.35745,-59.069134,-58.821968,-60.690712,-60.244488,-58.875652,-58.87999,-61.620476
9856,True,-24.944124,-28.959387,-34.279472,-38.50246,-32.85351,-35.443684,-29.018793,-28.053457,-44.578346,-40.314438,-43.025024,-24.945433,-30.13919,-43.87154,-46.609875,-47.83073,-46.873203,-50.910145,-48.503437,-48.415485,-54.261192,-54.646156,-58.916584,-57.973255,-58.17425,-57.51603,-58.724335,-59.477596,-61.365963,-62.14691,-60.72498,-60.521503
9888,True,-29.003548,-27.418499,-29.772966,-34.860622,-36.448048,-37.06687,-31.214838,-29.122295,-38.86563,-37.448044,-43.616295,-29.298477,-35.42081,-43.13037,-45.764694,-48.06753,-46.051384,-52.571453,-46.688442,-45.880135,-56.088253,-56.681427,-55.218178,-55.537647,-59.66426,-58.43843,-56.992184,-60.211975,-60.250412,-60.261463,-58.324837,-62.436844
9920,True,-25.258379,-28.992107,-35.782097,-36.539986,-31.343086,-31.70784,-31.82378,-31.18656,-36.5261,-35.196465,-42.412663,-26.088356,-31.419044,-39.758038,-41.681725,-45.497086,-45.67209,-50.004917,-48.19649,-48.252228,-54.204334,-55.639645,-57.771835,-58.861435,-59.34964,-59.544033,-57.39116,-58.826523,-60.11267,-60.89771,-60.217472,-62.29483
9952,True,-28.70287,-27.513046,-31.794691,-36.23964,-31.381718,-32.870544,-35.942852,-39.387417,-33.943394,-35.7175,-42.802444,-33.503754,-38.450096,-41.18071,-43.455757,-45.8164,-44.71753,-47.901443,-45.242214,-45.363976,-53.968147,-55.332108,-59.924007,-57.600597,-59.072384,-58.87426,-57.733208,-59.841515,-61.7211,-61.570034,-59.159813,-62.406372
9984,True,-28.100754,-24.94283,-29.950542,-39.103226,-33.43925,-28.261814,-33.174282,-37.566685,-38.31487,-39.991062,-46.746136,-39.96407,-42.309193,-40.29455,-42.471336,-48.271378,-47.564163,-50.0425,-45.641247,-44.92182,-55.498222,-55.24328,-56.537086,-57.138496,-57.513725,-56.95188,-58.234142,-59.49771,-60.866222,-60.09232,-59.382137,-61.166565
