timestamp,faulty,band_0,band_1,band_2,band_3,band_4,band_5,band_6,band_7,band_8,band_9,band_10,band_11,band_12,band_13,band_14,band_15,band_16,band_17,band_18,band_19,band_20,band_21,band_22,band_23,band_24,band_25,band_26,band_27,band_28,band_29,band_30,band_31
0,True,-29.913155,-32.951923,-36.96868,-39.59151,-38.98467,-31.345785,-26.437378,-40.60363,-43.599342,-46.355534,-49.361717,-48.194115,-44.17339,-50.265015,-54.157124,-56.019226,-56.683002,-54.918304,-55.604614,-52.503986,-52.708633,-53.914738,-57.12516,-58.21898,-58.678955,-59.115044,-59.036694,-59.189842,-61.636528,-63.333603,-63.02931,-63.587933
32,True,-22.906956,-23.373215,-35.676815,-38.521896,-40.11896,-30.506418,-25.027714,-45.610485,-43.054382,-44.111137,-45.098515,-45.775894,-41.242584,-46.333496,-49.120556,-51.292892,-51.923744,-51.149105,-53.169044,-49.62824,-48.36207,-53.06799,-54.05555,-56.262978,-56.289917,-57.9106,-53.36529,-56.000793,-58.426567,-60.31922,-58.962326,-60.360374
64,True,-24.04615,-25.655794,-35.74176,-39.820885,-38.62584,-27.690758,-22.895756,-45.72168,-45.63228,-44.732414,-47.818684,-45.82481,-41.90284,-47.68656,-51.46794,-51.16833,-52.589474,-53.745193,-52.434013,-48.89698,-49.24447,-51.82338,-56.31681,-57.88992,-54.63097,-56.951977,-53.229637,-56.463142,-58.649055,-59.92351,-59.177353,-59.761654
96,True,-26.66824,-29.027483,-34.17288,-38.62709,-38.66194,-28.905163,-23.64162,-45.406647,-47.470493,-42.14666,-47.10685,-47.777233,-44.673824,-49.96878,-51.426502,-51.17376,-55.81694,-53.849735,-50.7502,-51.17008,-49.612423,-53.830452,-57.3212,-55.992653,-56.564133,-56.795116,-55.597427,-55.711903,-56.15296,-57.93665,-58.74075,-60.973225
128,True,-23.684391,-24.938728,-34.160973,-39.01097,-40.42391,-29.711117,-24.314323,-42.99332,-47.283497,-43.46351,-46.56919,-46.89987,-43.10022,-45.105682,-46.81935,-48.38883,-52.412453,-52.35849,-51.53163,-52.571472,-51.47244,-54.12718,-55.86476,-57.21691,-58.873215,-58.929604,-55.26719,-54.785267,-57.357475,-58.775997,-57.513268,-59.44016
160,True,-26.26477,-27.946934,-36.384453,-39.972656,-39.57544,-28.21429,-22.63797,-41.726402,-42.745914,-41.42651,-47.281628,-44.8171,-43.10348,-47.236404,-49.06277,-49.44037,-53.091072,-52.95814,-52.808033,-53.636673,-52.514782,-54.413963,-58.231613,-61.936256,-58.28716,-57.093636,-56.777096,-56.716343,-58.602875,-59.006027,-58.57555,-60.372574
192,True,-28.050106,-30.662014,-33.75389,-38.230198,-36.969162,-31.26699,-26.753796,-45.399765,-46.60381,-43.299984,-46.89659,-47.504898,-42.60635,-46.414574,-49.7224,-51.238632,-53.675655,-54.072384,-53.798065,-51.20748,-50.960747,-52.100163,-55.911346,-58.33811,-56.94382,-57.449413,-54.957504,-57.452034,-57.87538,-57.270065,-56.17487,-59.554333
224,True,-23.647522,-25.543459,-35.063507,-38.981064,-38.44005,-29.894142,-26.048412,-44.91442,-44.213844,-41.3678,-47.07378,-45.21904,-41.93972,-48.231834,-51.60932,-52.371326,-53.308563,-54.010437,-51.446728,-50.93419,-50.650375,-56.45543,-56.828323,-58.02861,-58.046814,-57.71755,-54.28152,-56.280342,-57.090637,-58.3405,-57.68113,-60.45024
256,True,-22.767872,-24.415459,-37.08959,-39.513363,-37.114414,-30.77576,-29.917479,-41.950653,-48.373665,-38.140827,-42.62861,-44.68457,-41.469017,-46.576595,-50.063763,-50.38427,-52.102936,-54.37447,-50.648514,-50.6622,-49.521404,-52.942535,-57.398342,-56.70092,-56.289948,-56.04268,-56.316544,-56.351337,-58.783722,-58.535313,-60.101036,-59.707718
288,True,-25.231365,-27.373697,-35.146748,-42.51698,-34.716393,-29.497488,-26.427858,-45.438618,-47.072372,-41.57708,-45.149452,-44.219093,-42.996635,-48.369423,-49.8133,-49.098137,-53.642242,-51.360252,-53.83808,-51.88874,-52.140823,-52.425545,-56.258636,-59.19915,-59.233112,-56.710777,-55.386215,-56.521877,-58.838314,-59.131947,-59.996216,-59.249836
320,True,-27.2971,-29.775787,-32.66117,-39.07924,-39.3649,-30.967754,-26.862473,-43.50843,-42.631165,-38.451187,-42.695602,-43.2317,-39.903687,-47.720623,-50.392,-49.757885,-53.700394,-52.813934,-52.83941,-53.433617,-51.305695,-55.06449,-56.060097,-58.94524,-59.367184,-56.258232,-55.10969,-58.35998,-58.99051,-57.63597,-59.127693,-58.709435
352,True,-23.03677,-24.858513,-32.109505,-37.316948,-40.862564,-33.576607,-27.017017,-41.791653,-41.21846,-42.194714,-43.25411,-42.672806,-41.604248,-51.475826,-50.672905,-51.243725,-53.817245,-52.22796,-52.79755,-52.64721,-48.69426,-53.849903,-54.09501,-58.33426,-58.014244,-57.76294,-55.938766,-55.631386,-58.34915,-57.7066,-56.58396,-59.093063
384,True,-25.986465,-28.135729,-33.802002,-41.905106,-38.92991,-31.729872,-26.257004,-36.61162,-38.275745,-38.505585,-40.35072,-36.66592,-37.082222,-42.48962,-39.741924,-37.010597,-34.256706,-38.25519,-46.009956,-45.762817,-47.439857,-46.924904,-48.850174,-52.72154,-50.96977,-45.089184,-42.490654,-40.20226,-33.15571,-32.465466,-37.183537,-38.38916
416,True,-28.932137,-33.956608,-33.75254,-38.327744,-33.987797,-25.370256,-28.461113,-34.195545,-36.115566,-36.154552,-40.169502,-36.0103,-38.840927,-41.164673,-40.900135,-39.073746,-32.802322,-36.420773,-44.167862,-44.567448,-43.35779,-45.24406,-46.256912,-51.979965,-48.675343,-43.630234,-36.782402,-36.76709,-33.35237,-34.307323,-36.67843,-38.043327
448,True,-24.554691,-25.013493,-32.428513,-37.69345,-38.724644,-32.507057,-25.752872,-43.408527,-41.143684,-42.966503,-43.83846,-41.299812,-39.621475,-44.922646,-48.687637,-48.392586,-49.898346,-51.430725,-52.283524,-52.586243,-47.664337,-51.46398,-55.206142,-57.54913,-53.94352,-54.852386,-48.719658,-49.60289,-46.2797,-46.967827,-49.747486,-49.701077
480,True,-22.891886,-23.99424,-34.478165,-37.400826,-41.055748,-28.28167,-24.802624,-41.11841,-45.211685,-43.106113,-44.344048,-41.99981,-38.21303,-44.32781,-48.635635,-48.386456,-50.641804,-51.37239,-54.510406,-54.719242,-51.561623,-50.450672,-54.800106,-56.44333,-58.256207,-56.114655,-52.186947,-53.512283,-51.978943,-52.72223,-55.663868,-54.821087
512,True,-24.238169,-27.679167,-34.067295,-39.7165,-38.970047,-26.853779,-22.628698,-43.09521,-47.69703,-40.33976,-46.905045,-45.446056,-41.7259,-47.019,-48.355793,-49.249855,-46.6247,-49.02688,-52.88401,-53.174366,-51.21014,-53.120003,-56.12681,-57.12196,-56.635746,-55.727036,-52.728783,-56.962677,-53.63276,-55.016685,-56.155033,-58.19716
544,True,-24.626644,-26.90381,-34.751545,-37.515656,-39.02179,-29.7737,-24.77373,-42.618042,-44.4365,-45.404247,-46.880432,-42.923714,-41.16673,-46.158314,-47.182632,-49.215855,-52.185207,-53.075428,-51.410423,-51.90845,-50.666,-53.83364,-55.66185,-56.27275,-57.108475,-56.02865,-54.545853,-56.745777,-56.132576,-57.453426,-58.124435,-59.92066
576,True,-25.107824,-25.897629,-28.916817,-34.9156,-38.39644,-28.50564,-25.079742,-41.79405,-47.315353,-47.98826,-46.638294,-46.12712,-44.472466,-51.670956,-49.45453,-49.4346,-52.216877,-51.93345,-51.47225,-49.719925,-50.113144,-50.55519,-55.86966,-58.28401,-57.58107,-56.82848,-54.10902,-54.097424,-59.15159,-59.98551,-59.201187,-59.99313
608,True,-22.944859,-25.298183,-34.051533,-36.57228,-36.657463,-33.262966,-30.396654,-39.377552,-42.855488,-43.122097,-43.820415,-46.104042,-45.619015,-47.555504,-47.378716,-49.119953,-52.741257,-51.37597,-50.466606,-51.254623,-49.97122,-52.71091,-55.41286,-56.665985,-56.946762,-59.02863,-53.15628,-54.422554,-58.077385,-59.654182,-59.227837,-58.856487
640,True,-25.954727,-28.298782,-36.07801,-36.53812,-38.47831,-31.816874,-26.822739,-42.762733,-42.915634,-47.135544,-43.874474,-45.727142,-42.234,-47.111782,-50.32986,-53.402122,-51.635704,-50.449444,-51.183624,-51.649414,-49.4175,-50.53696,-55.386345,-56.28044,-57.713303,-58.336617,-53.5231,-56.48989,-60.30077,-58.627594,-58.589798,-61.166122
672,True,-24.142942,-25.705034,-32.608498,-35.469635,-41.707947,-27.171019,-21.713493,-43.930492,-42.14695,-40.59912,-43.62965,-44.959694,-41.075333,-46.533333,-51.33999,-52.75595,-52.925526,-52.511414,-50.149857,-52.487877,-49.353905,-51.1548,-54.072857,-57.650772,-56.910213,-56.0417,-54.856495,-56.46768,-58.64682,-58.804054,-58.718876,-58.687004
704,True,-27.31873,-29.307938,-32.549934,-34.719585,-36.32012,-25.101593,-20.00792,-40.958214,-42.047657,-37.221935,-43.751015,-45.598103,-38.299656,-43.4399,-51.220512,-51.303375,-52.49392,-53.243416,-51.059708,-50.3836,-48.048344,-49.963104,-55.747913,-57.84089,-58.012283,-58.470787,-55.161217,-56.22299,-59.017147,-58.62745,-58.346565,-59.357067
736,True,-29.679493,-30.922842,-32.16232,-38.335117,-36.036316,-25.62052,-20.178425,-43.182682,-47.8318,-41.18798,-45.980724,-47.418217,-42.294975,-45.27211,-47.947342,-54.584965,-53.16175,-53.091167,-54.31587,-53.26329,-49.08277,-50.385174,-54.425285,-56.249924,-58.745834,-57.275482,-57.826973,-55.85672,-59.401833,-58.847046,-59.464737,-59.50534
768,True,-25.711597,-26.63773,-32.354034,-38.13432,-38.510014,-33.19197,-28.17218,-40.36938,-42.998703,-45.51449,-45.96856,-46.50328,-41.97826,-46.520115,-49.145184,-52.648853,-55.050297,-53.74071,-49.07952,-49.91539,-48.56745,-52.177204,-54.364338,-58.685425,-56.848045,-56.519684,-55.851135,-55.76277,-57.358364,-58.369556,-57.94948,-60.718536
800,True,-23.256247,-24.455585,-34.208313,-35.859653,-41.660713,-29.035591,-24.257572,-41.047165,-42.530426,-40.029175,-46.957687,-43.779602,-40.09839,-47.84454,-49.230503,-51.42773,-57.12075,-54.625328,-52.068638,-49.97498,-48.48486,-49.218082,-53.319744,-57.326035,-58.32865,-56.89509,-53.95202,-53.530983,-57.35006,-59.288803,-60.245827,-58.644836
832,True,-29.432354,-33.011898,-31.69574,-36.968235,-41.351933,-31.512352,-25.486362,-44.29654,-45.346127,-41.61697,-46.679993,-46.36312,-39.693596,-45.142365,-46.869804,-48.554726,-53.659214,-52.759033,-51.856846,-49.11869,-48.513874,-52.96459,-55.31565,-56.65752,-56.19558,-57.07788,-54.293118,-53.957153,-58.06305,-58.713497,-57.942314,-58.22133
864,True,-25.516577,-27.193678,-36.248627,-38.89045,-41.219467,-31.59314,-27.999214,-42.533726,-44.378754,-38.994766,-43.036613,-47.150322,-43.06382,-49.400627,-51.20007,-49.004005,-52.44987,-53.305225,-52.04547,-51.897945,-47.940826,-53.247776,-53.6157,-57.327557,-55.82947,-56.31573,-54.544807,-53.963333,-56.89042,-58.689255,-57.579998,-59.69753
896,True,-22.922653,-24.002792,-37.04803,-44.49826,-43.006996,-33.361023,-29.637825,-40.777172,-42.594894,-46.82026,-46.700645,-43.963783,-42.172043,-47.557076,-50.676838,-51.15835,-51.77455,-53.110077,-54.69079,-50.106567,-48.360153,-50.088043,-53.371994,-54.308834,-57.00251,-58.145714,-54.229477,-55.02301,-56.97306,-59.170418,-59.335335,-60.121872
928,True,-26.045258,-28.13862,-34.240795,-38.90605,-42.56325,-34.151615,-30.440407,-41.32647,-46.098343,-45.0881,-44.464474,-45.151062,-40.184597,-45.81243,-47.5432,-48.83904,-49.15799,-53.32907,-49.810604,-50.135864,-48.486,-49.740273,-54.112175,-55.753166,-54.952847,-55.238518,-51.794514,-51.485424,-53.35672,-51.8832,-52.7138,-56.16846
960,True,-28.128155,-28.918297,-34.725243,-40.201473,-41.184544,-28.883099,-24.844566,-42.494217,-45.96395,-46.227898,-48.374672,-45.018063,-43.21179,-48.45682,-49.820274,-52.3749,-52.15878,-53.88153,-52.537655,-52.14872,-51.160084,-50.4945,-53.248108,-57.899025,-55.789597,-54.155956,-52.243923,-53.917664,-56.09102,-56.451916,-57.295837,-59.495068
992,True,-21.68343,-22.53937,-34.33444,-38.10726,-39.73958,-29.485052,-23.485516,-42.602467,-44.094044,-44.829403,-47.57959,-45.139015,-39.406452,-46.812088,-49.27856,-51.091824,-52.01653,-52.391975,-52.20304,-53.277916,-50.010723,-48.664898,-55.61183,-55.93963,-57.56357,-58.110233,-53.620407,-55.109184,-57.676235,-59.284584,-60.197525,-59.73565
1024,True,-26.93983,-29.178951,-34.109097,-37.07959,-41.159386,-28.819557,-23.441507,-46.628994,-46.219055,-39.57604,-45.228012,-44.32794,-41.105774,-48.926205,-50.424202,-51.580124,-52.39479,-56.239033,-53.091663,-50.086792,-51.415478,-51.777214,-55.01191,-55.82987,-59.49049,-58.264374,-55.38018,-55.48718,-58.208817,-58.463722,-59.09179,-59.191696
1056,True,-29.29546,-30.585476,-35.003246,-38.346527,-41.249992,-29.289846,-22.87411,-42.309677,-45.602642,-41.000748,-47.790665,-45.84941,-42.59635,-48.29468,-51.98861,-50.41969,-51.336525,-52.235584,-50.15014,-51.059383,-52.434555,-54.455994,-56.33932,-59.597363,-57.230156,-56.207115,-56.00803,-56.717903,-58.635555,-59.3328,-58.036594,-59.639145
1088,True,-22.939226,-24.794666,-36.22679,-41.774403,-42.32771,-24.894163,-19.069561,-42.293095,-44.078217,-49.022488,-46.904827,-45.594692,-39.2824,-44.12776,-47.388836,-50.200424,-52.3384,-52.617546,-56.300026,-53.978367,-49.192482,-52.038795,-57.868557,-57.56166,-57.6541,-56.824917,-55.927864,-55.81852,-57.94642,-59.07363,-58.253647,-59.732117
1120,True,-24.9651,-25.6031,-33.752754,-37.756516,-43.659573,-25.008085,-19.462818,-42.96494,-41.995277,-47.914005,-46.114075,-42.345192,-41.48349,-47.82648,-49.19207,-50.52423,-52.12538,-53.903316,-51.392014,-53.514587,-49.98543,-52.614594,-56.986385,-58.402046,-57.856007,-56.622986,-55.256783,-56.56963,-57.86685,-58.736538,-58.80949,-59.6664
1152,True,-27.051676,-27.272474,-35.645752,-40.545956,-39.99191,-27.302858,-21.766605,-42.079155,-46.09263,-44.100655,-45.75237,-44.241215,-45.637737,-48.24753,-48.89725,-53.15589,-53.85071,-52.789616,-51.000443,-53.65711,-52.81373,-52.874687,-55.79376,-57.352257,-56.24031,-56.387363,-54.613514,-58.624718,-58.35295,-58.08883,-57.255356,-60.910267
1184,True,-22.70414,-23.756012,-36.070435,-41.74786,-40.20969,-29.822035,-23.637932,-42.133617,-45.879536,-42.832977,-44.53871,-42.377953,-41.058136,-47.318237,-50.752007,-52.752644,-53.066948,-55.057068,-54.478687,-54.47477,-52.448307,-54.942467,-57.071617,-56.660774,-55.86656,-57.989883,-56.375282,-56.00418,-58.48416,-57.65056,-57.783295,-60.64764
1216,True,-25.228775,-26.210262,-34.49772,-37.40886,-38.845795,-28.84923,-24.252045,-42.962685,-46.93512,-49.249237,-48.15071,-49.79254,-44.00467,-46.13081,-47.185673,-50.78802,-53.47763,-52.027706,-51.111546,-51.973644,-51.312603,-54.48307,-57.70871,-57.922493,-55.19496,-57.20326,-57.044926,-56.85803,-59.725418,-60.087173,-59.250954,-61.127884
1248,True,-27.945654,-29.691013,-35.173344,-41.22089,-45.207367,-28.2148,-23.406376,-44.85488,-46.239487,-41.44335,-46.704956,-46.73996,-43.608395,-47.043144,-47.590252,-50.272297,-53.482174,-51.131283,-52.930298,-52.046566,-50.04132,-51.96863,-56.851204,-59.527687,-59.470898,-59.15463,-56.69025,-57.946632,-58.63569,-60.126595,-58.78386,-59.93168
1280,True,-24.961838,-26.049269,-36.414413,-39.31163,-38.554848,-27.305946,-22.939045,-42.712784,-43.99029,-42.317345,-44.813126,-47.067642,-44.26517,-44.641327,-45.616005,-49.112743,-53.033447,-53.69528,-53.11618,-53.625328,-50.47769,-54.148636,-57.461098,-57.861485,-57.540863,-56.941086,-54.953346,-57.074005,-58.68802,-58.975452,-57.744957,-61.056133
1312,True,-24.61653,-25.042116,-32.931084,-35.287003,-44.50547,-32.731567,-27.929043,-42.475643,-45.191208,-45.69188,-46.710934,-42.454926,-39.312428,-46.542984,-49.419716,-48.95881,-52.71374,-55.596233,-52.51985,-52.393993,-48.698723,-53.273094,-57.365234,-58.10765,-60.921524,-59.45369,-55.634956,-55.249725,-58.481987,-59.447174,-58.495407,-60.1977
1344,True,-30.378551,-34.316204,-29.50349,-33.798332,-44.97154,-28.352125,-23.445621,-43.57317,-51.766556,-40.899643,-43.052273,-42.445663,-38.72904,-45.581863,-48.842346,-49.61435,-53.365517,-51.229748,-50.830475,-51.620617,-51.839928,-53.044357,-58.024998,-55.894547,-57.844467,-56.72579,-54.330387,-55.077225,-57.636513,-58.308037,-58.17211,-60.40768
1376,True,-25.52685,-27.635622,-34.4061,-39.66441,-41.63717,-29.985405,-23.853857,-38.47527,-42.309563,-45.616188,-48.183292,-45.754875,-40.511612,-48.858704,-49.765297,-49.906326,-52.595116,-53.385963,-52.161755,-50.32633,-48.35524,-52.49735,-57.297554,-58.53481,-55.738747,-57.81861,-55.881996,-56.77652,-56.13596,-58.927288,-59.413036,-58.620003
1408,True,-23.40315,-24.467934,-32.387203,-39.57885,-39.45805,-28.671398,-24.061071,-44.605232,-42.737232,-41.82006,-47.762207,-43.038334,-40.269615,-47.569572,-47.268036,-47.72965,-53.603367,-53.261353,-52.00553,-52.819305,-52.093998,-53.486702,-56.21471,-56.955902,-55.881775,-56.20783,-57.197815,-57.052807,-58.308277,-58.80155,-57.77281,-59.58512
1440,True,-27.24412,-28.937195,-34.421116,-38.193363,-42.433098,-30.961912,-25.443716,-42.69439,-43.055664,-43.411873,-45.391876,-44.42394,-40.6044,-47.37519,-49.226006,-50.849113,-50.772507,-52.939392,-51.14378,-50.69815,-48.70437,-49.97257,-56.118706,-56.68879,-56.883312,-57.68246,-57.157806,-56.493828,-58.702316,-58.94804,-58.63804,-58.73776
1472,True,-27.741205,-29.775627,-33.67046,-36.989773,-34.120518,-28.541283,-25.631979,-30.131628,-32.47543,-36.98214,-36.87202,-34.76383,-35.012234,-37.628113,-35.756332,-33.093937,-29.012625,-32.640923,-43.91896,-42.46697,-42.684742,-44.07067,-45.280304,-45.166393,-44.367683,-39.992996,-38.62727,-34.446,-29.053616,-28.37254,-31.33722,-33.81053
1504,True,-24.376041,-25.503136,-33.448963,-37.86492,-38.439194,-30.094185,-30.050085,-36.900105,-37.651085,-42.61438,-44.44286,-38.360706,-40.130116,-45.59956,-46.78049,-46.189354,-39.282524,-42.8232,-49.512936,-47.877678,-47.978474,-49.826538,-55.440907,-55.698742,-54.118557,-52.302773,-47.61458,-45.305016,-43.209415,-44.843174,-43.938103,-44.927788
1536,True,-24.516682,-25.632332,-34.7452,-38.487602,-35.817398,-26.136543,-22.229858,-40.302376,-41.148766,-43.055824,-44.815674,-43.15958,-40.277046,-49.281982,-48.7435,-50.596756,-47.892883,-47.776726,-50.664425,-51.26522,-49.96846,-49.85695,-54.12579,-56.726013,-56.033142,-56.266117,-52.520824,-51.970833,-50.099186,-49.86429,-50.826546,-52.584312
1568,True,-28.894958,-28.84124,-32.86744,-34.898678,-40.39479,-29.049809,-23.82989,-42.40703,-40.732597,-43.26918,-46.273796,-43.543533,-41.247234,-48.67206,-48.61307,-51.7561,-48.95482,-49.88936,-54.01657,-51.09836,-49.013184,-52.76622,-56.550385,-57.339233,-57.15558,-53.675247,-54.527473,-54.32306,-52.218636,-54.106083,-55.123672,-57.16137
1600,True,-22.516922,-23.255753,-36.892056,-38.38036,-42.533325,-37.042408,-31.656433,-41.025127,-41.141277,-43.42714,-46.993443,-48.080463,-46.39835,-47.645065,-47.534966,-49.207264,-51.232094,-51.468636,-53.364998,-53.392696,-50.202415,-51.66001,-56.327473,-57.713806,-58.006927,-55.529785,-56.314945,-53.97265,-57.13661,-57.56402,-57.99484,-60.219963
1632,True,-22.373962,-24.805708,-36.77691,-39.70765,-37.42757,-33.31437,-29.236385,-42.82132,-43.799404,-42.099766,-44.84053,-45.06262,-41.460186,-49.70806,-48.641335,-49.304485,-50.890217,-51.283535,-50.045654,-52.255825,-51.430588,-53.949867,-57.09398,-57.25921,-57.43776,-58.03048,-54.67472,-55.14583,-57.966393,-57.958847,-58.304844,-58.70564
1664,True,-27.515793,-28.925987,-32.841774,-37.68906,-41.408882,-28.94089,-24.415752,-42.680237,-44.41442,-45.114384,-46.619904,-43.190426,-38.73204,-45.490936,-47.487434,-50.99169,-51.64241,-52.42906,-50.78076,-51.554344,-48.42587,-51.203655,-55.812218,-57.837643,-58.51072,-54.438435,-55.886288,-55.580555,-58.801666,-60.519047,-57.91893,-59.27599
1696,True,-27.74134,-28.574896,-31.280529,-37.414955,-43.398964,-33.518356,-31.24957,-39.504017,-41.292084,-46.492546,-49.966446,-49.342842,-45.60667,-48.289207,-49.137177,-51.756645,-53.081825,-52.83029,-53.151833,-50.46944,-49.89691,-52.828693,-55.259438,-57.24923,-58.739048,-56.085754,-54.039474,-56.518356,-58.65498,-60.801582,-58.907986,-60.370834
1728,True,-24.142002,-25.05187,-32.28163,-37.50112,-42.700085,-30.101627,-24.915545,-41.64411,-42.777306,-40.512856,-46.53664,-46.127464,-40.237167,-43.516434,-48.38556,-51.180077,-52.480984,-51.824196,-52.277008,-49.04145,-49.995674,-53.67418,-58.23772,-57.80818,-57.574677,-56.010136,-54.929916,-57.726597,-59.59749,-59.563766,-58.21552,-60.84923
1760,True,-28.501837,-30.063574,-35.642326,-39.574043,-38.658398,-26.187551,-20.826586,-43.357475,-45.51847,-41.225185,-47.33894,-47.423855,-41.47229,-43.938393,-47.679268,-49.618736,-54.9571,-56.00532,-53.65148,-53.21817,-50.838985,-54.69983,-57.277103,-56.573257,-57.25657,-56.90213,-55.533844,-56.879654,-59.842667,-59.73819,-58.21765,-60.868435
1792,True,-26.463366,-28.474926,-37.013786,-40.00171,-39.810806,-25.095007,-21.251167,-45.626007,-50.068344,-43.766487,-49.207912,-45.575962,-42.889114,-47.4025,-48.414825,-55.22637,-55.280907,-54.01344,-55.75499,-50.28412,-49.635773,-51.449013,-57.868324,-57.869057,-57.516983,-56.38052,-55.88418,-56.467163,-60.05655,-61.482296,-60.431347,-59.604973
1824,True,-23.398373,-25.022163,-33.206043,-37.471756,-40.70751,-32.06012,-28.188854,-41.98822,-41.97739,-40.56253,-43.51969,-45.900383,-44.456223,-49.40058,-51.832428,-52.022778,-52.534004,-52.442554,-50.651318,-49.235706,-51.136517,-49.90492,-54.416622,-57.576157,-59.17099,-58.177826,-56.83262,-58.397835,-59.930653,-58.332054,-57.242363,-60.568768
1856,True,-24.950045,-26.40556,-35.07694,-40.029533,-40.731895,-36.64223,-34.34118,-41.112385,-45.37722,-41.60846,-48.702896,-46.522987,-44.036827,-49.993713,-49.2769,-51.03046,-52.96422,-51.737675,-51.455376,-50.38849,-51.311615,-52.11868,-56.107216,-57.071148,-56.77206,-57.1279,-54.59814,-54.991043,-57.35148,-60.466293,-59.447105,-59.701992
1888,True,-27.827757,-30.920565,-33.66127,-37.922443,-41.068314,-32.72764,-30.849812,-42.83974,-47.549957,-40.27319,-44.432316,-43.82128,-42.11692,-48.981018,-49.691856,-52.54442,-54.99057,-51.750225,-51.16156,-49.503967,-50.66326,-54.144573,-56.12123,-56.976124,-57.913784,-57.248287,-54.81137,-56.483646,-57.923805,-58.975864,-59.2664,-59.329716
1920,True,-22.367031,-23.345348,-36.824142,-40.838875,-39.313522,-28.235863,-24.620724,-45.230743,-44.69931,-43.778606,-47.793346,-45.10681,-40.90722,-48.593872,-49.440445,-52.325493,-55.124477,-53.856552,-51.895134,-50.192722,-51.656143,-54.4055,-57.04988,-58.317696,-57.17359,-56.23264,-53.468403,-56.28002,-58.51481,-58.52874,-59.099716,-61.224937
1952,True,-24.417925,-26.076767,-35.71002,-38.754322,-43.38469,-34.167587,-30.55302,-42.412605,-45.539207,-40.966564,-44.852753,-41.916355,-40.444485,-46.98108,-49.056725,-50.032394,-50.72493,-53.06953,-53.4944,-54.299095,-47.795277,-51.2734,-57.445038,-56.681267,-56.717026,-55.46544,-55.397263,-55.71444,-59.828545,-59.697365,-58.99889,-60.39154
1984,True,-27.838184,-31.252535,-35.550064,-38.322178,-42.705517,-33.332527,-29.8455,-41.89717,-45.876823,-38.19193,-42.123367,-41.593613,-39.839226,-48.360027,-50.9983,-54.611187,-54.000164,-53.00985,-53.0444,-52.221237,-48.86914,-52.520752,-56.021713,-57.493557,-57.861603,-59.048466,-56.210155,-57.343082,-57.397926,-58.694725,-58.80182,-58.884422
2016,True,-24.484932,-26.821033,-37.676147,-40.760883,-37.780293,-34.73918,-40.939198,-42.175102,-43.16303,-39.644665,-44.202774,-44.278427,-40.62806,-48.48356,-50.74963,-51.096416,-45.986908,-49.03948,-51.588863,-51.208042,-51.698975,-51.062874,-54.634037,-55.836945,-53.88825,-55.569664,-53.47551,-50.518036,-52.698624,-51.434555,-52.56627,-57.826458
2048,True,-22.313133,-23.358831,-38.38082,-40.028053,-39.689857,-28.650326,-25.015636,-39.42069,-46.154198,-43.727528,-45.974155,-44.907093,-43.825874,-46.25593,-48.156525,-51.532394,-51.77388,-49.977077,-49.509716,-51.312847,-49.968143,-53.17392,-54.27404,-56.19419,-55.31253,-54.990234,-53.44523,-53.88605,-57.397156,-58.171883,-57.946857,-59.84232
2080,True,-25.968992,-29.250574,-37.43771,-38.447575,-38.749146,-30.274853,-26.747677,-42.14378,-45.15781,-44.204796,-48.875893,-45.95408,-40.09504,-45.259674,-49.414406,-52.485634,-49.723602,-50.064713,-50.4884,-48.888126,-45.25734,-50.419727,-53.607773,-57.426277,-56.490234,-56.25919,-55.26672,-54.437023,-57.907658,-60.237762,-59.11085,-60.47729
2112,True,-25.994144,-28.795506,-37.183662,-38.795856,-35.04486,-29.385271,-25.163145,-41.099834,-42.08794,-42.025894,-46.33884,-43.651726,-41.14843,-48.496918,-48.436527,-52.38022,-51.505657,-50.85568,-48.27735,-50.23493,-48.435207,-51.133137,-55.464993,-58.38365,-57.65431,-57.624573,-54.464943,-55.539738,-57.23846,-58.884476,-59.438877,-59.71596
2144,True,-22.178352,-23.628696,-34.860226,-39.123146,-38.50238,-31.001038,-29.20916,-42.423775,-43.294506,-46.646378,-48.104702,-45.27332,-41.21634,-46.131687,-47.905396,-51.95662,-52.53721,-55.200066,-51.64133,-49.194443,-47.277863,-49.95932,-54.659576,-58.469513,-58.480267,-57.205093,-56.14239,-55.219803,-56.838917,-59.158592,-60.28742,-60.658356
2176,True,-25.279799,-27.314367,-35.519962,-38.887653,-40.85121,-35.72564,-35.811825,-42.035183,-46.059036,-46.61695,-43.744625,-41.722675,-42.74364,-45.67411,-47.43586,-53.11508,-53.978382,-51.939056,-54.496834,-51.141697,-49.634956,-53.308693,-54.513306,-57.6504,-58.113903,-59.338936,-54.703133,-55.325195,-56.530346,-57.357174,-57.924553,-61.634174
2208,True,-24.000456,-26.546246,-37.57276,-41.117382,-35.63066,-33.572456,-34.853333,-44.521976,-47.824062,-43.40847,-47.22469,-45.637928,-41.244793,-45.831028,-48.701588,-52.090054,-52.958923,-54.22345,-53.151394,-49.22857,-49.768974,-52.018494,-55.066696,-57.11407,-55.26312,-54.901436,-53.93101,-54.655193,-60.124664,-59.662052,-59.78604,-59.25369
2240,True,-24.048574,-24.878386,-32.33797,-36.020317,-37.95108,-31.833706,-29.80749,-44.5397,-46.958145,-44.129547,-44.40438,-44.401855,-44.432606,-45.281025,-47.278038,-51.822098,-57.7895,-52.575954,-51.118683,-51.218567,-47.585037,-51.212746,-54.73169,-56.40869,-56.171993,-55.001045,-54.57673,-55.559772,-58.47959,-59.911644,-60.198753,-60.12371
2272,True,-25.051613,-26.944883,-36.310703,-38.777714,-36.33206,-30.56114,-28.321938,-39.278683,-41.55445,-44.98448,-43.036877,-44.516434,-42.31775,-48.564423,-50.564087,-50.29956,-53.289684,-52.50859,-48.849426,-49.08754,-49.405716,-50.70782,-54.61231,-56.33693,-54.911636,-55.911858,-53.817482,-54.07396,-57.793137,-60.045513,-57.95979,-60.66298
2304,True,-26.76516,-30.294218,-38.577522,-39.792316,-38.758698,-26.032372,-21.120329,-42.30614,-43.058353,-47.840317,-47.302483,-43.98039,-41.01746,-47.47661,-48.62979,-50.5257,-53.481865,-53.120884,-49.462517,-51.242558,-48.500755,-51.681286,-55.81911,-58.095055,-58.596222,-58.987244,-56.067665,-57.367294,-59.446495,-59.215454,-57.605324,-58.574898
2336,True,-22.990963,-24.388645,-36.952545,-40.283833,-38.463856,-26.367844,-21.212187,-41.055187,-46.371246,-42.999233,-45.84899,-45.30779,-42.084866,-46.613503,-47.149048,-49.569984,-50.53181,-50.25599,-52.47978,-49.78415,-50.91539,-54.0053,-55.972816,-57.84189,-57.851833,-57.882328,-55.73637,-56.767426,-61.42054,-60.2246,-59.327007,-61.693405
2368,True,-22.7102,-24.055746,-35.130215,-36.527363,-38.42614,-27.008703,-22.539562,-43.204163,-44.198452,-43.431473,-44.722095,-42.60776,-42.06606,-47.342228,-48.575096,-51.44616,-55.204285,-50.644234,-49.6081,-53.881866,-51.26052,-53.433952,-58.231358,-59.777798,-58.67095,-57.954567,-55.784065,-58.37918,-59.08603,-60.273384,-59.90646,-61.38207
2400,True,-32.04797,-32.735416,-34.5772,-41.613037,-41.734715,-33.031555,-27.74662,-42.965984,-43.71982,-44.484753,-45.72429,-45.534595,-43.529415,-47.861423,-49.973087,-52.063606,-52.218033,-51.360935,-54.209984,-55.601227,-53.702236,-55.77175,-57.008575,-58.87503,-56.91722,-57.455452,-56.254402,-57.86388,-59.832092,-61.086685,-59.52688,-60.31547
2432,True,-25.140676,-27.381516,-34.77445,-40.02644,-42.259956,-28.485725,-23.609615,-45.928925,-47.16345,-45.070004,-45.765705,-42.5581,-42.970108,-49.115555,-49.356865,-50.286297,-52.803654,-53.19757,-52.546124,-53.437996,-53.783195,-56.563114,-58.378494,-58.899197,-57.53987,-59.185898,-55.16253,-58.024616,-61.54427,-58.56724,-58.017635,-60.727608
2464,True,-25.819063,-27.046238,-35.691505,-39.798744,-41.563206,-29.324091,-24.157104,-44.428043,-45.221718,-46.66487,-47.173344,-43.06076,-41.15877,-47.912987,-49.3957,-54.201565,-53.261124,-51.307182,-54.199173,-52.544357,-52.4226,-54.151005,-58.38842,-60.124115,-57.830048,-58.87549,-55.978897,-58.22312,-59.567257,-59.84447,-59.528168,-59.32341
2496,True,-28.465885,-29.867973,-39.798237,-41.190628,-40.557037,-33.753727,-29.72379,-44.614662,-43.56903,-43.52796,-47.305832,-45.292362,-42.197895,-48.316196,-48.426212,-48.860756,-53.64897,-54.867855,-53.963097,-54.0548,-53.93103,-54.475597,-58.092403,-59.616398,-58.964962,-58.164524,-56.853107,-57.47349,-59.682407,-60.09241,-59.89373,-60.817825
2528,True,-27.087952,-29.595158,-33.20353,-39.238136,-40.655792,-32.353672,-27.570541,-43.62342,-46.800213,-43.033745,-46.330307,-42.914852,-40.223564,-46.970398,-47.70811,-48.998093,-53.54816,-53.25407,-51.75572,-53.44966,-52.524456,-55.905457,-61.95257,-61.111046,-58.678684,-58.557186,-57.120853,-57.38749,-61.844795,-58.59222,-58.238335,-60.09812
2560,True,-22.297792,-22.787899,-33.709118,-39.354942,-38.78489,-34.595833,-31.219189,-41.247154,-45.161243,-40.720207,-48.956104,-46.26599,-39.53543,-46.441193,-49.472126,-49.141273,-52.243866,-51.946712,-51.782402,-52.58548,-52.052765,-53.033504,-57.631523,-57.846603,-57.07474,-56.496464,-55.790466,-57.20466,-60.358864,-59.77128,-58.153107,-60.557602
2592,True,-27.1792,-28.918123,-30.653067,-39.29394,-39.852196,-35.574615,-33.099728,-41.368362,-42.636623,-40.081383,-46.136925,-43.991413,-39.726536,-48.315624,-50.313725,-49.306103,-51.422634,-55.191036,-53.534515,-54.2597,-51.014294,-53.869087,-58.306297,-59.131416,-58.48111,-58.70603,-55.9517,-56.39179,-58.69638,-58.601128,-58.609673,-60.544094
2624,True,-27.429817,-29.236702,-33.5343,-37.586094,-39.852848,-31.38602,-27.585365,-42.804214,-43.533344,-39.953312,-48.008957,-45.414394,-40.620308,-48.13786,-50.08954,-51.180878,-52.79901,-51.462933,-52.052277,-52.914948,-51.496704,-54.159286,-58.08191,-59.071075,-58.166428,-58.631126,-56.192917,-57.12082,-58.082767,-59.326202,-59.83042,-62.165226
2656,True,-23.932312,-26.221275,-35.53911,-38.829235,-43.10387,-30.262281,-25.495672,-41.63628,-42.7995,-43.671204,-48.021816,-45.79363,-43.508865,-46.847706,-47.57894,-50.713676,-54.761383,-55.926914,-53.00914,-51.877594,-51.163315,-53.99204,-57.328194,-58.824913,-58.421074,-56.556835,-56.6514,-57.573196,-58.938934,-58.242813,-58.733173,-60.28673
2688,True,-25.5066,-25.937702,-35.536545,-42.566826,-41.07139,-30.79977,-27.663305,-43.587982,-48.75719,-45.36448,-46.63631,-43.917206,-40.765785,-47.941887,-51.00493,-51.9757,-55.32259,-53.93705,-52.80041,-53.020023,-53.940853,-52.898754,-56.61998,-58.993042,-58.786297,-57.47259,-56.56635,-59.116745,-59.339794,-58.854683,-58.559456,-60.513035
2720,True,-27.917427,-28.574255,-31.108856,-39.271664,-41.31975,-33.171467,-32.09982,-41.156883,-41.879597,-45.901062,-45.374702,-43.404827,-40.667614,-47.04674,-51.051365,-52.042114,-52.81273,-56.245544,-53.356647,-51.047752,-52.462105,-53.946968,-55.589874,-57.564896,-57.536385,-57.237144,-56.422287,-58.0354,-58.70743,-58.050552,-58.439125,-60.43261
2752,True,-23.538448,-24.823448,-33.02463,-37.976086,-36.960064,-32.99316,-34.580616,-47.904663,-47.30446,-40.720592,-45.658955,-42.187973,-39.593834,-46.433025,-47.50231,-50.327698,-54.619705,-52.607788,-51.491425,-54.22387,-54.375175,-52.803135,-55.121048,-57.347332,-57.72633,-58.064938,-55.039997,-57.29822,-57.44992,-58.862137,-59.538784,-60.01595
2784,True,-21.556875,-22.981157,-34.401234,-39.9666,-36.168247,-30.83208,-31.027067,-43.340992,-47.805977,-44.913773,-42.960846,-44.35205,-41.764282,-46.1062,-47.015373,-51.489807,-53.86177,-53.284496,-52.151154,-53.160088,-52.68229,-54.435257,-58.922554,-59.26429,-57.968033,-57.561478,-57.37258,-58.807922,-58.59316,-58.755955,-60.525826,-59.80028
2816,True,-27.151958,-30.979328,-31.991062,-36.482147,-38.204582,-29.744526,-25.83144,-41.18774,-47.767853,-44.44782,-45.164013,-42.843018,-45.313705,-48.239204,-46.930546,-54.278065,-53.62023,-52.747765,-56.010914,-53.573288,-52.3563,-54.602657,-57.86726,-58.709087,-57.973133,-56.79,-55.33833,-59.7232,-59.457474,-59.01569,-61.13118,-58.68046
2848,True,-24.595783,-25.914444,-36.23615,-46.43301,-42.74956,-37.34529,-35.481113,-41.444283,-45.171936,-40.445293,-43.09813,-43.40206,-40.833492,-48.670998,-50.488743,-52.95008,-54.31078,-54.298927,-54.217678,-53.52575,-52.862545,-53.635426,-55.541428,-57.57917,-59.627388,-58.336163,-56.34156,-57.635937,-59.265907,-59.65204,-59.828545,-60.362587
2880,True,-22.528429,-24.860746,-34.738426,-40.585716,-42.675205,-35.19934,-31.878166,-41.19942,-44.663834,-41.19052,-44.951225,-43.35354,-41.33529,-47.93432,-48.91769,-50.717464,-54.738914,-55.01594,-53.59326,-51.946903,-50.712334,-53.51127,-57.24277,-58.34188,-57.137474,-57.942406,-55.00798,-58.11337,-59.40985,-59.34402,-58.995903,-61.370964
2912,True,-25.114368,-27.20879,-32.415295,-39.441483,-40.936695,-34.546696,-30.213009,-44.270737,-43.98665,-48.37844,-45.433975,-44.82243,-42.613712,-48.705994,-48.6513,-50.90347,-51.27697,-51.564617,-53.12097,-52.341827,-52.97579,-53.532948,-57.037987,-55.862175,-56.59782,-59.27507,-54.856358,-56.413506,-58.96276,-59.90288,-58.204308,-61.204906
2944,True,-29.895828,-30.324926,-33.02322,-38.031525,-38.137146,-34.642704,-34.73275,-42.38516,-46.123276,-42.05881,-43.66961,-42.51464,-45.97278,-48.46977,-49.79096,-49.751263,-51.848087,-51.111256,-51.297195,-49.72657,-50.024456,-51.22776,-55.583076,-58.49843,-57.152283,-55.771217,-56.36312,-57.05675,-57.547726,-59.78125,-58.88926,-59.461174
2976,True,-23.671091,-25.332022,-37.393925,-39.55268,-37.551197,-31.889137,-26.85743,-41.872833,-42.749588,-41.703663,-43.65927,-41.86418,-43.405212,-47.09588,-48.49791,-52.690334,-54.888428,-54.837986,-51.696243,-52.522465,-50.416954,-50.926914,-55.828613,-56.241783,-57.75312,-56.595078,-55.04314,-55.50323,-56.87371,-58.50454,-58.39964,-60.125816
3008,True,-22.992342,-23.919907,-32.954536,-37.15911,-42.809258,-29.412937,-24.95116,-41.190666,-41.876076,-44.971546,-47.244507,-44.471153,-39.454674,-46.49814,-47.92753,-49.967903,-53.437386,-54.776646,-50.9402,-50.958866,-47.457195,-50.329075,-54.219414,-57.433186,-58.180004,-58.117565,-54.81099,-55.779404,-57.93943,-58.35917,-57.219864,-59.674267
3040,True,-25.141268,-29.044724,-37.88296,-40.01599,-42.27747,-28.017159,-22.73158,-41.05884,-43.287422,-47.02377,-49.981827,-46.196598,-40.012325,-46.603508,-49.73195,-54.680954,-56.44819,-52.81774,-52.73963,-48.58333,-48.826134,-52.10678,-55.558147,-56.488647,-59.44821,-56.727386,-53.8423,-55.832,-58.859516,-59.532364,-59.4152,-59.77864
3072,True,-23.420906,-25.129766,-37.247288,-41.850018,-41.44182,-32.841743,-30.257076,-41.859573,-46.062817,-44.896393,-46.446716,-42.752132,-39.69089,-45.057594,-47.187637,-50.09439,-53.36148,-55.252537,-52.170834,-49.346268,-48.196983,-52.76555,-54.363426,-56.365376,-58.15522,-57.86447,-55.442005,-55.41554,-58.198196,-58.669403,-57.94699,-59.40453
3104,True,-21.948225,-25.585918,-34.12542,-38.991386,-41.85882,-31.98302,-28.626492,-43.077896,-43.527267,-43.61317,-48.77881,-47.22433,-39.065784,-44.00797,-49.715923,-52.20535,-52.291393,-54.80576,-52.74856,-51.84902,-51.14167,-51.436314,-57.36751,-57.156006,-57.49035,-57.818813,-54.679657,-56.652798,-58.248466,-58.275146,-59.12788,-59.51519
3136,True,-26.857262,-28.807783,-37.311535,-44.292988,-41.35412,-24.845615,-20.536026,-42.633217,-44.312397,-44.406086,-48.03775,-44.072918,-40.91879,-48.170776,-51.074795,-50.12539,-51.867325,-52.835255,-51.534416,-49.747902,-52.454243,-52.40621,-54.878326,-56.351807,-57.421463,-55.097023,-53.191776,-55.283817,-57.510696,-57.937817,-57.527054,-59.228165
3168,True,-23.53072,-25.235104,-36.424557,-41.30522,-38.79309,-26.56312,-22.66163,-42.973827,-45.364685,-50.366558,-50.618965,-46.744045,-42.651123,-49.400517,-49.25582,-52.13503,-52.989826,-53.08793,-50.341484,-51.400227,-49.776695,-50.86428,-53.673615,-58.44202,-56.61519,-56.915085,-53.251743,-55.025925,-58.305275,-59.23147,-57.822033,-61.72192
3200,True,-21.108974,-23.424698,-36.024773,-39.544556,-39.220524,-28.02168,-25.459705,-43.97303,-44.369274,-43.229454,-45.1315,-43.22144,-39.923283,-47.690315,-50.22129,-51.493713,-52.497143,-53.344055,-49.663795,-51.294304,-47.56693,-51.660614,-56.951824,-57.036728,-57.1584,-57.867718,-54.511074,-55.25598,-57.68646,-57.315247,-56.79029,-61.52009
3232,True,-25.682701,-29.62782,-34.991516,-41.984097,-39.847736,-32.6426,-29.008667,-41.93621,-44.77188,-43.94158,-48.49872,-45.776924,-43.729664,-48.338055,-50.55513,-52.25643,-54.13951,-53.536396,-49.80596,-49.916004,-50.846542,-51.41828,-55.4746,-56.348667,-57.367344,-56.572197,-54.280605,-56.959763,-59.246956,-58.036087,-57.48832,-60.60202
3264,True,-25.219303,-27.303915,-34.371952,-36.679985,-39.49054,-35.675434,-34.26498,-43.473236,-43.881416,-40.614876,-47.1074,-43.48105,-43.44996,-49.186707,-51.373096,-52.744785,-53.067596,-53.35762,-52.519344,-52.881588,-49.687275,-52.421547,-55.268536,-60.25722,-59.535885,-57.92707,-56.404186,-57.61591,-59.279156,-57.65354,-57.675686,-59.007095
3296,True,-22.439096,-23.844723,-32.78282,-36.961967,-42.429893,-33.229393,-29.703825,-44.49123,-47.90882,-45.05587,-48.518795,-45.766487,-42.383774,-47.27674,-50.211864,-54.331306,-55.170654,-54.278915,-51.739952,-49.986168,-50.130997,-53.35543,-57.388454,-59.16718,-57.794502,-58.313107,-56.46072,-56.13634,-57.613388,-59.146477,-59.384964,-59.97129
3328,True,-25.725433,-26.297974,-35.992702,-40.123856,-42.160015,-34.51415,-32.091373,-47.61506,-45.36841,-47.128036,-48.673283,-48.89039,-44.463696,-49.531956,-50.92916,-53.32893,-52.643238,-52.532433,-51.591602,-51.537697,-50.58177,-52.883125,-55.94316,-58.37262,-57.92984,-55.84523,-55.48344,-56.22937,-58.111195,-58.804707,-59.350273,-60.121655
3360,True,-27.326122,-30.865156,-35.31075,-42.255676,-41.82695,-35.804153,-30.724669,-42.400085,-42.374424,-44.172768,-47.3705,-45.45842,-41.408813,-46.760292,-51.622528,-52.79713,-53.76289,-54.205956,-52.67738,-50.790314,-49.3107,-53.12583,-55.962902,-57.10361,-58.329865,-56.298862,-55.911716,-56.702614,-58.852024,-59.32135,-57.79495,-58.00804
3392,True,-22.117989,-24.610546,-32.783077,-36.36501,-40.25586,-30.769339,-26.855595,-42.4206,-43.950874,-39.619576,-46.079086,-46.5802,-42.378647,-45.605446,-49.145298,-53.014393,-54.729454,-52.148895,-50.178226,-52.854424,-50.21172,-51.28855,-56.66737,-58.017086,-57.700417,-56.624874,-54.298687,-56.18946,-58.50428,-59.84406,-59.13774,-60.495228
3424,True,-24.149567,-26.350025,-34.62718,-38.944786,-44.520462,-33.33146,-31.37218,-40.74421,-46.225082,-42.977543,-42.970432,-42.119583,-38.501396,-45.730904,-49.091534,-51.425133,-51.388454,-53.01079,-53.077568,-51.379593,-47.986355,-52.63881,-56.262775,-56.95311,-58.46266,-58.3443,-57.35202,-57.26093,-59.53917,-59.202736,-58.26002,-60.319084
3456,True,-25.787395,-29.150171,-35.02823,-41.7453,-44.382805,-28.755672,-24.509773,-41.751465,-48.456284,-42.191628,-45.223316,-45.171524,-40.692993,-47.783222,-48.950653,-50.380077,-52.08246,-54.49953,-50.036182,-51.28823,-47.774384,-51.060524,-56.305164,-57.873302,-57.221413,-56.07902,-54.429863,-55.873512,-57.842804,-58.855087,-59.125614,-58.82486
3488,True,-22.410505,-24.034142,-31.807539,-34.96477,-43.079613,-27.29105,-21.986485,-39.99498,-46.492252,-39.83825,-43.85633,-42.99999,-42.34579,-44.79877,-47.17447,-50.228123,-50.7471,-52.15891,-51.66086,-50.483166,-50.32929,-52.67675,-56.586136,-57.79693,-58.26042,-57.629704,-56.835068,-55.446316,-56.52472,-58.242966,-57.588448,-57.974148
3520,True,-21.647585,-23.051443,-32.6255,-37.305428,-40.09189,-27.491446,-22.997898,-43.556538,-45.31948,-43.756603,-47.015404,-43.00643,-40.30237,-46.232086,-49.269028,-49.430504,-50.76502,-52.281075,-52.090874,-50.66884,-50.812645,-53.802094,-54.860756,-55.04173,-58.023853,-55.581936,-56.991432,-57.02829,-57.01738,-58.27513,-58.913773,-59.463203
3552,True,-25.729273,-29.755095,-36.273182,-40.988773,-40.45174,-32.098312,-26.492607,-43.897957,-44.327766,-44.232666,-46.99893,-43.852238,-41.66015,-48.328186,-52.693573,-54.024376,-52.513763,-53.02619,-54.767708,-53.10406,-49.53423,-52.66685,-57.048195,-55.384747,-56.696056,-58.13347,-55.26775,-55.57342,-57.812836,-60.87789,-59.34193,-60.1617
3584,True,-24.552021,-26.24231,-34.276154,-39.17917,-35.785828,-31.978374,-27.541311,-42.008125,-43.3872,-45.82856,-47.566063,-45.001442,-42.788704,-47.17871,-46.691772,-50.853737,-55.379036,-52.751945,-50.616665,-52.407173,-50.695347,-50.46917,-55.36509,-57.939354,-55.583206,-57.24523,-54.907257,-55.49625,-57.158348,-58.673023,-59.414154,-59.62534
3616,True,-22.700653,-24.89996,-32.962654,-37.555794,-37.37069,-34.700882,-30.810183,-45.141785,-43.350113,-42.42466,-43.76194,-43.6549,-39.38526,-46.676365,-51.860367,-55.965103,-53.532608,-53.29149,-52.619217,-52.25012,-50.94961,-51.230637,-55.925526,-58.55978,-57.574417,-58.156204,-56.429157,-54.93885,-59.211575,-58.06479,-59.321068,-61.00119
3648,True,-23.651196,-26.034561,-32.403206,-37.018085,-37.37617,-33.774952,-31.914015,-44.24787,-46.659042,-39.754993,-44.669758,-44.2034,-37.65938,-46.1868,-50.793877,-50.293613,-53.79635,-55.02582,-55.019737,-54.663933,-51.689316,-51.98931,-56.976093,-58.703888,-58.09755,-56.792088,-55.57289,-58.2425,-58.95327,-59.108334,-60.428066,-60.868267
3680,True,-24.321877,-26.069427,-33.854156,-38.116592,-37.016457,-35.719147,-34.387627,-41.94943,-45.28322,-41.18097,-45.415604,-45.445286,-39.56884,-47.30368,-50.72637,-52.15219,-53.47966,-50.535637,-53.78654,-53.408028,-50.835197,-53.294697,-57.27032,-58.590263,-59.348125,-58.580864,-56.643997,-57.072636,-58.926155,-58.817123,-58.837437,-60.330845
3712,True,-23.449766,-25.407993,-32.138794,-42.286247,-40.198456,-30.698442,-27.454014,-44.68686,-45.075993,-44.78179,-46.344078,-48.649612,-44.708908,-48.82846,-51.553883,-52.939056,-53.72071,-56.367943,-56.45039,-53.365265,-50.194782,-52.313896,-57.071854,-59.09131,-59.435104,-58.04151,-54.222656,-56.578426,-58.104996,-59.44399,-59.693394,-61.5422
3744,True,-24.802113,-26.206465,-31.83482,-36.74151,-37.35939,-29.117098,-25.140396,-40.189056,-43.37931,-47.705757,-48.21953,-45.73425,-42.244514,-48.0618,-51.139713,-52.025978,-54.57102,-55.934643,-52.727173,-52.795883,-52.249184,-52.088642,-56.581047,-57.92314,-58.69329,-57.441784,-55.270218,-56.62671,-56.70543,-59.140774,-58.19446,-59.370174
3776,True,-27.743883,-30.252096,-33.324635,-36.23459,-39.133446,-31.611591,-27.641161,-43.55162,-44.76631,-46.378387,-49.971855,-45.893944,-42.38951,-49.226322,-49.38959,-54.426315,-56.380013,-56.00754,-52.45354,-52.589745,-51.509586,-50.830193,-54.980263,-57.105362,-59.028088,-57.938843,-57.46437,-57.41417,-57.99419,-60.411728,-58.44908,-60.65206
3808,True,-23.311737,-24.321821,-38.01411,-43.154354,-34.762444,-32.94924,-31.039648,-41.847046,-46.585037,-41.23738,-42.674717,-45.177364,-43.469933,-46.58775,-48.214325,-50.521427,-54.46446,-54.165253,-52.42046,-52.124,-49.665863,-52.238575,-55.40695,-56.467033,-57.053547,-55.798355,-54.112873,-56.65542,-59.1447,-60.09488,-57.522415,-59.85186
3840,True,-22.850609,-23.0964,-34.688965,-38.947598,-37.880177,-34.212906,-31.942871,-43.61026,-44.505775,-42.737003,-45.59446,-42.478634,-40.638355,-46.754574,-52.472794,-50.34223,-53.578606,-55.660778,-52.654633,-51.150394,-48.786503,-52.324745,-57.3353,-57.852524,-57.4656,-56.33248,-54.71684,-57.233585,-61.131355,-60.56888,-59.1536,-60.467
3872,True,-27.819088,-29.576242,-37.369514,-39.79103,-40.6584,-31.21381,-26.311247,-41.890594,-48.89604,-39.639732,-45.532936,-46.932465,-43.309456,-50.264545,-52.136482,-52.22345,-53.26695,-54.997864,-52.59462,-50.224667,-51.948387,-52.459377,-55.241108,-59.225098,-57.95078,-56.038177,-54.952507,-56.696716,-58.31619,-59.406685,-59.53917,-61.591743
3904,True,-25.751965,-25.55471,-33.482845,-40.59851,-41.886387,-35.89293,-32.240993,-42.9375,-44.73331,-40.996742,-44.135727,-45.04727,-42.89582,-48.047073,-49.884132,-53.2505,-52.32353,-52.590157,-52.306767,-49.8816,-49.377495,-52.40587,-55.67121,-57.45053,-56.96311,-57.030502,-57.540287,-59.185047,-58.61537,-58.935913,-60.259518,-60.682682
3936,True,-23.27075,-24.491776,-34.37545,-38.08743,-38.350613,-40.573788,-38.159355,-44.680706,-46.70767,-38.750694,-44.576126,-45.808224,-43.208233,-45.79029,-47.67023,-50.420425,-52.518936,-51.766857,-52.765747,-51.89279,-49.130512,-52.852802,-56.26468,-57.52929,-56.400295,-57.693863,-55.80618,-55.211483,-57.15632,-59.654156,-59.417343,-59.88108
3968,True,-32.519806,-33.763176,-33.91533,-38.88899,-39.657104,-33.81987,-30.400743,-44.137234,-42.47761,-39.985226,-45.274246,-44.53093,-43.360252,-49.215286,-48.698616,-50.03172,-51.521805,-53.26719,-50.18704,-51.124187,-47.981243,-50.851368,-54.069733,-54.555878,-55.766064,-56.68357,-53.524223,-53.994755,-57.812725,-58.967827,-58.080498,-61.18566
4000,True,-26.575077,-28.557375,-36.50575,-40.219322,-36.878494,-30.95997,-27.473904,-44.421722,-46.964832,-42.67682,-44.06425,-43.998165,-43.434486,-48.300938,-49.971813,-49.332317,-53.48654,-54.818634,-50.42486,-50.342564,-50.08739,-51.246773,-56.513256,-57.858868,-56.936436,-56.20663,-54.33399,-55.146553,-56.914803,-59.360123,-59.044548,-60.615536
4032,True,-23.355698,-24.859266,-32.093414,-34.780876,-37.19804,-30.358974,-26.307434,-44.319054,-44.865776,-42.696877,-46.81297,-44.880463,-42.362755,-47.19624,-50.851192,-52.520504,-54.797104,-53.94239,-50.00778,-50.24422,-50.192036,-51.415768,-55.492702,-56.293854,-56.98464,-57.357117,-54.67736,-55.50003,-58.114456,-59.617996,-60.65527,-60.90038
4064,True,-27.048685,-28.278877,-31.37762,-33.692467,-40.02783,-33.176834,-30.445759,-45.36377,-46.669167,-45.006405,-42.66268,-42.168278,-39.30598,-45.530716,-47.662796,-50.97426,-52.98458,-54.012558,-52.263226,-51.460503,-52.124672,-51.883255,-53.90036,-56.245087,-57.58023,-57.898655,-53.97352,-54.080578,-55.864838,-58.643837,-58.573418,-60.657524
4096,True,-27.6949,-28.241188,-33.409332,-37.342743,-41.878807,-33.244766,-31.099169,-41.49884,-42.66278,-43.46519,-43.21634,-42.635056,-37.370346,-45.001446,-50.59082,-51.97236,-53.620266,-53.317356,-50.204617,-47.53794,-47.232018,-48.3788,-53.620758,-55.05197,-56.766815,-55.25557,-54.302082,-55.291943,-57.155643,-58.887306,-59.950867,-59.963905
4128,True,-21.923029,-23.27215,-29.954748,-34.369038,-40.48206,-27.320602,-22.910833,-44.0438,-45.757698,-42.198048,-47.110687,-43.574413,-39.948776,-47.828133,-47.889015,-49.628273,-54.622265,-53.701485,-52.63485,-49.04548,-48.893845,-49.862106,-55.331654,-57.46817,-56.633953,-57.467674,-52.222713,-54.980827,-57.233486,-58.256363,-59.646606,-59.625496
4160,True,-22.460825,-24.180605,-30.310116,-32.12617,-39.516823,-27.75139,-24.158249,-42.01097,-47.58633,-44.47433,-43.297516,-42.468872,-40.786327,-47.25851,-51.583782,-50.900986,-54.87509,-51.39671,-51.65508,-47.537266,-49.950287,-52.01185,-54.288376,-55.43817,-57.798252,-56.7668,-54.491577,-54.325565,-58.40742,-59.452034,-59.44325,-57.661736
4192,True,-28.160027,-31.16133,-29.113213,-32.1335,-40.421036,-24.478142,-20.630623,-44.494743,-45.535587,-44.370323,-46.985123,-42.733566,-38.454945,-46.8251,-49.198154,-51.054626,-54.302948,-54.9082,-53.741524,-51.68621,-49.90899,-51.414238,-54.800552,-56.990147,-57.292862,-56.76248,-56.323296,-56.58181,-56.979847,-58.59205,-58.62179,-61.125874
4224,True,-21.90318,-22.966442,-32.755672,-35.581127,-40.269848,-27.140368,-23.344261,-44.54559,-48.184032,-43.440548,-47.538345,-44.782448,-41.21176,-49.63906,-49.18165,-50.22785,-53.075333,-56.828506,-51.728546,-52.17061,-52.064137,-52.00478,-55.599518,-57.62194,-58.69172,-56.437386,-54.175232,-56.801582,-59.6258,-58.93587,-58.21774,-59.264217
4256,True,-23.332027,-24.308598,-35.164017,-36.54899,-39.22558,-28.754456,-25.63862,-44.730415,-47.61175,-44.159885,-46.220684,-45.094078,-41.5457,-47.33877,-51.129845,-51.161316,-54.33738,-55.574432,-51.479393,-51.091843,-51.22984,-50.686775,-55.35051,-58.486748,-57.224075,-56.752277,-55.06722,-53.94627,-58.327393,-61.29274,-60.11858,-60.666603
4288,True,-26.291016,-29.584093,-30.643475,-34.89762,-44.559227,-31.662964,-27.57388,-43.208755,-45.88336,-43.935135,-48.316864,-43.959953,-39.550354,-47.82982,-51.59163,-53.1185,-52.582897,-54.007774,-52.53228,-51.1073,-51.352135,-53.693954,-54.69547,-57.787613,-56.860905,-57.325764,-54.904167,-56.054016,-59.61135,-60.295414,-60.725792,-61.053093
4320,True,-24.710417,-26.177898,-32.97071,-35.31727,-43.290974,-29.97321,-26.042942,-41.547707,-43.875755,-41.122078,-43.58262,-44.22697,-40.600315,-47.259796,-48.984917,-53.13707,-52.485004,-53.6549,-51.31195,-54.01069,-51.213795,-50.782543,-54.087025,-57.174343,-56.865875,-58.445656,-54.925232,-55.458893,-58.390583,-58.87784,-59.575752,-60.998043
4352,True,-22.798958,-24.131853,-37.301506,-37.871006,-40.35935,-30.382286,-26.083504,-43.60064,-44.491978,-44.050594,-45.981606,-45.395035,-42.879826,-49.51171,-50.869095,-53.37013,-55.97961,-56.247795,-53.180367,-52.055374,-52.2464,-53.639416,-56.822132,-58.256287,-59.773376,-59.635372,-56.390823,-57.5613,-60.205494,-59.952427,-59.225925,-59.9834
4384,True,-26.404827,-29.061518,-34.300617,-36.868572,-41.50517,-40.494022,-40.155685,-42.783966,-43.504692,-44.642143,-48.078995,-43.82434,-40.0514,-47.445335,-51.22737,-54.77472,-55.74463,-53.043427,-50.801376,-50.374336,-49.991154,-52.07756,-57.735085,-57.660553,-57.4658,-56.975945,-53.30046,-55.70865,-58.54096,-60.622143,-58.69827,-60.233574
4416,True,-23.119469,-24.541779,-31.27674,-32.8369,-39.624393,-37.08265,-35.039246,-42.605186,-46.242367,-47.847485,-45.627808,-43.152946,-39.853844,-49.598347,-50.4847,-50.856976,-53.062283,-53.72203,-51.75995,-49.882767,-48.9795,-53.05098,-57.456406,-58.575092,-59.43154,-56.11239,-56.227562,-58.11518,-59.568977,-60.035587,-58.886925,-61.750675
4448,True,-21.731232,-22.526693,-32.616585,-36.14179,-39.281696,-35.13,-30.891178,-42.96177,-47.068565,-41.926804,-45.354797,-43.175484,-44.194298,-49.35316,-48.845043,-51.518665,-54.623432,-54.874058,-53.942226,-52.27695,-51.773438,-52.903404,-56.597008,-57.420803,-58.648792,-57.607914,-55.776863,-56.89919,-58.926575,-58.650124,-59.19144,-60.95392
4480,True,-26.30325,-27.905704,-32.642807,-40.797787,-43.31757,-35.514084,-32.023426,-41.75251,-44.573128,-42.427334,-46.361885,-47.15213,-47.066578,-46.61441,-47.19299,-53.029587,-56.68804,-55.297714,-52.438663,-51.84093,-51.62315,-51.352905,-55.787273,-58.894447,-57.893562,-56.50456,-55.6372,-56.315502,-60.05697,-60.751564,-59.939697,-60.314945
4512,True,-28.017157,-27.967188,-35.4685,-38.263973,-41.879482,-30.37302,-27.44567,-42.623444,-48.150803,-43.63797,-48.15931,-44.285324,-39.149906,-45.479675,-48.448265,-51.181892,-53.71318,-54.433002,-53.472214,-50.38083,-52.023197,-52.985977,-57.135128,-59.2434,-61.114326,-57.344643,-55.138584,-57.700203,-58.91758,-60.408585,-60.4833,-60.54689
4544,True,-20.356825,-22.822994,-34.140858,-37.465076,-37.82646,-36.802044,-34.42408,-44.14503,-43.894722,-42.716297,-45.69413,-45.425514,-39.19693,-45.826576,-51.13155,-53.705933,-53.28846,-53.85991,-55.891514,-54.339275,-52.835213,-52.049316,-55.376495,-57.733032,-57.280495,-57.050606,-54.88485,-56.846504,-59.646584,-61.277466,-60.482643,-62.00219
4576,True,-22.15174,-22.80098,-30.429632,-38.8137,-37.889885,-31.76753,-28.443054,-40.621338,-40.87919,-41.13318,-44.112312,-45.969433,-38.324512,-47.129425,-51.97434,-50.161022,-50.737633,-53.873726,-55.989822,-52.395233,-52.782177,-52.293644,-55.034584,-59.009727,-57.695015,-57.61138,-56.29368,-56.741734,-58.332863,-58.28814,-58.919827,-59.62564
4608,True,-27.920197,-29.665443,-33.94132,-40.22336,-40.252625,-27.99957,-24.012777,-41.46895,-43.917366,-50.312138,-45.699574,-44.427753,-41.36148,-50.09413,-51.461143,-52.63927,-52.517033,-53.21714,-54.50354,-52.932186,-47.77623,-50.54157,-56.614403,-58.582756,-58.76216,-56.088165,-54.421024,-56.91702,-58.34832,-59.810997,-59.327255,-59.134388
4640,True,-24.506292,-24.993923,-30.913452,-38.084343,-40.963272,-30.16429,-26.759449,-39.201515,-39.525,-44.4019,-46.673378,-43.035744,-40.10469,-46.573875,-47.54731,-50.076424,-50.796257,-53.022835,-51.891014,-52.021805,-50.79634,-51.822666,-56.28153,-58.780014,-58.200485,-57.911076,-53.93773,-55.86359,-57.97724,-59.58297,-58.624252,-59.80844
4672,True,-22.418133,-23.897915,-32.439285,-36.19186,-44.30942,-27.596077,-23.480701,-44.10536,-43.963226,-41.04283,-48.411125,-43.676243,-38.353313,-46.43094,-49.07591,-49.68141,-51.295753,-51.771885,-52.346634,-54.288094,-52.45684,-51.579697,-56.132744,-57.0858,-55.630077,-56.096268,-54.90131,-56.183067,-56.904533,-58.961643,-59.418564,-60.281948
4704,True,-27.413353,-29.142014,-30.778786,-34.818493,-38.029743,-34.08349,-29.954214,-40.97413,-41.15983,-43.72292,-44.731956,-42.10582,-38.090733,-45.271854,-49.379887,-53.548244,-52.14454,-54.32612,-52.30336,-52.91721,-52.056465,-50.807384,-54.334873,-58.94195,-57.643913,-59.392006,-57.17842,-56.850227,-57.285187,-60.44848,-59.664658,-59.461765
4736,True,-24.940067,-27.505472,-32.321285,-35.83217,-40.37842,-30.3248,-27.46735,-44.64789,-43.888588,-41.84693,-46.046707,-45.155785,-37.237408,-43.533268,-50.347168,-53.466827,-53.5358,-52.028496,-50.704277,-51.62343,-49.445206,-51.125595,-57.049732,-56.920338,-56.19572,-58.874794,-57.157104,-57.429447,-58.611656,-59.107895,-58.868176,-60.682953
4768,True,-22.088558,-23.748161,-32.689243,-36.326244,-37.365433,-32.248497,-28.267527,-44.111805,-43.767773,-45.05278,-47.92827,-41.72033,-37.65432,-47.589058,-45.07885,-47.20978,-51.610714,-52.791992,-53.13778,-54.156933,-52.41268,-51.249615,-57.804085,-57.211098,-56.863094,-56.833576,-57.43195,-57.63937,-58.184105,-57.878227,-57.83733,-60.021828
4800,True,-26.942726,-28.873274,-29.589455,-35.043987,-36.83748,-35.87051,-36.283817,-43.767693,-42.2938,-47.565975,-52.103104,-44.93456,-40.462852,-46.500355,-40.064445,-42.2432,-53.836063,-51.137115,-50.790382,-53.483704,-50.49539,-52.370102,-55.913742,-57.115093,-57.299316,-56.64006,-56.939373,-57.097378,-57.17221,-58.266026,-58.80059,-60.63363
4832,True,-26.307579,-27.35275,-30.268513,-35.882767,-36.19969,-38.598125,-37.77606,-48.00402,-45.970512,-41.757256,-46.190224,-43.30038,-39.23713,-47.4374,-39.782303,-42.900204,-51.853577,-53.208153,-54.62142,-52.21598,-50.599056,-49.842384,-54.242397,-57.822037,-57.288624,-56.635685,-55.207954,-55.307716,-56.759865,-56.849308,-59.156185,-60.281864
4864,True,-22.644753,-24.417236,-33.503742,-38.18715,-37.64554,-35.650547,-33.94683,-46.345146,-47.936066,-44.855953,-49.010586,-44.456844,-38.953888,-46.71956,-48.351246,-50.947605,-50.530476,-51.810757,-50.829468,-54.90496,-53.697453,-53.38776,-56.34789,-56.74315,-57.6543,-55.451515,-54.632435,-57.262405,-57.68161,-60.289955,-61.38315,-60.024586
4896,True,-24.16002,-25.276356,-32.445343,-37.20024,-41.043213,-33.98277,-29.576145,-40.562202,-44.705967,-42.47049,-46.919693,-44.33354,-41.374893,-43.692123,-42.491173,-48.268013,-49.323277,-49.23294,-50.4924,-50.883793,-50.10743,-51.112785,-56.12709,-57.228043,-57.954826,-58.24154,-54.688625,-56.696854,-57.946175,-59.063244,-60.05179,-60.015617
4928,True,-26.145271,-27.956285,-31.057262,-34.93442,-37.433563,-29.822779,-26.515644,-40.73389,-47.371063,-41.813583,-43.60192,-45.34302,-41.44287,-42.998196,-44.860558,-46.511147,-50.55278,-49.990406,-51.381172,-51.177208,-51.021694,-50.656975,-53.925976,-57.119804,-56.887306,-57.793537,-54.313866,-57.54152,-58.467937,-59.42024,-59.888313,-59.87879
4960,True,-22.17054,-23.389662,-32.07145,-37.454792,-43.858757,-30.304012,-26.06115,-47.528664,-47.77739,-47.35749,-44.18459,-44.94927,-40.47586,-44.23739,-45.508514,-49.347836,-52.261776,-51.17791,-48.762283,-51.05251,-49.190563,-51.48386,-55.269615,-58.129982,-58.29831,-57.37529,-57.340466,-57.410553,-58.722553,-58.55809,-59.122887,-59.683704
4992,True,-23.630697,-26.18645,-37.608673,-40.003838,-43.47044,-29.997993,-26.342186,-41.651947,-43.84554,-47.437233,-49.90342,-48.328495,-45.57705,-45.1903,-49.244797,-52.164444,-55.09892,-54.534927,-53.741776,-53.142975,-49.40718,-50.84777,-54.89396,-56.391026,-57.28148,-55.814407,-55.282158,-54.62529,-56.075012,-58.73561,-58.959652,-59.61182
5024,True,-28.67379,-30.51913,-33.780792,-37.92723,-40.908684,-30.016975,-26.420685,-44.262337,-43.1668,-45.61502,-49.234776,-49.97438,-46.49524,-42.818485,-47.46609,-49.7843,-51.152885,-51.73235,-49.78127,-51.59389,-49.255836,-49.832634,-54.309654,-55.51006,-55.273087,-57.410908,-55.13618,-53.748684,-56.987686,-58.70469,-58.189148,-59.43393
5056,True,-24.92626,-26.021076,-30.03929,-34.663376,-35.986362,-30.523806,-28.31006,-44.21757,-43.884777,-45.86699,-45.095207,-42.827385,-39.819435,-45.744217,-49.01608,-54.950527,-56.029438,-53.59566,-51.57451,-49.764183,-52.36315,-50.85873,-54.88645,-55.964703,-56.98688,-56.634865,-55.0754,-56.751427,-56.610435,-59.839405,-59.040737,-60.330906
5088,True,-23.578056,-25.154888,-31.27572,-33.63938,-36.808586,-26.752682,-23.185566,-49.98119,-51.925446,-45.500305,-47.854828,-47.578373,-41.947968,-47.968254,-48.81641,-51.7646,-52.919426,-51.146984,-50.231026,-48.848923,-49.095695,-52.559887,-56.568565,-57.496914,-58.504673,-56.775734,-53.19316,-57.912437,-58.7878,-59.00259,-59.341908,-60.148643
5120,True,-27.015198,-29.273323,-33.181103,-34.859184,-38.152897,-26.767721,-23.04707,-42.579544,-44.957428,-44.091766,-48.91913,-48.095356,-41.64772,-46.63637,-47.095825,-50.834236,-55.390343,-51.802677,-50.98097,-49.31475,-48.1135,-51.096684,-55.302807,-55.168415,-57.128716,-58.59615,-54.782253,-55.96132,-58.649677,-60.011124,-58.404243,-62.004776
5152,True,-25.832405,-28.351576,-33.748394,-36.29463,-39.147762,-24.887314,-21.144707,-47.413517,-47.81658,-39.763035,-45.830338,-43.70694,-40.49602,-50.456123,-50.869335,-54.19931,-53.101315,-53.737293,-51.566414,-48.685604,-52.61998,-50.74967,-55.424236,-58.539276,-59.537777,-58.909077,-53.890724,-53.810852,-58.76348,-58.28634,-59.24836,-59.53247
5184,True,-24.46908,-25.283651,-28.219816,-30.726032,-42.19727,-26.922832,-23.074171,-44.983562,-45.92314,-43.52207,-46.772766,-43.91111,-40.90732,-49.65821,-52.48869,-54.867474,-53.778843,-52.012383,-50.0418,-48.07567,-50.340748,-50.663994,-56.105724,-57.210068,-58.407745,-56.656475,-55.085625,-54.95064,-57.61283,-58.45878,-58.488213,-59.74033
5216,True,-26.351856,-27.827723,-29.318218,-32.846333,-37.565372,-24.894533,-20.884897,-40.503143,-41.09426,-38.211548,-44.42985,-42.45945,-39.37157,-47.068375,-51.25101,-51.59803,-51.26736,-52.04782,-50.017773,-48.981174,-49.18694,-50.803295,-53.669132,-55.19354,-56.559402,-53.795017,-54.259575,-53.739628,-56.683712,-60.15304,-60.009064,-59.600433
5248,True,-27.983246,-29.438524,-32.444145,-35.036896,-41.74569,-32.10362,-28.2878,-40.870415,-43.378834,-42.67846,-45.212112,-43.235466,-39.726677,-46.382603,-50.315872,-48.787502,-52.36892,-49.784813,-48.532684,-49.31991,-48.8311,-48.658607,-53.402935,-56.431854,-57.090145,-58.344692,-57.259544,-56.26647,-58.009525,-58.378986,-58.67203,-60.105167
5280,True,-23.531588,-25.132246,-28.364164,-31.573698,-39.512093,-31.04537,-28.027962,-39.8153,-46.903465,-43.783104,-44.57128,-42.63112,-41.184864,-48.38143,-50.24914,-51.122627,-50.962196,-52.240467,-52.036095,-51.01793,-51.10897,-52.1391,-55.49173,-58.04509,-56.353146,-57.838097,-54.340126,-55.47047,-57.263947,-60.21347,-59.909,-59.206
5312,True,-23.533361,-24.938108,-30.951252,-34.73494,-38.205997,-30.481138,-27.180702,-42.432022,-50.35798,-41.97601,-47.232685,-43.295803,-40.37049,-49.645992,-46.948074,-50.265717,-53.776405,-55.25166,-52.378036,-50.940594,-47.500286,-51.483173,-53.33068,-56.568264,-57.41105,-58.969723,-55.721207,-56.915394,-59.152508,-59.62204,-59.273422,-61.06308
5344,True,-26.933777,-29.230127,-31.108028,-34.16555,-39.51082,-34.484367,-32.597397,-42.523132,-44.8351,-45.315834,-45.198418,-43.733807,-40.34247,-49.74888,-50.171814,-51.426968,-53.563744,-54.46988,-51.87206,-51.923515,-51.535973,-53.742287,-54.82917,-54.884106,-55.684692,-56.122017,-55.59801,-56.12117,-59.106125,-59.76471,-59.80407,-60.553307
5376,True,-21.755615,-23.426044,-34.689095,-40.806126,-37.79656,-29.765278,-26.686144,-42.23009,-43.834915,-45.087887,-46.94755,-47.770676,-43.99997,-49.46905,-51.335556,-54.763542,-52.103874,-53.692734,-50.749405,-48.848537,-48.50509,-50.530304,-55.959393,-56.690292,-58.069275,-55.74157,-54.836998,-55.732006,-58.77451,-60.053528,-59.391327,-60.544434
5408,True,-22.957628,-24.380589,-34.389984,-37.107616,-41.243034,-31.988537,-29.477932,-45.575733,-47.91923,-41.242985,-46.406994,-44.878784,-39.907883,-47.789265,-52.06431,-52.140106,-51.351852,-54.223694,-51.456127,-51.43168,-50.513683,-52.35094,-56.18359,-57.888176,-58.525433,-55.97425,-54.272137,-55.748005,-57.654633,-59.589752,-59.84697,-62.058174
5440,True,-25.384136,-28.39041,-32.59181,-33.77986,-39.494102,-34.387817,-29.63713,-45.758625,-46.35073,-51.237305,-48.908516,-44.91142,-42.494614,-47.505714,-50.04596,-52.135727,-54.256355,-52.958336,-51.903854,-52.100418,-51.749557,-53.67945,-56.8114,-56.02213,-57.648735,-55.296894,-54.59103,-57.51748,-60.606518,-59.58742,-59.481346,-60.91631
5472,True,-23.621838,-25.30197,-32.47971,-35.201527,-39.588783,-29.65385,-27.153666,-43.664597,-44.427013,-48.582344,-45.572906,-45.596424,-44.725574,-48.92406,-49.78679,-51.488686,-54.573174,-53.49025,-50.80151,-52.84844,-51.729282,-54.0424,-55.099674,-57.5247,-57.620453,-57.433086,-57.848526,-57.908493,-58.454052,-61.18485,-60.595608,-62.533
5504,True,-21.796415,-23.520851,-31.965788,-37.66058,-42.810673,-27.611408,-24.428608,-41.243595,-44.329475,-39.633663,-45.692757,-45.750614,-42.462074,-46.857864,-49.22168,-49.27826,-51.815987,-51.640083,-51.505123,-52.91031,-51.352303,-52.306915,-56.129143,-59.70488,-59.102173,-57.60525,-56.60843,-59.250446,-58.97946,-58.65063,-59.326653,-60.823673
5536,True,-27.361801,-29.536907,-32.20037,-35.91673,-44.66449,-29.84217,-25.536749,-43.195007,-44.050346,-39.64736,-46.96056,-42.518814,-42.68508,-46.42658,-48.524727,-53.78952,-52.77173,-54.136368,-51.176907,-52.399223,-52.31548,-52.965057,-57.198658,-58.388336,-57.62668,-57.75108,-56.341915,-56.09438,-57.20779,-58.625378,-58.15255,-61.493603
5568,True,-26.16552,-27.98662,-29.863914,-35.208935,-44.06257,-28.431202,-24.145096,-42.239914,-44.88675,-41.492714,-48.407944,-47.31675,-46.65236,-50.45271,-49.71847,-51.533607,-55.879288,-56.149536,-50.755466,-49.760204,-48.512726,-51.928535,-56.5394,-57.602596,-59.516083,-55.790386,-55.16346,-55.962605,-58.132294,-59.368065,-58.68204,-60.68283
5600,True,-24.436417,-25.600967,-32.292866,-35.856358,-44.40676,-29.452917,-25.07605,-45.547314,-41.624985,-41.003193,-47.71812,-45.85278,-42.40403,-50.726677,-48.50725,-47.300034,-51.73109,-52.46541,-50.3004,-47.852062,-49.73532,-51.86915,-56.03073,-56.972866,-58.61618,-56.726875,-55.447086,-55.074238,-57.42234,-60.26924,-59.788307,-61.916122
5632,True,-26.522085,-27.103893,-35.090694,-38.048264,-37.631996,-31.174,-27.551971,-42.32817,-43.479286,-42.573822,-50.80776,-47.435677,-41.081776,-46.096287,-47.88166,-50.075867,-53.644325,-54.749218,-52.526146,-51.246742,-49.886898,-50.474133,-56.90547,-56.886322,-57.830154,-57.951683,-54.956745,-57.433437,-57.814247,-60.417427,-60.150696,-61.36245
5664,True,-28.212967,-28.78459,-30.697819,-32.432083,-38.46981,-32.669167,-30.435692,-42.212204,-42.397305,-39.47185,-43.945004,-46.273415,-45.186974,-49.47278,-49.914,-52.986664,-54.14956,-51.33329,-53.79374,-51.152225,-51.412395,-51.540215,-55.954453,-58.35184,-56.404667,-58.7785,-54.979614,-56.842575,-58.19897,-58.63717,-58.598946,-61.79709
5696,True,-21.60595,-22.745886,-29.75285,-33.94341,-43.31287,-30.763603,-26.527103,-43.632996,-45.256996,-43.66364,-47.19421,-45.112274,-40.722588,-46.791443,-50.633625,-51.178738,-52.567196,-52.35481,-51.76863,-53.568188,-52.378944,-53.64014,-56.309666,-56.571575,-57.77749,-57.615017,-56.204903,-56.729183,-60.38769,-60.129898,-59.88797,-61.659836
5728,True,-25.007439,-27.155499,-31.932014,-35.367424,-39.519787,-33.666103,-29.426048,-40.802036,-45.31435,-41.631584,-46.668163,-45.111313,-39.39673,-47.61512,-48.219456,-51.605724,-55.584373,-54.892944,-51.571518,-51.13533,-50.627903,-53.01532,-57.820602,-57.981926,-58.722702,-56.861492,-54.74288,-56.283157,-59.53353,-58.854527,-58.492683,-61.195793
5760,True,-27.146814,-29.974787,-30.028137,-33.736107,-42.32611,-35.447575,-33.86096,-39.99001,-45.17594,-40.95415,-45.231102,-46.568222,-39.60995,-45.74066,-49.16854,-50.871582,-54.541687,-52.265133,-50.329166,-49.923683,-50.40627,-51.78746,-55.832806,-58.079926,-58.323242,-57.228104,-55.077366,-54.82299,-57.47245,-60.416153,-60.772724,-60.97217
5792,True,-26.980442,-27.54226,-27.568562,-31.848307,-40.96333,-35.381275,-33.671757,-43.674706,-45.637657,-41.961662,-45.66906,-43.313484,-39.35909,-47.54658,-50.44078,-53.913048,-54.83131,-53.894253,-53.762188,-53.55953,-52.08401,-55.553192,-55.99277,-60.293484,-57.90401,-56.109524,-55.329292,-56.999664,-58.566063,-59.93537,-59.9149,-61.282806
5824,True,-22.038677,-23.838518,-31.78535,-34.99636,-38.114464,-33.677044,-33.44637,-45.93536,-43.96401,-44.126972,-45.324062,-41.72363,-40.313564,-45.94334,-48.987946,-50.780342,-51.952557,-51.070114,-49.642807,-54.46034,-50.871395,-53.883003,-55.06666,-57.374195,-56.345898,-57.8138,-58.19542,-57.0008,-58.098053,-60.256485,-59.29194,-60.411835
5856,True,-24.632425,-26.368221,-31.659613,-33.992935,-42.51863,-36.738075,-34.389744,-40.858723,-45.393547,-45.140224,-49.938713,-45.77707,-40.52269,-47.7018,-49.6614,-50.03738,-52.421017,-52.83953,-53.014854,-52.49748,-52.262615,-53.76394,-55.900745,-57.450096,-57.79506,-57.33632,-54.156208,-57.22033,-59.813347,-59.498604,-59.80469,-60.804802
5888,True,-24.156878,-26.28506,-31.53838,-34.535263,-40.19997,-34.679443,-32.407154,-44.648785,-45.258064,-43.356052,-44.80541,-43.010365,-40.559097,-48.26101,-49.32858,-51.48012,-55.882385,-52.77813,-52.434444,-53.520454,-52.740288,-54.172165,-55.92771,-57.003723,-57.0516,-56.432907,-54.5802,-58.00114,-58.481323,-58.34244,-59.638924,-60.14456
5920,True,-21.889156,-22.694332,-29.131325,-34.543682,-41.20559,-32.39875,-29.94368,-44.247032,-44.621346,-44.84373,-44.498844,-44.86512,-39.400906,-46.41004,-48.03845,-49.08702,-57.442924,-55.067894,-51.88069,-51.606636,-51.593212,-53.530422,-57.154747,-58.34057,-57.76863,-56.944588,-55.671024,-54.78917,-57.93345,-60.351566,-61.106316,-60.31266
5952,True,-24.948418,-25.913418,-30.245075,-34.517254,-43.322014,-33.36026,-29.03843,-44.71754,-46.12349,-48.569622,-47.295193,-44.66068,-40.187027,-45.110058,-47.418514,-50.95775,-54.84913,-53.71997,-53.385643,-52.267498,-51.053543,-53.343353,-59.883846,-57.48323,-57.408028,-56.475624,-54.56577,-54.711212,-58.36879,-59.972374,-59.5085,-62.150154
5984,True,-26.293877,-27.363846,-32.318043,-37.17445,-41.456497,-34.028526,-30.32095,-49.08619,-45.07621,-41.95366,-46.212658,-47.027267,-42.93332,-47.67742,-49.03148,-48.760605,-52.71798,-53.54689,-52.111298,-51.51317,-51.624657,-52.969913,-56.94343,-57.62165,-57.947945,-58.28815,-54.663044,-56.727516,-58.97918,-59.01958,-60.078117,-61.883312
6016,True,-23.48417,-24.891335,-31.180086,-34.76805,-38.282326,-32.38993,-29.999693,-45.312363,-44.160572,-41.14963,-45.85928,-47.327065,-46.721134,-49.217308,-49.70308,-51.769447,-51.744747,-51.88311,-50.618607,-51.9245,-49.37099,-53.57679,-56.788136,-57.848396,-59.978214,-58.78183,-56.884575,-56.272655,-60.011448,-59.70345,-59.662647,-60.362263
6048,True,-21.72409,-24.24266,-32.416996,-35.24328,-37.948708,-29.891043,-27.73635,-41.54431,-41.821075,-44.56831,-44.830963,-41.988758,-43.546062,-47.02288,-49.992542,-51.15951,-55.190605,-56.467705,-52.81366,-49.316772,-49.742195,-53.250183,-55.902103,-58.28516,-56.892845,-55.075817,-54.512375,-55.286003,-58.181225,-58.47715,-59.188683,-59.205658
6080,True,-27.39671,-30.071465,-30.38069,-34.40662,-39.663322,-31.844465,-28.2181,-40.678883,-41.521526,-43.608814,-47.596947,-45.18081,-42.852814,-48.65986,-48.62475,-50.49716,-55.97104,-53.306637,-53.076843,-50.203136,-51.607098,-55.022717,-56.680927,-59.805492,-57.58969,-57.26385,-55.48091,-55.58041,-58.541542,-59.347614,-59.092766,-60.894604
6112,True,-23.204195,-25.370033,-33.142746,-34.942505,-39.43275,-33.034805,-32.091534,-45.25801,-45.055595,-43.412914,-49.289047,-49.14843,-47.172737,-48.57138,-47.41285,-50.60913,-52.88543,-52.483757,-53.470226,-52.005554,-50.50939,-52.906464,-58.96355,-58.447426,-57.53759,-58.354534,-53.742508,-55.93084,-59.63137,-58.129177,-58.73651,-63.07451
6144,True,-22.793406,-24.154701,-28.576048,-31.091858,-41.779,-33.152397,-29.26514,-42.977467,-48.482796,-44.272556,-47.08204,-49.36731,-43.79657,-47.079197,-47.83368,-51.005302,-54.513184,-55.078743,-52.375416,-52.2048,-51.861305,-53.14029,-58.8132,-58.412777,-57.55085,-57.616074,-56.487144,-57.26172,-57.726933,-58.563354,-58.500206,-60.714397
6176,True,-26.430195,-30.247791,-27.57102,-30.51802,-42.908405,-36.36981,-34.615864,-43.33242,-46.74841,-40.387123,-43.707077,-44.283314,-42.444885,-48.51103,-49.2594,-49.303993,-52.511353,-50.999264,-49.129562,-49.492283,-51.97869,-52.633587,-57.329254,-56.283806,-57.4724,-56.001396,-56.00924,-57.723724,-59.851097,-58.896297,-59.1697,-62.531815
6208,True,-23.416962,-25.258389,-30.500927,-33.55446,-41.13174,-32.368153,-30.510303,-41.51448,-45.734474,-43.46026,-46.49216,-48.205284,-40.99123,-47.62425,-48.738495,-50.560604,-53.955795,-54.25425,-52.28393,-50.40738,-48.9431,-53.46859,-57.505363,-59.187813,-58.77048,-56.37519,-54.99161,-58.277477,-59.530334,-58.54783,-58.56083,-59.76288
6240,True,-21.791822,-23.251945,-37.336143,-38.1654,-39.99225,-30.118286,-26.319916,-43.473034,-45.04048,-46.151447,-48.97066,-46.071434,-38.59521,-47.72612,-50.99779,-51.95204,-53.744316,-53.189453,-49.492058,-49.888805,-47.88079,-51.691936,-54.761024,-57.214943,-58.78202,-58.57792,-54.72643,-54.899117,-59.38335,-54.74338,-58.84359,-59.668144
6272,True,-26.819729,-28.350039,-33.048042,-37.61971,-39.1718,-29.129662,-25.940937,-40.205807,-44.851143,-41.751022,-46.01822,-43.382492,-39.250137,-46.922855,-49.250015,-50.73479,-54.12072,-53.73297,-51.501755,-52.518944,-49.258747,-50.113636,-53.029045,-56.031433,-57.898384,-57.30392,-54.24031,-53.285683,-56.956272,-53.292103,-57.467255,-60.038925
6304,True,-28.657116,-30.43621,-33.175728,-36.2787,-38.86816,-29.89667,-26.822826,-44.727367,-46.513206,-38.8736,-45.439335,-45.37007,-41.280777,-49.406944,-51.92552,-50.821552,-50.56093,-48.519226,-49.630745,-50.374855,-48.549393,-51.0754,-54.87612,-56.069145,-57.768402,-58.849316,-55.24547,-54.94314,-59.568233,-56.34822,-57.143867,-60.090767
6336,True,-21.817173,-23.407755,-31.859491,-37.59204,-39.838207,-28.609999,-24.752188,-44.162594,-44.74391,-45.899567,-47.479706,-46.216194,-42.33686,-48.23435,-47.52994,-47.2817,-54.295002,-52.329422,-51.370144,-49.05105,-50.76358,-53.19811,-55.09543,-56.79834,-57.678062,-57.37838,-55.79277,-54.889626,-57.748688,-57.30501,-58.872,-60.959187
6368,True,-23.17193,-24.29202,-32.489075,-35.800392,-40.721134,-26.907969,-23.089647,-40.805954,-46.185524,-41.290314,-45.25019,-42.745407,-40.005737,-48.520134,-48.46663,-50.22554,-52.245544,-53.31273,-52.446594,-48.39865,-49.13011,-50.684258,-54.10167,-56.686264,-55.71099,-57.605457,-55.07767,-55.474045,-58.93931,-58.69196,-58.67077,-59.224457
6400,True,-26.700184,-30.342731,-34.15532,-37.000847,-39.864273,-26.997643,-23.902225,-45.81617,-44.60942,-40.426857,-46.371693,-44.971844,-39.42528,-47.42992,-47.80356,-49.640694,-52.20063,-51.541973,-50.992058,-50.18927,-50.284294,-48.77428,-54.225716,-57.366337,-56.482693,-56.17771,-56.36995,-56.63299,-58.76068,-58.116203,-60.884033,-60.763145
6432,True,-21.318533,-22.754028,-31.913702,-36.44481,-38.4256,-31.129154,-27.962694,-44.470123,-46.373947,-40.341667,-45.198814,-43.52957,-41.994064,-46.211678,-47.86323,-51.752922,-58.127346,-54.731102,-51.62654,-51.891777,-50.041462,-49.57952,-56.104847,-57.15869,-56.91683,-55.686413,-51.93287,-55.39192,-56.848442,-60.736023,-60.69946,-59.236465
6464,True,-22.539198,-23.853924,-31.620016,-33.360695,-40.98034,-26.757528,-22.450754,-39.204193,-44.34259,-43.644375,-46.958767,-43.512005,-41.37883,-49.349064,-48.02986,-49.908333,-55.303658,-55.784306,-50.976067,-51.378937,-50.216946,-50.37079,-56.043213,-57.985977,-57.304348,-56.69245,-54.05648,-53.85599,-55.299477,-58.03331,-58.024864,-60.707855
6496,True,-29.441334,-32.82016,-37.125416,-42.333942,-41.655876,-27.53958,-23.365213,-42.11087,-44.365505,-38.98497,-43.223248,-46.371086,-38.9567,-46.99371,-49.1219,-52.7687,-52.28863,-52.681164,-52.73065,-51.763634,-48.48019,-49.1679,-53.720932,-54.48346,-57.484226,-54.813896,-55.311768,-54.961605,-56.612896,-58.247406,-56.9824,-59.833942
6528,True,-23.678387,-24.753588,-30.448929,-37.04915,-39.219738,-30.874443,-26.998453,-46.894516,-46.395702,-44.127373,-46.219986,-42.938305,-38.352695,-47.02425,-49.496758,-50.982597,-53.945198,-53.66838,-50.523773,-50.912437,-50.478863,-52.04056,-55.70518,-53.94344,-55.49663,-56.369217,-54.27748,-54.102234,-56.24443,-58.489655,-60.06109,-60.857502
6560,True,-23.94976,-25.421831,-29.084415,-33.332554,-36.432632,-31.195053,-27.839653,-43.619915,-44.76988,-42.853466,-46.58246,-47.075058,-40.881226,-46.288128,-48.041443,-54.028503,-51.52815,-51.3833,-52.272434,-50.20945,-47.91473,-51.160324,-55.360455,-56.63099,-57.984352,-55.074936,-54.7555,-55.624424,-58.983154,-60.04202,-59.86601,-60.102596
6592,True,-26.60484,-26.89597,-30.984373,-34.945675,-38.893642,-31.31448,-27.297651,-41.603245,-44.863518,-45.691284,-50.440216,-47.553062,-41.26407,-48.17259,-54.012627,-52.72293,-52.36618,-52.124336,-48.666412,-50.39679,-51.64877,-52.25399,-55.910995,-57.378616,-58.031902,-55.77346,-53.12004,-54.98831,-58.14714,-60.054874,-60.394676,-59.071167
6624,True,-23.596685,-25.261002,-34.0162,-37.890503,-40.949917,-33.67762,-30.57343,-41.79693,-43.83282,-42.22483,-47.31996,-44.926105,-43.426117,-49.893917,-48.528133,-49.19892,-52.425262,-51.7219,-52.204582,-51.302895,-51.520752,-52.856644,-55.47162,-55.225716,-57.677113,-55.622726,-54.841,-55.459217,-57.81219,-59.23072,-59.339108,-59.760582
6656,True,-21.175034,-22.490385,-32.09036,-37.2157,-38.461517,-27.683105,-24.27458,-44.789513,-46.44356,-46.02527,-49.038662,-45.264496,-44.152103,-46.456333,-46.67547,-50.436165,-53.41118,-51.661217,-50.85811,-51.813194,-51.323986,-53.458668,-56.09214,-55.93841,-58.512306,-56.744728,-56.216118,-55.325424,-56.578087,-58.344044,-59.63827,-58.381535
6688,True,-24.629402,-26.673832,-30.498999,-34.815765,-40.998302,-25.516495,-21.89129,-44.441013,-42.099224,-41.217484,-44.424126,-44.26999,-41.255947,-46.076336,-50.094063,-52.70096,-53.63175,-53.827408,-52.48596,-53.327568,-51.68815,-50.71653,-55.06843,-57.832497,-56.465225,-57.55565,-55.501503,-55.92403,-56.080505,-57.751915,-58.2745,-60.891247
6720,True,-26.751568,-29.009434,-40.613388,-40.991665,-38.71884,-27.907108,-23.359009,-40.796494,-44.43998,-45.237892,-46.389595,-45.989746,-47.909504,-51.221474,-50.741302,-55.966995,-53.91083,-52.25711,-51.98137,-50.140594,-51.150383,-50.31065,-57.16276,-55.65226,-55.75438,-56.84932,-57.15897,-55.939926,-58.143845,-59.94378,-59.456944,-60.34075
6752,True,-21.872072,-23.602554,-32.09276,-35.552208,-42.601643,-25.782423,-22.173676,-44.99269,-43.870544,-40.789505,-46.789978,-44.81492,-41.666466,-47.44368,-46.44747,-52.295895,-51.802513,-52.038044,-52.946,-53.36229,-51.754707,-51.353306,-56.42786,-57.822556,-56.749756,-55.22633,-55.599648,-56.45417,-58.2058,-58.234543,-58.122833,-59.37076
6784,True,-24.25585,-25.082954,-34.177876,-39.572456,-40.51934,-26.822575,-22.816813,-41.585316,-45.80992,-36.770367,-43.122337,-44.30491,-40.61417,-47.037964,-46.90832,-50.134468,-55.66037,-53.925365,-52.927708,-51.355957,-51.780323,-53.28929,-57.005672,-59.799072,-57.448345,-57.39929,-54.820747,-56.345715,-59.254112,-59.578804,-59.21872,-60.55324
6816,True,-28.4268,-30.5668,-29.095055,-33.18618,-39.718452,-30.361311,-26.875854,-39.760044,-42.920464,-38.042583,-46.211277,-46.328667,-42.07074,-48.414875,-50.624866,-49.746918,-52.58912,-53.79428,-51.08553,-53.387123,-51.973797,-53.632927,-56.272083,-58.663044,-58.542137,-55.855442,-55.73797,-57.9551,-59.201096,-59.000183,-59.268116,-59.302216
6848,True,-23.030167,-25.075281,-38.3658,-43.31868,-40.336037,-31.4551,-27.729649,-43.30024,-45.550842,-40.87005,-46.748474,-43.125122,-39.312943,-49.43539,-50.60747,-50.07273,-52.75021,-54.946598,-52.15712,-52.188114,-49.322433,-53.136917,-56.711685,-56.640472,-60.10254,-55.609722,-55.832752,-59.027233,-59.34609,-58.998585,-59.2677,-60.684124
6880,True,-24.902822,-26.57415,-32.8676,-39.413708,-41.676083,-29.447584,-25.439703,-44.77668,-45.39745,-39.904648,-43.660133,-42.26318,-43.625103,-47.375717,-50.11715,-53.660812,-53.61834,-54.04818,-53.813133,-52.94827,-51.32053,-52.76846,-56.907692,-57.929718,-57.031746,-57.348167,-56.31565,-57.033306,-60.10758,-59.2552,-58.821533,-61.247593
6912,True,-31.908577,-33.460785,-28.885498,-34.933743,-39.180256,-27.028866,-24.137169,-39.097713,-39.255478,-39.508514,-44.685753,-40.252327,-38.93337,-44.144966,-41.495438,-39.00865,-36.120476,-40.16742,-48.769497,-49.424324,-49.576267,-49.36154,-51.359135,-54.10504,-51.53225,-46.94079,-46.978943,-41.24373,-37.281933,-38.392166,-39.15145,-40.305157
6944,True,-23.947174,-24.784319,-29.610008,-36.76393,-35.683445,-24.382952,-21.832026,-32.105343,-33.82891,-35.852074,-38.631073,-36.501812,-39.45291,-40.413284,-38.941063,-36.78145,-30.785303,-34.688774,-43.786423,-44.6355,-43.01373,-44.156563,-45.372086,-47.337246,-46.78689,-40.885082,-38.43055,-35.215893,-32.323803,-34.224808,-34.414143,-34.227318
6976,True,-22.409811,-23.336563,-34.523987,-37.596287,-40.044785,-22.462666,-18.730347,-41.34652,-44.351784,-39.96036,-44.276993,-41.12487,-41.88495,-46.95907,-45.70799,-46.390213,-47.407948,-50.46635,-50.69012,-51.400124,-50.08743,-49.2429,-54.75575,-55.986385,-56.291218,-54.152924,-50.61052,-50.572113,-45.98305,-47.257484,-48.648376,-48.30538
7008,True,-25.961704,-27.715197,-31.863613,-34.0104,-41.644234,-23.72402,-19.980293,-43.948254,-43.762184,-44.692997,-49.063534,-42.96751,-40.648735,-49.97732,-48.008404,-48.43161,-50.8948,-49.900593,-51.31842,-51.907707,-53.011375,-52.56182,-56.512268,-57.24121,-57.261314,-57.762268,-55.720306,-54.49595,-50.758743,-51.631886,-53.7261,-54.82964
7040,True,-23.731205,-25.928913,-29.366901,-32.79896,-41.671097,-23.185131,-19.558784,-43.378746,-42.77306,-40.997616,-45.24444,-43.245968,-39.99681,-49.502747,-51.33131,-50.585438,-46.82321,-50.962353,-53.490837,-53.681755,-50.81122,-54.842567,-58.96551,-59.444008,-57.13152,-56.85733,-55.195484,-56.334106,-56.8377,-55.37636,-56.025665,-57.119274
7072,True,-21.341225,-23.096165,-30.46249,-33.986744,-39.625732,-27.092606,-24.010742,-44.513493,-46.10161,-38.117104,-45.934204,-46.542473,-44.31298,-48.96282,-48.725563,-49.938126,-51.287285,-52.75837,-55.273064,-53.740692,-51.458023,-53.78691,-56.662464,-56.950153,-57.64597,-56.480793,-57.660595,-56.946136,-57.847794,-58.029217,-57.889893,-60.353428
7104,True,-23.333275,-25.04923,-33.911022,-38.93241,-38.214172,-23.813648,-20.22136,-49.224125,-46.847282,-41.47501,-47.831135,-43.774876,-40.149952,-47.578487,-50.10181,-51.71255,-54.540104,-54.951015,-55.295033,-54.123978,-51.04904,-52.03194,-57.272717,-57.62598,-56.735554,-57.793617,-56.397377,-55.830555,-58.45799,-58.800232,-58.500957,-59.51879
7136,True,-26.746918,-28.757023,-32.79267,-37.4739,-40.255733,-22.363138,-18.87901,-44.515305,-47.01119,-42.71187,-47.281536,-44.681202,-40.601536,-46.562157,-47.5576,-52.063145,-52.27455,-53.39801,-57.4568,-54.023243,-51.38108,-52.87005,-58.409294,-57.35161,-57.48707,-57.596928,-55.15984,-57.08773,-57.92411,-59.54729,-60.711212,-60.237236
7168,True,-22.594284,-24.305975,-34.28666,-41.284477,-38.856236,-24.147182,-20.980274,-43.25632,-44.71766,-42.130447,-48.099083,-46.33152,-39.49372,-46.79424,-50.787395,-51.21556,-54.076504,-55.00728,-54.8838,-55.083202,-50.374187,-51.937584,-56.310696,-59.43479,-58.074078,-58.048992,-54.808426,-57.181458,-59.646168,-60.336746,-61.361412,-60.21592
7200,True,-22.550257,-23.877762,-34.38294,-41.380203,-41.818905,-23.831783,-20.474741,-43.98457,-44.36763,-44.59969,-44.32617,-42.562256,-37.4656,-43.875984,-49.469456,-51.352165,-50.840836,-52.963905,-50.63057,-53.481697,-53.31848,-54.402237,-54.515385,-56.659145,-58.082813,-56.073532,-56.817608,-58.55234,-60.543858,-60.168953,-58.260635,-60.093758
7232,True,-29.371525,-30.960455,-33.968796,-37.117916,-36.17016,-24.905474,-22.028921,-42.37476,-46.13948,-44.73784,-47.316917,-48.095734,-42.481277,-47.928795,-47.94069,-48.337128,-51.868828,-52.707336,-52.04325,-52.27221,-48.600864,-54.9338,-54.80045,-56.73864,-56.34176,-58.429573,-56.504105,-56.7667,-56.826977,-58.06032,-59.666553,-58.677963
7264,True,-23.572926,-25.424084,-36.60319,-43.911816,-40.245304,-25.636898,-21.86656,-42.011143,-44.704956,-43.960175,-45.65077,-44.264328,-41.560253,-49.376278,-49.895462,-52.68828,-54.89921,-54.736748,-52.729942,-49.069824,-48.044037,-52.166916,-53.632694,-56.528736,-57.100674,-58.111416,-55.667957,-55.952026,-57.488407,-60.80267,-60.225025,-59.802116
7296,True,-25.965908,-27.300583,-32.78826,-37.75982,-41.224026,-25.905174,-22.765541,-39.656914,-42.943535,-41.741253,-45.64212,-46.174232,-45.253716,-46.789875,-48.21764,-51.850563,-54.414284,-54.483124,-52.80226,-50.456253,-51.18972,-51.219826,-53.696274,-55.47412,-56.441425,-59.365105,-55.601917,-56.504498,-57.84204,-58.459732,-58.591522,-60.200752
7328,True,-31.586006,-31.668259,-30.254328,-34.997032,-40.460884,-25.248924,-21.647646,-41.334644,-41.512856,-42.444134,-43.489464,-41.949394,-43.071358,-47.13695,-47.140633,-53.62602,-52.522232,-52.02388,-51.62745,-50.23491,-50.427986,-52.348526,-53.412247,-55.83229,-57.250114,-57.688404,-55.53097,-55.23024,-58.42993,-58.645496,-59.292053,-60.868702
7360,True,-24.7471,-26.673601,-31.1615,-35.728115,-40.768623,-23.766586,-19.913486,-41.91772,-44.77882,-43.746536,-42.672653,-42.57087,-40.663925,-46.164238,-47.000942,-49.09199,-54.15632,-51.62594,-54.635292,-53.19605,-50.158875,-51.23699,-56.1417,-56.118683,-56.35743,-57.50461,-58.121773,-56.01969,-57.651047,-59.04683,-59.50207,-61.01301
7392,True,-23.014244,-24.217035,-36.47776,-38.828762,-41.430153,-23.294447,-20.047606,-44.898026,-47.287766,-50.122208,-47.148937,-42.876434,-40.752327,-46.870598,-47.7531,-52.12964,-54.236965,-52.820534,-51.190773,-51.26538,-48.84311,-49.335934,-53.660732,-56.391712,-56.609238,-56.68215,-55.157127,-55.8797,-57.423054,-60.549435,-60.958942,-60.753586
7424,True,-27.616367,-27.55495,-30.550007,-34.529453,-40.600094,-25.234224,-21.59896,-40.817204,-45.216175,-47.02028,-44.49508,-44.01162,-42.241283,-50.988804,-50.098206,-50.126633,-54.232655,-53.14969,-51.176926,-50.45092,-51.05697,-51.849766,-54.758297,-57.01732,-58.320045,-56.73429,-53.39638,-54.911217,-56.808075,-59.1017,-58.62797,-62.095036
7456,True,-24.53038,-27.406372,-32.893116,-34.457157,-41.443474,-24.722729,-21.198349,-45.286003,-46.412296,-39.427166,-44.06487,-42.689724,-38.86204,-47.943985,-50.56539,-50.591183,-51.907047,-50.36552,-52.398636,-51.731335,-50.036804,-49.61059,-53.39009,-56.435623,-57.14931,-57.630096,-54.443832,-54.355026,-56.610397,-57.927063,-58.752625,-60.36659
7488,True,-22.912827,-24.184765,-33.258377,-37.878822,-39.38824,-21.871853,-18.375586,-40.245243,-43.108795,-42.67754,-46.54346,-43.576923,-39.03732,-45.15809,-50.636307,-49.996765,-52.115482,-54.03919,-54.702248,-51.33037,-49.670887,-50.26823,-54.767307,-56.771652,-55.822845,-56.152416,-52.357475,-53.521553,-56.897087,-52.339966,-54.451557,-57.15126
7520,True,-23.708393,-24.739168,-35.724014,-40.566643,-37.769333,-24.019695,-20.173923,-42.24527,-44.557156,-44.93918,-45.89947,-44.374992,-39.196934,-47.03964,-51.79674,-52.375504,-53.46736,-54.356354,-53.06623,-51.992836,-48.817295,-50.132996,-54.471634,-56.32406,-54.863052,-56.46326,-54.061108,-56.557793,-58.33832,-57.537766,-59.5175,-60.955765
7552,True,-24.417503,-27.231838,-36.971775,-40.360832,-39.685616,-22.448797,-18.672132,-43.514946,-47.934036,-43.399563,-47.148224,-45.133934,-40.127792,-47.06378,-46.890686,-49.22627,-55.92736,-56.30683,-54.09048,-52.681866,-47.35451,-50.223152,-53.87821,-57.441,-56.14144,-56.442417,-57.476494,-58.235947,-58.63768,-58.94398,-58.98877,-60.004097
7584,True,-22.657404,-23.255713,-32.565598,-37.878536,-43.06253,-22.96888,-18.987673,-45.32915,-41.96323,-42.30626,-46.58194,-43.701687,-39.28225,-45.370995,-46.94967,-50.35182,-54.14902,-53.998978,-51.332268,-51.123005,-48.978634,-52.4142,-54.48441,-56.157513,-56.382637,-58.2419,-54.30409,-55.357628,-57.02576,-59.736935,-60.474503,-59.828934
7616,True,-23.736462,-25.897636,-35.621937,-41.036488,-40.02785,-23.224373,-19.541061,-42.49772,-45.247948,-45.124928,-47.27007,-45.42072,-40.0587,-49.116974,-51.05341,-52.784004,-52.277622,-54.01278,-50.92588,-51.04385,-48.764206,-50.89417,-53.144882,-57.294193,-58.60441,-55.63751,-55.420376,-55.15706,-55.52385,-58.06299,-59.604164,-59.885895
7648,True,-27.562466,-29.6435,-33.833843,-40.427856,-34.805546,-23.871653,-20.38411,-44.43062,-44.1909,-39.25144,-44.893913,-43.738438,-40.54338,-47.489624,-49.426155,-54.61522,-55.98129,-55.634785,-52.29502,-51.249523,-48.38436,-50.425194,-55.34916,-58.020382,-56.311005,-57.397884,-53.98376,-56.076096,-59.27793,-60.27703,-59.514927,-61.59144
7680,True,-21.697844,-24.02203,-36.295452,-41.55298,-39.985752,-23.107704,-19.273432,-41.827396,-46.575172,-42.86554,-43.022026,-43.017292,-43.573387,-48.283478,-48.465073,-49.56148,-52.369698,-51.400066,-49.90721,-52.001625,-49.668697,-48.87016,-53.81778,-56.976963,-57.51801,-58.61343,-53.74062,-53.44338,-58.977947,-58.639908,-58.120705,-60.796844
7712,True,-23.180552,-24.190372,-38.213036,-44.440514,-38.170063,-22.21582,-18.004873,-41.669632,-45.75874,-45.96257,-44.612003,-43.24996,-39.25549,-46.276924,-53.265347,-52.69466,-50.98068,-50.432926,-52.183174,-52.999718,-51.93153,-51.989014,-55.09545,-57.317505,-56.32482,-55.67534,-55.87803,-57.951927,-59.116814,-58.704033,-58.432076,-57.922863
7744,True,-31.119654,-32.763573,-33.886536,-36.55374,-36.76274,-21.060513,-17.004444,-44.386787,-45.28023,-42.915848,-46.170193,-43.505318,-43.853004,-48.744892,-51.46042,-52.590904,-52.23513,-52.665215,-52.79374,-52.44908,-49.648014,-50.221413,-53.701992,-59.104,-59.384556,-58.050507,-54.435963,-55.793068,-58.127426,-59.614887,-57.4749,-58.730007
7776,True,-25.200256,-25.982422,-33.385838,-39.233078,-41.61533,-24.333199,-20.50513,-42.69432,-45.370502,-44.603073,-46.20572,-48.07375,-45.082897,-47.21469,-48.70099,-52.657757,-55.344887,-54.735508,-53.753952,-51.969944,-49.23847,-50.733467,-56.758213,-58.514942,-58.62638,-57.047825,-55.450672,-57.119465,-58.03272,-59.420708,-59.455296,-60.27901
7808,True,-23.115475,-24.26387,-33.10753,-36.56307,-41.61785,-24.673159,-21.08081,-41.287125,-44.416573,-40.762974,-45.98473,-46.8527,-46.48235,-49.775856,-47.15661,-48.675594,-51.132057,-56.176952,-52.938034,-52.610607,-50.733788,-50.96052,-54.71366,-57.267815,-57.438236,-57.879654,-54.94267,-57.035225,-58.66983,-60.104336,-58.427124,-60.898865
7840,True,-27.575146,-28.347256,-36.172974,-38.797993,-41.76092,-24.258759,-20.546505,-42.268864,-43.634342,-45.05081,-44.607857,-42.20587,-43.290146,-49.20448,-49.259014,-53.18628,-54.27433,-53.555393,-52.26918,-52.196842,-48.684696,-51.038227,-56.45301,-57.562298,-58.524445,-56.286312,-54.277794,-56.07691,-58.8244,-60.196358,-59.80303,-59.28348
7872,True,-26.05708,-27.69175,-36.84176,-40.93965,-41.807728,-24.269285,-19.825106,-44.553265,-44.593224,-40.866936,-43.65323,-44.8384,-42.99454,-48.30912,-48.537136,-52.072853,-53.932327,-55.46379,-52.867718,-51.27758,-50.711258,-53.773773,-57.579998,-57.927288,-59.182274,-57.535828,-54.35606,-56.20761,-58.580402,-57.91716,-58.801186,-60.962696
7904,True,-24.3713,-25.85803,-33.8637,-37.728622,-36.60543,-24.393864,-20.868856,-42.215088,-43.768425,-43.710976,-45.889305,-43.26511,-36.204563,-45.52848,-53.05699,-52.802616,-52.52195,-53.311523,-52.34997,-51.578136,-49.18469,-51.97,-55.869602,-60.069336,-58.184566,-57.817772,-55.102123,-57.014065,-59.826294,-60.57807,-59.92966,-60.319885
7936,True,-25.358961,-26.053064,-31.757841,-40.0382,-41.750755,-29.53975,-25.988235,-42.054638,-45.36045,-44.69609,-46.862125,-43.218727,-36.952938,-47.14421,-50.96579,-50.273037,-52.473633,-55.3519,-55.353226,-55.042046,-52.00078,-52.90899,-57.774803,-57.810177,-56.950844,-57.853966,-56.590927,-56.108723,-57.08116,-60.37996,-58.991985,-60.070267
7968,True,-24.085438,-26.104393,-30.269701,-36.298958,-39.89837,-24.402857,-20.819923,-45.409866,-47.24026,-49.59407,-46.683613,-45.4526,-43.33924,-49.598545,-49.47762,-51.72975,-51.813805,-51.75705,-53.31806,-53.40503,-49.08454,-53.187515,-56.87423,-57.59924,-58.052277,-57.38961,-56.197197,-58.434464,-60.214333,-60.083954,-58.64917,-58.984585
8000,True,-23.002121,-23.68988,-33.23825,-37.67714,-41.316383,-25.672148,-21.323982,-40.54296,-41.86164,-48.41353,-43.933617,-41.841408,-40.511833,-44.72803,-43.259453,-41.325974,-40.560764,-44.688457,-50.66567,-52.193027,-49.08181,-51.38386,-53.418846,-53.675537,-52.555294,-50.66723,-51.658653,-49.405617,-41.156967,-39.285896,-44.15248,-44.737846
8032,True,-22.381117,-23.613628,-33.31454,-36.673054,-33.153175,-24.676151,-23.890093,-31.265219,-33.2526,-35.18049,-37.415516,-34.2948,-34.712433,-38.518764,-37.94705,-33.855007,-30.454672,-34.20655,-44.11753,-45.639095,-45.371925,-44.97345,-45.679543,-48.807636,-45.121384,-39.862873,-37.021515,-37.492203,-31.397934,-31.423077,-35.12344,-35.544262
8064,True,-26.90341,-29.658615,-36.251328,-38.87092,-37.566902,-25.505756,-22.603006,-40.872883,-41.403507,-45.246315,-42.540375,-39.495148,-42.140278,-46.541576,-46.563194,-48.104744,-44.310562,-47.224365,-51.117786,-50.788216,-50.5615,-50.38027,-54.722443,-55.588547,-53.619453,-51.93783,-50.095078,-50.11793,-45.634975,-47.07731,-49.44661,-49.757732
8096,True,-22.685556,-24.229046,-32.41884,-38.196617,-39.05305,-23.760376,-19.427416,-41.54819,-44.12111,-42.159615,-45.552658,-42.515034,-41.647675,-46.54632,-47.09407,-47.68276,-49.587555,-51.046272,-53.627583,-53.579308,-50.307194,-51.65538,-53.061977,-56.741833,-56.615547,-57.182854,-51.972626,-54.24522,-50.999435,-51.294487,-54.64685,-55.52734
8128,True,-21.970768,-24.97103,-35.738647,-40.172825,-37.998226,-26.781862,-22.549707,-46.785736,-45.282875,-46.005554,-45.991627,-43.521915,-42.15393,-50.883022,-51.05847,-48.836327,-49.31524,-49.871197,-51.618668,-52.32486,-49.015114,-50.53034,-54.301247,-58.94124,-58.11309,-57.268303,-56.25218,-57.3872,-55.468613,-56.20079,-57.468445,-58.83412
8160,True,-27.487888,-29.5015,-34.73311,-39.43106,-40.771324,-28.341972,-25.170496,-44.434376,-45.856476,-42.54038,-44.06095,-42.868713,-41.98568,-47.58264,-46.703247,-48.52645,-51.175873,-51.49984,-55.16138,-52.52128,-51.05576,-52.870907,-56.76035,-59.609104,-57.962822,-57.86535,-55.1743,-56.514015,-56.006317,-57.327927,-60.014797,-57.85007
8192,True,-24.590149,-26.114307,-32.79889,-38.766575,-40.197086,-26.82949,-22.922075,-42.89975,-46.14392,-42.069668,-44.603275,-44.02759,-46.31337,-49.507732,-48.162235,-50.399593,-53.63798,-51.97403,-50.06449,-50.19102,-49.260487,-51.010166,-57.33511,-59.74644,-55.912773,-56.699444,-55.421455,-56.24115,-57.03492,-58.721146,-58.875732,-59.0671
8224,True,-23.321562,-24.671106,-33.09509,-36.272255,-43.500916,-24.076643,-20.255442,-44.047348,-45.690697,-41.843357,-44.666428,-45.186836,-40.30943,-47.328896,-48.428856,-46.66325,-53.97203,-52.828255,-52.382896,-53.69955,-51.82282,-55.29385,-56.496906,-57.896698,-57.73844,-56.69336,-54.1456,-55.329014,-57.322346,-58.098507,-58.778496,-59.896835
8256,True,-24.080908,-25.686577,-34.85272,-42.719788,-39.264183,-30.986403,-30.9428,-43.80237,-46.32444,-45.53524,-46.888893,-42.627594,-39.319317,-44.560696,-48.656826,-50.615395,-52.741276,-52.154648,-52.61724,-49.659504,-48.34291,-52.386364,-54.236237,-58.270218,-57.558174,-57.810654,-55.52237,-56.808403,-58.93621,-57.9775,-58.75923,-60.216984
8288,True,-25.38316,-26.747162,-35.35687,-37.29202,-38.97688,-28.49786,-25.372477,-43.941616,-47.544476,-45.357014,-48.92508,-47.897984,-45.719017,-50.097816,-49.653587,-49.81852,-53.681606,-56.226536,-54.225334,-52.05845,-51.285954,-53.105907,-57.10354,-56.463264,-58.409676,-56.7919,-54.823967,-55.650055,-59.851105,-57.283752,-59.020767,-59.825203
8320,True,-22.897594,-24.069712,-33.431065,-38.030006,-39.58017,-23.164974,-18.636532,-42.774673,-47.440815,-41.637302,-44.980057,-43.767296,-43.830395,-47.794155,-47.355312,-49.282932,-51.757538,-52.243042,-52.025433,-51.669106,-48.6103,-50.04686,-53.097534,-57.941288,-59.089046,-56.29311,-55.297512,-55.62426,-58.18687,-55.6333,-58.630108,-61.3218
8352,True,-23.681366,-26.189573,-31.88492,-36.6497,-40.586685,-23.842276,-19.525084,-43.901104,-47.091846,-46.536003,-49.677063,-46.217884,-39.212715,-45.754887,-48.627075,-47.166275,-52.961678,-52.867714,-50.643425,-53.397476,-52.579266,-51.393543,-54.32305,-57.17063,-58.57084,-57.7142,-54.3782,-55.729683,-58.907543,-57.918304,-59.400406,-60.077404
8384,True,-28.614529,-30.6683,-38.23413,-42.82769,-37.344658,-22.768232,-20.191729,-46.90017,-46.342514,-43.413754,-46.8535,-44.534794,-40.799805,-49.46698,-49.657135,-49.312206,-52.180977,-53.81968,-53.98686,-51.013336,-50.061337,-50.60871,-55.09625,-57.43873,-58.39043,-56.65003,-57.81429,-56.120472,-58.70797,-59.132736,-59.74862,-59.878277
8416,True,-23.671724,-24.289776,-35.7385,-41.03875,-38.466965,-23.54008,-19.876247,-42.954414,-46.087803,-43.361717,-46.51564,-43.595615,-38.964638,-48.898922,-50.769913,-51.186157,-53.958477,-52.642323,-52.792477,-50.718502,-50.216175,-53.69088,-55.79285,-57.54473,-57.5424,-56.89741,-55.221592,-55.288383,-58.136215,-60.283226,-59.82728,-59.155754
8448,True,-24.558609,-25.739077,-32.775513,-37.780632,-37.510937,-22.63196,-18.772514,-41.793945,-45.255314,-44.227062,-46.645874,-47.466225,-39.601105,-46.481815,-49.31302,-55.123768,-53.731567,-52.247414,-51.46041,-52.358536,-51.791817,-55.96714,-58.620205,-58.71267,-58.981056,-58.58287,-54.44443,-56.20558,-60.197823,-60.857056,-59.2296,-61.654778
8480,True,-24.527035,-28.693258,-33.50519,-39.12521,-39.152866,-22.499859,-18.703482,-43.553528,-44.433445,-47.22931,-49.071503,-44.72935,-38.707127,-45.553837,-49.484783,-52.872704,-54.364094,-54.19447,-53.578354,-50.677734,-50.52378,-52.674946,-57.382896,-60.34546,-59.872047,-56.754192,-57.02649,-58.261723,-59.470596,-59.478096,-59.71824,-60.006042
8512,True,-23.594872,-25.068533,-38.837128,-40.686775,-37.191338,-23.70522,-19.94338,-43.762566,-48.17953,-43.090992,-44.485703,-45.359592,-43.62371,-47.05443,-49.19846,-52.938454,-55.260273,-54.916386,-51.965836,-50.76298,-50.47159,-53.119316,-55.445824,-58.008034,-58.81287,-58.35712,-55.911987,-57.2536,-58.4037,-59.551804,-59.94126,-61.93177
8544,True,-22.658854,-23.714031,-34.91647,-39.765354,-41.603527,-21.203094,-17.467648,-41.948986,-46.637615,-42.3247,-45.05864,-42.342155,-37.979168,-47.562187,-51.22156,-53.81287,-54.59135,-57.082558,-57.95065,-52.307335,-51.187202,-54.105167,-56.11409,-56.53988,-59.448654,-58.843483,-55.194622,-55.5135,-57.705303,-59.286774,-57.65853,-59.844357
8576,True,-26.994682,-30.466148,-37.235603,-38.183052,-40.40413,-19.956104,-16.474852,-45.6089,-46.92573,-38.85399,-44.799137,-43.38972,-39.582924,-47.722366,-49.543488,-49.54128,-48.178196,-53.263794,-55.588535,-51.052837,-49.911324,-51.61192,-54.01112,-56.972233,-54.88057,-54.478184,-52.23984,-53.59912,-52.64126,-51.88683,-51.737026,-57.005535
8608,True,-23.868317,-26.154367,-37.426857,-39.79907,-39.757698,-22.42364,-18.49927,-45.088272,-46.741714,-40.395798,-47.882042,-44.089237,-43.207973,-49.86343,-52.759155,-52.557976,-51.433136,-51.00222,-52.436142,-52.521736,-52.059093,-53.062473,-57.576977,-57.447464,-57.671696,-57.50724,-54.433056,-56.564373,-58.77745,-60.34926,-58.843704,-59.923878
8640,True,-24.572403,-25.406473,-32.607494,-35.434517,-40.356136,-21.381063,-17.687,-43.192516,-46.85132,-43.64566,-44.243416,-41.70549,-39.565384,-47.17942,-51.6324,-52.76442,-52.069527,-53.35487,-55.05228,-52.498886,-52.863308,-53.410675,-57.827972,-56.019024,-58.180702,-56.321396,-55.02494,-57.56393,-59.875748,-60.118195,-59.415726,-59.692078
8672,True,-25.955389,-28.260977,-31.913788,-34.78629,-38.31796,-21.342674,-17.656744,-41.656967,-46.69697,-39.97967,-44.79068,-42.522133,-38.956505,-47.01302,-48.151722,-48.43147,-50.996265,-52.800148,-55.222687,-52.535477,-49.76364,-52.291676,-56.924477,-58.17827,-57.89391,-57.59372,-54.572433,-55.478405,-57.726513,-58.02046,-57.300034,-60.664368
8704,True,-27.504162,-28.367655,-33.42647,-37.564606,-37.62397,-23.771265,-19.402365,-44.385548,-47.517666,-43.480515,-41.113056,-44.12758,-40.95472,-48.616425,-52.054626,-51.649975,-54.81905,-53.359093,-51.31641,-52.077824,-50.990814,-54.35419,-57.917004,-57.868156,-58.46962,-56.174564,-54.914814,-56.70322,-59.286194,-59.901386,-59.675137,-61.52465
8736,True,-24.827536,-26.380226,-33.24279,-35.94957,-38.152317,-23.84287,-20.669949,-44.125404,-45.613083,-39.15071,-45.493626,-47.12545,-44.349934,-48.304443,-48.908966,-50.964664,-57.034092,-53.74047,-53.36051,-52.081253,-52.321285,-53.56523,-54.40557,-57.470177,-55.22323,-55.014847,-54.844433,-54.927353,-57.41162,-59.669426,-58.938503,-61.389507
8768,True,-24.661331,-26.087013,-35.209885,-41.41568,-41.09971,-24.39954,-20.790215,-42.61761,-46.468056,-41.410492,-43.986946,-43.86469,-42.443043,-48.371437,-49.73752,-50.488773,-53.229557,-53.880997,-54.51606,-53.792763,-50.8564,-52.489628,-55.95223,-57.286835,-58.363922,-58.88684,-56.65365,-56.21307,-58.83822,-60.74545,-60.512127,-60.790787
8800,True,-25.686905,-28.201101,-35.415398,-36.788704,-40.897003,-23.398218,-19.374014,-43.024197,-45.257435,-43.50576,-42.306232,-43.868748,-45.031246,-51.10041,-52.224712,-52.9279,-54.780785,-55.650833,-52.886654,-51.550175,-50.897617,-54.169384,-56.212463,-58.49694,-58.126564,-59.66786,-56.45423,-58.775524,-60.368465,-58.64126,-57.873444,-61.382942
8832,True,-22.955864,-24.030434,-32.858017,-36.578453,-38.610233,-25.342075,-22.135326,-40.99569,-44.313347,-47.298866,-44.76652,-45.8189,-43.718685,-47.13646,-53.255634,-51.15835,-50.888947,-53.01368,-54.382286,-48.931465,-50.721874,-52.869053,-59.372208,-58.12901,-59.06393,-59.26574,-56.438026,-58.76524,-59.99372,-60.009327,-58.908386,-61.192593
8864,True,-24.574423,-26.346228,-29.507,-33.352726,-41.02671,-29.050406,-26.024227,-42.70926,-45.72278,-45.09953,-48.816967,-48.194885,-43.551476,-47.042843,-48.924442,-51.72771,-52.99009,-53.631573,-55.5708,-50.96398,-49.617764,-51.296394,-55.466988,-59.765774,-57.643543,-56.57576,-54.70268,-55.897957,-60.04207,-60.634552,-59.636463,-60.363316
8896,True,-26.76664,-28.984997,-34.189335,-35.78258,-39.052795,-27.296059,-24.115126,-44.654686,-46.4784,-46.152794,-48.241688,-43.974274,-38.47691,-45.727898,-49.827736,-48.797516,-52.41377,-55.109436,-54.2823,-52.333298,-49.826828,-52.814865,-51.72104,-57.310368,-58.187866,-57.03888,-52.450977,-55.099876,-59.030907,-59.874695,-59.253838,-61.016212
8928,True,-24.281067,-25.48962,-32.93909,-40.24284,-41.57966,-25.88578,-21.876335,-41.618736,-46.595833,-44.685818,-47.362106,-45.10063,-41.09718,-47.435005,-49.01133,-50.27787,-52.49356,-51.763805,-53.300533,-53.06443,-52.296844,-52.884224,-56.090244,-56.92555,-57.230827,-58.068924,-55.83695,-57.11002,-58.627567,-59.395584,-58.49759,-60.18234
8960,True,-22.529335,-24.410458,-31.774532,-36.688103,-40.701324,-30.153578,-27.35424,-41.296967,-46.842632,-46.13581,-45.436615,-47.904114,-43.813698,-46.37313,-49.49226,-51.343533,-51.98548,-52.866753,-54.879944,-50.525238,-51.392227,-54.20055,-56.07691,-57.249523,-56.204224,-56.485558,-56.703983,-57.72823,-59.04991,-60.635815,-58.848705,-59.524353
8992,True,-27.048275,-30.242111,-31.588379,-36.000473,-37.730595,-29.444508,-28.085403,-42.10245,-46.55429,-43.982414,-46.161808,-46.41591,-46.42544,-45.684998,-50.095566,-50.470127,-50.05677,-51.209316,-56.151115,-54.953915,-51.359715,-52.79647,-56.78898,-58.153564,-57.99771,-57.65242,-56.86815,-57.89975,-58.703255,-59.461155,-58.57081,-59.28522
9024,True,-25.701042,-28.101034,-33.345726,-38.118484,-38.251926,-28.449915,-23.962824,-41.996124,-44.24138,-44.89953,-47.351654,-45.903954,-43.20744,-48.17043,-47.833862,-49.271927,-53.54284,-54.508915,-51.999672,-53.32832,-51.538406,-51.519627,-57.59868,-60.150867,-55.61402,-56.39039,-57.591324,-57.39428,-60.101112,-60.132065,-60.122116,-60.327934
9056,True,-23.03975,-24.766539,-33.677208,-39.466797,-40.896027,-24.441399,-20.286606,-42.49819,-47.708885,-45.422855,-49.127663,-46.28317,-42.040405,-47.892574,-48.84283,-50.124744,-53.724743,-54.128494,-52.62875,-53.842056,-52.915806,-51.4053,-58.325844,-59.180317,-56.782604,-58.003685,-55.599117,-58.036667,-58.86988,-58.61221,-58.35952,-60.51054
9088,True,-23.830605,-25.427492,-29.18649,-32.901333,-38.85624,-25.502155,-22.736385,-44.372658,-48.514496,-41.861214,-44.88689,-44.558655,-39.321407,-48.544014,-50.5111,-50.185795,-50.16849,-52.53391,-52.165092,-56.183006,-52.56029,-53.079296,-58.503815,-58.85945,-58.45583,-56.506313,-56.795067,-55.92511,-50.996742,-49.82504,-53.884617,-54.096165
9120,True,-25.834229,-27.092573,-29.22548,-35.89767,-35.145145,-25.424171,-24.30975,-29.677048,-30.95713,-36.85052,-38.627686,-34.435642,-34.387913,-36.68532,-34.39454,-32.953445,-29.26612,-33.213043,-41.588078,-42.343212,-41.320152,-42.392536,-43.21346,-48.25172,-44.672447,-39.83465,-33.606808,-33.396767,-28.114227,-28.808048,-33.14029,-33.886467
9152,True,-24.571417,-25.776623,-31.398066,-40.591278,-35.972168,-25.138477,-21.438164,-40.187256,-42.429775,-45.647205,-45.781395,-40.25656,-39.910503,-44.258595,-44.21732,-45.684196,-42.54856,-46.07595,-49.17032,-50.913445,-48.91063,-52.77948,-55.751976,-54.712406,-55.22816,-53.19841,-46.946796,-46.654324,-44.176865,-44.83356,-47.308483,-47.51426
9184,True,-24.897839,-26.308128,-34.496758,-39.95089,-38.24077,-29.614191,-27.281504,-43.352936,-45.607826,-49.972744,-45.76863,-43.766624,-40.83576,-45.797916,-50.37743,-50.537052,-51.40888,-49.735817,-49.979206,-49.837894,-49.233746,-52.368057,-55.66885,-53.924133,-54.317307,-55.051582,-52.740383,-52.259502,-49.96891,-50.554047,-52.50305,-52.035946
9216,True,-29.450054,-30.284784,-30.394297,-35.22654,-37.73097,-28.101843,-25.60744,-43.706696,-42.847412,-44.353466,-48.29853,-45.333977,-42.084465,-50.630287,-52.505604,-51.686398,-46.87427,-47.057755,-53.13959,-51.212368,-50.75277,-52.656548,-55.716606,-57.01981,-56.573635,-55.48422,-52.588688,-54.32692,-52.711212,-52.848263,-55.57866,-57.00764
9248,True,-22.56067,-23.999008,-34.52562,-38.458805,-36.312244,-29.709005,-29.23164,-42.786278,-41.82023,-40.684074,-47.262035,-45.715637,-39.809303,-47.43896,-51.6342,-53.16399,-54.011925,-52.331146,-50.074177,-50.46494,-48.809624,-50.27069,-55.439003,-56.982666,-57.03463,-56.027634,-54.118866,-55.443863,-55.801388,-57.689747,-58.756523,-57.73743
9280,True,-23.985292,-25.179312,-31.357628,-37.005173,-38.896652,-33.53133,-36.371277,-44.588905,-42.568493,-40.919388,-45.325485,-43.86628,-39.831688,-47.650833,-49.930225,-54.373898,-54.557766,-54.728085,-51.92624,-49.74494,-49.17915,-52.295044,-55.19979,-57.235214,-56.636208,-57.031902,-56.247513,-56.2769,-58.14119,-59.040302,-58.234856,-59.687622
9312,True,-26.260061,-29.344288,-30.671604,-39.156982,-34.871902,-28.855213,-25.658943,-41.60721,-44.15377,-41.10717,-46.28219,-46.38575,-43.552826,-53.817116,-53.792767,-56.92779,-53.898907,-52.53008,-50.692593,-49.325024,-49.6763,-53.152336,-55.250183,-58.399826,-57.900803,-57.076324,-56.79023,-56.96297,-57.82047,-59.831123,-60.0013,-60.91776
9344,True,-22.538462,-24.68028,-36.740845,-38.638855,-33.854397,-26.084158,-22.197113,-39.93649,-49.40153,-43.29645,-48.070976,-47.028652,-42.682663,-49.39207,-49.749798,-49.54078,-51.477848,-52.22278,-53.58142,-49.586876,-49.40728,-51.381947,-54.617744,-57.166237,-58.524662,-58.78504,-56.833427,-57.18966,-57.835922,-58.569263,-59.150883,-59.13643
9376,True,-21.731012,-23.203262,-35.06708,-40.462067,-35.854298,-25.369602,-21.6633,-42.013775,-42.505997,-41.16433,-46.1596,-44.585155,-41.942097,-46.874504,-48.69828,-52.067947,-54.515476,-54.2761,-52.678123,-51.606785,-48.317688,-50.081688,-54.55166,-57.666912,-56.682053,-59.06086,-54.41741,-55.956367,-57.987984,-60.026554,-60.38666,-61.5066
9408,True,-24.612553,-28.469372,-33.647594,-37.114902,-38.844753,-28.303802,-26.80223,-44.30713,-46.428818,-37.846107,-46.638752,-48.489143,-38.539185,-46.777668,-52.433258,-53.293804,-52.659992,-53.046906,-51.00483,-53.928123,-49.059647,-51.11326,-55.701694,-56.062508,-56.612892,-55.31167,-55.36695,-56.303143,-56.993923,-59.46709,-58.97961,-61.491234
9440,True,-24.863424,-28.560266,-32.342106,-38.47679,-38.622795,-25.57822,-22.074736,-46.953316,-49.016838,-40.067574,-45.6152,-46.196793,-39.0325,-48.517204,-51.10552,-51.48657,-54.00209,-55.260296,-49.957333,-51.93913,-50.607384,-50.01079,-56.720406,-55.456314,-56.706482,-58.548477,-54.246258,-55.4946,-56.479794,-59.970238,-59.486153,-59.764065
9472,True,-22.654636,-23.87339,-36.856316,-37.64425,-39.400604,-24.548836,-20.997585,-42.133682,-47.213577,-41.940094,-45.35228,-43.13259,-38.91202,-46.51342,-48.14825,-51.353355,-51.260357,-51.81336,-50.760124,-49.6148,-48.651978,-50.712822,-57.2792,-56.08857,-54.91495,-57.04435,-54.811058,-55.046616,-58.691757,-60.67447,-61.010704,-59.75861
9504,True,-23.748903,-24.511663,-33.459877,-37.4349,-38.01991,-27.580318,-24.762085,-43.10943,-47.192326,-41.536312,-46.19089,-47.315125,-45.338993,-46.5371,-50.45968,-51.87703,-53.97194,-51.60919,-48.491634,-49.255215,-48.521202,-50.987774,-54.810303,-59.09832,-57.419144,-56.352978,-53.753555,-52.88282,-56.48719,-58.20897,-58.67881,-59.55181
9536,True,-27.943726,-30.320309,-31.927994,-35.851444,-37.567097,-26.789299,-24.091206,-41.544342,-44.36848,-46.69326,-46.450695,-44.58526,-43.30281,-46.347473,-49.075603,-52.785606,-52.01963,-51.172543,-52.435265,-51.886486,-47.294216,-51.37742,-54.594093,-56.338303,-56.826904,-57.4437,-53.031006,-54.513474,-57.709713,-59.12931,-60.253654,-60.411106
9568,True,-22.924625,-24.247095,-32.85771,-35.906807,-37.24499,-28.148382,-24.368326,-45.098564,-45.479694,-42.600914,-48.247265,-45.188942,-43.408455,-48.865227,-49.43506,-49.82332,-52.03752,-54.626724,-56.53958,-51.15821,-48.56724,-51.665134,-56.319447,-58.776134,-56.20047,-56.417656,-55.6422,-55.3138,-56.616158,-59.462643,-59.65778,-61.171192
9600,True,-22.57163,-24.087051,-33.678562,-38.36207,-38.707294,-26.373041,-23.451496,-42.79767,-44.666138,-39.899696,-44.982002,-43.662304,-41.916157,-49.39333,-47.995453,-52.040558,-53.12011,-53.95216,-53.49535,-47.80581,-48.0347,-50.885643,-55.724808,-57.29597,-57.692753,-57.698154,-54.085876,-54.589577,-57.69217,-59.376507,-59.821556,-60.53837
9632,True,-25.160196,-27.248253,-38.7837,-45.217873,-41.698895,-25.698895,-22.441282,-44.10774,-45.315166,-45.021305,-46.53995,-43.976524,-40.06951,-46.567657,-49.184196,-49.206703,-50.477455,-51.89048,-53.50986,-47.974907,-45.768566,-50.638813,-54.119637,-56.44695,-57.254036,-58.093075,-53.78562,-53.206516,-57.185547,-55.951675,-57.284657,-58.621758
9664,True,-24.860151,-25.801636,-34.17132,-38.990795,-38.27288,-21.27499,-17.605135,-41.544933,-41.296726,-41.386017,-46.272243,-41.529633,-37.60071,-50.10366,-51.305923,-49.29628,-50.11015,-49.825005,-50.518192,-47.012447,-46.951553,-50.293484,-53.956566,-56.047916,-56.1182,-55.738632,-53.922886,-52.153763,-54.507557,-52.986168,-53.398567,-57.61235
9696,True,-21.654125,-22.551064,-31.957743,-33.705753,-40.085114,-24.291761,-21.036518,-44.12401,-44.030518,-42.86503,-43.60621,-42.399475,-38.859035,-46.952328,-46.116352,-47.45658,-49.99774,-50.95177,-49.300446,-48.532234,-48.789707,-50.54623,-55.067192,-57.35604,-54.47036,-57.263527,-53.56726,-54.4237,-57.360878,-58.968636,-59.483944,-61.473183
9728,True,-27.02069,-28.695042,-31.286499,-34.282555,-41.021103,-29.91698,-26.77057,-44.880333,-45.286697,-43.037777,-45.51664,-44.21189,-42.6234,-48.789867,-49.624565,-49.104084,-53.764683,-51.852493,-50.899235,-48.911552,-48.54521,-51.91221,-56.842594,-58.465805,-57.548508,-56.952927,-55.623795,-55.82086,-58.188053,-59.637493,-59.760345,-60.23172
9760,True,-24.576046,-25.740356,-34.597595,-37.552067,-35.274208,-25.254356,-22.006603,-40.80004,-41.293484,-39.395275,-44.95016,-44.756084,-40.838875,-48.221703,-49.488388,-48.66922,-52.38157,-52.412983,-52.423775,-50.01451,-47.999626,-51.340775,-52.669353,-55.47008,-57.23293,-57.92148,-56.37642,-55.59609,-58.293972,-59.1288,-58.006737,-59.538986
9792,True,-21.974648,-23.51549,-35.25945,-38.97088,-39.79814,-23.162241,-19.565556,-42.729713,-43.40423,-38.110207,-46.180283,-45.37243,-43.15423,-51.724567,-53.16799,-49.918526,-53.009525,-52.62285,-53.13343,-52.45585,-52.039207,-53.7289,-57.010757,-57.957443,-59.355793,-57.32069,-55.25848,-54.892654,-57.942158,-58.239883,-58.700275,-59.57689
9824,True,-26.73085,-27.875698,-31.87901,-34.439537,-39.966637,-25.747902,-22.653286,-39.526516,-42.667755,-43.776764,-44.953087,-46.102394,-45.834084,-49.05768,-49.846786,-48.835,-52.656822,-53.11721,-53.424915,-50.54453,-50.06409,-51.556362,-54.976334,-56.830948,-57.828224,-56.874588,-56.479954,-56.37307,-58.51372,-59.575447,-59.21391,-60.24917
9856,True,-26.093582,-27.88348,-33.42657,-37.373062,-40.933586,-26.136244,-22.970121,-41.38694,-45.356842,-48.521446,-48.059162,-48.662735,-43.425247,-47.69495,-46.915775,-51.321815,-53.915703,-53.602707,-50.551247,-50.518326,-49.33649,-51.057247,-55.70669,-58.286495,-59.364895,-57.196964,-55.36519,-55.180862,-58.04462,-57.38193,-58.248787,-60.415745
9888,True,-23.758955,-24.798168,-34.434036,-41.866898,-39.38096,-25.376122,-21.209085,-43.97095,-43.90081,-45.448666,-45.465923,-43.803425,-37.725014,-48.088005,-50.300385,-48.871304,-53.079258,-53.944183,-51.873642,-50.39456,-48.060307,-50.398155,-56.586933,-55.553658,-57.1759,-55.95554,-56.63815,-56.946064,-59.469185,-59.429592,-59.696472,-59.72341
9920,True,-25.923538,-28.868874,-36.24629,-40.245937,-40.837112,-22.976608,-19.501415,-42.418976,-47.44936,-44.89265,-45.71928,-44.61977,-40.93051,-48.1391,-48.947353,-52.914196,-53.768078,-51.371387,-50.85495,-50.356377,-52.28981,-55.12474,-54.018005,-56.80706,-59.085697,-61.047485,-55.493446,-55.531067,-59.123615,-59.76578,-59.485874,-60.314888
9952,True,-26.93116,-29.853958,-36.01997,-37.02014,-35.592663,-23.585642,-20.660484,-42.500263,-46.024532,-41.477882,-44.003757,-44.04628,-43.864407,-49.423023,-51.639843,-52.74618,-50.853077,-51.42563,-53.68049,-50.875618,-49.71229,-53.770523,-54.92142,-57.092155,-57.962704,-57.202507,-55.90507,-57.082134,-58.15823,-59.228447,-58.84088,-61.479828
9984,True,-23.728458,-24.809204,-36.7213,-38.698803,-36.392334,-23.686754,-19.836584,-38.33273,-42.91393,-43.28737,-43.714928,-45.987183,-45.952114,-49.19503,-48.958607,-49.26583,-50.672134,-51.747826,-53.458122,-51.697845,-50.76095,-51.479065,-55.249535,-56.143246,-56.8076,-57.745213,-57.279743,-58.09606,-58.862183,-59.164192,-60.165123,-60.555214
