timestamp,faulty,band_0,band_1,band_2,band_3,band_4,band_5,band_6,band_7,band_8,band_9,band_10,band_11,band_12,band_13,band_14,band_15,band_16,band_17,band_18,band_19,band_20,band_21,band_22,band_23,band_24,band_25,band_26,band_27,band_28,band_29,band_30,band_31
0,True,-36.393112,-34.298714,-35.750824,-36.240063,-37.569954,-41.501637,-38.50124,-35.04048,-33.464504,-36.461098,-34.715515,-41.448044,-35.2987,-33.911163,-44.58656,-40.899082,-40.759018,-38.677193,-43.080315,-44.17552,-43.29746,-42.068905,-43.66012,-48.86951,-48.45923,-45.93242,-46.70572,-45.836452,-48.692856,-52.897358,-52.89995,-52.244186
32,True,-30.389744,-32.42514,-28.976532,-32.382282,-34.822193,-36.643784,-37.746063,-31.883268,-30.150757,-34.06978,-34.81717,-36.35881,-35.55673,-35.824284,-37.793278,-37.347,-39.98124,-40.668213,-41.401375,-41.690025,-39.751022,-38.870857,-40.5437,-41.737324,-45.273125,-45.72294,-44.98129,-47.424755,-50.518955,-53.434483,-54.3885,-55.9861
64,True,-30.127754,-33.226162,-33.34162,-33.65135,-35.884224,-38.94584,-36.89819,-37.502377,-34.101788,-35.554432,-32.74111,-33.96102,-36.3006,-37.0176,-40.30207,-41.7583,-37.913128,-38.926018,-39.19082,-41.63127,-40.828014,-40.07444,-42.635403,-44.054855,-45.651817,-47.65995,-45.976147,-47.923985,-51.857586,-53.839947,-55.33162,-56.83029
96,True,-33.627983,-37.95365,-32.77206,-35.337208,-33.379044,-32.59978,-38.85179,-37.817986,-37.990433,-38.21252,-35.804676,-35.279327,-38.52045,-38.487278,-39.775772,-40.095,-41.31355,-39.768192,-38.368725,-43.66263,-42.010704,-39.29253,-42.284847,-44.474644,-45.27546,-45.751225,-46.353516,-48.391613,-50.25096,-52.124943,-54.488853,-57.53944
128,True,-34.021065,-31.506903,-33.07068,-39.222824,-39.079315,-34.699203,-37.533592,-36.01208,-34.371166,-35.05963,-34.030025,-37.200993,-40.42279,-41.783035,-41.217712,-41.335236,-41.39859,-38.32457,-39.76875,-41.9896,-42.12898,-44.89094,-45.808712,-44.75817,-43.58768,-44.42099,-46.37288,-48.99616,-50.00329,-52.94603,-54.259754,-54.353603
160,True,-30.904434,-32.529877,-30.3452,-33.1226,-36.365814,-36.926006,-34.610786,-34.840492,-34.26458,-36.03971,-34.330067,-33.87755,-37.95726,-37.2388,-40.05219,-39.493805,-42.347404,-39.383213,-38.91331,-41.033573,-41.701385,-43.050056,-44.788326,-43.408627,-45.976532,-46.95152,-44.5367,-49.22101,-52.293022,-53.709084,-55.262077,-56.27544
192,True,-33.468693,-31.552107,-34.31143,-34.393036,-35.019485,-33.500294,-34.674953,-37.530426,-36.091,-35.04583,-38.325413,-36.782444,-37.094543,-39.47431,-42.579277,-39.74202,-39.91631,-41.12863,-41.259132,-42.834587,-42.691505,-42.430225,-42.65703,-40.888958,-43.903725,-44.541412,-47.605583,-49.448784,-51.22656,-54.34587,-55.896942,-57.064285
224,True,-32.64894,-35.2855,-31.19905,-31.648056,-36.247616,-35.16192,-37.5804,-39.8236,-37.443123,-35.9506,-36.064384,-34.482445,-37.505817,-38.22088,-41.35786,-40.4064,-40.209255,-40.144608,-42.094604,-42.604065,-42.692673,-40.12329,-43.976578,-43.42068,-45.33912,-45.570557,-47.589554,-47.992043,-49.93528,-53.405323,-56.021137,-56.629124
256,True,-32.290436,-34.615837,-31.400448,-33.52202,-35.75572,-38.06796,-35.666283,-36.576797,-35.843082,-35.629845,-36.46658,-34.056427,-37.91356,-37.99964,-40.872223,-39.442665,-36.92851,-39.72116,-40.625237,-42.02481,-42.596176,-41.882126,-41.949917,-43.26674,-46.60431,-45.852505,-45.884888,-49.22751,-51.40934,-52.67769,-55.36679,-55.191216
288,True,-33.82325,-35.775055,-32.59373,-33.5609,-33.46916,-36.60275,-36.992844,-36.194866,-33.888176,-31.994036,-35.50819,-35.49835,-45.13918,-42.28679,-43.038963,-40.431717,-40.94242,-38.578526,-39.345665,-42.631763,-42.582443,-40.995785,-42.692276,-43.768574,-45.60703,-46.62119,-47.16515,-49.354027,-52.82585,-52.74529,-55.519867,-55.841354
320,True,-34.724808,-35.457985,-33.740803,-33.99169,-33.487553,-36.09027,-35.72238,-36.026775,-34.870728,-33.156742,-36.886375,-41.51791,-41.15234,-39.391914,-39.222122,-38.719143,-34.970932,-36.20835,-38.66047,-40.102005,-42.436825,-43.124557,-41.320244,-42.72386,-45.282135,-46.237816,-47.22754,-48.612892,-52.281395,-52.525784,-55.223976,-55.132996
352,True,-34.78605,-36.578323,-33.037075,-36.606342,-38.193695,-35.307323,-34.761826,-38.44841,-30.735157,-34.493565,-39.726196,-34.72507,-37.832287,-36.382275,-39.231976,-38.6429,-36.303207,-36.83999,-37.47196,-43.519196,-41.4765,-41.794014,-43.54935,-42.882103,-44.659477,-45.519913,-48.23969,-50.351685,-51.86459,-53.490112,-55.592632,-57.259598
384,True,-36.78029,-37.915997,-35.50179,-35.137024,-35.545708,-39.072395,-37.51438,-38.572884,-36.113705,-38.70576,-35.02279,-35.506935,-38.196915,-40.17246,-40.200867,-43.12746,-36.63086,-36.132133,-41.263424,-42.17012,-41.89398,-41.55686,-42.93159,-43.79548,-46.671597,-46.92352,-48.60599,-50.045082,-51.963825,-53.814247,-56.54112,-56.64539
416,True,-36.014027,-36.375973,-31.722258,-35.61429,-35.184196,-34.765045,-40.549908,-36.594864,-31.934582,-31.657846,-35.597275,-36.68215,-39.21761,-38.081932,-39.328796,-40.852364,-38.20762,-38.203915,-38.15089,-40.25207,-42.71582,-41.018684,-41.004944,-42.978264,-46.41992,-46.195225,-46.870937,-49.075146,-50.00053,-52.654915,-54.776768,-56.525024
448,True,-36.09906,-35.28399,-36.92471,-37.28011,-34.770046,-35.867382,-38.508278,-39.134476,-32.33107,-31.846027,-35.543446,-37.85489,-41.18809,-38.370987,-40.044876,-39.76567,-37.302666,-36.532265,-39.23761,-39.904648,-39.790947,-39.03471,-42.263397,-43.047367,-44.201103,-44.10807,-44.879837,-49.329796,-51.434105,-53.152866,-55.199604,-56.550377
480,True,-36.22927,-33.93377,-28.277325,-33.91449,-35.572174,-39.70688,-37.408875,-38.338196,-38.731598,-36.446754,-30.501242,-32.708584,-37.081127,-35.70648,-41.003304,-40.28587,-38.090454,-37.152534,-39.05066,-40.772827,-41.1533,-39.81664,-42.817123,-44.01444,-43.72161,-45.604378,-46.342667,-50.250748,-50.3709,-52.875206,-53.75794,-56.467293
512,True,-36.6276,-34.086998,-31.713882,-38.310036,-33.010544,-36.033035,-40.83389,-39.37436,-35.425594,-35.010857,-37.200542,-35.634766,-37.349495,-36.693752,-38.867508,-37.21685,-39.461067,-38.592434,-38.86513,-42.766167,-43.191853,-40.56199,-41.295315,-43.5881,-43.921314,-45.69755,-46.928867,-49.136894,-51.490105,-52.344822,-54.843655,-57.352642
544,True,-37.508343,-33.4745,-29.65363,-34.65524,-34.454998,-34.389435,-40.255516,-37.645145,-38.504425,-39.21312,-34.78469,-37.253586,-38.22027,-40.283142,-39.03913,-40.619728,-38.894783,-38.49887,-38.185047,-42.60051,-43.570194,-41.371292,-41.40228,-41.530525,-45.61262,-45.865196,-47.327454,-50.032158,-52.651314,-54.25356,-54.617516,-55.196106
576,True,-36.73667,-34.638416,-32.52718,-35.12308,-33.994087,-32.80607,-36.074574,-40.61272,-37.76037,-35.31288,-33.243366,-33.57815,-36.663982,-33.99088,-38.10117,-40.16987,-39.67788,-39.069542,-40.834118,-43.65271,-40.67578,-40.614624,-43.221012,-43.672134,-44.960777,-45.13067,-48.036457,-48.995434,-51.56227,-52.538513,-53.888023,-55.43795
608,True,-35.02368,-38.51234,-32.330128,-37.063526,-33.458286,-40.354874,-41.35612,-37.49519,-38.575527,-38.507225,-32.05168,-33.945126,-39.099335,-38.697105,-38.030598,-38.709656,-40.39731,-38.417057,-39.16025,-42.56533,-41.17206,-39.503178,-42.707066,-44.39186,-45.024105,-45.095894,-47.140495,-48.688545,-50.74268,-53.74476,-54.49049,-57.230877
640,True,-32.872513,-35.455822,-33.819923,-32.056942,-34.0504,-32.487026,-43.38162,-36.393948,-33.304153,-34.62688,-35.079582,-37.83633,-39.471657,-37.100014,-36.776707,-39.6357,-37.01213,-39.929302,-39.03777,-42.06553,-40.51466,-42.402115,-44.007755,-44.448166,-45.531845,-44.510723,-46.14366,-47.87701,-51.398438,-53.255623,-54.485783,-56.34949
672,True,-36.551815,-37.548332,-37.09048,-35.409096,-32.466022,-36.88977,-37.37761,-35.691154,-36.39752,-41.109406,-35.86539,-35.195164,-36.53688,-40.098145,-40.646023,-38.84732,-37.875282,-38.282207,-42.588696,-45.474968,-43.589878,-41.15539,-40.96438,-43.20687,-44.912994,-46.90335,-47.217567,-49.615406,-51.329937,-52.914055,-55.604816,-56.995995
704,True,-32.461792,-34.646233,-37.99001,-32.447094,-32.877014,-37.807117,-37.748722,-38.719963,-37.7881,-34.24012,-35.039215,-37.220192,-38.942627,-38.98179,-40.35759,-37.45714,-36.651943,-39.03694,-41.042828,-42.98271,-41.780563,-40.959732,-42.52008,-42.493317,-46.17688,-44.310486,-46.066517,-49.526253,-49.603577,-53.027817,-54.907135,-56.64203
736,True,-32.547657,-37.61273,-32.13386,-33.089355,-32.529564,-37.186966,-41.013405,-37.33721,-36.939774,-38.378696,-39.31077,-40.158974,-39.961403,-39.465347,-44.02041,-39.50855,-39.41897,-36.257233,-38.9026,-41.73105,-41.279415,-41.48887,-43.484005,-43.308468,-46.21148,-46.585526,-47.625942,-49.782505,-51.161617,-53.11805,-55.06451,-56.609306
768,True,-36.867947,-33.336266,-29.946701,-37.873722,-35.394375,-38.575626,-39.35812,-39.54565,-33.99977,-34.02634,-33.612103,-34.619823,-42.348763,-39.047653,-41.390404,-41.728825,-38.60325,-40.426903,-41.116074,-42.802895,-43.54876,-41.460766,-42.639122,-41.383736,-44.1324,-44.54335,-48.607025,-48.704353,-50.75947,-52.433617,-53.580925,-55.4205
800,True,-37.820065,-36.31782,-35.087727,-34.58873,-29.825287,-36.150764,-41.947903,-39.35948,-33.508633,-33.49829,-37.70142,-35.22122,-38.811333,-35.59854,-40.73195,-40.502476,-39.582336,-37.71558,-40.77923,-42.3605,-43.502747,-41.674885,-44.463226,-45.39274,-43.76791,-44.524746,-46.47557,-48.177307,-52.253227,-54.57928,-54.57856,-55.225212
832,True,-35.130325,-31.761942,-31.92939,-34.779865,-36.22586,-35.99809,-37.010056,-37.7397,-36.50834,-33.000404,-33.6584,-35.80081,-41.558994,-40.29861,-36.85411,-38.353397,-40.113903,-38.46495,-39.24318,-41.876167,-40.76716,-40.551704,-43.01977,-44.673103,-44.291573,-44.85665,-46.483723,-48.360344,-50.742233,-52.855038,-53.815113,-54.545906
864,True,-31.734211,-36.73402,-34.001564,-36.69261,-28.597202,-36.090893,-39.675262,-35.398132,-37.26499,-37.329285,-35.886017,-36.791668,-39.703503,-36.39702,-38.9121,-39.793392,-36.927494,-36.038746,-40.177135,-41.562737,-43.699688,-41.33045,-43.42628,-42.574238,-43.81787,-45.884304,-46.43175,-47.812393,-50.748283,-51.09734,-52.560745,-54.993954
896,True,-31.17076,-33.800613,-32.590263,-35.54455,-33.815742,-37.397083,-37.305225,-37.423748,-41.528824,-38.53399,-34.87962,-35.084404,-43.612114,-44.682907,-39.69716,-40.196167,-40.447937,-38.95878,-40.710487,-43.968525,-42.627148,-41.05046,-43.043167,-43.83657,-43.883,-45.46616,-48.2119,-49.027405,-50.83165,-53.66737,-54.005867,-55.219326
928,True,-35.353912,-35.041862,-34.80726,-33.929005,-28.052988,-35.408485,-37.287823,-35.918182,-36.841343,-38.638477,-35.470284,-34.733585,-43.7343,-40.73975,-38.26851,-41.303604,-41.392006,-40.764442,-41.163906,-43.30304,-43.351227,-42.42041,-43.914406,-45.4694,-45.526394,-44.768303,-46.725403,-48.73728,-49.871426,-52.087074,-52.951244,-56.26152
960,True,-31.548174,-36.627472,-36.059933,-34.389893,-30.020977,-35.969833,-37.4582,-37.58967,-36.51062,-39.039574,-30.830936,-33.294746,-40.103508,-40.596207,-43.71672,-43.836666,-39.151054,-38.785397,-39.565327,-43.196297,-39.951035,-39.562008,-42.557354,-43.4851,-45.028442,-45.76703,-47.247738,-50.005653,-52.459827,-53.69844,-54.17591,-54.63595
992,True,-36.46584,-33.326866,-33.385296,-37.584652,-32.195877,-40.391754,-39.768322,-41.069035,-35.33436,-34.366577,-36.181084,-35.603584,-36.502262,-40.370667,-40.457733,-41.593834,-39.200905,-37.411076,-39.966644,-43.827667,-41.861908,-40.254044,-44.041313,-43.656307,-46.108017,-45.763287,-45.882954,-48.74063,-50.371567,-52.749603,-53.962112,-54.049614
1024,True,-34.373833,-33.58993,-30.500574,-34.97767,-36.130264,-38.88383,-38.79676,-38.71199,-34.59964,-36.419636,-34.66522,-36.899376,-40.834908,-37.753883,-39.56471,-39.652332,-38.83979,-36.97196,-39.32833,-41.87491,-40.49114,-40.18888,-44.776466,-42.718056,-44.7076,-45.606773,-46.448692,-49.272377,-50.47879,-53.207275,-54.26198,-54.430603
1056,True,-35.947536,-33.650368,-35.864613,-37.57055,-33.347527,-35.09952,-38.231213,-38.841293,-36.922344,-37.10608,-34.720825,-34.06159,-37.295643,-40.620403,-42.692566,-40.41109,-37.80151,-37.731243,-39.637997,-39.433483,-39.874035,-40.524296,-40.58277,-41.28267,-44.59846,-44.55841,-47.063824,-49.735344,-51.95461,-52.516747,-54.04901,-56.496864
1088,True,-33.58146,-32.372627,-36.698692,-31.463367,-31.669834,-33.886314,-36.9007,-39.353893,-34.38606,-33.686234,-32.216866,-30.923866,-38.59763,-37.738674,-37.651833,-40.23521,-36.92824,-36.7072,-39.001335,-40.493645,-41.451717,-39.30904,-43.10503,-41.604313,-42.964386,-45.6653,-47.977295,-47.75168,-51.0928,-53.017254,-55.21217,-57.886448
1120,True,-32.524605,-37.362095,-34.0097,-34.40851,-33.281628,-37.179596,-36.792168,-36.757225,-34.40309,-34.927155,-36.487614,-37.219967,-36.24852,-39.50803,-39.809288,-43.038925,-40.801006,-41.8644,-38.987507,-40.269722,-41.14483,-38.189114,-42.345642,-43.883224,-44.475323,-44.49801,-47.08161,-48.18827,-49.94469,-53.02246,-54.740273,-56.78986
1152,True,-32.561234,-37.991737,-37.27936,-40.394356,-36.59968,-34.915623,-36.27806,-36.672775,-31.274435,-37.58355,-35.317875,-38.598896,-37.74787,-39.70852,-41.38208,-40.349594,-37.128998,-35.675205,-36.981537,-42.242783,-43.304123,-41.55995,-43.084343,-44.304653,-45.161396,-45.18425,-46.42223,-47.687332,-50.584393,-53.552917,-55.357307,-55.249332
1184,True,-33.468513,-34.560898,-29.584196,-33.662315,-30.847742,-35.39471,-35.176228,-33.684746,-31.88387,-37.681995,-38.716236,-39.2862,-39.49671,-39.734028,-39.422718,-40.47857,-38.955673,-40.167892,-38.409897,-40.64199,-41.14624,-39.542492,-41.496674,-43.13557,-43.999344,-46.747112,-47.509445,-48.9684,-51.670853,-52.906662,-53.780323,-56.09716
1216,True,-36.990505,-35.59255,-31.675957,-35.13598,-33.96997,-39.60419,-39.634373,-40.906277,-34.139866,-37.75004,-34.54169,-35.093937,-39.047913,-38.926086,-44.85996,-41.974068,-38.35328,-37.86269,-40.464397,-42.755795,-42.83541,-41.426956,-43.255188,-41.34806,-45.413166,-45.648514,-46.27119,-49.724373,-50.61116,-53.67135,-54.715805,-56.544224
1248,True,-35.203453,-34.8512,-38.281803,-37.27504,-32.1297,-34.50092,-37.606293,-38.516296,-36.350296,-37.01053,-35.21455,-34.808327,-41.028236,-40.080723,-39.407467,-37.358852,-37.24353,-39.178295,-39.279495,-39.6827,-42.20806,-40.610924,-43.617077,-42.822433,-43.39457,-42.388226,-44.991108,-49.35082,-50.14058,-51.864296,-54.628227,-56.94671
1280,True,-32.420715,-32.033623,-35.49064,-35.356365,-34.38492,-35.461014,-35.94831,-41.658062,-38.113003,-39.46609,-34.152515,-34.41851,-39.029156,-39.024307,-40.606075,-39.361824,-38.06552,-35.824524,-38.159233,-43.482662,-42.974014,-40.102238,-44.445084,-42.994873,-42.852345,-45.194145,-48.999905,-50.188354,-51.845726,-54.368015,-55.962315,-56.269836
1312,True,-33.788685,-36.214706,-37.220177,-35.942806,-32.80074,-34.134323,-40.178925,-38.515324,-39.069393,-36.709732,-35.450523,-37.775307,-40.29079,-42.136135,-40.976566,-39.027363,-41.54535,-41.45384,-39.392315,-43.486248,-45.154034,-44.606567,-43.02441,-43.87768,-44.342857,-44.718307,-48.72334,-49.71309,-51.752415,-53.867588,-53.45845,-56.035915
1344,True,-34.07719,-39.53859,-35.587086,-33.50409,-33.090767,-38.18429,-35.891953,-36.70702,-32.53203,-35.291172,-32.88715,-35.88906,-39.482613,-39.453217,-40.90204,-42.729126,-41.131798,-36.852898,-38.323833,-42.394566,-42.815212,-41.68365,-43.238464,-43.35991,-44.008728,-44.6736,-48.128822,-49.698887,-52.344406,-54.289852,-54.547276,-55.766582
1376,True,-34.47488,-38.27172,-35.854084,-33.396614,-33.16996,-38.09606,-41.370625,-36.26702,-37.549423,-39.82594,-36.69938,-37.395912,-37.98973,-37.059,-38.975693,-41.646896,-40.232502,-38.38175,-39.16052,-41.11738,-40.99745,-43.73822,-42.26263,-41.59664,-42.03801,-43.55069,-48.214737,-49.44489,-50.0093,-55.067028,-55.59835,-56.822845
1408,True,-33.605064,-39.767544,-35.66047,-36.01199,-35.661358,-38.03911,-37.59819,-38.05151,-40.149876,-40.96079,-33.79438,-35.45522,-38.093727,-43.538837,-42.21975,-41.63223,-38.05969,-40.835236,-41.343636,-43.46231,-43.41434,-41.964066,-44.001633,-43.982334,-44.002304,-46.14936,-48.276817,-49.24807,-51.61299,-52.206844,-54.461636,-57.17108
1440,True,-35.11324,-36.529613,-35.197433,-35.70012,-35.90651,-37.66054,-35.195744,-38.667038,-38.199425,-35.622295,-32.419266,-37.040325,-38.77938,-38.346016,-40.48952,-38.180176,-38.053963,-36.73852,-38.311928,-41.66712,-40.54874,-41.837463,-44.611057,-42.571987,-45.420853,-44.47157,-46.70141,-50.43096,-52.97903,-53.816475,-54.984375,-55.89351
1472,True,-31.533958,-40.67081,-38.738808,-38.551674,-33.985016,-37.437412,-38.50518,-39.791073,-38.180645,-40.059742,-39.89458,-36.327473,-35.49834,-42.988045,-37.850967,-37.956474,-38.977016,-41.270805,-42.510372,-43.635822,-42.96696,-42.358837,-43.7695,-42.474358,-44.68065,-45.4101,-47.63076,-48.542625,-49.667645,-53.289356,-54.693817,-55.461876
1504,True,-35.269855,-35.767582,-38.31137,-39.72551,-31.106068,-34.796494,-36.0079,-39.377064,-35.51146,-36.826035,-37.22605,-36.18527,-37.501328,-38.967636,-42.32285,-40.92267,-38.49589,-38.641354,-41.22538,-45.23464,-41.131348,-40.83378,-43.133865,-41.98406,-43.21393,-45.879,-45.602592,-48.913605,-51.92142,-54.41401,-57.418922,-56.79825
1536,True,-33.250404,-34.940002,-34.49474,-37.070812,-33.39888,-38.279186,-39.58213,-34.524223,-37.797405,-38.744946,-36.075474,-36.938175,-37.222637,-36.129585,-41.85737,-40.478348,-39.985798,-38.22191,-38.74415,-43.430325,-39.844063,-38.835247,-41.416916,-43.804573,-44.807377,-44.07637,-46.330257,-48.920303,-52.137703,-55.315384,-56.183437,-57.425163
1568,True,-32.124527,-36.301212,-32.92217,-40.20584,-35.63095,-39.895535,-43.15876,-41.501003,-37.583992,-37.998116,-37.290115,-38.847336,-37.818523,-37.59174,-37.532146,-41.73855,-38.468117,-39.51174,-41.1581,-42.460464,-45.030766,-42.295307,-43.234222,-43.58116,-43.808075,-45.7219,-47.038612,-49.56688,-50.361343,-53.125835,-55.880928,-56.278862
1600,True,-35.974476,-39.192966,-35.698257,-40.15445,-33.97399,-36.56938,-41.937847,-36.769176,-38.32893,-38.64877,-35.74214,-36.36967,-38.51672,-37.759964,-38.21178,-40.57612,-39.364433,-40.094154,-41.564445,-42.466515,-43.77191,-42.5832,-41.397682,-44.44487,-47.008553,-44.533535,-45.612183,-49.685253,-49.851475,-52.847527,-55.72905,-55.0708
1632,True,-36.73464,-35.55923,-36.98076,-38.01095,-33.52468,-34.526356,-38.39231,-40.124058,-39.693356,-37.477413,-35.97606,-38.508186,-39.53683,-36.449585,-40.97523,-41.65409,-40.319458,-39.924175,-40.64567,-43.143635,-42.510567,-40.39091,-41.41783,-42.97359,-43.268463,-43.84707,-46.74543,-49.233627,-51.51987,-53.03298,-55.711243,-56.734993
1664,True,-35.900772,-35.0386,-33.872772,-37.62542,-31.647596,-34.536427,-37.16777,-37.19873,-40.243908,-39.34703,-35.574486,-37.789795,-42.992207,-40.065155,-38.266647,-42.78761,-40.643353,-36.655373,-39.233097,-42.71046,-43.233093,-39.913277,-42.792545,-41.412453,-45.17829,-44.098736,-46.108215,-47.862858,-48.22557,-50.097687,-53.09086,-54.52626
1696,True,-32.50714,-33.503883,-31.85619,-33.461784,-32.776936,-38.6028,-40.921165,-42.364372,-40.307747,-37.87961,-35.666035,-35.934074,-38.0544,-39.66941,-37.894386,-43.865276,-41.20848,-40.043526,-41.93821,-40.22693,-40.733894,-41.720573,-41.7893,-41.31024,-42.91192,-43.220993,-46.515617,-48.862873,-50.22272,-50.766834,-52.416283,-54.797077
1728,True,-32.046295,-34.62226,-34.349323,-34.222073,-29.65113,-32.792812,-38.32803,-37.354935,-39.37255,-40.094814,-38.037037,-37.816402,-38.08159,-37.316864,-38.421787,-40.677788,-38.72173,-38.615784,-40.96682,-43.51052,-42.069992,-40.468563,-42.51042,-41.003952,-44.735,-46.573433,-47.626934,-48.926586,-49.096893,-52.4399,-54.059044,-54.66034
1760,True,-37.224995,-33.365685,-30.03553,-34.97161,-34.82699,-34.104195,-41.239647,-41.10928,-35.20666,-38.004356,-37.283672,-36.205383,-38.467384,-39.19826,-40.175095,-43.051758,-41.10276,-40.12127,-41.669163,-40.920517,-42.107414,-43.37977,-43.870102,-42.25571,-42.89493,-43.340324,-44.137997,-48.439987,-52.146645,-53.962585,-53.176155,-55.21228
1792,True,-32.566208,-33.819794,-31.93761,-35.92377,-30.309265,-35.192406,-39.257767,-39.626423,-37.957497,-38.026302,-32.74463,-32.004055,-37.530968,-38.36911,-40.344635,-41.296143,-39.960735,-40.001602,-40.81867,-42.306324,-41.755096,-40.99075,-41.539974,-41.747128,-43.023514,-44.758244,-45.91894,-48.59514,-50.77671,-53.16773,-54.84732,-55.18833
1824,True,-35.867603,-33.9873,-29.956192,-36.732033,-33.810616,-37.01812,-39.11347,-39.48809,-35.916172,-32.300724,-34.053963,-33.716415,-37.370487,-41.320625,-42.684288,-39.662827,-42.097443,-40.570316,-39.749706,-42.661816,-39.99731,-39.471,-42.74425,-43.249542,-42.6336,-44.011703,-45.578808,-49.654205,-52.775955,-52.317444,-54.16063,-54.33013
1856,True,-35.307587,-38.60534,-34.831886,-38.04535,-34.297348,-39.008457,-40.413147,-38.129047,-36.186638,-34.83894,-31.256369,-34.43365,-37.616486,-37.667744,-39.27729,-42.47168,-38.058216,-37.781937,-39.14643,-41.713657,-39.736397,-40.042725,-43.62626,-43.79502,-44.37249,-45.64247,-45.74615,-49.956825,-50.68955,-51.513275,-54.37241,-56.564987
1888,True,-38.40238,-39.251053,-36.3988,-36.820045,-32.70391,-35.43391,-38.68599,-38.28742,-37.252743,-36.377274,-35.84349,-36.35623,-39.12579,-37.42873,-40.184814,-40.379784,-38.15663,-38.43664,-40.382442,-40.13421,-39.98488,-41.85054,-43.087418,-42.67275,-44.62236,-43.825115,-46.26045,-47.61015,-50.42789,-52.543835,-53.434654,-57.50597
1920,True,-34.294224,-38.622974,-36.344296,-36.336586,-29.743444,-39.14452,-40.397614,-38.572296,-34.57628,-35.39637,-35.942207,-36.77189,-38.06901,-38.16093,-40.28404,-41.036316,-38.108467,-37.197857,-38.73397,-40.97841,-42.62332,-41.171974,-43.032898,-43.91015,-43.3392,-43.958366,-47.409615,-47.28087,-49.565315,-53.192486,-52.9771,-55.542397
1952,True,-33.362377,-34.323387,-38.24388,-34.414352,-31.697498,-35.759098,-37.24774,-44.65483,-35.4597,-37.2327,-36.32472,-34.10049,-39.117016,-39.8973,-42.655884,-42.418842,-41.470245,-40.48214,-41.970882,-41.67395,-43.28571,-41.42672,-42.65083,-43.094734,-43.205612,-43.177303,-45.935074,-48.211422,-50.144062,-52.422653,-54.203583,-56.303288
1984,True,-35.725792,-36.773293,-34.964928,-30.717478,-31.212837,-36.463997,-39.509476,-42.259212,-37.81237,-37.0563,-37.15544,-34.13522,-38.68956,-38.55105,-38.404053,-36.3094,-37.377625,-35.98159,-40.750893,-41.037346,-40.298416,-38.908676,-40.170662,-42.212124,-44.81148,-45.74465,-46.597954,-49.436337,-51.233994,-51.9205,-53.08424,-56.43035
2016,True,-36.034004,-34.20625,-38.47613,-33.319347,-31.160503,-33.98111,-35.280094,-38.375763,-37.0832,-36.490902,-39.458954,-41.290787,-41.650867,-41.10314,-41.832954,-43.03824,-41.243576,-39.933563,-40.9059,-40.940937,-40.14538,-39.974934,-42.955784,-41.6444,-44.75054,-43.76586,-47.5408,-49.63419,-49.97621,-52.17901,-53.227516,-55.793053
2048,True,-36.785778,-34.62541,-35.799824,-35.147713,-29.91662,-37.961872,-38.4943,-37.293037,-34.409405,-33.41335,-37.062263,-37.552647,-40.072594,-38.932526,-38.171955,-40.296165,-39.631588,-39.90341,-39.743656,-40.76538,-39.997177,-41.11869,-42.713264,-42.800964,-44.028133,-44.857105,-45.70345,-49.8536,-49.570984,-51.739494,-54.7976,-55.70629
2080,True,-32.669727,-33.17655,-37.42187,-39.167873,-32.44533,-38.877415,-36.914383,-36.677216,-33.43753,-36.53528,-38.01225,-37.48801,-37.633064,-37.606678,-41.08615,-39.791634,-42.743626,-38.702084,-39.870407,-42.478683,-40.76066,-42.259594,-41.1673,-42.469383,-45.179104,-44.618076,-46.289513,-48.557434,-49.40142,-52.365982,-56.497364,-56.68042
2112,True,-36.194855,-39.080173,-39.54257,-36.68405,-32.4203,-41.48078,-37.77328,-37.859188,-38.421135,-38.785976,-41.53032,-40.10487,-38.479362,-39.191704,-42.367355,-38.87568,-39.325245,-35.68953,-38.355976,-42.037376,-39.911037,-41.60115,-44.20677,-41.25199,-43.612663,-43.774895,-45.808964,-49.53015,-49.01001,-52.961792,-54.110817,-56.859962
2144,True,-33.97149,-34.35264,-35.227165,-37.82705,-31.306976,-38.522064,-40.770393,-38.61727,-42.197296,-38.870678,-33.98166,-36.135456,-37.77431,-37.420708,-39.05322,-38.19,-40.602997,-38.213615,-40.713543,-42.736008,-40.932724,-40.513706,-42.900738,-40.510006,-42.844124,-43.868984,-45.72867,-48.087563,-48.22218,-50.649834,-55.214024,-55.81891
2176,True,-32.0911,-38.776466,-37.910828,-35.990646,-32.68833,-37.85952,-39.076668,-37.829582,-36.088867,-34.751896,-33.785778,-35.56833,-36.93108,-41.73065,-40.62388,-40.93275,-41.429058,-39.435303,-39.393402,-41.040756,-39.990204,-40.691864,-43.156296,-43.078884,-45.03431,-45.624126,-47.102386,-47.246014,-50.652466,-52.349052,-54.625877,-55.55595
2208,True,-32.54673,-32.660606,-30.887262,-34.771362,-28.735132,-36.65096,-39.92773,-37.353363,-34.205376,-41.115818,-37.136456,-35.242393,-41.545204,-38.96242,-40.153866,-41.541973,-40.361237,-39.358627,-38.80971,-41.06628,-41.549267,-41.001755,-42.60797,-44.202316,-44.346626,-44.207092,-46.57913,-49.20948,-50.156982,-51.007156,-55.387096,-55.61127
2240,True,-35.028667,-34.896782,-39.267914,-37.653374,-32.49592,-32.830444,-39.972206,-43.007195,-37.145504,-35.51145,-36.94905,-39.465984,-46.5018,-40.98829,-42.997383,-41.535168,-39.84396,-38.98024,-41.28181,-40.607353,-40.37952,-39.66896,-43.882523,-39.65322,-43.63447,-45.22798,-46.322075,-47.90542,-50.709152,-51.959618,-53.995277,-55.087334
2272,True,-36.70027,-34.255608,-31.882792,-34.258713,-32.02545,-34.12744,-39.35536,-38.035397,-34.120754,-39.386612,-37.65868,-37.133755,-37.234184,-37.845436,-37.783848,-39.92165,-38.112843,-40.156433,-43.299995,-41.27745,-39.379734,-39.207504,-43.14322,-41.6799,-44.62243,-46.80948,-46.067535,-48.926346,-48.78243,-52.93263,-54.018684,-55.42082
2304,True,-36.833473,-38.01915,-32.650978,-35.17003,-32.88944,-36.308456,-39.15739,-40.47539,-35.06192,-36.822975,-33.682495,-34.922493,-37.511024,-38.80639,-40.54565,-40.603477,-43.043922,-41.59015,-41.011078,-41.629425,-40.84946,-43.00212,-42.110287,-42.557713,-43.493214,-46.078663,-47.106567,-48.57678,-49.60318,-51.6498,-54.276615,-57.158615
2336,True,-34.805016,-34.768593,-35.237263,-37.014412,-32.878525,-36.48434,-41.39634,-39.034508,-35.50816,-37.769627,-35.31263,-36.36001,-37.91665,-37.090714,-40.569008,-42.05091,-37.83996,-39.09296,-40.735863,-41.517788,-41.496536,-39.762062,-42.284336,-41.75847,-44.03935,-43.574528,-46.83994,-50.13993,-50.27703,-52.09912,-55.266434,-55.49054
2368,True,-34.78379,-36.34478,-38.806686,-35.788387,-32.299847,-32.489513,-38.651203,-37.057648,-34.128685,-34.76477,-36.633755,-39.68225,-40.36538,-40.870777,-39.505726,-40.150608,-40.56612,-40.81228,-42.37265,-43.85263,-42.942673,-41.66351,-42.39366,-40.143585,-45.132793,-45.790337,-47.963604,-48.816437,-50.38607,-52.36052,-55.243416,-55.676685
2400,True,-33.71683,-39.652924,-33.931202,-38.021835,-32.65163,-37.80342,-39.134384,-38.890247,-39.747356,-38.074303,-38.087837,-38.96892,-40.27206,-38.982536,-37.853996,-38.7958,-39.370384,-40.7162,-42.473545,-41.656055,-40.348465,-39.83192,-43.40632,-42.073647,-43.495514,-45.076164,-45.923958,-49.67153,-51.485752,-52.66001,-54.761116,-54.963497
2432,True,-34.268288,-35.66121,-34.604805,-35.843884,-30.853813,-35.911556,-35.180443,-37.425922,-34.17084,-39.236073,-36.57286,-37.18908,-37.970837,-39.168774,-39.17241,-37.891922,-37.882683,-36.024635,-39.146957,-42.00037,-40.02771,-39.005814,-42.18008,-44.810577,-43.510994,-44.432205,-46.006733,-49.712086,-51.72058,-51.365433,-53.49783,-55.10057
2464,True,-40.326572,-33.734188,-33.6427,-35.81484,-30.697443,-36.51462,-36.13983,-36.559273,-34.10375,-35.77617,-32.66846,-33.915886,-38.973343,-38.007046,-41.856937,-38.732227,-40.052254,-38.91256,-41.76876,-40.480362,-39.499573,-41.08431,-41.916256,-43.228725,-43.15931,-43.01218,-46.45379,-47.324272,-49.70539,-53.246407,-55.223106,-57.285774
2496,True,-31.483335,-37.798485,-34.15482,-35.350693,-35.83736,-35.956078,-36.62374,-34.53648,-35.147396,-38.724632,-37.082172,-33.636765,-36.10214,-42.337082,-43.30746,-40.228905,-38.064495,-38.18466,-41.696392,-41.29238,-40.785324,-40.820816,-42.356262,-44.7295,-45.891666,-43.694572,-45.558617,-48.67993,-51.198925,-52.68398,-54.45263,-55.48334
2528,True,-33.49243,-33.572563,-34.21466,-32.096916,-27.788704,-37.449585,-39.676254,-36.87593,-34.167732,-38.468815,-37.041946,-38.270115,-40.158592,-38.667797,-41.66512,-40.13949,-39.609562,-39.026623,-39.288757,-41.333866,-38.79251,-38.50438,-40.793602,-43.475155,-43.495956,-44.329865,-46.652344,-49.047752,-50.409164,-51.78505,-54.134033,-55.645233
2560,True,-33.60522,-37.18201,-34.461857,-36.81292,-34.68484,-39.623592,-39.622635,-41.137615,-39.24275,-37.042168,-35.701664,-36.425514,-39.302944,-38.112053,-42.057358,-38.299297,-38.47915,-38.41454,-39.72944,-42.106148,-39.209816,-39.893593,-41.71486,-40.228165,-43.31385,-43.859653,-48.411633,-47.954018,-49.00157,-50.269577,-55.15246,-54.493935
2592,True,-38.46397,-36.517056,-33.342087,-33.61127,-30.411337,-36.99085,-39.136536,-37.762463,-37.29787,-40.17548,-32.020756,-37.247036,-39.664757,-36.504677,-39.4644,-40.981857,-39.48463,-37.368233,-39.911545,-39.548412,-41.092728,-40.951828,-41.153225,-41.33126,-43.51982,-43.15065,-45.798115,-47.88088,-48.230637,-51.904694,-53.865616,-55.040092
2624,True,-31.98172,-37.3276,-31.782072,-33.701397,-33.187653,-39.132,-38.693497,-37.103905,-32.926678,-37.924034,-34.299744,-36.07943,-37.73684,-38.24844,-42.9517,-40.83349,-38.4204,-37.501835,-40.04637,-41.294807,-39.56943,-40.13248,-42.780045,-43.245777,-43.70513,-43.76787,-45.60371,-47.07472,-44.738297,-43.31759,-47.917385,-49.390163
2656,True,-31.404095,-35.03533,-33.811882,-35.840515,-32.544083,-25.419048,-31.692028,-28.65696,-30.145369,-34.42296,-34.414986,-34.53806,-34.660984,-34.187817,-34.128838,-30.690483,-25.207281,-28.980162,-36.20706,-39.827095,-38.352955,-38.816845,-40.833015,-38.83887,-40.472683,-38.14687,-34.33412,-34.602005,-28.009037,-27.701118,-32.112713,-33.978878
2688,True,-34.88035,-35.054535,-33.913254,-33.692673,-30.04754,-31.056862,-36.594975,-41.745457,-36.46956,-35.256294,-35.264107,-36.08638,-37.192963,-38.760323,-40.17847,-38.260513,-36.379032,-36.106663,-38.59896,-42.805603,-41.38262,-39.79714,-43.19552,-42.308155,-41.78334,-42.077896,-42.75107,-43.883896,-43.491203,-43.846367,-47.196655,-47.391747
2720,True,-33.82174,-33.81614,-33.057877,-35.280224,-32.06689,-31.021404,-36.8929,-38.799732,-38.659958,-38.921307,-32.960716,-36.45355,-41.320465,-39.52808,-43.10704,-42.29067,-42.55372,-37.707,-40.087624,-40.85793,-38.963127,-37.798306,-41.46277,-42.877747,-43.994797,-44.070396,-46.499397,-48.047302,-47.869965,-48.437344,-51.810703,-52.4822
2752,True,-31.845911,-38.655933,-35.4722,-34.074215,-32.392014,-34.634907,-36.00613,-41.910744,-37.625553,-34.555046,-33.76655,-40.14183,-38.843872,-35.587536,-39.75743,-38.931473,-40.097885,-37.959126,-38.760983,-40.75473,-40.846157,-38.637413,-41.487152,-42.777184,-42.81523,-43.617268,-46.54526,-47.58867,-49.756744,-50.763325,-52.282448,-54.660484
2784,True,-33.102524,-35.744373,-37.394325,-35.06389,-32.944294,-39.743504,-37.407356,-39.271255,-38.22691,-37.51853,-35.712204,-37.50869,-38.151176,-37.08468,-40.52056,-41.54186,-39.75315,-37.32083,-38.37941,-42.100418,-44.305107,-40.699863,-41.61161,-41.829727,-43.56565,-45.379375,-46.04166,-47.990547,-51.3173,-51.297844,-53.044987,-55.998505
2816,True,-34.840374,-34.842194,-33.639816,-37.51472,-36.150337,-34.719654,-35.950943,-40.14952,-39.9985,-37.884197,-34.992252,-33.833755,-37.75016,-38.989136,-41.897163,-41.907112,-38.80325,-36.529953,-41.544796,-41.96853,-40.175114,-40.1316,-41.561676,-41.074905,-43.462715,-44.61595,-45.33538,-48.407745,-50.42728,-52.313263,-56.33892,-56.356705
2848,True,-32.44839,-32.314808,-34.249084,-40.639244,-39.04109,-35.868153,-35.370907,-36.33846,-36.243015,-36.820152,-35.805298,-34.622784,-37.034595,-40.429375,-39.60052,-39.368675,-37.478607,-39.551872,-38.148865,-40.515995,-42.383022,-39.006783,-40.532562,-42.26935,-43.025543,-43.85978,-46.831978,-46.672768,-47.908283,-52.720474,-54.144703,-55.75541
2880,True,-34.4326,-35.859455,-34.12764,-37.83851,-33.62167,-35.34802,-36.03473,-36.601963,-35.551968,-36.951385,-36.580437,-35.663647,-36.79993,-41.18546,-40.154472,-42.372974,-40.429493,-39.465332,-38.881073,-41.057266,-41.07026,-39.538273,-41.747227,-44.55309,-43.959213,-45.96352,-48.192413,-48.43772,-50.32946,-53.9524,-55.033566,-54.197716
2912,True,-32.382084,-31.532545,-33.18596,-34.60135,-35.86962,-38.19413,-35.81757,-41.21884,-38.887466,-35.322105,-34.49545,-33.706043,-35.62019,-38.089706,-39.55557,-39.706818,-37.37903,-40.68406,-40.806957,-41.54833,-40.54235,-38.371445,-40.619995,-42.823296,-43.53013,-43.315506,-45.7103,-48.614876,-50.288853,-52.879433,-55.152206,-57.071247
2944,True,-38.184914,-34.165222,-36.23546,-37.060844,-33.13252,-34.296894,-40.143875,-39.577553,-38.744694,-37.013405,-32.989708,-36.87398,-37.98871,-37.313866,-39.54674,-42.730885,-41.29371,-39.451702,-39.734344,-42.876083,-43.953022,-41.226906,-41.42664,-43.97332,-43.745277,-45.69824,-48.834305,-48.708893,-50.811123,-52.719,-53.765354,-55.799335
2976,True,-35.920685,-34.013508,-35.786335,-36.370018,-33.290264,-36.17139,-38.31495,-37.599663,-35.06421,-35.06923,-35.017532,-36.98897,-36.82903,-39.593094,-41.80977,-40.039223,-41.109333,-40.539383,-40.57632,-42.715454,-43.006077,-41.710045,-43.429165,-41.21344,-42.3642,-45.31449,-48.04174,-49.197067,-51.001358,-51.430756,-54.085827,-56.806087
3008,True,-34.75487,-38.031536,-38.48328,-39.837433,-33.464783,-36.17984,-38.118774,-40.47804,-39.711315,-38.03906,-36.39643,-38.53227,-35.295853,-39.27591,-39.63022,-41.05423,-38.623802,-38.459587,-41.327557,-42.396347,-40.802467,-41.498207,-44.39901,-44.231903,-44.364895,-44.98827,-46.24086,-49.044567,-50.879673,-53.273933,-54.99336,-55.674435
3040,True,-34.930958,-38.106575,-36.858227,-39.372932,-36.52841,-41.144028,-38.01184,-37.600636,-37.512466,-34.354786,-33.939392,-36.618584,-36.822243,-39.928547,-38.121334,-41.237007,-39.511665,-37.02562,-37.57781,-41.13785,-42.279087,-42.372406,-43.412174,-42.29012,-43.694946,-43.71135,-47.06911,-49.00768,-50.58896,-53.449062,-56.210083,-56.964127
3072,True,-36.557472,-36.759335,-35.23551,-40.994648,-37.54358,-36.264767,-37.698185,-38.568718,-38.34594,-38.041378,-35.596283,-37.79146,-34.089645,-36.749233,-38.818356,-38.68741,-41.03047,-40.15221,-38.96268,-42.493454,-42.380974,-41.307102,-41.865467,-42.901196,-45.279213,-45.23424,-46.275215,-47.43776,-50.899185,-52.934517,-55.51373,-56.450382
3104,True,-35.243973,-38.965443,-34.64282,-34.18328,-34.58571,-39.290665,-35.94028,-39.928555,-35.88452,-33.180023,-33.8047,-35.68089,-37.52423,-40.635475,-43.04161,-41.726612,-38.673683,-37.477425,-39.86044,-41.389664,-39.97296,-40.959908,-43.13555,-42.399055,-41.677517,-45.473446,-47.212852,-47.427986,-49.87832,-52.747074,-54.50141,-56.66077
3136,True,-34.177822,-34.79917,-34.926365,-32.604176,-32.454685,-37.73551,-39.426453,-41.30199,-38.730694,-35.598747,-38.55214,-36.279587,-37.975586,-40.288704,-41.986576,-41.093224,-39.261044,-39.37146,-41.088707,-42.07197,-41.974205,-40.891205,-44.20977,-43.345787,-44.98075,-44.20398,-45.915867,-46.850746,-50.0734,-51.30997,-54.91406,-56.25675
3168,True,-34.88259,-35.452404,-34.840015,-39.589314,-38.574688,-37.09791,-36.19771,-37.924255,-34.418102,-34.65381,-37.197594,-37.174076,-35.346046,-39.750862,-40.997475,-42.21802,-40.422054,-38.910496,-39.500748,-41.04329,-44.36623,-43.733673,-43.77285,-42.018017,-42.433434,-44.861427,-47.62319,-50.64884,-49.66958,-53.46441,-55.045074,-56.59353
3200,True,-36.890793,-38.539207,-34.713905,-35.080647,-36.831425,-40.136215,-41.484108,-39.47461,-37.598167,-38.124527,-38.01044,-34.296608,-35.50676,-40.096207,-39.798717,-39.484474,-40.144543,-38.422287,-40.238205,-41.75763,-41.369217,-41.372322,-40.950615,-41.912746,-42.185326,-44.42705,-44.871986,-47.32636,-49.884624,-49.14827,-51.08683,-54.17874
3232,True,-37.050274,-37.346523,-36.806217,-39.400574,-37.98393,-38.67782,-40.257126,-37.443844,-34.598373,-33.281464,-36.473473,-33.326004,-37.833588,-38.906746,-38.37937,-38.962772,-38.92858,-38.633785,-36.952003,-42.057415,-44.792603,-42.474464,-41.946404,-40.37484,-42.10184,-45.508633,-48.107624,-48.44874,-51.73677,-53.363728,-54.056534,-56.625984
3264,True,-33.5456,-32.59192,-32.363747,-39.28794,-37.2057,-37.57259,-37.342667,-40.599094,-37.108543,-36.928593,-38.983055,-37.772125,-35.51398,-35.88495,-39.72864,-39.957893,-40.68264,-37.925762,-40.048466,-41.66679,-39.73098,-40.57502,-42.826996,-41.861576,-43.31704,-43.538628,-46.696278,-48.50815,-51.17131,-53.186073,-55.44281,-55.4859
3296,True,-33.30471,-37.891785,-35.40565,-35.00275,-33.73002,-40.098885,-39.558453,-40.554817,-35.118095,-34.456818,-36.061256,-35.20147,-36.521515,-38.030582,-42.048714,-40.411762,-36.40631,-35.178658,-39.07332,-41.296925,-43.002453,-41.82251,-41.636322,-41.752342,-43.623024,-45.158333,-47.862823,-48.042088,-50.439266,-52.91507,-56.181828,-57.155956
3328,True,-36.892735,-40.805153,-36.205307,-36.347973,-32.007183,-35.465084,-37.62779,-39.45677,-35.932774,-35.067703,-36.612972,-37.1431,-34.616577,-37.506523,-42.447426,-40.89457,-37.026276,-36.17988,-38.033375,-40.16651,-40.859566,-40.593407,-42.450363,-42.768623,-45.313232,-45.817238,-47.146606,-50.136604,-51.681343,-53.45584,-55.38855,-58.535503
3360,True,-35.69097,-37.52881,-34.779354,-37.43918,-33.60645,-38.18383,-37.9034,-38.80625,-35.482426,-39.500057,-37.43925,-34.765266,-34.974857,-36.4076,-36.85923,-42.311394,-38.227562,-37.791145,-39.510696,-41.526497,-41.368195,-39.79611,-43.66514,-44.214954,-43.518177,-43.127487,-46.255173,-47.581062,-50.58106,-52.53611,-55.03744,-55.744858
3392,True,-33.98004,-35.56562,-34.06253,-36.930748,-36.082214,-35.05986,-38.857964,-36.592945,-34.96811,-37.3175,-37.320568,-37.27335,-40.867973,-37.01526,-37.32384,-39.478622,-38.20701,-38.215057,-40.588985,-41.27751,-42.391525,-42.326805,-42.607903,-42.622494,-44.01857,-45.919785,-47.866974,-48.677795,-50.00401,-53.008537,-55.563362,-57.027916
3424,True,-33.165947,-32.868073,-34.2193,-35.102314,-34.02901,-39.33392,-41.72968,-38.768105,-32.167236,-39.048534,-37.84691,-37.626328,-39.039326,-37.840485,-38.104828,-39.614063,-39.974216,-38.56688,-41.973236,-44.19742,-41.938057,-41.54919,-43.1204,-43.25286,-43.622772,-45.565834,-47.81471,-47.62293,-51.267933,-53.476166,-54.006844,-55.759293
3456,True,-31.948023,-35.49739,-32.59171,-37.03828,-37.333183,-36.770035,-40.33078,-39.413303,-31.583126,-37.51652,-37.24649,-37.140114,-36.58587,-38.590523,-38.401188,-40.387302,-37.47354,-37.31567,-42.94416,-42.91029,-40.660397,-41.36972,-41.06711,-42.19789,-43.911636,-46.774044,-49.453465,-50.296024,-50.003265,-51.93289,-55.85943,-56.22133
3488,True,-33.524734,-39.42329,-37.04113,-37.961037,-34.77258,-37.886356,-41.884567,-38.610744,-33.636665,-37.55928,-37.217365,-32.374172,-36.94504,-37.43739,-41.801666,-41.09234,-39.35736,-37.69509,-42.952763,-41.683052,-41.544918,-40.7498,-42.479523,-42.38456,-44.866013,-47.02967,-48.520782,-49.062813,-51.7354,-52.258907,-55.60308,-58.145576
3520,True,-30.420626,-35.780445,-34.28778,-39.147034,-34.199223,-37.658577,-36.235302,-38.01638,-34.791725,-35.89129,-39.602394,-38.163425,-36.611324,-35.505737,-38.125977,-41.740955,-40.374798,-39.247498,-40.733643,-39.789234,-42.990646,-41.9788,-41.561485,-41.638355,-44.931732,-45.80057,-47.65078,-48.915695,-50.82126,-52.46046,-55.492268,-57.682934
3552,True,-34.397793,-34.24253,-32.76073,-37.8059,-34.748245,-42.399822,-38.329727,-37.571636,-34.816753,-38.24146,-39.638554,-36.77357,-41.101685,-41.053223,-40.71022,-41.45511,-40.30262,-39.319546,-40.735718,-42.374363,-40.936462,-40.056515,-43.11207,-42.227863,-43.641148,-44.698597,-47.33284,-50.76488,-51.946007,-52.913597,-53.98221,-56.219193
3584,True,-32.318344,-33.411358,-36.506397,-35.21218,-34.18865,-39.107292,-37.044495,-37.390408,-37.80751,-36.245132,-36.835377,-36.246124,-40.62002,-38.54551,-39.00025,-39.090374,-38.062294,-40.989647,-40.559116,-42.451397,-42.285538,-43.839916,-46.351433,-44.33651,-43.350643,-44.665695,-45.765247,-48.103413,-50.446465,-53.63893,-55.15419,-56.53553
3616,True,-32.718784,-37.879253,-34.69486,-36.155087,-33.347076,-36.71742,-41.204247,-43.941425,-37.598156,-36.143642,-36.146294,-39.582436,-33.876984,-38.064472,-40.027767,-41.432953,-38.69638,-37.33972,-41.268097,-42.70923,-41.3944,-39.325005,-42.622063,-43.034195,-43.602234,-44.950584,-47.806793,-49.598457,-50.62157,-52.46786,-54.100166,-57.452652
3648,True,-36.393173,-36.9342,-35.29283,-35.37149,-31.099308,-35.839222,-35.73078,-39.977776,-40.800926,-39.532776,-34.738693,-32.45819,-36.10848,-38.40301,-40.66517,-39.3145,-38.32216,-37.01735,-38.548084,-43.84546,-43.07506,-40.734123,-42.436504,-42.42202,-43.059204,-45.965267,-48.331627,-49.789658,-52.078667,-53.987995,-56.507946,-56.137024
3680,True,-33.56852,-33.7442,-36.03,-36.444244,-34.25701,-40.89637,-38.533905,-38.35258,-33.75908,-33.40386,-33.443783,-37.434498,-37.608414,-39.76785,-40.801216,-38.958366,-38.90798,-42.054047,-41.701168,-42.78202,-41.537804,-41.557243,-43.849648,-44.057022,-45.156628,-44.951748,-48.106728,-47.710854,-51.208233,-52.737885,-54.95195,-56.35088
3712,True,-36.10837,-36.164177,-36.523026,-33.537426,-31.450193,-37.70417,-38.20153,-36.808334,-36.34011,-38.05365,-36.099377,-36.360443,-37.734657,-38.68055,-39.2855,-38.27249,-39.66592,-37.06672,-39.811626,-44.90076,-44.83698,-41.851505,-43.152214,-42.918343,-43.787132,-45.434883,-46.980633,-50.02648,-50.40462,-52.48901,-55.52545,-55.653297
3744,True,-33.59761,-33.32345,-31.194141,-35.073177,-28.298986,-31.061699,-36.795982,-30.624807,-32.944866,-32.188324,-34.71357,-34.786736,-33.6274,-36.450157,-35.11873,-31.659023,-27.37828,-30.357456,-37.41741,-40.005894,-40.63913,-38.95847,-40.11436,-41.910744,-41.35403,-40.160263,-36.6859,-36.449314,-30.541315,-32.228893,-33.665863,-33.837425
3776,True,-35.79636,-32.125984,-34.413822,-35.698086,-30.783398,-27.394629,-35.198204,-34.226784,-31.933737,-33.118473,-35.777237,-32.625706,-36.085552,-36.844013,-38.279266,-38.350407,-34.026054,-36.88983,-38.013935,-42.36275,-42.523037,-40.985817,-43.15916,-43.635307,-43.690414,-42.72895,-40.761604,-43.264233,-39.758373,-41.321297,-42.26919,-40.882645
3808,True,-34.129684,-31.801748,-32.485443,-32.521103,-30.24336,-36.331337,-39.260715,-39.66555,-35.15504,-35.493183,-34.017002,-34.486763,-37.064827,-41.229862,-39.10587,-41.38529,-38.47924,-39.70343,-38.795853,-42.58402,-46.334465,-43.133965,-44.714317,-43.512703,-44.6019,-44.969288,-44.828,-47.461617,-46.74759,-46.447468,-48.471725,-49.676147
3840,True,-37.20345,-37.44187,-34.311325,-33.64496,-29.60698,-36.469284,-40.52685,-39.234943,-37.78691,-37.939667,-34.346188,-35.150978,-37.14869,-38.278908,-40.919804,-40.340805,-38.177303,-36.961834,-40.14238,-42.17545,-41.147278,-39.337627,-43.798813,-43.254963,-42.099823,-45.426025,-46.340683,-47.71114,-49.653526,-51.25026,-53.8935,-54.894947
3872,True,-33.169704,-35.496136,-33.575424,-34.714725,-31.640102,-38.940098,-39.354404,-40.079933,-39.88082,-35.959015,-35.453674,-36.729786,-38.04154,-38.150135,-40.980766,-41.62011,-38.368946,-40.35419,-42.293934,-41.90182,-41.250553,-43.867386,-44.40905,-44.593243,-44.356705,-45.9898,-48.445778,-48.570686,-48.488277,-52.16156,-54.541847,-56.560295
3904,True,-33.635647,-40.6542,-33.165623,-33.948124,-33.291607,-44.99124,-42.310024,-37.00728,-35.52067,-35.007797,-34.965816,-35.18647,-36.50947,-38.182007,-41.389732,-42.2714,-38.645947,-37.998386,-41.009937,-42.449947,-41.42375,-42.218407,-44.090317,-46.14906,-46.122395,-45.715363,-47.87851,-49.205093,-50.345886,-53.02495,-54.65782,-55.53494
3936,True,-31.585747,-32.29574,-34.02595,-35.19303,-34.208282,-35.90966,-40.21678,-39.685627,-37.71128,-36.678986,-38.2953,-37.65392,-36.684536,-38.393055,-40.021156,-41.29972,-39.959507,-39.214306,-41.52462,-42.335335,-41.083412,-41.160656,-44.583466,-44.00171,-44.87351,-45.993057,-46.36004,-49.869286,-51.527985,-53.14043,-55.80137,-55.233734
3968,True,-36.25789,-34.207558,-31.793377,-32.52986,-30.341034,-35.96185,-37.748028,-41.867485,-41.117283,-36.94454,-31.765594,-34.880054,-38.93278,-37.25449,-37.93628,-41.88225,-37.95987,-37.49054,-39.48023,-40.798996,-42.76312,-41.34657,-41.963024,-42.35443,-44.1404,-47.350353,-47.40811,-48.620506,-51.08663,-52.771854,-57.622177,-58.47984
4000,True,-34.58247,-32.498222,-33.632996,-37.532627,-33.209965,-37.690308,-39.66888,-35.45569,-36.640686,-38.263767,-35.49879,-36.38457,-37.682068,-38.04332,-41.219753,-42.110184,-37.375744,-40.16163,-39.35478,-41.03234,-42.986275,-40.88593,-43.009636,-42.942486,-43.882103,-46.611298,-47.89905,-45.837914,-49.476856,-53.55922,-55.557076,-56.367325
4032,True,-34.6907,-40.898376,-32.0935,-33.56626,-31.008385,-34.704853,-37.832573,-37.168346,-39.960815,-38.76122,-31.931726,-33.81797,-41.088448,-39.78534,-41.751537,-41.05057,-38.657803,-39.082436,-39.662544,-40.29534,-42.528107,-41.757942,-41.629494,-45.237614,-44.855633,-46.357246,-47.534264,-48.795223,-51.90856,-54.590626,-56.0352,-56.09585
4064,True,-35.441418,-36.738857,-32.690693,-34.105125,-31.351625,-38.77152,-42.215576,-39.924156,-33.987286,-37.297253,-32.202824,-35.282253,-40.506096,-40.44987,-40.203278,-38.95764,-37.996094,-38.511036,-39.814877,-41.939613,-41.471893,-44.67476,-43.781494,-43.088337,-45.98049,-45.931393,-46.054695,-46.869835,-49.51176,-54.546715,-54.70353,-55.81648
4096,True,-38.04222,-35.405773,-33.867535,-35.250336,-33.02362,-34.676323,-38.578907,-37.24404,-37.29713,-37.29954,-32.217663,-35.4997,-34.570503,-36.177784,-40.01458,-40.481125,-40.99881,-38.40859,-36.503357,-41.4942,-40.64062,-40.19951,-43.68433,-44.114567,-43.543602,-43.727222,-48.050255,-48.06705,-50.136124,-52.461044,-56.48512,-57.831383
4128,True,-29.282352,-35.452053,-33.888832,-34.10945,-31.265495,-35.191765,-42.278828,-39.19771,-35.673473,-40.718582,-37.304436,-36.46843,-35.575043,-38.941673,-43.275803,-41.048412,-40.965347,-40.888676,-39.94721,-42.746307,-40.955055,-41.080593,-42.360023,-44.925217,-43.888985,-44.241375,-46.646572,-45.87501,-50.085594,-52.43297,-54.188915,-56.04017
4160,True,-32.68168,-37.344482,-32.427467,-36.00342,-33.992783,-38.933735,-39.635098,-42.295067,-37.01695,-39.29158,-36.226982,-35.592293,-37.6979,-38.238914,-38.103527,-42.351032,-40.40809,-38.019455,-37.976295,-42.29374,-40.21433,-40.071426,-43.424873,-42.051468,-46.163635,-45.997017,-46.167885,-46.835102,-49.627705,-53.737724,-55.721252,-57.505413
4192,True,-35.23495,-37.095108,-35.15819,-31.26524,-29.781212,-34.615646,-37.589237,-36.55488,-30.124348,-32.87376,-36.19822,-35.00615,-34.95006,-36.574657,-40.4746,-40.264694,-37.102573,-36.671913,-40.966637,-39.53469,-42.621727,-42.895424,-44.40824,-41.197487,-44.10665,-45.226295,-45.61439,-48.021797,-50.60677,-53.24636,-55.162712,-55.775112
4224,True,-33.41939,-40.17427,-39.26686,-36.94415,-34.266834,-38.590775,-39.123215,-38.69098,-34.95134,-38.436825,-32.8801,-35.44078,-38.8094,-37.929985,-39.256012,-38.633724,-39.32136,-40.4235,-40.860714,-43.73688,-42.612225,-40.465187,-41.575027,-43.336746,-43.53662,-43.287827,-47.142525,-47.57058,-49.761406,-52.72947,-54.871502,-57.322746
4256,True,-32.69686,-37.770412,-32.97092,-34.13666,-30.745476,-35.427933,-37.892265,-36.316914,-36.70265,-38.811783,-35.664238,-36.80871,-36.513092,-39.959393,-41.658463,-37.80654,-39.26017,-37.986942,-38.395172,-41.353294,-39.894024,-41.081356,-41.11866,-42.44052,-43.509174,-47.757915,-46.202145,-45.53841,-50.09494,-52.695854,-53.583923,-55.38908
4288,True,-37.6313,-35.549797,-32.535343,-35.513073,-29.821129,-33.189655,-35.41995,-37.64176,-35.145065,-36.777912,-36.58157,-38.585114,-35.32407,-38.133213,-40.91627,-40.532604,-40.228622,-38.552414,-39.187553,-40.576736,-42.750114,-43.293434,-42.025574,-40.844456,-42.331844,-45.954227,-45.390434,-46.6448,-47.894398,-51.106514,-54.38149,-53.06169
4320,True,-33.960423,-39.644012,-39.359695,-33.582596,-30.556067,-33.944553,-39.887207,-36.481277,-35.254387,-37.95692,-38.373493,-34.89658,-35.119125,-39.134613,-38.794106,-39.165195,-37.501965,-37.635643,-38.97386,-40.485672,-39.5614,-40.346073,-43.007336,-42.06527,-43.909477,-46.214714,-49.151573,-48.48725,-50.312775,-52.089394,-55.17929,-55.6174
4352,True,-32.126755,-34.608887,-35.146748,-36.548695,-35.36209,-35.442604,-38.50509,-39.68177,-36.125626,-37.70132,-36.783897,-38.793926,-39.857758,-40.68828,-37.598625,-41.712994,-40.930973,-39.30469,-39.90628,-41.234894,-43.062576,-40.073338,-40.59889,-42.822968,-45.42137,-46.861816,-45.33238,-46.38124,-47.753723,-51.565037,-54.777493,-54.82805
4384,True,-37.47626,-37.35852,-32.525047,-31.798038,-30.115871,-37.889103,-37.208942,-39.71707,-37.849613,-38.833153,-37.440334,-37.30332,-35.436874,-38.621204,-38.920883,-41.393112,-39.25267,-39.19372,-40.83481,-41.39811,-42.738388,-40.21625,-41.496613,-42.84386,-42.875687,-44.078476,-45.789284,-47.592743,-48.96672,-51.03779,-54.57893,-54.842243
4416,True,-35.849174,-34.94026,-35.580097,-38.284325,-32.13573,-35.479603,-37.309258,-39.979256,-40.222466,-36.31404,-38.76851,-36.694305,-38.79314,-38.60267,-37.21889,-41.25129,-41.66207,-37.271954,-37.143135,-41.8274,-41.60971,-40.576088,-43.409428,-41.38817,-45.21658,-46.025368,-47.51242,-45.362785,-48.5548,-52.159477,-55.84257,-53.57172
4448,True,-34.09265,-35.957375,-31.080803,-32.975914,-31.572962,-35.556164,-36.122116,-35.998608,-32.9989,-35.2839,-37.623993,-38.57763,-36.458546,-36.13338,-39.602158,-39.268112,-38.74671,-39.34427,-40.00302,-41.8376,-40.52992,-41.047516,-43.486397,-44.262604,-45.952515,-44.34282,-46.738735,-47.986206,-48.90301,-52.31608,-56.35252,-56.70796
4480,True,-34.814713,-39.56982,-34.55166,-33.08899,-32.74628,-35.695168,-38.251434,-37.328438,-36.043686,-35.48714,-34.220894,-36.83589,-36.965298,-37.310326,-39.24569,-41.01297,-37.999588,-39.872967,-41.497784,-44.390617,-42.83945,-41.985153,-44.93306,-43.18585,-43.95391,-45.19911,-45.972244,-47.873455,-50.075054,-51.34472,-55.024944,-56.066147
4512,True,-34.248672,-39.478004,-30.414064,-32.902397,-31.610733,-38.89421,-41.133812,-38.332153,-36.53989,-35.175465,-34.788673,-38.111412,-36.39413,-35.96426,-39.84487,-38.78323,-39.504055,-40.547752,-37.50559,-42.059425,-42.89925,-40.97886,-43.338303,-44.444965,-46.39958,-45.08255,-47.941837,-48.549248,-50.59716,-53.207985,-55.336784,-55.002953
4544,True,-33.1487,-36.70509,-31.908573,-32.393444,-33.26642,-35.142643,-37.81736,-42.262264,-31.485455,-35.689255,-40.068237,-36.79315,-35.10293,-34.959606,-39.991013,-39.179092,-34.452168,-42.415665,-43.05574,-42.315746,-41.96956,-41.10548,-43.99706,-44.389366,-44.188477,-44.619938,-45.852394,-47.21364,-49.290318,-51.42096,-54.155212,-55.81183
4576,True,-34.543037,-35.533417,-29.985252,-32.719753,-32.442863,-38.565487,-40.074364,-37.224068,-35.848614,-40.355953,-40.369373,-36.88279,-37.773403,-38.289223,-37.71477,-37.13812,-40.692005,-40.416283,-40.691063,-40.68552,-39.89395,-40.92108,-43.706554,-43.801437,-44.696465,-43.880634,-46.788574,-47.001686,-48.72021,-51.66578,-53.564995,-54.332504
4608,True,-34.639122,-35.863922,-31.68336,-32.69066,-31.989729,-36.06854,-40.708702,-39.039436,-38.289284,-38.274643,-35.538395,-35.66477,-36.04136,-38.147327,-40.741253,-40.56393,-40.125305,-41.080452,-38.685932,-41.582092,-44.60093,-41.080418,-41.615303,-43.281242,-44.36683,-43.88633,-47.18908,-46.87107,-47.549026,-51.312553,-53.416576,-54.152946
4640,True,-31.862247,-35.511215,-34.910297,-36.42907,-31.552807,-35.31504,-39.631718,-37.700058,-35.82628,-36.33208,-34.098827,-35.426186,-36.69682,-39.04299,-41.540146,-39.85331,-38.94276,-38.767643,-40.41655,-40.95387,-41.515766,-40.325058,-43.811646,-42.9169,-44.375328,-44.205593,-45.927277,-48.227547,-50.538177,-50.809486,-55.156677,-55.954876
4672,True,-34.26599,-35.030334,-33.32153,-35.665836,-34.67832,-36.5711,-38.431843,-38.500156,-33.677536,-33.684765,-33.47904,-37.68611,-37.986813,-36.798126,-38.377396,-41.034985,-36.761036,-39.732483,-39.559025,-41.184544,-42.50563,-39.619728,-40.159878,-44.38591,-45.249172,-44.986275,-48.213993,-47.93744,-49.41753,-52.227383,-54.600914,-56.70768
4704,True,-37.128586,-38.34944,-35.72868,-34.32906,-28.183994,-36.095802,-40.67704,-40.9765,-36.2736,-38.016476,-37.702827,-36.969265,-38.38096,-39.385624,-39.662548,-42.987106,-39.57997,-42.610916,-42.406483,-42.93324,-44.255947,-39.99028,-40.19423,-43.324173,-43.78757,-44.701996,-45.431244,-48.145508,-49.733116,-51.346554,-53.12582,-54.68126
4736,True,-34.731426,-36.378487,-30.649338,-31.71218,-34.725338,-40.58456,-42.23462,-39.117065,-34.647182,-36.548088,-35.916054,-32.86414,-36.762756,-38.879112,-39.718357,-37.942116,-37.540886,-36.610012,-39.899853,-40.649982,-42.905903,-42.479115,-43.82195,-40.687027,-42.166588,-45.24908,-47.781975,-47.88158,-49.317825,-51.094364,-54.6608,-55.61317
4768,True,-35.102055,-32.51119,-29.586523,-32.73693,-29.558388,-36.11195,-39.485363,-41.80806,-40.457626,-37.76332,-33.618176,-36.315853,-35.883667,-39.346462,-40.76452,-40.411423,-38.32043,-37.260445,-39.194263,-43.098396,-40.469673,-39.024708,-40.42325,-43.363705,-43.632668,-45.229355,-46.999756,-46.891052,-48.30393,-52.50235,-54.096046,-55.201027
4800,True,-33.29676,-35.545956,-32.880245,-31.83707,-30.39075,-35.427483,-40.568466,-41.454525,-35.527424,-36.65792,-36.999252,-36.122364,-35.714203,-38.412125,-37.908096,-40.338894,-37.525055,-37.38085,-39.86106,-42.11486,-42.363136,-40.225746,-40.91831,-42.065548,-45.26957,-44.626842,-46.797363,-47.101097,-49.531425,-51.762066,-54.35623,-53.98588
4832,True,-33.372086,-35.144352,-29.871494,-30.547417,-31.79447,-37.390915,-36.896538,-36.253944,-38.207256,-32.64503,-31.568562,-34.60332,-37.76831,-33.80326,-38.926414,-38.34183,-40.94867,-40.8288,-43.209175,-43.868286,-41.944546,-40.824097,-42.290413,-42.675346,-44.42061,-44.081184,-48.713768,-46.567802,-47.721664,-49.163734,-52.201824,-52.698364
4864,True,-31.922955,-35.357533,-32.061,-31.948193,-29.80487,-27.605703,-31.665804,-30.997707,-30.82466,-31.821545,-33.4516,-31.36139,-33.191113,-35.40338,-34.151863,-31.47312,-25.734146,-29.553347,-39.47643,-41.063217,-40.422382,-38.987247,-38.092113,-39.812004,-41.945747,-37.941372,-35.659424,-34.804104,-29.019127,-31.269089,-33.48134,-33.4311
4896,True,-35.256187,-34.39505,-34.307877,-31.42047,-30.80783,-31.045158,-33.80841,-35.42665,-35.31811,-37.390705,-38.321987,-35.38473,-35.964607,-34.241135,-36.89163,-40.127907,-39.261555,-39.10441,-40.43648,-40.648937,-41.903755,-40.20835,-42.80857,-41.76178,-42.842415,-44.48564,-43.822712,-46.676754,-42.76411,-43.489594,-46.63246,-45.82869
4928,True,-36.458836,-34.8002,-34.385704,-33.268433,-30.97239,-33.978924,-39.46245,-41.25813,-36.448982,-37.57671,-36.36264,-34.986732,-35.22898,-35.21399,-34.919178,-34.858368,-39.07559,-38.628143,-38.804775,-39.86026,-43.81012,-39.854546,-40.93425,-43.088306,-42.313786,-42.467274,-46.811375,-48.5794,-47.315804,-46.086918,-49.674484,-50.980038
4960,True,-33.115334,-31.707975,-28.960724,-31.15143,-28.16804,-34.571953,-36.434357,-37.265793,-33.12506,-33.304756,-34.31112,-34.912346,-38.469887,-40.072975,-37.1063,-39.841232,-37.827026,-35.344807,-40.9885,-43.957085,-43.127792,-41.224358,-47.72678,-42.72419,-44.000122,-45.22731,-48.205585,-48.05697,-49.92,-49.88236,-51.988598,-54.59037
4992,True,-33.75842,-33.807518,-34.31588,-32.97077,-30.93129,-32.484295,-36.120575,-39.09222,-35.316757,-35.04051,-34.196213,-32.83253,-35.60756,-38.431877,-41.08776,-42.289383,-40.18858,-38.766804,-40.05695,-42.616615,-42.916573,-41.64822,-40.845642,-42.17623,-43.96813,-43.17341,-46.61837,-46.237694,-48.570053,-50.559525,-54.57617,-56.486275
5024,True,-33.492897,-36.29803,-31.982088,-32.85926,-28.826118,-34.49479,-38.637157,-35.324787,-34.518887,-35.77907,-32.69256,-34.18195,-32.7089,-35.116364,-41.566124,-40.799374,-37.22035,-37.70531,-38.81996,-40.577717,-40.734085,-41.520752,-43.093002,-42.302696,-43.226456,-42.420372,-46.618286,-46.31834,-47.82113,-52.094376,-53.32912,-55.439957
5056,True,-34.87481,-39.30537,-26.779987,-28.847845,-31.879356,-37.144035,-38.728626,-36.699127,-36.662594,-34.90599,-33.825657,-32.66338,-34.767094,-39.92146,-40.174065,-38.607346,-37.48776,-37.197113,-39.362785,-40.16179,-40.534344,-42.80095,-42.64221,-42.858715,-44.78022,-45.278694,-47.733578,-47.470055,-50.206093,-51.309303,-52.164948,-53.681664
5088,True,-34.94043,-38.58172,-30.523188,-30.521088,-30.222332,-34.422565,-40.01197,-40.080986,-34.60942,-35.563583,-35.322052,-34.799915,-36.781048,-37.480686,-43.73371,-39.967743,-41.00655,-38.85452,-39.416176,-41.19089,-42.454716,-41.68858,-43.477577,-42.60786,-43.524788,-45.113625,-46.76344,-46.086258,-49.371124,-50.41755,-53.24906,-54.672924
5120,True,-32.87293,-34.8249,-30.38076,-31.819427,-32.321014,-36.198364,-39.501232,-36.880306,-33.230976,-34.99061,-34.266617,-36.9791,-40.78739,-38.83393,-36.190468,-38.01484,-39.353924,-37.763943,-39.101234,-42.50847,-41.151344,-39.872963,-41.708607,-43.908787,-42.572792,-44.130013,-46.16495,-47.247356,-48.42638,-51.86918,-53.622047,-55.090553
5152,True,-35.295006,-37.090965,-29.296877,-29.554546,-29.341696,-33.64368,-36.732456,-38.06371,-35.584476,-36.515182,-34.374626,-38.34923,-36.096165,-37.407066,-38.992195,-39.400402,-40.891983,-37.69758,-39.55318,-41.63028,-41.09104,-40.766834,-42.33402,-43.14292,-42.946503,-45.809177,-46.97328,-47.348816,-48.524017,-51.141243,-53.14629,-53.26889
5184,True,-34.558994,-37.273235,-27.074505,-27.60107,-30.79852,-36.880466,-39.17849,-37.651794,-33.052284,-37.570328,-34.4891,-34.65938,-35.206005,-41.810394,-42.68418,-35.80896,-38.281803,-38.577522,-40.011517,-40.656067,-41.596214,-42.177715,-41.489353,-42.021717,-43.47897,-44.51343,-46.522404,-47.44516,-48.66143,-49.994408,-52.125572,-52.94892
5216,True,-35.53579,-34.37501,-26.824585,-30.237265,-28.352728,-33.96089,-37.38048,-36.56538,-36.7937,-36.459377,-34.469677,-34.50847,-36.650703,-35.696808,-40.108307,-38.558018,-40.466217,-39.623596,-39.44834,-40.703003,-42.391777,-41.82806,-41.25844,-40.4097,-41.564445,-42.972374,-46.625515,-46.4872,-47.800846,-51.21245,-53.644615,-54.31907
5248,True,-35.10337,-35.31302,-28.913689,-31.983723,-33.247826,-33.90173,-36.784687,-40.701378,-34.875626,-34.348354,-31.5178,-34.74891,-37.843216,-36.608612,-41.447903,-40.19459,-40.49122,-40.475483,-40.826954,-41.810013,-41.376934,-42.230892,-43.07235,-41.666336,-42.112507,-42.844803,-44.756805,-46.625027,-49.784775,-51.03577,-52.442596,-53.494576
5280,True,-34.189655,-37.92859,-29.657585,-30.06159,-28.731153,-34.193836,-34.629356,-37.88627,-35.325874,-34.360977,-33.323643,-35.447304,-35.71779,-35.784424,-39.69933,-36.581978,-40.181572,-39.24828,-40.859535,-42.47747,-41.260303,-40.365036,-42.952682,-39.8586,-41.705837,-45.09461,-46.430473,-46.596836,-50.003136,-50.836987,-53.55913,-52.137978
5312,True,-34.175526,-35.62576,-30.4026,-30.690422,-30.676,-35.346096,-39.05755,-38.49444,-34.5394,-33.568684,-30.874126,-32.239517,-34.27603,-38.453148,-42.29559,-40.55166,-40.567375,-40.28486,-41.262215,-42.22042,-43.41661,-42.111073,-43.469334,-42.80338,-42.05303,-43.64756,-44.869366,-46.50956,-48.805996,-50.219883,-53.148117,-52.792297
5344,True,-31.093893,-39.11737,-31.036263,-30.796753,-29.570568,-34.24371,-35.02931,-43.850525,-33.40403,-35.81363,-32.77249,-37.072403,-39.235138,-37.715298,-39.558136,-36.661,-41.6277,-41.18885,-40.690086,-41.53501,-40.009842,-40.420567,-42.239143,-43.4512,-42.732998,-42.270744,-46.26861,-45.09462,-47.98765,-48.09793,-53.05359,-55.79493
5376,True,-34.83702,-37.90312,-30.389145,-34.034344,-32.9795,-33.698368,-37.262825,-41.728203,-36.18804,-40.514416,-37.778725,-37.32597,-33.537487,-33.947495,-40.13782,-38.14341,-39.977966,-42.6304,-43.948013,-42.582596,-40.378345,-40.238922,-40.775623,-42.27664,-44.4997,-43.999104,-47.1283,-44.723125,-46.252914,-48.713615,-51.829144,-52.48551
5408,True,-33.273224,-38.12551,-30.76963,-32.706303,-29.350697,-33.622738,-41.584953,-42.1081,-37.579582,-34.430424,-37.35837,-35.62074,-33.06907,-34.646954,-39.701843,-40.284748,-36.943344,-39.280476,-38.15523,-40.15225,-42.859818,-39.270454,-42.63965,-42.785263,-41.92577,-44.960743,-46.05784,-45.88314,-46.90087,-47.26502,-50.239872,-49.183964
5440,True,-33.479095,-34.210907,-32.39944,-32.98819,-29.775211,-33.34542,-40.17334,-40.51943,-36.50244,-35.034565,-33.272377,-32.931812,-32.82963,-38.092464,-40.146324,-40.90753,-40.780746,-39.433628,-39.197727,-42.357162,-40.795597,-39.519615,-41.672356,-42.39331,-42.65519,-43.367325,-46.43254,-44.42655,-45.271812,-49.44728,-50.722763,-52.803528
5472,True,-32.78189,-32.401794,-31.087275,-34.83281,-28.960537,-32.325974,-41.138916,-41.221752,-35.4501,-35.676865,-35.75464,-35.23876,-33.80622,-35.38826,-40.65584,-38.79867,-38.391068,-38.809364,-39.72548,-42.183365,-43.702793,-42.379936,-41.13761,-43.227497,-44.035553,-44.91246,-46.13971,-44.245068,-46.478676,-49.693176,-51.1808,-51.14817
5504,True,-39.277824,-36.30841,-32.90908,-34.929382,-31.399136,-34.36947,-38.60007,-37.407585,-37.97796,-34.65881,-37.572395,-33.63541,-32.976223,-36.565018,-40.28137,-40.5658,-38.693756,-39.486984,-38.353737,-42.821774,-41.983967,-40.108128,-41.73271,-41.086357,-44.70455,-45.489815,-44.20706,-45.373726,-46.70951,-50.885193,-51.579266,-50.25434
5536,True,-31.594582,-36.90395,-36.145588,-36.80497,-32.13886,-37.88797,-40.343975,-37.760563,-36.646675,-38.83618,-33.60165,-30.911087,-34.79324,-39.459568,-37.140965,-41.874767,-42.394794,-40.777573,-39.526165,-40.607296,-40.033875,-41.613277,-42.607582,-41.74569,-42.96812,-42.22309,-45.884834,-46.08883,-46.682278,-47.992523,-51.22553,-50.95971
5568,True,-37.651848,-35.11023,-30.787823,-34.50055,-30.704926,-35.92562,-40.002625,-38.318596,-34.71158,-35.643517,-32.943947,-31.771,-35.074936,-40.25324,-40.09151,-37.929626,-40.576706,-38.04855,-40.05639,-41.76374,-41.71588,-41.366913,-43.29029,-40.604996,-42.8505,-43.708076,-44.70783,-43.763386,-44.358437,-46.91677,-49.726414,-50.139107
5600,True,-36.316418,-34.960953,-34.29332,-35.882935,-32.406715,-38.36562,-39.429024,-38.973656,-34.484947,-36.03192,-31.887241,-33.614388,-33.23002,-39.462784,-39.148277,-39.21824,-37.71322,-41.623528,-38.772446,-41.858383,-44.345566,-40.84473,-42.525383,-40.66042,-42.747112,-45.295773,-45.555466,-45.29606,-46.133686,-48.944427,-51.24301,-51.082695
5632,True,-34.71643,-35.27161,-33.862686,-33.995525,-31.500948,-35.694386,-41.811195,-39.30745,-34.427612,-39.277035,-32.888474,-35.332623,-36.800354,-39.75514,-41.75988,-41.018692,-38.17228,-37.79512,-39.62055,-39.43803,-42.313427,-41.261414,-42.86776,-43.02903,-43.59001,-44.73417,-47.196545,-44.815536,-45.46768,-50.645203,-50.418037,-50.977455
5664,True,-34.635246,-36.45406,-36.827797,-36.033707,-27.275532,-33.92609,-38.845745,-40.773384,-35.88217,-36.630928,-29.669426,-30.946148,-35.0298,-34.719643,-40.618813,-37.313976,-38.47897,-40.797905,-40.562176,-41.946526,-41.55539,-40.635166,-42.22785,-42.072414,-43.755806,-43.984486,-44.374065,-45.51315,-46.774757,-50.01627,-51.351562,-50.86679
5696,True,-35.027966,-35.098225,-33.92343,-35.016876,-30.605865,-31.381824,-37.346546,-37.249016,-37.17031,-35.235,-31.59714,-33.36684,-36.447327,-34.97615,-38.101925,-38.54376,-37.994774,-38.45633,-41.058025,-42.545944,-42.7928,-42.479244,-42.73456,-41.04801,-43.405537,-43.06472,-45.512905,-45.969013,-47.89865,-49.215168,-53.09567,-51.272198
5728,True,-30.858686,-35.028694,-38.54202,-35.427227,-29.816572,-35.893047,-37.73211,-37.261326,-42.25805,-39.578083,-30.880278,-31.4547,-34.35321,-37.822517,-38.255478,-38.91919,-37.70437,-39.071396,-39.93826,-40.305653,-44.50973,-42.621075,-45.049553,-41.730343,-42.86781,-43.382523,-45.67196,-45.002365,-44.438423,-48.173653,-52.12849,-52.85904
5760,True,-36.78614,-37.119274,-34.102867,-36.37938,-33.12021,-36.4242,-38.366158,-40.199757,-36.972363,-35.84969,-39.646942,-34.23024,-32.267853,-34.918327,-41.564087,-38.401333,-39.53065,-37.384094,-39.73195,-42.30898,-43.473206,-43.57128,-44.61617,-43.056107,-44.659912,-46.691128,-47.84329,-44.104607,-44.699944,-50.30301,-49.998203,-49.602932
5792,True,-35.022053,-35.5674,-35.77397,-35.886147,-32.574318,-36.502495,-39.881138,-43.066006,-37.805965,-37.385563,-37.313454,-38.618237,-36.239613,-38.09539,-39.29365,-39.485115,-38.154556,-37.360046,-39.99057,-43.607056,-42.720306,-39.774536,-41.99062,-42.261868,-43.550293,-44.95583,-45.790695,-45.30068,-46.079613,-50.50348,-51.661373,-52.806473
5824,True,-39.063526,-39.658657,-38.220673,-37.023827,-33.12143,-33.387363,-35.34517,-40.768543,-31.531229,-33.17574,-33.139244,-35.571182,-32.974297,-34.22961,-39.311974,-42.131367,-38.648956,-35.512714,-37.428772,-42.631077,-40.468525,-40.769356,-43.24064,-41.69495,-44.018585,-45.76536,-45.642105,-45.47724,-46.5774,-50.635914,-51.35508,-51.53416
5856,True,-34.897736,-34.11669,-33.830864,-34.250866,-32.430832,-34.105217,-37.786385,-38.07341,-35.949986,-35.71672,-33.951775,-33.838444,-30.688438,-36.512077,-40.4966,-41.40458,-36.264706,-37.611553,-39.479267,-40.637093,-42.629097,-38.149284,-41.881832,-42.033127,-43.664543,-43.00028,-44.716423,-44.50341,-46.30668,-48.52974,-52.148327,-53.488865
5888,True,-31.388233,-38.844883,-36.480724,-35.243965,-34.140522,-35.88425,-38.65751,-37.877293,-38.057102,-40.391167,-34.494396,-33.46628,-35.02338,-35.933422,-38.886116,-40.727486,-39.540302,-36.81293,-38.80359,-39.108635,-39.39144,-38.16813,-42.71171,-42.563667,-42.82271,-43.67006,-44.755173,-43.26265,-44.57084,-47.882877,-50.937954,-52.65976
5920,True,-30.801144,-34.903503,-35.180973,-36.737106,-37.345882,-36.944088,-41.16651,-43.20991,-37.42104,-36.73838,-33.808727,-34.454468,-37.035458,-37.256702,-38.043777,-40.57509,-39.221043,-37.386173,-42.36711,-41.72879,-41.479496,-40.76478,-41.48836,-41.484573,-41.733505,-44.290146,-44.81947,-45.21588,-47.43618,-48.634995,-50.400665,-51.404427
5952,True,-34.764843,-36.69029,-34.733,-33.93997,-30.477901,-31.742023,-35.419807,-28.944643,-31.24273,-37.580265,-34.03321,-30.97673,-30.219324,-32.67798,-32.883327,-31.603058,-26.902077,-30.101944,-38.24245,-40.675526,-41.759285,-40.647396,-41.09894,-40.35313,-42.00907,-39.742886,-38.19835,-35.618027,-28.979607,-28.516846,-31.226454,-32.97088
5984,True,-36.56854,-36.538586,-34.768948,-39.875328,-34.289936,-27.818861,-36.38156,-34.417465,-33.549656,-33.211685,-35.851723,-34.73282,-34.31051,-34.556698,-39.51169,-37.78932,-37.050083,-38.835094,-40.874306,-43.72573,-39.47744,-40.098118,-44.288666,-40.80046,-41.889187,-42.73884,-42.054935,-44.26545,-39.402023,-40.851425,-43.00108,-42.879814
6016,True,-37.3865,-38.30687,-35.852333,-39.83643,-34.939495,-33.555588,-37.046974,-37.936882,-37.614765,-43.254524,-36.443264,-36.26341,-36.174168,-35.64388,-38.570396,-38.007248,-37.048344,-35.10597,-38.77441,-39.662228,-41.816124,-40.151054,-43.944782,-41.7649,-42.87521,-43.291252,-44.560894,-45.365005,-44.327503,-46.33336,-48.358803,-49.489365
6048,True,-33.825233,-34.674965,-33.9831,-37.803734,-36.631752,-36.412548,-38.166412,-36.85874,-39.850525,-41.088554,-35.068676,-33.78492,-37.93908,-36.36739,-36.546314,-40.717884,-41.02447,-37.14778,-37.544838,-40.63036,-43.21537,-42.281208,-43.04008,-41.053356,-44.00208,-44.335106,-45.904305,-46.827286,-46.69176,-50.068787,-50.777966,-50.428577
6080,True,-37.821285,-40.477997,-35.80521,-36.072956,-35.269264,-38.826748,-39.319256,-39.7341,-35.42003,-37.161186,-33.128513,-33.772923,-37.297626,-36.356747,-38.454327,-37.36135,-39.017696,-37.91548,-39.175728,-42.861214,-43.790096,-40.73104,-40.936474,-42.463528,-44.73674,-43.456978,-46.822273,-43.739822,-44.762745,-48.72281,-51.01406,-51.46514
6112,True,-32.3999,-37.166946,-34.694393,-36.30716,-34.30854,-38.19981,-38.71345,-38.371002,-33.457054,-34.052288,-34.309944,-31.457376,-35.147068,-36.45737,-40.993782,-39.58058,-34.6949,-37.591377,-38.138336,-41.281235,-41.515526,-41.208935,-43.013973,-40.918716,-42.02838,-44.343,-46.2998,-45.456253,-44.389347,-48.438457,-51.916843,-51.29264
6144,True,-34.99012,-37.715794,-39.453465,-36.429504,-36.960625,-38.546593,-39.734257,-42.221886,-37.235123,-37.058357,-34.116543,-34.310432,-34.53719,-35.563553,-40.237816,-42.872437,-39.11267,-38.52359,-38.859383,-39.06837,-42.472557,-40.15926,-41.22025,-42.108555,-43.65329,-43.591995,-45.033035,-45.498177,-45.030426,-48.173786,-49.60367,-48.762268
6176,True,-33.210068,-33.67138,-35.04718,-34.457184,-32.960228,-38.33045,-40.97302,-38.132576,-35.012592,-37.123028,-35.878643,-34.12461,-33.996826,-33.479145,-39.92696,-43.03289,-39.691753,-38.46624,-37.59694,-41.22724,-43.163666,-40.952385,-42.21094,-42.753952,-43.163635,-44.318005,-47.076515,-44.928543,-45.808544,-49.06721,-51.43701,-52.087273
6208,True,-35.326565,-38.64163,-36.595703,-38.359177,-37.207405,-41.826855,-43.02093,-38.107445,-34.30249,-38.591488,-33.983284,-32.013947,-32.23566,-36.299175,-41.33858,-40.584167,-40.479527,-39.783203,-38.95511,-42.08747,-42.09866,-42.87233,-42.489494,-43.344124,-43.8744,-44.660725,-46.366096,-43.874744,-46.020298,-49.88418,-49.87996,-50.705193
6240,True,-32.687294,-35.33222,-33.78692,-39.621063,-39.101604,-37.603603,-39.498917,-39.4196,-38.57907,-38.030106,-33.208378,-35.11686,-34.50471,-36.466805,-38.518753,-39.509655,-38.354477,-39.8887,-37.702454,-40.805855,-41.874825,-40.396698,-43.327908,-41.557358,-44.33312,-44.277847,-46.047287,-45.931324,-46.99339,-48.413345,-50.853004,-49.892334
6272,True,-37.13712,-36.68266,-31.812473,-36.21226,-35.82852,-37.383884,-41.500046,-39.402138,-36.347717,-42.27627,-35.051674,-34.1608,-33.845325,-36.732937,-41.70324,-41.922985,-39.689224,-39.737305,-37.650414,-39.601643,-42.0717,-41.11629,-42.48779,-42.70443,-46.244713,-45.312595,-43.779114,-45.867462,-47.135963,-50.211906,-51.993137,-53.484634
6304,True,-32.67941,-35.797962,-32.71008,-35.30023,-34.962254,-36.125294,-40.688152,-38.996574,-36.50733,-36.510822,-34.50092,-33.71982,-34.25393,-36.2074,-40.192837,-41.91004,-39.772083,-38.401505,-37.620014,-42.81411,-41.05617,-41.323353,-42.27962,-42.525005,-42.753826,-44.61133,-44.517864,-45.418945,-48.279495,-49.88765,-50.637936,-51.10337
6336,True,-36.853493,-37.01177,-35.205894,-41.010624,-35.622414,-38.094784,-37.943558,-43.15104,-35.109467,-37.996666,-35.89708,-37.06932,-35.830437,-40.737854,-41.76624,-38.460445,-36.076546,-38.133263,-41.914234,-42.620388,-40.930702,-40.957367,-43.743187,-45.041985,-42.915817,-44.041565,-46.00504,-45.847897,-47.641533,-50.91439,-51.40484,-51.254063
6368,True,-29.659147,-35.05677,-35.54387,-35.086407,-36.562237,-40.01226,-41.969112,-41.576614,-39.292503,-39.044487,-35.64442,-36.223274,-35.375786,-40.297165,-40.014576,-38.782253,-40.098335,-38.098167,-40.305824,-40.966766,-42.54666,-38.524315,-41.132626,-40.524742,-41.68129,-45.333977,-45.978374,-45.723606,-48.482788,-51.03305,-52.686234,-52.283497
6400,True,-36.350746,-39.13446,-39.721573,-33.810974,-32.690197,-34.48052,-36.751686,-39.698467,-40.002335,-36.21928,-30.916332,-33.484177,-36.40398,-34.061493,-38.85481,-39.696,-40.344803,-38.286522,-41.34202,-44.303947,-42.63925,-40.694542,-44.506298,-43.29007,-41.67019,-43.896748,-46.30505,-45.668774,-48.069527,-51.345615,-52.889896,-53.004066
6432,True,-31.04357,-35.830273,-34.605183,-38.112175,-36.07656,-39.01865,-38.94134,-41.291367,-38.666447,-37.994194,-33.850273,-35.229507,-34.87778,-37.255836,-39.493164,-40.639236,-39.325813,-39.699657,-41.242615,-39.379414,-41.203728,-43.67899,-43.85018,-40.69082,-43.188625,-45.352684,-45.553726,-45.01101,-44.64168,-50.842663,-53.67643,-55.078526
6464,True,-36.050205,-37.33611,-33.613583,-33.552612,-34.7893,-39.27406,-39.38398,-43.76614,-37.81356,-37.03501,-41.54425,-38.929684,-36.125984,-34.90072,-42.64099,-41.24443,-40.13851,-40.49515,-42.02108,-41.17914,-39.92064,-40.380646,-43.070946,-42.511017,-44.264343,-44.4385,-45.63942,-45.097557,-47.626953,-51.17325,-54.46292,-54.91101
6496,True,-35.214832,-32.593624,-31.84492,-32.301727,-34.254833,-35.99565,-38.69224,-39.51539,-35.96966,-37.57539,-40.15606,-37.019993,-37.47868,-40.531868,-41.541115,-39.21634,-42.107925,-39.52997,-38.672222,-43.03296,-42.778927,-43.26387,-42.429527,-43.47961,-46.011734,-45.383003,-45.97428,-46.954247,-48.24175,-49.00913,-51.92572,-50.87862
6528,True,-34.660828,-36.73947,-33.031933,-34.960815,-33.96682,-39.3523,-43.645855,-43.24157,-36.14031,-38.42036,-35.409035,-33.570717,-33.843582,-38.314636,-42.043797,-39.698864,-37.911423,-38.085136,-40.355816,-43.13196,-42.14482,-42.3402,-43.10884,-41.722797,-44.093697,-46.58528,-46.458885,-47.522522,-51.380672,-50.902924,-53.429207,-55.33314
6560,True,-32.0281,-37.339073,-35.80519,-37.100704,-33.346687,-41.82151,-42.280956,-41.149143,-38.400833,-37.267212,-32.785866,-34.88492,-35.43117,-36.621483,-39.310287,-37.858006,-37.236343,-38.70569,-41.758057,-43.57424,-43.775238,-42.101406,-42.857918,-42.981457,-43.375687,-43.60977,-46.709805,-47.382732,-50.839485,-50.87697,-54.752636,-55.9778
6592,True,-34.13947,-42.96309,-36.201817,-36.847527,-34.31887,-39.629677,-38.819496,-36.13093,-35.504993,-39.96432,-35.150673,-34.9921,-35.260853,-40.978195,-43.27507,-40.635994,-38.955704,-38.670807,-39.629787,-42.968483,-41.15406,-41.183754,-42.944138,-45.2833,-44.13835,-45.47397,-48.252182,-47.56572,-49.037163,-52.277847,-53.31307,-56.27033
6624,True,-34.21039,-37.83511,-38.04565,-37.80155,-35.585045,-37.761265,-40.826702,-41.159523,-36.40304,-40.9384,-34.58725,-34.992012,-36.447445,-39.124115,-44.543156,-38.974453,-40.06931,-38.465588,-40.301456,-42.685867,-42.123295,-40.62047,-42.91159,-45.007854,-44.57756,-45.368275,-48.67447,-47.247032,-48.73455,-52.522045,-55.17205,-57.181934
6656,True,-34.705395,-37.25761,-36.12716,-35.96698,-33.901276,-38.90533,-38.018955,-40.068707,-40.613903,-40.569263,-37.405926,-35.738632,-36.318665,-38.06811,-40.019913,-36.9268,-37.40585,-38.585724,-38.79048,-41.24613,-41.31967,-38.921032,-43.11112,-43.08053,-43.646896,-43.87707,-46.81645,-46.93135,-49.472027,-51.482323,-53.324055,-56.3375
6688,True,-35.059258,-36.271023,-36.540924,-36.320583,-35.801422,-40.67574,-42.107773,-37.469547,-34.69376,-39.850533,-35.83976,-35.407364,-36.97228,-34.92062,-39.921463,-39.95419,-40.363686,-36.77416,-40.282825,-42.22802,-42.18038,-41.38338,-42.898827,-42.837555,-41.82985,-43.521122,-46.0748,-48.916565,-49.944557,-52.086456,-53.73979,-56.437374
6720,True,-33.581657,-35.021393,-32.934067,-37.107708,-35.266754,-39.776848,-39.639893,-40.684277,-37.06747,-41.46083,-37.860065,-35.917923,-34.765793,-35.88524,-43.656445,-40.07221,-37.71775,-38.26938,-38.079773,-43.44734,-43.123154,-41.603275,-44.274197,-44.002804,-45.23176,-46.588562,-46.55464,-48.21466,-50.66739,-53.167492,-55.257957,-57.5756
6752,True,-32.266117,-34.898582,-34.193764,-32.909184,-35.751183,-37.036713,-38.46846,-36.457134,-38.12485,-38.505302,-36.24803,-37.072292,-36.36965,-38.29955,-41.34771,-43.713364,-37.379776,-36.755806,-39.497456,-44.047874,-40.503498,-40.738808,-44.84353,-43.046806,-42.537666,-43.916985,-48.081665,-48.348114,-50.67884,-52.247444,-56.161766,-58.467216
6784,True,-32.382465,-37.567204,-37.88028,-37.020676,-36.26258,-35.627254,-37.709072,-33.586456,-36.6347,-38.17276,-36.929134,-38.417255,-36.777103,-42.614624,-39.490505,-39.125957,-39.004654,-40.849857,-40.659428,-42.64602,-42.204254,-42.933025,-43.306423,-44.045033,-43.915947,-47.260345,-49.968723,-51.121094,-51.34665,-53.445618,-55.121876,-58.243523
6816,True,-38.334583,-40.741383,-41.705147,-36.665157,-35.302597,-37.845695,-39.86684,-34.87837,-36.77032,-36.181404,-36.84558,-37.749954,-38.70955,-44.80444,-42.700027,-41.8897,-37.600105,-37.829094,-39.73449,-42.32555,-41.7546,-39.77967,-41.265102,-43.653225,-45.099598,-45.405098,-47.918396,-47.962738,-50.61716,-53.562767,-55.300133,-56.3559
6848,True,-34.506905,-35.150894,-36.894657,-37.353943,-35.941757,-40.087402,-41.234516,-34.664467,-35.66199,-38.36331,-37.020615,-35.596222,-38.58887,-42.71926,-39.799603,-42.75769,-40.826813,-39.197567,-39.752583,-42.969933,-44.226974,-42.064053,-42.890938,-42.828995,-43.230434,-43.219868,-45.89272,-49.527817,-51.5673,-53.984737,-55.39791,-57.937843
6880,True,-31.378326,-38.396584,-38.464745,-38.142105,-34.301113,-41.26791,-37.293636,-33.569405,-36.437794,-39.27324,-33.846268,-35.655586,-35.424286,-37.636837,-42.36793,-40.572296,-39.41895,-42.59198,-39.47414,-43.957077,-43.44755,-42.54357,-43.544735,-44.5367,-44.960323,-45.177593,-48.315968,-50.18004,-52.887913,-55.173584,-56.10321,-57.158184
6912,True,-37.198982,-37.77143,-36.239117,-38.32954,-34.92801,-40.843674,-36.32707,-33.57389,-36.870697,-41.7987,-37.73999,-36.381035,-35.674076,-36.027523,-43.64962,-41.576035,-40.49809,-42.12195,-39.77826,-43.939644,-42.131104,-40.8782,-42.43511,-43.626686,-44.186684,-43.688988,-47.133774,-49.06124,-50.20298,-53.691513,-57.825657,-58.347755
6944,True,-30.504694,-34.852413,-38.18644,-39.460167,-33.796726,-37.97487,-37.169235,-31.413113,-38.281685,-37.525192,-37.60865,-41.56393,-38.829617,-37.554462,-37.70483,-39.481697,-37.05919,-40.602283,-39.808716,-42.827663,-43.17938,-40.81263,-43.975643,-44.83966,-46.673244,-46.196175,-49.223938,-50.84393,-51.239243,-53.518604,-55.288372,-58.42019
6976,True,-33.553967,-39.96158,-35.03383,-35.191208,-38.548717,-40.437145,-37.7684,-32.90786,-38.044094,-37.10263,-37.23822,-37.195126,-36.319324,-37.222828,-40.8625,-41.034203,-40.18966,-37.34833,-40.14267,-44.240513,-44.08697,-43.105526,-43.78622,-46.390617,-46.22013,-46.81617,-48.797623,-49.07189,-52.54048,-55.238422,-56.384014,-58.46698
7008,True,-34.969383,-33.45317,-37.04232,-41.01442,-34.835007,-37.87531,-37.902496,-35.42579,-36.73218,-35.47067,-36.897766,-37.464806,-37.696354,-40.234245,-43.99714,-42.561028,-39.381145,-40.690254,-40.453415,-42.550606,-43.133034,-43.645103,-44.890404,-47.240635,-47.98609,-46.95311,-47.72515,-49.993866,-53.327057,-54.44654,-55.584263,-58.59864
7040,True,-32.001568,-35.072563,-34.666294,-38.224747,-36.545177,-38.423958,-41.321205,-32.435577,-35.92773,-37.36104,-37.734303,-40.326725,-39.93645,-38.903366,-40.30186,-42.83837,-38.9413,-39.822594,-39.35447,-41.50503,-43.41186,-45.433918,-44.953365,-42.038116,-44.26217,-47.624786,-48.448326,-51.058212,-52.042328,-54.71577,-56.85811,-59.09761
7072,True,-33.54236,-37.883907,-40.285187,-36.859146,-36.731705,-39.069057,-39.235264,-30.239414,-37.700447,-37.96198,-37.78598,-38.247074,-39.89534,-40.67276,-41.672474,-41.349987,-38.65455,-37.845016,-38.6466,-39.899853,-40.866264,-42.224075,-43.168755,-45.000988,-44.58187,-46.054115,-47.717186,-49.841385,-52.263798,-54.951588,-56.29599,-57.794716
7104,True,-32.71218,-41.120216,-38.20468,-33.315166,-35.77824,-38.00688,-37.72353,-33.01233,-40.738586,-38.52537,-37.333866,-36.631477,-39.22683,-38.74009,-38.275425,-38.217503,-41.00842,-38.647327,-37.80689,-41.472343,-43.36615,-41.80404,-40.785976,-42.93613,-44.214596,-45.103897,-48.278767,-51.6212,-52.698463,-53.9605,-54.61029,-56.44276
7136,True,-35.223824,-34.947525,-36.361168,-38.958782,-34.279778,-37.280624,-37.558372,-35.152367,-36.74508,-36.595688,-37.42745,-34.694412,-41.209312,-40.497475,-39.436317,-39.14485,-41.839043,-38.626854,-41.532295,-43.884407,-45.303974,-42.767464,-42.79618,-43.826843,-44.818283,-46.565796,-47.370346,-49.988476,-52.880688,-53.8356,-56.403027,-58.049847
7168,True,-33.68968,-34.47945,-39.227776,-35.78006,-34.72244,-34.89894,-37.875587,-33.38575,-33.70945,-36.721226,-36.87139,-34.895668,-34.740616,-38.7851,-39.395782,-41.208458,-40.238083,-38.37193,-36.509216,-40.44681,-39.627823,-41.1327,-43.59783,-43.850864,-45.7522,-48.68342,-47.597504,-49.34339,-50.56435,-53.143364,-56.334282,-56.91063
7200,True,-27.372377,-35.814785,-35.151707,-36.601646,-34.081795,-38.870396,-36.50908,-35.20956,-35.771336,-38.069557,-38.06925,-36.283466,-35.270973,-34.956413,-39.646103,-41.235104,-40.5414,-39.83399,-36.22054,-39.971825,-42.051544,-43.27219,-43.77256,-41.31746,-43.45741,-45.910873,-47.678394,-48.634857,-50.04252,-53.609474,-55.46335,-55.365074
7232,True,-36.894558,-35.59598,-36.02553,-37.455593,-37.133232,-39.268543,-40.137478,-38.444748,-39.069523,-39.613243,-37.36691,-38.200176,-35.851776,-36.767704,-40.139038,-40.207577,-39.183086,-38.072887,-37.863586,-41.479565,-40.39301,-41.557335,-42.99772,-43.492603,-45.346645,-43.833237,-48.380325,-49.400322,-48.90364,-53.811077,-56.268467,-55.2744
7264,True,-34.57806,-34.63789,-37.875065,-35.982487,-31.790337,-34.943794,-37.373497,-34.407707,-34.924015,-40.970303,-37.626118,-35.675503,-36.146973,-40.57746,-41.229633,-39.633068,-40.32686,-39.639465,-41.323223,-41.78598,-44.983463,-41.676212,-42.646126,-41.91716,-43.26406,-46.82882,-49.152065,-48.646477,-48.993095,-53.617855,-56.100773,-55.145477
7296,True,-29.19987,-36.01011,-37.74777,-37.504288,-38.011528,-39.2703,-38.188637,-33.758476,-36.449158,-35.33949,-36.534184,-35.098835,-37.953667,-40.558884,-42.589653,-43.33043,-38.992714,-39.761726,-41.13386,-41.09119,-40.38528,-41.06442,-41.555485,-42.658974,-44.507175,-45.12781,-45.93788,-48.63003,-51.281452,-53.1575,-54.88051,-56.783176
7328,True,-32.48296,-32.77573,-35.76567,-36.913635,-35.70876,-39.868435,-40.394966,-35.122215,-35.247246,-37.690613,-36.78309,-38.468357,-36.78169,-39.608223,-41.615845,-41.14386,-44.095005,-37.360638,-38.378,-42.328957,-41.870773,-42.25673,-42.65575,-41.416073,-43.69072,-46.600136,-47.78667,-49.19719,-50.289425,-53.798958,-53.882442,-55.127087
7360,True,-33.264652,-34.462505,-36.930523,-35.158836,-36.923084,-39.666527,-37.883423,-34.780453,-32.60868,-40.650307,-35.55055,-34.08281,-36.0951,-40.973206,-41.220432,-40.225365,-41.310062,-38.55777,-37.84456,-41.96311,-45.19001,-43.63346,-43.047832,-43.59233,-44.714233,-46.970806,-48.307465,-48.83335,-50.791355,-53.23032,-55.62042,-55.13174
7392,True,-31.17971,-31.194803,-31.884647,-37.228695,-37.44315,-38.40694,-36.64081,-36.544136,-37.672886,-41.01213,-38.81084,-36.229702,-33.21562,-38.001858,-39.37287,-38.623173,-38.603935,-37.60476,-40.77097,-42.742317,-41.997,-42.654694,-41.863487,-40.94261,-44.595047,-45.351315,-47.825287,-48.271553,-48.94962,-52.277313,-56.298485,-54.796104
7424,True,-30.997295,-37.04404,-33.613564,-34.005962,-34.300617,-36.85647,-36.692627,-32.64387,-32.60898,-34.827293,-35.87624,-34.99901,-36.284653,-39.35749,-40.539078,-39.91678,-39.310734,-38.298023,-38.33841,-41.369305,-41.985363,-41.26617,-42.120003,-42.19172,-43.728577,-45.54988,-47.592052,-48.259804,-49.226337,-52.762474,-54.153038,-54.85481
7456,True,-29.619663,-33.592545,-37.00286,-41.648132,-36.65865,-35.674458,-36.305252,-36.72669,-35.170586,-36.214035,-35.36437,-36.659676,-35.895992,-41.331245,-43.04234,-41.6046,-37.941048,-36.660378,-39.243084,-42.416183,-41.7876,-40.12536,-41.628014,-40.688522,-43.265038,-46.988304,-47.75091,-47.977837,-48.849903,-50.694427,-53.571625,-55.262722
7488,True,-33.17212,-36.055504,-35.700592,-37.03872,-38.076797,-35.496574,-34.676575,-37.24907,-33.397415,-35.321556,-36.3798,-38.326195,-37.01649,-41.32045,-42.08049,-41.99631,-41.008472,-38.81076,-38.057335,-40.451935,-43.63627,-42.41233,-42.332253,-42.90738,-44.05493,-44.430634,-46.95626,-46.50211,-50.198936,-52.413177,-54.249767,-55.161484
7520,True,-34.201683,-35.694286,-37.011078,-38.582912,-37.0414,-35.917316,-36.043648,-35.84082,-31.335571,-36.006798,-37.050003,-38.097363,-40.211403,-41.320488,-41.066593,-40.302643,-40.526314,-40.22857,-38.425278,-41.80151,-43.571964,-42.74798,-43.099026,-41.665417,-43.121838,-46.39799,-47.385406,-49.325314,-51.248226,-52.65198,-55.153572,-55.992065
7552,True,-32.599876,-37.782345,-38.772503,-34.656063,-35.048405,-38.450478,-36.580196,-35.840176,-33.872475,-36.863945,-37.23179,-39.4345,-37.019745,-39.88631,-39.13472,-41.05564,-38.379772,-38.017982,-42.213634,-43.769794,-39.813164,-40.659634,-42.05052,-42.165714,-43.476032,-45.596558,-48.907997,-49.324078,-51.72369,-51.60041,-54.297302,-57.442646
7584,True,-32.681168,-36.051994,-36.35936,-34.229134,-36.53083,-39.41872,-38.186043,-34.221195,-37.50782,-38.25593,-37.699875,-40.350227,-40.889324,-42.452003,-41.07887,-41.06949,-39.15809,-39.03729,-42.03375,-41.936134,-40.256638,-41.59465,-42.359337,-41.071358,-44.315994,-47.41733,-48.580215,-49.03363,-50.84857,-52.732067,-54.425808,-55.745308
7616,True,-33.69778,-36.989105,-34.639088,-35.409843,-37.41463,-34.614006,-32.047783,-36.85019,-36.866333,-38.140114,-40.395664,-36.89611,-37.02206,-38.278206,-40.19501,-40.075676,-37.450123,-38.497047,-40.41179,-42.34549,-41.5446,-41.52553,-44.052807,-43.401028,-43.9131,-43.989758,-47.148186,-49.38499,-50.61817,-53.711704,-57.126392,-57.01765
7648,True,-35.21178,-35.691883,-32.799107,-35.88486,-36.117188,-37.515656,-37.768322,-35.76041,-35.515087,-38.825043,-35.657352,-35.681763,-36.02574,-40.900627,-40.21673,-39.069798,-40.43419,-36.901722,-39.647476,-43.458218,-42.410843,-39.89477,-41.34275,-42.04853,-44.320396,-44.984993,-46.347538,-49.419678,-51.310047,-52.974792,-54.274513,-54.47575
7680,True,-34.78256,-34.994656,-33.9552,-35.84347,-39.83852,-40.334404,-38.219772,-34.121593,-38.717712,-38.042152,-38.549667,-37.50859,-38.33388,-36.818214,-41.681652,-42.617573,-39.339268,-38.992817,-40.564728,-43.06606,-41.30852,-41.379566,-43.37543,-42.036087,-42.25531,-47.153175,-48.923954,-49.305588,-50.383717,-52.03979,-55.27334,-55.387634
7712,True,-31.85553,-34.80039,-32.13754,-33.37466,-35.89246,-37.51983,-35.84452,-36.89255,-35.291885,-39.09709,-36.074997,-35.29239,-37.86099,-40.72348,-40.463768,-37.317627,-40.616257,-40.852352,-39.330727,-38.800804,-39.756836,-41.04624,-43.39521,-41.94867,-44.18434,-46.545204,-47.989346,-49.62329,-49.6406,-51.313625,-54.98596,-55.669632
7744,True,-33.787025,-34.744617,-35.52644,-38.48384,-38.912716,-39.64585,-39.986897,-38.3201,-42.436222,-37.953007,-40.76999,-39.27528,-35.17559,-40.217472,-40.88709,-38.502964,-38.16059,-38.97937,-40.301723,-42.934986,-42.75557,-41.60518,-45.26458,-41.187386,-44.088074,-46.959435,-48.78486,-47.527355,-50.506218,-52.490593,-55.11119,-56.514328
7776,True,-34.082542,-35.08224,-33.205544,-36.021374,-34.575157,-42.476036,-39.10285,-34.968277,-38.099075,-40.530964,-37.46161,-36.054035,-36.506912,-41.04989,-39.981884,-40.73449,-41.06526,-37.939674,-37.46674,-43.261665,-42.098442,-41.703728,-44.80183,-40.055862,-44.111156,-46.701065,-48.1586,-50.322994,-48.647682,-51.630188,-55.905,-57.812187
7808,True,-32.90144,-37.251087,-34.110065,-34.038647,-33.501343,-35.98099,-35.011658,-38.341156,-37.105267,-36.759533,-38.56591,-38.74516,-39.168644,-39.706264,-40.703323,-41.611526,-38.378326,-37.28393,-39.249786,-42.99864,-40.82214,-40.642273,-42.539406,-43.22855,-44.25155,-45.240868,-46.85433,-49.525085,-52.10058,-52.519802,-54.701687,-56.967155
7840,True,-32.658337,-36.062702,-34.499603,-33.78802,-30.481874,-34.49434,-35.149166,-38.730766,-38.41141,-38.192863,-37.25178,-35.189888,-37.139717,-40.197296,-40.56499,-41.062794,-40.39917,-38.35345,-38.537487,-41.265694,-40.073143,-41.4751,-41.785774,-45.1193,-44.175346,-44.31758,-47.233013,-47.836456,-49.564915,-52.20916,-54.284767,-55.675995
7872,True,-30.935158,-36.280254,-36.558628,-34.208584,-32.81812,-34.913795,-35.500843,-38.03723,-37.959846,-39.113144,-39.529297,-41.951447,-38.466652,-37.494267,-36.444725,-38.115623,-41.50616,-36.920586,-40.49611,-42.565598,-41.713543,-43.078598,-45.30072,-40.228226,-43.32622,-44.743214,-45.953423,-48.751465,-51.076424,-53.277973,-54.887386,-57.529594
7904,True,-34.60655,-35.609516,-32.52078,-34.41337,-35.2962,-38.999283,-37.947342,-38.767014,-38.11191,-37.39995,-41.57577,-38.283356,-33.98656,-42.826035,-40.078583,-40.2707,-40.497974,-38.014847,-37.693993,-38.49877,-45.03483,-41.98156,-44.709755,-41.89014,-45.400658,-45.478584,-48.04852,-48.800606,-49.280975,-51.938034,-54.631264,-55.91021
7936,True,-29.809008,-37.864258,-33.71402,-33.969387,-33.069836,-34.503563,-37.73446,-37.56512,-36.33947,-35.13371,-37.99257,-38.09256,-37.85096,-40.2875,-40.88778,-39.94156,-37.736946,-37.828922,-39.3402,-41.901684,-42.46285,-44.207275,-43.680397,-43.484993,-44.28047,-44.595013,-48.0399,-49.273483,-49.735054,-53.254017,-56.061752,-57.62737
7968,True,-29.67941,-37.038067,-35.315228,-38.76366,-30.931473,-34.072853,-37.567307,-36.74374,-34.491856,-37.05304,-36.4738,-35.233837,-36.21284,-40.391827,-40.99465,-42.21048,-39.506805,-39.452347,-37.582695,-41.114067,-41.86315,-41.398438,-43.888115,-43.142147,-44.03794,-45.84219,-47.687965,-49.12996,-50.253773,-52.661636,-54.950634,-57.413628
8000,True,-30.078953,-35.497536,-35.12857,-37.684376,-36.978947,-36.828587,-37.39941,-38.608097,-36.35391,-36.70507,-37.67153,-37.39611,-36.857933,-40.994144,-38.288654,-39.258236,-40.994568,-40.30676,-40.046097,-41.430748,-42.10507,-41.940346,-42.148838,-42.32121,-45.535088,-47.25791,-48.798424,-49.328617,-51.202946,-53.370514,-54.22134,-57.121883
8032,True,-30.398468,-35.886837,-36.618637,-33.34012,-31.767618,-37.02525,-36.523785,-39.34187,-37.96127,-39.547493,-38.08084,-36.26656,-36.269768,-38.93122,-41.971516,-39.707943,-39.074585,-38.62492,-39.148426,-41.612694,-40.536972,-42.423954,-42.434902,-41.50833,-45.792366,-45.013977,-47.768456,-47.825043,-51.15707,-53.196625,-53.898144,-56.154076
8064,True,-28.79936,-35.33732,-36.421436,-38.033512,-35.861416,-34.69915,-36.232468,-40.590786,-36.24063,-34.74223,-38.83611,-35.650795,-34.090168,-39.343266,-39.97582,-38.04254,-40.315857,-39.127354,-41.43618,-41.58989,-41.651337,-40.966827,-43.727463,-41.85806,-45.252937,-46.407963,-49.126125,-48.911797,-50.224953,-52.09516,-55.097008,-57.09874
8096,True,-32.195976,-34.605118,-35.79307,-35.04969,-32.740337,-36.98727,-38.040348,-37.563133,-36.32196,-36.913513,-39.227123,-42.336002,-39.981632,-37.705235,-42.60445,-41.054005,-40.719334,-37.58104,-39.108433,-43.007156,-42.06514,-41.00972,-42.972866,-39.920834,-44.708237,-45.795258,-47.36219,-48.74431,-49.277687,-51.86426,-54.095634,-56.648678
8128,True,-30.435139,-33.242287,-35.60062,-33.953636,-33.701088,-34.50126,-32.270885,-34.46593,-33.363968,-37.97752,-38.739048,-36.112274,-39.055218,-39.739727,-42.320053,-41.826385,-36.58464,-38.800407,-39.91401,-41.68895,-41.86258,-39.997257,-41.898926,-43.153267,-46.33204,-45.67086,-47.496983,-48.08695,-49.557682,-52.71889,-55.963234,-57.531475
8160,True,-31.972221,-38.115417,-36.275635,-34.48979,-30.169413,-38.04466,-36.3875,-35.982937,-32.700047,-36.707508,-37.74666,-34.4947,-35.414745,-38.461784,-39.99929,-40.581306,-40.91667,-39.22963,-39.078938,-40.08593,-42.163616,-41.43789,-43.261524,-42.728416,-45.9872,-46.919556,-48.237682,-48.30449,-50.07836,-52.542133,-54.17399,-57.834747
8192,True,-30.642416,-35.08152,-37.901276,-39.250187,-33.474174,-38.891464,-36.651974,-35.09208,-35.791485,-40.0454,-36.34002,-35.63302,-38.118874,-37.55504,-38.579575,-38.254536,-38.536507,-37.573605,-38.570267,-42.812576,-43.51412,-41.342422,-41.016506,-43.430027,-44.430275,-45.341187,-49.217262,-50.703754,-50.65661,-51.694893,-55.65899,-56.585922
8224,True,-32.15719,-36.335007,-32.09842,-35.7282,-34.37341,-37.552383,-38.769253,-38.910194,-36.975212,-37.63009,-36.0971,-37.12311,-38.11913,-39.62198,-38.853973,-38.62224,-36.59516,-37.950546,-38.729153,-42.892628,-44.11737,-39.921356,-40.99483,-42.08862,-45.039963,-44.98838,-45.861115,-47.488537,-50.644382,-53.54793,-56.042934,-55.74531
8256,True,-31.493597,-34.123436,-36.77768,-35.03691,-34.72943,-37.889412,-39.32012,-38.63096,-33.899086,-37.062233,-35.108986,-38.269386,-38.374096,-39.831375,-39.69008,-39.00268,-41.035484,-40.439896,-36.806065,-43.893295,-42.316193,-40.156025,-41.011253,-42.260517,-46.394318,-48.469273,-47.695423,-46.825825,-48.404232,-52.854305,-54.04831,-56.46578
8288,True,-29.128227,-35.522568,-35.52879,-36.624073,-37.305283,-44.858063,-40.1102,-39.25187,-41.631363,-39.271973,-35.20722,-39.307743,-37.37056,-37.397903,-38.276653,-39.00593,-39.695164,-38.077183,-40.290276,-40.464912,-41.953857,-40.317783,-42.98315,-43.938705,-44.838135,-45.939278,-47.079464,-47.83712,-47.864643,-53.43566,-54.417194,-53.049377
8320,True,-33.158077,-36.45859,-39.408966,-36.622417,-32.585487,-37.15384,-36.803337,-37.511852,-37.83862,-35.520065,-37.26686,-37.97082,-38.18132,-41.955624,-40.23418,-39.12335,-42.59457,-34.850636,-38.444775,-43.135292,-42.09,-42.655712,-42.619728,-43.48518,-44.261112,-45.368927,-47.628906,-49.32454,-49.210747,-51.55662,-53.951878,-54.738674
8352,True,-33.50217,-38.392063,-34.95272,-34.042004,-32.359184,-37.37965,-35.56334,-38.561394,-37.003323,-36.5225,-41.120625,-42.298107,-42.680645,-41.19885,-41.768528,-41.032806,-41.058372,-37.878265,-41.627926,-41.75817,-44.75392,-43.070328,-43.965218,-44.179375,-43.28979,-45.586857,-48.070587,-47.400734,-48.71598,-52.241447,-54.645958,-56.63319
8384,True,-33.59261,-36.612057,-37.206924,-36.52775,-31.364534,-38.339203,-37.149677,-37.64092,-34.55959,-40.90953,-38.640423,-36.46895,-35.263714,-38.27643,-38.64671,-37.17103,-39.408215,-39.98401,-39.3966,-41.974834,-41.8785,-41.09617,-42.89375,-43.303436,-43.62007,-44.851513,-47.15174,-48.555977,-49.33091,-53.803093,-54.427586,-55.329147
8416,True,-31.961735,-34.622234,-36.73564,-36.595863,-35.78517,-38.017967,-38.96919,-35.883484,-35.72589,-39.772804,-37.884422,-36.058434,-40.06432,-40.590286,-39.296127,-39.429947,-42.717796,-38.855076,-37.602943,-42.43401,-40.656643,-39.70516,-42.898994,-44.52546,-42.932323,-45.105354,-47.790634,-47.846,-47.467648,-52.670288,-55.847443,-56.341167
8448,True,-34.684032,-36.58958,-33.688293,-38.73686,-34.311813,-38.501717,-36.870354,-34.717995,-35.74427,-39.973507,-38.86165,-39.03486,-39.13796,-39.279213,-40.335945,-39.296307,-39.968178,-38.32766,-39.681515,-43.577976,-39.205345,-38.348648,-42.74197,-42.014473,-42.69234,-47.611298,-47.357864,-48.239094,-50.921066,-54.192337,-55.588432,-55.880947
8480,True,-36.854942,-36.21768,-37.19307,-38.72272,-31.047455,-35.715374,-37.696457,-33.358322,-37.430653,-38.087227,-38.879208,-35.92921,-35.76381,-39.023575,-39.432545,-42.6984,-40.31055,-41.08288,-40.34256,-44.801918,-42.45212,-41.235508,-43.068123,-42.984756,-46.229214,-47.06079,-47.810688,-48.335358,-50.221878,-53.61557,-55.341675,-56.183464
8512,True,-33.426155,-37.099594,-35.60447,-36.192116,-30.786572,-38.392483,-37.5116,-32.264656,-35.293793,-39.6895,-39.76375,-38.0072,-41.79459,-45.999092,-43.700737,-41.371937,-42.944187,-38.629547,-39.768444,-41.246887,-43.543083,-42.5193,-46.023285,-44.434196,-44.280895,-45.991344,-47.718906,-48.76594,-50.024757,-53.072624,-55.51388,-56.061214
8544,True,-34.060905,-34.671078,-34.185287,-33.417942,-33.07691,-35.214573,-35.120575,-29.514502,-35.323097,-37.495792,-39.459858,-39.12594,-40.105965,-40.07419,-41.57406,-42.097984,-39.831776,-37.71463,-41.078854,-43.569206,-42.64901,-42.18888,-41.556835,-43.108517,-46.51985,-47.101448,-50.132328,-50.598583,-49.943764,-52.14323,-56.773685,-58.236046
8576,True,-31.70677,-34.984196,-36.061214,-40.58365,-35.99745,-38.055393,-33.686382,-30.958961,-34.94581,-36.058697,-38.067554,-38.84402,-37.744022,-41.52002,-44.368263,-39.539623,-38.091396,-38.9963,-40.03628,-43.455486,-43.26927,-41.832634,-42.958263,-43.72232,-45.877975,-47.129597,-50.68831,-49.69317,-50.675613,-52.922306,-57.664223,-56.25859
8608,True,-34.183075,-37.81381,-35.443817,-37.172047,-31.801737,-41.396557,-36.04175,-29.536257,-39.094723,-33.900772,-38.558342,-37.893787,-38.464302,-42.51908,-40.945267,-41.7519,-41.06623,-38.305344,-39.181656,-44.50529,-42.63168,-42.276516,-45.63299,-42.902943,-43.860123,-46.181282,-48.85328,-49.722534,-50.80323,-54.17115,-55.457993,-55.869102
8640,True,-32.6352,-35.639153,-35.07706,-35.477825,-32.13434,-40.540043,-39.485443,-34.7646,-40.579205,-35.819893,-35.063763,-35.31866,-35.349297,-41.182575,-40.275284,-42.55129,-38.83954,-37.074593,-39.104504,-41.096195,-42.453987,-41.411434,-40.92611,-43.57702,-45.010162,-44.44269,-48.982143,-50.613037,-50.067486,-54.028015,-56.31262,-57.97628
8672,True,-33.539894,-39.202156,-32.337715,-33.776432,-31.41869,-35.62841,-33.7017,-30.39132,-37.278347,-40.269886,-39.193245,-37.467567,-38.714134,-41.47415,-41.045532,-40.75855,-39.29533,-39.09515,-40.11802,-42.47732,-42.073677,-43.669144,-42.303905,-41.753403,-45.83366,-47.548798,-48.150917,-49.29396,-52.461838,-53.844078,-55.615192,-56.62433
8704,True,-31.686531,-40.232826,-38.21341,-40.395603,-33.959473,-39.037277,-33.236282,-28.779375,-34.90331,-36.79715,-37.879917,-37.933685,-40.492435,-42.228752,-38.70044,-39.052235,-41.530994,-39.239162,-39.321194,-40.18694,-40.769386,-40.490234,-43.14158,-43.671707,-43.9739,-45.60036,-48.068142,-50.634018,-51.56037,-52.37392,-55.536484,-56.422916
8736,True,-35.509018,-39.23857,-38.530518,-38.125015,-33.978554,-40.562653,-35.223667,-29.969036,-35.295834,-35.36021,-36.726833,-37.56552,-39.843437,-43.749565,-40.386997,-41.115158,-40.288734,-40.303505,-41.39339,-41.06438,-44.7194,-43.453247,-43.661026,-44.911278,-46.692158,-45.94627,-46.481804,-49.48075,-51.532078,-52.813965,-55.706154,-56.50071
8768,True,-29.820412,-38.64739,-40.648083,-39.95448,-34.459183,-37.914547,-35.259235,-35.597466,-33.358513,-37.83393,-39.53611,-34.936012,-37.859863,-40.70674,-36.572,-40.40515,-39.447662,-36.470196,-38.460114,-42.45281,-41.797264,-42.39342,-43.94198,-44.015503,-44.280807,-46.650143,-48.17676,-49.257645,-50.475903,-52.71647,-55.55948,-57.442993
8800,True,-37.55582,-40.79471,-34.83531,-36.172367,-34.05396,-37.84513,-36.261826,-37.921364,-38.185905,-38.612988,-41.068645,-40.71932,-37.898407,-40.24465,-39.925877,-40.90306,-41.93193,-38.888626,-37.470062,-41.664375,-41.813423,-42.59251,-43.51076,-43.296356,-44.76025,-46.52263,-49.13921,-50.799553,-51.927967,-54.10704,-54.235157,-56.674957
8832,True,-30.612278,-38.263176,-37.204346,-38.38247,-34.99003,-37.51744,-36.205162,-36.654305,-38.412483,-42.59214,-42.939285,-41.08601,-37.448685,-40.57647,-42.779907,-40.38314,-39.401234,-40.840115,-42.202568,-42.727325,-41.496777,-41.75871,-44.15718,-44.396015,-44.240723,-46.712906,-47.694935,-48.77133,-51.42147,-53.945995,-57.06066,-58.056183
8864,True,-35.92835,-37.388176,-35.859028,-38.094296,-34.085423,-36.068127,-34.41187,-39.22438,-34.01814,-35.22538,-32.39384,-33.308315,-36.149105,-38.95416,-40.417496,-42.460342,-41.948524,-41.32698,-40.475254,-41.442333,-42.390648,-41.784115,-41.7905,-43.193634,-45.169262,-46.063457,-47.182632,-49.00804,-50.241867,-53.220707,-56.54515,-56.41914
8896,True,-32.738842,-35.909782,-39.786755,-38.24552,-32.939594,-36.848114,-36.57998,-36.223866,-38.212276,-39.569878,-35.954754,-34.284508,-38.640636,-40.413364,-41.046528,-41.852013,-40.563133,-38.9906,-40.833908,-42.31489,-40.29885,-41.83559,-43.26818,-42.775978,-44.384796,-44.68875,-46.63504,-49.955063,-51.012806,-53.49195,-55.26466,-56.486504
8928,True,-35.846054,-35.3414,-35.04063,-36.029133,-33.301964,-38.089645,-36.087887,-33.53151,-33.75357,-37.83544,-37.246994,-36.820362,-36.785107,-41.189342,-41.10127,-39.523155,-38.796688,-40.665318,-40.238647,-42.516613,-40.471756,-42.72062,-43.09166,-44.067684,-44.63923,-47.20452,-50.151268,-51.846844,-49.509377,-54.016533,-55.94748,-56.684044
8960,True,-39.026367,-41.245953,-37.125732,-35.262764,-35.01416,-37.741932,-38.420906,-39.882042,-38.460205,-39.334473,-38.591206,-38.002552,-37.90871,-40.28733,-40.00254,-39.35141,-40.123085,-37.97477,-40.175858,-41.646606,-41.722412,-42.011993,-44.960667,-45.236633,-43.519844,-45.224384,-47.896324,-46.95362,-50.64035,-53.58535,-55.52735,-54.811836
8992,True,-34.500824,-36.871494,-35.363773,-35.86035,-33.573208,-35.381805,-35.145172,-35.695965,-35.975174,-41.530613,-37.744408,-36.937057,-39.45946,-40.565292,-40.60518,-38.393333,-40.393272,-38.76563,-41.700954,-42.86795,-42.001053,-42.638405,-43.582626,-43.992622,-46.01589,-46.565586,-47.312798,-50.14626,-51.703323,-53.13645,-53.631813,-55.7077
9024,True,-30.327522,-36.033215,-38.189163,-40.915802,-34.40889,-40.897095,-42.08806,-40.83477,-36.67569,-37.330738,-40.267967,-36.090908,-39.990932,-44.059616,-42.341507,-41.48442,-39.419243,-38.463726,-41.47522,-45.25883,-41.119877,-41.539627,-43.706264,-42.932762,-45.02592,-45.716637,-46.326508,-47.339176,-50.48868,-52.626724,-54.979027,-56.003777
9056,True,-33.061302,-37.80399,-38.170692,-38.16267,-32.66513,-37.698048,-35.90476,-35.568386,-37.544037,-33.17537,-35.0736,-40.213055,-41.692574,-42.87203,-41.354004,-42.759018,-38.966103,-36.71087,-39.229015,-41.32206,-41.805157,-41.151077,-41.909286,-43.049736,-44.339874,-46.64525,-49.220585,-49.682903,-51.503006,-53.75124,-56.070156,-56.755516
9088,True,-34.76303,-36.727974,-39.913445,-38.889755,-33.029667,-39.15878,-36.91027,-37.2623,-35.04881,-35.5309,-38.345024,-41.917892,-41.697372,-46.359245,-43.139694,-37.40311,-36.116333,-37.71998,-39.796474,-40.866196,-44.05577,-42.257633,-43.71879,-43.960304,-43.857376,-47.328827,-47.925537,-48.182888,-50.419598,-53.1548,-55.101818,-55.585945
9120,True,-34.35425,-37.90304,-35.975574,-37.0867,-32.894924,-36.888554,-33.495773,-37.07238,-37.31171,-37.197353,-39.428215,-38.028904,-36.58635,-39.746918,-43.314472,-40.81572,-38.86039,-37.86675,-40.32349,-44.64899,-44.925632,-42.937565,-44.12479,-43.832275,-44.265026,-46.027252,-48.667034,-49.14255,-49.271473,-51.464745,-55.017704,-54.421654
9152,True,-35.555565,-34.37625,-33.526703,-39.589325,-35.042973,-39.85772,-39.016434,-39.054523,-34.963608,-38.4458,-39.465317,-36.91337,-37.861374,-39.692093,-41.802513,-41.35655,-39.166676,-37.20584,-38.74517,-42.80056,-41.673393,-42.320274,-42.300163,-44.70224,-44.5706,-45.12573,-48.875862,-49.735634,-51.427544,-53.615948,-54.777622,-54.002056
9184,True,-38.01102,-37.384888,-34.787415,-33.369938,-32.8326,-37.894867,-36.925488,-35.995293,-33.995647,-35.349613,-39.08072,-35.563286,-37.16855,-42.76531,-41.605164,-40.267788,-39.55659,-39.769627,-41.307,-44.391994,-42.53192,-43.34719,-43.324512,-44.39557,-44.41969,-47.26547,-47.48168,-48.08795,-49.50055,-52.85019,-55.458702,-56.665276
9216,True,-35.51188,-36.631153,-37.083187,-34.028763,-32.3198,-41.238552,-36.73895,-36.125153,-35.310875,-38.03815,-36.29702,-39.46579,-37.087677,-42.595478,-44.0623,-41.914055,-41.89978,-39.119873,-40.470272,-41.63582,-43.0167,-43.359596,-45.032707,-43.359253,-43.50785,-44.931427,-47.754673,-48.64843,-50.785835,-54.38332,-56.046104,-56.783237
9248,True,-36.631973,-40.230812,-38.294014,-38.28104,-32.844955,-37.36549,-34.911953,-33.535732,-33.89645,-34.5998,-37.006325,-37.29362,-38.819298,-41.335888,-44.16651,-42.75498,-42.288593,-36.804646,-41.55157,-45.394997,-42.23194,-42.007637,-42.900536,-43.918633,-43.07417,-44.709934,-50.107174,-51.12316,-51.12369,-53.444572,-54.621696,-56.394787
9280,True,-31.755907,-33.572876,-36.168,-38.027035,-34.137875,-34.981262,-37.00088,-33.80916,-36.17137,-35.020134,-33.741592,-33.33883,-37.336605,-40.687275,-41.54898,-41.569942,-40.408104,-39.38407,-38.082863,-41.930786,-40.504135,-40.230232,-42.54705,-43.02323,-45.682213,-44.940067,-46.4995,-49.30014,-50.699142,-53.416718,-55.966408,-56.43837
9312,True,-33.451057,-36.389336,-36.49209,-37.258846,-32.92968,-36.228565,-35.68218,-33.29652,-31.939648,-37.355125,-38.859364,-38.764603,-38.46493,-35.691017,-38.47812,-41.42592,-38.738884,-40.48079,-41.98444,-43.607334,-41.12123,-41.571716,-44.537086,-43.196827,-44.81877,-45.40557,-49.865643,-50.281273,-50.436913,-51.842857,-55.412407,-55.997925
9344,True,-33.599777,-38.379017,-41.60508,-36.49684,-37.565346,-37.207275,-38.247093,-35.63018,-35.550034,-39.351795,-38.943665,-36.35717,-37.352978,-44.508064,-40.482796,-42.738346,-39.68289,-37.216137,-38.376083,-40.97856,-40.73631,-40.80783,-43.037968,-44.046738,-42.83283,-46.74592,-47.516323,-48.25872,-50.857162,-53.310493,-55.093723,-56.556625
9376,True,-34.993584,-39.015564,-37.25438,-37.187393,-30.356167,-35.33815,-38.515602,-35.45384,-34.266056,-41.51402,-34.413673,-33.33007,-38.812458,-39.78802,-39.6773,-40.72609,-40.186317,-38.01079,-40.55478,-43.319187,-42.054943,-40.777237,-43.26275,-44.45922,-43.126278,-43.79723,-46.771526,-48.752865,-49.616135,-53.010292,-54.772156,-56.074978
9408,True,-28.996738,-39.489796,-34.52818,-37.225452,-32.251762,-38.03681,-40.259556,-35.42546,-34.166264,-35.00732,-35.368786,-35.549454,-40.796448,-37.116695,-41.728954,-41.47797,-40.656563,-38.084667,-38.76555,-40.94459,-43.36537,-41.229572,-43.362843,-43.515694,-44.75346,-45.647892,-47.318188,-49.48467,-51.072533,-51.88561,-54.732826,-55.533516
9440,True,-34.211742,-33.270824,-35.446808,-33.683308,-31.520002,-37.226513,-37.157246,-36.258842,-36.345306,-38.409077,-37.51045,-38.591217,-37.808514,-38.132805,-41.37532,-38.51929,-38.121635,-37.767548,-41.069023,-41.1568,-40.82224,-41.622486,-43.207092,-42.368797,-43.63285,-46.11317,-47.3781,-49.75513,-50.662666,-53.36308,-56.01503,-55.786186
9472,True,-33.96274,-35.116623,-35.346695,-38.796284,-35.647625,-37.701027,-36.550667,-37.099045,-37.64196,-37.464794,-34.442425,-35.744183,-37.837147,-40.502365,-40.645782,-39.967358,-40.297707,-37.77446,-39.0619,-39.739193,-41.201813,-41.156662,-43.325897,-42.964443,-45.47641,-46.981186,-47.74841,-50.32248,-51.08562,-52.780243,-54.485428,-57.14856
9504,True,-32.466434,-37.742504,-36.44476,-37.016758,-32.69876,-38.42009,-35.98925,-37.558857,-40.748344,-40.057823,-37.05465,-38.205475,-38.55942,-40.363636,-39.7119,-38.71305,-39.82218,-39.53696,-42.491203,-44.1877,-41.663834,-41.617973,-42.944405,-45.459713,-43.44978,-47.46778,-48.38304,-49.14123,-50.96502,-52.053116,-56.018597,-56.7392
9536,True,-36.688526,-36.017384,-38.128414,-34.23835,-32.66708,-41.547295,-33.622078,-31.639196,-35.552265,-37.66968,-36.505733,-36.867157,-38.480804,-38.205753,-39.004654,-40.042072,-39.830803,-37.946724,-38.621807,-42.622902,-42.30561,-41.825577,-44.69917,-42.983593,-44.30263,-47.340397,-47.024666,-49.370422,-51.681686,-53.78599,-56.518024,-57.976955
9568,True,-33.75092,-34.217556,-37.791847,-38.014137,-33.886536,-37.88646,-36.496883,-35.243507,-33.305702,-37.311836,-34.373867,-35.672592,-38.56662,-37.83117,-41.228848,-43.44612,-40.635094,-37.01924,-38.317257,-44.753357,-43.736385,-42.880264,-44.69178,-42.00546,-45.27732,-47.434204,-46.700394,-49.355583,-51.656437,-53.227745,-54.833675,-57.300587
9600,True,-35.83565,-35.250202,-34.201214,-38.637226,-32.189632,-38.292347,-36.268715,-34.712265,-34.999893,-38.490383,-37.143875,-37.561207,-39.849667,-37.637947,-41.479908,-42.566452,-39.105362,-37.001328,-42.108032,-44.329243,-43.378796,-41.59558,-43.65835,-44.30638,-45.555195,-44.952816,-47.427998,-49.364983,-52.073753,-52.846775,-53.70573,-57.046047
9632,True,-34.178864,-37.091133,-35.08477,-35.973763,-35.14987,-34.254414,-37.69387,-35.829617,-37.013355,-39.510284,-34.38154,-36.23388,-40.419296,-41.63983,-39.81189,-38.227314,-38.514053,-37.562347,-38.83285,-43.945385,-42.63653,-41.105995,-42.074753,-42.870182,-44.35636,-44.804874,-47.17545,-48.54895,-51.1819,-54.182587,-54.910103,-56.656143
9664,True,-37.430912,-35.766937,-36.260036,-37.27674,-33.650543,-40.229725,-36.39293,-38.21905,-44.582294,-41.000847,-32.46796,-34.693398,-35.853134,-36.62093,-40.190742,-38.644585,-39.44494,-37.31376,-38.041485,-41.896355,-44.284588,-39.09678,-42.885178,-44.305798,-44.91358,-45.542408,-49.277992,-50.675743,-51.365692,-53.44335,-54.720833,-55.80966
9696,True,-34.317295,-33.933697,-35.046288,-38.998344,-35.508743,-36.925056,-34.324814,-34.340164,-39.913063,-41.512695,-38.875477,-38.273064,-38.965885,-39.98176,-42.928585,-42.576904,-40.428158,-37.029243,-38.73279,-41.949005,-43.941605,-41.762558,-42.698044,-43.716236,-44.95553,-46.477962,-47.828766,-49.64457,-52.111553,-52.573513,-55.060886,-58.41662
9728,True,-33.58269,-33.835358,-34.05829,-38.652214,-34.179226,-38.951866,-35.986053,-39.400124,-35.892757,-41.66929,-35.48239,-35.89608,-39.049667,-43.060867,-40.524563,-39.3889,-38.098442,-37.916172,-37.079082,-40.480705,-42.31756,-43.433342,-43.617596,-43.902504,-42.312046,-45.340122,-49.33954,-50.21256,-50.894737,-53.124573,-55.995327,-56.069397
9760,True,-33.73955,-39.895737,-37.1854,-39.6606,-34.369373,-38.87461,-39.555134,-40.78146,-39.969482,-37.316463,-36.419346,-36.26422,-38.32871,-39.40489,-41.437805,-39.67543,-40.28011,-40.867683,-40.32112,-43.078312,-42.79496,-41.412655,-44.11371,-43.01594,-43.176094,-43.334602,-46.207695,-49.33403,-51.05702,-54.359627,-57.697884,-58.170685
9792,True,-33.06624,-35.732456,-38.427612,-32.69178,-30.57919,-35.63889,-37.754963,-39.41103,-36.271194,-36.217598,-35.477966,-36.07703,-39.0148,-37.83445,-39.26981,-39.88962,-39.829803,-41.09658,-42.350227,-46.82165,-42.93705,-39.878517,-40.863094,-42.000587,-45.44967,-46.47095,-47.521866,-50.937138,-53.004475,-53.5918,-56.038605,-57.877216
9824,True,-32.344574,-36.94072,-33.96116,-35.699993,-33.194138,-43.527298,-33.72509,-35.211555,-41.5673,-40.836983,-41.211926,-43.701,-39.64383,-37.278572,-41.02456,-41.827232,-40.045906,-40.15513,-38.73483,-43.935528,-42.40482,-41.33822,-42.841476,-43.590492,-42.86094,-45.635075,-47.058296,-49.958572,-51.925777,-54.37967,-54.2362,-56.580345
9856,True,-31.874966,-36.744987,-35.79607,-39.159187,-38.170418,-37.520035,-35.54232,-39.23423,-38.237732,-37.066986,-38.78227,-40.28418,-39.78442,-38.141594,-42.67653,-42.90655,-40.302525,-36.75279,-39.07598,-41.05229,-41.300644,-40.71689,-41.1118,-44.088154,-46.02245,-45.71797,-49.05583,-49.301384,-52.168945,-54.176636,-53.63483,-54.074154
9888,True,-35.18883,-38.807915,-34.597366,-36.291946,-33.44354,-42.81973,-39.775955,-38.510746,-38.49039,-39.637848,-37.59813,-38.1989,-37.936405,-41.69296,-39.816376,-42.168163,-42.316673,-40.431007,-41.80099,-44.80052,-42.31285,-43.44183,-42.796524,-41.638622,-44.707146,-46.704716,-48.00362,-49.40902,-53.05,-53.49916,-54.742462,-54.72878
9920,True,-37.699566,-34.206085,-33.20085,-34.15004,-37.560448,-38.725594,-38.425236,-38.8168,-36.837646,-36.861275,-36.694317,-35.95405,-39.13956,-44.757675,-42.50967,-39.620358,-37.20212,-39.322365,-42.248726,-41.064877,-42.017895,-40.97035,-41.716007,-42.1265,-43.944836,-46.157417,-46.196297,-50.100464,-50.682655,-52.77739,-54.906555,-55.056805
9952,True,-33.245228,-36.690887,-36.611526,-35.50709,-32.40558,-35.80712,-40.81753,-40.044235,-35.02249,-39.231583,-36.4821,-38.559334,-39.451977,-41.36461,-41.95023,-39.303085,-38.970898,-39.348213,-40.27037,-39.579033,-40.740124,-39.97295,-41.59847,-41.922295,-42.525326,-44.54622,-47.534595,-48.376392,-49.60323,-53.71759,-54.934105,-55.528904
9984,True,-34.483246,-37.548683,-35.451027,-40.371975,-35.495537,-37.44754,-38.738033,-41.69209,-40.273304,-35.34409,-38.965385,-42.11396,-36.56827,-40.63067,-43.17144,-43.674362,-39.93946,-42.343044,-41.408382,-41.39736,-43.117085,-40.375534,-42.256844,-45.307983,-45.755993,-45.23622,-46.387234,-48.641834,-50.931736,-52.10388,-55.483887,-56.028084
