timestamp,faulty,band_0,band_1,band_2,band_3,band_4,band_5,band_6,band_7,band_8,band_9,band_10,band_11,band_12,band_13,band_14,band_15,band_16,band_17,band_18,band_19,band_20,band_21,band_22,band_23,band_24,band_25,band_26,band_27,band_28,band_29,band_30,band_31
0,True,-26.102901,-32.78722,-32.880703,-33.458763,-34.28094,-34.93045,-37.25982,-41.963455,-44.26066,-40.196823,-45.105442,-46.05645,-51.44043,-52.692112,-53.01803,-53.94711,-58.117073,-60.00499,-59.08533,-58.72456,-59.210876,-60.021156,-64.04163,-64.1848,-65.891365,-64.925514,-65.32233,-67.881744,-69.615555,-69.962845,-71.581665,-73.61569
32,True,-22.131212,-20.189667,-26.147488,-28.223944,-34.219814,-35.908062,-35.43752,-38.949516,-45.47009,-42.01418,-40.55007,-44.699486,-45.0698,-49.668446,-49.99427,-50.468323,-50.158,-52.71549,-56.360928,-57.540592,-57.089462,-59.850716,-59.752483,-60.11831,-61.152145,-64.864334,-65.58677,-65.781235,-66.98215,-68.18977,-70.2206,-70.719925
64,True,-26.035572,-20.288944,-28.044106,-27.969616,-32.1588,-35.70448,-39.890404,-41.96625,-40.255886,-41.49193,-45.634583,-44.665123,-43.72004,-51.199116,-49.894043,-48.0857,-48.815872,-55.65098,-55.2948,-55.70785,-57.318703,-57.961166,-59.59269,-60.829655,-62.634712,-64.03129,-65.73453,-64.26422,-64.87583,-65.766205,-68.953545,-71.23466
96,True,-26.061672,-23.436346,-28.572073,-28.274775,-32.724724,-38.36138,-41.09452,-42.73271,-43.36933,-40.864403,-44.706757,-46.44433,-49.749634,-47.923187,-51.546577,-50.04293,-49.940407,-51.4052,-55.477657,-56.58279,-58.336456,-56.67443,-59.968063,-62.182922,-59.68046,-61.88598,-64.61945,-63.869976,-63.797897,-66.07913,-66.717636,-69.48684
128,True,-26.989372,-23.149414,-30.560036,-29.475763,-32.810604,-38.69955,-36.118618,-38.18856,-41.527718,-41.6923,-43.364944,-46.240562,-46.788452,-46.194176,-48.885773,-51.01024,-54.43996,-55.353046,-53.51367,-55.41485,-56.861588,-57.618454,-57.791447,-59.19555,-60.308807,-64.031586,-66.10005,-63.600266,-65.51467,-64.072945,-65.149734,-70.258835
160,True,-27.175877,-25.146164,-27.03314,-29.165482,-37.136898,-39.66118,-36.715256,-38.908607,-43.037724,-40.118324,-42.31665,-46.479244,-47.432594,-49.379314,-49.304863,-48.202282,-52.067493,-55.37606,-54.350796,-55.58072,-57.459263,-58.63729,-60.021095,-59.52569,-61.363,-63.77708,-64.80031,-66.05329,-66.83594,-68.04125,-68.68165,-70.25622
192,True,-23.877573,-24.183529,-31.592651,-29.216228,-33.739285,-41.449364,-38.129734,-39.66098,-42.923065,-41.958633,-45.543648,-47.49524,-46.85797,-51.50698,-49.23944,-47.019955,-52.52111,-53.342194,-52.850166,-56.12322,-56.995247,-55.944756,-57.964893,-59.02077,-61.004337,-62.22152,-63.086876,-63.705116,-66.28356,-68.1531,-68.31039,-70.37566
224,True,-28.348618,-24.829588,-25.614689,-27.47276,-33.49418,-37.842896,-40.259117,-43.867702,-43.237537,-39.968742,-42.546345,-46.989807,-48.36689,-52.3916,-50.865288,-48.440292,-52.75711,-51.454716,-53.42858,-56.996696,-58.646194,-57.165077,-54.831406,-58.68013,-61.236694,-61.422867,-62.37326,-65.326935,-65.60357,-64.93938,-63.349667,-68.40233
256,True,-30.33369,-23.280937,-29.13853,-29.464687,-32.772507,-37.080547,-38.644493,-43.299927,-43.403236,-42.056927,-46.36675,-44.259266,-47.306076,-50.035446,-48.835445,-51.113617,-50.77847,-55.1129,-53.759117,-55.930893,-57.70253,-59.435112,-57.275547,-60.02438,-59.859596,-61.539173,-63.505367,-64.6771,-67.22482,-68.08105,-66.39629,-69.525116
288,True,-22.647238,-23.348259,-31.337616,-29.315327,-32.926746,-33.14795,-36.023315,-39.80465,-41.68037,-39.900337,-45.710754,-44.971676,-44.254066,-50.735397,-47.830063,-48.239094,-53.107716,-54.89201,-52.66918,-56.33632,-58.74962,-58.11443,-57.332756,-58.15651,-59.014378,-63.372772,-64.61455,-65.1241,-63.271008,-64.25313,-65.24911,-69.52803
320,True,-27.128916,-24.530209,-28.585642,-32.873123,-34.826202,-36.957832,-36.825882,-40.731476,-44.708168,-43.423332,-47.742596,-41.20003,-46.4707,-51.883392,-48.007095,-50.331654,-51.271637,-50.886215,-55.446323,-54.55918,-57.51632,-58.268494,-56.71521,-60.710526,-61.54366,-64.33102,-64.82377,-64.81538,-64.39045,-65.256485,-66.133575,-69.286644
352,True,-23.812502,-22.103193,-29.052153,-29.038984,-33.34508,-35.048935,-39.225647,-40.914185,-44.998974,-41.227512,-43.56365,-43.96438,-46.04406,-48.84185,-48.231003,-48.427944,-48.649353,-51.962822,-54.89518,-56.060696,-58.954285,-55.860325,-56.281395,-58.929806,-60.09747,-62.04107,-62.797054,-62.878155,-62.361626,-64.904236,-65.461334,-69.25015
384,True,-27.725828,-23.259775,-31.112692,-29.902716,-32.481236,-35.698708,-40.11517,-42.979294,-43.062347,-40.50671,-43.95735,-42.330986,-44.85961,-48.66455,-51.778214,-53.205963,-52.371033,-50.711258,-54.127804,-55.90776,-57.045204,-57.73397,-57.944508,-58.61016,-61.41398,-61.56704,-64.62597,-63.602783,-67.06456,-67.252815,-69.01007,-70.11864
416,True,-26.086517,-26.481915,-31.321342,-30.7515,-33.23295,-36.602463,-37.18349,-39.904858,-41.095142,-42.894764,-45.17393,-46.169266,-47.448673,-48.029953,-48.900764,-50.632423,-49.30771,-53.578156,-55.612976,-56.11774,-57.65444,-57.702866,-57.582527,-57.7915,-61.055046,-62.818367,-64.83147,-65.4922,-65.76746,-66.576324,-66.88589,-70.063835
448,True,-25.356665,-23.958548,-27.4559,-26.74316,-31.119936,-35.683594,-37.409626,-40.02784,-39.16178,-41.951336,-44.964348,-46.873665,-48.13598,-46.673428,-49.635895,-50.590836,-51.15713,-51.46266,-55.467155,-59.499302,-59.169544,-56.020355,-57.13537,-58.73232,-60.09501,-60.41281,-62.070103,-63.51999,-63.06587,-64.22927,-63.760727,-68.398506
480,True,-24.796286,-24.855934,-28.31877,-28.542032,-33.84689,-39.713104,-39.9461,-39.10199,-39.633915,-42.837654,-48.921436,-46.40051,-49.642643,-49.118694,-48.50368,-49.673954,-51.418262,-53.4359,-56.883514,-58.242413,-54.847775,-57.723995,-59.491783,-61.251816,-60.05159,-61.51799,-62.070763,-64.09708,-65.43246,-66.700226,-67.90552,-68.92991
512,True,-22.727728,-26.380802,-27.353193,-27.920246,-30.85889,-36.079678,-38.512215,-39.117867,-43.771015,-43.19326,-43.43649,-44.601677,-44.319298,-49.17356,-49.62437,-49.837612,-50.337517,-53.4164,-52.02453,-55.055653,-56.079212,-58.798317,-59.908195,-59.587173,-61.71438,-62.28414,-64.474495,-66.17252,-65.66225,-65.790565,-68.66878,-69.60698
544,True,-23.62923,-25.07324,-30.138035,-29.631796,-30.479744,-37.30022,-40.540245,-45.702457,-44.973083,-42.145653,-45.036488,-47.262478,-47.779343,-46.457153,-46.37228,-53.40213,-51.59605,-53.493683,-54.837646,-54.368725,-56.057663,-59.420723,-58.915062,-60.3692,-62.00743,-64.95273,-64.849205,-66.923004,-66.382,-67.6312,-69.0372,-69.61717
576,True,-24.844639,-23.004286,-30.289202,-30.231703,-32.0951,-35.830364,-36.016094,-40.472507,-45.68195,-43.127274,-43.238632,-45.21836,-46.9515,-50.421566,-48.1009,-51.732727,-53.77121,-57.3597,-55.583748,-55.341434,-55.534554,-57.0972,-57.520767,-62.698303,-60.48021,-62.358025,-63.674873,-64.902374,-66.11401,-65.30391,-66.9158,-69.692955
608,True,-23.625223,-24.387787,-33.67408,-29.949343,-35.36714,-38.57153,-36.890537,-39.483418,-41.504433,-40.20384,-44.852554,-45.536503,-45.695972,-46.689915,-46.667328,-49.669044,-54.589077,-55.56485,-57.755455,-57.878307,-57.33158,-59.653,-59.933815,-59.519173,-61.605133,-60.83939,-63.31587,-65.91118,-65.59277,-66.26019,-66.495766,-69.17508
640,True,-21.678078,-23.229113,-30.829422,-27.894297,-33.582695,-37.44744,-37.63294,-39.779568,-43.870182,-41.739258,-49.010445,-47.15519,-44.072666,-46.09237,-44.423553,-49.732746,-50.517673,-52.566113,-55.594078,-58.185062,-56.63112,-57.427925,-56.79013,-57.727158,-59.712826,-59.055885,-57.49544,-56.097645,-62.235054,-61.88953,-63.74295,-68.43474
672,True,-23.44654,-23.24192,-32.606636,-30.912186,-32.05259,-37.099556,-39.07911,-39.39381,-44.009056,-40.59002,-47.63878,-45.89828,-45.68501,-48.306026,-49.35101,-51.514355,-50.33626,-51.04471,-55.925793,-54.70581,-55.997856,-54.955402,-58.345963,-58.61269,-59.156994,-60.827145,-61.42971,-60.535553,-61.648888,-62.300762,-65.194405,-67.79801
704,True,-23.46882,-21.61153,-28.306103,-29.290348,-32.826267,-34.782646,-39.394516,-41.518677,-44.733513,-42.907337,-42.516155,-45.799374,-45.761482,-47.3267,-46.156715,-48.61517,-48.349667,-51.743816,-52.29857,-55.31177,-60.73181,-58.38074,-57.761665,-58.905888,-58.603348,-61.269135,-65.38678,-64.47576,-63.801933,-64.14292,-65.70985,-69.89025
736,True,-27.547009,-24.028986,-33.184837,-33.49223,-34.257915,-36.4241,-37.55696,-40.414394,-45.153343,-42.904747,-45.16704,-46.38774,-43.627213,-48.85994,-48.33338,-47.6094,-50.949593,-54.83284,-55.02305,-54.495205,-56.060028,-58.365112,-57.990955,-59.83194,-59.79473,-60.702496,-64.219734,-65.00464,-66.84587,-66.167534,-67.54165,-69.437706
768,True,-23.905823,-25.721874,-28.69271,-31.521427,-34.142044,-35.989353,-35.91986,-37.90826,-41.242477,-41.61132,-43.221954,-47.25649,-49.29953,-47.799774,-45.863262,-50.863346,-54.248856,-53.37178,-55.238533,-56.666496,-58.4445,-58.562374,-58.84769,-61.447975,-61.53734,-60.684776,-62.647217,-64.6633,-64.9323,-66.84706,-67.74176,-69.94876
800,True,-24.845741,-24.091642,-30.757025,-29.807304,-34.40327,-38.46756,-38.71903,-40.78888,-43.491554,-42.560444,-45.08824,-48.879017,-46.96525,-47.58281,-50.69824,-52.97688,-51.530605,-51.41205,-54.285667,-56.15799,-57.966827,-56.480785,-58.44491,-59.99226,-58.88313,-57.367638,-59.616474,-65.02888,-64.68136,-66.44206,-66.26064,-68.86111
832,True,-26.110842,-23.218468,-32.484837,-29.42952,-33.57651,-36.22588,-43.320534,-43.690834,-43.050545,-47.087128,-42.54074,-43.88468,-46.870693,-50.276825,-50.37855,-53.932365,-51.956116,-54.782875,-58.629055,-58.215965,-58.473984,-57.770134,-58.658386,-62.1114,-61.2005,-61.4546,-64.21027,-65.69063,-65.81542,-66.327995,-67.956184,-69.51399
864,True,-26.804712,-23.988066,-32.088722,-30.069979,-33.891914,-41.116028,-40.573124,-41.173214,-41.877495,-44.270634,-45.04722,-41.739685,-44.33412,-46.18985,-44.053604,-46.67866,-51.849533,-54.22993,-52.520924,-54.055733,-54.92369,-57.013184,-58.56737,-60.183174,-59.704597,-61.767807,-64.08944,-67.01578,-68.26318,-67.848854,-69.615364,-70.876755
896,True,-23.046055,-22.574846,-28.562853,-26.227787,-33.110424,-37.91,-36.93708,-38.108288,-42.01181,-40.843376,-45.015163,-45.144974,-44.789314,-45.92192,-45.515335,-45.09085,-45.479618,-49.389458,-50.04425,-52.565197,-54.934612,-54.526505,-54.965126,-55.94976,-56.05475,-56.499535,-59.92507,-61.825943,-62.316315,-63.99259,-65.97011,-71.45717
928,True,-25.043991,-24.847048,-30.913147,-28.855001,-38.155968,-39.998924,-39.04022,-40.142242,-43.243813,-44.279423,-42.06652,-42.753407,-43.594604,-44.978752,-43.720673,-46.8746,-51.897503,-51.35846,-49.802124,-53.38141,-54.512863,-56.195213,-56.28282,-58.06091,-60.113136,-60.661903,-62.155727,-63.57008,-62.57868,-63.639275,-65.58786,-70.05109
960,True,-25.463718,-27.988628,-30.80688,-32.252136,-33.345715,-36.481155,-36.689392,-39.971947,-43.103287,-41.946037,-43.07302,-44.352093,-47.23875,-49.70516,-47.36816,-51.765953,-52.69596,-53.20603,-54.504333,-56.06623,-56.727097,-58.976994,-58.533783,-59.81895,-61.521576,-61.958,-63.635296,-64.82156,-66.3889,-66.88113,-68.99004,-70.78022
992,True,-26.94729,-22.13587,-29.604628,-28.989204,-34.16039,-37.229843,-41.01056,-44.9448,-40.768055,-43.364773,-45.979633,-44.95987,-48.100616,-46.828537,-47.151894,-48.68649,-53.454025,-51.106728,-52.1232,-56.58108,-56.81884,-57.784027,-58.85933,-60.543095,-60.70423,-63.336594,-65.382034,-67.0587,-66.39373,-66.74967,-69.36912,-70.780785
1024,True,-23.262505,-24.438786,-30.121872,-28.95079,-30.272444,-35.37267,-38.87714,-42.060658,-42.651615,-43.17957,-45.1725,-43.763844,-46.150864,-51.508366,-49.263855,-48.16175,-50.890358,-52.021908,-53.8478,-55.415817,-57.734444,-57.324886,-57.684128,-57.27349,-56.08847,-57.653076,-59.456833,-60.37877,-64.24403,-66.22366,-67.47951,-70.33021
1056,True,-27.055986,-23.910799,-30.294455,-29.784393,-34.15319,-36.72979,-39.050095,-40.335365,-38.982117,-38.89138,-44.54145,-42.1694,-45.96984,-48.321182,-48.39033,-46.959667,-48.928852,-52.445312,-52.885147,-55.878986,-55.78155,-57.130104,-57.05557,-60.466278,-58.25319,-59.685654,-60.778114,-63.083,-64.7367,-68.15006,-68.60297,-70.43282
1088,True,-26.770832,-24.35265,-27.756823,-27.691208,-32.070545,-38.08158,-36.983727,-40.887154,-42.75988,-39.755608,-43.111694,-46.481773,-48.883537,-52.520374,-49.8096,-51.20511,-52.46079,-55.61039,-53.655468,-55.944077,-58.409508,-58.920128,-60.34451,-62.027607,-60.55053,-62.460907,-64.7377,-67.8819,-69.12756,-68.2001,-69.25371,-70.26455
1120,True,-25.94587,-22.56341,-28.877619,-29.511261,-30.7471,-40.237293,-39.672237,-42.467224,-41.185432,-42.58761,-43.137516,-45.182533,-48.840504,-53.39083,-47.6569,-50.127663,-52.336216,-55.044518,-56.187256,-55.7203,-55.71282,-57.549637,-56.491768,-58.053032,-61.076794,-61.073524,-62.5674,-65.68964,-67.55243,-68.249466,-69.876625,-71.308426
1152,True,-24.204632,-23.154564,-28.081038,-29.69484,-32.97204,-40.524216,-40.757515,-39.772083,-41.17824,-40.163383,-46.028996,-44.23927,-44.576447,-49.356762,-50.452427,-49.884914,-51.61252,-53.18261,-57.19437,-57.09286,-57.682396,-58.990967,-60.193916,-61.124046,-59.873013,-63.805412,-65.01738,-66.810776,-67.58896,-67.40496,-68.01353,-69.43895
1184,True,-24.27469,-20.136976,-26.952236,-28.161667,-30.921825,-35.952812,-36.600197,-40.269753,-42.50785,-41.24646,-44.052654,-45.319866,-44.174,-50.95892,-48.66993,-50.103752,-52.357502,-53.169235,-56.161423,-55.63163,-58.50004,-60.08421,-58.861336,-61.419113,-61.09802,-64.541046,-66.30475,-67.29529,-66.782196,-66.95476,-67.54849,-69.68153
1216,True,-24.172905,-22.89136,-29.883574,-27.182556,-32.504307,-34.4002,-33.556553,-37.4597,-40.947327,-45.52939,-45.683876,-47.511215,-48.05353,-49.083855,-46.76132,-50.11042,-51.152397,-54.875565,-54.41954,-56.696377,-56.731777,-56.78877,-60.83132,-62.452232,-62.64303,-65.101074,-65.68677,-67.02177,-65.62217,-65.53835,-67.861855,-68.36906
1248,True,-25.666922,-24.345287,-29.719902,-29.480682,-33.66239,-36.714787,-35.05091,-38.920525,-46.03891,-43.25859,-44.61199,-45.782112,-47.162117,-50.841404,-48.595726,-51.02138,-53.57833,-57.553944,-56.35006,-56.030174,-57.55184,-58.122326,-60.4705,-59.920822,-61.871117,-66.052605,-67.44256,-66.90513,-67.22472,-68.77034,-70.639656,-70.94192
1280,True,-26.501543,-24.772093,-31.281368,-32.15142,-34.06258,-36.78546,-35.742138,-38.37013,-43.553062,-40.00888,-43.734554,-46.577538,-43.704308,-46.458168,-47.795296,-50.591427,-51.2125,-54.45879,-54.099064,-56.330368,-58.21959,-56.720757,-59.788292,-60.945988,-61.917007,-64.78028,-67.00615,-69.30923,-68.88042,-68.41376,-70.1479,-70.15045
1312,True,-21.365322,-21.95656,-32.302277,-29.202282,-31.19254,-36.65106,-41.91372,-40.75766,-41.496613,-42.593582,-43.85302,-46.421516,-47.42533,-46.68282,-45.760235,-47.48363,-49.624252,-55.418133,-57.246815,-57.222446,-58.535843,-58.965584,-60.45067,-62.982296,-62.73008,-63.696598,-65.75447,-67.06326,-68.003494,-68.9747,-70.80893,-71.27711
1344,True,-27.527304,-22.700485,-31.364487,-28.284348,-30.83433,-38.489815,-39.33564,-41.26905,-42.08088,-45.58719,-46.068443,-47.97306,-49.65906,-47.89802,-46.134193,-48.456573,-52.036644,-54.39003,-55.681873,-57.072544,-60.31473,-58.69837,-61.876617,-62.18107,-62.20733,-66.59497,-64.4944,-66.42763,-67.87517,-70.35419,-70.267426,-71.12535
1376,True,-24.440367,-22.286163,-27.394838,-28.252737,-35.678513,-35.062447,-36.372646,-39.621765,-43.497677,-40.973137,-46.278122,-43.484783,-44.03569,-49.08113,-49.830814,-51.011,-54.544617,-55.607903,-55.459488,-58.287674,-58.76524,-58.95244,-59.604244,-59.9979,-61.84723,-65.444244,-65.266266,-65.36775,-66.77639,-69.75204,-69.48453,-68.47166
1408,True,-22.714207,-22.902203,-27.927095,-30.189112,-34.52704,-36.906975,-36.512943,-39.590816,-45.761826,-42.38582,-45.38877,-44.559826,-46.083263,-48.21782,-49.16506,-52.179585,-56.04206,-56.827118,-56.8059,-58.297348,-59.51263,-58.752785,-59.649376,-61.506382,-61.708336,-61.162354,-62.95196,-64.78783,-66.64106,-68.45811,-68.9718,-70.09433
1440,True,-27.573948,-26.7858,-30.120903,-27.920664,-33.263496,-36.242565,-37.962357,-39.90436,-40.60835,-42.465214,-43.32409,-48.17427,-48.682346,-48.170353,-48.395393,-49.595966,-49.417706,-54.667503,-55.883213,-57.800133,-59.61988,-59.472,-59.07158,-60.94684,-62.464634,-63.595787,-64.96865,-65.84909,-67.20517,-70.560135,-71.34401,-69.038345
1472,True,-24.769123,-22.937359,-28.671864,-31.476063,-33.018627,-35.55844,-38.429485,-41.207882,-40.35265,-41.73124,-44.315037,-44.86053,-45.600548,-47.95921,-46.82989,-51.192684,-51.447468,-53.99575,-56.604023,-56.576668,-58.60074,-60.70606,-60.77093,-62.38674,-63.656296,-62.56641,-65.98914,-66.80499,-66.79481,-69.25342,-70.44833,-70.2862
1504,True,-24.763714,-24.016512,-34.13015,-31.600521,-34.64954,-35.753407,-39.22316,-38.979885,-41.378178,-38.59671,-45.164585,-42.902035,-45.73223,-51.432034,-48.45329,-49.060917,-51.984573,-53.071842,-54.297806,-56.611862,-57.670647,-59.715458,-60.21458,-59.357452,-59.59935,-62.382767,-65.456856,-66.4186,-67.057976,-69.17212,-70.790184,-70.51869
1536,True,-26.059383,-24.000767,-34.135258,-30.398968,-36.262146,-38.4812,-37.28489,-37.944294,-42.615604,-42.914314,-41.105103,-42.80313,-45.229034,-49.327667,-48.7566,-52.8414,-53.309406,-53.400116,-53.78527,-57.06287,-58.918343,-59.473972,-63.738373,-60.53249,-62.250637,-64.13398,-65.40776,-65.71551,-68.68965,-68.49276,-70.7413,-70.50925
1568,True,-26.6185,-20.800095,-29.760933,-29.415459,-32.364525,-39.992924,-36.85972,-38.748016,-43.20496,-43.219696,-45.444107,-44.37243,-45.497055,-47.785995,-46.89089,-48.414238,-50.66201,-54.08255,-56.375687,-58.39384,-59.709324,-57.316532,-59.094585,-60.463276,-63.556602,-62.218567,-63.179253,-64.158066,-64.20665,-62.710106,-63.450363,-69.7997
1600,True,-26.132824,-25.089605,-32.845924,-30.596977,-34.02841,-37.42117,-39.815594,-38.687843,-42.608063,-43.321476,-44.399868,-45.4505,-47.61751,-47.896004,-45.6289,-51.64951,-53.71158,-53.714302,-55.485435,-55.87032,-58.334713,-60.655663,-61.459038,-61.444923,-63.775993,-63.208176,-63.30662,-66.87054,-66.09193,-67.58849,-68.226974,-69.057396
1632,True,-29.720314,-23.54544,-26.41769,-27.58974,-30.749062,-38.050976,-42.87407,-42.14009,-45.01145,-38.992416,-43.691006,-45.58702,-50.90277,-49.599266,-49.280365,-50.21576,-51.709312,-51.20282,-54.639923,-56.17581,-58.365677,-59.03631,-61.271862,-61.1198,-63.296867,-63.311195,-63.888115,-63.397747,-64.84915,-65.392815,-66.49151,-66.39491
1664,True,-25.62645,-23.526354,-28.612686,-29.226473,-33.701385,-38.722885,-40.02735,-42.050835,-41.374878,-42.757538,-45.23395,-48.37963,-49.67446,-50.05876,-48.289684,-51.425903,-50.657696,-55.93601,-58.000954,-54.45694,-57.632492,-59.271408,-58.360153,-60.113205,-61.36263,-64.39631,-64.968056,-66.566605,-64.93684,-66.294044,-67.096016,-69.0315
1696,True,-28.362825,-23.120253,-29.535873,-27.908173,-32.67402,-36.780968,-37.322968,-39.032684,-42.373787,-44.991474,-40.7328,-44.0122,-47.920345,-49.986248,-49.421482,-51.585537,-52.095013,-55.884247,-58.420643,-57.1641,-58.29237,-60.517902,-59.651432,-60.129543,-61.314865,-64.89862,-65.840385,-65.94351,-66.64876,-67.75846,-69.102936,-68.601006
1728,True,-27.033695,-25.60488,-28.34963,-27.55621,-30.624067,-35.91689,-38.371017,-39.466923,-41.600655,-45.537674,-46.566597,-44.84644,-45.63107,-47.873016,-46.68486,-50.460907,-54.730324,-55.668236,-56.30712,-54.939884,-56.896877,-57.23751,-58.621254,-59.93503,-61.96415,-63.52985,-64.71485,-65.32961,-67.18762,-66.954315,-68.93676,-69.62895
1760,True,-24.107885,-25.292929,-29.561136,-27.722565,-30.805992,-34.172173,-35.72528,-45.09761,-39.808117,-42.835594,-44.393967,-48.564774,-46.4177,-49.39872,-49.393303,-50.515327,-51.185204,-55.083252,-55.043663,-55.232197,-57.933636,-59.152435,-57.275887,-58.929314,-61.957516,-63.338833,-64.2247,-66.794014,-67.44867,-65.66123,-67.84854,-69.268326
1792,True,-20.827003,-23.68591,-30.580378,-29.037874,-32.822052,-34.11469,-37.73217,-41.612873,-41.32208,-38.919598,-44.980522,-49.527126,-49.862637,-51.546143,-48.793053,-50.105446,-48.642265,-55.23439,-55.19398,-55.72438,-58.336506,-61.07818,-60.375847,-61.568,-62.046467,-63.801483,-66.2405,-64.75585,-67.972885,-67.25138,-66.97972,-70.14744
1824,True,-22.32976,-24.19758,-30.129318,-29.869202,-34.625084,-37.04149,-39.05573,-40.39096,-42.14956,-42.43448,-43.76583,-48.347744,-46.619324,-50.870605,-48.489433,-48.575714,-53.44675,-56.086216,-55.63616,-54.841976,-59.454193,-60.38355,-59.15059,-59.666733,-60.717567,-64.71739,-65.17758,-65.56203,-68.81293,-68.846214,-68.258255,-69.052475
1856,True,-27.05877,-30.218573,-33.256363,-28.896303,-34.22467,-36.950184,-35.213634,-37.604424,-45.68824,-41.491646,-44.473835,-46.123394,-45.619465,-45.86257,-45.230377,-48.73239,-51.523224,-54.686295,-53.89882,-53.72651,-57.013916,-56.805855,-58.413292,-58.67084,-62.10849,-65.15571,-65.43207,-67.63285,-67.69818,-68.77736,-67.48887,-70.42117
1888,True,-25.026094,-22.81974,-28.275997,-30.128506,-36.964565,-40.06507,-35.86126,-37.60903,-45.061604,-42.772675,-47.047802,-47.526276,-49.15318,-48.74282,-50.02531,-50.786964,-54.236565,-54.896553,-56.89915,-60.59765,-58.142223,-55.88848,-59.806587,-60.544895,-61.58828,-65.50966,-66.404274,-66.79026,-65.42011,-67.04843,-67.363174,-70.68969
1920,True,-25.873112,-23.473457,-28.727953,-29.194366,-33.69242,-37.89512,-41.461254,-42.091297,-41.164436,-38.69535,-44.15634,-48.732986,-49.79536,-48.775414,-48.440536,-51.914898,-50.68071,-53.695072,-54.268536,-55.522583,-58.344116,-56.966904,-58.746258,-59.62494,-61.938953,-62.878345,-63.351707,-63.759033,-66.04876,-65.88374,-67.73496,-69.67406
1952,True,-28.254087,-27.439917,-33.46267,-31.067636,-32.518425,-38.76734,-39.120033,-40.137268,-43.590466,-40.82112,-43.511547,-45.937077,-48.552242,-52.70278,-50.032265,-49.888405,-52.0851,-55.16958,-55.993736,-56.137676,-58.50718,-59.67517,-58.97305,-57.96663,-60.362583,-61.999977,-64.53032,-65.39774,-65.9539,-66.566055,-66.99283,-69.20325
1984,True,-27.615385,-20.869987,-29.274862,-29.253239,-31.782398,-36.198627,-37.66831,-39.731335,-44.306244,-43.152508,-45.06785,-45.134815,-49.603992,-51.966255,-49.492287,-49.451416,-52.777134,-53.548885,-57.80838,-56.589188,-56.820274,-58.145233,-59.43993,-61.76012,-60.647717,-62.6819,-65.15111,-66.15315,-68.39572,-66.94765,-68.164856,-68.65376
2016,True,-24.73319,-24.516598,-33.469193,-32.912796,-33.815544,-37.848064,-36.60945,-39.809364,-42.31521,-43.647865,-44.287483,-46.2147,-48.906273,-48.674812,-47.798443,-48.369415,-53.318825,-55.6894,-55.626495,-55.744972,-57.19174,-59.622364,-60.227512,-61.44241,-64.77406,-65.12339,-64.98229,-65.78245,-69.01336,-69.0358,-69.8087,-70.56906
2048,True,-20.845875,-21.679646,-28.082863,-29.882147,-35.361053,-38.102337,-35.74269,-37.74487,-43.350693,-43.359177,-47.667053,-45.969635,-46.73435,-48.124146,-48.063965,-49.458202,-51.23033,-54.52659,-54.558823,-57.10311,-59.299026,-57.613083,-61.52449,-62.602837,-64.85313,-66.34163,-65.0992,-68.27558,-68.4315,-67.671265,-68.80337,-69.741714
2080,True,-25.392216,-26.653572,-30.568151,-30.36191,-32.38952,-35.712738,-38.61045,-39.741726,-40.28105,-39.036716,-44.965195,-45.78547,-47.019592,-50.977345,-49.613747,-50.07229,-50.59263,-53.691902,-52.3692,-54.485584,-57.66828,-58.99093,-59.352894,-58.858833,-61.276226,-64.90676,-64.59626,-67.75547,-66.77233,-67.69395,-68.953026,-72.184105
2112,True,-25.673609,-22.37156,-28.28659,-29.908772,-34.75432,-39.606556,-40.203915,-44.451958,-44.435062,-44.257717,-46.745354,-47.70576,-47.859543,-50.28734,-51.133137,-50.71581,-52.21107,-53.501495,-52.68534,-54.226223,-58.25264,-58.78797,-58.079796,-61.58711,-63.249935,-65.847336,-65.595055,-65.96833,-66.734146,-68.933815,-68.32841,-70.5621
2144,True,-22.391857,-23.45086,-29.371117,-27.48571,-34.009174,-36.435654,-38.396843,-40.173603,-40.27075,-41.43292,-45.15889,-48.25874,-44.464207,-50.470764,-49.419434,-47.621437,-48.35562,-51.209408,-54.21276,-56.745094,-57.105804,-54.678864,-56.401752,-60.874977,-61.222836,-62.048706,-64.595276,-67.959564,-67.386765,-69.17296,-70.54985,-70.46375
2176,True,-26.196806,-26.260681,-30.463373,-28.57405,-33.56742,-37.22108,-35.209766,-37.789772,-42.67738,-43.6363,-43.92097,-45.14179,-44.106117,-49.12292,-48.341488,-49.527603,-50.05755,-54.87683,-56.533783,-56.36547,-58.06503,-56.199764,-57.962612,-60.504246,-62.915253,-64.90329,-64.58798,-65.13053,-65.27287,-64.73241,-68.15826,-69.8978
2208,True,-26.300936,-21.334116,-29.874056,-30.56681,-33.845257,-34.44656,-36.87076,-39.225136,-42.26107,-39.104275,-43.182644,-44.520905,-47.354362,-49.6202,-48.260223,-49.030285,-51.68577,-57.497448,-56.3653,-57.247177,-60.559914,-60.55614,-61.49157,-60.709667,-61.440582,-64.682274,-65.612656,-64.84222,-67.10753,-67.37024,-69.454834,-70.41005
2240,True,-25.891468,-25.048922,-29.379894,-29.106329,-29.831974,-37.247257,-42.125725,-40.425774,-42.32659,-43.4465,-45.31643,-47.253056,-51.453033,-47.801735,-48.15475,-51.205368,-49.12204,-55.632053,-58.19405,-56.988823,-59.66015,-58.520042,-61.143303,-62.504368,-62.236908,-63.896545,-66.06276,-66.050064,-67.70017,-68.64659,-69.777245,-71.24266
2272,True,-27.201454,-25.751938,-31.10201,-30.106709,-33.91953,-37.253876,-41.01704,-43.851494,-45.06453,-43.084732,-45.954052,-42.553383,-47.0411,-50.59757,-50.54442,-49.175957,-53.123974,-56.08198,-54.957466,-57.779354,-59.791485,-59.095245,-61.779694,-62.73288,-62.72032,-64.359535,-65.29626,-67.07589,-68.36757,-67.63395,-68.95969,-69.35841
2304,True,-26.872421,-23.093174,-29.984173,-29.222097,-34.817585,-41.72078,-37.21466,-38.903,-43.767998,-40.876507,-47.05669,-46.95575,-45.023727,-47.17079,-47.87544,-48.491627,-50.28977,-54.4601,-56.15517,-56.32566,-61.14004,-60.56495,-60.59708,-63.212624,-64.091385,-64.06928,-65.890495,-67.23078,-69.11292,-69.05145,-70.46517,-71.00686
2336,True,-25.258244,-26.120596,-26.833199,-27.908276,-33.946983,-40.401344,-36.48664,-38.517876,-45.19362,-43.919823,-45.874588,-49.357487,-47.510544,-47.93759,-48.170086,-51.631775,-53.83323,-56.30918,-55.25625,-59.518818,-60.051697,-60.47442,-58.840786,-60.82949,-61.679474,-63.96605,-65.80721,-66.388954,-68.50174,-68.82829,-67.68847,-69.76264
2368,True,-25.089653,-22.939243,-26.6965,-28.419624,-33.716072,-40.572067,-37.419678,-38.220963,-43.030247,-40.631577,-43.134975,-46.387672,-45.861553,-47.16721,-52.723,-53.811523,-52.379494,-55.56519,-56.258198,-59.034492,-58.715305,-59.08447,-60.111046,-61.19156,-61.058903,-63.606293,-64.16137,-64.463036,-65.14428,-67.4774,-69.218124,-70.33787
2400,True,-28.730484,-24.257631,-30.250607,-29.098375,-32.673286,-36.2407,-37.00448,-41.52038,-40.47396,-39.485096,-46.236618,-47.165733,-48.225624,-50.600124,-48.797142,-47.946884,-49.12067,-53.360497,-58.00432,-57.504288,-61.4463,-58.69964,-58.90397,-61.787727,-62.014484,-64.58257,-65.56955,-66.42137,-66.47813,-67.098495,-68.98751,-69.98735
2432,True,-26.61589,-20.267006,-29.318157,-32.26359,-34.155415,-34.879623,-37.754818,-38.657955,-43.318996,-44.237625,-42.479477,-43.86833,-48.735832,-47.465622,-45.814125,-49.142757,-51.673668,-55.02091,-56.9261,-55.355877,-58.91868,-62.518993,-61.3488,-60.982174,-59.209206,-64.92942,-66.71457,-67.73979,-67.96833,-68.785095,-69.048546,-70.7955
2464,True,-25.848112,-23.884426,-31.307194,-27.174109,-30.226965,-33.792,-36.321682,-40.236973,-45.238014,-45.299118,-41.60687,-45.36999,-48.6643,-45.72883,-44.824844,-48.788628,-51.633636,-56.006134,-54.519516,-55.857143,-58.88356,-60.17898,-57.77552,-62.19177,-61.556892,-63.151787,-64.07053,-65.77606,-67.98123,-69.087715,-69.43868,-70.41985
2496,True,-28.770054,-28.444202,-31.866064,-31.758373,-38.23553,-36.732864,-35.224796,-37.889816,-46.96666,-43.136963,-44.58246,-46.729195,-43.924416,-49.43165,-50.37994,-51.159115,-50.25068,-55.22387,-56.50142,-55.289837,-56.727085,-57.68672,-60.383568,-62.58174,-62.882137,-65.31348,-66.31036,-65.90135,-68.00759,-69.32675,-70.237816,-69.53841
2528,True,-22.807806,-19.42905,-30.131872,-31.819134,-33.211273,-37.919613,-35.312134,-37.296803,-40.63788,-37.55471,-45.65029,-48.16398,-49.21357,-49.051247,-50.426487,-53.19147,-52.46978,-54.11915,-54.889107,-58.042213,-59.808044,-59.787064,-57.37094,-58.974552,-61.307217,-61.909824,-62.86867,-66.25672,-68.679436,-70.544136,-69.007065,-68.56746
2560,True,-24.692305,-23.354122,-32.268135,-26.83212,-33.345257,-38.48181,-39.97344,-38.547623,-38.016388,-39.29764,-43.531498,-46.96582,-47.906868,-50.338284,-47.505516,-49.973488,-52.23413,-54.4993,-53.821083,-59.83997,-57.15939,-58.307213,-58.909958,-59.898933,-60.23563,-61.138783,-61.210957,-63.09693,-65.697914,-53.054497,-61.00439,-67.20345
2592,True,-26.11356,-23.35386,-31.611155,-29.305954,-33.49372,-36.045685,-37.264435,-39.449352,-43.312897,-43.357944,-47.602715,-45.608444,-47.031918,-47.649117,-46.08404,-50.46319,-50.962257,-52.019253,-54.626354,-55.632492,-55.100647,-57.046772,-57.331654,-57.6469,-60.500023,-61.46626,-60.372574,-63.47488,-64.2161,-45.918114,-54.555492,-67.353455
2624,True,-26.424015,-23.889557,-28.10912,-28.285353,-32.56601,-38.307964,-36.33955,-38.575558,-42.443405,-39.366028,-47.058365,-48.084885,-47.543564,-49.05292,-45.747967,-47.797085,-53.27662,-52.628937,-54.05003,-57.15233,-57.344513,-57.386036,-59.693848,-62.37551,-61.52272,-60.601307,-60.858173,-63.975216,-66.3724,-43.51364,-51.539936,-67.76308
2656,True,-24.753357,-21.373093,-29.753235,-30.985641,-34.08166,-38.4214,-37.539146,-39.871365,-42.14988,-40.02504,-44.834076,-43.702774,-48.107166,-47.652897,-47.287872,-49.62927,-49.940666,-53.96489,-52.73714,-55.799606,-55.53382,-53.66075,-56.127087,-58.315945,-57.82974,-58.11955,-61.001286,-64.27173,-63.1127,-44.60388,-52.018135,-65.88935
2688,True,-22.418545,-25.16636,-29.903828,-29.34164,-32.398476,-43.116665,-39.036575,-37.9426,-43.50395,-41.433086,-45.740875,-44.30719,-46.399006,-46.887245,-46.30754,-46.71475,-50.846794,-50.76881,-53.8143,-56.69214,-60.36247,-54.369907,-55.109863,-56.849693,-57.47428,-60.9374,-60.392742,-62.069664,-61.925358,-41.87262,-49.02834,-66.30223
2720,True,-27.519787,-29.96422,-31.026686,-30.496435,-35.726894,-37.672554,-42.534046,-44.083447,-42.10923,-41.72513,-45.19761,-42.26078,-44.46704,-48.580357,-47.815723,-49.638367,-50.257053,-53.120785,-52.53174,-55.350338,-56.79289,-56.46514,-58.51641,-60.512856,-59.22284,-60.763237,-61.524944,-62.59195,-63.44174,-40.63645,-48.38489,-67.09252
2752,True,-26.462906,-25.915607,-30.308388,-31.091476,-30.122177,-35.453484,-40.535126,-40.245167,-46.873055,-45.188766,-44.135056,-43.403152,-45.105556,-47.73707,-44.760033,-48.970085,-48.785393,-52.039345,-51.561848,-53.95057,-55.648643,-54.89403,-57.353714,-60.147865,-58.992325,-61.444363,-61.517887,-61.67542,-64.486916,-48.830944,-55.65307,-69.158875
2784,True,-24.307919,-21.546066,-30.441122,-27.008303,-30.606224,-37.11594,-37.640137,-38.837967,-45.657467,-45.59527,-45.293163,-43.805046,-48.01912,-48.45737,-49.05128,-51.417583,-47.077835,-54.90881,-57.033104,-56.721348,-57.085613,-57.49983,-57.809452,-59.882282,-58.69762,-60.889877,-63.651165,-65.03976,-68.43467,-50.318512,-57.25152,-68.472984
2816,True,-25.520927,-21.011904,-30.43873,-31.861095,-34.155994,-35.65532,-35.12705,-39.076588,-42.174946,-42.204952,-43.847214,-45.52506,-43.258484,-47.05524,-48.039837,-49.048134,-50.46984,-51.31916,-53.806107,-55.42313,-57.29902,-59.905315,-57.644333,-58.59539,-59.875645,-63.712517,-65.28171,-67.25604,-66.200424,-57.328945,-63.436302,-70.001785
2848,True,-25.749638,-27.1218,-31.283247,-30.38057,-33.24752,-34.673157,-35.87452,-39.22901,-42.19122,-42.67775,-47.23158,-45.166737,-44.31916,-49.563503,-50.65252,-49.82525,-53.7249,-55.929413,-56.05272,-57.44905,-59.104313,-57.907616,-56.493652,-56.866165,-60.988297,-61.06811,-61.610786,-65.75731,-66.1889,-62.547607,-66.776794,-69.77538
2880,True,-24.1053,-26.420757,-32.491055,-29.916672,-34.46797,-36.488884,-41.973873,-42.6928,-43.96122,-42.27511,-45.621647,-44.371113,-44.44245,-50.088154,-50.689793,-48.747665,-52.237312,-55.501106,-53.855114,-57.149193,-58.777924,-57.939438,-56.919716,-58.032806,-58.823265,-58.617268,-59.306595,-64.526184,-63.657646,-62.44017,-65.85076,-68.9519
2912,True,-27.432787,-25.355967,-30.166698,-27.832474,-35.187355,-39.101566,-39.17441,-41.19792,-45.108376,-45.800797,-44.093094,-44.561386,-46.735645,-50.14658,-47.518875,-50.505146,-51.96894,-54.18839,-52.85579,-55.449844,-55.692856,-59.17859,-57.830853,-57.446003,-56.160187,-56.495155,-59.63474,-63.668007,-64.04384,-61.24086,-62.75282,-68.99765
2944,True,-27.973717,-25.71471,-29.560793,-30.43164,-32.89807,-34.539215,-37.523605,-39.513474,-42.031372,-40.978508,-46.15088,-46.975613,-47.26445,-49.710392,-47.96532,-49.514854,-51.670956,-53.869747,-55.1634,-55.75229,-56.758667,-59.935257,-57.483253,-57.920387,-58.11692,-58.63877,-61.169315,-62.88402,-63.74083,-62.199463,-62.918858,-67.857376
2976,True,-24.442158,-22.497925,-26.294744,-28.178791,-33.439312,-39.879963,-34.866512,-37.09704,-37.27171,-37.78698,-46.54575,-46.087265,-44.372555,-47.932266,-48.618603,-47.18535,-51.453964,-52.939133,-54.397247,-55.24181,-57.137985,-58.72057,-58.045902,-58.646652,-59.09538,-60.340214,-63.521774,-64.58272,-65.909744,-64.72228,-67.00227,-69.62407
3008,True,-25.768023,-23.18532,-28.051895,-27.655296,-32.283646,-36.22251,-40.050663,-41.112446,-39.2261,-39.94647,-44.921608,-46.770626,-48.943626,-49.781586,-50.868217,-52.189793,-51.15057,-53.624413,-55.920425,-57.898033,-57.594543,-57.03239,-56.91639,-58.184624,-59.3181,-61.432537,-62.285122,-65.143654,-67.04194,-67.10079,-69.29192,-70.329124
3040,True,-22.465347,-26.187239,-29.287556,-28.393698,-33.400658,-39.251705,-41.744057,-43.998203,-44.47159,-45.84116,-44.120384,-45.393944,-47.73255,-55.411385,-52.87161,-50.63181,-50.04938,-55.445854,-54.176506,-52.976677,-57.91418,-61.079754,-56.675476,-59.078957,-61.282005,-62.91794,-63.20648,-64.57645,-66.68093,-65.78869,-67.58997,-69.299484
3072,True,-27.849531,-24.721256,-29.859905,-29.856026,-33.896503,-38.681145,-40.535927,-43.420162,-43.375694,-40.920807,-46.53019,-44.231533,-47.347866,-48.73591,-48.381805,-50.861797,-52.94441,-54.201427,-54.643425,-55.52452,-56.69296,-58.64956,-57.264866,-57.79179,-60.926517,-61.841347,-63.281406,-66.53527,-66.52462,-68.716286,-70.28609,-70.8709
3104,True,-27.617542,-23.222229,-28.57053,-28.095848,-35.84622,-37.78139,-39.077038,-39.689842,-42.88642,-42.138786,-40.820633,-45.595325,-50.34268,-52.111588,-47.834454,-48.62936,-51.144062,-54.40819,-55.884174,-55.895466,-56.142254,-58.871326,-57.94741,-59.010612,-59.78203,-61.85677,-63.19474,-68.44622,-69.37306,-69.18323,-68.87625,-69.33961
3136,True,-30.16041,-31.857653,-33.742928,-28.050306,-30.61017,-35.174755,-35.95429,-39.129597,-44.320587,-43.14346,-48.583244,-46.061176,-46.4038,-48.871857,-45.999252,-49.489273,-51.99452,-56.789055,-56.798958,-58.64395,-58.20002,-57.168194,-55.49482,-58.055466,-59.81981,-61.54241,-61.572884,-66.07767,-67.221436,-65.602585,-66.33197,-67.139725
3168,True,-22.980438,-20.381325,-29.296734,-28.01476,-32.687447,-38.176807,-39.270405,-42.017754,-43.774475,-41.41415,-46.33619,-45.832542,-47.084366,-48.81375,-47.592068,-49.215065,-51.66098,-54.486965,-58.508602,-61.494957,-58.074974,-54.265438,-56.21189,-57.88233,-60.28175,-62.543922,-62.51686,-65.0735,-65.8776,-66.1804,-68.49664,-69.39653
3200,True,-24.652967,-21.96356,-30.299395,-29.137024,-32.694546,-34.34644,-38.980564,-39.5219,-44.6307,-43.276806,-44.81105,-45.66269,-46.002766,-49.006798,-47.560314,-48.933773,-51.301533,-55.774254,-56.043697,-60.020775,-59.085594,-59.878613,-56.98565,-58.648014,-60.685158,-61.2022,-63.394867,-66.269966,-66.01924,-69.24324,-69.941986,-69.16301
3232,True,-28.994843,-26.77801,-28.20787,-27.630663,-32.782196,-34.323742,-39.812008,-43.017117,-42.248184,-43.060284,-43.638237,-42.273003,-49.67958,-51.72125,-48.46306,-49.00892,-51.639053,-54.95343,-53.494144,-56.362072,-58.956333,-58.347603,-59.06486,-59.63928,-60.444267,-60.51184,-63.296604,-68.19515,-68.54668,-69.07189,-70.01794,-69.74479
3264,True,-28.636047,-25.980133,-29.409636,-27.96068,-34.420704,-34.78379,-38.583725,-40.806446,-44.262405,-42.02917,-41.896366,-48.628975,-46.711277,-50.307053,-46.670708,-48.81548,-52.380863,-56.73595,-54.66162,-56.061356,-58.361927,-57.74303,-56.745983,-58.317863,-58.32815,-59.987793,-62.110332,-63.620453,-63.321198,-61.768616,-63.793484,-64.187744
3296,True,-23.583338,-22.289661,-30.643822,-28.477098,-29.98389,-40.033203,-39.872,-40.48231,-42.634563,-39.81967,-43.191303,-45.993553,-47.6577,-45.740463,-44.980545,-49.446724,-51.090942,-55.840534,-58.524128,-56.97298,-57.157776,-56.134396,-58.615818,-56.016613,-56.285446,-60.064274,-62.18023,-62.93436,-62.58205,-62.477932,-61.558437,-66.605
3328,True,-27.524689,-26.501703,-36.463844,-28.86281,-33.106148,-40.870026,-37.48284,-40.38468,-40.697754,-39.70803,-45.05648,-44.51511,-45.15099,-47.194427,-46.233,-49.733883,-51.4563,-56.144478,-55.079315,-58.372272,-58.851887,-57.82478,-57.234688,-58.294964,-61.76741,-61.09577,-62.54447,-62.37541,-65.0808,-65.735886,-68.05117,-69.81406
3360,True,-25.71254,-24.00077,-31.53391,-30.015764,-36.96602,-36.222897,-38.195152,-39.8002,-42.10366,-46.67086,-49.380226,-47.14848,-47.099754,-47.640423,-47.15512,-48.6159,-50.270008,-55.532143,-54.96647,-55.784718,-58.134697,-56.45296,-56.867714,-57.07721,-56.6658,-57.447006,-60.686157,-62.061314,-64.673164,-67.909134,-69.31548,-69.409065
3392,True,-25.946877,-25.76685,-29.141705,-28.377836,-31.149242,-38.588135,-38.904312,-42.21327,-41.65719,-43.907143,-42.064537,-45.005356,-44.028515,-44.87533,-48.444283,-48.84369,-49.752342,-51.73039,-51.541195,-52.710167,-58.468166,-57.276455,-54.530033,-55.297844,-54.902985,-56.11185,-57.875652,-56.42567,-62.230892,-65.040955,-68.549805,-69.56707
3424,True,-23.945677,-22.803478,-28.217134,-26.647984,-32.720367,-37.89911,-40.16403,-41.48584,-41.915417,-42.441917,-46.72005,-44.662415,-42.69579,-48.122375,-46.378845,-47.134987,-51.271774,-54.936962,-52.585777,-52.54039,-55.833782,-55.993114,-55.772667,-55.61563,-55.65519,-56.357075,-57.43013,-57.096848,-60.194164,-60.661182,-60.799847,-65.903015
3456,True,-26.682861,-25.030025,-29.533638,-31.171408,-31.417473,-36.74524,-37.6769,-37.69357,-42.161705,-40.220257,-46.20147,-46.809067,-49.47203,-46.891914,-45.011795,-47.40133,-48.666615,-51.16008,-49.386806,-51.594917,-52.380527,-55.992477,-55.287315,-54.595894,-54.707813,-53.47219,-57.344814,-58.05552,-61.393044,-64.56864,-63.518528,-60.97698
3488,True,-23.602304,-25.017776,-28.807297,-27.598944,-33.461906,-36.802746,-39.211708,-40.43983,-41.62314,-40.57413,-43.118065,-47.21884,-48.57195,-50.411564,-49.157177,-49.913315,-50.77112,-52.98222,-46.901688,-49.014946,-56.317574,-56.3302,-53.25837,-53.131836,-54.130417,-55.382362,-58.740936,-55.398834,-60.643524,-63.28425,-65.25357,-66.72417
3520,True,-30.000307,-24.868816,-26.595657,-27.50932,-32.73928,-37.126255,-39.895065,-40.74512,-37.663933,-42.33143,-45.253796,-44.341053,-42.876747,-49.16488,-51.40191,-48.294262,-45.904083,-52.66605,-51.00136,-50.9525,-52.818893,-55.070934,-52.166897,-53.62493,-53.321056,-54.55448,-57.290657,-54.851807,-60.727577,-64.469025,-66.79691,-69.873276
3552,True,-25.134468,-24.431297,-34.706768,-29.49738,-34.292084,-37.310806,-40.674408,-43.601913,-42.6778,-40.335472,-44.854412,-46.365986,-46.21644,-45.19129,-46.330338,-46.29719,-46.38634,-51.995186,-51.27849,-51.10869,-53.65689,-53.475433,-52.200768,-53.3589,-52.36721,-51.763607,-56.032173,-55.32602,-59.219803,-62.84577,-66.11136,-68.71135
3584,True,-28.233793,-24.227388,-30.869543,-30.646212,-32.25947,-35.73768,-38.2471,-40.932636,-41.975243,-39.61644,-43.879627,-44.78153,-45.243233,-48.88493,-48.836937,-49.42508,-50.453766,-53.161816,-51.741146,-51.57301,-54.559303,-53.0957,-50.316895,-51.235115,-51.383583,-52.450874,-53.67178,-53.122444,-58.145004,-61.77796,-66.29037,-66.87765
3616,True,-26.32128,-28.196163,-33.53918,-28.870754,-32.00239,-38.39904,-35.115402,-36.352764,-43.08817,-42.822815,-50.01145,-48.425232,-44.301376,-46.084007,-45.031437,-47.73017,-48.168617,-52.890457,-50.827103,-51.900314,-52.36624,-49.870567,-51.601112,-50.942783,-52.684906,-54.515533,-55.723835,-54.303047,-57.699966,-60.895103,-62.231747,-62.485195
3648,True,-26.025846,-25.919874,-30.092007,-27.938864,-33.889866,-38.315395,-37.541862,-40.238037,-40.714096,-42.006195,-44.545586,-45.634556,-46.564972,-46.34569,-48.275963,-49.938507,-47.44838,-50.009468,-49.28779,-52.881645,-50.96439,-51.46749,-49.87046,-50.92832,-49.872696,-51.24642,-54.89185,-53.85427,-57.08645,-61.62409,-64.76621,-67.51306
3680,True,-26.061653,-22.306929,-27.429672,-28.683208,-31.335987,-34.972298,-39.518684,-39.2323,-42.956203,-38.79192,-42.47175,-46.413452,-45.732265,-47.843506,-47.262283,-49.706047,-48.50824,-53.58912,-51.82693,-51.479202,-49.957108,-50.4461,-50.12114,-50.82347,-51.29273,-51.151436,-53.4503,-52.95755,-56.500282,-60.321587,-64.72251,-66.80104
3712,True,-24.935127,-25.508675,-28.06649,-27.641832,-33.715508,-35.484276,-36.760212,-42.338978,-38.275303,-39.586826,-44.576168,-43.42411,-41.985146,-48.161743,-48.18376,-47.05587,-47.994568,-47.11743,-50.326538,-50.759247,-50.539833,-50.347652,-49.497612,-50.515938,-49.51497,-50.837055,-51.971874,-51.57783,-55.631676,-59.388397,-63.83673,-67.54274
3744,True,-27.721657,-21.334894,-27.83627,-28.329594,-31.306831,-37.42174,-38.173485,-41.142002,-42.92898,-42.871773,-43.91404,-43.358227,-41.188885,-48.467674,-45.96762,-47.44895,-50.91683,-51.13755,-48.31264,-50.564327,-50.613434,-50.663242,-50.180607,-48.104115,-49.42505,-52.34312,-51.770767,-50.361942,-56.188416,-59.6269,-63.616825,-65.85147
3776,True,-29.01165,-28.698614,-29.022827,-28.665134,-35.890957,-42.76548,-38.339382,-39.13191,-43.642994,-43.6811,-41.412987,-42.077736,-44.03354,-47.070446,-46.037575,-47.989124,-50.971085,-49.038414,-48.789886,-52.183815,-51.646652,-49.168835,-49.79309,-49.320354,-53.230133,-52.506977,-52.322495,-50.129963,-55.374012,-61.621124,-64.1785,-67.438995
3808,True,-25.70049,-28.379078,-29.59467,-28.347242,-38.114193,-42.350727,-38.913227,-40.520863,-40.120083,-42.226364,-45.334732,-46.182957,-41.553642,-45.0643,-48.541557,-48.831142,-48.586163,-48.801,-52.731625,-53.682846,-50.691048,-47.816463,-49.314583,-47.79473,-49.510963,-50.339287,-51.771072,-52.44476,-54.419018,-59.09778,-62.72712,-67.128555
3840,True,-28.467514,-24.223824,-31.447914,-29.080828,-34.47893,-31.776901,-34.82368,-31.236633,-31.873764,-33.626064,-37.192444,-32.937878,-36.521687,-40.238537,-34.52664,-31.291145,-26.81501,-30.990902,-40.391922,-43.59785,-42.8985,-42.411766,-44.036934,-47.655983,-44.77533,-39.833015,-36.187634,-35.274406,-28.954332,-30.487286,-33.84197,-33.937523
3872,True,-26.883448,-23.561077,-29.526312,-27.817566,-31.563454,-28.798573,-35.04058,-32.72666,-34.201714,-38.3213,-42.4413,-37.386906,-41.159344,-44.093548,-43.299183,-43.554493,-35.257042,-38.811947,-47.0339,-49.315514,-45.971268,-44.77003,-49.520412,-52.58777,-51.372906,-47.999096,-43.493607,-45.377827,-41.441414,-41.794655,-42.69505,-42.391567
3904,True,-27.235569,-23.557602,-27.655212,-26.365223,-32.928585,-33.420963,-34.869495,-38.912598,-39.78841,-38.583847,-42.163082,-41.814384,-44.560738,-46.86194,-49.946823,-48.19142,-45.999397,-47.757103,-48.034824,-50.975574,-51.353394,-51.212498,-52.654034,-53.438484,-51.683582,-53.235317,-49.81349,-52.41252,-47.795258,-47.561604,-51.266712,-52.333183
3936,True,-28.374655,-25.42265,-32.37988,-28.794796,-32.584454,-33.60103,-37.74361,-40.493477,-43.19597,-40.85444,-43.095222,-42.8593,-43.42502,-46.583496,-48.284622,-48.902542,-47.64992,-47.847847,-48.232773,-50.630054,-50.464638,-53.01287,-52.197617,-52.23171,-55.283543,-54.50772,-52.498497,-55.90634,-52.978436,-54.655758,-57.82541,-58.88542
3968,True,-26.813507,-22.28823,-27.895575,-29.4075,-33.93031,-37.09058,-38.793358,-41.502113,-41.91196,-40.946194,-44.528004,-44.604767,-41.97245,-46.359093,-49.857674,-48.26873,-49.037663,-50.444557,-50.436134,-52.364315,-50.917393,-52.13793,-51.85118,-52.485596,-56.006042,-57.094494,-54.125534,-55.78399,-55.722565,-58.126343,-60.644615,-62.725605
4000,True,-24.70747,-24.714022,-30.49143,-31.060375,-35.52868,-35.2864,-37.571873,-39.790188,-41.04296,-40.776413,-42.80445,-43.084736,-45.416687,-45.695282,-47.885403,-48.67721,-49.028107,-50.365112,-51.342007,-49.30831,-49.32225,-52.145927,-53.11356,-54.13753,-54.26877,-54.529182,-55.39823,-53.793655,-58.85151,-62.250935,-65.07558,-66.816124
4032,True,-27.608177,-25.06114,-30.268059,-27.810223,-34.99638,-38.75928,-43.951206,-43.54666,-42.156963,-42.35554,-43.432854,-44.229847,-46.168373,-49.302856,-48.809692,-49.43871,-47.735783,-51.289047,-54.16361,-52.303143,-48.65316,-51.82057,-52.439507,-54.920006,-55.748028,-54.58441,-57.035797,-56.04692,-60.10846,-63.26529,-65.86083,-68.52944
4064,True,-27.19898,-24.354523,-32.91516,-30.196552,-31.097097,-40.216633,-40.76024,-42.6344,-46.23674,-40.241734,-43.680035,-43.18285,-43.13334,-48.619843,-47.97447,-48.47504,-46.885757,-50.923523,-53.499332,-52.18374,-53.2736,-52.278347,-54.173897,-54.97439,-55.57129,-54.370155,-55.79905,-54.881584,-60.17918,-63.82891,-68.4666,-69.08891
4096,True,-28.677456,-27.57125,-28.404133,-28.896896,-35.735786,-39.345707,-36.33161,-40.20723,-41.894768,-40.603985,-46.02325,-45.142357,-46.91141,-48.558727,-50.32951,-49.868607,-50.329784,-51.88334,-51.06626,-54.49945,-52.927704,-55.60339,-53.927612,-56.265903,-56.28288,-54.137283,-55.298367,-55.95924,-62.232418,-67.13496,-67.91286,-68.54398
4128,True,-23.938148,-23.089268,-29.254261,-27.453375,-33.453014,-41.831707,-40.9289,-40.225975,-42.666096,-43.64012,-47.76326,-47.378254,-49.41183,-50.61478,-51.591263,-50.755085,-48.706238,-52.781036,-52.89176,-53.525005,-52.404842,-54.53087,-54.542587,-56.00237,-58.20845,-55.836376,-55.86161,-55.716812,-61.22905,-67.00653,-69.47599,-69.27932
4160,True,-22.5927,-21.664495,-27.180853,-26.850824,-31.501644,-38.473778,-43.045498,-43.529114,-42.30989,-40.289272,-45.31818,-47.942776,-46.096806,-48.979965,-48.564323,-51.564262,-51.207027,-52.86354,-54.296383,-53.772182,-54.231133,-54.159664,-53.640686,-56.408657,-59.3091,-57.293037,-56.813236,-56.8436,-62.38865,-66.97488,-67.45962,-68.678566
4192,True,-23.392517,-19.808323,-26.122047,-29.695341,-31.496616,-39.60777,-40.093216,-38.863605,-41.00389,-45.17151,-42.810368,-45.79866,-47.03308,-48.816532,-46.50076,-50.36186,-53.284267,-53.63587,-52.7311,-55.387924,-53.385498,-54.36748,-56.841717,-57.240532,-58.09521,-57.25498,-56.07,-57.956444,-63.45274,-65.88572,-67.62805,-69.59892
4224,True,-26.319145,-28.964785,-30.681095,-30.493233,-32.855717,-37.00368,-39.47191,-40.116035,-44.99041,-43.715897,-42.873707,-45.823025,-47.086723,-47.479027,-46.439972,-47.211056,-51.07359,-53.054127,-53.841385,-53.975582,-52.472076,-53.115124,-52.656815,-55.413994,-58.248367,-58.401012,-58.537273,-57.720417,-63.408184,-65.87911,-66.34832,-69.2118
4256,True,-26.378563,-24.130384,-29.103682,-27.516563,-33.983246,-35.850502,-36.29131,-38.889233,-42.738476,-42.483654,-46.225853,-48.708206,-46.93975,-47.891426,-49.231422,-49.975925,-51.1377,-54.22283,-52.626556,-54.54557,-54.75238,-54.81239,-56.14554,-57.21872,-58.749115,-59.484123,-59.19723,-57.103455,-63.631268,-66.81851,-68.998245,-70.801414
4288,True,-24.504852,-22.625034,-31.305082,-28.650215,-35.887302,-36.846504,-38.199383,-40.15684,-43.979774,-43.592663,-46.750618,-44.85088,-46.350166,-47.67155,-48.751675,-48.390926,-49.61254,-52.28591,-55.142715,-56.863487,-54.608974,-54.276985,-55.200382,-60.335938,-59.582703,-57.599525,-59.08665,-58.496765,-64.01959,-67.72144,-69.091545,-70.9323
4320,True,-25.679611,-26.12005,-30.943356,-30.36664,-32.7406,-38.56247,-37.87487,-42.533363,-43.086693,-44.917877,-42.391937,-47.915974,-47.00771,-47.69749,-46.114685,-47.7465,-49.734665,-53.28852,-53.150333,-54.197174,-55.06273,-53.837074,-55.47447,-58.181454,-58.955757,-59.051018,-59.614204,-58.785583,-63.293076,-65.860954,-66.9404,-70.09421
4352,True,-26.118408,-21.457802,-30.520096,-27.906954,-33.088787,-36.51127,-40.96266,-42.498886,-44.65117,-47.815887,-48.000294,-47.515064,-46.44114,-47.61854,-45.788704,-49.653038,-49.685783,-52.2072,-53.999886,-55.02808,-53.428844,-53.85505,-57.681507,-57.623234,-57.60919,-62.024155,-61.40392,-58.55101,-61.234737,-64.73084,-66.20338,-69.63106
4384,True,-24.366306,-20.687674,-28.964579,-30.046612,-32.96684,-36.463703,-37.84019,-40.765076,-41.102333,-43.342026,-47.20425,-45.260044,-45.697205,-48.823524,-46.39826,-47.968117,-49.288452,-53.91956,-55.534496,-54.29848,-54.498745,-53.81514,-56.529865,-58.426357,-59.568844,-59.198975,-59.08683,-56.41232,-54.45196,-56.712933,-59.537766,-56.76702
4416,True,-27.69788,-25.788761,-30.247805,-29.990265,-32.12212,-32.483746,-36.398083,-40.935318,-41.819054,-44.78281,-46.380127,-45.04217,-45.81929,-48.577938,-48.090187,-51.01924,-50.34657,-53.091484,-53.95432,-55.9514,-57.01798,-54.79702,-56.37066,-58.370216,-59.82406,-60.360867,-59.327927,-56.944927,-55.877945,-59.792614,-60.85058,-61.073715
4448,True,-24.608295,-25.143787,-29.975075,-29.094296,-31.29155,-34.97561,-36.70497,-40.738564,-41.265812,-41.19078,-47.540726,-44.77423,-49.663143,-47.2182,-46.416855,-49.482445,-51.122414,-55.23205,-54.713295,-54.673977,-57.16104,-55.42171,-55.96459,-58.041454,-59.825436,-60.54883,-63.299515,-60.36272,-61.841167,-65.11735,-67.3042,-68.44178
4480,True,-24.851254,-25.188313,-30.96424,-28.341637,-33.776543,-39.444405,-37.256683,-39.342464,-40.013653,-41.628185,-44.06234,-41.72654,-44.005768,-47.026764,-48.128735,-48.58994,-50.03527,-53.07051,-53.60623,-56.58233,-57.56423,-55.63643,-56.41659,-58.720013,-56.79151,-59.521976,-60.440197,-60.066776,-60.349327,-61.66259,-65.47349,-67.18024
4512,True,-23.910156,-27.61419,-31.865582,-29.736614,-32.890648,-39.004074,-41.665176,-41.07828,-46.186253,-45.377106,-44.01432,-46.470078,-47.361847,-52.089237,-51.129463,-47.023003,-49.87393,-52.802788,-51.83123,-56.654198,-55.148678,-56.413155,-55.070843,-57.128593,-55.645138,-54.514343,-57.146133,-58.743263,-58.73597,-61.265747,-61.447144,-65.09706
4544,True,-25.537579,-20.73668,-27.0783,-30.815277,-34.597607,-41.26327,-41.316643,-41.806335,-39.93382,-41.93425,-45.75744,-44.464012,-47.093193,-49.598083,-44.64519,-47.217842,-54.46457,-52.58823,-53.051804,-52.32856,-53.90808,-54.175777,-54.865334,-58.54765,-57.97589,-55.73844,-59.10744,-59.086334,-58.928864,-60.35221,-61.755047,-61.338776
4576,True,-29.787924,-23.523333,-28.537827,-25.981474,-33.206097,-39.056217,-39.443478,-43.39478,-43.843567,-42.81047,-43.70367,-42.280983,-45.271336,-47.29773,-45.910194,-47.29969,-51.362038,-50.839874,-56.01805,-56.803516,-53.853985,-55.206818,-53.75755,-57.58383,-56.807526,-57.33311,-58.258648,-56.841583,-58.30362,-60.903645,-64.13888,-65.00562
4608,True,-23.291878,-22.119091,-32.30488,-32.189426,-32.319824,-35.89482,-37.049362,-40.31061,-43.14646,-40.10073,-44.583366,-44.33254,-45.1064,-48.705513,-47.085537,-47.63281,-49.25346,-53.25972,-55.524998,-52.739258,-54.13739,-55.88687,-56.499084,-56.7292,-56.45314,-57.465424,-58.079346,-59.191242,-63.422832,-52.890896,-60.644867,-68.03183
4640,True,-26.764313,-25.072515,-30.99474,-26.66502,-32.15622,-36.540718,-36.390995,-39.326347,-42.018654,-40.03267,-42.94555,-43.389973,-46.179043,-49.341125,-47.059715,-46.45565,-49.074516,-50.2286,-52.917114,-55.420303,-55.032467,-54.4309,-53.66031,-56.53828,-57.48751,-58.04482,-58.53094,-58.720894,-58.849377,-47.946007,-55.331444,-66.734116
4672,True,-27.763968,-23.70538,-28.309202,-26.913195,-29.936407,-33.195526,-37.65753,-41.62163,-43.66189,-46.787094,-45.59162,-45.227463,-47.170517,-47.857574,-50.808144,-49.95999,-50.880432,-52.41117,-51.712994,-50.195732,-54.96906,-52.461952,-57.1825,-55.996365,-55.479332,-57.017212,-59.181805,-59.66581,-61.677727,-47.777706,-54.85552,-67.50951
4704,True,-23.79993,-26.033346,-33.26851,-27.926895,-31.667128,-33.561733,-36.980835,-43.327255,-44.670494,-41.81954,-41.9577,-45.227055,-45.39296,-45.833694,-48.84701,-51.84417,-51.32531,-54.3068,-52.681545,-52.619404,-53.48276,-54.031776,-55.53395,-57.22129,-57.616734,-59.50197,-60.277092,-59.633755,-61.917114,-44.252316,-51.57086,-68.18253
4736,True,-23.831284,-22.003363,-30.896818,-28.438358,-34.105286,-35.353424,-40.826706,-42.37702,-47.469513,-41.97471,-47.25071,-46.53443,-46.79998,-48.07061,-47.59391,-49.37706,-48.397514,-53.873753,-56.031105,-52.368828,-52.615643,-53.628677,-57.29109,-57.318848,-56.933914,-56.946926,-58.210617,-59.206085,-61.48405,-43.61528,-51.10859,-66.98007
4768,True,-27.064404,-22.179338,-29.183111,-27.87216,-31.533627,-36.28131,-35.686592,-37.791634,-43.30876,-38.79633,-48.143192,-48.775654,-49.142437,-47.57755,-45.99144,-47.738045,-51.287537,-53.04405,-54.9858,-58.86637,-54.669956,-57.14798,-58.49487,-56.915833,-57.438427,-60.765503,-59.490623,-59.31858,-60.733513,-48.241673,-54.522224,-69.090454
4800,True,-26.209166,-28.249477,-29.430096,-26.304605,-31.04755,-38.66713,-41.78862,-41.295105,-43.186905,-42.611805,-47.176704,-50.350193,-48.79024,-50.92648,-47.14071,-46.96575,-50.625862,-53.673607,-53.577858,-56.230297,-56.070744,-53.071823,-56.255375,-56.551544,-59.38559,-60.1079,-60.95945,-60.271736,-61.739048,-52.400173,-58.866257,-68.66218
4832,True,-28.094044,-24.825527,-27.44977,-28.227806,-30.726576,-36.650032,-40.380672,-40.07009,-42.99469,-44.046627,-42.998028,-46.012875,-43.50804,-49.180428,-50.203625,-51.148117,-49.456917,-52.666954,-53.472637,-52.747116,-56.12316,-56.847878,-54.926296,-56.451412,-58.442955,-59.130608,-60.801662,-60.09579,-61.849373,-58.268833,-62.703743,-69.82115
4864,True,-23.53495,-25.423298,-29.564785,-28.037985,-31.042946,-40.108627,-37.80249,-38.518505,-43.669415,-40.93321,-44.159626,-44.715874,-47.169777,-50.405846,-47.387733,-51.685387,-50.590935,-53.39228,-53.749092,-54.08107,-56.548897,-57.18833,-58.164352,-56.070248,-58.277664,-61.322025,-62.8244,-63.833805,-65.52695,-61.888294,-65.60668,-69.3532
4896,True,-25.819273,-26.684994,-30.276085,-29.686352,-34.27893,-38.724262,-38.264297,-39.345505,-43.096306,-42.749527,-46.100174,-47.18071,-47.507767,-49.87876,-50.983948,-52.29419,-49.74844,-53.474,-53.137302,-58.793373,-58.20475,-56.71863,-57.34034,-59.922222,-57.72291,-60.209522,-63.460625,-60.558353,-61.944202,-60.51948,-65.25136,-67.85943
4928,True,-25.113733,-22.490974,-29.280823,-29.427135,-32.157997,-34.720448,-36.07915,-30.683939,-32.262966,-36.65627,-40.414825,-37.513584,-36.623257,-38.124237,-35.148796,-32.26078,-27.812271,-32.237476,-43.45743,-44.682426,-45.06506,-44.74742,-45.199123,-44.01566,-46.56107,-40.923656,-41.002785,-35.8961,-29.498669,-29.938955,-32.697178,-33.80882
4960,True,-23.940662,-25.492004,-30.528622,-32.355812,-33.426052,-29.444723,-36.304157,-33.602924,-34.971172,-39.349274,-40.624928,-36.891647,-41.351448,-44.33424,-44.57594,-42.741898,-35.298294,-38.96886,-47.1899,-48.723473,-45.513515,-48.00267,-49.11444,-51.898327,-51.72939,-46.73255,-45.29648,-43.828575,-38.843266,-40.274044,-41.619892,-41.551167
4992,True,-22.431915,-28.149628,-31.549711,-29.151018,-33.701073,-35.10848,-37.411995,-40.48963,-39.89012,-38.778557,-42.973053,-45.65041,-44.068623,-45.04384,-45.11221,-46.500774,-49.771084,-51.815704,-53.144974,-54.877563,-54.425926,-53.949028,-58.731377,-57.342228,-57.090736,-56.53307,-55.203926,-53.324352,-47.64929,-48.560833,-51.251278,-51.459435
5024,True,-22.087955,-23.463345,-32.6659,-30.211477,-35.20575,-34.777214,-35.94857,-38.53071,-41.688457,-41.038994,-44.16592,-42.804417,-48.956455,-47.99648,-48.315407,-48.679,-48.00901,-50.839558,-52.58873,-54.49965,-55.00673,-54.04843,-56.812786,-57.619076,-59.975773,-59.914986,-57.22886,-58.150024,-52.236973,-54.854626,-57.004868,-59.562263
5056,True,-21.206257,-23.697311,-26.74228,-28.94106,-34.98611,-38.944176,-36.85479,-39.730278,-44.384293,-40.134697,-43.118454,-45.891285,-47.377533,-48.94539,-46.998936,-45.67103,-47.31999,-50.17363,-52.968033,-54.0241,-56.291595,-57.23743,-56.410732,-57.437103,-59.56582,-60.444206,-61.570515,-62.222855,-57.665993,-59.153996,-62.204376,-63.66285
5088,True,-22.293365,-24.478592,-29.48473,-28.777132,-35.406887,-39.47564,-37.373425,-38.55016,-44.96885,-43.426712,-44.375984,-46.92316,-48.783363,-48.900208,-48.59803,-50.818832,-53.93833,-53.35566,-53.510403,-55.929955,-55.948185,-56.495827,-58.1023,-58.85565,-59.842777,-62.203617,-63.31564,-64.69911,-61.459023,-64.00167,-67.03099,-67.91633
5120,True,-23.625603,-20.27871,-26.673374,-26.774986,-31.673529,-35.35174,-39.279118,-42.79024,-42.306973,-44.35299,-45.899918,-45.34329,-49.253967,-51.506706,-48.63699,-52.227264,-48.87229,-53.704117,-56.52178,-61.09014,-58.31455,-58.490166,-56.746906,-58.08565,-60.10446,-63.33779,-63.982323,-65.5356,-63.96525,-64.433945,-66.837944,-69.35728
5152,True,-24.434052,-25.890303,-32.926487,-29.964197,-33.881012,-34.867622,-38.50747,-42.1324,-45.23775,-44.608555,-45.215164,-44.607243,-45.295647,-53.35196,-52.28076,-52.71748,-51.551926,-54.04642,-55.959286,-56.78205,-58.91973,-59.81989,-58.09381,-59.330845,-60.36696,-63.03331,-64.20645,-66.013535,-66.84008,-68.0512,-69.00175,-69.90221
5184,True,-25.236744,-23.464817,-28.777935,-29.64006,-34.021652,-39.359726,-39.868984,-41.82623,-43.074947,-43.19353,-43.815453,-43.818287,-45.11431,-50.363537,-47.25901,-48.137337,-49.7216,-54.224773,-55.791836,-59.03595,-58.96647,-59.39503,-59.08646,-58.67927,-59.555363,-62.019176,-64.42697,-66.93642,-67.508865,-66.64017,-68.890205,-69.78464
5216,True,-24.582104,-23.954775,-31.523746,-28.749744,-32.791138,-35.939606,-37.63326,-41.096874,-41.365284,-41.75406,-44.9047,-46.952587,-44.97084,-48.397667,-50.59793,-51.435852,-53.101315,-55.49717,-56.555206,-57.26461,-56.494102,-56.974884,-58.11228,-56.927013,-57.475296,-59.71334,-63.13485,-62.76172,-64.52254,-63.749844,-64.93428,-65.6879
5248,True,-22.524387,-24.440355,-28.383018,-32.050625,-33.115402,-38.912888,-35.54738,-37.954575,-43.14586,-39.148533,-41.05922,-48.383945,-48.816566,-50.190742,-50.420494,-50.701286,-53.21797,-54.7063,-55.397724,-56.599075,-57.709984,-58.93638,-56.330017,-56.778305,-60.89315,-62.02801,-63.85691,-66.58743,-65.02261,-64.708015,-67.26263,-69.18712
5280,True,-24.499367,-19.933079,-28.723743,-30.504543,-34.225204,-41.05747,-41.80859,-40.925602,-42.492794,-41.593014,-41.28288,-44.754463,-47.232224,-51.475845,-48.864635,-49.81079,-48.71865,-52.46254,-54.471973,-54.974575,-56.921547,-59.857334,-59.941708,-59.6836,-61.241356,-63.103226,-65.50855,-66.56756,-66.52732,-66.928665,-68.48946,-70.834595
5312,True,-26.129587,-22.557335,-26.963428,-25.501698,-33.53695,-38.195896,-39.583023,-40.634148,-43.704914,-45.021347,-49.94983,-45.937057,-47.268806,-44.48649,-45.473904,-49.56804,-48.798004,-51.86771,-54.328453,-53.176098,-54.6942,-54.01026,-56.365055,-57.381916,-60.433197,-61.73967,-62.06803,-61.22753,-61.697292,-61.46531,-60.535046,-68.36212
5344,True,-27.002916,-24.006224,-30.18381,-30.101028,-33.87056,-38.545662,-39.525284,-42.58616,-43.24562,-42.593555,-44.23689,-42.69794,-44.818577,-51.03202,-48.496597,-46.249573,-50.576363,-52.83894,-53.589252,-55.21766,-56.255783,-57.234924,-56.619038,-56.90831,-59.68451,-60.936867,-62.94001,-64.29161,-63.118366,-65.085464,-64.91508,-67.813995
5376,True,-25.525846,-22.551737,-26.814312,-31.877937,-33.050728,-37.47415,-36.993557,-38.428513,-40.542103,-43.510555,-44.43067,-44.842342,-44.724556,-49.547768,-48.76787,-47.999054,-52.63952,-53.995285,-53.164635,-56.41479,-59.64329,-57.96555,-56.856922,-57.145725,-60.80324,-62.31503,-64.40512,-62.94377,-61.32748,-64.1942,-64.70147,-64.87036
5408,True,-29.95169,-23.005684,-29.090858,-24.932102,-32.040886,-33.459934,-35.393177,-39.616966,-42.285255,-41.218872,-44.048553,-45.68065,-47.123985,-49.385036,-49.59977,-50.76139,-52.86666,-56.291107,-54.474735,-59.20945,-57.27066,-56.325108,-57.474586,-58.94886,-61.210266,-64.683975,-64.15763,-64.509995,-65.515594,-65.545395,-68.72844,-69.606415
5440,True,-28.714087,-28.509016,-30.818031,-30.254936,-32.377914,-34.461838,-37.35687,-42.00481,-38.100906,-38.664658,-46.98774,-46.826763,-47.164925,-46.021538,-47.049057,-50.265793,-51.52947,-56.287254,-53.93043,-55.35719,-56.035248,-57.97345,-57.858955,-58.695488,-59.98828,-62.853905,-65.45204,-65.95259,-66.09491,-67.194534,-68.96463,-68.80843
5472,True,-25.622023,-24.349854,-29.49395,-29.167192,-33.557095,-35.23507,-40.013596,-41.835114,-46.971596,-46.24858,-44.802914,-43.645294,-46.865402,-47.613026,-48.960823,-49.72811,-48.698143,-55.484253,-55.321407,-57.59169,-61.269016,-58.455868,-58.753517,-58.960228,-60.699646,-61.235497,-59.255657,-56.921715,-55.182404,-56.35841,-56.569675,-56.65603
5504,True,-29.23613,-23.573751,-27.887802,-27.081142,-33.018715,-36.541977,-39.555763,-41.91356,-42.83804,-41.8692,-49.11903,-45.335915,-44.94773,-44.534855,-45.857086,-46.547966,-51.561714,-54.001587,-56.041687,-56.822174,-59.524265,-58.898125,-58.112495,-60.31214,-61.16802,-62.24717,-60.315247,-57.731213,-56.911816,-59.13529,-58.38465,-61.56988
5536,True,-29.334064,-25.645954,-27.893305,-28.74363,-36.614887,-35.891685,-36.280396,-37.70799,-42.64042,-40.89004,-49.755882,-42.511448,-45.22252,-47.433716,-48.15419,-48.776363,-52.24771,-54.439297,-57.0913,-57.761856,-60.038956,-61.034813,-60.824844,-59.337273,-61.64232,-62.51562,-64.09154,-66.728386,-66.22834,-65.19572,-67.202156,-68.548294
5568,True,-26.492891,-24.414505,-29.115719,-31.420424,-35.578415,-40.29867,-37.712383,-41.0819,-44.32207,-42.163338,-44.6295,-49.32736,-49.237957,-51.018032,-49.364746,-52.350613,-51.782776,-54.2766,-56.85855,-59.227657,-57.77047,-57.96766,-60.172802,-61.287502,-60.211426,-63.056633,-66.07499,-66.31346,-68.9557,-69.97568,-71.37545,-69.44375
5600,True,-27.606503,-23.364326,-31.320417,-28.761911,-34.740818,-40.760418,-38.398212,-39.796593,-43.706726,-45.45994,-47.132545,-43.442726,-45.127388,-48.022198,-48.078495,-51.66269,-51.25422,-52.02125,-57.4478,-60.70176,-59.006477,-60.002373,-61.24414,-62.47521,-61.950626,-64.819595,-66.04017,-67.80006,-69.020744,-70.1451,-70.16465,-71.024826
5632,True,-23.941725,-25.937183,-32.53673,-30.333054,-33.54551,-39.126713,-41.12417,-42.9166,-45.355988,-42.406048,-46.24906,-43.645096,-43.24558,-49.927517,-47.74941,-54.134705,-52.835175,-53.16519,-54.512077,-57.010864,-59.784233,-60.53093,-61.154564,-60.70793,-62.840656,-63.67948,-65.491,-67.25168,-68.84607,-68.08823,-70.72158,-70.59564
5664,True,-25.692116,-24.04665,-31.101475,-31.06916,-34.934708,-38.817535,-35.505173,-38.695763,-42.50242,-43.7622,-46.969948,-45.533386,-45.57525,-48.390316,-48.171726,-51.855183,-51.065514,-56.44611,-56.077377,-56.18851,-57.949837,-59.82069,-61.53283,-60.899662,-61.277054,-64.84605,-65.984024,-69.09564,-68.52649,-67.264885,-70.08601,-69.86489
5696,True,-24.716742,-21.872261,-27.968672,-28.918608,-35.80728,-38.005795,-38.215736,-38.80676,-40.861187,-42.665703,-45.767365,-46.377506,-46.642895,-48.11497,-48.23207,-51.78814,-51.08918,-53.796265,-53.780563,-57.319557,-59.272686,-58.277954,-61.599392,-62.929184,-63.307346,-64.77918,-65.70331,-65.799805,-67.532745,-66.59532,-68.70521,-72.25473
5728,True,-24.670372,-24.850138,-27.10017,-29.815023,-33.1205,-33.498817,-36.481598,-37.62855,-43.779434,-43.67191,-46.337845,-43.420258,-42.82218,-48.93274,-49.067574,-52.433105,-52.28129,-55.030056,-51.350704,-55.44948,-59.973557,-61.33348,-61.448425,-60.618977,-62.715927,-64.19209,-65.96231,-68.004234,-69.06358,-66.17044,-68.28855,-72.10292
5760,True,-23.40481,-24.856176,-26.822603,-30.16167,-33.31615,-34.273445,-39.593845,-41.796307,-47.33272,-43.472294,-44.72281,-42.901207,-45.413506,-48.164375,-49.148384,-50.535553,-51.57929,-55.449184,-55.061398,-54.61144,-60.588745,-59.779808,-58.567963,-60.220818,-62.33513,-65.79222,-63.853645,-65.408745,-67.85655,-68.84766,-69.638916,-70.200874
5792,True,-26.016844,-24.473822,-29.884007,-29.673386,-34.317318,-37.564785,-40.372063,-42.215656,-43.377872,-41.87938,-45.970207,-48.58487,-47.15901,-48.326702,-51.938538,-50.434486,-52.85315,-52.677288,-54.421875,-54.186214,-57.70128,-58.843285,-60.21236,-62.27767,-63.24073,-65.545105,-64.93974,-65.6347,-68.22921,-67.278076,-68.6463,-69.422874
5824,True,-29.21571,-24.861397,-33.905407,-27.709322,-32.038532,-37.01176,-41.15414,-41.302376,-40.503162,-43.141636,-44.4944,-49.349358,-46.192146,-47.904655,-46.820087,-49.70437,-51.24661,-52.8212,-53.58034,-54.822754,-59.18112,-58.7677,-59.907684,-60.920338,-62.745495,-63.93047,-64.33998,-66.038704,-69.17644,-68.00708,-69.64496,-70.84265
5856,True,-25.869513,-27.064098,-30.572601,-28.17589,-33.5618,-37.16205,-38.143837,-39.967857,-39.97503,-39.57883,-41.99848,-44.58649,-43.546276,-45.477394,-44.307323,-50.81752,-52.39636,-54.717175,-56.17582,-57.830082,-59.985065,-58.917046,-58.01901,-60.01973,-61.487793,-63.382877,-66.90271,-67.85826,-66.415245,-67.08777,-67.36869,-69.23074
5888,True,-24.621582,-25.617542,-33.034126,-29.194681,-29.442974,-38.02205,-37.62189,-39.792534,-41.118618,-44.010292,-46.93899,-45.892853,-46.614998,-47.49881,-48.412804,-48.548996,-52.909027,-54.079433,-55.560272,-57.96494,-58.931698,-59.942955,-60.229813,-60.827255,-64.41388,-64.71253,-65.1631,-66.51097,-66.67012,-67.072586,-67.94119,-70.228294
5920,True,-25.598087,-23.381516,-28.909157,-26.319645,-32.65329,-36.2295,-38.113422,-38.83057,-39.420803,-40.715775,-43.329693,-47.649063,-48.47917,-47.868885,-49.414993,-51.482414,-50.553318,-54.71964,-58.223186,-55.199757,-56.512604,-56.70551,-59.674816,-61.73558,-62.841133,-63.769432,-64.220505,-67.01016,-66.98358,-69.40093,-69.149734,-70.62403
5952,True,-25.635614,-27.71266,-29.281097,-28.450058,-32.2547,-37.11818,-40.861984,-40.388924,-42.43554,-42.26037,-50.162994,-48.949932,-46.80349,-49.80033,-51.05587,-50.550194,-51.100594,-55.03517,-54.07118,-55.850315,-57.2636,-57.774582,-57.763397,-60.13519,-61.45512,-63.12015,-64.528114,-65.54016,-66.97318,-66.62526,-69.28961,-69.9717
5984,True,-23.322182,-21.941395,-26.612986,-28.16801,-31.402807,-38.64286,-39.772926,-42.182545,-44.062885,-37.85635,-45.353664,-46.082058,-45.112083,-50.24511,-48.77437,-50.360474,-51.832306,-53.844376,-55.35223,-55.778114,-58.98134,-57.788956,-60.149284,-61.37258,-60.62038,-61.830593,-65.82619,-67.793144,-69.315994,-70.10236,-69.34935,-71.68773
6016,True,-27.582531,-21.374935,-28.793222,-28.643408,-33.232914,-35.416553,-35.05948,-35.927395,-40.200302,-42.50669,-44.405437,-43.268055,-42.689507,-43.970562,-40.49017,-38.56656,-35.67932,-40.24223,-48.760048,-50.314335,-52.742004,-51.551243,-52.092266,-52.069363,-51.878704,-48.793774,-49.961586,-43.367935,-37.680317,-40.8188,-42.688927,-43.142166
6048,True,-27.39316,-26.238586,-30.784464,-30.440632,-29.633785,-24.962263,-29.990288,-30.137396,-32.13299,-34.6941,-35.76412,-36.034935,-37.226913,-39.99948,-37.83629,-35.449646,-29.05037,-33.13843,-42.63462,-43.50274,-41.041126,-43.60848,-45.362072,-44.88597,-45.647263,-40.391724,-40.507103,-36.15347,-31.826937,-34.5161,-35.848236,-35.701725
6080,True,-26.406343,-23.296463,-30.289995,-29.308014,-35.812454,-34.10987,-39.22772,-39.60752,-40.23666,-42.09156,-41.925865,-41.199768,-44.710762,-49.329147,-49.152855,-44.594418,-44.143948,-48.259247,-47.861755,-51.131157,-52.418858,-52.235397,-56.040115,-54.26975,-56.085545,-54.267803,-53.634834,-50.320583,-46.62506,-46.942272,-49.347412,-49.511795
6112,True,-29.229149,-26.247244,-32.343372,-30.050797,-33.681927,-34.50987,-36.820637,-38.18089,-42.55548,-45.64728,-43.79021,-47.467236,-44.418297,-44.04483,-42.26655,-45.361946,-49.17461,-49.61702,-51.02841,-52.17256,-54.44267,-54.566307,-57.41234,-58.216553,-58.467598,-58.32808,-58.562157,-58.004185,-51.379147,-53.09723,-56.636566,-57.011383
6144,True,-27.85861,-26.699165,-29.852686,-28.45465,-33.083096,-35.382282,-38.485462,-41.510323,-40.163147,-39.304558,-47.63717,-48.800106,-48.914673,-48.88876,-48.175503,-50.0267,-49.68328,-52.136974,-51.36891,-53.18396,-54.40026,-57.54548,-58.18341,-58.61086,-61.158684,-60.883904,-60.571743,-60.271446,-57.73002,-57.51726,-59.522633,-61.834736
6176,True,-27.561777,-25.212719,-30.331182,-30.889668,-34.36641,-35.596016,-35.643723,-38.66504,-43.79949,-39.917454,-41.94262,-42.906956,-42.482437,-46.801167,-48.708416,-51.70421,-51.14017,-57.214375,-54.176105,-54.737545,-55.803684,-58.057014,-57.96509,-58.002647,-58.51793,-61.199986,-61.8967,-61.1668,-60.777134,-61.22067,-63.46401,-65.997665
6208,True,-26.318806,-21.777266,-29.046906,-30.733747,-32.76503,-34.338585,-35.811543,-40.11477,-45.067425,-40.893448,-44.390873,-43.998466,-46.213577,-45.651947,-44.82967,-48.6986,-49.99275,-53.068726,-53.724747,-56.21479,-59.17871,-59.362434,-59.390694,-60.949562,-60.767006,-63.340412,-66.06224,-65.18164,-63.423584,-63.76575,-65.431015,-67.81509
6240,True,-25.390799,-25.586018,-30.758638,-26.848637,-31.866428,-36.995422,-37.4007,-39.73548,-43.92407,-41.150818,-43.865707,-43.98592,-41.48964,-48.577827,-49.086372,-47.88862,-49.511013,-54.17677,-53.695065,-54.64973,-58.818874,-58.666656,-60.26787,-61.009407,-61.153465,-63.217903,-63.511765,-65.633766,-65.64456,-66.49384,-68.581345,-70.08124
6272,True,-28.652588,-26.48701,-31.397392,-30.431097,-31.081997,-37.609333,-36.504513,-39.100315,-43.391056,-41.749424,-44.900314,-45.33626,-47.469097,-50.343384,-47.272034,-48.491478,-53.77455,-57.20524,-58.148808,-56.770157,-58.298462,-59.10492,-58.480507,-60.813545,-62.743782,-62.60968,-62.493065,-63.377663,-65.57844,-66.23918,-70.17203,-72.12315
6304,True,-27.159344,-23.376368,-31.51506,-30.41848,-35.71465,-40.0905,-37.752605,-39.90807,-42.140358,-40.84073,-46.99855,-46.656918,-49.045815,-50.502625,-49.977833,-50.567093,-53.46987,-54.545883,-56.767624,-55.137386,-59.099915,-59.123016,-59.67032,-61.008396,-60.10004,-64.39973,-67.23922,-66.85266,-66.85855,-68.317,-70.19694,-71.46854
6336,True,-28.59276,-25.783783,-31.049156,-29.200861,-30.416767,-39.10095,-41.144787,-40.467697,-41.450684,-41.013035,-46.736214,-45.207184,-45.77767,-47.317383,-49.667015,-49.01195,-52.359306,-54.19787,-54.784584,-55.94287,-59.50178,-59.99917,-60.98694,-61.28707,-62.41809,-63.87222,-66.077545,-65.698715,-66.22681,-66.39161,-68.90318,-69.84314
6368,True,-25.623045,-20.42734,-30.805859,-28.40122,-32.176975,-38.289253,-39.274464,-40.75596,-43.447983,-43.404465,-44.858177,-44.80587,-47.27302,-47.611748,-48.8685,-51.17617,-52.85507,-53.45841,-54.4002,-56.32889,-59.72962,-59.617096,-59.33654,-60.393158,-63.014,-63.867348,-64.346466,-64.51532,-65.04426,-65.2828,-67.18152,-70.32019
6400,True,-25.44732,-21.469452,-29.779585,-30.610743,-32.845787,-36.662376,-38.708263,-41.482094,-45.92327,-42.140877,-47.02536,-44.05457,-46.03415,-46.317257,-45.64505,-47.87213,-52.15752,-54.230286,-56.054123,-54.55516,-56.800926,-55.71956,-59.00113,-63.004684,-61.810974,-62.02608,-61.390804,-63.311,-63.86726,-63.088642,-65.90637,-70.84162
6432,True,-27.679518,-23.341696,-27.990658,-27.026415,-32.089737,-36.425995,-40.444927,-44.287315,-43.671474,-45.518818,-46.051746,-44.62661,-47.52574,-51.86725,-45.65724,-52.102238,-53.36293,-53.68474,-55.91803,-54.885635,-59.11869,-58.666477,-59.914932,-62.22485,-63.13355,-65.19784,-65.67172,-64.626976,-65.4031,-65.36656,-66.29551,-68.60179
6464,True,-28.944227,-25.834373,-30.137096,-27.270721,-31.348602,-33.306293,-35.936035,-40.981937,-48.405323,-45.188354,-46.88839,-47.752453,-44.84237,-48.51837,-49.31209,-50.371967,-51.523815,-53.28573,-56.686295,-56.74607,-59.66308,-60.45532,-59.226986,-62.78629,-61.759422,-64.81283,-69.11217,-68.17688,-67.41074,-66.49942,-69.87911,-71.590744
6496,True,-27.466612,-24.089096,-30.324793,-29.08361,-32.909378,-32.98663,-36.026405,-37.92749,-44.323074,-41.799755,-43.43546,-45.44494,-45.205288,-49.45381,-50.03166,-46.875717,-54.362022,-56.334908,-55.991547,-56.89702,-59.25516,-58.73855,-57.935722,-61.31221,-62.3103,-61.83632,-62.248413,-64.78906,-64.686935,-64.13651,-67.61653,-66.76697
6528,True,-25.981678,-26.74142,-29.805471,-29.502422,-34.36645,-34.8924,-39.198578,-43.819164,-42.157562,-39.4922,-41.41014,-42.525654,-45.991264,-47.470604,-47.09641,-49.59293,-51.086197,-54.10263,-55.80154,-55.76105,-59.137096,-58.233063,-60.31687,-60.55588,-59.61899,-60.649334,-61.172947,-64.72421,-63.301186,-63.813995,-64.56396,-66.910355
6560,True,-25.816128,-22.236599,-29.711649,-28.62299,-33.54131,-38.90374,-40.391502,-40.885086,-41.479816,-42.09776,-46.34027,-48.52472,-49.357574,-49.080254,-47.058582,-46.83594,-47.37415,-53.97861,-55.239265,-55.31241,-59.662865,-57.65824,-58.35465,-59.828842,-60.20134,-59.0641,-60.029964,-56.078377,-54.62348,-56.231163,-56.76639,-57.15313
6592,True,-25.39976,-20.363787,-27.542913,-27.056807,-32.270428,-37.876602,-38.378098,-39.84181,-40.605644,-46.39161,-45.315582,-45.69551,-44.744232,-48.491066,-49.539314,-47.813984,-49.821476,-56.032883,-55.148415,-56.283264,-56.575195,-57.80932,-57.492252,-60.654243,-61.11103,-62.166782,-59.986336,-58.51423,-57.50741,-60.52288,-59.636513,-63.036823
6624,True,-27.230495,-24.576881,-29.500565,-29.49112,-34.85512,-36.732174,-37.66315,-38.548054,-45.40438,-45.750633,-49.61334,-46.572758,-45.509262,-46.06216,-47.823624,-50.27861,-54.539528,-55.786453,-53.10801,-56.24977,-57.49946,-57.86081,-59.564697,-61.813393,-61.16774,-63.698822,-64.06453,-64.86198,-64.62807,-66.93505,-68.071266,-69.40896
6656,True,-27.155325,-27.873219,-27.152714,-27.472551,-33.455574,-42.0649,-37.502525,-37.75359,-39.702347,-41.37241,-46.94446,-46.277107,-45.19922,-49.48603,-48.574986,-52.854073,-50.77694,-53.80466,-52.53205,-54.435364,-56.377644,-56.398106,-60.44024,-60.534508,-62.508892,-61.425568,-62.23671,-64.33453,-63.81035,-66.35924,-68.15294,-69.24159
6688,True,-24.430029,-24.624916,-29.803808,-31.893726,-34.057957,-37.55243,-36.913002,-38.99237,-44.4814,-42.524494,-47.371807,-44.862827,-47.040558,-48.34122,-48.35208,-49.32241,-49.18924,-51.72127,-54.221035,-54.05546,-60.508198,-54.452473,-56.69102,-60.07173,-61.461086,-61.432312,-62.71259,-65.52791,-65.98808,-66.387436,-67.636444,-69.70986
6720,True,-23.844164,-24.162893,-28.601105,-29.49198,-33.01841,-35.55789,-40.427547,-39.33512,-45.610165,-43.3916,-45.53604,-46.758324,-45.399765,-48.355453,-47.077137,-48.883224,-48.884617,-52.030678,-54.498802,-56.021255,-58.016327,-58.438835,-57.646408,-59.03166,-60.08838,-62.823658,-63.90427,-65.28916,-65.291145,-66.831406,-68.546165,-69.545715
6752,True,-22.57349,-23.568401,-29.35928,-28.087614,-32.579865,-38.69853,-37.88701,-39.866592,-44.80385,-42.57416,-46.765156,-45.03027,-44.769745,-46.950493,-47.691277,-48.761326,-51.64981,-54.100967,-53.83974,-55.496067,-57.433987,-59.072395,-59.180954,-60.25972,-60.937355,-62.86249,-65.235855,-66.246124,-66.47826,-68.55776,-70.77321,-70.76339
6784,True,-24.8698,-24.055347,-28.814604,-29.258135,-31.841179,-38.047295,-37.450775,-38.778374,-41.533997,-41.08185,-43.397278,-45.277443,-46.875366,-49.00189,-49.332638,-49.03888,-49.781723,-52.814888,-53.14428,-54.680138,-57.497665,-58.116108,-58.493523,-61.26268,-62.47394,-63.35942,-67.11488,-66.78561,-67.66895,-68.76215,-69.46707,-72.28309
6816,True,-22.847515,-23.44254,-30.516205,-29.293306,-33.612415,-38.603207,-37.415604,-40.042213,-45.604523,-42.47742,-46.41373,-46.205048,-44.64117,-43.472176,-51.069637,-51.523224,-52.5403,-57.217525,-57.768692,-56.85412,-60.684704,-61.152134,-59.052177,-59.179615,-63.353294,-63.809605,-65.21121,-67.64615,-68.804184,-70.36986,-69.87182,-70.21249
6848,True,-24.034216,-22.86894,-29.925947,-29.633896,-34.73394,-35.674263,-38.84366,-41.550884,-46.880108,-43.238464,-46.11292,-46.111237,-44.210342,-45.44413,-47.304504,-51.013393,-53.05076,-54.81537,-54.96055,-54.71096,-58.524384,-60.171463,-63.596237,-63.21289,-61.800518,-62.7331,-67.03605,-67.760315,-70.327415,-69.37427,-69.957664,-70.91906
6880,True,-25.491829,-23.863602,-26.912735,-27.522785,-31.56315,-33.97086,-40.18946,-42.672073,-46.474644,-46.689735,-45.064964,-44.059177,-45.665672,-45.49045,-46.958004,-50.65004,-51.542305,-56.807934,-56.032578,-57.48715,-58.740128,-59.90103,-59.51409,-61.908146,-61.21985,-63.57953,-65.01128,-67.35858,-68.41393,-68.06241,-67.63956,-69.08679
6912,True,-23.138393,-25.095568,-29.135471,-28.666943,-33.489433,-35.811398,-36.76627,-39.132164,-47.23293,-42.78547,-48.425007,-47.472984,-48.420395,-45.344753,-45.323772,-47.28187,-51.68763,-54.863262,-51.990414,-53.594646,-56.960426,-59.714245,-61.17275,-60.51565,-60.587067,-63.151855,-65.40618,-64.89302,-66.834656,-68.789185,-70.089386,-70.07317
6944,True,-23.74119,-23.251612,-29.83459,-29.757956,-31.91992,-37.49437,-36.63392,-38.897827,-42.32529,-39.84262,-48.79967,-47.178593,-47.474205,-47.117825,-47.618828,-49.89427,-50.815704,-54.103653,-50.565025,-57.380753,-56.53878,-58.73046,-61.13119,-60.93358,-62.83047,-64.02179,-67.76298,-68.153275,-68.06464,-68.3986,-70.47186,-70.42676
6976,True,-25.032894,-24.55699,-32.056915,-28.405104,-33.851353,-38.36029,-35.775604,-38.760292,-43.37282,-41.63649,-42.110733,-42.207024,-49.357487,-48.741726,-52.010033,-50.92287,-52.60649,-53.277428,-53.85319,-55.09234,-60.291637,-58.714863,-60.777176,-59.71428,-61.62725,-62.56538,-65.30477,-64.34003,-67.67415,-68.9314,-69.958694,-70.25352
7008,True,-22.879211,-25.595587,-33.223778,-28.531742,-31.524942,-38.81828,-38.390144,-38.70477,-41.036232,-39.37571,-45.06523,-47.65562,-48.277008,-47.175728,-49.45729,-49.367958,-50.183163,-56.26596,-53.887955,-55.86544,-59.514942,-59.025986,-60.453934,-62.065487,-65.07804,-64.70839,-65.72743,-67.07068,-67.32543,-70.01893,-71.126335,-69.46514
7040,True,-24.95892,-21.585323,-27.45436,-28.968613,-33.91974,-41.85284,-40.846672,-43.45568,-41.475986,-41.06553,-44.08411,-47.16294,-47.825974,-51.319016,-50.478897,-49.85388,-53.038464,-54.389008,-54.410507,-56.250267,-56.955315,-59.465736,-60.02668,-61.259254,-61.95594,-66.28459,-67.51019,-66.72376,-67.98163,-69.46656,-69.98444,-68.73375
7072,True,-27.759,-29.060707,-31.749327,-28.41235,-34.337204,-39.680485,-36.63655,-40.450974,-44.698414,-43.936584,-46.620834,-46.273155,-46.29516,-50.051376,-47.869568,-48.44421,-52.900524,-53.936924,-55.93283,-57.47412,-59.61978,-59.467133,-59.436005,-60.62906,-61.261963,-63.247772,-65.3568,-66.93325,-66.565865,-67.33266,-68.61032,-69.60906
7104,True,-24.751884,-23.01851,-27.874542,-28.731998,-30.279396,-28.354195,-32.574028,-29.279516,-31.2657,-34.14133,-36.845795,-33.84586,-36.463303,-38.179935,-33.501526,-31.314585,-26.800465,-30.976618,-42.895092,-42.904648,-41.825615,-42.13562,-43.680992,-42.940422,-44.114895,-40.63994,-39.685223,-34.663204,-28.043736,-26.553785,-30.59902,-32.947548
7136,True,-26.588882,-26.814102,-27.1859,-28.209152,-34.41057,-27.197025,-34.745605,-35.924103,-37.940575,-42.937237,-41.693535,-39.64748,-45.408173,-45.377804,-44.029118,-44.844112,-38.9267,-42.20482,-50.888252,-52.47267,-49.273308,-50.115963,-52.756638,-55.915695,-55.359177,-52.143776,-51.25064,-46.656536,-43.53875,-43.789703,-44.792603,-45.5512
7168,True,-24.627766,-26.689377,-30.09966,-31.752087,-32.164433,-35.458447,-40.173096,-39.959747,-39.09732,-41.619877,-43.14877,-45.56692,-45.08525,-47.69715,-48.957344,-47.582134,-49.53721,-51.62607,-54.615746,-53.664036,-54.788433,-55.78646,-56.790485,-60.062355,-58.856834,-58.06974,-58.033844,-55.080547,-49.19304,-48.73737,-52.1911,-54.316044
7200,True,-26.220095,-23.884201,-30.542585,-28.129585,-32.184036,-36.45358,-40.357597,-40.032257,-41.3181,-41.743587,-46.216263,-50.74514,-50.516964,-48.85197,-47.536667,-48.05831,-49.918182,-53.67741,-53.04249,-56.44069,-54.432915,-54.397522,-59.43566,-58.235188,-60.988373,-61.359795,-59.697006,-57.64206,-55.343174,-57.255154,-59.61073,-60.463223
7232,True,-27.055058,-24.404974,-30.176847,-29.522255,-33.036533,-34.244366,-39.66113,-43.00346,-41.463703,-40.986782,-48.58173,-49.32768,-47.296776,-46.86196,-47.010918,-48.00609,-51.26154,-55.649776,-54.191414,-56.153713,-55.314026,-58.59278,-61.187843,-60.189598,-60.55649,-61.412086,-62.281418,-62.93238,-59.187027,-60.851524,-62.70221,-63.807686
7264,True,-26.318445,-24.235514,-29.893787,-30.39215,-33.60039,-34.733097,-37.492546,-41.139378,-43.13984,-45.73841,-45.955826,-45.86052,-46.542183,-49.3164,-50.105904,-49.264145,-52.787815,-56.74671,-56.31874,-56.27136,-58.14342,-58.411083,-60.110855,-61.099125,-60.454506,-63.224903,-65.13349,-65.722565,-63.361755,-63.950672,-66.88652,-67.19766
7296,True,-25.304602,-24.714695,-30.759706,-28.05627,-33.630726,-35.410282,-35.60657,-39.68726,-40.283424,-41.65976,-44.876194,-42.407764,-45.061092,-50.728134,-47.12402,-51.057392,-49.67244,-53.815018,-53.229996,-56.469376,-57.871178,-59.463383,-60.913067,-61.71253,-61.226097,-64.138596,-64.24058,-64.335175,-64.63325,-66.144325,-69.36669,-69.88342
7328,True,-25.575443,-22.816408,-24.94871,-27.5606,-35.38269,-39.29891,-38.533424,-40.16892,-42.009766,-40.12588,-46.107147,-44.656963,-46.52857,-48.61193,-43.268784,-46.91558,-51.682304,-56.882763,-57.07088,-59.76432,-58.656578,-57.066483,-59.822765,-60.44751,-62.48884,-64.179886,-63.47808,-65.21417,-64.81391,-67.34311,-68.83417,-68.61994
7360,True,-23.79385,-24.547874,-28.446276,-28.36544,-34.803604,-41.885086,-40.70968,-40.381607,-40.68074,-38.783905,-45.611732,-40.881737,-43.76472,-45.669437,-44.227787,-47.227844,-51.352806,-53.990738,-53.2743,-54.662216,-58.882946,-57.65712,-59.46859,-59.246998,-61.545433,-62.950817,-63.846516,-63.54783,-64.3495,-66.281456,-68.11033,-69.753235
7392,True,-23.546429,-25.77927,-29.144136,-29.559824,-33.75464,-40.907307,-40.046432,-42.315907,-45.255924,-43.247543,-42.51556,-40.983017,-43.283836,-49.162643,-47.5589,-48.330685,-52.00886,-53.115154,-55.720734,-57.136883,-57.217857,-59.09386,-60.107,-61.66012,-63.528206,-64.9559,-66.80893,-68.02495,-68.43594,-70.551384,-69.91571,-70.29312
7424,True,-22.16051,-25.826893,-31.9856,-29.41048,-32.533806,-37.260757,-36.493763,-38.92942,-42.29339,-37.13258,-42.388435,-42.373753,-43.86776,-46.87794,-45.026917,-48.13458,-53.983997,-56.766224,-56.613358,-58.136105,-57.503124,-57.82038,-60.66011,-61.970047,-62.78435,-65.68427,-65.65927,-68.174576,-68.86375,-69.509796,-69.15032,-69.59776
7456,True,-22.28806,-20.518425,-27.582102,-29.070768,-31.635572,-40.611748,-34.43795,-36.62174,-42.76646,-40.525635,-45.20447,-44.407124,-48.15831,-48.461033,-47.947502,-49.805683,-52.09368,-56.84622,-59.228104,-59.146507,-58.55169,-58.60174,-59.180035,-62.245922,-62.830044,-64.4036,-65.617096,-67.0171,-67.90177,-68.436035,-70.57208,-71.54669
7488,True,-23.764244,-23.99619,-34.223686,-28.353674,-30.739761,-34.228653,-36.153137,-38.024773,-40.526447,-41.95389,-47.803837,-44.1314,-44.084023,-47.245335,-47.046986,-48.412113,-51.837276,-53.198456,-53.974533,-58.035553,-57.737602,-58.7798,-59.896168,-60.72528,-62.304035,-63.040184,-66.346634,-68.7822,-68.9468,-70.95271,-71.81345,-70.45462
7520,True,-26.146439,-22.785336,-31.55141,-30.083443,-34.28367,-35.19109,-37.217663,-40.673058,-41.37041,-40.54049,-44.315132,-45.38793,-44.75139,-47.019444,-46.750183,-53.100723,-52.420998,-53.360516,-55.933746,-57.246162,-56.642643,-59.09838,-62.21727,-63.34104,-61.957703,-65.40547,-65.20212,-66.59291,-68.13052,-69.068474,-72.43943,-71.933266
7552,True,-26.90107,-27.52267,-29.28654,-27.936838,-30.587578,-34.947952,-37.731598,-41.591564,-42.822258,-42.91479,-45.680534,-43.052284,-47.332993,-49.02834,-50.49156,-51.13906,-50.532173,-54.440926,-58.9032,-57.96708,-60.11641,-58.361664,-60.95867,-60.603603,-62.22335,-64.649605,-65.10725,-67.80476,-69.833725,-69.04738,-70.10198,-70.309364
7584,True,-26.460747,-22.787054,-28.512932,-27.865427,-33.35243,-36.192986,-36.217007,-37.899986,-44.140343,-42.220795,-46.78166,-46.85563,-48.76647,-47.8192,-47.562008,-50.18334,-48.675495,-52.549118,-56.711113,-58.42296,-59.2367,-57.37957,-59.261482,-62.553535,-61.121063,-63.028076,-64.78774,-66.18354,-67.326355,-69.227776,-67.99473,-70.53079
7616,True,-24.001755,-24.794983,-30.740253,-27.033365,-31.09657,-34.37029,-37.213806,-38.818237,-39.85272,-39.286026,-43.226753,-44.701622,-46.417778,-49.047577,-47.454315,-51.943012,-54.388992,-54.3364,-54.49837,-54.35939,-60.216793,-59.127213,-59.358223,-61.332787,-61.51953,-63.061005,-65.6947,-66.84519,-66.67249,-67.45479,-68.47053,-70.16735
7648,True,-25.937271,-23.577763,-29.63107,-29.200823,-32.671234,-36.56477,-39.215736,-37.02581,-42.288567,-44.01667,-44.660755,-47.125435,-51.03399,-48.277527,-47.35024,-48.421665,-50.47106,-53.754116,-51.8137,-53.073616,-57.228172,-55.49283,-55.619167,-56.420425,-59.09122,-57.370716,-55.249382,-53.87529,-52.617867,-52.27166,-52.784798,-53.9259
7680,True,-22.503569,-22.03451,-33.01772,-30.779171,-35.735775,-39.772614,-41.58167,-43.48345,-45.13229,-42.193077,-41.682854,-45.427742,-47.220306,-46.03295,-47.098663,-49.122612,-49.195217,-51.51936,-54.913044,-51.570076,-51.228638,-51.41793,-51.74303,-56.62033,-56.41211,-55.663914,-58.18852,-58.637695,-58.050728,-57.247715,-57.656372,-63.89269
7712,True,-29.067387,-27.500265,-32.08462,-29.469883,-31.122746,-41.113018,-40.487915,-39.60278,-43.95955,-41.209644,-43.9517,-46.691204,-44.887695,-47.897297,-45.853214,-48.300037,-49.503593,-52.919155,-55.341743,-51.64039,-53.226776,-56.51768,-56.73841,-56.34828,-57.84717,-57.15943,-59.37092,-59.01386,-60.55574,-62.3833,-64.25708,-68.22186
7744,True,-28.164816,-26.90945,-31.42422,-30.36132,-35.12509,-41.366978,-37.785343,-40.915,-40.122772,-41.878513,-48.725113,-47.734734,-44.77512,-49.919876,-46.039803,-48.7679,-50.32145,-53.70852,-56.4532,-56.79252,-57.656384,-56.318306,-57.714546,-57.45826,-60.101295,-59.890236,-60.798565,-61.961094,-62.98952,-64.407196,-65.3413,-68.349846
7776,True,-23.95456,-25.590265,-30.02745,-30.84095,-32.02178,-41.041447,-38.743378,-37.558697,-43.04734,-42.7379,-44.625935,-46.6247,-46.512665,-49.215206,-48.917965,-51.58917,-50.142906,-53.97314,-56.180008,-57.124542,-56.513565,-55.16232,-57.08981,-57.986492,-60.988945,-62.700077,-63.471302,-67.223236,-67.17876,-67.31057,-67.58732,-69.093185
7808,True,-27.37436,-25.124807,-29.548622,-26.75851,-35.103424,-40.474426,-40.536118,-39.641373,-45.869907,-43.055042,-43.77681,-45.235462,-45.873444,-49.309483,-50.225395,-50.496902,-50.269745,-52.86636,-54.64874,-57.59319,-58.59444,-56.1214,-59.851868,-60.876507,-61.516304,-62.90168,-64.01433,-66.207016,-67.60135,-67.72866,-69.93605,-70.20083
7840,True,-22.069977,-24.690836,-30.2279,-26.368328,-31.340527,-37.49015,-40.617096,-42.9088,-40.779778,-41.58477,-45.65107,-45.014397,-43.28019,-46.96424,-49.21398,-49.70848,-49.508965,-55.651344,-55.617886,-55.93739,-58.316616,-58.267635,-59.60558,-61.2149,-61.423515,-62.89084,-65.53577,-66.09809,-67.45863,-68.04018,-69.18511,-69.999985
7872,True,-25.29515,-21.083078,-30.005579,-31.111584,-33.7894,-36.77219,-41.863716,-40.997078,-41.165,-39.60028,-43.98737,-43.951527,-42.723995,-45.40472,-45.523514,-48.783726,-52.023994,-51.14145,-53.783783,-56.939377,-57.14663,-56.175762,-57.52714,-60.51465,-58.89681,-61.989388,-63.375633,-64.49698,-65.78722,-64.771,-64.56629,-67.72679
7904,True,-24.59258,-23.903267,-32.811626,-32.688942,-33.374374,-36.449722,-40.30102,-43.331978,-44.002205,-40.884087,-43.838955,-43.893665,-46.247364,-47.25963,-47.577988,-50.867176,-53.038948,-52.54871,-51.305855,-54.35907,-54.5871,-55.282253,-56.617702,-57.984695,-59.63644,-63.582264,-62.3584,-62.062183,-63.46077,-63.26033,-64.69191,-68.26673
7936,True,-26.870667,-24.03879,-33.07962,-27.773716,-30.54229,-35.579006,-39.109875,-40.4022,-41.622623,-41.404377,-42.34903,-45.44245,-45.413567,-48.68023,-50.986805,-54.529568,-54.43602,-55.34904,-56.682247,-56.86351,-57.72352,-54.445694,-53.46935,-58.007675,-58.994198,-62.082752,-61.18934,-59.748226,-62.921482,-65.96089,-64.78637,-67.77587
7968,True,-26.889183,-21.804483,-27.463802,-31.015005,-34.219044,-32.747837,-37.62966,-40.772938,-41.011395,-39.523052,-45.379482,-45.80391,-43.52135,-47.149506,-48.85313,-52.021328,-49.697266,-53.993107,-55.55914,-56.001682,-56.552525,-56.957413,-56.726437,-59.292736,-59.339027,-59.618484,-63.54467,-63.63178,-64.274086,-66.84644,-67.82844,-68.69599
8000,True,-27.66542,-27.829084,-30.47632,-30.686367,-32.99852,-35.308907,-40.166264,-41.436226,-40.31496,-43.123856,-45.491577,-44.055237,-44.487843,-48.15819,-51.075153,-52.578568,-50.23544,-52.747044,-55.309937,-56.444702,-58.437057,-56.894157,-57.858234,-58.075733,-60.94097,-61.456493,-63.911346,-62.89295,-66.42898,-68.001305,-66.526535,-68.89105
8032,True,-24.635984,-23.096655,-28.350409,-30.381468,-35.446312,-39.580482,-36.94761,-40.285217,-40.5937,-40.580826,-44.722675,-42.417835,-44.68866,-48.805885,-47.92724,-48.805573,-49.395718,-52.76335,-52.48446,-55.758057,-56.691853,-59.025173,-58.620293,-57.570835,-60.954025,-61.410748,-63.514587,-64.01044,-67.48333,-65.53143,-67.67905,-69.18202
8064,True,-29.180147,-23.612122,-30.261116,-28.750895,-32.83583,-38.557507,-36.119247,-37.847713,-41.178226,-41.70082,-45.95165,-46.783672,-41.826817,-47.347122,-47.326057,-50.919334,-50.98795,-51.412388,-55.694427,-57.059967,-56.311302,-57.515198,-57.982517,-59.305744,-58.95095,-61.811058,-63.114212,-66.04082,-67.32322,-68.304016,-68.759544,-69.01579
8096,True,-28.276913,-24.40065,-32.376556,-30.380075,-31.659918,-39.108166,-35.941723,-36.99245,-42.231117,-42.978367,-43.939762,-43.99781,-46.37073,-49.258198,-48.97664,-51.06868,-52.354168,-54.4151,-55.17597,-57.68463,-59.568916,-56.85295,-58.00159,-61.14773,-61.660416,-62.80743,-64.283165,-64.264,-67.79562,-68.18629,-67.79941,-69.19558
8128,True,-22.250347,-27.385206,-32.97771,-29.394264,-34.136604,-41.409763,-38.836246,-39.09198,-43.60338,-41.9597,-44.497696,-47.809452,-46.265835,-47.547775,-50.578186,-50.444435,-51.48718,-53.817993,-54.157112,-56.206985,-58.569126,-58.446938,-57.915062,-60.60562,-62.25183,-63.52948,-64.51709,-65.4709,-65.32019,-67.254745,-67.63141,-69.58471
8160,True,-24.880964,-22.518156,-29.678104,-28.594692,-32.028984,-39.33054,-39.908077,-42.64762,-44.95935,-42.209724,-44.790558,-45.88456,-45.43698,-46.64495,-46.831413,-49.18049,-49.866234,-52.651634,-56.7382,-56.563774,-58.70947,-57.11649,-57.91891,-58.34915,-60.98538,-62.64873,-65.18377,-63.768192,-62.752106,-60.2565,-60.696075,-65.58699
8192,True,-24.32627,-23.6507,-31.008997,-30.869446,-36.237923,-36.876034,-38.75611,-41.613983,-41.51188,-39.35637,-45.141983,-46.078407,-45.039078,-46.255764,-46.221794,-48.27356,-52.004364,-52.33372,-54.46308,-55.170128,-60.938484,-58.119507,-59.79402,-60.284164,-61.559868,-64.425476,-65.95439,-63.86768,-65.18483,-66.13843,-66.28946,-69.06492
8224,True,-22.514849,-24.597218,-31.415148,-28.264416,-31.77087,-36.362236,-38.0439,-40.520435,-41.389313,-41.3551,-45.592155,-45.30403,-47.791782,-47.446,-49.265594,-51.2577,-54.123074,-54.243637,-56.379528,-57.85225,-57.40512,-57.307697,-60.701614,-60.59252,-63.034348,-63.34349,-62.46315,-62.837654,-61.200375,-60.76624,-64.69674,-67.6724
8256,True,-26.241858,-24.178524,-30.349781,-30.140957,-34.28612,-36.659443,-38.916454,-41.02741,-44.135902,-42.53458,-46.28532,-46.918343,-45.15306,-45.053253,-45.589783,-47.67407,-52.58706,-56.433426,-54.505383,-56.8561,-55.881733,-58.069313,-58.135777,-59.581665,-59.989887,-63.715244,-64.41198,-63.700905,-63.230865,-64.25052,-66.59219,-69.340836
8288,True,-23.56894,-20.960682,-29.550411,-29.708006,-32.040295,-34.588364,-35.931767,-41.21218,-45.5634,-43.542145,-44.580803,-43.8901,-43.00415,-51.55514,-50.157654,-49.933754,-51.16411,-53.19802,-52.957478,-55.10145,-54.36684,-54.615356,-57.656628,-59.322227,-58.77501,-60.79493,-61.884556,-63.114033,-65.49218,-63.500313,-65.6493,-69.87977
8320,True,-26.916988,-26.901596,-32.535416,-29.827171,-34.601036,-35.337715,-38.914124,-42.38307,-45.146492,-43.533356,-42.757835,-45.249935,-48.531303,-50.45626,-50.82806,-48.347595,-51.390366,-54.082115,-55.112297,-58.14113,-56.54345,-58.576607,-58.807755,-57.83805,-59.689453,-62.38256,-64.13669,-65.086044,-64.45473,-65.20512,-68.44531,-69.6338
8352,True,-30.926075,-26.345263,-28.963623,-29.354498,-35.012104,-36.78865,-38.483986,-43.05031,-41.003822,-39.483147,-45.725174,-44.04419,-46.443295,-47.339634,-52.803513,-52.0842,-50.79063,-56.31778,-57.31405,-55.446236,-56.504704,-58.210854,-61.510426,-61.382427,-60.197,-63.5177,-65.125565,-65.883484,-65.12429,-66.00568,-68.03298,-70.7225
8384,True,-27.272846,-25.517208,-33.038734,-30.488976,-33.16273,-37.679893,-39.8418,-40.861095,-45.095043,-38.94271,-46.70346,-45.18324,-45.73662,-49.267773,-50.791595,-49.385704,-50.883614,-56.309315,-57.32176,-56.554222,-56.5412,-59.19583,-59.348186,-61.538246,-62.852806,-64.903755,-66.61876,-67.239334,-67.83781,-68.80271,-70.096756,-71.391426
8416,True,-23.763245,-21.641428,-30.517426,-29.902048,-34.275837,-37.922016,-36.65709,-38.99788,-43.760468,-43.60383,-48.357933,-47.200935,-44.507973,-47.37149,-48.16337,-49.37023,-50.60429,-53.975212,-53.87902,-57.28857,-59.08912,-59.2806,-59.78283,-60.14836,-60.629807,-65.15539,-66.224144,-66.56885,-68.56301,-69.67845,-70.252,-69.787315
8448,True,-26.176952,-27.218712,-29.442284,-26.253662,-32.787205,-36.353348,-39.296772,-42.125214,-42.312103,-41.854126,-46.644363,-46.055138,-44.27929,-46.663406,-47.347435,-50.205116,-50.667004,-53.352303,-55.58672,-55.987873,-61.36391,-59.991833,-59.7829,-59.135635,-59.79702,-61.426346,-62.68434,-61.198254,-64.906456,-66.2522,-68.26838,-69.01119
8480,True,-24.957172,-25.881796,-29.801008,-29.221222,-34.215027,-38.352238,-37.83411,-39.887398,-41.603046,-43.49217,-46.98076,-46.04105,-49.352234,-46.76509,-46.44045,-50.047638,-51.359123,-54.489437,-55.24654,-57.6664,-56.32337,-56.18773,-56.071007,-60.138733,-59.597054,-59.268246,-58.31522,-55.99922,-56.840263,-57.111088,-60.06379,-69.551796
8512,True,-29.091444,-22.758698,-26.802109,-27.057117,-35.38956,-37.799335,-39.036785,-42.87701,-40.203125,-38.9078,-45.757957,-46.620033,-43.241722,-47.337208,-47.81477,-49.900764,-49.86027,-51.450813,-54.736767,-56.630253,-58.743553,-55.223423,-56.26129,-58.65512,-60.201187,-60.69586,-60.054832,-60.3313,-59.615677,-61.18877,-63.968204,-69.864685
8544,True,-22.52295,-21.38177,-28.228407,-27.522865,-32.331154,-36.113464,-35.892376,-37.871593,-42.287323,-41.476097,-42.71856,-43.23073,-45.368233,-50.920944,-50.74598,-46.56878,-50.439964,-51.394405,-52.75078,-55.56612,-57.350826,-57.707687,-57.259598,-57.368553,-58.56705,-60.58676,-60.05238,-63.593536,-64.56415,-64.860794,-67.44597,-69.37613
8576,True,-22.915852,-22.696873,-28.834974,-27.088682,-33.881554,-40.194633,-37.313305,-38.955997,-42.757267,-41.658092,-44.946297,-44.511032,-44.575737,-45.423664,-46.674156,-50.17506,-54.2312,-54.907677,-54.67629,-55.103107,-55.300705,-56.095615,-60.343544,-62.37937,-60.990833,-63.054676,-64.04133,-66.198875,-67.532936,-68.1053,-68.70953,-70.640686
8608,True,-28.529396,-24.426865,-29.597013,-29.600182,-35.513405,-36.24694,-37.216225,-38.550266,-42.152878,-38.332867,-44.39734,-42.872314,-43.747807,-47.515266,-46.392895,-50.608597,-49.808914,-53.037777,-57.82726,-56.845085,-54.882805,-56.406548,-58.64884,-58.93982,-60.31449,-62.44494,-64.11119,-66.195,-66.33671,-68.14634,-69.96152,-70.000336
8640,True,-24.222477,-21.462782,-30.200178,-28.506907,-35.306355,-36.41938,-39.255848,-39.871822,-42.656494,-39.478447,-43.665627,-45.13006,-48.025444,-49.94043,-49.316944,-50.697754,-49.100647,-55.261917,-54.901257,-55.399014,-56.763596,-58.827095,-59.55774,-59.66595,-63.326164,-63.603176,-66.52808,-66.51669,-67.49747,-67.70877,-70.98648,-72.36757
8672,True,-22.266542,-23.723606,-30.36689,-29.25127,-31.561537,-34.149616,-40.77946,-45.211445,-42.315636,-42.75879,-45.390053,-44.206604,-48.184273,-46.71753,-46.451565,-49.523422,-53.66532,-55.02331,-56.09078,-55.33835,-59.22216,-59.181374,-62.025562,-61.877266,-61.174618,-64.35937,-64.46306,-65.674095,-67.098366,-67.75917,-70.5018,-71.841286
8704,True,-26.604788,-22.278986,-25.87336,-27.044771,-31.852016,-34.586586,-35.729374,-39.700256,-44.218235,-46.33686,-45.465057,-44.9037,-47.043198,-46.33023,-45.86246,-50.51677,-52.48165,-56.289974,-58.788406,-57.65749,-59.954494,-59.63086,-60.581417,-60.51024,-61.193848,-63.413166,-64.79959,-65.59237,-65.53676,-68.25784,-69.999176,-71.15988
8736,True,-26.831362,-24.997478,-26.596962,-29.074162,-33.82798,-34.969032,-35.04251,-34.639057,-40.399765,-43.885574,-45.987,-45.303616,-44.58078,-47.316177,-46.527172,-52.711224,-54.297924,-56.516846,-56.33213,-56.277443,-56.035114,-57.477337,-58.76374,-59.814392,-61.004528,-65.02086,-66.513214,-65.15324,-66.20522,-67.225655,-68.55055,-70.66838
8768,True,-25.901081,-27.988487,-31.667965,-26.677708,-31.032694,-39.056763,-38.651306,-42.314194,-44.426025,-44.130016,-45.283592,-43.963318,-45.23697,-48.910946,-51.350212,-51.179108,-52.1214,-53.194904,-56.012474,-57.205673,-58.896996,-60.5864,-59.769993,-60.489025,-62.300972,-63.611874,-65.45835,-67.29277,-66.42017,-67.1924,-69.286224,-70.66529
8800,True,-28.102991,-26.298018,-33.398384,-30.581509,-37.63948,-40.243652,-40.918938,-41.07416,-41.788998,-43.03128,-43.4133,-41.92376,-46.875954,-49.54186,-49.671516,-49.919056,-51.28647,-54.68822,-54.819008,-56.08143,-58.37706,-57.823723,-60.362095,-63.56163,-62.398067,-64.99759,-64.19803,-66.646225,-68.156654,-70.33003,-69.703125,-70.209206
8832,True,-23.95467,-24.334312,-34.250744,-29.063679,-34.048283,-41.91532,-39.313427,-42.630577,-45.90545,-42.680405,-46.745888,-47.605965,-47.14176,-48.488876,-50.45543,-50.105484,-52.31324,-54.93536,-56.66594,-59.785995,-59.91317,-60.464973,-60.84312,-60.57014,-59.821686,-65.881546,-66.32764,-68.06291,-68.06912,-68.912704,-70.08696,-70.20454
8864,True,-23.787956,-26.076937,-30.71075,-27.091768,-33.76345,-41.2676,-37.28876,-38.96478,-42.26059,-39.824383,-44.16355,-47.470325,-43.410088,-48.40816,-49.3666,-48.446243,-48.61184,-55.755768,-55.813393,-56.4077,-58.18416,-61.421833,-58.94626,-59.631477,-60.501343,-63.12874,-65.15031,-66.8122,-69.038055,-69.611275,-71.42524,-71.60224
8896,True,-26.115686,-23.680527,-27.971107,-27.904165,-32.544685,-40.49011,-39.42395,-40.12837,-40.749275,-39.816727,-45.48483,-45.04597,-46.41998,-47.129272,-48.915615,-51.358257,-54.20713,-55.434425,-54.73845,-59.346043,-57.31545,-61.552258,-59.036095,-60.013893,-61.317177,-62.674683,-65.45122,-66.96471,-67.10656,-68.646355,-68.211945,-70.60416
8928,True,-28.105059,-24.557993,-28.178196,-29.422768,-30.306534,-38.109436,-36.682354,-39.985336,-46.85081,-42.92077,-44.797043,-48.313747,-48.73991,-50.539825,-46.933994,-51.60721,-55.032425,-54.306446,-55.71119,-58.18159,-58.460293,-56.083447,-58.6722,-61.423332,-61.137154,-64.338165,-65.878334,-66.11333,-66.795494,-68.86629,-67.820465,-69.54269
8960,True,-27.619732,-24.124367,-28.921518,-27.025412,-33.534443,-35.949814,-41.526535,-44.23367,-42.93895,-42.43664,-46.304775,-47.59254,-47.027084,-50.64959,-50.480766,-51.927513,-51.512264,-52.34686,-54.759903,-57.411274,-59.399017,-60.269104,-59.365593,-60.629524,-63.125816,-63.664444,-63.995014,-66.18497,-68.34824,-67.88519,-68.41097,-69.20217
8992,True,-25.91795,-26.685726,-29.67518,-28.13324,-30.657995,-35.462627,-37.696934,-43.18018,-41.849846,-42.062485,-43.289875,-44.238525,-45.43576,-48.098587,-47.247047,-51.4189,-50.88644,-55.75519,-57.314545,-56.158527,-59.66097,-60.208817,-62.655758,-64.10144,-62.993694,-64.039444,-65.608284,-66.3408,-64.24519,-66.78914,-69.53947,-69.84166
9024,True,-27.0788,-26.998032,-29.61688,-27.896807,-36.869385,-35.78782,-35.99036,-39.892998,-47.488228,-43.162476,-43.539604,-47.04564,-47.256096,-49.798046,-48.91912,-49.075665,-50.4602,-56.171967,-57.274,-59.04162,-60.57871,-60.257984,-60.878597,-62.594204,-62.47765,-63.07375,-64.83208,-64.57441,-64.11899,-65.35978,-68.08295,-70.27819
9056,True,-25.16162,-24.71539,-29.523083,-29.09209,-33.081413,-36.83069,-35.908207,-40.12625,-45.32276,-41.811832,-45.10933,-46.06653,-49.239067,-46.963673,-47.916203,-50.365868,-49.712368,-53.046757,-56.800957,-58.86251,-60.034897,-59.842445,-62.931404,-61.382717,-60.877518,-63.097057,-62.390247,-65.66683,-64.569725,-66.13622,-68.18642,-69.20195
9088,True,-28.01814,-24.133839,-33.302578,-30.538387,-35.142044,-36.93213,-38.55399,-39.441387,-43.932213,-41.206413,-47.21542,-45.753998,-46.035446,-52.06363,-51.777725,-52.831276,-55.502983,-55.338703,-57.555763,-56.77364,-59.923103,-59.610287,-60.096176,-60.91026,-61.645966,-63.86482,-66.12535,-66.13677,-66.32944,-69.042984,-69.09099,-69.42561
9120,True,-25.883125,-19.902782,-28.916706,-30.796234,-30.817223,-36.391613,-40.491867,-39.892593,-41.286972,-40.325523,-51.373047,-45.281216,-45.015217,-47.470238,-47.804546,-49.12785,-49.622704,-52.282314,-57.04341,-55.14325,-58.79634,-58.923573,-62.27384,-62.16917,-62.261677,-64.66445,-63.92897,-62.852306,-61.82982,-63.55539,-63.48419,-67.41537
9152,True,-27.48999,-25.7899,-28.058216,-30.886818,-33.925854,-35.050934,-38.46572,-40.689194,-39.265007,-42.762527,-46.07493,-43.887253,-47.39656,-50.295532,-49.332558,-51.407658,-47.479515,-50.099937,-55.1574,-54.5468,-56.795258,-57.839222,-56.91042,-57.353127,-60.01121,-61.601807,-59.64982,-57.726208,-57.38822,-56.44001,-59.701996,-67.39907
9184,True,-24.85279,-24.914013,-28.975891,-27.541195,-33.98078,-37.14189,-35.991108,-38.24256,-43.434525,-39.680897,-46.57089,-44.323193,-45.879173,-48.289093,-47.168564,-49.71157,-49.920616,-52.13022,-57.51561,-58.676567,-57.279587,-58.58069,-57.891922,-60.62108,-60.783752,-63.326855,-61.467735,-61.98295,-60.620354,-61.882477,-65.04282,-68.82644
9216,True,-23.822405,-22.354885,-28.528854,-28.514692,-34.41243,-36.852215,-35.83346,-39.011124,-40.790207,-39.39948,-42.444885,-45.67626,-48.153416,-50.4554,-48.146973,-50.71164,-51.629517,-53.306812,-53.898907,-58.3782,-56.379326,-56.549767,-58.877625,-59.167664,-60.656246,-62.03671,-63.17844,-64.23208,-65.482185,-63.75042,-67.94114,-70.39031
9248,True,-27.145355,-25.375286,-29.754545,-30.63897,-34.64211,-37.490307,-37.12954,-38.728195,-42.276184,-41.592476,-45.35556,-44.122463,-46.41249,-52.146603,-51.779243,-50.147972,-52.599655,-56.63958,-58.267494,-57.501404,-56.674446,-56.858337,-58.83835,-61.01545,-62.212414,-65.35763,-66.149216,-67.39352,-66.98382,-67.28301,-70.00245,-69.90066
9280,True,-23.534054,-23.27206,-28.613596,-30.100075,-32.210426,-41.573673,-37.467575,-38.59252,-42.05796,-41.64579,-44.949383,-45.372253,-48.289738,-50.16003,-49.038776,-52.505394,-51.25936,-55.588135,-56.38314,-57.03979,-59.224884,-58.973194,-59.8155,-60.71375,-61.78755,-65.02013,-64.970825,-66.72563,-66.943184,-68.38166,-70.00625,-71.3086
9312,True,-26.308258,-27.304277,-29.606173,-28.882423,-34.2593,-43.050262,-42.45308,-45.206093,-41.069786,-40.61416,-47.286575,-49.108246,-46.724518,-49.391502,-49.066967,-50.7939,-48.46355,-52.177345,-55.90094,-57.171562,-56.894547,-59.921078,-59.559235,-62.182728,-61.669052,-64.4761,-65.63554,-67.735146,-67.05522,-69.9433,-71.974236,-71.1732
9344,True,-25.104485,-21.02932,-29.249393,-31.64162,-34.433434,-38.321953,-40.277176,-41.299015,-42.16136,-39.21459,-42.740013,-46.892952,-48.516277,-48.95065,-49.07354,-49.939693,-52.207306,-56.256035,-54.442898,-56.793472,-58.577,-60.353638,-59.3848,-59.95559,-62.051147,-65.48554,-67.27231,-67.11202,-68.80049,-69.62805,-71.97578,-70.8109
9376,True,-27.028057,-24.143818,-29.782066,-29.073465,-35.37215,-37.860535,-36.265987,-38.978252,-45.667236,-44.424824,-43.60617,-44.815556,-48.728973,-47.407757,-45.69181,-49.111893,-52.929207,-56.102734,-54.717068,-60.129284,-59.528713,-59.30553,-60.21225,-62.485497,-61.573566,-63.776917,-66.59829,-68.073784,-69.20477,-69.02114,-70.918755,-72.061386
9408,True,-25.4203,-24.559708,-30.856392,-28.203476,-32.855614,-33.32073,-36.275513,-38.114746,-42.767864,-40.11252,-39.98667,-47.18069,-46.73582,-50.03327,-49.991146,-52.533516,-54.021343,-55.359783,-57.841446,-58.970306,-59.79862,-58.889915,-61.84913,-61.129017,-60.647087,-64.57103,-65.64137,-68.2312,-67.555695,-67.398674,-69.13385,-70.4653
9440,True,-23.641682,-19.604607,-30.279907,-31.956356,-35.165718,-33.974995,-38.526672,-40.627766,-44.02471,-39.77046,-44.73341,-45.265755,-45.57366,-49.932518,-48.293606,-53.25203,-48.92404,-51.94647,-54.303074,-55.902115,-57.179684,-57.54444,-58.063244,-61.631767,-61.477036,-64.31437,-63.848194,-64.66592,-66.16645,-65.27797,-67.79318,-68.77078
9472,True,-27.761671,-26.428022,-28.494844,-30.520239,-36.185623,-37.248047,-39.508842,-39.494694,-44.6979,-42.412384,-43.97983,-47.28479,-44.82679,-47.595554,-46.291374,-49.960308,-49.129032,-52.04001,-54.729126,-57.127693,-58.76619,-56.889824,-57.260513,-59.133183,-60.819603,-64.4838,-65.44137,-65.332596,-65.22674,-65.69787,-67.90154,-69.59878
9504,True,-24.79415,-25.856014,-30.82694,-27.065542,-31.926975,-36.296185,-37.298447,-39.278282,-43.116398,-46.273426,-46.890045,-50.063263,-49.588963,-51.599537,-52.307404,-49.72414,-50.17263,-54.529613,-57.367535,-57.814453,-59.18549,-57.543987,-59.218132,-61.09621,-63.41735,-64.087975,-64.204895,-66.0337,-67.44567,-68.008,-70.1628,-69.15459
9536,True,-27.010075,-23.35141,-29.670937,-27.55234,-32.368385,-38.397354,-35.176147,-38.00937,-46.962856,-42.63144,-43.50656,-45.92995,-47.38336,-46.70672,-46.341866,-50.692436,-51.91545,-56.052727,-55.624466,-57.66657,-59.539062,-58.232365,-58.343964,-60.384003,-61.050262,-64.60877,-64.58168,-66.678055,-68.01729,-68.92747,-70.42665,-69.438354
9568,True,-27.308084,-30.49529,-31.489868,-32.854134,-36.074406,-40.413933,-37.792664,-38.725376,-45.554737,-43.396,-45.23995,-47.706284,-48.32019,-47.878628,-48.1546,-51.95797,-52.695946,-56.89217,-58.591938,-59.92937,-59.814346,-58.064545,-60.780617,-58.877125,-58.68701,-61.305294,-61.659042,-64.64905,-64.96648,-64.614426,-66.50625,-64.562004
9600,True,-22.332287,-27.062483,-28.318054,-27.200272,-32.828163,-40.56211,-38.56527,-39.185104,-44.6696,-39.20981,-43.744637,-49.711987,-48.26469,-52.227,-49.678886,-50.038357,-51.288834,-55.543743,-56.603615,-57.253784,-57.620262,-58.943104,-60.586838,-59.52313,-59.48059,-61.552197,-60.057316,-62.815586,-66.02292,-63.415104,-62.68301,-65.764366
9632,True,-23.387964,-22.173916,-29.245531,-28.386953,-32.03811,-38.783634,-45.54504,-45.71932,-48.88112,-44.219116,-45.986595,-44.217735,-46.938663,-51.546917,-50.546204,-47.763626,-52.06063,-54.348087,-55.797916,-61.045605,-59.89903,-58.714607,-59.88077,-59.08392,-61.068558,-62.021698,-62.179977,-64.43989,-66.55102,-66.23289,-66.28963,-68.9075
9664,True,-26.198345,-23.247856,-27.735415,-29.817467,-31.553272,-36.407265,-39.387634,-42.518257,-44.954052,-48.224747,-49.218334,-47.41775,-47.785446,-50.960068,-52.19002,-49.677956,-51.07281,-53.267265,-55.316666,-58.341705,-57.254997,-58.628086,-61.17373,-59.63275,-60.01413,-60.59128,-61.88719,-65.82333,-67.3176,-68.21151,-68.311584,-68.25703
9696,True,-25.816505,-21.890038,-31.037876,-29.504549,-34.760025,-37.523933,-40.089424,-42.00047,-44.232452,-44.7942,-49.370872,-48.309345,-45.255848,-46.00742,-47.89386,-47.343258,-50.419807,-52.996742,-53.90965,-56.937935,-57.90616,-59.809517,-60.214783,-61.00212,-61.64827,-62.113472,-64.05587,-66.20965,-66.84497,-67.9883,-67.47343,-69.388535
9728,True,-26.73229,-23.726982,-28.52055,-29.550695,-30.852526,-34.99347,-38.198547,-41.16396,-44.433598,-39.66916,-43.452606,-45.429657,-48.520157,-49.943855,-48.560753,-51.19445,-52.595932,-53.613235,-55.540627,-59.485966,-58.98162,-59.199444,-59.425354,-61.20205,-62.65168,-62.522507,-62.657997,-65.224464,-67.379005,-68.28888,-68.52985,-70.26964
9760,True,-24.282362,-23.196695,-29.846296,-31.81114,-35.058266,-38.692764,-39.630005,-42.058735,-41.07969,-40.815056,-42.253914,-43.60191,-47.86741,-54.156437,-52.068768,-49.930046,-50.112907,-54.15651,-57.845474,-56.31491,-58.118683,-60.621902,-59.39879,-62.548767,-61.901085,-63.924423,-65.35068,-67.33355,-67.21668,-67.93552,-69.262474,-70.417854
9792,True,-27.569437,-25.980278,-29.357546,-30.092724,-33.035503,-33.807922,-38.46534,-42.49238,-43.684345,-46.833553,-47.138817,-47.606033,-45.559494,-49.202213,-45.138145,-45.96627,-49.93924,-53.646236,-54.971333,-58.55415,-57.72688,-60.549088,-59.413574,-60.592556,-61.0735,-64.69609,-65.39263,-66.08269,-65.29009,-66.776596,-67.30405,-71.64121
9824,True,-25.068134,-24.786322,-27.986067,-28.103859,-32.16705,-36.733,-40.205074,-40.831345,-40.763596,-40.998642,-46.678284,-49.90446,-50.05012,-49.42765,-48.078224,-49.249863,-52.24015,-54.046097,-55.209698,-57.20173,-57.87752,-60.087925,-61.152824,-62.495934,-62.02181,-64.22459,-65.23309,-66.667625,-67.365654,-67.11038,-68.76716,-69.70239
9856,True,-30.026886,-23.68698,-28.520222,-30.797249,-33.725792,-35.05063,-38.977802,-43.151707,-46.46747,-44.380028,-41.984287,-44.52144,-45.805664,-49.256786,-47.47801,-52.060745,-52.99279,-56.767746,-56.483955,-60.181026,-59.791832,-59.115204,-60.926353,-63.102833,-61.60887,-64.7438,-66.80909,-67.69246,-66.77062,-67.58637,-68.560265,-69.43591
9888,True,-32.03234,-27.409794,-26.997803,-28.143112,-31.230408,-35.961994,-36.284897,-40.029358,-44.960674,-42.20633,-42.735985,-42.53614,-45.532547,-49.965233,-47.855816,-47.518078,-51.5709,-56.213516,-54.03588,-59.235985,-61.161407,-59.978947,-60.952663,-60.477108,-63.878956,-64.54801,-65.64644,-68.18993,-67.9274,-67.52604,-69.67128,-71.62795
9920,True,-27.755688,-24.570583,-28.896667,-29.705086,-34.031578,-36.213203,-38.7465,-39.522064,-41.56065,-41.063404,-43.455795,-46.52112,-45.006428,-46.60881,-46.99381,-49.049843,-51.5295,-54.59944,-56.339184,-61.14948,-62.263687,-62.24341,-59.045723,-61.627712,-63.182518,-63.635826,-65.77892,-67.16827,-68.912735,-69.28567,-73.02422,-71.019615
9952,True,-25.206573,-25.332594,-31.405045,-29.766665,-33.78604,-37.345,-42.006306,-42.493797,-47.092915,-43.84464,-46.593704,-44.2343,-48.729595,-47.928738,-46.174187,-47.58599,-50.595318,-51.821728,-55.704124,-58.211308,-59.813393,-58.951145,-60.16662,-60.49398,-61.088676,-64.86337,-66.11334,-67.35206,-69.92576,-70.41429,-71.72716,-71.88707
9984,True,-24.488373,-26.805038,-31.171408,-30.536564,-36.738354,-39.82053,-38.953796,-39.42099,-38.96669,-42.344772,-44.742172,-47.089027,-48.20267,-48.803516,-48.158226,-50.93399,-51.691948,-55.71701,-56.200165,-54.064552,-57.89013,-59.095882,-60.6792,-61.618202,-61.7863,-64.61943,-66.25385,-69.12862,-68.57464,-70.259834,-70.195496,-70.34038
