timestamp,faulty,band_0,band_1,band_2,band_3,band_4,band_5,band_6,band_7,band_8,band_9,band_10,band_11,band_12,band_13,band_14,band_15,band_16,band_17,band_18,band_19,band_20,band_21,band_22,band_23,band_24,band_25,band_26,band_27,band_28,band_29,band_30,band_31
0,False,-29.976027,-27.636688,-30.688372,-32.17338,-32.790504,-33.704742,-43.49298,-41.905613,-35.735184,-40.07458,-45.39779,-44.164284,-46.037632,-46.51125,-43.12639,-46.307716,-51.937172,-52.147594,-51.709743,-52.47136,-53.680428,-56.3374,-60.447754,-57.489544,-61.397125,-61.6192,-61.37625,-63.530663,-61.96514,-67.52914,-66.369385,-66.74126
32,False,-22.32588,-26.916258,-26.21309,-26.24343,-30.297691,-30.544912,-29.701347,-25.332855,-29.999924,-34.51911,-30.759289,-26.867775,-26.303225,-32.21509,-33.04954,-30.730667,-34.595436,-38.591217,-41.93965,-46.86921,-46.77955,-49.782352,-49.396137,-51.979885,-54.748276,-57.061802,-58.326897,-59.97301,-57.868584,-58.755272,-62.041286,-62.179302
64,False,-24.137962,-24.095957,-23.668407,-26.942389,-30.966011,-28.205505,-33.2066,-27.699242,-31.724083,-35.680614,-32.360844,-34.028507,-36.01973,-33.62845,-37.82553,-34.814713,-42.14303,-45.677223,-45.85707,-49.161224,-47.21724,-50.09716,-52.661057,-55.455635,-56.594624,-57.52605,-59.608196,-60.940643,-63.053383,-65.25193,-68.0395,-69.87693
96,False,-22.790392,-25.629988,-26.882895,-29.77353,-34.428917,-32.362488,-40.35916,-32.115406,-35.49415,-43.412666,-41.368965,-36.573875,-37.78537,-39.918106,-39.385284,-43.68395,-43.318222,-49.945816,-49.81255,-50.741272,-53.85746,-52.775364,-54.450653,-56.347042,-55.88362,-59.253014,-60.901455,-63.099,-66.83095,-69.376686,-70.46614,-71.1814
128,False,-26.037483,-26.829348,-26.464788,-30.547733,-34.599575,-31.008945,-37.368904,-35.62344,-33.490673,-39.90361,-39.143642,-39.054604,-41.974045,-42.481556,-40.594975,-42.74861,-45.09308,-46.6438,-49.75939,-50.480007,-49.812347,-49.91613,-56.047672,-57.139763,-57.56943,-58.050774,-59.098797,-62.548126,-66.74977,-69.242165,-70.17688,-71.46947
160,False,-28.919075,-29.321224,-27.023048,-32.22079,-33.858215,-31.28173,-37.999798,-36.37224,-36.710773,-43.74272,-46.166573,-43.28103,-41.477283,-44.449238,-42.47956,-42.942368,-46.971706,-49.573135,-48.59783,-50.89756,-52.571777,-51.815796,-54.59873,-56.64469,-58.19301,-60.29641,-61.626095,-62.184013,-65.46222,-69.148094,-70.641266,-71.23934
192,False,-24.970928,-26.389633,-28.158072,-33.28096,-30.830973,-29.334257,-38.677563,-34.753643,-36.137604,-39.853645,-37.612427,-44.25463,-42.672886,-45.693874,-44.55951,-46.37667,-46.164707,-49.392757,-51.931503,-52.46016,-51.377335,-53.902393,-54.71367,-56.546318,-56.509888,-59.08873,-61.844944,-62.409252,-65.43151,-68.24752,-70.68142,-71.05263
224,False,-27.211096,-29.032412,-28.795538,-32.34384,-29.67128,-29.882956,-38.448864,-42.504585,-38.76689,-39.60085,-38.73056,-43.173096,-44.52993,-45.97649,-46.26072,-49.78191,-47.391693,-47.969395,-50.39639,-50.282818,-50.386066,-52.27777,-53.134842,-56.971584,-56.98633,-58.58665,-60.606834,-60.189796,-66.5745,-68.913,-70.27243,-72.00623
256,False,-21.997671,-28.876572,-26.069223,-30.65786,-31.441763,-34.820187,-38.61491,-35.49792,-34.355236,-36.90947,-43.635487,-40.925194,-43.857456,-42.574333,-42.222553,-45.884148,-46.3666,-49.514065,-50.35659,-51.36467,-51.226646,-50.56194,-54.384975,-56.87437,-57.32826,-60.31526,-60.532146,-62.925354,-65.18013,-68.51157,-72.34808,-71.79497
288,False,-25.387676,-31.197023,-27.795218,-31.197853,-29.588833,-35.03323,-41.116226,-40.688843,-39.128033,-39.17877,-43.223022,-40.479607,-37.49368,-41.763466,-47.141117,-48.90448,-49.17151,-48.355896,-50.700287,-51.497902,-50.501766,-52.608524,-52.906113,-55.375484,-57.55283,-59.98321,-61.307884,-63.64421,-66.52094,-68.73234,-71.755684,-70.610725
320,False,-25.30452,-27.749874,-25.886353,-32.72289,-38.51819,-35.28707,-41.00475,-37.71484,-35.38959,-35.98648,-43.921844,-46.992897,-40.254654,-42.90461,-44.61287,-43.404694,-46.108242,-51.2467,-49.63633,-49.286316,-51.70672,-53.341835,-54.6289,-55.94995,-56.51886,-60.373077,-61.01875,-64.01436,-66.23811,-68.5323,-69.56774,-71.49744
352,False,-26.277903,-25.532187,-26.618021,-34.2455,-32.432804,-32.279182,-39.447357,-38.199585,-34.957336,-36.89349,-40.833214,-39.114155,-39.27357,-43.15579,-42.570717,-43.70623,-47.317028,-51.530796,-50.20147,-54.120247,-52.884666,-50.03731,-53.928795,-56.87632,-58.665966,-60.070885,-60.969166,-62.83165,-64.931076,-67.40024,-71.41679,-72.06995
384,False,-24.888798,-28.582012,-27.582542,-30.041178,-31.67603,-31.878138,-38.438286,-37.406265,-37.67693,-41.16138,-41.86865,-42.08885,-40.167828,-41.481964,-44.03618,-45.2037,-46.858276,-48.634254,-49.324608,-49.73898,-52.44046,-51.53595,-53.044746,-54.808804,-55.0362,-58.238396,-61.509712,-62.627144,-67.593796,-70.0889,-70.86402,-71.489296
416,False,-23.744217,-30.750763,-31.495579,-30.186237,-27.94479,-32.033043,-37.225212,-36.052547,-36.75911,-41.64995,-43.777252,-42.224403,-39.75696,-42.36567,-44.590927,-46.542286,-46.27624,-45.909134,-49.273342,-49.835945,-51.890965,-50.24195,-52.948326,-54.245228,-58.40033,-59.22995,-60.437767,-61.201347,-67.224625,-68.85413,-71.192505,-72.28195
448,False,-26.01742,-27.889069,-26.266926,-31.56437,-32.182343,-32.8506,-37.329334,-37.800663,-35.871494,-36.837547,-40.433918,-38.265926,-42.497616,-44.812336,-43.776173,-47.98356,-47.584743,-48.306343,-48.52894,-49.839115,-51.689278,-53.77274,-54.597008,-56.40825,-57.56468,-58.62268,-61.478973,-61.8404,-65.96927,-69.2322,-70.074936,-71.67987
480,False,-26.688847,-27.612011,-28.550026,-29.50225,-32.916885,-32.713573,-38.23864,-40.639824,-36.778473,-38.71521,-40.293343,-40.701836,-38.884876,-43.176422,-44.8272,-45.795494,-45.597836,-49.50249,-49.596397,-51.195724,-51.674915,-52.307037,-53.466496,-55.375904,-59.768673,-59.58963,-59.724583,-61.634388,-65.151794,-67.7553,-69.51644,-70.96749
512,False,-25.435402,-26.166437,-25.250547,-36.14204,-36.185043,-33.57868,-39.02571,-38.85747,-35.427277,-37.839462,-43.30246,-41.699448,-42.556377,-41.84557,-42.773174,-45.417667,-48.30522,-53.976013,-52.75846,-53.06115,-51.34352,-50.708866,-54.571117,-58.54938,-60.292847,-59.43863,-61.185116,-64.50828,-65.96135,-68.917175,-71.14796,-72.6402
544,False,-25.943638,-26.673557,-27.901585,-31.041443,-32.26685,-33.559372,-35.883667,-36.952633,-35.201496,-37.73877,-41.59202,-45.828037,-40.359722,-43.159584,-44.383728,-45.941727,-48.252968,-52.164265,-49.87938,-51.849457,-53.15041,-54.091614,-53.42592,-56.239246,-57.105045,-58.51765,-61.37333,-63.536064,-67.07596,-68.89933,-69.98395,-72.317474
576,False,-24.50035,-29.002665,-26.536217,-26.889648,-31.115515,-31.152653,-31.003078,-29.385029,-33.511513,-34.523056,-35.532642,-30.022593,-29.123468,-28.804682,-28.859642,-26.357815,-28.395363,-31.893135,-38.353046,-44.194317,-37.48455,-37.76953,-36.062233,-38.776962,-35.30171,-34.189762,-37.25636,-31.542492,-26.143879,-25.678314,-31.62333,-33.218666
608,False,-28.968096,-26.513117,-25.367516,-22.278254,-29.18388,-26.28906,-26.987423,-22.490213,-28.722713,-34.11257,-28.2726,-27.18854,-26.860685,-23.87315,-26.07312,-23.03878,-27.175629,-29.235134,-31.542122,-35.792686,-31.3896,-30.356703,-30.977201,-32.637566,-29.974213,-27.843819,-31.556856,-28.460104,-22.746275,-22.658428,-27.475689,-29.257912
640,False,-27.69693,-26.973875,-25.64412,-29.966476,-31.418917,-29.058273,-38.857437,-29.776747,-31.85464,-36.24146,-36.624615,-37.300762,-33.057972,-33.682007,-35.49437,-33.951515,-36.02345,-41.58468,-43.169205,-48.11406,-44.29841,-40.56217,-45.762943,-46.75547,-43.276028,-39.202675,-38.86742,-40.96257,-36.099434,-35.89437,-42.288704,-46.05635
672,False,-23.358604,-28.316843,-28.955667,-31.067448,-32.160038,-31.684566,-38.34081,-31.576141,-33.82167,-39.646336,-37.314144,-38.937004,-39.980186,-37.446068,-38.44609,-39.32698,-44.225925,-43.838448,-45.23642,-48.897102,-48.600494,-44.36722,-47.33015,-49.31801,-47.533207,-42.731354,-42.44621,-43.680553,-40.907856,-40.475636,-46.475086,-50.35593
704,False,-26.055014,-29.209053,-28.205582,-32.32846,-35.221718,-34.527077,-37.281612,-36.49281,-39.662724,-45.965714,-44.10823,-43.204628,-42.002216,-43.475193,-44.81863,-44.428658,-44.862247,-47.09486,-48.175068,-49.60441,-45.56691,-46.42927,-49.564857,-50.847507,-50.495796,-46.566727,-47.454586,-48.720505,-45.65176,-46.407837,-50.800827,-54.127953
736,False,-26.87368,-25.632002,-27.083872,-34.192806,-30.91729,-32.111237,-36.81461,-39.05316,-39.447166,-40.116444,-42.085915,-42.728443,-43.254467,-41.348564,-43.400574,-44.37339,-46.24561,-47.739075,-48.609856,-50.739674,-52.04509,-48.751236,-51.975826,-53.687023,-52.74553,-51.827477,-52.53441,-52.422543,-48.492664,-49.83694,-56.031197,-60.552696
768,False,-25.898657,-24.84908,-27.27084,-30.789797,-33.460266,-31.965542,-37.190758,-39.82411,-40.279778,-41.504784,-40.68975,-41.504448,-38.260277,-39.932514,-43.48455,-43.767643,-47.88598,-47.22931,-50.33956,-50.033142,-49.19227,-53.96691,-54.743023,-56.80038,-54.21722,-52.709347,-55.125916,-57.311398,-53.542538,-55.43399,-62.007236,-63.697304
800,False,-25.943226,-27.009647,-27.528187,-34.222607,-33.082184,-34.707626,-39.25777,-36.379147,-39.195015,-44.35592,-40.04799,-44.637543,-42.866493,-43.35478,-44.292458,-46.72444,-47.602028,-50.901115,-49.134193,-52.537354,-53.298134,-53.214684,-54.311203,-55.08838,-55.793995,-56.359234,-56.2073,-59.32892,-58.007202,-59.009098,-64.32263,-67.72803
832,False,-25.84845,-26.434612,-28.256025,-30.46752,-35.258057,-35.313267,-36.58464,-38.26859,-38.608635,-41.55216,-39.466103,-40.251152,-41.234707,-44.349983,-45.10901,-45.359783,-48.76731,-50.245224,-48.21199,-53.093513,-52.07861,-52.319115,-52.517338,-54.55774,-57.702938,-58.69734,-59.492363,-61.18854,-59.59207,-60.93926,-68.05947,-69.72768
864,False,-26.609118,-29.473429,-27.92917,-28.698416,-33.00955,-30.163727,-35.92974,-36.667652,-37.21353,-37.533012,-39.905724,-42.88581,-39.53712,-41.266666,-46.18302,-45.098724,-43.936264,-46.36269,-49.78304,-52.805668,-54.063,-51.53083,-53.23915,-55.154476,-57.879642,-59.71811,-59.409367,-62.51618,-63.123962,-66.232155,-69.57475,-71.36387
896,False,-23.049461,-24.253017,-28.829014,-33.805496,-37.00168,-32.011414,-37.154118,-34.55668,-35.768738,-37.750175,-41.603455,-41.341766,-39.27083,-43.49701,-45.372272,-42.408466,-46.548534,-47.435688,-50.59472,-50.494118,-51.94915,-51.173607,-53.576492,-55.328327,-57.385643,-59.04898,-59.42249,-63.83871,-63.247734,-67.29262,-70.68895,-71.90551
928,False,-24.327333,-28.071861,-30.3956,-29.979029,-33.202232,-33.633213,-36.065132,-38.941277,-40.031433,-39.623466,-40.476948,-41.466797,-41.98462,-43.873,-43.33794,-43.091614,-45.866123,-44.531406,-47.987762,-52.927876,-51.033775,-51.55255,-56.82901,-56.06601,-58.23019,-58.551212,-59.825096,-61.945515,-65.66652,-67.90673,-70.241905,-71.44293
960,False,-26.425678,-27.17015,-30.450117,-31.421661,-35.98483,-32.64292,-36.06552,-40.937763,-37.423233,-38.86634,-40.76012,-38.983303,-43.022316,-43.161934,-43.261993,-47.645184,-45.67826,-46.367516,-50.06384,-51.99253,-54.276802,-51.507412,-54.455128,-59.527096,-59.004242,-58.90622,-59.87144,-63.29472,-65.907555,-69.38443,-70.8714,-70.266846
992,False,-25.132906,-29.233162,-27.691366,-29.978878,-33.901237,-30.014965,-36.232384,-40.47852,-38.04136,-37.827854,-37.8171,-40.23119,-38.849197,-41.99841,-44.15531,-44.318275,-44.527718,-47.914642,-49.942112,-51.015663,-52.04481,-50.30171,-54.545197,-55.233017,-57.237038,-59.83689,-61.48972,-63.460537,-66.076,-67.20152,-70.81395,-72.21526
1024,False,-26.261208,-27.968727,-27.881498,-32.565876,-30.34261,-32.22385,-39.247,-39.40311,-37.542725,-39.473835,-37.460876,-40.518375,-40.64763,-43.26649,-43.548058,-43.273994,-47.051853,-47.2283,-49.573845,-49.95611,-50.965355,-52.587708,-56.85309,-56.564766,-56.932484,-59.59185,-61.3002,-62.078857,-64.60461,-68.7996,-70.612885,-72.16787
1056,False,-25.47471,-25.440447,-28.08711,-31.979353,-31.99353,-34.58225,-37.94544,-35.427467,-35.771935,-40.504513,-44.511566,-41.359657,-40.73029,-45.62098,-44.869633,-46.020313,-47.771683,-47.62874,-48.209232,-50.68782,-52.045444,-51.934246,-53.807865,-56.184425,-58.10911,-59.936844,-61.707474,-65.04177,-66.72468,-68.5254,-70.2093,-70.785736
1088,False,-27.028404,-27.379536,-27.394382,-35.449474,-33.380383,-33.122646,-37.181183,-38.222412,-40.017513,-39.728043,-41.719406,-40.130962,-40.75744,-44.739056,-43.446465,-45.477413,-47.57225,-51.25317,-47.308556,-48.295464,-51.621723,-51.93576,-55.184006,-59.51597,-57.315468,-60.13628,-61.558365,-62.79469,-67.06864,-67.748955,-69.62847,-72.13245
1120,False,-25.865324,-23.934824,-23.148064,-30.687876,-29.949207,-32.89229,-32.37035,-31.341358,-35.40872,-37.616333,-37.165424,-34.58852,-32.746376,-35.543007,-35.973614,-34.849922,-37.395123,-42.547928,-47.87008,-48.947,-48.207325,-49.94122,-51.303764,-55.39947,-57.63237,-58.584118,-59.41273,-61.990543,-61.67522,-62.95496,-66.104965,-67.62822
1152,False,-27.191826,-27.344809,-26.0828,-25.308609,-27.460478,-27.629698,-32.89614,-25.49061,-30.443317,-34.80057,-29.950897,-30.880404,-30.328476,-31.482197,-34.87355,-30.66362,-36.23904,-41.30612,-43.516914,-47.77337,-46.303825,-47.246277,-49.19284,-54.636017,-55.072155,-55.159866,-58.175236,-60.566216,-57.567463,-60.440887,-63.521454,-65.83597
1184,False,-26.84303,-26.55162,-25.534933,-32.262123,-29.54075,-28.786058,-37.44918,-34.73281,-34.1198,-36.31443,-40.756535,-39.90215,-36.0851,-37.07007,-40.77157,-43.06761,-43.775078,-45.65339,-47.116096,-50.922543,-50.49355,-53.738083,-54.1241,-57.101738,-58.387924,-60.54779,-60.07492,-63.88817,-65.19621,-67.84755,-69.77084,-70.75898
1216,False,-26.267149,-28.494308,-27.594748,-31.026882,-32.197144,-33.490814,-40.21299,-36.4598,-35.155254,-36.442776,-37.757942,-40.524246,-41.47257,-44.024715,-44.211716,-41.104473,-44.55047,-46.42155,-46.00696,-47.734512,-50.329136,-54.364124,-54.873432,-56.322918,-58.154026,-58.954872,-62.572685,-63.488346,-65.799286,-69.06307,-70.64838,-72.095634
1248,False,-27.47281,-28.886307,-27.511581,-29.564972,-33.08797,-31.928612,-39.378963,-37.59099,-38.46105,-42.102684,-39.968258,-41.58818,-42.03714,-44.849937,-46.375008,-43.62139,-45.859035,-49.256893,-48.598457,-51.301083,-50.34159,-51.051666,-53.919434,-56.87366,-58.120453,-58.811455,-60.726894,-64.517555,-66.36411,-68.95298,-69.52546,-71.76592
1280,False,-28.444115,-23.231325,-27.494822,-35.031387,-34.395046,-32.660213,-37.171566,-35.67449,-34.416916,-40.863476,-40.164906,-39.37897,-40.415573,-42.810894,-41.735397,-44.94892,-45.94461,-48.38841,-51.190075,-50.782265,-52.53196,-53.831673,-53.294945,-55.960068,-57.642975,-60.229347,-59.490852,-62.972588,-66.02879,-68.30965,-70.83385,-71.86778
1312,False,-28.979588,-27.251862,-26.339933,-32.304268,-34.097725,-29.686886,-35.951065,-39.033195,-37.964005,-40.284782,-40.82832,-38.760773,-42.043236,-46.051872,-43.812252,-48.09174,-48.40836,-48.56134,-46.948963,-49.556595,-51.198517,-50.614388,-54.11552,-57.742073,-56.850197,-59.600998,-61.365013,-62.73545,-66.54401,-68.26862,-70.69233,-74.61605
1344,False,-24.359623,-28.4731,-25.46558,-30.122795,-31.830664,-31.988848,-39.471737,-38.683846,-40.05568,-42.85818,-40.547997,-40.504555,-41.413,-43.437576,-42.924038,-45.033524,-46.347153,-46.683353,-47.32692,-51.408638,-51.124207,-53.96803,-53.9675,-56.660446,-59.483444,-58.854527,-60.62223,-64.02927,-66.71361,-67.83017,-69.03288,-71.080734
1376,False,-27.626663,-29.88453,-28.017561,-29.084667,-32.357018,-30.312782,-36.799767,-35.955757,-36.883278,-42.63984,-39.859764,-39.38879,-39.537,-40.806686,-45.85106,-44.346943,-48.01916,-48.878284,-48.732086,-51.56767,-51.282837,-56.186787,-56.25284,-57.596886,-58.73207,-58.221542,-61.113094,-63.61181,-65.84337,-69.39867,-71.193054,-70.75786
1408,False,-28.116076,-27.086472,-25.958412,-29.812586,-32.51389,-31.024147,-34.020805,-38.10595,-40.64611,-39.488686,-41.8155,-42.047215,-40.347515,-43.505623,-45.3261,-44.45261,-48.71499,-49.320107,-50.234863,-50.405075,-49.173542,-51.647915,-54.382,-57.470093,-57.235146,-59.67781,-62.24762,-63.97802,-66.48432,-68.58886,-69.28439,-72.026024
1440,False,-27.788227,-27.984745,-26.335312,-33.9515,-34.57865,-31.467987,-35.655067,-36.572098,-37.365276,-38.276085,-42.58229,-43.488506,-40.120705,-42.77624,-43.48925,-44.836227,-45.512527,-48.83385,-48.664455,-50.96996,-50.272938,-50.819862,-54.66671,-56.186836,-58.159374,-57.94683,-60.623096,-63.712975,-67.06685,-68.11402,-69.89129,-71.153244
1472,False,-26.517284,-25.811596,-27.110281,-32.377216,-31.93383,-32.881615,-33.981663,-34.45514,-35.61959,-38.05757,-40.68165,-39.997208,-40.392113,-46.202934,-42.634956,-43.730545,-46.70381,-49.606766,-49.361725,-52.097355,-49.825512,-50.222206,-53.825478,-56.194057,-57.705147,-59.703766,-60.805,-64.21823,-67.37772,-69.03846,-70.45514,-71.39308
1504,False,-27.113398,-30.287552,-28.035011,-32.380527,-36.322437,-34.728752,-38.260223,-36.83771,-38.85889,-39.701187,-41.2134,-40.3866,-38.141376,-40.256065,-41.46851,-42.48303,-45.501232,-48.43336,-49.514217,-53.0534,-51.189785,-53.551254,-55.232536,-54.709705,-56.290123,-58.187252,-60.72109,-63.46409,-64.94368,-68.10022,-71.9826,-71.367676
1536,False,-28.38866,-28.96167,-30.043001,-37.45006,-35.10001,-29.77793,-39.02952,-40.27258,-35.857086,-36.311516,-40.537567,-40.328564,-40.22482,-44.836975,-45.605995,-43.26714,-48.345253,-48.824715,-49.022804,-50.403248,-50.233696,-50.37705,-56.019115,-57.040092,-59.145874,-60.062176,-62.388287,-63.23822,-66.08157,-67.31885,-69.87949,-71.69162
1568,False,-26.661203,-26.322731,-28.895802,-29.369434,-32.89691,-32.64779,-35.78433,-36.50895,-39.15503,-40.760036,-37.929718,-39.70401,-41.356068,-42.616173,-46.31735,-47.73034,-47.82042,-47.895584,-49.902424,-52.125324,-50.88272,-51.749855,-54.6948,-56.244526,-58.021275,-59.692795,-59.30689,-61.80451,-64.52575,-68.95334,-70.24991,-71.00587
1600,False,-26.204996,-25.849453,-27.308332,-28.160275,-27.375765,-33.065983,-38.220936,-39.155537,-39.077038,-38.998993,-38.81186,-38.99629,-37.671387,-40.607662,-43.317318,-46.10749,-45.65874,-48.77815,-49.640892,-50.419174,-50.17357,-51.566772,-53.489132,-54.89029,-57.995182,-60.192352,-60.58262,-61.930546,-67.08648,-68.30643,-69.03548,-71.50768
1632,False,-27.194752,-25.891418,-25.956905,-29.242023,-31.94912,-31.88052,-36.091217,-37.554657,-40.871548,-40.030243,-40.769123,-38.847507,-37.266994,-45.65426,-44.880775,-43.37638,-46.990044,-50.3468,-50.837425,-51.940845,-52.35721,-50.37012,-53.69514,-56.230515,-58.94043,-59.41664,-61.263603,-63.753223,-65.62694,-69.0363,-70.11034,-70.853485
1664,False,-26.953484,-26.334131,-25.857409,-30.041817,-31.972301,-32.28632,-30.530025,-28.777843,-32.605892,-36.94351,-35.471912,-29.231064,-28.482182,-27.93909,-28.554966,-25.356462,-27.438828,-30.907621,-37.199905,-42.68358,-36.608273,-36.67409,-35.30324,-38.158882,-34.394573,-32.77688,-36.761967,-30.259274,-25.214212,-25.151196,-28.963787,-29.520323
1696,False,-22.07286,-24.812904,-26.448803,-26.329346,-29.93226,-28.767462,-28.758438,-24.204865,-30.605793,-35.543476,-28.150856,-27.63023,-28.426918,-24.42075,-26.650032,-23.511112,-27.777855,-29.865276,-31.868504,-36.180393,-32.001675,-30.422373,-31.588627,-33.4885,-30.248318,-27.709442,-32.340202,-28.994848,-23.20324,-23.428585,-27.265976,-27.57087
1728,False,-22.220905,-29.669285,-29.685791,-27.880442,-31.858034,-33.880745,-39.285885,-29.369839,-32.552635,-39.716007,-39.66016,-38.08561,-34.371494,-34.472363,-38.062645,-35.81037,-37.311443,-42.448963,-42.969494,-46.759766,-44.18501,-41.12983,-45.37371,-46.219692,-43.1903,-39.34495,-39.610207,-41.416412,-36.211067,-36.162308,-42.011433,-44.987316
1760,False,-25.87231,-25.037365,-27.32033,-27.476631,-28.719864,-33.037086,-37.813477,-35.22788,-38.2424,-38.501984,-37.765877,-39.06095,-41.418873,-37.70326,-41.01941,-39.92702,-42.16028,-44.183384,-46.1845,-49.270325,-46.200195,-44.228653,-49.053513,-49.57689,-48.000793,-43.40213,-43.134613,-43.604744,-40.715836,-40.59903,-46.225555,-49.03897
1792,False,-26.348925,-27.999336,-27.95086,-28.732445,-32.634857,-32.31606,-37.393593,-35.10464,-34.63949,-35.178497,-42.98152,-39.689735,-40.869377,-41.90836,-44.900917,-43.37648,-43.59355,-45.665657,-46.559364,-50.906883,-48.730865,-48.787476,-49.07793,-52.434177,-50.11518,-46.688572,-48.229553,-49.10026,-45.01481,-45.76469,-50.836617,-54.72384
1824,False,-23.75539,-31.069927,-27.906944,-31.221851,-33.038475,-31.767159,-38.438995,-38.263912,-39.8703,-40.8633,-36.962234,-39.80846,-40.64316,-39.665302,-42.950253,-45.87235,-46.20775,-46.146645,-44.950058,-47.69687,-50.041374,-49.1853,-52.026184,-53.568264,-52.057613,-51.303295,-52.013428,-52.710938,-47.730637,-49.142517,-56.434326,-60.29995
1856,False,-26.320944,-25.698328,-26.625502,-31.180576,-31.313854,-30.944206,-36.21612,-36.05415,-35.800232,-39.190224,-36.402786,-37.958492,-40.449738,-41.36423,-44.29632,-45.257362,-45.847466,-49.10583,-45.477005,-48.91577,-48.9954,-50.83554,-53.898697,-53.433834,-53.78203,-53.052773,-55.325226,-56.796158,-54.522163,-55.88116,-61.239834,-66.181175
1888,False,-25.7603,-27.138172,-27.699505,-32.180275,-31.480286,-34.26541,-42.441917,-35.647705,-34.642822,-40.013107,-41.851635,-41.807907,-41.345924,-46.326363,-44.91948,-44.042988,-47.82044,-47.078743,-50.14488,-50.424072,-50.084023,-52.60402,-52.52881,-54.071182,-55.430584,-55.48625,-57.47426,-59.845512,-58.576584,-58.941605,-65.32653,-66.25003
1920,False,-25.703945,-24.518288,-25.146597,-27.729074,-34.064556,-37.13015,-39.335922,-40.681244,-38.629166,-39.36707,-37.19508,-43.476925,-47.868607,-49.89323,-46.094078,-44.952377,-47.8897,-46.161976,-50.495335,-50.247566,-50.644077,-51.39936,-53.651306,-56.13394,-55.428146,-58.04336,-59.532516,-59.988983,-59.780327,-61.616955,-67.40912,-69.462036
1952,False,-21.164333,-25.507313,-27.898457,-28.660097,-30.805614,-32.284435,-38.050674,-36.34243,-38.119907,-37.732246,-43.23702,-42.75578,-44.276375,-46.39916,-44.872765,-43.404243,-43.894344,-49.959076,-49.79376,-49.759125,-49.53686,-52.88822,-53.486107,-54.29463,-56.512493,-59.28219,-61.538345,-61.90715,-62.598732,-64.48122,-69.711365,-70.94409
1984,False,-24.44659,-32.004055,-28.661396,-34.485294,-32.95215,-30.830097,-38.598534,-37.71858,-38.708363,-43.194946,-39.87016,-41.36708,-37.84378,-41.24304,-43.66997,-43.844418,-44.75391,-47.503773,-48.253456,-52.776794,-54.629116,-54.84177,-54.642483,-55.584034,-57.86625,-58.857937,-60.821095,-63.009407,-66.285965,-66.80966,-70.29721,-72.12506
2016,False,-24.180248,-27.121986,-30.093231,-30.447426,-33.121796,-31.30285,-38.223293,-37.49563,-35.279354,-39.547066,-43.38409,-39.28562,-42.407192,-45.169792,-45.451645,-44.299232,-45.20481,-48.02093,-50.25264,-49.924427,-51.50045,-53.93212,-53.24637,-55.001167,-58.25579,-58.275337,-62.34936,-63.081097,-65.07152,-67.96728,-70.349945,-72.2203
2048,False,-26.272152,-29.682316,-26.006329,-30.31316,-32.931133,-31.836012,-37.343254,-39.972927,-37.335983,-37.455357,-39.633823,-41.72167,-42.85962,-45.27661,-44.332253,-45.76517,-49.477234,-50.454807,-47.439323,-51.461178,-51.8759,-54.582386,-56.2153,-55.922756,-58.75658,-60.723057,-61.925926,-62.216526,-66.20268,-68.75116,-70.773605,-71.24755
2080,False,-26.85522,-28.64028,-27.07595,-33.996807,-32.712948,-36.162437,-40.1556,-39.84051,-37.21884,-38.330944,-39.645363,-39.233707,-43.67755,-44.218372,-42.480957,-43.430866,-46.85816,-49.550217,-51.348618,-51.516266,-54.42627,-52.383427,-53.4637,-57.146965,-56.65157,-59.24069,-61.59539,-62.716755,-67.18058,-68.517815,-70.56634,-72.48485
2112,False,-25.596176,-25.760666,-27.5165,-33.246597,-37.159782,-34.620556,-35.743145,-35.071434,-36.47551,-38.722775,-40.79584,-41.142136,-40.079765,-45.296387,-48.150917,-48.96486,-49.52369,-50.810223,-48.837364,-50.9104,-50.709225,-51.80818,-54.1997,-56.022663,-59.679485,-58.247658,-61.32086,-63.2584,-67.30777,-68.581245,-69.8456,-70.7892
2144,False,-31.746056,-29.545671,-27.436762,-29.39751,-31.400085,-31.732082,-38.386337,-36.537132,-37.726856,-38.716633,-40.69451,-38.529213,-41.52165,-41.618828,-44.38078,-47.845802,-47.213417,-49.713623,-50.566414,-50.79798,-52.134773,-51.10256,-53.656174,-56.055344,-57.637882,-60.10441,-61.745132,-61.769493,-66.371414,-66.700745,-69.179214,-66.544334
2176,False,-27.665224,-29.567099,-25.274122,-28.20878,-30.844877,-36.978226,-38.033863,-38.358578,-37.908703,-38.640385,-41.625866,-37.358597,-40.870636,-44.394447,-42.654503,-43.506054,-44.547928,-49.210274,-50.25147,-51.035934,-50.28524,-52.268745,-55.657673,-58.548397,-56.727997,-59.758644,-59.431908,-62.77531,-65.53837,-67.560646,-69.36329,-69.15357
2208,False,-20.764406,-28.072092,-26.44161,-33.028748,-31.752056,-30.081217,-37.310936,-40.613174,-36.34804,-37.972,-39.417747,-41.305305,-39.549023,-44.762085,-43.276962,-45.042038,-48.417114,-46.740555,-48.486053,-49.78022,-49.440147,-50.293457,-53.96691,-58.07827,-56.78235,-58.295464,-58.7991,-61.25585,-66.02527,-68.57088,-70.477615,-70.90595
2240,False,-22.435852,-28.360939,-26.633852,-26.15596,-29.265472,-29.680756,-27.726545,-24.204777,-28.34079,-34.691452,-27.580116,-27.704712,-26.97448,-30.565735,-32.04064,-28.291075,-33.50743,-37.706806,-42.2011,-46.689125,-43.910564,-47.22128,-46.43942,-51.31482,-54.310707,-54.333405,-55.096737,-59.809742,-55.33346,-56.85986,-61.798836,-62.527824
2272,False,-24.985939,-24.944363,-25.36942,-27.344463,-29.738583,-28.586523,-36.63609,-31.4587,-32.48826,-37.48241,-38.142048,-38.11559,-38.110924,-37.24382,-39.265358,-38.07969,-42.223587,-48.42453,-49.339638,-50.540623,-51.025654,-52.142776,-53.16752,-55.052372,-56.40192,-58.27301,-61.380417,-61.101093,-65.94026,-67.77549,-68.90579,-70.50408
2304,False,-24.23404,-24.879015,-27.547121,-28.577757,-28.986359,-29.870436,-35.978687,-34.781853,-36.15252,-40.0505,-38.237587,-40.038353,-38.046036,-40.283356,-41.495033,-44.427254,-47.85962,-47.797413,-49.03896,-51.075645,-52.177963,-52.097153,-54.936333,-56.168095,-57.94879,-58.358795,-61.067753,-64.61627,-65.4822,-67.03288,-70.24292,-71.47038
2336,False,-22.7546,-25.423468,-31.50018,-30.41796,-32.441315,-32.422386,-38.811447,-34.76194,-40.090977,-38.400803,-40.10074,-41.91101,-40.359375,-41.65045,-41.176506,-41.12988,-45.572212,-47.237892,-48.736496,-51.53428,-51.380463,-52.46927,-55.714535,-58.225407,-57.39747,-59.9436,-61.115387,-63.0185,-66.578186,-69.272354,-70.97054,-71.35083
2368,False,-26.354124,-27.754135,-26.951195,-31.927069,-36.59467,-36.081116,-34.70477,-36.093353,-37.390102,-39.221607,-39.238384,-42.777996,-42.666077,-45.539127,-43.57299,-45.258415,-48.13266,-50.304016,-49.66274,-52.125694,-52.59723,-53.062157,-53.952675,-55.12834,-58.94098,-59.369617,-63.10134,-64.24766,-66.70117,-70.07698,-70.643715,-71.35139
2400,False,-25.888845,-27.161873,-24.505136,-29.523773,-31.945055,-34.80605,-38.311188,-38.14101,-39.151234,-42.53964,-37.61086,-40.11756,-41.91853,-43.50262,-47.147602,-46.9191,-49.495007,-51.304893,-49.17469,-48.904686,-49.577362,-50.16176,-53.835503,-56.72381,-58.614944,-59.426975,-61.497917,-61.84105,-64.185974,-69.336555,-70.83838,-70.30435
2432,False,-24.869835,-29.333698,-27.670399,-29.983217,-31.313133,-30.582928,-37.096897,-36.963226,-37.102135,-39.01714,-42.86524,-40.39718,-39.99604,-42.466732,-42.22246,-43.176155,-45.451904,-50.550415,-48.04897,-50.24781,-51.3324,-52.45173,-55.794823,-59.517075,-58.514385,-58.180614,-60.62883,-63.245358,-67.06537,-68.745964,-71.33118,-71.27867
2464,False,-27.99032,-31.37719,-25.80308,-28.337986,-31.468046,-34.564774,-35.975132,-33.574066,-35.021748,-37.540634,-41.048428,-43.619705,-42.473087,-41.741833,-42.09439,-41.63187,-47.486137,-48.014072,-49.09824,-50.467205,-54.724545,-53.29814,-54.485428,-57.54634,-60.03237,-58.938213,-60.066242,-64.272354,-67.0103,-69.72983,-71.3764,-71.61363
2496,False,-27.173672,-26.336668,-28.718397,-30.674026,-32.59115,-34.164017,-40.023384,-41.087666,-39.14644,-39.647568,-37.92018,-40.71587,-40.47575,-42.71084,-42.05078,-45.42095,-47.120186,-47.88291,-47.098103,-52.23843,-52.254272,-52.100845,-55.127724,-57.570488,-57.09091,-62.098164,-62.13514,-64.432686,-65.218796,-67.92157,-71.75918,-71.711464
2528,False,-24.957659,-28.560055,-25.706396,-30.066925,-31.064844,-30.74666,-38.84855,-38.991245,-35.851437,-39.77681,-42.99359,-41.683136,-41.49279,-45.43646,-43.061825,-43.017693,-47.109024,-50.38,-47.56128,-49.398987,-51.075993,-52.885494,-52.14666,-54.35575,-57.93461,-59.33486,-61.074413,-61.82714,-65.23115,-67.59943,-70.661606,-71.50214
2560,False,-25.91006,-25.409092,-26.070175,-30.858192,-31.391216,-29.813416,-37.184624,-40.13289,-39.136894,-42.845963,-44.66434,-43.101738,-40.23593,-46.477875,-42.319775,-42.846485,-46.398323,-49.05043,-46.71209,-49.443687,-49.404938,-52.57652,-53.206856,-58.170506,-55.277687,-56.706932,-59.489494,-63.961033,-65.06515,-67.32721,-70.34318,-70.62654
2592,False,-26.797266,-25.152462,-26.816103,-29.095028,-30.271095,-34.75134,-38.54003,-41.91567,-38.21098,-39.143253,-44.10668,-40.515152,-41.69037,-46.96842,-44.65981,-45.24765,-43.43708,-47.32287,-46.778114,-51.046707,-51.13653,-50.796658,-55.014923,-56.943054,-58.85386,-58.507645,-60.763935,-63.017464,-65.13175,-69.51074,-70.24166,-71.36015
2624,False,-27.710487,-28.373983,-25.815403,-30.030788,-31.844694,-33.549515,-33.626152,-33.9877,-32.22839,-41.340427,-42.483124,-43.889313,-42.8413,-42.470955,-41.301193,-42.8535,-46.351295,-47.857395,-47.90915,-50.068623,-52.12759,-52.249645,-56.53604,-56.36704,-60.41226,-59.965767,-61.102295,-64.466866,-67.73547,-70.33017,-71.5075,-71.503075
2656,False,-22.882881,-26.236797,-26.288593,-26.73434,-32.040886,-29.887115,-36.666435,-37.43345,-37.064095,-38.87185,-37.613403,-40.619667,-45.381035,-42.8947,-42.28779,-46.88607,-45.667816,-47.459335,-48.053566,-49.373665,-53.71138,-54.383545,-56.486786,-56.582493,-58.465637,-60.849422,-61.29724,-64.35828,-68.36056,-70.0047,-70.54479,-71.03392
2688,False,-28.794464,-29.135675,-25.629967,-28.441608,-31.628849,-31.082708,-36.66451,-35.97404,-33.7112,-38.889305,-41.23738,-37.83107,-38.96866,-43.871075,-43.012016,-44.784092,-46.876534,-46.726105,-49.407738,-53.020485,-51.507538,-52.129486,-55.30792,-57.923546,-58.115025,-60.415504,-60.5217,-63.683884,-67.57811,-67.54579,-69.78052,-71.333374
2720,False,-26.394815,-25.847164,-27.617235,-29.565647,-31.390287,-34.222942,-38.72129,-39.31928,-38.46886,-39.765526,-40.962585,-40.034447,-39.958347,-42.938496,-42.487137,-43.788734,-46.121414,-47.38334,-49.82613,-51.90885,-50.751957,-52.90239,-54.904766,-58.30916,-57.8969,-59.345337,-60.52694,-62.088665,-67.09798,-69.374405,-71.29514,-71.59024
2752,False,-26.698975,-25.423052,-23.094387,-32.517513,-33.133293,-35.88726,-38.108772,-39.86405,-38.378902,-38.1007,-40.389046,-43.549023,-44.50384,-45.37691,-44.528137,-46.321198,-47.638416,-47.430363,-49.15413,-49.235275,-52.623634,-52.737278,-54.22052,-56.22974,-58.032726,-60.603477,-60.778214,-63.667717,-66.775375,-70.32091,-71.97049,-71.7844
2784,False,-27.390057,-25.311436,-25.11118,-23.947704,-27.516108,-27.91381,-26.08686,-22.06491,-26.58614,-35.124584,-29.401505,-24.193554,-23.663433,-22.418278,-23.183586,-20.400974,-22.438278,-25.474699,-30.282633,-35.962902,-30.13935,-30.38575,-28.751509,-31.205807,-27.5979,-26.17414,-29.694613,-25.272133,-19.39539,-19.688074,-23.559387,-26.591997
2816,False,-27.258444,-26.96273,-24.94339,-25.938368,-31.031054,-27.689716,-32.26705,-28.452894,-32.361492,-38.922913,-31.30657,-30.56945,-32.593285,-28.8954,-32.178596,-29.06221,-34.449894,-38.339165,-36.87005,-40.7069,-38.74809,-36.954914,-40.253395,-41.52389,-37.50709,-34.570965,-36.132084,-35.42853,-31.24842,-31.999063,-35.041306,-38.793358
2848,False,-23.875576,-28.117786,-27.017723,-28.3392,-31.07831,-31.077356,-36.474274,-32.520393,-35.78037,-43.197533,-38.418785,-34.36254,-33.91506,-34.271935,-35.74062,-38.232174,-42.57086,-44.303726,-43.913948,-47.55631,-43.34639,-41.131138,-45.108906,-47.85616,-46.019585,-39.85974,-40.228607,-43.540886,-38.867004,-38.625717,-44.33912,-47.276566
2880,False,-25.709896,-29.77198,-24.014597,-27.390373,-35.20581,-33.747677,-39.038563,-35.141685,-37.349438,-40.479755,-39.9017,-37.498116,-39.315323,-40.897823,-41.244736,-38.624123,-40.7506,-43.71589,-46.445793,-48.912598,-47.35672,-44.84878,-50.093937,-50.13296,-48.67651,-44.737083,-44.8037,-45.797558,-42.86444,-42.796158,-48.28029,-51.657776
2912,False,-26.039064,-25.11588,-28.101463,-33.035553,-34.53029,-31.518469,-35.019913,-36.085594,-38.955853,-38.437588,-42.474483,-39.662537,-40.969383,-41.94023,-43.577885,-43.678,-47.163425,-46.423874,-45.9171,-49.59336,-47.181305,-46.239468,-50.685646,-53.13745,-52.486057,-48.202988,-48.69239,-49.36321,-47.806244,-47.633415,-53.42855,-57.435364
2944,False,-24.62332,-27.357294,-26.410336,-30.111092,-32.75174,-30.261744,-36.37529,-38.36531,-35.83659,-40.974007,-38.151516,-38.273026,-40.348507,-41.239975,-45.783005,-43.94023,-46.616062,-48.372627,-47.998375,-48.599564,-49.598747,-50.590805,-54.36031,-54.558655,-52.690483,-53.861576,-52.163513,-53.28891,-50.79233,-51.663414,-58.843075,-62.128387
2976,False,-23.378872,-28.718903,-29.564018,-34.58652,-32.485985,-32.947548,-41.057392,-37.59544,-38.936676,-40.039635,-40.520588,-45.418907,-43.060402,-42.36668,-44.44915,-42.297623,-43.064285,-48.195374,-50.08493,-51.79837,-50.70135,-51.701042,-52.065666,-55.625504,-54.149517,-53.175842,-54.954536,-57.295223,-56.506405,-57.869896,-62.659203,-65.86291
3008,False,-26.962666,-23.544403,-27.889782,-31.644379,-31.08376,-31.660044,-38.524727,-40.826283,-37.0437,-39.2847,-40.74528,-40.073418,-38.680492,-41.580814,-39.948242,-39.973213,-43.473476,-47.35366,-51.94792,-51.188885,-51.91633,-51.764847,-53.3319,-54.578735,-56.34911,-56.52105,-59.790054,-60.167953,-60.25005,-60.296856,-65.61327,-70.06914
3040,False,-20.931578,-24.70235,-25.199993,-31.624882,-36.774593,-31.854326,-38.686825,-36.082047,-33.948013,-42.02675,-45.357937,-42.059082,-42.38897,-43.256172,-45.62397,-46.347725,-44.797977,-47.47246,-49.319042,-50.94436,-52.651485,-50.92875,-53.777622,-55.479668,-56.324886,-58.031506,-59.940372,-61.645805,-61.591473,-62.56867,-69.79532,-69.91399
3072,False,-28.333082,-26.392729,-26.281853,-30.036917,-32.243454,-31.776833,-35.969173,-37.031742,-37.18331,-39.725517,-36.964153,-41.58379,-42.661034,-45.105824,-45.308594,-45.380768,-46.498055,-48.02649,-47.806877,-49.717106,-52.812523,-52.4897,-51.8,-54.747738,-56.77777,-58.030643,-61.821285,-63.609116,-66.015076,-65.578896,-69.22809,-69.59859
3104,False,-28.027912,-27.843973,-28.140142,-29.927643,-31.022406,-33.226933,-34.61021,-36.760128,-35.285164,-38.37245,-41.20372,-41.49939,-42.76265,-43.23734,-43.69232,-46.389336,-45.832237,-47.144836,-49.429,-50.9651,-52.350365,-53.286247,-53.2116,-55.449524,-57.641087,-57.955544,-60.876503,-64.565025,-65.68965,-67.64697,-69.49565,-70.88297
3136,False,-26.066303,-28.826496,-29.000303,-32.80471,-32.010498,-30.007565,-35.941658,-37.22466,-33.753098,-36.761955,-38.94196,-39.98378,-38.48621,-43.17568,-46.950165,-44.10508,-47.31995,-46.889984,-46.09119,-48.755928,-51.217163,-51.68239,-55.42683,-57.01592,-57.395775,-60.207897,-60.678288,-63.012142,-65.02707,-66.9234,-68.96951,-70.11334
3168,False,-28.720596,-27.000591,-26.802956,-31.871088,-33.45567,-33.65646,-38.65016,-37.95804,-34.281982,-39.14774,-41.896725,-39.23337,-40.16705,-40.324627,-43.134953,-46.084602,-47.810295,-48.91657,-50.281734,-49.779743,-51.622437,-52.814377,-53.51433,-55.5495,-57.353363,-58.591957,-61.576653,-63.668488,-63.47113,-67.35787,-69.66087,-69.5457
3200,False,-22.884933,-25.402752,-25.558187,-32.027534,-33.75988,-35.40558,-38.03166,-37.5321,-37.093273,-38.29946,-42.44658,-39.00795,-37.91753,-42.734814,-45.810963,-43.11139,-47.23328,-49.924126,-49.777073,-50.12812,-50.12336,-51.08,-54.489143,-55.662895,-58.76567,-60.298954,-61.33506,-63.626877,-65.01092,-67.33931,-70.48193,-70.78665
3232,False,-23.927582,-26.86531,-27.536726,-30.537933,-32.016785,-34.92872,-40.351547,-37.236916,-36.461414,-38.46474,-42.38586,-40.120388,-38.569534,-42.8706,-45.77013,-44.539665,-43.923565,-48.63777,-48.07182,-48.830296,-51.48928,-53.213814,-55.843864,-57.81723,-56.088387,-59.506683,-61.423153,-63.22606,-66.86371,-69.01689,-69.764626,-70.94201
3264,False,-25.94059,-25.65531,-25.121304,-27.45918,-36.455006,-31.972494,-39.413715,-37.63327,-35.478878,-37.443863,-44.120632,-43.52706,-39.584965,-40.897255,-41.34935,-42.657986,-46.12129,-47.408966,-46.722084,-53.259674,-52.22256,-50.445133,-52.70511,-55.441593,-57.07806,-59.645897,-61.27865,-63.128468,-66.03786,-69.443344,-71.241806,-71.2136
3296,False,-26.466873,-26.919865,-29.004812,-32.1548,-35.8794,-31.061558,-34.022118,-35.58674,-38.142227,-36.41074,-41.946175,-40.491463,-42.172047,-44.025955,-45.762142,-45.792786,-46.276512,-49.977802,-50.468727,-50.455643,-49.92096,-50.7279,-54.18835,-57.854942,-58.217606,-59.322243,-62.034958,-61.80465,-66.03774,-67.94483,-69.796234,-72.01632
3328,False,-21.646193,-27.330383,-24.657291,-24.891403,-26.229218,-28.221865,-28.372787,-22.927544,-27.031319,-34.875645,-29.344809,-27.59747,-27.130371,-31.045326,-32.995316,-29.105165,-33.332565,-38.019447,-40.415993,-47.147026,-44.63826,-46.984573,-46.61039,-51.205936,-53.280212,-53.86763,-57.350826,-58.249565,-56.520477,-57.67276,-62.017265,-61.958076
3360,False,-26.633244,-32.667435,-27.082197,-30.5526,-29.62075,-30.073841,-35.088196,-33.366695,-37.08956,-40.884056,-37.48313,-35.120445,-35.539547,-38.401283,-40.337147,-37.633087,-43.363228,-44.944717,-49.400925,-50.227623,-52.02144,-52.672638,-52.8948,-54.28884,-58.134697,-59.35433,-60.272522,-63.744835,-66.757744,-69.68022,-70.23703,-70.437065
3392,False,-25.348644,-25.69664,-25.867023,-29.827885,-35.649803,-35.832745,-35.88692,-32.525375,-33.603718,-38.739452,-38.837093,-40.012783,-37.22306,-41.34153,-45.137352,-44.399063,-45.9673,-43.994514,-48.050735,-51.406292,-50.19921,-51.52824,-54.34702,-55.1075,-58.96847,-59.879196,-61.06597,-62.67177,-66.137695,-68.34749,-69.83539,-72.299484
3424,False,-22.764275,-32.38955,-29.72955,-29.194832,-33.819725,-31.834518,-37.866337,-37.416092,-34.730457,-37.480064,-39.09176,-40.73412,-43.374886,-43.322506,-43.208996,-42.71135,-44.96393,-46.773037,-48.53341,-49.646057,-48.664215,-50.7012,-53.121033,-58.4485,-59.066063,-58.751312,-59.974457,-61.2468,-65.60739,-65.9554,-69.03976,-68.912384
3456,False,-24.084864,-25.952272,-29.429304,-34.26404,-34.616302,-33.777412,-38.239483,-40.20969,-39.04514,-38.958908,-40.696777,-41.87787,-38.984867,-44.532772,-42.953396,-42.955933,-46.204994,-49.224953,-48.124504,-49.858963,-49.408882,-50.98607,-54.721764,-55.277473,-59.955154,-60.791264,-60.84626,-62.85125,-65.02963,-67.46509,-67.193405,-68.11879
3488,False,-28.059607,-28.451288,-27.540901,-31.793022,-30.754526,-30.330715,-35.4652,-36.486008,-36.35461,-37.96231,-41.3147,-42.191612,-41.332474,-44.20603,-44.86317,-42.807587,-47.313385,-47.790203,-49.347363,-50.454628,-50.181953,-53.213623,-54.1455,-56.23451,-56.302803,-58.547092,-59.526474,-61.60419,-66.26395,-68.97318,-69.725006,-70.895256
3520,False,-26.592735,-27.415432,-26.241934,-29.468077,-32.79373,-31.853882,-36.228973,-38.839993,-34.72415,-40.936844,-38.64968,-38.953655,-41.98552,-42.82953,-40.996174,-42.8237,-46.43221,-49.71554,-47.16333,-51.056778,-53.821926,-53.732777,-54.474697,-56.42045,-54.82933,-59.277805,-60.868217,-63.199203,-65.443054,-69.11845,-71.35629,-71.96832
3552,False,-25.888775,-26.399729,-28.674318,-32.81153,-38.08594,-31.042349,-37.631653,-36.364044,-35.96202,-42.845207,-40.617958,-43.590885,-42.4592,-42.753597,-46.58265,-46.240562,-48.53876,-47.4683,-46.449066,-49.85669,-51.314262,-51.24321,-53.678875,-57.346043,-57.454662,-59.94869,-60.515762,-61.67514,-66.49053,-68.45967,-70.438736,-71.44426
3584,False,-25.160671,-23.502338,-24.387209,-31.115898,-31.141884,-31.605291,-33.212482,-35.382343,-37.99759,-39.434525,-38.35825,-41.159874,-44.19773,-46.108036,-46.874676,-45.155746,-45.18002,-49.59427,-49.86397,-51.998756,-50.137005,-52.283745,-52.60908,-53.81269,-55.470924,-59.240967,-60.574116,-61.142048,-65.430115,-68.368965,-70.03373,-71.22487
3616,False,-25.319427,-25.544197,-22.57431,-32.74815,-38.043915,-32.532555,-36.472,-36.222702,-33.236774,-36.97601,-38.354523,-40.073097,-39.36586,-41.423573,-46.58644,-45.812992,-44.915092,-47.62999,-47.210686,-52.79594,-51.33264,-50.04844,-53.85353,-56.86303,-56.246094,-60.677635,-60.790524,-61.75207,-63.530243,-67.05926,-67.80258,-68.448685
3648,False,-23.763416,-22.510891,-23.171776,-32.17075,-36.005795,-29.70334,-36.824535,-39.988472,-41.118523,-43.190556,-40.30846,-40.426758,-39.282116,-43.997604,-45.101295,-46.523903,-43.680836,-45.12771,-49.516342,-48.767265,-50.272354,-50.77849,-53.24245,-55.42481,-56.605507,-59.06626,-60.489902,-62.351643,-62.49773,-65.25476,-68.409515,-67.56418
3680,False,-26.296625,-26.50568,-27.549479,-30.887177,-33.003036,-30.978424,-35.957394,-37.06076,-37.39482,-43.265396,-42.752193,-45.879044,-41.626163,-43.35208,-43.350796,-44.788574,-45.624027,-45.842896,-48.505676,-51.026207,-52.935406,-53.448273,-56.728592,-57.33852,-58.14014,-59.159317,-60.639824,-62.953373,-65.5166,-66.51083,-69.49291,-70.41762
3712,False,-23.7659,-26.300934,-28.104301,-30.890188,-35.244385,-32.251617,-35.441708,-38.418076,-37.959026,-39.09473,-39.783337,-44.38922,-41.78888,-41.004528,-43.34536,-46.130096,-46.21605,-49.271484,-49.267746,-51.364746,-52.921318,-53.439255,-53.391678,-55.68075,-58.325348,-60.03962,-61.722244,-63.616432,-65.77173,-67.64535,-72.02043,-70.08188
3744,False,-23.553812,-24.466621,-24.844307,-30.675793,-34.273884,-32.293304,-36.70405,-37.950523,-38.101086,-40.360703,-41.888084,-44.459423,-42.9854,-43.099167,-44.27784,-44.945316,-46.844223,-47.59784,-49.664413,-51.963722,-51.542847,-52.339584,-54.21103,-56.525646,-58.180042,-58.443893,-60.93444,-62.032413,-63.545994,-62.39003,-62.113018,-63.208702
3776,False,-24.206808,-27.661873,-25.272264,-27.971975,-34.738106,-33.562473,-36.564278,-36.55285,-37.818363,-41.50824,-44.499683,-37.346687,-40.082645,-44.240868,-44.985687,-45.896683,-46.51779,-48.28901,-49.190426,-52.020092,-49.639164,-52.89617,-55.388126,-56.672127,-56.321068,-57.120953,-60.632248,-59.808403,-62.255665,-64.83457,-62.035923,-61.95095
3808,False,-24.998026,-31.576052,-24.590012,-28.198538,-35.878918,-37.169968,-35.947662,-35.424442,-35.88512,-39.943577,-42.97477,-44.780674,-44.685158,-44.564003,-44.94385,-47.08244,-46.311794,-47.56603,-50.86899,-50.551186,-50.68041,-52.127747,-55.303062,-56.510628,-57.32756,-59.337048,-61.99896,-62.555977,-66.00646,-68.66241,-68.73551,-69.625565
3840,False,-27.054155,-31.839409,-28.473959,-24.546413,-27.819784,-30.330542,-25.913774,-23.005043,-28.581734,-32.02353,-27.769346,-23.762323,-23.25897,-22.732964,-23.330309,-20.186928,-22.736477,-25.871864,-30.479795,-36.377636,-30.213879,-30.552237,-28.894758,-31.195312,-27.620432,-26.28827,-29.805239,-25.529024,-19.464148,-19.442545,-24.05514,-28.272154
3872,False,-23.410933,-28.440807,-27.086449,-22.970806,-29.73164,-30.847107,-33.417435,-27.42266,-31.626644,-34.395393,-32.34325,-33.60472,-30.272808,-28.740091,-32.13097,-28.944027,-34.298294,-37.745358,-36.437283,-41.484028,-39.451645,-36.707146,-40.73576,-41.63963,-37.768982,-34.583847,-36.570183,-35.58753,-31.49239,-31.947514,-35.67303,-39.929893
3904,False,-26.333666,-26.144781,-28.87518,-29.541311,-31.289576,-32.145496,-36.260124,-32.485226,-31.445028,-37.143295,-36.492302,-36.25569,-35.408432,-34.726227,-38.863983,-40.689636,-41.157272,-43.680157,-43.22587,-47.89661,-45.46955,-42.005333,-45.38359,-47.53943,-46.181507,-40.263428,-40.834053,-43.455166,-38.50173,-38.19182,-44.177975,-47.790035
3936,False,-23.675634,-25.96382,-25.190746,-28.213371,-30.92442,-32.06106,-37.12784,-35.75748,-36.5654,-39.94449,-39.02402,-38.2437,-42.253387,-42.1334,-39.452507,-39.43524,-41.910038,-44.295155,-45.34246,-47.451065,-47.96843,-44.252743,-49.22274,-49.936478,-48.458397,-45.077038,-45.04796,-45.95953,-42.901283,-43.025555,-48.393715,-52.269196
3968,False,-23.763672,-28.091087,-25.147572,-30.059473,-32.159172,-35.016506,-36.568787,-36.816177,-38.883747,-37.916187,-42.35207,-41.63478,-40.01071,-42.42744,-43.820034,-42.002808,-46.13967,-45.967278,-47.33898,-48.892952,-46.82041,-46.944756,-51.46218,-53.80064,-53.23692,-48.65723,-49.420494,-49.029602,-47.773933,-47.640923,-53.02126,-57.315956
4000,False,-23.712639,-27.608793,-28.083208,-32.50829,-32.295383,-33.08356,-35.395218,-36.041466,-34.199425,-37.145706,-42.756924,-41.72951,-38.241993,-42.673363,-43.51213,-42.28067,-43.56256,-46.883083,-49.266094,-52.031586,-51.836494,-51.386227,-52.417282,-55.44647,-53.730133,-52.388214,-53.843475,-54.340485,-50.64222,-52.161102,-59.22457,-63.173294
4032,False,-23.828186,-25.805092,-28.659742,-29.572714,-35.870487,-32.123543,-38.337215,-36.734764,-34.461754,-35.313354,-42.90629,-43.117794,-41.457664,-42.035847,-42.259346,-45.93759,-45.479046,-46.817875,-48.948982,-50.98543,-52.68863,-50.554028,-52.669865,-53.665436,-56.020092,-55.890434,-55.801483,-58.52575,-56.147446,-57.770317,-62.962933,-65.31673
4064,False,-24.995901,-28.007076,-28.081402,-32.811306,-34.514065,-29.056643,-37.25322,-36.59415,-33.052963,-37.44445,-40.889427,-42.506443,-41.44791,-42.367664,-41.891323,-45.388454,-46.636024,-48.09654,-49.95301,-51.287094,-52.94931,-53.554756,-54.981895,-54.960598,-56.201332,-58.7583,-57.986988,-62.149338,-60.55185,-61.67721,-66.213394,-69.69749
4096,False,-25.393528,-26.410263,-23.628798,-26.195553,-36.058304,-35.63387,-37.28614,-35.750294,-33.77239,-37.332966,-40.035652,-42.623245,-43.897263,-44.1542,-43.2007,-43.376183,-46.38627,-48.86272,-48.020836,-50.9383,-51.65645,-51.46305,-55.38656,-56.0255,-58.565716,-59.49527,-60.213757,-61.75428,-62.208992,-64.4218,-68.467514,-70.65134
4128,False,-23.487722,-26.12196,-25.42529,-31.16453,-36.817764,-34.08664,-34.549915,-37.411697,-34.626987,-37.639675,-39.368195,-44.99269,-41.483784,-45.525673,-44.494095,-46.195015,-45.79502,-52.009197,-50.356354,-53.63263,-53.62528,-54.54098,-55.850048,-55.600502,-57.969948,-58.3936,-59.738163,-63.22793,-64.79775,-67.29452,-70.7685,-72.09758
4160,False,-24.8528,-27.80652,-28.3264,-31.427544,-32.05873,-34.044743,-40.547146,-39.666668,-39.33525,-41.24355,-40.08268,-40.74596,-40.890522,-43.64917,-45.078156,-44.648277,-47.117027,-48.9193,-48.824,-53.626144,-51.231236,-50.959225,-54.42321,-56.015724,-58.655563,-59.219246,-63.53447,-65.692245,-65.28811,-69.65584,-71.373505,-72.44383
4192,False,-26.983507,-27.317696,-30.46558,-25.402315,-30.255356,-35.40812,-38.33462,-37.492226,-36.535927,-40.238724,-41.571156,-44.99142,-38.79373,-42.18456,-43.921997,-44.419422,-44.203003,-47.152298,-46.27729,-50.726616,-52.685276,-51.353477,-52.546135,-56.211617,-58.041073,-58.047607,-60.00605,-63.494095,-68.017365,-69.79738,-70.81256,-71.67092
4224,False,-21.81472,-26.574776,-25.719225,-29.552515,-32.83506,-39.356915,-37.965553,-36.686424,-37.842754,-42.412254,-42.05043,-41.79665,-42.82764,-42.067352,-42.98586,-46.18446,-48.20007,-48.87527,-49.82307,-52.247734,-50.926548,-51.7697,-55.410065,-56.707993,-56.476044,-58.201412,-61.311497,-62.413383,-63.681976,-66.84477,-67.16983,-67.817444
4256,False,-23.310678,-21.800884,-22.991331,-34.00929,-32.607647,-33.783344,-33.97742,-34.98416,-36.833607,-40.865288,-40.689465,-39.533478,-38.814693,-44.681526,-41.196438,-43.85859,-46.674118,-48.652267,-52.085857,-51.097603,-53.316635,-51.100254,-54.02066,-55.47421,-56.066517,-57.77163,-61.43695,-62.266815,-66.099014,-68.784645,-69.87845,-70.06454
4288,False,-23.979855,-27.300608,-29.007246,-34.706417,-35.91909,-32.078094,-34.22192,-36.209152,-40.91017,-39.145847,-40.370354,-44.536552,-42.308098,-44.3096,-43.340527,-48.237312,-47.416634,-50.400833,-50.17054,-47.804256,-50.870937,-50.941605,-54.516598,-57.39547,-57.86131,-58.152348,-59.48431,-60.986744,-66.44959,-68.02214,-70.96349,-71.18107
4320,False,-26.234425,-31.008184,-30.431185,-33.75458,-34.263294,-32.354042,-36.32172,-37.480934,-35.96063,-39.428165,-40.604534,-40.41693,-42.714302,-44.64264,-46.3801,-45.126842,-46.450546,-47.501682,-47.593494,-49.515118,-50.390163,-52.296722,-54.308395,-57.843327,-57.879776,-59.80693,-60.472885,-62.80456,-67.107056,-69.24736,-70.407295,-70.69048
4352,False,-23.511297,-26.133224,-30.5068,-35.45202,-35.7858,-34.16545,-35.696823,-39.81712,-37.306183,-37.818928,-38.218506,-41.90616,-42.00468,-45.213093,-45.68645,-44.7555,-44.3556,-46.767212,-49.046688,-50.60952,-52.871254,-51.592735,-54.21721,-57.854954,-57.1163,-59.591454,-61.758392,-63.010693,-67.4255,-69.38814,-69.68692,-71.77466
4384,False,-28.324444,-27.886526,-27.287865,-31.601095,-33.408485,-33.049297,-34.540848,-34.52568,-36.103485,-37.748466,-40.96229,-38.1519,-37.532875,-40.729256,-39.022057,-39.265446,-42.139698,-46.21563,-50.419327,-52.438313,-50.527145,-49.98608,-53.194847,-57.34208,-58.018707,-60.110477,-62.46926,-62.691017,-62.860584,-64.4929,-66.61559,-65.28704
4416,False,-25.94772,-26.415699,-28.641384,-26.7663,-28.332636,-28.558987,-29.793528,-23.620157,-29.180809,-34.577927,-31.130905,-30.813763,-29.62795,-31.286835,-34.10197,-29.722404,-35.124268,-39.184536,-41.7596,-46.143757,-46.130898,-47.63214,-48.614773,-54.061085,-54.585148,-55.218243,-57.089268,-58.472973,-57.453274,-58.134697,-61.6129,-61.573376
4448,False,-26.867802,-27.199984,-32.524685,-28.82633,-31.686802,-29.570778,-35.80525,-33.988575,-35.757717,-38.12478,-36.60665,-35.909428,-37.182125,-37.47114,-41.092075,-39.520706,-43.570194,-49.386055,-46.202198,-49.206448,-51.8029,-53.04085,-54.690647,-56.127934,-57.19595,-59.225594,-62.055122,-63.275455,-63.227028,-67.45509,-69.36164,-69.595825
4480,False,-26.321285,-28.850502,-27.677767,-30.192148,-33.298363,-33.31746,-37.9027,-35.423355,-36.907974,-40.224796,-41.111946,-41.16991,-38.666195,-42.84138,-47.89091,-44.179108,-45.376495,-48.05934,-52.691647,-51.839638,-51.89753,-53.58377,-54.512104,-56.17028,-58.813557,-60.620026,-62.026558,-64.21119,-66.15554,-70.41524,-70.12826,-70.348915
4512,False,-27.787632,-29.633732,-28.5326,-28.53725,-35.264908,-32.925762,-36.89748,-35.02526,-35.59159,-40.7773,-43.103218,-40.628403,-38.25714,-40.708595,-42.70904,-41.88551,-47.77488,-46.46769,-47.19517,-51.82128,-51.648674,-51.19888,-52.48963,-55.3606,-56.53572,-59.54982,-62.048264,-65.503494,-66.95365,-69.22281,-69.99155,-72.025566
4544,False,-23.202827,-27.25484,-29.084923,-31.76411,-33.877853,-29.22025,-33.618134,-39.29723,-38.262924,-40.77354,-41.137806,-42.01101,-38.53966,-41.891727,-42.50378,-44.216446,-46.5884,-47.77914,-49.341278,-51.745895,-53.49602,-51.64194,-52.69349,-55.267353,-57.92505,-61.23226,-62.775463,-63.592987,-65.86892,-67.69013,-68.95654,-71.59258
4576,False,-25.26949,-26.066887,-29.158684,-29.212687,-32.18719,-31.039219,-35.174213,-36.965645,-38.98264,-42.263798,-42.335045,-40.999485,-39.29532,-43.19053,-46.233273,-46.4193,-44.43848,-49.4942,-48.29031,-51.47585,-52.216667,-52.686844,-53.973694,-54.84585,-58.163193,-60.443436,-61.480667,-62.10905,-64.649765,-67.934845,-70.53675,-71.37189
4608,False,-22.43046,-32.35414,-31.665619,-28.698101,-30.874859,-30.261585,-37.128613,-37.33624,-38.63898,-42.160942,-45.18742,-40.94866,-40.566017,-42.25509,-44.877754,-45.524254,-44.546124,-47.927986,-49.465515,-52.060043,-50.672382,-52.523888,-54.01215,-56.136047,-56.915188,-59.649857,-61.67064,-63.89077,-65.79299,-69.11989,-70.6224,-69.999535
4640,False,-26.006887,-28.004566,-25.433931,-29.541378,-31.21598,-31.666393,-36.1535,-39.428204,-38.901398,-40.084263,-40.79473,-39.62343,-39.39404,-42.650215,-44.05029,-44.59227,-46.13506,-47.168423,-51.926895,-53.072876,-51.74747,-51.63307,-54.300503,-57.491203,-59.44338,-60.674496,-61.004074,-63.82853,-67.11711,-69.598694,-70.17976,-71.661285
4672,False,-22.891151,-26.974096,-26.479744,-28.391808,-30.169662,-33.38333,-37.189014,-38.97595,-38.20199,-38.36329,-38.698563,-41.04208,-42.10209,-45.675655,-44.843636,-45.967335,-46.20311,-46.733177,-50.889114,-53.072468,-50.492764,-52.54793,-53.949455,-54.383698,-57.691956,-59.420696,-60.86832,-63.95627,-65.79489,-70.30501,-69.73689,-69.98869
4704,False,-26.812363,-29.166718,-32.513943,-30.145603,-31.68819,-32.04582,-35.502953,-37.89952,-36.1016,-35.662678,-38.23224,-39.356354,-41.144848,-45.02269,-42.25579,-43.967022,-44.74888,-46.131836,-50.36491,-53.12149,-53.39838,-51.86876,-54.71239,-57.02458,-58.695282,-59.213074,-60.136322,-63.196045,-66.949135,-68.37525,-70.164185,-71.144295
4736,False,-25.203438,-27.565203,-25.879362,-32.2401,-34.66044,-31.248466,-36.756737,-37.096386,-37.114788,-38.379803,-41.255333,-40.446606,-39.866737,-46.099773,-46.70843,-45.20636,-47.47276,-49.51578,-48.73961,-50.71376,-50.4316,-51.175163,-56.026222,-59.11993,-58.373276,-58.806835,-60.373596,-64.16537,-68.01368,-66.63833,-70.2486,-71.09807
4768,False,-26.053774,-26.47209,-28.893469,-27.146305,-31.569689,-34.328133,-36.10801,-37.48221,-36.238617,-42.00512,-40.37236,-40.190014,-40.229725,-46.110313,-44.16369,-48.09857,-44.735622,-46.053062,-48.560337,-51.323986,-52.87269,-53.293133,-57.02589,-58.306625,-56.928993,-58.49991,-60.85487,-63.52602,-65.422005,-67.055984,-70.38322,-71.80128
4800,False,-23.332329,-25.143265,-25.588898,-28.136372,-31.844906,-36.111526,-41.92337,-38.078754,-38.63086,-41.079025,-43.308163,-40.55325,-39.609444,-42.61581,-43.552162,-45.611084,-45.61698,-48.296753,-48.812485,-50.7769,-51.21061,-52.72573,-55.15839,-56.860424,-56.19959,-59.886078,-61.41348,-62.152374,-66.87071,-69.01404,-70.74051,-71.34341
4832,False,-25.058634,-27.74059,-26.801865,-27.074612,-32.74172,-29.594566,-36.833866,-38.530624,-35.792343,-40.199085,-42.881054,-38.71022,-38.98848,-42.99965,-42.956905,-45.059517,-44.11552,-45.535522,-48.85192,-51.212803,-50.451714,-52.64725,-54.29139,-57.35304,-56.444706,-58.821358,-60.146194,-61.771576,-66.72149,-68.74716,-70.11709,-71.212944
4864,False,-22.76221,-26.14721,-26.839931,-31.758537,-32.50632,-34.074078,-37.573532,-40.398148,-38.191425,-39.40213,-42.79638,-41.878845,-42.70225,-44.948532,-44.134212,-45.509544,-46.131702,-47.774094,-47.87106,-49.85836,-50.157505,-50.45433,-51.613396,-56.549915,-59.046482,-58.77197,-61.28914,-62.91029,-65.53995,-69.71528,-72.23346,-71.45219
4896,False,-26.764622,-27.635393,-27.551947,-31.413858,-33.749702,-32.880714,-38.896088,-40.57425,-38.586174,-42.333244,-41.238823,-42.183018,-42.925217,-40.917454,-44.020485,-44.808163,-49.041435,-47.671276,-49.108025,-53.3408,-52.18231,-52.182304,-56.307137,-58.995586,-59.621742,-59.87152,-60.04314,-61.268906,-65.88516,-68.54077,-71.92311,-72.18912
4928,False,-26.010696,-25.890678,-26.523949,-28.935493,-33.735245,-32.45221,-37.92672,-37.062584,-38.949707,-40.161736,-39.98898,-42.06051,-39.996532,-39.801933,-42.22859,-43.39454,-44.452038,-47.471165,-50.02282,-50.40187,-51.11433,-51.575512,-52.67775,-54.317432,-53.7445,-55.544037,-57.686424,-51.041336,-46.719673,-45.756523,-52.47532,-53.953705
4960,False,-28.257347,-26.165573,-27.724218,-22.493652,-29.198969,-28.598824,-25.907328,-21.83797,-27.012184,-34.384037,-26.473202,-23.166893,-23.985119,-21.698835,-22.95537,-19.990559,-22.67149,-25.275507,-29.468801,-34.815376,-28.7974,-28.548677,-27.582853,-29.826574,-26.720245,-25.260431,-28.79572,-24.95307,-19.075676,-18.780579,-23.90636,-25.66748
4992,False,-27.898792,-28.366966,-26.349957,-25.818663,-28.847692,-31.541384,-36.1276,-28.931038,-33.37632,-39.47134,-32.897816,-34.726845,-35.12241,-31.667692,-33.74328,-30.58622,-35.760326,-40.867302,-41.069122,-44.9399,-44.518055,-41.37266,-43.239864,-45.59195,-40.19325,-37.436172,-37.69117,-38.300148,-34.265717,-34.261314,-39.64769,-44.078293
5024,False,-24.50369,-28.091753,-28.035786,-29.189316,-29.76407,-34.676422,-37.82625,-38.369038,-38.01587,-41.074375,-39.64314,-38.196262,-37.751835,-36.686188,-40.68448,-38.85785,-41.919136,-43.191074,-43.04661,-47.35706,-44.331306,-43.439453,-46.101753,-48.404713,-46.826443,-40.951504,-40.57787,-43.72158,-39.49959,-39.150745,-44.840385,-48.173786
5056,False,-23.515585,-28.724648,-28.157581,-28.536186,-34.334503,-33.93032,-36.641544,-35.388298,-39.078117,-42.74235,-40.536694,-43.83869,-43.508053,-40.877518,-41.97814,-41.93846,-45.351482,-48.793053,-46.49314,-48.44637,-48.100044,-47.57233,-49.956665,-52.158394,-49.633633,-45.971836,-45.99842,-47.226463,-43.931202,-44.115105,-49.3214,-53.053238
5088,False,-27.19086,-27.239801,-27.451897,-36.49164,-36.623714,-35.257423,-37.734665,-35.785316,-40.40375,-39.426765,-38.99978,-46.319054,-42.27334,-42.872128,-41.875286,-42.71897,-44.051758,-46.79739,-45.696007,-48.887802,-48.117237,-50.05924,-51.86552,-55.306847,-53.117973,-49.94548,-50.766426,-50.922195,-48.49582,-48.796654,-53.53889,-59.05176
5120,False,-26.374342,-24.846897,-26.022299,-29.31453,-34.830715,-34.439133,-39.57167,-35.05156,-39.974796,-37.992226,-37.767925,-41.201843,-42.44005,-41.81933,-43.059116,-44.58643,-47.67159,-46.749527,-47.031403,-48.965565,-50.613293,-50.357307,-53.66491,-54.12517,-53.27955,-54.250713,-54.650444,-54.84625,-52.067524,-53.617138,-59.917694,-63.023865
5152,False,-26.88659,-29.004307,-28.611319,-28.113136,-30.978937,-35.225597,-38.678974,-37.573334,-35.375618,-40.494366,-40.692833,-40.899338,-42.359665,-44.889202,-44.85548,-45.98927,-44.3743,-44.847065,-49.444775,-50.933777,-52.71904,-52.56037,-56.59025,-55.089943,-54.381714,-54.31633,-55.804886,-58.495182,-57.801094,-58.28156,-63.54984,-65.86107
5184,False,-27.655258,-26.595385,-24.181166,-32.213444,-35.512627,-34.164738,-37.14252,-38.06649,-33.566597,-39.559883,-39.263577,-42.418724,-40.42401,-42.340782,-45.447067,-43.150173,-46.442413,-50.23901,-49.307243,-52.512127,-51.98767,-52.391552,-55.59115,-55.844807,-57.46447,-57.6242,-58.65946,-62.79232,-60.51734,-61.114555,-65.62913,-68.475296
5216,False,-26.117401,-27.898453,-27.22652,-31.708797,-36.794823,-34.69508,-36.956184,-38.739773,-35.410934,-38.895916,-42.078175,-41.557465,-40.9205,-45.826775,-47.66643,-47.686188,-49.749294,-49.09962,-49.283142,-52.374138,-52.825474,-54.74478,-55.537952,-56.96045,-55.541084,-57.164734,-59.890335,-61.92142,-62.969555,-64.88862,-69.32519,-70.7714
5248,False,-24.931526,-28.747375,-24.498856,-29.667904,-33.488907,-33.51522,-37.813354,-37.378273,-37.660748,-37.339863,-42.55246,-38.9186,-39.66033,-45.327774,-45.19954,-45.358143,-45.45772,-49.574806,-49.256577,-50.687824,-52.461403,-52.909626,-52.84077,-55.700153,-55.885574,-57.97489,-60.929333,-62.358315,-65.29077,-67.68084,-70.29527,-71.290565
5280,False,-24.48641,-28.74292,-27.682837,-31.973265,-34.128986,-36.057983,-35.51363,-37.44206,-37.60575,-38.586605,-40.761223,-39.460827,-40.186962,-43.3036,-43.861626,-45.723732,-47.512306,-46.981586,-49.41959,-50.18797,-51.89343,-54.38997,-53.810616,-57.17002,-57.622406,-61.563362,-62.82148,-61.996994,-64.97765,-67.413956,-70.686386,-73.17882
5312,False,-25.667364,-25.581268,-27.028675,-33.109,-33.41998,-35.61023,-39.078964,-38.2046,-35.079155,-38.038536,-40.62409,-41.86611,-44.332233,-47.846226,-45.182182,-44.911438,-48.173565,-51.236313,-50.424957,-53.711895,-52.0559,-51.1458,-53.75515,-55.217323,-59.214592,-60.34784,-61.380356,-63.698303,-66.054565,-67.630295,-70.37571,-70.72972
5344,False,-24.901215,-27.500746,-28.03794,-30.7321,-35.548187,-32.955112,-36.944736,-36.9755,-36.0587,-40.930325,-40.026096,-41.95698,-43.773685,-47.97532,-41.60734,-43.769108,-45.515793,-47.05979,-49.217484,-50.50019,-52.58122,-51.45449,-54.744835,-56.952858,-57.767975,-58.915524,-61.7389,-61.876507,-64.16602,-69.267006,-71.06919,-71.09889
5376,False,-23.983793,-25.215662,-25.964653,-31.811726,-31.865501,-31.623842,-37.306496,-36.84671,-38.116756,-42.325256,-39.762375,-40.875633,-40.9667,-45.82327,-48.013786,-45.362988,-46.097748,-48.846924,-50.732456,-52.34587,-50.87624,-50.76269,-54.07007,-56.75992,-57.107857,-59.547596,-60.999123,-61.785126,-65.8306,-68.51764,-71.42795,-71.05162
5408,False,-23.47603,-25.68423,-29.19362,-29.773035,-31.584425,-32.41264,-39.723354,-36.998642,-36.3487,-37.199413,-42.928825,-42.77755,-41.35939,-43.501396,-43.49274,-44.503426,-48.41916,-49.974255,-49.57834,-51.709557,-50.986908,-50.706425,-54.692917,-57.603153,-56.672478,-60.079407,-59.727024,-61.38348,-65.59178,-68.11743,-71.40874,-72.12775
5440,False,-23.858582,-29.595402,-27.35363,-30.900639,-34.550728,-32.724594,-37.30987,-35.85742,-37.66148,-36.17881,-39.96393,-41.738033,-48.017612,-46.329643,-45.046104,-44.48187,-46.937965,-46.893166,-48.57401,-50.863415,-50.431366,-52.56594,-57.341927,-59.31131,-57.214832,-59.066246,-59.372658,-62.52022,-65.92601,-68.79236,-70.33374,-70.86623
5472,False,-27.548832,-28.19665,-27.014894,-33.92237,-39.082672,-33.77995,-37.223946,-37.157425,-37.335495,-39.243473,-43.131313,-44.264503,-42.18247,-43.26896,-46.11175,-46.87424,-44.826702,-48.778244,-48.771397,-51.31386,-51.461643,-51.59607,-52.83216,-55.263638,-54.789543,-58.287815,-61.212746,-63.062485,-64.686424,-67.754105,-69.993645,-70.4143
5504,False,-24.854267,-27.251852,-25.665167,-29.867157,-30.246227,-28.72741,-30.389841,-26.993698,-30.547266,-35.4962,-33.017395,-30.716888,-29.666203,-33.472115,-34.098106,-32.75511,-35.907177,-38.604134,-45.48265,-50.446262,-46.529167,-47.9929,-48.270393,-52.599987,-54.681488,-56.64659,-58.58745,-60.367256,-57.710423,-59.054092,-63.563316,-64.26596
5536,False,-23.794975,-24.347677,-24.73243,-27.858242,-28.894043,-26.916325,-30.516563,-26.952953,-31.519188,-37.027515,-31.787628,-32.772755,-34.52005,-33.16835,-37.198673,-33.74071,-40.038208,-43.61984,-45.581528,-47.780575,-48.123383,-49.039642,-51.405445,-55.292236,-57.209476,-58.28337,-59.27553,-61.3927,-59.048653,-62.80167,-67.06875,-68.41307
5568,False,-24.587116,-27.755264,-23.888466,-27.344236,-32.178825,-32.699043,-37.226444,-33.618782,-36.606182,-37.027607,-38.771194,-40.88166,-37.446495,-37.422718,-41.1305,-42.141098,-44.1192,-46.989616,-49.66333,-52.078114,-50.67977,-51.20211,-53.12328,-55.857246,-56.70877,-58.031994,-60.954674,-61.469124,-64.7675,-67.358864,-67.793976,-68.70745
5600,False,-25.497719,-30.223484,-28.595924,-29.129885,-32.569916,-30.823177,-35.252586,-35.879,-36.130596,-37.809986,-36.965446,-41.686626,-42.65963,-43.85017,-43.30516,-41.720055,-45.06138,-47.467896,-49.531437,-53.812366,-54.251366,-53.812805,-53.769424,-56.162117,-57.101383,-57.228733,-59.798943,-62.919273,-65.83182,-68.99228,-71.58245,-69.447845
5632,False,-25.775768,-27.66731,-27.327934,-29.506424,-33.852097,-33.449486,-42.106735,-39.564743,-39.090878,-40.301254,-40.464077,-40.276802,-40.89808,-43.73856,-44.768517,-44.657013,-45.040573,-46.19734,-50.730328,-50.299927,-50.28854,-52.617233,-54.4388,-54.613243,-56.574844,-60.60647,-61.46584,-63.88615,-66.25228,-69.77456,-69.25326,-69.581924
5664,False,-24.203384,-29.254866,-24.8348,-28.157738,-31.051933,-36.839058,-39.354088,-35.897335,-37.49172,-43.348766,-44.349907,-43.51101,-39.290695,-40.38285,-40.566975,-44.84108,-44.548172,-46.776886,-51.051834,-51.655975,-51.827133,-52.118916,-53.895775,-55.85003,-57.014923,-58.73311,-61.053543,-62.856068,-65.55627,-67.582634,-69.93093,-70.65333
5696,False,-22.95435,-28.027857,-29.94131,-29.769073,-34.1424,-33.576435,-37.501587,-38.333153,-37.382446,-41.570747,-41.90148,-43.088608,-43.004116,-40.49227,-44.5057,-44.76297,-46.599583,-47.20745,-49.399216,-51.17748,-51.294693,-54.44958,-54.57408,-57.15183,-57.207,-59.7641,-62.365715,-63.54972,-66.3919,-69.01138,-69.987976,-70.15674
5728,False,-27.15009,-27.332869,-25.029846,-29.431606,-33.25609,-32.404926,-37.76179,-38.72742,-37.477535,-40.79135,-40.689148,-41.11293,-37.3621,-41.55308,-43.909737,-45.307102,-46.493412,-49.39337,-49.296227,-50.127052,-54.09475,-53.088665,-54.350037,-56.16729,-57.564705,-59.92216,-61.709595,-61.90266,-66.32734,-67.337,-67.69098,-70.3424
5760,False,-25.629398,-26.44744,-26.049593,-30.045666,-35.390507,-34.556004,-41.34883,-38.115612,-37.530056,-40.96111,-42.918304,-43.85193,-40.86752,-42.98826,-46.363388,-43.61713,-45.541805,-49.49431,-47.72404,-50.28551,-52.448242,-52.76969,-56.182266,-56.432896,-57.620052,-58.997974,-61.546192,-64.068565,-65.022736,-66.305626,-67.24748,-68.568085
5792,False,-26.459728,-28.681662,-26.885262,-32.42589,-32.986084,-37.81134,-40.35119,-40.02484,-36.64785,-36.73917,-40.53002,-40.853153,-39.792942,-42.211525,-44.320045,-42.674973,-44.39226,-47.99753,-48.338627,-50.28273,-50.34164,-52.85854,-57.268097,-55.777863,-55.643074,-59.49173,-61.017685,-62.93393,-66.55122,-67.068344,-70.023315,-70.74034
5824,False,-25.57426,-28.243511,-28.19193,-35.48224,-38.052414,-33.817966,-37.60223,-41.123295,-38.182114,-36.94876,-41.28113,-40.55923,-36.77095,-42.37445,-42.996468,-44.698822,-44.753113,-45.252605,-50.743793,-52.63919,-52.221878,-53.80948,-54.81066,-57.5527,-58.45588,-60.253872,-60.052265,-60.620453,-64.80555,-68.8968,-69.72243,-70.64805
5856,False,-23.418386,-25.205742,-26.47434,-31.72102,-32.130524,-28.387691,-34.165314,-38.876472,-35.97855,-37.9784,-40.99905,-40.490227,-37.204758,-42.277466,-46.563347,-46.242786,-47.029873,-48.399998,-50.26196,-49.82664,-53.91381,-53.673706,-54.9358,-56.529266,-59.27418,-60.70564,-62.73429,-65.05373,-67.331505,-67.67264,-70.31533,-71.735344
5888,False,-24.6295,-28.668242,-27.125591,-29.604471,-34.454727,-32.28228,-34.758698,-37.81988,-33.161026,-39.523586,-39.257286,-40.150146,-39.44647,-42.487198,-44.127342,-47.47663,-48.82773,-48.620533,-48.795933,-51.905933,-54.49175,-52.64781,-53.330246,-57.000397,-58.72375,-58.84037,-61.653866,-64.23152,-66.484764,-68.82795,-69.56277,-71.94138
5920,False,-23.981,-23.548058,-24.989298,-28.91964,-33.550022,-36.060238,-36.24761,-35.457905,-38.25065,-39.97452,-40.51513,-43.046005,-41.75665,-42.85978,-43.08583,-45.92656,-48.95517,-49.253025,-48.702007,-51.75728,-51.782326,-53.57924,-53.976368,-55.721355,-57.971672,-60.06443,-62.271763,-62.761173,-65.81327,-68.79236,-71.441315,-71.30023
5952,False,-23.066484,-26.219328,-25.23163,-30.60232,-36.476547,-34.95378,-36.561466,-36.865124,-40.5455,-42.843517,-42.087166,-42.012943,-41.97298,-41.91046,-42.755234,-43.859795,-46.11727,-45.728966,-48.701973,-51.461292,-52.250515,-49.99196,-54.29957,-56.265495,-56.967087,-60.786972,-62.890858,-62.3505,-65.74263,-67.88851,-69.79074,-72.42362
5984,False,-25.734844,-24.521812,-26.602074,-29.386091,-33.559364,-32.693256,-38.48372,-36.473232,-33.213684,-40.88851,-44.662987,-41.10852,-38.874035,-42.10073,-43.89064,-45.437164,-47.05419,-48.982857,-48.8776,-51.21861,-52.709923,-49.73446,-54.74333,-58.036545,-58.23072,-59.867283,-61.13954,-64.263145,-66.03223,-67.697556,-71.42865,-71.21162
6016,False,-23.576593,-25.371828,-26.53638,-29.961012,-31.445862,-32.25844,-37.944176,-36.8954,-37.83313,-40.081474,-42.58804,-38.165134,-40.830452,-42.94972,-44.92123,-43.087215,-46.511642,-47.84142,-47.83309,-49.230427,-53.157288,-55.059265,-55.304623,-57.415474,-59.39259,-59.57624,-60.99907,-62.776207,-65.82526,-67.488434,-70.8809,-71.21942
6048,False,-25.503769,-25.71774,-24.463173,-25.34481,-29.795975,-33.2394,-26.262726,-25.386883,-28.764078,-35.116886,-31.039158,-25.897743,-25.713224,-24.782387,-25.213501,-22.118279,-24.154634,-27.648746,-33.59798,-38.99554,-32.888245,-33.411873,-31.55308,-34.099964,-30.211033,-28.776133,-32.85576,-27.942488,-21.635555,-21.72794,-26.764046,-30.657814
6080,False,-26.658442,-23.24358,-22.685574,-25.385254,-28.814373,-28.579243,-30.502377,-26.632458,-31.635763,-34.081978,-29.54964,-29.29861,-31.074446,-26.10737,-29.01372,-26.133804,-31.061302,-32.942207,-34.07744,-38.2318,-34.859917,-33.15145,-35.241028,-36.611507,-33.243965,-30.522776,-34.708485,-32.567684,-26.518604,-26.84621,-31.01205,-35.372032
6112,False,-22.928768,-27.235996,-23.688795,-26.185228,-31.340982,-28.962297,-37.397945,-32.14321,-32.752937,-35.349583,-35.874172,-35.34325,-35.609013,-34.434326,-36.075195,-37.805996,-39.662,-42.724194,-42.00386,-48.22895,-47.112335,-42.031044,-45.26527,-46.276672,-44.572144,-39.761787,-40.411804,-42.712265,-36.909958,-36.984898,-43.52657,-46.312912
6144,False,-23.833633,-25.831186,-29.277943,-31.020842,-29.295391,-31.983624,-36.24031,-33.68583,-35.51186,-36.45236,-40.101425,-41.425854,-38.054405,-38.951,-42.67586,-40.031136,-41.01609,-44.528805,-46.575027,-50.02623,-47.507664,-44.818825,-47.4952,-48.161293,-47.71784,-42.980877,-43.986725,-45.13878,-41.863617,-41.742912,-47.29488,-50.25215
6176,False,-26.269548,-26.826746,-26.73956,-30.689821,-33.526558,-31.885818,-35.011208,-34.783062,-39.392258,-39.702755,-42.045177,-40.69645,-41.27058,-41.60544,-41.519894,-42.545017,-45.83603,-46.366722,-48.2991,-48.199738,-46.487907,-49.10186,-49.972168,-52.30896,-51.0852,-47.36445,-48.287094,-48.855362,-46.64021,-47.16211,-51.840523,-55.01278
6208,False,-22.160833,-26.724026,-27.051847,-28.383,-32.595757,-33.159267,-35.725956,-40.888496,-40.491936,-39.556404,-41.009296,-42.97982,-40.428963,-41.033512,-45.400505,-44.134598,-45.965424,-48.687805,-49.040264,-49.536247,-50.921936,-50.491394,-54.60037,-55.30198,-52.712143,-51.2445,-52.582497,-53.06503,-48.74126,-51.4016,-57.806683,-62.19132
6240,False,-22.855156,-28.439978,-26.7879,-32.370872,-35.329582,-30.376234,-36.748154,-37.389965,-37.871468,-40.124798,-38.48765,-39.604275,-40.80486,-44.333946,-43.476013,-43.362812,-46.235584,-47.82599,-47.04673,-50.277573,-51.372055,-51.02282,-53.444065,-53.948997,-54.25083,-53.77621,-55.428043,-57.08321,-54.29176,-55.81128,-61.950256,-64.477295
6272,False,-24.46493,-26.746513,-24.71138,-28.495523,-33.52406,-33.04401,-39.40535,-37.022243,-35.49366,-39.603264,-39.048645,-39.852413,-41.966423,-43.807873,-45.00627,-41.710693,-44.663383,-47.80478,-50.64394,-50.562176,-50.484695,-52.475113,-54.304794,-55.779186,-56.219032,-58.152863,-58.436546,-60.53586,-60.619198,-60.048973,-65.17723,-67.352585
6304,False,-23.394659,-27.108948,-29.833677,-32.402397,-35.167988,-33.593487,-43.280746,-38.27775,-35.799522,-35.91387,-40.39709,-43.270363,-41.651226,-41.78459,-42.507267,-41.89624,-45.57029,-46.008286,-49.27614,-51.708202,-52.888153,-52.645107,-53.864235,-53.763615,-56.144737,-57.02169,-59.97425,-62.077946,-61.30902,-63.134304,-68.04221,-70.70496
6336,False,-24.591635,-30.237434,-29.710564,-32.09813,-33.748432,-32.47335,-39.60583,-35.334156,-35.371765,-39.375175,-40.090378,-41.474945,-43.110813,-46.116367,-44.713234,-46.08628,-44.2231,-46.30707,-49.776005,-52.27478,-53.66864,-52.494446,-54.6278,-56.681526,-56.95217,-57.689995,-59.161205,-62.893467,-63.16014,-66.64948,-68.917725,-71.94085
6368,False,-28.001192,-27.515753,-30.74247,-34.288933,-35.973503,-33.666847,-39.90801,-37.830254,-39.648273,-39.412605,-42.28462,-41.70652,-40.877453,-41.090454,-42.76491,-46.62793,-48.13492,-49.728508,-49.67286,-50.23868,-52.849274,-53.877712,-54.288956,-55.972992,-57.95265,-59.19579,-61.238167,-63.094925,-64.50177,-66.26874,-69.145386,-70.927795
6400,False,-27.347658,-27.44601,-28.074701,-31.767117,-35.258057,-37.35802,-39.056736,-36.30502,-38.809708,-41.229156,-43.484177,-44.43304,-45.570724,-42.195667,-43.072052,-43.69782,-45.908394,-48.53012,-48.78576,-49.893223,-51.445004,-51.51535,-53.86086,-56.679707,-56.67734,-59.100185,-62.918453,-64.06448,-66.2591,-68.00319,-70.587006,-73.53451
6432,False,-26.960527,-27.70397,-26.971914,-31.989525,-35.65701,-37.204033,-37.5963,-37.952904,-38.471226,-39.428734,-42.66687,-41.925697,-42.24951,-42.580563,-44.437027,-43.611046,-46.324913,-48.9366,-50.144924,-50.684303,-50.386738,-48.92992,-53.726,-58.436462,-58.04192,-60.150566,-62.205345,-64.20739,-66.23674,-68.15579,-70.62936,-71.82534
6464,False,-27.97663,-29.075167,-27.59284,-28.097837,-35.75393,-32.572357,-34.99745,-36.5251,-34.3176,-39.723293,-40.52147,-42.18621,-40.658577,-40.741646,-44.331985,-45.37477,-47.465786,-46.105915,-50.076576,-52.123455,-52.22793,-52.125,-55.310066,-55.802994,-56.477276,-59.2123,-61.03744,-63.215263,-66.66406,-69.7768,-72.36224,-72.568886
6496,False,-27.037304,-28.396444,-26.844833,-27.460903,-29.805288,-32.59624,-39.73724,-38.3156,-36.72046,-38.50895,-41.286716,-42.309246,-44.1764,-42.624554,-43.550255,-44.700947,-47.09662,-46.78174,-50.53379,-52.56182,-51.70744,-50.233376,-53.06845,-57.03656,-58.51696,-60.3179,-60.7286,-63.423004,-66.252,-67.53954,-71.816666,-73.0711
6528,False,-27.147457,-25.13815,-26.45276,-31.661053,-33.98409,-34.76113,-37.98386,-39.608444,-37.83555,-42.166725,-40.564217,-44.245415,-41.98945,-42.994087,-42.029495,-45.740746,-46.481724,-47.6755,-48.355255,-49.187473,-51.71726,-51.258514,-54.25872,-57.89438,-57.228035,-58.63831,-60.954727,-64.42045,-66.64314,-68.14238,-69.719444,-71.54702
6560,False,-25.545233,-25.726349,-25.48213,-29.296505,-32.822865,-32.434097,-37.75377,-38.330837,-35.605484,-36.3374,-37.571777,-41.884354,-41.562466,-43.515152,-43.913406,-46.418686,-47.04338,-47.170547,-48.861122,-52.471043,-53.937603,-53.14087,-54.664555,-57.012577,-56.3992,-60.58655,-61.331085,-62.82253,-65.168526,-68.22654,-69.3716,-71.19836
6592,False,-23.229942,-27.221943,-25.072708,-25.964716,-29.384672,-26.942217,-28.183048,-22.88353,-28.25981,-34.989407,-28.535936,-28.234213,-26.857603,-29.296553,-31.558973,-29.016644,-33.61608,-38.332596,-40.471745,-46.282307,-45.355576,-46.16646,-47.41079,-52.008423,-54.583096,-53.37079,-56.367947,-58.64082,-52.776836,-55.695847,-59.953655,-63.089962
6624,False,-22.119379,-24.265669,-26.416424,-30.166838,-30.854692,-27.756023,-35.041676,-30.870537,-35.227474,-36.36116,-35.363003,-32.98485,-32.86426,-40.32562,-41.321037,-40.545013,-42.473446,-46.4628,-48.25951,-49.11818,-51.694313,-51.40568,-52.522003,-54.563694,-55.36453,-56.536312,-59.682198,-63.124332,-65.146095,-66.92218,-69.1508,-70.64612
6656,False,-29.173637,-24.694492,-25.190311,-28.297745,-31.784819,-33.009327,-37.85889,-37.90799,-37.538845,-39.581062,-41.85251,-38.79064,-39.160362,-42.54207,-44.600964,-45.247185,-44.682327,-46.75393,-47.951714,-50.29904,-51.814617,-52.196594,-54.47709,-54.663643,-57.37946,-58.877316,-60.774364,-62.046112,-66.54895,-69.47003,-71.58037,-71.17662
6688,False,-24.04355,-25.925177,-28.438475,-33.61851,-34.16089,-30.830519,-34.006935,-36.731102,-36.94176,-36.59208,-42.08797,-39.249832,-41.58787,-43.325363,-42.312782,-45.35421,-46.61789,-47.817,-47.743996,-49.11228,-52.310463,-52.742977,-53.76276,-55.703007,-57.602783,-59.718647,-62.156147,-64.48943,-66.96344,-68.54575,-71.087,-71.55684
6720,False,-26.722088,-26.463276,-23.791754,-29.796345,-36.78296,-31.10277,-37.90164,-37.00132,-36.649757,-40.95592,-40.877605,-40.382175,-41.38211,-44.15108,-42.129707,-43.88039,-43.060383,-47.12159,-44.526653,-49.118126,-51.656555,-51.925354,-53.25486,-55.699776,-58.629982,-59.06925,-60.75373,-61.267456,-66.13298,-68.951,-70.676544,-71.322624
6752,False,-32.07815,-27.521479,-25.31781,-30.993536,-31.257736,-33.104748,-37.45156,-37.654427,-38.82813,-42.294144,-37.71174,-39.062286,-42.3472,-43.331398,-45.554436,-44.69055,-46.768322,-46.562496,-49.730095,-51.935425,-50.622746,-51.1804,-54.446915,-59.195526,-59.13881,-59.015503,-59.514214,-62.60773,-66.59347,-69.26813,-69.989845,-71.690674
6784,False,-25.287884,-30.344532,-29.010162,-28.386528,-29.071772,-34.5963,-36.334106,-34.93583,-35.230965,-39.520596,-40.192226,-42.01662,-41.164078,-42.883183,-42.885536,-44.845795,-47.18904,-47.75812,-48.533432,-50.374584,-52.552433,-52.839985,-52.187218,-55.909065,-57.828007,-59.331913,-62.192566,-64.48736,-66.52657,-68.3031,-71.40177,-71.66507
6816,False,-26.152441,-25.20105,-23.99292,-32.752823,-36.702007,-33.47809,-37.586044,-36.28865,-38.93397,-46.53299,-39.984535,-39.593727,-40.431274,-44.001637,-44.582047,-44.22312,-47.743763,-45.570637,-47.70832,-49.908302,-53.62557,-53.41017,-54.867744,-56.091637,-57.214203,-59.648853,-61.498985,-64.12488,-67.108986,-68.72058,-69.37449,-72.016594
6848,False,-26.215324,-27.330418,-26.646458,-30.724548,-31.247246,-31.27204,-38.123154,-35.378384,-35.028557,-38.966118,-40.024452,-42.554337,-40.88986,-47.625164,-43.451653,-45.11979,-47.27343,-47.673653,-48.32857,-51.98109,-54.267002,-52.16507,-55.126495,-58.34391,-57.869965,-59.268753,-63.36466,-64.32791,-66.682915,-68.660934,-69.70294,-69.91547
6880,False,-24.93734,-22.84383,-27.208273,-33.017426,-31.737223,-32.878345,-36.801964,-35.526108,-37.016827,-39.934982,-42.73254,-41.431313,-40.65281,-47.83617,-41.571198,-44.983604,-49.958336,-49.39575,-49.532722,-48.961784,-53.624477,-52.66317,-56.060356,-57.3826,-57.59653,-61.32804,-61.95762,-65.30488,-67.00084,-69.75196,-72.6276,-72.55932
6912,False,-26.791168,-27.71608,-29.289686,-32.601833,-32.524685,-28.845367,-35.27384,-38.18504,-37.773823,-38.199966,-42.906193,-40.599304,-41.09764,-43.173058,-42.594063,-44.291576,-43.88628,-50.423386,-51.2725,-50.215115,-51.388775,-53.27996,-53.29546,-54.499672,-57.49041,-61.08614,-60.431522,-64.05418,-67.4883,-68.93298,-70.78556,-71.14477
6944,False,-23.837177,-29.582664,-32.963486,-33.54157,-36.321384,-35.904152,-41.059235,-37.15869,-32.895115,-37.543076,-39.299274,-39.19514,-41.9336,-44.259014,-45.71781,-45.488476,-46.886948,-48.290916,-49.74602,-50.08921,-51.49963,-51.99696,-54.07479,-56.439423,-58.10978,-60.043697,-62.33168,-63.38691,-66.58531,-69.06358,-71.04088,-72.389366
6976,False,-27.170984,-30.340675,-26.938091,-32.318954,-34.665672,-31.705153,-37.75615,-40.03903,-39.919487,-39.587177,-42.386547,-38.944134,-39.867363,-41.575466,-41.974075,-46.92665,-46.315292,-47.659103,-48.398872,-52.263382,-52.733208,-52.719963,-55.10279,-56.971058,-57.831898,-60.321194,-63.505417,-64.20335,-67.936,-68.56619,-71.07742,-71.624535
7008,False,-26.686861,-23.354923,-25.525425,-28.505455,-34.8515,-36.256462,-38.67923,-35.224022,-35.215015,-38.567783,-38.628353,-42.77668,-38.93457,-41.919743,-44.67647,-47.337547,-46.676506,-50.01342,-52.55722,-52.42742,-50.44285,-52.4144,-53.93198,-57.317238,-59.564873,-59.827156,-62.572525,-63.654053,-66.64815,-68.723114,-70.34968,-70.79042
7040,False,-21.358665,-24.577646,-26.680527,-31.79979,-33.7845,-26.936356,-34.41906,-38.88668,-33.76831,-36.965233,-42.229496,-44.198326,-42.21527,-41.95488,-44.280914,-42.167046,-44.634453,-47.521538,-50.850445,-51.876186,-49.848896,-52.507824,-52.49418,-55.158722,-59.230095,-60.972538,-60.307014,-63.16936,-65.65433,-67.462524,-71.301056,-72.12305
7072,False,-23.952456,-23.463673,-28.714958,-29.735573,-33.42172,-30.393162,-37.04666,-40.09849,-37.03464,-40.868076,-39.853024,-39.008705,-42.94598,-42.182083,-44.25037,-44.52497,-43.711315,-47.671402,-51.416775,-52.94535,-52.760998,-54.15119,-55.83921,-55.41375,-57.726444,-58.809475,-61.886078,-63.69543,-66.898705,-69.68248,-71.50524,-71.898865
7104,False,-26.337288,-24.905539,-26.206236,-29.898876,-36.117054,-37.103218,-37.70209,-37.896164,-39.13083,-41.69062,-41.667553,-40.731438,-44.28762,-45.190315,-43.927883,-44.818996,-46.975807,-47.453465,-49.333916,-51.8877,-51.742092,-54.100105,-55.140766,-57.604176,-56.815132,-59.131485,-61.05326,-63.725418,-66.15365,-69.47891,-70.89275,-73.28652
7136,False,-24.057087,-24.68095,-26.26022,-24.099514,-27.706936,-28.70737,-25.736685,-23.123219,-25.852783,-31.315128,-30.39864,-24.418928,-23.216782,-23.256796,-24.226048,-20.809067,-23.008965,-26.182114,-31.739199,-37.5415,-31.236454,-31.494062,-29.47176,-32.029354,-28.34424,-26.787117,-31.362072,-26.218328,-20.05317,-19.64582,-25.143137,-26.219666
7168,False,-23.99823,-27.264202,-28.568077,-24.338993,-28.269012,-27.130161,-33.042557,-25.607698,-30.682547,-35.20291,-30.867252,-31.327427,-33.17998,-27.860844,-30.9525,-27.951035,-33.74891,-35.888626,-35.65919,-40.15233,-37.62264,-35.32962,-38.05665,-39.350124,-35.769524,-32.587986,-36.395546,-34.5888,-29.1063,-29.73907,-34.437626,-36.081753
7200,False,-24.271555,-22.81806,-23.140545,-25.470247,-29.365881,-29.623928,-35.641827,-32.097176,-36.041115,-41.16827,-37.63859,-34.90155,-37.421497,-34.203667,-36.69884,-37.53017,-41.0887,-43.99984,-41.538433,-47.58271,-44.328537,-42.29113,-44.4191,-46.093136,-45.14701,-40.009212,-41.148018,-43.326332,-37.22893,-37.09663,-43.92393,-46.75271
7232,False,-22.860455,-25.200497,-25.66463,-28.611012,-29.565718,-35.01178,-36.207474,-35.300617,-37.306274,-39.667423,-38.13595,-40.279938,-42.36165,-42.468834,-38.585094,-36.846024,-41.87179,-46.982517,-46.747902,-48.87033,-45.133877,-43.842583,-48.78356,-50.03702,-47.866863,-44.34919,-44.711243,-44.66237,-42.15891,-42.550034,-48.101166,-51.402397
7264,False,-23.716682,-25.576132,-27.519253,-27.330212,-31.961285,-34.13635,-40.007187,-37.35149,-36.210876,-39.159893,-44.504433,-39.584625,-41.620636,-42.52769,-43.582413,-44.826973,-44.229664,-45.021385,-48.928642,-49.052025,-45.855125,-46.722523,-50.818977,-51.145496,-51.70328,-47.965794,-49.2605,-48.48911,-46.135902,-47.37406,-52.66269,-56.177025
7296,False,-21.938274,-26.869678,-24.880713,-31.335487,-33.722305,-36.8761,-39.58512,-39.360672,-38.75906,-39.827198,-41.68293,-44.258465,-42.85065,-39.9571,-39.515175,-38.78021,-43.051968,-47.12763,-45.498882,-46.34619,-50.247387,-50.597824,-53.055428,-55.4137,-54.202324,-52.77491,-53.09404,-53.74103,-49.795307,-51.41359,-57.950016,-60.61009
7328,False,-23.018484,-24.026606,-24.608585,-27.29345,-32.558105,-35.550392,-38.003204,-38.9672,-37.325768,-43.288925,-40.38591,-42.312912,-41.375385,-46.91668,-38.232082,-37.275135,-41.619698,-47.048134,-44.659077,-48.316193,-49.4297,-51.574177,-52.376816,-53.537666,-54.32873,-53.882484,-57.269768,-57.532772,-55.352646,-56.146095,-60.705315,-63.857998
7360,False,-25.220339,-26.577076,-25.08296,-27.462843,-35.210197,-31.927982,-38.13027,-37.093765,-39.25683,-43.757328,-39.35338,-43.46112,-44.59005,-42.16829,-39.47703,-39.313396,-41.313915,-44.348465,-46.530743,-48.747276,-51.814426,-51.43202,-53.492657,-56.857025,-56.998215,-58.28055,-58.57487,-60.72954,-59.076424,-59.273506,-64.77263,-68.49054
7392,False,-25.499182,-25.239513,-26.224533,-29.87977,-36.152363,-32.60163,-38.403152,-35.62911,-36.420883,-39.37182,-38.83346,-41.38762,-36.992374,-41.532043,-41.2387,-41.345184,-40.89575,-43.964382,-47.280075,-48.94691,-50.752426,-51.83368,-55.38719,-54.973755,-58.21488,-56.31458,-58.184135,-60.35099,-61.806828,-63.294434,-67.719696,-70.51523
7424,False,-26.869795,-25.030203,-25.148096,-29.671757,-35.065796,-34.44963,-36.940697,-38.80579,-38.02837,-39.66186,-40.74137,-42.302475,-40.219536,-40.438934,-39.733788,-40.901993,-41.371418,-44.950066,-48.356743,-50.426147,-51.99934,-51.226517,-52.547916,-54.53469,-56.22952,-58.33883,-60.48122,-62.246346,-63.66831,-64.85961,-67.88581,-69.71908
7456,False,-23.9491,-28.304123,-27.184916,-30.400274,-32.98395,-32.655502,-33.338974,-37.3264,-36.818085,-40.836697,-44.25186,-42.620163,-40.947464,-41.699886,-38.813457,-42.54323,-43.613983,-44.29309,-48.425064,-51.37877,-52.407993,-51.829075,-53.655296,-54.525917,-57.049522,-59.312977,-60.956604,-63.881172,-64.08276,-67.051346,-70.471115,-71.831825
7488,False,-28.670614,-28.86803,-27.02303,-33.075863,-34.055088,-34.62861,-36.829712,-37.71604,-34.448353,-40.790047,-41.738396,-40.83679,-37.35303,-41.633858,-40.325832,-41.50601,-43.12612,-47.825146,-47.726913,-48.941223,-50.850395,-51.586937,-53.08256,-56.400856,-56.671623,-59.610195,-61.00686,-63.15451,-64.706436,-68.7991,-70.02064,-70.36356
7520,False,-23.424992,-26.770945,-26.562346,-30.578033,-35.84271,-32.390526,-37.01587,-40.445282,-39.339226,-38.75092,-38.26141,-39.147446,-41.24927,-42.858463,-41.22998,-42.570568,-45.215195,-46.142204,-47.69968,-51.057053,-51.642033,-52.846684,-54.330383,-57.76644,-57.928513,-59.294746,-60.833603,-64.93941,-69.288895,-69.511566,-69.935974,-70.45317
7552,False,-21.255072,-27.219322,-28.51331,-35.897594,-35.85697,-32.36012,-37.253143,-37.577576,-38.795853,-39.69095,-35.884495,-41.023056,-42.058586,-46.675255,-45.371597,-42.613453,-45.326393,-47.592476,-50.475777,-47.402443,-50.984077,-53.60821,-53.459476,-57.126102,-57.21177,-57.148384,-60.09026,-62.99167,-66.34564,-68.54076,-70.78593,-72.07147
7584,False,-24.142082,-28.203661,-30.21906,-31.917841,-35.647858,-34.077606,-37.494473,-35.755352,-38.7984,-37.85562,-39.163734,-43.291172,-40.315445,-44.723415,-44.89782,-43.952065,-46.56811,-46.63501,-48.11027,-50.291576,-51.281105,-52.894188,-54.675278,-56.62953,-58.38902,-59.759697,-61.542934,-62.8056,-67.465576,-68.426414,-70.118004,-70.197334
7616,False,-25.08078,-29.071722,-29.35106,-31.53611,-32.36851,-36.679695,-39.546234,-38.286377,-40.575924,-41.41513,-42.292194,-43.49468,-41.62643,-42.725624,-41.912163,-42.917553,-46.42589,-46.721916,-47.09613,-49.6979,-51.544117,-51.587696,-51.524178,-56.31395,-57.111137,-58.602444,-58.99448,-63.13571,-67.775475,-68.532455,-69.899,-70.46187
7648,False,-24.53905,-29.82072,-26.49916,-27.882442,-36.06616,-36.82864,-37.424232,-36.8704,-34.381996,-38.54545,-40.127045,-44.970287,-41.72073,-41.451626,-43.317905,-42.174397,-45.162888,-45.486023,-44.944073,-49.821472,-49.093643,-52.824036,-53.66499,-56.863483,-59.18177,-60.523483,-61.289505,-62.27135,-65.58307,-68.90334,-69.75462,-72.4902
7680,False,-26.548267,-29.799091,-26.862473,-28.17704,-29.16899,-30.300781,-28.904503,-25.191069,-29.39826,-33.96187,-30.86096,-28.234613,-27.53424,-31.380432,-32.051872,-29.576912,-31.768492,-37.248005,-43.087086,-46.73046,-44.55474,-47.221504,-47.449287,-54.05105,-54.504646,-53.100464,-56.87625,-59.66001,-57.711365,-58.53228,-62.439026,-63.413147
7712,False,-23.202248,-27.952244,-27.032654,-30.183867,-30.222082,-28.290878,-34.554707,-29.643385,-32.96817,-35.35629,-31.726007,-34.101227,-32.658092,-34.530273,-38.146996,-36.504536,-40.257057,-44.63169,-46.79239,-48.540043,-50.408257,-50.04661,-52.939766,-56.69381,-55.29684,-57.013287,-59.76613,-64.2588,-64.04188,-66.71156,-67.571655,-68.94449
7744,False,-24.764908,-28.532627,-25.815964,-32.773033,-32.648445,-31.547295,-36.433037,-33.828045,-35.927845,-38.797478,-41.217113,-37.35632,-41.157738,-39.68415,-42.682384,-40.660767,-44.28956,-46.793423,-48.981586,-50.15168,-49.844643,-50.42852,-54.647022,-56.564716,-57.636127,-58.749485,-61.454433,-63.015175,-66.1139,-67.741005,-70.506165,-71.66097
7776,False,-21.973873,-25.7258,-24.406502,-30.322582,-32.333378,-31.589956,-35.921223,-34.891266,-36.934944,-36.04785,-41.008575,-41.418068,-41.634743,-43.203217,-43.064034,-42.06254,-44.14042,-47.04808,-48.070522,-51.18286,-51.279655,-51.645798,-54.50866,-56.849182,-58.101788,-59.46585,-61.299152,-63.21897,-65.17511,-68.292816,-71.28141,-71.01879
7808,False,-25.26827,-27.41586,-30.87682,-30.060461,-32.734566,-31.616266,-34.685406,-34.88132,-34.900394,-39.173126,-40.841988,-38.018467,-39.705555,-42.086178,-43.57582,-47.04383,-45.46051,-50.4071,-50.73989,-49.76578,-50.527283,-52.485523,-55.2264,-56.216164,-59.569965,-59.39334,-60.640945,-62.94962,-65.00083,-68.79503,-70.54704,-71.43988
7840,False,-24.811296,-29.564802,-27.623589,-31.65826,-32.368313,-31.761719,-37.279667,-35.603897,-34.381035,-37.886845,-41.62416,-45.553135,-41.61598,-45.45472,-44.924988,-46.151833,-46.20182,-48.335365,-48.30078,-50.922085,-50.553207,-52.482647,-55.76513,-57.347214,-56.13132,-59.141308,-62.623055,-63.826862,-66.90988,-65.93803,-67.60599,-68.877785
7872,False,-28.22417,-29.109926,-26.44926,-29.72573,-33.176723,-35.13904,-38.003716,-36.74593,-37.672924,-37.009014,-41.007317,-40.966858,-38.46314,-39.82332,-42.437447,-46.408386,-47.28219,-49.33662,-51.11699,-52.48876,-51.34569,-50.287598,-52.65656,-57.105553,-58.263924,-57.93879,-61.760574,-60.97731,-63.33923,-63.626144,-65.45417,-65.50433
7904,False,-25.00595,-26.24805,-22.80915,-32.37239,-31.43136,-31.566196,-36.08147,-36.47525,-39.29234,-40.70053,-41.371117,-44.46188,-42.93022,-44.393852,-43.779926,-43.479927,-45.240158,-47.996334,-51.585777,-52.468258,-50.87356,-51.10487,-54.590736,-56.042637,-57.41537,-59.273525,-61.736366,-61.63921,-64.86745,-65.3305,-65.41939,-66.64842
7936,False,-25.265347,-25.286217,-25.02118,-35.793346,-33.301773,-33.483017,-38.791824,-39.46,-36.590828,-38.10858,-38.84223,-39.862858,-39.427086,-41.81595,-43.35514,-47.566574,-45.770603,-48.97023,-48.12798,-51.97727,-48.668255,-51.221336,-52.700874,-56.52239,-57.9092,-58.735104,-60.37249,-62.272152,-64.25651,-66.31158,-65.729355,-65.641945
7968,False,-20.310612,-29.635265,-32.40697,-33.308014,-35.229565,-36.02233,-39.81113,-35.521683,-35.52325,-37.453762,-44.012302,-40.41681,-44.57838,-46.54928,-43.98471,-46.237595,-47.268642,-50.025238,-50.763817,-53.43699,-51.705894,-49.984173,-53.533207,-56.266026,-58.714172,-59.579994,-61.1408,-62.950806,-65.10896,-65.90961,-65.403275,-65.50244
8000,False,-22.108784,-25.38845,-26.07201,-31.030214,-31.622242,-32.100613,-38.716938,-37.04469,-38.431534,-39.787216,-42.615894,-39.92023,-41.66271,-47.53692,-47.098354,-47.148376,-44.960518,-47.071358,-52.93156,-52.06635,-50.971985,-52.805695,-54.005547,-57.68276,-57.66161,-59.150234,-61.959206,-63.339737,-63.90547,-64.57066,-66.14159,-65.65694
8032,False,-28.00422,-26.41037,-26.852903,-30.435192,-34.512493,-31.022482,-33.88004,-33.49559,-35.378727,-40.837685,-38.895844,-37.386223,-40.900097,-42.34191,-41.12534,-42.98745,-43.707527,-46.03105,-43.34176,-45.06066,-48.0859,-49.72099,-51.187748,-51.16318,-56.6436,-55.779175,-56.847248,-58.620132,-60.02137,-62.954144,-63.695797,-63.071808
8064,False,-23.835072,-25.7734,-25.867897,-30.025637,-32.44869,-31.556755,-36.842037,-39.594208,-36.761707,-36.781506,-40.90901,-43.705345,-41.728855,-45.62214,-43.564026,-42.134003,-42.65409,-45.550198,-40.186558,-39.51405,-47.532845,-49.63069,-50.430397,-48.617153,-51.09526,-53.653618,-55.068832,-55.89641,-57.198223,-59.501854,-59.922657,-59.511036
8096,False,-26.34439,-29.594654,-27.030426,-28.669537,-34.015545,-33.352856,-35.63388,-33.58763,-32.443638,-37.613533,-41.022266,-42.451496,-40.51201,-43.439735,-41.79235,-42.04715,-42.323135,-47.81253,-44.66547,-43.023983,-45.16462,-47.5564,-50.578766,-50.004654,-52.188828,-53.764236,-55.514484,-57.65024,-59.349808,-59.995987,-61.187607,-61.033215
8128,False,-26.583378,-28.921253,-25.745693,-29.779613,-33.095287,-33.1699,-36.36385,-36.64863,-33.63196,-34.992622,-40.524136,-38.671566,-40.206177,-42.88061,-44.575745,-44.674778,-46.3834,-46.19272,-46.343502,-45.919376,-46.299156,-48.664764,-51.059914,-51.570663,-53.69055,-56.990257,-58.502346,-59.606133,-61.051964,-61.959995,-64.156044,-62.26233
8160,False,-28.379805,-26.940115,-25.973019,-29.274923,-33.220955,-38.01676,-40.87249,-38.66713,-35.527252,-40.372715,-41.704422,-42.06205,-39.25766,-42.428772,-43.40427,-43.29941,-44.592022,-46.97696,-44.309162,-45.349556,-48.487183,-50.430504,-53.51084,-54.397167,-55.000153,-56.67732,-59.38303,-60.83741,-62.383175,-63.83989,-63.763004,-63.75399
8192,False,-22.561989,-28.888412,-26.29234,-28.782104,-30.2534,-30.790834,-38.017776,-34.914482,-35.297306,-38.444256,-43.80512,-42.280388,-42.86289,-44.029037,-47.61211,-46.366005,-48.036926,-47.37026,-46.093864,-46.542152,-49.011223,-49.006294,-53.600533,-54.65484,-56.139633,-59.46577,-60.208054,-59.938828,-60.98131,-62.56371,-63.268402,-64.92915
8224,False,-25.35208,-24.917973,-25.7905,-28.983429,-31.817438,-33.04913,-30.03216,-27.86704,-32.937473,-38.53402,-33.40555,-28.384155,-28.059856,-27.896357,-27.744944,-24.850399,-27.004059,-30.559788,-36.594444,-42.19462,-36.109146,-36.15847,-34.298054,-37.220284,-33.987015,-33.20349,-35.329773,-30.06835,-24.279095,-24.833324,-31.40231,-33.33753
8256,False,-25.4366,-29.105667,-26.169403,-23.25018,-28.362007,-27.529827,-28.436163,-24.063179,-29.67102,-35.52649,-28.103573,-27.745583,-27.95067,-24.647036,-26.72062,-23.661808,-27.873184,-29.973421,-31.679539,-36.477245,-31.850883,-30.243864,-31.291054,-33.200665,-31.006092,-28.600168,-32.00747,-28.338078,-22.70541,-23.733747,-28.892622,-31.483994
8288,False,-26.100243,-27.277735,-23.714752,-27.119793,-31.223679,-31.646364,-38.50316,-31.728638,-34.115135,-40.19565,-35.162876,-35.290836,-33.01025,-34.924652,-35.87184,-34.36631,-37.72022,-42.22737,-42.497505,-47.51107,-45.204067,-41.286293,-44.53679,-46.76773,-43.876797,-40.113922,-39.918518,-40.359734,-36.024803,-37.189648,-43.053802,-45.11475
8320,False,-27.773085,-25.43016,-25.516682,-31.231363,-31.406311,-32.428123,-34.494854,-35.78238,-37.048756,-38.79706,-40.279945,-37.402054,-38.1966,-36.58082,-39.571808,-37.60106,-41.865192,-46.223534,-45.776123,-46.620193,-47.718903,-44.92891,-47.47402,-49.337177,-49.506435,-44.010544,-42.980022,-42.702717,-40.058254,-42.04133,-47.35908,-49.791435
8352,False,-23.974874,-31.02544,-30.872658,-30.11793,-34.900826,-38.684895,-35.52834,-34.348366,-38.155598,-38.780945,-41.81382,-43.57518,-41.627346,-41.76143,-41.417255,-41.715256,-48.979492,-46.814957,-46.040123,-46.987034,-45.503426,-45.561756,-49.426826,-51.354584,-51.563534,-47.289497,-46.672997,-47.03189,-45.140118,-47.169334,-51.196407,-53.731125
8384,False,-29.111883,-28.109962,-27.089832,-29.946053,-33.072792,-34.135098,-41.81582,-38.911213,-35.66174,-42.541634,-46.303932,-41.71432,-42.606667,-41.97959,-43.283363,-41.734543,-43.835022,-45.414406,-47.238663,-48.622837,-48.509556,-49.071804,-49.60983,-53.22255,-53.991837,-53.091133,-52.318783,-51.68525,-49.053097,-51.169544,-57.93398,-59.721565
8416,False,-28.582476,-25.8961,-26.2341,-31.011147,-35.015015,-31.336788,-36.55115,-37.401596,-35.326344,-40.05162,-45.141735,-40.160633,-37.762417,-42.881187,-42.527115,-44.07096,-45.19879,-47.363686,-49.869408,-52.53306,-50.814095,-51.445087,-55.386185,-54.805622,-55.971657,-55.319687,-56.77587,-56.394493,-52.523495,-55.582413,-63.413162,-63.41356
8448,False,-28.221228,-31.31194,-27.862293,-29.486195,-32.788944,-34.691128,-37.53379,-38.99843,-36.603004,-38.25214,-40.1874,-40.84995,-44.483658,-43.827023,-40.637093,-43.02271,-45.55302,-48.65921,-48.74862,-50.383606,-52.976055,-50.230835,-53.089195,-55.880173,-58.32618,-56.76175,-57.885185,-58.55599,-57.561165,-58.69534,-63.1373,-68.359726
8480,False,-26.493017,-26.796272,-24.289148,-29.393644,-33.423607,-34.37927,-37.426487,-37.353683,-41.738014,-39.274017,-42.23358,-41.98028,-44.70291,-43.585262,-44.130764,-43.46141,-48.256474,-48.700836,-51.707687,-50.442566,-51.416542,-52.322334,-53.7562,-54.16146,-56.11008,-58.065266,-58.592148,-60.488747,-58.833458,-61.048912,-65.4741,-69.543365
8512,False,-23.987637,-27.509716,-24.514828,-30.620827,-35.04889,-32.390934,-40.90162,-38.09664,-36.28913,-41.650883,-39.813732,-42.504524,-40.779198,-42.58162,-44.35122,-47.750378,-49.956764,-49.46259,-48.777622,-51.85417,-52.76958,-52.26493,-55.10849,-57.910233,-56.606144,-56.50453,-58.253204,-61.27404,-62.245964,-65.08086,-68.99392,-71.25016
8544,False,-28.248466,-27.253588,-27.363049,-32.9685,-34.840816,-33.32267,-38.012344,-37.520184,-38.949123,-37.789375,-39.350174,-40.18923,-38.350643,-40.737286,-42.977528,-45.12348,-46.53662,-46.71216,-49.258045,-52.07825,-51.591034,-53.374123,-54.887276,-55.335255,-56.117165,-57.5852,-59.347797,-62.623756,-63.17491,-65.96301,-68.39357,-70.656944
8576,False,-27.039042,-28.452633,-25.994587,-30.62595,-32.394463,-30.893335,-34.022984,-37.48482,-37.636684,-37.832882,-42.013783,-42.37015,-40.879898,-42.327457,-46.751175,-42.388237,-44.49359,-48.77968,-51.632835,-50.208324,-53.348446,-52.500717,-53.675137,-56.37575,-58.52442,-58.110634,-60.976963,-62.32861,-64.63012,-67.2549,-71.57031,-71.70701
8608,False,-24.508402,-25.299438,-26.30196,-29.857138,-32.002823,-32.801765,-40.557716,-36.64719,-35.54022,-37.65393,-41.909786,-39.896656,-43.414177,-45.848198,-46.29555,-43.632282,-49.11465,-50.490093,-48.255432,-49.21193,-50.98036,-52.10987,-54.08682,-56.34822,-57.46167,-59.221607,-58.926548,-61.946457,-65.23334,-69.9552,-70.54366,-71.38531
8640,False,-25.904335,-26.80586,-24.820107,-28.277548,-34.905186,-32.080482,-35.895924,-39.58076,-39.57499,-42.518726,-41.025818,-38.32965,-40.546196,-42.816906,-44.367966,-47.239914,-46.766693,-48.606407,-49.26593,-50.755882,-52.732643,-53.34562,-53.331036,-56.65842,-58.29209,-59.993595,-60.32299,-60.66946,-67.60654,-68.03911,-70.78622,-72.57539
8672,False,-24.158985,-25.70898,-24.79865,-29.870193,-33.63299,-32.34765,-39.47568,-42.61129,-35.554703,-35.294685,-39.461033,-39.970196,-44.147892,-44.177967,-43.617405,-43.67726,-49.7297,-49.27558,-48.84659,-52.567196,-52.325897,-49.785004,-53.45385,-56.374084,-57.90123,-57.58629,-61.17363,-61.662407,-66.011345,-67.70267,-69.72142,-71.35694
8704,False,-23.149145,-30.49898,-29.437202,-30.390556,-32.880775,-33.162704,-35.334526,-34.813847,-35.35532,-45.913982,-41.52745,-40.58602,-41.595615,-43.328587,-43.899536,-44.89051,-44.71109,-51.201057,-51.292343,-52.682198,-52.73659,-52.517223,-54.347504,-56.506916,-57.16352,-58.58996,-60.38819,-62.45705,-65.78369,-69.44071,-72.90286,-71.80505
8736,False,-22.723492,-26.919167,-24.95251,-28.831635,-32.833775,-34.021908,-37.058655,-32.82016,-38.54709,-39.76388,-41.286526,-41.048508,-39.924618,-41.033077,-44.378197,-46.043415,-47.13334,-49.20957,-49.50482,-50.07859,-50.961113,-54.024982,-54.545593,-55.952526,-55.122467,-58.487137,-62.890526,-64.56983,-67.38797,-69.61288,-71.57765,-71.79357
8768,False,-26.750282,-30.43498,-26.835419,-27.383928,-31.325062,-31.515308,-29.248991,-27.171917,-32.313114,-37.958355,-34.967155,-30.629568,-29.061499,-33.744892,-34.468094,-31.002848,-34.80899,-41.3859,-46.815228,-49.03517,-47.539097,-48.559834,-49.31824,-53.458706,-56.034065,-57.223625,-58.52662,-60.787407,-57.274956,-59.95469,-62.715157,-65.4775
8800,False,-28.467869,-27.782738,-27.568857,-28.487055,-28.868443,-30.287912,-34.42588,-26.874159,-30.41681,-34.966885,-31.190884,-33.55167,-33.55544,-33.17407,-37.146164,-32.681103,-39.543022,-44.05565,-43.407063,-48.73297,-49.171864,-49.904205,-51.26339,-55.435783,-57.00798,-56.577015,-58.557014,-60.556,-58.760113,-62.51015,-65.9679,-67.88365
8832,False,-26.39272,-28.297863,-28.973818,-34.246826,-35.93238,-34.719135,-36.321587,-30.056246,-33.41442,-38.910706,-37.070377,-41.55815,-36.81046,-39.8213,-43.839714,-46.67594,-46.14063,-49.92354,-46.913105,-50.45101,-50.532722,-50.903584,-54.22403,-55.57778,-56.14832,-58.07999,-60.082176,-61.492752,-65.826546,-67.42703,-70.59674,-72.27943
8864,False,-25.851212,-26.248396,-27.203466,-30.199543,-31.349993,-31.698486,-37.137108,-35.854584,-35.710266,-38.595024,-42.83574,-43.885265,-40.13618,-42.14778,-44.364304,-43.725212,-43.133926,-47.3134,-49.878036,-49.94773,-50.57876,-50.867355,-53.98598,-57.280792,-56.781536,-57.40707,-62.09548,-63.277946,-67.24503,-69.25997,-71.6645,-71.280464
8896,False,-23.758486,-27.465076,-29.161922,-27.596062,-32.669964,-34.98428,-39.078976,-34.03464,-32.659973,-37.31626,-40.75131,-41.570435,-40.57057,-40.587006,-44.109146,-43.73358,-47.21228,-48.065838,-49.02283,-52.958836,-51.196693,-50.54879,-53.051357,-55.912937,-57.247623,-59.428104,-61.579727,-64.12748,-66.045334,-68.006905,-70.27114,-71.410355
8928,False,-27.54338,-25.969028,-28.473663,-31.854527,-32.683468,-34.06219,-40.667473,-36.09901,-36.957245,-36.616066,-38.674408,-41.28838,-40.87665,-41.141487,-43.169674,-47.97368,-44.752193,-45.65187,-48.407017,-50.558773,-50.941673,-53.925583,-54.97938,-57.774242,-59.682384,-59.391655,-60.136852,-62.46771,-67.52914,-70.6395,-70.80156,-70.90144
8960,False,-23.674606,-27.117702,-28.032318,-32.36104,-32.824192,-34.15094,-39.77265,-36.545387,-36.28021,-38.87504,-38.729275,-41.68373,-41.231216,-39.8757,-44.51012,-43.56525,-45.799187,-47.277393,-47.847637,-49.465225,-51.128525,-52.440456,-54.1746,-58.01802,-57.243504,-58.469788,-60.258442,-63.519547,-65.67664,-68.21034,-70.52857,-71.514046
8992,False,-24.523922,-27.300957,-26.414345,-30.53241,-32.90524,-30.465765,-33.42917,-34.64596,-39.53568,-39.086975,-39.62788,-41.074615,-39.447536,-42.272587,-45.825966,-44.0626,-47.524567,-49.127815,-48.73856,-50.02968,-51.209984,-52.615555,-55.729607,-58.277542,-57.59302,-58.89681,-60.77663,-63.278137,-65.16506,-68.15838,-71.30322,-72.1758
9024,False,-21.553211,-26.926311,-26.586803,-28.451126,-31.251429,-33.015972,-37.13056,-34.774193,-35.365765,-37.55117,-42.940582,-44.00413,-41.606884,-43.56864,-42.80435,-42.527214,-45.276184,-50.11333,-49.626522,-49.503178,-50.786343,-52.40119,-55.03323,-56.55606,-58.1241,-59.248238,-60.60859,-62.684956,-66.31318,-68.151634,-71.72343,-71.19146
9056,False,-31.184288,-30.77391,-25.698017,-28.877605,-32.673027,-37.414894,-39.6719,-35.61782,-36.39502,-39.60854,-41.986866,-42.201294,-41.99031,-43.80655,-41.721413,-42.215576,-46.529728,-46.15923,-50.67832,-53.945374,-51.648376,-50.82467,-54.940304,-56.723335,-57.900726,-59.106426,-61.31687,-63.729996,-66.713,-68.89971,-71.37953,-72.017044
9088,False,-26.91013,-29.433342,-26.744522,-29.278975,-28.627876,-33.058258,-38.273834,-39.533997,-35.149895,-38.87574,-40.416447,-41.85766,-39.9914,-39.88631,-44.957207,-43.406223,-45.804005,-51.23377,-52.235497,-51.627632,-53.436653,-52.20787,-54.296776,-56.573936,-59.04123,-57.465675,-61.211205,-63.38638,-67.66674,-69.64218,-71.192795,-69.778534
9120,False,-20.826387,-27.00909,-23.560402,-28.417408,-33.03962,-31.893797,-39.52469,-39.726795,-39.166092,-38.72876,-43.57916,-44.417114,-40.76132,-43.146206,-44.74064,-44.33781,-43.449768,-49.14393,-50.104225,-52.584686,-54.356342,-55.584045,-55.96488,-57.6323,-58.973595,-59.69402,-61.339912,-63.965412,-66.13139,-67.89441,-70.12079,-71.981964
9152,False,-25.820189,-27.725616,-26.87466,-30.110819,-35.386086,-33.246758,-35.9465,-39.07014,-35.388958,-36.25377,-44.316147,-45.887455,-44.64182,-46.51547,-46.61327,-45.974785,-47.095192,-46.54924,-50.204067,-51.26646,-53.549175,-53.697754,-55.15558,-56.266003,-57.421795,-59.76732,-61.9548,-64.142624,-66.59353,-70.07602,-71.90732,-71.40758
9184,False,-25.323715,-23.505468,-23.697788,-28.646969,-34.28539,-33.471966,-37.650658,-37.551437,-39.480606,-40.041576,-40.716194,-40.747955,-40.655495,-44.12979,-48.01712,-48.685223,-46.77234,-45.900806,-50.20716,-53.660057,-52.879658,-51.580257,-54.641495,-56.864998,-58.12915,-57.984093,-60.69418,-63.310856,-67.326454,-70.296936,-68.71068,-70.95237
9216,False,-22.456142,-28.405293,-31.45353,-33.311428,-33.720886,-34.286,-42.319984,-38.10515,-36.515957,-40.482983,-42.857777,-45.99228,-43.55439,-46.63955,-46.772087,-44.394775,-45.08834,-49.286514,-48.85235,-50.052635,-50.861362,-52.343544,-56.04676,-56.79327,-59.42077,-59.2984,-60.535892,-65.4125,-67.86538,-69.47362,-71.78981,-72.13395
9248,False,-23.321035,-27.939892,-30.76267,-33.08612,-34.125313,-35.267986,-37.180477,-36.45026,-36.653793,-40.284863,-44.165684,-41.59723,-41.27188,-41.978683,-45.881344,-46.906723,-48.605385,-49.115883,-51.13289,-51.29328,-51.687614,-54.883453,-55.77715,-56.86688,-56.66632,-59.993607,-60.37558,-64.50902,-66.81997,-69.1507,-70.77592,-71.14369
9280,False,-21.754513,-24.762184,-27.130386,-30.961473,-33.757797,-30.688765,-38.257614,-39.736294,-34.995693,-41.39865,-43.38446,-41.89689,-39.545986,-42.8659,-42.977837,-45.088463,-47.364315,-47.856335,-49.97942,-51.096428,-53.99678,-51.444794,-54.867332,-58.71531,-57.707115,-58.70516,-61.53061,-63.933445,-66.59823,-68.517334,-69.9148,-70.55211
9312,False,-23.54085,-26.702309,-27.176435,-25.395678,-29.230495,-27.58701,-24.349571,-22.348877,-26.66876,-33.91475,-28.802181,-24.169811,-24.578709,-23.250189,-23.502264,-20.14575,-22.532524,-25.95009,-30.939365,-36.631134,-30.889824,-30.43603,-29.286015,-31.366423,-28.420815,-27.40377,-30.112045,-25.008614,-19.00288,-19.638845,-26.328878,-28.725033
9344,False,-24.08763,-26.021275,-30.727585,-27.22232,-28.121508,-26.912693,-32.225975,-27.259748,-31.194122,-37.059425,-29.809631,-30.50422,-30.784111,-28.573553,-31.658619,-28.282833,-34.329525,-36.276825,-35.58831,-39.958237,-37.982796,-35.512157,-38.926994,-39.02522,-37.20214,-35.052673,-36.91586,-33.574715,-29.304256,-30.428658,-35.132393,-38.321503
9376,False,-29.365528,-29.709572,-29.414635,-27.044079,-31.512434,-33.26746,-38.303272,-31.932077,-35.960842,-39.96187,-38.125885,-36.68426,-35.286114,-33.9171,-37.345284,-37.875877,-40.045593,-43.475784,-44.70736,-47.04957,-45.2621,-41.85253,-45.227592,-46.18518,-45.062366,-40.66664,-41.443558,-42.35424,-36.99701,-37.674885,-44.22064,-46.3068
9408,False,-25.761099,-28.667572,-28.31877,-31.537142,-32.400257,-32.114594,-39.416023,-34.36062,-36.899693,-42.636475,-42.085793,-39.698036,-37.981678,-41.947685,-40.89447,-38.758385,-39.813778,-45.038677,-47.287083,-47.894245,-47.744106,-45.633656,-48.11283,-49.49152,-49.277374,-46.408943,-46.000496,-43.812782,-41.49693,-43.677414,-49.75649,-51.507027
9440,False,-26.053608,-25.34409,-26.242292,-29.225483,-31.961403,-32.7653,-38.536964,-36.284996,-34.25514,-39.045414,-41.015877,-42.954563,-42.345367,-42.019463,-42.85572,-43.415855,-46.25677,-45.834526,-44.983936,-46.85824,-46.111343,-45.326096,-50.361046,-53.493595,-51.70382,-48.47975,-48.59835,-48.10108,-45.98018,-47.34607,-54.496536,-55.774925
9472,False,-24.483067,-23.869085,-28.881466,-30.481432,-31.387634,-33.0249,-34.855587,-39.013306,-36.007835,-37.1863,-40.90859,-41.65758,-41.3628,-42.879047,-43.573982,-44.054413,-46.480213,-48.671806,-46.832108,-49.232475,-48.85119,-51.265274,-54.785786,-55.446465,-54.658913,-53.90131,-52.795277,-51.80899,-49.30233,-52.102123,-59.437737,-60.642174
9504,False,-24.724234,-26.889553,-25.738943,-30.07516,-33.052406,-34.2414,-41.25368,-38.470337,-36.50668,-39.295418,-45.53284,-41.159096,-43.169716,-45.455303,-45.681602,-47.358517,-49.53835,-48.303795,-47.69066,-48.654724,-51.10605,-53.022457,-56.116364,-56.498177,-57.34058,-57.478363,-57.944763,-56.897575,-54.63745,-56.670418,-62.8335,-65.79534
9536,False,-27.883118,-26.064995,-24.761292,-29.371302,-36.49649,-35.6975,-38.28479,-36.189518,-35.53765,-38.272404,-42.978893,-36.80441,-44.09802,-42.3041,-43.612076,-42.339474,-45.912052,-46.752056,-48.156948,-51.581913,-50.850163,-52.1875,-52.559658,-55.432404,-58.015667,-57.927227,-57.61538,-59.86446,-57.384,-60.93789,-67.01094,-67.49449
9568,False,-24.434443,-29.497555,-27.578669,-29.900131,-30.857105,-30.646812,-36.850082,-37.152565,-37.8394,-40.62358,-40.961403,-41.8363,-41.120087,-42.264786,-43.466858,-45.3269,-48.053406,-48.448833,-50.60034,-50.14168,-51.754143,-53.017487,-53.126007,-55.857655,-57.96639,-59.0526,-59.265587,-61.587837,-60.782543,-62.888332,-69.51381,-71.14919
9600,False,-28.78426,-27.968454,-26.195206,-30.396383,-31.089863,-31.151905,-37.575993,-37.27255,-39.015663,-43.306168,-40.592873,-44.280495,-41.63384,-42.28453,-43.54506,-43.908173,-47.458958,-47.843822,-48.340378,-48.856464,-51.804817,-51.56599,-53.912426,-55.850864,-56.880077,-58.70911,-58.886944,-61.721844,-63.419296,-65.55161,-69.52748,-70.8092
9632,False,-23.433249,-27.34151,-29.07112,-29.348166,-33.703445,-34.54345,-40.293167,-37.993767,-39.46751,-40.372757,-39.17317,-42.90616,-42.840233,-43.405132,-46.230705,-48.4732,-45.488605,-48.492935,-51.547733,-54.7769,-53.287666,-52.740192,-55.866577,-57.77323,-60.020863,-60.295433,-61.620148,-61.57144,-63.94533,-67.81968,-69.756386,-71.94002
9664,False,-21.973072,-28.134153,-29.060228,-29.810715,-29.603212,-31.808964,-36.14532,-42.778557,-35.975857,-37.457077,-43.993343,-42.335762,-41.209072,-44.401203,-44.897533,-46.074974,-46.14894,-46.91042,-49.04346,-50.24008,-50.802864,-52.1446,-53.758244,-56.297676,-58.698097,-59.975414,-61.489487,-63.62993,-64.90623,-67.89984,-71.02776,-70.80988
9696,False,-27.032558,-23.76029,-26.235502,-30.230076,-35.817978,-35.31161,-37.05571,-38.477966,-38.61812,-37.67827,-41.54341,-39.15679,-38.563824,-49.650246,-46.915962,-43.352856,-44.657394,-46.762386,-47.867817,-49.398834,-49.127777,-50.839767,-54.43728,-55.12937,-57.84267,-59.143715,-59.513557,-60.98768,-65.136856,-69.490555,-70.26106,-71.64566
9728,False,-25.097761,-29.3278,-28.894875,-29.984066,-36.383064,-32.777943,-37.93379,-36.668213,-38.432316,-37.591682,-38.38453,-40.730663,-42.13776,-45.13893,-43.51852,-42.94229,-47.77221,-48.122066,-49.036415,-52.210922,-52.833973,-51.956562,-53.90409,-55.90547,-58.233444,-60.500507,-61.369366,-61.696587,-65.67029,-67.760605,-70.17698,-71.47093
9760,False,-26.008835,-24.901907,-25.312294,-27.180298,-31.417492,-33.48136,-36.74271,-37.27324,-36.640568,-39.94902,-43.236084,-41.949493,-40.31452,-42.243797,-44.38067,-44.50666,-46.395054,-49.25573,-51.952366,-51.543396,-53.579517,-54.518494,-55.614372,-55.662914,-56.881325,-60.51873,-61.557804,-63.983227,-66.59904,-68.92489,-70.70026,-71.551674
9792,False,-25.567513,-29.27264,-27.113459,-27.029179,-32.731476,-29.748405,-34.92927,-36.971058,-38.004917,-38.48125,-41.75621,-43.530296,-44.353176,-44.234184,-42.087406,-44.888092,-46.288452,-48.071857,-49.41384,-51.23419,-53.431534,-52.065273,-55.141273,-55.732773,-58.596264,-60.730095,-62.10196,-64.94126,-66.10542,-68.43119,-71.2623,-71.88045
9824,False,-23.39901,-27.83561,-30.02218,-32.232746,-30.950624,-33.92153,-39.675003,-41.453403,-35.740025,-33.98416,-38.610023,-40.1234,-40.57048,-41.237736,-44.634804,-43.8127,-47.229008,-50.07109,-51.212013,-52.55184,-52.083286,-50.690567,-55.057255,-56.065792,-57.091022,-59.41008,-62.62939,-65.5397,-67.69876,-69.824745,-71.77199,-72.052925
9856,False,-27.389957,-28.443356,-29.229918,-29.608227,-32.16227,-32.20442,-33.386642,-29.78626,-31.924469,-36.403126,-36.29779,-31.88879,-32.25606,-35.21256,-36.038086,-34.4867,-38.80302,-43.530434,-46.628365,-50.780792,-48.40654,-49.969124,-50.018738,-54.30456,-56.575752,-58.469444,-60.500816,-61.428917,-59.53609,-62.568127,-65.15443,-66.53293
9888,False,-22.587004,-28.296873,-26.065582,-28.597172,-28.346136,-26.954842,-31.697296,-25.61028,-30.121742,-33.57753,-29.953154,-30.300322,-32.52075,-33.27312,-36.80962,-31.903244,-37.48656,-42.34226,-44.48587,-47.76822,-46.114483,-47.341656,-49.100037,-54.144814,-55.92625,-55.40955,-59.806023,-61.33781,-56.613483,-60.42256,-65.34889,-66.357605
9920,False,-24.702662,-27.069756,-30.394135,-29.688875,-31.445105,-31.055563,-34.918293,-33.59166,-34.128223,-38.6079,-41.57928,-36.60657,-36.628803,-37.45528,-38.778366,-41.889084,-45.545727,-44.248066,-49.893604,-51.608315,-53.07315,-50.477463,-51.912903,-57.02228,-57.290543,-57.703762,-60.61827,-62.715485,-64.23375,-67.643265,-68.960205,-69.96991
9952,False,-22.666405,-27.88068,-28.184631,-30.489264,-31.28082,-37.19297,-37.933914,-37.96544,-35.053123,-38.631214,-40.518616,-38.265503,-39.859364,-42.697197,-41.074795,-41.610485,-48.06865,-46.91513,-49.121536,-49.783764,-49.046635,-50.486618,-54.52023,-55.214,-56.10455,-57.211796,-58.602886,-60.693497,-64.998405,-68.221,-70.67471,-71.07779
9984,False,-24.237099,-30.101925,-33.468803,-31.496382,-35.924564,-34.5913,-37.324375,-39.83583,-37.707413,-37.762363,-37.995552,-39.198788,-39.220207,-40.13252,-42.125645,-44.409794,-47.888275,-50.764545,-49.835274,-52.772373,-50.60072,-52.86806,-54.471222,-55.75323,-57.87087,-59.074753,-59.945,-63.70798,-66.42688,-68.95194,-71.723465,-71.613266
