timestamp,faulty,band_0,band_1,band_2,band_3,band_4,band_5,band_6,band_7,band_8,band_9,band_10,band_11,band_12,band_13,band_14,band_15,band_16,band_17,band_18,band_19,band_20,band_21,band_22,band_23,band_24,band_25,band_26,band_27,band_28,band_29,band_30,band_31
0,True,-34.406418,-34.901382,-34.732265,-37.400864,-39.97496,-40.68335,-40.008846,-43.60766,-41.344013,-42.385216,-42.728306,-49.916245,-51.35904,-50.52221,-49.448544,-50.896664,-57.812073,-57.23471,-58.788574,-61.068424,-57.54329,-56.43856,-60.090828,-62.635353,-62.41033,-65.14346,-65.48553,-67.163124,-72.13811,-70.91931,-73.69641,-73.27556
32,True,-27.270138,-27.603882,-29.627047,-32.00889,-35.367836,-36.28981,-37.708813,-39.33182,-36.366467,-42.697815,-40.342598,-49.150322,-50.81547,-45.66365,-47.986374,-45.860428,-50.35183,-50.133854,-53.9986,-53.130882,-54.703594,-55.83925,-58.236748,-62.42531,-61.769135,-62.912502,-62.695827,-63.886246,-67.848236,-70.442406,-71.4097,-70.61631
64,True,-29.483767,-31.9515,-33.768974,-35.610306,-35.73825,-35.88297,-37.63782,-41.325397,-41.943245,-41.248936,-38.54493,-45.177803,-46.107582,-49.372253,-45.52983,-47.17193,-49.912243,-50.90279,-50.128117,-53.91223,-54.466446,-55.00358,-57.51873,-59.02099,-61.53411,-61.603737,-63.193165,-63.75248,-67.09857,-69.87014,-71.33569,-72.086555
96,True,-23.210194,-32.578377,-31.611732,-34.679287,-35.658142,-35.461487,-35.77397,-42.52263,-46.77507,-43.922874,-41.881325,-43.08247,-45.58925,-46.339622,-45.809753,-45.501972,-49.147755,-52.29883,-51.127167,-55.21553,-54.80444,-54.089046,-60.00367,-62.91099,-62.633484,-61.122135,-64.69931,-64.01191,-67.783005,-70.68216,-72.94106,-72.70371
128,True,-28.873516,-26.675406,-28.938894,-30.155022,-36.893074,-37.15161,-38.62848,-42.519333,-41.18183,-42.58439,-40.433926,-40.37713,-47.29413,-47.523514,-48.737793,-47.1274,-47.743687,-51.29583,-54.025314,-55.447197,-55.999836,-55.922207,-58.067543,-59.368843,-59.456062,-60.474087,-64.069435,-65.866005,-68.40982,-71.1124,-72.2798,-72.40405
160,True,-20.753582,-27.905512,-31.568542,-33.077293,-36.17433,-35.673515,-40.782974,-36.859623,-38.22371,-37.965897,-38.27815,-47.736263,-45.27555,-49.503407,-51.620316,-51.561466,-50.44933,-51.71718,-50.471577,-56.074448,-55.853554,-56.68209,-57.626396,-59.347176,-60.432858,-62.035065,-63.49861,-64.82183,-68.04265,-70.34392,-71.834625,-70.811646
192,True,-23.717995,-31.480087,-34.93825,-34.55679,-38.414856,-36.31028,-41.609882,-39.58359,-38.62867,-39.25654,-41.44735,-44.161983,-43.554695,-45.289005,-46.348335,-47.013588,-49.134644,-49.14335,-50.4015,-52.66954,-55.237614,-54.378815,-60.827805,-59.84861,-62.465614,-62.40889,-62.769436,-65.14686,-67.42198,-69.95905,-72.67791,-72.576836
224,True,-22.97004,-29.067791,-31.446344,-34.009613,-37.41985,-36.346634,-40.163788,-38.45189,-37.209625,-42.397617,-43.851654,-45.331635,-43.54429,-45.589516,-47.174416,-50.18985,-49.76889,-51.808926,-50.596085,-52.976032,-54.795815,-57.26564,-58.744892,-60.877117,-60.01688,-62.643684,-63.806236,-63.74398,-67.32477,-71.08186,-72.65963,-72.18228
256,True,-25.27319,-29.669893,-37.019493,-35.960106,-36.885204,-34.414154,-39.370926,-42.665573,-40.96379,-42.643135,-41.83214,-44.630394,-47.12905,-44.969524,-47.420395,-46.647163,-47.916298,-50.648315,-55.08499,-56.824173,-55.63369,-54.923054,-56.485714,-59.518566,-58.679977,-60.99684,-65.68366,-64.74925,-66.7906,-70.92739,-71.58378,-70.61052
288,True,-22.835754,-28.243126,-30.32442,-35.34107,-35.295902,-33.832336,-38.322136,-42.207226,-45.13901,-45.44409,-41.167866,-46.727676,-47.92576,-45.162178,-45.6074,-50.298164,-51.09325,-50.770546,-52.793995,-54.96227,-55.96463,-56.303253,-60.048004,-60.546803,-61.49465,-61.484253,-64.521996,-64.61521,-67.21432,-70.873245,-71.66214,-71.799286
320,True,-25.611456,-33.893333,-32.141422,-31.779,-33.97393,-36.679016,-37.5353,-39.685158,-43.36534,-43.35796,-40.545525,-43.577255,-41.275578,-46.20881,-47.43573,-48.19971,-51.18432,-52.358116,-51.15333,-53.61653,-55.166534,-53.415085,-55.72756,-58.17296,-59.33074,-61.674133,-63.78608,-65.04221,-68.19896,-70.375244,-71.71527,-72.06564
352,True,-24.75208,-33.239475,-34.1484,-36.8626,-35.10117,-35.993492,-38.086914,-42.51622,-43.59047,-41.944244,-40.333138,-43.625473,-43.682076,-45.363815,-46.476433,-48.37245,-50.592873,-51.53528,-51.747513,-52.560925,-55.368668,-55.36651,-58.68493,-60.152763,-59.621353,-63.636383,-63.421143,-65.805984,-67.89005,-69.93231,-71.18074,-70.29778
384,True,-27.348541,-31.267921,-31.35011,-36.05866,-38.577225,-36.94145,-38.01594,-38.42604,-38.69202,-42.620865,-42.847054,-45.44303,-43.527317,-43.536926,-47.893238,-45.762096,-49.75044,-50.18599,-49.943256,-48.428047,-50.190178,-50.717316,-54.758602,-57.24295,-58.52014,-61.022453,-60.906025,-65.07952,-67.56696,-70.0111,-70.48235,-71.639015
416,True,-21.841545,-28.90153,-29.060295,-33.492157,-36.708084,-32.913437,-41.063213,-41.76249,-39.24104,-40.813965,-40.187206,-40.514637,-41.143574,-38.269207,-36.053047,-36.065296,-38.167107,-38.50349,-37.249218,-31.643145,-37.494778,-37.10988,-40.73182,-48.677273,-54.181404,-53.93776,-57.78568,-57.599342,-62.144638,-65.45857,-65.36912,-68.06776
448,True,-21.732786,-30.120356,-28.29956,-29.139097,-30.618958,-33.845898,-33.73818,-38.2284,-38.140865,-40.30274,-39.935028,-34.938065,-34.52698,-31.679573,-29.996033,-29.5273,-34.493687,-34.4424,-34.81532,-31.353722,-36.38712,-35.35332,-35.680164,-47.92059,-50.370857,-50.120384,-53.675365,-55.416866,-58.474903,-60.447685,-59.079063,-61.827316
480,True,-24.781807,-28.736036,-26.862862,-26.990875,-28.200592,-28.134249,-28.202072,-31.418638,-34.869057,-31.633644,-33.827663,-29.037334,-28.819723,-23.667896,-27.304747,-22.849388,-28.100464,-29.182589,-35.71728,-28.182064,-27.952559,-32.283894,-35.14942,-40.751453,-44.045113,-43.832382,-47.403168,-48.440556,-52.36104,-53.573994,-52.72343,-58.781696
512,True,-21.753979,-26.928785,-29.99495,-30.023567,-32.57139,-28.822763,-25.715347,-28.719225,-31.105745,-30.962942,-31.26031,-33.250687,-32.214314,-26.684942,-24.786575,-23.201645,-28.071966,-28.477385,-27.210018,-25.518272,-28.372063,-25.803192,-29.110186,-38.85573,-43.074818,-43.007236,-45.950485,-47.114525,-49.78695,-53.57521,-52.595474,-56.736443
544,True,-24.904922,-30.958,-35.512596,-35.42817,-32.436886,-30.190159,-31.699865,-30.669336,-30.506588,-31.488758,-33.6708,-30.548258,-30.738909,-24.770912,-27.08266,-28.18211,-27.27848,-27.11296,-25.340757,-27.528503,-30.894672,-29.640049,-32.0777,-41.53427,-43.274494,-43.265553,-46.97163,-45.438313,-40.67399,-44.589027,-44.67241,-45.560486
576,True,-28.87062,-25.719734,-28.369247,-33.87316,-29.498001,-25.682676,-27.62003,-26.83892,-25.885872,-25.206734,-29.549925,-30.974407,-30.615776,-28.40955,-26.206352,-24.223114,-25.533583,-28.41034,-27.554298,-25.817993,-28.160423,-34.196312,-35.752625,-42.802006,-42.212673,-41.359665,-36.61291,-34.942425,-29.43763,-33.492523,-34.240677,-34.14817
608,True,-23.649473,-30.545639,-28.6175,-28.644608,-27.574884,-25.058811,-27.172092,-33.695126,-31.207901,-29.402723,-31.997957,-31.023388,-33.293716,-25.175688,-22.898628,-24.78922,-32.325256,-31.276085,-29.869635,-28.316399,-31.489338,-33.178608,-35.676277,-42.356182,-45.534897,-45.565853,-49.15672,-49.805702,-43.382027,-47.292694,-47.528385,-47.686176
640,True,-23.49767,-30.057251,-31.365341,-30.45022,-33.613667,-28.79012,-27.536097,-28.55204,-28.315527,-34.022987,-35.082546,-29.310263,-30.512802,-25.788954,-25.18533,-26.621605,-33.02533,-33.719,-30.893158,-29.154568,-32.48781,-34.93117,-36.22185,-46.585293,-45.78823,-48.051052,-49.59034,-50.430344,-49.90147,-52.429665,-53.499638,-54.714157
672,True,-23.78618,-28.27056,-30.443924,-28.035492,-29.982822,-29.067747,-29.919533,-31.062555,-35.10028,-30.60731,-32.09889,-30.343288,-26.871216,-25.50264,-23.900206,-26.659472,-32.901955,-32.967808,-30.024902,-31.030397,-32.381462,-33.050026,-38.213047,-45.1164,-45.113113,-47.34821,-51.458565,-52.958904,-52.677845,-55.8915,-56.862785,-59.27116
704,True,-24.970018,-33.15388,-34.0723,-29.537203,-27.780483,-28.313953,-27.708979,-28.919907,-31.037674,-30.30402,-30.767536,-31.147787,-29.760283,-26.175833,-25.037405,-26.167442,-30.14639,-31.11599,-29.83023,-30.24086,-35.801006,-36.383545,-38.496155,-43.970226,-46.01734,-46.343803,-53.163147,-53.40511,-55.7119,-58.108788,-58.69748,-62.6986
736,True,-22.547739,-27.380114,-27.501993,-29.26285,-30.708431,-28.09077,-29.519966,-30.60461,-28.36913,-31.37112,-32.619236,-31.5501,-32.810616,-25.843637,-28.574535,-27.633091,-31.465725,-31.83696,-30.201494,-28.882996,-31.617308,-34.606903,-37.450497,-44.81391,-48.192863,-47.71965,-50.540714,-53.071156,-55.735947,-58.603966,-61.723312,-65.35517
768,True,-22.971497,-32.21549,-29.244186,-27.910103,-27.19451,-25.96998,-30.095655,-30.066235,-26.622406,-29.01223,-32.287613,-38.260036,-31.274101,-28.797495,-26.651117,-28.146202,-32.987366,-36.011204,-32.12037,-30.085352,-31.144218,-37.099773,-39.3785,-44.935158,-46.876595,-50.25875,-51.02693,-53.53722,-58.068253,-61.817352,-63.378834,-67.18212
800,True,-27.519085,-28.522343,-29.442822,-28.795017,-31.078852,-29.940603,-31.704422,-31.289753,-31.22014,-31.790234,-33.907818,-32.731564,-29.387466,-25.197622,-28.30798,-30.558289,-34.5171,-34.465736,-31.578884,-29.657202,-37.514454,-36.315483,-36.574066,-46.018085,-48.76274,-50.611477,-52.33547,-53.884983,-58.736614,-63.290134,-65.15375,-69.51064
832,True,-27.354805,-30.711578,-29.300787,-31.827402,-31.060123,-28.246891,-33.873142,-30.552065,-29.815367,-32.021805,-34.332985,-35.926285,-33.31511,-30.45417,-28.309805,-31.483995,-33.05544,-34.898026,-33.040382,-31.779732,-35.55989,-39.272404,-42.291332,-47.890556,-49.265984,-50.65477,-54.497913,-56.08353,-59.933426,-64.135025,-65.28053,-69.019325
864,True,-28.972916,-30.904444,-28.834745,-31.186943,-30.942814,-26.626558,-28.611698,-35.175827,-30.589428,-34.85637,-36.747574,-31.998611,-34.3822,-28.899876,-25.682087,-29.379204,-35.10664,-34.382195,-32.19153,-34.200195,-36.918217,-37.036263,-39.399723,-47.32992,-50.315125,-52.15599,-56.42838,-56.507603,-60.182514,-63.94211,-65.4893,-69.52515
896,True,-26.83099,-31.341255,-29.564617,-31.243168,-31.19562,-34.981018,-30.930744,-31.918621,-35.37245,-38.511925,-37.97478,-32.57137,-33.88577,-30.663483,-28.250538,-33.88016,-35.901253,-33.845448,-31.850645,-31.288889,-38.436985,-37.71798,-42.119274,-47.719368,-48.58275,-50.54033,-55.285316,-56.119286,-62.495705,-66.34194,-68.665276,-70.66062
928,True,-28.961649,-32.19727,-31.162983,-28.204576,-33.227108,-34.460358,-38.404705,-34.179504,-33.142036,-32.515034,-31.51537,-35.795677,-35.2001,-31.594294,-28.000866,-29.854477,-33.674408,-35.58464,-31.913776,-32.016373,-37.35115,-37.903755,-40.973183,-48.362305,-50.814606,-54.72877,-57.342953,-59.881584,-62.56144,-66.12586,-67.31045,-71.73325
960,True,-29.401133,-28.570282,-32.754734,-30.869621,-29.226494,-30.481346,-31.726799,-34.197735,-32.371452,-33.997944,-32.05385,-34.828186,-35.122574,-32.2427,-29.798363,-31.668861,-32.61506,-35.462193,-33.805016,-32.707058,-38.76763,-37.671017,-41.048218,-50.547543,-50.00416,-54.655945,-59.21066,-58.90415,-64.67858,-66.863045,-68.26542,-72.230286
992,True,-29.971363,-28.821896,-32.04667,-33.472637,-34.537903,-34.172264,-31.094955,-32.770103,-32.44698,-35.974735,-34.25663,-36.02814,-35.283897,-29.957623,-27.982618,-30.421856,-35.617664,-34.763058,-33.180233,-32.38275,-40.836147,-40.601368,-42.113537,-51.425915,-52.068947,-55.143322,-57.57273,-58.271385,-64.440636,-68.89199,-70.53077,-70.74944
1024,True,-23.757236,-31.1554,-27.314213,-34.25395,-33.347088,-30.776306,-30.984512,-32.74154,-30.997725,-33.341717,-33.395374,-38.879017,-39.74859,-34.69573,-29.89907,-29.50333,-35.84007,-34.84336,-33.504135,-32.94909,-39.17373,-38.836678,-42.750214,-49.380833,-51.31407,-55.009773,-59.363976,-61.32451,-64.883896,-69.77006,-70.98079,-72.06872
1056,True,-25.022522,-30.021437,-32.90591,-32.867035,-33.25966,-29.939426,-26.403866,-33.669582,-31.686525,-36.90719,-38.657555,-35.691956,-34.276394,-31.177917,-30.62547,-31.1525,-35.686176,-37.220417,-35.50036,-34.974716,-39.45782,-40.382572,-42.250656,-51.418945,-55.13022,-55.582176,-58.558575,-58.980362,-64.611755,-70.14245,-70.458664,-73.06733
1088,True,-24.043392,-30.06253,-29.985645,-31.058702,-34.941544,-32.70624,-34.412342,-31.870134,-31.172323,-33.87386,-34.94697,-33.814407,-35.764553,-33.483078,-30.54569,-33.81687,-35.806786,-34.491756,-36.73806,-34.802864,-39.51306,-39.843086,-42.891716,-52.26741,-54.91989,-56.17285,-59.803505,-60.600094,-65.09587,-69.80434,-71.39131,-71.27198
1120,True,-30.778793,-32.36305,-27.875204,-26.368788,-31.471756,-31.610128,-34.21799,-35.97659,-35.49355,-37.14788,-38.733204,-37.165695,-35.587933,-34.053898,-32.309883,-33.262947,-37.739594,-37.16205,-37.089153,-34.64878,-38.52263,-41.092514,-44.038704,-49.969524,-53.72656,-56.5489,-55.469894,-53.045303,-54.692177,-51.106377,-52.682644,-55.024105
1152,True,-26.450478,-27.647047,-29.534853,-30.308687,-32.582775,-34.697285,-35.42106,-28.599922,-28.746252,-34.197495,-33.863407,-39.39592,-32.613632,-32.26214,-31.198784,-34.09363,-36.735195,-35.974525,-36.233562,-35.798958,-36.774384,-41.62369,-44.514183,-51.916138,-54.547848,-54.242615,-60.579544,-62.091885,-65.22126,-63.32623,-65.166626,-68.834694
1184,True,-27.45462,-29.055244,-33.42966,-33.10577,-31.076248,-31.305527,-30.523634,-33.28201,-32.58253,-34.355263,-37.076984,-35.120537,-39.194416,-37.616417,-32.312206,-33.39685,-36.826164,-39.120415,-35.37649,-36.4893,-39.63677,-40.041,-43.69616,-51.558094,-52.459015,-58.480377,-61.48399,-61.02064,-63.411705,-66.091286,-67.39564,-70.95027
1216,True,-22.798128,-35.78737,-32.301697,-33.899345,-32.78184,-36.70678,-32.915257,-31.071983,-31.887108,-37.71641,-40.113564,-34.92916,-34.9949,-33.257545,-29.507694,-32.481163,-39.182396,-40.000004,-36.359222,-35.446533,-41.731544,-43.485508,-47.390938,-54.753002,-55.884174,-59.276447,-59.994667,-64.233574,-66.75066,-67.37878,-68.86254,-71.68143
1248,True,-21.227886,-30.63638,-32.078865,-31.807499,-33.15532,-35.158066,-33.637268,-39.21602,-37.299652,-38.55409,-37.94883,-37.461594,-36.174652,-33.721134,-34.49924,-33.555485,-38.927284,-37.902008,-37.52955,-38.31729,-40.385612,-44.253647,-47.55566,-55.53031,-56.679718,-56.942863,-61.731472,-63.734276,-67.029045,-68.46067,-69.230835,-71.67934
1280,True,-24.928661,-30.80075,-28.756104,-31.630623,-36.158134,-34.077652,-36.39958,-36.379562,-35.136826,-34.31491,-35.1234,-37.336098,-37.217075,-37.681927,-33.129944,-34.53173,-38.83127,-36.624836,-39.373188,-39.591824,-40.35852,-45.996174,-49.64519,-55.550697,-56.883713,-57.04698,-61.339222,-63.989357,-68.10292,-69.33551,-71.609314,-72.34802
1312,True,-26.32721,-30.145119,-31.0741,-33.838745,-31.440178,-32.287376,-34.211678,-36.050022,-32.642223,-33.341137,-37.59338,-38.62613,-35.42904,-33.527683,-33.815914,-35.443226,-39.583626,-38.46776,-35.450703,-37.18744,-40.925755,-45.702663,-47.75398,-54.3012,-57.743816,-59.119728,-60.918,-62.572952,-66.585686,-68.87471,-69.87719,-72.49774
1344,True,-25.059921,-34.425426,-30.89421,-34.129684,-33.85632,-38.537373,-36.552143,-34.036777,-32.249622,-33.40731,-35.94789,-43.31541,-38.257133,-35.766594,-32.679195,-34.186996,-38.03918,-40.936626,-39.7453,-37.92019,-43.589417,-45.370083,-46.810097,-55.458786,-58.66954,-59.506866,-62.043114,-62.273598,-66.217865,-69.5474,-71.90523,-72.33384
1376,True,-23.348656,-35.56022,-31.924679,-27.912075,-33.4824,-32.153896,-34.18476,-34.56864,-33.923218,-32.257862,-36.557514,-43.206696,-39.075226,-34.080906,-36.97184,-40.637894,-39.16913,-38.81436,-38.917347,-38.872753,-45.800705,-45.39193,-48.842133,-56.27693,-57.77849,-59.103622,-62.224293,-63.55281,-68.853905,-69.05397,-70.86409,-70.862976
1408,True,-25.792583,-34.20128,-29.077837,-31.675455,-34.219482,-35.94922,-37.101784,-34.164272,-34.02708,-37.630535,-41.043816,-38.890606,-39.74584,-33.37916,-36.185715,-35.78461,-39.476814,-41.680775,-40.653435,-40.96809,-46.6026,-45.665417,-48.098698,-56.52269,-56.992035,-60.237663,-62.80651,-62.994133,-68.616714,-68.98816,-70.60321,-71.46281
1440,True,-24.879242,-28.966682,-30.092173,-31.508844,-34.58376,-39.24577,-36.474846,-36.894707,-33.650955,-34.82156,-41.172813,-38.72337,-39.18762,-34.335274,-36.151833,-36.420036,-38.425797,-39.81934,-42.582863,-40.665356,-43.713127,-46.375996,-47.75337,-55.272938,-57.801956,-60.060745,-63.69164,-64.95083,-68.18141,-68.69833,-69.85135,-70.85181
1472,True,-26.906168,-27.94981,-32.537903,-32.861256,-36.524506,-36.438797,-36.672752,-36.135056,-35.167866,-36.93602,-42.675404,-40.197266,-38.394722,-35.57978,-33.55051,-37.850544,-39.631245,-39.86276,-41.444794,-40.882072,-41.52844,-44.89874,-48.47789,-55.243206,-57.07683,-59.066734,-61.752472,-63.7364,-68.074036,-70.81135,-72.54253,-73.78463
1504,True,-23.827953,-31.493328,-29.818745,-32.12602,-34.80571,-32.596992,-36.28083,-38.073166,-32.439854,-33.87923,-41.85761,-41.5657,-38.967735,-35.7173,-36.838535,-37.97172,-42.782753,-41.24703,-40.99531,-37.07561,-44.110737,-47.923275,-51.14941,-56.188004,-57.609627,-60.460377,-63.31068,-65.645004,-67.06065,-70.81239,-72.47165,-73.17606
1536,True,-24.010735,-27.94406,-28.714914,-31.952991,-34.780125,-34.711845,-38.637047,-37.31739,-37.359184,-35.463207,-37.72226,-40.627254,-40.492702,-40.57316,-36.24395,-37.950977,-45.05739,-45.738106,-42.21119,-39.883427,-46.43963,-48.308357,-51.583897,-57.50833,-59.21643,-60.68995,-63.260498,-64.811005,-67.49517,-70.501625,-71.58927,-72.62326
1568,True,-25.217613,-29.686968,-30.48323,-32.88829,-31.878426,-36.250004,-42.339214,-40.81807,-39.571156,-35.849716,-40.643173,-37.074608,-38.422836,-37.751507,-36.754555,-37.57816,-42.032402,-42.521103,-40.68808,-39.417793,-41.71035,-47.102066,-49.81154,-58.300545,-59.96971,-61.36093,-62.474648,-64.14154,-68.88447,-69.93813,-71.79284,-71.09368
1600,True,-29.62733,-32.490406,-32.012817,-32.642284,-36.266247,-35.979347,-39.14889,-40.799084,-36.968895,-37.173717,-40.864048,-39.675766,-39.19787,-36.267685,-37.177864,-40.534763,-41.043556,-46.633644,-41.932533,-40.37741,-46.01448,-46.84754,-50.747124,-56.614426,-58.632004,-62.281284,-63.98975,-65.069534,-68.71732,-71.66748,-72.14875,-72.80629
1632,True,-24.076166,-33.48705,-33.4564,-32.730854,-36.192463,-32.688396,-39.360424,-36.76103,-36.163948,-39.35676,-40.633255,-40.407566,-39.893936,-37.680588,-36.75743,-38.759094,-43.34996,-44.302677,-41.49941,-41.539986,-45.492767,-49.07478,-51.544197,-55.23395,-60.316177,-60.21606,-62.73405,-66.35181,-69.155045,-70.62323,-71.406265,-72.10173
1664,True,-25.856037,-29.730768,-29.275877,-30.154898,-31.577316,-31.436836,-36.865936,-31.489689,-31.649876,-34.947975,-36.970867,-32.317905,-34.840015,-35.91011,-33.935215,-34.100563,-30.102642,-33.75176,-40.498886,-41.281414,-43.58347,-42.407494,-43.584995,-48.672672,-45.568295,-39.972263,-36.087746,-38.00162,-30.382545,-28.537956,-31.783356,-33.57253
1696,True,-23.37022,-26.202587,-28.612642,-29.797512,-31.297585,-26.753582,-33.838715,-33.55328,-33.95573,-33.952816,-37.2773,-32.910114,-37.454056,-38.091236,-37.888348,-37.888733,-35.124928,-37.791626,-42.20305,-42.82547,-43.067604,-45.371506,-48.414616,-51.72139,-51.28233,-46.44604,-40.46368,-43.356308,-39.98065,-40.153065,-41.328415,-42.50147
1728,True,-24.462883,-30.953346,-30.524414,-31.322517,-33.821358,-34.11855,-35.569733,-36.757206,-37.419666,-36.897053,-36.40302,-40.930904,-40.82627,-39.42963,-38.831512,-39.013504,-44.28825,-44.78692,-42.738495,-42.858624,-47.783768,-47.28135,-52.527924,-54.639603,-55.394905,-55.743027,-53.12783,-54.69999,-48.33923,-47.780384,-51.19703,-52.678032
1760,True,-21.012753,-30.801947,-28.925125,-30.718412,-33.07769,-34.61075,-39.00788,-37.364384,-36.543793,-39.107346,-41.968895,-40.000538,-41.39112,-41.625217,-40.992035,-39.10575,-42.082157,-42.228943,-42.995995,-44.898643,-47.589,-49.603706,-53.201225,-55.434326,-57.666718,-58.497166,-54.61914,-57.860027,-53.4865,-54.035202,-58.119278,-58.09032
1792,True,-25.264523,-30.860758,-33.758354,-34.49389,-35.4438,-38.020016,-35.947166,-37.00099,-37.19512,-41.031136,-39.29833,-41.943634,-42.87025,-43.82659,-37.606056,-37.787354,-41.952744,-43.78552,-43.220474,-42.626263,-49.37712,-49.24168,-52.78865,-57.635845,-59.184723,-60.58219,-57.996105,-60.670723,-56.792126,-59.018364,-60.83756,-61.5961
1824,True,-23.55059,-28.82129,-30.204853,-34.53456,-35.92094,-37.733253,-39.846947,-36.749104,-35.67487,-40.46794,-38.96711,-43.094692,-43.784367,-41.331955,-39.05119,-42.359238,-47.11763,-45.109596,-43.656715,-42.976173,-47.74824,-50.43781,-53.22874,-56.669975,-59.218616,-61.23271,-62.078682,-62.68028,-61.750916,-61.635788,-65.268654,-65.94292
1856,True,-25.502531,-29.367037,-29.192902,-34.60858,-34.207108,-33.01054,-34.888428,-36.76117,-37.55322,-39.783165,-37.91497,-44.681847,-43.278774,-39.321396,-41.54595,-43.428093,-43.92097,-43.610184,-44.787098,-47.29573,-51.18073,-51.647003,-55.18362,-59.06257,-60.216213,-61.659016,-62.8695,-64.0381,-64.65542,-63.9899,-67.249344,-69.410416
1888,True,-23.604935,-29.286402,-28.5343,-31.24074,-34.26808,-34.26097,-35.851284,-37.722786,-36.20511,-39.53138,-42.9462,-40.579704,-41.18265,-41.70186,-41.060616,-43.350204,-43.458145,-46.639576,-45.260372,-45.394073,-48.568375,-51.18389,-55.353237,-57.352333,-58.921272,-61.602066,-64.8084,-65.27992,-66.34826,-68.08683,-70.84614,-70.17084
1920,True,-24.277504,-34.230732,-32.186897,-30.04936,-33.28155,-32.871243,-40.804413,-40.408173,-39.933956,-39.722843,-41.300182,-44.273674,-43.592125,-40.495316,-40.813126,-42.920715,-44.889137,-47.215973,-44.513397,-45.316776,-50.585228,-51.108818,-55.242126,-57.995605,-60.711395,-60.996506,-63.664467,-66.84863,-66.91083,-69.87369,-72.69528,-73.201065
1952,True,-23.16244,-30.64357,-27.04293,-31.741688,-35.410538,-33.720898,-37.233395,-37.852917,-37.671333,-36.962036,-40.763927,-40.385788,-43.7079,-43.689613,-38.58225,-38.018642,-45.309395,-47.203186,-46.509865,-46.908127,-50.07022,-51.342087,-56.513184,-58.920933,-60.671425,-62.558308,-65.59466,-64.36411,-68.59274,-70.91997,-72.30576,-74.461815
1984,True,-27.407864,-29.176327,-29.186869,-31.364605,-35.8844,-33.207954,-38.10737,-40.7592,-41.304012,-41.9384,-42.43214,-42.27402,-40.080227,-36.81609,-39.704956,-44.26082,-45.431953,-45.15435,-48.34783,-46.20605,-51.224117,-54.38622,-57.036053,-60.304626,-61.72646,-62.308887,-63.83934,-64.99482,-67.658356,-70.0855,-71.61101,-72.19472
2016,True,-24.915604,-34.575287,-27.415306,-30.78346,-36.36403,-36.514374,-40.2713,-37.055443,-41.46116,-41.853172,-39.49009,-41.999718,-45.24864,-38.755688,-41.22847,-40.917786,-44.77379,-47.991745,-48.033047,-46.57784,-53.078934,-53.452087,-56.21336,-58.96068,-60.089554,-61.08387,-62.56651,-65.57605,-68.30877,-71.07495,-72.09916,-72.22433
2048,True,-24.38631,-29.05745,-29.983784,-32.436207,-31.654976,-36.917294,-37.253532,-42.5378,-36.58689,-40.700397,-40.66895,-40.614185,-43.35402,-40.574135,-40.997154,-40.23974,-44.800793,-49.461346,-45.741173,-43.31831,-52.280582,-57.276035,-58.41785,-57.614918,-59.148422,-61.365543,-63.152794,-65.21137,-70.52125,-68.70778,-72.130516,-73.29107
2080,True,-24.724773,-31.497057,-27.07506,-29.763351,-36.019787,-34.36619,-38.655785,-37.24784,-38.04654,-40.532852,-43.604057,-41.989216,-43.152122,-42.010246,-39.483337,-40.231354,-45.290302,-47.343746,-48.503014,-46.15374,-49.940563,-52.76712,-54.737663,-57.96614,-59.77724,-61.741047,-65.11138,-63.289215,-67.508736,-69.55977,-69.93152,-71.52292
2112,True,-22.22951,-29.989525,-28.81917,-31.554707,-36.50183,-34.018047,-35.661575,-37.414623,-37.012974,-38.77682,-39.151413,-41.919662,-44.259468,-42.659683,-40.949295,-41.706257,-47.119938,-48.4297,-49.389366,-50.155914,-54.2601,-54.33208,-55.120754,-59.676857,-59.105133,-61.21739,-64.242424,-63.41995,-65.75772,-68.53762,-71.20177,-70.67897
2144,True,-24.889412,-28.003437,-32.128235,-28.601059,-33.16517,-37.9921,-39.85236,-39.77108,-38.505444,-41.12247,-39.30433,-42.588577,-41.85124,-40.27559,-40.155807,-44.782776,-45.50268,-46.790066,-49.865067,-49.589554,-53.427376,-52.41851,-55.48657,-59.855988,-61.439423,-63.54153,-64.937195,-65.031906,-67.531494,-70.60838,-70.79305,-70.906586
2176,True,-29.734432,-30.287807,-32.932583,-31.864693,-34.39787,-36.814816,-42.88959,-40.92547,-40.207462,-39.902157,-37.363235,-43.19264,-43.90497,-43.49033,-41.698235,-45.285416,-47.223602,-49.15657,-46.77698,-45.704746,-48.21541,-51.695045,-56.18953,-58.64319,-60.986397,-61.61964,-64.59798,-65.527466,-67.38273,-71.18112,-71.98596,-72.30562
2208,True,-24.690056,-32.48854,-34.168186,-32.22841,-35.408333,-30.048534,-35.323513,-38.562855,-39.624073,-40.430794,-40.189053,-44.550648,-44.304615,-43.165527,-43.794563,-45.25428,-47.218445,-46.79071,-48.816864,-49.45881,-50.621254,-55.422775,-55.768463,-57.64138,-61.00006,-59.39399,-58.680542,-56.6107,-57.06657,-53.332027,-55.103508,-58.884285
2240,True,-29.256304,-27.419079,-30.461233,-31.697027,-35.245518,-33.315422,-38.034187,-35.069332,-38.014957,-38.68876,-39.205914,-40.525288,-42.301407,-41.764282,-43.530884,-40.24796,-46.413513,-47.44139,-48.828377,-49.152054,-51.88069,-52.793518,-57.01231,-59.933937,-58.913914,-61.932266,-60.281296,-61.203747,-62.670273,-60.742207,-62.039757,-65.47348
2272,True,-24.49437,-28.794191,-29.812057,-32.848812,-35.184086,-33.407448,-35.042118,-42.094475,-40.379826,-37.179947,-37.805916,-40.633224,-39.859833,-42.026516,-43.068268,-43.750282,-46.77128,-48.679077,-49.96659,-50.333042,-50.59858,-51.941544,-56.77749,-58.06328,-59.082104,-60.90017,-63.280235,-65.603584,-66.55598,-66.59895,-69.091934,-69.79722
2304,True,-26.85295,-26.63078,-28.949879,-32.116123,-35.24542,-34.97182,-39.772743,-37.711998,-37.34971,-42.434647,-43.07779,-40.04686,-41.604954,-43.709885,-44.056553,-40.782642,-43.718727,-47.413486,-50.29184,-48.681686,-52.853127,-54.54389,-57.896038,-60.442192,-60.416508,-61.68924,-63.04387,-64.57657,-68.180214,-68.65711,-71.69476,-72.09968
2336,True,-23.615208,-28.951437,-31.322176,-32.639187,-31.69482,-31.774097,-38.81243,-39.408257,-38.594048,-43.347095,-40.47871,-44.509605,-44.12654,-42.389816,-43.83716,-43.68737,-46.66857,-46.805195,-47.543064,-47.285522,-53.323822,-54.815823,-59.081516,-59.49543,-60.878883,-62.876762,-65.39969,-65.25881,-67.54391,-70.09248,-70.971176,-71.726006
2368,True,-29.508926,-28.618364,-31.93959,-33.734306,-38.95141,-36.72724,-39.45847,-38.921886,-39.118114,-40.57106,-39.58811,-42.342243,-43.27847,-42.721474,-41.68586,-42.114872,-46.62607,-49.618706,-50.406532,-49.964516,-52.9394,-53.555508,-56.619667,-59.5486,-58.80095,-61.42312,-64.56149,-63.316845,-68.018196,-69.21534,-71.211494,-73.090355
2400,True,-28.968899,-31.20285,-32.911697,-31.675854,-34.95841,-34.956318,-39.027855,-39.430836,-41.990986,-41.45256,-41.052326,-41.602913,-45.454002,-45.55552,-44.92479,-44.756477,-50.227745,-47.252193,-47.51216,-48.074837,-51.652813,-54.238224,-56.414604,-58.456768,-60.037704,-60.01112,-62.089977,-62.794586,-67.146034,-67.35301,-71.58794,-71.352356
2432,True,-28.352543,-28.405188,-29.2708,-30.727024,-31.391676,-34.49433,-35.394028,-43.60926,-40.36673,-41.064262,-41.611732,-46.10693,-45.531902,-46.13453,-44.044147,-43.697437,-48.290726,-47.83378,-47.79911,-50.364624,-54.26573,-53.101387,-54.590183,-58.495033,-61.066936,-61.503464,-63.595314,-65.00874,-66.699524,-68.77234,-70.41434,-71.35963
2464,True,-31.335114,-30.839758,-29.5957,-30.163494,-31.657688,-31.456652,-39.284798,-39.49604,-38.929317,-40.27019,-38.67189,-45.37172,-45.333046,-43.721237,-46.76909,-46.87905,-49.32834,-49.318787,-50.724567,-52.64753,-54.18816,-54.033207,-55.844074,-57.559402,-59.845432,-60.393734,-63.193993,-65.89406,-68.23694,-70.52397,-71.7285,-69.50824
2496,True,-26.168253,-29.430506,-29.610834,-35.69777,-33.49644,-31.298935,-36.65055,-37.551414,-37.705418,-40.04385,-42.98671,-45.073814,-44.573055,-45.42092,-42.682682,-44.81952,-49.004715,-49.752357,-52.16434,-52.40544,-51.713406,-53.9187,-56.677956,-60.06922,-61.224716,-61.205994,-63.879143,-64.772606,-67.86718,-71.415184,-73.212234,-71.7488
2528,True,-28.805067,-31.825485,-31.659752,-32.957813,-35.430546,-33.115078,-36.300556,-40.663345,-40.89899,-38.684162,-40.549984,-45.532642,-43.18141,-42.70713,-45.059467,-42.52105,-46.87191,-50.07882,-49.63825,-49.787735,-53.382706,-54.007225,-55.922073,-59.83795,-60.41958,-61.846565,-64.10969,-66.05299,-69.48226,-69.99721,-71.58197,-71.71397
2560,True,-27.829226,-25.001612,-29.172354,-33.83795,-35.204254,-35.339333,-35.866924,-34.232098,-37.288292,-41.272987,-39.35536,-42.49189,-41.401882,-44.907867,-48.244072,-47.42662,-50.25506,-52.843266,-49.188534,-51.437157,-53.241978,-53.41759,-55.985603,-59.686554,-59.590435,-63.99523,-63.181244,-64.1114,-66.702385,-71.10391,-70.96473,-71.97915
2592,True,-25.742153,-29.775482,-29.719711,-33.442097,-34.517845,-34.64127,-36.17523,-41.953598,-39.765614,-39.797756,-39.231037,-42.150177,-41.65274,-44.206932,-46.231186,-45.56602,-48.664803,-48.159027,-50.877705,-50.71151,-53.52194,-51.764565,-56.46392,-59.242523,-59.63806,-60.928875,-65.34128,-65.736305,-68.851906,-71.00006,-71.784,-71.584114
2624,True,-32.940353,-30.175518,-31.890892,-35.535366,-38.07183,-33.0368,-39.921272,-39.172043,-40.490852,-39.176544,-37.754566,-43.095673,-43.7825,-45.293823,-45.495144,-43.71651,-45.691032,-47.884136,-52.044456,-53.54898,-53.41724,-55.681404,-58.55976,-59.03061,-60.16263,-61.938072,-63.77137,-64.98656,-66.87998,-70.648285,-73.17916,-73.53858
2656,True,-29.314592,-28.649384,-30.840693,-33.499542,-33.20452,-29.701998,-37.714573,-39.324482,-41.027428,-39.58595,-35.6212,-44.3541,-44.25957,-44.694942,-46.68277,-49.187386,-50.45589,-49.278137,-52.528095,-52.325386,-51.068935,-55.2331,-55.5645,-58.367176,-60.236176,-62.565464,-64.46217,-65.46151,-68.25946,-70.29119,-71.409584,-71.6714
2688,True,-29.51915,-29.555006,-26.50578,-28.76183,-31.858833,-33.78768,-41.037376,-39.796837,-40.51605,-38.938164,-40.410492,-41.13844,-41.781124,-43.924103,-44.31246,-44.770397,-47.592754,-49.247124,-50.427834,-50.910076,-52.41012,-53.895206,-55.550694,-58.724747,-58.820908,-59.397842,-63.896744,-65.50834,-67.35436,-71.43699,-71.53804,-71.8895
2720,True,-29.329971,-32.745365,-33.391754,-33.43312,-31.294813,-33.883625,-36.427055,-36.06078,-35.294968,-38.815083,-38.792755,-43.551334,-41.97849,-40.962837,-44.98419,-43.92328,-46.84786,-49.87596,-50.34195,-52.215935,-54.751213,-54.105038,-55.420574,-58.22335,-61.18261,-59.79998,-62.605137,-63.600063,-56.297153,-53.88374,-58.50145,-59.687813
2752,True,-29.00944,-27.88296,-31.11409,-29.265137,-29.75349,-27.336983,-31.320734,-29.204014,-32.231064,-36.90649,-34.897923,-33.85055,-37.19975,-36.884354,-34.51484,-31.867954,-29.134647,-33.336185,-42.911972,-42.65825,-42.970005,-42.77562,-43.514767,-47.69153,-45.446472,-39.2275,-37.392517,-36.490807,-28.348932,-28.77712,-32.787727,-34.305035
2784,True,-26.703068,-30.657911,-28.25081,-28.872177,-30.164022,-29.958258,-35.27683,-37.504642,-37.81678,-37.50544,-38.308136,-41.787766,-47.54955,-44.762726,-42.942734,-43.439213,-41.195065,-45.226532,-48.47862,-50.844444,-50.9862,-50.94185,-53.155766,-55.021706,-56.25383,-55.20098,-50.884644,-49.687088,-44.41799,-45.94426,-46.755558,-47.33206
2816,True,-29.348167,-35.153793,-31.31438,-29.149218,-33.77005,-31.227146,-35.04109,-38.421978,-40.3264,-39.932934,-41.999886,-40.8107,-44.406517,-42.523224,-43.11818,-43.09227,-46.26264,-47.747345,-50.344765,-50.63418,-53.034004,-51.786453,-54.848717,-57.16805,-56.41991,-57.73867,-56.44771,-57.62007,-50.450348,-51.405457,-54.351765,-54.88217
2848,True,-23.965628,-28.607788,-30.10974,-31.717241,-33.94883,-29.494478,-36.49631,-40.90961,-44.75492,-43.96107,-41.516563,-43.99822,-45.783264,-43.75902,-42.629616,-42.014282,-45.662365,-49.870182,-49.068024,-51.800446,-53.240303,-53.30207,-53.907394,-56.5775,-58.308052,-59.41684,-59.576935,-58.82724,-57.03887,-57.204727,-59.013714,-59.188095
2880,True,-28.526737,-32.277878,-28.07666,-28.988735,-29.684914,-29.709818,-30.028881,-37.781292,-41.327343,-43.480766,-41.20281,-44.65377,-44.7134,-46.47361,-44.423176,-44.481884,-50.835556,-49.303467,-49.46957,-51.028934,-52.993244,-54.730453,-57.694183,-60.004402,-60.046494,-58.884308,-61.346554,-62.890324,-58.571465,-60.66886,-62.78103,-63.83673
2912,True,-27.796507,-33.426243,-34.231953,-34.381363,-31.49146,-32.641926,-33.691708,-42.312737,-39.058422,-35.806683,-42.942116,-44.746193,-46.578335,-45.007023,-44.26773,-46.009087,-48.571396,-51.101334,-55.436157,-53.560253,-54.06746,-55.01473,-56.647865,-58.044624,-59.618095,-61.65554,-63.216545,-61.607582,-63.862595,-65.30003,-67.76935,-68.81103
2944,True,-24.801067,-30.435808,-33.0281,-33.035877,-33.497276,-34.002174,-36.613205,-43.654175,-41.97007,-43.05679,-42.45858,-42.96385,-43.917244,-42.380096,-44.38421,-45.38931,-48.929756,-49.886745,-49.885677,-52.120697,-54.132862,-53.93222,-55.67671,-56.595116,-60.062088,-60.6386,-63.727222,-64.212845,-63.877327,-66.862915,-69.92514,-70.35018
2976,True,-30.482386,-30.568596,-31.802334,-32.14595,-31.929667,-29.980804,-36.663242,-40.358223,-40.40504,-39.89602,-39.70552,-45.93653,-40.813313,-41.99726,-44.66783,-44.23567,-47.776752,-51.519447,-49.40144,-52.50869,-52.65449,-52.03339,-55.48829,-58.96803,-60.710556,-61.723244,-63.06727,-62.875175,-65.32593,-65.93995,-69.823715,-71.72512
3008,True,-26.880222,-29.670506,-28.57103,-34.499123,-34.769066,-34.268604,-42.304188,-36.1739,-39.758442,-43.63643,-44.809647,-44.95456,-47.13251,-47.3733,-46.336437,-46.12884,-49.86049,-49.531914,-51.18658,-50.639362,-51.787205,-53.712097,-56.0329,-59.183357,-59.131756,-60.31768,-63.28882,-64.43404,-68.92301,-67.81291,-70.54319,-72.185036
3040,True,-27.182182,-29.213512,-28.10831,-31.134647,-34.392162,-34.477047,-35.119034,-38.75004,-40.717392,-42.87806,-44.383736,-45.84244,-45.673084,-43.54733,-44.140755,-44.33167,-50.06978,-50.518143,-51.66651,-55.052567,-54.728127,-53.886543,-55.865257,-57.11213,-60.10926,-63.777027,-63.571278,-65.315636,-68.1727,-71.085266,-72.002304,-72.67327
3072,True,-23.9242,-27.831997,-29.507664,-32.219765,-33.12843,-34.12707,-39.20125,-41.303635,-38.164536,-44.279655,-41.893993,-43.072052,-41.836605,-41.730705,-43.625416,-45.528976,-45.229668,-48.135925,-52.358482,-54.67347,-54.651016,-55.7271,-58.880783,-58.191086,-59.744972,-61.297623,-64.22759,-65.471,-67.145584,-69.84041,-73.463684,-72.629105
3104,True,-25.889742,-31.8889,-29.312927,-30.206602,-32.470947,-31.366875,-36.974457,-36.85577,-38.596962,-38.137074,-36.64654,-45.122055,-42.95407,-42.26774,-43.43837,-43.30419,-48.514675,-49.717716,-52.0945,-52.613113,-53.78025,-56.210815,-57.30268,-57.046158,-59.84951,-63.486423,-63.29026,-64.80007,-68.079956,-69.50197,-69.90423,-71.616455
3136,True,-23.618187,-27.424881,-27.063484,-29.444025,-29.426968,-32.64866,-37.13793,-42.708,-40.877777,-44.555786,-43.457153,-44.613525,-46.695057,-40.165043,-42.692963,-45.605053,-48.5662,-51.88557,-52.17924,-51.96588,-54.476097,-53.891834,-57.163967,-59.28625,-60.91209,-61.74391,-64.34553,-66.28359,-67.66155,-69.99342,-71.19863,-71.12728
3168,True,-26.178482,-31.074127,-26.392326,-30.017525,-32.74438,-30.849949,-38.523888,-38.59231,-40.928688,-40.777725,-41.577953,-44.805054,-44.6237,-41.28103,-44.838367,-45.815193,-48.33513,-49.138794,-50.19542,-53.788322,-54.330296,-54.70883,-56.62483,-59.342686,-62.135868,-62.251114,-65.072136,-64.14626,-67.215065,-70.23185,-70.880264,-71.87407
3200,True,-21.506712,-28.90514,-24.622404,-29.238308,-34.22291,-30.823517,-37.17926,-38.211033,-36.028603,-41.822834,-42.791397,-41.868515,-42.185043,-39.658962,-41.260643,-43.02063,-49.749073,-50.60314,-50.990295,-53.23544,-54.162525,-54.89482,-56.666664,-58.564396,-58.893272,-62.55651,-63.698257,-64.77121,-66.8303,-69.92115,-71.15848,-72.04304
3232,True,-26.472752,-31.35297,-29.195393,-33.220474,-33.476654,-31.072365,-37.39282,-38.728165,-37.411636,-40.536667,-38.30976,-40.177948,-43.710655,-42.585506,-42.031322,-44.97582,-48.720818,-52.56634,-52.818394,-53.40975,-52.896057,-54.207718,-55.775993,-57.412525,-59.024223,-61.265903,-64.17255,-63.67539,-66.37979,-70.31978,-72.209015,-71.802956
3264,True,-23.522503,-28.481316,-30.880945,-32.7496,-33.0452,-35.235012,-35.650734,-39.333233,-32.767223,-36.940575,-39.38649,-43.269917,-45.524643,-42.12912,-42.441334,-43.7806,-48.573296,-51.772285,-51.280823,-53.539307,-54.591377,-53.855385,-56.603718,-57.39422,-59.00496,-62.0934,-63.562897,-63.760567,-65.04559,-64.25316,-65.65774,-65.699066
3296,True,-25.37861,-27.579813,-26.266045,-30.757565,-32.507072,-32.232563,-36.29078,-40.732002,-39.50837,-41.40613,-41.883965,-43.654118,-45.010357,-44.81391,-45.674126,-46.2062,-47.087677,-49.532867,-50.38931,-51.04817,-55.128994,-53.332047,-55.26878,-57.33564,-58.07895,-58.37583,-55.868374,-55.4645,-54.290398,-53.379704,-54.29716,-55.723576
3328,True,-26.388962,-30.095491,-33.251984,-32.50812,-33.671535,-33.36173,-33.30777,-35.956066,-36.777344,-39.17047,-42.167336,-45.59439,-44.03817,-41.46752,-43.317413,-48.35254,-45.99752,-49.223064,-51.366188,-52.979626,-53.60945,-53.772236,-55.314747,-57.89029,-60.157257,-62.44717,-62.436836,-61.918774,-63.61891,-65.26088,-67.236305,-68.007996
3360,True,-29.16663,-30.565567,-26.456564,-31.33254,-34.717503,-33.268215,-38.16642,-39.67281,-35.749184,-39.200016,-36.94571,-43.987,-44.414124,-42.94227,-43.483234,-48.21821,-47.79629,-49.738686,-49.335777,-54.490524,-54.2971,-54.35862,-56.48751,-59.349598,-59.980625,-61.97555,-61.896744,-63.646973,-67.001366,-67.942055,-70.035126,-71.09129
3392,True,-23.242064,-32.96433,-31.784615,-32.641266,-30.671846,-29.599123,-30.917439,-42.056488,-41.586323,-40.96009,-40.87291,-43.578533,-44.219707,-42.984276,-44.09041,-45.41378,-44.537292,-49.224285,-51.40576,-53.39735,-53.622726,-54.049164,-57.80445,-58.84167,-61.349926,-61.223145,-63.04773,-64.037415,-67.25552,-69.63925,-73.30875,-71.79667
3424,True,-24.257986,-31.546495,-32.242153,-35.292458,-32.780434,-34.88982,-35.790844,-40.951736,-40.850464,-40.183723,-42.912262,-44.709274,-47.01736,-47.42497,-46.862587,-45.910995,-48.549465,-49.30905,-52.94007,-54.16292,-56.560875,-55.773552,-57.3843,-59.416943,-59.69231,-62.567562,-64.53844,-64.40925,-69.13206,-71.8103,-71.91342,-72.71084
3456,True,-24.925959,-29.861618,-30.195368,-32.452892,-34.641464,-35.84898,-33.575882,-36.630054,-39.693825,-40.466553,-37.268723,-45.122345,-46.59047,-44.71094,-44.977818,-46.204674,-48.84859,-48.69123,-50.216442,-53.78086,-55.052,-54.652943,-56.539463,-58.7909,-58.264587,-60.740414,-63.77556,-64.40639,-67.299446,-69.50845,-71.76346,-73.678986
3488,True,-27.717,-31.121643,-32.837975,-36.410416,-35.53399,-34.350468,-34.636032,-35.479046,-39.832645,-40.503044,-38.03645,-49.47854,-46.746597,-44.419456,-43.167244,-45.73912,-45.745575,-48.07846,-51.001305,-54.43628,-53.306747,-54.431793,-57.751945,-59.30385,-61.977196,-61.90767,-62.594563,-64.03632,-67.95647,-70.707535,-72.370766,-72.124756
3520,True,-24.224678,-29.246326,-30.534573,-31.550035,-30.403732,-30.84302,-35.157413,-37.448936,-32.329803,-38.273693,-37.726437,-43.704258,-47.728935,-45.03511,-44.93103,-44.98907,-50.32824,-48.87642,-49.809284,-55.323624,-56.821823,-56.67388,-56.76976,-57.867943,-58.184223,-61.67907,-63.370358,-65.27799,-67.6837,-70.37262,-71.81426,-70.97243
3552,True,-26.961515,-28.219769,-29.631378,-37.277096,-36.312595,-31.82166,-39.608765,-42.065243,-38.04478,-41.071068,-43.00739,-43.474464,-50.613598,-45.76689,-44.679688,-45.568295,-47.530006,-48.63408,-49.219566,-53.139618,-52.028038,-53.653416,-58.24812,-59.083115,-59.203915,-61.65954,-64.05333,-67.37557,-69.62608,-68.955185,-70.78498,-71.46645
3584,True,-23.031116,-30.347013,-32.018536,-31.795395,-32.59661,-30.899813,-39.38839,-40.443756,-42.409977,-44.071636,-42.285572,-43.59295,-43.04388,-44.65448,-45.73764,-46.656693,-53.15541,-52.699017,-52.058372,-54.01096,-54.382706,-55.1833,-60.16095,-59.658875,-61.402966,-60.850914,-61.876637,-63.82753,-68.34032,-71.44978,-72.695564,-71.370636
3616,True,-27.633942,-30.550138,-29.104473,-33.636673,-38.732914,-31.800985,-32.282806,-39.785313,-37.967377,-41.055504,-39.606113,-41.650124,-43.360542,-43.07484,-44.961372,-45.04857,-47.858196,-50.411957,-51.615444,-55.581085,-54.984352,-54.904842,-59.131855,-59.499077,-62.871838,-62.76655,-64.263626,-66.11697,-68.62382,-68.774994,-71.60672,-72.09646
3648,True,-23.92253,-29.757917,-31.36248,-35.15806,-29.288567,-31.578829,-36.26523,-41.18611,-39.204056,-40.747658,-41.879982,-46.335373,-43.804264,-42.291927,-45.77022,-50.564117,-50.309074,-50.25789,-53.38356,-55.905632,-55.188652,-54.364147,-57.986786,-58.845592,-59.926624,-61.68251,-64.95004,-63.831673,-69.92835,-71.6355,-70.514496,-73.26508
3680,True,-27.994019,-33.386154,-25.819714,-30.455162,-33.786564,-30.157257,-35.913586,-37.266212,-33.109734,-40.19531,-40.283543,-41.646378,-45.16324,-43.45785,-46.453728,-47.063606,-49.039078,-49.299896,-52.21611,-51.105274,-54.43109,-55.191483,-57.546272,-61.53148,-61.619118,-62.19362,-64.49914,-64.691734,-68.819824,-70.93714,-71.928986,-70.94184
3712,True,-21.5456,-29.30867,-30.399612,-30.978107,-33.27734,-32.548615,-34.594208,-38.222336,-35.82183,-40.498623,-43.272316,-40.585255,-41.962048,-45.093025,-46.655064,-47.23607,-51.549614,-51.859367,-52.325165,-54.972454,-54.2625,-54.602203,-57.33161,-60.340656,-61.458702,-62.09498,-63.49529,-65.75523,-68.96054,-70.85651,-72.7853,-72.95961
3744,True,-25.887772,-32.026077,-31.424717,-29.409523,-31.5377,-35.26732,-31.588211,-39.134842,-37.98061,-39.85761,-38.284092,-41.9374,-43.401814,-44.75112,-47.800377,-45.732864,-49.916386,-48.859543,-52.385136,-52.00483,-54.95545,-56.327015,-58.32837,-58.817345,-58.897587,-61.6672,-63.962738,-63.94725,-69.43147,-71.57603,-71.60199,-72.91928
3776,True,-25.144102,-30.327972,-32.218918,-36.3418,-34.60729,-32.359608,-36.943306,-38.769375,-35.467728,-40.591057,-39.540222,-44.055542,-41.880287,-43.160835,-42.978294,-45.20029,-48.954025,-50.903976,-52.82885,-53.42443,-54.042747,-54.952084,-55.219387,-59.166634,-61.96927,-62.47326,-64.369095,-66.0758,-68.2727,-69.879196,-70.24678,-71.844246
3808,True,-22.015734,-32.741226,-29.797817,-30.016483,-32.999466,-28.223265,-33.72629,-35.03879,-36.420036,-40.228157,-38.388367,-39.99393,-40.367607,-40.98298,-40.41096,-38.84544,-35.949646,-39.782913,-48.40899,-50.578274,-52.523712,-50.80952,-49.76404,-51.64312,-50.42606,-49.539467,-49.282005,-43.499237,-36.371006,-34.250404,-37.67737,-39.467125
3840,True,-27.789982,-32.10694,-34.051804,-33.113586,-32.395233,-26.294655,-31.377377,-30.527035,-32.289692,-37.156948,-38.420937,-36.93825,-38.845707,-39.138046,-38.211605,-36.867912,-31.661112,-35.132782,-45.644375,-45.714756,-43.90234,-45.357136,-46.38434,-47.775406,-47.5064,-44.274742,-43.751366,-38.803387,-33.10537,-32.4956,-34.650547,-35.817764
3872,True,-23.618448,-29.408749,-31.71679,-35.078682,-32.35824,-32.448036,-36.594334,-39.518036,-32.80644,-37.676548,-42.015133,-44.642876,-46.336723,-45.860893,-46.055035,-45.43261,-46.03066,-48.096924,-50.566223,-51.05478,-51.95148,-50.980232,-56.10874,-56.777187,-56.885178,-55.31353,-56.918926,-52.205505,-47.197548,-47.447617,-49.766693,-50.450386
3904,True,-27.63936,-31.52218,-31.274406,-33.812603,-36.18474,-33.262165,-33.235733,-38.62315,-34.622913,-38.044556,-40.160824,-42.582497,-43.70071,-44.249397,-45.377914,-49.08344,-51.873417,-52.567825,-50.788998,-52.54526,-53.10543,-51.974854,-57.216892,-58.21125,-60.3357,-61.16058,-60.156036,-56.1569,-51.06472,-51.83214,-56.519608,-56.85223
3936,True,-21.55695,-28.487198,-32.028442,-32.65692,-34.218773,-31.633137,-37.507507,-40.04631,-37.601295,-38.5039,-43.46488,-43.15097,-39.815887,-42.75193,-42.589603,-45.990814,-46.87084,-49.418266,-51.954803,-53.56674,-52.690895,-52.956474,-56.47719,-58.295616,-59.17684,-61.181454,-60.83641,-61.285294,-56.87407,-57.477165,-60.445724,-61.56506
3968,True,-29.161024,-30.086342,-27.292274,-30.661652,-38.152622,-35.677505,-35.35463,-41.51445,-34.293743,-37.985413,-41.777668,-43.32525,-43.89732,-44.68328,-42.683594,-44.79912,-48.06935,-52.250366,-52.406075,-53.090927,-54.221527,-53.785828,-56.439087,-57.467236,-57.734066,-60.07586,-64.588104,-62.808655,-60.016922,-60.516495,-64.03966,-64.49449
4000,True,-27.069635,-34.675247,-33.618195,-32.73993,-33.409267,-31.983467,-35.16631,-40.13931,-38.03993,-41.989677,-45.559444,-43.7488,-44.18582,-42.205452,-43.22677,-45.731853,-48.333862,-48.75824,-49.578682,-53.692516,-54.230747,-54.821987,-56.454525,-59.546852,-62.066177,-60.929737,-63.181538,-64.95869,-63.79174,-64.78336,-68.095245,-67.9462
4032,True,-27.39862,-31.618637,-30.314539,-31.678673,-32.85713,-33.645508,-33.817116,-36.808422,-35.818867,-40.808556,-41.84975,-43.213295,-46.564137,-44.749275,-46.357113,-46.02021,-49.665142,-48.38264,-51.56907,-53.962868,-53.834644,-55.857292,-58.06587,-60.31595,-60.82628,-63.346615,-63.703316,-63.814297,-65.58014,-67.65785,-70.38041,-69.36679
4064,True,-25.644138,-29.401361,-30.75282,-33.040684,-33.874344,-31.089272,-35.17945,-37.71629,-40.100933,-44.059414,-39.82367,-43.295258,-45.4018,-42.593307,-46.782448,-47.32968,-50.078625,-51.398636,-51.011322,-54.602703,-55.06465,-53.654522,-56.224552,-61.192627,-61.90644,-61.482197,-63.57306,-64.03073,-68.144424,-69.99145,-71.707,-72.71276
4096,True,-25.023453,-29.0551,-30.95866,-34.669983,-35.59041,-35.14312,-34.19017,-36.700672,-36.885212,-42.276035,-39.32085,-45.462154,-44.225594,-44.712532,-47.669342,-47.73077,-49.130264,-48.237434,-49.990498,-54.55761,-55.515408,-54.16178,-56.077763,-60.71756,-61.56557,-63.70616,-64.8666,-64.46774,-68.34562,-69.76169,-71.790955,-72.76429
4128,True,-29.08778,-27.799185,-32.137714,-31.880665,-32.71991,-33.895363,-34.68311,-40.81339,-40.003235,-41.299126,-44.396862,-45.573925,-46.22042,-44.706963,-42.985264,-47.899673,-48.68953,-49.605656,-52.569855,-54.521217,-55.168167,-57.08267,-58.727474,-61.09997,-62.132614,-62.069374,-65.95346,-64.68763,-67.24695,-69.388535,-72.05685,-71.1957
4160,True,-29.644835,-29.074152,-30.92664,-33.27819,-34.729218,-35.68266,-37.03225,-39.615067,-42.525066,-42.373695,-39.834625,-48.119053,-44.52574,-45.90441,-51.210976,-50.862495,-51.153328,-51.483734,-51.271767,-55.04779,-58.244408,-55.75515,-56.96927,-59.392017,-58.740887,-62.154053,-64.91721,-63.86875,-69.45762,-70.60017,-72.52889,-72.86935
4192,True,-29.204615,-30.834843,-31.464466,-32.05603,-33.081337,-29.975506,-34.47439,-38.14011,-39.168694,-41.954636,-41.13657,-46.589146,-48.71293,-46.62474,-46.705193,-51.341263,-51.29269,-52.18041,-51.563477,-54.244453,-54.293617,-55.847404,-57.875805,-58.35896,-60.543827,-62.46187,-64.30177,-65.256096,-68.06252,-69.635864,-72.62414,-73.02542
4224,True,-26.084137,-30.755753,-32.984486,-32.05008,-32.387413,-29.615013,-39.999775,-38.76744,-40.031315,-40.872513,-39.72464,-45.751537,-44.79813,-45.096992,-44.163597,-46.337605,-49.82704,-51.19795,-52.520714,-55.24769,-54.256916,-56.34647,-57.456417,-59.397156,-60.36017,-61.600815,-63.838955,-64.74952,-66.925095,-69.57675,-71.82124,-71.92339
4256,True,-28.723923,-29.31281,-32.42695,-31.489498,-37.30242,-33.12649,-32.48126,-38.878826,-40.508175,-42.47292,-39.80672,-43.030697,-44.68625,-44.106983,-47.05574,-47.67692,-51.811157,-51.06626,-48.680428,-53.790936,-56.000805,-55.83734,-56.71553,-58.06164,-60.15865,-63.458656,-63.07015,-64.37847,-68.25762,-71.059364,-72.699715,-72.75484
4288,True,-31.128147,-29.530945,-28.887423,-33.871296,-35.64197,-32.953533,-33.49054,-39.277225,-37.18243,-41.089775,-42.356457,-43.756096,-43.59417,-46.347183,-46.69354,-45.741352,-49.238335,-52.322983,-54.011948,-54.8705,-54.199814,-54.167446,-57.92219,-59.620014,-59.428772,-61.543625,-63.50973,-65.82338,-66.907074,-69.01485,-71.31742,-70.94238
4320,True,-28.460121,-33.962105,-35.56671,-35.43035,-35.403378,-34.64522,-36.63953,-37.45595,-36.72683,-41.43273,-40.093098,-42.095215,-46.55803,-44.47249,-45.49987,-45.426785,-49.884438,-50.752453,-52.071968,-52.26867,-52.509453,-53.06883,-56.9086,-59.541626,-60.645836,-61.480503,-63.891636,-66.63353,-67.808044,-69.54678,-71.431435,-72.482445
4352,True,-28.689613,-26.22959,-27.818783,-30.973022,-31.13057,-32.490288,-32.94733,-43.093113,-42.49311,-42.83863,-39.774975,-39.453636,-43.847443,-43.245815,-45.645145,-45.42017,-50.78274,-54.429703,-54.645687,-54.43116,-54.390217,-54.081284,-56.761063,-59.224285,-59.024944,-59.7036,-60.528732,-57.75175,-59.0209,-55.901787,-57.506783,-60.480885
4384,True,-24.441832,-30.578835,-31.812912,-33.616695,-35.04505,-29.668638,-31.31762,-37.276577,-39.582813,-42.097073,-40.27576,-42.730606,-44.332615,-42.23294,-45.333893,-47.707413,-50.00814,-49.958557,-51.6292,-55.195953,-58.452145,-57.249718,-58.180565,-61.77921,-59.603462,-61.587883,-59.07968,-57.18171,-59.593124,-57.000423,-57.887245,-62.23927
4416,True,-25.267687,-30.52298,-29.526262,-28.39975,-33.710037,-35.67827,-35.068794,-37.44968,-37.355858,-41.571228,-41.353508,-41.775642,-43.695175,-42.543636,-45.492165,-46.18152,-48.854618,-49.01098,-52.15109,-51.96516,-55.649155,-53.841644,-57.73098,-58.465813,-59.98565,-63.09141,-62.467274,-63.607162,-67.45583,-66.92044,-68.62713,-69.970764
4448,True,-27.15118,-31.756592,-32.413177,-32.89075,-33.727707,-29.450388,-32.611004,-38.995274,-43.86278,-42.20018,-39.24355,-42.85271,-45.3032,-46.37697,-48.840134,-50.919285,-47.88719,-51.561275,-52.013527,-54.465885,-55.490128,-57.249435,-58.873714,-59.581585,-58.679695,-61.71804,-63.989548,-63.16286,-66.78176,-68.73587,-71.689766,-72.93474
4480,True,-23.884445,-26.721804,-36.55782,-35.486797,-37.637135,-31.198456,-35.26994,-40.756462,-43.124817,-41.997833,-38.39351,-43.95513,-45.590553,-46.535145,-47.936558,-48.689056,-47.84262,-53.157,-53.196507,-54.319527,-55.42147,-53.99893,-57.0765,-58.093086,-58.743824,-61.40484,-63.312157,-64.49875,-66.568924,-69.54914,-70.51079,-71.37661
4512,True,-24.582148,-30.397903,-33.661,-31.423826,-33.418785,-32.750183,-38.578583,-39.399467,-38.737823,-41.91208,-37.994347,-44.900814,-43.8879,-42.810135,-43.310127,-48.08048,-51.28004,-51.890892,-52.178734,-54.93753,-55.78681,-54.616714,-56.907333,-59.081856,-59.45372,-62.47682,-62.43702,-66.123344,-68.349266,-70.5193,-71.48297,-71.56102
4544,True,-26.555014,-29.043064,-31.49448,-29.829113,-35.072342,-37.038372,-38.80745,-38.819622,-40.218906,-43.537403,-39.131893,-44.73136,-43.93826,-47.63089,-46.01056,-46.952976,-50.316376,-49.001747,-51.914448,-53.294777,-55.149387,-57.61473,-57.74453,-58.754143,-60.89546,-61.12297,-64.46424,-65.43304,-67.62177,-69.86474,-72.134834,-72.31292
4576,True,-22.094921,-31.454845,-29.690378,-35.465946,-37.072014,-33.74543,-37.10463,-37.767082,-37.684364,-40.766144,-39.694485,-45.11975,-46.01807,-43.078175,-47.5616,-46.59016,-48.307034,-50.696922,-50.6391,-52.774178,-56.631927,-53.80034,-56.855053,-57.75264,-59.114586,-62.060963,-63.311287,-63.030514,-67.49589,-70.23051,-71.192764,-72.118164
4608,True,-23.382568,-30.98303,-28.885777,-33.52589,-35.07102,-33.67984,-39.308113,-40.59455,-35.96988,-38.535496,-38.74694,-43.55889,-48.181423,-43.37839,-45.01214,-48.0772,-49.724716,-49.855194,-50.62748,-55.330124,-55.196896,-56.035942,-57.36443,-60.82321,-60.856827,-61.0154,-62.441006,-63.89488,-68.58957,-70.29893,-72.61116,-72.52928
4640,True,-26.761486,-28.795454,-29.08327,-30.83767,-30.869457,-33.221294,-37.811714,-40.190586,-37.397274,-40.410927,-40.27176,-44.047585,-45.91074,-43.955322,-44.70368,-47.40524,-52.45472,-50.824986,-52.51171,-54.43664,-56.21402,-56.172493,-57.055378,-59.99531,-62.658367,-62.35862,-63.676773,-66.753784,-68.102486,-71.82269,-72.49389,-72.00717
4672,True,-21.22255,-27.004461,-32.294327,-31.002226,-36.2242,-30.994673,-37.168766,-42.199425,-37.8402,-37.613556,-36.424118,-47.217384,-47.21808,-43.6473,-46.636127,-49.07441,-48.758396,-51.51194,-51.472782,-52.747692,-52.988934,-56.162384,-57.82207,-59.86515,-60.64212,-62.154175,-63.740387,-66.05355,-68.09792,-69.674995,-71.179756,-71.64733
4704,True,-28.765574,-28.998428,-29.166637,-33.116352,-33.236214,-34.550285,-35.12717,-38.827354,-40.19095,-40.20614,-38.697094,-41.32416,-47.246517,-46.260967,-45.729183,-47.27571,-47.883343,-48.298225,-50.330933,-53.84985,-54.10057,-54.85314,-56.772064,-60.720116,-60.984955,-60.492462,-61.99593,-63.332222,-67.43883,-69.91466,-71.35591,-71.776825
4736,True,-23.401987,-26.045515,-26.398561,-25.88705,-29.951124,-28.487507,-36.017998,-40.548943,-39.79853,-42.585243,-40.723385,-43.29317,-45.57084,-46.64749,-47.86683,-44.921688,-44.724163,-48.60754,-52.76686,-50.809883,-53.58062,-55.45176,-54.654175,-58.77682,-61.05988,-61.30898,-62.684105,-63.105885,-66.23089,-69.49057,-70.18717,-73.01133
4768,True,-26.085043,-32.596928,-28.54218,-30.19145,-35.973,-31.20286,-35.58746,-38.07601,-36.553837,-37.34976,-40.99063,-46.188755,-44.650463,-44.032753,-46.37793,-45.80294,-46.684414,-47.161366,-52.59582,-53.008724,-54.561966,-54.751125,-54.702408,-57.39561,-58.774574,-62.24372,-61.911396,-63.81531,-67.358215,-69.306496,-71.81995,-71.67258
4800,True,-29.141272,-31.316868,-28.08945,-30.461988,-32.061043,-30.815659,-33.632057,-39.051365,-38.491985,-41.6172,-40.539623,-44.119644,-46.501877,-45.080032,-45.53228,-47.726345,-46.845932,-47.62443,-49.52842,-51.961052,-51.812634,-55.530228,-55.951595,-59.03687,-60.274563,-60.427467,-62.3028,-63.34669,-66.87426,-67.943016,-71.4161,-72.497894
4832,True,-23.651686,-30.990887,-30.987434,-32.344204,-34.50807,-32.664833,-34.502815,-40.00966,-42.158607,-42.642345,-39.88992,-43.417976,-45.040855,-42.64378,-47.39926,-48.248444,-47.32187,-48.431305,-48.96194,-53.538597,-54.340004,-54.69406,-56.35937,-57.7483,-58.969772,-59.98306,-63.383522,-65.614044,-68.75757,-70.442566,-70.8918,-71.606895
4864,True,-26.873703,-29.122494,-31.068684,-34.395805,-32.776615,-32.742455,-34.662193,-38.038017,-37.91882,-40.112587,-42.54343,-44.606724,-43.764275,-44.41593,-45.20376,-46.86666,-46.545334,-46.16387,-50.41671,-52.798046,-53.751255,-53.837833,-58.1475,-60.509544,-60.43888,-60.644016,-63.347668,-64.482506,-69.57521,-71.46628,-72.02589,-71.79373
4896,True,-23.512108,-29.281443,-31.831993,-36.34186,-34.963715,-32.845654,-39.776875,-41.294464,-37.618896,-41.565582,-43.048393,-42.46155,-44.842968,-45.239555,-44.17101,-48.036896,-49.11567,-52.010506,-50.60835,-52.51039,-53.587234,-53.249836,-55.940697,-59.399967,-59.883533,-60.600353,-62.008217,-63.34215,-68.62713,-71.8834,-72.06902,-72.144936
4928,True,-21.675003,-30.260876,-31.046139,-30.40553,-32.289234,-30.155067,-36.72832,-39.703556,-41.63093,-41.649048,-44.202194,-44.840015,-45.636135,-41.607857,-44.038208,-47.954807,-48.518738,-51.56272,-52.047504,-53.591675,-55.24765,-55.273014,-56.552162,-57.94468,-60.42908,-62.625965,-62.947697,-65.01072,-68.249214,-71.59575,-71.35698,-70.95002
4960,True,-31.505365,-29.870827,-32.99313,-35.992115,-36.14147,-34.1471,-35.46386,-39.286343,-41.303143,-41.263405,-40.66013,-45.618893,-44.221767,-46.131737,-50.228874,-47.035385,-48.34041,-49.407593,-51.127354,-52.8249,-55.07929,-55.258385,-59.369335,-58.768013,-60.019203,-62.130226,-64.84138,-64.45899,-67.87526,-70.96979,-71.95489,-72.62198
4992,True,-21.59916,-29.589027,-30.355175,-28.580313,-31.839342,-34.541794,-37.318577,-38.810078,-40.99539,-41.159397,-40.91889,-42.76373,-43.935436,-45.681644,-46.492607,-47.33604,-50.316994,-50.728302,-52.516994,-52.110447,-53.844193,-56.900238,-57.837963,-59.078327,-61.214485,-61.96753,-63.96771,-63.43445,-68.8069,-69.710365,-70.8916,-72.47352
5024,True,-25.247356,-31.154106,-33.207607,-32.646145,-33.334644,-31.214905,-35.205975,-38.803562,-37.433113,-41.20331,-42.755775,-42.732613,-46.37362,-47.279594,-46.6769,-49.70162,-46.07058,-50.00866,-50.904556,-54.099583,-54.76583,-54.339336,-57.029167,-59.071396,-59.535717,-61.7032,-63.930122,-65.95473,-68.18544,-70.48321,-71.62833,-70.93992
5056,True,-23.202522,-30.382917,-31.06738,-31.263115,-32.70449,-31.294434,-33.46778,-38.18694,-41.455006,-45.954212,-44.031975,-42.565075,-45.051876,-47.950474,-48.41288,-47.44928,-49.417694,-51.153725,-50.026688,-52.468452,-55.571957,-54.907764,-57.559986,-58.13519,-60.323986,-62.39866,-64.42657,-65.52798,-68.169136,-70.892044,-70.04261,-70.95209
5088,True,-27.73815,-30.558126,-27.778578,-33.09348,-33.985775,-32.01801,-34.707664,-43.66242,-38.20882,-39.502457,-42.805523,-44.95144,-45.731777,-47.42405,-44.593124,-47.304897,-48.618896,-48.82731,-49.910282,-52.246597,-54.057575,-55.01553,-56.660313,-59.09455,-60.0661,-62.896744,-64.86266,-66.72555,-69.03769,-70.24438,-72.22665,-73.32451
5120,True,-23.742065,-29.929989,-32.28251,-34.343323,-33.705715,-33.191086,-36.219933,-38.930748,-40.785385,-43.93479,-44.094414,-45.656372,-47.75391,-48.711338,-48.668762,-48.097996,-48.396507,-49.10859,-51.531097,-56.141968,-53.287483,-54.709335,-57.215904,-59.312805,-59.11272,-60.52006,-65.450615,-67.13593,-67.18173,-71.12789,-71.01113,-72.62569
5152,True,-23.380995,-30.3656,-31.503561,-35.541935,-31.70305,-33.381237,-37.728054,-40.412273,-38.79487,-43.00449,-42.22644,-46.962452,-47.502106,-44.79474,-45.832764,-47.886803,-48.14643,-47.66185,-51.657394,-53.80655,-58.81922,-55.692642,-57.4843,-58.713684,-59.802494,-62.547245,-62.23979,-64.293945,-66.46663,-70.300865,-70.63676,-70.77277
5184,True,-27.515772,-36.565582,-33.387066,-31.965761,-35.96323,-30.213642,-36.246758,-38.065525,-39.1523,-43.404694,-39.54639,-43.237633,-45.963417,-46.709435,-48.08239,-46.568584,-49.503517,-51.123775,-52.366013,-54.94205,-54.982185,-55.25992,-56.328125,-58.129993,-60.39048,-62.60153,-64.03918,-65.979355,-69.08935,-69.66202,-70.76954,-73.377716
5216,True,-26.576393,-28.522251,-29.780886,-30.048292,-33.54393,-30.648546,-40.098152,-41.809555,-40.624115,-43.90229,-46.810997,-45.518265,-46.26473,-45.966717,-47.81077,-47.375202,-48.914303,-51.456078,-54.56636,-53.906113,-52.38954,-53.625305,-56.905846,-60.396687,-59.04441,-62.67186,-63.410484,-62.176704,-66.50352,-69.53412,-71.721275,-71.762764
5248,True,-23.95416,-30.788311,-30.420658,-34.018196,-36.58356,-30.822475,-38.88184,-40.70597,-39.764645,-40.509705,-42.369568,-44.704304,-43.71956,-44.84558,-48.623665,-47.90223,-49.145668,-48.51839,-54.1676,-54.194828,-55.760464,-55.488148,-58.00724,-59.1921,-61.024624,-62.510544,-63.554863,-62.46626,-67.35622,-69.170746,-71.06189,-71.727295
5280,True,-29.124218,-32.511135,-32.762295,-34.88179,-35.667526,-28.350227,-32.493587,-35.54207,-39.570473,-46.115685,-42.145065,-45.652275,-46.97933,-46.668285,-45.432663,-46.15936,-47.873222,-51.305077,-50.086082,-52.26655,-53.82511,-56.55507,-57.404297,-55.460342,-57.68801,-62.89707,-62.62932,-64.85854,-68.869995,-71.18724,-71.774704,-71.195305
5312,True,-22.919386,-31.854963,-29.982464,-32.079853,-32.205635,-34.151203,-36.811817,-38.202526,-38.576283,-42.573414,-41.594868,-45.560257,-48.718964,-47.256237,-47.97707,-48.185734,-49.72287,-50.861355,-50.1936,-56.630318,-55.444977,-55.484524,-56.73969,-60.3603,-61.216778,-64.28197,-63.00895,-66.74907,-69.8968,-70.544,-71.345825,-71.568054
5344,True,-25.867432,-29.772413,-28.664331,-30.994768,-32.34069,-31.23785,-39.04113,-39.67006,-38.98052,-43.932617,-44.012524,-46.602,-48.493046,-44.57783,-49.50127,-52.223072,-50.496895,-50.13311,-49.762264,-52.827686,-54.342175,-54.274902,-58.673172,-58.349686,-61.13628,-61.251106,-63.38044,-64.79051,-67.98432,-70.20236,-72.087425,-71.98259
5376,True,-24.442146,-31.892374,-31.063156,-31.447674,-34.56434,-32.374813,-38.423187,-39.94638,-40.84822,-44.551796,-42.301846,-45.432724,-47.790146,-43.537464,-46.06609,-48.33394,-49.31169,-51.988758,-54.634823,-55.969604,-53.225002,-53.084103,-57.45825,-59.43357,-60.764385,-61.85708,-63.163223,-63.47808,-67.55041,-69.3403,-71.607735,-72.53278
5408,True,-27.61649,-33.70143,-32.65638,-33.810734,-31.972267,-30.93836,-36.4129,-38.67724,-42.553505,-42.762054,-46.86949,-43.87004,-48.540237,-49.493225,-48.95966,-49.117428,-51.411892,-49.07926,-50.909187,-54.203945,-53.019222,-52.473034,-57.59052,-59.77986,-60.903656,-63.31314,-64.56412,-66.68595,-70.053925,-69.84654,-69.3219,-71.39789
5440,True,-28.29853,-28.157978,-29.521591,-32.418827,-32.279877,-31.990845,-40.81177,-40.526764,-40.816822,-47.094578,-46.41542,-44.159283,-46.42167,-46.426544,-46.599785,-47.392204,-49.395023,-49.765625,-53.914413,-53.956467,-56.3983,-55.653843,-57.38923,-61.76668,-59.99405,-62.143837,-63.613,-64.9655,-67.923225,-70.43151,-71.2169,-71.6442
5472,True,-23.702929,-25.948065,-30.03041,-33.684826,-33.51984,-29.49783,-33.787247,-41.790653,-41.446793,-43.636604,-44.243435,-43.32058,-46.432365,-44.416885,-46.069267,-47.710754,-50.502914,-47.741512,-51.696415,-53.08592,-56.319675,-55.528587,-57.2683,-59.206463,-60.957684,-62.18618,-64.470535,-65.091675,-68.67194,-70.10815,-71.513115,-71.2962
5504,True,-26.713375,-33.14129,-31.656246,-35.47096,-35.14383,-32.255978,-32.64446,-39.594757,-42.89257,-42.03245,-44.11212,-44.273968,-44.06883,-46.138153,-46.515602,-46.574024,-46.58053,-49.141125,-53.348404,-56.323795,-54.303764,-55.643787,-57.409878,-59.802757,-61.1651,-60.199886,-61.49697,-62.125748,-68.355705,-69.27407,-71.875275,-73.126076
5536,True,-25.907108,-29.503239,-29.814442,-35.425934,-35.608246,-33.429985,-40.58605,-38.97735,-39.471626,-42.772545,-44.19725,-43.960983,-43.065056,-46.39973,-47.46799,-49.09103,-52.61984,-51.218826,-51.513786,-51.558132,-53.624306,-55.41895,-57.087177,-59.08486,-60.32086,-61.313866,-64.98093,-63.89274,-67.98135,-70.28329,-72.812996,-72.49182
5568,True,-23.430063,-29.939947,-30.197262,-29.93269,-33.889805,-31.884783,-36.174637,-40.488277,-38.411808,-39.924133,-40.88675,-42.981056,-45.315987,-42.186134,-46.74176,-46.775764,-52.026047,-54.30316,-50.469357,-51.718315,-54.642662,-54.38594,-56.351204,-61.150394,-62.028023,-62.742928,-64.33118,-64.88499,-68.55052,-71.45245,-70.743034,-72.08742
5600,True,-33.440422,-31.118715,-32.45082,-32.937424,-31.06878,-29.120195,-38.698185,-40.32229,-40.055584,-41.502945,-41.552895,-45.998413,-46.34756,-43.29289,-45.001865,-48.644985,-50.6292,-49.84602,-48.901173,-53.04828,-54.030968,-54.63007,-58.08124,-59.900772,-60.287582,-60.218487,-63.88582,-65.26424,-68.18074,-72.01937,-73.765076,-72.64527
5632,True,-25.164614,-27.110376,-32.52845,-31.081678,-34.70857,-30.292795,-38.189117,-39.817596,-38.383156,-40.408585,-42.110138,-42.786034,-42.050827,-45.431076,-46.44413,-47.596527,-49.444767,-49.844013,-54.273163,-54.317097,-55.804195,-54.874184,-58.768257,-60.087143,-60.628456,-62.64265,-65.33295,-65.66354,-67.34076,-70.57782,-72.3412,-72.94657
5664,True,-26.979378,-29.831171,-32.825073,-34.18346,-35.38511,-29.058132,-39.872505,-42.67952,-40.198074,-37.443104,-39.965843,-44.101624,-47.64301,-44.809486,-46.537712,-49.594322,-51.79032,-52.23429,-52.219017,-55.08619,-55.95578,-54.201897,-56.95011,-61.03895,-61.49403,-61.71461,-63.66819,-65.09786,-68.56566,-71.58865,-73.12185,-72.70226
5696,True,-24.80212,-29.527683,-31.59956,-33.6249,-37.80288,-31.85907,-38.62826,-38.28732,-38.4391,-40.58979,-40.80755,-41.864944,-45.066982,-46.913765,-47.677185,-48.6641,-50.36966,-50.269028,-52.036037,-52.55365,-53.230625,-52.812977,-58.26642,-58.85434,-60.380165,-62.994175,-62.55001,-63.810253,-67.68148,-69.85684,-72.65659,-72.742485
5728,True,-25.982187,-30.019989,-30.242708,-32.431194,-35.239136,-35.890488,-36.38297,-35.713127,-41.304115,-46.063866,-45.382782,-42.802437,-46.729156,-45.55229,-46.58703,-49.910393,-50.10448,-49.342617,-53.509754,-55.089592,-55.182667,-56.77412,-56.953926,-57.69847,-61.22711,-62.68154,-64.0128,-66.83003,-67.91877,-70.92027,-73.015884,-72.76256
5760,True,-25.958788,-30.770721,-31.48621,-35.112633,-34.61102,-32.355732,-39.822144,-40.24523,-40.755325,-38.8504,-44.036797,-46.879936,-47.388325,-44.635567,-45.649433,-46.025394,-49.557762,-50.259666,-51.334667,-53.73921,-52.915386,-54.847164,-57.085682,-59.974785,-60.62548,-61.521034,-62.397285,-63.67333,-67.94615,-70.1479,-70.86864,-70.89144
5792,True,-21.541643,-26.773283,-28.700106,-34.84651,-34.593285,-32.70948,-38.088036,-40.144173,-39.57756,-39.993084,-40.429825,-41.049274,-47.22275,-49.001854,-50.34176,-49.83274,-51.14669,-52.39637,-53.209892,-54.43924,-54.862434,-55.124187,-57.380978,-60.857548,-60.879803,-61.125023,-64.791336,-64.77989,-67.52263,-70.39542,-71.60936,-71.875275
5824,True,-31.36939,-31.260818,-27.543034,-36.38556,-34.448807,-31.67818,-37.28135,-37.73114,-37.137005,-40.99926,-39.000572,-44.623528,-46.14326,-44.249462,-44.745182,-48.021515,-50.839428,-52.410427,-52.794403,-54.25676,-55.452343,-53.120632,-55.95512,-60.346222,-60.751053,-63.098076,-62.388123,-64.25086,-69.89723,-70.49453,-72.20824,-71.92891
5856,True,-26.788805,-29.29396,-28.11139,-34.411377,-33.953354,-35.3983,-38.759796,-39.42978,-38.3665,-41.653214,-41.30043,-45.769695,-47.567844,-45.9469,-46.55214,-50.851288,-48.368088,-52.08193,-52.55092,-53.513916,-55.123734,-54.8004,-57.576004,-59.803905,-59.647392,-61.994232,-62.26517,-64.2518,-68.27956,-70.047844,-71.8703,-72.148415
5888,True,-28.245794,-35.274372,-28.152828,-33.223095,-36.01027,-36.104248,-40.470375,-40.26735,-40.023273,-43.36489,-41.413807,-41.931908,-46.77796,-44.994186,-46.74198,-46.155888,-51.061954,-49.68986,-51.05379,-54.169556,-55.521538,-55.761833,-55.93369,-59.269188,-61.594574,-61.814568,-62.447895,-64.71489,-69.12921,-70.74045,-71.39413,-71.8159
5920,True,-25.592878,-30.90052,-29.79452,-33.747868,-33.854424,-32.780926,-37.97744,-40.01262,-38.691746,-41.335598,-41.10718,-43.202892,-43.633766,-46.29421,-46.89617,-49.15392,-51.830658,-50.45603,-53.08969,-55.974537,-55.436703,-55.767303,-58.361763,-59.533524,-60.038525,-62.800323,-64.50899,-65.82768,-67.78761,-69.40085,-71.63923,-71.339
5952,True,-26.115173,-31.118393,-30.08311,-35.04165,-36.43058,-32.72036,-40.159,-37.310543,-38.314453,-38.04988,-40.37405,-47.718544,-47.680458,-48.09938,-45.94065,-47.423096,-49.049942,-49.222305,-53.850105,-53.73102,-54.321327,-55.39885,-57.947334,-57.814323,-58.383568,-60.764915,-64.041275,-63.57027,-67.034256,-69.01523,-71.72681,-70.685524
5984,True,-27.787304,-31.437883,-27.333511,-30.476295,-33.454147,-32.902252,-40.27169,-40.013794,-39.164406,-41.071926,-43.15424,-42.90096,-44.788628,-46.636482,-50.637505,-48.701435,-50.815933,-51.36106,-51.310596,-54.303097,-54.191322,-54.5382,-58.3844,-58.872734,-57.063766,-60.018806,-62.521072,-65.011246,-67.67145,-70.258354,-72.03257,-72.77886
6016,True,-27.114147,-29.40358,-29.414433,-30.973885,-36.26889,-33.79975,-39.008945,-39.802834,-38.55593,-40.710594,-41.297054,-45.43763,-45.11204,-45.928734,-45.669613,-47.353973,-51.266296,-50.067726,-51.309692,-57.578167,-54.5184,-53.776924,-56.266712,-56.614033,-61.103226,-63.59983,-64.36055,-64.303345,-68.72223,-68.645775,-70.498184,-73.071754
6048,True,-27.361164,-27.800392,-26.714403,-29.614738,-34.065067,-32.89544,-35.39935,-40.347908,-40.693,-41.597256,-43.455215,-42.850266,-43.89168,-45.81101,-45.75509,-47.409214,-47.87764,-49.516518,-53.24774,-54.426964,-53.207863,-54.88743,-55.481094,-58.12964,-60.532448,-63.34784,-64.31396,-64.36278,-67.01763,-69.720825,-71.16571,-71.997314
6080,True,-27.198622,-28.376553,-28.17302,-28.811543,-34.605457,-35.401512,-38.317486,-38.335663,-37.309807,-45.381065,-44.25737,-44.21878,-43.62739,-42.71133,-46.973373,-50.0461,-52.80901,-50.696148,-50.85548,-53.042786,-53.79946,-52.76796,-54.421898,-56.40507,-61.63496,-61.33734,-63.054905,-62.601517,-63.897633,-68.438354,-69.5735,-70.44238
6112,True,-22.66911,-29.921894,-30.819946,-33.612038,-38.214985,-31.19067,-37.421555,-40.04165,-39.034607,-40.80688,-41.47544,-40.597847,-42.293545,-45.09728,-50.18628,-46.95057,-48.591255,-49.087414,-51.46874,-53.18122,-54.31706,-53.020714,-53.26839,-54.777,-59.46145,-60.550518,-56.785774,-56.458717,-63.45262,-66.84448,-66.90644,-68.50462
6144,True,-27.18711,-29.939865,-33.410194,-34.86645,-34.95774,-33.735752,-43.1444,-42.692734,-37.885517,-38.683907,-44.35072,-44.070705,-49.2388,-43.594727,-46.50653,-48.441006,-50.08495,-50.796352,-48.25973,-51.577995,-53.81349,-54.942924,-54.27529,-55.08481,-58.119255,-60.760925,-61.24816,-61.295704,-65.66428,-68.01714,-70.647,-71.386955
6176,True,-25.561626,-31.150553,-30.384521,-30.374317,-36.189198,-35.59688,-43.051895,-42.626835,-39.5355,-43.30525,-46.18887,-44.91259,-42.98367,-45.36286,-48.473305,-46.265675,-48.725094,-51.626717,-48.9551,-51.980904,-51.92781,-51.958237,-55.184933,-57.523956,-60.47399,-61.861145,-62.574142,-62.492996,-65.84878,-69.555984,-69.52944,-71.56741
6208,True,-29.973156,-31.401447,-29.567377,-32.79563,-36.610806,-34.355743,-39.47753,-44.654446,-40.354725,-41.920517,-45.000717,-46.73152,-48.146954,-44.960182,-46.664665,-44.763405,-44.710022,-47.77573,-49.441494,-54.092144,-50.616585,-51.90035,-53.435585,-56.471375,-59.26209,-59.650345,-62.35045,-63.41316,-64.83946,-67.8015,-70.70556,-71.286705
6240,True,-25.91167,-29.020502,-28.24193,-32.828403,-36.026703,-33.52134,-42.681576,-42.869858,-39.801968,-40.071735,-41.49891,-45.854027,-45.428177,-43.921494,-46.30392,-45.442993,-46.64755,-48.639397,-50.829285,-54.74415,-51.54261,-52.93161,-55.369553,-58.349228,-58.779648,-61.74189,-60.98928,-61.715775,-66.37178,-69.27221,-71.01294,-72.16198
6272,True,-26.575203,-28.832382,-29.292881,-31.839619,-36.75081,-32.844597,-38.750893,-41.795784,-40.822277,-40.627895,-44.477673,-40.731613,-44.872547,-44.349815,-45.201134,-48.07473,-49.564175,-49.12624,-50.671448,-52.88641,-51.6938,-52.13892,-53.74584,-56.991158,-58.57737,-61.521233,-62.53252,-61.86281,-66.26484,-67.70884,-70.78743,-73.08133
6304,True,-19.51245,-27.5109,-30.210276,-35.369812,-36.123753,-30.023039,-37.91537,-39.91191,-40.040184,-43.462227,-41.25833,-40.33635,-42.487267,-45.983414,-46.153458,-51.202835,-48.305378,-49.947475,-51.796387,-53.7091,-52.1792,-53.18472,-53.435577,-57.789158,-58.70691,-60.611565,-63.137436,-63.111084,-68.39185,-70.516136,-70.34135,-73.51192
6336,True,-24.941072,-30.245327,-35.6311,-34.765366,-35.75191,-32.16567,-40.091995,-39.92906,-36.593544,-40.48719,-42.56828,-43.676376,-48.5063,-46.664635,-45.055893,-48.498375,-49.875088,-49.231358,-50.507236,-53.237114,-54.636665,-54.76187,-55.4538,-56.502514,-58.280636,-61.109165,-64.27867,-62.685593,-67.233696,-69.45413,-71.27463,-71.63519
6368,True,-23.219206,-29.866354,-30.468163,-34.820282,-37.151123,-34.50973,-38.66878,-37.35966,-37.875004,-41.170773,-42.49966,-43.770985,-45.71727,-48.409313,-44.428867,-47.62268,-48.9294,-49.68911,-52.93531,-55.905212,-54.74646,-54.351578,-56.066193,-58.59026,-60.491825,-61.503796,-63.771324,-63.095963,-68.71454,-68.90668,-71.00628,-70.97307
6400,True,-27.051422,-31.75077,-32.29808,-32.673546,-31.983864,-31.46252,-38.087067,-44.168648,-40.566742,-39.97226,-42.475132,-40.981735,-46.37646,-45.353657,-46.593723,-47.41443,-48.747005,-52.523987,-49.853767,-52.987778,-52.39746,-53.240448,-52.822475,-57.992653,-59.79722,-62.977478,-62.232437,-63.35998,-68.15735,-69.476425,-71.59235,-72.05083
6432,True,-28.26897,-28.2915,-26.906412,-26.740515,-33.67583,-33.395695,-36.54702,-42.065468,-41.481087,-43.265205,-44.494495,-41.518665,-44.147484,-44.50398,-44.194412,-44.368343,-45.647816,-49.898605,-52.565514,-54.474415,-54.612408,-52.24736,-56.023537,-59.702305,-59.397053,-61.365074,-63.262806,-64.30171,-68.15839,-70.22285,-72.61451,-71.52665
6464,True,-27.86892,-33.36463,-35.608593,-30.143616,-34.39888,-30.982506,-37.136356,-37.56827,-38.596764,-44.859177,-42.12349,-41.47843,-44.143623,-47.592133,-48.956467,-47.640404,-48.782562,-49.69686,-49.387733,-53.684708,-53.539642,-53.001984,-56.867126,-58.83316,-61.172142,-62.723785,-64.01777,-63.8441,-66.0447,-68.493484,-71.35318,-70.61389
6496,True,-22.124174,-29.121761,-29.632454,-33.71206,-36.460567,-34.54613,-37.59126,-38.820095,-38.134262,-44.3309,-43.14486,-42.81105,-48.533493,-44.497353,-45.787678,-47.73531,-50.97237,-52.764915,-53.638416,-53.746017,-53.260017,-52.748383,-55.739597,-57.157475,-59.013084,-63.510933,-62.87724,-62.571335,-67.35199,-70.45495,-71.235306,-72.93556
6528,True,-25.423594,-30.949043,-30.918024,-35.156864,-37.240993,-34.886,-39.71895,-38.46933,-40.767483,-40.682503,-42.228996,-43.13561,-46.873123,-45.890614,-47.042633,-46.04387,-51.44771,-53.086678,-52.78298,-53.371586,-55.301537,-52.84829,-57.212227,-58.964825,-60.902687,-59.639683,-61.87993,-64.03775,-68.76755,-69.31373,-71.22939,-72.570946
6560,True,-23.260254,-30.246243,-30.627014,-31.9997,-37.53002,-31.92471,-37.737507,-38.73551,-41.33503,-40.211823,-41.372074,-44.274025,-45.816837,-50.417923,-45.6588,-45.48756,-47.935806,-50.354652,-52.61998,-52.78852,-53.558773,-53.520412,-55.82415,-60.097008,-60.777824,-62.23156,-64.71808,-63.42052,-67.52809,-70.82547,-72.05575,-73.92143
6592,True,-23.497946,-28.437126,-29.353945,-33.570335,-37.663074,-30.258472,-35.586655,-37.118843,-39.42392,-41.160145,-46.407066,-45.189785,-48.07236,-44.11699,-46.988647,-48.745377,-50.330948,-54.196934,-52.698284,-53.87621,-53.989662,-54.633976,-57.24964,-60.02713,-60.446457,-60.956993,-62.927353,-64.45166,-67.20694,-69.618805,-72.10904,-71.96427
6624,True,-25.524612,-25.675117,-32.892654,-32.65712,-34.039032,-31.959099,-40.35756,-42.275497,-40.04574,-44.153282,-44.026314,-44.500084,-46.421326,-46.307617,-45.958275,-46.572243,-49.91621,-50.47811,-53.003506,-54.69225,-55.931183,-55.966297,-57.83298,-59.300026,-59.235615,-61.608162,-63.302887,-64.32217,-68.32706,-70.56953,-72.58043,-71.801994
6656,True,-24.002743,-28.185293,-31.961145,-34.689476,-37.150593,-35.26819,-39.576828,-40.849365,-40.770283,-43.895565,-41.296154,-43.734566,-44.168465,-46.51004,-47.25916,-46.11447,-47.14317,-48.221775,-52.36277,-52.718105,-54.868446,-55.397854,-55.88062,-57.641712,-59.35696,-60.91308,-64.75213,-67.51184,-69.71843,-71.11318,-73.637115,-72.3269
6688,True,-26.12401,-30.805035,-36.15896,-39.567726,-35.740715,-33.615147,-37.885353,-40.044167,-41.01746,-46.442318,-47.26578,-47.22176,-45.8054,-44.55975,-45.70461,-45.9647,-46.847275,-50.775658,-53.767628,-54.108833,-52.561592,-53.25928,-57.05141,-59.03476,-59.17875,-62.14939,-64.8245,-66.82073,-68.4612,-70.89163,-71.943375,-72.15769
6720,True,-24.78064,-31.905107,-31.757696,-34.673923,-34.744907,-30.133,-38.09931,-39.89357,-42.259254,-45.926765,-41.259556,-42.810432,-45.453873,-45.12681,-46.794693,-47.356277,-48.178627,-48.874466,-52.434063,-53.62089,-53.10967,-53.99365,-57.249313,-58.07909,-58.879723,-60.89773,-65.18068,-65.066895,-66.98482,-70.610565,-72.26541,-70.964516
6752,True,-24.759142,-32.0623,-28.53263,-30.5901,-36.22103,-30.689556,-38.116615,-45.378563,-45.837017,-44.595543,-50.4866,-46.684166,-47.093765,-44.799812,-47.82685,-49.280655,-48.25478,-49.545624,-53.33546,-52.76907,-53.546104,-54.30567,-56.20726,-59.013184,-59.01249,-60.355297,-64.04523,-66.07985,-69.924126,-70.45936,-71.523575,-71.9718
6784,True,-24.713,-27.021362,-28.694893,-36.302887,-34.630215,-32.641453,-39.27631,-41.966217,-40.233,-40.575394,-42.280235,-42.70483,-44.764503,-47.126045,-46.35311,-44.383907,-49.37746,-52.94371,-52.40516,-53.01423,-55.14462,-56.159573,-55.396713,-56.69312,-60.632305,-61.406116,-63.183235,-64.05282,-67.78377,-69.71858,-69.570435,-71.44916
6816,True,-22.92021,-33.19733,-35.45231,-31.954464,-30.112913,-33.55903,-36.695084,-38.843025,-41.6433,-42.385956,-43.35348,-42.919407,-43.9472,-47.496277,-48.233383,-47.720303,-50.66256,-52.58365,-50.692905,-52.24005,-53.26577,-53.308605,-56.659744,-58.941223,-59.738914,-62.911243,-63.417683,-67.08206,-68.23841,-71.03122,-71.60386,-70.875824
6848,True,-25.283072,-30.433117,-33.338547,-34.08503,-35.203278,-32.80356,-38.337208,-40.571217,-42.150703,-45.23121,-43.143353,-45.77813,-49.66697,-43.75119,-47.39107,-46.33631,-46.222107,-52.266846,-49.42401,-53.03433,-53.573914,-53.73918,-56.129456,-60.47762,-61.185574,-61.424335,-62.32178,-63.531647,-67.223404,-69.25012,-70.21859,-71.83045
6880,True,-29.2019,-32.15969,-28.501013,-32.24511,-37.075832,-32.19336,-37.60209,-37.36097,-38.60637,-44.37654,-44.88766,-44.641663,-47.93881,-46.42944,-46.445366,-50.503353,-47.54751,-49.067665,-51.267086,-53.094795,-54.54496,-55.3286,-57.569733,-59.36464,-60.23696,-62.276264,-62.554794,-63.696655,-67.9579,-69.202736,-71.17938,-73.117455
6912,True,-24.548056,-29.964428,-31.734707,-34.35469,-34.614876,-31.134735,-43.123634,-40.58945,-41.978325,-41.863556,-45.100903,-43.786068,-43.547153,-44.552494,-46.684246,-50.205875,-49.0865,-48.955574,-49.63158,-53.679386,-54.825596,-54.62324,-57.231583,-60.122723,-59.700516,-62.7282,-62.743393,-65.867775,-68.55947,-70.36069,-72.731766,-73.89047
6944,True,-26.145296,-29.029015,-30.565968,-30.86403,-34.325592,-30.793455,-38.96073,-38.856743,-39.10603,-44.899105,-48.10345,-43.351933,-42.372818,-46.740005,-50.59516,-49.425285,-49.94675,-50.2312,-51.663166,-52.019367,-53.508698,-55.034332,-54.841576,-59.10175,-60.073414,-61.69564,-63.07034,-65.742424,-67.45645,-70.83653,-72.18795,-72.39637
6976,True,-23.918259,-28.292397,-31.892433,-34.554466,-35.994545,-31.814306,-36.16318,-41.667576,-43.210224,-46.11084,-44.351788,-44.092007,-45.422176,-43.18345,-47.11952,-46.37398,-50.896725,-51.60648,-50.800346,-54.36608,-56.130123,-55.743088,-57.039585,-58.82316,-59.682907,-61.869896,-64.920166,-64.36952,-66.96087,-70.53364,-71.686966,-72.27592
7008,True,-23.159616,-30.178173,-28.32776,-34.461193,-35.348995,-28.968975,-37.02691,-37.61508,-38.54773,-42.635826,-44.909138,-48.49456,-46.457573,-44.067024,-47.04735,-47.76803,-50.65134,-50.415092,-52.02472,-53.970795,-52.796806,-56.399723,-57.553925,-57.483448,-60.203423,-60.573006,-62.555878,-67.057755,-69.715096,-71.973915,-72.38066,-71.74386
7040,True,-25.136354,-27.930195,-25.402092,-31.846912,-35.66652,-34.961185,-38.749786,-38.70542,-37.932056,-39.41189,-45.743195,-44.012875,-44.536648,-44.086777,-46.944447,-46.619373,-50.568092,-49.58361,-50.182056,-53.602783,-52.667305,-54.45414,-58.292908,-59.46203,-60.699615,-62.15934,-64.234344,-65.32278,-67.83944,-70.537964,-72.0411,-72.1586
7072,True,-30.406845,-30.575037,-29.369965,-32.873035,-35.837067,-32.960396,-40.00184,-41.508137,-41.340736,-42.866055,-43.297886,-42.12461,-43.48982,-43.883053,-46.85066,-47.952507,-50.552162,-49.938854,-53.88596,-56.018963,-56.45113,-54.507416,-55.252384,-58.545345,-60.08192,-63.669506,-63.7409,-68.47514,-67.99414,-71.196045,-70.86585,-72.166695
7104,True,-27.049236,-27.74015,-30.066803,-37.13226,-36.940006,-33.09816,-37.678886,-38.998753,-40.328556,-43.14201,-43.785828,-46.865746,-48.581566,-45.69048,-48.03966,-47.606655,-50.95905,-51.29113,-52.857555,-53.217957,-55.04332,-53.980087,-55.136242,-57.132057,-60.194164,-62.455708,-63.33095,-63.499672,-67.18331,-71.03374,-71.27716,-72.141335
7136,True,-28.622696,-28.259613,-30.382414,-33.15191,-37.97032,-33.97455,-40.796436,-42.55715,-39.64647,-42.32232,-44.082813,-43.40788,-47.829193,-48.166733,-46.28594,-49.002808,-48.80584,-48.617054,-50.795708,-53.304863,-54.201736,-53.494953,-57.890594,-60.801083,-61.057823,-61.59514,-62.106766,-63.613796,-68.69259,-70.19784,-70.665955,-71.390816
7168,True,-24.709118,-30.500725,-28.95109,-31.833498,-35.97675,-34.103,-36.25523,-38.69024,-40.885586,-41.06147,-41.70042,-45.17177,-52.845455,-47.808876,-45.38571,-47.20056,-50.884552,-51.49885,-52.066315,-52.473938,-55.43201,-55.258755,-57.191177,-59.391808,-62.8743,-62.53288,-63.256523,-63.6501,-67.657745,-69.322205,-70.80816,-72.66377
7200,True,-24.762142,-30.177761,-30.499111,-35.28266,-38.27921,-35.89125,-44.87125,-45.338646,-42.20845,-41.02696,-45.068398,-47.316586,-45.029034,-45.76256,-44.244995,-46.02025,-49.720406,-52.337616,-53.645157,-54.24514,-55.612255,-55.68425,-55.613945,-59.4838,-60.562054,-63.83473,-64.19534,-64.01076,-68.517204,-70.54707,-70.60825,-70.55198
7232,True,-26.827454,-31.274555,-26.41834,-31.135971,-36.053,-32.062077,-39.495388,-41.383385,-42.620056,-40.297832,-40.353058,-45.222622,-49.72439,-43.188118,-46.936413,-47.204308,-48.152473,-51.443237,-50.41914,-53.492485,-54.908455,-55.068344,-55.22965,-58.449554,-59.112755,-61.87137,-64.55545,-64.04109,-67.944336,-71.543945,-71.48865,-72.053345
7264,True,-29.373732,-29.911146,-30.397419,-33.35122,-33.333187,-30.374271,-41.759743,-43.699306,-41.66346,-42.63483,-43.27625,-42.52202,-44.641243,-45.68724,-47.32933,-47.631187,-50.701237,-52.998234,-51.29067,-51.996986,-57.563927,-55.10983,-58.637444,-58.960762,-60.707687,-62.387207,-63.960384,-63.29155,-67.29985,-71.12435,-72.17927,-71.96689
7296,True,-28.784035,-28.054043,-29.366243,-33.721004,-32.394684,-33.517193,-36.99806,-39.85361,-44.112473,-43.282944,-45.7563,-43.234177,-46.453403,-45.128883,-47.876087,-48.02299,-50.92989,-52.86577,-54.39155,-54.853928,-54.41025,-55.00422,-57.181923,-59.267887,-59.737892,-62.13835,-64.23582,-64.44386,-67.60387,-70.10965,-70.46102,-70.87107
7328,True,-25.82466,-31.995354,-31.906145,-34.139656,-34.18135,-37.157726,-41.09455,-41.09936,-42.611626,-45.72826,-42.505653,-42.60645,-44.231796,-45.508698,-49.164562,-45.270992,-49.585575,-52.139725,-54.117943,-56.39797,-53.430065,-53.80636,-57.18067,-57.28018,-60.908394,-64.0693,-64.27525,-63.67585,-67.882996,-71.07896,-72.57801,-71.83824
7360,True,-26.365929,-31.348524,-30.345552,-36.590637,-33.30636,-31.50396,-38.275097,-42.62674,-38.85238,-41.116276,-41.257385,-44.62702,-46.654846,-45.95565,-47.258297,-49.087597,-51.39095,-52.059135,-53.61897,-53.481773,-55.75176,-55.21454,-57.372437,-60.06781,-58.879593,-61.57013,-63.922848,-64.36023,-69.05355,-71.4852,-72.39844,-72.93725
7392,True,-23.454725,-29.037563,-30.1647,-32.17891,-33.796963,-30.53724,-42.00995,-41.047115,-46.557114,-48.388344,-44.9863,-44.041595,-42.55751,-44.303177,-45.122128,-48.39025,-47.696106,-52.11605,-55.32778,-54.211945,-55.00669,-53.36006,-58.250854,-59.7031,-62.89589,-62.21321,-64.4225,-63.15803,-67.07806,-69.5429,-71.856895,-71.4462
7424,True,-21.920181,-34.315205,-29.468145,-30.748035,-36.61048,-35.04214,-42.210846,-39.534744,-41.98219,-45.035957,-41.461063,-45.764565,-45.250565,-45.286633,-47.81193,-48.41175,-48.668446,-51.823578,-53.604935,-54.246136,-52.647762,-54.950428,-55.97895,-57.59443,-60.91772,-62.647667,-64.1425,-65.92007,-67.557915,-71.4965,-73.890945,-71.71245
7456,True,-29.56036,-30.161287,-31.416836,-34.81338,-40.390274,-36.81621,-40.72383,-37.280632,-37.43148,-42.669395,-44.643,-44.36062,-48.219547,-44.62,-45.918846,-48.818962,-50.332382,-51.681156,-53.34474,-51.942352,-58.428444,-56.05951,-56.864796,-58.87916,-61.038025,-61.949585,-64.77658,-66.58791,-67.966644,-71.66582,-73.88053,-72.231224
7488,True,-26.308037,-30.76639,-31.995552,-37.527443,-35.929974,-33.16718,-42.280243,-43.066658,-41.870758,-44.007217,-40.76541,-40.223537,-42.487545,-45.149673,-46.668095,-47.37205,-48.387726,-50.955696,-51.87709,-55.355034,-57.88229,-56.869064,-57.686462,-59.6736,-59.850983,-60.548153,-63.63282,-66.00641,-67.83793,-69.90798,-71.51081,-71.80391
7520,True,-24.406298,-33.477356,-29.177517,-30.351582,-33.678074,-32.04969,-36.12095,-40.143936,-40.642258,-43.316883,-41.57947,-42.755753,-43.308037,-46.8704,-45.046917,-45.415047,-50.17463,-51.631264,-53.08476,-57.66709,-54.052666,-54.915565,-58.486214,-57.832714,-60.185734,-62.350067,-64.35284,-64.30628,-68.34306,-70.63301,-70.79813,-72.32506
7552,True,-24.171196,-34.270798,-33.967445,-33.727833,-36.682323,-35.346977,-36.192623,-41.59258,-39.043438,-42.169724,-44.297195,-45.396225,-44.64499,-45.26818,-46.418396,-45.69387,-48.201374,-49.713577,-51.669537,-56.427456,-55.84868,-53.264816,-56.350807,-58.889297,-60.731956,-62.605408,-63.603626,-66.41419,-69.12354,-72.153824,-71.952354,-71.35367
7584,True,-25.111214,-29.867825,-29.769041,-30.770607,-33.371807,-34.180286,-42.259068,-40.772038,-42.517593,-43.986176,-45.282684,-44.41514,-48.25138,-45.97339,-44.09224,-48.781277,-50.391434,-51.92925,-51.83401,-54.192596,-54.307358,-54.76305,-57.106934,-57.607365,-59.84434,-62.243034,-62.253414,-64.32677,-67.65584,-72.226974,-72.27582,-73.10265
7616,True,-25.79166,-30.184814,-34.30814,-33.712708,-35.767548,-31.54277,-41.66595,-39.977192,-38.852142,-44.77977,-45.571945,-43.25276,-46.652756,-46.749786,-44.168236,-48.46633,-48.43692,-48.839607,-51.383095,-57.405926,-54.889435,-54.5008,-58.479416,-59.76519,-60.17647,-62.127922,-63.899857,-65.122604,-67.00999,-69.8993,-71.764366,-71.529
7648,True,-25.936966,-32.069885,-30.60844,-30.891321,-36.81008,-35.653374,-42.40408,-40.004227,-39.893295,-42.466576,-43.050438,-42.210712,-45.739117,-45.91735,-46.90554,-48.074562,-50.723076,-50.782394,-51.597916,-55.9793,-56.971,-56.215004,-58.296967,-61.281967,-60.080685,-64.03077,-65.60292,-64.91242,-67.18349,-71.06248,-71.15881,-72.24227
7680,True,-25.821445,-30.725061,-34.56291,-33.508392,-36.458694,-35.714703,-38.61154,-41.02663,-39.277393,-45.49276,-44.21618,-44.475838,-45.51058,-46.437675,-50.737106,-48.941315,-48.045063,-50.154,-54.996994,-54.329525,-55.75369,-55.80393,-58.057465,-59.955544,-60.86812,-61.64209,-63.000683,-65.5988,-68.36864,-70.913185,-74.55416,-73.9826
7712,True,-24.414848,-34.707504,-30.344872,-33.604176,-36.121216,-36.87897,-39.290905,-40.864296,-39.74041,-39.598225,-47.129536,-44.93316,-42.42042,-49.734375,-45.437218,-46.716885,-48.098064,-50.74803,-52.222244,-54.798676,-54.030422,-54.386898,-57.951397,-58.735374,-61.20438,-61.53292,-63.326916,-66.849945,-67.909454,-70.28783,-72.20919,-73.31027
7744,True,-27.895088,-32.309063,-32.110783,-33.47854,-33.23678,-32.459927,-39.14208,-39.068256,-39.661316,-41.101974,-43.265797,-43.192886,-45.641144,-44.082077,-49.25718,-48.533436,-51.18821,-52.684273,-52.071777,-51.40482,-55.02481,-55.37197,-58.220467,-57.40925,-60.280746,-63.722076,-64.642784,-66.085464,-68.40778,-69.737915,-71.613785,-71.54327
7776,True,-22.253408,-29.29317,-31.860558,-33.77089,-35.17774,-32.760216,-36.91258,-41.35637,-44.278664,-40.2722,-42.530575,-43.464413,-45.178993,-47.10735,-46.346077,-46.60675,-49.82479,-51.923332,-52.415752,-52.33727,-53.851757,-53.449017,-57.444473,-59.221962,-61.56838,-61.90891,-63.604378,-64.41745,-69.69744,-70.219284,-70.46823,-71.12913
7808,True,-25.201044,-31.807726,-28.890923,-32.98352,-35.30972,-31.048918,-36.938446,-40.590073,-38.68385,-42.633556,-47.85669,-43.507442,-44.80365,-44.256416,-45.28788,-48.69205,-50.19216,-50.924683,-51.16188,-54.16989,-54.77034,-55.880398,-58.26204,-59.55542,-62.19285,-62.661053,-63.25561,-64.89401,-68.410355,-68.43362,-70.828224,-73.02443
7840,True,-25.338696,-31.313461,-31.448755,-35.402752,-37.175644,-34.427834,-39.67814,-39.731255,-42.64353,-40.259323,-46.546486,-44.723312,-46.318214,-43.77108,-45.845406,-47.391785,-50.374336,-49.940205,-49.93694,-55.322693,-54.77386,-54.08603,-56.15577,-57.068653,-58.513206,-61.352314,-62.720863,-64.33448,-66.563416,-69.7441,-72.084145,-72.07744
7872,True,-22.875471,-30.572851,-34.40092,-36.362938,-37.528614,-32.90916,-38.229546,-39.681454,-37.785347,-44.537132,-44.315147,-46.059757,-45.018238,-47.672916,-47.6322,-46.923847,-49.441635,-52.77407,-52.95543,-52.180786,-53.77685,-52.712585,-55.978436,-56.435013,-58.38051,-60.604683,-63.49932,-65.91345,-67.01056,-69.00279,-72.09292,-72.17474
7904,True,-29.15778,-34.17787,-32.001064,-31.19068,-36.61303,-33.08039,-40.41195,-40.0167,-40.18283,-42.53908,-41.772957,-44.254906,-45.537373,-45.17439,-46.88906,-44.58722,-50.45742,-49.35898,-51.828693,-53.505177,-54.147205,-52.22362,-55.513077,-57.420837,-58.170277,-61.46633,-62.95866,-64.67889,-68.21697,-69.21655,-70.77741,-72.22305
7936,True,-26.161007,-30.52991,-32.93636,-32.566563,-35.30795,-31.533802,-38.649475,-39.711784,-37.065716,-42.838036,-40.63878,-44.615585,-44.806057,-45.848537,-46.177994,-48.078766,-51.15796,-49.60507,-47.943695,-52.341404,-53.814796,-54.98665,-55.026283,-57.948578,-58.30854,-59.909176,-62.246506,-64.40195,-67.27517,-69.669945,-70.57096,-71.11174
7968,True,-29.40752,-34.8129,-31.420845,-38.038902,-34.32453,-31.058792,-40.38961,-40.88354,-39.98101,-43.02475,-42.173134,-44.698227,-45.81185,-46.274567,-48.444218,-47.068504,-49.62746,-48.50748,-51.463894,-53.63255,-53.5243,-55.80669,-57.92223,-59.288345,-60.627003,-62.823967,-63.106747,-64.93388,-68.43575,-70.49676,-71.340866,-71.27862
8000,True,-24.206285,-30.554314,-31.506979,-33.3135,-33.971874,-34.023594,-38.353565,-38.121838,-43.467247,-41.98248,-45.21255,-43.930378,-44.630962,-43.99376,-45.888634,-46.295834,-48.321644,-51.84894,-51.85063,-52.603134,-55.120502,-55.038017,-55.382153,-57.700485,-57.826073,-60.562057,-62.439533,-65.75097,-68.84742,-70.19713,-71.96685,-72.2559
8032,True,-24.690018,-30.260695,-33.576523,-35.111534,-34.30609,-35.748505,-38.940018,-42.885895,-43.326893,-43.165592,-41.07322,-43.80711,-45.64844,-45.64466,-46.07517,-46.55943,-48.67516,-49.227844,-52.86169,-52.112785,-52.806087,-54.94293,-57.192974,-58.794456,-61.3248,-62.682247,-64.83886,-64.277794,-68.62666,-70.38915,-72.44396,-73.24373
8064,True,-25.470196,-30.72878,-31.284904,-31.491283,-36.134773,-32.286556,-35.673946,-38.748386,-39.5642,-43.77077,-43.36246,-44.425007,-48.962563,-47.58516,-46.46063,-46.839672,-49.08363,-53.73597,-52.409386,-52.402287,-53.87705,-54.7661,-57.967506,-56.839733,-57.636982,-59.935375,-62.663704,-64.07847,-67.34867,-70.39668,-71.792076,-70.839264
8096,True,-21.748405,-31.078623,-31.062752,-32.26045,-34.869236,-31.095629,-38.662544,-42.198715,-40.09197,-43.21891,-44.74239,-44.77718,-42.494236,-43.66219,-47.494682,-47.99263,-50.546688,-52.929398,-49.838326,-54.29329,-54.33554,-53.6882,-56.606236,-57.165558,-60.420765,-60.421432,-62.346283,-66.60933,-68.36051,-70.23,-72.42074,-71.44814
8128,True,-25.512333,-33.992065,-31.519613,-31.083395,-32.72815,-32.791294,-40.038624,-40.303,-40.816658,-45.7041,-44.103073,-45.732407,-43.35118,-43.415104,-47.583664,-48.177513,-48.74731,-48.358025,-52.556572,-52.230583,-53.9748,-54.33207,-56.97859,-57.20865,-58.912525,-61.861645,-63.099686,-64.57097,-68.35895,-70.43326,-72.01448,-71.13484
8160,True,-19.86913,-30.711975,-35.382668,-40.367737,-40.467186,-34.227272,-40.14845,-43.852276,-42.511765,-42.442207,-44.83612,-41.9974,-46.905098,-48.15312,-47.53551,-49.2297,-50.793114,-50.075615,-49.41207,-53.442688,-54.638924,-57.026093,-59.19088,-59.62654,-59.423546,-61.226257,-62.43565,-63.79326,-67.161,-70.01705,-71.55078,-71.36262
8192,True,-25.395641,-30.088293,-31.46547,-35.000233,-36.780895,-31.208626,-38.258583,-40.802155,-41.117584,-42.68034,-43.83857,-43.958836,-41.497784,-44.197624,-42.800365,-46.89852,-51.11995,-52.025208,-49.120636,-51.83216,-52.047173,-53.777878,-55.176888,-58.536278,-61.80334,-62.630363,-62.05768,-63.454853,-67.12683,-70.36697,-71.520836,-71.482605
8224,True,-24.495668,-31.964548,-30.243332,-32.038136,-40.886032,-33.005596,-38.686768,-38.704834,-38.928787,-41.989517,-44.580837,-42.98973,-42.817707,-45.412094,-47.05731,-47.768486,-50.43484,-50.840103,-51.82568,-54.08749,-53.820366,-53.841232,-56.22267,-56.346756,-59.262104,-62.329712,-64.355934,-65.55006,-68.15396,-70.2459,-70.63209,-71.04308
8256,True,-28.912714,-32.667774,-31.643446,-33.07605,-35.29416,-33.460014,-35.930176,-39.296623,-37.98391,-42.286533,-48.653797,-49.668976,-48.175354,-43.452168,-44.85529,-47.42649,-49.254425,-52.33354,-52.28682,-52.74954,-54.352364,-54.961777,-58.61845,-58.63798,-59.418182,-61.16377,-64.181786,-66.10676,-66.72709,-69.31272,-71.27768,-73.18013
8288,True,-23.88211,-34.601265,-27.55735,-30.680992,-33.75302,-33.273975,-38.854603,-43.89666,-43.702774,-44.526386,-45.60102,-46.30524,-47.644993,-43.441425,-46.36988,-48.710052,-50.66638,-51.162857,-52.093605,-53.789173,-53.554855,-56.633892,-56.63374,-57.403145,-58.88876,-60.722176,-62.885315,-68.28076,-67.12001,-68.19127,-71.10421,-70.676186
8320,True,-25.331041,-30.084984,-31.852058,-31.428316,-33.615692,-34.829205,-44.00667,-43.14321,-42.401653,-43.79263,-43.70714,-45.00129,-42.93614,-44.750458,-48.027493,-48.950874,-49.867508,-49.911903,-52.336674,-53.86799,-54.327477,-54.45069,-56.12303,-58.877472,-60.721428,-62.668198,-62.859512,-64.341,-67.42984,-69.32478,-69.79316,-71.13855
8352,True,-27.302124,-30.382874,-34.278374,-33.341873,-33.574787,-32.434784,-38.64328,-39.672462,-39.710827,-42.179764,-44.67978,-45.595646,-42.724937,-49.59934,-49.570328,-48.87405,-48.313614,-50.654648,-51.32219,-54.382153,-52.148727,-54.278534,-54.69047,-56.807026,-59.684837,-60.74462,-62.562454,-63.02588,-66.21909,-68.120255,-70.163734,-72.20265
8384,True,-29.567537,-30.024162,-30.52835,-31.333792,-35.102444,-32.9963,-38.75358,-38.924416,-38.731064,-45.950203,-44.88625,-46.958412,-45.689808,-45.33926,-46.73357,-45.599106,-51.05843,-50.581036,-50.847763,-55.622715,-52.359547,-55.32438,-55.37785,-57.72065,-59.929955,-61.22086,-64.68408,-63.685333,-67.59202,-70.083755,-72.32964,-71.78424
8416,True,-24.858912,-29.801235,-33.99384,-33.87645,-34.992115,-36.8908,-39.139805,-41.20037,-44.40723,-44.42274,-44.790287,-44.296192,-45.52677,-44.77615,-47.485237,-47.958282,-51.370144,-51.484676,-53.136745,-54.131622,-55.696526,-55.461983,-56.59748,-60.767563,-59.296524,-62.260704,-64.07455,-64.94401,-67.90163,-68.92545,-72.65425,-72.627235
8448,True,-25.4619,-28.437447,-34.022312,-32.811333,-36.807205,-35.433678,-35.607235,-38.072796,-37.48832,-42.861664,-44.78138,-49.79103,-48.49315,-47.385056,-48.024956,-51.347298,-48.44603,-50.44027,-52.620396,-55.113045,-53.03479,-56.362488,-57.474102,-59.770416,-58.80078,-60.199127,-64.55315,-65.12122,-67.64917,-69.44644,-72.80362,-71.84151
8480,True,-28.287567,-31.46081,-31.199284,-33.707546,-35.1146,-31.816784,-36.274826,-43.339226,-41.532883,-41.71604,-43.49829,-42.69444,-47.504486,-45.42072,-46.541412,-48.057182,-48.907772,-51.79117,-53.41268,-53.37526,-57.09928,-55.95026,-57.232605,-58.52672,-59.96861,-63.231464,-65.01943,-65.33908,-68.28948,-69.81731,-71.55581,-70.881355
8512,True,-24.904888,-30.852596,-29.54026,-30.638557,-34.662792,-33.26934,-38.20986,-39.06296,-36.948933,-41.03787,-41.12553,-45.368824,-45.592556,-46.99696,-46.91201,-48.24093,-47.244003,-49.272312,-50.943203,-55.27298,-53.48875,-55.033646,-57.717102,-59.030617,-59.945824,-63.750156,-64.92495,-66.258575,-66.52172,-70.74388,-71.952774,-72.29594
8544,True,-25.873665,-32.37005,-35.053413,-34.000477,-33.857506,-32.962166,-38.02563,-39.692513,-40.91549,-43.33146,-43.106846,-47.52405,-47.041138,-44.729843,-48.21073,-48.627377,-49.73073,-50.333103,-52.808327,-56.968273,-55.999313,-56.537,-57.17619,-57.730812,-60.872673,-61.823063,-63.91278,-65.49079,-67.9568,-71.09524,-72.33182,-71.50876
8576,True,-28.157885,-29.363907,-35.52482,-37.24628,-36.885117,-33.190514,-41.41483,-41.254852,-46.059612,-41.87052,-46.206745,-43.037834,-45.2769,-50.96029,-44.224056,-45.472927,-50.642265,-49.368813,-53.113438,-53.54656,-53.654465,-53.367416,-56.988396,-59.381195,-59.25018,-61.55468,-65.757835,-65.13971,-68.79037,-71.55151,-72.951996,-72.64729
8608,True,-27.632462,-28.587954,-31.916134,-32.15367,-34.882156,-32.550274,-40.08415,-40.238853,-38.247414,-40.807808,-42.281487,-42.108498,-49.16133,-50.59194,-48.24826,-47.583546,-49.9329,-53.89096,-53.513832,-53.11239,-55.476257,-57.239532,-58.436386,-58.93328,-60.1112,-62.270462,-62.62051,-63.060165,-68.66108,-68.99776,-71.73831,-72.54729
8640,True,-23.912298,-29.56633,-30.851555,-35.084724,-35.06145,-32.57728,-41.41241,-43.612675,-40.44741,-44.541435,-43.940704,-44.669167,-47.169575,-45.100098,-46.257496,-51.34025,-48.1546,-52.516716,-52.19336,-55.94979,-54.23089,-53.0258,-57.02014,-59.97764,-60.89688,-62.20247,-64.13535,-64.84369,-67.41448,-68.89485,-70.944565,-72.975914
8672,True,-29.972298,-29.917269,-30.943487,-31.815775,-34.837017,-30.868877,-40.36686,-40.309586,-38.26118,-45.467445,-44.54248,-46.229214,-47.151176,-45.86971,-47.212173,-48.42688,-49.258774,-49.678886,-50.56771,-51.996155,-54.505554,-56.75364,-57.36273,-58.707466,-60.169846,-61.748337,-64.23015,-64.52803,-67.61766,-70.60862,-72.61859,-72.722015
8704,True,-22.623554,-27.673126,-28.5701,-30.912666,-31.517643,-34.863174,-41.976337,-43.601055,-40.796257,-42.93994,-42.762894,-44.275764,-43.093674,-44.98995,-44.69323,-47.863422,-47.871582,-49.32699,-51.252647,-55.55428,-55.0609,-53.569546,-59.406986,-60.904926,-61.46856,-63.43079,-63.752018,-63.878895,-69.522514,-70.853645,-72.34808,-73.41847
8736,True,-27.611189,-30.709448,-33.90351,-35.962814,-37.22563,-31.444252,-40.87806,-43.25069,-44.210556,-45.787354,-41.250416,-45.79041,-44.88553,-47.87006,-48.914024,-48.935326,-49.087086,-48.871666,-51.060467,-53.54139,-53.914932,-54.204994,-57.4619,-58.68561,-60.27998,-61.30879,-62.946167,-64.82057,-67.68905,-68.72496,-71.553154,-71.574615
8768,True,-26.548899,-30.469929,-36.657,-33.02026,-35.998222,-35.056477,-40.68924,-40.489815,-40.7678,-42.9182,-43.563313,-46.444336,-45.18896,-48.24317,-46.227795,-48.830368,-48.29517,-50.323555,-51.124,-52.38801,-55.88697,-54.299614,-57.160686,-59.752575,-61.613335,-62.251297,-63.51789,-66.197136,-69.7609,-70.29809,-71.70194,-72.700035
8800,True,-23.80119,-28.88279,-33.87592,-31.673077,-34.050076,-30.045424,-37.085197,-43.01148,-44.093468,-44.30587,-43.211246,-48.353363,-46.2454,-44.217636,-48.827385,-49.261063,-50.307365,-49.31217,-51.98896,-55.87393,-56.0778,-54.954605,-58.428368,-60.33335,-61.75898,-64.119156,-64.379845,-66.73568,-68.24409,-70.55187,-72.964455,-73.23019
8832,True,-24.552635,-29.360844,-29.210482,-32.244038,-35.43776,-31.150902,-39.402485,-40.907097,-42.63081,-43.77954,-43.897823,-47.958942,-46.772186,-41.86749,-45.85663,-48.981018,-49.557884,-51.67982,-54.309006,-54.51882,-53.31949,-55.578808,-56.1941,-59.558662,-61.657085,-60.976135,-63.821587,-66.068924,-66.3958,-69.58613,-70.60371,-72.580635
8864,True,-28.093187,-28.322948,-34.49267,-32.46547,-35.32863,-35.7339,-39.51549,-39.272415,-40.700005,-42.86628,-39.05993,-43.456326,-44.822037,-41.57437,-47.237015,-49.272614,-48.996616,-49.854836,-51.83054,-54.408497,-54.51555,-56.24697,-58.220985,-58.816296,-61.50933,-61.24271,-64.01618,-65.31508,-67.99218,-69.450294,-71.99737,-72.90084
8896,True,-21.933395,-29.111166,-31.463106,-34.91336,-39.294834,-32.216007,-37.98063,-43.111855,-42.224266,-43.71286,-45.169083,-47.25965,-46.217407,-44.195484,-48.864456,-46.146194,-47.441784,-48.85958,-53.051525,-52.911835,-55.21945,-56.248547,-56.858566,-59.81372,-60.868904,-62.76733,-61.872562,-63.8985,-70.28606,-70.51306,-72.60004,-71.47707
8928,True,-28.295109,-30.033037,-30.39568,-36.50534,-35.702766,-31.056538,-38.54099,-42.54806,-40.130928,-39.36151,-43.009945,-41.88217,-44.108013,-43.511044,-46.643833,-46.703926,-48.512302,-49.5377,-50.12646,-53.196636,-54.309765,-54.128803,-56.817852,-56.918293,-60.11409,-61.584934,-63.70693,-63.337677,-68.5999,-69.87262,-71.84338,-73.49553
8960,True,-24.107338,-29.322975,-28.150434,-34.104446,-37.856453,-32.24893,-38.98361,-37.03689,-42.61058,-43.10749,-42.56156,-44.504505,-44.622314,-44.19657,-47.357704,-47.312637,-47.724453,-50.437412,-52.45653,-52.99097,-53.011024,-52.64064,-55.633377,-57.191032,-58.477676,-60.42009,-62.540344,-62.451786,-65.266624,-68.29831,-70.92981,-71.198975
8992,True,-24.586231,-32.520157,-31.857838,-33.56594,-34.630714,-33.09193,-40.948044,-40.99628,-42.697174,-42.908016,-41.81089,-45.062138,-42.973038,-47.256073,-44.859352,-49.00263,-50.863132,-50.409565,-49.6417,-54.207863,-56.300526,-55.40204,-56.44138,-58.43019,-59.666306,-59.61631,-62.915657,-65.215805,-69.46197,-69.43265,-70.66,-71.059525
9024,True,-29.000235,-31.005869,-33.680424,-34.831783,-36.475616,-33.209988,-40.616913,-40.938335,-39.71335,-39.442142,-42.117367,-45.22572,-43.49723,-47.188717,-45.655674,-46.604927,-48.202625,-48.50716,-50.756096,-51.852726,-55.27244,-55.219616,-55.394463,-59.833267,-60.56321,-61.2566,-62.404636,-64.06352,-68.6309,-71.01747,-72.496994,-71.71464
9056,True,-27.10395,-30.931787,-26.47051,-32.03021,-35.488705,-34.562546,-38.739853,-40.08074,-41.655525,-43.54391,-43.736042,-44.55713,-46.07561,-45.948853,-45.237164,-47.239243,-50.842327,-51.343037,-51.96792,-52.8711,-54.455894,-55.503174,-57.41375,-59.426212,-59.833244,-60.582306,-62.203636,-63.714745,-69.961105,-71.40327,-72.89323,-72.25729
9088,True,-32.385674,-30.19928,-31.594746,-33.83402,-34.267086,-31.04195,-35.461983,-40.56912,-41.447876,-41.090363,-43.66579,-44.375923,-47.577858,-48.28338,-46.16671,-46.513206,-47.932762,-51.68623,-54.142,-54.72867,-57.510258,-55.218597,-57.346,-59.078957,-59.685093,-62.709637,-62.60445,-63.6611,-68.086716,-71.37704,-72.613304,-71.718864
9120,True,-28.305656,-30.7099,-26.516659,-32.89446,-37.465252,-34.48496,-39.73384,-42.03514,-38.30547,-45.0029,-41.809765,-40.16996,-45.042908,-45.213642,-49.821056,-48.47078,-51.525555,-54.303276,-51.241837,-53.50369,-54.86692,-54.793682,-58.39623,-60.332245,-59.993134,-61.85382,-64.30224,-63.553276,-68.209785,-71.086975,-72.557304,-69.882324
9152,True,-26.92133,-31.738007,-30.631672,-32.049114,-35.105797,-35.15853,-41.535686,-41.038876,-40.096832,-42.33542,-40.422916,-45.91243,-47.51245,-45.332413,-45.963287,-45.59483,-48.178947,-50.328537,-53.421078,-55.53064,-55.253357,-53.006626,-56.044342,-60.563835,-60.05674,-61.774384,-64.90582,-65.35051,-67.433464,-69.71303,-71.288315,-71.972534
9184,True,-24.515446,-29.684269,-31.255035,-32.046844,-33.160255,-32.46609,-36.229195,-41.373016,-42.077328,-44.35448,-46.95646,-52.015034,-47.93843,-47.266956,-45.319767,-45.247303,-47.4347,-51.708637,-54.73454,-55.963215,-53.880787,-55.896248,-57.820183,-60.351696,-61.296368,-61.502476,-62.507664,-64.23132,-68.81599,-69.382645,-71.37668,-72.277885
9216,True,-23.017788,-28.846682,-28.496452,-32.565506,-37.682518,-33.488667,-44.60858,-39.794884,-44.23679,-40.972572,-45.412697,-43.970665,-46.14027,-43.360973,-45.18202,-45.693558,-50.151325,-51.493973,-51.881546,-54.0456,-51.71335,-54.494644,-57.887913,-60.211067,-60.493946,-59.54077,-62.90371,-64.13697,-66.67688,-69.83161,-71.09504,-71.503365
9248,True,-27.694302,-30.848751,-30.991812,-32.173973,-33.650772,-31.18784,-36.775734,-39.430122,-37.579117,-41.9257,-41.290432,-43.327362,-46.75167,-49.57815,-50.701145,-47.749214,-49.92085,-49.115944,-52.663597,-54.567417,-54.96471,-54.606667,-57.538544,-61.357594,-61.01707,-61.39663,-63.224644,-63.844917,-68.49239,-70.52158,-70.860504,-71.06296
9280,True,-27.847006,-28.598228,-27.747917,-31.811153,-31.449173,-29.026962,-34.197933,-30.175104,-33.4615,-36.8804,-38.23653,-37.403015,-37.365532,-40.60661,-36.36499,-30.840988,-28.58595,-32.569675,-40.378036,-42.240097,-44.90291,-43.31672,-43.616795,-47.704613,-44.800705,-40.416924,-35.886005,-33.686108,-28.98506,-32.788273,-33.559364,-33.207386
9312,True,-27.158115,-28.906708,-32.539845,-31.373396,-33.731403,-32.919243,-37.88607,-34.05992,-34.50995,-38.81898,-40.7395,-38.792118,-42.39866,-43.384663,-42.40824,-42.508797,-38.75409,-42.457962,-49.110893,-49.887596,-46.819176,-47.916954,-51.380898,-55.17785,-52.696728,-51.044518,-45.489864,-45.158504,-41.447407,-44.09877,-43.317055,-43.81246
9344,True,-24.847624,-31.88293,-30.121544,-33.111984,-39.088654,-36.426453,-39.16816,-40.348415,-40.332222,-43.521133,-40.407505,-42.810764,-46.392113,-46.156765,-46.25197,-45.015762,-47.426537,-48.952976,-50.6678,-51.462227,-53.084694,-54.325787,-55.106922,-57.027046,-56.1063,-57.64525,-55.08732,-54.162617,-49.133133,-50.39155,-51.72829,-51.84523
9376,True,-27.904585,-32.23416,-34.339546,-33.48182,-34.042076,-30.78417,-41.11162,-39.9538,-38.96804,-44.259953,-43.457985,-43.139095,-43.79314,-46.690388,-45.81696,-45.574776,-49.238426,-51.068836,-52.872604,-53.81834,-55.31836,-55.978912,-58.398533,-57.08155,-60.30532,-59.317505,-56.8386,-56.01721,-54.201805,-55.95177,-56.609077,-57.742863
9408,True,-23.642681,-33.098022,-32.932964,-33.420494,-34.691124,-31.324055,-37.37076,-39.184822,-39.987076,-43.379135,-44.53407,-44.226795,-46.1175,-48.884644,-48.220543,-47.946453,-48.13864,-50.230946,-51.66718,-55.045723,-53.012245,-53.595333,-58.053818,-60.55942,-58.782333,-60.669235,-59.343674,-61.522415,-57.534275,-60.286575,-61.430477,-63.694916
9440,True,-25.906609,-28.371376,-32.98485,-35.242287,-34.54775,-32.063354,-40.64389,-44.030117,-41.960506,-43.85384,-43.545322,-46.025085,-46.76297,-45.34473,-47.508957,-46.605423,-50.72761,-51.586395,-52.809883,-54.332317,-53.99489,-53.565514,-57.267456,-60.08326,-60.50884,-60.378593,-61.731438,-62.425076,-62.44477,-63.460503,-66.05896,-67.53146
9472,True,-27.301743,-30.857788,-33.61591,-32.4953,-36.838234,-33.017097,-39.95261,-41.56326,-40.606125,-43.020176,-43.669758,-47.042984,-45.710426,-43.23297,-46.714176,-48.261223,-53.222267,-51.830063,-52.635445,-52.239326,-52.86371,-55.308876,-57.978306,-59.926743,-61.418007,-59.73602,-61.545555,-63.09958,-63.237907,-64.91716,-67.98926,-69.878494
9504,True,-25.313408,-32.25283,-29.40306,-33.88604,-37.26829,-35.693462,-39.683884,-37.55691,-40.245304,-43.995552,-44.10397,-41.98267,-45.929565,-46.484306,-47.45923,-51.060196,-52.934017,-53.622482,-50.29206,-54.060932,-52.09971,-55.978806,-56.84837,-60.110287,-60.32887,-62.352806,-62.112865,-64.53694,-66.16925,-68.798134,-70.07928,-71.19891
9536,True,-29.707588,-27.094715,-28.364908,-32.50015,-30.811403,-33.34304,-39.84546,-41.981842,-43.0057,-44.623585,-43.18093,-44.559746,-46.79782,-46.895733,-46.150642,-45.56973,-51.668774,-53.397636,-51.301353,-54.824184,-55.126194,-57.627224,-59.08295,-59.99231,-59.567062,-60.894012,-61.722263,-63.278893,-66.835625,-69.56105,-69.65205,-70.29244
9568,True,-23.864,-33.486885,-33.670914,-34.62397,-35.766968,-34.19005,-37.715996,-40.15045,-42.04983,-43.13127,-44.6061,-43.884846,-43.69079,-46.568253,-47.90885,-48.131832,-49.80648,-52.579147,-51.433826,-54.07892,-54.11228,-54.73229,-58.892334,-58.521347,-58.73867,-61.63963,-63.364044,-63.628914,-67.230255,-69.786705,-72.46549,-72.532104
9600,True,-27.471945,-31.068714,-32.563423,-32.2919,-35.961964,-36.740795,-40.987305,-38.065952,-40.054657,-43.051754,-40.90673,-40.212513,-44.35518,-46.198242,-44.723152,-47.09449,-49.52191,-50.75584,-50.067196,-52.729107,-53.646896,-55.155354,-56.921066,-58.02243,-59.92109,-61.92864,-63.769745,-63.480946,-68.36134,-70.597145,-71.68204,-72.098755
9632,True,-28.776224,-29.470287,-26.110619,-30.604952,-36.99716,-33.992218,-40.02366,-38.42516,-42.14702,-44.344017,-46.006866,-41.79441,-43.072975,-45.095863,-45.340767,-46.26612,-52.353867,-52.15561,-51.302727,-56.160168,-56.137367,-57.29608,-60.400806,-59.05259,-58.374107,-61.02451,-63.406166,-63.35527,-67.237686,-69.647865,-71.301926,-72.77474
9664,True,-26.392672,-31.64696,-30.90722,-32.265537,-35.006687,-30.65922,-41.187492,-41.43052,-41.779037,-41.750874,-41.690605,-43.247917,-48.447464,-47.241364,-44.662987,-46.455437,-48.469246,-53.125496,-54.51113,-54.176517,-54.504173,-55.15938,-56.373505,-59.282093,-58.56768,-61.45851,-63.56224,-64.08577,-67.82739,-71.59459,-72.00583,-72.51739
9696,True,-26.960857,-31.664907,-30.266785,-34.435474,-38.106907,-30.514671,-40.715378,-43.104534,-41.217506,-41.549496,-44.995575,-48.64941,-48.461235,-42.615086,-45.002934,-50.245216,-50.40261,-49.906082,-49.97512,-54.96624,-53.99693,-55.163387,-57.241024,-58.521347,-60.983566,-61.452694,-60.875748,-62.84573,-66.78081,-69.99836,-71.34668,-72.27771
9728,True,-26.684343,-28.929104,-28.631733,-30.41383,-34.30062,-30.882666,-39.291134,-43.88997,-40.099617,-43.263756,-41.45112,-42.081947,-46.274048,-45.074997,-44.18507,-48.605824,-52.151028,-51.813232,-51.715332,-52.045704,-53.241882,-55.43679,-58.694633,-59.748016,-59.92932,-62.75211,-63.092304,-64.70681,-68.0891,-70.29491,-71.8525,-70.43051
9760,True,-27.311909,-30.034977,-29.846092,-30.886284,-34.058876,-29.627949,-41.05761,-42.372154,-43.117737,-42.34845,-42.053448,-45.56078,-46.200195,-47.235764,-48.98722,-49.164967,-47.158104,-50.100357,-51.57454,-52.656597,-52.452206,-53.65806,-56.69452,-58.353836,-60.039696,-62.51196,-62.135525,-64.47316,-68.906265,-70.786835,-71.10114,-70.817825
9792,True,-24.871952,-30.451527,-27.072735,-33.04191,-34.10157,-37.42312,-38.5465,-38.649593,-44.107494,-44.494804,-42.916416,-45.899467,-45.283455,-44.708992,-48.2698,-47.003635,-49.80909,-49.2526,-51.25218,-52.913506,-54.165386,-53.85679,-58.184086,-59.742237,-60.727097,-62.406807,-63.27664,-65.434326,-68.52225,-69.7902,-71.6784,-73.742966
9824,True,-22.74848,-29.28169,-30.486544,-32.81996,-38.03099,-31.56986,-41.094994,-41.59594,-42.785892,-44.763077,-45.95104,-46.96403,-44.021828,-46.197758,-48.55421,-45.52707,-45.97469,-51.057587,-52.1541,-54.388393,-55.13861,-55.157703,-56.565437,-60.807877,-59.47583,-59.424232,-56.107292,-55.239098,-55.546,-52.289825,-53.8999,-56.39218
9856,True,-26.323551,-32.84101,-27.481522,-30.494896,-35.877995,-32.475544,-38.922337,-40.35137,-40.15202,-44.06084,-46.660522,-42.99891,-45.4741,-48.657837,-47.545074,-48.942177,-49.63387,-54.19095,-55.013294,-52.35669,-54.105766,-54.841934,-58.13511,-58.891468,-58.249966,-61.19895,-62.373535,-63.275345,-65.590355,-62.572884,-64.208466,-66.60966
9888,True,-24.716894,-31.635067,-31.087173,-34.800114,-35.417305,-33.104797,-39.79214,-41.74018,-41.00354,-43.238297,-45.354782,-41.4761,-39.643806,-44.255737,-49.200317,-48.439514,-48.036934,-50.118668,-52.75077,-52.918068,-54.090523,-55.81935,-57.693447,-60.138184,-59.993706,-62.570984,-65.85456,-64.39052,-67.74499,-67.57867,-70.298485,-72.24254
9920,True,-20.452452,-29.398685,-30.149628,-34.74918,-34.232834,-32.122234,-39.845627,-40.634747,-39.352917,-41.543053,-41.731525,-45.212154,-43.582188,-43.448814,-46.590416,-47.889465,-48.420185,-51.1838,-52.622307,-53.29724,-53.529175,-53.341984,-57.88263,-59.973488,-59.635506,-60.32301,-63.232872,-63.295746,-66.786514,-68.53723,-70.19878,-71.53026
9952,True,-24.36506,-32.932175,-33.25116,-33.960407,-34.591717,-36.565598,-40.145042,-38.557785,-41.12473,-44.485558,-45.767895,-44.452217,-42.594444,-43.096947,-45.082558,-48.2042,-49.10045,-48.457813,-53.27665,-53.641872,-53.550987,-53.97871,-57.444912,-59.306522,-59.521996,-61.46672,-63.958324,-66.317604,-67.02074,-68.84886,-70.52786,-71.15097
9984,True,-24.49245,-27.780201,-33.228977,-39.55901,-34.256268,-29.361609,-36.389015,-41.154675,-45.049175,-43.596325,-43.0604,-43.666397,-44.09923,-43.58304,-47.543827,-48.34102,-51.13583,-54.05153,-52.737854,-53.24341,-53.34703,-54.810097,-56.69493,-59.18417,-60.217033,-60.8901,-62.51159,-64.85156,-66.65799,-68.20815,-69.08006,-69.66073
