timestamp,faulty,band_0,band_1,band_2,band_3,band_4,band_5,band_6,band_7,band_8,band_9,band_10,band_11,band_12,band_13,band_14,band_15,band_16,band_17,band_18,band_19,band_20,band_21,band_22,band_23,band_24,band_25,band_26,band_27,band_28,band_29,band_30,band_31
0,True,-21.544455,-26.777819,-31.789762,-34.41343,-37.343548,-34.84054,-39.468376,-41.88252,-39.480312,-45.004,-49.23498,-47.59587,-43.312153,-47.93839,-46.071167,-50.49059,-49.49333,-52.15793,-54.520298,-54.67562,-53.96718,-56.04151,-60.12793,-61.392715,-61.99753,-61.188057,-60.212856,-65.126465,-66.33477,-67.526436,-67.63572,-67.91358
32,True,-24.371622,-31.15438,-24.606867,-27.67704,-31.15635,-31.62511,-37.063038,-39.19107,-38.971954,-40.293198,-41.143803,-39.280632,-43.381485,-43.704025,-44.01823,-45.452003,-47.68997,-50.674812,-49.75064,-54.58628,-52.22172,-54.926483,-56.107887,-55.81469,-57.214348,-61.298176,-61.30394,-62.16723,-65.07532,-67.24907,-70.17546,-72.02009
64,True,-27.439615,-25.865343,-27.655594,-31.574905,-31.781797,-33.177483,-37.830482,-41.838535,-38.063656,-40.294285,-37.947456,-41.108406,-38.25664,-46.022434,-43.676987,-45.03488,-46.711636,-48.743332,-50.415325,-53.906883,-51.44442,-51.09588,-56.619663,-55.46569,-58.08624,-61.71286,-64.09642,-62.92463,-66.88466,-67.83682,-71.97877,-72.0948
96,True,-23.296906,-29.840994,-29.53078,-31.431484,-33.40301,-34.017097,-39.044704,-42.248592,-39.688354,-40.326637,-42.807392,-41.80752,-38.379044,-46.189846,-43.52074,-44.148182,-46.679035,-45.8937,-48.90469,-51.17113,-51.8963,-53.8255,-52.880806,-56.316727,-56.627674,-58.270973,-61.076565,-61.173492,-68.09651,-67.97756,-69.17216,-70.484604
128,True,-22.010021,-27.295124,-28.576517,-30.322472,-33.153645,-32.45012,-38.375584,-38.08467,-35.598682,-40.97687,-45.454506,-40.243893,-39.63807,-43.944668,-44.597324,-44.46877,-45.54904,-48.539463,-47.85458,-51.620426,-51.83724,-53.589558,-57.384125,-57.476917,-58.573147,-60.260094,-61.507835,-62.668186,-61.65279,-64.904816,-66.77291,-65.81946
160,True,-28.573849,-30.137941,-26.605883,-30.3097,-33.632668,-31.897095,-39.610588,-42.75405,-39.33105,-39.700943,-42.885162,-42.69954,-42.20111,-43.673473,-43.14814,-43.578148,-46.17985,-49.76442,-50.330154,-51.20212,-50.992756,-52.536316,-56.345993,-55.708294,-58.214325,-59.37217,-60.74041,-64.364136,-64.82408,-67.864944,-70.13019,-70.614845
192,True,-26.967068,-24.917238,-31.89117,-31.954079,-32.107853,-29.74079,-37.9254,-40.0602,-36.34606,-39.40299,-37.604897,-42.63946,-41.831047,-44.030666,-42.121468,-41.440956,-46.85791,-48.551826,-52.31009,-52.335228,-51.361237,-52.698093,-53.37971,-57.94568,-58.929943,-60.014782,-61.52759,-62.275032,-65.3768,-67.34983,-69.50897,-70.21228
224,True,-25.013157,-29.672491,-29.034565,-31.851437,-32.064125,-37.85147,-41.7715,-38.468952,-37.044296,-38.58502,-41.469517,-45.65117,-43.483917,-43.697643,-42.584167,-42.130066,-46.218956,-49.387062,-50.863754,-49.689922,-50.659897,-52.09313,-53.048824,-56.346886,-57.328396,-59.294735,-60.214905,-62.678852,-66.108765,-68.061485,-70.47142,-71.37259
256,True,-23.511738,-26.314241,-28.047352,-33.48142,-35.879128,-34.188446,-38.17562,-39.195816,-36.561455,-40.441193,-42.63246,-42.014713,-42.091087,-42.93858,-42.500034,-47.91543,-46.72242,-49.62137,-50.906635,-51.479534,-53.70316,-53.09204,-54.56865,-56.288406,-57.59495,-58.63633,-59.297462,-62.013874,-65.092445,-66.78671,-69.73534,-70.83011
288,True,-27.867926,-26.024834,-29.979446,-34.882973,-35.02762,-32.82094,-36.860516,-37.208088,-37.305847,-37.425526,-42.753296,-40.5618,-44.30296,-43.724632,-44.31389,-46.112083,-45.713955,-48.141346,-48.72347,-53.409157,-54.279755,-53.27626,-56.195496,-56.41768,-56.775204,-57.207893,-59.968292,-62.786842,-65.22806,-67.70802,-70.44832,-70.31852
320,True,-23.344477,-32.094242,-32.495216,-32.32737,-33.281,-32.24679,-38.74909,-39.704376,-39.110573,-38.853355,-42.444817,-39.731964,-45.53896,-47.42439,-44.72225,-46.27714,-46.220726,-48.58982,-49.77674,-52.00188,-52.046097,-52.797096,-55.319485,-54.356266,-55.135963,-60.03585,-62.436073,-62.66999,-63.961136,-66.87853,-69.83191,-69.60218
352,True,-24.140022,-25.010822,-27.792303,-31.133617,-36.19323,-34.328827,-37.47042,-37.52094,-39.6143,-39.970802,-37.756203,-42.395348,-43.139286,-41.668312,-43.02832,-45.275368,-46.849876,-48.651463,-47.45091,-51.081005,-51.491768,-54.39278,-55.310722,-56.610798,-58.22927,-58.87203,-60.36825,-63.254944,-64.7428,-67.4315,-69.57269,-69.747345
384,True,-23.948404,-28.007378,-32.24892,-31.770174,-31.62736,-31.216822,-40.120094,-36.582718,-38.626736,-39.786777,-41.074135,-39.990265,-41.971413,-44.596268,-40.60179,-44.58618,-45.634464,-48.496735,-51.62513,-52.99498,-53.007256,-52.251198,-54.840836,-55.303844,-57.06789,-58.517593,-60.224136,-61.607365,-64.548584,-67.14662,-69.69913,-72.79553
416,True,-24.402275,-27.448296,-29.223764,-31.024963,-31.879045,-32.865692,-37.765305,-35.52228,-33.156208,-37.117054,-41.901833,-42.327305,-42.739914,-43.908386,-41.847046,-43.96214,-45.791206,-49.61847,-52.430935,-51.561195,-53.39215,-51.034184,-55.11852,-55.76527,-55.403065,-59.656963,-62.799355,-62.338047,-65.68779,-69.39901,-71.1053,-72.5972
448,True,-21.110975,-29.505135,-26.612844,-28.965702,-32.50668,-35.590965,-39.565163,-37.99463,-37.17578,-41.47402,-37.539024,-40.506863,-44.5208,-44.841686,-42.426094,-45.26172,-46.7213,-47.798134,-52.79133,-53.915134,-53.066154,-55.71175,-55.650635,-55.943623,-57.724552,-57.68344,-61.410217,-63.416916,-65.99054,-69.25118,-69.96881,-71.10475
480,True,-24.47709,-27.76601,-27.132698,-30.470325,-33.80482,-34.32196,-38.009785,-40.077435,-37.146324,-39.490047,-41.821198,-46.377434,-42.161182,-45.20495,-43.801285,-46.978374,-44.957348,-48.15298,-50.75702,-52.370583,-53.07959,-52.824486,-56.700092,-56.918797,-57.263046,-56.696377,-60.69132,-62.33906,-65.87717,-69.35773,-70.66962,-71.12598
512,True,-24.548723,-28.132195,-25.790916,-32.31185,-36.099625,-34.90287,-37.714485,-38.67763,-37.371872,-40.11637,-44.58558,-41.320152,-40.01305,-46.12383,-41.272232,-44.757385,-46.42968,-48.43189,-50.05671,-52.91285,-52.703773,-56.17473,-56.537495,-55.31056,-56.863556,-58.663292,-61.958294,-63.229576,-64.61626,-67.19734,-69.81587,-70.44304
544,True,-24.141834,-27.169687,-27.983734,-31.91166,-36.244274,-35.356735,-38.442314,-39.108795,-38.4051,-37.131817,-44.49673,-43.321896,-39.986748,-42.06996,-40.66578,-44.496925,-45.43323,-45.396877,-47.084484,-51.48113,-55.3985,-50.830658,-54.27034,-55.580658,-58.179375,-60.542046,-60.691444,-60.851765,-64.253136,-67.2042,-69.56126,-71.48792
576,True,-23.401987,-29.084656,-30.266869,-31.289959,-33.02784,-31.731165,-34.206474,-38.345123,-36.07032,-40.268215,-42.68374,-38.55741,-39.840744,-43.9489,-43.88736,-47.63544,-45.49321,-49.541187,-48.69799,-51.46823,-53.965034,-54.51657,-57.23123,-57.179714,-57.2727,-60.378296,-61.761494,-62.2248,-65.91956,-68.096695,-69.175446,-71.9156
608,True,-23.857851,-26.59655,-26.999619,-29.2622,-33.5407,-31.57525,-37.84065,-35.39163,-34.860447,-38.04075,-43.174816,-42.41668,-42.778076,-43.366165,-42.241344,-44.683792,-47.25171,-49.9641,-48.782345,-50.739693,-52.700882,-52.82518,-54.111824,-55.980305,-57.571083,-61.05944,-60.79517,-62.228493,-63.47519,-68.47161,-69.9914,-71.77732
640,True,-25.01492,-27.210493,-30.230564,-33.59617,-35.467754,-33.48494,-38.399017,-39.371914,-37.915714,-35.27042,-38.140835,-40.502953,-39.641068,-41.95833,-43.47231,-43.764397,-46.356903,-46.25054,-48.985157,-52.207264,-51.055775,-53.363895,-53.179092,-57.298527,-58.532352,-59.61804,-61.827988,-61.992336,-65.3031,-66.48903,-69.72459,-71.11235
672,True,-26.17352,-28.843178,-28.197956,-30.452717,-33.907356,-36.334846,-34.917953,-37.69612,-36.051632,-40.05256,-44.28858,-41.846336,-44.3754,-42.82293,-40.826996,-44.765938,-47.427975,-48.58235,-47.79244,-53.045197,-53.911556,-53.142757,-54.99252,-57.08338,-57.424236,-61.180122,-60.329937,-61.52681,-65.03701,-66.72511,-68.79273,-71.087204
704,True,-24.083355,-29.276012,-25.50457,-29.59876,-37.167698,-33.270996,-38.607327,-37.2387,-37.67164,-42.82484,-45.438896,-43.60437,-40.573593,-46.07716,-42.104347,-44.457573,-46.99079,-46.524754,-50.24328,-50.607918,-51.52651,-51.175377,-53.264076,-56.38746,-57.47,-60.613945,-61.11689,-60.76246,-65.777504,-66.86909,-70.660164,-71.14055
736,True,-23.972118,-29.046375,-30.029448,-30.135572,-34.940342,-36.102146,-37.217094,-37.201317,-37.2365,-40.578903,-40.36982,-39.430576,-42.720028,-44.143326,-41.43495,-44.673332,-47.46448,-49.597534,-51.297523,-50.839695,-50.561462,-49.632416,-53.233498,-55.775528,-56.701363,-58.993755,-60.29795,-60.574455,-64.38399,-67.59368,-69.31375,-70.75644
768,True,-22.218447,-27.063965,-28.746735,-31.213242,-35.854027,-34.41697,-36.253326,-34.98657,-35.63321,-38.23492,-41.795734,-44.340614,-44.323357,-45.258617,-42.666183,-47.309612,-47.131767,-49.10527,-49.737835,-52.44295,-52.8574,-52.10993,-55.37804,-58.504333,-58.236137,-59.677143,-60.502228,-62.68558,-65.530235,-68.16125,-68.91208,-71.44165
800,True,-23.704906,-26.89466,-29.12301,-32.08104,-31.885345,-34.83438,-37.18377,-37.925556,-39.803345,-38.492287,-40.850445,-43.723866,-44.758816,-44.06734,-41.400467,-42.134094,-41.79773,-46.35317,-51.074978,-52.511692,-51.92401,-53.990902,-53.646923,-56.13492,-57.65062,-60.575417,-63.836487,-63.343803,-66.43297,-68.0715,-70.72422,-71.64876
832,True,-24.038494,-26.882887,-28.163635,-31.470346,-34.278282,-30.894901,-34.319702,-39.40922,-39.729046,-42.81235,-41.56729,-38.30964,-43.89827,-40.815903,-43.837337,-45.14961,-45.87467,-48.93705,-49.23433,-51.03739,-50.004467,-51.812973,-55.32737,-55.990314,-56.80878,-57.865788,-60.18142,-63.182487,-65.21989,-68.69184,-69.78163,-71.311356
864,True,-22.885027,-26.984348,-23.396168,-27.884405,-31.394491,-33.220448,-36.232597,-39.635433,-39.636265,-42.889973,-43.589817,-40.658337,-40.87135,-41.65744,-41.654457,-47.2722,-46.45735,-48.585693,-49.832138,-52.175903,-52.279648,-52.46693,-54.21945,-53.405342,-56.301483,-58.42816,-60.908924,-63.48237,-65.31536,-67.12879,-70.38288,-70.467155
896,True,-23.582664,-32.712975,-31.74442,-28.581896,-31.391388,-30.404205,-37.194626,-35.45485,-34.675117,-39.890587,-41.304344,-43.653774,-43.200344,-40.853764,-44.07843,-45.94988,-48.73008,-49.74131,-50.229362,-52.848373,-51.368385,-51.009613,-53.90549,-55.79214,-57.906265,-58.421913,-59.52167,-61.431076,-65.33216,-69.56351,-70.38317,-69.18125
928,True,-30.455803,-30.258856,-25.047846,-27.545609,-34.594746,-36.094532,-37.57094,-37.518127,-39.243843,-41.014763,-41.23446,-42.171036,-42.654503,-44.919106,-42.27881,-43.929268,-46.022842,-48.82402,-48.20504,-52.045815,-53.071804,-51.843246,-52.930443,-55.99508,-57.42807,-56.944183,-59.95391,-61.07208,-65.93558,-67.37693,-69.38475,-70.461685
960,True,-24.534494,-26.331175,-30.283276,-30.304289,-29.06522,-30.009516,-37.747772,-35.78614,-37.502865,-40.888634,-40.281166,-41.95497,-43.184235,-42.360184,-41.730556,-43.754227,-44.534416,-45.332447,-48.57397,-49.859314,-50.900177,-54.199635,-54.22995,-55.274548,-55.93663,-58.786484,-59.66394,-60.268764,-64.41857,-67.07,-68.810646,-71.50659
992,True,-20.292236,-28.231472,-29.93674,-29.032347,-32.650593,-38.191494,-37.537834,-35.829727,-39.61689,-39.760757,-41.452118,-45.597893,-43.14183,-42.94371,-41.49452,-43.77842,-46.55017,-47.156265,-48.25518,-52.23858,-51.444927,-54.068726,-54.004837,-55.330093,-56.411957,-59.732384,-61.276535,-62.415623,-66.50254,-66.50493,-70.246826,-72.36212
1024,True,-22.35793,-27.535847,-31.039139,-30.444029,-35.39036,-36.542004,-41.560978,-38.533302,-34.800648,-39.071808,-45.435524,-44.062492,-43.289013,-44.230644,-41.22892,-43.289658,-47.977623,-48.796364,-51.643543,-52.796135,-51.025726,-54.056763,-53.758316,-55.67138,-57.606663,-59.63596,-61.293297,-60.794815,-65.56184,-67.56268,-70.9794,-70.444595
1056,True,-25.829477,-25.032036,-34.6419,-31.622482,-31.14732,-31.671719,-38.888107,-37.842335,-35.704277,-40.538345,-42.914448,-46.08345,-47.507687,-46.00434,-42.95445,-46.278667,-48.286205,-48.679104,-48.11239,-51.72518,-51.77011,-52.629173,-53.95378,-53.617382,-56.06517,-58.77867,-59.782887,-61.38314,-64.834,-67.633125,-70.27074,-70.284584
1088,True,-21.48418,-27.38941,-24.919378,-26.680824,-36.39631,-37.101143,-40.56221,-40.334415,-38.500793,-39.66647,-44.99681,-41.211094,-43.227875,-42.3619,-43.885647,-46.201992,-45.068493,-47.0996,-49.834007,-50.41657,-49.829185,-51.60228,-52.32452,-54.337975,-55.580658,-58.90833,-58.715904,-60.591774,-62.472855,-65.58876,-69.47885,-70.384766
1120,True,-25.846731,-29.156855,-29.552374,-30.399956,-31.812412,-32.13483,-34.536446,-41.473022,-37.566223,-37.145733,-38.532654,-40.615845,-41.540382,-42.38125,-42.522106,-44.666862,-45.117702,-45.49495,-47.688198,-49.317085,-52.210785,-51.50641,-53.47595,-53.705147,-54.647785,-60.836456,-61.16241,-62.59811,-64.090034,-67.39983,-70.435905,-71.12811
1152,True,-22.250324,-26.139713,-28.606646,-28.862442,-32.19836,-35.853405,-38.281406,-35.168194,-34.543182,-38.170284,-44.04103,-42.792404,-41.59273,-40.87493,-41.160355,-43.77623,-44.192726,-49.19653,-49.95964,-49.710106,-51.607723,-52.209465,-51.72638,-55.36299,-55.197124,-59.209667,-60.161377,-62.23651,-64.59047,-67.19159,-71.5114,-71.98447
1184,True,-21.033798,-28.198633,-33.09273,-34.110645,-33.484383,-35.119778,-38.658016,-37.82828,-41.64023,-41.6426,-42.470673,-41.50309,-42.26123,-45.602226,-44.546528,-42.19234,-45.03698,-45.544106,-47.947876,-48.67875,-51.239822,-49.97253,-52.016964,-56.024643,-57.152676,-59.263275,-60.36261,-60.83896,-64.751526,-65.86966,-69.066475,-70.10312
1216,True,-23.528667,-28.168669,-30.720537,-29.744547,-34.47846,-35.233112,-36.894516,-38.444244,-39.642876,-40.235725,-39.52037,-40.708504,-42.24295,-43.47732,-41.135338,-45.155922,-49.196625,-48.39314,-49.458763,-51.41794,-51.583107,-51.55641,-53.87352,-56.649307,-57.82303,-58.253784,-58.886673,-59.677734,-64.60744,-67.60463,-68.571724,-71.18095
1248,True,-26.876991,-27.436342,-25.903645,-28.882769,-34.32601,-38.526382,-37.515846,-39.181713,-36.863373,-39.93012,-39.55837,-41.892162,-38.70316,-40.530495,-43.910492,-44.848385,-46.39775,-46.490437,-49.327007,-51.02529,-50.655266,-51.307777,-54.582996,-54.80852,-56.838078,-59.868793,-59.867874,-60.591164,-64.03529,-66.7901,-68.93572,-70.29547
1280,True,-23.786352,-28.675957,-29.2905,-32.92954,-35.779152,-37.01344,-36.45951,-38.13558,-36.15614,-37.8179,-37.60917,-42.573555,-42.714657,-43.495296,-39.688046,-43.93925,-46.130695,-49.260536,-50.1352,-49.375385,-51.213116,-50.486336,-54.239586,-54.920555,-56.324516,-57.044106,-59.503105,-63.277237,-65.515656,-67.08698,-68.63968,-69.914795
1312,True,-25.838682,-26.334284,-25.922024,-29.879082,-31.052637,-32.499283,-35.592762,-39.132355,-37.37535,-40.283546,-39.17352,-39.640015,-43.79609,-41.326565,-43.086456,-47.14067,-47.674736,-46.383575,-50.619316,-50.204433,-51.10289,-53.129154,-55.73117,-54.524277,-57.148663,-58.645157,-61.00358,-63.74549,-64.65694,-67.28397,-70.48692,-70.224396
1344,True,-27.653362,-28.35638,-29.027578,-29.945862,-30.701439,-32.456623,-34.749336,-35.814888,-31.665771,-37.847713,-37.46325,-40.237587,-40.09152,-45.07367,-43.013973,-44.958557,-46.039497,-48.477478,-49.29945,-51.684875,-51.293533,-51.62918,-54.01874,-54.482353,-57.84071,-59.297565,-61.187702,-63.063778,-65.96901,-67.38687,-68.20312,-67.670746
1376,True,-30.182817,-28.598022,-27.255035,-30.452099,-30.308064,-32.52326,-39.998802,-37.637527,-32.749554,-39.113853,-40.91297,-43.427902,-42.357937,-45.90879,-43.06739,-45.969704,-49.163795,-50.934853,-49.255314,-51.352024,-53.649387,-52.904495,-52.990845,-57.911526,-58.29358,-60.36482,-61.330383,-62.55192,-66.62332,-68.41757,-68.88932,-69.89705
1408,True,-27.792484,-32.129845,-24.340706,-26.566212,-32.642525,-34.875023,-38.73841,-40.40554,-38.550537,-41.66552,-43.20232,-40.81186,-40.14168,-44.50955,-44.422226,-45.8894,-44.339195,-46.58421,-48.48831,-53.29731,-53.48049,-52.53811,-53.410873,-54.66904,-57.31662,-59.37937,-62.113605,-63.501274,-65.900345,-67.34117,-69.69339,-70.83431
1440,True,-23.92126,-31.159676,-30.353651,-32.443077,-34.00258,-32.631226,-36.784245,-38.793045,-36.70926,-41.199265,-37.848137,-38.200012,-42.462746,-42.993732,-40.559143,-43.436256,-44.36892,-47.247322,-51.560364,-51.74419,-51.11479,-53.126328,-55.579132,-55.93529,-55.891823,-57.683403,-61.96384,-64.47066,-67.11122,-68.78554,-69.89137,-71.685394
1472,True,-24.206505,-27.534813,-25.083658,-29.125027,-29.421291,-27.407694,-32.53998,-28.307455,-31.16273,-33.350834,-37.606495,-33.435852,-36.964096,-37.085186,-34.19041,-31.541946,-28.572857,-32.653133,-42.669594,-44.042774,-44.98499,-43.50202,-44.03767,-47.23448,-44.271614,-40.214767,-36.788174,-36.11997,-29.433758,-31.144554,-33.074013,-33.33829
1504,True,-25.864182,-28.564566,-26.395134,-30.634985,-32.425484,-28.870966,-37.212288,-36.375782,-33.732777,-40.499077,-40.41674,-36.556763,-41.16644,-42.46262,-40.18259,-41.895462,-36.94243,-40.651817,-46.963123,-47.46512,-46.86959,-49.044815,-51.098324,-53.44271,-52.140278,-50.624905,-47.343292,-47.815308,-40.95475,-42.513283,-43.73981,-43.400978
1536,True,-21.453829,-23.74752,-25.798065,-30.227142,-30.568165,-33.475033,-38.086544,-41.194588,-39.482983,-41.591347,-41.9106,-43.331795,-42.098537,-45.776703,-46.41769,-45.307632,-45.369724,-46.55133,-49.42741,-50.053207,-49.286407,-51.338383,-53.834175,-54.80197,-54.958477,-56.189568,-54.411324,-55.520126,-48.26986,-49.438457,-52.546307,-52.127094
1568,True,-27.54526,-32.476723,-28.771143,-32.402378,-31.676208,-35.681602,-39.811375,-38.99317,-36.61966,-41.28796,-40.06927,-41.682404,-44.307068,-41.444588,-42.5362,-44.876663,-45.584587,-47.614597,-51.339584,-53.306763,-52.218853,-50.25143,-53.019943,-56.274048,-55.089756,-57.237106,-56.104195,-57.904808,-53.987823,-55.1848,-58.874607,-60.476192
1600,True,-25.857546,-29.812002,-29.241528,-36.821945,-35.972084,-34.471123,-36.775402,-39.96952,-40.07786,-40.14229,-41.451607,-41.88614,-40.6452,-44.205097,-42.200962,-44.928085,-45.744926,-47.736584,-51.33217,-52.23303,-50.66336,-51.68337,-53.582977,-57.8033,-57.107655,-58.36743,-58.87148,-59.51231,-57.189957,-60.24494,-60.16725,-63.135468
1632,True,-23.5159,-29.827007,-29.852913,-30.467575,-32.175842,-35.637203,-39.286255,-41.83088,-35.73897,-34.869495,-39.46531,-42.8475,-42.27002,-44.679813,-42.235943,-45.007095,-46.77118,-48.896667,-48.25628,-49.860767,-51.410603,-52.987846,-54.560047,-55.57577,-56.81288,-58.81441,-58.00383,-59.917255,-61.31027,-62.995018,-66.10367,-65.626976
1664,True,-20.229496,-26.618921,-28.318256,-28.68736,-30.921463,-33.784832,-36.648193,-37.723923,-35.625538,-38.369152,-44.28474,-39.834564,-37.597073,-43.51154,-45.24228,-46.367603,-48.651657,-50.85443,-48.6104,-51.841682,-51.332172,-54.078197,-56.367016,-58.320484,-56.276215,-55.48122,-60.88352,-61.325,-61.914402,-63.78679,-65.72218,-70.35158
1696,True,-21.442167,-24.674019,-29.286318,-33.08069,-35.365433,-32.586525,-36.045044,-36.4031,-36.36665,-38.157776,-43.967213,-45.008957,-44.91791,-47.935585,-44.92505,-43.104057,-45.394703,-48.357372,-49.317482,-50.944054,-48.71701,-50.2884,-52.91913,-56.06624,-56.529945,-58.160255,-60.59053,-60.461617,-62.279434,-65.46735,-67.60479,-69.95057
1728,True,-23.980957,-30.263996,-30.546043,-35.781086,-33.123203,-33.223194,-39.148907,-36.695908,-33.559555,-40.192493,-38.62996,-39.013218,-40.87825,-43.110527,-41.112167,-43.03682,-43.766663,-44.804462,-49.11118,-50.85074,-49.44497,-50.85347,-53.97384,-55.843536,-55.80215,-58.27823,-59.843727,-61.313393,-65.002945,-65.375694,-68.258804,-71.751595
1760,True,-24.177002,-27.877304,-32.993492,-31.183378,-30.550198,-32.299355,-36.57909,-39.709503,-37.713943,-40.066322,-41.29783,-39.6033,-42.794197,-43.55145,-42.987766,-43.136692,-45.434498,-46.9346,-49.217194,-51.008167,-51.034184,-51.529114,-54.09913,-56.13323,-57.569675,-59.5188,-61.458893,-61.797657,-65.111725,-65.44842,-70.20291,-72.03409
1792,True,-22.733124,-30.691507,-28.08732,-30.036879,-32.006992,-32.399387,-38.128094,-39.20257,-36.54172,-39.161392,-40.076775,-39.830414,-44.378998,-40.641235,-40.521667,-44.446484,-44.567677,-48.376984,-50.120922,-50.313652,-54.254986,-53.09904,-55.198193,-56.936222,-57.125824,-60.46883,-62.399323,-63.89154,-65.040886,-69.09953,-70.98126,-70.44923
1824,True,-21.544601,-26.113312,-30.291225,-37.10772,-35.898518,-31.542023,-37.842022,-41.25788,-38.013634,-40.12898,-45.104176,-45.034485,-43.180805,-41.03031,-40.96777,-43.588226,-46.24975,-49.62081,-50.26712,-50.009518,-51.367477,-54.98288,-58.3981,-57.848907,-57.298923,-59.602543,-60.47081,-61.856453,-64.758385,-68.6447,-71.294846,-71.47596
1856,True,-21.218494,-29.484161,-26.814878,-26.698763,-37.00627,-33.771473,-38.534904,-38.63268,-36.59612,-37.977493,-46.647385,-47.56586,-41.079895,-42.698097,-43.526344,-43.776974,-45.583652,-45.698566,-51.875767,-52.23469,-53.321568,-52.83577,-57.349915,-57.473473,-57.87231,-60.228043,-60.856506,-62.23121,-67.32971,-67.35436,-71.428795,-70.51866
1888,True,-23.851717,-27.303047,-28.4816,-33.225445,-37.16263,-34.81393,-38.125317,-40.309654,-36.323666,-39.67811,-43.264175,-41.947613,-42.463837,-42.700714,-46.16887,-46.03708,-45.089066,-47.268597,-49.917355,-49.49626,-50.29193,-51.2256,-54.143898,-56.882633,-56.789967,-60.89032,-61.824192,-61.292076,-64.92351,-68.25951,-71.056046,-71.61009
1920,True,-24.320963,-25.977192,-25.344799,-29.338923,-31.988554,-29.722755,-38.888542,-36.748795,-35.026287,-38.247498,-40.314903,-42.479378,-39.454018,-42.07098,-42.96057,-45.426537,-47.636738,-47.570076,-50.68397,-53.533024,-50.553085,-52.59858,-54.638657,-56.387554,-57.045372,-59.489555,-61.980698,-62.487625,-65.457695,-69.2781,-70.8993,-71.90619
1952,True,-23.538624,-27.603756,-28.9785,-33.50503,-36.084038,-34.26143,-36.94967,-37.350494,-39.012535,-41.71021,-40.669106,-42.911835,-42.20165,-40.122486,-42.68551,-46.564835,-46.71978,-47.81121,-48.773937,-51.49404,-53.559055,-53.909416,-55.296753,-55.677742,-57.77984,-60.94656,-60.540565,-61.733418,-65.81299,-68.80551,-69.25735,-70.92217
1984,True,-26.621143,-29.986364,-28.55518,-30.477467,-31.35643,-32.54442,-37.44024,-40.420868,-35.039234,-41.094223,-41.41397,-39.87064,-43.938946,-47.082195,-45.589695,-49.51965,-47.850536,-50.397602,-50.825657,-52.307175,-51.177937,-51.442177,-57.707962,-56.62375,-56.20714,-57.62175,-59.670647,-62.450096,-63.857277,-62.137238,-64.18075,-63.852966
2016,True,-28.22552,-30.081005,-28.623634,-28.26426,-33.792946,-34.743046,-37.189144,-39.111298,-38.67154,-39.433777,-38.85149,-42.106976,-45.562996,-46.541996,-45.113983,-45.87928,-46.110565,-47.379433,-51.15975,-50.535583,-52.216537,-50.645554,-52.219887,-54.581635,-57.178116,-57.413155,-56.385708,-56.295696,-55.547886,-53.80598,-54.451565,-54.803154
2048,True,-25.29649,-28.14907,-25.259357,-29.205822,-31.20311,-32.34712,-34.33078,-38.58815,-39.926826,-42.21565,-41.239132,-41.011253,-40.911274,-45.917343,-43.64899,-46.17432,-48.049736,-47.709736,-47.946247,-51.797043,-51.53675,-52.53833,-56.94527,-58.370743,-57.910934,-58.372196,-60.981346,-63.352657,-63.66598,-65.32498,-65.79555,-64.29584
2080,True,-22.332764,-24.617981,-28.665554,-32.20446,-35.42615,-33.09026,-39.230747,-39.471066,-35.604958,-36.93293,-43.84297,-43.34333,-42.93469,-43.242355,-40.558723,-44.780273,-44.670036,-47.44392,-49.241962,-52.805374,-51.7567,-53.04552,-56.989983,-56.740723,-57.365795,-58.680237,-61.08664,-62.886387,-64.956276,-66.72379,-68.542465,-68.85474
2112,True,-26.995968,-27.70227,-28.2106,-32.456184,-34.779907,-32.099396,-36.88849,-35.474014,-35.278057,-36.35198,-39.95663,-42.493988,-40.560104,-43.616524,-42.537003,-44.289124,-45.770386,-46.23066,-48.537994,-52.356953,-50.928055,-52.02877,-54.13656,-55.847736,-56.216255,-57.3282,-60.48168,-61.827988,-64.43904,-67.12538,-70.24739,-70.31545
2144,True,-27.363834,-25.23153,-30.405518,-30.60587,-32.177414,-35.854885,-37.11144,-36.25711,-39.754402,-36.804367,-39.52274,-43.41278,-42.419548,-44.806015,-44.468803,-45.022465,-45.110718,-46.540894,-48.161423,-52.5441,-49.09925,-49.705574,-54.451553,-54.32798,-58.19496,-60.151466,-62.890278,-61.728683,-63.802437,-66.62685,-69.10496,-70.610825
2176,True,-22.850761,-26.56745,-30.084808,-30.88013,-30.06918,-35.439938,-33.019344,-37.89151,-39.92297,-36.55447,-41.204533,-39.770344,-40.905094,-43.716618,-42.77414,-44.492958,-46.752518,-46.565674,-48.4314,-52.160908,-54.00387,-53.485764,-54.364098,-57.366684,-57.76648,-60.852245,-63.44075,-62.388153,-65.60788,-67.47423,-68.65904,-71.274086
2208,True,-21.22361,-28.68771,-30.358284,-30.735035,-30.411283,-34.917255,-38.438316,-39.020607,-38.679157,-39.563274,-40.471195,-41.182343,-40.78907,-44.556065,-42.437153,-44.139977,-47.190784,-47.025036,-48.440125,-50.369564,-50.427776,-53.166565,-56.106297,-57.785423,-58.95562,-58.90126,-60.661453,-61.461735,-65.25662,-67.771454,-69.38363,-70.72986
2240,True,-25.138445,-24.638832,-27.94713,-28.45578,-32.34224,-34.08026,-35.73619,-38.896225,-37.714767,-40.827198,-41.11998,-38.999256,-42.042843,-44.388252,-46.92049,-43.07012,-46.042,-46.213127,-48.600525,-49.838585,-52.839603,-51.311413,-56.226826,-57.445866,-56.814877,-60.407215,-60.14939,-61.75365,-64.34843,-67.477776,-70.08384,-71.56938
2272,True,-25.729315,-22.924377,-21.932192,-29.171413,-31.369911,-30.291473,-39.998516,-44.25749,-37.266605,-39.60152,-41.197655,-44.06998,-45.3218,-41.476242,-42.592262,-45.207005,-45.74638,-48.312332,-49.506714,-51.61035,-53.047443,-52.328663,-53.316635,-57.58284,-56.283173,-59.682526,-61.142887,-63.127132,-63.948055,-67.77924,-69.6911,-70.44211
2304,True,-26.496807,-26.605629,-31.539831,-35.048565,-31.791779,-35.36371,-40.081066,-43.28517,-40.915928,-40.942024,-40.83916,-44.66232,-44.174633,-45.580177,-44.770958,-44.489246,-45.870213,-47.897247,-49.39507,-50.417065,-49.494267,-51.83491,-53.775257,-56.836533,-57.511326,-60.902214,-60.62176,-62.629005,-64.881546,-68.35731,-68.883194,-71.08287
2336,True,-28.516304,-29.305023,-30.316055,-30.042744,-30.407887,-31.381,-35.545685,-40.416298,-37.303185,-40.462982,-43.66658,-45.140167,-45.137794,-44.033855,-45.200684,-46.17792,-47.7008,-45.55493,-49.189255,-50.01924,-51.963013,-53.081192,-54.600185,-57.18286,-57.01809,-58.48972,-59.484116,-62.499104,-65.78579,-68.104904,-70.14101,-70.00873
2368,True,-24.40077,-26.392134,-23.28108,-26.938112,-30.542625,-36.266243,-36.504105,-33.71979,-36.188667,-44.846733,-43.37919,-38.594738,-39.94985,-43.72242,-45.52834,-44.12529,-45.31327,-49.685955,-51.364464,-50.868134,-50.681797,-52.789646,-53.34468,-55.27582,-55.68551,-58.791626,-61.393364,-61.543083,-64.632324,-67.88182,-70.128426,-71.8593
2400,True,-24.784153,-26.385134,-26.24187,-28.426504,-29.508612,-30.9217,-36.040695,-38.188053,-37.46897,-41.434837,-39.516453,-40.033134,-40.03803,-43.78887,-46.955112,-48.36174,-47.366215,-49.805664,-47.88987,-49.24233,-51.160374,-50.264366,-55.05732,-59.27826,-57.250168,-58.524757,-60.271423,-62.305622,-65.2266,-69.397255,-71.30214,-70.16099
2432,True,-26.970314,-23.844269,-26.712387,-29.601479,-30.516323,-32.904648,-36.651096,-38.28292,-37.821228,-40.202747,-40.110813,-41.854492,-41.593697,-42.32561,-43.126892,-46.092094,-46.28012,-49.455303,-49.581455,-52.100304,-50.677086,-51.876606,-52.602352,-55.46185,-55.955296,-58.063816,-59.949474,-63.14277,-64.747925,-66.52998,-62.449142,-61.722557
2464,True,-25.882942,-24.938375,-30.908663,-29.366386,-31.287012,-33.926308,-36.524082,-38.92736,-39.187958,-41.864243,-39.301647,-40.467278,-41.15173,-45.332367,-43.780373,-46.74688,-48.267155,-49.60418,-51.33328,-49.090805,-50.548267,-50.742233,-52.185204,-55.97103,-56.05777,-57.9044,-58.944435,-61.112522,-65.256004,-66.6047,-66.42907,-68.200745
2496,True,-22.374556,-25.514309,-26.077847,-29.815428,-37.350155,-37.238224,-38.17667,-39.8946,-35.90152,-37.293648,-41.693672,-40.683193,-39.677658,-42.555943,-44.15752,-45.649452,-45.294376,-48.273315,-48.373432,-50.52033,-52.651146,-51.81169,-54.339996,-55.2864,-55.810333,-58.693634,-60.203434,-61.30026,-64.65634,-68.440544,-69.7049,-69.891106
2528,True,-25.561552,-29.097176,-31.309679,-30.10426,-34.193096,-34.713875,-34.806435,-36.57917,-35.929054,-39.486706,-39.439575,-41.213104,-40.76332,-39.56866,-39.97173,-40.304928,-39.63401,-42.879883,-47.90544,-49.149117,-51.660614,-50.685062,-51.941208,-57.046276,-55.274384,-51.492638,-53.13326,-50.64354,-42.524002,-43.45408,-46.03361,-46.842163
2560,True,-29.20866,-30.36493,-29.352953,-31.73059,-28.511108,-25.191095,-30.472555,-29.3818,-31.31714,-34.747467,-37.144302,-35.547287,-37.25499,-37.718254,-37.73052,-34.18685,-30.400085,-34.041744,-42.008533,-43.581978,-42.325382,-44.511765,-44.202824,-48.500553,-45.162655,-39.64136,-36.58705,-36.674274,-30.49391,-32.33601,-35.14115,-34.56907
2592,True,-25.082794,-28.261402,-27.882383,-30.364449,-31.42995,-28.347527,-37.09872,-37.015873,-35.993397,-38.94063,-38.74446,-43.987293,-43.552544,-43.073925,-40.467106,-41.05492,-42.210445,-44.998398,-46.833504,-48.82541,-49.09874,-47.911648,-48.991173,-53.132095,-54.185158,-54.790474,-52.09696,-53.050655,-45.28191,-45.896027,-49.544533,-48.459644
2624,True,-24.61578,-30.391827,-29.116417,-29.758083,-34.193928,-31.558777,-40.599167,-35.489983,-34.775482,-39.048622,-39.928967,-41.952477,-43.703693,-44.240387,-44.58422,-43.625,-45.583744,-46.709625,-49.400208,-49.45923,-48.602318,-48.432938,-52.41036,-54.589844,-55.557747,-55.456,-54.85848,-56.15133,-50.362965,-51.280308,-56.339676,-56.695625
2656,True,-33.753925,-31.870163,-26.18644,-32.423397,-35.34386,-33.01803,-39.396595,-39.21694,-35.797256,-40.02689,-43.295475,-40.635635,-42.29836,-43.325363,-43.712494,-44.010715,-45.74298,-47.01067,-47.63324,-49.48152,-49.852486,-53.268738,-55.573708,-55.578148,-58.11068,-56.29117,-56.218994,-57.19983,-55.458584,-55.347027,-59.35068,-62.161144
2688,True,-26.346329,-28.539564,-29.15183,-30.994509,-33.5412,-36.513947,-40.164383,-37.976852,-37.976776,-36.608013,-41.778965,-41.256237,-41.52133,-45.312428,-41.41304,-45.8991,-49.79608,-46.196205,-49.359154,-51.718475,-50.169968,-52.109825,-53.337673,-56.752975,-59.06138,-56.800785,-59.856678,-62.519302,-57.798615,-59.002815,-63.476784,-65.115974
2720,True,-23.383017,-28.22755,-28.496384,-32.236767,-29.966135,-31.830091,-34.13481,-37.742077,-34.941093,-40.860218,-43.57308,-44.345623,-44.592728,-45.975414,-43.74994,-42.861084,-44.542713,-46.351013,-50.4692,-52.987667,-52.592445,-53.051132,-54.17566,-56.582966,-57.08595,-58.066654,-59.365387,-61.891533,-62.38298,-63.71512,-66.44805,-66.636505
2752,True,-24.758434,-28.94089,-28.555033,-25.299149,-33.670567,-33.113438,-40.420586,-39.682938,-36.593433,-37.65799,-40.449657,-38.845222,-42.429653,-44.25325,-44.537285,-44.66588,-47.148247,-50.821568,-51.516747,-52.503548,-52.560143,-53.000748,-55.72297,-57.065895,-56.58629,-57.638275,-59.77438,-60.83746,-63.671494,-66.31904,-68.4588,-69.738495
2784,True,-27.70707,-31.198606,-27.28963,-27.969387,-30.899199,-32.06958,-35.91095,-39.174,-32.75439,-35.346382,-39.88395,-41.40438,-40.967567,-46.388084,-42.013645,-44.295815,-48.21333,-47.20146,-47.063488,-51.88919,-52.155384,-49.262882,-53.382572,-56.343666,-57.914104,-60.291924,-59.601395,-62.062,-64.528336,-68.08844,-69.62709,-71.18598
2816,True,-25.632696,-29.750727,-28.122662,-35.109867,-34.40768,-31.137983,-39.785427,-38.528095,-36.67461,-44.994858,-45.375668,-46.50835,-44.16194,-43.336834,-40.847427,-43.12666,-44.9748,-45.91369,-51.137863,-51.63599,-50.708485,-51.124687,-53.802814,-55.254906,-59.08356,-59.82456,-59.557934,-60.511627,-63.856205,-67.37237,-68.95735,-70.66964
2848,True,-24.609138,-31.08076,-31.13428,-32.290768,-34.29601,-31.543962,-40.98285,-39.01824,-36.923996,-40.300224,-40.102177,-40.14081,-40.714478,-45.524765,-43.95259,-43.982502,-48.716206,-49.754692,-51.701126,-49.573322,-51.908016,-51.92701,-52.927505,-55.77561,-56.263992,-60.418472,-60.24948,-61.943645,-65.5244,-68.83248,-69.03527,-71.55051
2880,True,-20.746248,-29.039156,-31.67767,-33.939804,-31.46284,-33.490543,-37.600258,-38.743008,-38.445583,-40.992424,-40.260548,-41.481384,-43.960808,-43.115574,-42.862885,-45.60373,-47.628227,-48.108555,-49.425705,-53.25087,-50.970024,-49.82596,-53.197536,-54.970592,-56.852436,-61.361343,-59.992596,-61.161976,-65.327736,-68.8267,-69.33805,-71.210655
2912,True,-21.306494,-26.094585,-23.016016,-27.286156,-31.031075,-34.235588,-40.48254,-37.835476,-35.937824,-43.098507,-39.55577,-42.27297,-42.395042,-42.447693,-43.26552,-48.20314,-46.40837,-48.92613,-49.28484,-53.47056,-50.75342,-49.887867,-53.91739,-57.08458,-57.68184,-58.95778,-60.06136,-63.48078,-66.3144,-67.80252,-70.40551,-70.637344
2944,True,-21.204348,-28.090609,-32.816093,-33.30635,-34.37445,-32.929493,-36.688274,-41.091904,-35.65221,-36.545944,-39.370113,-41.236565,-43.576645,-42.29719,-41.772232,-44.552628,-48.357796,-46.694912,-45.978886,-50.44993,-52.52362,-51.82379,-53.69024,-58.720924,-56.346527,-57.851593,-60.2878,-62.36344,-66.5871,-68.61161,-70.39136,-70.880936
2976,True,-22.265146,-22.533852,-31.700476,-30.561188,-31.989689,-36.0614,-39.39406,-36.268402,-39.325977,-40.247078,-41.41113,-41.85607,-40.156178,-42.954105,-42.85505,-45.063286,-47.504616,-47.209087,-48.872124,-53.0369,-49.206966,-50.996353,-55.84697,-55.812973,-56.01258,-59.04103,-59.29651,-61.961952,-67.71669,-68.45438,-71.027985,-71.35939
3008,True,-25.29197,-23.123783,-28.57272,-32.437897,-34.754875,-33.04325,-39.781616,-38.141266,-37.657562,-38.250916,-42.820507,-43.336136,-39.55091,-44.957436,-42.322765,-44.252544,-46.090122,-48.75093,-47.983376,-50.861366,-51.360836,-51.072685,-55.11928,-55.78083,-57.67447,-60.54048,-60.11356,-61.635506,-65.06152,-67.571335,-68.47658,-69.161896
3040,True,-26.38674,-27.976868,-24.973394,-29.850111,-32.56426,-30.553991,-36.564537,-39.77981,-36.85844,-38.25982,-41.956615,-42.99017,-41.252335,-45.6699,-41.15147,-43.014698,-45.977104,-48.46653,-48.677605,-49.07985,-53.29926,-52.956585,-56.701084,-56.76738,-56.835,-58.06994,-60.677216,-62.74299,-64.85347,-67.36994,-70.28678,-70.064384
3072,True,-27.471256,-26.799677,-26.106514,-31.405842,-32.688175,-34.596546,-38.571808,-39.569515,-39.11442,-36.92151,-42.444862,-45.117245,-44.727474,-44.013195,-41.397438,-44.554688,-45.355793,-48.335587,-49.723488,-50.438957,-52.840534,-53.76278,-54.567703,-57.154156,-56.43052,-58.020897,-61.24529,-62.635063,-64.3504,-68.53234,-70.51882,-70.23874
3104,True,-26.717926,-28.04039,-27.102129,-33.56191,-34.133926,-31.922949,-34.717857,-37.428635,-40.707336,-41.213337,-44.633865,-45.87136,-45.594944,-45.153423,-42.69538,-42.18433,-45.45318,-47.470108,-48.767677,-49.23403,-50.686844,-52.73239,-53.926273,-56.004013,-59.543755,-57.73668,-54.885788,-53.947937,-53.61378,-52.804047,-53.541187,-53.882637
3136,True,-23.138039,-25.388912,-30.174137,-32.646168,-37.639576,-36.031307,-35.511154,-35.18234,-34.26836,-35.774517,-42.370724,-41.46563,-39.728436,-42.97279,-41.621437,-43.777485,-45.540012,-47.538815,-47.7013,-51.289562,-50.64013,-53.416702,-54.973305,-54.81222,-57.254913,-60.518097,-60.507652,-62.82537,-63.48824,-63.92726,-66.39987,-67.86017
3168,True,-23.272919,-24.964169,-27.004906,-28.241156,-33.070942,-33.075138,-39.624447,-38.914825,-37.110165,-40.034058,-36.43824,-39.52506,-43.07947,-41.314323,-40.598877,-43.123516,-46.458645,-47.781166,-49.076904,-49.543224,-52.217316,-53.341946,-54.92893,-56.309715,-56.529846,-59.534,-60.68272,-62.92744,-64.606735,-65.34979,-68.66559,-69.48711
3200,True,-25.144775,-27.324697,-30.75368,-33.131336,-31.599371,-34.233974,-35.551956,-40.610275,-40.994114,-41.08242,-44.78239,-39.62177,-45.371033,-44.48455,-41.854294,-43.166397,-48.137177,-49.047935,-50.745167,-51.147953,-51.187065,-51.68041,-54.111843,-58.574806,-57.115562,-56.515194,-60.54159,-61.62346,-64.463554,-65.78698,-68.8393,-67.55844
3232,True,-24.52011,-27.086172,-31.421053,-30.253605,-32.86222,-32.857815,-40.21528,-43.617783,-37.649467,-38.322144,-41.54112,-41.185688,-42.640434,-43.06982,-41.755905,-44.578484,-46.643997,-47.328434,-49.441334,-51.35427,-51.521538,-50.319042,-53.697113,-55.377037,-56.354755,-60.378246,-61.979187,-62.02192,-64.267235,-67.64964,-69.68545,-69.420235
3264,True,-22.899096,-28.54353,-28.47043,-32.588474,-35.197266,-33.50411,-38.393665,-41.45775,-35.37477,-39.381466,-39.727448,-41.061974,-41.145634,-42.756954,-40.201805,-43.734894,-44.83047,-45.86218,-51.31629,-51.412193,-49.490356,-50.914272,-54.961544,-56.138325,-55.67011,-58.355774,-62.24924,-63.400997,-64.85196,-66.50259,-70.30922,-69.93428
3296,True,-24.08333,-29.931028,-30.89731,-32.82023,-32.30063,-34.603664,-38.74267,-40.916786,-38.250484,-41.93197,-43.418938,-39.13866,-39.244133,-40.475975,-42.93035,-44.625565,-45.178673,-46.18097,-45.925774,-49.582573,-50.170723,-52.132454,-55.877262,-56.5011,-56.679337,-57.912235,-61.28575,-62.035378,-65.53876,-68.28826,-70.192505,-70.829704
3328,True,-27.859768,-27.303572,-29.679335,-32.868103,-33.05384,-37.108707,-37.127274,-38.88681,-37.22565,-40.680756,-46.30869,-42.58058,-41.90444,-43.63014,-43.31026,-43.382103,-46.4265,-47.004467,-48.768715,-52.81169,-50.55016,-50.51783,-54.251587,-58.029686,-56.796387,-57.98857,-60.194206,-61.67183,-66.14932,-68.31003,-69.68575,-69.83338
3360,True,-21.216911,-26.094503,-27.964447,-32.83015,-35.05556,-34.453747,-36.496758,-37.585037,-37.411404,-39.19022,-40.024094,-41.601757,-41.8384,-44.13537,-42.349506,-43.82719,-46.61113,-48.29958,-48.353027,-50.43324,-51.17392,-52.955673,-55.074657,-55.334568,-57.403645,-59.1445,-60.208534,-62.432518,-65.91936,-65.9659,-69.12831,-71.59957
3392,True,-23.607237,-27.718332,-30.082352,-32.557674,-33.767365,-32.12545,-38.199963,-38.75548,-41.151573,-41.75999,-40.48774,-38.02732,-37.800686,-44.90937,-40.47007,-44.500183,-46.683006,-48.813354,-48.069134,-51.233273,-50.966488,-50.577515,-55.587276,-54.90558,-56.12033,-57.1773,-60.970383,-60.781292,-64.92346,-67.349815,-69.233406,-70.938995
3424,True,-22.274242,-25.431568,-26.799557,-32.56558,-33.92216,-30.620222,-35.2473,-38.32528,-36.45085,-40.739944,-43.05479,-41.43288,-41.35028,-43.07798,-42.870865,-47.201675,-43.756233,-47.905163,-47.595505,-50.269035,-51.18602,-51.508133,-54.13622,-56.882626,-58.08685,-57.304134,-58.888172,-61.079926,-65.91308,-67.16386,-68.74742,-71.21616
3456,True,-21.652916,-24.614899,-26.81881,-28.450071,-34.666306,-29.458866,-34.7184,-39.51042,-34.189625,-40.598392,-40.390278,-36.53562,-39.358604,-43.624,-43.873497,-43.637894,-45.303936,-48.31951,-48.96372,-53.355522,-52.818108,-53.286854,-53.389797,-55.94368,-57.491222,-59.173058,-59.447357,-61.469948,-64.86434,-67.28251,-69.32985,-69.92394
3488,True,-22.139881,-26.872173,-26.271542,-27.887142,-33.95746,-32.540836,-36.04143,-38.422184,-38.114857,-40.79875,-42.30459,-40.002647,-39.20824,-41.891155,-42.867477,-44.908394,-48.66195,-49.00717,-48.77343,-52.46347,-53.39067,-53.93957,-51.715637,-55.052696,-58.053955,-59.98157,-60.875015,-60.97259,-66.12998,-67.602455,-69.22921,-70.83203
3520,True,-25.837482,-30.69397,-27.979733,-28.907116,-33.284416,-31.203957,-35.728416,-38.469997,-37.888092,-37.84924,-39.30365,-43.403168,-40.158936,-46.223106,-40.91271,-44.608788,-46.59248,-48.286137,-46.901733,-52.98774,-52.999054,-51.55034,-55.114494,-55.68373,-56.449783,-59.810287,-62.08013,-62.124382,-65.43875,-66.198204,-70.23263,-71.57821
3552,True,-27.992018,-29.01146,-27.464645,-31.660154,-32.767136,-30.13166,-36.342693,-40.576614,-37.07363,-39.144894,-39.67923,-42.59366,-43.777756,-43.108665,-40.647255,-42.687325,-44.793114,-49.739258,-49.39911,-50.919548,-53.48005,-51.871353,-53.919834,-54.517532,-57.711678,-60.19123,-57.763744,-60.95568,-67.71779,-68.705635,-69.76869,-71.106674
3584,True,-22.649654,-26.348965,-26.572752,-26.773958,-33.706978,-31.396626,-36.452988,-34.811394,-35.79872,-40.454758,-41.576683,-41.716465,-40.864265,-44.97928,-45.9926,-46.265736,-46.777195,-50.499763,-49.442448,-51.38441,-50.7464,-53.82471,-55.141926,-57.34438,-56.252945,-60.392258,-59.686733,-62.209324,-66.78884,-68.22991,-72.27769,-71.54563
3616,True,-22.52097,-27.704456,-27.56422,-28.400166,-33.712334,-32.576813,-38.62861,-39.457596,-37.82737,-41.918633,-39.755978,-42.838787,-42.22222,-44.228195,-39.100327,-43.0812,-47.097286,-47.28081,-50.0547,-51.968254,-51.09966,-52.410553,-54.910095,-55.802727,-58.17818,-60.35196,-58.910828,-60.278282,-63.53811,-64.45191,-67.8536,-68.44977
3648,True,-25.385838,-26.447624,-25.416939,-27.782558,-29.816149,-29.97913,-31.21304,-29.667912,-31.599476,-34.44061,-34.46321,-31.883125,-37.32595,-37.7249,-35.890663,-32.64584,-29.376724,-32.404892,-41.16391,-42.425518,-43.933594,-43.75093,-45.00699,-45.409607,-44.433495,-40.869453,-37.47216,-33.94486,-30.505367,-28.768986,-31.157154,-32.18424
3680,True,-26.21044,-26.320112,-31.939278,-30.745886,-29.29871,-29.265995,-33.62733,-34.683537,-33.776012,-40.125023,-41.05923,-40.021435,-40.532394,-43.419678,-39.956104,-43.719215,-40.507248,-42.527725,-46.13597,-50.15465,-49.1904,-47.84729,-50.790577,-53.891735,-54.34196,-52.09365,-48.468826,-47.80634,-44.331074,-45.409615,-47.078953,-47.6854
3712,True,-22.651016,-27.827099,-26.909145,-28.741096,-37.230186,-36.5366,-39.047245,-37.292427,-37.422775,-39.187195,-43.206413,-45.208786,-43.297157,-42.849495,-41.70427,-44.292107,-47.624706,-46.394264,-49.242325,-50.90599,-50.03151,-49.034935,-52.989254,-53.12065,-55.914875,-57.54328,-57.527336,-56.4021,-50.17507,-50.099075,-53.425728,-54.225746
3744,True,-22.393902,-23.71447,-28.628971,-31.559502,-35.31606,-32.027477,-38.6186,-39.778374,-39.55633,-38.103703,-38.53248,-37.554375,-43.860264,-43.631004,-43.3802,-43.762985,-46.3887,-48.055176,-47.37192,-51.05787,-51.08854,-52.7256,-53.99523,-54.332977,-55.97769,-57.706085,-58.341072,-59.140938,-55.342278,-56.36216,-60.334377,-60.923084
3776,True,-26.11647,-26.937874,-29.043142,-30.712576,-30.40965,-30.415367,-36.5299,-39.898193,-37.475353,-40.306095,-44.001575,-44.3714,-44.44933,-46.428436,-41.494987,-45.665413,-49.73001,-47.469654,-47.978687,-51.250187,-51.088722,-52.976906,-55.348587,-56.21218,-56.796455,-58.90554,-59.254646,-58.97261,-59.588486,-60.599457,-63.938545,-62.700417
3808,True,-23.722027,-28.809898,-28.342295,-29.971401,-33.799026,-32.019768,-40.219276,-41.24773,-41.08593,-40.711967,-43.16832,-43.103706,-39.91251,-43.47863,-44.784237,-44.48454,-44.747993,-46.970184,-50.858185,-51.205574,-51.629707,-49.91373,-52.333733,-56.51745,-57.0652,-57.324112,-59.702724,-60.96937,-62.162643,-62.97705,-66.678986,-66.15304
3840,True,-24.868162,-28.310202,-24.919876,-27.301754,-32.481716,-35.64956,-36.291283,-39.654938,-40.709976,-43.835205,-44.10873,-43.078766,-42.25214,-45.26371,-41.65837,-45.374786,-43.644253,-46.726795,-50.114464,-51.554344,-51.399292,-51.289963,-53.504204,-53.42942,-54.58458,-59.213356,-58.65181,-59.134464,-63.73034,-65.32189,-67.31765,-68.93846
3872,True,-28.886873,-27.813025,-29.530296,-29.32486,-31.291647,-34.127945,-34.867542,-40.594425,-38.19574,-42.43792,-42.420868,-39.165543,-37.778584,-44.218697,-44.18865,-45.192734,-45.61379,-46.242947,-46.558754,-51.534874,-50.439804,-53.92173,-56.30004,-55.50915,-56.356346,-59.28707,-59.579414,-61.458908,-63.57416,-64.82735,-68.912476,-70.14156
3904,True,-24.528913,-28.465689,-26.807625,-30.782988,-32.686188,-36.209797,-37.384876,-36.230907,-37.971275,-37.94285,-40.582214,-41.33407,-43.52081,-45.068554,-41.99573,-43.84682,-46.142277,-45.212765,-46.686893,-51.28675,-51.12182,-51.210365,-53.02317,-53.86936,-57.166832,-58.139664,-60.279472,-63.260036,-65.413795,-66.63905,-68.96707,-69.802826
3936,True,-24.255331,-27.034676,-25.541136,-30.543926,-33.4098,-31.996792,-36.124767,-38.26705,-40.96815,-39.27034,-41.720093,-39.16834,-41.9423,-43.33689,-42.136246,-42.350765,-44.419132,-47.9837,-49.91199,-52.15484,-52.35313,-53.734417,-53.78143,-56.326675,-57.00733,-57.965263,-59.50897,-61.242634,-64.84943,-66.758644,-68.829216,-70.557785
3968,True,-24.472214,-25.703075,-30.118366,-29.251274,-33.686264,-32.9001,-40.5345,-36.62126,-33.99236,-38.69031,-42.008457,-40.97017,-42.26654,-44.712173,-43.707943,-45.795135,-46.89589,-49.18763,-49.860477,-51.156273,-50.108395,-51.564163,-53.32716,-54.503323,-57.542763,-58.31536,-59.46039,-61.439194,-64.820854,-68.55117,-70.45264,-71.91779
4000,True,-27.827017,-29.441624,-31.741798,-31.021654,-32.005978,-30.626925,-35.3764,-36.8774,-34.41258,-40.373455,-43.02324,-42.792343,-43.051414,-43.60252,-41.14239,-46.436203,-51.097145,-50.786926,-50.980267,-50.651566,-51.219696,-50.052967,-54.004326,-55.08711,-57.50915,-59.64176,-61.530098,-61.211823,-65.372055,-68.78246,-68.788055,-71.740974
4032,True,-25.06578,-28.959791,-24.488794,-31.042774,-34.558533,-33.521378,-38.227726,-38.934166,-38.93208,-39.293606,-40.653133,-41.364967,-38.75881,-45.296192,-41.478497,-43.23067,-44.880047,-48.072052,-49.14396,-49.321426,-51.19389,-51.361813,-55.069496,-56.817024,-57.34256,-59.01186,-61.528214,-63.017193,-65.47094,-68.800674,-71.557144,-72.55723
4064,True,-24.822271,-29.023537,-28.945711,-30.79208,-29.924479,-31.918804,-35.01206,-38.585396,-39.562653,-40.0772,-40.58794,-41.566956,-40.799988,-45.02071,-43.31237,-46.148224,-46.54287,-49.18199,-47.757797,-49.951042,-51.26762,-50.103653,-54.460266,-59.09648,-59.096905,-57.586227,-59.70701,-61.94133,-64.605286,-68.767914,-70.36275,-72.12733
4096,True,-23.530245,-26.489532,-32.37521,-31.391205,-33.497803,-33.865948,-38.752342,-36.427246,-34.560177,-38.652557,-41.150204,-40.704556,-37.77795,-44.147728,-43.332565,-43.486954,-45.32217,-48.20263,-50.15384,-52.824265,-52.649506,-52.227524,-54.81056,-53.969746,-56.641144,-59.203266,-61.8091,-62.68867,-66.3862,-67.91546,-70.016235,-70.281456
4128,True,-27.050854,-30.195156,-26.9584,-30.37072,-32.68774,-31.349928,-37.02873,-40.44467,-37.793804,-39.918266,-39.843582,-40.293694,-43.078327,-45.520798,-42.092957,-44.2223,-45.1388,-49.42222,-50.283623,-50.701324,-50.918755,-52.672333,-52.96511,-53.84365,-57.878338,-57.99065,-59.67222,-62.875767,-64.73163,-67.544205,-70.05501,-71.02579
4160,True,-26.2837,-27.135199,-27.828066,-31.077917,-32.54458,-32.198135,-39.25964,-40.018097,-36.248848,-39.09887,-41.08996,-37.20589,-40.904045,-42.909042,-43.08269,-44.581966,-45.52974,-48.52414,-49.630363,-50.381546,-52.780174,-51.094707,-53.71065,-56.01175,-56.41367,-60.148617,-58.932873,-62.02668,-65.770096,-66.90609,-67.921745,-69.838745
4192,True,-25.982738,-29.16334,-30.743958,-34.769337,-33.374535,-31.14587,-37.66746,-39.927486,-38.142963,-43.598305,-41.314754,-40.809433,-42.00628,-42.51429,-44.37,-42.49119,-44.329834,-50.34851,-47.390312,-51.61818,-51.363342,-51.590267,-52.9322,-54.276714,-56.336437,-56.318317,-54.979446,-54.072987,-53.43407,-52.14112,-53.523983,-53.76493
4224,True,-27.630745,-27.794683,-28.0323,-28.961884,-34.416214,-33.139133,-36.784138,-38.804,-35.58507,-36.77688,-41.061928,-39.09755,-40.880985,-43.3948,-40.439228,-44.092613,-47.175507,-47.79518,-49.708145,-50.413902,-48.952717,-51.378826,-55.48472,-56.49586,-57.8366,-60.210835,-60.451996,-60.55449,-63.584995,-63.17802,-65.613045,-67.28987
4256,True,-24.157543,-30.254286,-27.836561,-31.84716,-29.208885,-30.892527,-39.348,-41.069283,-39.462543,-38.920334,-38.882233,-37.630783,-41.13981,-43.114143,-40.230072,-41.653595,-46.18743,-48.106808,-49.71379,-52.77244,-52.32508,-53.04869,-54.7022,-55.827652,-56.633953,-58.99479,-62.9114,-63.002872,-64.61707,-66.04503,-69.051735,-69.684555
4288,True,-22.786787,-24.873827,-28.219452,-29.518679,-31.16594,-31.315636,-37.292427,-39.942863,-37.51874,-41.5922,-38.614857,-38.636166,-40.479546,-42.251244,-42.14106,-46.456722,-45.13029,-44.750175,-47.890633,-49.658638,-50.69494,-52.252125,-53.85411,-56.42677,-58.02346,-60.380013,-60.492916,-61.160896,-65.28845,-67.54927,-69.1929,-71.695854
4320,True,-26.810503,-27.847088,-32.427414,-30.503754,-32.638447,-34.442238,-39.373592,-39.783726,-36.39908,-39.85881,-39.086784,-38.221252,-42.92041,-46.34883,-41.029083,-43.822716,-46.222195,-47.827095,-49.36829,-51.006554,-51.995735,-55.304375,-54.28489,-56.297043,-56.990284,-59.10358,-60.16522,-60.765575,-65.08339,-69.34913,-71.61534,-72.651535
4352,True,-22.93692,-25.812147,-29.963104,-31.156757,-33.1754,-35.17347,-41.064724,-43.105618,-36.929535,-45.708347,-42.138172,-41.581997,-42.243584,-42.003193,-42.7118,-45.558563,-47.970657,-49.103622,-50.43943,-52.14325,-53.820385,-52.385094,-53.678204,-54.93208,-56.352463,-60.37857,-62.531284,-61.970703,-66.095566,-69.01987,-69.79768,-72.69459
4384,True,-24.819065,-24.648758,-30.505505,-34.351162,-34.190556,-32.727272,-39.40697,-40.196682,-35.933502,-39.817245,-37.46443,-37.928104,-41.633156,-40.94831,-41.703907,-44.738754,-45.132793,-50.167458,-49.702614,-49.444633,-51.242104,-50.653976,-53.885254,-57.05704,-53.875294,-58.4395,-60.661926,-60.073772,-63.22666,-66.47253,-70.975235,-73.47978
4416,True,-26.119366,-30.820362,-25.90801,-29.339073,-31.782898,-31.553116,-38.996017,-36.873528,-37.56802,-39.505886,-44.334724,-41.5702,-41.702972,-43.398415,-42.24244,-44.368088,-46.62239,-44.752502,-49.265244,-52.793007,-50.90161,-49.881317,-53.12394,-56.00451,-56.632523,-57.81813,-59.144688,-61.44046,-65.46025,-65.767624,-69.451836,-72.3163
4448,True,-27.87134,-27.932713,-28.208582,-29.808365,-30.527695,-32.439476,-36.99639,-36.467922,-37.73076,-39.59971,-39.629833,-40.895008,-42.922016,-43.33334,-43.143135,-43.47214,-47.97763,-47.81221,-52.065617,-52.38463,-49.849693,-51.74307,-52.062782,-54.658676,-57.479267,-60.529076,-60.195736,-61.153595,-64.082405,-66.44633,-68.59195,-72.082184
4480,True,-27.518757,-28.795925,-29.871143,-33.62908,-35.500114,-31.90942,-37.79299,-37.29275,-35.735073,-36.158962,-39.65346,-37.950024,-43.89827,-45.029797,-41.73977,-43.494686,-44.731155,-46.330704,-49.50673,-49.97558,-50.299194,-51.586433,-51.74649,-53.375774,-55.56158,-58.62164,-60.690018,-60.978016,-64.65966,-66.53784,-68.69507,-71.44696
4512,True,-26.834675,-26.644196,-26.643208,-31.073896,-31.044685,-33.51625,-35.724422,-40.182907,-37.578644,-43.539345,-42.319344,-39.74344,-41.56022,-43.04303,-42.99402,-42.482857,-46.68589,-46.61438,-47.694946,-52.369728,-53.76323,-53.84108,-52.49302,-57.037792,-57.68457,-57.66306,-59.251747,-59.602173,-64.22476,-66.64163,-69.72001,-70.844894
4544,True,-24.016567,-26.809357,-28.981026,-30.66576,-37.984844,-34.862724,-37.424656,-35.708775,-35.556686,-41.131065,-41.378563,-43.915245,-40.241394,-42.768623,-45.765076,-47.098663,-48.08126,-50.894947,-50.066456,-49.31336,-50.96881,-51.369705,-52.955265,-56.885586,-56.45588,-56.65417,-58.342304,-62.35045,-64.01891,-67.153435,-71.233604,-71.97781
4576,True,-23.606506,-25.799168,-26.021517,-30.111105,-34.436974,-32.71804,-35.311142,-39.32678,-34.447674,-40.92877,-44.70747,-39.716526,-44.363705,-43.480526,-42.10444,-46.756283,-48.515137,-49.39215,-47.979317,-50.748234,-51.90789,-52.271965,-53.02946,-54.648266,-57.599648,-58.973587,-60.63349,-63.22525,-65.8855,-66.8794,-69.01928,-70.96757
4608,True,-25.836267,-27.543957,-32.354973,-32.62552,-34.1567,-33.20164,-34.842537,-35.913296,-37.63545,-37.172844,-42.14689,-40.913677,-44.4372,-43.033676,-39.735435,-43.466335,-45.563507,-48.14924,-47.87769,-48.943707,-49.954422,-51.912247,-53.453026,-54.986687,-55.752445,-57.437645,-60.52935,-62.216576,-67.178795,-68.9913,-69.93186,-70.64691
4640,True,-26.619534,-32.143433,-28.832684,-29.821003,-33.831093,-36.13936,-38.51191,-39.219986,-37.727055,-40.231285,-37.99396,-39.90497,-44.766174,-41.691776,-41.053318,-43.831867,-45.693,-45.899395,-53.51915,-52.107277,-50.389015,-52.36633,-53.426865,-54.28528,-58.615665,-59.592823,-60.31047,-60.765766,-64.93072,-67.22948,-69.84325,-72.137215
4672,True,-21.890707,-28.4812,-28.360523,-29.344398,-33.93535,-32.789623,-38.851395,-39.140923,-35.36357,-40.243305,-41.769096,-40.53495,-39.371574,-40.810646,-41.746502,-42.638702,-47.33364,-49.735558,-47.81647,-50.35936,-52.116413,-52.55683,-52.180084,-53.988808,-57.640156,-59.27416,-59.190277,-61.7266,-65.28702,-68.05724,-69.09563,-70.813774
4704,True,-21.987549,-26.967485,-30.384485,-33.517067,-31.82917,-32.9894,-40.077625,-39.607693,-39.983383,-42.123497,-43.503937,-40.971012,-40.144306,-42.1451,-41.596092,-45.19227,-46.88363,-51.294975,-51.210777,-50.114307,-49.457977,-49.893604,-51.62767,-53.061592,-55.904358,-57.921158,-60.5748,-62.713303,-66.092514,-68.1133,-70.19536,-70.8024
4736,True,-23.762726,-25.510475,-29.1133,-32.13069,-33.737625,-29.195827,-31.769838,-30.846518,-33.97142,-38.295113,-35.985035,-32.439976,-36.82352,-36.835537,-34.228653,-31.41371,-28.371641,-32.144367,-42.031143,-42.97218,-43.494186,-44.738342,-45.41344,-45.188946,-44.00721,-41.245613,-39.289593,-37.19475,-31.024677,-29.662397,-32.463326,-33.34128
4768,True,-23.367147,-28.668947,-26.492062,-33.041367,-33.65161,-28.580044,-34.35893,-36.85203,-36.886326,-42.170925,-41.692253,-37.742535,-44.33658,-42.638382,-43.303802,-43.35347,-38.21201,-41.409718,-45.8414,-48.945824,-47.807926,-48.75568,-51.354412,-52.270844,-52.803658,-50.936287,-50.330574,-49.54084,-43.79969,-43.16722,-46.043953,-45.532093
4800,True,-25.631521,-23.639046,-28.089622,-30.816467,-32.01593,-33.46397,-39.296173,-40.597668,-32.797752,-38.70047,-40.678905,-39.53171,-41.170998,-41.369537,-41.325485,-43.03779,-45.626076,-44.40251,-49.18459,-50.901123,-50.73974,-49.18519,-52.542564,-53.212326,-53.838104,-55.325798,-56.33936,-56.85719,-48.4629,-48.34477,-53.643867,-53.578033
4832,True,-29.504974,-27.726097,-24.790169,-30.661028,-35.878532,-35.400326,-36.830864,-37.200607,-39.076603,-42.846657,-40.931038,-41.378815,-42.12599,-43.861496,-43.133507,-46.781635,-46.61913,-47.821472,-48.916122,-48.481884,-49.709457,-50.294796,-55.741013,-54.415825,-55.407394,-56.532448,-58.46295,-59.553905,-55.709934,-54.40873,-59.21891,-60.4541
4864,True,-24.475033,-28.941343,-31.566172,-28.567383,-32.971703,-32.934547,-38.763252,-36.87078,-37.67815,-40.13143,-40.40443,-45.200134,-39.37669,-43.95452,-43.892082,-44.4277,-45.957394,-47.32754,-50.102623,-50.389286,-50.513878,-50.48719,-52.87805,-54.5879,-56.547745,-57.012234,-58.37146,-62.294125,-57.64578,-58.87184,-62.279495,-64.74811
4896,True,-24.267773,-28.477545,-28.54453,-29.338783,-33.407658,-31.33769,-35.819317,-36.52421,-36.494408,-40.4684,-43.42208,-39.90709,-39.63922,-41.912933,-42.804787,-46.609734,-49.274403,-51.0358,-51.579887,-51.439632,-52.7471,-52.653595,-52.4748,-54.968525,-56.92894,-60.056908,-59.403214,-60.706177,-62.082054,-62.801285,-66.04251,-67.91328
4928,True,-22.995537,-29.37468,-30.57854,-30.175945,-29.886127,-34.677856,-35.871323,-36.679417,-38.851475,-42.72835,-38.653,-41.97626,-39.557262,-41.180454,-41.390747,-45.001892,-46.224052,-47.411873,-50.90394,-50.005375,-53.811565,-52.421223,-53.948135,-55.123768,-55.26232,-58.27393,-59.423737,-60.4861,-62.002655,-63.614574,-65.9301,-68.38277
4960,True,-26.373394,-31.28875,-28.590973,-35.72837,-32.578926,-32.555843,-36.677513,-41.161377,-38.618675,-40.502415,-43.064114,-38.96071,-37.692028,-40.75556,-39.748016,-42.793503,-45.269516,-49.226807,-50.64194,-51.28399,-51.09527,-51.23723,-52.681366,-55.5265,-57.276974,-58.408287,-58.38219,-59.189472,-62.997204,-65.916016,-67.80673,-69.98615
4992,True,-24.292046,-23.83469,-30.552177,-33.13582,-35.515152,-34.184265,-36.30908,-35.27124,-39.331158,-39.541218,-37.04359,-38.70073,-41.47132,-36.87204,-40.962673,-42.954845,-45.872913,-46.39115,-49.78756,-51.18386,-51.446194,-49.316727,-53.997112,-52.807602,-56.062798,-58.42536,-61.661476,-61.479668,-65.31373,-66.91111,-68.950554,-70.79094
5024,True,-26.996994,-26.526123,-25.324211,-29.039524,-30.765999,-35.054943,-38.150654,-38.577263,-34.26147,-36.212074,-41.90212,-45.136772,-38.871246,-41.989655,-41.475792,-45.6778,-46.10298,-46.991886,-48.693817,-51.315697,-51.28367,-51.793293,-55.165653,-54.431194,-55.85456,-58.28579,-60.98063,-61.79707,-64.59905,-65.62946,-69.95769,-70.91994
5056,True,-28.587868,-27.812347,-26.80035,-29.391363,-30.668991,-31.229593,-37.8102,-40.759815,-38.52665,-42.0068,-42.50132,-41.25662,-38.27453,-39.437286,-42.32473,-42.342037,-45.1979,-45.273018,-47.99501,-50.02198,-49.799927,-52.263187,-53.226887,-54.87767,-57.803734,-58.252453,-60.051857,-61.64295,-66.40265,-67.67216,-70.996376,-72.376
5088,True,-22.476067,-29.170618,-26.831501,-27.946781,-31.552284,-33.84316,-38.284065,-36.518444,-36.847248,-41.242596,-39.90587,-40.932457,-39.54379,-42.891384,-39.568714,-42.039696,-44.22037,-44.6139,-49.4173,-50.730118,-50.644054,-52.77637,-52.516502,-56.54769,-58.40174,-60.192055,-60.390263,-62.655964,-65.13346,-67.3089,-70.12107,-71.702965
5120,True,-21.813751,-25.04351,-28.348341,-32.211136,-32.5335,-30.315533,-39.57393,-36.04101,-31.200827,-38.88511,-39.927086,-40.826927,-38.822304,-41.82759,-37.885128,-43.623535,-47.246204,-47.66491,-51.275787,-52.045364,-51.31998,-52.10861,-53.84928,-55.973694,-55.880245,-58.350586,-59.943977,-63.474686,-66.95022,-68.884186,-70.37923,-71.94121
5152,True,-24.854237,-30.913914,-29.829773,-31.014338,-33.750378,-33.5189,-35.563156,-39.59368,-40.712852,-42.638855,-42.769875,-41.66727,-43.148827,-44.01514,-44.87187,-47.55541,-44.306343,-46.8406,-48.920944,-51.88564,-52.194862,-51.493088,-55.752563,-54.77903,-56.114918,-58.77883,-59.845158,-61.60816,-64.74164,-67.74058,-70.48653,-72.65993
5184,True,-25.23093,-29.583092,-29.861792,-30.897333,-31.92895,-31.75888,-36.51332,-39.735355,-34.979317,-41.95701,-39.89139,-37.72788,-39.419712,-42.6033,-42.318077,-45.40267,-47.881073,-49.20849,-49.36583,-53.5393,-50.552288,-54.1604,-54.25328,-55.49519,-58.5906,-58.97918,-60.503845,-62.569523,-66.939026,-67.87461,-68.84547,-71.66918
5216,True,-25.833096,-26.955595,-24.529675,-31.968678,-33.148514,-37.71293,-39.665264,-39.020428,-35.761982,-36.203426,-37.845734,-41.009468,-40.104923,-43.59571,-44.428844,-46.4611,-47.787056,-48.122314,-48.124332,-51.318703,-52.481274,-54.201492,-53.934246,-56.6882,-58.482758,-58.85048,-60.075096,-62.722725,-65.53489,-67.454315,-70.79052,-70.68682
5248,True,-26.88574,-27.444073,-25.643806,-28.662302,-32.04428,-31.016111,-33.573105,-40.070366,-40.070797,-39.485012,-40.15135,-37.957424,-41.94919,-44.817413,-40.207863,-41.99913,-43.161777,-48.370342,-49.34536,-50.388836,-48.748127,-52.236122,-54.93311,-55.928074,-54.70405,-58.446014,-61.299828,-60.79557,-64.99662,-68.19196,-70.53403,-70.635895
5280,True,-26.750376,-27.64369,-25.376375,-29.34579,-33.80268,-33.1223,-36.31468,-35.569588,-35.07316,-36.013298,-40.259315,-40.067314,-42.73738,-42.964012,-41.717842,-41.17977,-46.49399,-48.59219,-48.885147,-51.445087,-51.563965,-50.669445,-55.165596,-55.263107,-54.94645,-56.657047,-54.295753,-54.03646,-53.91017,-52.386684,-53.893723,-55.804256
5312,True,-24.569166,-29.262451,-27.585892,-30.176964,-32.343704,-30.419533,-36.88415,-39.116512,-37.83215,-38.688843,-40.859875,-40.291367,-37.31034,-40.10126,-43.651535,-42.320843,-44.849697,-46.810917,-49.046143,-49.137238,-50.768314,-52.66562,-53.96949,-57.176014,-58.77771,-58.701202,-60.8244,-62.543564,-63.746956,-62.34295,-65.303154,-67.18413
5344,True,-25.044306,-27.142572,-30.258907,-29.937233,-33.058464,-30.162003,-35.798172,-39.332726,-37.018536,-38.877483,-41.361736,-44.58391,-44.146416,-44.302643,-43.317947,-43.42943,-44.87693,-48.2613,-48.73424,-50.571068,-51.810486,-52.744774,-54.93785,-57.424145,-57.39068,-59.31463,-61.46446,-63.29313,-64.95303,-66.49028,-69.19112,-69.829475
5376,True,-28.099966,-27.399345,-29.037674,-34.46364,-31.475811,-32.33706,-36.788544,-37.587814,-40.85852,-39.520084,-39.64342,-41.542557,-41.46756,-42.891575,-42.07746,-42.502632,-45.52652,-49.244682,-48.80486,-50.90007,-52.14,-52.89396,-54.054447,-55.410187,-57.33805,-58.195755,-59.875393,-60.52054,-65.269005,-68.08707,-69.94306,-72.52791
5408,True,-24.358892,-28.89719,-26.57761,-28.133366,-29.948387,-29.148628,-36.113155,-35.310684,-37.172134,-38.799026,-38.752655,-43.021618,-39.481853,-43.032104,-42.5327,-41.742104,-45.275978,-47.83302,-48.611713,-51.6058,-52.88195,-51.26171,-56.010742,-56.019257,-57.311134,-59.47702,-62.36798,-63.017727,-65.32538,-70.53185,-71.86789,-71.63982
5440,True,-22.084103,-26.735441,-26.6098,-33.051895,-33.511864,-30.591076,-38.243996,-38.06176,-36.70685,-42.214226,-42.13553,-40.385098,-39.86062,-42.014927,-42.004387,-44.936127,-44.59736,-47.346706,-49.480255,-50.303196,-51.787476,-52.810814,-54.147614,-56.739506,-57.196808,-58.585228,-59.384098,-63.580452,-64.05912,-66.92336,-69.39178,-71.88388
5472,True,-22.417585,-27.56032,-28.13201,-30.322117,-30.37038,-31.758606,-36.31211,-39.973263,-40.207973,-40.30897,-40.613968,-41.312523,-43.610157,-41.115105,-41.16044,-45.286858,-44.1889,-46.269035,-48.273464,-51.175514,-49.553345,-51.069984,-53.7706,-55.45355,-57.827087,-59.973522,-61.03176,-62.085426,-64.78492,-67.13348,-69.73688,-71.34139
5504,True,-24.140797,-25.3591,-28.997257,-31.867285,-34.95551,-33.590565,-38.266342,-38.709465,-35.89542,-38.9236,-42.05464,-40.418068,-40.81028,-42.150845,-45.131317,-43.945587,-46.536106,-46.070892,-50.035034,-49.750713,-52.516922,-51.53938,-53.666733,-54.061752,-56.582302,-58.71602,-60.222355,-62.951588,-64.84689,-68.90674,-71.26631,-71.2499
5536,True,-24.617556,-27.897812,-27.070866,-30.624634,-33.129204,-29.874485,-33.819942,-34.539734,-36.948467,-39.829964,-40.074768,-42.808987,-44.359512,-38.95,-40.784943,-44.1169,-46.70037,-47.47896,-49.684788,-52.679676,-51.64363,-49.56791,-53.48394,-55.11976,-56.015285,-59.92924,-61.462677,-62.00659,-64.63484,-67.77698,-70.0071,-72.047745
5568,True,-21.643715,-26.912363,-25.134745,-32.32917,-30.196302,-33.27819,-36.274513,-34.653717,-38.723125,-40.55,-44.444927,-43.891945,-44.982105,-43.073143,-41.29631,-44.022785,-47.080597,-46.41365,-48.939682,-52.077827,-50.290665,-51.759583,-53.735123,-55.828247,-56.94342,-58.625122,-59.748085,-61.938004,-64.69748,-66.76616,-69.4693,-72.366035
5600,True,-26.87026,-28.821285,-28.249672,-31.168983,-31.223974,-32.28175,-37.461315,-39.156944,-38.124763,-39.484737,-39.886276,-38.914314,-41.80633,-43.52588,-44.160927,-45.192238,-46.921574,-47.249535,-48.522606,-51.527092,-52.38407,-50.61873,-53.10874,-57.709488,-56.705215,-58.440697,-61.591396,-61.760048,-65.85461,-68.54991,-70.806786,-72.321754
5632,True,-26.97332,-25.925903,-25.119696,-29.680855,-32.189056,-32.181347,-37.391342,-36.295776,-36.571472,-41.497925,-41.65133,-40.390514,-42.112026,-44.687428,-43.247276,-45.760235,-45.467957,-46.94208,-50.737785,-50.026928,-49.824238,-51.85002,-53.11743,-56.210243,-58.041023,-56.525837,-59.057938,-60.9528,-65.357445,-66.80463,-69.81835,-70.79499
5664,True,-28.130516,-26.069672,-28.096106,-33.00381,-32.527424,-32.690895,-38.279617,-40.817738,-37.49222,-36.412033,-36.36288,-37.871178,-40.420605,-40.858112,-44.095222,-47.588993,-46.097176,-49.186485,-49.75892,-50.59352,-52.104076,-50.475464,-54.78287,-58.075275,-56.588737,-57.510063,-61.691776,-59.81958,-64.54452,-68.52925,-69.18486,-71.202095
5696,True,-25.545979,-28.620522,-27.319231,-32.514523,-34.1061,-31.196516,-40.160988,-34.68093,-32.772774,-37.633965,-41.338387,-40.053104,-38.758053,-35.92218,-42.87999,-45.78927,-47.47863,-48.429535,-50.383587,-52.115738,-51.72471,-50.551956,-53.38953,-54.92202,-55.75434,-56.83939,-58.803806,-61.498505,-64.32038,-67.885605,-70.40488,-71.636
5728,True,-24.64514,-26.629555,-22.580517,-27.643797,-34.423214,-34.98854,-39.862625,-40.14776,-36.671047,-41.841675,-41.376728,-40.243027,-40.98356,-42.181797,-45.51811,-46.56633,-43.185863,-46.13119,-49.648113,-49.8432,-50.534435,-50.611763,-53.791546,-54.991196,-56.70125,-58.311096,-60.53147,-60.79448,-65.18017,-67.23769,-68.20453,-71.34086
5760,True,-23.100803,-25.516422,-25.32325,-30.999256,-34.716652,-33.386234,-36.079426,-38.659073,-35.477036,-40.422592,-40.258858,-39.125717,-43.675327,-45.987858,-43.04972,-45.6063,-48.988323,-47.773155,-50.10388,-50.54786,-50.11605,-51.41048,-54.9024,-56.089714,-57.84346,-58.640003,-59.96879,-61.5718,-64.868706,-68.008224,-69.19473,-71.27132
5792,True,-22.243374,-27.864187,-27.68903,-30.940948,-32.562134,-33.29568,-37.442745,-38.118244,-35.383682,-38.44322,-40.945076,-41.408672,-42.6421,-42.406727,-39.81747,-43.472427,-45.13926,-48.1268,-47.502693,-48.548054,-51.5662,-53.73917,-53.25524,-54.780716,-58.49146,-60.123173,-60.588943,-60.003532,-64.59448,-68.479065,-68.95564,-69.73236
5824,True,-26.9986,-27.912884,-26.665443,-29.889917,-36.81906,-33.794403,-38.59362,-36.859962,-36.740005,-38.02593,-35.497063,-39.674923,-43.60968,-43.301453,-41.72959,-45.017242,-43.658455,-47.495464,-49.161156,-49.175114,-51.375183,-51.035034,-55.002975,-54.64691,-55.974747,-59.05876,-59.058872,-61.23404,-65.9851,-68.50526,-70.13371,-71.59247
5856,True,-23.892963,-28.692562,-27.26098,-32.255806,-34.291317,-32.693523,-37.56931,-34.705154,-37.841866,-38.23993,-38.35116,-40.153343,-43.36104,-43.07362,-41.320187,-46.97727,-47.921967,-47.63562,-48.70924,-50.77061,-50.93634,-51.87691,-53.59031,-55.18438,-57.036583,-57.398277,-59.54516,-61.349617,-65.85482,-68.14375,-69.97713,-72.00837
5888,True,-25.371445,-32.118942,-27.78357,-35.422894,-32.766155,-34.2556,-37.464134,-37.648357,-37.95659,-37.66552,-36.827778,-40.891724,-44.27182,-43.605247,-38.723503,-45.005722,-48.205013,-47.952457,-48.781456,-50.38497,-51.521908,-52.586952,-54.893745,-56.802208,-57.877956,-56.363884,-58.58551,-61.80531,-66.01828,-67.73271,-68.62449,-71.11456
5920,True,-22.98237,-25.413065,-28.274939,-30.046904,-29.868484,-28.530426,-35.144497,-39.457783,-39.42382,-40.760963,-38.61264,-40.947166,-43.918705,-43.205875,-41.645092,-44.062035,-45.32888,-46.12084,-48.45999,-50.06376,-51.374706,-52.442764,-52.5066,-56.8628,-58.25857,-56.64701,-59.414444,-63.45404,-64.84184,-67.9362,-68.418495,-70.10304
5952,True,-21.387894,-24.166012,-33.528305,-33.157852,-28.877796,-27.736177,-39.63328,-41.898846,-35.22535,-37.09568,-35.419518,-39.68369,-41.59975,-44.681694,-40.37691,-43.732483,-46.877663,-49.98449,-51.89783,-50.19293,-52.73313,-52.71097,-53.34977,-54.83574,-57.100403,-58.99692,-61.61865,-62.94682,-65.60201,-67.11359,-69.95934,-71.91971
5984,True,-22.346226,-24.78836,-30.02203,-32.557537,-33.17229,-32.268234,-35.735992,-35.639797,-33.54361,-38.909718,-40.15619,-39.858185,-44.042572,-43.200584,-42.41712,-45.5451,-45.68467,-47.681843,-48.168213,-52.152943,-51.83655,-51.209522,-53.227615,-55.210022,-55.014282,-57.676193,-58.52814,-61.75515,-65.41993,-67.82274,-70.27524,-69.65842
6016,True,-22.681355,-25.109062,-31.236448,-29.98912,-34.132816,-33.364883,-37.594067,-36.52478,-32.029686,-34.58322,-40.07593,-40.751816,-40.230694,-44.292904,-41.66452,-44.34769,-45.72959,-49.431396,-49.240643,-53.308342,-51.11779,-50.001152,-54.178345,-57.700916,-54.77558,-58.634865,-59.61334,-61.55363,-63.554863,-69.572105,-70.86131,-70.60842
6048,True,-27.164385,-25.609592,-28.62909,-33.725403,-35.81061,-33.525555,-37.71447,-36.665405,-38.361103,-45.8397,-44.24866,-36.75446,-41.141857,-42.310043,-40.69185,-43.031174,-45.172314,-48.284817,-49.145042,-50.37064,-52.624763,-52.359394,-54.488976,-55.956017,-57.388336,-57.81459,-59.466156,-61.643444,-64.49235,-68.23942,-69.69955,-70.49749
6080,True,-28.286257,-30.800892,-31.603601,-31.979227,-31.48325,-33.211243,-40.726746,-40.170822,-38.351192,-38.253204,-39.73527,-41.454334,-44.22731,-42.49435,-40.071392,-42.90444,-44.506447,-48.22988,-45.766624,-49.58601,-51.98645,-52.821537,-52.109863,-55.56524,-55.613655,-58.554806,-60.50322,-62.987244,-65.16899,-66.7743,-70.0869,-71.33594
6112,True,-29.528944,-29.609358,-29.24876,-28.861507,-31.967344,-31.29329,-38.570442,-38.811592,-37.21332,-38.581448,-40.894398,-38.443085,-41.907677,-44.952614,-41.57074,-44.11484,-43.749737,-46.50169,-47.76518,-50.29301,-51.674427,-52.783676,-55.28523,-56.890152,-58.77722,-58.340393,-59.177933,-62.274353,-65.690605,-66.929535,-69.78661,-71.45903
6144,True,-26.41484,-28.04736,-28.118212,-28.751549,-35.78322,-37.70805,-40.572094,-38.884857,-35.31817,-35.92184,-43.899998,-40.957626,-39.386204,-40.900047,-41.207497,-42.943874,-43.965458,-48.145367,-47.56357,-51.767597,-52.11461,-52.772003,-54.937202,-55.65859,-56.6883,-58.294636,-59.81133,-61.97597,-64.45891,-68.17953,-69.630554,-70.359665
6176,True,-23.656712,-25.04419,-30.043293,-33.90721,-30.21505,-30.819874,-35.51825,-38.20727,-40.37369,-40.560852,-37.87443,-39.054184,-43.300835,-45.620823,-42.595795,-44.222,-45.111984,-48.477394,-48.948246,-50.76938,-53.75839,-55.229362,-54.73413,-57.62541,-56.735283,-58.338066,-60.20132,-62.687473,-64.77798,-67.62985,-71.40528,-71.68288
6208,True,-23.456692,-26.734379,-24.05391,-28.092716,-33.753723,-34.733253,-37.0233,-38.235184,-36.19066,-37.724857,-38.96028,-38.52239,-39.87517,-44.744324,-45.273594,-46.906506,-47.296413,-45.77211,-47.509453,-50.658375,-55.101223,-51.258736,-53.848473,-55.71085,-56.543713,-58.648766,-61.131165,-62.80964,-64.77476,-67.78397,-68.52374,-69.99543
6240,True,-26.780388,-30.611607,-28.840183,-28.217733,-29.042376,-29.17019,-39.35161,-41.346626,-37.157238,-38.68344,-38.28794,-40.693935,-42.49405,-44.686375,-43.52796,-43.95594,-46.188072,-48.4882,-50.8823,-49.556618,-54.551662,-51.011276,-54.049217,-55.57556,-57.123013,-57.60601,-58.01053,-61.853508,-63.23231,-67.830864,-69.28008,-70.72104
6272,True,-22.10146,-27.61504,-26.503593,-27.323624,-35.271065,-33.59266,-37.429432,-37.166656,-36.986225,-39.009377,-38.37285,-41.841946,-44.057205,-45.683445,-41.683308,-41.984055,-43.86578,-47.686684,-48.55908,-51.073914,-49.0952,-53.655434,-56.36254,-54.00629,-55.002247,-57.20209,-60.193142,-62.566696,-65.11875,-68.45653,-69.27518,-71.48906
6304,True,-26.738766,-28.234875,-29.08691,-32.226994,-28.737717,-30.81248,-34.677406,-37.511295,-39.240746,-41.644836,-42.683723,-40.06205,-41.35035,-45.74845,-41.891838,-43.127594,-46.68667,-46.94756,-46.548058,-50.005478,-50.974113,-50.110394,-52.88006,-54.30857,-54.34942,-58.45923,-61.819138,-61.269264,-63.700314,-66.51384,-69.68608,-71.083435
6336,True,-23.030544,-27.638485,-27.161476,-32.5844,-33.0547,-35.15482,-37.680862,-39.18222,-36.19719,-37.01831,-40.825134,-39.874516,-40.1206,-44.26899,-40.405766,-46.12194,-47.017212,-46.08976,-46.46828,-47.99597,-48.31456,-51.61928,-53.345066,-54.294792,-56.220795,-59.372643,-60.707928,-61.16387,-66.001434,-67.555016,-68.66714,-69.68368
6368,True,-24.163115,-25.303131,-27.8389,-33.05939,-33.15278,-34.116447,-37.081684,-36.126842,-37.154446,-39.083126,-39.37658,-38.264282,-40.926636,-44.321712,-45.37967,-45.37447,-45.783737,-47.8881,-47.712666,-50.942158,-50.958252,-53.071423,-53.592842,-57.692215,-56.82301,-59.194595,-59.393715,-62.343483,-66.44965,-68.17596,-69.72017,-69.78787
6400,True,-21.49626,-27.111036,-30.746887,-32.31476,-29.74992,-28.060616,-36.528313,-38.497128,-35.392338,-36.61766,-39.69375,-36.665592,-38.685936,-42.368732,-44.218414,-43.32314,-45.925488,-46.96539,-50.799484,-50.433723,-51.011093,-52.410698,-54.7891,-54.372864,-58.00629,-57.569614,-59.067818,-60.34061,-64.01599,-67.81992,-69.07765,-70.45552
6432,True,-27.331617,-28.995132,-28.0998,-34.52051,-30.925264,-29.8967,-42.726616,-40.292915,-34.129402,-37.279312,-42.617805,-35.898987,-41.151943,-44.425148,-42.41348,-42.190437,-43.786728,-46.61319,-48.576424,-50.180035,-50.15366,-54.347008,-53.482685,-54.745453,-56.9418,-59.359673,-60.32886,-60.111164,-64.24158,-67.91094,-70.25241,-71.663284
6464,True,-22.795387,-27.862406,-27.314032,-32.016525,-34.216164,-34.030327,-36.403446,-36.225933,-40.66759,-40.294193,-36.390633,-37.23826,-42.25271,-44.594723,-42.768703,-43.637016,-44.068687,-45.931095,-48.209557,-51.394478,-49.438835,-48.98048,-53.212666,-55.29882,-55.897556,-58.248043,-58.282608,-59.45224,-63.92343,-67.645584,-69.18703,-71.088806
6496,True,-22.995914,-26.61391,-28.8307,-32.20569,-35.401924,-34.6664,-36.181442,-36.24928,-35.332554,-37.683487,-39.397182,-37.35955,-42.539677,-44.059826,-42.533222,-45.756683,-47.19103,-45.800358,-48.197685,-48.905014,-49.916954,-51.0849,-53.82114,-56.469273,-56.95622,-56.91133,-59.144363,-60.32451,-65.90209,-67.77176,-70.061195,-70.23904
6528,True,-20.757864,-29.685791,-29.3099,-27.500435,-31.937187,-31.036798,-39.818264,-37.323235,-36.60398,-45.233696,-41.47263,-40.568565,-40.29968,-41.43525,-41.241833,-46.42611,-47.678623,-44.099762,-48.340515,-49.625504,-50.124702,-50.31533,-54.056488,-56.928333,-58.428238,-59.74289,-61.11332,-61.497345,-64.18866,-67.827095,-70.80508,-70.7817
6560,True,-28.703392,-27.8005,-29.512684,-34.06447,-38.218647,-36.17087,-36.845116,-40.488873,-35.54228,-39.481853,-41.277412,-39.900578,-41.197964,-41.255104,-38.14248,-43.582184,-46.589508,-47.413704,-50.34059,-51.102406,-51.034397,-50.688595,-51.59034,-56.410393,-56.484356,-58.00187,-59.257835,-61.088104,-65.18869,-68.29797,-69.07382,-70.455864
6592,True,-25.9406,-23.135372,-27.318945,-28.409344,-34.11181,-32.191525,-40.42294,-39.882587,-39.11778,-41.359905,-41.43871,-39.754177,-42.36972,-43.260925,-38.57147,-42.914806,-44.50993,-45.976177,-48.217514,-52.107433,-53.556828,-51.918568,-53.012756,-56.415962,-55.90038,-58.60064,-60.275604,-62.361847,-66.718025,-67.78067,-69.97893,-70.694855
6624,True,-20.937454,-27.071213,-29.564762,-31.274187,-34.382282,-33.554085,-38.438038,-37.186405,-33.05127,-35.66485,-36.341217,-37.816032,-43.08204,-43.07834,-42.651325,-43.697914,-44.64386,-46.503357,-50.0261,-51.02514,-53.44614,-52.67097,-55.192204,-56.74337,-56.30436,-58.91647,-61.0847,-61.83558,-64.89229,-66.38816,-69.23244,-71.52956
6656,True,-25.27798,-31.053736,-27.692688,-28.109444,-31.03029,-35.060917,-37.142914,-35.91785,-39.677864,-41.47905,-40.673275,-38.972546,-41.016243,-45.163536,-43.323074,-43.686756,-46.241245,-47.14399,-51.07511,-53.405754,-49.49383,-49.418785,-54.236435,-57.06112,-58.790012,-59.577007,-58.857048,-61.27788,-66.73477,-68.26507,-70.52898,-70.78264
6688,True,-25.973587,-25.855137,-25.383049,-29.709036,-32.08566,-33.05279,-36.377922,-40.057106,-34.890285,-38.128677,-42.526367,-40.991653,-42.44249,-47.301098,-38.91384,-42.4163,-44.857845,-47.256767,-47.47194,-51.782715,-51.402172,-51.860214,-53.867477,-54.72605,-56.74234,-58.77501,-60.947052,-60.818916,-65.20125,-68.0345,-69.56502,-72.331764
6720,True,-21.674242,-29.444025,-28.47616,-33.60912,-30.882198,-35.331734,-36.035553,-38.103127,-36.052975,-41.070255,-40.192963,-38.755547,-42.032356,-44.603577,-40.5839,-44.4458,-47.141052,-44.43249,-48.836037,-50.122906,-51.430466,-53.19432,-55.659096,-55.970673,-58.004517,-59.270557,-60.559937,-61.168427,-66.47563,-67.866165,-69.371475,-70.74971
6752,True,-23.138645,-26.868685,-26.86181,-31.384548,-30.734352,-33.39027,-40.2237,-37.629906,-38.639313,-40.254005,-41.903015,-40.38552,-42.61315,-43.11897,-41.533657,-43.39252,-48.076096,-47.766552,-50.53278,-51.457047,-50.544952,-50.66442,-53.512985,-54.37655,-56.765408,-59.318737,-60.480824,-61.74012,-65.237976,-67.803444,-70.208824,-70.27953
6784,True,-21.006592,-22.35222,-25.858242,-26.441336,-32.988495,-31.363636,-33.827545,-36.38046,-35.140602,-37.92146,-39.63159,-43.074783,-42.357727,-40.57544,-42.450108,-43.91022,-44.522346,-47.4476,-50.51586,-50.71717,-50.20446,-50.980423,-53.54469,-56.302486,-57.168407,-59.12146,-60.60817,-61.46543,-64.25636,-66.433105,-68.73628,-70.30924
6816,True,-24.942627,-28.549297,-29.468805,-31.87865,-33.79253,-36.177917,-39.17456,-37.44487,-35.62073,-35.999943,-41.433643,-40.7582,-42.152313,-41.386166,-41.038395,-42.395443,-42.328278,-46.60877,-49.650845,-49.98181,-50.24906,-51.8673,-53.19265,-54.86712,-55.192154,-58.57414,-61.303032,-62.15262,-63.298878,-67.602646,-69.04963,-71.0875
6848,True,-23.485062,-31.710804,-29.02279,-31.817427,-35.9225,-31.35336,-34.025105,-36.228203,-35.288128,-35.034664,-39.672592,-37.578556,-43.439285,-45.04354,-39.70687,-44.341103,-44.75609,-49.20084,-47.914085,-49.94822,-52.77513,-53.20297,-54.125244,-56.16163,-56.758102,-59.556297,-59.582886,-60.536682,-64.3054,-67.08572,-68.73801,-70.74271
6880,True,-25.405632,-27.434824,-27.652351,-30.694296,-33.360962,-33.557938,-39.355892,-41.12039,-39.47631,-38.92174,-38.04916,-40.489967,-43.42038,-44.954613,-45.051266,-43.960415,-48.312904,-49.785137,-50.462738,-52.23989,-53.030586,-53.493042,-57.888687,-57.070484,-56.677063,-59.68203,-60.582336,-62.15244,-64.617966,-68.00671,-67.764534,-69.572334
6912,True,-24.267452,-27.995033,-27.90813,-30.626465,-33.677406,-36.4515,-37.244766,-38.381084,-39.118725,-43.57004,-38.81014,-40.83506,-39.89182,-41.172394,-42.2052,-44.745438,-45.693398,-47.074284,-49.224377,-49.732315,-52.50904,-52.712173,-54.54819,-55.018593,-56.749756,-59.65652,-60.3409,-61.93852,-65.18411,-67.119644,-69.04353,-71.397095
6944,True,-22.067097,-27.562061,-28.205757,-32.30931,-34.718582,-29.64864,-35.239956,-36.657722,-32.864956,-33.741116,-41.41926,-40.071217,-40.088104,-41.35008,-42.684437,-45.0465,-45.4722,-47.28983,-48.59978,-51.711674,-50.082737,-51.657043,-54.093353,-58.40773,-58.12706,-58.359245,-59.345665,-62.344288,-64.158455,-68.72855,-72.24472,-71.97986
6976,True,-26.232283,-23.38128,-28.018032,-32.393112,-32.200504,-34.01544,-35.006298,-38.010315,-38.838722,-37.275845,-37.908012,-39.231525,-42.54258,-40.412212,-43.513393,-45.270973,-44.28627,-45.67064,-44.841286,-48.546047,-48.847755,-50.9346,-53.923153,-56.413933,-57.52884,-59.030273,-60.950474,-62.085014,-64.91511,-68.630646,-68.394226,-69.03813
7008,True,-26.773386,-28.54567,-26.631756,-32.045464,-35.372242,-34.930126,-38.9199,-41.554188,-38.421482,-40.35879,-39.09566,-35.21935,-39.062866,-38.64332,-43.610977,-40.755737,-46.193787,-50.230392,-50.19024,-51.15226,-53.159405,-52.13962,-54.954395,-53.57321,-55.569107,-58.60321,-60.57206,-61.953606,-64.899124,-68.57129,-69.32145,-71.462
7040,True,-25.307941,-26.989391,-28.737719,-29.358454,-33.39178,-34.724937,-40.374138,-36.117996,-34.771667,-40.44006,-42.034805,-39.994236,-42.684456,-43.728447,-43.541634,-46.57307,-45.457565,-49.576927,-48.474735,-54.118164,-53.522568,-51.683014,-53.608276,-56.687283,-55.273533,-58.45959,-62.145195,-63.323296,-65.19806,-68.34013,-70.929726,-68.952896
7072,True,-23.658588,-27.441402,-31.346672,-32.147,-31.297146,-33.426743,-34.44816,-37.850918,-37.24829,-40.057377,-39.728962,-41.626648,-41.90992,-42.22409,-42.10314,-43.70114,-46.866207,-47.09178,-50.102116,-52.46327,-51.63799,-51.787796,-54.69955,-57.343937,-57.513412,-58.446907,-61.485134,-60.98289,-62.55271,-68.129776,-69.08478,-71.164635
7104,True,-22.714937,-28.836826,-31.618286,-34.005978,-30.868814,-32.123978,-38.426987,-40.143856,-40.738426,-39.90768,-39.04755,-39.838703,-41.042057,-41.885067,-42.8901,-42.973618,-43.472996,-47.63201,-45.84568,-50.541016,-51.38584,-52.42571,-55.23015,-56.226753,-56.362247,-57.44623,-61.348656,-62.626846,-63.998184,-67.57007,-69.884865,-71.70493
7136,True,-25.235128,-28.350807,-26.357307,-29.087608,-33.3278,-34.18523,-37.54998,-39.23802,-37.08169,-40.687767,-39.543156,-37.64994,-41.663937,-42.267452,-41.64379,-41.674038,-42.383266,-46.296516,-48.590073,-51.700397,-50.533745,-50.45874,-54.911407,-56.7404,-55.935722,-58.67975,-59.952892,-61.964306,-65.393456,-69.171715,-70.13117,-70.25644
7168,True,-22.29612,-30.37476,-28.280113,-29.397581,-31.109571,-30.739164,-33.738293,-36.84555,-36.706345,-37.594498,-37.038216,-45.3689,-42.009727,-42.44755,-42.88122,-45.801426,-48.081394,-48.80915,-49.983925,-51.598507,-51.490585,-52.900383,-54.323357,-55.792294,-57.196144,-57.97338,-58.05054,-61.23712,-66.075584,-67.866356,-69.53638,-71.6336
7200,True,-26.633701,-30.930275,-29.072618,-31.73563,-34.857147,-36.595703,-39.224277,-38.811592,-34.31602,-35.22908,-44.025604,-39.989082,-42.35857,-43.147808,-46.52063,-44.808117,-46.90218,-47.768917,-47.27013,-48.661175,-50.142574,-51.55951,-54.96197,-54.91355,-57.002647,-58.93804,-61.04488,-61.051105,-65.74401,-67.56773,-69.827126,-70.88176
7232,True,-22.263872,-29.472464,-30.248468,-32.65388,-36.052612,-33.486298,-37.125454,-34.47108,-34.54776,-39.2236,-43.004402,-45.439114,-44.229904,-40.309658,-41.08953,-43.46886,-45.466457,-45.53845,-49.141457,-47.776512,-50.304356,-51.40142,-55.513424,-54.519897,-58.20697,-59.011467,-60.70084,-63.45022,-65.08103,-66.86596,-68.641556,-70.107704
7264,True,-21.875505,-28.543777,-24.984413,-26.545458,-31.439684,-32.15831,-36.803383,-42.175278,-38.252235,-40.373383,-46.307343,-42.25473,-40.12034,-42.194168,-43.221592,-46.246193,-47.093597,-50.260998,-49.921608,-48.627583,-50.147392,-51.992874,-55.026688,-56.681656,-56.604076,-58.547626,-59.629383,-61.539707,-63.514977,-66.46739,-70.74031,-70.30723
7296,True,-23.939491,-27.570969,-29.189863,-29.70622,-33.285664,-35.111515,-40.601685,-43.791595,-37.959854,-37.47491,-40.341644,-40.926785,-35.947998,-41.997738,-42.034626,-43.92866,-47.261143,-47.148815,-48.12466,-48.321075,-50.20833,-51.364082,-53.813187,-54.08277,-56.68179,-58.10099,-58.938843,-61.94236,-64.75472,-66.547676,-69.927345,-72.24524
7328,True,-28.752243,-30.328093,-29.431862,-29.522598,-35.971863,-33.49323,-33.79806,-35.57412,-38.60135,-39.982475,-37.749573,-39.156307,-38.922752,-39.444622,-42.708237,-45.238884,-49.841133,-49.11116,-50.324627,-49.29274,-51.03707,-52.011932,-52.665783,-56.167713,-58.15756,-58.94081,-60.309616,-63.16238,-64.30731,-66.66348,-69.04201,-71.23465
7360,True,-27.224386,-25.563793,-28.726444,-32.316555,-32.85283,-36.84878,-36.36812,-40.22779,-40.268536,-39.76442,-38.898388,-42.62173,-40.759464,-40.728035,-44.047646,-46.409565,-46.42556,-47.80934,-47.719845,-51.15458,-50.097393,-50.443214,-54.529556,-55.36325,-57.01195,-59.630184,-61.4224,-63.41176,-65.14604,-68.23287,-70.2896,-71.897964
7392,True,-25.632065,-25.890884,-27.670044,-29.756207,-32.272408,-32.844673,-34.727367,-37.632744,-32.837128,-35.62555,-38.46029,-41.29604,-40.605698,-42.094234,-45.219685,-43.628696,-44.435593,-46.25276,-50.43698,-51.68711,-51.40351,-51.11397,-53.251972,-56.13585,-57.893223,-60.079727,-61.254097,-62.198586,-66.344,-67.33675,-70.142845,-71.1259
7424,True,-23.900492,-26.985409,-30.615732,-32.81111,-32.460255,-32.059883,-37.158714,-38.912025,-41.14914,-38.506668,-44.075615,-41.29866,-41.383057,-43.928375,-44.36451,-47.14594,-46.917645,-47.21499,-48.98283,-49.48292,-50.522633,-51.604305,-53.156822,-56.155247,-55.54464,-57.86609,-60.202217,-61.06289,-66.435234,-67.947266,-70.11318,-70.36737
7456,True,-25.842085,-27.353188,-28.200027,-31.720732,-34.135956,-35.87727,-34.30691,-33.810356,-34.76993,-35.750153,-40.310402,-41.085464,-39.829884,-44.003506,-41.587162,-43.626442,-44.418926,-49.94419,-49.109592,-50.065594,-51.077557,-52.949505,-57.164684,-58.24115,-58.8839,-59.539104,-60.435104,-62.391354,-65.322464,-68.33586,-70.21643,-71.250465
7488,True,-25.559021,-28.7114,-32.258247,-34.47821,-35.01645,-35.04434,-36.590034,-39.04239,-40.604736,-40.51525,-40.589275,-37.256016,-36.76537,-40.938446,-42.243484,-45.618057,-45.09787,-47.7212,-49.436874,-52.52929,-52.286297,-53.521973,-53.681736,-56.564346,-56.626926,-58.555378,-58.94085,-61.22422,-66.08665,-67.70735,-69.37983,-70.51016
7520,True,-26.413704,-33.160557,-34.9673,-30.177937,-33.047535,-32.206398,-39.54067,-36.7586,-35.84729,-41.79898,-47.4177,-41.90959,-38.93426,-42.123337,-44.199795,-46.92709,-45.277573,-48.020092,-48.296135,-52.23079,-52.243073,-51.757652,-52.52514,-54.784298,-56.856308,-59.072098,-60.63206,-61.307884,-64.747795,-67.86038,-69.5338,-70.22979
7552,True,-24.076578,-24.768972,-27.217327,-33.197723,-33.47137,-32.80466,-35.99504,-37.936028,-41.029587,-42.92824,-45.194107,-39.564583,-39.044785,-42.4852,-44.469643,-44.161934,-45.745415,-47.005806,-48.332916,-49.629635,-51.951485,-53.023468,-54.56205,-55.68528,-57.802734,-59.997868,-60.828064,-61.559452,-65.197685,-66.64414,-68.2853,-68.950485
7584,True,-22.060764,-27.759892,-31.009937,-35.506805,-31.871883,-30.694407,-38.00201,-36.66774,-36.913975,-41.298798,-41.147926,-44.221565,-41.432148,-42.39628,-44.452972,-45.24346,-46.19608,-46.101917,-47.359386,-51.11542,-52.70306,-50.755936,-53.58787,-56.57361,-55.254936,-58.098213,-60.165134,-61.003994,-64.745926,-68.57295,-69.30147,-71.52616
7616,True,-19.156801,-24.976097,-27.564598,-32.995148,-34.86683,-34.86365,-37.870186,-36.401764,-34.863743,-41.178585,-42.50006,-41.38956,-41.471653,-42.20068,-42.51009,-45.148827,-45.97101,-46.761948,-47.87832,-52.14409,-51.160652,-52.887215,-53.2737,-56.481472,-57.328075,-58.769165,-61.09548,-62.271202,-64.51545,-67.13353,-70.763115,-71.968765
7648,True,-22.704006,-27.200504,-29.78468,-34.2359,-35.222607,-33.55458,-38.674923,-37.97619,-35.649075,-38.01583,-43.294098,-40.64126,-41.46668,-42.423477,-41.97996,-42.92624,-46.340225,-45.786285,-47.61947,-47.963493,-51.472202,-53.173416,-54.738327,-54.50692,-55.28042,-58.698143,-59.818768,-61.08038,-65.11975,-67.4274,-69.976166,-69.85197
7680,True,-23.706005,-25.884834,-29.566357,-40.494038,-33.30674,-29.896528,-34.469612,-36.835724,-37.432476,-40.800728,-37.82621,-39.984943,-41.0442,-42.274445,-41.881485,-45.662216,-49.380943,-48.44751,-48.786156,-51.80507,-53.154663,-54.007107,-53.739212,-55.836998,-55.433334,-59.350643,-61.01509,-63.862766,-66.31401,-67.52347,-70.13327,-71.70619
7712,True,-24.444963,-28.341507,-30.263529,-31.625174,-33.82125,-32.719322,-38.41317,-38.178894,-40.028,-40.596863,-39.9226,-42.174816,-41.8951,-45.985916,-47.047615,-47.140965,-47.14174,-47.867455,-50.17668,-52.768677,-51.59829,-50.190422,-53.67535,-56.109177,-56.92676,-61.090145,-60.706333,-63.591934,-65.40734,-68.98915,-70.77049,-69.9482
7744,True,-25.189608,-29.89869,-28.820057,-32.181156,-38.63319,-33.071495,-34.75512,-38.18038,-38.747604,-40.13662,-41.46091,-41.25957,-41.159447,-44.60829,-42.914757,-44.349293,-46.856735,-44.149628,-51.0801,-51.44336,-51.244526,-52.146297,-55.572403,-56.145927,-55.35087,-58.551178,-61.61892,-61.76008,-64.30435,-67.370384,-69.42405,-71.924126
7776,True,-25.32367,-27.599155,-28.354183,-31.853718,-36.252636,-31.623432,-36.71718,-40.61667,-36.039764,-37.38867,-37.5283,-39.525818,-42.978508,-42.34809,-40.326046,-45.112045,-45.91373,-46.946907,-48.152496,-52.006264,-50.667496,-52.115944,-56.052696,-56.97855,-56.162125,-59.11708,-62.462433,-64.15799,-65.2532,-67.689224,-71.73979,-71.1664
7808,True,-26.764574,-25.595531,-26.63395,-29.684563,-35.578545,-31.8004,-38.309105,-41.029663,-37.427246,-42.05895,-42.417717,-40.33993,-39.881054,-43.391792,-42.96704,-45.84396,-46.82939,-49.494514,-47.733658,-50.052128,-51.732803,-50.198082,-52.26978,-55.3833,-55.446434,-57.737804,-61.529484,-62.400417,-65.16045,-66.585304,-69.632996,-71.23765
7840,True,-27.335634,-29.913418,-26.910416,-32.193016,-31.326042,-34.366356,-36.50557,-35.5342,-35.250374,-41.568047,-42.896305,-39.132935,-39.484516,-43.455906,-46.34918,-48.094673,-47.16459,-49.79406,-49.594215,-52.23858,-51.01759,-50.38659,-52.03932,-55.253162,-57.403366,-60.154526,-62.337746,-60.79201,-65.9493,-66.10267,-68.15321,-70.69478
7872,True,-27.725332,-28.484991,-30.230358,-31.112019,-31.129772,-35.000145,-37.535645,-36.956715,-39.11828,-37.976437,-41.61618,-41.695183,-39.258396,-45.667732,-45.902996,-46.494083,-44.807846,-45.607296,-48.02904,-52.281433,-51.095776,-51.690407,-55.459846,-56.535683,-56.390587,-59.722168,-60.66996,-62.567467,-65.66905,-68.00139,-67.99684,-69.68374
7904,True,-29.954842,-28.168175,-27.584522,-27.065546,-31.427345,-34.36808,-38.810482,-40.469986,-38.642014,-40.25998,-44.37165,-44.466476,-42.290806,-43.67485,-42.939674,-44.224342,-44.51136,-45.075474,-49.228893,-50.70948,-51.71592,-51.586113,-54.566513,-56.1508,-56.966,-58.820606,-61.29631,-63.80009,-66.703064,-66.14009,-69.046745,-70.69869
7936,True,-21.69492,-25.73001,-28.86229,-29.233814,-31.071833,-32.67846,-38.15451,-38.716858,-36.684986,-38.004032,-38.48341,-43.15536,-42.56121,-46.46269,-46.603363,-48.35718,-46.727757,-47.341366,-55.02307,-51.245426,-49.0251,-48.316116,-53.930336,-56.69728,-56.29895,-59.92411,-60.283695,-61.07771,-62.793156,-67.21327,-68.858444,-69.92894
7968,True,-21.372099,-28.371986,-33.63618,-34.031387,-35.806534,-36.48148,-35.724773,-37.927216,-35.334972,-41.015568,-42.9462,-42.25328,-41.759872,-41.087906,-43.359383,-43.684696,-46.09631,-47.17453,-48.598297,-48.709846,-53.119827,-51.497215,-51.23342,-53.77233,-54.496933,-58.255714,-59.494568,-61.681293,-65.85527,-67.73355,-69.9906,-69.926994
8000,True,-29.75566,-28.792137,-32.307983,-35.28737,-34.5818,-35.190926,-36.660725,-38.27194,-34.166,-38.48866,-40.823956,-40.77751,-41.45399,-42.153965,-42.599167,-45.313095,-48.78349,-47.04336,-48.214268,-49.797295,-50.913162,-51.68119,-52.636726,-55.29085,-57.109856,-58.83432,-58.45591,-61.956753,-66.68534,-68.00237,-70.04606,-70.322525
8032,True,-27.701607,-26.72126,-27.207525,-29.954376,-33.74636,-34.873867,-34.82634,-37.62738,-33.992855,-39.59682,-41.363075,-42.343384,-38.012585,-41.63864,-42.03485,-46.5912,-46.516136,-46.989285,-46.426674,-51.59436,-52.01001,-51.545338,-55.23446,-56.130318,-57.798416,-58.23057,-59.821365,-61.93455,-64.23927,-67.76969,-70.01021,-71.33935
8064,True,-22.20687,-26.608978,-31.450518,-36.168674,-33.527245,-32.670788,-37.74154,-35.994953,-37.27676,-44.093285,-41.857277,-42.326187,-42.48199,-44.404114,-43.27457,-44.718403,-44.88262,-46.744404,-47.98611,-52.52728,-50.190258,-51.546406,-53.664303,-55.930077,-56.270134,-57.350296,-59.494648,-63.39174,-65.41913,-69.30599,-70.04117,-71.144775
8096,True,-22.91967,-27.570421,-26.079731,-32.769215,-35.269913,-32.738148,-36.897884,-36.742905,-35.29117,-38.19271,-41.679207,-40.81668,-40.223316,-41.135174,-42.790123,-46.492786,-47.67488,-48.73701,-50.74436,-52.02308,-51.844784,-53.171227,-53.648476,-56.52445,-58.586243,-60.71836,-61.29043,-61.655685,-64.89788,-65.98451,-68.51666,-70.22978
8128,True,-27.51453,-27.114744,-27.104273,-31.064255,-30.804085,-36.49295,-38.61872,-39.45337,-36.98838,-40.46368,-43.4901,-42.936897,-43.595055,-44.6612,-42.56937,-44.34027,-46.088425,-48.30822,-49.73964,-51.326298,-50.231533,-53.35031,-55.23929,-58.2939,-56.7651,-58.665176,-58.3491,-62.027008,-64.824684,-67.047455,-69.64781,-71.48593
8160,True,-25.27755,-33.084183,-30.42725,-30.28285,-30.925257,-34.266273,-36.99041,-38.876118,-37.691666,-39.323826,-41.623455,-38.541534,-43.442806,-43.06824,-41.670326,-43.670013,-44.99577,-46.687744,-49.61514,-50.872807,-52.32786,-51.348618,-55.746742,-56.97599,-57.617794,-56.816216,-61.226692,-62.618176,-65.446945,-69.20451,-71.654884,-70.453674
8192,True,-26.58094,-33.968987,-32.73999,-34.595207,-32.17616,-31.28263,-36.309353,-38.779724,-34.038673,-38.013535,-40.931366,-41.246265,-39.265,-39.449715,-42.0237,-43.662487,-45.438263,-45.940495,-49.74646,-53.433434,-50.61566,-51.46607,-53.410435,-56.341904,-55.688995,-58.317764,-60.50557,-62.566566,-66.761246,-68.37447,-69.71606,-71.40525
8224,True,-24.970535,-30.905226,-28.012562,-30.427952,-33.72322,-33.05201,-36.234684,-35.95414,-36.67035,-36.974308,-39.724476,-39.539997,-42.54122,-45.352875,-43.31312,-42.447453,-44.90457,-47.02608,-48.500916,-53.159966,-50.96602,-51.257305,-53.499607,-57.369507,-58.396706,-57.748703,-59.073135,-62.97642,-64.912476,-67.15482,-70.958954,-70.83972
8256,True,-23.707426,-32.23758,-32.451546,-31.430426,-34.634766,-34.222816,-36.787804,-39.71058,-35.42582,-36.43191,-39.873566,-38.789093,-38.09974,-43.19818,-43.194427,-44.695305,-45.628376,-49.52421,-51.42826,-49.761127,-51.708305,-53.998886,-55.470448,-57.241936,-59.508366,-59.47812,-60.376503,-61.396526,-65.03879,-68.935295,-69.73144,-71.85826
8288,True,-22.55162,-25.353329,-29.749466,-35.711456,-36.60621,-34.05366,-36.800865,-39.43604,-34.96268,-42.439857,-43.272453,-40.278458,-43.518185,-46.7901,-42.34247,-43.927658,-47.596928,-49.057243,-49.369476,-50.596985,-49.255478,-51.27717,-54.15003,-54.625946,-56.475834,-57.797806,-59.883614,-63.221073,-65.53238,-67.33905,-70.187126,-70.34529
8320,True,-23.23886,-26.963123,-23.538479,-30.42339,-34.62423,-33.164623,-36.8024,-38.74791,-36.319756,-38.59155,-40.5143,-44.30927,-42.44979,-42.576252,-44.52542,-44.569084,-45.379986,-46.641197,-51.43879,-51.73069,-52.675625,-52.349014,-52.22078,-55.402687,-58.336796,-57.628242,-60.830536,-62.739796,-65.07871,-68.37221,-68.6159,-70.810684
8352,True,-26.617193,-25.674458,-27.632687,-31.339905,-34.300236,-34.23759,-38.62718,-35.168465,-37.346542,-41.429787,-41.65459,-43.95454,-39.507343,-43.285416,-44.859943,-43.891167,-44.902874,-47.946896,-51.0588,-51.714397,-53.293175,-48.774277,-53.60201,-57.42935,-56.413017,-57.20631,-59.939655,-60.079742,-64.27823,-68.31675,-70.501785,-71.3716
8384,True,-24.852703,-26.14047,-27.206118,-29.455082,-32.831642,-34.01084,-36.02826,-37.660324,-37.42421,-42.714634,-43.862083,-43.48707,-39.870228,-44.607014,-44.149696,-45.150356,-48.47336,-46.586334,-48.880024,-52.487877,-54.2265,-52.392506,-53.985443,-54.210197,-57.72361,-58.54309,-60.39749,-61.977154,-66.40685,-68.82171,-68.97474,-70.12741
8416,True,-23.590446,-23.62094,-30.387672,-32.468487,-37.185997,-33.96854,-41.708126,-36.242977,-40.76673,-40.818222,-38.29233,-37.878002,-40.217037,-41.741577,-43.339775,-46.274567,-48.467407,-46.51198,-51.23063,-53.79268,-51.779083,-52.695976,-55.465237,-56.99495,-58.511818,-60.56314,-62.553333,-62.76627,-66.962875,-68.411705,-69.16264,-70.62123
8448,True,-23.383194,-27.238008,-27.237667,-32.927467,-37.45089,-32.794613,-37.977818,-39.184776,-39.292343,-42.311462,-42.785736,-42.157143,-39.32779,-43.698048,-43.251907,-42.830925,-46.693237,-49.077797,-48.05155,-50.16626,-53.64142,-51.034874,-53.98345,-58.33577,-57.78823,-58.77995,-60.008286,-63.00025,-66.33104,-67.47703,-68.29135,-70.7626
8480,True,-24.165344,-26.507133,-25.950624,-32.304844,-36.98352,-36.012352,-37.575947,-40.002876,-37.79778,-41.04778,-38.305824,-38.399734,-40.708427,-42.856632,-41.277756,-42.650177,-47.43331,-46.548904,-47.44265,-50.24588,-49.206654,-50.077255,-54.028923,-55.45877,-58.025185,-60.924614,-60.753128,-61.367718,-65.78626,-67.681625,-68.12754,-71.44109
8512,True,-27.706259,-27.48353,-24.713612,-29.525393,-35.648834,-35.988014,-37.093475,-37.974335,-34.38405,-39.91214,-43.14338,-43.10521,-42.01521,-45.429974,-40.828636,-43.604073,-48.142162,-48.452957,-48.639164,-51.159767,-52.228767,-54.027054,-56.22204,-55.9942,-56.632843,-58.298286,-60.010338,-62.634792,-65.99221,-66.53293,-70.35242,-70.7383
8544,True,-29.250357,-28.81044,-28.108614,-32.362164,-38.60227,-32.388855,-36.563293,-35.744984,-37.122147,-37.701813,-42.768684,-40.548836,-39.51254,-43.12362,-45.505394,-46.334457,-48.925354,-50.079567,-51.139214,-52.393562,-51.63595,-51.648872,-57.54101,-55.16771,-57.548717,-59.236023,-59.975388,-63.13267,-64.880135,-66.61067,-69.97023,-69.955055
8576,True,-25.997746,-28.55305,-29.299307,-32.159878,-29.878275,-34.282227,-36.009727,-34.64188,-35.82373,-40.18566,-40.920925,-39.75758,-37.350296,-38.555798,-44.528107,-45.878468,-45.948242,-46.428368,-47.978558,-51.808514,-52.844864,-51.25147,-52.613926,-55.0505,-55.89094,-57.804985,-59.917,-62.414543,-66.08897,-67.50072,-68.75554,-70.225784
8608,True,-23.394753,-25.27332,-29.712906,-34.373096,-32.534214,-32.126034,-37.04821,-38.240295,-39.54049,-40.46128,-42.881012,-41.450752,-42.229126,-46.072308,-45.62037,-45.315968,-45.625835,-47.33238,-52.03247,-54.73833,-52.890057,-50.558388,-53.429638,-58.143776,-58.927353,-60.651226,-61.222748,-62.13553,-67.22831,-68.89449,-71.02647,-72.0543
8640,True,-25.077435,-26.94007,-28.942968,-34.177765,-31.336227,-31.68783,-40.653145,-39.769955,-36.46708,-36.979267,-39.92067,-44.28802,-40.392197,-43.109085,-42.959003,-44.995804,-48.727592,-47.648197,-48.673977,-50.247894,-50.070213,-51.41829,-54.285538,-56.422,-57.673195,-57.965694,-60.435253,-62.66089,-64.785446,-67.541534,-69.6062,-70.14852
8672,True,-26.215233,-31.295063,-24.862852,-28.826946,-31.882183,-34.6411,-38.028423,-37.19384,-35.771046,-41.80858,-41.570457,-42.087013,-43.53956,-44.756683,-42.92026,-46.015236,-46.64762,-48.726917,-49.575195,-50.09478,-51.07374,-51.587296,-53.911774,-55.277767,-56.37247,-62.20211,-62.060585,-63.40115,-66.65033,-67.86044,-70.32714,-70.55811
8704,True,-22.432814,-22.764704,-26.796822,-33.29384,-29.589941,-33.379646,-38.114883,-37.368546,-37.341736,-37.922306,-41.550392,-39.622078,-40.691345,-44.556847,-47.311367,-45.713737,-48.442062,-47.3597,-49.95861,-52.338432,-51.78303,-51.896233,-54.153305,-54.06776,-57.46786,-60.500954,-61.44326,-62.06741,-66.31262,-69.34903,-70.225655,-71.53375
8736,True,-24.765976,-28.007122,-26.26383,-31.323051,-38.65281,-39.9422,-39.388214,-43.57584,-41.67635,-41.384697,-44.06981,-40.225483,-41.087975,-42.5328,-42.018047,-45.13159,-47.23564,-46.2779,-49.785995,-50.9001,-52.395077,-51.138973,-52.904224,-55.180775,-55.294224,-59.848312,-62.269608,-62.70183,-66.17935,-69.11411,-69.981514,-70.57344
8768,True,-25.237717,-25.662573,-29.59799,-32.116108,-30.208702,-33.627705,-39.804634,-38.653515,-41.400047,-41.895023,-43.94237,-45.19719,-41.042934,-44.89609,-42.000294,-45.599255,-45.846855,-46.231266,-49.1578,-50.358044,-50.987297,-52.46861,-54.097786,-56.154747,-56.258865,-58.439518,-59.99546,-63.21371,-65.8637,-66.778244,-70.197365,-71.99062
8800,True,-23.034298,-27.160252,-30.419506,-33.83936,-36.541443,-33.45751,-38.15594,-39.877556,-35.11773,-38.852478,-41.815067,-43.350212,-40.61843,-41.5822,-44.646324,-46.0742,-47.662193,-48.15866,-49.39247,-51.69231,-52.678307,-53.08612,-54.284245,-55.877033,-55.971455,-59.298088,-62.05189,-62.228645,-65.9381,-68.19055,-70.18652,-72.41399
8832,True,-21.174183,-26.510096,-28.325682,-29.844112,-33.771854,-31.251064,-34.057487,-36.962982,-34.461174,-37.23844,-42.602516,-40.18212,-37.7892,-42.514244,-42.053947,-44.30654,-45.53224,-49.126465,-52.98179,-52.680504,-50.5864,-50.53238,-53.046364,-56.628662,-57.587776,-60.004154,-59.081512,-60.007027,-64.74736,-67.76804,-68.91818,-70.7147
8864,True,-24.573196,-28.693504,-31.80843,-34.099453,-35.71237,-35.208466,-38.05294,-39.240376,-38.117775,-38.113422,-43.34024,-45.034348,-39.020714,-42.524803,-44.58324,-43.521484,-46.824547,-49.33232,-50.85952,-51.1282,-50.499268,-50.707165,-54.4533,-58.023926,-57.117325,-59.26535,-61.483845,-61.8763,-65.27754,-67.432655,-70.1947,-70.30587
8896,True,-21.986921,-28.723103,-27.138092,-30.906332,-32.32531,-33.70135,-39.819687,-40.411076,-38.397034,-37.36417,-44.090694,-41.31149,-40.224377,-41.75962,-42.870598,-45.25894,-47.417015,-46.486973,-48.212196,-51.04851,-52.35355,-52.405018,-54.534374,-55.75657,-55.866463,-59.66239,-61.960907,-61.936115,-64.51662,-67.82791,-69.208496,-70.905235
8928,True,-22.42998,-26.54803,-27.050457,-32.192245,-33.714584,-37.21687,-39.033024,-40.461826,-38.596027,-38.4541,-43.81447,-46.706604,-43.82017,-42.991394,-41.36592,-42.359894,-46.67198,-46.79852,-47.74393,-51.22572,-49.6194,-50.80902,-54.244812,-58.6903,-57.473305,-58.730812,-59.690544,-61.60938,-64.83516,-68.345146,-70.84277,-71.024506
8960,True,-29.305817,-26.964846,-31.946775,-29.268394,-28.550146,-30.255817,-40.21634,-35.06947,-35.748886,-43.463013,-42.23148,-40.970665,-39.35869,-42.295326,-40.84767,-43.044678,-46.766586,-50.487408,-51.41362,-50.80923,-52.346626,-50.50659,-52.633114,-55.411644,-57.21083,-59.281883,-61.228546,-63.29401,-65.13958,-67.73333,-71.332306,-70.799644
8992,True,-27.241995,-26.240154,-30.079653,-31.51445,-30.154785,-35.459934,-36.66306,-37.979446,-33.089584,-37.11097,-40.771782,-41.25344,-42.543648,-42.931404,-42.34476,-45.447433,-45.056053,-45.183517,-50.092335,-52.629707,-53.422752,-53.30286,-53.565956,-55.445732,-56.92363,-58.050217,-59.118275,-61.522957,-62.847057,-67.38944,-68.91497,-70.240204
9024,True,-24.173014,-29.714434,-30.16861,-29.497316,-35.10615,-31.023735,-35.450546,-37.320164,-35.148205,-37.17311,-40.065186,-39.88633,-40.331535,-43.73536,-41.936348,-43.834045,-44.609505,-45.790558,-49.1604,-50.653286,-49.780266,-53.234184,-54.6451,-53.828197,-56.108833,-57.81711,-58.85087,-59.983788,-64.12448,-68.22448,-70.52101,-71.21236
9056,True,-23.879692,-24.704006,-28.12359,-30.325008,-29.99632,-33.475567,-38.981606,-37.14427,-32.226772,-34.28866,-40.639442,-39.451927,-42.070004,-40.776222,-43.755146,-44.138676,-46.208157,-46.93026,-49.065,-49.518314,-50.98969,-50.4389,-53.011032,-56.12909,-57.191334,-57.11777,-60.081524,-62.39379,-64.7438,-67.43615,-68.84213,-70.93268
9088,True,-28.500603,-24.782522,-29.01307,-31.911247,-33.92203,-33.195435,-39.12307,-39.803177,-37.37394,-43.595142,-43.3083,-44.431587,-41.476673,-42.966003,-44.080795,-43.718094,-46.526833,-48.681923,-48.464897,-50.20727,-52.896828,-51.29507,-53.13322,-54.85989,-54.682396,-58.144936,-60.58367,-60.288513,-65.52767,-65.8536,-68.28023,-71.199936
9120,True,-24.823944,-28.63918,-30.01183,-31.86941,-30.40842,-33.930317,-41.84453,-39.585365,-38.883812,-40.472492,-41.417393,-39.250843,-42.132515,-44.211308,-44.376698,-45.76378,-46.445786,-48.077034,-49.601273,-50.68809,-50.47997,-50.632713,-55.22795,-56.779076,-56.55488,-57.12081,-61.147644,-62.32061,-64.99938,-66.980736,-70.503654,-70.47828
9152,True,-23.627092,-24.760098,-26.967926,-32.198326,-34.12822,-34.30301,-38.45884,-39.71217,-37.743244,-41.708656,-42.93495,-42.699303,-42.892303,-41.65702,-43.14672,-45.775284,-47.967346,-46.756012,-51.53507,-48.928436,-49.770588,-50.38446,-52.12273,-56.816025,-57.707973,-58.96401,-62.646904,-61.90081,-65.95608,-67.149994,-68.95007,-70.00308
9184,True,-24.57633,-29.348486,-34.948154,-32.54206,-32.742916,-31.932224,-36.56852,-37.73359,-35.168037,-40.457455,-39.84202,-42.31863,-41.396385,-45.135174,-44.068573,-45.26276,-46.6219,-48.9207,-49.48856,-51.946083,-49.08533,-50.840958,-54.74241,-55.350918,-54.678303,-57.65314,-61.03862,-62.000004,-64.97074,-66.777084,-70.66411,-69.93195
9216,True,-21.113846,-29.67836,-24.6191,-29.721964,-33.261333,-32.83588,-36.362423,-39.686962,-34.998596,-34.11033,-36.084217,-42.695812,-39.853123,-41.165333,-40.701675,-44.60098,-47.11061,-48.944626,-48.35905,-50.68238,-50.46894,-51.517746,-53.986298,-55.560642,-56.372597,-58.667877,-60.677124,-62.539032,-65.93334,-68.59082,-69.289925,-71.85733
9248,True,-23.108406,-30.250265,-31.07087,-31.171001,-38.00962,-39.079403,-37.6261,-37.782616,-33.736168,-34.41455,-40.877083,-42.37567,-39.341877,-41.200287,-43.51821,-47.631336,-44.973763,-46.227013,-46.56914,-50.514313,-52.739674,-52.12893,-55.436356,-55.409657,-56.810383,-57.668808,-60.69259,-62.790154,-64.37871,-68.00505,-70.72396,-71.13549
9280,True,-27.396084,-26.521248,-28.305185,-30.551804,-32.72163,-37.438133,-37.142002,-39.46296,-37.429466,-39.611954,-39.140366,-44.316174,-39.91603,-40.60923,-42.475853,-46.632427,-45.724873,-47.870102,-48.138733,-50.053234,-51.027824,-51.098595,-53.438408,-55.636253,-56.39694,-58.84358,-61.494835,-63.478348,-64.393166,-67.47679,-71.60411,-70.85765
9312,True,-25.015347,-23.11617,-29.022348,-33.946785,-35.85026,-35.63814,-37.63572,-36.414608,-37.023586,-39.69622,-43.48533,-43.308563,-38.664314,-41.309162,-42.091515,-43.75383,-46.742268,-47.870808,-49.093132,-53.040916,-51.222782,-49.89967,-52.779747,-56.771107,-57.00293,-58.037815,-61.191063,-63.309097,-66.68763,-68.194496,-71.01473,-70.806435
9344,True,-25.64894,-25.680399,-25.297297,-32.11051,-34.67726,-31.32509,-37.5843,-42.69361,-39.94041,-39.83513,-42.03138,-42.054577,-40.393143,-40.234875,-42.34317,-45.24609,-47.805588,-47.735435,-49.836395,-51.932472,-54.449623,-55.063858,-52.667366,-55.288162,-56.951508,-58.88581,-59.767643,-61.781178,-66.48029,-68.30188,-69.7449,-71.26416
9376,True,-27.584541,-29.955332,-29.581738,-35.1102,-35.2223,-39.095955,-39.65503,-44.462814,-38.84249,-38.294598,-39.721054,-40.168304,-41.306572,-42.744026,-41.21973,-43.182835,-45.540676,-46.564377,-47.612057,-51.217003,-52.949226,-50.6414,-55.21022,-55.968178,-57.673496,-60.576393,-62.418667,-62.832607,-65.092415,-67.49191,-70.78015,-71.70106
9408,True,-26.614857,-32.52007,-28.39445,-31.919748,-31.295334,-32.8332,-37.31342,-40.30495,-36.46453,-40.912766,-43.494247,-39.848022,-38.672657,-41.691364,-43.364525,-46.25316,-47.61833,-46.8972,-47.800064,-49.99867,-51.70534,-49.716972,-54.301685,-56.540432,-57.54324,-60.948124,-62.28389,-63.44254,-64.45592,-67.70419,-70.13379,-72.26994
9440,True,-23.936985,-27.317924,-27.742178,-30.688162,-33.171337,-35.324425,-38.060684,-38.78427,-37.903877,-39.24825,-41.57871,-37.804455,-38.699623,-41.497074,-42.79757,-47.479225,-45.323387,-46.413467,-49.38003,-50.678688,-52.282448,-51.886425,-53.688107,-58.059296,-57.732586,-59.18335,-62.735195,-62.933163,-66.06613,-68.670166,-70.54134,-71.582726
9472,True,-18.268425,-31.035286,-26.25818,-28.964,-33.893303,-36.136494,-37.187393,-39.76747,-35.70036,-39.198517,-44.147873,-38.539642,-40.177505,-40.184113,-42.63244,-46.230347,-46.721855,-47.035362,-50.68821,-52.296463,-51.956707,-53.85346,-54.077538,-55.862877,-55.838333,-57.1106,-62.125076,-62.269432,-65.07008,-66.69509,-69.12237,-71.27929
9504,True,-24.08876,-25.562038,-27.124325,-32.78216,-32.24027,-29.996893,-37.943516,-39.075962,-34.79437,-40.122852,-39.264236,-39.995277,-39.99473,-44.19805,-46.78021,-45.183315,-45.542637,-44.525818,-49.6855,-50.9609,-50.86874,-51.900047,-51.652924,-55.438515,-57.975903,-59.82602,-60.18921,-61.957275,-63.22514,-68.35927,-69.97822,-71.365654
9536,True,-28.548605,-26.828897,-28.703018,-33.227314,-35.34004,-38.588,-39.272858,-40.40075,-37.526615,-40.75347,-37.648804,-39.132114,-41.17344,-42.53054,-41.408848,-45.70105,-47.619118,-48.781887,-47.52396,-50.6978,-51.576027,-51.951027,-54.89193,-54.112373,-55.051056,-58.383545,-60.750065,-62.21792,-65.788734,-67.54424,-70.39737,-71.71811
9568,True,-24.944347,-26.996727,-27.316872,-33.728245,-35.3416,-33.780014,-37.706177,-39.36998,-35.017403,-39.324623,-43.68046,-38.350613,-40.355217,-45.22187,-42.03728,-47.00538,-46.265377,-48.66075,-49.04903,-53.35784,-52.97833,-54.803596,-54.567642,-55.25478,-57.33581,-58.724953,-60.89599,-61.971184,-65.27988,-66.69779,-68.803566,-71.83363
9600,True,-25.764458,-25.257622,-23.488548,-28.06716,-37.20284,-37.321842,-40.78127,-40.93062,-39.110546,-38.735523,-41.4937,-40.62358,-40.85159,-46.60501,-40.498695,-43.03329,-49.340927,-49.35726,-48.66531,-50.851105,-53.21212,-53.57603,-53.108353,-56.596146,-60.297974,-59.714504,-60.67348,-62.417183,-66.6673,-67.977066,-69.72861,-72.35013
9632,True,-22.4819,-27.247755,-27.051222,-32.35129,-37.38903,-37.1112,-36.326088,-38.84235,-38.177116,-42.222145,-42.531303,-43.87098,-44.84321,-44.059784,-45.40248,-47.143517,-48.22721,-48.286385,-50.750114,-50.955177,-52.389328,-52.198368,-53.184143,-55.933304,-56.48125,-59.715153,-62.09225,-61.990105,-65.0636,-68.87323,-70.296455,-71.15081
9664,True,-24.531233,-31.780151,-28.103352,-32.855476,-33.2591,-35.080357,-37.03358,-37.750862,-35.44272,-37.285496,-41.920143,-40.60444,-41.250076,-40.451317,-45.020195,-45.030457,-47.277954,-48.692707,-48.623436,-50.072655,-52.10414,-53.261677,-53.14554,-56.277588,-56.804817,-58.78164,-60.571793,-62.262287,-64.58716,-67.76517,-69.73647,-72.143906
9696,True,-22.348297,-27.773357,-27.539177,-32.31669,-34.262154,-36.047092,-40.643425,-35.487495,-32.578724,-39.45275,-45.49496,-41.44596,-41.104095,-43.144985,-42.18873,-43.267532,-44.27154,-46.263626,-47.547615,-52.51392,-50.706726,-52.172855,-54.088326,-56.52603,-57.361866,-57.65239,-59.584442,-60.10136,-64.13225,-66.53842,-70.66557,-71.37098
9728,True,-28.846073,-27.480309,-24.79994,-27.05833,-30.120625,-32.328156,-36.14241,-38.73874,-37.267075,-39.260387,-42.378445,-42.12383,-40.453392,-42.687157,-42.753925,-46.866333,-43.326958,-47.61208,-51.80382,-52.849716,-51.7872,-52.641205,-52.56566,-55.35467,-56.904205,-58.17546,-59.67245,-61.78871,-65.318344,-68.307846,-70.15397,-71.95805
9760,True,-27.962978,-28.876009,-28.468979,-28.5825,-33.26279,-32.047935,-37.30292,-40.68462,-38.1245,-39.962765,-37.912746,-41.082657,-40.673603,-44.490017,-41.755978,-46.329407,-46.130566,-46.345043,-47.89749,-50.376663,-53.574684,-51.406563,-53.526043,-55.50348,-57.576492,-60.044685,-60.261543,-62.37097,-66.260666,-68.86572,-70.20085,-70.36783
9792,True,-21.168413,-27.037457,-27.431255,-33.028076,-30.146465,-31.453972,-37.523735,-39.02509,-35.542915,-40.898033,-41.00603,-42.97986,-38.725002,-44.14003,-47.74141,-48.896446,-49.359707,-46.746964,-47.62369,-51.88263,-50.572464,-51.353477,-55.46331,-55.73664,-57.43457,-58.598484,-60.324627,-62.066017,-63.805523,-67.87708,-70.820145,-70.439514
9824,True,-23.349314,-27.931477,-27.98167,-31.92708,-35.25151,-40.766884,-38.55323,-40.720848,-35.729744,-37.9645,-38.86605,-42.00393,-41.595108,-42.459087,-47.41495,-44.074436,-43.818497,-47.15824,-49.556664,-52.304535,-50.742737,-51.603428,-52.419235,-56.44251,-57.49136,-58.235542,-60.44081,-63.514942,-65.023506,-69.15974,-69.54154,-70.24078
9856,True,-22.99571,-24.953344,-30.187057,-29.388268,-29.316969,-35.045906,-41.885296,-43.044426,-38.665997,-35.870316,-40.26882,-40.344868,-38.82279,-42.83512,-41.77281,-43.46352,-47.24675,-47.812378,-48.03226,-51.824463,-52.222748,-49.827377,-51.72188,-56.52885,-57.20573,-57.71601,-60.981293,-62.04926,-66.591156,-70.097565,-68.750626,-72.54685
9888,True,-22.10442,-27.584904,-29.627989,-31.527397,-34.235985,-33.04618,-37.700085,-38.423717,-37.597076,-37.31759,-44.06195,-46.16737,-40.703575,-43.984303,-42.311295,-43.80631,-45.090477,-47.81567,-50.211414,-49.60127,-51.766644,-52.596687,-55.46924,-57.190475,-55.88077,-57.95224,-59.35,-61.923264,-64.6877,-67.391785,-71.887535,-71.25678
9920,True,-27.733566,-29.67498,-29.04272,-31.947422,-33.4216,-34.75678,-33.49531,-39.496864,-38.189426,-37.556816,-39.369164,-43.402405,-41.546192,-48.349426,-42.74178,-44.668774,-46.244766,-46.444008,-49.510708,-50.349197,-52.096294,-51.366302,-54.047073,-57.56229,-58.121323,-58.581932,-58.653885,-61.162445,-65.259094,-68.39715,-70.03027,-70.577255
9952,True,-21.968697,-27.662754,-26.9795,-30.48255,-32.555573,-37.29762,-40.60927,-40.122295,-36.175415,-35.837017,-40.31193,-42.992016,-43.691593,-43.237854,-43.149837,-42.52974,-45.412033,-47.629463,-48.13126,-52.08539,-53.4299,-52.66934,-57.066086,-56.415222,-55.21511,-58.266968,-60.353085,-62.05961,-64.33544,-68.61566,-70.99663,-72.271706
9984,True,-20.979958,-24.734259,-29.19554,-30.377314,-36.128494,-36.524864,-39.66068,-39.361046,-40.714973,-42.21376,-39.43996,-44.524307,-41.779057,-42.634148,-45.05373,-48.992912,-49.508114,-47.064156,-48.484077,-52.56141,-52.58791,-53.11703,-53.909267,-56.38732,-55.626892,-56.78737,-61.917385,-64.437874,-66.82989,-67.338776,-69.03615,-70.11821
