timestamp,faulty,band_0,band_1,band_2,band_3,band_4,band_5,band_6,band_7,band_8,band_9,band_10,band_11,band_12,band_13,band_14,band_15,band_16,band_17,band_18,band_19,band_20,band_21,band_22,band_23,band_24,band_25,band_26,band_27,band_28,band_29,band_30,band_31
0,False,-31.910988,-30.093815,-26.559427,-29.380241,-35.2254,-37.739777,-40.256504,-43.566555,-42.606083,-43.273323,-40.95207,-43.77105,-46.194077,-44.389225,-51.23766,-48.81768,-52.110424,-50.436134,-49.676342,-51.34854,-56.37111,-57.61596,-58.15952,-58.39511,-58.258324,-58.712128,-60.83824,-63.00389,-65.59421,-66.61004,-69.62552,-71.58029
32,False,-24.62515,-26.622185,-31.114805,-33.71489,-35.18188,-32.213943,-36.511623,-38.24614,-38.94759,-39.41474,-43.584076,-43.29218,-41.570694,-42.38437,-41.493683,-43.455612,-44.59191,-46.46442,-47.18456,-51.183514,-52.193077,-51.306892,-52.96854,-57.29076,-56.237484,-56.87511,-58.06044,-58.803467,-63.635746,-66.46812,-67.908295,-69.859024
64,False,-23.89802,-24.221346,-25.468395,-28.418112,-31.139593,-33.896416,-42.329185,-38.944565,-38.308266,-38.377632,-41.62504,-42.766273,-43.639397,-42.053825,-43.25539,-45.281975,-47.739815,-46.259533,-49.419724,-48.957863,-50.943012,-53.784214,-55.134983,-59.35843,-57.76825,-58.45208,-59.736294,-61.874317,-62.96797,-66.11902,-69.37689,-70.45791
96,False,-22.049229,-28.343412,-26.726513,-31.417011,-33.93152,-30.1563,-37.25081,-38.90816,-38.796616,-40.121254,-40.08663,-43.62287,-43.55738,-42.331806,-44.106514,-45.870735,-47.173546,-45.781876,-46.17005,-49.50527,-49.920788,-50.662247,-54.96428,-57.305317,-56.3795,-57.025166,-59.508118,-60.18592,-64.06016,-65.76622,-68.90773,-71.00141
128,False,-22.553635,-28.345774,-26.709076,-28.124817,-30.342533,-32.001453,-33.97571,-32.33268,-33.570854,-37.365395,-36.41066,-32.287308,-31.794483,-35.14738,-34.99392,-34.250027,-38.228218,-41.120193,-45.024914,-49.42881,-47.99453,-48.81321,-48.73288,-50.830544,-53.543633,-56.302673,-56.774673,-58.754265,-57.65934,-59.769672,-61.840088,-65.359474
160,False,-24.469704,-26.256874,-28.662195,-27.812445,-30.25342,-32.853172,-32.918327,-24.532232,-28.391357,-32.62524,-28.709738,-29.149427,-27.685537,-30.04121,-32.435005,-29.815006,-35.704113,-38.44366,-38.64364,-42.717606,-41.184277,-41.50459,-43.630672,-47.301296,-50.298237,-51.824837,-53.27091,-54.994564,-51.90519,-55.22844,-58.121666,-61.324383
192,False,-24.91955,-25.090816,-29.531609,-31.342516,-34.47499,-31.14431,-33.33877,-30.923752,-34.219242,-37.89415,-40.179214,-36.70261,-36.68704,-37.067596,-41.005203,-42.433475,-44.76069,-45.451336,-45.2797,-48.711643,-51.39626,-49.67293,-51.22487,-51.895996,-52.5003,-55.090294,-56.83632,-58.180218,-61.62124,-64.58983,-65.7054,-67.71869
224,False,-26.134512,-32.328114,-25.056824,-28.61969,-31.47231,-32.117992,-34.200714,-35.29786,-34.88006,-40.13235,-41.03367,-39.13105,-41.405865,-40.182175,-42.595028,-43.052372,-47.250362,-46.442818,-47.63098,-49.681274,-49.010628,-48.672203,-53.482826,-55.25385,-55.076107,-55.562702,-57.45674,-59.873886,-59.952717,-64.16175,-67.086266,-67.46932
256,False,-26.033003,-27.100643,-30.390839,-31.08192,-34.098724,-35.190887,-37.209587,-37.35314,-38.036827,-40.662956,-39.16893,-36.408836,-40.013218,-42.350266,-41.89177,-46.32488,-46.82614,-45.629807,-47.023552,-49.40666,-50.245415,-49.453564,-54.11936,-53.044594,-53.004555,-57.041363,-58.945347,-59.986908,-61.636196,-62.847424,-65.28771,-67.67531
288,False,-25.202253,-29.64677,-28.48361,-29.928034,-33.558178,-31.565125,-37.70791,-39.35871,-39.228024,-41.634274,-43.181564,-41.69302,-43.071983,-43.04188,-43.69133,-45.402645,-44.139557,-45.160564,-46.664406,-50.83317,-51.621128,-50.61748,-52.854504,-54.21002,-56.08406,-56.50744,-58.14994,-60.92235,-63.395134,-66.18909,-67.103485,-69.27365
320,False,-23.138523,-25.891592,-25.74287,-30.776989,-33.733894,-29.571611,-39.16609,-40.56766,-39.74499,-40.710545,-40.599243,-38.981483,-41.83425,-43.82148,-41.794785,-46.46798,-46.780327,-46.129475,-48.577118,-51.350113,-51.888844,-49.616894,-52.93479,-54.592995,-53.985962,-56.982136,-59.355564,-59.66268,-61.879837,-64.27785,-67.955154,-68.489006
352,False,-27.308998,-28.442577,-27.057867,-28.841995,-34.40209,-31.822659,-37.630836,-36.516247,-39.748653,-39.28997,-40.963707,-43.348904,-40.03038,-41.858284,-42.483284,-47.22263,-46.924667,-47.133595,-47.837883,-49.69292,-51.618275,-51.785084,-52.865063,-54.9774,-55.23275,-58.888023,-58.482037,-61.068874,-63.98472,-66.58677,-67.7562,-69.006744
384,False,-24.575214,-27.638533,-26.351852,-29.021433,-32.649826,-32.887817,-34.761585,-36.35773,-36.873745,-43.718163,-38.82886,-39.288834,-38.522106,-40.692024,-45.48761,-44.500298,-44.17829,-45.305504,-47.228325,-49.18636,-52.406864,-51.4399,-53.761486,-55.139984,-54.80606,-55.655624,-59.56745,-59.896732,-62.49573,-63.78592,-66.96925,-68.81837
416,False,-29.07223,-29.34753,-23.976753,-26.338797,-32.555817,-32.419487,-36.98828,-37.640694,-37.041832,-37.945793,-46.325603,-40.49591,-42.3212,-41.420242,-41.306664,-43.173843,-46.343094,-46.09063,-46.85047,-50.19448,-50.04371,-50.15792,-50.72039,-53.34606,-57.212982,-57.59699,-59.40634,-60.844154,-62.411606,-65.41299,-68.25841,-70.19248
448,False,-26.871387,-27.565838,-29.082003,-32.887417,-33.54506,-31.914562,-35.766964,-37.50715,-35.546497,-39.93203,-40.24096,-41.75579,-42.590275,-45.1042,-43.580025,-42.773056,-45.58191,-46.649925,-46.668915,-50.858974,-52.473637,-51.282852,-52.850334,-53.14714,-54.15276,-56.616825,-57.931896,-58.689507,-61.976547,-62.877495,-66.96698,-68.16918
480,False,-25.027416,-26.850193,-25.788754,-29.53478,-30.110235,-32.9081,-38.595604,-42.25617,-38.313126,-38.94671,-40.658943,-41.16161,-38.253548,-41.780933,-44.93995,-44.881653,-43.08861,-46.502552,-48.93402,-48.768097,-50.187244,-51.660767,-52.939396,-56.80203,-55.419445,-57.242424,-58.01167,-58.447414,-62.464806,-64.93779,-68.77089,-70.50807
512,False,-23.484276,-30.154245,-31.262886,-30.218178,-34.250088,-36.36688,-40.07293,-37.98136,-36.612823,-39.885284,-42.583443,-40.768234,-42.928715,-42.32727,-41.224323,-42.92757,-45.00794,-46.651047,-49.204754,-49.752304,-50.622803,-50.60003,-54.170906,-53.436363,-54.352795,-55.77519,-57.996017,-61.28065,-62.02265,-63.89938,-66.25517,-68.465836
544,False,-24.209599,-28.802893,-31.680439,-35.109123,-35.25486,-36.076714,-37.99357,-35.84201,-32.5282,-38.204544,-41.64257,-43.13242,-41.4184,-44.134747,-43.032463,-45.362732,-43.953434,-47.20184,-47.33071,-48.064774,-51.390724,-49.86877,-52.443108,-56.520252,-55.491104,-54.59385,-57.8489,-59.810238,-63.31528,-65.49256,-66.93205,-68.86695
576,False,-25.122353,-24.64034,-25.750023,-29.847507,-33.497055,-35.6064,-40.525646,-40.822662,-38.508446,-41.81559,-44.204163,-42.72013,-39.782635,-40.03756,-42.685974,-47.31433,-46.940086,-46.67752,-49.640423,-49.10679,-50.834053,-48.537704,-50.286446,-55.030396,-53.559425,-55.58775,-57.382336,-59.851093,-63.503513,-64.89918,-67.7946,-67.980255
608,False,-23.711006,-27.814598,-24.383993,-28.935555,-30.35549,-34.44407,-38.069645,-34.724945,-35.663147,-42.32162,-41.508106,-36.223038,-39.705307,-42.905064,-43.99841,-45.99434,-45.804176,-45.08768,-48.33348,-52.000313,-51.28617,-50.82377,-52.29363,-54.60604,-54.81556,-54.82599,-56.98025,-58.560566,-62.31333,-63.756973,-66.177635,-69.170044
640,False,-26.583195,-26.967756,-28.959057,-28.897533,-34.005924,-35.641964,-39.639973,-36.016384,-35.096977,-43.293427,-44.222622,-40.835743,-45.97555,-43.71639,-45.884453,-46.18595,-47.843838,-43.652596,-45.179653,-50.354343,-49.786453,-51.5525,-53.188126,-53.90789,-55.286972,-58.645367,-58.47755,-59.87633,-64.20259,-65.7083,-68.72827,-68.904045
672,False,-24.805033,-27.763273,-29.623638,-30.432255,-30.700293,-31.428053,-33.288162,-32.894714,-33.197464,-40.67583,-39.436295,-35.5942,-33.800777,-34.655987,-33.922684,-31.994843,-34.03529,-37.479168,-43.747524,-47.356636,-44.33285,-44.033756,-42.93596,-46.279007,-43.396915,-41.672607,-45.551468,-39.163326,-33.836952,-34.363647,-39.02306,-41.02484
704,False,-25.831375,-26.755089,-25.43351,-22.3172,-26.584286,-26.62443,-25.635918,-22.250618,-26.821707,-31.730175,-27.115864,-24.975336,-23.643425,-21.244526,-22.924673,-19.526722,-23.014753,-25.63473,-28.534393,-33.67588,-28.80146,-27.472927,-27.36779,-30.297127,-27.489416,-25.46072,-30.283138,-26.447723,-19.5573,-20.22083,-24.944056,-28.851204
736,False,-28.286036,-30.309832,-28.098133,-25.875172,-29.445047,-29.37183,-36.280235,-32.17476,-34.49413,-40.43762,-35.97798,-32.903652,-29.958458,-31.414398,-33.52343,-32.679176,-34.194885,-39.811913,-39.975723,-43.492493,-41.23124,-38.762592,-40.584545,-44.29608,-42.82558,-40.157486,-39.462234,-40.10592,-35.64664,-35.585056,-39.653687,-41.513096
768,False,-21.447985,-26.59742,-31.183102,-28.549377,-31.005041,-31.648643,-38.723614,-33.086334,-33.87799,-38.07775,-36.693104,-38.177326,-40.602154,-38.55968,-39.314907,-37.893215,-39.166748,-44.17437,-43.73249,-47.68221,-43.8427,-42.01194,-44.63455,-46.39337,-46.74682,-43.875355,-43.64626,-46.1726,-38.710835,-39.82926,-45.087845,-48.34383
800,False,-23.254816,-27.891144,-24.332933,-28.78989,-34.676327,-33.190826,-36.832222,-34.880337,-36.243324,-39.95298,-41.287098,-38.166267,-38.208984,-41.11046,-42.71576,-39.73106,-42.907898,-41.928596,-44.92919,-49.217285,-47.126007,-47.852535,-48.821354,-49.182907,-50.92595,-47.1768,-46.915695,-51.03014,-45.65737,-47.398018,-53.159767,-53.45814
832,False,-22.574741,-24.546127,-28.383339,-27.705519,-35.225174,-31.733952,-34.95203,-35.758156,-34.48765,-37.445663,-38.13969,-40.021854,-39.17359,-42.51616,-43.585564,-42.404152,-43.88391,-43.399563,-46.735325,-49.813377,-49.584908,-48.23524,-49.298283,-51.493076,-50.855156,-50.343544,-50.72547,-52.38577,-50.35658,-51.12518,-56.57576,-58.49347
864,False,-24.678635,-26.723282,-27.663116,-30.99099,-34.02165,-32.34184,-38.5064,-36.44951,-35.76438,-40.14527,-40.297676,-39.191196,-41.132423,-44.000366,-44.377068,-44.985546,-45.895576,-45.628838,-48.589447,-51.081005,-49.946465,-52.482025,-50.909863,-54.078857,-53.360725,-53.169975,-53.84422,-55.453804,-53.202972,-54.399185,-59.109375,-63.144318
896,False,-28.769043,-24.944021,-29.220104,-28.92153,-29.553074,-35.03754,-35.25157,-36.52201,-35.35622,-44.89326,-42.95481,-40.94867,-43.10813,-45.243378,-43.553623,-44.041843,-46.80797,-45.294777,-46.30064,-50.36328,-49.580883,-50.812344,-52.200985,-56.158176,-55.061832,-56.204185,-55.707394,-57.971893,-57.781784,-58.50032,-63.169247,-65.07339
928,False,-32.545753,-25.359798,-29.602776,-36.177567,-32.470425,-32.074104,-37.253387,-35.880257,-36.59782,-41.518875,-38.90427,-41.401314,-41.88354,-42.71467,-43.964462,-44.22485,-45.90632,-45.604225,-45.97426,-47.88735,-51.06405,-51.853905,-51.548534,-52.7121,-55.765118,-57.817543,-57.96972,-58.05351,-59.661312,-61.864414,-66.529686,-68.765205
960,False,-25.00332,-25.292416,-29.636948,-30.367327,-31.235703,-31.264761,-39.917297,-40.638626,-37.32987,-41.83317,-42.652603,-40.899426,-43.96952,-43.034904,-42.774567,-43.455658,-45.25095,-46.24056,-45.880325,-50.958984,-48.538456,-53.634075,-53.70543,-54.119926,-54.881405,-56.63781,-58.025074,-59.123726,-60.22477,-63.783096,-67.870605,-69.500885
992,False,-27.307093,-23.490875,-26.330183,-29.545038,-31.48937,-33.27693,-35.67389,-38.69312,-37.064243,-41.547325,-41.57914,-41.534416,-41.415348,-44.068817,-42.729458,-44.556206,-45.499577,-44.511074,-48.480915,-49.95384,-51.5408,-51.386208,-53.73282,-54.165077,-54.869423,-57.627506,-58.96959,-61.26917,-63.818096,-64.510925,-66.83972,-69.474785
1024,False,-25.844746,-25.725655,-28.570269,-28.717869,-32.333508,-37.092308,-36.545406,-38.07427,-38.650757,-38.00006,-36.5772,-42.38875,-41.243176,-42.42636,-42.742424,-45.56322,-45.69473,-45.599228,-49.292297,-51.538277,-50.67041,-51.848988,-54.293762,-55.09249,-57.394814,-57.37945,-58.43355,-57.639347,-63.10743,-63.51671,-67.57983,-69.75257
1056,False,-22.031267,-29.466894,-30.709608,-30.968235,-31.827166,-31.788788,-36.339233,-37.997467,-36.281704,-40.839424,-41.420803,-41.88477,-40.77194,-43.366646,-42.620872,-42.79358,-46.54205,-48.79436,-49.410484,-49.920403,-50.502724,-50.34465,-51.38586,-55.112423,-55.7655,-56.685734,-60.010696,-59.507843,-63.18663,-66.74208,-68.79243,-69.11058
1088,False,-27.014751,-29.003084,-28.024084,-34.70887,-33.543255,-33.7771,-37.216038,-40.0164,-34.404045,-40.980167,-43.787415,-41.66035,-44.762924,-44.67103,-43.67108,-44.218155,-45.785557,-48.31897,-47.194237,-50.620975,-51.09098,-52.104984,-54.516865,-53.71113,-54.81399,-57.26753,-58.226074,-58.649616,-61.62025,-65.122925,-68.25903,-69.44831
1120,False,-27.976038,-26.692028,-25.971226,-30.332817,-31.81833,-38.888645,-37.068447,-38.968876,-38.40367,-40.22883,-40.560303,-40.80117,-40.03716,-42.963062,-40.82127,-44.107548,-45.95705,-49.357914,-48.522076,-49.684296,-51.102997,-49.814682,-50.839233,-53.75811,-56.55831,-58.042183,-58.110947,-60.83152,-63.30866,-64.40813,-68.75081,-69.36896
1152,False,-24.526623,-26.4939,-27.59172,-29.471128,-32.903072,-33.485138,-36.267178,-37.826008,-34.18914,-39.727165,-38.96266,-38.131714,-39.245754,-40.90778,-43.048462,-43.815582,-46.028637,-48.345226,-48.24765,-50.33481,-51.04887,-50.335583,-51.296425,-56.10595,-57.04849,-59.160305,-60.42912,-61.687428,-64.254005,-66.05977,-68.58039,-70.23744
1184,False,-21.9714,-21.963766,-24.77673,-30.285294,-34.22132,-32.400223,-38.85886,-38.278294,-37.89984,-39.234413,-42.016598,-40.341244,-42.61311,-45.718468,-44.091446,-42.441364,-44.040977,-47.477745,-50.98392,-52.01181,-50.617413,-51.982574,-52.630405,-53.5627,-54.08664,-57.873898,-59.689934,-59.359406,-62.81855,-65.08065,-67.265465,-68.7144
1216,False,-25.293858,-26.566914,-26.824028,-31.263859,-35.59619,-35.466034,-34.89433,-36.296375,-37.285763,-40.33209,-39.3312,-39.122204,-40.253555,-42.135437,-43.248497,-42.55321,-45.603546,-46.514526,-50.0264,-49.77804,-49.777527,-50.82158,-52.941914,-54.88544,-52.93964,-56.16947,-57.55424,-59.054207,-61.379475,-63.512787,-65.425835,-68.972786
1248,False,-27.578827,-29.03703,-27.42363,-27.578892,-24.122334,-27.762161,-32.530483,-23.220404,-25.873499,-31.756907,-27.519024,-26.991499,-26.12677,-29.584473,-30.769321,-27.934814,-33.218956,-35.945965,-36.60428,-41.88135,-39.58714,-41.032276,-41.833443,-44.974476,-47.90771,-49.512516,-50.705563,-53.420532,-48.837032,-51.867554,-55.330387,-58.574444
1280,False,-25.168571,-25.774857,-26.199549,-29.301264,-30.325356,-29.956192,-34.60104,-31.730099,-34.494335,-39.258846,-36.251133,-37.03637,-34.321632,-35.07402,-39.806046,-38.61501,-40.962402,-46.134132,-47.4479,-49.58291,-48.383812,-49.947666,-51.522743,-54.37542,-53.6104,-54.47728,-56.339256,-59.4527,-60.231747,-63.16472,-65.41946,-67.16599
1312,False,-26.426733,-27.990854,-29.795471,-32.418755,-29.844765,-33.51316,-35.476067,-32.53398,-35.35943,-43.018967,-37.478397,-36.383327,-40.222736,-36.913887,-41.926483,-43.081516,-42.5864,-47.790657,-48.97338,-49.573753,-48.82444,-48.46573,-49.634632,-55.307175,-54.39203,-56.46065,-57.297512,-58.966225,-63.141476,-62.8837,-66.85728,-68.64765
1344,False,-27.321444,-28.400976,-28.07936,-33.19802,-33.367207,-30.239231,-36.69088,-36.88112,-37.990997,-39.85972,-40.979675,-36.3064,-38.464558,-39.481277,-45.126755,-43.210724,-44.705082,-46.78888,-47.09617,-48.436745,-49.26577,-48.485,-52.102665,-54.891266,-54.82792,-56.84371,-57.239437,-58.08643,-63.19584,-65.13717,-66.44544,-69.18968
1376,False,-28.325941,-31.712418,-25.322485,-29.340618,-31.170517,-29.430946,-33.799343,-35.73931,-40.702988,-40.722343,-40.102993,-38.99565,-40.83172,-44.567284,-44.768425,-45.738083,-46.850548,-48.050972,-44.858368,-48.75544,-49.88156,-49.648636,-50.701336,-51.598007,-52.208557,-55.92885,-58.211105,-61.248745,-63.193703,-65.33799,-67.23419,-70.30505
1408,False,-27.238235,-27.241447,-26.872454,-32.690308,-31.074448,-33.6819,-36.25338,-36.341457,-40.295925,-38.24202,-36.971523,-42.036377,-44.57993,-45.245087,-45.042576,-47.40688,-44.74222,-45.292515,-49.88773,-49.737812,-49.056164,-51.009987,-54.434044,-55.15516,-57.04827,-58.965294,-57.931362,-61.00834,-64.61023,-65.35312,-67.72601,-69.576645
1440,False,-24.603298,-27.46204,-26.087961,-28.98111,-35.000042,-34.824844,-37.158714,-36.859505,-40.3049,-41.15335,-41.443573,-38.015152,-38.314606,-44.991455,-44.53504,-44.452747,-44.861954,-47.424698,-47.680202,-49.762875,-50.79899,-50.45186,-54.839367,-53.561966,-54.74659,-55.590057,-57.558014,-61.571465,-63.371185,-65.20599,-66.6368,-68.39877
1472,False,-22.97697,-26.342495,-26.871208,-29.593006,-33.55578,-33.049175,-37.990765,-41.695347,-39.36104,-40.582253,-41.307083,-38.753143,-39.16606,-40.8886,-43.600178,-45.12664,-46.53765,-46.4607,-50.677666,-51.91038,-54.691692,-54.2353,-55.32495,-54.9514,-55.889854,-57.182026,-58.437965,-59.538555,-63.77501,-65.63365,-66.33685,-70.51617
1504,False,-27.534258,-28.99891,-28.729027,-30.86319,-34.337727,-35.645317,-34.797142,-37.976986,-33.526825,-37.30311,-39.475163,-39.519714,-42.19414,-41.342842,-41.548138,-42.82193,-45.923683,-48.0923,-49.212128,-51.75436,-50.12617,-48.961823,-53.432114,-56.09027,-56.26333,-57.812572,-60.04561,-60.517525,-63.153347,-66.83775,-67.446976,-68.392975
1536,False,-25.54395,-26.738804,-25.894163,-28.75116,-35.483063,-35.972622,-38.828667,-40.74862,-34.607994,-40.704075,-40.352665,-41.278423,-40.898205,-42.214005,-43.6816,-44.681774,-46.933174,-45.698658,-47.645058,-48.93995,-50.978035,-50.56476,-51.56775,-55.364677,-55.626106,-56.584377,-57.57228,-59.057648,-62.392162,-65.03406,-67.21196,-68.23431
1568,False,-20.7704,-23.512619,-27.120447,-32.563835,-34.240715,-35.26291,-38.215084,-36.99227,-35.393227,-37.912445,-37.96957,-37.84694,-44.552277,-42.06451,-43.502804,-44.853096,-46.60028,-46.483757,-46.27592,-49.684357,-49.901165,-50.42314,-53.638878,-54.243584,-56.16899,-56.774284,-57.754456,-61.10226,-63.075943,-66.65069,-67.94363,-68.918015
1600,False,-24.004917,-25.40777,-27.184616,-28.02399,-32.908188,-36.215393,-37.55217,-36.771515,-37.877914,-41.93553,-39.58504,-42.29803,-43.489845,-41.04057,-42.18916,-46.272476,-47.185234,-48.495842,-50.327293,-51.857143,-50.821823,-50.288662,-52.008278,-53.841927,-54.617508,-57.16822,-57.441887,-59.82267,-63.3815,-63.249126,-66.58915,-68.540405
1632,False,-23.413431,-25.296131,-27.44088,-29.276447,-32.417156,-32.112717,-37.035973,-36.96636,-35.24138,-38.96221,-39.9686,-44.375378,-41.98445,-42.96019,-45.686474,-47.119232,-45.59542,-46.599686,-48.60268,-50.563587,-51.28797,-48.621193,-50.65661,-53.57193,-56.198883,-56.649384,-57.462967,-58.89748,-63.6467,-64.81576,-67.758286,-68.50264
1664,False,-22.319746,-24.188211,-31.02657,-32.5944,-33.93911,-33.489388,-35.155582,-35.893215,-37.46646,-39.55607,-41.449432,-37.976685,-39.358826,-41.698452,-44.46656,-45.10559,-45.57867,-48.19183,-49.402176,-50.452164,-48.53457,-49.63971,-52.435303,-55.36953,-52.31057,-56.094032,-57.592537,-58.840023,-64.112335,-64.84732,-67.408356,-69.16274
1696,False,-20.987831,-22.713871,-27.431606,-31.553934,-34.970177,-33.093292,-36.276165,-37.330307,-37.25338,-39.219467,-38.46576,-40.58828,-43.88846,-43.4304,-45.21956,-45.27163,-42.23175,-45.971893,-50.542328,-51.143684,-49.51799,-51.32208,-53.17884,-54.673035,-56.053635,-56.19343,-57.698387,-60.07524,-63.60344,-64.05735,-66.54733,-68.58326
1728,False,-26.301235,-24.618761,-28.864182,-32.45029,-34.811394,-35.104385,-38.809288,-41.166157,-40.64819,-39.654213,-41.07471,-41.51042,-45.459713,-43.807484,-45.7444,-48.207275,-48.035183,-44.815002,-47.800983,-50.378532,-47.745117,-49.036297,-52.63594,-53.103695,-56.164795,-55.901836,-58.448795,-59.710228,-64.89647,-66.19633,-67.46838,-70.28096
1760,False,-27.093603,-23.015606,-28.181898,-33.312504,-35.0153,-34.493694,-38.45334,-37.527092,-37.75433,-40.42914,-40.2627,-36.15145,-43.811413,-41.355927,-41.675766,-44.07371,-46.105522,-47.897552,-48.789307,-49.81875,-51.713585,-50.38532,-52.714417,-54.71441,-56.686245,-57.61634,-58.30094,-59.45703,-64.13725,-65.83419,-68.399414,-68.93338
1792,False,-23.303545,-23.558176,-27.937206,-28.468578,-31.352707,-29.902454,-27.638561,-24.022665,-28.83094,-33.63213,-31.241615,-25.72509,-24.403448,-24.069416,-24.440823,-21.585741,-23.220772,-26.855621,-32.6329,-38.11248,-31.854729,-31.360546,-29.843472,-33.69827,-31.79366,-29.902931,-32.22139,-27.567795,-21.866463,-22.459656,-26.465843,-27.762186
1824,False,-26.22565,-27.681618,-28.499893,-25.503761,-27.986982,-27.50914,-31.441044,-23.414515,-28.043613,-34.239147,-29.156868,-28.977398,-28.1827,-24.824268,-27.981548,-25.556534,-30.035437,-32.570305,-31.907143,-37.23172,-33.20838,-30.652952,-32.941177,-35.704197,-34.63241,-32.720856,-34.358944,-31.871735,-26.019608,-27.326529,-29.895456,-31.302805
1856,False,-25.614481,-26.136177,-24.497873,-27.158474,-27.398235,-31.330933,-35.22835,-29.734018,-33.18669,-40.609444,-39.094414,-34.510452,-33.795025,-30.567453,-34.549786,-37.241592,-39.48623,-43.076702,-43.138885,-45.54565,-40.97321,-38.015255,-42.55776,-45.253407,-45.434433,-42.56332,-40.87815,-40.930275,-37.238968,-37.251427,-42.042583,-44.553867
1888,False,-28.594849,-27.973738,-30.833832,-30.43667,-28.321238,-34.980045,-39.651306,-33.244896,-32.95177,-37.102116,-41.464302,-38.6446,-37.539932,-38.692173,-40.11438,-39.19013,-40.72416,-42.9376,-46.51085,-48.142097,-46.055923,-42.453384,-44.952045,-48.79368,-49.918648,-45.639977,-44.44057,-48.388832,-39.941174,-41.651443,-48.08526,-49.438416
1920,False,-26.142227,-24.955748,-28.077524,-30.301561,-33.031113,-31.611412,-41.00889,-35.61891,-36.0573,-39.399563,-38.188812,-40.66426,-43.98874,-40.601486,-43.44284,-42.295746,-45.40443,-45.251038,-44.578815,-48.9703,-49.730373,-49.234695,-51.587494,-51.09485,-49.325985,-48.478348,-46.713654,-49.44976,-48.230965,-49.228973,-53.406487,-54.06463
1952,False,-24.04597,-23.008478,-23.50681,-26.790733,-34.720867,-37.720837,-39.34205,-39.316994,-41.04142,-43.230637,-40.422596,-42.822067,-43.236046,-42.00808,-43.32313,-44.186577,-45.150406,-46.060772,-48.07894,-51.368126,-48.849693,-48.223606,-51.65515,-51.79438,-52.89946,-52.564846,-51.58035,-52.958942,-51.595337,-53.87954,-57.57325,-59.6341
1984,False,-24.457462,-26.14334,-27.332697,-29.574213,-31.900608,-31.936943,-37.26187,-36.215263,-32.73559,-37.712067,-44.632206,-41.17969,-42.060135,-42.209667,-40.824512,-41.596252,-42.090103,-45.181202,-46.477074,-48.071705,-52.609116,-50.864586,-52.256504,-55.954212,-53.319187,-54.99037,-52.41241,-53.948864,-54.24587,-56.449528,-61.246983,-64.28437
2016,False,-26.575817,-24.981293,-22.584686,-28.587648,-28.10624,-29.779293,-34.578648,-34.54934,-36.328217,-42.909325,-41.97976,-41.12369,-40.863003,-44.145607,-43.07247,-41.578518,-45.943756,-47.30776,-47.503757,-50.93475,-50.901505,-49.2363,-51.35518,-51.95571,-53.520855,-55.658627,-56.402046,-57.212753,-57.438095,-59.526337,-64.56137,-65.87695
2048,False,-27.857792,-24.602974,-28.302284,-33.936733,-35.28976,-31.518421,-37.453026,-37.598305,-35.76115,-40.470474,-41.953297,-40.508865,-40.90297,-44.099407,-45.700752,-41.53658,-43.854794,-46.47019,-45.724854,-49.325718,-48.896477,-51.48523,-54.743828,-54.443394,-51.535458,-54.47519,-56.497646,-58.826946,-61.050053,-64.52673,-65.756905,-67.51863
2080,False,-27.275612,-29.7694,-26.005318,-28.957489,-34.27883,-30.490116,-40.802254,-36.51069,-37.429398,-40.99161,-40.001793,-42.950897,-44.37057,-45.076515,-44.76677,-46.11792,-46.38413,-47.0542,-47.368233,-49.789154,-51.55601,-50.21875,-54.160465,-55.228798,-53.90925,-55.41374,-56.937943,-58.924423,-61.001278,-64.01723,-66.43958,-68.58095
2112,False,-25.519648,-24.71746,-27.864096,-30.786953,-33.62702,-29.346489,-37.21839,-38.713116,-35.289295,-41.607544,-45.875893,-41.567932,-40.80259,-40.822563,-42.108192,-46.528473,-45.85071,-46.65893,-47.41269,-49.693604,-50.62393,-48.54654,-51.621834,-54.31412,-54.79007,-56.059357,-57.146168,-59.31861,-60.604595,-63.2242,-65.543686,-67.982185
2144,False,-25.398155,-26.078644,-27.600513,-31.605427,-30.061592,-31.913803,-35.347206,-38.91013,-38.44983,-37.543213,-39.99894,-41.90691,-41.213264,-40.93069,-40.913696,-47.376534,-46.47656,-44.784847,-48.749065,-51.620136,-52.748184,-52.14645,-52.538525,-54.83019,-53.651054,-55.039703,-57.73755,-60.121918,-62.18618,-63.90419,-66.973465,-68.3403
2176,False,-28.075792,-28.13475,-26.539715,-30.182621,-33.391594,-31.999355,-35.46905,-34.88259,-33.60098,-37.761208,-40.036358,-42.00931,-41.01339,-42.41008,-41.050102,-43.225998,-47.31891,-46.670555,-47.00551,-47.94027,-50.54351,-50.881573,-53.8974,-55.760883,-54.802628,-56.88759,-57.918785,-60.411385,-62.38723,-63.85012,-66.60425,-68.0582
2208,False,-25.734875,-26.341732,-24.880297,-30.45174,-36.182095,-32.85896,-34.660313,-38.37683,-36.214985,-37.35259,-38.412975,-43.097843,-40.907856,-43.286446,-43.236675,-44.10343,-44.291878,-48.315742,-50.040176,-52.147278,-49.27491,-50.604397,-52.307953,-54.899666,-51.938896,-55.554802,-58.203094,-58.55711,-62.525898,-65.128815,-66.98038,-69.29744
2240,False,-28.201317,-25.191635,-25.714924,-29.403328,-32.277267,-30.015184,-37.132153,-37.33262,-38.946182,-40.161587,-39.41824,-43.039917,-43.24513,-41.34513,-45.29796,-42.626495,-46.73484,-46.734787,-46.852135,-48.238945,-49.212452,-49.66345,-52.24082,-54.7152,-55.440674,-55.59505,-56.40564,-58.363472,-61.34235,-64.83642,-67.315544,-69.267265
2272,False,-22.733654,-25.287859,-22.591925,-28.061552,-31.600357,-29.899828,-33.87995,-34.762676,-33.238655,-34.127785,-37.600624,-41.932083,-41.948288,-44.082493,-46.21141,-43.192917,-45.83712,-45.44211,-46.385933,-48.229782,-50.04004,-49.07076,-53.141293,-51.53035,-52.844196,-56.21855,-56.60251,-56.365276,-57.862732,-65.300735,-67.3701,-68.569626
2304,False,-24.65216,-22.846199,-26.006697,-31.34687,-34.589966,-32.581135,-35.49416,-36.47554,-35.31158,-37.055336,-41.68221,-41.270237,-40.116306,-45.144447,-46.643814,-42.129208,-43.174057,-44.3431,-48.84291,-51.358295,-53.024864,-48.987106,-52.938305,-53.680424,-54.41474,-56.96534,-57.055664,-57.030907,-59.73835,-66.812454,-68.0928,-68.46696
2336,False,-23.611105,-23.731272,-25.10742,-27.44141,-27.492641,-30.942806,-29.327696,-23.52346,-27.314972,-33.73232,-28.991806,-27.379694,-25.630402,-29.535294,-29.906702,-28.215393,-33.042213,-36.576077,-39.054092,-42.545494,-40.33281,-42.313087,-40.967148,-44.822136,-48.18454,-49.616505,-51.19278,-54.3642,-50.284485,-53.036827,-59.050453,-60.14869
2368,False,-26.93693,-27.24311,-25.93508,-27.850346,-27.847298,-26.750221,-34.70391,-29.067757,-32.88804,-36.64183,-33.827698,-33.9524,-34.909267,-34.73919,-38.421253,-33.80461,-40.902527,-47.6791,-46.99044,-47.94812,-47.37565,-47.27503,-49.47049,-50.97976,-53.66179,-54.18216,-54.846264,-55.79693,-55.571556,-60.6596,-64.143906,-65.38073
2400,False,-25.150513,-24.499298,-24.976875,-28.650879,-31.794441,-33.707005,-38.765965,-33.521473,-31.751617,-38.01073,-36.56989,-38.098755,-39.47608,-36.438267,-41.12346,-41.028957,-42.976685,-45.312386,-43.690323,-48.504234,-48.566402,-49.63877,-51.658573,-51.619034,-53.96578,-56.408646,-56.74414,-56.26152,-58.334633,-63.982826,-66.52165,-68.90178
2432,False,-24.938566,-22.241714,-26.759338,-31.707487,-34.390064,-30.27227,-38.783173,-37.136234,-35.68847,-37.828876,-34.727005,-39.49143,-44.319855,-40.44493,-44.096886,-41.3273,-43.546696,-45.814705,-46.174793,-49.551964,-48.520298,-47.803833,-52.02668,-53.007835,-55.360596,-55.58078,-58.363415,-57.438923,-59.658817,-64.98598,-67.35483,-70.21432
2464,False,-24.67083,-28.35281,-26.103374,-29.839487,-32.54315,-32.105896,-39.2559,-36.77665,-36.23696,-39.5136,-40.26588,-43.550545,-44.103416,-40.119816,-42.192688,-43.07866,-44.54126,-43.92971,-45.590477,-49.219288,-47.970192,-49.952805,-51.407833,-53.248974,-54.744144,-56.259655,-58.315987,-57.93141,-59.091473,-65.280136,-67.49625,-69.51138
2496,False,-27.279472,-28.389935,-26.038063,-25.945644,-32.1481,-34.543377,-41.348995,-41.74971,-34.79473,-40.531082,-39.80784,-40.960327,-43.73846,-46.77816,-42.156982,-44.673313,-44.931545,-46.57141,-48.80152,-49.03162,-50.161243,-50.19683,-49.94168,-52.343792,-54.955475,-57.839317,-58.912804,-58.414017,-59.73413,-64.805595,-67.76675,-67.6781
2528,False,-26.050476,-21.690836,-26.581766,-29.236523,-30.229507,-29.575539,-36.593536,-34.96156,-33.806824,-39.80531,-39.238064,-40.33035,-43.663116,-43.81324,-45.5789,-46.57662,-46.3423,-46.25784,-50.83323,-51.11377,-49.295204,-48.768913,-51.92179,-51.271187,-55.21542,-57.651505,-59.109367,-57.43015,-60.544888,-65.7586,-67.090744,-69.185776
2560,False,-25.73972,-24.833862,-27.233858,-28.795053,-34.320053,-33.687786,-38.516354,-40.504593,-39.944843,-36.273655,-40.90778,-41.48191,-42.551773,-43.063774,-43.200546,-46.41367,-45.871826,-46.732616,-47.988834,-49.267532,-52.143112,-50.406704,-51.302547,-52.379875,-54.015736,-57.077362,-58.783012,-58.000797,-60.371265,-66.059975,-67.88618,-70.02386
2592,False,-26.866688,-31.960257,-27.821457,-28.514498,-32.939133,-33.06316,-35.640617,-35.410046,-37.458797,-39.606518,-41.308804,-45.269756,-41.64863,-41.694866,-43.940292,-45.838512,-46.410416,-46.250385,-47.331192,-50.63893,-51.339985,-49.997864,-50.793743,-52.779953,-55.745827,-57.683582,-57.07727,-59.76826,-61.40722,-66.88583,-67.77764,-68.310555
2624,False,-25.540058,-30.536139,-30.2866,-31.593307,-35.01779,-32.291523,-37.915264,-36.671684,-37.238647,-36.687336,-38.358597,-42.916954,-42.432976,-41.638084,-41.862377,-44.252132,-48.0755,-46.40534,-49.081764,-49.43678,-50.42171,-50.527718,-50.092308,-51.488003,-53.48874,-56.787758,-59.942913,-61.00115,-62.76714,-65.353935,-67.927124,-69.01134
2656,False,-25.477203,-26.311531,-24.87358,-29.069033,-31.875862,-32.197987,-33.017822,-35.508053,-37.64418,-38.80029,-40.48656,-42.925854,-41.454243,-40.876892,-42.759796,-47.433235,-46.50652,-45.494476,-51.807896,-50.477264,-50.62531,-50.54496,-50.333206,-51.45474,-54.94409,-59.496582,-59.013935,-59.13192,-61.9033,-64.925316,-66.95978,-70.56777
2688,False,-28.3415,-34.064873,-30.21006,-29.654514,-32.37036,-33.698822,-40.044594,-38.23425,-35.432404,-42.051224,-39.584877,-41.244907,-39.052967,-43.864246,-43.381,-42.702217,-44.09786,-49.254845,-49.704746,-50.001987,-49.64251,-51.0468,-49.998135,-51.15586,-56.735542,-58.276222,-58.210682,-59.17818,-62.110123,-65.79126,-67.98378,-68.88134
2720,False,-26.750973,-27.608957,-27.898273,-27.62334,-32.350414,-32.052246,-38.1671,-39.301437,-38.08293,-41.48718,-40.056072,-41.86394,-41.1556,-42.39271,-44.48751,-45.071266,-47.609158,-47.469524,-48.989338,-49.536022,-48.526054,-49.001503,-50.470253,-52.478107,-52.9748,-56.668663,-58.58641,-58.95137,-60.42045,-65.53809,-68.51329,-69.57192
2752,False,-25.764011,-23.37157,-26.867418,-31.836899,-32.96647,-29.648727,-37.631306,-38.92427,-40.171715,-40.40543,-38.592262,-41.05209,-41.903362,-43.779266,-44.45552,-44.36689,-46.499863,-45.997215,-48.04545,-47.983555,-49.94455,-50.68069,-51.406357,-52.58899,-53.45005,-56.651844,-59.761604,-59.39478,-61.630684,-64.65483,-67.35875,-69.39594
2784,False,-27.366386,-28.056744,-30.875832,-29.743422,-33.71976,-33.898026,-38.899487,-35.93377,-39.686607,-45.639645,-41.613754,-43.09513,-43.36893,-44.42801,-43.11843,-44.14102,-42.86156,-44.39951,-48.040367,-51.167458,-50.668266,-49.003944,-51.517403,-52.067696,-56.005417,-56.9843,-59.284782,-59.401024,-61.580425,-64.93896,-67.502335,-69.739876
2816,False,-24.459837,-29.201586,-27.561483,-28.313053,-34.335453,-31.756084,-36.71527,-38.96518,-35.59074,-39.67263,-42.206276,-37.9645,-41.163963,-44.07203,-46.625103,-45.451817,-44.63494,-46.180416,-47.761925,-50.875244,-48.125835,-45.792877,-49.592937,-52.76379,-53.932648,-57.84993,-58.57289,-58.78875,-61.631752,-66.43797,-67.64108,-68.64604
2848,False,-27.986124,-27.361382,-27.866375,-30.089426,-35.403114,-33.090714,-38.61748,-39.37578,-41.59642,-39.90436,-40.002296,-45.006977,-40.58313,-39.980564,-42.497017,-43.42312,-47.635693,-46.240788,-47.670303,-51.534637,-48.753235,-48.658737,-52.42441,-55.736435,-56.182953,-56.688522,-58.521656,-60.17624,-62.370663,-65.78273,-67.7656,-68.03863
2880,False,-25.927904,-29.151505,-28.49683,-23.82509,-28.559397,-29.778149,-26.553791,-23.603752,-27.458557,-33.031113,-30.039074,-24.590096,-23.415413,-22.858093,-23.260235,-20.082455,-22.580526,-26.01791,-30.966896,-36.89672,-30.981915,-30.142307,-27.85852,-31.958927,-30.27564,-28.540642,-31.310938,-26.177944,-20.755835,-21.25807,-25.236778,-26.266808
2912,False,-25.672775,-25.891167,-24.999699,-24.67538,-29.396803,-24.780804,-31.085527,-24.941156,-29.514294,-38.71506,-31.571407,-30.874212,-29.12444,-25.758717,-29.511011,-26.706158,-31.4917,-35.723946,-33.465923,-38.289753,-35.472748,-32.612858,-34.33815,-37.669357,-36.745953,-34.736996,-35.9015,-33.69879,-27.586287,-28.863039,-31.658747,-33.52371
2944,False,-24.101799,-29.450071,-27.391577,-26.197716,-30.373821,-29.076458,-37.6449,-32.20573,-34.85805,-35.908195,-35.335163,-35.570465,-35.703194,-32.062893,-36.687817,-37.542805,-39.31481,-43.414078,-41.78928,-46.210106,-42.59137,-39.880474,-42.539894,-44.96315,-44.873066,-42.569572,-41.359337,-41.064014,-37.08976,-37.54104,-42.1537,-44.48175
2976,False,-22.800186,-30.438152,-27.623688,-25.147364,-30.961893,-31.357395,-36.306797,-37.20616,-39.26329,-39.600937,-37.750954,-38.02739,-41.267895,-39.38499,-40.01089,-40.536095,-40.241512,-44.177174,-46.521267,-47.65776,-46.701347,-43.75471,-46.03795,-47.748802,-49.12682,-46.538994,-45.782135,-47.5198,-40.5793,-42.49782,-48.411987,-49.754852
3008,False,-24.858133,-30.140581,-28.235466,-30.530956,-34.195854,-34.43438,-35.64315,-39.302628,-35.750572,-41.0659,-41.146294,-39.150043,-42.468857,-40.229298,-41.71897,-43.480648,-47.416183,-45.420338,-45.050335,-49.633923,-46.913162,-44.86577,-50.12268,-51.046158,-50.06825,-49.05106,-47.89896,-50.294224,-48.766647,-49.095036,-52.962906,-54.518833
3040,False,-26.538694,-25.045887,-26.396276,-30.035515,-31.756077,-32.159515,-37.216064,-37.06723,-40.37484,-41.23835,-40.36276,-43.200134,-44.549347,-39.907337,-41.492012,-44.00653,-46.74021,-48.12605,-47.471355,-51.94008,-48.293476,-48.129215,-50.963684,-52.175945,-53.867603,-53.07197,-53.40387,-53.910126,-52.264652,-53.80226,-58.6504,-60.350666
3072,False,-29.400444,-26.541027,-23.106195,-29.500044,-36.592823,-35.02621,-35.325665,-37.825314,-39.4367,-39.66808,-40.374954,-43.637215,-42.97501,-44.807823,-45.636196,-43.34389,-45.164505,-48.740005,-49.852146,-50.543,-50.056755,-50.094063,-52.208996,-53.593746,-53.118645,-53.559486,-55.30693,-55.12468,-54.613644,-56.553825,-61.028313,-64.06529
3104,False,-27.145994,-24.323864,-26.984116,-26.585302,-32.57085,-37.41498,-34.91462,-38.778843,-38.51638,-43.57134,-42.066216,-40.31418,-42.487923,-44.5002,-47.68633,-46.02767,-45.519302,-50.439373,-52.96778,-51.95717,-50.06404,-50.10984,-52.05231,-54.30843,-55.27932,-57.012867,-59.682842,-59.18819,-57.42688,-60.44784,-64.35264,-67.39398
3136,False,-23.77103,-25.502419,-28.093243,-29.325455,-32.9401,-33.318096,-38.01091,-37.437614,-37.572857,-40.84225,-37.413357,-41.491913,-42.940483,-41.77764,-41.532726,-43.979126,-47.83793,-48.462418,-49.242172,-51.52555,-50.43222,-52.81015,-51.26712,-54.5382,-54.52328,-56.398438,-58.066574,-59.02471,-59.99932,-62.53566,-65.750046,-67.58665
3168,False,-23.853043,-26.839252,-28.492975,-33.090088,-30.68312,-33.30376,-34.64286,-34.421585,-37.647823,-38.417847,-37.928577,-42.505344,-40.22064,-40.837475,-45.74614,-45.66196,-47.470703,-48.28686,-49.695602,-48.95941,-47.88478,-50.582043,-52.79665,-55.055077,-56.377693,-56.7803,-58.48327,-61.27935,-62.64912,-63.57972,-66.82493,-68.417786
3200,False,-32.054333,-31.022928,-28.227245,-31.855068,-34.942013,-30.05542,-34.217484,-37.838192,-37.686787,-41.602013,-44.84088,-41.393272,-40.125046,-42.2802,-43.86929,-45.053745,-45.607468,-48.640575,-49.293938,-48.699436,-48.236126,-49.641373,-52.412537,-53.248756,-55.81015,-58.611088,-59.64861,-60.869923,-64.12633,-66.076515,-67.644585,-68.32655
3232,False,-25.322685,-25.945024,-24.178333,-31.961231,-35.79213,-33.809322,-35.46108,-37.315773,-33.898987,-39.861458,-41.719048,-39.86315,-37.920063,-43.168125,-44.193344,-45.687313,-46.190166,-45.654106,-47.95217,-49.884796,-51.364487,-50.90008,-51.84124,-54.143177,-55.12928,-58.55694,-59.19774,-59.942074,-64.22517,-65.63186,-68.38521,-69.7601
3264,False,-25.969364,-22.444191,-26.348715,-28.05494,-33.163437,-36.708366,-39.583275,-40.25341,-34.873478,-40.78426,-37.09354,-41.779007,-40.60371,-41.401016,-42.50719,-43.794273,-45.65527,-49.094383,-47.734188,-52.259506,-48.9876,-48.40869,-53.408432,-55.779953,-57.198505,-58.84823,-61.380802,-61.554237,-63.898735,-66.99011,-66.87751,-68.0902
3296,False,-23.434444,-27.485954,-27.266666,-31.06949,-32.511383,-36.28291,-40.60268,-40.167046,-36.267975,-41.477795,-40.31618,-42.23964,-41.685738,-40.875137,-43.256157,-44.867397,-46.88162,-49.46189,-50.725082,-51.545486,-50.915726,-50.717102,-51.81204,-52.87632,-54.159546,-56.19744,-58.822666,-62.13368,-62.324455,-65.49146,-67.3138,-69.01681
3328,False,-26.057379,-24.896118,-24.225836,-29.250347,-29.40903,-32.206352,-36.382473,-36.132385,-36.477993,-36.98741,-44.399788,-42.13494,-41.25094,-44.1189,-47.095856,-45.650867,-48.157593,-48.514725,-47.610558,-48.134827,-50.039856,-51.000477,-53.23416,-53.769745,-56.799805,-58.361954,-59.840782,-62.150253,-64.42597,-66.423195,-65.64643,-68.55167
3360,False,-28.46175,-26.470535,-25.882645,-31.472628,-38.1125,-33.935326,-36.255795,-35.42594,-34.188725,-38.684883,-40.776756,-42.550148,-41.849144,-46.106094,-45.66898,-43.97779,-45.05362,-45.54571,-47.22569,-48.856552,-49.7674,-51.578964,-53.91512,-53.071754,-56.26028,-58.390713,-59.129814,-60.67616,-62.67757,-64.98788,-67.07534,-68.40951
3392,False,-25.799723,-29.517738,-26.608013,-29.485777,-36.431282,-32.460697,-34.884956,-36.06794,-39.18558,-41.952663,-42.072662,-38.45741,-44.11314,-42.934822,-40.34337,-44.408375,-45.563103,-45.83333,-51.093216,-49.541725,-49.170727,-50.135826,-53.356194,-53.99891,-56.119133,-57.16368,-58.356773,-58.94484,-62.898556,-65.54963,-66.05813,-68.618324
3424,False,-21.743603,-22.728994,-25.789772,-26.66116,-31.971342,-30.031374,-32.39917,-32.518333,-34.624104,-37.9676,-35.272385,-33.548748,-31.34916,-34.220303,-35.524548,-34.163517,-37.171112,-41.608246,-44.37268,-49.677544,-47.707962,-47.952038,-48.621635,-51.269867,-55.237625,-55.836315,-55.838806,-59.052357,-57.461147,-59.70232,-62.168243,-64.511795
3456,False,-23.85889,-24.927904,-25.807035,-28.049583,-28.292454,-27.948109,-31.01279,-24.600542,-28.984327,-34.56208,-28.481224,-29.11293,-27.718742,-29.210526,-33.063,-29.807817,-35.351707,-39.175797,-37.987583,-42.8239,-40.388443,-42.049736,-44.310158,-47.347145,-50.09952,-52.07865,-53.847168,-55.01863,-52.03518,-55.31837,-58.807266,-60.883026
3488,False,-24.494701,-28.22482,-32.48938,-32.4785,-31.839249,-33.750744,-36.12847,-34.522804,-35.5685,-37.15621,-37.74942,-36.711292,-36.814255,-32.762276,-39.48338,-38.168636,-42.486107,-43.938164,-43.860138,-46.62063,-48.254696,-49.99955,-51.605675,-52.616135,-53.920845,-56.27465,-56.86806,-59.388927,-62.163826,-63.34225,-64.89268,-67.66855
3520,False,-24.846085,-23.766968,-27.040756,-28.585226,-27.656517,-30.159134,-36.562977,-34.35668,-35.47965,-38.478107,-38.38036,-40.631313,-41.98665,-39.945644,-41.120857,-42.687397,-44.692932,-46.75724,-46.878925,-49.801617,-51.16153,-50.791718,-53.347626,-54.853767,-55.80576,-57.773403,-61.148113,-61.844055,-63.374107,-64.76091,-66.873764,-70.4576
3552,False,-26.19841,-27.940891,-26.68371,-29.61425,-31.473759,-35.746426,-41.78913,-38.408123,-36.302742,-40.683247,-41.194687,-41.891327,-42.08637,-38.069088,-42.775856,-42.85682,-45.00517,-46.121986,-49.33472,-50.7772,-51.74515,-50.26772,-51.666313,-56.201817,-56.880417,-58.323475,-58.99357,-61.334686,-62.89115,-64.17957,-66.31571,-70.16137
3584,False,-24.391228,-27.738785,-30.092411,-32.708076,-33.262,-32.254147,-40.56172,-36.839165,-37.27566,-40.845837,-39.3671,-40.71295,-43.118687,-41.07059,-41.164856,-44.95558,-46.51046,-46.455574,-47.655777,-50.607494,-49.991055,-49.803738,-53.688236,-55.42349,-55.601543,-55.940205,-57.19871,-60.354362,-63.08382,-65.64934,-68.000694,-68.856186
3616,False,-23.393917,-28.092825,-27.528618,-32.063133,-33.66413,-31.813461,-38.03345,-39.8036,-36.998352,-37.8546,-39.6215,-39.97062,-41.602318,-39.567364,-44.39858,-44.48708,-44.922028,-46.960163,-48.261395,-51.19586,-51.083214,-52.074783,-53.495674,-52.96418,-57.332287,-57.223747,-59.940308,-60.563858,-63.608555,-67.543724,-68.798134,-70.7957
3648,False,-25.700647,-25.314358,-26.828194,-30.170261,-32.56925,-37.980343,-41.882355,-39.90562,-38.40483,-37.96748,-41.067513,-42.782806,-44.41401,-41.554955,-43.006,-45.231586,-47.250977,-48.76511,-48.64553,-49.3659,-50.26482,-52.828842,-52.616966,-54.091637,-56.239513,-58.010185,-58.726578,-59.879494,-62.262062,-65.50461,-66.98806,-70.67767
3680,False,-25.2243,-24.08234,-26.673983,-28.845898,-32.190113,-32.945686,-40.11499,-36.25494,-36.32389,-39.489674,-39.745907,-42.077103,-44.90052,-42.258034,-45.180862,-45.625687,-45.027,-46.337067,-46.34676,-50.539658,-51.188263,-51.253353,-54.2506,-55.596294,-56.63838,-55.96899,-56.53122,-59.790367,-63.037575,-64.35538,-68.54638,-70.31967
3712,False,-23.352766,-26.0944,-29.898623,-29.86156,-32.26399,-37.74678,-40.867523,-40.47608,-37.81681,-40.232292,-37.289017,-40.194572,-40.85207,-41.9351,-42.862015,-49.046387,-45.330536,-49.243958,-50.167027,-50.83596,-50.864708,-52.05601,-52.53689,-55.18801,-55.92009,-58.85737,-58.859406,-60.4904,-62.82763,-64.62459,-66.57354,-68.653015
3744,False,-25.0933,-26.132706,-27.610283,-33.63524,-33.175068,-35.172783,-35.01967,-37.12262,-38.216415,-37.995083,-41.004684,-39.285927,-40.976532,-41.75387,-44.759274,-44.84215,-44.279655,-46.583534,-48.77876,-50.603233,-49.680817,-49.70686,-53.597458,-55.907307,-56.684628,-56.251904,-59.192802,-59.365456,-63.515694,-65.4803,-67.31086,-69.73844
3776,False,-21.550385,-30.206448,-29.703781,-32.501797,-34.38008,-29.750454,-34.798065,-35.946712,-38.538837,-39.93134,-38.274643,-42.113518,-42.72861,-41.92128,-43.061794,-44.06627,-42.849472,-46.25794,-49.128784,-52.338432,-48.719692,-50.491554,-53.176655,-53.274765,-55.89534,-57.86528,-59.005527,-59.64843,-64.74742,-65.18939,-67.15892,-70.002625
3808,False,-28.746162,-25.116129,-29.221306,-32.0042,-33.199097,-28.389702,-34.691032,-37.687553,-38.68315,-40.040092,-39.387043,-44.045685,-39.812855,-42.376007,-43.933186,-42.267574,-46.695244,-51.19808,-49.116776,-50.46423,-49.547596,-50.70806,-54.616875,-56.435417,-56.071243,-56.572872,-56.750507,-60.515533,-63.814034,-65.86221,-67.89784,-68.10874
3840,False,-27.568834,-26.071117,-28.176151,-36.213486,-32.110374,-32.765434,-34.99197,-38.460037,-36.61714,-39.08307,-39.060467,-38.724854,-41.13221,-41.54058,-44.281593,-42.37909,-44.507652,-47.578007,-49.45391,-51.127342,-50.357357,-50.739647,-53.51554,-54.11516,-56.24516,-56.337822,-58.04516,-60.616745,-62.039795,-64.02306,-66.4398,-67.83145
3872,False,-23.978727,-30.826014,-28.201069,-32.74382,-34.854427,-32.226757,-39.252396,-40.4088,-36.241997,-40.54914,-37.043823,-41.881035,-41.8489,-41.827057,-43.04527,-44.326385,-44.57705,-45.94142,-47.803764,-50.30926,-51.809887,-52.06236,-53.037453,-54.540947,-54.682358,-56.715923,-58.57464,-59.13624,-62.83284,-65.60457,-66.495384,-69.69273
3904,False,-23.967924,-26.235392,-29.138092,-35.109764,-31.781406,-31.689262,-37.216866,-36.43185,-39.858395,-40.52263,-41.95023,-42.317013,-42.310547,-41.786175,-42.876873,-44.752647,-46.69167,-46.489975,-49.584866,-50.587692,-51.672295,-51.29072,-53.560852,-56.75492,-57.42177,-58.346146,-59.32848,-57.95243,-64.139565,-64.7724,-67.3701,-69.91601
3936,False,-25.371428,-28.24661,-29.2332,-31.965311,-31.570229,-29.20942,-34.539207,-36.39993,-38.40232,-42.34646,-40.038494,-41.415783,-40.215115,-42.343018,-45.51052,-45.78699,-46.421257,-50.732292,-50.0419,-51.452377,-52.02188,-52.745018,-52.790226,-55.56349,-56.793938,-56.605255,-57.782654,-59.860565,-63.39959,-65.75187,-68.292984,-68.46321
3968,False,-25.491318,-27.054022,-26.349522,-30.274792,-32.472073,-33.44407,-32.085007,-32.141716,-33.445843,-37.380035,-35.690426,-31.738026,-30.839651,-31.107615,-30.601065,-28.18735,-30.139435,-33.773968,-39.566853,-44.361656,-39.437767,-39.059048,-36.982697,-40.86447,-39.27855,-37.18253,-39.745533,-33.887768,-28.840761,-29.245806,-33.003586,-35.146072
4000,False,-27.497475,-30.180428,-26.601368,-22.474644,-27.85266,-23.994371,-24.656208,-22.042576,-27.686665,-32.102142,-27.030458,-25.603893,-25.632421,-22.238218,-24.60966,-21.541122,-25.115786,-27.906954,-29.442484,-34.729076,-29.757694,-28.054419,-27.854708,-30.71521,-29.369041,-27.535164,-31.188305,-27.175787,-21.006033,-21.910759,-25.430307,-27.43325
4032,False,-26.454823,-28.028717,-28.966812,-29.51899,-28.142282,-28.019659,-34.58983,-30.648386,-34.295856,-42.55653,-39.27116,-37.168423,-31.749405,-30.856285,-34.78964,-32.709373,-35.648052,-42.511654,-41.099068,-44.35634,-41.559258,-38.54489,-41.460796,-43.886738,-43.780952,-42.73035,-40.752167,-39.43549,-36.0382,-36.586113,-41.064186,-43.11786
4064,False,-23.569735,-27.274218,-26.001263,-28.19929,-30.907505,-37.67827,-36.750225,-36.4271,-37.014683,-41.457245,-39.131657,-34.771732,-40.53642,-40.50844,-40.835846,-40.945553,-44.374622,-44.67201,-43.736473,-46.63463,-44.22789,-42.560192,-43.395798,-46.78128,-48.47851,-45.94159,-44.242363,-46.196495,-39.20047,-40.97014,-46.56811,-48.196716
4096,False,-24.8139,-22.965681,-24.544592,-30.092777,-35.134502,-34.565407,-37.1858,-34.88153,-36.7719,-44.137478,-37.309612,-38.220905,-39.223175,-39.178127,-40.439533,-39.090015,-45.22438,-42.553726,-42.60431,-48.2378,-46.769966,-47.56684,-49.53875,-50.646534,-52.212368,-48.701305,-47.61901,-50.603695,-45.09046,-47.427868,-52.684845,-53.760666
4128,False,-21.791576,-22.797913,-24.796942,-28.294876,-35.91556,-33.139767,-38.888626,-37.54913,-36.425014,-40.925186,-41.933075,-43.125397,-37.657875,-42.54026,-45.654694,-44.780903,-45.229515,-46.16549,-45.416252,-48.42043,-48.42918,-47.711502,-49.527405,-52.552265,-53.64143,-52.521637,-52.50256,-52.42222,-51.35525,-52.19801,-57.039833,-58.078033
4160,False,-25.461151,-26.90419,-25.803003,-31.372395,-33.671986,-34.61026,-41.210533,-37.640938,-39.706837,-44.591446,-40.905457,-42.604786,-39.342876,-44.648132,-43.615414,-41.997677,-46.346775,-44.57132,-50.27771,-49.57543,-51.40852,-51.790333,-52.425785,-55.44284,-53.459274,-52.910732,-55.204483,-55.23794,-52.3316,-54.40667,-60.98387,-64.52318
4192,False,-29.034588,-27.10608,-27.840725,-30.842829,-32.994377,-34.83213,-40.440315,-40.35725,-40.35137,-42.341137,-42.30392,-42.4215,-40.323532,-39.105896,-45.64857,-43.642574,-46.042217,-46.755524,-50.04989,-52.58838,-50.39554,-49.57005,-51.427998,-53.011803,-54.03316,-55.036118,-56.491104,-56.09612,-56.47001,-58.786095,-63.401413,-64.24871
4224,False,-24.207157,-25.120249,-31.426846,-30.649088,-31.103569,-32.803978,-38.874153,-34.58197,-35.5083,-38.18537,-40.040543,-42.04151,-40.02693,-42.264248,-42.509163,-44.867783,-46.477287,-46.857178,-46.613182,-49.798645,-50.26306,-48.850384,-51.1183,-56.7309,-55.83262,-55.51372,-56.409447,-58.00904,-58.606567,-60.768013,-65.94861,-68.175255
4256,False,-25.674276,-23.22628,-27.492487,-30.350683,-31.319773,-32.960964,-40.45997,-38.918575,-37.319107,-39.298607,-40.309887,-41.166954,-42.627472,-41.045937,-42.59987,-46.26717,-46.60068,-47.636124,-47.57143,-49.963326,-48.59028,-49.42558,-50.054035,-54.24791,-55.556755,-57.541233,-58.42544,-58.57317,-62.288204,-63.49787,-67.3548,-69.50192
4288,False,-24.389326,-25.457697,-31.113178,-33.75942,-34.63414,-32.02928,-34.262146,-37.629383,-37.0311,-41.096874,-38.90829,-39.541595,-45.611614,-44.86973,-43.544712,-46.566628,-49.262333,-49.917465,-48.859184,-52.955666,-50.13513,-49.233498,-52.592903,-55.947918,-56.76825,-56.378063,-58.975685,-62.41033,-62.52301,-62.938904,-66.946976,-69.00404
4320,False,-23.738222,-25.450615,-28.399448,-29.408192,-31.492939,-33.80739,-38.05284,-37.46196,-36.85371,-38.297432,-36.82615,-41.446537,-38.993103,-42.692223,-43.187527,-45.43094,-47.184845,-49.98537,-48.206703,-52.493557,-51.278778,-51.694847,-52.462357,-55.450058,-56.017296,-56.510918,-57.88225,-59.66866,-62.874596,-65.48389,-67.00758,-69.00374
4352,False,-25.32101,-28.008764,-27.32479,-27.319393,-31.687435,-29.18747,-39.161015,-38.230625,-35.768276,-38.61392,-37.72597,-40.245697,-41.516144,-45.09901,-43.292408,-43.61165,-44.594017,-45.795933,-47.976242,-50.16274,-51.269882,-50.725983,-52.050987,-55.46591,-56.9165,-56.501694,-57.59305,-59.6828,-63.67216,-64.04008,-67.04581,-68.78447
4384,False,-30.685808,-26.873566,-24.546568,-31.277767,-33.55991,-32.310272,-40.22196,-38.728645,-37.10384,-42.7923,-41.892704,-42.70651,-41.06871,-40.111828,-42.118027,-45.511814,-47.35466,-49.84999,-48.2844,-52.09492,-52.540268,-51.282978,-50.11623,-55.806126,-57.399338,-57.492634,-58.705196,-60.32824,-61.55539,-64.613205,-67.36053,-68.500626
4416,False,-28.504898,-24.58097,-21.839615,-28.204088,-32.893845,-30.853897,-38.03352,-41.87844,-38.922047,-42.168022,-44.447914,-39.378227,-37.62955,-42.32508,-48.033836,-47.562946,-46.690918,-45.24204,-48.319992,-49.480457,-51.02822,-51.62342,-51.864872,-55.832157,-57.559452,-57.34092,-59.139023,-58.731045,-62.693275,-65.42833,-67.75379,-69.31266
4448,False,-24.678093,-26.796808,-27.130701,-30.757425,-30.86774,-33.468544,-36.09582,-33.57682,-37.227367,-38.637005,-43.213158,-42.11937,-42.256886,-42.804127,-45.7808,-41.34161,-44.74951,-46.652954,-47.087463,-50.005756,-50.577778,-49.50594,-51.021973,-54.443153,-57.575726,-58.934998,-58.622864,-60.033688,-63.454746,-66.28865,-66.92282,-69.57518
4480,False,-27.743923,-27.759083,-25.405197,-29.957972,-31.036299,-32.75946,-41.550842,-39.339222,-40.93498,-41.96724,-45.989338,-40.595417,-39.46248,-41.49921,-42.905613,-43.45777,-45.239845,-46.969852,-49.42719,-51.975,-52.80928,-51.500515,-53.26906,-56.909798,-56.45421,-57.38363,-58.83961,-61.139683,-63.321224,-65.8187,-68.56563,-69.81122
4512,False,-21.745033,-26.60529,-30.068085,-33.056744,-33.264717,-31.213467,-37.964207,-37.264523,-39.38675,-41.835613,-42.13518,-42.04972,-38.546013,-44.555073,-43.60785,-41.696945,-48.759724,-49.455563,-52.716652,-52.83898,-51.609425,-52.093826,-49.98554,-54.884052,-53.88447,-57.813408,-58.71101,-57.86866,-62.470177,-66.13639,-67.83133,-69.62203
4544,False,-26.937761,-23.742054,-24.563902,-27.381018,-26.04849,-28.657589,-32.8338,-24.53799,-28.371075,-33.628353,-28.539883,-26.647495,-25.272188,-29.514744,-29.395565,-27.192902,-31.828533,-36.845486,-36.841656,-42.527424,-39.72726,-42.896507,-40.63836,-44.71571,-48.054867,-49.412693,-51.899765,-52.626602,-50.441833,-52.421227,-53.68588,-57.4769
4576,False,-29.582378,-24.689732,-24.25703,-30.23214,-27.75597,-27.023628,-34.00682,-29.4242,-32.50774,-38.733917,-36.3807,-36.126614,-35.250153,-35.156162,-39.487312,-35.638702,-42.400402,-44.495583,-44.17055,-49.337524,-48.034153,-46.86256,-50.40344,-51.69555,-52.990547,-55.284485,-55.867706,-58.05002,-59.12272,-62.340942,-65.39268,-67.96678
4608,False,-27.628475,-26.341393,-23.426289,-31.913282,-30.2579,-31.974403,-38.46973,-34.150578,-35.69572,-36.142162,-38.484562,-37.163795,-36.454636,-33.302006,-42.58696,-42.742805,-45.46227,-45.284317,-49.386784,-48.38663,-48.039722,-49.998405,-53.169617,-54.7491,-55.193325,-57.127983,-57.49002,-59.765915,-62.198868,-65.90521,-67.28743,-69.174805
4640,False,-28.024061,-26.609734,-28.588457,-33.439552,-34.584557,-30.998276,-37.86359,-35.974598,-37.45812,-42.011925,-44.010918,-42.826786,-42.46277,-42.898407,-44.02647,-42.222435,-44.954643,-44.161392,-49.622234,-50.80923,-50.168236,-49.021664,-54.473442,-57.167477,-57.739635,-57.91689,-58.886253,-61.383858,-60.844315,-64.63997,-69.04498,-68.5735
4672,False,-26.2397,-25.579956,-32.10006,-30.43419,-28.867527,-30.853573,-36.511513,-36.925964,-38.201584,-41.399403,-39.928627,-44.54151,-43.364998,-42.704178,-43.054737,-43.105373,-45.987415,-45.646385,-47.635338,-50.114002,-50.90214,-49.94568,-53.210434,-56.170647,-55.962547,-57.605244,-57.950996,-59.213074,-64.669426,-66.45668,-68.72193,-70.50705
4704,False,-25.174625,-27.475761,-27.794727,-30.295715,-32.564667,-31.301214,-34.38987,-35.818325,-35.227154,-37.415215,-36.52142,-42.330032,-38.918148,-41.013428,-44.66845,-42.504646,-43.47547,-47.379814,-49.459435,-50.562553,-51.131554,-50.096954,-52.54633,-56.799946,-55.62181,-57.906643,-57.35103,-61.08306,-64.03472,-65.646065,-69.05655,-70.21158
4736,False,-28.795452,-27.792597,-29.009556,-29.513891,-30.412111,-31.536991,-35.93473,-37.467064,-35.699974,-43.27961,-43.612648,-45.803497,-43.986473,-42.051292,-48.514923,-43.587914,-44.084618,-50.72663,-51.15398,-53.643433,-51.03489,-52.580513,-55.243572,-53.39516,-55.127243,-56.50361,-58.537655,-60.215244,-62.832634,-67.278435,-68.02274,-68.55492
4768,False,-24.941807,-27.79874,-25.947079,-27.725708,-30.280231,-34.60103,-36.76509,-35.47626,-35.413605,-39.72094,-39.298294,-42.699894,-42.285583,-42.339043,-43.08564,-42.694855,-44.193836,-47.00846,-47.70556,-52.103317,-52.107388,-52.15114,-53.01596,-54.816166,-54.970505,-59.578365,-59.255043,-60.70571,-65.00151,-66.01718,-67.57366,-68.71553
4800,False,-21.242607,-25.987446,-27.532303,-30.628557,-30.710268,-33.639225,-36.425503,-35.87351,-33.521175,-39.744984,-40.15445,-41.309055,-42.89849,-39.677223,-40.72887,-44.557068,-44.216797,-46.31846,-47.541878,-50.952526,-49.920574,-48.842484,-52.124477,-54.23798,-56.668125,-57.57592,-60.802574,-61.949905,-63.931183,-65.62149,-69.553474,-70.67676
4832,False,-25.559418,-26.796236,-24.82296,-29.888277,-38.885914,-32.863724,-37.03598,-39.869354,-38.763203,-40.18927,-40.800606,-39.640823,-41.308952,-39.85762,-42.145607,-41.560246,-46.473465,-50.667454,-50.380283,-51.4455,-51.84104,-52.487713,-54.046574,-55.76302,-55.853725,-56.59628,-57.709007,-59.311123,-62.992115,-65.18306,-68.23154,-69.14567
4864,False,-26.601315,-26.548286,-26.843029,-33.264404,-34.908962,-31.500996,-39.129242,-36.66739,-38.475327,-38.758327,-40.954056,-43.31093,-42.05845,-45.065292,-46.61562,-41.868176,-44.200096,-48.29296,-48.8299,-50.65533,-51.83414,-51.20104,-54.564026,-54.907806,-56.182484,-57.592754,-59.52046,-59.301216,-63.893276,-65.04907,-68.48601,-68.44922
4896,False,-24.46062,-24.40414,-26.978107,-34.679546,-35.83883,-31.426191,-34.947132,-32.72661,-36.240833,-39.588844,-38.930977,-43.517387,-45.358234,-45.057377,-44.959938,-46.03485,-45.8573,-47.074883,-49.380226,-51.843193,-51.65527,-50.605484,-52.94413,-55.825268,-58.826485,-58.00108,-58.14381,-59.16642,-63.459824,-66.288574,-67.89418,-69.83595
4928,False,-24.996588,-23.781635,-25.053555,-29.830496,-31.698093,-29.623339,-37.17001,-40.01693,-39.68025,-39.02951,-38.66889,-39.002327,-41.862835,-43.257507,-43.550247,-42.82059,-42.27411,-48.50569,-52.399536,-52.814556,-51.14598,-50.915443,-54.40031,-56.15698,-55.959564,-56.455727,-57.902943,-60.883488,-63.601803,-66.90299,-67.3068,-68.046646
4960,False,-22.67266,-22.725922,-27.018183,-30.049955,-32.87135,-28.494873,-37.244637,-35.812016,-36.092308,-39.204277,-37.966858,-38.24843,-41.442055,-39.98841,-40.220657,-42.74539,-47.662956,-49.00106,-47.552376,-52.40798,-49.432465,-49.670807,-52.00373,-55.37172,-54.568413,-57.003334,-57.278343,-59.14659,-63.68519,-66.27177,-67.5541,-69.99174
4992,False,-22.360468,-28.388351,-25.441217,-30.27718,-35.28046,-34.298866,-32.164146,-37.33718,-38.93303,-38.114407,-38.952705,-39.124878,-43.51989,-42.913902,-41.44789,-43.198166,-43.61883,-45.857204,-48.25432,-51.336864,-50.416832,-50.569145,-52.348167,-56.8526,-54.891243,-56.709637,-56.38367,-59.717297,-64.026695,-66.06529,-66.4293,-69.76366
5024,False,-27.196161,-27.386124,-27.238272,-31.051762,-32.787266,-34.27014,-34.04553,-36.61416,-39.1483,-40.69043,-40.943405,-40.858044,-38.249172,-40.2364,-41.820007,-42.837467,-44.721756,-48.797222,-48.97033,-51.31422,-51.501064,-51.149307,-52.838306,-55.164124,-55.745888,-56.403854,-59.7476,-60.649967,-64.64366,-66.01336,-66.8592,-68.55684
5056,False,-28.8982,-26.726086,-31.385534,-34.868248,-34.40786,-34.40078,-36.84399,-35.952374,-37.293243,-41.41057,-40.974598,-41.42476,-41.830597,-38.215504,-41.991714,-43.488842,-42.564793,-46.709915,-48.34507,-49.68828,-51.938816,-50.918365,-52.673134,-55.676365,-56.398026,-57.595062,-58.852264,-60.80259,-63.386696,-65.66835,-67.973,-68.266075
5088,False,-25.469854,-30.884535,-25.42218,-25.164207,-28.571283,-30.330914,-25.555454,-22.740744,-27.978403,-33.238777,-29.307682,-24.573505,-24.554794,-22.721008,-22.901585,-20.300076,-22.341864,-25.55862,-31.577827,-37.061703,-30.610157,-29.899263,-28.946102,-32.12004,-29.34982,-28.003376,-30.765213,-26.992304,-20.706135,-21.183147,-25.498638,-26.94276
5120,False,-27.25578,-27.234463,-24.115433,-25.529503,-27.067766,-26.212563,-30.983065,-26.988152,-31.763575,-35.802826,-29.972427,-30.14982,-30.042694,-25.163279,-28.744415,-26.707817,-31.296219,-34.65578,-32.941,-37.794907,-35.200645,-32.15924,-35.732456,-37.997906,-35.813385,-33.557835,-35.72578,-34.42678,-28.045923,-29.174768,-31.700668,-33.693195
5152,False,-25.578228,-30.144423,-27.597965,-27.852163,-29.714176,-30.372585,-34.786552,-32.666668,-35.33071,-37.40577,-36.227528,-35.275997,-35.70162,-31.706362,-35.16312,-37.476322,-38.07649,-41.621014,-40.56433,-44.27133,-42.362602,-40.22814,-43.564472,-44.91375,-45.599777,-42.625656,-41.248146,-41.295364,-37.788452,-37.657444,-41.8396,-43.902813
5184,False,-26.193838,-26.547424,-27.023514,-29.260448,-31.559277,-30.64884,-33.471733,-35.38942,-37.031307,-41.270237,-40.056976,-38.107914,-38.906826,-37.363495,-40.544044,-40.234085,-40.81295,-41.41558,-43.22777,-46.34558,-45.06598,-43.41501,-45.80416,-49.02332,-49.82715,-46.23398,-45.649242,-48.87979,-40.460453,-42.150444,-48.899696,-50.103283
5216,False,-24.8827,-27.36346,-28.59301,-33.39094,-33.1704,-33.493267,-40.313324,-36.159622,-35.238136,-39.99246,-38.897846,-40.217854,-43.14932,-44.383194,-45.943672,-44.35604,-45.037952,-46.55504,-46.776657,-50.215233,-48.48477,-50.07338,-51.147293,-51.46634,-49.89775,-47.692123,-46.128304,-51.07743,-48.929497,-49.487633,-52.835217,-54.30623
5248,False,-27.31118,-24.777336,-28.294838,-30.887644,-35.505756,-31.239975,-35.32116,-38.696133,-42.24681,-40.90184,-40.024433,-44.04052,-44.940186,-41.24067,-42.084614,-45.989346,-45.074085,-44.521057,-44.994156,-49.580154,-49.140823,-49.87295,-53.465805,-54.404293,-53.491634,-53.000435,-54.10315,-54.649208,-52.469475,-53.99916,-58.494095,-60.384407
5280,False,-27.709093,-24.915855,-26.975506,-30.001698,-32.05377,-32.486065,-32.77453,-36.688065,-37.352997,-39.53768,-39.415695,-41.769924,-44.514915,-42.394466,-43.350952,-43.039165,-43.998573,-46.944042,-49.03368,-48.724255,-50.629112,-51.771187,-51.528954,-55.073147,-54.59862,-55.372772,-53.782215,-56.31063,-53.31231,-54.32577,-62.500595,-66.20711
5312,False,-23.603958,-28.593231,-27.264599,-28.834213,-28.58648,-29.453396,-36.41293,-42.06256,-41.270252,-40.555874,-39.841156,-42.290245,-39.916008,-39.43903,-45.15513,-45.585407,-47.86953,-48.953785,-48.15033,-50.5714,-51.87915,-51.174217,-51.787678,-52.973167,-57.247345,-56.300484,-56.874832,-58.31186,-59.02611,-60.409668,-65.3793,-67.55935
5344,False,-25.660494,-27.641565,-25.238714,-27.664778,-31.332912,-31.426483,-36.2238,-36.617493,-35.412422,-39.100536,-38.765015,-41.508144,-43.393967,-43.65816,-44.725456,-42.464676,-46.733788,-46.99723,-48.136593,-51.62731,-49.786156,-51.85173,-52.428226,-55.404907,-56.276276,-56.4815,-58.012978,-59.010307,-58.621758,-61.624523,-65.31776,-68.11438
5376,False,-25.4119,-29.219944,-29.291492,-29.742167,-31.012152,-31.344715,-38.72667,-38.5291,-38.757442,-40.26712,-42.014664,-38.45266,-44.709698,-43.85639,-44.1052,-47.439,-48.134846,-46.914528,-48.352013,-52.391415,-51.30644,-50.672905,-51.69773,-54.256954,-55.888634,-56.945625,-58.72877,-60.912376,-61.95262,-64.20767,-67.888245,-68.51067
5408,False,-25.636084,-25.866707,-25.71082,-30.165722,-34.230656,-33.970253,-39.083687,-36.08872,-36.27926,-39.691475,-36.23914,-40.073112,-43.189804,-44.692436,-45.126442,-42.377365,-45.225468,-46.881184,-48.37498,-50.0009,-49.580162,-52.523922,-54.07047,-56.49265,-55.4729,-56.158302,-59.519543,-59.838493,-63.08715,-64.35315,-66.5456,-69.31603
5440,False,-24.868898,-30.185614,-26.238268,-29.933939,-30.990986,-29.98355,-36.475327,-38.78305,-38.54251,-38.685223,-39.645775,-42.09112,-41.849983,-43.97076,-44.118484,-45.23944,-44.07919,-46.478024,-47.07582,-51.01791,-50.036427,-49.26735,-53.92785,-55.481888,-56.708202,-56.309395,-58.675186,-59.41034,-64.19352,-65.74095,-68.12819,-69.25429
5472,False,-29.281904,-26.14639,-27.121698,-32.568027,-33.473278,-29.289501,-32.77568,-34.004204,-36.259315,-41.424297,-41.53006,-40.09476,-41.056084,-43.60615,-44.548534,-45.5019,-49.88272,-48.24232,-50.38385,-49.193924,-50.70364,-50.697464,-53.18758,-54.076935,-56.18067,-56.46402,-57.349056,-60.136826,-64.207016,-65.91383,-67.45999,-68.93907
5504,False,-25.07859,-26.864033,-25.752642,-29.11683,-29.55805,-33.889534,-35.086407,-37.17358,-38.801754,-39.981953,-39.546135,-41.77453,-42.456512,-44.68691,-44.520603,-46.27329,-49.27337,-47.08428,-47.950348,-47.57851,-48.54344,-48.91137,-51.89467,-54.70749,-54.2244,-56.16264,-57.890667,-59.092384,-63.552544,-65.65867,-67.41889,-68.60044
5536,False,-22.695827,-29.82685,-27.437653,-27.439125,-32.509113,-31.60664,-37.489162,-36.767662,-34.276226,-39.75584,-42.11922,-44.219585,-45.960327,-40.991978,-44.37879,-45.699707,-42.890774,-45.27645,-49.237194,-49.874756,-48.791435,-49.385117,-51.87348,-54.335117,-56.66971,-58.672195,-58.38958,-59.79561,-62.311287,-63.616356,-67.24067,-68.30473
5568,False,-27.337612,-29.601803,-28.709162,-29.19999,-31.568062,-31.168919,-35.527107,-37.56165,-36.003654,-37.595325,-39.912914,-40.88663,-40.955444,-41.751232,-43.45143,-44.135746,-43.727257,-46.106636,-48.177586,-50.328667,-51.215523,-51.324837,-53.982452,-56.82857,-56.17385,-57.72152,-58.529976,-58.563194,-62.4658,-65.33304,-67.04255,-68.56078
5600,False,-25.025368,-30.244099,-25.936455,-28.86977,-32.862255,-33.705418,-38.405434,-38.112076,-37.14423,-39.149097,-40.420258,-41.675533,-42.79814,-43.916317,-40.323524,-43.472553,-44.765774,-45.46039,-49.0627,-51.753265,-50.87101,-49.977795,-54.24346,-54.605324,-55.39624,-59.052143,-58.132607,-60.467842,-61.80241,-64.31594,-68.05061,-69.96011
5632,False,-29.770258,-30.557821,-35.309967,-34.233135,-33.07445,-31.511726,-33.869675,-34.517944,-35.60471,-36.4065,-37.362118,-33.65408,-34.776123,-37.67512,-39.12723,-36.691322,-38.91534,-42.335403,-47.64397,-49.4733,-46.95534,-47.46627,-50.47793,-53.805943,-56.50995,-56.989983,-57.6055,-60.230583,-58.978233,-60.8665,-64.53488,-66.14988
5664,False,-21.796572,-24.750986,-25.90997,-32.081734,-27.535479,-27.520782,-28.314676,-23.566422,-27.77869,-32.563892,-26.913158,-27.53123,-27.260841,-29.46637,-32.085297,-28.113914,-33.713905,-37.250023,-37.166824,-41.590992,-40.055294,-41.766888,-42.659172,-47.119564,-48.895782,-50.974815,-52.888832,-54.263298,-51.397606,-53.88661,-58.436893,-61.395958
5696,False,-25.159655,-26.512539,-29.447956,-30.411694,-31.685814,-32.37845,-35.815285,-33.38924,-35.438915,-34.757618,-33.655376,-36.823307,-36.106873,-35.4544,-39.052452,-40.752544,-42.595474,-46.87504,-47.460407,-50.57812,-50.70382,-47.666214,-49.692875,-53.477715,-54.474525,-56.641544,-57.407497,-59.239204,-61.783936,-64.2085,-66.65565,-69.11544
5728,False,-25.20914,-27.441816,-28.004492,-29.476044,-29.542902,-30.48991,-37.152832,-34.582684,-33.67676,-39.59908,-40.08039,-39.89137,-40.489235,-39.418064,-41.967415,-43.70907,-43.806896,-45.674538,-47.45241,-50.332085,-48.118393,-49.166313,-51.621742,-53.149094,-54.37529,-55.638268,-57.539295,-59.088215,-60.526093,-64.45695,-67.05947,-69.32025
5760,False,-26.70307,-28.528261,-29.73801,-31.184551,-34.22473,-31.022411,-36.768684,-38.199432,-34.66355,-39.427086,-37.975204,-40.24669,-42.822014,-41.903267,-43.839306,-43.03371,-47.047943,-46.006886,-48.469475,-51.183098,-50.79584,-50.746605,-51.806877,-56.10588,-53.927277,-55.660316,-57.701534,-59.476936,-62.961582,-65.13623,-69.45762,-69.98373
5792,False,-29.53238,-28.201029,-25.739887,-29.740751,-31.267149,-33.78724,-37.05153,-35.21318,-37.15432,-41.007515,-37.761276,-44.606174,-44.21682,-41.864944,-45.80832,-46.4814,-46.612812,-47.143684,-47.73784,-49.118225,-47.1809,-50.754364,-51.440884,-54.72676,-56.580505,-57.68516,-59.40826,-61.001907,-63.315117,-65.19442,-68.72483,-70.21777
5824,False,-28.455603,-28.167835,-23.66938,-28.49551,-31.046297,-30.383438,-36.949688,-39.011818,-40.231075,-41.180214,-40.139374,-41.901604,-40.11057,-41.981205,-45.45143,-42.692486,-45.909927,-46.81919,-48.912945,-51.211544,-50.91189,-51.727867,-55.060738,-55.910446,-55.36078,-57.303196,-57.570732,-59.94431,-64.18873,-64.57064,-66.82428,-69.05565
5856,False,-21.33022,-25.33591,-27.714245,-31.34127,-29.87989,-32.0748,-41.45514,-37.95256,-36.31448,-39.63558,-39.71129,-41.185246,-42.7847,-42.463425,-41.246983,-44.476887,-46.88063,-47.176483,-48.68977,-50.608936,-50.94328,-51.147835,-53.637863,-55.325233,-54.690727,-56.10675,-57.877735,-60.474033,-63.125244,-65.21887,-67.55012,-68.98778
5888,False,-30.138897,-28.335686,-27.40194,-29.30949,-36.739933,-35.3882,-38.876556,-34.235558,-37.00172,-43.47742,-39.692226,-38.10352,-42.79563,-43.61946,-43.24595,-44.071724,-45.001644,-47.875656,-47.363525,-48.65705,-51.09761,-51.32145,-53.039284,-53.51244,-55.558342,-57.51167,-58.070236,-60.205765,-63.529507,-65.052925,-67.557976,-69.953064
5920,False,-29.682953,-27.717312,-29.105186,-30.636568,-30.634071,-31.965887,-38.302273,-39.29415,-37.698303,-38.255146,-34.902473,-39.485447,-41.11032,-42.258698,-42.865063,-42.964645,-43.667015,-47.921146,-47.55058,-50.459442,-48.783745,-49.2071,-52.856068,-54.39435,-55.123886,-56.126118,-58.30534,-59.539497,-62.82198,-64.69988,-66.96511,-69.774765
5952,False,-26.45795,-25.680386,-28.210396,-28.849926,-37.263405,-34.231052,-37.532295,-39.1324,-37.79497,-39.271797,-39.0134,-42.60313,-39.873985,-41.152573,-43.92003,-45.327873,-48.125748,-46.291702,-47.76177,-49.798428,-50.070465,-50.594635,-55.540424,-57.11528,-56.13015,-56.678818,-58.06138,-59.38974,-65.89609,-65.85696,-66.156525,-68.55243
5984,False,-24.439028,-28.441105,-31.00012,-35.832783,-33.246616,-31.766785,-36.570717,-36.719177,-35.8208,-42.433475,-41.430515,-40.486637,-42.481033,-43.689667,-44.481125,-45.76492,-48.41313,-49.673927,-50.568657,-49.18365,-49.817238,-47.910152,-53.293346,-54.24163,-53.624817,-56.355816,-57.725708,-59.750244,-64.69708,-65.90535,-66.556595,-68.511185
6016,False,-21.723097,-24.385914,-28.994627,-29.588448,-34.808857,-34.21255,-34.850815,-37.015507,-34.286865,-39.16356,-41.068115,-40.009216,-37.84785,-42.1673,-45.0848,-47.80104,-46.786423,-46.551483,-48.646374,-48.827507,-50.905476,-51.84441,-53.52508,-54.631233,-54.51427,-56.949043,-58.30429,-61.15542,-63.10616,-66.70219,-66.72256,-69.17389
6048,False,-26.01876,-23.468733,-27.085941,-29.694452,-33.256084,-31.742361,-38.19362,-36.78539,-35.015427,-39.56893,-37.33653,-40.1564,-36.91835,-42.713703,-45.623085,-45.953976,-47.092796,-46.331703,-47.23709,-51.134,-51.780426,-53.89339,-54.818527,-53.24267,-55.068966,-58.141617,-59.302807,-61.988533,-63.767452,-65.51549,-68.32404,-69.28853
6080,False,-29.577175,-25.242416,-25.838852,-28.448202,-33.392483,-35.149925,-37.681717,-38.632122,-38.981823,-37.97632,-36.613247,-40.89541,-42.91399,-43.795578,-47.09232,-45.17433,-44.09656,-45.72863,-46.889946,-50.610714,-50.914894,-49.652065,-52.47312,-55.100998,-55.99124,-58.683453,-58.631523,-58.86845,-62.0013,-64.54332,-67.64853,-69.09009
6112,False,-28.444672,-26.650928,-29.847523,-28.455643,-33.138798,-35.64,-38.261963,-38.249294,-37.649994,-39.91669,-37.263935,-40.44165,-42.707764,-41.29764,-45.100105,-45.654526,-47.098038,-49.180473,-45.268803,-48.636303,-52.898846,-53.87069,-52.945827,-54.630093,-55.47672,-57.671356,-57.979485,-59.805786,-62.105633,-64.73228,-66.0323,-68.35324
6144,False,-27.596682,-28.643559,-28.881933,-31.825323,-31.74474,-30.832155,-31.496733,-33.800198,-35.146034,-37.407455,-37.045994,-44.38667,-43.285442,-41.60605,-45.300888,-46.906227,-48.14585,-47.039642,-45.95839,-49.586315,-51.596603,-51.223125,-51.897415,-55.39871,-55.148853,-57.416336,-59.065323,-59.927425,-63.2203,-65.811104,-66.464226,-69.78066
6176,False,-27.59012,-28.06473,-29.720037,-30.326502,-33.541798,-30.278318,-32.64587,-34.370434,-35.30188,-37.176434,-38.209984,-37.883705,-36.338333,-36.12316,-36.828007,-34.998207,-36.684185,-40.509434,-44.157913,-47.089954,-45.602417,-45.635666,-45.820282,-49.86032,-47.328247,-45.181297,-48.704155,-41.321594,-37.151875,-37.5187,-41.398384,-43.5589
6208,False,-28.924301,-26.798279,-27.202856,-24.618889,-26.287443,-26.426693,-23.651638,-20.528288,-26.061087,-33.20703,-26.97091,-24.1874,-23.080442,-21.092539,-22.678528,-19.429316,-22.514524,-25.523655,-28.032757,-33.47339,-28.195745,-26.615383,-26.811176,-29.863377,-27.064594,-24.968107,-30.44615,-24.88672,-18.863367,-19.5988,-23.688957,-26.00527
6240,False,-26.135849,-24.075752,-24.55367,-26.071775,-27.19631,-28.660835,-32.479927,-30.626566,-32.92329,-37.32251,-36.206852,-34.252934,-30.648071,-32.81611,-35.847343,-34.532707,-35.80228,-41.402973,-40.32892,-43.45648,-42.427578,-38.881905,-41.63914,-45.189495,-42.505726,-39.85633,-39.583107,-39.03144,-36.143036,-36.12581,-39.64561,-41.95723
6272,False,-28.40708,-25.416452,-28.48558,-31.770018,-31.571861,-31.899702,-36.058983,-32.933964,-38.476723,-39.375065,-34.68135,-36.45836,-39.611004,-37.387215,-42.471024,-39.638878,-40.96022,-44.428375,-44.207455,-46.299927,-44.852215,-41.76564,-45.269833,-46.70051,-47.801903,-44.313675,-44.75523,-44.11328,-39.16581,-40.704594,-45.069996,-47.231277
6304,False,-29.13789,-26.812683,-25.64538,-30.150303,-32.94259,-32.515484,-32.800583,-35.724716,-35.063957,-39.175182,-38.54131,-37.641483,-39.22672,-40.10445,-40.240967,-40.07008,-41.70108,-41.45264,-44.33821,-48.35,-46.830982,-44.729706,-48.076126,-50.200558,-51.213337,-47.06199,-46.73903,-50.10073,-44.650307,-46.99935,-51.09711,-52.9512
6336,False,-28.417624,-31.206917,-28.700848,-29.902626,-32.6712,-30.416708,-35.46348,-35.59223,-36.246407,-40.090755,-37.060932,-38.178616,-42.61727,-44.30263,-43.950684,-44.572926,-45.725895,-45.654617,-45.502625,-48.87355,-48.86976,-48.235607,-53.039078,-53.56314,-52.226883,-51.313522,-51.667442,-50.96395,-49.66432,-50.70807,-55.61605,-56.438175
6368,False,-28.04234,-29.52778,-27.72722,-28.6184,-34.966736,-35.036655,-37.594856,-38.820805,-37.229713,-39.099125,-38.51937,-41.675575,-40.136257,-41.75125,-43.91381,-45.035065,-44.277397,-48.34467,-47.14582,-47.656357,-48.003654,-49.838966,-53.231335,-55.23835,-54.796455,-53.59426,-56.55747,-56.343903,-52.539993,-54.887985,-60.03758,-63.18459
6400,False,-24.238855,-25.463266,-26.350677,-26.679005,-34.6772,-34.18248,-36.689087,-39.14998,-36.869858,-42.427826,-38.32668,-39.114117,-43.212303,-41.020435,-40.662136,-47.07966,-44.085712,-45.882538,-49.36262,-51.527103,-49.177853,-49.52,-49.722656,-53.093674,-55.01603,-55.63355,-54.935883,-55.807274,-57.051636,-59.11612,-63.226818,-65.58101
6432,False,-29.124401,-27.627445,-27.774202,-31.766394,-32.64964,-31.990421,-36.776024,-39.023773,-36.814987,-41.205917,-41.37303,-35.365498,-38.791706,-42.921143,-43.105026,-43.04884,-45.050278,-46.466602,-49.783115,-47.064228,-49.624367,-51.11348,-52.550777,-54.56699,-54.169357,-55.88144,-56.585506,-60.54336,-58.83221,-61.376305,-64.37985,-67.82242
6464,False,-25.698309,-27.282417,-30.037718,-31.5261,-32.377716,-31.181648,-39.7418,-38.60697,-35.156013,-38.705532,-41.13775,-45.776123,-43.892918,-42.609314,-43.748344,-43.766663,-44.725853,-48.38195,-49.283558,-50.05738,-50.217377,-50.385853,-53.331524,-53.311367,-53.727753,-55.958534,-56.93192,-59.230614,-60.48604,-63.25174,-65.59783,-68.56451
6496,False,-29.987698,-28.98428,-27.952515,-31.668324,-35.17761,-32.47133,-39.27498,-38.05319,-36.720585,-36.118473,-37.68956,-41.887383,-43.224854,-44.410233,-43.613018,-42.484974,-43.475895,-47.600716,-48.82944,-47.85236,-49.69935,-47.01873,-53.08351,-54.610542,-54.77144,-57.735664,-57.880444,-59.12007,-61.859783,-63.1983,-66.21369,-68.1869
6528,False,-25.58018,-23.367014,-25.49945,-29.052135,-32.30537,-34.2333,-37.64222,-39.089962,-38.300488,-37.89064,-35.591145,-40.858936,-41.909657,-41.850697,-43.634834,-41.40673,-45.86297,-45.027916,-48.825554,-49.52758,-49.137756,-49.893055,-54.721073,-56.72089,-58.860085,-56.29354,-56.76876,-59.724087,-63.331306,-66.418304,-68.01199,-68.65245
6560,False,-25.405714,-30.628262,-27.081558,-27.96572,-34.9364,-36.380264,-37.85815,-35.903206,-37.542652,-39.512302,-37.83959,-39.06531,-44.683342,-41.588852,-43.278408,-46.302086,-46.195587,-45.690884,-47.402912,-48.061928,-51.692165,-51.10468,-52.854088,-52.086216,-54.55738,-58.001823,-57.54045,-57.159214,-61.33434,-63.942642,-66.19426,-69.22637
6592,False,-23.392916,-25.19972,-25.921608,-28.13649,-33.3432,-33.488613,-38.15715,-38.832363,-35.007595,-36.858177,-38.184948,-42.014767,-41.067215,-40.897503,-43.60001,-43.58522,-45.611423,-46.596985,-49.37624,-50.740685,-50.482525,-51.466927,-52.88221,-52.84291,-54.297234,-55.465904,-59.85343,-60.742645,-62.416386,-65.35333,-67.00617,-67.52115
6624,False,-27.242792,-28.924915,-24.432135,-31.21454,-34.563606,-35.827675,-41.128498,-43.344746,-43.42916,-38.235683,-37.58036,-41.80497,-41.78061,-45.40283,-40.293118,-42.29007,-43.432396,-44.001926,-45.77671,-50.44899,-49.644054,-49.538185,-52.905807,-55.927563,-54.609142,-57.735764,-57.649223,-58.20518,-62.938683,-65.265434,-67.48974,-68.848755
6656,False,-24.774284,-24.860716,-25.316383,-31.90006,-37.20135,-39.904003,-37.237762,-38.46594,-38.24926,-37.261303,-38.293396,-41.883167,-42.413567,-40.731407,-42.538994,-44.734554,-47.35533,-47.551365,-51.542816,-51.455006,-48.874756,-50.72542,-52.080894,-54.902935,-55.507515,-56.578583,-57.777298,-59.94957,-61.711292,-64.82577,-66.347885,-67.70431
6688,False,-29.777367,-31.542704,-23.91413,-32.29193,-31.479137,-31.506054,-37.98363,-38.677193,-36.91525,-37.24176,-40.91652,-42.49329,-38.252975,-42.553677,-41.461597,-43.61668,-46.319996,-48.431572,-49.140987,-49.347538,-50.645927,-50.82682,-54.22211,-55.299866,-55.97199,-56.16535,-57.326794,-57.742043,-62.43395,-64.03999,-65.976234,-68.55437
6720,False,-24.573044,-24.626583,-26.78032,-27.149776,-26.229805,-27.721357,-29.859097,-23.346325,-27.81432,-32.61147,-27.74658,-26.891514,-24.928797,-28.192179,-30.321281,-27.758682,-31.59785,-35.52829,-37.732994,-41.644844,-38.80179,-41.40161,-41.308933,-44.22264,-47.514847,-49.46048,-51.833977,-53.518173,-50.168236,-51.782436,-55.88951,-58.27684
6752,False,-29.562477,-29.56451,-28.520708,-27.75034,-27.494715,-28.48893,-35.695946,-31.44114,-35.139442,-39.097954,-36.53453,-36.52023,-32.17587,-37.271,-40.1034,-35.809937,-39.58916,-45.446365,-47.431084,-48.38288,-49.387825,-47.19498,-50.197147,-51.769608,-51.741962,-54.591274,-54.41704,-57.122578,-60.684067,-62.831135,-64.60335,-66.24171
6784,False,-27.220585,-25.751713,-31.427181,-29.967806,-30.443428,-31.493807,-36.56533,-34.087627,-35.031475,-39.824265,-40.622337,-39.209118,-39.36773,-38.614697,-41.913982,-43.417343,-44.859142,-46.431305,-45.574474,-50.16947,-49.005196,-48.33985,-52.283302,-52.176453,-53.820908,-54.785362,-55.90275,-58.539482,-59.27487,-63.27082,-64.27955,-66.96618
6816,False,-24.166307,-22.836988,-26.74592,-31.961323,-34.678703,-34.18606,-38.132404,-37.237106,-42.04551,-40.629387,-39.419083,-40.918903,-41.743294,-39.46669,-43.76823,-44.883286,-45.504345,-46.40123,-47.442265,-50.41441,-49.1901,-50.38941,-53.138424,-55.38483,-54.906677,-57.00718,-57.242485,-58.37837,-62.848087,-63.156525,-65.18799,-68.929276
6848,False,-27.634098,-26.425785,-28.028337,-31.160269,-33.730804,-38.91129,-38.57755,-38.05156,-35.29195,-38.128384,-43.474087,-36.529884,-40.05311,-42.849228,-44.753994,-44.12712,-44.994247,-46.114384,-49.53958,-49.898094,-48.50644,-49.25755,-51.39982,-52.855343,-56.08442,-57.06794,-58.662777,-58.73278,-63.529198,-64.09211,-65.42706,-67.95184
6880,False,-29.47221,-29.02508,-27.19839,-32.07225,-35.899998,-33.24363,-34.1374,-37.121693,-36.352745,-41.288303,-38.37599,-40.222855,-42.399426,-44.519024,-42.84591,-45.83769,-44.672462,-47.879448,-47.891335,-48.5987,-50.0264,-49.934357,-51.059948,-52.85116,-51.74486,-55.459557,-56.91684,-58.340225,-63.42836,-64.83421,-65.914566,-68.88142
6912,False,-24.338406,-27.449532,-27.47596,-28.117012,-34.749596,-31.859606,-33.808594,-40.604588,-42.865337,-41.10563,-40.426834,-41.410545,-40.96319,-39.04021,-42.221764,-43.924755,-45.110622,-46.953945,-46.44814,-47.454727,-49.463116,-49.23435,-52.442116,-54.71942,-55.54389,-56.206547,-58.680798,-59.210934,-62.09478,-64.771805,-67.879234,-68.82786
6944,False,-24.675354,-28.691036,-27.07661,-29.320547,-28.43374,-33.010094,-38.717,-38.6942,-36.047028,-42.316338,-39.723785,-40.505215,-40.37053,-44.445793,-45.740246,-45.957737,-45.325485,-47.995506,-49.74239,-49.336468,-51.10469,-51.020584,-54.2463,-54.555367,-56.30616,-57.175106,-57.247673,-59.17274,-63.780804,-64.53113,-65.89927,-69.27317
6976,False,-25.758364,-27.35492,-24.854853,-28.472668,-33.56306,-33.780235,-34.50861,-33.955612,-31.418056,-40.537907,-37.466854,-39.71303,-42.15385,-40.677166,-44.46266,-44.173855,-45.227226,-45.390556,-51.18607,-51.92082,-53.395805,-50.123844,-52.19451,-53.65154,-55.040596,-57.912598,-59.593563,-60.47621,-63.33044,-64.83563,-68.42762,-70.427185
7008,False,-29.975348,-36.15156,-27.588982,-28.00016,-32.03208,-28.846947,-40.422626,-40.641827,-39.58131,-40.103947,-40.412315,-40.08748,-43.99317,-42.51158,-42.51332,-46.177994,-47.031483,-46.62725,-49.32843,-50.924774,-49.259068,-50.373764,-53.447487,-54.532352,-54.1211,-56.993515,-59.295647,-60.45601,-63.4768,-64.59798,-68.43223,-70.19466
7040,False,-23.942474,-29.12298,-27.588366,-31.114405,-32.466927,-33.661404,-36.83374,-36.52117,-38.780045,-37.771744,-39.126717,-43.694233,-42.29377,-41.187134,-44.88178,-45.68436,-48.44061,-47.241283,-48.389114,-49.9078,-51.386856,-49.619614,-51.92079,-55.304543,-56.981255,-57.388645,-57.897766,-57.608814,-62.007698,-64.30667,-66.82866,-69.02767
7072,False,-22.638304,-25.695208,-28.417057,-28.869919,-30.376862,-33.089466,-37.62826,-37.52036,-40.598114,-38.769756,-40.278458,-42.19159,-43.087353,-41.27891,-41.973,-44.193024,-44.620243,-47.330204,-48.085686,-51.632133,-48.080574,-49.244118,-50.875797,-53.950504,-56.04326,-57.19123,-58.70811,-58.575645,-60.31876,-63.683857,-64.65676,-67.97423
7104,False,-23.480291,-31.357672,-30.90101,-31.810059,-33.774097,-31.906849,-36.49943,-36.924217,-38.4015,-40.651016,-40.30532,-39.79831,-42.002594,-43.253212,-43.492466,-45.496223,-49.152355,-48.537712,-46.666946,-50.945736,-51.926075,-53.14337,-54.011932,-55.829586,-54.89836,-56.279377,-59.326206,-59.501118,-62.564854,-64.43633,-65.7621,-68.30756
7136,False,-28.568666,-33.233612,-28.13337,-29.014828,-31.240555,-29.223106,-38.138535,-39.519848,-36.01109,-37.624195,-34.573627,-40.05331,-41.83367,-41.688694,-44.394653,-45.683235,-44.62071,-45.387077,-47.899445,-55.653503,-52.011726,-49.168327,-52.02415,-54.044647,-57.116394,-56.4389,-59.222687,-59.570557,-62.330444,-65.169044,-67.62559,-70.07769
7168,False,-24.087543,-24.50919,-24.412554,-26.591671,-33.91979,-34.743988,-40.956135,-38.834393,-36.96577,-37.779064,-40.69571,-42.689938,-41.605133,-42.018433,-42.327198,-44.648506,-48.857407,-45.91681,-47.745064,-51.168217,-50.682816,-52.053226,-52.601807,-54.57441,-57.19118,-57.621998,-57.409058,-57.782394,-63.216896,-66.12794,-66.5329,-69.56513
7200,False,-23.60252,-26.253632,-25.770638,-27.359133,-32.478924,-30.003258,-38.90908,-39.523197,-37.026848,-38.668304,-37.078983,-38.968967,-42.966866,-40.444664,-43.920494,-43.447186,-45.034298,-47.52193,-48.621536,-50.50836,-50.935608,-51.85636,-53.581795,-54.844345,-55.09825,-56.758286,-58.434887,-60.11698,-61.60092,-63.821873,-67.75848,-68.21389
7232,False,-25.947224,-28.430855,-29.845596,-34.170578,-33.17224,-30.964924,-37.62936,-38.174488,-38.78008,-37.199127,-37.17728,-41.755657,-40.33142,-40.34082,-39.23366,-38.83387,-40.69728,-43.905777,-46.751614,-50.027832,-48.095497,-47.657013,-49.656845,-52.271538,-52.287994,-51.584526,-53.19744,-46.929214,-43.052235,-42.985695,-47.407146,-49.634686
7264,False,-31.030615,-30.752697,-26.272083,-22.894428,-25.395739,-26.816624,-24.999401,-20.896236,-26.188545,-33.320805,-27.826584,-24.425308,-23.994915,-20.97509,-22.325132,-19.298206,-22.043077,-24.996658,-27.932281,-32.97484,-28.054792,-26.461496,-25.93463,-29.525015,-26.997238,-24.927856,-28.968338,-23.988512,-18.712633,-19.72828,-23.277855,-24.347588
7296,False,-25.591516,-25.929186,-27.453844,-27.164934,-28.128595,-27.471916,-35.17921,-29.939728,-32.94625,-39.574768,-38.07816,-32.95806,-32.149147,-32.261757,-35.63132,-31.961918,-35.402054,-39.650166,-40.194645,-43.957867,-40.707584,-39.302948,-41.54136,-45.09499,-42.44599,-40.236706,-38.924156,-37.98918,-35.13835,-36.29031,-38.558975,-40.994244
7328,False,-29.638445,-26.698685,-24.103619,-26.923653,-29.671812,-29.265478,-35.812283,-32.162933,-34.496643,-40.614506,-38.243324,-37.695843,-38.010612,-35.267075,-38.02773,-39.743668,-42.729317,-43.05462,-43.866573,-48.42794,-42.717304,-41.459976,-45.221157,-46.5749,-45.88394,-43.946537,-44.192963,-44.33149,-39.452454,-40.268898,-43.920494,-46.64997
7360,False,-26.162481,-30.70738,-26.497976,-28.213835,-36.004005,-32.415627,-38.415977,-36.77678,-37.771767,-43.78682,-36.769764,-37.174423,-40.58983,-39.923737,-39.570393,-39.387123,-42.780834,-43.900658,-46.424732,-46.69396,-46.203808,-44.181824,-48.043396,-49.161522,-49.32488,-46.432938,-46.31695,-49.133125,-43.81473,-46.01498,-51.590126,-52.757725
7392,False,-23.144339,-27.718098,-22.293922,-29.157982,-31.336025,-34.122612,-38.620865,-35.674976,-37.833595,-38.333313,-36.344917,-41.39751,-40.560303,-40.77056,-41.621094,-41.532784,-44.765327,-45.317886,-47.05954,-48.315804,-48.60197,-47.807404,-50.640656,-52.643143,-52.81393,-50.437157,-50.53518,-52.219757,-49.498436,-50.22983,-55.610077,-57.80336
7424,False,-27.55901,-26.20548,-26.318188,-32.689037,-33.848694,-31.933743,-34.40315,-38.936417,-40.583702,-42.294052,-40.51409,-36.829906,-41.474003,-41.75854,-43.022163,-42.575127,-44.891647,-46.47656,-48.50511,-48.275795,-47.133827,-50.103115,-52.98015,-53.907944,-54.146423,-54.440117,-53.867146,-55.27948,-52.486526,-54.64562,-59.969048,-63.232044
7456,False,-23.185452,-28.31445,-27.395609,-28.802406,-32.181686,-34.098167,-35.129616,-36.661526,-34.74082,-37.676823,-36.227478,-42.62451,-44.116215,-40.866333,-45.237526,-45.806526,-46.350132,-49.035946,-49.982742,-49.862476,-50.47889,-50.556797,-55.155407,-56.07775,-55.79603,-56.4647,-54.50122,-56.59107,-55.86213,-58.773617,-63.581978,-65.16455
7488,False,-25.191288,-24.247032,-28.8918,-30.686485,-31.073467,-30.637196,-39.266724,-35.10131,-35.43009,-36.67506,-35.63559,-40.239044,-41.431366,-43.012524,-43.66591,-43.563286,-43.209076,-47.6057,-47.76836,-46.89524,-48.520546,-51.36194,-53.899727,-54.72159,-56.877777,-56.202274,-57.01104,-58.940296,-58.948532,-62.33378,-66.3452,-69.27118
7520,False,-22.037628,-23.54514,-26.378014,-27.027237,-28.764793,-33.725037,-37.11589,-38.844944,-36.732124,-39.317604,-39.79589,-41.054703,-43.2727,-45.339123,-46.29633,-43.815765,-45.160526,-45.507465,-48.173668,-48.946312,-48.028183,-51.87817,-52.927166,-54.191166,-54.623203,-56.700954,-57.846066,-58.762264,-62.170525,-64.16111,-67.17492,-68.0136
7552,False,-26.512573,-25.26429,-26.724852,-30.96935,-31.057945,-31.74578,-37.035545,-39.19278,-37.315376,-36.97374,-42.60304,-42.70076,-41.359703,-44.03269,-44.10817,-44.586964,-46.269646,-48.311615,-47.80657,-49.794067,-49.89969,-51.88972,-52.24517,-54.68977,-55.479313,-57.471195,-58.9127,-59.801743,-60.569996,-63.795883,-66.861565,-69.67633
7584,False,-30.28601,-27.242023,-29.460371,-34.070824,-33.983044,-35.27493,-42.17347,-38.93088,-37.18333,-40.006042,-43.19684,-40.211224,-43.102394,-39.698326,-46.08021,-45.32803,-46.160652,-46.38441,-46.26669,-50.08797,-48.21837,-52.067795,-52.241142,-53.72863,-56.66784,-55.069344,-55.92166,-58.657265,-62.389336,-64.04365,-66.02697,-68.88574
7616,False,-25.71128,-30.059845,-29.876743,-30.467043,-31.488064,-31.52168,-35.087887,-37.719265,-37.534004,-38.32339,-37.482597,-41.43768,-40.138,-39.847225,-44.06835,-44.335556,-44.12996,-46.82067,-47.814133,-50.982742,-51.47558,-50.8251,-50.973965,-53.733315,-55.197758,-56.260277,-57.094368,-56.460632,-62.212887,-64.61016,-68.488266,-69.32477
7648,False,-24.886496,-29.4665,-32.265335,-34.45539,-37.027237,-37.961704,-34.98565,-34.150352,-33.090656,-37.908703,-40.23308,-42.08561,-46.364227,-43.584892,-43.860966,-45.100433,-46.923008,-48.39627,-47.667366,-49.506607,-53.35399,-52.551617,-53.29924,-55.163437,-55.14583,-57.418945,-58.08121,-59.464676,-61.289158,-66.94347,-67.252945,-69.61657
7680,False,-26.397116,-28.387867,-28.194017,-28.059715,-30.477993,-30.957764,-37.424187,-36.53065,-38.16462,-39.09817,-41.476284,-42.39374,-45.10607,-46.612507,-46.120804,-42.644993,-47.432617,-49.447876,-50.240368,-49.95005,-49.171394,-50.760635,-52.577934,-53.277008,-53.775253,-57.033287,-57.28665,-59.75064,-64.71744,-66.805435,-68.66093,-69.85092
7712,False,-26.444862,-27.868374,-28.586254,-32.174088,-32.165462,-33.76426,-38.80615,-39.656048,-35.41881,-36.93759,-36.687138,-40.82107,-42.731342,-39.189697,-41.09809,-41.162304,-44.717743,-45.33697,-50.60089,-52.234108,-50.295586,-50.20085,-51.511482,-53.383545,-55.578278,-55.900368,-58.312687,-59.507713,-62.678246,-65.67392,-68.17519,-68.77849
7744,False,-27.946392,-28.26374,-28.878641,-31.46547,-34.161686,-37.340816,-38.346096,-35.556927,-37.0017,-40.621643,-37.259304,-40.942474,-42.81066,-43.41931,-43.89438,-43.927464,-46.518158,-49.43357,-49.776787,-52.31627,-49.986755,-49.814716,-51.6222,-54.330803,-55.511864,-55.839653,-57.990917,-58.530518,-61.479282,-66.45531,-68.9834,-69.320076
7776,False,-26.46439,-22.502108,-25.452637,-34.567226,-31.466885,-36.675648,-37.605816,-38.004196,-32.860687,-37.428356,-36.407753,-37.142025,-39.459755,-40.21105,-42.136936,-46.54869,-47.558056,-47.480564,-47.508667,-50.55124,-52.292007,-50.79158,-52.350464,-56.223644,-53.68012,-56.045498,-57.691235,-58.741364,-63.813328,-66.85684,-69.232864,-68.93277
7808,False,-24.744785,-27.030254,-28.602913,-27.093494,-25.127604,-26.595608,-28.589296,-24.691307,-28.211426,-32.30384,-28.201921,-26.41537,-24.84864,-29.12489,-29.802332,-27.167398,-31.2854,-35.99205,-37.262543,-41.568,-39.326458,-41.521793,-41.720867,-44.1616,-48.287178,-50.93833,-52.52451,-52.846645,-50.157143,-52.601948,-59.312138,-60.094902
7840,False,-26.744644,-25.684608,-27.249638,-27.349394,-29.568932,-29.971354,-33.94688,-31.224571,-34.465546,-36.70977,-34.315536,-35.957,-37.001244,-37.665573,-41.347023,-35.552155,-41.177654,-45.51462,-45.22254,-47.985466,-48.247345,-48.98657,-51.730835,-54.441093,-55.338394,-55.430664,-56.796234,-59.039154,-60.257126,-62.44686,-65.529434,-66.8506
7872,False,-22.01263,-26.20539,-27.793379,-30.704252,-29.4499,-30.765257,-35.13349,-36.32601,-32.845,-39.763283,-35.84134,-38.572113,-39.347584,-37.664875,-44.76517,-46.171257,-49.038006,-46.266483,-46.684666,-47.7405,-48.266365,-48.825737,-51.2047,-56.429794,-56.67996,-57.04915,-57.981964,-58.311836,-61.939754,-65.08934,-66.08647,-67.955734
7904,False,-23.91108,-31.76029,-26.672768,-31.423647,-32.603455,-32.68682,-36.031403,-35.68686,-35.76712,-38.634735,-40.494267,-40.116234,-41.041454,-40.068504,-42.29784,-46.301342,-46.637978,-46.044765,-48.278996,-50.293343,-52.350292,-52.12539,-53.37036,-52.376842,-54.68415,-56.151375,-56.51546,-58.962894,-61.678562,-65.64046,-67.91857,-69.225296
7936,False,-24.137344,-25.880072,-26.899492,-32.091297,-33.424522,-33.789707,-41.388626,-37.77323,-34.921677,-37.15878,-39.60511,-38.331947,-41.97391,-43.11419,-43.191265,-43.215942,-47.191235,-49.553223,-48.81084,-50.868896,-51.526657,-52.304512,-53.977657,-56.116467,-55.038193,-57.250587,-57.141365,-57.397137,-62.873077,-64.568245,-67.64395,-69.8322
7968,False,-23.597166,-27.0463,-28.172832,-29.129354,-33.73074,-31.946777,-36.117966,-41.151314,-38.688175,-38.655758,-36.04286,-40.026215,-39.866795,-43.31182,-44.40754,-46.651672,-47.110542,-47.58766,-49.240997,-51.71236,-50.849762,-50.2856,-53.611496,-54.501022,-54.635902,-55.224754,-55.44725,-60.65308,-63.12952,-63.632088,-66.9488,-69.99598
8000,False,-30.721478,-30.892948,-27.648039,-28.399471,-32.594257,-35.847565,-41.959873,-34.70522,-36.262985,-39.79298,-38.358524,-40.606842,-42.31349,-42.69543,-44.269913,-46.026436,-47.044483,-46.748802,-48.484768,-50.979225,-51.50399,-51.479485,-53.712677,-55.152912,-55.954582,-56.923767,-59.12125,-58.97211,-63.539948,-65.02677,-67.00721,-68.47328
8032,False,-23.078987,-25.396597,-26.38507,-29.957067,-35.862457,-32.42109,-38.566452,-38.209564,-37.168068,-37.939465,-40.63002,-40.836758,-40.19476,-42.540176,-47.2786,-46.20829,-47.637062,-46.279892,-47.265427,-49.478813,-51.132717,-50.202354,-54.032703,-54.522175,-55.502247,-56.606255,-58.42959,-56.60549,-61.302017,-63.141254,-66.26817,-68.97938
8064,False,-30.102558,-27.98587,-26.860336,-25.00613,-31.264225,-30.83288,-36.20703,-35.049255,-30.94062,-38.864105,-35.770157,-39.537827,-41.300537,-40.596714,-41.909233,-44.7958,-45.41411,-47.56877,-48.970448,-47.81633,-48.489334,-50.29076,-53.962017,-55.96498,-56.32911,-57.140793,-59.32325,-60.77288,-63.616684,-64.518875,-66.70448,-70.12864
8096,False,-26.446402,-24.871607,-26.838531,-29.460772,-30.342216,-33.220963,-35.647053,-36.4868,-34.998455,-39.01597,-39.183388,-43.08097,-41.751846,-40.984177,-42.565304,-44.007217,-46.16968,-47.090157,-48.583393,-50.184654,-52.28023,-50.553856,-55.31552,-55.26857,-53.615387,-55.737648,-56.124386,-60.139347,-60.946003,-64.95627,-67.156555,-68.521706
8128,False,-22.878616,-27.041216,-31.440496,-30.01735,-29.59122,-32.248623,-40.21441,-37.256058,-35.115196,-37.300583,-38.256866,-40.22731,-45.128464,-43.515934,-44.781075,-46.344467,-48.82708,-45.374336,-45.10298,-49.211994,-51.70338,-50.84042,-51.1879,-55.235992,-54.47765,-56.77128,-58.00567,-58.16002,-62.355064,-67.10473,-68.11924,-68.743835
8160,False,-26.155539,-27.08773,-27.670376,-29.630507,-29.976097,-32.02518,-37.20618,-39.228664,-36.15248,-38.932713,-39.384453,-42.19593,-41.663727,-41.44093,-43.21586,-43.60336,-46.962456,-47.55738,-47.939907,-52.74346,-51.7135,-51.431393,-52.76045,-54.73421,-54.357914,-56.647892,-57.319244,-60.004826,-63.901615,-66.790726,-67.13807,-69.66929
8192,False,-26.209517,-24.58804,-26.475676,-28.078697,-35.044624,-37.81604,-38.686577,-37.78955,-35.69573,-40.946903,-41.73625,-41.71321,-41.63566,-41.421036,-41.513954,-45.323795,-47.115707,-46.38472,-49.172188,-49.485584,-49.448303,-49.82901,-51.713413,-53.46592,-53.73405,-56.092,-58.004993,-58.4512,-61.13907,-64.88794,-67.72966,-69.76819
8224,False,-25.36586,-29.447268,-30.29806,-28.488798,-32.909065,-31.660881,-36.440113,-34.888557,-38.36843,-41.288906,-41.34706,-38.86906,-39.954464,-42.15213,-43.130802,-41.96478,-44.571686,-44.65658,-47.165527,-49.552094,-50.000435,-49.404472,-53.56156,-55.350487,-55.110085,-55.736244,-57.877316,-58.989033,-59.698982,-64.63664,-67.859406,-68.33957
8256,False,-23.596783,-27.134186,-25.410137,-26.848421,-32.530025,-30.565506,-36.96483,-37.370625,-37.6222,-40.35383,-38.01937,-39.886402,-43.709496,-43.096104,-43.144436,-44.91186,-47.84762,-50.65061,-49.90917,-49.89857,-51.66702,-51.612854,-51.26233,-54.015846,-57.42267,-57.49591,-58.177685,-58.472107,-62.2507,-65.87102,-67.93115,-68.47612
8288,False,-28.61604,-24.912424,-28.002584,-29.474085,-35.28689,-36.314407,-35.59169,-37.027393,-34.89139,-39.068398,-39.208054,-41.005623,-45.35881,-45.262283,-41.83824,-44.600563,-46.250153,-46.996254,-49.235466,-51.53379,-51.292717,-51.164516,-52.7976,-54.64646,-54.22078,-56.427414,-56.08802,-58.057236,-61.057625,-65.266655,-67.24396,-68.50629
8320,False,-26.289341,-25.403713,-24.824335,-29.88892,-32.1265,-31.36187,-36.04673,-37.504253,-40.206474,-39.183952,-35.98213,-42.020615,-42.621246,-40.332558,-42.91031,-46.25582,-44.30927,-45.76805,-48.050636,-49.324905,-49.659863,-52.734394,-53.17667,-53.886642,-54.889145,-58.51132,-57.410873,-56.970886,-62.488304,-64.07073,-68.76236,-68.81815
8352,False,-26.96716,-24.842167,-24.972837,-30.483877,-32.719685,-33.124973,-29.730194,-29.12629,-31.121637,-36.514786,-34.95251,-29.615032,-28.6267,-28.636751,-28.430145,-26.029224,-28.302845,-32.620857,-38.41736,-43.11581,-37.32277,-36.552784,-34.624725,-38.81211,-37.18848,-35.28795,-37.68937,-31.733501,-26.702007,-27.126005,-31.158197,-32.7177
8384,False,-29.381762,-26.311108,-21.485905,-22.757376,-28.672321,-26.686466,-27.873371,-22.042225,-27.033875,-35.32987,-27.94987,-26.345562,-25.575382,-22.87977,-25.023827,-21.998903,-25.987604,-28.829674,-29.73938,-35.095295,-30.171589,-27.963863,-28.393442,-31.784286,-30.55909,-28.552263,-31.470036,-27.46877,-21.472986,-22.43596,-26.107021,-27.092083
8416,False,-24.780825,-26.45773,-25.677708,-27.93214,-29.030249,-29.83701,-37.756786,-29.628515,-32.247044,-38.59962,-38.945175,-35.892097,-32.120026,-31.851658,-35.842815,-35.53778,-37.140736,-40.55831,-42.05198,-44.151882,-42.243656,-38.3684,-41.841003,-43.952793,-44.328568,-42.167706,-39.88099,-39.804924,-35.733204,-36.25938,-41.558655,-43.868095
8448,False,-26.031878,-23.085632,-22.72055,-26.350317,-30.178177,-31.684097,-35.885994,-33.21274,-33.685852,-39.166325,-38.47591,-35.14324,-37.277534,-40.24562,-40.40209,-39.22221,-40.529575,-43.161842,-43.644604,-45.054848,-45.22711,-42.39244,-44.88585,-46.840714,-46.675293,-45.58284,-45.738884,-46.26346,-39.59766,-40.906578,-46.588585,-48.389595
8480,False,-23.14646,-22.334019,-26.900051,-29.69074,-31.7362,-29.99614,-36.68993,-35.03474,-36.438705,-40.23848,-38.760956,-40.958527,-41.999077,-40.79757,-41.400494,-40.940796,-41.95762,-43.58993,-43.244595,-48.34612,-48.672695,-48.74777,-47.80708,-50.40558,-50.997715,-47.251183,-45.82043,-49.10774,-45.741333,-48.24074,-51.85976,-53.10382
8512,False,-30.081198,-27.27266,-29.455727,-30.09525,-32.74688,-34.839703,-36.347794,-36.848442,-36.537376,-38.812366,-38.61712,-39.8084,-43.895245,-42.050587,-42.432358,-43.783142,-45.661663,-43.979755,-44.913406,-47.236168,-50.776054,-48.575573,-50.600857,-50.61853,-51.559517,-52.519894,-51.19439,-51.64405,-51.20804,-52.02206,-56.367134,-58.426037
8544,False,-26.572342,-26.032297,-26.02988,-32.634094,-33.658695,-30.843107,-34.907787,-35.03077,-38.2538,-38.2041,-42.510967,-41.4259,-40.471863,-45.37919,-44.33284,-45.706596,-44.191593,-44.98593,-47.28791,-48.4759,-46.706688,-49.565773,-52.433952,-53.23741,-53.261826,-55.536194,-54.76517,-55.80757,-52.21749,-53.828224,-60.878113,-62.67452
8576,False,-25.038424,-22.646105,-24.857487,-33.173504,-35.449024,-34.385338,-35.30944,-38.19715,-38.262863,-38.817986,-42.3565,-43.911453,-41.95598,-43.24962,-44.11774,-43.303223,-44.614006,-48.314682,-45.895454,-48.34371,-50.575504,-50.56333,-51.88046,-55.713737,-54.76473,-55.554955,-55.604942,-56.834316,-57.099415,-60.257946,-63.2143,-65.90693
8608,False,-28.674477,-25.759537,-28.218525,-31.292284,-30.967518,-35.827858,-38.244877,-38.69948,-40.01148,-42.340435,-41.542473,-42.466232,-43.359455,-42.059383,-42.4612,-42.035507,-44.700413,-46.246643,-48.472042,-47.760788,-49.10604,-50.388977,-51.832317,-52.90426,-55.517925,-58.22098,-56.734943,-59.147476,-59.281715,-61.99037,-66.18186,-68.31336
8640,False,-22.657753,-28.479748,-27.75727,-31.343996,-34.568832,-32.681793,-35.332306,-37.54328,-37.812183,-38.632233,-39.635147,-42.864536,-42.24742,-42.002964,-43.79756,-42.2465,-44.457466,-48.648952,-48.62074,-50.22524,-50.44228,-49.16408,-54.526047,-54.76276,-53.802254,-56.232445,-57.218098,-59.59545,-62.643692,-65.01183,-66.66827,-69.13223
8672,False,-26.669027,-27.115145,-24.70722,-30.138042,-34.82876,-34.34303,-38.110462,-37.1162,-37.31178,-38.753998,-41.24827,-42.84353,-43.91247,-43.60331,-42.330307,-44.6944,-46.15779,-45.85934,-47.679024,-50.422424,-49.29729,-49.336807,-51.68173,-55.539146,-54.9355,-56.561073,-56.858246,-58.3958,-61.000103,-64.051025,-67.31077,-69.82659
8704,False,-22.100044,-24.046917,-26.957897,-29.863514,-31.448671,-31.307936,-35.549053,-39.5577,-36.467934,-40.854588,-43.457825,-40.78723,-45.06989,-41.702316,-43.28888,-44.562794,-47.77484,-49.767372,-47.36148,-51.34066,-51.405937,-51.041092,-51.903847,-56.046066,-56.741432,-56.48726,-57.934856,-59.464043,-62.53668,-66.23467,-65.6841,-67.436424
8736,False,-26.826778,-23.894707,-26.61171,-31.260334,-36.29208,-32.44295,-38.712288,-36.823254,-34.113544,-40.50997,-40.513428,-42.630234,-42.339325,-44.289825,-41.43438,-43.2928,-42.946106,-45.368446,-47.197414,-48.895744,-51.144413,-51.01365,-49.19933,-55.16253,-57.42112,-57.76123,-57.085335,-59.910248,-61.782593,-65.77584,-68.702705,-68.55178
8768,False,-23.027018,-25.007963,-28.699286,-31.707344,-35.793545,-31.620842,-35.261578,-35.02937,-35.287342,-36.088688,-36.853874,-41.82567,-42.75297,-39.198475,-41.35752,-42.511147,-46.21473,-45.675354,-47.135193,-48.29226,-52.68967,-51.182743,-51.665783,-54.8006,-55.560093,-57.046753,-57.13604,-58.675304,-61.836617,-64.37222,-66.68941,-67.874405
8800,False,-23.79651,-26.822748,-26.4768,-33.292038,-30.83078,-31.943642,-37.258907,-39.76242,-38.141254,-40.873333,-39.853073,-45.19983,-41.69815,-41.060326,-44.61794,-46.789986,-46.796883,-47.524185,-47.155365,-50.266495,-52.459293,-51.213127,-50.866234,-54.645317,-55.720028,-57.758926,-59.160633,-59.912674,-62.163067,-63.36382,-67.25346,-67.8682
8832,False,-25.415392,-23.253119,-24.42519,-31.41429,-33.49498,-30.003672,-39.472763,-37.011803,-37.1316,-41.201454,-39.29191,-38.503536,-40.244156,-39.35602,-46.80956,-45.664883,-45.910797,-47.927826,-44.86197,-50.69812,-52.11447,-51.616028,-48.200153,-53.191017,-55.053577,-57.77176,-56.809525,-57.04372,-62.72365,-64.80773,-66.791595,-68.5846
8864,False,-25.42961,-28.212212,-27.427925,-28.530254,-29.112703,-34.730293,-37.382385,-36.872047,-35.85456,-38.32064,-40.581593,-41.891663,-45.28392,-43.782787,-45.335487,-44.173588,-46.344612,-48.18834,-49.775505,-52.28012,-50.80868,-48.48761,-47.7821,-54.58113,-55.70681,-57.44659,-57.170403,-60.06153,-63.01462,-66.1069,-67.47151,-69.58777
8896,False,-29.958286,-26.90686,-26.924307,-30.077972,-31.962435,-33.172028,-33.295055,-33.43262,-35.978584,-40.425003,-39.555973,-37.57737,-36.630722,-37.245476,-39.294098,-38.304382,-41.34596,-43.178062,-46.376045,-51.487675,-49.91531,-50.051228,-50.56682,-53.14097,-54.041977,-57.382664,-56.30813,-58.057407,-60.361374,-62.951538,-64.546326,-67.848976
8928,False,-24.510069,-26.563309,-23.325092,-28.08511,-28.224358,-28.48473,-29.321049,-25.045559,-29.671017,-34.326797,-28.630074,-28.54322,-26.83105,-28.957561,-31.321848,-28.554821,-34.27342,-37.72414,-37.28401,-41.798508,-39.302956,-41.706978,-41.4803,-46.069912,-48.348026,-50.399452,-53.540108,-55.242863,-50.669865,-53.483376,-56.15442,-58.846745
8960,False,-21.314648,-25.822884,-24.892008,-27.940872,-30.312466,-29.264301,-34.30238,-31.776094,-33.23523,-36.035896,-33.395058,-39.639137,-37.199837,-34.4831,-39.477802,-41.54533,-42.54563,-43.827076,-45.633415,-47.17755,-48.363,-48.735603,-48.05014,-54.18744,-54.53399,-55.03495,-56.96189,-59.051224,-62.075554,-64.04317,-67.782,-68.9068
8992,False,-25.034363,-27.035683,-26.862617,-30.556993,-34.41781,-32.411446,-35.412285,-33.15264,-39.401237,-41.63539,-39.18898,-38.12696,-37.89184,-36.807064,-42.016598,-40.962025,-43.530853,-47.471848,-47.86421,-50.06886,-50.57196,-50.835915,-48.660778,-53.854195,-53.647423,-56.3059,-57.31034,-59.408894,-62.747726,-65.21648,-67.638336,-68.50325
9024,False,-26.091167,-30.680183,-27.358501,-29.607906,-29.147213,-32.487793,-42.19159,-34.736076,-36.914524,-37.63641,-37.13858,-42.3488,-43.21293,-40.340263,-46.271114,-47.42742,-46.59034,-47.13462,-48.296627,-51.551834,-51.608944,-50.919632,-45.76783,-52.88781,-55.20823,-56.38417,-58.776382,-60.521145,-62.13901,-64.595894,-67.39849,-68.67264
9056,False,-24.011795,-22.553146,-29.744799,-31.301851,-31.544937,-31.665384,-36.67219,-38.101597,-36.637817,-39.24617,-39.387653,-40.85609,-43.535812,-43.87938,-43.13655,-44.901505,-45.58367,-45.19083,-49.693295,-51.62832,-52.061058,-49.09641,-49.56424,-54.291874,-55.077606,-58.14406,-58.53141,-59.608032,-62.62016,-66.66339,-65.99984,-67.85746
9088,False,-24.099117,-26.473568,-29.060356,-33.81807,-34.096622,-32.249302,-36.782013,-39.101368,-36.60242,-42.233868,-37.728813,-39.03823,-40.31865,-41.40966,-40.405266,-45.770866,-47.064167,-47.62707,-50.251556,-50.67817,-52.32485,-49.86689,-51.146156,-56.05141,-53.672733,-56.123276,-57.727814,-59.138687,-61.72702,-63.820496,-66.00582,-69.24438
9120,False,-23.237469,-33.25131,-27.2021,-29.66373,-33.78407,-31.90337,-37.974697,-39.19999,-33.2442,-37.508766,-37.087433,-39.032223,-40.482018,-44.56532,-45.486713,-47.766422,-49.4138,-47.96091,-49.14984,-49.29501,-50.53381,-47.90988,-51.070503,-55.59958,-57.103977,-57.533794,-58.29676,-59.45007,-65.49782,-66.41007,-67.0025,-68.132706
9152,False,-26.627953,-29.439,-29.032162,-30.672745,-38.64937,-31.16566,-33.538815,-35.463005,-40.613895,-39.86133,-37.770775,-41.76075,-40.28116,-42.142395,-42.118706,-42.625156,-42.815987,-47.541748,-49.43975,-53.830738,-51.6745,-48.4889,-47.51632,-52.747845,-54.81089,-58.375587,-58.16642,-58.663383,-64.24277,-66.1033,-66.597206,-68.74923
9184,False,-29.410675,-27.555311,-25.975153,-27.750134,-35.067253,-30.143612,-37.223328,-37.981586,-39.87008,-39.951347,-41.859657,-41.61585,-44.04986,-40.208855,-40.667118,-42.465286,-46.067333,-47.464928,-46.789032,-50.838654,-53.548626,-50.64592,-49.710064,-54.09091,-53.564793,-55.997776,-57.77336,-59.6714,-62.65814,-66.71541,-67.84506,-68.871826
9216,False,-23.493683,-23.909,-24.395515,-30.205383,-29.760931,-32.229305,-38.833996,-36.075424,-38.063713,-41.881996,-40.50062,-43.044807,-39.36065,-40.48187,-44.12465,-43.487686,-46.2429,-46.79509,-49.26938,-50.914055,-49.989925,-51.5244,-49.432526,-55.51897,-55.972942,-56.397087,-57.229584,-59.894447,-63.440723,-64.88419,-67.39665,-68.86775
9248,False,-23.42059,-29.238825,-27.543999,-33.81182,-33.926567,-35.365234,-36.627266,-34.183384,-35.720345,-40.76854,-42.354027,-44.614162,-40.10008,-39.81337,-46.613304,-46.926857,-45.777607,-45.368694,-47.68398,-51.041985,-49.92843,-49.85282,-47.702705,-55.26046,-54.388428,-54.5782,-56.89924,-59.616528,-63.683434,-65.215126,-67.23419,-68.8483
9280,False,-23.700533,-26.58529,-27.892687,-31.32517,-33.866676,-31.448343,-40.67755,-39.796112,-40.67858,-39.650066,-41.06945,-38.146137,-41.228428,-44.27154,-46.379086,-44.38517,-45.630783,-45.492287,-46.47679,-49.141735,-49.51896,-50.973164,-51.480522,-55.205902,-55.71563,-56.111122,-58.115707,-57.728706,-61.98635,-66.077644,-67.12762,-70.10491
9312,False,-24.914057,-24.245037,-24.878847,-28.847763,-32.613354,-31.163418,-36.627518,-36.717075,-35.336006,-38.42742,-37.76474,-40.57746,-39.783966,-38.29519,-42.480736,-43.244762,-46.62805,-47.064533,-45.577866,-49.206776,-47.669586,-49.831818,-49.980278,-53.10237,-53.521378,-57.325478,-59.912586,-61.251,-64.18111,-66.571205,-68.364365,-70.168945
9344,False,-20.746977,-26.987629,-28.12387,-30.905807,-31.702019,-30.708912,-36.60066,-39.51344,-36.341957,-36.823887,-35.80959,-39.71538,-41.833153,-39.522766,-41.184025,-44.8974,-47.106823,-47.439346,-49.369766,-49.140564,-52.145653,-53.004303,-53.328785,-53.642937,-55.46289,-58.24722,-59.15497,-62.1421,-63.68505,-66.06914,-67.883316,-68.54524
9376,False,-29.352152,-26.924854,-31.909735,-35.843433,-32.899185,-31.980415,-35.766106,-38.250507,-35.99297,-39.317604,-38.777203,-42.807785,-40.650276,-38.852535,-43.744396,-42.66731,-46.53719,-48.669415,-48.728233,-49.63662,-50.59637,-48.128437,-48.825356,-54.307858,-55.049995,-56.683468,-58.984226,-61.75577,-63.604256,-65.40561,-67.90282,-70.22598
9408,False,-30.33677,-26.01374,-28.729698,-32.97649,-33.23373,-34.702072,-35.67445,-35.36188,-35.230324,-37.93341,-38.317734,-41.994164,-44.04186,-43.322197,-44.798435,-43.343388,-45.41123,-47.080578,-48.645462,-50.1509,-50.035557,-49.97196,-52.18389,-56.35489,-56.704464,-58.184296,-57.868416,-60.942673,-64.03728,-65.1066,-66.24,-68.52774
9440,False,-26.439905,-27.033787,-30.669918,-32.083378,-35.13922,-38.292347,-42.271072,-40.902576,-38.023293,-43.45051,-39.504917,-41.982246,-42.032894,-40.562054,-41.363693,-42.7569,-47.472572,-49.20041,-48.79239,-48.508972,-49.48036,-50.51821,-52.106403,-54.356964,-55.596508,-56.638657,-58.45831,-59.840286,-61.918846,-64.15881,-67.019775,-68.6802
9472,False,-26.752827,-26.234428,-24.827015,-21.528177,-26.097614,-27.596416,-24.728355,-21.888847,-26.778204,-32.96774,-29.907381,-23.457073,-22.962963,-21.786255,-22.611483,-19.546822,-22.05181,-24.987116,-29.51941,-35.064487,-29.241894,-28.377287,-26.747791,-30.414207,-29.027708,-27.331388,-30.352404,-24.641697,-18.924559,-19.465544,-23.570408,-26.438028
9504,False,-27.196608,-24.733152,-24.50893,-25.971785,-28.028984,-28.309782,-33.143234,-26.832901,-31.181353,-37.393173,-31.668732,-31.408236,-30.815868,-26.830173,-30.2952,-29.192392,-33.801914,-38.278687,-35.163517,-39.74283,-37.342304,-34.618927,-37.510487,-40.87171,-39.612427,-38.15514,-37.84146,-36.050762,-30.299494,-31.799974,-35.647408,-37.74115
9536,False,-26.924908,-25.66837,-21.879911,-28.479153,-30.15311,-31.1944,-37.522903,-33.613705,-35.247578,-41.159588,-40.503586,-34.7388,-37.638287,-32.843506,-37.762993,-39.386017,-40.333984,-40.896988,-42.44017,-45.932663,-43.349842,-39.810303,-43.63272,-45.160442,-46.133537,-43.88216,-43.039265,-41.623478,-37.806763,-38.07246,-44.35803,-46.459213
9568,False,-23.43134,-24.677238,-29.586992,-26.609978,-32.22505,-30.568502,-36.143517,-37.428745,-39.09223,-40.284477,-37.25498,-38.519802,-39.720654,-38.124615,-42.972622,-40.692017,-40.590652,-40.83469,-46.457058,-48.64982,-47.26935,-41.403748,-43.899773,-47.372604,-49.34218,-46.63581,-46.529087,-47.19905,-40.633484,-42.683113,-49.227795,-51.23074
9600,False,-28.55661,-25.033884,-28.201775,-33.4475,-33.065952,-28.704865,-35.53897,-37.462635,-36.863647,-38.389854,-37.561867,-38.557335,-39.548805,-40.92634,-42.257263,-41.25984,-43.787235,-45.13617,-45.52631,-48.0843,-47.362217,-47.810436,-49.040825,-51.00986,-50.13182,-49.381557,-47.32528,-50.24662,-48.235107,-49.14955,-54.075855,-55.836678
9632,False,-24.529255,-25.724903,-25.478767,-27.684475,-38.7894,-33.459774,-34.749256,-38.24294,-42.365448,-38.04145,-36.02507,-41.547424,-43.330616,-42.17033,-42.198074,-40.117817,-45.132923,-47.78017,-48.928684,-49.51654,-48.766792,-50.40483,-50.42299,-53.786568,-54.086052,-52.147938,-52.19729,-52.193443,-52.157074,-54.01494,-58.29037,-61.743713
9664,False,-25.804178,-28.997105,-26.92581,-28.672438,-34.48214,-39.844055,-39.408634,-36.58703,-36.87551,-40.25907,-39.76931,-42.56777,-39.479507,-40.256874,-44.6744,-44.226936,-45.60629,-47.09407,-47.18517,-50.46901,-51.23239,-49.746147,-52.507572,-52.802395,-54.01211,-54.673553,-54.039146,-55.75371,-52.57598,-55.563873,-62.007633,-63.73626
9696,False,-26.843433,-26.019817,-29.177727,-33.5655,-33.62401,-33.61551,-34.94757,-35.15186,-34.791374,-42.714638,-40.78202,-45.102707,-44.187603,-41.014828,-43.623394,-42.297768,-44.927612,-45.686,-46.684986,-51.579964,-52.013206,-51.105137,-52.484787,-53.447304,-55.47338,-54.005085,-56.45485,-56.56982,-58.961006,-61.10412,-64.951744,-66.65593
9728,False,-25.947784,-28.39296,-29.31267,-30.536503,-33.023506,-29.783665,-36.127483,-39.0487,-39.928562,-40.16819,-40.12575,-41.33033,-44.064484,-42.7666,-42.89526,-41.998882,-45.56836,-45.716278,-50.772724,-50.88131,-51.49724,-49.178585,-50.111195,-54.311367,-54.818535,-55.710354,-57.17615,-59.23813,-60.956017,-64.17502,-67.26344,-69.26331
9760,False,-21.217651,-25.600264,-29.629295,-37.546425,-41.263832,-35.90432,-36.325512,-37.0747,-37.705444,-37.64239,-36.89931,-45.053596,-44.455917,-42.383926,-45.98887,-40.35707,-46.175346,-49.732292,-48.732346,-50.194515,-49.16727,-50.378166,-52.302055,-55.121914,-55.01328,-55.595703,-57.598343,-60.79811,-62.99261,-64.413765,-68.88532,-69.41529
9792,False,-24.775133,-29.082798,-31.555183,-33.332264,-34.152813,-30.27573,-36.06108,-41.78672,-42.365475,-41.7771,-43.375515,-40.771656,-42.902,-49.053604,-44.403,-42.186222,-47.187695,-48.62978,-46.41966,-48.618866,-52.616787,-51.384846,-53.217236,-53.40532,-55.45643,-57.861137,-59.839157,-61.088444,-62.772327,-64.145676,-69.14159,-70.274796
9824,False,-29.545135,-26.572676,-24.045618,-28.887985,-32.597214,-32.32499,-39.758293,-36.69682,-37.10722,-40.603477,-39.12106,-42.073437,-42.5577,-41.72611,-41.42109,-43.89721,-48.80884,-50.98094,-49.960064,-51.37883,-50.216583,-50.131054,-52.99253,-55.076214,-55.38787,-57.546684,-59.89609,-59.85611,-62.595818,-65.24018,-68.587105,-68.92848
9856,False,-23.987236,-26.01631,-25.321327,-29.321503,-34.331,-32.889133,-38.48225,-39.694454,-38.27777,-39.51056,-37.787354,-40.382866,-42.23353,-43.78691,-42.711258,-44.3104,-46.81495,-50.039448,-48.542175,-50.224857,-51.66043,-50.27779,-51.56706,-54.33388,-56.388134,-57.37406,-57.75751,-58.214245,-63.81191,-66.125565,-68.813385,-68.974106
9888,False,-24.875086,-25.404995,-26.722446,-28.117407,-34.408985,-30.180437,-36.252213,-34.505383,-38.332752,-39.173252,-35.837044,-36.82568,-42.460613,-43.187317,-44.60821,-43.37875,-46.703293,-49.70529,-49.68113,-47.779175,-49.556107,-52.563347,-54.023167,-54.50169,-54.934498,-57.120445,-57.460205,-59.335285,-63.612003,-65.36021,-66.289055,-68.043015
9920,False,-26.095886,-26.712978,-26.622929,-31.331072,-33.472263,-33.563034,-35.08697,-38.021152,-37.50651,-40.15969,-40.038357,-42.321056,-41.49744,-40.35141,-42.902946,-44.151493,-46.891228,-46.98252,-46.345413,-51.564247,-50.067215,-50.59576,-50.69307,-55.347515,-54.130917,-56.419937,-57.381023,-58.82673,-62.760296,-65.36076,-68.08435,-69.21364
9952,False,-24.882805,-27.51253,-27.141113,-29.319887,-30.363827,-31.679092,-37.702515,-37.237236,-37.570415,-37.2269,-35.386513,-38.348103,-42.168804,-40.56893,-43.146973,-42.815308,-47.726883,-49.070747,-47.137352,-47.04462,-46.610634,-51.674824,-52.796432,-56.080173,-57.5275,-57.536526,-58.441433,-59.110245,-61.584923,-63.831314,-67.45822,-69.5483
9984,False,-21.668346,-25.439865,-26.036003,-29.980045,-29.368084,-29.048803,-32.32609,-27.693377,-31.563812,-37.359474,-31.701214,-29.175413,-27.414959,-31.129288,-31.679209,-29.05568,-31.23023,-36.40907,-41.08629,-44.624897,-41.214325,-44.097397,-42.933117,-46.41167,-49.83394,-51.915565,-53.963654,-56.257233,-51.97348,-54.39652,-56.878525,-59.999752
