timestamp,faulty,band_0,band_1,band_2,band_3,band_4,band_5,band_6,band_7,band_8,band_9,band_10,band_11,band_12,band_13,band_14,band_15,band_16,band_17,band_18,band_19,band_20,band_21,band_22,band_23,band_24,band_25,band_26,band_27,band_28,band_29,band_30,band_31
0,True,-30.58979,-28.50307,-28.70153,-39.6533,-39.62189,-40.52175,-42.894142,-41.653473,-39.469597,-40.737007,-47.127426,-47.36016,-47.930664,-51.806007,-45.662827,-50.693413,-53.25898,-53.466087,-52.21135,-56.113853,-51.99656,-54.6267,-57.934326,-55.744324,-57.90258,-59.28151,-61.863197,-62.19637,-63.574127,-66.6152,-65.94997,-66.39355
32,True,-26.087934,-31.588959,-29.330975,-31.494062,-29.367493,-32.053516,-37.449398,-36.96442,-36.333538,-42.392902,-42.3685,-43.471733,-42.487473,-44.74067,-41.461136,-44.62149,-45.60988,-48.0125,-51.92463,-52.008854,-54.077812,-52.78805,-54.89098,-57.22133,-57.978577,-60.778397,-60.769657,-64.75096,-66.80707,-68.890015,-70.56239,-70.374435
64,True,-26.309925,-25.912369,-28.291357,-30.217995,-29.16237,-32.566418,-37.844822,-37.72413,-41.162796,-39.55972,-41.795692,-39.723244,-43.739468,-44.610237,-45.645683,-46.18428,-48.38307,-49.56234,-49.045128,-51.572662,-51.509216,-50.28266,-55.766407,-56.876453,-57.139977,-58.910217,-61.04621,-65.99292,-67.950455,-68.797775,-70.74069,-71.91054
96,True,-24.562433,-27.944565,-24.500916,-33.051647,-29.17719,-30.657768,-39.403843,-36.932682,-34.25648,-37.63263,-45.815956,-41.86121,-40.730843,-44.448364,-42.643265,-45.079018,-46.890545,-47.90842,-48.96074,-52.33803,-52.916092,-51.624645,-52.811317,-54.53518,-55.878162,-58.582054,-61.142097,-63.715115,-67.46567,-69.876945,-70.46562,-72.719986
128,True,-27.026575,-30.248363,-27.576763,-31.015587,-31.235004,-32.459435,-34.974762,-36.25112,-36.59365,-38.28645,-37.873684,-42.067795,-39.604076,-40.73463,-41.938747,-46.39612,-48.869514,-47.121597,-50.022583,-51.171112,-52.046623,-52.34123,-56.833187,-58.177666,-57.158638,-61.828003,-63.38551,-65.696075,-69.02038,-68.674545,-70.81444,-70.948265
160,True,-24.740545,-25.428661,-26.995087,-33.201317,-30.89504,-29.865274,-36.47902,-33.986557,-36.17291,-40.527298,-39.36703,-39.20232,-40.00049,-42.917305,-41.4456,-44.18154,-45.4063,-47.308662,-45.47802,-48.260643,-50.499313,-52.66527,-55.285267,-57.238102,-58.124195,-61.217255,-62.94185,-65.08835,-67.00584,-68.88948,-71.36762,-72.28967
192,True,-26.283134,-28.069107,-27.962618,-30.984005,-32.623615,-29.911432,-32.75515,-34.164467,-34.234684,-40.42272,-42.815895,-41.884453,-42.813915,-44.175076,-43.866905,-47.37027,-47.44586,-48.663525,-48.896454,-49.95353,-50.984,-52.928696,-53.822,-56.82567,-56.93867,-60.978294,-60.7013,-63.620186,-65.70621,-68.93156,-70.500244,-72.22797
224,True,-22.569187,-26.222666,-26.627651,-31.593416,-33.44445,-29.543427,-34.500076,-39.143715,-39.117504,-38.355793,-43.146416,-45.234013,-46.62426,-45.005966,-45.133705,-44.876724,-45.73977,-48.808495,-51.05922,-53.36842,-49.260017,-50.891033,-53.36059,-57.990883,-58.98252,-61.273567,-61.592537,-65.067444,-66.00852,-69.07774,-70.8087,-72.78739
256,True,-27.118301,-26.98697,-22.305279,-31.784073,-34.180435,-33.42398,-36.155926,-38.146248,-37.189026,-38.22211,-44.333797,-44.513477,-41.732315,-43.774017,-48.121967,-48.741344,-45.484734,-49.709698,-48.006042,-49.62797,-52.18879,-53.058464,-55.290466,-57.497524,-57.73951,-60.849243,-60.992428,-62.5024,-65.7409,-69.33573,-70.606705,-71.082756
288,True,-27.713432,-30.105715,-29.18111,-32.680283,-34.194256,-31.146198,-35.281548,-33.981518,-41.52807,-44.469105,-43.46955,-40.757755,-41.486374,-42.59652,-41.555958,-44.664135,-47.393703,-48.265495,-47.965584,-50.86692,-51.160583,-53.25886,-55.088364,-58.05422,-58.87397,-60.10986,-61.804775,-62.859272,-66.57472,-67.28503,-70.37244,-71.074615
320,True,-23.004866,-29.79195,-25.689432,-29.878958,-33.892025,-36.058773,-34.8825,-37.25272,-41.187916,-37.870075,-44.32611,-40.549084,-41.484894,-42.624283,-46.49156,-45.57955,-45.439754,-48.05162,-52.29418,-51.742725,-50.410824,-52.78637,-55.794033,-56.072334,-57.527916,-59.924316,-61.766468,-62.65717,-66.61461,-69.19292,-71.74324,-72.54245
352,True,-29.914959,-27.392366,-26.50316,-34.964127,-36.19931,-33.0802,-39.53447,-37.5683,-35.42637,-41.81759,-44.05522,-44.0894,-42.42691,-44.170452,-45.121223,-45.22688,-46.003918,-49.149837,-48.218918,-49.65971,-50.909294,-51.433,-53.5004,-57.043453,-57.25432,-60.26204,-63.93858,-63.456245,-67.82925,-70.04379,-71.878365,-70.598305
384,True,-25.8383,-29.887173,-24.947243,-31.591743,-31.611414,-33.53661,-39.11531,-32.627903,-34.20551,-40.49888,-40.641052,-42.607155,-42.35767,-47.30135,-46.274643,-45.961742,-49.001877,-47.220936,-48.66844,-52.143448,-53.417213,-52.017513,-55.076767,-58.19029,-59.226753,-59.069183,-62.06437,-62.53819,-64.94627,-68.22312,-70.39246,-73.16164
416,True,-25.557158,-29.554783,-24.16981,-27.930851,-32.049816,-31.627853,-37.520054,-33.097515,-32.646523,-37.142937,-42.2556,-41.148468,-41.342808,-43.01068,-45.45856,-44.782417,-45.333702,-48.61137,-48.3408,-51.048668,-52.431183,-49.37994,-54.0675,-57.61271,-60.61978,-60.078423,-60.57161,-61.565666,-66.365524,-69.446365,-70.615555,-72.05093
448,True,-25.654028,-25.885551,-25.304525,-31.405142,-29.404638,-31.69418,-36.335987,-32.635056,-34.871086,-38.490997,-41.718563,-46.204662,-42.340145,-47.633854,-43.233543,-44.40479,-47.431503,-47.473255,-49.78618,-50.743668,-52.375294,-53.616646,-55.892197,-56.757965,-58.687153,-59.533516,-61.40501,-64.54415,-68.41962,-72.17944,-72.210724,-72.450165
480,True,-29.118622,-30.213453,-29.13055,-30.509079,-31.77409,-33.66427,-36.217045,-37.59077,-38.06952,-40.359158,-42.918762,-44.648,-41.280396,-42.628853,-42.267605,-44.50337,-48.142315,-50.7641,-49.66944,-50.974735,-51.287582,-50.844765,-54.603386,-54.81157,-57.761253,-58.979,-62.513657,-65.053566,-67.15492,-69.86075,-71.790115,-72.22817
512,True,-23.466507,-26.296013,-24.208963,-27.510042,-30.93864,-34.01974,-34.4622,-35.01919,-35.512817,-40.207535,-43.470036,-43.94945,-45.585083,-42.49141,-41.354584,-42.494072,-45.60888,-50.214195,-48.322296,-51.326622,-48.780716,-51.139397,-54.942703,-58.623543,-57.302704,-59.671394,-61.04399,-63.497345,-67.59644,-69.79972,-71.28565,-71.58784
544,True,-26.790274,-26.19673,-23.731632,-32.601936,-36.98699,-37.451874,-31.184713,-34.813686,-35.68829,-37.196537,-41.674133,-38.746532,-38.595585,-40.943066,-44.95484,-45.806355,-45.74911,-49.58615,-50.922447,-50.065773,-52.1389,-53.027443,-55.729942,-56.73044,-58.641235,-59.17629,-62.23339,-64.964226,-66.72233,-69.342316,-71.62543,-71.41785
576,True,-24.861927,-28.948915,-24.909342,-30.848213,-31.111187,-32.672913,-34.73731,-38.594364,-38.13109,-39.419247,-39.847656,-43.18211,-40.994606,-43.21692,-44.66387,-46.949924,-46.1671,-47.16545,-49.46858,-51.756817,-51.219692,-51.52894,-55.121044,-56.334454,-57.31573,-58.961685,-63.012558,-63.942474,-65.9522,-69.23506,-71.87753,-71.78222
608,True,-25.548355,-24.980833,-26.93754,-31.721085,-32.57811,-33.035957,-34.12198,-35.408245,-36.752354,-39.94446,-39.066196,-39.03594,-39.622494,-45.226803,-43.321785,-45.77066,-48.033333,-50.30803,-48.349537,-49.98199,-51.30912,-51.731598,-55.024548,-57.628635,-58.064266,-59.414154,-61.178345,-64.4823,-67.32894,-69.40316,-70.601974,-72.63754
640,True,-23.163118,-27.29708,-30.575748,-32.53103,-30.940762,-31.615131,-34.57919,-35.69647,-34.439106,-36.57087,-39.718708,-38.596493,-41.961914,-40.60864,-41.97956,-45.066433,-44.844604,-48.595352,-48.600597,-49.963913,-50.97185,-51.657692,-54.356552,-56.86521,-57.27793,-60.2808,-60.400467,-64.9009,-68.59392,-69.16581,-69.87782,-72.25002
672,True,-27.674591,-25.872967,-22.963037,-27.44682,-32.960926,-33.842453,-36.50064,-39.737705,-38.715965,-39.963566,-41.810474,-44.357113,-45.353184,-42.74683,-45.347572,-46.191635,-46.364357,-49.620193,-48.350075,-50.774117,-51.29136,-50.852047,-55.39616,-57.245365,-62.29843,-60.488953,-62.210064,-64.72135,-67.01536,-69.77962,-70.03955,-72.913055
704,True,-24.724596,-26.268707,-28.001852,-30.139437,-32.256706,-34.58115,-38.599026,-41.07578,-42.1687,-39.310917,-37.97346,-44.1308,-41.822987,-41.69723,-40.981552,-43.74521,-46.60316,-48.942104,-48.199036,-51.995804,-50.807198,-51.817856,-55.454006,-58.925224,-59.38504,-59.676785,-63.428085,-65.49454,-68.5854,-71.159676,-70.850975,-71.728455
736,True,-21.827423,-26.66437,-26.94674,-30.743906,-31.635738,-33.107117,-32.274685,-35.667706,-36.087013,-38.50294,-39.95028,-43.724167,-43.10747,-42.497307,-45.60952,-45.306683,-47.94571,-48.10753,-51.530006,-53.650696,-51.1259,-52.07203,-54.90263,-58.15924,-55.825752,-58.929,-61.14414,-63.67571,-68.54739,-70.23723,-71.94429,-71.292816
768,True,-25.779154,-28.56344,-28.8102,-30.457935,-34.050175,-32.27241,-38.647057,-39.22817,-38.364555,-37.97879,-38.851788,-39.070248,-40.18583,-46.872677,-44.010117,-45.934998,-48.86393,-49.20296,-48.77161,-49.76082,-51.075535,-51.567425,-56.60475,-58.49497,-62.149094,-61.657185,-60.407654,-62.946774,-68.831696,-71.484955,-72.57386,-72.635185
800,True,-24.546385,-24.877203,-24.860233,-30.756285,-32.86809,-34.856384,-33.695755,-34.00566,-35.109344,-36.713707,-40.41531,-42.095715,-40.66974,-39.656918,-42.754913,-43.737778,-49.334557,-49.30824,-48.8807,-50.64745,-51.411827,-52.923622,-57.394863,-57.54499,-58.912083,-61.47965,-64.71182,-64.72703,-66.719376,-68.61896,-72.18225,-71.71585
832,True,-24.99238,-26.672043,-24.322819,-31.09158,-30.682077,-33.416664,-36.44171,-33.978485,-39.288593,-40.799847,-38.10158,-43.00537,-39.29483,-44.63144,-41.18817,-42.99583,-48.316833,-48.124527,-48.486725,-52.44289,-52.41655,-56.985897,-57.255684,-58.313786,-57.555508,-61.921936,-61.43246,-63.90287,-68.339134,-69.46425,-69.90273,-70.55386
864,True,-25.36905,-28.531378,-27.605715,-33.21673,-29.940475,-32.53538,-38.556095,-39.087585,-39.53282,-39.332355,-41.00802,-42.93707,-39.787666,-40.227722,-40.148487,-43.653122,-45.11357,-45.694637,-50.12635,-50.370274,-52.621593,-53.50069,-55.99737,-58.428413,-62.704506,-60.397247,-61.917725,-64.088844,-66.94886,-68.78274,-71.94804,-72.28936
896,True,-24.384497,-27.167591,-23.819138,-25.015446,-29.313595,-30.966595,-34.2155,-35.65505,-37.245373,-43.91231,-45.966896,-37.503967,-40.34161,-44.192245,-39.305733,-45.208153,-42.219063,-46.465446,-47.665825,-49.46316,-49.175873,-54.549507,-57.125458,-58.901638,-57.315933,-58.757523,-62.125412,-65.80355,-67.56025,-69.819435,-70.746956,-71.76261
928,True,-26.843647,-26.386463,-24.27845,-26.368069,-29.867565,-30.086628,-32.228973,-33.75523,-38.785835,-39.09187,-38.700474,-41.021503,-43.812042,-40.03822,-40.398018,-43.580826,-43.006496,-46.857086,-49.729515,-48.403503,-52.000572,-52.50231,-53.557526,-56.72584,-58.77664,-60.71843,-60.39555,-62.17807,-66.62549,-68.59214,-70.48909,-72.067955
960,True,-23.015776,-27.61406,-25.33241,-27.772083,-32.730137,-29.208586,-35.820118,-36.630116,-37.45249,-40.48821,-39.279865,-44.610252,-40.40144,-39.300575,-44.0698,-42.97762,-43.330387,-47.319202,-48.815456,-53.006447,-52.756577,-52.446095,-53.890682,-56.18054,-57.84127,-58.77472,-60.310417,-65.376205,-65.95338,-68.49537,-71.38419,-71.29726
992,True,-23.605812,-29.037401,-25.659103,-26.726078,-30.649805,-34.716766,-35.747726,-35.082233,-35.087685,-37.14996,-39.161217,-41.85614,-39.466225,-40.861744,-44.453506,-44.13205,-44.989048,-47.692596,-49.167133,-50.053017,-50.56812,-50.012535,-54.647087,-56.537712,-57.660675,-59.6834,-60.654102,-63.150627,-68.05687,-71.3623,-70.632256,-74.31392
1024,True,-24.735126,-29.497269,-24.14362,-29.44506,-32.58543,-36.849464,-39.62006,-38.000412,-35.95861,-39.173428,-39.42729,-38.941,-38.025543,-40.86102,-42.267677,-44.789665,-46.339283,-48.046356,-48.83571,-50.053177,-51.681168,-52.135254,-55.178318,-56.30163,-58.21554,-61.477036,-62.09097,-63.76935,-64.92805,-69.784966,-70.320854,-71.34559
1056,True,-23.794147,-30.10892,-25.222052,-29.024097,-31.290081,-30.174286,-35.059055,-37.452824,-36.971733,-36.42922,-43.598972,-38.76429,-37.66662,-40.0943,-43.148064,-44.47625,-44.78169,-47.92399,-49.071484,-50.446247,-49.444996,-51.66591,-56.14154,-58.270714,-56.927307,-59.888706,-60.574184,-63.965435,-67.22265,-67.88661,-70.46079,-72.730644
1088,True,-27.929043,-28.653276,-21.902065,-26.88353,-32.093407,-31.455362,-36.019825,-39.690178,-39.162365,-40.97364,-39.06938,-37.85894,-39.91034,-41.81553,-41.456345,-43.722557,-48.16918,-47.95581,-50.859604,-51.425,-52.036304,-51.7981,-53.197342,-57.763138,-58.170868,-59.466824,-60.89138,-63.40342,-66.40181,-67.67265,-69.46856,-71.534065
1120,True,-25.408964,-28.584192,-25.496704,-33.010307,-32.571938,-34.39151,-36.5919,-35.107677,-35.682457,-38.021713,-39.59983,-39.830635,-42.39267,-44.51541,-41.738087,-43.86889,-46.348427,-50.838783,-49.374634,-52.937016,-53.64177,-56.195198,-56.14693,-56.279816,-57.57749,-59.95574,-62.579556,-63.792248,-68.06803,-70.94677,-72.375175,-71.97952
1152,True,-22.621475,-28.87231,-27.095875,-32.28046,-32.65285,-30.643646,-36.75615,-37.01988,-33.431824,-35.71113,-41.6823,-39.89149,-39.853214,-41.49134,-45.295715,-45.39662,-47.132076,-48.80674,-47.89122,-47.429,-52.24333,-53.812805,-53.412567,-57.80864,-60.222515,-60.221134,-61.31581,-63.455944,-67.29634,-69.25697,-69.2547,-71.36019
1184,True,-24.531128,-28.144821,-25.566288,-29.573502,-33.63726,-31.83812,-33.181026,-34.678875,-32.5889,-39.621944,-42.104958,-45.406853,-40.747772,-44.282707,-45.53293,-48.872086,-46.46978,-48.793106,-49.929718,-51.56979,-52.902412,-52.667053,-55.493797,-57.211563,-58.306442,-59.18694,-62.551533,-65.6563,-66.05789,-67.220055,-70.73367,-70.87051
1216,True,-25.975685,-27.371943,-26.057785,-29.61628,-32.114586,-32.614784,-34.551197,-39.464336,-41.094627,-40.172905,-39.51324,-40.81993,-44.640068,-43.33208,-45.859673,-44.374016,-42.932358,-47.650993,-50.141834,-48.89633,-52.02104,-52.837685,-56.54453,-56.388428,-57.169285,-58.00801,-60.867363,-64.08463,-66.65546,-69.019196,-71.26869,-69.95831
1248,True,-26.240788,-25.540752,-26.274681,-29.494793,-33.441376,-32.176834,-35.211254,-35.688393,-36.3948,-40.246735,-38.402363,-42.844597,-42.79751,-44.651863,-42.719856,-45.526978,-49.040695,-48.519653,-51.831512,-52.41754,-53.433372,-53.222996,-55.483707,-56.379505,-57.235035,-60.88591,-61.809162,-63.155525,-66.85881,-68.942635,-71.00252,-70.98777
1280,True,-26.83653,-27.260742,-26.029024,-31.27064,-31.953047,-32.46452,-34.436718,-33.08266,-35.466587,-38.74444,-40.636093,-39.643642,-41.404602,-46.9066,-43.905525,-46.22006,-48.392105,-49.360847,-49.46618,-50.171494,-52.93422,-51.260456,-53.46988,-57.018852,-56.35969,-59.32798,-60.198486,-62.094917,-66.972015,-68.80072,-71.20135,-71.474724
1312,True,-26.307472,-27.999556,-28.301868,-34.68796,-34.926903,-35.052162,-34.998722,-40.343483,-34.96079,-37.940674,-39.363464,-40.22028,-43.548065,-42.82765,-43.680035,-48.956493,-47.173637,-47.871456,-49.703197,-50.55442,-50.719837,-51.170254,-56.491447,-58.01907,-57.255894,-58.24143,-63.27491,-63.511627,-64.695404,-67.30989,-71.64839,-73.17307
1344,True,-24.504547,-32.005707,-32.09728,-33.078228,-32.443413,-33.970905,-35.61164,-37.11543,-34.137516,-35.8073,-40.90071,-41.7241,-40.935776,-44.03545,-43.311733,-41.741367,-44.288826,-48.872856,-49.34932,-52.66153,-54.322197,-52.446743,-54.66444,-56.837624,-57.505745,-58.53811,-61.826405,-64.38495,-67.29763,-69.07416,-69.700714,-71.26461
1376,True,-27.438631,-26.23245,-23.79916,-29.230831,-33.59942,-32.9408,-32.46683,-36.409966,-34.12617,-37.173782,-38.34325,-42.954178,-39.491142,-44.64547,-42.65416,-44.616623,-48.37384,-49.075325,-46.809364,-51.394783,-53.58554,-52.620872,-53.09581,-54.45923,-57.08072,-58.122986,-61.329784,-63.851948,-66.85097,-68.261765,-72.38332,-71.30035
1408,True,-27.314568,-29.56322,-27.267254,-28.352169,-29.862389,-30.6332,-39.50724,-36.535908,-38.494377,-36.68682,-40.710983,-40.45285,-40.037216,-45.868164,-41.42486,-45.11503,-45.888702,-46.076973,-47.05105,-51.836784,-52.060055,-52.132576,-53.43804,-56.62483,-57.775955,-59.887756,-62.99212,-63.388832,-66.58389,-70.182045,-70.9052,-72.85129
1440,True,-23.740551,-24.824202,-23.472855,-26.4841,-33.5406,-34.17666,-37.16021,-37.85989,-37.868103,-37.421516,-44.764236,-39.427658,-40.84111,-44.185184,-42.249416,-45.855556,-48.412872,-48.013702,-48.722725,-50.699165,-51.652298,-51.95955,-54.731056,-57.234924,-57.83074,-58.956238,-61.279797,-64.344444,-67.60533,-69.919945,-70.87442,-71.14156
1472,True,-24.45494,-27.98726,-26.413658,-29.492132,-33.26151,-35.010674,-39.719357,-39.39657,-36.277367,-39.52703,-41.052555,-42.581917,-39.817806,-43.456306,-43.720123,-45.854664,-46.24529,-48.54245,-50.057266,-51.531044,-50.85838,-51.607494,-56.058964,-56.372036,-57.142403,-59.930183,-62.642216,-65.182785,-66.451096,-67.703606,-70.381134,-72.01101
1504,True,-25.987808,-23.741623,-26.613495,-30.693115,-29.728943,-28.941105,-35.350197,-38.93526,-37.107056,-36.886147,-40.54375,-41.194366,-40.19934,-42.96398,-42.004692,-43.49382,-46.785885,-51.062702,-53.26371,-53.449142,-48.71408,-51.2759,-55.824265,-56.861916,-59.07123,-59.60375,-60.726524,-62.85279,-66.80573,-69.36037,-69.2021,-72.318405
1536,True,-28.499937,-27.118967,-25.499294,-31.104252,-32.341377,-29.397333,-32.27938,-33.58926,-37.439228,-39.824158,-42.93657,-44.4871,-41.95838,-42.558113,-44.219025,-45.26748,-47.119617,-46.72346,-49.44036,-49.68695,-54.729843,-53.609043,-55.50859,-57.89473,-57.66987,-57.901836,-61.251797,-65.13193,-67.79223,-69.2237,-71.90724,-72.18155
1568,True,-25.543621,-28.922558,-29.514244,-30.439522,-32.495106,-34.655468,-35.34961,-38.44276,-39.90255,-38.646877,-40.971077,-40.118713,-41.575874,-46.717903,-40.929455,-44.400475,-47.80198,-50.188988,-47.316,-50.80956,-53.20323,-50.88031,-52.782883,-55.89263,-57.628113,-60.069252,-60.1948,-64.77213,-68.08046,-70.04912,-72.352234,-72.49582
1600,True,-24.4136,-26.80655,-27.202763,-34.414234,-35.558464,-35.11577,-36.52307,-36.712894,-35.226585,-39.028538,-41.490334,-44.58184,-44.807816,-44.96627,-45.968094,-45.307472,-47.267803,-48.004547,-50.05475,-53.216568,-54.086685,-52.342293,-54.45665,-57.316704,-57.0404,-58.502735,-61.619953,-65.13276,-67.626656,-68.386024,-70.54158,-73.52992
1632,True,-33.258404,-25.77221,-24.552689,-29.437704,-31.03633,-32.406315,-33.8342,-35.39248,-36.527817,-39.522633,-40.843334,-42.63307,-40.263157,-49.443253,-43.114067,-43.750233,-46.865047,-49.740353,-51.095486,-49.585434,-51.52431,-51.844826,-55.656944,-58.00879,-58.15275,-58.428345,-61.715336,-65.016655,-66.18911,-68.24131,-70.25346,-72.57326
1664,True,-25.365868,-29.64036,-24.666986,-27.990536,-31.824295,-33.55631,-35.089294,-36.34767,-36.37672,-39.83045,-41.010826,-40.781975,-45.040024,-43.77147,-43.802685,-41.19651,-46.792088,-51.250923,-45.97927,-50.901,-52.395485,-53.211056,-54.85891,-60.59247,-61.54634,-60.158783,-62.193623,-64.525154,-68.395164,-68.941696,-70.53239,-71.831375
1696,True,-25.151205,-27.467339,-28.158339,-24.492489,-27.783665,-31.44246,-34.986572,-37.624123,-39.18624,-43.186115,-37.190117,-39.72877,-42.19341,-45.83362,-42.567043,-44.47946,-47.83865,-47.672726,-49.956642,-53.053886,-53.309303,-54.195038,-54.62135,-56.686264,-58.128105,-59.217487,-62.160248,-63.34511,-68.30123,-69.13314,-71.86537,-72.88635
1728,True,-26.663523,-27.194498,-24.553165,-31.223465,-32.913548,-34.48245,-38.70354,-38.08268,-36.21829,-40.770836,-41.177536,-41.125774,-43.048264,-44.269844,-44.17522,-46.61683,-47.300514,-48.08613,-50.355545,-53.61645,-53.609886,-53.888226,-55.613842,-57.30276,-60.420082,-59.698883,-61.454277,-63.834995,-66.52933,-68.74187,-70.55115,-72.93273
1760,True,-26.494911,-29.546959,-33.75029,-31.382849,-32.531937,-30.470915,-33.71057,-40.873558,-41.117348,-40.430813,-39.39401,-40.1125,-41.149185,-48.045624,-44.605843,-46.54469,-47.55652,-48.8946,-54.912457,-52.981068,-52.597557,-51.661335,-55.95745,-57.117706,-58.8152,-59.910244,-61.766533,-64.1532,-66.72023,-69.25035,-72.28509,-71.56963
1792,True,-25.819998,-29.108515,-29.126043,-35.104546,-33.752586,-35.609333,-37.389202,-38.038338,-36.9711,-40.63242,-44.063282,-42.382835,-41.895187,-47.91407,-46.089127,-42.378662,-47.765022,-48.303223,-49.511574,-51.210617,-55.20737,-53.448795,-54.844086,-56.73268,-57.76079,-59.207092,-60.43486,-63.49994,-67.12039,-68.751564,-70.75229,-71.02757
1824,True,-24.40947,-26.785194,-26.155483,-30.259142,-32.454678,-35.150135,-36.503845,-34.281357,-35.940475,-37.560215,-40.21984,-44.554405,-40.53586,-46.08826,-43.541077,-44.33139,-47.95189,-48.845078,-50.082493,-51.27501,-53.322166,-54.64055,-54.78724,-56.25311,-57.272995,-57.717712,-62.8516,-65.99,-68.5056,-70.089195,-71.37772,-72.89611
1856,True,-28.010378,-26.698116,-25.432957,-28.868984,-29.248877,-34.168755,-37.16128,-36.34847,-36.936428,-42.428497,-44.542015,-41.146805,-44.61659,-43.48243,-43.32008,-45.6829,-47.621185,-47.494755,-48.47118,-52.675594,-54.814697,-54.719658,-55.384094,-58.75606,-60.04235,-60.426846,-64.38162,-64.78898,-68.12222,-70.370155,-71.24861,-73.34721
1888,True,-23.702696,-27.570621,-27.61124,-30.424541,-30.9964,-35.784637,-35.98073,-37.376637,-39.383453,-43.688244,-41.74701,-41.926826,-42.632744,-43.243332,-42.284832,-43.28163,-47.19108,-47.176285,-49.74838,-52.11992,-52.209534,-53.918175,-55.71396,-57.683838,-59.450005,-60.87953,-61.8519,-64.24408,-67.59602,-68.606285,-71.5699,-73.59287
1920,True,-28.356207,-29.518074,-29.199371,-26.192661,-30.247639,-33.993088,-37.75065,-38.622246,-37.2932,-42.53791,-43.353073,-43.578117,-43.862167,-42.097008,-40.7737,-42.019726,-46.560917,-50.947433,-50.232475,-53.64383,-53.926506,-53.909344,-55.421013,-57.208023,-60.92188,-60.83965,-61.171165,-64.54928,-65.389244,-69.07653,-72.255104,-74.13398
1952,True,-25.08854,-26.286903,-25.319443,-29.651176,-30.15233,-29.88124,-33.075195,-38.15889,-36.651222,-40.355263,-42.608547,-39.55605,-39.69512,-41.059563,-43.084126,-41.9615,-43.839794,-49.16647,-51.332417,-50.628376,-51.058178,-52.993515,-55.42284,-58.615265,-59.864902,-60.397728,-63.30608,-65.91508,-69.00863,-69.18992,-70.85558,-72.78469
1984,True,-23.170181,-24.693836,-27.303972,-28.898819,-30.394611,-32.87462,-34.155987,-35.52112,-36.265312,-38.46145,-38.341103,-41.618492,-42.292614,-39.948658,-42.43986,-42.013706,-43.181007,-46.89528,-49.82412,-50.984043,-51.44065,-53.721146,-53.790924,-57.603184,-58.407845,-57.070625,-59.635803,-52.6079,-48.007393,-47.3286,-49.23442,-51.567173
2016,True,-23.649586,-23.604204,-25.662941,-31.974543,-29.43476,-26.327126,-29.8124,-29.421064,-30.874191,-34.808937,-36.72807,-32.901787,-35.910427,-37.490936,-35.765633,-32.06119,-28.748695,-32.43852,-39.985176,-42.151024,-42.0457,-42.07956,-43.931343,-46.23876,-45.6946,-41.143284,-37.843872,-33.916428,-29.333168,-31.220638,-32.511745,-33.06078
2048,True,-23.965624,-25.50998,-27.409353,-31.532555,-29.492493,-30.423504,-34.93569,-36.392475,-31.554968,-37.0071,-40.602146,-42.507,-43.72458,-43.496304,-40.64602,-41.21744,-40.59939,-45.597557,-45.602486,-49.18788,-49.69056,-50.215473,-54.67419,-54.706722,-55.593346,-54.69601,-53.65782,-48.856903,-43.92469,-47.341953,-48.449116,-47.644424
2080,True,-26.193016,-27.812706,-27.181747,-31.213737,-30.863703,-32.689083,-33.02268,-37.25114,-38.93974,-39.161057,-40.506687,-39.91426,-43.56625,-42.366104,-41.819233,-46.903248,-44.38791,-44.72549,-50.34651,-50.921814,-51.190838,-50.10594,-55.438248,-58.11928,-54.60035,-57.190838,-57.205,-56.358303,-50.725548,-52.086166,-54.30082,-54.89368
2112,True,-26.075356,-28.239481,-27.079586,-31.816797,-36.923283,-31.892347,-33.88,-36.5454,-37.476257,-39.514717,-39.751385,-42.045982,-45.747868,-40.769344,-40.807922,-44.53035,-44.80141,-47.35292,-48.491974,-49.127777,-48.03606,-50.21895,-54.89452,-56.265354,-58.09646,-59.11451,-59.305656,-58.90387,-55.271496,-57.671772,-59.502316,-60.13027
2144,True,-30.34621,-28.60419,-27.164577,-29.225574,-33.97973,-33.015984,-36.60526,-39.565334,-40.577656,-37.593018,-41.509407,-41.42283,-40.534977,-42.71093,-39.343884,-41.55232,-43.798313,-48.250328,-49.378033,-51.705444,-52.055546,-51.72905,-53.14318,-57.83051,-58.167885,-60.539642,-59.912903,-62.8201,-59.057217,-61.37658,-62.12607,-64.27043
2176,True,-24.346182,-26.317287,-28.04781,-30.957079,-32.31508,-34.255844,-34.945255,-35.443638,-35.1778,-40.2623,-40.386703,-43.718155,-43.794575,-43.26638,-42.63556,-45.83296,-45.251343,-47.02704,-52.264248,-52.64264,-51.639984,-52.87268,-54.86835,-57.093525,-59.569206,-60.335697,-60.100983,-61.514057,-62.136032,-64.58802,-67.5027,-68.32999
2208,True,-24.152975,-23.007051,-24.264801,-27.140907,-34.308647,-33.052834,-36.24936,-38.675926,-35.319324,-35.551735,-41.18569,-38.160877,-44.061287,-44.806366,-41.051613,-44.78004,-45.15538,-46.804344,-50.23746,-51.64602,-53.20457,-52.54344,-55.73731,-58.8105,-58.61129,-60.04064,-61.200546,-62.930305,-63.635384,-66.839,-69.768036,-68.67313
2240,True,-26.936932,-27.881042,-26.610485,-30.709383,-34.57616,-36.43059,-35.028656,-33.902252,-37.302383,-39.352818,-40.729183,-40.657204,-39.67403,-41.0362,-41.985622,-43.15824,-44.948296,-46.159443,-48.035355,-51.072517,-52.157387,-52.60185,-55.111866,-58.06727,-59.671906,-61.368782,-62.936977,-64.23112,-66.5749,-67.95613,-69.98047,-70.757286
2272,True,-24.86906,-27.45719,-26.200642,-29.48011,-27.632774,-32.37796,-38.0093,-36.48427,-36.88106,-39.097927,-41.826942,-44.000603,-39.439373,-42.708664,-40.87608,-45.07368,-50.634506,-52.63955,-50.081924,-50.52616,-54.394325,-55.622574,-55.417175,-57.44719,-57.32336,-59.42234,-61.76096,-63.374557,-65.86081,-67.27688,-69.87083,-70.86885
2304,True,-25.526672,-26.188484,-26.339588,-29.27802,-32.56123,-32.08767,-34.801716,-34.92596,-36.247066,-41.608566,-39.979374,-42.934372,-42.46425,-43.05469,-38.680504,-42.03501,-48.130867,-49.018482,-52.256275,-52.08989,-49.943184,-51.88976,-57.304535,-57.72507,-57.764072,-60.50945,-61.51548,-62.879204,-66.23592,-68.7964,-71.4543,-72.30481
2336,True,-23.115856,-29.956402,-28.488691,-29.775032,-31.550982,-32.79973,-41.11616,-34.9648,-36.404587,-38.70054,-43.424946,-45.058678,-43.8265,-43.52915,-41.12576,-45.74048,-47.563004,-50.442665,-50.64642,-51.584564,-51.7532,-51.423615,-53.62333,-56.58091,-59.679203,-60.79431,-62.058144,-62.970158,-68.23651,-69.31396,-70.1653,-71.65962
2368,True,-25.565353,-27.309288,-26.650711,-28.789764,-34.665936,-34.749454,-39.81269,-37.264687,-36.86048,-40.002495,-40.420067,-43.089012,-43.085083,-44.89821,-42.64238,-45.200542,-47.35146,-49.84341,-50.169373,-51.406235,-52.029568,-52.803505,-55.717285,-58.222233,-58.88844,-58.945118,-61.166702,-63.660793,-67.27066,-68.78533,-70.929016,-71.812164
2400,True,-24.235899,-29.961145,-31.685045,-30.38208,-31.744305,-33.614227,-36.316425,-37.015156,-35.51003,-39.641495,-42.12037,-45.33895,-42.74151,-46.184734,-43.282475,-44.155563,-47.486362,-47.47522,-50.63276,-53.947414,-52.946606,-52.76878,-55.39328,-57.129814,-59.152493,-60.71487,-60.981094,-64.01358,-69.099106,-69.81078,-70.95888,-71.69351
2432,True,-26.561224,-25.349358,-26.895016,-27.879688,-33.123253,-27.900343,-30.487888,-39.787373,-35.570244,-39.62318,-44.14582,-40.4768,-43.022675,-43.562298,-45.751778,-44.792324,-47.7384,-47.84008,-49.076912,-52.183266,-51.48932,-52.085384,-55.53142,-56.67957,-59.337845,-59.73814,-61.811947,-65.57511,-69.14159,-69.90177,-71.84055,-71.22318
2464,True,-24.382954,-30.807571,-26.929007,-30.838097,-34.903587,-29.528723,-33.656174,-37.214188,-36.809128,-39.54292,-43.523064,-44.794384,-43.25173,-45.286217,-42.279472,-45.138428,-51.025463,-50.33093,-51.50328,-51.031246,-53.79441,-52.337498,-57.123634,-56.805138,-56.546474,-59.407726,-62.75112,-65.78274,-66.93147,-69.6688,-70.89842,-72.66597
2496,True,-23.22832,-26.316011,-24.048273,-27.507074,-33.578415,-35.336807,-36.442795,-36.863686,-38.691116,-41.28387,-42.521393,-45.466125,-43.531563,-41.412895,-43.97712,-45.32787,-46.346764,-49.43463,-48.547104,-52.08806,-53.035397,-54.670723,-56.913452,-57.13777,-59.53273,-60.80562,-62.054962,-64.28312,-67.000175,-69.389626,-68.8676,-71.16187
2528,True,-25.343458,-29.496977,-25.405113,-27.36026,-32.002083,-30.020329,-34.017937,-38.098507,-35.828968,-39.04346,-42.945744,-44.29373,-41.95551,-44.144913,-41.14161,-46.85495,-47.14347,-48.245087,-51.30548,-53.242874,-53.69326,-52.57812,-54.708904,-57.452297,-58.600395,-59.841866,-62.58689,-62.9719,-64.35941,-63.898144,-65.60739,-68.0447
2560,True,-21.954443,-28.619759,-28.944656,-33.90131,-32.92169,-32.51417,-36.186035,-36.334206,-33.352066,-37.005066,-41.46359,-42.277294,-45.111656,-44.79518,-45.45683,-46.30088,-48.10432,-47.194935,-50.05299,-48.715004,-50.387516,-51.63482,-53.308903,-55.179615,-56.359802,-57.827644,-55.318867,-54.056244,-54.857117,-53.772625,-54.02914,-58.037056
2592,True,-25.454044,-30.794746,-28.35472,-30.832747,-30.102867,-34.610657,-35.844757,-39.225143,-34.74233,-39.37626,-50.866848,-44.796318,-42.25779,-39.87013,-40.338165,-46.93121,-46.55203,-48.956493,-48.139767,-49.12751,-50.467587,-51.606857,-53.55744,-56.490677,-57.90785,-58.372993,-62.06775,-62.91422,-66.69928,-66.31994,-67.03142,-66.69266
2624,True,-26.732138,-26.036757,-24.315308,-28.6805,-31.290682,-32.41344,-37.329865,-39.028614,-37.715855,-42.291565,-43.511932,-41.745907,-40.923767,-41.8415,-44.06412,-45.799843,-46.280586,-46.389256,-49.039055,-51.649406,-52.980465,-54.86864,-56.500492,-56.600994,-59.29973,-60.03832,-61.99831,-63.339725,-66.56503,-68.01663,-69.46753,-70.17987
2656,True,-22.235401,-26.842535,-28.6658,-28.012945,-32.98864,-32.9132,-37.016376,-37.687603,-35.85245,-36.480213,-41.56777,-41.312176,-41.98234,-43.405857,-42.286243,-44.44269,-50.05587,-48.01799,-48.801937,-50.5908,-51.283516,-52.094704,-54.32707,-57.110447,-57.643974,-59.524456,-62.612114,-65.02296,-66.8851,-69.04577,-70.701706,-70.71015
2688,True,-23.51023,-28.230219,-26.49657,-31.606937,-33.4195,-28.558653,-36.184395,-34.826897,-34.63592,-38.571136,-42.596973,-44.174767,-40.936775,-45.541283,-43.85254,-44.083122,-47.204365,-52.732296,-50.705315,-52.270233,-51.616302,-49.842487,-54.16119,-58.114166,-58.866978,-59.012737,-61.79153,-64.37303,-66.90579,-67.22023,-70.44614,-72.161835
2720,True,-24.730392,-29.945816,-27.921017,-32.395332,-30.737741,-29.786968,-35.52563,-37.325527,-33.945976,-38.44198,-39.904907,-45.99363,-45.49715,-45.879234,-48.011204,-46.264534,-46.91379,-45.61123,-51.752186,-52.32875,-50.851254,-51.970158,-57.65778,-57.663506,-56.99642,-59.08676,-60.323418,-63.557426,-66.5582,-69.63092,-71.114265,-71.26254
2752,True,-24.479124,-24.299631,-26.541878,-29.603275,-32.012947,-31.93703,-36.638115,-37.365833,-39.27402,-39.12948,-41.969627,-41.21315,-44.035206,-44.543213,-44.60031,-49.548256,-49.70312,-47.555717,-51.189453,-51.800392,-52.213665,-50.44325,-54.967896,-58.329506,-58.62331,-59.301033,-59.487953,-64.00955,-65.294815,-68.31718,-72.192154,-71.15819
2784,True,-24.30354,-29.634409,-28.124884,-28.351955,-33.19371,-33.838604,-37.32122,-40.085377,-35.06123,-38.372555,-39.70833,-37.92397,-41.76212,-42.54741,-42.01956,-46.253544,-49.107933,-49.838997,-49.80843,-53.61303,-50.74668,-51.655014,-53.07933,-57.779583,-58.599678,-60.209953,-60.985493,-63.057556,-66.91914,-70.489845,-71.68199,-71.63151
2816,True,-27.473993,-29.250319,-26.355564,-31.896418,-32.513103,-37.63077,-37.359436,-37.683643,-33.19303,-35.182964,-44.10008,-40.715546,-42.686264,-40.65557,-42.45052,-46.059334,-45.692566,-47.14116,-49.42469,-50.98452,-50.011765,-51.90574,-56.639587,-59.5717,-61.378433,-60.382652,-61.778267,-64.185936,-66.7033,-68.68714,-71.188324,-72.25603
2848,True,-25.228268,-30.398094,-26.42501,-25.278797,-27.534399,-35.247387,-36.13128,-40.733864,-39.511917,-38.353573,-39.27551,-43.22171,-46.16916,-44.458794,-44.890854,-45.66964,-48.718647,-50.909256,-49.304367,-51.772385,-52.2313,-50.706512,-53.400246,-57.373806,-57.409786,-59.985832,-62.830963,-65.85464,-67.67087,-69.706795,-72.02852,-72.73865
2880,True,-23.523716,-23.590904,-28.748997,-32.962387,-30.640282,-34.760357,-36.114925,-38.67623,-39.992416,-47.018074,-40.766724,-44.664974,-44.909016,-44.99237,-45.39219,-49.077244,-44.46596,-45.568253,-51.298756,-48.63376,-51.141544,-52.127758,-53.436882,-59.583694,-60.770813,-59.80225,-62.919807,-64.294136,-65.98336,-69.75617,-70.32509,-71.78399
2912,True,-27.856716,-27.600132,-26.302124,-31.499538,-31.08545,-31.884087,-33.853497,-42.419693,-42.493973,-37.57036,-41.476894,-39.560627,-41.083794,-43.389046,-43.851852,-44.479176,-45.947433,-47.933372,-49.369106,-51.628044,-53.97593,-54.963448,-53.738487,-55.43388,-57.968773,-58.839653,-61.466507,-64.241135,-66.871025,-68.67824,-71.36775,-73.43545
2944,True,-27.36034,-22.879887,-26.270573,-35.72107,-33.18198,-31.05443,-33.262135,-33.19951,-37.080925,-38.928894,-39.97381,-37.38022,-42.3329,-45.49885,-45.10322,-46.24338,-45.458454,-48.164257,-47.99359,-51.300247,-52.84292,-53.663635,-55.68014,-55.806293,-58.291008,-62.076218,-62.012505,-64.29349,-66.43922,-69.47175,-71.476555,-70.20491
2976,True,-26.408693,-26.307846,-28.239145,-32.156883,-34.12008,-32.761772,-32.855057,-37.160145,-34.37821,-38.166798,-43.692474,-47.169495,-41.565224,-46.04573,-47.120117,-47.805275,-46.898438,-49.750343,-49.333073,-51.054264,-50.211014,-52.171513,-54.180523,-57.679348,-60.476425,-60.577217,-63.249477,-63.26813,-67.15966,-69.9642,-71.349266,-71.94938
3008,True,-25.708252,-28.377602,-30.698015,-32.8487,-29.268677,-33.757816,-35.158024,-38.004528,-37.7844,-37.11358,-39.123615,-41.13687,-38.526245,-43.232075,-44.590775,-45.788036,-49.102013,-49.236397,-48.364517,-53.103424,-49.461178,-52.152042,-55.783955,-56.763382,-58.914104,-61.50282,-63.063698,-64.281,-66.681656,-68.80243,-71.288124,-70.90599
3040,True,-24.27656,-25.243668,-28.72163,-29.910448,-36.401848,-33.581345,-37.168537,-36.363007,-34.694023,-38.404083,-34.324326,-40.51095,-41.868816,-41.193832,-41.78366,-45.22776,-46.080036,-47.912994,-48.19099,-48.595104,-52.518494,-52.38289,-55.7576,-59.09326,-59.826584,-61.63131,-62.72673,-63.48261,-67.72464,-70.29067,-72.10989,-71.62556
3072,True,-25.429678,-27.440598,-26.405914,-31.276688,-31.715576,-35.159565,-36.878647,-38.560303,-35.293705,-38.38723,-41.882446,-40.866188,-40.307434,-44.086914,-44.734272,-45.134586,-50.18547,-48.48228,-48.1094,-51.611008,-50.64816,-53.42386,-56.930046,-58.33065,-58.831257,-60.42813,-61.381393,-65.607056,-68.494,-69.31327,-71.575134,-71.726166
3104,True,-23.162174,-27.39241,-24.302917,-31.342358,-29.06457,-31.738918,-32.448586,-29.313107,-30.068836,-35.486557,-36.97613,-35.019947,-36.58203,-38.060966,-35.298965,-32.31129,-28.89326,-33.045868,-41.5569,-42.436653,-42.581306,-41.99001,-43.757637,-47.75143,-42.835854,-37.466778,-36.482124,-35.184673,-28.287228,-30.027977,-33.32472,-33.777107
3136,True,-23.516335,-24.105003,-23.845726,-27.377794,-33.76841,-28.431423,-34.673088,-35.717766,-34.328053,-40.165348,-40.564304,-39.848907,-43.487587,-44.277344,-43.16946,-42.192883,-39.76117,-42.42824,-45.463863,-47.431675,-47.31404,-48.92978,-51.20144,-53.9252,-52.749905,-50.564785,-48.115765,-48.44768,-43.019924,-44.65393,-44.942093,-45.55836
3168,True,-23.439674,-29.852268,-28.38757,-30.776909,-31.23435,-29.456993,-35.635548,-37.80064,-34.848633,-37.346313,-39.440407,-40.700268,-42.61118,-44.565395,-44.58279,-43.50359,-46.51636,-47.20362,-49.250084,-53.72432,-49.846058,-49.911797,-52.614494,-57.062706,-56.082382,-56.36856,-56.060673,-55.0581,-49.49837,-49.979088,-52.126,-52.406925
3200,True,-26.595783,-26.22421,-25.70442,-28.0202,-34.095516,-34.184555,-36.39016,-38.958557,-36.25864,-40.257946,-43.405666,-40.101334,-41.168938,-42.100166,-45.121445,-46.652122,-46.380558,-48.528057,-47.471012,-49.68412,-49.23216,-51.60131,-53.90579,-55.833466,-58.4125,-58.318886,-57.578278,-58.66386,-55.978703,-56.391914,-57.86918,-58.535057
3232,True,-23.731325,-27.72432,-24.584766,-31.346607,-34.57251,-32.918167,-35.932487,-38.37075,-34.732178,-40.78733,-41.650734,-40.210716,-42.365627,-46.184624,-41.10584,-43.72568,-45.50683,-50.298046,-50.258034,-51.903748,-53.580402,-53.078934,-56.31722,-56.892212,-58.001347,-59.003452,-59.69004,-61.24866,-57.667583,-60.478333,-62.59294,-63.302074
3264,True,-23.905432,-25.838188,-27.723953,-32.777412,-33.797085,-32.465305,-32.78566,-35.74388,-36.746704,-43.19767,-42.21378,-41.809875,-43.749447,-44.879814,-40.131325,-44.415646,-46.07008,-50.624786,-49.491302,-51.73197,-50.310368,-52.554287,-53.885075,-58.53463,-58.893642,-59.41342,-61.270985,-62.90871,-63.186867,-62.31552,-65.90213,-66.94238
3296,True,-27.018429,-26.190048,-27.694551,-30.328466,-32.915634,-32.16787,-35.9989,-39.410835,-38.258255,-40.5295,-44.310143,-38.90501,-41.795937,-46.64371,-44.747787,-44.06308,-45.659042,-47.860027,-50.000805,-53.160683,-50.4987,-50.741028,-54.5774,-58.658028,-58.22304,-59.027943,-60.589073,-61.315002,-64.17603,-65.91494,-68.38595,-69.56865
3328,True,-27.653685,-25.198772,-28.628395,-29.970108,-28.389877,-31.055885,-32.07591,-37.09533,-40.78457,-38.932976,-39.887283,-42.608112,-41.877174,-45.03643,-42.942024,-46.767574,-46.083412,-48.977337,-47.2537,-48.682747,-52.217613,-52.279198,-52.97129,-58.70411,-59.244873,-59.200356,-61.412907,-63.23631,-64.81889,-67.620476,-70.819885,-71.04989
3360,True,-25.028563,-26.576336,-25.891632,-29.657648,-29.062557,-31.232378,-31.299952,-37.403934,-38.218857,-40.302547,-41.545166,-41.500717,-40.282524,-44.359173,-44.226818,-44.958916,-45.936226,-50.24752,-49.33313,-51.637436,-52.478336,-50.730534,-55.535255,-56.4429,-58.49554,-58.64785,-62.077217,-63.88768,-66.46269,-68.83646,-71.898674,-71.850914
3392,True,-25.913267,-28.636438,-30.32407,-29.893925,-30.793438,-31.525215,-33.682808,-35.868458,-34.482628,-40.82546,-42.0222,-43.226185,-40.360916,-43.92031,-43.60056,-47.61959,-47.09679,-48.7496,-49.743958,-49.04598,-50.98865,-51.82365,-54.130043,-57.306236,-57.364136,-59.57512,-62.215508,-64.13934,-66.70182,-68.97459,-71.49459,-70.86102
3424,True,-24.939192,-25.8448,-26.20676,-31.304718,-32.59595,-32.872864,-36.565357,-35.95592,-33.941452,-38.05759,-45.164352,-42.093872,-42.889877,-42.741577,-42.3745,-45.482628,-44.76114,-47.88047,-46.955597,-47.599655,-50.756702,-52.34642,-55.457344,-57.182022,-55.811848,-58.689796,-61.21488,-63.76027,-68.988235,-69.161766,-71.42018,-71.9687
3456,True,-28.980804,-28.892426,-27.387732,-29.04877,-32.219902,-29.561213,-35.129063,-38.770416,-39.457504,-40.464672,-41.537098,-44.527687,-45.57917,-43.74137,-43.12056,-45.788578,-47.680336,-47.968506,-50.139725,-51.508957,-51.00429,-51.35143,-55.258564,-57.746773,-56.622944,-59.50501,-62.136505,-63.412804,-66.04989,-68.981,-71.280426,-70.836975
3488,True,-28.143675,-25.930988,-23.501114,-28.803574,-29.84641,-29.661362,-32.734562,-38.385788,-37.856773,-40.60559,-43.109623,-43.82521,-41.185852,-42.948853,-43.912697,-46.559006,-45.729034,-47.855778,-48.713665,-54.824833,-53.38219,-51.853157,-52.896637,-57.812138,-58.263145,-59.642517,-63.766323,-63.556747,-66.37878,-68.39524,-71.3999,-71.703705
3520,True,-29.819181,-27.168047,-26.206236,-27.741962,-31.865759,-30.945341,-36.49618,-34.50045,-33.531967,-42.733536,-48.315254,-41.479836,-39.915337,-44.350555,-42.762688,-47.099438,-47.168575,-45.611534,-48.38442,-53.98999,-53.793148,-51.40879,-54.25181,-57.596874,-57.249012,-61.57587,-61.701035,-63.200413,-66.26459,-68.19004,-71.30724,-71.72749
3552,True,-21.976902,-28.038671,-25.722563,-26.911669,-32.018314,-33.14468,-36.444702,-37.647625,-38.058537,-38.66873,-41.564682,-40.85369,-41.364613,-43.070564,-45.785366,-45.557343,-47.024,-47.26021,-49.942593,-50.040985,-51.59488,-54.83529,-54.58895,-58.39276,-57.629753,-59.70799,-62.186035,-64.054016,-66.11293,-68.99823,-69.89484,-71.18972
3584,True,-29.397095,-26.265678,-28.704617,-28.747875,-32.879974,-33.728302,-36.85784,-40.03734,-40.80989,-40.59599,-40.308727,-43.35404,-42.39682,-41.99493,-43.15054,-44.779034,-48.95252,-50.936466,-50.61663,-49.99741,-51.6431,-51.90733,-54.70684,-58.52942,-58.899826,-59.47933,-61.820534,-65.06023,-67.873215,-69.18117,-70.122536,-71.78308
3616,True,-26.291039,-31.533611,-23.213772,-30.439285,-33.484905,-30.502132,-34.256027,-39.36831,-35.185104,-40.764164,-37.10616,-37.203186,-44.961628,-44.80167,-44.61683,-42.8903,-45.380646,-48.25565,-49.250637,-52.686653,-52.63828,-52.0934,-54.202843,-58.77662,-58.77579,-58.11172,-62.097744,-64.36876,-65.79407,-66.94392,-69.52796,-70.215775
3648,True,-24.092503,-26.153067,-24.601707,-31.275677,-31.895256,-30.172338,-35.40188,-38.641224,-37.87217,-38.261486,-40.734364,-41.366867,-40.545696,-43.645786,-42.245884,-42.890034,-46.017693,-47.988922,-47.926003,-51.2182,-52.701546,-51.882977,-53.575634,-55.22112,-57.42859,-57.77558,-54.197712,-53.32458,-54.23552,-52.585518,-53.734047,-56.861435
3680,True,-24.964062,-27.666157,-26.597065,-29.067938,-31.659996,-35.265785,-37.071873,-43.80954,-44.945534,-41.62237,-41.121197,-43.189053,-46.742516,-44.636196,-44.01504,-46.928894,-45.277676,-48.395924,-49.071827,-50.9186,-51.926636,-52.807182,-56.106815,-58.133003,-58.61316,-60.730938,-60.561966,-63.068016,-65.031746,-64.98869,-66.34554,-67.88514
3712,True,-27.921406,-26.0409,-28.25954,-30.607817,-29.512936,-31.621134,-36.93276,-34.915497,-39.525486,-40.52839,-42.846718,-43.33279,-43.990063,-43.616646,-42.571518,-45.14933,-45.071434,-48.238914,-50.493626,-50.153984,-50.415287,-49.44568,-53.327366,-56.825924,-56.486053,-58.09143,-62.016693,-64.974525,-67.02798,-67.89838,-69.06714,-69.61888
3744,True,-23.712444,-27.758926,-24.968273,-29.495714,-30.40721,-32.92132,-33.78068,-35.82122,-39.054417,-39.54938,-41.817635,-42.182648,-41.078526,-44.11461,-47.433857,-42.505413,-45.19407,-47.236893,-49.68004,-51.65326,-53.57511,-52.87831,-55.669636,-57.52272,-58.44295,-58.909184,-62.752895,-63.505936,-66.87729,-67.65227,-69.40913,-70.18771
3776,True,-26.95754,-27.523272,-25.277765,-28.593372,-31.680878,-34.32946,-34.89501,-37.57891,-43.808792,-40.514038,-42.696236,-45.463146,-44.765125,-43.35094,-44.289757,-44.068645,-46.63782,-50.260124,-51.751522,-49.96267,-51.5511,-51.76906,-55.34893,-57.88137,-57.908157,-58.83701,-60.26915,-62.123722,-64.954994,-68.58783,-69.17412,-69.98465
3808,True,-28.629198,-28.469734,-26.964796,-29.92619,-32.440617,-31.79461,-31.54768,-37.666897,-37.09273,-37.65088,-41.60326,-46.21576,-44.286922,-41.571075,-44.74245,-43.645626,-46.44133,-50.16733,-50.702076,-52.719505,-51.552334,-50.33285,-54.30053,-57.685818,-58.568935,-59.37572,-60.946365,-62.600956,-65.79255,-68.239716,-70.63754,-70.61476
3840,True,-24.679722,-24.293549,-25.831974,-31.52129,-31.446512,-27.547909,-36.27689,-38.496174,-36.826347,-40.725613,-41.553,-43.072517,-42.733185,-47.761646,-41.56708,-43.39412,-45.48344,-49.50354,-49.52227,-50.976696,-52.72242,-50.786087,-54.69288,-57.989956,-58.39138,-61.04937,-63.322887,-65.66528,-65.07813,-67.89207,-68.83084,-71.16226
3872,True,-25.603926,-24.31526,-24.807,-28.511541,-33.478165,-35.04138,-36.91632,-39.3308,-36.72237,-38.389168,-43.656364,-41.983475,-41.11058,-43.803383,-45.86566,-44.599575,-46.614,-47.002663,-49.315483,-52.420914,-53.30595,-53.08854,-52.727875,-55.922585,-58.608456,-59.75316,-60.097137,-62.818905,-66.344444,-69.70697,-71.2761,-71.155914
3904,True,-24.258614,-22.79768,-23.65547,-25.565128,-28.545828,-32.306396,-33.850697,-38.697063,-39.390495,-35.662735,-41.40299,-43.43129,-43.648647,-46.0615,-42.142452,-41.84356,-43.33279,-47.613937,-48.538418,-50.224705,-52.416794,-52.00041,-54.061745,-59.098976,-58.54062,-60.63109,-64.02433,-64.041916,-66.716095,-68.99154,-70.36421,-70.84622
3936,True,-26.998842,-27.222359,-26.402151,-29.718771,-31.523561,-31.978237,-38.817562,-38.332527,-40.193233,-40.90384,-43.769516,-39.677742,-40.833923,-43.872993,-38.581367,-45.154922,-46.476498,-46.754765,-48.100533,-50.399776,-50.135437,-50.803436,-53.79349,-55.749336,-57.409725,-60.45004,-62.845913,-64.220116,-67.41025,-69.043755,-71.16304,-71.76109
3968,True,-23.999504,-28.198498,-21.15942,-25.701881,-32.349945,-36.09524,-36.540436,-35.814518,-36.037975,-38.269165,-41.940914,-42.786747,-41.93363,-47.463856,-43.179558,-43.105846,-45.740475,-49.948925,-49.67437,-51.885777,-52.537453,-51.16138,-55.404716,-58.960457,-57.71046,-57.914986,-62.31778,-65.20273,-67.037766,-69.129875,-70.04228,-71.416306
4000,True,-23.282671,-26.489952,-26.226427,-30.81339,-31.620281,-28.145515,-35.01896,-36.807053,-36.327652,-40.873417,-39.96438,-38.45248,-42.717243,-44.40147,-42.416824,-45.325775,-48.12056,-47.512623,-51.6596,-50.316566,-51.457397,-51.166557,-55.54556,-58.23277,-58.26637,-59.046974,-62.78994,-64.22247,-67.19754,-68.94972,-71.98694,-71.56167
4032,True,-23.36224,-29.63177,-27.340887,-31.42143,-31.67569,-32.476562,-36.40326,-37.0088,-35.88938,-36.37938,-39.9984,-40.755287,-41.021004,-42.744987,-46.41136,-48.433002,-49.67453,-49.31321,-53.448418,-53.102684,-52.954628,-54.059414,-54.816322,-58.430386,-57.546345,-60.212593,-61.80532,-63.40835,-67.11358,-67.70767,-70.315765,-70.779594
4064,True,-22.777477,-24.746845,-25.002699,-28.93084,-35.50936,-37.678097,-39.55275,-39.744534,-40.049255,-40.990784,-39.24792,-39.829643,-43.21175,-42.564922,-42.36341,-44.922302,-48.260254,-46.526146,-49.80152,-50.675835,-51.15835,-52.569805,-53.972225,-57.942795,-58.715637,-60.220932,-61.58833,-63.821693,-67.56532,-67.874435,-70.39532,-70.63559
4096,True,-25.014435,-26.232323,-27.89815,-30.109642,-32.881172,-32.916573,-37.514206,-42.18954,-41.13166,-40.870647,-41.44329,-41.046986,-43.909245,-44.015305,-45.071472,-45.975433,-46.350193,-48.045387,-49.491215,-49.166435,-51.845932,-50.627132,-54.25951,-55.335526,-57.70968,-58.906776,-62.241325,-62.985912,-65.93018,-69.09541,-71.523926,-70.07681
4128,True,-24.902697,-24.793419,-22.276468,-27.072756,-34.14475,-32.518143,-35.95302,-39.83197,-38.17193,-40.372387,-41.357025,-41.364716,-40.115208,-41.86673,-42.87509,-44.82811,-46.455246,-48.35255,-48.882404,-52.032494,-52.645416,-51.902603,-55.098793,-55.667194,-58.970238,-58.643394,-62.026154,-64.147316,-66.08933,-68.27897,-68.82055,-69.99121
4160,True,-22.925318,-27.903547,-31.691868,-28.148468,-30.208569,-32.588562,-34.810646,-36.9099,-42.229935,-40.629314,-38.034725,-42.19526,-41.712727,-44.339043,-40.496628,-43.32993,-47.089886,-47.94571,-48.06201,-50.210564,-52.48176,-52.59768,-54.2251,-56.50891,-58.577133,-60.873238,-63.322178,-64.769005,-67.07686,-68.32533,-70.67638,-70.362144
4192,True,-27.896282,-24.703564,-25.602345,-27.790468,-27.307589,-31.37408,-31.77211,-31.404118,-33.738777,-34.656727,-35.259277,-32.564453,-36.579224,-40.613934,-33.87364,-31.5325,-29.50574,-34.42697,-44.71679,-44.73785,-44.10702,-42.951385,-43.961143,-49.07984,-44.786686,-38.167843,-37.71382,-37.280354,-29.076027,-29.523533,-34.526745,-34.67108
4224,True,-27.013243,-25.66104,-26.38939,-33.504723,-31.74936,-26.751787,-34.2746,-33.071064,-34.02055,-36.856026,-40.306595,-40.476147,-42.14601,-40.52455,-42.29239,-42.01935,-37.91028,-40.7367,-46.594826,-47.995827,-46.972656,-48.35807,-51.903687,-54.283516,-51.958233,-49.274612,-47.205452,-47.29429,-41.714092,-42.41958,-43.9331,-43.835815
4256,True,-23.408943,-24.836357,-23.000359,-28.869556,-28.834805,-29.263653,-33.60493,-36.63508,-32.25914,-37.308834,-38.98095,-38.096176,-42.726673,-46.78993,-42.65633,-44.65494,-45.313774,-46.870647,-47.705215,-51.33136,-50.48223,-50.716652,-52.927204,-53.378376,-57.421185,-56.996574,-55.77393,-55.135437,-48.466354,-48.407394,-51.651382,-52.788235
4288,True,-24.562033,-23.11499,-23.20073,-26.86553,-29.852522,-29.939533,-33.911575,-37.006958,-36.499752,-38.727936,-39.27137,-42.13074,-43.438854,-43.03195,-41.28192,-43.90974,-45.509773,-48.084217,-50.590977,-52.85471,-49.30822,-50.3966,-53.962326,-56.09733,-58.518005,-58.534157,-57.968792,-59.067024,-54.39621,-53.90106,-57.504253,-58.54344
4320,True,-23.316877,-26.849773,-22.223558,-26.95637,-31.987068,-36.912506,-35.76187,-36.961315,-39.816765,-42.949978,-40.413265,-41.179184,-43.171,-44.1223,-40.12072,-44.60957,-45.900837,-47.119564,-49.50171,-49.77575,-50.818882,-52.68806,-55.6313,-58.26519,-59.186607,-60.3218,-59.68068,-61.569054,-56.550068,-59.53286,-62.78093,-63.194714
4352,True,-24.838055,-29.79874,-25.676548,-27.925163,-31.40479,-32.556873,-33.47098,-38.8523,-38.271286,-40.663902,-42.021812,-39.220535,-41.5501,-41.750683,-41.8445,-44.841732,-47.17848,-51.16508,-47.465244,-49.432697,-49.064697,-49.137444,-55.690567,-57.47288,-58.030735,-60.403557,-61.438637,-61.612587,-62.17339,-61.303677,-65.81605,-67.814186
4384,True,-23.024817,-26.27298,-27.554064,-28.74271,-33.7713,-33.936226,-36.262043,-37.141426,-35.406425,-36.67839,-41.740765,-42.688637,-44.247086,-44.38183,-42.924286,-45.58644,-48.399338,-48.9213,-49.87352,-52.88662,-52.86773,-52.603256,-55.012096,-55.023125,-57.748955,-61.068993,-61.13143,-62.526268,-64.30286,-65.41459,-66.83469,-68.787445
4416,True,-21.606638,-26.342318,-24.935558,-29.871197,-31.046406,-29.846537,-35.37924,-40.53413,-38.796432,-39.24467,-40.39925,-41.451218,-44.43296,-44.58385,-43.225292,-45.077385,-47.595524,-49.561043,-51.068462,-51.50891,-50.56557,-51.552967,-55.47617,-57.96738,-57.90249,-60.32034,-61.483566,-62.8121,-65.06018,-66.76987,-69.08486,-69.937416
4448,True,-28.709126,-25.37528,-27.538944,-28.654833,-32.86664,-32.108276,-35.963852,-37.44539,-41.813858,-37.786537,-40.859215,-44.156998,-45.087456,-42.124,-42.102768,-44.76172,-46.07695,-48.928925,-49.58058,-48.89518,-51.644386,-52.750492,-55.109615,-57.503014,-59.429585,-60.553383,-59.452744,-61.74195,-65.459175,-69.34502,-70.80619,-69.977936
4480,True,-29.406042,-25.032913,-24.173416,-30.364735,-30.038416,-32.1011,-39.290417,-35.306465,-37.93689,-39.68736,-38.89031,-42.9985,-44.517776,-42.430836,-41.649063,-43.27099,-45.83195,-47.146145,-50.66033,-50.365456,-51.907047,-51.15851,-53.61799,-57.303867,-57.046135,-58.00175,-60.522835,-62.486145,-66.93454,-68.39843,-70.53647,-71.315834
4512,True,-26.506481,-30.025059,-26.325016,-29.534431,-29.732166,-29.035908,-32.955223,-36.909374,-36.970596,-39.84205,-36.793762,-40.6625,-40.708878,-40.890945,-41.79481,-45.939278,-46.58949,-47.891235,-50.960556,-50.868507,-52.144295,-52.926918,-54.37825,-58.008686,-57.821125,-61.420204,-61.43829,-63.28068,-66.94295,-67.75648,-70.46069,-70.712585
4544,True,-23.488312,-28.05213,-27.97468,-31.870419,-35.703835,-32.84685,-35.23062,-37.976383,-39.75903,-39.7948,-38.519245,-38.327938,-43.04424,-43.23967,-44.13964,-43.234142,-43.723125,-46.946846,-49.61925,-52.48403,-52.271427,-54.256138,-55.795475,-57.435677,-57.488495,-61.571114,-61.158012,-63.193977,-69.01712,-69.91466,-69.82362,-70.38331
4576,True,-28.10136,-30.539604,-24.738922,-28.833366,-31.49127,-30.618467,-35.12943,-34.24244,-34.457153,-44.356747,-44.05787,-39.147865,-42.53544,-43.610367,-42.013237,-45.83632,-48.176025,-50.218185,-49.23,-50.41422,-50.147392,-52.41281,-54.64209,-57.649773,-58.397404,-59.11533,-61.520485,-62.64501,-67.38511,-69.21414,-70.153145,-70.345
4608,True,-26.672653,-29.179136,-25.549374,-27.973864,-29.738155,-33.255264,-36.07083,-38.473167,-39.29564,-39.05042,-41.687386,-41.570316,-42.81588,-44.809376,-43.213425,-45.365677,-45.03027,-50.01692,-50.600544,-52.550377,-53.416275,-52.51918,-55.27826,-57.629375,-61.34774,-59.30662,-61.587944,-62.608303,-65.241264,-69.12368,-69.626305,-71.893326
4640,True,-27.21848,-30.096893,-31.612701,-29.751701,-30.198462,-33.94428,-34.589344,-37.466816,-36.797375,-41.81888,-41.753944,-43.29155,-41.166695,-41.467796,-42.709206,-46.76605,-48.84157,-49.17785,-49.05755,-52.127575,-51.24785,-52.214172,-55.871998,-58.685894,-57.876163,-60.64984,-63.240658,-63.589443,-66.420456,-70.66425,-71.376656,-71.499084
4672,True,-23.72284,-25.271301,-25.71161,-28.598984,-30.501446,-29.662607,-33.398083,-38.86887,-36.883434,-38.698914,-39.155487,-40.290688,-43.590244,-48.02345,-44.211,-42.901382,-46.158356,-47.530464,-49.698494,-50.65925,-52.09516,-53.654465,-55.675755,-56.77937,-56.00611,-58.1011,-61.458626,-63.43995,-66.26513,-69.82155,-70.16341,-71.45014
4704,True,-26.083822,-27.745209,-26.321072,-29.514572,-34.711132,-37.155537,-37.736507,-36.94082,-36.483974,-35.29294,-38.816914,-43.693687,-40.620502,-40.301815,-40.768143,-43.79675,-46.35792,-48.9047,-48.24061,-49.252132,-51.614002,-52.094254,-53.58955,-57.565285,-58.682476,-61.95162,-64.01078,-63.50987,-65.97117,-68.26045,-70.505684,-71.33035
4736,True,-27.224577,-28.38436,-30.567629,-32.368446,-33.877808,-31.503418,-35.761875,-38.58245,-35.735847,-38.354755,-37.66072,-37.815594,-42.392353,-43.466755,-45.132797,-48.662964,-43.883442,-46.357323,-49.21927,-50.255856,-53.717316,-54.081017,-53.91831,-57.99952,-57.19876,-57.392117,-54.636086,-53.33534,-54.21967,-51.55236,-52.855392,-53.673702
4768,True,-24.159462,-27.323368,-24.315168,-33.772297,-33.994,-31.19322,-34.273666,-34.630684,-36.614777,-40.947662,-37.712616,-39.86452,-42.11048,-42.690945,-46.53087,-46.7181,-47.779423,-49.492393,-49.261646,-49.491234,-50.997887,-48.792892,-53.76419,-57.869324,-57.267017,-59.130196,-61.156116,-62.78106,-63.053585,-62.62116,-64.61555,-67.56456
4800,True,-25.947454,-26.314257,-30.101194,-33.97945,-33.319824,-32.69445,-34.966278,-36.6715,-38.683987,-43.09233,-40.93174,-37.653347,-39.942364,-42.90859,-42.881718,-44.48371,-49.53887,-48.309433,-50.218678,-51.28349,-48.907467,-51.290596,-54.22207,-56.845016,-59.291798,-59.95832,-63.05807,-63.68998,-64.92245,-64.94298,-66.800606,-71.15263
4832,True,-28.562325,-26.999891,-26.233938,-30.079004,-31.527832,-32.457867,-36.163784,-36.73401,-35.086193,-41.616856,-42.695526,-40.37533,-39.234184,-43.364,-42.36953,-41.437874,-48.8929,-50.016502,-50.867367,-54.05029,-52.987946,-51.020172,-54.835,-56.73703,-57.850986,-60.553608,-61.71665,-63.63127,-66.7138,-66.75037,-70.109375,-69.45712
4864,True,-23.795525,-28.34693,-25.99783,-29.33358,-35.092144,-33.269077,-37.36077,-36.59297,-38.632275,-43.41875,-47.109066,-39.59233,-39.434246,-43.745415,-42.469097,-46.365566,-46.737896,-46.36909,-46.92273,-52.207405,-52.01992,-52.397102,-53.435036,-56.11274,-57.703796,-59.11454,-61.735783,-63.24741,-67.235016,-69.00376,-69.82294,-70.85783
4896,True,-26.514528,-31.164658,-30.738316,-34.77713,-31.393984,-31.169807,-34.75037,-38.40598,-38.676155,-38.48094,-39.02516,-38.62593,-39.997284,-42.786804,-42.472946,-44.237423,-49.701294,-50.076927,-50.35284,-52.174896,-52.885376,-53.0972,-52.429546,-55.22725,-55.658997,-60.077225,-62.212463,-64.98752,-67.933426,-68.96467,-71.61084,-72.14074
4928,True,-24.866486,-28.89075,-26.11125,-32.04023,-35.00757,-32.806896,-37.945744,-39.618614,-34.98198,-40.180443,-40.422764,-39.779877,-40.07045,-42.43614,-42.411858,-42.98849,-43.506805,-47.652798,-50.220253,-51.99736,-53.502773,-53.208344,-53.209644,-56.493168,-58.479557,-61.73987,-61.931225,-63.400173,-67.62663,-69.555695,-70.136765,-72.072495
4960,True,-23.03909,-31.220922,-26.948746,-29.244339,-31.141598,-31.540392,-35.476646,-36.229637,-36.27141,-38.308586,-38.27294,-38.703278,-45.055435,-43.887917,-44.45127,-45.6858,-45.954586,-49.329624,-50.00593,-50.480164,-52.227192,-51.748085,-54.14713,-55.571007,-57.516857,-59.59783,-62.21396,-61.730885,-67.62168,-69.95506,-71.231964,-72.058716
4992,True,-25.60804,-28.64419,-26.506035,-30.044003,-33.095173,-34.354675,-38.06302,-36.585167,-37.22691,-40.66794,-42.70626,-40.645756,-41.352753,-42.925896,-45.30313,-47.49164,-48.741493,-48.93679,-51.77158,-51.33278,-52.253822,-52.366314,-54.7481,-55.715424,-57.59201,-60.25915,-60.806065,-63.45041,-65.8439,-68.55006,-70.59047,-71.82969
5024,True,-20.965492,-26.883173,-23.983267,-30.255987,-30.196018,-34.036568,-36.424847,-35.815414,-37.50911,-39.835472,-39.430145,-40.28794,-38.9959,-40.241577,-44.95224,-47.083153,-45.466915,-48.29681,-49.16913,-50.62966,-52.463387,-54.299618,-55.012375,-55.838642,-57.594246,-58.879566,-60.09108,-63.773342,-67.74873,-69.09507,-70.76091,-71.18354
5056,True,-25.616718,-30.024261,-28.140127,-26.98574,-27.735796,-31.725006,-36.39948,-36.013264,-40.05276,-41.1602,-40.226368,-40.484047,-40.5376,-40.463852,-41.76658,-47.77997,-48.52119,-49.80078,-48.634563,-48.73623,-52.194805,-51.305637,-54.224335,-57.645535,-57.913635,-59.130127,-61.081524,-63.939785,-66.23153,-68.17418,-71.436134,-72.166275
5088,True,-24.54458,-23.600758,-25.771673,-26.602009,-35.29774,-31.132484,-34.78596,-35.57402,-35.954433,-40.618393,-40.429268,-41.269917,-41.269646,-44.11427,-42.36875,-43.421272,-45.109238,-47.818295,-48.870476,-51.409775,-52.993973,-52.125416,-53.854527,-56.466995,-56.92505,-58.87598,-59.962116,-62.683792,-66.73082,-69.57847,-71.58808,-71.56441
5120,True,-28.94287,-27.372744,-28.57248,-29.647427,-31.876125,-32.394897,-37.83716,-36.44258,-35.1661,-39.89324,-40.313473,-40.276455,-41.321716,-39.28227,-45.469887,-47.014877,-46.311077,-48.110855,-48.48444,-50.57965,-51.314816,-51.729378,-53.690357,-55.704063,-58.723225,-61.187687,-62.372864,-62.645267,-66.81308,-71.422455,-72.11009,-72.27481
5152,True,-26.426565,-25.019617,-25.277832,-29.38714,-32.605244,-32.182526,-37.260014,-37.90903,-36.02027,-40.43814,-41.19265,-40.561188,-39.10164,-43.007435,-41.51995,-44.730488,-48.59356,-49.06923,-51.259937,-50.385727,-51.464554,-53.03576,-53.90814,-54.685402,-56.441162,-58.5744,-59.34267,-62.457775,-66.93678,-69.915,-70.2298,-71.559
5184,True,-27.040241,-30.520168,-26.340368,-29.680498,-31.04956,-31.737377,-35.769527,-35.76831,-38.42346,-40.935654,-42.047043,-41.53495,-41.401154,-43.95263,-42.837353,-41.472355,-45.995247,-48.831482,-49.599754,-50.17771,-49.94007,-53.450935,-53.774216,-57.25861,-57.503906,-58.42759,-61.054592,-63.667034,-67.08526,-70.115906,-70.899414,-71.433075
5216,True,-28.284903,-25.611227,-24.72663,-29.750885,-33.747967,-31.16125,-32.65983,-35.14273,-36.34646,-40.593224,-41.94242,-41.432377,-44.007687,-45.03458,-46.535713,-44.95083,-46.118668,-48.05119,-49.51705,-50.34145,-51.259647,-50.373276,-55.736088,-56.00897,-58.06086,-60.373863,-61.626087,-63.532036,-67.126656,-68.93813,-71.68493,-70.95174
5248,True,-27.926697,-30.569351,-25.65498,-27.847275,-32.51109,-32.10457,-38.097263,-40.733,-38.48785,-40.767784,-42.19094,-38.759872,-40.921898,-44.756004,-43.968185,-44.668076,-49.523254,-48.946266,-50.151447,-52.03263,-51.719707,-49.95465,-53.36419,-56.45102,-56.89693,-58.992966,-60.992397,-63.264214,-66.21337,-67.88478,-70.58688,-70.71418
5280,True,-25.670729,-26.334614,-26.27567,-28.386438,-30.01572,-32.29799,-35.517742,-35.476448,-36.46541,-41.243774,-41.19196,-39.43495,-39.901493,-43.273888,-40.43755,-40.400234,-38.76572,-43.114933,-47.821075,-49.88169,-51.426964,-50.86592,-51.396633,-55.189,-53.616875,-50.269287,-51.968044,-48.30664,-39.389545,-40.21794,-44.845222,-45.582024
5312,True,-27.898117,-30.30967,-27.244164,-29.490986,-33.86096,-27.366486,-32.958504,-29.873821,-32.074814,-38.792984,-39.91028,-36.953056,-36.155113,-40.47116,-37.504837,-35.052567,-31.033436,-35.074722,-45.37129,-44.129543,-43.841072,-44.120335,-44.879623,-50.291615,-46.360397,-41.524776,-38.67154,-35.72889,-31.390034,-33.436893,-36.69805,-37.555344
5344,True,-27.849405,-29.003046,-30.278507,-30.850895,-35.19832,-30.323618,-37.230766,-36.657497,-38.72022,-37.352474,-41.132847,-42.110603,-46.09081,-42.86999,-43.29275,-45.08017,-41.547474,-45.195,-50.45675,-51.775707,-50.95846,-48.506203,-54.690613,-54.96426,-53.726746,-55.691185,-53.315804,-49.901714,-46.303978,-48.111225,-50.288948,-50.542923
5376,True,-27.928583,-25.816744,-22.595842,-30.958408,-34.160374,-32.34096,-35.59216,-36.088387,-38.517273,-39.01792,-38.291916,-39.714058,-40.30626,-41.52132,-42.26412,-46.26683,-45.55664,-46.035988,-49.145874,-52.368973,-52.86436,-51.04305,-52.90664,-54.599007,-57.31301,-58.434906,-55.944344,-55.654724,-52.779156,-53.830162,-56.475998,-57.610985
5408,True,-27.322989,-31.766407,-30.393599,-30.903744,-28.742617,-32.326454,-35.531544,-37.638832,-38.387695,-44.10515,-40.235085,-39.360966,-40.66937,-41.038242,-42.623135,-43.86219,-46.239746,-46.941597,-49.714195,-51.66508,-52.38546,-51.39572,-53.935516,-56.63239,-56.58321,-58.428337,-58.556328,-57.93476,-55.312023,-57.445976,-60.038727,-61.319828
5440,True,-28.010628,-25.997078,-22.954098,-27.898384,-32.97186,-31.285435,-35.31493,-33.20227,-35.837242,-38.170353,-43.47451,-39.43023,-38.76038,-44.5005,-42.93331,-47.697304,-45.88024,-47.554436,-49.48803,-52.600613,-50.07851,-51.35866,-54.43417,-55.601433,-57.546272,-59.621758,-60.477478,-61.1776,-60.56162,-62.182602,-64.6125,-65.10321
5472,True,-24.26509,-25.461826,-29.704948,-29.26973,-32.700706,-35.547764,-33.755013,-33.70818,-35.78965,-38.395103,-40.975395,-43.375225,-38.522163,-42.78889,-48.15378,-49.52152,-45.704636,-47.728172,-49.375385,-52.125435,-54.038387,-52.956894,-55.426556,-56.48868,-58.626003,-60.20408,-58.951523,-60.15228,-62.98632,-65.102036,-68.188614,-69.495735
5504,True,-28.742275,-27.32452,-27.747507,-35.23017,-32.26051,-31.97996,-35.293022,-36.851597,-34.288383,-37.633575,-43.043602,-38.99081,-39.95042,-43.021347,-43.428497,-45.075066,-43.454514,-47.509506,-46.836388,-52.327072,-52.280663,-52.167213,-56.826065,-58.650936,-57.068726,-59.28625,-60.11344,-63.652428,-66.27639,-68.04899,-68.515114,-69.82041
5536,True,-25.758938,-29.932457,-29.404259,-30.961327,-30.870747,-32.73088,-31.750345,-36.340134,-40.660652,-39.386906,-39.898483,-41.418423,-39.825226,-40.95897,-44.752026,-45.33638,-44.466747,-47.185497,-49.40373,-50.85195,-50.67684,-52.778126,-54.024223,-56.92562,-58.13387,-60.204777,-62.41734,-64.24132,-66.59909,-68.947556,-70.17158,-72.323105
5568,True,-24.886923,-30.11223,-30.017006,-28.546694,-31.0257,-32.474808,-33.08275,-37.637363,-39.774303,-38.715206,-43.401047,-42.187733,-41.38595,-38.733006,-44.024727,-44.23456,-45.77105,-46.2319,-49.27237,-51.50525,-52.573494,-51.5414,-56.600143,-57.18632,-56.775055,-58.54093,-62.11563,-63.439682,-64.91703,-68.275314,-71.165085,-71.808556
5600,True,-27.002813,-27.191456,-27.260155,-29.337559,-32.48449,-31.709032,-34.81549,-34.142967,-33.920067,-36.548702,-41.921608,-41.342155,-41.259247,-40.2154,-42.44165,-42.12831,-45.55027,-48.871696,-49.022995,-51.545547,-51.45482,-49.6391,-55.117348,-58.06127,-56.98139,-60.506664,-61.9792,-62.797768,-66.67031,-68.98208,-72.24202,-72.05996
5632,True,-24.841917,-26.16398,-24.545595,-28.904428,-27.973368,-32.511932,-35.59744,-35.079666,-36.44989,-38.54358,-42.44584,-41.639194,-37.291832,-41.296505,-45.41508,-44.549934,-45.887295,-47.67118,-49.08062,-50.032166,-51.29053,-52.289753,-56.261223,-56.760983,-58.10971,-59.81688,-62.66104,-64.1513,-67.76509,-70.84912,-72.20143,-72.29296
5664,True,-24.68977,-25.508692,-27.23825,-32.91353,-33.38313,-30.98768,-39.62482,-38.840687,-40.5856,-39.73645,-37.897102,-38.514103,-40.532166,-40.084724,-42.004833,-45.859486,-47.013645,-47.508957,-49.426994,-50.269676,-52.070244,-52.515205,-54.112534,-56.400993,-57.43525,-58.372074,-61.81072,-64.97171,-67.971985,-71.31011,-71.54582,-73.07393
5696,True,-22.832422,-26.017567,-26.476803,-31.599957,-32.773964,-36.752438,-33.117268,-37.36955,-38.715904,-40.742893,-40.152634,-39.69317,-37.832535,-43.07598,-41.87813,-44.32524,-47.58561,-49.774178,-46.935917,-51.834103,-50.54049,-52.14514,-54.575516,-56.846962,-57.55953,-60.20291,-63.378784,-65.132454,-66.989395,-68.14434,-69.890396,-71.42684
5728,True,-24.611607,-27.739105,-27.110369,-33.696884,-31.650333,-32.94102,-36.062263,-36.818756,-35.35603,-38.28987,-42.873917,-39.997612,-37.244877,-39.138,-39.15749,-43.18177,-47.147606,-51.310913,-51.103325,-53.014442,-53.428417,-53.015957,-53.863033,-57.37642,-58.64547,-61.217804,-63.337303,-64.81139,-66.24234,-67.744736,-70.746666,-70.955765
5760,True,-29.21076,-30.119656,-25.29778,-28.13665,-32.634434,-29.56935,-32.12692,-35.57056,-42.82326,-39.418835,-40.478596,-39.495975,-37.832867,-41.190422,-41.587505,-44.723682,-47.840656,-47.09316,-51.109123,-53.243393,-54.347534,-52.315834,-54.9259,-58.386265,-57.670776,-59.75588,-61.993847,-63.708096,-66.94371,-68.48247,-72.69572,-71.72173
5792,True,-24.976685,-25.646963,-29.376211,-28.907358,-30.335613,-32.13843,-36.55067,-37.18931,-35.0577,-39.48681,-41.567387,-41.570248,-39.848343,-41.323784,-40.98282,-43.475384,-47.949844,-50.055115,-51.120377,-52.02008,-53.58397,-52.443665,-55.55899,-55.732864,-57.09617,-58.24873,-62.05709,-65.40843,-67.99412,-69.366165,-71.525635,-71.40776
5824,True,-24.03542,-26.955528,-27.630741,-28.491783,-29.140713,-32.746166,-37.789856,-31.122467,-32.044327,-40.492897,-41.391567,-41.455994,-38.103127,-40.547215,-40.87708,-43.879456,-47.603218,-49.151363,-49.69675,-52.083965,-53.396423,-53.368088,-54.46155,-55.87545,-60.070225,-60.5539,-60.180054,-61.22528,-62.396564,-60.041805,-62.581306,-63.088142
5856,True,-24.86575,-27.273638,-28.313864,-34.896393,-34.52556,-31.526701,-36.617348,-34.5166,-34.46276,-40.676483,-41.11948,-42.93905,-41.75387,-44.525623,-42.104843,-46.125847,-47.44052,-47.5996,-46.540012,-52.06315,-51.771362,-54.306053,-55.852386,-56.722847,-58.63354,-59.01932,-56.75792,-54.54956,-55.034176,-53.871227,-55.63434,-58.284187
5888,True,-25.116055,-23.59437,-26.273487,-27.761728,-34.18219,-31.991556,-32.952576,-36.42637,-35.900112,-40.593147,-40.117027,-42.00138,-42.452793,-44.688393,-43.39026,-44.64726,-46.715412,-48.172726,-50.847126,-50.40191,-50.569298,-53.84871,-54.58898,-57.734573,-56.88199,-60.513653,-62.837288,-63.31915,-65.85845,-65.67527,-68.05277,-69.66268
5920,True,-27.273542,-27.17001,-28.608047,-32.08372,-32.387413,-34.503414,-36.69038,-36.364204,-35.078373,-40.79559,-43.56892,-44.020863,-43.82137,-46.136658,-41.820503,-44.36036,-47.3346,-47.001667,-48.228397,-52.65899,-51.856922,-53.45762,-55.061165,-55.76355,-60.14422,-60.952507,-61.115532,-61.966316,-66.49184,-68.41542,-70.180885,-71.09916
5952,True,-27.386871,-26.331516,-23.9524,-29.601496,-32.32881,-36.21793,-35.997765,-36.638588,-33.655884,-40.01122,-41.50829,-42.993355,-41.459354,-42.446663,-42.735706,-44.111156,-47.138504,-47.176987,-49.161293,-53.40313,-52.39502,-51.695786,-56.138187,-56.571636,-57.999462,-60.586887,-61.98877,-64.12479,-66.00141,-68.15532,-70.248856,-71.27434
5984,True,-24.903193,-24.686813,-31.42212,-34.93724,-35.730408,-34.01509,-40.42456,-40.0935,-35.757313,-38.68891,-45.151478,-44.518394,-43.636948,-42.68238,-41.766563,-43.825043,-47.37693,-47.366333,-50.770813,-53.465538,-54.710274,-54.396317,-53.641632,-56.277473,-59.159317,-61.359512,-63.44609,-65.73341,-67.143234,-68.79969,-71.6665,-71.02551
6016,True,-24.688787,-24.858198,-26.135561,-27.633303,-30.216476,-31.026201,-33.355537,-37.755016,-35.10243,-40.057835,-41.028122,-42.57804,-45.20569,-46.880814,-45.849453,-45.05856,-47.29184,-48.402634,-51.076984,-54.61245,-52.74185,-52.71942,-55.528988,-56.139877,-58.642387,-62.63781,-62.2813,-64.32388,-67.65874,-69.41338,-70.786835,-70.50818
6048,True,-22.122063,-27.576073,-26.969797,-27.208157,-27.560968,-28.29272,-34.439728,-40.04662,-40.75159,-37.107994,-41.39298,-41.57985,-43.405167,-47.27749,-45.23021,-44.44372,-45.84183,-47.90586,-49.814323,-52.300743,-49.000683,-51.59268,-54.811897,-55.47467,-57.592766,-58.988037,-62.691956,-64.50838,-65.98737,-67.97929,-70.69232,-71.99151
6080,True,-24.128563,-24.200665,-24.095423,-32.199707,-31.27504,-31.547878,-36.80719,-35.39894,-36.718307,-39.15485,-42.386894,-47.387775,-45.000248,-44.76278,-42.665054,-46.52839,-47.975197,-48.840355,-48.874096,-52.184868,-53.27279,-54.143585,-56.15886,-57.342712,-57.997482,-60.106552,-62.047344,-63.527786,-67.51851,-68.63897,-70.99517,-70.61255
6112,True,-22.390032,-23.97154,-24.655884,-30.49446,-30.422955,-32.541954,-36.26172,-37.944992,-37.67553,-41.75045,-41.3188,-42.934982,-42.930977,-45.19026,-45.15374,-45.596943,-47.054996,-47.657543,-49.107384,-50.123734,-51.405087,-54.12136,-56.07725,-56.235725,-56.632164,-58.94732,-61.23095,-62.906242,-66.85933,-69.75323,-70.75533,-72.03371
6144,True,-22.58952,-25.208712,-25.839615,-31.177065,-30.01249,-29.708645,-36.938057,-42.2311,-36.986423,-36.478745,-39.145542,-42.37122,-41.83922,-43.716614,-45.448425,-44.632607,-45.231476,-46.194534,-50.194786,-51.754692,-52.360382,-53.39693,-53.793335,-58.70857,-57.72209,-58.05542,-61.666473,-64.01333,-66.248695,-68.01378,-69.197525,-70.79558
6176,True,-21.073095,-28.53816,-25.809765,-30.342733,-34.663624,-34.03724,-36.6772,-35.27225,-38.221394,-40.150455,-44.706665,-41.40955,-43.411907,-45.64116,-45.0896,-43.892323,-46.86218,-46.91504,-47.232,-49.78861,-52.367077,-53.206768,-53.944214,-56.341496,-57.356762,-58.594624,-62.235558,-63.440113,-64.947556,-67.74456,-69.68997,-72.01694
6208,True,-23.341818,-27.319756,-27.706327,-27.1019,-33.97132,-35.88993,-35.959488,-35.15293,-33.48614,-38.136765,-39.692684,-40.1015,-38.000237,-42.00117,-43.122196,-46.774403,-45.0019,-46.790276,-51.31515,-51.27011,-52.32546,-51.74189,-55.128815,-55.677357,-57.224518,-58.641846,-61.64371,-63.8086,-65.64342,-68.82471,-69.866394,-72.663864
6240,True,-24.331982,-26.254625,-25.44346,-29.69209,-33.236828,-30.308979,-33.919567,-37.46908,-37.577404,-38.184708,-42.7235,-40.142326,-40.58512,-42.98731,-43.59869,-48.51887,-48.85446,-51.23314,-48.68235,-50.24788,-50.68207,-49.816284,-55.271408,-57.647346,-58.157562,-60.37039,-61.588863,-63.0715,-66.5097,-69.34377,-71.30809,-71.49202
6272,True,-26.998148,-25.257881,-28.052519,-28.686413,-31.163485,-30.905289,-36.457893,-36.39418,-38.26824,-42.759876,-41.155838,-39.94935,-42.708797,-42.13156,-42.921043,-46.117096,-46.621384,-48.226097,-51.44771,-52.970284,-50.290684,-51.789635,-53.769463,-56.18789,-59.0593,-59.573524,-61.55132,-62.03414,-67.072716,-68.684494,-72.25119,-72.21109
6304,True,-27.241724,-24.64289,-27.64915,-31.38042,-31.839714,-28.456858,-35.371437,-36.939312,-33.80226,-38.078403,-44.716835,-42.174957,-40.126724,-45.81774,-41.143997,-45.048923,-43.834606,-50.045887,-51.872604,-53.652008,-53.030724,-52.56744,-55.883312,-58.018166,-59.415405,-59.79091,-60.96901,-63.335167,-67.12261,-69.58187,-70.923325,-71.83353
6336,True,-22.142399,-28.827875,-27.539295,-26.881435,-29.259323,-31.4396,-33.138603,-37.192005,-38.95296,-41.851215,-40.747307,-40.936325,-44.732613,-43.83748,-43.067398,-43.418064,-43.971146,-48.048332,-50.36343,-52.904655,-52.113785,-52.251583,-55.107685,-57.365875,-57.195454,-60.430016,-63.491943,-62.34503,-65.2888,-68.693924,-71.314095,-71.98595
6368,True,-24.579288,-29.777859,-27.24726,-28.567204,-31.84708,-33.17943,-35.4922,-37.532127,-36.729744,-38.0157,-41.254963,-42.18116,-43.213272,-43.227177,-44.619007,-41.93548,-45.448067,-49.488045,-52.155,-50.42767,-53.33065,-52.26809,-54.1433,-56.269478,-55.793823,-59.756695,-61.561012,-64.39714,-67.57832,-68.77508,-70.91724,-70.00682
6400,True,-26.24554,-26.929577,-26.59952,-27.518644,-31.630695,-32.087627,-34.67954,-36.992615,-36.201862,-41.551186,-42.394222,-40.816475,-40.56054,-46.505936,-44.18863,-45.91988,-46.88556,-48.673004,-49.738136,-51.191093,-52.563065,-53.65032,-54.40346,-57.879227,-59.554405,-60.769615,-62.290806,-64.480225,-67.360344,-69.041145,-71.5242,-72.118484
6432,True,-26.725739,-30.093222,-27.011341,-29.611864,-36.875977,-32.54213,-34.31578,-39.3351,-35.244183,-38.24204,-41.696285,-43.572296,-42.83003,-41.97065,-40.727257,-45.864166,-48.7565,-48.24884,-46.267544,-49.535313,-52.5271,-52.172318,-55.10159,-57.311253,-58.300457,-62.259666,-62.922802,-64.18872,-66.677574,-69.70291,-71.06614,-72.5047
6464,True,-23.130913,-27.187262,-25.770254,-28.098848,-30.375523,-30.479797,-37.11857,-37.51639,-38.643166,-42.027504,-41.071224,-38.722153,-38.37667,-40.848198,-41.267395,-43.963272,-47.06481,-47.16747,-50.134624,-51.799164,-52.863228,-52.128204,-54.538406,-55.15702,-58.76223,-60.24834,-63.26329,-65.9414,-65.99751,-70.9031,-70.99828,-71.3291
6496,True,-23.350609,-29.452639,-27.66654,-29.709148,-32.393566,-32.846344,-35.73424,-38.02085,-39.416252,-42.841896,-37.96918,-39.43387,-41.649704,-44.752308,-45.485847,-42.67151,-44.92567,-45.572704,-51.99448,-50.6257,-52.535904,-54.398327,-55.56237,-56.69684,-57.32666,-59.347042,-62.3912,-64.13177,-65.55175,-67.747665,-70.74589,-70.51429
6528,True,-26.068842,-32.29894,-27.195614,-28.42606,-33.588673,-31.502312,-30.43351,-35.014313,-36.37443,-39.9211,-39.250008,-38.941,-41.52065,-42.22618,-42.180695,-45.34271,-47.22293,-49.15438,-49.231205,-51.026962,-52.26938,-51.543766,-53.5475,-55.545277,-56.524944,-59.437706,-61.495872,-62.336624,-66.91629,-69.84733,-71.39052,-71.13231
6560,True,-25.808428,-26.451797,-27.571127,-29.409887,-32.376286,-30.385803,-33.617252,-36.348152,-37.309986,-40.31317,-40.01135,-40.709908,-42.045578,-41.50586,-43.448143,-44.242523,-47.963734,-50.446236,-48.83928,-52.300266,-52.708355,-52.256676,-54.979782,-56.138176,-57.046486,-59.89055,-62.91197,-65.16435,-66.58991,-68.96884,-71.757744,-71.349106
6592,True,-23.078854,-23.201984,-24.873735,-29.267271,-30.090342,-31.173798,-34.287483,-36.203934,-38.263382,-41.57183,-41.03916,-41.565758,-40.48302,-43.649807,-43.376686,-44.659725,-46.963314,-48.884018,-48.819794,-53.04678,-51.51024,-51.625282,-55.67192,-56.90483,-57.011356,-61.540207,-61.7139,-62.664917,-66.65234,-70.876785,-71.949684,-71.85367
6624,True,-27.748497,-27.888893,-26.594408,-33.31677,-34.54923,-34.466347,-38.53451,-37.66588,-35.191322,-38.561764,-42.175713,-41.69432,-42.93179,-41.419865,-41.42341,-47.115265,-49.930336,-48.07302,-47.372375,-52.22457,-50.579323,-52.284874,-54.67833,-58.854248,-58.14831,-61.558426,-62.601795,-66.14442,-67.80858,-70.68636,-71.73978,-72.183235
6656,True,-28.309317,-30.302332,-27.039406,-28.039503,-30.558098,-31.146212,-31.599895,-36.31104,-34.882008,-40.99529,-41.070076,-40.062374,-44.282936,-44.21627,-43.432297,-45.577892,-44.595818,-46.851494,-49.0347,-50.652843,-51.42748,-51.908817,-54.779808,-57.414642,-59.902912,-61.769352,-61.971313,-63.74942,-66.89255,-69.1194,-70.023735,-70.999405
6688,True,-21.179314,-24.645763,-25.521675,-30.243572,-30.478443,-29.323912,-36.018578,-35.550053,-36.137463,-41.07668,-41.609894,-41.01563,-41.01305,-43.039627,-42.702705,-46.71422,-47.136734,-47.139137,-49.793114,-51.603817,-52.55616,-52.44986,-55.142555,-59.180077,-59.21601,-61.565056,-63.06118,-64.75206,-68.48761,-71.55034,-72.19302,-72.91186
6720,True,-22.548851,-22.071257,-25.004385,-29.156916,-32.952614,-32.77394,-38.585915,-39.729122,-36.39056,-38.503254,-41.202568,-41.0931,-40.906654,-41.79409,-41.70897,-43.570465,-46.50488,-47.5843,-50.268673,-51.848545,-52.46818,-51.82058,-53.921753,-55.880554,-59.701317,-61.34445,-61.71845,-63.68222,-66.92525,-69.132454,-71.03095,-72.6494
6752,True,-27.366547,-27.786179,-27.854464,-30.91148,-32.531494,-34.157707,-40.565063,-36.12725,-36.083225,-40.3369,-43.472908,-40.933846,-37.254578,-42.91569,-43.81365,-43.75087,-46.001114,-48.57033,-52.981438,-52.48897,-55.378067,-54.582935,-55.020428,-56.202316,-59.495205,-60.648,-60.662556,-63.124355,-66.54239,-69.32935,-72.010666,-71.00522
6784,True,-26.480679,-27.157791,-27.58455,-33.2248,-30.109787,-31.067362,-39.020187,-38.590782,-38.73645,-39.429768,-42.051014,-43.336796,-42.743538,-41.717876,-42.320347,-44.08173,-49.67132,-49.14106,-51.807823,-50.569576,-54.34744,-56.026077,-55.377296,-57.99861,-58.973232,-60.986794,-60.914326,-64.44133,-69.03312,-70.03457,-70.85749,-71.819565
6816,True,-26.82774,-25.956533,-28.018732,-31.913767,-32.34016,-32.45717,-36.33112,-37.382534,-37.123726,-36.623077,-43.345406,-39.193527,-41.532234,-43.26984,-44.375862,-45.938194,-47.85264,-48.360985,-51.22908,-52.120815,-50.532986,-52.13802,-54.94759,-57.547813,-58.14576,-61.254356,-63.327335,-64.84619,-67.58099,-69.74562,-71.98233,-71.300064
6848,True,-24.786179,-26.273554,-24.924572,-33.436768,-32.053608,-31.723679,-31.587563,-34.69803,-37.705387,-42.173115,-41.499954,-42.159008,-40.75106,-41.565228,-42.96217,-45.568916,-46.44287,-47.433746,-50.75838,-52.599583,-52.523808,-53.56848,-56.203964,-58.040268,-58.75877,-60.28553,-62.68167,-63.7857,-67.63346,-68.72936,-70.386055,-72.78928
6880,True,-24.94934,-28.957117,-26.231699,-30.382578,-33.56437,-34.441826,-35.367283,-37.73836,-38.72695,-42.170784,-39.071636,-41.174717,-41.034004,-41.918682,-44.915142,-48.270943,-46.468204,-47.736988,-51.939854,-50.265266,-53.197132,-50.58306,-52.732983,-55.93931,-57.90482,-59.87989,-62.261395,-63.167534,-68.363434,-70.17638,-70.78368,-73.46238
6912,True,-26.292294,-28.37767,-22.723312,-29.053905,-30.328697,-33.132317,-36.245876,-39.19082,-41.01033,-40.851883,-40.464912,-43.355633,-41.40806,-41.59569,-41.660023,-46.65035,-50.0885,-49.042892,-49.491776,-50.814934,-52.14955,-53.396793,-55.776707,-58.398594,-58.529736,-59.752544,-62.33348,-64.972786,-67.5099,-68.62727,-71.55359,-70.88834
6944,True,-27.165682,-27.957188,-28.494232,-31.28931,-30.342932,-32.15471,-36.610092,-34.250755,-37.43154,-36.947685,-43.47077,-41.961647,-44.398518,-44.866554,-42.869522,-46.54596,-46.915936,-49.603462,-55.016464,-52.656,-54.31904,-56.406002,-56.484642,-57.722946,-58.87864,-59.86355,-63.06047,-66.40393,-66.5447,-68.79815,-69.78713,-70.719765
6976,True,-27.798813,-23.23313,-27.95132,-31.598818,-37.98081,-34.27862,-34.842278,-39.497486,-40.348953,-37.39197,-44.341846,-45.817978,-46.082836,-44.520077,-42.18162,-44.508087,-48.919407,-50.758293,-48.251324,-49.61065,-50.295425,-52.13184,-54.031776,-56.563232,-59.986378,-58.763954,-62.424736,-64.29229,-67.78281,-68.295135,-71.41095,-71.73155
7008,True,-30.1354,-29.500237,-28.705765,-28.709509,-31.39162,-32.90405,-35.00205,-38.722424,-42.113228,-44.77326,-40.858604,-43.22969,-45.113693,-43.87007,-43.162937,-45.996586,-45.66725,-46.33161,-49.205242,-53.692574,-53.138462,-51.929592,-55.290924,-57.1237,-57.76247,-60.591118,-62.187683,-62.797325,-67.571754,-69.47102,-71.32569,-71.27784
7040,True,-27.808243,-25.713448,-26.698029,-26.62392,-29.795454,-34.57637,-35.312115,-37.67125,-37.76611,-41.390263,-41.716217,-41.540382,-41.512836,-43.540577,-39.80117,-45.71557,-45.60211,-46.972206,-52.075275,-52.38728,-55.215893,-52.617126,-54.553253,-57.03057,-58.026234,-59.84199,-63.933594,-66.14171,-68.03575,-69.69209,-71.62081,-71.34855
7072,True,-25.572502,-27.062433,-28.000988,-29.095757,-32.93032,-31.19162,-36.09049,-40.56276,-39.744717,-39.92108,-42.835537,-42.786373,-44.16236,-41.877563,-40.75626,-45.36217,-46.32305,-47.88233,-49.784843,-49.701363,-51.67253,-51.163563,-54.04514,-57.198265,-59.75975,-60.01164,-64.18858,-64.31202,-66.418564,-69.10068,-70.89885,-72.24526
7104,True,-27.486782,-29.926086,-26.477615,-28.75315,-31.789186,-32.962814,-33.068092,-38.85377,-34.301647,-35.62172,-37.602962,-40.479378,-41.031033,-43.724934,-40.946365,-41.147713,-43.44657,-46.032425,-51.680714,-53.209988,-51.0947,-52.449306,-52.891113,-58.595215,-58.932663,-58.81329,-61.087494,-64.851746,-66.726006,-70.7879,-70.81786,-71.530464
7136,True,-26.115417,-26.603067,-23.975523,-29.842937,-34.542206,-34.280434,-34.90546,-36.09696,-36.637985,-39.187145,-44.71434,-40.00816,-40.263138,-44.459034,-46.596527,-47.117382,-45.593605,-47.727886,-48.73144,-50.811928,-53.686752,-51.1022,-53.144142,-58.487595,-60.615425,-59.675274,-61.597588,-62.870987,-65.50521,-68.96002,-72.38658,-70.46355
7168,True,-24.248264,-26.382732,-26.655886,-28.975075,-30.297565,-30.728626,-31.038473,-34.50439,-39.26486,-40.184303,-42.033554,-39.921177,-41.9934,-43.07352,-42.87487,-43.516888,-47.83335,-48.15422,-49.09624,-51.477425,-51.418705,-52.658554,-53.729015,-58.904327,-59.07906,-60.15135,-62.342445,-63.310097,-66.621506,-68.74067,-70.53239,-70.597
7200,True,-26.325857,-26.436474,-26.41932,-30.460526,-32.910507,-34.37199,-36.552826,-37.857876,-40.451607,-41.480946,-39.375374,-47.62354,-43.66597,-43.772926,-41.068474,-43.52177,-49.424767,-48.721886,-50.29253,-49.552097,-49.995056,-52.85498,-54.671463,-56.392403,-57.468056,-60.785973,-61.208046,-63.466602,-66.88813,-68.43187,-71.4986,-70.77653
7232,True,-26.664202,-25.36497,-27.187119,-31.09539,-32.04606,-29.082735,-34.086357,-39.232864,-38.32987,-41.59413,-42.24846,-41.905144,-45.197296,-47.99583,-44.188858,-45.22984,-48.38734,-49.75147,-50.0315,-53.793354,-50.955692,-52.32818,-54.34004,-58.82282,-61.21566,-59.138763,-61.114426,-63.991096,-68.40768,-68.63954,-71.92082,-72.091774
7264,True,-27.55779,-27.551228,-28.63407,-29.292372,-31.398096,-31.266201,-34.116737,-38.545734,-37.731094,-38.585037,-41.568645,-45.91074,-44.028187,-44.977535,-45.054585,-45.901913,-47.43156,-47.986008,-51.22559,-51.109,-52.3629,-52.87622,-53.22241,-58.14534,-58.87829,-61.268444,-62.212566,-64.361176,-68.05841,-71.23504,-71.44643,-71.70391
7296,True,-26.101055,-27.426239,-26.49537,-26.445969,-32.166107,-30.909916,-33.17076,-34.10498,-34.886234,-37.410507,-41.32734,-41.898247,-44.677376,-46.506687,-44.33615,-43.13273,-46.073288,-47.293236,-51.374542,-50.211506,-52.939415,-55.51283,-55.923874,-58.444904,-59.62723,-60.01564,-63.015793,-63.504025,-67.269966,-69.76701,-70.07024,-71.48391
7328,True,-24.450546,-27.397545,-29.019936,-29.773949,-31.368958,-34.458458,-37.440907,-39.531555,-40.372463,-37.271656,-41.201168,-42.45839,-40.948692,-41.633057,-45.75172,-47.342842,-48.449825,-51.00576,-48.615356,-53.10158,-53.33057,-52.76403,-57.06625,-57.249485,-58.233894,-60.736214,-61.91214,-64.96128,-66.90779,-68.63933,-70.70805,-70.67041
7360,True,-27.215069,-26.671688,-29.424503,-31.852388,-31.128601,-31.63542,-36.406876,-37.378914,-35.062443,-35.045017,-40.549873,-44.395454,-43.008236,-43.689198,-48.269318,-46.7191,-49.6474,-51.769936,-48.453846,-50.083496,-53.32225,-52.007088,-57.18372,-58.22715,-58.448006,-60.472755,-61.063873,-62.902798,-66.52682,-69.10043,-71.091095,-71.49928
7392,True,-26.758497,-26.09949,-26.407234,-31.191643,-33.35463,-37.089504,-33.129456,-36.644123,-35.83148,-35.89512,-43.272175,-42.452812,-39.916378,-42.95527,-42.803074,-44.355656,-44.882156,-48.04714,-49.711193,-52.272232,-51.49244,-51.330276,-55.898247,-56.90578,-58.64154,-59.768353,-60.07093,-62.506264,-65.39773,-68.56068,-70.685326,-72.36773
7424,True,-24.725935,-24.486824,-25.40654,-29.044912,-31.81389,-33.869053,-35.46281,-35.82743,-35.22784,-39.161674,-38.75868,-42.89345,-41.050926,-42.360542,-44.593895,-44.78711,-47.28271,-47.162556,-51.734764,-51.52076,-52.044373,-54.53749,-55.03956,-57.5876,-58.338196,-61.228596,-61.509773,-63.927696,-66.3205,-68.54791,-70.472786,-72.33026
7456,True,-28.005356,-29.226168,-28.058506,-30.950823,-32.056793,-32.549583,-35.166294,-35.75279,-33.51106,-37.615543,-42.312492,-44.992653,-45.646606,-43.313335,-46.638893,-47.169643,-47.34057,-47.441082,-53.79768,-53.664223,-52.202118,-52.314163,-52.78547,-55.53684,-58.58891,-58.035694,-60.26575,-62.354027,-66.75536,-68.88469,-70.61126,-71.76708
7488,True,-27.551151,-28.418056,-29.350334,-28.880625,-34.219994,-34.3764,-33.206947,-35.919098,-38.259243,-39.40846,-40.8191,-41.271893,-46.2415,-46.46469,-43.935246,-47.541725,-47.44713,-49.529823,-49.160416,-48.966465,-52.050545,-53.05348,-56.264496,-57.579224,-58.959213,-58.543655,-61.21808,-64.08002,-67.75205,-69.13312,-70.65406,-73.40422
7520,True,-24.567799,-25.61672,-26.52727,-29.579218,-30.74247,-31.295818,-37.01114,-37.47602,-36.945156,-37.070248,-38.87078,-40.6903,-42.970737,-48.1429,-46.294266,-44.7136,-46.699768,-48.34553,-50.433395,-50.240158,-53.01026,-54.342033,-54.983383,-57.428665,-57.22873,-58.04247,-62.35866,-64.99873,-66.7022,-70.33665,-72.56499,-72.28826
7552,True,-28.932364,-28.705454,-28.09048,-28.795893,-31.491232,-36.27532,-39.140106,-42.94554,-43.286255,-41.091923,-42.855797,-44.54782,-42.203667,-44.791946,-43.45348,-44.523335,-46.840164,-48.3717,-47.508476,-52.46771,-52.972305,-53.2638,-53.122406,-56.119267,-57.247055,-60.75776,-63.128124,-63.30055,-66.91017,-70.02328,-68.990944,-71.18589
7584,True,-24.009886,-29.06167,-26.853168,-28.902954,-31.247509,-33.852585,-35.974655,-37.106415,-36.895138,-41.063923,-37.281487,-41.41333,-41.0645,-42.463707,-42.961483,-49.570618,-46.675262,-46.33804,-49.45549,-50.02302,-51.944954,-54.77156,-55.645317,-56.61509,-59.47106,-59.81617,-61.723537,-64.514435,-67.239525,-69.463036,-71.28411,-70.99537
7616,True,-26.132317,-29.877747,-26.811,-29.02794,-29.60716,-35.39909,-38.23641,-38.127693,-36.62593,-40.30918,-39.73682,-43.901,-46.73151,-44.38248,-43.001823,-45.891285,-44.799404,-49.60797,-46.01116,-50.72757,-51.6291,-50.29544,-56.569855,-58.31642,-60.067177,-60.084476,-61.15889,-63.86858,-67.65705,-69.4003,-71.34618,-72.2953
7648,True,-24.007866,-27.763866,-26.353844,-29.65295,-30.847109,-34.616867,-37.301094,-35.68513,-36.002373,-39.23192,-43.235664,-45.084267,-41.448902,-42.53047,-42.84683,-45.100525,-49.39608,-50.074615,-51.193527,-51.367794,-51.62958,-54.251587,-55.586235,-56.596535,-57.25029,-60.495853,-61.147102,-64.054245,-66.55662,-68.72003,-70.764786,-72.25112
7680,True,-26.185452,-26.537045,-26.023062,-29.36401,-32.447525,-33.093086,-36.334175,-39.17665,-36.222275,-37.928337,-43.199276,-42.32626,-39.541386,-43.33858,-44.338516,-45.89575,-44.172894,-46.210476,-47.53591,-51.46021,-50.422558,-51.84134,-54.61418,-57.592102,-57.88984,-57.828327,-60.527763,-63.99697,-65.630844,-70.21966,-72.03073,-72.38503
7712,True,-22.118166,-29.381279,-26.244438,-30.015121,-29.129332,-29.589436,-34.543602,-34.197697,-33.65789,-41.252537,-39.540718,-43.526005,-43.990273,-42.714188,-41.130985,-43.14371,-47.257324,-50.967373,-48.505154,-51.834366,-51.380787,-50.159992,-53.218597,-56.869682,-61.24398,-59.653336,-61.27834,-62.920765,-66.81074,-69.1277,-69.73368,-69.788826
7744,True,-23.74865,-27.281797,-25.543367,-29.607546,-32.247795,-32.62565,-35.813423,-35.44106,-37.505363,-39.42563,-39.196426,-40.045723,-38.82847,-39.5163,-41.401173,-44.94225,-44.908203,-48.416637,-50.026924,-50.740353,-50.832527,-52.9211,-54.530262,-57.64405,-59.22283,-60.639133,-62.463528,-63.25064,-67.61743,-70.68895,-70.763596,-71.47005
7776,True,-25.602865,-28.37533,-28.72442,-27.707607,-30.60711,-31.098839,-34.93811,-37.889923,-39.7197,-40.503456,-42.29033,-42.904305,-42.081944,-44.858856,-42.400833,-44.157635,-46.16232,-47.40341,-48.166702,-50.092625,-52.88767,-53.00403,-56.26149,-57.911777,-59.615192,-58.58357,-61.77065,-62.69097,-66.8237,-68.822235,-71.39908,-71.34793
7808,True,-29.563658,-28.41834,-25.843294,-30.26638,-34.59935,-31.516228,-34.25639,-38.536728,-34.966618,-41.992447,-41.60153,-42.903183,-42.29718,-40.719574,-41.488365,-45.044907,-47.45813,-47.64769,-50.618763,-52.12304,-53.91851,-53.32489,-56.890366,-56.62394,-58.28985,-59.046776,-61.856514,-64.93638,-67.12347,-69.61474,-69.90175,-71.98298
7840,True,-25.256283,-29.128288,-25.309418,-30.330355,-33.6554,-35.05494,-34.065445,-35.656555,-40.868893,-40.864433,-41.65035,-42.105694,-41.625553,-40.917282,-45.145714,-47.330795,-45.114388,-47.45911,-46.557278,-51.5857,-50.82384,-52.25575,-54.748924,-57.69288,-58.921127,-59.979023,-62.78125,-63.974068,-66.16315,-67.54544,-70.63667,-71.63104
7872,True,-28.10724,-27.281841,-24.793633,-32.310135,-35.509907,-35.333954,-35.87147,-36.75317,-38.25168,-37.304897,-37.760525,-40.581573,-39.48182,-41.303368,-44.476017,-45.20041,-49.506092,-51.15454,-51.092396,-50.742916,-53.099487,-52.63969,-54.940292,-56.30785,-56.955193,-59.120003,-61.299686,-64.99923,-67.971054,-68.45719,-71.57399,-73.0479
7904,True,-25.318844,-29.67082,-25.876842,-30.52937,-31.420004,-35.205364,-34.10552,-34.145042,-36.687714,-36.03502,-37.15071,-40.342125,-40.472008,-45.98772,-45.782722,-44.15918,-46.70244,-49.167233,-47.953335,-51.47554,-49.724163,-51.68846,-54.339317,-55.41069,-57.584953,-59.42133,-60.772213,-63.476585,-66.13305,-69.175575,-71.521866,-72.01647
7936,True,-25.323963,-29.152454,-30.661707,-29.54088,-31.851217,-32.844444,-34.620773,-38.44969,-36.348385,-40.235847,-41.22879,-41.17337,-42.515327,-40.224464,-43.646393,-41.48844,-44.168545,-47.94278,-49.368176,-51.48307,-51.823753,-51.50755,-54.553257,-56.791237,-58.48432,-59.67606,-62.678703,-64.28382,-66.85046,-68.68659,-71.45869,-72.07103
7968,True,-21.339891,-26.051542,-28.109581,-29.580881,-31.018482,-32.3202,-36.702354,-37.44464,-38.931454,-41.712566,-35.839733,-40.100685,-41.76065,-42.798325,-44.84424,-45.92852,-46.645203,-48.813515,-48.58866,-51.368584,-51.80754,-52.500515,-56.317657,-57.325443,-58.91682,-61.566147,-61.35437,-63.47953,-68.05542,-70.06093,-71.349884,-71.36046
8000,True,-27.095577,-27.45197,-26.016178,-26.618135,-29.292637,-34.617134,-34.23301,-35.361725,-37.331497,-39.000202,-39.648434,-38.023132,-39.013058,-44.837082,-45.062294,-44.38549,-46.649708,-49.416122,-49.425293,-51.542755,-54.20015,-53.151863,-55.19842,-57.126087,-57.459545,-60.04646,-60.94721,-62.721123,-67.756165,-68.41522,-70.47303,-71.341194
8032,True,-26.107025,-28.44178,-31.740904,-32.37031,-32.16373,-28.34726,-32.291546,-35.111,-37.806694,-38.89331,-38.84825,-42.267563,-44.497627,-44.90776,-45.32399,-45.74619,-47.088486,-49.49663,-51.62016,-51.981777,-50.715553,-51.033203,-54.185863,-58.73869,-57.504486,-61.67431,-61.642414,-64.10218,-66.91024,-70.93909,-72.132645,-72.06533
8064,True,-30.12325,-29.178307,-26.884144,-31.230745,-31.948755,-32.91182,-37.31049,-37.541317,-37.401768,-42.30411,-43.66863,-42.072662,-39.681454,-42.51689,-42.153084,-44.43228,-46.817585,-50.4767,-48.91252,-51.96367,-51.617355,-50.782417,-53.898773,-58.104134,-58.386917,-58.5299,-63.68615,-65.86138,-67.08886,-69.434135,-71.93524,-73.24733
8096,True,-27.522505,-30.808933,-29.664297,-30.760324,-34.463264,-32.501053,-31.894741,-35.483067,-37.76586,-43.697758,-46.70771,-38.930603,-44.446045,-45.317913,-44.9474,-43.40072,-45.823196,-50.168663,-50.667652,-52.623474,-50.74528,-53.27814,-55.44957,-55.441437,-60.064144,-61.940247,-61.843487,-63.77213,-65.64756,-70.807785,-70.80179,-71.35798
8128,True,-23.666164,-28.490477,-25.138971,-26.273762,-29.699461,-33.348755,-35.676914,-37.0649,-36.799694,-39.29004,-38.84684,-40.348213,-41.915024,-40.41909,-41.681625,-44.24952,-46.262886,-49.24322,-47.073254,-51.06413,-53.546947,-51.85321,-52.666443,-54.782707,-57.226887,-58.769,-61.92157,-65.094505,-67.133095,-70.689896,-71.67812,-71.93903
8160,True,-25.766823,-26.72076,-23.246775,-27.776583,-38.94137,-32.244297,-31.900105,-37.179596,-36.443356,-40.88162,-37.6538,-39.014465,-43.920334,-41.269188,-41.68461,-44.491802,-46.20044,-49.720787,-51.467815,-51.39385,-51.50559,-51.850266,-54.797943,-59.142986,-59.576187,-60.537727,-62.753395,-62.842888,-67.18238,-70.33216,-71.06869,-71.90463
8192,True,-24.753864,-25.827913,-23.15285,-30.629421,-37.14475,-36.317123,-36.78231,-36.917347,-40.38856,-39.60569,-41.40858,-41.11626,-45.84722,-45.180378,-44.7958,-45.616325,-46.78881,-47.19204,-51.81166,-53.172165,-50.9926,-50.63873,-54.32697,-58.451656,-58.04785,-60.61241,-62.329315,-64.38063,-66.063225,-69.44656,-72.258896,-72.51581
8224,True,-23.868279,-25.869312,-24.449463,-29.42667,-30.86182,-32.29365,-35.601738,-36.66079,-36.314896,-39.994663,-42.727425,-44.441753,-42.103558,-43.367172,-44.566288,-43.31905,-48.05267,-49.282555,-50.459053,-52.88012,-53.539333,-51.902393,-54.91589,-57.406902,-59.403618,-59.85146,-63.133484,-63.12574,-66.427185,-67.93601,-72.007996,-72.93454
8256,True,-28.505363,-31.154213,-27.436068,-31.028788,-30.930733,-29.901272,-35.837227,-35.8359,-37.425343,-39.344116,-42.03559,-40.493088,-43.368572,-42.386528,-46.392292,-47.84323,-46.9367,-47.790268,-49.99299,-50.466713,-50.063446,-52.022243,-54.549366,-57.76359,-58.33084,-61.233795,-61.8789,-63.735653,-65.78923,-69.979485,-71.708496,-71.660576
8288,True,-27.411179,-27.947931,-28.922955,-29.919342,-33.077847,-33.003235,-33.901627,-36.533134,-38.46974,-39.556213,-42.92124,-42.674835,-46.276222,-41.88458,-44.965477,-46.01917,-46.616116,-46.454895,-47.721428,-50.61801,-52.8347,-51.319996,-55.485046,-56.952606,-58.60436,-59.793163,-60.178757,-64.5359,-66.57591,-70.56688,-70.956635,-71.0443
8320,True,-23.561302,-28.241943,-25.004854,-25.853634,-29.858847,-32.96872,-39.482418,-36.631924,-36.656685,-39.576702,-37.82586,-42.69065,-41.902252,-43.018456,-43.454433,-44.38419,-47.89446,-47.72087,-48.770515,-50.213604,-52.14328,-51.69359,-53.203205,-58.46805,-55.832504,-59.598877,-61.893917,-63.986176,-68.138145,-67.869606,-71.09794,-72.17083
8352,True,-27.720087,-29.641638,-25.32176,-29.068218,-31.112661,-32.41569,-35.494,-37.432957,-38.43646,-36.388416,-41.718822,-44.134796,-39.94223,-41.31002,-41.384243,-44.447617,-50.169365,-46.971813,-48.357147,-50.801888,-53.334805,-53.34156,-54.54476,-58.915405,-59.73536,-59.365784,-63.37225,-63.28529,-66.8226,-69.85434,-70.65909,-72.893265
8384,True,-26.96613,-25.933401,-23.41402,-29.19577,-32.038692,-32.15111,-32.256794,-36.417397,-38.91195,-43.59841,-35.697277,-43.180573,-40.66478,-39.605076,-41.687428,-44.988297,-45.89348,-49.00452,-50.24111,-53.155846,-52.39191,-51.034348,-54.747887,-57.908737,-57.96909,-60.606876,-62.79038,-64.252106,-68.97086,-69.95109,-71.24665,-71.96702
8416,True,-22.377062,-26.64171,-26.40683,-30.186066,-32.57413,-30.118088,-35.538902,-36.403156,-35.66512,-40.136395,-39.667355,-40.17244,-45.96057,-44.74256,-43.85061,-43.530804,-47.201233,-49.07997,-49.218197,-52.018757,-55.353073,-54.424454,-56.157806,-59.032475,-59.075066,-60.18933,-60.035053,-62.15677,-67.806,-70.00144,-70.471054,-71.64088
8448,True,-27.907722,-28.307053,-28.430128,-27.467478,-32.13832,-33.8806,-34.910187,-37.565903,-37.216705,-40.530506,-40.951874,-44.2735,-44.080853,-43.25535,-42.982704,-46.484318,-48.40384,-46.95309,-49.463062,-53.157288,-52.950226,-54.101547,-54.930454,-55.11835,-56.30066,-58.62117,-61.914696,-64.23928,-68.01876,-68.74235,-70.69215,-70.39063
8480,True,-24.803371,-29.37536,-27.968176,-28.510708,-31.519455,-32.078415,-34.26586,-35.754585,-38.036407,-40.524483,-38.71113,-37.451088,-41.423473,-42.92644,-43.726868,-46.596394,-47.61631,-48.39123,-48.057182,-50.445103,-53.131947,-54.011482,-55.916878,-57.06047,-57.707447,-60.116154,-61.733173,-64.39776,-65.63766,-69.30959,-70.623314,-70.93346
8512,True,-28.576427,-25.68282,-23.448963,-31.444815,-32.08844,-33.914547,-35.686356,-38.94241,-36.821156,-37.894165,-41.16739,-44.157204,-44.857502,-41.83738,-45.09479,-46.15943,-47.289314,-48.54555,-50.590202,-51.172638,-50.979843,-53.8971,-56.646408,-56.011295,-55.730103,-59.30847,-61.28912,-65.66216,-67.77459,-70.10213,-71.19647,-70.431656
8544,True,-30.11644,-29.408726,-26.916412,-30.32295,-30.39058,-31.654095,-37.206936,-39.032257,-38.08894,-38.254944,-38.786636,-39.541245,-40.546627,-43.209755,-41.296127,-44.71322,-48.008446,-49.084835,-50.272755,-50.333405,-52.23293,-52.470356,-53.02482,-56.62377,-58.36783,-60.40054,-61.279747,-63.69416,-67.59805,-68.9389,-71.51143,-71.728584
8576,True,-31.28054,-32.455673,-29.07774,-29.362244,-30.556927,-36.31347,-34.977043,-34.27823,-33.62256,-38.420662,-41.12555,-40.289833,-41.539207,-42.25512,-40.483707,-45.473328,-48.304287,-48.507004,-49.64776,-52.927994,-52.186226,-50.334362,-53.767757,-56.746338,-56.891197,-59.96113,-61.79968,-62.547527,-66.798416,-69.33448,-71.21484,-72.5858
8608,True,-25.656487,-31.27389,-31.054068,-29.842064,-32.138138,-33.231247,-38.110764,-35.00447,-36.6598,-40.1438,-37.779606,-39.78002,-40.900837,-44.202766,-44.702908,-45.48678,-47.76424,-48.131218,-49.659172,-50.916763,-51.595837,-52.105507,-53.10661,-57.063423,-59.262962,-60.06523,-60.938324,-61.90616,-67.01915,-68.62462,-70.094864,-72.10707
8640,True,-26.607218,-29.24052,-31.333641,-32.602936,-31.734585,-33.535725,-36.851112,-38.905293,-38.46249,-37.943398,-40.27224,-41.77509,-43.059883,-44.79939,-45.540993,-47.42875,-48.596153,-51.60435,-51.760326,-52.923847,-54.386253,-52.380203,-53.3619,-58.047935,-58.46098,-59.824543,-62.231377,-64.14208,-67.11154,-68.54216,-69.896065,-71.12413
8672,True,-24.46393,-24.44916,-24.412516,-28.445797,-31.92087,-33.99268,-37.52621,-37.08794,-36.342903,-41.193947,-43.260536,-44.453316,-43.85611,-44.9729,-43.51957,-46.931843,-47.614822,-48.7452,-51.347595,-52.365185,-51.154404,-52.64794,-54.975723,-56.240257,-57.08962,-60.20235,-63.13419,-63.87197,-68.64943,-69.0091,-70.67904,-71.71531
8704,True,-28.08137,-25.51014,-23.177948,-30.387068,-34.144844,-32.926605,-35.215233,-39.49243,-39.020206,-39.152214,-44.165092,-40.70275,-39.99557,-41.630295,-43.047657,-46.802677,-45.957645,-49.77143,-50.065025,-49.63556,-51.562885,-52.195927,-53.2769,-56.937107,-57.857285,-59.560516,-62.05051,-64.18768,-66.90682,-70.600624,-72.180435,-72.33133
8736,True,-27.154068,-27.774826,-24.499088,-28.631367,-28.968998,-29.05244,-34.99624,-37.557785,-36.01235,-39.87125,-44.331455,-41.867294,-40.529514,-45.81013,-44.56437,-45.007645,-46.043743,-48.849457,-48.880154,-52.403393,-51.808685,-52.60467,-54.920506,-57.781635,-58.213314,-61.35708,-61.984505,-63.44364,-67.03013,-69.60753,-70.68332,-71.77877
8768,True,-26.525795,-26.361767,-23.496124,-29.507214,-37.235813,-33.488155,-34.341537,-36.923798,-38.667057,-43.41018,-42.034134,-45.814796,-43.39182,-43.78248,-44.231373,-46.350624,-46.924477,-49.043484,-48.958534,-49.62455,-52.19345,-52.531456,-55.706234,-57.433773,-58.948334,-61.107338,-63.060383,-65.2003,-67.39797,-68.71833,-70.780975,-72.33031
8800,True,-28.040102,-27.54345,-31.093016,-34.03299,-34.348206,-35.003437,-37.473892,-38.832413,-40.625645,-45.179794,-41.5435,-39.218513,-41.49267,-43.42785,-46.98829,-47.01735,-46.723633,-45.610462,-49.26095,-52.553425,-50.99526,-52.1627,-54.16956,-55.763584,-56.851685,-60.160194,-62.22265,-63.520847,-66.78508,-70.10827,-72.44312,-71.78328
8832,True,-27.160532,-30.80306,-29.92331,-28.184978,-31.624428,-30.765133,-34.738396,-37.83875,-40.603226,-42.9545,-39.867138,-40.18831,-43.255608,-42.931194,-41.471825,-46.704597,-49.329205,-49.8395,-50.459145,-50.834103,-53.678818,-54.634686,-53.997612,-56.066322,-59.61145,-59.805798,-63.436523,-64.165344,-69.313255,-70.882126,-72.02424,-73.5798
8864,True,-31.236706,-27.367954,-25.601406,-30.754354,-31.661074,-35.653454,-37.95955,-37.795013,-37.078392,-40.7943,-40.465145,-41.595833,-40.048714,-44.93418,-46.56456,-46.92573,-46.38651,-45.698708,-48.51166,-50.009697,-55.989136,-54.254425,-54.54277,-57.550697,-58.235405,-61.408028,-63.45213,-65.77972,-68.58152,-69.41853,-70.97844,-72.4642
8896,True,-24.046013,-29.740408,-27.547674,-29.304695,-33.862286,-34.708054,-31.322998,-33.842644,-34.84774,-37.1347,-43.61612,-41.19953,-41.304466,-48.022484,-41.73778,-45.635704,-47.212402,-49.268913,-48.580116,-50.513084,-51.045677,-51.93039,-55.177834,-58.76043,-61.60564,-62.391663,-65.177925,-66.1026,-68.35541,-70.65633,-72.43269,-73.58351
8928,True,-24.633009,-25.405556,-23.601892,-26.486744,-32.80619,-32.27643,-33.260185,-37.926643,-37.769455,-38.955772,-36.351513,-39.651035,-45.342697,-42.98428,-44.587646,-46.612373,-47.643715,-47.725304,-51.10519,-52.18237,-51.848953,-50.874413,-56.093094,-57.58734,-57.290936,-61.12412,-60.77373,-64.44232,-67.19096,-69.441444,-72.202515,-73.55092
8960,True,-26.194351,-29.269192,-25.441553,-27.621834,-29.725368,-31.417835,-37.108177,-38.25699,-33.767048,-37.422653,-40.1104,-46.362232,-44.585716,-45.342903,-43.535137,-46.248974,-48.032883,-48.34141,-50.525707,-50.962177,-50.869675,-54.5811,-54.959126,-55.842102,-59.986183,-60.8685,-62.004932,-64.9789,-67.42788,-68.18139,-72.06157,-73.0363
8992,True,-26.411123,-25.377422,-25.319149,-29.631529,-33.083477,-30.430328,-37.333916,-37.144955,-35.845306,-35.836777,-39.494465,-40.29278,-42.98136,-42.936356,-43.330135,-45.811234,-47.793713,-49.7292,-48.047924,-49.706566,-50.16835,-53.694626,-55.302734,-55.86048,-56.60822,-62.305317,-62.39716,-63.782238,-66.03263,-68.83632,-70.078476,-72.064445
9024,True,-26.94056,-25.804676,-28.803215,-31.301876,-31.010258,-29.115192,-34.52005,-38.933712,-41.61234,-44.31849,-44.161396,-42.35472,-44.314865,-42.4583,-41.558594,-44.36851,-46.485367,-51.69052,-48.841286,-49.1941,-52.310036,-49.957436,-53.888405,-57.07661,-57.266384,-59.83057,-61.604763,-63.807987,-67.53458,-68.005486,-69.3873,-72.00552
9056,True,-27.203695,-28.610119,-26.648829,-29.028893,-32.966614,-34.965805,-36.933388,-39.119102,-37.83671,-41.15253,-40.63867,-39.954712,-42.065502,-45.917854,-42.97242,-47.84886,-46.732246,-49.883553,-49.305412,-52.605713,-52.566658,-51.512123,-54.081882,-56.23461,-58.899403,-59.53636,-63.043198,-64.51478,-66.60169,-68.20642,-71.84819,-71.90454
9088,True,-22.725662,-25.149418,-27.046585,-28.848886,-31.001896,-34.71066,-37.839127,-36.17915,-33.43261,-37.737705,-41.91238,-42.002407,-43.578526,-42.051117,-43.32141,-45.916462,-47.374702,-48.18188,-48.735367,-50.799385,-52.34807,-53.182125,-55.839886,-55.434387,-59.050957,-60.908867,-62.648315,-64.05351,-67.509415,-68.76614,-71.62444,-71.981384
9120,True,-28.392298,-27.346989,-24.8932,-29.822498,-30.69902,-34.28975,-38.615177,-39.81103,-39.535786,-40.91619,-43.63031,-44.162422,-45.665092,-45.47023,-48.60163,-46.699867,-45.306458,-51.404953,-49.23147,-51.827744,-51.85709,-51.331985,-54.514145,-57.034203,-59.624382,-60.248188,-61.43769,-63.686462,-66.20836,-69.14407,-71.15334,-71.02635
9152,True,-28.067286,-31.045082,-26.770786,-28.900024,-30.220087,-32.310444,-32.98896,-36.87443,-37.97625,-38.821903,-40.133957,-40.243347,-43.56765,-42.56179,-41.272926,-45.388992,-48.312904,-47.30186,-47.8117,-52.101967,-50.425728,-52.607883,-55.178295,-57.594685,-58.435707,-60.365036,-62.993103,-63.606724,-66.80067,-70.225296,-71.544426,-71.34228
9184,True,-27.232662,-26.741808,-28.190453,-33.30353,-34.328857,-33.678886,-36.863693,-39.338303,-36.81617,-35.909393,-39.621315,-40.251236,-42.47568,-42.06856,-43.7069,-47.875446,-46.276146,-47.881336,-50.6963,-50.434464,-50.649933,-53.0345,-57.461334,-59.05495,-59.17959,-60.25711,-60.75808,-66.06724,-66.86209,-69.515076,-71.73974,-71.7205
9216,True,-29.2681,-31.794022,-25.968689,-32.04335,-34.204082,-33.965996,-35.416714,-35.880493,-38.587517,-36.933296,-41.778618,-43.960094,-38.5924,-40.02844,-42.35514,-47.790104,-48.65211,-49.14099,-49.702454,-54.011375,-54.382553,-53.692368,-53.722313,-56.663887,-57.282333,-59.57921,-63.26017,-66.189835,-67.071594,-69.220505,-72.11462,-72.42751
9248,True,-27.870113,-30.465569,-28.619612,-28.701057,-32.26436,-32.201668,-35.189407,-37.600883,-34.499798,-38.16105,-37.97917,-41.92675,-42.257572,-44.96265,-45.519363,-43.81418,-47.810364,-51.126717,-51.769062,-50.8051,-52.598015,-53.147438,-54.535824,-56.654846,-58.014545,-59.89504,-60.990646,-63.69053,-66.99021,-69.776596,-71.378395,-72.40137
9280,True,-26.770678,-25.737633,-27.405811,-29.049875,-30.884377,-34.06636,-36.92896,-40.249336,-36.232563,-36.661472,-42.948017,-40.77601,-43.543453,-42.68949,-45.917377,-46.95471,-47.074158,-51.559,-49.111076,-51.419724,-51.621212,-53.258537,-53.68681,-56.95185,-58.651802,-58.779354,-61.20777,-64.57416,-67.79286,-69.612,-70.5667,-70.54244
9312,True,-24.339693,-28.830502,-25.487267,-30.276594,-33.47095,-29.327232,-34.054092,-36.731354,-37.257626,-40.07228,-45.19186,-44.996147,-45.779907,-43.569294,-41.933056,-44.331375,-47.142254,-48.732983,-49.94397,-51.33178,-51.5346,-51.677776,-56.498203,-57.081505,-56.599392,-61.231327,-61.879868,-62.801537,-65.96509,-69.59477,-70.40084,-71.61445
9344,True,-24.909786,-27.451122,-22.681578,-27.859425,-26.997692,-32.33339,-36.71897,-37.118927,-34.8362,-38.128063,-42.006607,-45.20952,-42.56858,-43.30523,-43.15073,-43.608482,-47.245144,-51.924324,-50.88221,-53.867775,-49.483574,-52.308174,-57.036358,-57.265686,-59.270363,-58.998623,-61.088863,-62.617336,-67.89189,-69.0385,-70.19661,-71.64728
9376,True,-28.35595,-25.369438,-24.36977,-31.428185,-33.28039,-35.639908,-38.408676,-37.6455,-37.524242,-37.27916,-41.26955,-43.4498,-42.655273,-43.45806,-44.67899,-43.3634,-46.949226,-48.764137,-49.959396,-51.06971,-52.269897,-52.43476,-55.11905,-59.698986,-57.14768,-59.97816,-61.89824,-62.776142,-66.2259,-66.74668,-70.62826,-70.8518
9408,True,-23.561146,-24.303362,-25.378983,-30.012056,-33.986553,-37.465145,-37.013264,-36.871475,-37.891773,-37.81011,-41.252598,-39.45205,-42.029873,-42.224335,-45.30699,-44.807297,-47.34474,-48.51117,-50.333443,-51.04437,-51.186787,-52.50196,-53.90712,-57.257805,-58.646885,-59.20322,-60.726273,-63.05245,-66.39166,-68.54248,-71.15152,-70.86066
9440,True,-25.277346,-25.787249,-23.574635,-28.061304,-33.53772,-33.02364,-36.572693,-39.146553,-39.475082,-39.473648,-42.041817,-41.043278,-40.69629,-42.497604,-47.10444,-46.068794,-46.806084,-46.909897,-50.462154,-53.570023,-50.459675,-51.050343,-53.392693,-55.41157,-57.528496,-61.36863,-62.394722,-63.7025,-67.657974,-68.68192,-70.51579,-70.64447
9472,True,-28.033983,-25.985125,-26.225836,-32.922867,-27.723553,-32.31776,-37.440582,-37.928074,-40.68435,-41.41186,-40.948013,-39.106728,-41.832237,-42.7663,-46.03044,-46.979965,-49.158436,-50.111504,-50.91734,-52.373917,-53.982845,-53.948116,-55.725487,-56.79953,-57.84843,-61.683685,-61.073097,-63.721985,-66.757454,-68.54002,-71.21013,-71.4991
9504,True,-25.391739,-28.079882,-24.45665,-31.191002,-30.484211,-36.431164,-34.9345,-36.08383,-39.867718,-38.364803,-40.764977,-40.933376,-40.152817,-42.05329,-43.42882,-44.361195,-46.641106,-46.89125,-52.189842,-54.706047,-55.822365,-54.435577,-55.286453,-59.219917,-58.79952,-60.50295,-61.21481,-62.477272,-65.4951,-67.13325,-70.46135,-71.36232
9536,True,-30.252563,-31.416954,-32.626656,-30.901651,-31.16524,-35.10209,-34.586464,-39.183304,-40.220078,-41.349945,-44.052536,-41.63563,-40.931267,-39.824158,-42.715725,-43.671223,-45.38987,-49.88839,-50.551308,-51.244526,-51.625908,-50.73226,-54.264793,-57.59857,-57.663666,-59.532276,-61.299385,-62.951767,-65.723885,-67.79542,-69.69822,-71.95026
9568,True,-25.063545,-26.550034,-26.467133,-27.470284,-33.031822,-32.46026,-34.535027,-35.122383,-39.770924,-41.399826,-42.946934,-42.048027,-43.86051,-41.35786,-43.141174,-42.645164,-46.53896,-49.38087,-46.90267,-48.858147,-50.074585,-50.479576,-54.004807,-58.38398,-59.17224,-59.152946,-61.662918,-62.901134,-67.34687,-68.4653,-71.05153,-72.36143
9600,True,-24.353693,-27.080496,-26.893911,-29.15076,-30.59148,-32.39051,-34.507256,-34.15381,-36.535316,-37.872204,-41.89183,-41.77516,-40.016808,-42.431675,-43.391632,-44.44001,-47.1555,-50.843796,-49.686436,-49.415012,-50.684822,-51.33991,-56.15071,-57.88948,-57.219948,-60.02127,-63.220444,-63.200146,-66.384384,-69.21728,-70.963806,-70.73347
9632,True,-27.445747,-26.843672,-22.777012,-30.096733,-33.808086,-31.796026,-35.83351,-34.824696,-36.756035,-38.54171,-40.61649,-42.250244,-44.848026,-43.61265,-43.362717,-49.422165,-51.131134,-52.43525,-50.017105,-48.78148,-51.29902,-51.899914,-55.30157,-55.752632,-59.039764,-59.942394,-62.510277,-64.64128,-67.646324,-69.73384,-71.49541,-71.065765
9664,True,-25.201069,-28.997871,-26.566942,-27.48945,-28.337585,-31.865358,-32.138474,-33.851368,-34.573967,-41.241478,-39.151375,-40.857357,-38.858574,-47.389473,-44.951416,-44.164825,-44.199707,-46.198444,-50.98774,-51.882854,-51.008972,-50.384674,-55.718018,-58.75506,-57.660027,-59.534378,-62.750618,-64.245316,-66.35739,-69.99002,-70.46242,-70.76905
9696,True,-24.613377,-27.55785,-27.417316,-29.407866,-29.638288,-31.824192,-34.15257,-37.22335,-37.15738,-41.58471,-39.781162,-40.051174,-38.273483,-42.6817,-43.760353,-47.885376,-47.01607,-45.505104,-50.277287,-50.37973,-50.414894,-49.675568,-54.489967,-55.836773,-57.509342,-60.82897,-61.86088,-63.648315,-67.93927,-68.03453,-70.38865,-70.55163
9728,True,-24.185677,-26.372475,-26.307392,-28.53244,-28.334076,-31.805508,-33.15875,-35.711647,-33.670967,-40.280876,-44.163284,-41.05492,-45.88623,-44.859703,-42.221336,-44.61303,-44.95777,-46.902164,-49.355003,-53.019722,-51.839325,-51.506393,-53.85044,-55.804096,-57.997192,-58.72245,-60.46986,-63.9581,-67.31741,-68.2706,-70.75404,-72.125786
9760,True,-24.069027,-27.543571,-26.894123,-26.990507,-30.817625,-32.641438,-35.763775,-34.013332,-35.25971,-40.56256,-39.455715,-44.889103,-46.444626,-43.382565,-44.594807,-44.877277,-47.661446,-48.412697,-49.46588,-50.132195,-49.366295,-53.0568,-54.203247,-55.866768,-57.613014,-60.541885,-59.699104,-64.13971,-66.97772,-68.648,-69.552444,-71.634705
9792,True,-27.397903,-32.00135,-26.55803,-29.291607,-29.745237,-33.096283,-37.20427,-37.497654,-35.165382,-42.741318,-41.705956,-42.027176,-41.85025,-43.65342,-41.122887,-44.864784,-46.239594,-46.676704,-49.007957,-51.442886,-52.748966,-53.274654,-52.94764,-54.934563,-57.50519,-58.631668,-61.471592,-62.41987,-66.233955,-68.094894,-70.86944,-71.87557
9824,True,-24.266418,-27.334269,-22.524231,-27.110785,-33.498528,-32.612663,-37.42302,-35.28697,-36.257763,-39.318943,-37.441666,-38.329063,-42.694786,-42.68364,-41.471786,-47.52643,-48.884346,-49.095512,-51.243294,-50.891228,-51.210083,-51.650337,-54.832687,-55.59738,-57.07157,-59.934692,-61.211716,-63.21785,-65.582535,-68.54712,-70.770485,-70.89684
9856,True,-27.902811,-28.996902,-30.441973,-32.780922,-32.934063,-29.86101,-36.18129,-35.86779,-37.498062,-39.932076,-41.375717,-41.250366,-42.773193,-43.94822,-44.825096,-46.15239,-45.747494,-48.31279,-49.56747,-50.667385,-52.307774,-52.246063,-54.95735,-56.99498,-58.481544,-60.214073,-60.052986,-63.066555,-66.10779,-68.98401,-69.462944,-72.048935
9888,True,-29.199942,-27.970337,-24.57027,-28.653145,-33.861557,-36.212116,-36.099033,-36.379417,-37.04847,-42.12351,-40.408646,-39.449722,-43.456608,-43.58217,-42.932034,-45.844616,-44.492588,-47.1051,-50.558033,-52.23271,-51.647224,-52.828274,-55.543488,-57.265835,-58.568413,-60.68061,-61.441086,-62.956238,-65.25533,-69.17243,-70.61307,-70.26548
9920,True,-23.819153,-27.530115,-26.887207,-29.341743,-30.206116,-33.999866,-35.70681,-33.85427,-36.677498,-41.220512,-39.53373,-42.39537,-40.005806,-40.259712,-41.653786,-45.375095,-45.911488,-46.887962,-48.802105,-53.786102,-52.201458,-52.435898,-58.183975,-59.234398,-58.859795,-59.19029,-60.66697,-63.89105,-64.96222,-68.27085,-69.67308,-70.942276
9952,True,-25.2886,-25.76115,-25.01315,-27.396631,-33.824364,-34.988857,-32.84457,-35.415337,-33.836838,-42.330784,-42.209583,-41.137573,-44.02834,-44.64481,-43.088585,-47.17137,-48.666733,-45.165752,-50.37919,-51.982723,-51.832508,-52.538925,-54.65767,-57.7144,-57.759243,-59.785217,-60.475956,-62.408466,-66.818665,-68.7498,-69.82197,-69.65263
9984,True,-30.846664,-26.854334,-25.441383,-28.729345,-33.11671,-33.93077,-35.607143,-34.974144,-34.92654,-40.33621,-37.82091,-38.206547,-38.959106,-42.461494,-45.615776,-44.69522,-46.977592,-49.6431,-49.61727,-50.596947,-49.90387,-50.037544,-53.832783,-54.692566,-57.36065,-60.67218,-60.26079,-63.602947,-65.91406,-65.622284,-67.636734,-67.37417
