timestamp,faulty,band_0,band_1,band_2,band_3,band_4,band_5,band_6,band_7,band_8,band_9,band_10,band_11,band_12,band_13,band_14,band_15,band_16,band_17,band_18,band_19,band_20,band_21,band_22,band_23,band_24,band_25,band_26,band_27,band_28,band_29,band_30,band_31
0,True,-25.60527,-30.127296,-35.662674,-33.563065,-36.317818,-37.980816,-37.20445,-41.93329,-44.918,-46.32157,-45.623264,-46.359554,-44.541435,-45.701103,-44.75481,-46.514645,-46.612823,-51.107296,-52.073284,-54.563858,-52.540646,-54.298676,-55.29609,-58.57669,-59.680653,-60.59192,-61.34995,-63.764477,-63.860977,-62.34131,-66.37986,-68.37688
32,True,-26.103683,-30.404922,-30.946474,-32.67316,-28.831112,-31.353796,-38.96201,-37.15087,-37.139046,-40.718735,-45.35808,-42.65102,-40.4834,-44.274406,-43.2323,-42.96409,-46.468834,-49.07845,-49.36405,-51.60793,-53.744507,-51.781536,-53.19086,-54.791904,-56.46132,-56.171005,-58.560577,-59.82837,-62.88359,-66.265274,-69.427185,-70.07661
64,True,-26.166162,-30.167366,-27.909893,-28.526672,-32.595287,-35.179928,-37.127846,-38.66764,-33.951336,-40.773426,-39.35529,-38.134514,-39.949116,-41.652756,-43.103874,-43.309387,-46.285477,-46.579735,-48.574287,-51.281937,-53.89643,-51.688198,-52.11622,-55.44552,-55.502525,-58.691273,-60.544212,-61.641388,-64.79278,-66.95064,-68.36157,-69.82698
96,True,-26.282242,-27.555813,-25.29501,-29.140005,-36.729836,-33.438656,-34.707928,-38.656853,-37.765385,-40.211063,-39.818016,-40.03862,-41.98809,-42.451443,-42.629272,-44.203293,-47.230335,-48.900948,-46.5461,-50.551624,-52.321045,-48.937935,-54.804615,-56.540062,-54.64405,-57.27263,-60.97292,-60.793743,-64.45193,-67.846695,-70.0825,-70.78503
128,True,-24.01463,-25.33537,-31.051655,-31.632196,-30.91996,-32.052162,-37.133186,-36.677868,-39.626163,-39.94989,-42.51956,-42.11899,-43.21511,-42.558693,-45.48193,-46.753952,-44.042744,-47.841064,-51.278107,-51.485466,-49.05756,-51.415802,-54.64004,-56.28865,-55.04718,-56.592216,-59.044785,-61.75534,-64.14208,-68.04214,-70.19036,-69.02995
160,True,-25.501781,-24.146116,-29.597027,-32.299454,-33.78457,-31.025545,-35.085552,-35.75897,-38.50157,-41.641953,-39.65122,-39.23684,-42.127632,-43.68213,-41.559456,-44.620445,-44.502365,-44.63923,-51.611023,-50.640255,-50.378017,-51.460075,-54.867188,-57.004055,-58.153076,-58.180252,-60.020203,-62.06021,-64.259575,-67.393166,-68.33556,-70.20226
192,True,-26.04659,-24.839294,-27.838953,-32.14982,-35.490746,-29.23389,-38.44753,-37.298683,-37.12315,-41.16809,-38.016792,-41.003326,-43.30748,-47.051853,-42.85751,-45.095592,-48.08495,-47.040283,-48.82256,-49.672962,-52.127075,-53.15887,-54.480587,-55.98436,-56.945515,-57.913162,-59.15087,-61.137066,-64.38786,-66.72009,-69.09744,-70.1381
224,True,-26.278944,-28.448322,-29.932756,-35.37699,-34.384457,-33.127296,-38.047707,-39.46551,-38.341896,-42.223824,-41.133797,-43.752865,-41.151108,-44.58159,-44.4805,-44.24218,-43.6335,-47.07965,-49.241886,-51.425484,-50.67971,-51.61432,-54.486694,-57.149612,-57.497726,-58.922874,-59.664467,-60.033707,-64.64842,-67.610825,-69.09498,-69.236206
256,True,-21.285084,-28.794807,-28.376133,-31.337101,-31.046984,-29.229061,-37.887867,-38.36013,-39.841797,-42.864872,-41.74965,-42.275375,-39.56556,-43.93914,-40.37868,-43.067623,-47.044624,-49.029053,-51.716393,-51.10202,-51.81241,-51.12014,-54.278397,-55.288063,-56.56834,-57.057686,-56.68099,-58.466816,-61.50103,-62.733402,-64.33214,-62.2539
288,True,-24.569698,-29.894495,-28.438965,-30.490808,-32.522987,-31.524944,-33.766033,-36.531452,-33.923973,-39.476837,-41.44913,-42.760273,-38.59412,-42.57145,-43.33207,-43.52669,-45.34394,-46.188347,-50.924522,-52.328598,-50.198425,-50.56458,-54.084553,-55.43036,-54.491123,-56.015762,-56.456055,-58.611904,-62.20588,-62.86296,-60.366104,-60.791134
320,True,-22.307032,-24.085009,-25.6548,-25.887856,-34.29337,-30.17806,-37.82418,-40.14769,-37.555862,-41.82865,-39.02238,-42.719078,-39.737236,-43.998127,-43.581806,-41.71877,-47.785812,-47.65026,-49.612965,-52.56416,-52.045006,-50.293194,-54.138752,-56.409676,-56.864464,-58.551945,-59.840794,-59.914364,-60.962875,-64.60713,-63.919632,-64.047714
352,True,-22.140245,-28.118238,-26.940878,-28.788078,-31.8456,-30.695473,-33.947063,-36.679134,-36.42982,-41.281044,-46.331116,-43.72573,-40.71096,-41.801258,-42.688072,-41.53814,-47.461124,-46.13906,-51.178326,-48.753593,-49.46682,-50.20359,-52.927822,-54.59828,-54.532295,-58.110752,-59.581646,-60.089027,-63.87445,-65.87907,-64.67568,-65.86812
384,True,-22.949734,-27.349442,-26.74594,-28.158293,-33.533886,-33.299267,-38.241753,-39.056156,-38.827785,-42.015453,-43.22743,-40.897446,-41.909237,-43.974846,-45.01535,-45.91867,-46.06968,-46.93622,-50.9592,-49.60865,-53.691925,-50.71014,-52.345127,-55.832516,-55.819695,-57.174545,-59.09561,-59.012283,-63.326233,-63.69446,-66.199196,-65.2365
416,True,-24.381706,-29.912888,-29.014858,-29.108465,-29.998661,-30.399181,-38.3154,-35.52102,-34.17135,-41.20227,-43.573475,-41.974625,-38.47538,-42.779385,-44.09272,-48.963806,-47.961723,-47.64855,-48.564754,-49.903915,-51.23758,-49.53228,-54.59883,-56.185707,-56.003975,-58.955933,-60.089554,-59.865517,-65.25213,-66.68856,-66.75666,-67.970345
448,True,-26.000462,-29.23162,-29.657896,-30.890512,-32.106163,-31.181269,-36.4499,-40.595966,-36.084206,-42.630825,-44.85514,-42.324287,-39.725883,-42.670647,-45.738747,-47.719696,-47.3667,-46.00414,-48.407852,-48.546562,-50.19073,-50.988083,-56.686954,-58.467102,-56.949993,-59.936024,-60.736206,-62.08078,-63.824696,-65.02408,-67.08626,-66.73028
480,True,-28.081942,-27.488834,-25.61868,-27.325832,-29.107346,-29.453827,-34.217422,-36.34291,-37.0348,-37.637768,-40.590904,-42.692787,-40.490993,-41.95308,-43.260986,-45.30742,-46.418415,-47.656006,-47.19789,-48.748833,-53.020226,-51.198048,-53.90614,-56.270325,-58.714138,-59.67331,-60.125027,-61.238808,-63.839565,-66.265076,-64.84382,-65.02929
512,True,-26.582348,-27.712551,-29.555323,-31.25428,-34.319977,-31.304977,-36.79454,-37.05684,-32.78132,-36.732502,-43.919075,-43.633987,-41.810345,-42.05914,-44.196243,-43.624542,-46.498867,-47.26413,-48.68795,-50.635956,-51.905674,-52.244457,-54.015156,-57.77542,-56.09307,-58.07062,-58.503708,-59.898544,-63.369843,-64.101746,-65.12122,-65.42385
544,True,-23.401054,-25.377163,-29.099377,-31.969412,-38.578182,-32.81401,-37.641712,-37.944096,-31.81203,-39.324722,-42.578815,-40.833946,-40.26889,-44.47583,-46.713936,-45.202347,-45.17981,-47.230373,-49.14499,-50.733513,-49.62178,-52.188686,-54.18206,-55.3826,-56.1828,-57.519337,-60.110092,-61.243393,-63.88578,-63.590282,-63.46865,-64.134026
576,True,-27.409315,-28.879726,-30.984188,-31.264801,-31.90768,-29.007023,-36.932495,-40.631046,-35.940292,-40.984478,-39.09056,-42.28276,-42.383694,-41.305626,-43.101864,-44.964783,-48.38898,-45.775276,-45.941814,-49.30725,-49.422745,-50.63429,-53.707348,-56.87094,-56.765564,-56.72999,-58.188065,-60.176697,-62.182423,-62.689056,-63.37694,-63.254707
608,True,-22.382233,-26.345741,-33.155365,-29.442423,-30.207233,-30.531872,-33.913475,-37.02863,-36.600155,-40.00492,-39.815647,-42.05092,-45.384808,-39.03877,-41.19683,-46.887478,-48.428574,-48.082207,-46.626907,-47.000526,-50.188652,-51.348797,-52.6809,-54.04923,-54.535995,-55.584602,-57.20017,-60.10061,-63.13238,-61.76188,-58.890762,-57.697468
640,True,-23.845491,-27.871052,-29.260328,-29.061333,-36.483856,-32.373306,-37.71503,-37.239456,-36.136204,-41.64846,-43.6662,-41.4489,-40.49105,-42.062523,-43.003273,-44.45738,-43.23401,-46.578026,-49.68106,-51.850693,-53.74993,-52.69253,-54.417633,-54.648468,-56.429424,-57.569828,-58.441986,-59.391804,-62.817303,-61.85915,-62.19947,-61.930164
672,True,-21.907356,-26.718166,-30.505354,-31.652658,-35.194366,-34.005558,-36.821663,-38.875328,-39.29132,-40.030014,-40.62479,-40.863895,-40.97616,-44.224895,-41.89579,-45.078716,-44.62261,-49.17254,-48.531628,-49.24753,-50.66342,-50.827774,-52.474464,-56.96566,-54.720985,-56.10874,-56.06389,-60.90433,-61.524086,-59.74535,-59.336514,-60.572323
704,True,-26.719084,-26.913597,-27.223112,-28.167889,-31.6534,-30.288189,-38.761612,-37.668365,-35.985252,-39.42902,-39.528076,-42.54788,-41.691437,-41.90268,-40.662506,-44.101795,-47.191296,-47.633934,-46.388268,-48.074455,-50.287987,-51.21988,-53.4275,-57.07074,-56.599712,-57.387436,-57.131992,-61.696365,-62.12517,-60.92662,-62.851463,-62.684715
736,True,-25.685549,-25.506386,-25.400787,-27.88499,-34.34346,-36.022182,-37.840965,-38.589092,-36.662785,-38.58941,-43.42911,-44.24166,-41.705975,-43.88069,-46.044044,-46.7667,-46.173992,-48.689217,-47.164116,-47.41182,-51.738045,-51.886917,-54.940685,-54.573017,-55.204372,-57.44734,-58.637367,-60.024406,-62.079323,-62.308876,-61.819527,-61.583916
768,True,-24.905334,-28.74404,-30.333738,-34.54479,-33.199085,-31.772326,-36.954338,-37.876972,-40.10428,-43.64483,-43.19483,-42.305344,-44.575813,-47.709538,-44.66211,-47.73943,-45.828377,-45.969215,-48.245415,-50.646343,-53.96929,-52.018238,-53.83902,-55.68524,-57.123356,-57.61558,-58.31942,-61.03392,-61.76822,-61.089386,-63.430008,-64.026344
800,True,-23.19679,-28.561722,-22.48784,-24.706345,-33.10875,-34.1118,-38.35654,-38.038555,-39.43684,-41.81818,-40.28565,-38.036285,-37.828995,-41.89758,-42.020187,-43.67933,-45.210766,-49.989395,-46.323616,-48.312283,-53.247623,-52.2641,-50.74704,-54.401962,-56.20085,-58.72603,-59.474632,-60.727314,-63.441063,-62.797012,-63.416977,-64.82652
832,True,-27.55271,-30.291313,-27.93005,-30.720919,-35.535942,-33.381073,-39.711025,-39.806725,-35.82716,-39.63093,-40.87407,-41.83107,-40.684418,-42.59768,-41.259235,-43.148136,-49.916885,-52.131416,-50.83771,-49.242928,-53.9616,-52.83963,-53.92775,-55.212227,-56.59614,-57.920193,-61.636658,-63.63266,-61.865353,-63.00473,-66.28721,-66.668724
864,True,-23.559242,-27.901482,-26.950119,-30.098057,-31.64995,-33.689682,-40.742607,-36.22829,-35.785625,-40.078644,-42.55865,-37.92655,-38.03988,-40.625076,-40.311966,-42.545624,-46.008644,-46.652214,-49.37565,-50.928074,-50.811214,-51.36471,-52.92662,-55.968246,-57.63844,-58.903214,-61.909004,-61.750275,-63.86131,-65.854095,-67.32887,-68.24985
896,True,-24.833961,-28.564629,-26.603315,-27.9665,-30.231834,-30.688011,-35.66097,-35.117985,-39.561035,-40.49656,-39.537663,-40.491375,-42.140724,-42.26778,-41.017914,-44.762283,-46.559124,-46.84023,-49.29041,-49.02822,-50.590996,-50.799652,-52.246445,-55.279236,-56.75654,-58.5782,-59.51802,-62.147804,-64.262474,-65.10935,-66.510056,-68.07271
928,True,-24.505213,-31.171438,-28.088255,-30.459555,-38.113197,-31.690487,-35.965748,-39.7282,-35.55508,-39.866844,-45.17379,-44.615437,-43.093433,-48.312675,-42.147156,-47.156487,-48.759026,-48.9302,-47.27552,-50.142883,-50.89486,-53.18255,-54.73468,-54.973495,-55.834732,-57.669086,-58.224392,-60.768093,-63.4635,-64.8907,-66.4814,-67.003716
960,True,-22.069412,-28.518284,-27.805145,-29.24054,-35.316544,-30.161379,-37.94516,-37.914955,-35.258804,-39.816696,-41.33117,-42.42652,-42.057728,-42.57101,-42.22602,-44.21082,-46.070374,-47.514473,-47.701267,-48.888035,-51.802612,-52.472782,-52.795753,-53.995308,-57.3007,-59.342537,-59.90437,-61.609207,-64.94684,-65.984245,-65.88049,-68.03331
992,True,-23.340744,-29.844572,-29.228153,-30.961433,-38.926796,-33.450375,-38.128952,-39.196575,-36.047512,-41.574173,-39.568718,-39.106808,-39.409077,-44.064323,-42.99854,-43.697544,-46.19126,-48.975586,-49.597397,-50.394424,-49.378937,-51.38079,-52.901688,-54.722713,-56.018417,-57.904125,-60.98701,-60.88572,-64.31082,-65.73379,-66.19163,-66.70707
1024,True,-22.533916,-30.289463,-31.266113,-31.840021,-33.467796,-29.863018,-40.753883,-36.181694,-36.816338,-40.38427,-40.645676,-41.634476,-39.396004,-42.286545,-43.663486,-42.51538,-44.55256,-47.546696,-49.254795,-49.996902,-48.93477,-52.00512,-54.87385,-57.409092,-59.80979,-59.27389,-59.520054,-62.763172,-64.27472,-65.71694,-68.17111,-67.25486
1056,True,-22.90806,-28.09456,-29.056183,-30.026142,-31.227337,-32.833347,-41.344986,-35.959496,-37.033752,-42.487534,-43.04104,-43.77083,-41.620377,-42.57215,-43.4383,-45.58193,-48.681087,-49.706627,-49.33962,-48.535538,-51.688805,-51.967205,-53.41228,-57.816986,-55.738266,-59.21792,-59.90863,-61.376167,-65.77919,-67.54076,-67.662704,-68.54028
1088,True,-24.474972,-28.997658,-27.922314,-29.374332,-35.43545,-34.551758,-35.488632,-37.232952,-38.501804,-39.887917,-43.519028,-39.248478,-39.972416,-41.00386,-39.74491,-43.56628,-44.08997,-48.9858,-49.361618,-50.175545,-48.876213,-49.65919,-53.390053,-56.847897,-57.374386,-57.515873,-60.224346,-62.46799,-64.05419,-65.9282,-67.17709,-69.29071
1120,True,-24.751415,-26.55082,-30.827085,-32.28986,-35.004303,-33.63338,-37.959145,-40.468597,-38.207443,-39.698517,-40.701374,-40.820335,-40.83076,-41.589565,-40.337696,-43.64719,-45.208897,-47.26245,-48.58608,-50.268875,-49.091106,-49.35768,-53.00198,-57.697598,-58.80774,-59.363472,-60.470284,-63.317383,-66.01247,-66.98952,-66.74928,-68.572754
1152,True,-27.520626,-27.553675,-28.435032,-28.821957,-31.682568,-34.924217,-39.322807,-39.814137,-41.242905,-40.516922,-40.83536,-46.807514,-42.819805,-40.418186,-41.982876,-46.30039,-46.721428,-47.468475,-48.62677,-50.320644,-50.912804,-51.554295,-55.507664,-56.042633,-57.672955,-58.056343,-59.89418,-61.685738,-65.83922,-67.31555,-68.37737,-67.861694
1184,True,-28.25474,-31.8705,-32.45284,-33.752903,-34.68397,-31.229753,-35.89466,-38.449604,-34.559967,-40.07625,-41.429184,-40.974117,-40.907707,-43.067642,-44.756542,-44.17472,-45.959644,-48.727097,-49.827232,-49.21002,-50.15001,-52.56721,-52.30874,-57.243313,-56.464897,-59.20483,-59.368404,-63.00169,-65.298355,-64.8523,-67.367546,-68.211105
1216,True,-23.262962,-31.437872,-31.440071,-35.541023,-30.811134,-31.817726,-37.96026,-38.378235,-35.08678,-41.143204,-41.740364,-45.15708,-42.236996,-41.17722,-41.13943,-45.66843,-47.616367,-47.415066,-50.68744,-50.96127,-50.999794,-50.76255,-52.937637,-56.309547,-56.889915,-60.266113,-60.722725,-61.47493,-64.2302,-66.34947,-68.029564,-67.80064
1248,True,-22.396599,-27.854908,-29.276295,-32.85889,-33.13591,-30.653591,-34.30612,-37.076626,-39.177513,-37.164543,-42.678307,-44.411625,-41.470165,-43.625977,-44.974915,-43.13217,-44.78257,-48.189373,-50.84549,-52.157368,-52.87926,-50.37335,-52.04863,-55.84823,-54.89734,-58.082653,-60.701454,-60.73934,-62.706078,-65.34459,-69.54429,-69.13848
1280,True,-27.447315,-28.843431,-28.791431,-31.53526,-31.329025,-32.657276,-38.34622,-38.50375,-38.37299,-40.10097,-45.775417,-41.49047,-39.585644,-41.573357,-42.535587,-44.918953,-47.39283,-47.031136,-49.21192,-52.175335,-51.655777,-48.61451,-54.074917,-56.22919,-55.670986,-59.66967,-59.6082,-61.16313,-65.42832,-66.01555,-67.50723,-70.50677
1312,True,-29.933907,-30.004822,-30.244106,-31.842464,-34.04566,-31.517212,-36.935303,-38.77045,-35.503048,-37.62104,-41.14838,-42.64522,-40.399975,-44.663853,-41.548622,-42.485756,-46.261936,-51.070496,-51.31832,-49.918457,-51.800915,-52.760487,-53.633926,-55.344467,-56.21711,-57.870262,-61.582417,-62.463917,-64.21962,-66.17774,-67.5912,-70.306305
1344,True,-28.189686,-26.88391,-26.378513,-27.846962,-35.83511,-33.93141,-35.965004,-38.683475,-36.87721,-38.980305,-42.294937,-45.416138,-40.283318,-40.210648,-41.05472,-43.869843,-43.256424,-47.012848,-47.304665,-50.364517,-52.09597,-50.488316,-52.63868,-55.857628,-57.199017,-57.579773,-59.64862,-62.892548,-64.07388,-66.18109,-67.70881,-68.86846
1376,True,-24.97778,-27.692959,-29.901571,-31.16721,-33.991837,-29.892778,-36.926407,-37.274246,-38.250458,-39.619926,-43.141876,-46.58438,-40.523304,-39.54368,-40.718872,-44.815945,-47.50453,-46.50486,-47.33093,-50.104427,-54.012398,-52.39317,-53.87731,-57.766994,-57.429996,-58.990913,-59.930695,-60.800102,-65.19784,-66.74575,-68.992714,-70.17155
1408,True,-22.554552,-24.6348,-30.9049,-31.739353,-31.053364,-34.055668,-40.577675,-37.728153,-37.64256,-41.258568,-37.39392,-41.708176,-38.18952,-41.68431,-41.116882,-43.771202,-46.667896,-48.981953,-48.08954,-51.693237,-52.950893,-52.45394,-53.996735,-54.76268,-58.254387,-58.398605,-58.327675,-60.034973,-63.44864,-66.75809,-68.56203,-68.483185
1440,True,-24.637482,-24.970783,-26.993235,-31.238115,-32.866932,-32.920647,-37.71172,-35.928844,-35.38323,-35.55632,-40.674133,-44.131615,-40.281406,-44.366707,-43.754288,-45.438503,-45.16697,-46.20436,-50.066486,-51.73231,-51.072212,-51.033367,-52.85799,-55.52547,-57.75944,-58.30452,-58.033646,-60.77307,-63.88183,-67.06125,-68.08907,-69.509384
1472,True,-26.41341,-29.564703,-27.117004,-30.659382,-33.54504,-29.960873,-36.790386,-39.133583,-39.663883,-39.8098,-45.123817,-45.890038,-40.938545,-42.686954,-43.434555,-43.70611,-47.94367,-48.684387,-50.41433,-50.059944,-53.755093,-53.33074,-54.836716,-54.629234,-57.642105,-60.497025,-59.66709,-60.612976,-64.29972,-67.220314,-67.96437,-69.11398
1504,True,-26.91365,-30.054745,-29.906471,-31.94038,-33.113884,-28.863022,-37.06923,-39.221466,-37.116936,-40.93055,-41.90116,-43.43351,-41.134876,-42.530945,-42.267838,-44.25474,-46.092705,-49.824425,-49.32255,-50.814774,-53.49339,-53.448196,-53.864174,-54.506676,-55.867905,-58.48211,-60.390778,-61.74907,-66.19521,-67.70598,-69.06467,-70.243576
1536,True,-27.382967,-26.485226,-26.999876,-34.34609,-35.36893,-29.65292,-36.960377,-41.795288,-36.988873,-40.88888,-41.926163,-41.841194,-42.690792,-41.356434,-41.024517,-43.069477,-48.9338,-49.772305,-51.202507,-52.212185,-53.725792,-52.051056,-54.569584,-56.054092,-58.025738,-57.618717,-61.316376,-63.77981,-64.02769,-68.576195,-69.60809,-69.79957
1568,True,-25.90439,-25.045317,-27.115185,-33.819225,-33.41714,-34.23239,-42.011127,-41.290173,-38.91681,-40.97371,-41.196968,-44.92282,-43.2463,-49.034317,-44.49398,-44.93435,-46.174995,-46.401882,-50.332108,-48.590046,-52.20373,-53.08849,-52.99305,-56.833366,-57.959133,-58.931576,-60.24402,-61.870403,-65.41023,-66.625786,-66.475105,-67.30643
1600,True,-24.163206,-30.746922,-33.026505,-33.849854,-34.899857,-30.705273,-35.755905,-39.162277,-34.67747,-37.112938,-41.45931,-42.66436,-41.094765,-41.367565,-42.62509,-43.187252,-44.698177,-48.62757,-48.738503,-46.49436,-48.006344,-50.056755,-53.13812,-57.527763,-55.310017,-58.505142,-60.17942,-61.770523,-64.081436,-65.38106,-65.20774,-66.06654
1632,True,-24.485489,-27.343874,-31.003357,-30.542297,-32.66658,-32.08305,-36.2771,-37.12857,-35.15345,-37.5537,-42.335426,-43.223667,-42.457497,-43.601627,-43.333084,-45.331974,-44.639877,-46.33928,-50.198627,-51.64179,-51.101803,-50.26906,-53.87573,-56.02251,-57.146164,-58.97419,-59.003227,-60.957333,-65.624664,-64.64181,-68.32021,-68.69506
1664,True,-25.113583,-25.308418,-23.627874,-27.839077,-32.09367,-31.966091,-35.584995,-37.296288,-37.850677,-39.425003,-45.486176,-44.329704,-43.726406,-41.371826,-40.621494,-43.54577,-48.215908,-48.310734,-47.43522,-48.73799,-51.484962,-52.884727,-54.090073,-57.979645,-58.44135,-58.890617,-61.026073,-62.217957,-63.17268,-65.0009,-67.42473,-69.52023
1696,True,-20.301178,-28.006031,-30.533552,-30.66895,-29.932007,-31.57899,-34.627922,-37.814903,-38.354393,-41.117702,-40.581585,-45.708866,-38.059765,-41.955467,-44.596954,-46.52294,-44.89409,-47.146687,-50.641273,-50.535873,-52.74701,-54.122658,-55.875786,-55.373936,-55.809063,-57.605637,-59.620598,-62.46509,-64.10819,-66.757454,-69.08151,-69.87405
1728,True,-24.126856,-25.700703,-27.175657,-31.24383,-28.88521,-29.768337,-37.18517,-34.742546,-34.691162,-37.798874,-41.60769,-42.637085,-40.381107,-46.302307,-42.195335,-44.502914,-46.106323,-45.907997,-49.694977,-48.295704,-50.83016,-52.62935,-53.84494,-57.545326,-56.512245,-57.77674,-60.187836,-60.7832,-65.289734,-67.3433,-68.000916,-68.35468
1760,True,-22.374561,-26.12672,-27.291794,-32.10632,-35.27968,-32.285206,-38.04196,-34.337677,-35.547432,-41.944412,-43.450058,-42.10138,-40.912872,-41.967056,-42.460632,-45.389294,-46.808926,-47.99434,-50.385468,-48.7604,-51.0681,-51.345146,-54.193634,-56.483265,-55.694622,-58.799484,-59.718285,-62.067085,-66.31617,-67.3434,-68.12995,-67.772415
1792,True,-26.835117,-28.509296,-29.991398,-28.496029,-31.756466,-30.584677,-36.929966,-38.060852,-36.83137,-41.342606,-44.377026,-43.422867,-41.849396,-42.875793,-41.153046,-45.901257,-49.67047,-50.142235,-50.09446,-50.989265,-51.523735,-51.830982,-54.447865,-55.14353,-56.371655,-58.102615,-60.016727,-61.616196,-67.232,-66.77394,-68.60469,-68.34748
1824,True,-22.482742,-32.43482,-25.980549,-29.67754,-36.775215,-31.789886,-37.102257,-42.519432,-34.887936,-39.578236,-41.84528,-43.361282,-40.463062,-41.76418,-40.799084,-44.242447,-44.90948,-47.877354,-49.126785,-51.867416,-53.399426,-51.487022,-53.909164,-57.229538,-56.819023,-60.26318,-59.794956,-60.806343,-64.5061,-67.03956,-67.368805,-67.603516
1856,True,-26.434147,-30.399307,-31.319271,-29.781803,-31.886683,-31.24337,-36.55256,-37.987988,-34.111435,-37.158104,-42.765385,-39.031452,-39.313026,-41.165966,-40.39228,-45.34839,-46.14286,-43.16963,-49.882294,-51.9359,-51.294903,-50.30696,-53.033447,-58.3177,-57.94837,-57.598297,-59.153652,-58.915337,-63.339348,-65.596436,-65.882454,-65.96777
1888,True,-30.923481,-30.560616,-28.42762,-30.77757,-34.583233,-32.454964,-38.833355,-42.4522,-37.022903,-38.650867,-42.226658,-43.84731,-42.590298,-44.89904,-42.37111,-47.78263,-48.332916,-47.637882,-51.113083,-51.095715,-52.004093,-51.38034,-52.32874,-57.96019,-56.066036,-57.6268,-61.495415,-62.15132,-64.157776,-63.883476,-65.41266,-66.031136
1920,True,-24.185013,-27.04571,-30.635227,-30.507366,-35.726048,-33.14837,-36.618725,-39.241253,-37.127083,-38.15789,-43.848003,-46.13389,-44.158638,-45.90795,-46.50904,-45.38277,-48.027493,-46.63566,-47.38583,-49.574623,-51.74353,-50.655754,-53.2817,-56.092255,-56.35266,-58.932884,-58.98687,-59.87167,-63.274704,-65.57773,-66.13843,-66.38589
1952,True,-21.989334,-27.284649,-25.827616,-28.251236,-31.137096,-32.479645,-36.998234,-39.56218,-37.87268,-40.759438,-45.213943,-48.612694,-42.517982,-42.393433,-42.359425,-43.69515,-50.551926,-47.398678,-50.076675,-51.177334,-51.64631,-51.52576,-51.798378,-54.366383,-55.956436,-57.389847,-59.889526,-61.469265,-62.903957,-63.334663,-65.95012,-65.97459
1984,True,-26.12956,-24.832253,-25.87325,-30.480091,-31.276878,-32.348618,-36.72316,-36.37291,-36.94503,-40.708088,-42.040558,-39.924244,-39.792465,-43.698532,-44.363407,-45.892548,-46.266613,-48.76342,-50.954575,-53.35488,-51.46972,-51.16348,-54.526688,-57.297176,-56.556454,-58.908676,-61.58504,-61.143524,-64.37306,-66.31468,-66.61328,-67.55863
2016,True,-25.833471,-28.613527,-24.601189,-28.086206,-34.57631,-32.77432,-38.539684,-39.02883,-37.439545,-41.812965,-44.0538,-43.457916,-41.097282,-42.486946,-42.333523,-44.285908,-46.062782,-47.06717,-48.09013,-51.538246,-52.327633,-52.284218,-54.0349,-56.14537,-56.152344,-58.36945,-58.57134,-62.051453,-64.13749,-67.02551,-68.45028,-67.806946
2048,True,-30.10572,-29.124264,-24.62553,-27.712507,-32.69215,-30.20816,-35.156727,-42.67968,-39.544285,-39.23002,-42.899483,-41.22997,-44.720615,-40.506096,-41.096935,-43.480835,-45.854034,-48.647,-50.416046,-50.89762,-50.437855,-49.06745,-54.71743,-57.613483,-57.447643,-58.51947,-59.29297,-60.4842,-64.25601,-67.05568,-67.884674,-68.207085
2080,True,-24.38062,-28.989668,-30.04195,-33.596867,-35.235146,-32.444164,-36.81754,-36.49033,-37.458973,-43.789593,-46.371536,-43.89476,-44.886204,-43.668934,-44.89073,-47.03507,-48.308598,-50.533936,-50.1185,-50.53608,-52.905315,-50.98131,-54.377434,-58.419384,-57.321045,-57.770966,-59.600372,-60.687836,-65.8013,-66.20198,-68.36903,-68.9789
2112,True,-24.103498,-26.338339,-29.058102,-32.092445,-33.35267,-32.896446,-34.59894,-35.38753,-38.403973,-42.816574,-42.66442,-44.107925,-42.487392,-43.289314,-43.888813,-45.52612,-47.502674,-50.72635,-51.71228,-50.656197,-51.35096,-51.617737,-53.988987,-57.305904,-57.370636,-58.409233,-59.884907,-61.14422,-63.90772,-63.30491,-60.489765,-66.974525
2144,True,-24.081165,-27.347084,-28.327518,-30.269745,-31.6751,-32.316376,-38.402107,-38.38772,-36.32991,-40.88456,-42.17306,-40.567707,-40.732986,-44.776897,-40.84831,-43.378418,-47.48384,-47.375263,-49.83328,-55.063164,-51.886154,-50.62127,-54.775566,-56.60785,-58.210316,-57.591892,-57.67351,-60.716682,-62.06528,-62.807228,-59.45878,-64.97259
2176,True,-26.426382,-25.032127,-27.44341,-30.825605,-28.606386,-32.08021,-37.42153,-36.71779,-35.857132,-37.021366,-41.45797,-43.11268,-43.110523,-44.802166,-44.392464,-44.499363,-47.488197,-45.44182,-46.24385,-50.674152,-53.756165,-52.482952,-54.983047,-55.081486,-57.693573,-57.96148,-58.475742,-60.348465,-62.66804,-65.148476,-64.67015,-68.805626
2208,True,-26.155203,-28.85698,-28.925323,-28.430109,-31.537079,-37.181286,-39.374382,-40.368958,-35.54558,-37.68885,-40.66117,-40.464348,-39.283543,-40.55307,-42.31436,-42.454712,-45.65528,-48.196655,-48.57889,-51.94169,-50.759224,-51.426956,-55.766586,-57.541157,-56.569595,-58.103275,-59.895596,-60.26699,-63.188053,-65.55339,-68.051,-69.24161
2240,True,-21.570015,-23.667503,-28.567978,-30.978271,-31.882889,-31.237766,-36.54789,-37.74375,-35.674416,-40.79161,-37.66269,-42.165943,-38.563732,-42.93127,-43.620537,-45.108482,-50.27841,-46.122684,-47.971325,-50.02319,-51.308037,-50.471977,-54.389168,-56.701202,-57.793533,-60.154434,-61.447445,-60.64411,-64.69332,-67.15509,-66.95177,-68.82872
2272,True,-25.243412,-26.243183,-27.385561,-29.011887,-36.132607,-34.13321,-38.358845,-38.678177,-32.80977,-39.28551,-42.89619,-42.301353,-44.252354,-44.88489,-44.48346,-42.540398,-45.17262,-49.795322,-50.141113,-50.492577,-52.114445,-49.882053,-52.103973,-55.944157,-57.854645,-57.997528,-59.85375,-60.84663,-64.580894,-66.58126,-68.15853,-68.17556
2304,True,-22.267239,-23.179762,-27.501505,-28.653168,-34.42668,-31.001251,-35.960186,-36.11329,-37.82654,-40.706802,-42.810192,-40.9068,-39.33781,-41.728786,-43.553963,-48.75321,-47.39481,-48.403595,-47.082893,-48.714222,-51.194958,-51.40899,-53.81886,-55.637455,-56.568504,-58.10143,-60.77347,-62.106308,-65.31397,-66.72437,-68.90553,-68.176056
2336,True,-26.262217,-25.315678,-27.639832,-30.660511,-30.914438,-31.479427,-34.544952,-36.775406,-36.142883,-38.44971,-36.737484,-42.026016,-40.852554,-43.933945,-43.171227,-45.45349,-48.706955,-47.317234,-47.878498,-49.614296,-51.754154,-52.042217,-52.572746,-56.83355,-57.19834,-60.9136,-61.360928,-61.596237,-64.2957,-65.81475,-67.78951,-68.93245
2368,True,-26.876858,-28.534891,-28.378553,-32.06161,-30.79845,-32.49168,-36.31928,-35.39378,-36.09381,-41.254128,-41.828712,-42.40727,-41.620678,-45.375996,-45.065605,-44.612854,-45.8367,-46.45324,-50.74705,-50.007416,-50.622208,-49.954178,-53.502068,-56.204597,-57.785374,-58.691513,-59.5882,-62.013874,-62.883778,-65.84972,-67.172325,-67.50528
2400,True,-24.046143,-26.058224,-27.971622,-28.309055,-31.997665,-31.616209,-36.171005,-40.432964,-36.78593,-42.38669,-39.959007,-40.469036,-39.42906,-39.779594,-40.629333,-42.262154,-48.389175,-49.7364,-49.38696,-51.88188,-50.696865,-51.66143,-53.99697,-55.485023,-55.707287,-56.645084,-60.53933,-59.57378,-62.58715,-66.426056,-68.90973,-69.37821
2432,True,-25.381277,-28.474215,-30.915112,-34.94431,-36.187954,-33.11429,-38.512207,-38.243668,-36.23937,-37.120354,-41.662613,-41.000523,-39.41624,-41.907658,-41.73398,-44.42776,-46.354935,-48.005386,-49.03818,-50.561462,-52.31256,-51.161163,-52.095165,-55.322433,-55.088646,-57.574905,-60.09327,-60.86912,-63.934914,-67.77014,-69.05851,-69.369194
2464,True,-25.624962,-28.705465,-30.546844,-33.56575,-32.182945,-28.65026,-36.60401,-35.735336,-37.11759,-37.538383,-39.072792,-42.069977,-42.024414,-42.432575,-43.978344,-49.02895,-46.54895,-48.245872,-48.15977,-50.667496,-49.619614,-51.117992,-53.045364,-53.968536,-55.17189,-57.86242,-60.510185,-61.253376,-64.37034,-67.269966,-68.85581,-68.86631
2496,True,-26.065466,-27.494339,-27.024246,-29.185349,-30.68053,-31.061098,-35.401882,-36.942448,-41.07613,-42.397163,-39.137405,-39.614532,-41.004196,-42.57654,-40.733,-45.526,-46.54327,-46.751366,-48.69835,-49.135178,-50.99263,-51.09252,-51.167534,-54.378952,-55.56658,-57.944595,-58.79534,-61.967426,-65.129585,-67.206856,-69.17068,-69.702286
2528,True,-24.568417,-25.602362,-26.863806,-27.904655,-30.869343,-26.738842,-37.973637,-41.199894,-40.250816,-38.316315,-40.321102,-41.229874,-41.221703,-44.62097,-41.512314,-45.24345,-43.484314,-45.806618,-45.79203,-47.73175,-48.32599,-50.16751,-51.19043,-54.562225,-55.681232,-58.699524,-58.24817,-60.632473,-64.74092,-67.82361,-68.9711,-69.46426
2560,True,-22.96661,-25.805357,-25.520466,-29.455221,-30.293674,-32.437843,-38.908375,-42.834774,-41.67389,-44.071735,-43.549824,-41.99915,-40.894966,-42.827896,-43.427727,-44.9427,-42.589638,-45.32299,-50.48546,-48.40902,-51.329914,-49.88527,-52.919975,-56.237263,-55.81134,-59.49238,-59.24648,-60.02234,-63.046387,-65.571175,-65.268936,-67.32592
2592,True,-27.422888,-28.065372,-24.140202,-30.235483,-33.756416,-31.166409,-35.550945,-38.153873,-37.3198,-38.404945,-42.670914,-40.506992,-44.414536,-44.23618,-42.234146,-46.927628,-46.539062,-48.897003,-47.391884,-48.41433,-51.1647,-52.7004,-57.01181,-56.070553,-57.17596,-58.2166,-59.695503,-60.359528,-63.649757,-66.780205,-68.19319,-67.65814
2624,True,-26.407736,-27.221891,-27.030823,-31.013739,-33.183342,-31.967861,-34.059017,-38.586395,-38.808365,-39.59477,-42.901997,-41.24112,-41.663277,-41.658344,-44.61428,-45.706757,-45.551968,-46.843933,-47.00777,-51.275196,-50.59614,-53.64813,-53.428303,-53.62888,-56.11588,-57.568554,-60.310497,-62.319244,-63.262283,-66.40354,-67.74991,-66.98483
2656,True,-27.5484,-26.818737,-26.213427,-31.121376,-34.124065,-31.355984,-37.856674,-38.62197,-37.07673,-41.856712,-43.078934,-39.41487,-39.299194,-44.28593,-42.646427,-45.99369,-47.144127,-48.072796,-49.74666,-51.030106,-50.91778,-50.79724,-54.655876,-56.42355,-57.176407,-58.6612,-61.171806,-62.39656,-63.6994,-65.95428,-68.84736,-68.62569
2688,True,-22.9317,-28.308962,-25.522373,-30.230637,-32.534363,-31.845991,-35.063786,-37.356697,-40.205666,-40.937668,-39.40486,-40.67985,-44.764755,-45.83927,-44.162605,-44.887257,-47.561836,-49.036213,-49.826294,-50.18314,-51.824867,-51.80577,-53.728275,-54.734493,-55.564808,-56.036583,-60.89843,-63.140938,-64.564964,-66.53263,-67.27504,-68.36745
2720,True,-28.478195,-29.04343,-26.063148,-31.95463,-32.162956,-30.934507,-39.85318,-40.87359,-40.38978,-41.87961,-43.88599,-43.55912,-42.313423,-44.742004,-42.489037,-42.848442,-50.078236,-49.11586,-50.498505,-47.90387,-51.61841,-52.08039,-54.165478,-56.281914,-56.85959,-58.888046,-59.32634,-61.375538,-64.91364,-66.48053,-68.85242,-69.89739
2752,True,-29.824673,-27.195312,-26.516563,-28.833996,-32.058743,-31.871588,-38.49813,-38.820717,-36.11542,-36.85034,-39.428905,-38.55069,-39.19065,-40.9112,-42.880367,-44.992424,-46.513412,-50.470314,-52.976173,-50.97382,-50.10652,-53.388054,-55.030865,-56.263027,-57.028076,-57.89258,-59.633873,-60.30104,-64.62151,-66.23921,-67.82437,-69.55094
2784,True,-23.786642,-29.801464,-25.251055,-29.331293,-32.554768,-30.279758,-37.715565,-40.144276,-37.39281,-39.93811,-42.159798,-41.71451,-40.013138,-43.33418,-41.45585,-47.4921,-50.430634,-48.29,-49.96779,-51.646606,-53.063316,-53.283047,-53.97255,-56.332375,-57.009087,-59.22506,-59.12124,-60.33978,-63.72211,-66.43346,-68.23586,-70.07338
2816,True,-23.955582,-31.283436,-28.90382,-32.903664,-35.484047,-35.183567,-34.690765,-38.206524,-36.986553,-36.399174,-40.70073,-42.873646,-38.64775,-44.713287,-39.684708,-43.40166,-46.1733,-47.628624,-50.577316,-51.562637,-51.53385,-51.811974,-54.646755,-56.70355,-57.4196,-60.239403,-59.68689,-62.730526,-65.58798,-67.582535,-67.74264,-68.693214
2848,True,-25.150364,-28.394176,-26.755424,-32.239117,-32.673916,-28.028364,-39.154724,-38.979256,-39.305645,-43.35112,-42.42525,-46.40392,-45.761772,-44.39293,-45.161175,-45.179024,-48.60634,-48.782402,-49.29966,-50.951805,-50.68781,-51.534866,-54.105698,-57.466057,-57.55426,-58.278473,-57.796654,-60.117935,-62.67518,-66.32396,-68.71142,-69.41711
2880,True,-24.545404,-27.710314,-27.1659,-29.927803,-31.39915,-33.005913,-37.158474,-35.478767,-36.437763,-40.506905,-40.818447,-40.83628,-41.33955,-43.475037,-44.18216,-44.378456,-45.891327,-48.007908,-49.243996,-50.417118,-49.981773,-53.320312,-54.818645,-56.339603,-57.89978,-57.92229,-58.542065,-59.866337,-63.89669,-65.456764,-68.34776,-69.00054
2912,True,-24.431818,-26.045582,-29.179762,-30.83848,-33.95236,-30.811193,-39.10112,-40.192825,-35.764862,-40.110703,-45.650654,-41.50611,-38.903156,-40.412743,-44.030754,-45.193436,-45.02687,-45.56196,-48.39233,-51.097755,-52.16864,-51.983032,-52.94136,-55.033417,-56.16341,-58.27126,-58.834404,-60.121353,-64.68095,-67.77429,-69.70172,-69.24067
2944,True,-24.14377,-26.291176,-30.118387,-31.84554,-31.914227,-30.809425,-37.797733,-37.517246,-34.77921,-36.57206,-44.016605,-40.641445,-39.79076,-45.982365,-43.803654,-45.014896,-46.874496,-48.054123,-49.64808,-48.709187,-51.549038,-53.129654,-55.39251,-57.32731,-59.7666,-59.699345,-58.36303,-62.157005,-65.97802,-68.25017,-69.10359,-69.9226
2976,True,-24.470137,-29.979847,-28.630468,-30.899914,-32.392944,-29.22776,-38.21383,-39.766167,-40.105328,-43.746452,-44.787064,-42.52159,-43.161243,-42.951935,-41.543,-45.923912,-46.316547,-49.371986,-49.151768,-47.17568,-51.829105,-52.719112,-55.844955,-56.121326,-56.532837,-59.5401,-61.146324,-64.10022,-64.343506,-66.4473,-67.79258,-70.961105
3008,True,-24.681763,-27.866411,-25.262814,-27.372738,-32.74059,-35.023197,-39.786476,-37.480118,-35.36454,-41.637226,-39.97387,-41.132717,-42.026634,-42.69382,-40.239445,-39.8845,-47.409904,-47.677876,-48.874504,-50.232094,-51.31333,-51.174026,-53.623856,-55.041115,-57.393017,-60.156822,-60.395493,-62.780792,-65.34303,-67.49053,-70.685684,-72.07502
3040,True,-26.1516,-28.464184,-27.398472,-29.823992,-31.47645,-31.038311,-34.88115,-37.02459,-37.370712,-40.659924,-41.744522,-43.192932,-41.83635,-43.231644,-44.125446,-45.346985,-49.222103,-48.221367,-48.15377,-50.793358,-50.676197,-52.268368,-55.370922,-55.85827,-55.780663,-58.199524,-60.42551,-61.064682,-63.69068,-67.422554,-69.21937,-69.49864
3072,True,-22.561909,-30.410618,-29.640467,-30.643435,-33.324196,-29.721935,-34.80615,-36.43541,-36.328007,-37.737278,-45.745377,-41.43393,-42.34654,-42.50293,-45.561752,-47.279724,-47.38876,-48.737015,-47.709713,-48.715034,-52.39174,-51.74439,-53.337673,-55.6098,-58.538128,-58.570423,-59.316376,-63.9867,-66.06478,-68.42073,-71.30603,-70.91988
3104,True,-24.253502,-28.10841,-29.33899,-31.909603,-32.109314,-32.22158,-37.871117,-39.280136,-39.056183,-41.73259,-43.876534,-41.88012,-39.807583,-45.082863,-42.8505,-44.726814,-48.771576,-47.167416,-44.94665,-49.579247,-50.377712,-52.557076,-54.91068,-56.739647,-57.323017,-57.885246,-59.521503,-61.85565,-66.648544,-68.42301,-70.1439,-70.7803
3136,True,-23.528936,-28.563057,-29.978485,-32.97772,-30.014793,-31.297075,-39.59413,-37.202263,-37.520363,-41.77928,-43.34262,-40.41768,-42.172234,-42.588078,-41.359005,-45.14566,-49.807285,-47.559288,-48.236443,-49.21451,-55.258682,-54.68658,-52.559696,-55.00439,-56.97586,-58.612347,-61.608906,-62.201508,-66.4966,-67.16156,-69.435234,-72.148224
3168,True,-20.375853,-27.74261,-30.008194,-32.876427,-31.763842,-32.202614,-37.60532,-35.36498,-35.781155,-38.914433,-43.673748,-41.64061,-42.950478,-42.607513,-43.826637,-45.303005,-46.47928,-47.87394,-50.128265,-53.589294,-54.32131,-53.374462,-56.03618,-56.05313,-56.87989,-57.19576,-61.255997,-63.879845,-65.33085,-68.361084,-68.94028,-69.61633
3200,True,-28.52071,-32.789215,-28.93531,-31.068897,-35.44256,-32.30639,-37.541393,-34.736465,-37.56197,-38.462845,-39.245228,-41.342205,-41.56703,-44.040756,-43.780865,-45.40388,-47.823143,-48.839436,-47.662666,-50.839912,-49.949856,-54.100044,-55.78218,-56.852142,-57.039047,-58.808533,-63.206707,-62.99726,-65.030624,-68.75574,-70.57023,-71.493454
3232,True,-25.41641,-31.152443,-29.683628,-35.853905,-35.121437,-27.828209,-37.94127,-40.58606,-39.37761,-39.519062,-37.11019,-41.012146,-42.86594,-46.37833,-43.18953,-45.542778,-46.35116,-46.274723,-49.238197,-51.090492,-52.96649,-52.094723,-53.779243,-57.6462,-59.827198,-58.518185,-60.54018,-63.1551,-65.70855,-66.95941,-69.46757,-70.50342
3264,True,-25.625296,-26.599371,-26.006071,-29.363214,-32.10669,-32.415493,-38.41087,-38.366417,-37.008312,-42.10384,-41.57307,-40.48569,-38.623215,-48.157314,-44.96678,-46.138863,-48.209976,-48.169174,-48.884945,-49.788834,-51.443985,-52.456047,-55.49509,-57.579266,-57.064167,-59.604305,-60.13979,-63.32693,-65.565414,-66.59695,-69.147575,-70.53258
3296,True,-26.775333,-27.803782,-33.271477,-34.254166,-35.48259,-33.984352,-37.181656,-38.299183,-39.601677,-45.16216,-39.159126,-41.013138,-39.74602,-41.24958,-44.48915,-48.810493,-46.117573,-47.300934,-48.883953,-51.466057,-52.291496,-53.269924,-56.040375,-56.777534,-56.71459,-58.279945,-61.93836,-63.459152,-66.515366,-66.34896,-68.85224,-70.19748
3328,True,-28.865898,-25.890331,-28.200867,-29.37889,-36.564976,-33.014133,-38.817955,-40.793312,-39.46444,-39.243587,-38.773884,-39.19378,-40.472866,-41.803726,-45.73156,-47.302834,-46.829697,-46.78785,-48.210365,-51.58485,-50.92749,-52.074463,-54.570557,-57.25107,-59.265152,-59.679993,-60.29918,-63.420944,-64.189,-66.60952,-70.12114,-70.29321
3360,True,-27.197445,-26.843136,-27.30254,-31.80363,-32.810246,-29.830683,-37.20293,-36.530582,-36.253906,-37.58455,-43.095695,-44.34139,-40.822758,-44.075806,-45.323112,-46.102356,-49.24691,-48.906475,-47.656883,-50.951466,-54.088863,-52.30717,-54.265553,-55.94928,-57.978287,-60.50058,-62.14377,-62.140495,-65.13961,-65.69997,-69.00666,-70.357346
3392,True,-26.153332,-27.706148,-27.6503,-31.937035,-31.532478,-32.020214,-39.574596,-38.174473,-38.296913,-43.456806,-43.976616,-43.073227,-42.823494,-43.89556,-39.356033,-45.30448,-45.892773,-47.42327,-47.14603,-50.276623,-52.06343,-52.718502,-55.94185,-54.955856,-59.211597,-61.804924,-60.501526,-61.07759,-63.902718,-66.14905,-68.32021,-70.65242
3424,True,-24.164417,-31.651495,-27.95427,-32.5275,-34.200596,-30.797815,-35.87681,-35.461754,-35.596996,-39.9017,-41.91577,-41.04002,-37.863144,-42.64656,-40.553623,-43.512573,-47.510242,-49.73375,-48.034424,-50.93668,-50.06144,-51.081852,-52.662758,-54.646076,-57.73063,-58.4343,-59.25972,-61.513077,-64.574295,-67.39893,-69.96414,-71.08786
3456,True,-24.195747,-27.46152,-24.565613,-28.105314,-36.051174,-30.671753,-39.64949,-40.463314,-37.036026,-39.25997,-40.14128,-40.04257,-39.394638,-44.701843,-42.991432,-44.136623,-44.685516,-48.735336,-49.416573,-51.14588,-49.433617,-51.85666,-52.77144,-56.536694,-56.525043,-58.85955,-59.126846,-62.957283,-63.134327,-66.60544,-69.37503,-69.303345
3488,True,-23.720379,-30.972769,-27.91961,-28.287724,-33.143734,-32.069847,-41.36246,-38.785175,-39.599792,-41.536938,-41.734077,-40.350323,-40.02047,-44.233612,-43.16202,-44.54742,-44.99493,-48.23219,-48.654716,-50.674683,-53.726,-53.641415,-52.443504,-55.23876,-57.029182,-59.30667,-61.659554,-63.435417,-63.70283,-67.92574,-69.200165,-70.55694
3520,True,-24.577713,-24.881508,-31.904385,-34.474567,-34.873623,-33.464912,-37.47052,-36.972195,-39.21824,-41.619843,-40.722637,-41.191868,-41.918777,-43.58541,-46.261497,-45.085632,-47.81079,-48.9747,-48.656216,-50.0255,-51.142113,-53.489594,-57.413025,-59.57425,-57.603416,-58.37915,-60.664284,-62.346,-63.624348,-66.6198,-69.05292,-70.0921
3552,True,-23.636969,-26.71255,-24.134865,-31.484564,-35.525135,-33.925655,-37.4093,-42.374958,-36.24891,-40.745773,-43.52385,-40.626186,-41.416668,-43.595337,-44.21846,-44.22398,-46.1187,-47.45335,-46.210766,-49.580517,-51.7036,-51.554188,-54.00718,-55.403976,-56.64183,-58.711105,-60.34643,-61.528587,-64.32318,-65.85988,-68.78686,-70.0987
3584,True,-27.586594,-27.657614,-26.557867,-31.262178,-31.851822,-36.47471,-38.557545,-38.639984,-37.839905,-37.640297,-39.49835,-41.719864,-40.835987,-43.556248,-41.56309,-42.10184,-44.362415,-47.94254,-47.530712,-49.45507,-50.430176,-51.148926,-53.362686,-55.65809,-57.171387,-60.20548,-61.194626,-63.28885,-64.67485,-66.131,-67.87728,-69.67266
3616,True,-25.343512,-27.453453,-28.093452,-32.149063,-32.30732,-30.884907,-36.231834,-36.39677,-36.58076,-38.037342,-42.449413,-41.35759,-42.73269,-43.924465,-40.956036,-41.756386,-44.624733,-47.13665,-50.746914,-49.497776,-53.028793,-51.412743,-53.321274,-57.034206,-56.21434,-59.91949,-61.02747,-61.417374,-65.1109,-66.21505,-68.65341,-70.45351
3648,True,-25.7318,-28.417736,-30.296673,-33.142643,-35.284492,-32.451614,-35.939987,-39.65046,-34.801373,-39.87931,-39.2668,-42.761707,-41.125675,-43.64424,-42.01445,-42.480713,-46.106297,-48.58007,-49.89087,-50.861717,-50.785366,-50.91366,-54.85027,-56.04657,-58.34988,-59.19928,-60.052563,-62.984047,-64.57327,-66.621376,-69.00099,-71.010376
3680,True,-24.82445,-28.71053,-30.227602,-34.02126,-35.25065,-35.015747,-37.324688,-40.98131,-44.163673,-41.155655,-39.63764,-39.834972,-40.31788,-44.42811,-44.585224,-43.650723,-47.247353,-47.802254,-48.346725,-48.61626,-51.887184,-52.41341,-53.103176,-54.155624,-56.61236,-58.915997,-59.720932,-60.995937,-64.99045,-67.110245,-69.40218,-70.83789
3712,True,-25.295923,-28.06783,-25.509584,-31.639938,-36.10571,-34.01792,-35.07879,-38.99083,-40.61931,-40.42849,-41.312084,-41.449738,-41.818394,-43.119247,-45.565475,-44.508766,-47.566036,-48.314583,-50.115158,-48.84749,-54.237667,-54.566032,-52.70573,-54.629704,-55.113445,-57.98748,-60.944485,-60.150204,-65.05778,-66.39163,-69.08618,-71.31122
3744,True,-20.264101,-27.513468,-27.116117,-30.79605,-30.455683,-33.638817,-39.255253,-37.684143,-37.328506,-37.700916,-43.107685,-42.58429,-39.9771,-42.70277,-44.16234,-45.41684,-45.038815,-45.28883,-49.376293,-47.27963,-49.544903,-51.357887,-51.969013,-55.559532,-58.305336,-55.69491,-60.987434,-63.04032,-65.18148,-67.0424,-68.51589,-71.10513
3776,True,-21.733727,-27.248419,-28.446259,-28.792093,-32.610207,-34.35044,-35.532337,-34.066895,-38.085857,-40.30706,-38.104954,-40.178913,-43.392887,-44.587666,-43.106117,-45.06458,-45.463036,-46.68109,-48.34529,-50.658894,-51.392864,-52.288063,-53.802406,-55.440636,-58.871567,-60.936073,-61.647106,-63.035347,-65.84958,-67.62143,-68.634384,-68.28889
3808,True,-20.87021,-25.299578,-29.832933,-30.09361,-31.44349,-31.388412,-34.808983,-38.954803,-36.146362,-39.543556,-42.611313,-43.144356,-42.83688,-40.47161,-41.921925,-44.78586,-46.88251,-49.607716,-49.276054,-49.801544,-49.559933,-53.656345,-56.19599,-56.82617,-57.851517,-59.75143,-60.3644,-64.50034,-65.53287,-67.72177,-69.95677,-69.07835
3840,True,-22.364777,-24.668423,-28.402592,-33.3502,-38.148155,-33.441902,-37.250034,-36.73727,-35.55201,-40.07547,-39.71772,-41.62311,-44.40606,-44.159885,-44.112038,-47.14691,-46.797417,-47.016838,-49.368664,-50.290047,-50.21648,-52.90874,-54.61889,-56.70265,-57.309437,-58.138523,-61.031437,-61.729145,-64.84269,-67.50668,-69.776985,-69.23159
3872,True,-23.745552,-26.729591,-25.7943,-31.707628,-29.349586,-30.93013,-40.178455,-37.76983,-34.86183,-40.92323,-44.45775,-43.355965,-44.15896,-45.11627,-43.29155,-45.272823,-48.806595,-49.45788,-50.908546,-50.448917,-48.997887,-52.04453,-54.19316,-56.02925,-56.66657,-58.58898,-60.875317,-62.247543,-64.59808,-68.64997,-69.85816,-70.07856
3904,True,-23.04796,-29.462208,-27.568895,-30.063587,-30.541098,-31.612774,-38.115837,-39.233795,-38.365356,-42.204468,-42.943577,-42.4644,-38.994225,-39.795197,-44.159622,-47.889515,-48.557796,-49.726543,-50.05762,-51.4709,-52.14524,-51.259888,-52.98192,-56.789383,-57.158493,-56.625675,-59.64177,-61.65822,-65.700134,-66.70614,-69.326065,-70.216995
3936,True,-23.308907,-30.301144,-32.164967,-36.678596,-35.91848,-30.48775,-39.299664,-39.440758,-40.509415,-43.147186,-44.60061,-43.46805,-40.817642,-39.925602,-40.258045,-43.44146,-47.20495,-48.399845,-51.046158,-50.91753,-52.130157,-52.812084,-54.255527,-55.588844,-57.14653,-59.27635,-58.720383,-60.601025,-64.34058,-65.73867,-69.91958,-70.25137
3968,True,-22.595863,-29.767416,-28.021715,-31.108341,-32.43804,-36.373764,-39.729248,-37.06465,-39.345608,-40.39436,-43.007965,-41.59722,-41.350636,-46.08608,-44.987732,-46.435867,-45.237328,-44.71244,-45.38938,-50.126045,-54.86475,-51.10087,-53.10919,-56.291718,-58.094658,-59.436554,-60.531967,-61.18591,-63.672314,-63.533787,-68.39343,-70.11543
4000,True,-25.362616,-30.550201,-23.95564,-27.241276,-34.042458,-33.653637,-39.454617,-37.530712,-36.643147,-41.537624,-40.25677,-40.558975,-42.16964,-44.167038,-43.076393,-45.035995,-44.989437,-48.690434,-51.927734,-52.379566,-51.428726,-51.463245,-53.0117,-54.44441,-56.96361,-59.428215,-61.480034,-62.798363,-64.27371,-66.30769,-68.84909,-70.27031
4032,True,-22.763435,-25.312428,-27.758698,-30.860321,-36.0237,-33.32877,-36.677345,-35.464767,-35.261215,-37.53786,-38.729317,-43.29191,-41.72461,-43.72349,-40.78749,-39.349957,-37.63124,-40.763317,-47.49426,-48.260685,-50.176178,-48.94537,-50.239506,-53.25121,-54.55805,-51.86213,-50.486416,-46.441483,-38.366512,-37.474632,-41.721195,-42.54234
4064,True,-29.694702,-25.566261,-24.383194,-28.569468,-30.919064,-25.279106,-31.486284,-27.913063,-29.130657,-35.374256,-38.352314,-37.000153,-34.088795,-38.077766,-37.86077,-36.185947,-29.844893,-33.747498,-42.221466,-42.51899,-42.265495,-42.713947,-43.428276,-45.341377,-45.094944,-43.046146,-37.660336,-36.233395,-30.569794,-30.825787,-33.93663,-34.745987
4096,True,-24.135569,-27.465168,-28.827194,-29.607193,-32.886868,-32.95093,-43.628426,-38.63275,-38.057293,-38.861126,-42.290146,-38.496872,-37.145256,-43.026524,-42.878284,-43.3028,-43.533154,-45.60279,-45.97397,-51.119152,-49.771343,-52.095547,-53.42753,-54.475178,-53.684788,-53.691174,-50.94913,-51.78981,-46.131153,-46.56636,-49.466225,-50.404453
4128,True,-22.934673,-30.822212,-30.146353,-31.721775,-31.798983,-32.34816,-36.35513,-34.32091,-37.89096,-41.03848,-39.774315,-40.927387,-40.608406,-41.859657,-42.305866,-45.110878,-46.345467,-46.001686,-47.814335,-51.71406,-52.472237,-51.339607,-53.656693,-55.45363,-55.504105,-57.231743,-54.99829,-56.84563,-51.485615,-50.94625,-55.804688,-57.157585
4160,True,-22.925053,-32.62383,-25.233437,-27.23443,-31.61399,-30.396917,-36.95483,-36.081005,-40.469948,-43.470528,-42.97014,-40.337444,-38.916443,-40.90532,-45.290245,-45.54493,-43.029297,-44.275772,-49.652363,-50.26191,-51.064495,-54.087578,-53.005413,-55.701828,-55.330196,-57.38564,-58.05376,-58.03713,-57.163387,-57.20955,-59.581825,-60.475075
4192,True,-26.169441,-25.398188,-25.767342,-27.716263,-29.13522,-33.244747,-36.546967,-34.009117,-36.536545,-41.051193,-39.282757,-39.474133,-45.14339,-41.700127,-41.827568,-44.845295,-46.31363,-48.254417,-47.70916,-50.96878,-51.81624,-50.95419,-55.65645,-58.086304,-57.864815,-58.096176,-57.88628,-59.826317,-60.1816,-60.43461,-63.986107,-64.642
4224,True,-24.026531,-23.317211,-26.10004,-30.346016,-28.173151,-33.891235,-36.601032,-35.712185,-36.893562,-43.40809,-44.09844,-44.34492,-41.328484,-46.214237,-42.96263,-43.230972,-44.75737,-47.30625,-51.685715,-50.79068,-51.778458,-50.71557,-53.234932,-55.660328,-57.629833,-59.187065,-59.608532,-62.591797,-63.413254,-63.46348,-65.62164,-66.61047
4256,True,-23.188307,-26.573849,-25.457373,-29.865217,-30.5368,-30.387724,-36.94713,-38.030315,-39.997673,-37.94787,-41.95085,-43.08428,-41.28469,-42.093575,-42.8897,-46.49898,-48.92963,-48.048416,-49.735466,-51.19491,-50.599457,-52.74827,-52.93544,-56.606895,-58.83309,-60.910675,-59.749214,-61.641716,-64.91789,-67.58783,-68.83297,-69.23949
4288,True,-24.80449,-27.84513,-27.410639,-28.762455,-28.592869,-32.655975,-39.33969,-36.70291,-38.88884,-40.69345,-43.047028,-43.53266,-41.66721,-41.791378,-44.932114,-47.778915,-47.140316,-49.830643,-51.292652,-49.41764,-51.999428,-51.82576,-52.682667,-54.762054,-57.388935,-58.91738,-60.50694,-61.220394,-65.554726,-66.121796,-68.54194,-71.06076
4320,True,-24.424694,-29.357994,-29.475376,-32.800175,-31.979715,-28.861029,-36.366543,-42.904507,-37.313377,-41.57583,-41.64343,-44.21986,-39.14853,-44.60211,-47.126846,-45.064808,-48.743195,-48.90978,-50.04273,-52.196026,-51.554665,-51.45094,-52.405582,-54.535027,-56.351295,-57.671883,-60.494507,-62.00359,-64.31398,-67.191826,-69.00303,-69.74008
4352,True,-23.537273,-26.874737,-28.358139,-29.814068,-28.120506,-29.403236,-35.329556,-33.615475,-36.556152,-40.534367,-41.60261,-39.71257,-43.049423,-43.13295,-41.9774,-43.253967,-46.45018,-47.090305,-49.40808,-51.378513,-51.25705,-51.110172,-54.08912,-55.270878,-55.955013,-57.61596,-59.97942,-62.201042,-65.59766,-67.115105,-69.60891,-69.898735
4384,True,-21.353815,-26.793844,-28.13218,-31.426434,-29.641514,-29.352682,-37.864235,-40.21894,-37.258106,-39.50497,-39.50479,-42.430958,-41.492188,-44.350754,-41.340595,-43.227573,-44.219933,-48.831795,-47.550373,-49.281,-49.50445,-50.397167,-52.27719,-55.912148,-57.89181,-58.42877,-62.020226,-62.39355,-62.190784,-67.70438,-69.61965,-70.84682
4416,True,-25.000103,-28.147238,-30.57142,-35.513466,-34.51829,-31.924908,-38.644493,-42.929607,-38.943344,-36.490894,-37.08069,-40.38074,-41.021835,-44.194473,-46.207928,-47.92715,-50.670563,-50.711422,-50.959824,-51.27037,-52.36509,-50.57028,-54.274353,-56.57217,-56.701088,-58.196583,-61.04979,-62.253662,-63.924824,-68.08786,-71.04649,-70.78507
4448,True,-23.74329,-27.044146,-25.322716,-29.289375,-31.180866,-34.871777,-39.089592,-36.37568,-37.52113,-39.282036,-43.87877,-41.48437,-41.251038,-42.297665,-42.720345,-42.53705,-45.607204,-45.12632,-47.85793,-52.234673,-50.29406,-50.15472,-53.098892,-55.913635,-58.654064,-58.30052,-58.74201,-61.612457,-64.14459,-67.653854,-70.26585,-70.66214
4480,True,-24.813807,-33.414806,-28.920078,-31.420826,-35.686684,-31.396706,-41.748734,-36.576153,-32.88873,-39.227768,-41.802162,-44.272884,-49.169594,-47.29521,-41.775246,-42.792263,-47.70983,-49.71016,-49.235653,-49.336166,-50.970215,-52.126297,-54.84825,-55.504677,-56.373257,-58.19885,-59.93334,-62.033577,-64.355515,-67.12192,-69.42092,-70.602104
4512,True,-22.217085,-31.173782,-34.67175,-33.958828,-33.104603,-31.770836,-37.061394,-37.979942,-37.73451,-40.184856,-40.915054,-42.255016,-44.742683,-45.127773,-42.52234,-46.530422,-48.353783,-48.8085,-50.51747,-48.132366,-49.185707,-49.22336,-53.310505,-58.676304,-58.089985,-56.890015,-61.229088,-62.060223,-65.911026,-69.04501,-69.13119,-70.19004
4544,True,-23.09191,-28.987104,-34.34934,-33.618744,-27.659157,-30.835304,-35.720066,-39.205025,-33.34576,-38.50153,-41.410557,-44.01767,-42.161278,-44.093548,-42.372967,-44.326347,-45.364853,-47.44719,-47.63342,-48.458237,-49.833344,-49.694324,-53.724705,-58.139652,-59.235397,-57.60029,-58.444332,-61.25316,-64.616974,-67.0988,-69.66393,-71.32804
4576,True,-26.920769,-25.744837,-27.19659,-31.052982,-33.054146,-29.059387,-33.310356,-37.173557,-36.702847,-38.88524,-41.371307,-41.274673,-39.704395,-39.66211,-41.03819,-43.30759,-45.808838,-47.938942,-49.737198,-51.689037,-50.227627,-49.995327,-54.198475,-56.56508,-55.90939,-57.63851,-60.021248,-62.18981,-62.976357,-62.56877,-64.33372,-64.31394
4608,True,-27.44687,-29.722454,-28.399103,-29.348473,-33.495605,-31.924591,-42.914284,-39.640537,-37.30157,-40.889572,-39.794086,-42.13457,-43.867107,-44.10331,-42.497692,-43.95845,-46.950222,-46.544212,-49.354904,-51.49998,-49.95359,-51.05118,-54.706646,-55.764126,-56.64559,-56.989407,-57.092598,-53.58233,-53.078533,-53.23449,-52.901398,-55.46066
4640,True,-28.833525,-31.536865,-26.787682,-32.246246,-36.3334,-34.14583,-36.268635,-36.203392,-37.041004,-41.59709,-41.188683,-39.86274,-40.736977,-42.427048,-42.083378,-43.02708,-45.674614,-48.147095,-50.619324,-49.600662,-49.922783,-49.35596,-52.697456,-56.144577,-55.95398,-58.714558,-60.106625,-61.07513,-63.632298,-65.99048,-65.11352,-67.740395
4672,True,-28.750732,-29.745646,-25.512863,-29.330055,-31.851225,-30.395775,-36.939827,-36.039536,-32.180626,-39.970554,-39.30672,-41.369034,-40.36381,-42.904324,-42.18759,-46.496464,-49.22885,-47.016228,-50.416473,-51.595963,-52.274582,-52.47708,-54.5616,-56.0529,-57.78833,-57.930588,-59.420364,-61.781616,-64.90361,-66.25245,-68.17561,-69.9949
4704,True,-31.45842,-26.917696,-28.148098,-31.961754,-29.333422,-30.987646,-39.94694,-39.174004,-37.5319,-38.92516,-44.09706,-46.166855,-44.945595,-42.76148,-42.090553,-46.85157,-45.454857,-46.760567,-50.83075,-49.93474,-49.36434,-51.752823,-53.350433,-55.377426,-57.41986,-58.463654,-58.8961,-61.036076,-64.79592,-67.30118,-70.21064,-70.7002
4736,True,-27.720219,-31.723278,-29.709736,-32.121998,-34.926918,-30.494541,-35.653404,-36.814224,-37.96064,-37.46181,-42.447365,-41.76084,-42.134014,-44.464233,-41.048187,-44.74581,-45.224327,-45.128334,-48.24372,-49.460953,-52.738068,-51.29738,-54.38397,-54.971138,-58.30637,-60.51794,-60.615047,-60.738136,-64.53607,-65.72049,-70.442955,-70.86092
4768,True,-28.110971,-27.044584,-29.436043,-31.20406,-33.425385,-33.498302,-40.819096,-39.09847,-36.935173,-40.40081,-43.880135,-43.909065,-42.546658,-44.67938,-42.633087,-45.67549,-44.871956,-44.495052,-48.081226,-50.37628,-50.943687,-52.942272,-53.697655,-56.444138,-56.841187,-59.617268,-60.858707,-62.0743,-65.60834,-67.41073,-69.083626,-70.2847
4800,True,-23.23816,-27.045387,-27.21553,-28.191582,-29.95979,-33.539795,-39.49389,-37.98733,-36.893784,-40.77209,-38.77221,-41.025562,-45.194176,-42.00663,-41.407684,-43.56263,-47.31205,-47.212708,-48.2904,-51.346703,-50.2054,-49.47548,-53.87925,-57.37773,-58.029785,-59.057602,-62.122578,-62.883553,-65.92608,-68.496414,-70.01573,-71.52978
4832,True,-25.782227,-25.67073,-30.0484,-32.599648,-32.24585,-33.040665,-38.008472,-40.543438,-39.131348,-40.49019,-42.3882,-42.243225,-42.86879,-41.671783,-46.651215,-44.89064,-44.83087,-48.59256,-52.079163,-53.043243,-54.116135,-51.556015,-53.18491,-55.889965,-57.523003,-60.518517,-61.712257,-63.198437,-67.02112,-68.03925,-68.74278,-69.39908
4864,True,-25.105053,-32.22305,-28.344696,-30.48756,-34.284363,-32.22237,-35.38029,-40.11499,-35.06727,-38.28995,-43.47911,-42.743324,-39.62599,-44.312355,-42.610836,-42.7367,-44.702164,-48.459606,-49.606133,-50.88447,-51.021263,-52.658268,-54.186714,-58.787476,-59.057423,-57.878574,-59.238667,-62.391228,-65.37007,-68.98953,-70.17795,-71.399124
4896,True,-23.743874,-25.33234,-30.965267,-31.448153,-34.032234,-32.591667,-38.393337,-37.767796,-39.03019,-40.25283,-43.313976,-40.951572,-42.118813,-41.895134,-41.631577,-42.95459,-44.72242,-47.33487,-48.818436,-49.678265,-50.544773,-50.36085,-54.976677,-56.442833,-57.516975,-58.83719,-60.93097,-60.545334,-63.917595,-65.91263,-69.17259,-69.85902
4928,True,-26.877127,-30.739271,-32.36619,-34.17283,-31.802168,-31.703106,-37.35846,-40.49686,-39.097363,-41.72679,-41.31682,-42.966797,-41.127396,-43.422756,-42.09318,-42.023453,-44.87136,-47.4185,-50.783253,-51.20233,-52.264023,-51.611233,-55.317398,-54.71352,-54.67493,-58.805614,-60.36848,-63.385475,-65.70518,-66.70699,-68.433205,-68.82036
4960,True,-27.299122,-26.897427,-30.286785,-31.548834,-30.920618,-31.471827,-37.30429,-41.378197,-37.808346,-41.21138,-41.66909,-42.214542,-43.49056,-44.445786,-44.937126,-44.581978,-44.110474,-46.964375,-48.71598,-51.919975,-51.612667,-53.906864,-55.865562,-55.400505,-57.48386,-60.211746,-60.966904,-62.092815,-63.72184,-66.56758,-69.15405,-70.77316
4992,True,-26.858982,-29.314774,-31.164465,-29.851427,-32.121788,-30.680056,-33.894146,-38.04031,-37.33037,-42.682957,-41.591827,-41.624977,-39.100006,-40.489044,-45.755363,-47.568798,-48.372025,-46.874397,-48.322685,-49.940674,-51.828876,-51.612247,-53.821693,-57.15569,-57.540154,-58.87989,-61.37963,-61.573505,-63.041454,-67.752464,-69.01063,-71.628784
5024,True,-28.33912,-30.248322,-26.320936,-28.059692,-33.4931,-30.17724,-39.11157,-43.24044,-39.699825,-44.272648,-46.08024,-43.678833,-39.053257,-44.607994,-44.83558,-45.852604,-50.813484,-48.687347,-48.108295,-50.638462,-49.378014,-49.467216,-53.410812,-56.231865,-58.313362,-59.730106,-58.696903,-61.015873,-63.38943,-67.182625,-70.07692,-71.07761
5056,True,-24.360693,-27.932987,-26.86698,-32.022434,-32.570747,-31.610136,-37.566097,-37.04702,-39.72362,-40.741077,-41.75412,-42.249237,-38.70618,-42.808437,-42.963158,-44.133217,-45.19402,-46.050415,-48.356674,-49.55844,-50.204506,-50.511738,-54.976967,-57.570385,-57.619892,-58.982006,-61.473213,-61.300888,-63.30356,-67.02462,-70.23473,-71.10071
5088,True,-25.457994,-28.195152,-26.511513,-32.579502,-34.924294,-31.991693,-39.39608,-36.033493,-34.682194,-41.081715,-42.93746,-47.35221,-39.403004,-43.645508,-45.041588,-45.115353,-45.124187,-49.502007,-49.670395,-51.247528,-49.371696,-50.25215,-54.182056,-57.20343,-57.66259,-58.125614,-61.004528,-63.175392,-66.39115,-68.16239,-70.44341,-70.559235
5120,True,-22.34442,-27.630539,-30.633675,-33.135544,-29.173462,-30.910027,-34.55048,-36.213326,-37.08079,-36.844498,-43.21421,-43.864513,-43.24288,-41.833157,-42.4707,-43.226433,-44.15747,-46.97048,-47.606216,-48.996826,-50.54912,-50.0366,-54.121536,-54.11129,-55.307114,-56.526268,-58.121372,-57.261356,-51.24641,-47.78046,-51.441494,-53.917156
5152,True,-27.140114,-27.134296,-26.240498,-31.351118,-30.226665,-25.261452,-31.183186,-29.090921,-29.406683,-34.323074,-33.831192,-34.2959,-39.69933,-39.054874,-34.768566,-31.574228,-28.7163,-33.01807,-40.480164,-43.251873,-43.102566,-41.737167,-41.840218,-46.14235,-44.19108,-38.657837,-35.19438,-36.138023,-28.947554,-28.724895,-31.573238,-33.065754
5184,True,-26.539375,-30.174477,-24.729902,-27.24218,-32.3473,-26.959854,-36.221195,-37.76687,-36.8374,-36.995895,-39.728653,-37.49873,-36.837086,-43.083923,-43.140663,-44.364906,-41.72496,-44.87554,-48.97628,-51.1377,-51.133728,-49.312805,-52.7943,-53.002686,-54.711174,-54.89651,-50.180683,-50.903206,-44.086304,-45.801006,-48.34784,-48.11623
5216,True,-23.741674,-27.403553,-29.087154,-27.637655,-34.94338,-31.797878,-34.27134,-34.4291,-35.961082,-38.99005,-40.51304,-39.40936,-38.4483,-41.11897,-39.804913,-42.934044,-44.537094,-49.029945,-48.505627,-48.366085,-51.58743,-53.36483,-52.10684,-54.768833,-55.713352,-55.980522,-54.32947,-56.044468,-49.881977,-49.828712,-54.421593,-55.601234
5248,True,-24.973286,-26.360775,-28.216562,-29.017334,-32.291557,-31.294037,-35.636936,-35.73737,-35.207603,-39.300655,-38.611176,-42.823204,-41.92333,-41.566216,-41.72459,-43.560226,-44.945644,-49.273552,-48.446175,-48.530716,-52.12377,-52.770546,-51.543518,-55.662926,-56.5832,-56.987057,-57.29834,-57.977997,-55.5186,-55.963627,-58.767998,-60.30406
5280,True,-26.912128,-31.781185,-29.268703,-30.591917,-30.625816,-31.098164,-37.668983,-35.891052,-31.636057,-39.15597,-42.663994,-44.552025,-43.831654,-42.835735,-44.565163,-44.5339,-43.68116,-47.709583,-50.22062,-52.405174,-50.298096,-49.65446,-53.211014,-57.3122,-55.14877,-58.062492,-59.031975,-59.75143,-57.100327,-58.760147,-62.50424,-65.12897
5312,True,-27.282648,-30.066605,-32.95356,-34.130505,-33.844704,-30.765102,-38.810417,-40.804443,-40.10597,-43.2161,-44.3153,-41.177002,-41.02777,-40.240364,-45.30314,-47.618633,-50.04933,-46.450394,-47.750416,-52.103,-51.313225,-51.0822,-53.19989,-56.565872,-57.57191,-57.691418,-58.59536,-61.011944,-61.49855,-62.89257,-66.78259,-66.48228
5344,True,-22.571753,-29.339884,-30.00122,-31.561354,-31.096962,-30.306177,-40.08842,-38.324238,-37.16785,-41.74691,-41.275066,-45.539963,-40.691,-43.290092,-43.683723,-47.426674,-47.50755,-48.56038,-48.646385,-49.968018,-49.618317,-51.417194,-53.83834,-57.750763,-56.992775,-57.616966,-60.466114,-61.67053,-62.932774,-65.589005,-68.132095,-69.775665
5376,True,-23.74224,-25.115595,-29.557594,-29.903212,-33.54331,-32.8942,-38.571445,-36.97661,-41.15506,-42.77034,-41.90339,-45.777603,-41.608463,-42.50841,-42.155323,-45.13562,-45.535927,-46.32826,-49.210556,-51.12984,-47.22859,-50.64795,-56.195885,-58.857113,-57.56613,-57.886864,-61.372658,-62.067738,-63.888798,-67.68332,-68.41505,-72.20868
5408,True,-27.926483,-29.430244,-29.281261,-37.390705,-37.18319,-35.229496,-39.167904,-39.80101,-35.054333,-38.060135,-40.072727,-39.037735,-42.771973,-44.54559,-43.401604,-44.140354,-43.90539,-46.47313,-48.05042,-48.394646,-48.29064,-52.936802,-55.798767,-56.278374,-56.91757,-57.872307,-60.8002,-61.21879,-65.97642,-67.49519,-69.28664,-71.09812
5440,True,-27.152388,-28.822815,-29.464025,-35.18131,-30.796759,-31.467121,-33.81452,-38.26002,-37.7846,-39.54362,-45.852013,-41.68919,-41.786877,-45.42634,-41.202335,-45.361702,-44.1309,-48.689556,-48.821087,-50.586338,-53.25168,-54.018394,-55.184155,-58.703846,-56.76509,-57.82527,-59.36579,-60.941906,-64.972694,-68.882034,-69.199135,-70.149025
5472,True,-25.793736,-27.167236,-26.13992,-29.455261,-32.899696,-31.640587,-39.432774,-35.99985,-36.086807,-39.7253,-40.318455,-42.157883,-40.57715,-42.26894,-44.91863,-46.636063,-47.79525,-48.621143,-48.10547,-49.731842,-49.909214,-52.36223,-58.095177,-58.268627,-58.013428,-58.904835,-60.775063,-61.612396,-64.26397,-68.241165,-70.280365,-71.08538
5504,True,-26.284496,-25.119549,-25.635157,-28.049026,-36.27865,-33.13878,-37.33021,-37.595337,-36.329845,-38.783142,-41.38919,-43.671665,-40.375782,-44.261932,-41.164917,-41.262623,-44.50912,-46.114174,-49.60644,-49.970364,-48.782444,-50.68617,-54.938793,-57.364105,-57.41934,-59.253525,-60.6592,-61.85606,-65.12618,-67.175476,-68.30331,-71.02857
5536,True,-27.473429,-31.643665,-29.672363,-33.542274,-34.593708,-32.247997,-38.064552,-39.513687,-36.56592,-41.128613,-41.590504,-41.65007,-38.026257,-43.47924,-43.521103,-44.284676,-47.146545,-46.3464,-47.82556,-49.215485,-50.174335,-52.183704,-54.18393,-57.377357,-57.413708,-58.119778,-60.056038,-64.040054,-65.80293,-67.62532,-70.221054,-71.11199
5568,True,-26.04864,-27.508879,-28.21478,-30.603312,-31.020182,-30.95152,-37.13447,-37.875954,-37.90125,-41.78929,-43.311302,-44.165466,-43.648636,-44.277588,-43.36853,-43.415836,-43.258965,-47.042572,-48.115356,-50.95583,-49.57485,-50.478367,-53.000946,-55.614677,-56.849075,-58.730297,-59.66778,-60.718266,-63.78097,-67.71673,-69.68416,-71.897896
5600,True,-26.894293,-27.641243,-26.88505,-29.413336,-33.310436,-31.787647,-37.738907,-40.125595,-37.564312,-40.8347,-42.804,-44.792973,-40.614365,-42.5218,-43.612015,-43.890285,-46.26131,-47.19866,-50.574364,-52.250618,-53.486713,-53.02631,-55.005074,-54.595,-55.66154,-59.081596,-61.194614,-61.945232,-65.50801,-65.46494,-69.04474,-71.31829
5632,True,-23.997475,-28.102886,-34.97396,-35.337017,-33.464497,-35.279472,-39.97143,-41.45997,-38.49977,-39.928642,-45.281685,-41.976086,-44.35534,-45.732376,-44.63543,-46.645412,-46.311935,-47.7983,-48.461243,-51.261883,-49.558517,-52.0472,-52.295753,-56.37121,-56.438187,-58.97393,-59.96822,-60.69355,-65.26427,-66.56757,-69.89757,-69.13614
5664,True,-25.786377,-31.143847,-25.07314,-29.766865,-32.891644,-31.793692,-41.38809,-38.825726,-38.798805,-40.434185,-41.636475,-44.099125,-42.749786,-44.250244,-42.243694,-43.333183,-43.96683,-44.031586,-46.201206,-50.065804,-51.519478,-51.796154,-54.68795,-55.063416,-55.514915,-56.687588,-59.798767,-61.238552,-65.43275,-66.51385,-67.89071,-68.65186
5696,True,-21.670483,-26.289734,-27.41465,-30.208797,-32.057987,-29.156036,-38.57492,-38.984077,-34.673126,-41.99041,-42.545982,-42.3796,-42.132145,-43.610607,-43.442684,-43.584496,-45.26749,-47.725906,-49.75798,-50.362705,-49.698006,-51.181168,-53.86817,-56.947334,-56.50393,-55.874107,-54.511303,-53.814568,-55.090675,-51.80868,-53.485115,-55.515747
5728,True,-24.650833,-29.982794,-25.96238,-30.810377,-32.291492,-30.872929,-38.015503,-39.951157,-37.747093,-42.55871,-43.818207,-45.213337,-41.55404,-44.80709,-41.939014,-46.623554,-45.41506,-47.151035,-49.9206,-51.653275,-53.124573,-53.9551,-53.573856,-55.95104,-57.935555,-60.964485,-60.039333,-62.41198,-63.87846,-63.27152,-66.83778,-68.453316
5760,True,-26.200266,-30.009233,-30.72395,-35.533497,-35.895493,-31.717747,-37.864765,-40.801064,-36.162666,-39.35522,-42.16717,-41.616703,-41.674156,-43.1122,-41.279114,-45.388283,-45.006744,-45.784485,-49.29882,-51.91088,-53.455814,-52.414963,-55.564198,-57.95355,-58.1978,-58.75484,-60.893436,-64.689125,-67.09238,-67.33285,-67.77381,-70.62334
5792,True,-22.487753,-30.813446,-26.681444,-28.40598,-32.849373,-31.676342,-35.83001,-42.435196,-36.658264,-39.110283,-39.5793,-39.79899,-40.513763,-43.47905,-41.7891,-45.323296,-44.32882,-47.55008,-50.711662,-51.74302,-52.412277,-51.804306,-54.174522,-56.43953,-58.220306,-59.180206,-60.537704,-62.59761,-64.6716,-67.15634,-70.228714,-71.99385
5824,True,-23.75533,-26.408367,-24.471157,-27.647379,-33.550205,-34.74133,-38.010952,-39.753517,-37.743904,-39.437748,-42.84941,-41.321827,-40.694496,-44.049297,-43.38199,-44.430176,-47.532505,-50.361744,-49.074253,-48.934456,-52.143856,-53.73748,-55.289726,-57.504,-58.107803,-58.237854,-59.483868,-61.434536,-64.55283,-66.152336,-69.56161,-70.830124
5856,True,-22.82985,-30.104979,-25.162718,-29.618034,-33.35927,-32.916557,-35.16763,-37.86198,-35.74105,-38.211243,-42.662617,-40.760223,-40.450165,-44.4624,-42.37561,-44.183937,-46.34743,-48.64409,-50.287865,-50.110237,-49.627934,-52.594505,-55.725166,-57.233692,-57.19982,-59.373528,-61.35785,-62.483414,-66.64865,-68.96506,-70.51797,-70.26885
5888,True,-22.288734,-27.714388,-25.14611,-27.423183,-30.111996,-28.992243,-34.86663,-38.94216,-39.191048,-39.70036,-42.87937,-43.242752,-42.772415,-45.16335,-46.004616,-45.310295,-45.531467,-48.691826,-51.958855,-50.00525,-50.833397,-51.067257,-54.76819,-57.149055,-58.100838,-59.462166,-61.809998,-61.247345,-65.60348,-67.340904,-70.02658,-71.665085
5920,True,-23.860579,-28.89687,-22.475391,-26.7249,-29.6325,-29.892517,-36.62265,-38.453243,-35.21146,-38.62711,-40.07377,-39.44623,-40.538185,-42.122654,-42.980785,-47.86085,-47.214607,-47.192184,-49.800385,-49.381775,-50.779366,-53.573257,-55.57968,-57.195564,-57.683025,-59.536324,-62.444973,-63.04894,-64.85453,-67.22183,-70.111855,-72.26567
5952,True,-24.42698,-29.190634,-30.968428,-30.4504,-34.15937,-31.01097,-34.36129,-38.904957,-36.49858,-39.2232,-41.800705,-43.28969,-43.01884,-44.936333,-46.76307,-49.17396,-45.36305,-46.287952,-49.528748,-51.22931,-53.933254,-52.86547,-54.43618,-57.434174,-57.402885,-58.792347,-60.572094,-62.63096,-66.610405,-67.44822,-70.65371,-69.50379
5984,True,-23.864,-30.383488,-26.725925,-31.547245,-33.52572,-29.853779,-39.353683,-39.65193,-38.089413,-40.152363,-42.094597,-40.61283,-42.336502,-42.35554,-42.45489,-44.145885,-44.5465,-45.98401,-49.73396,-52.020107,-52.296448,-51.20171,-54.55153,-56.922836,-57.84851,-60.15805,-61.330116,-64.81265,-65.553535,-67.77617,-68.99072,-69.69853
6016,True,-24.064964,-28.243639,-27.902275,-29.132217,-32.97032,-28.885614,-35.552277,-35.227295,-39.100483,-41.506897,-40.85671,-43.598015,-39.776134,-40.453033,-41.08439,-44.576305,-51.31899,-49.228447,-48.61196,-51.060505,-51.478306,-52.797195,-54.30418,-56.770454,-59.158,-59.899525,-62.113853,-63.24434,-66.133484,-67.714905,-69.164795,-71.29539
6048,True,-26.588919,-29.006218,-27.949467,-28.346329,-29.878633,-29.724895,-37.539494,-41.07776,-40.60309,-41.56677,-44.153522,-45.332024,-41.76079,-44.611473,-43.174442,-44.933056,-50.984005,-50.593994,-49.02884,-50.857117,-52.30005,-51.004623,-55.17623,-55.21936,-56.122253,-59.966946,-61.355648,-61.768806,-64.96807,-65.7287,-70.11806,-71.761406
6080,True,-21.906559,-28.225605,-32.235672,-30.024666,-33.292587,-32.501793,-38.087784,-38.580063,-37.661423,-41.78637,-40.84167,-42.38609,-44.71483,-43.939087,-40.542862,-44.073326,-46.887253,-48.622375,-49.437393,-50.060955,-50.421196,-51.179115,-55.21448,-55.883484,-55.881104,-58.360016,-61.27704,-63.191563,-64.71419,-67.497375,-69.507286,-70.91973
6112,True,-22.443151,-28.35304,-26.221214,-31.387682,-32.959946,-30.675827,-37.012566,-36.87622,-35.48739,-41.836338,-38.88067,-40.02099,-40.66806,-44.91692,-41.452827,-45.484386,-46.96054,-48.62976,-47.499176,-50.693077,-50.74565,-52.271492,-54.3244,-58.076168,-57.18378,-57.4888,-59.604805,-60.42284,-64.089714,-66.21756,-68.98176,-70.23291
6144,True,-25.865953,-28.219658,-28.079939,-29.540045,-32.03787,-32.968056,-33.732952,-37.190674,-37.027885,-39.966473,-41.11222,-42.32243,-43.7564,-41.603462,-43.838806,-45.350365,-45.17551,-49.156895,-46.78334,-49.926636,-53.989063,-53.10001,-55.88896,-56.40829,-58.5047,-56.004185,-59.763187,-62.651764,-64.41938,-68.497116,-71.169754,-71.07272
6176,True,-23.577911,-26.690321,-28.777534,-29.965317,-31.301449,-29.672869,-40.813217,-38.269974,-38.49767,-40.700836,-39.193874,-42.856785,-40.21227,-42.51468,-42.14604,-42.988,-45.514496,-50.374832,-51.18891,-53.073345,-52.692036,-53.281666,-56.497135,-56.58483,-55.699272,-59.46871,-60.63583,-61.833458,-64.35422,-67.71391,-69.10213,-71.79721
6208,True,-23.249826,-29.260597,-32.662453,-31.22108,-33.955544,-33.079674,-39.6779,-37.991356,-38.01561,-40.503937,-41.799255,-40.636063,-44.9128,-41.678734,-42.56555,-44.71422,-49.380096,-50.703243,-49.884476,-50.092888,-50.73814,-51.8475,-54.777306,-56.52665,-57.747475,-58.699688,-59.739094,-61.426445,-64.85543,-66.843,-69.24852,-70.04079
6240,True,-25.333979,-23.49658,-27.618444,-30.215826,-34.327248,-26.44426,-29.602175,-31.065601,-31.029888,-34.957985,-36.605892,-33.485954,-35.6801,-39.35509,-34.44197,-31.996134,-28.191353,-32.24005,-40.880257,-42.25767,-42.59559,-42.605995,-42.551617,-47.346893,-44.23845,-39.005733,-36.406204,-36.055416,-28.564754,-28.08563,-31.001766,-32.916115
6272,True,-23.480484,-28.409836,-28.804205,-28.83814,-31.31819,-29.442577,-35.053307,-34.55404,-33.739925,-40.027405,-41.561844,-39.999775,-42.587936,-44.013863,-44.362797,-45.907562,-40.320286,-42.996025,-46.120663,-48.991817,-50.926193,-49.863663,-51.7536,-53.216965,-53.461758,-51.91069,-48.38086,-48.25193,-42.81191,-44.42279,-45.603756,-46.25835
6304,True,-26.987251,-26.924305,-25.915379,-29.382183,-34.44409,-33.41517,-37.493088,-37.480812,-36.197414,-42.954678,-42.045807,-42.37888,-42.158104,-43.346638,-39.6248,-42.547756,-46.042763,-45.768528,-48.7068,-50.404743,-53.201065,-49.613834,-53.855125,-57.538086,-56.23124,-55.75104,-54.658463,-54.699043,-48.770645,-49.320034,-53.304752,-54.999443
6336,True,-25.953491,-26.827316,-26.45035,-28.422245,-36.10446,-30.483353,-38.029053,-36.545177,-37.263615,-39.657444,-41.71115,-40.23768,-43.85627,-44.241806,-42.211452,-45.01789,-45.60695,-45.665657,-49.053795,-50.29187,-50.586895,-52.60322,-55.470406,-59.58708,-57.75456,-57.086624,-57.193886,-58.023476,-54.24946,-55.687965,-58.745388,-60.100025
6368,True,-22.75448,-27.355062,-29.206179,-30.605118,-33.84524,-32.18628,-38.111046,-37.76098,-36.573082,-40.35885,-40.623047,-39.071236,-39.77432,-43.865734,-45.93978,-45.794205,-47.977417,-48.00282,-48.805164,-49.349472,-51.996876,-53.619137,-55.12419,-57.425724,-58.568516,-58.168663,-57.450363,-60.140644,-56.56065,-59.329407,-62.49431,-64.2879
6400,True,-25.201399,-28.036324,-29.485306,-33.816975,-31.993954,-33.568996,-36.24266,-35.11668,-35.587337,-41.108242,-41.59636,-44.581284,-39.82572,-44.060535,-45.24216,-42.24793,-48.73714,-47.737804,-52.12632,-51.22184,-51.59858,-51.444923,-54.72821,-56.538307,-55.935093,-58.223114,-59.91726,-60.882393,-61.06688,-62.74799,-66.49047,-67.07019
6432,True,-26.050577,-30.776264,-29.908686,-31.97469,-33.03453,-30.573643,-32.07835,-36.28462,-39.231304,-38.852848,-41.57381,-41.356606,-44.081024,-44.997643,-44.710506,-46.932243,-49.61189,-51.97025,-49.18632,-50.497078,-51.991276,-52.153206,-55.401352,-57.612488,-55.83751,-58.42194,-59.06629,-62.80523,-61.447777,-65.21947,-67.53953,-70.414314
6464,True,-27.753353,-28.659203,-23.651028,-33.615116,-32.736855,-32.459274,-38.827248,-39.301224,-36.291565,-39.03954,-41.79313,-43.968803,-46.26953,-45.234722,-41.100426,-43.794094,-46.4377,-48.694763,-48.70848,-50.73616,-51.780853,-52.577377,-52.75264,-55.119595,-58.355095,-59.58591,-60.41931,-61.85718,-64.78815,-67.31013,-68.74154,-71.34433
6496,True,-26.962263,-28.060509,-29.617199,-32.010162,-32.77162,-29.814226,-35.0914,-39.317295,-39.862503,-38.92894,-44.902985,-44.633743,-42.699894,-44.027687,-43.055046,-45.043507,-46.936108,-47.66893,-45.840996,-48.618423,-51.578148,-51.565266,-54.75925,-56.367737,-57.78374,-59.1857,-60.61193,-63.148804,-64.76805,-67.114136,-68.78583,-70.886734
6528,True,-26.631334,-26.919292,-27.27966,-30.85419,-34.150005,-31.687958,-37.656437,-36.138374,-36.26215,-39.74395,-43.377823,-42.836967,-41.66178,-42.03184,-43.776035,-44.450153,-49.30419,-51.804604,-53.383793,-51.63788,-51.38878,-52.370968,-54.180874,-54.154858,-56.35682,-58.88714,-61.988647,-64.66254,-65.423325,-66.588196,-69.34661,-70.55248
6560,True,-20.973795,-27.0013,-28.688623,-31.794107,-32.77049,-32.784683,-38.872314,-38.937984,-36.823658,-40.117687,-42.410122,-41.26125,-42.375126,-42.923466,-41.731834,-45.850075,-48.13025,-50.877052,-48.259804,-49.369804,-51.93225,-53.238735,-55.39274,-56.093674,-57.122696,-59.237267,-60.387875,-61.489388,-64.92384,-66.672485,-69.516014,-70.80675
6592,True,-25.429228,-25.46576,-25.73434,-30.798426,-31.029713,-32.30791,-35.26322,-35.55031,-38.06693,-44.472763,-43.492416,-41.33955,-42.89038,-44.73762,-45.282417,-46.84382,-48.351364,-49.34963,-47.96707,-50.68935,-52.34092,-52.373615,-55.469555,-54.569695,-56.608566,-58.64212,-60.190754,-62.37789,-64.558205,-67.82124,-68.59626,-71.42226
6624,True,-27.234896,-27.081142,-30.40704,-33.34627,-33.013683,-30.905403,-35.581875,-42.26173,-38.616413,-39.90741,-39.46771,-41.13844,-42.4119,-45.99899,-45.644688,-45.572453,-44.961983,-49.300503,-52.567463,-53.260674,-51.354744,-50.759987,-53.456726,-55.17715,-54.602238,-59.529465,-61.36251,-62.171017,-65.25954,-66.285934,-69.4106,-70.13081
6656,True,-23.325365,-27.848806,-29.02657,-30.388206,-33.70569,-29.73799,-36.05464,-37.211258,-35.5804,-38.107597,-40.879723,-41.38769,-41.695057,-45.18118,-43.92343,-46.073757,-47.877304,-46.702354,-49.656113,-53.463768,-52.911835,-52.90365,-54.873924,-56.175266,-57.220474,-60.126503,-61.764038,-61.728043,-66.33826,-67.0412,-68.30558,-71.12672
6688,True,-24.710056,-27.154572,-28.281404,-30.898888,-31.040192,-31.879366,-40.813297,-39.07961,-35.649,-38.18619,-43.922443,-42.29196,-40.11106,-44.28672,-40.953365,-46.575882,-46.5584,-47.41044,-50.16968,-51.23449,-52.022167,-53.857574,-54.69047,-58.449196,-58.239674,-59.869175,-60.961052,-62.766014,-63.873894,-65.7547,-68.53593,-70.31286
6720,True,-22.723139,-25.864088,-23.678972,-33.72365,-32.310036,-31.35214,-34.131474,-34.506992,-36.485043,-40.72876,-40.528366,-42.73413,-40.3396,-42.817875,-44.900776,-47.411556,-47.85871,-46.350407,-50.15869,-52.28463,-50.845062,-50.92559,-54.017673,-57.069035,-55.854332,-58.83652,-60.234814,-62.342453,-65.359406,-68.46326,-71.51145,-70.54202
6752,True,-24.012995,-34.9693,-27.667772,-31.02475,-36.472725,-34.1645,-37.068413,-37.98285,-39.388634,-42.807903,-42.126232,-40.94759,-39.851334,-42.773537,-45.77064,-47.55934,-44.949986,-45.70504,-49.21694,-48.894543,-50.61997,-52.63804,-56.76728,-56.036613,-58.41042,-60.299606,-62.00444,-62.93659,-64.52382,-66.34305,-70.01819,-71.07394
6784,True,-26.400143,-27.169495,-30.745304,-32.39833,-36.860374,-29.9338,-37.362877,-36.68519,-36.193806,-38.89304,-42.43649,-42.246147,-38.592308,-44.408005,-43.465897,-45.68211,-46.939598,-48.274956,-48.881382,-51.729332,-51.667633,-50.23362,-52.550945,-57.25499,-56.567844,-56.110695,-54.060688,-54.008404,-53.798683,-51.997528,-53.528217,-53.98896
6816,True,-28.15244,-26.58802,-29.995285,-34.101517,-32.593,-32.493767,-37.333714,-38.669693,-39.642303,-43.831833,-41.55182,-44.554173,-40.719093,-43.89154,-42.99797,-45.793804,-45.73351,-45.51861,-48.12649,-49.149284,-50.886272,-52.754883,-55.863007,-56.156105,-57.5887,-59.664818,-60.101017,-62.15471,-64.00466,-63.53489,-65.77471,-65.77961
6848,True,-26.636738,-27.48528,-28.161423,-30.629307,-34.682487,-32.591534,-35.01677,-38.15443,-38.31522,-40.108967,-43.67891,-43.594475,-40.594933,-45.70061,-42.901535,-45.786877,-46.87534,-48.946114,-48.876728,-49.54395,-52.397232,-53.97941,-54.938107,-54.716408,-55.920082,-59.212803,-61.962242,-63.028187,-64.62502,-66.46247,-68.68511,-69.12479
6880,True,-28.052029,-27.999596,-31.153187,-36.06094,-31.88993,-34.731125,-39.38869,-38.945942,-39.628323,-43.50039,-39.68937,-39.296455,-38.46723,-41.5687,-44.6312,-46.618195,-43.917118,-46.611042,-50.527534,-52.762676,-51.97499,-52.178974,-54.661964,-56.729126,-56.30499,-58.241264,-59.96559,-63.096767,-65.36955,-66.11612,-69.108925,-70.465256
6912,True,-20.901182,-27.102976,-28.295135,-33.044704,-35.65587,-30.858582,-39.318295,-39.569782,-36.06121,-39.936653,-40.721878,-39.216034,-37.873283,-44.712357,-42.970238,-43.168446,-47.330025,-47.35786,-50.231724,-50.14457,-52.545273,-52.548485,-55.257965,-57.191772,-56.466797,-58.529076,-61.386066,-62.409904,-65.69406,-67.60675,-70.26444,-71.87617
6944,True,-23.89683,-27.069374,-26.98898,-29.461138,-32.205177,-33.495132,-38.387775,-39.738674,-37.06304,-40.663048,-43.204823,-45.210766,-44.231014,-43.194275,-44.8042,-44.584003,-45.765015,-46.7686,-49.07634,-50.231136,-50.55538,-52.856464,-55.102535,-58.08664,-58.341736,-58.078213,-61.91429,-63.330036,-65.973206,-67.44673,-69.34658,-71.534676
6976,True,-23.131199,-29.59875,-27.04792,-29.466492,-32.1169,-30.33817,-39.028072,-36.979233,-39.748184,-42.878765,-44.235783,-42.42273,-39.915913,-42.19664,-42.656548,-45.481102,-47.33715,-48.882507,-47.145992,-50.058517,-52.19642,-51.20764,-54.263306,-56.58728,-55.776695,-58.54728,-61.652855,-61.22894,-64.153625,-67.80571,-69.09656,-72.62521
7008,True,-25.482456,-29.87936,-25.529024,-30.582596,-32.28511,-30.80128,-37.42706,-36.39737,-33.79647,-37.38459,-41.9861,-42.37804,-42.22099,-42.39469,-43.94177,-47.2018,-44.964615,-47.811615,-51.025032,-50.22057,-52.349056,-52.48645,-54.33632,-55.54725,-55.892662,-58.2566,-60.97944,-61.88105,-64.81296,-68.25261,-70.12624,-71.018135
7040,True,-21.404522,-25.385612,-30.764616,-31.775013,-33.595165,-31.733839,-35.181793,-38.47015,-38.98997,-40.147533,-41.629757,-41.380707,-41.280678,-41.60927,-41.45226,-43.394653,-44.266304,-47.556595,-47.59979,-51.05547,-50.817074,-51.32631,-54.624306,-55.844925,-56.246063,-58.643463,-60.541576,-61.24081,-64.195564,-69.20834,-70.04239,-70.38771
7072,True,-23.789003,-32.2246,-31.322617,-34.422813,-36.898304,-29.606916,-37.138897,-38.94243,-37.111977,-43.788914,-44.466167,-43.04766,-43.20106,-46.034393,-42.075344,-45.304295,-46.176357,-45.74354,-48.62993,-51.37466,-52.19414,-51.648388,-52.914356,-56.20296,-55.97741,-58.45364,-60.700336,-61.510525,-65.808464,-67.761375,-69.449,-70.80291
7104,True,-20.540733,-25.521591,-26.616457,-27.873354,-31.022583,-33.027004,-39.383125,-41.957718,-39.800385,-41.856277,-39.92668,-42.433792,-39.074482,-42.179977,-43.147545,-46.886005,-46.50875,-47.155933,-49.910233,-50.251595,-53.565186,-52.387253,-54.088074,-55.854652,-58.424152,-59.041103,-59.516464,-62.19408,-64.8842,-66.46094,-69.155014,-72.35653
7136,True,-25.975952,-28.79075,-28.882215,-31.189873,-32.45082,-28.764189,-36.13323,-40.04989,-34.573174,-37.03298,-39.78256,-46.46625,-46.218018,-46.26677,-45.47265,-43.50593,-44.603085,-47.017742,-47.962257,-51.68751,-52.228294,-53.2511,-55.223347,-56.282864,-56.888203,-59.207237,-59.778496,-62.07811,-64.5484,-68.94561,-70.657814,-71.53883
7168,True,-26.861475,-28.62199,-27.03224,-28.993755,-33.815372,-34.271782,-37.1362,-37.750473,-37.043343,-41.783596,-42.14781,-44.555416,-40.77889,-42.34821,-43.072758,-44.418903,-44.327484,-47.8981,-50.289085,-51.28487,-53.176933,-53.30244,-55.19523,-57.010914,-59.304386,-60.621113,-61.068882,-62.109222,-66.94299,-69.04234,-69.814705,-70.878456
7200,True,-24.967983,-26.765656,-26.41691,-31.103176,-31.35064,-31.641853,-42.120285,-42.35336,-38.725075,-40.039238,-39.238674,-42.678818,-43.40016,-44.477142,-45.49128,-43.827423,-45.394714,-47.73821,-47.957397,-50.911804,-53.94336,-52.35984,-55.8787,-57.35639,-58.29132,-59.25406,-61.271416,-60.411716,-63.84976,-67.91496,-71.949135,-70.76982
7232,True,-21.807743,-29.922054,-31.258667,-30.760899,-30.309193,-27.83514,-38.343815,-37.98676,-39.921234,-42.554802,-42.203346,-43.388233,-42.968502,-44.912643,-47.461815,-44.6799,-45.948257,-47.270245,-48.483833,-53.5411,-54.400223,-52.48169,-55.40684,-56.85986,-56.827812,-59.279213,-61.574142,-61.484886,-65.94602,-68.22919,-69.395065,-69.956474
7264,True,-22.716637,-26.410275,-31.175383,-33.098927,-32.673515,-29.516434,-34.82473,-36.671036,-38.30549,-40.220886,-45.558544,-45.058334,-40.801743,-44.477486,-42.209167,-43.981915,-46.167244,-48.607796,-49.986122,-49.678368,-54.06483,-53.806633,-56.262707,-56.97249,-56.43937,-58.306313,-60.148422,-62.70245,-66.7171,-68.99799,-70.60547,-70.92176
7296,True,-26.585506,-28.11956,-27.444618,-30.812664,-30.7146,-29.424868,-36.354107,-38.933784,-36.89806,-42.566143,-43.11541,-43.848858,-41.040997,-40.982887,-41.882195,-43.383934,-45.859444,-46.94133,-46.886185,-48.349194,-52.028336,-51.359222,-53.609863,-56.429295,-56.303856,-58.0192,-60.22943,-62.392586,-65.313324,-67.76204,-70.62854,-70.83274
7328,True,-24.347767,-27.79888,-28.467157,-30.872679,-34.73122,-35.077644,-36.725548,-33.301357,-32.948757,-38.487118,-40.34012,-35.753704,-37.30716,-39.710968,-36.344296,-34.07578,-32.137665,-37.094196,-43.99855,-46.53038,-47.902225,-46.937996,-46.410446,-49.785976,-48.787086,-47.26507,-43.358723,-40.879776,-32.827,-31.532597,-35.123077,-37.435078
7360,True,-26.909248,-28.713083,-28.157719,-33.148148,-31.669888,-27.6278,-33.09131,-32.08842,-32.459915,-36.656322,-37.72265,-35.21056,-37.51239,-38.692307,-39.387985,-37.448166,-33.172756,-36.86511,-43.782814,-45.702305,-44.762196,-45.85297,-44.596153,-48.023945,-47.77961,-44.748672,-40.838158,-39.887535,-33.827526,-35.1575,-37.596653,-38.871864
7392,True,-28.617012,-27.693699,-25.384798,-28.99743,-29.978954,-28.63717,-34.77865,-38.71236,-37.037533,-38.829033,-41.89128,-38.582504,-41.803368,-42.67898,-40.953476,-43.741135,-45.37542,-47.15527,-46.899498,-47.323387,-49.100418,-48.185562,-44.427013,-46.77324,-49.504185,-52.799927,-53.439293,-50.215233,-46.570953,-47.28057,-50.81171,-51.781166
7424,True,-25.01623,-26.903568,-29.242628,-34.895237,-37.371212,-33.90184,-37.47398,-38.019184,-37.87291,-38.938374,-43.824707,-42.01214,-39.87303,-41.44384,-44.26371,-44.836304,-44.416195,-47.732777,-47.226986,-46.106297,-48.43354,-47.955246,-43.151665,-45.336617,-53.409237,-53.2357,-53.859734,-51.28195,-51.27451,-52.660454,-56.260094,-57.423935
7456,True,-28.071564,-29.296911,-26.37081,-30.545158,-35.298687,-32.962612,-37.57791,-37.30204,-42.17688,-39.774136,-38.78538,-39.266315,-38.857384,-42.341743,-40.437553,-42.057095,-40.024193,-42.34171,-44.89264,-45.586212,-46.52376,-49.311527,-43.62494,-45.963722,-51.854992,-53.90383,-55.00217,-47.96212,-52.903786,-56.193726,-58.130726,-57.46313
7488,True,-26.957434,-32.73184,-26.814337,-28.525623,-34.489197,-31.115215,-37.270565,-39.705345,-38.16122,-40.3388,-41.91815,-41.679325,-40.831303,-45.246162,-44.505775,-44.82162,-42.76945,-45.057713,-44.222725,-46.58236,-48.703865,-49.700584,-45.955803,-47.849163,-53.144028,-54.377514,-55.753647,-45.709053,-53.388756,-57.55566,-59.74408,-58.853996
7520,True,-22.589958,-27.402164,-30.728271,-28.953485,-31.05444,-32.77023,-38.26264,-36.416676,-37.928883,-42.384335,-40.026405,-42.174026,-39.723427,-41.67769,-42.922665,-43.52569,-42.96141,-46.73979,-45.262596,-49.104736,-49.54371,-49.490658,-47.632263,-47.19177,-52.505287,-56.015747,-55.83526,-50.04469,-55.664783,-59.552414,-61.023956,-59.1677
7552,True,-23.646652,-26.234121,-26.313156,-28.237696,-35.855198,-33.256462,-38.73276,-37.084038,-33.975708,-39.18977,-42.092667,-41.31745,-39.371243,-42.12227,-42.084015,-42.98387,-42.046013,-45.43969,-46.38281,-48.50246,-50.359825,-46.908592,-48.566555,-48.266136,-53.93357,-56.94992,-58.280937,-52.917168,-56.818733,-60.53612,-63.9714,-64.23662
7584,True,-24.873474,-28.640387,-25.196856,-29.328327,-30.378498,-31.182697,-38.6996,-38.026173,-37.398865,-39.0633,-41.710922,-40.053993,-39.98203,-43.39371,-42.293663,-43.32012,-43.15859,-45.582176,-47.383507,-48.832237,-48.74865,-49.584652,-49.377274,-50.452156,-53.782455,-55.838974,-58.237625,-53.095432,-57.32331,-63.046223,-64.0971,-62.86747
7616,True,-25.396614,-26.872375,-28.797894,-30.164028,-34.378025,-31.82603,-35.862915,-40.75787,-35.03281,-41.014923,-42.91656,-41.62634,-41.591316,-43.736477,-47.44678,-44.334827,-43.51338,-42.85012,-47.090515,-48.436775,-49.53588,-49.35955,-46.8634,-48.18505,-53.78903,-57.15641,-58.682026,-55.27752,-58.804127,-63.30113,-65.766235,-66.12268
7648,True,-22.100584,-28.949575,-29.053925,-32.75484,-34.55668,-33.97577,-40.12565,-40.30516,-38.673843,-41.458073,-44.937164,-41.380005,-40.46824,-40.85846,-43.7112,-44.447235,-43.507927,-43.12443,-45.042603,-48.68614,-51.391773,-51.06124,-47.219433,-48.176273,-54.161385,-57.002525,-57.64518,-54.07531,-58.721603,-63.75335,-66.576515,-66.11453
7680,True,-25.358028,-26.658009,-25.708195,-31.760122,-39.4574,-35.037292,-35.847126,-41.9525,-36.62062,-39.127193,-43.44381,-42.314865,-41.037964,-41.12893,-45.011116,-43.271446,-47.160107,-47.142853,-47.65987,-48.74252,-49.7286,-51.361313,-48.325172,-50.130367,-55.072266,-57.35556,-60.268753,-54.446198,-59.11776,-67.108345,-67.35007,-66.06834
7712,True,-27.9523,-29.6681,-30.607176,-30.951815,-30.113712,-32.287323,-38.75041,-40.002514,-36.771667,-41.690372,-39.711372,-39.70778,-41.454662,-40.690502,-41.731728,-43.566875,-42.402424,-45.323048,-47.568863,-49.05815,-49.25308,-50.43802,-46.511276,-49.956398,-54.838287,-55.75039,-58.328934,-53.17128,-60.084587,-66.344925,-68.79859,-67.79619
7744,True,-24.992096,-30.290432,-28.775734,-29.526712,-32.280434,-32.130814,-37.37244,-37.545135,-35.405304,-41.178707,-40.96483,-42.911396,-44.674843,-42.647125,-44.106743,-44.630222,-45.929543,-50.27614,-47.418118,-48.060566,-48.913986,-50.22171,-48.379936,-50.269737,-55.177452,-58.729626,-58.65914,-56.263496,-60.49364,-65.31303,-67.66283,-70.443
7776,True,-28.625988,-29.850061,-29.830645,-31.223326,-29.984203,-31.31671,-37.53725,-36.942017,-38.754555,-39.399162,-39.59758,-37.64015,-40.545273,-40.967083,-40.182068,-41.77076,-44.51591,-43.919365,-47.199326,-48.723206,-51.45508,-50.208057,-49.812813,-50.514984,-54.147118,-58.22738,-59.49272,-57.770573,-62.62495,-67.03829,-68.32665,-69.59213
7808,True,-25.829556,-24.573608,-25.355665,-28.113853,-34.183914,-32.030994,-36.0539,-37.01003,-39.770027,-39.610676,-39.70673,-40.408115,-42.857494,-44.29142,-40.814747,-44.136013,-46.11986,-48.13926,-49.522873,-50.726437,-48.521965,-51.884583,-49.41036,-51.763268,-56.090324,-58.297867,-58.670746,-56.497314,-62.197956,-68.63999,-69.40279,-70.10186
7840,True,-22.880411,-26.636902,-28.481129,-34.18714,-36.84933,-32.48794,-38.972202,-37.922577,-38.323166,-39.018387,-40.848373,-43.19652,-39.442833,-42.56016,-44.3095,-43.2454,-45.56667,-47.528656,-46.797276,-48.53469,-50.782604,-53.88592,-51.339058,-54.53052,-55.72164,-57.241253,-58.103786,-59.263733,-61.67649,-66.78405,-69.216064,-71.776184
7872,True,-24.976923,-32.86441,-27.304857,-30.339678,-38.256565,-32.415726,-37.98588,-39.43132,-40.903267,-45.572952,-47.815094,-46.58007,-42.179394,-43.771835,-41.954845,-42.5037,-43.824173,-48.978767,-48.74173,-47.799088,-51.12687,-52.452126,-49.396973,-51.114067,-54.464375,-56.04014,-58.06888,-54.97277,-55.013206,-53.694023,-54.273865,-56.096073
7904,True,-26.517393,-26.085056,-30.767801,-34.354027,-32.11355,-28.662615,-37.39967,-37.39839,-35.047424,-41.346058,-45.528473,-45.401684,-40.916042,-43.085426,-44.50614,-41.027493,-41.14894,-45.334175,-45.63317,-50.494423,-50.95845,-52.23472,-49.413532,-51.830833,-57.62447,-56.927753,-59.587334,-56.359657,-57.675243,-58.808247,-58.51496,-62.82778
7936,True,-26.834427,-27.646055,-25.560198,-29.534458,-33.49623,-32.26645,-42.773724,-33.930225,-34.982006,-39.318047,-46.864105,-41.66519,-42.438606,-43.559727,-43.003788,-44.978966,-49.094177,-46.99419,-48.28685,-50.340523,-51.965294,-51.46885,-49.74068,-52.287346,-56.03207,-58.89475,-60.41944,-58.511814,-63.04505,-67.35935,-68.00172,-70.16643
7968,True,-25.73843,-28.184717,-28.779152,-33.58869,-33.07589,-33.05797,-37.93338,-39.203712,-36.698654,-38.213917,-42.458797,-41.198395,-39.24093,-43.122437,-41.048798,-45.3125,-45.834774,-47.39468,-45.94942,-49.834778,-52.757755,-50.98108,-50.365814,-53.395523,-56.76933,-59.793938,-63.01528,-58.67739,-63.905334,-65.515945,-68.835686,-71.33618
8000,True,-24.204582,-30.597765,-27.520473,-31.013506,-33.28298,-36.973885,-41.77757,-38.038322,-38.134808,-40.23197,-41.98295,-42.03732,-40.446323,-43.168503,-42.814957,-45.61593,-43.680805,-47.62795,-48.89757,-47.560402,-49.85414,-52.147793,-54.498978,-53.75976,-56.126114,-57.347378,-58.137737,-59.15195,-64.69415,-67.254234,-70.6964,-71.05762
8032,True,-23.05495,-26.386871,-28.064718,-27.927599,-32.37898,-34.516293,-36.431137,-38.33722,-35.82908,-37.527397,-43.618782,-44.762173,-40.668125,-43.38521,-44.046497,-44.34071,-45.850815,-48.766685,-49.94173,-49.564995,-50.7144,-52.464546,-51.64791,-53.867588,-57.951904,-59.828053,-59.155346,-60.985165,-66.026085,-67.67181,-69.16253,-71.730225
8064,True,-23.67877,-28.72931,-27.379951,-31.06205,-32.75036,-31.770334,-40.65944,-38.59996,-33.61551,-38.591446,-39.960304,-42.095177,-41.434395,-42.54093,-42.88158,-44.639595,-46.54003,-48.275055,-47.357697,-49.982685,-51.351875,-51.692856,-51.2825,-54.10499,-56.44616,-58.962208,-59.53058,-60.116127,-64.14004,-67.448395,-69.302246,-70.23454
8096,True,-26.013918,-27.053753,-27.055319,-29.27387,-33.734238,-30.991379,-38.910965,-36.530582,-37.426727,-43.580246,-42.48827,-43.5861,-43.19581,-43.571068,-45.33825,-44.110764,-45.2586,-48.760193,-49.363636,-53.006435,-54.28121,-50.394882,-53.28839,-55.047867,-56.135677,-59.494682,-60.2967,-61.836136,-64.15572,-67.61691,-67.80156,-71.0018
8128,True,-22.454443,-27.620832,-29.584633,-32.115086,-30.349384,-29.064228,-37.300774,-36.72623,-35.43503,-38.668434,-40.7817,-42.915337,-38.89714,-44.013897,-46.673958,-45.33844,-47.485622,-47.38411,-44.966106,-48.944546,-51.925293,-54.223385,-53.92456,-55.213375,-58.229527,-58.824265,-61.13556,-61.797577,-64.77013,-68.91883,-70.15726,-70.45432
8160,True,-23.345366,-28.131893,-29.97259,-33.29426,-35.358414,-32.906845,-37.366543,-40.353848,-38.437164,-41.94979,-42.719227,-43.251472,-40.06748,-42.78511,-44.66195,-48.556313,-46.576443,-47.473328,-50.697884,-51.118942,-51.262024,-53.152054,-53.06362,-54.933594,-56.100494,-57.56271,-59.090557,-60.904457,-63.87981,-67.15077,-69.86329,-69.157875
8192,True,-25.036066,-26.171913,-26.680544,-30.650663,-33.22163,-31.252527,-37.6668,-37.318085,-39.793953,-41.970695,-38.92964,-40.184326,-40.65339,-43.061176,-44.101707,-43.112846,-45.985657,-47.653164,-48.828777,-52.545475,-50.804523,-51.296455,-54.61988,-55.607437,-56.16201,-58.665733,-61.1687,-61.6565,-63.809265,-66.071556,-69.79596,-70.758125
8224,True,-26.417511,-31.983032,-26.590202,-29.615171,-30.78706,-27.904308,-38.04112,-37.01901,-36.224686,-43.710667,-40.414238,-38.828262,-42.51922,-41.11588,-39.517,-42.929726,-46.147343,-46.50291,-46.32368,-51.668835,-51.42299,-52.635254,-56.453644,-55.89183,-56.55771,-59.049183,-61.407055,-61.9983,-64.68555,-65.565445,-69.226746,-69.7298
8256,True,-28.136223,-27.174665,-28.451488,-35.449223,-33.10529,-31.604902,-39.119392,-37.519585,-34.333374,-37.66427,-40.927967,-42.892517,-43.493694,-43.339157,-42.513996,-43.664986,-45.968895,-45.491848,-49.0068,-51.443314,-51.602512,-53.31293,-53.91827,-55.888496,-57.892998,-59.838066,-61.15654,-60.631516,-64.91254,-65.22809,-69.22794,-70.06898
8288,True,-28.8935,-26.366737,-27.954231,-32.486496,-32.413715,-30.85519,-35.48934,-36.45232,-38.44454,-40.696144,-39.53767,-40.357986,-36.34152,-41.627544,-43.457127,-44.446507,-44.820236,-47.718395,-50.928833,-51.31477,-51.861206,-52.219547,-52.689636,-55.66576,-55.543476,-58.640484,-62.06922,-61.66721,-65.739914,-66.80606,-70.46159,-70.76175
8320,True,-26.683666,-24.347202,-24.819645,-30.892887,-30.51773,-30.997055,-38.800476,-38.422173,-37.406887,-38.709076,-37.604973,-41.72261,-41.661304,-41.90621,-40.417156,-44.251556,-44.444065,-47.930187,-48.722416,-52.255943,-52.924774,-51.41646,-52.74221,-55.178085,-54.633427,-58.679806,-61.802902,-60.182335,-64.38144,-69.95348,-70.12751,-71.235954
8352,True,-25.384407,-23.319752,-28.560883,-34.325592,-34.10909,-32.25759,-36.94057,-39.665886,-37.846333,-43.54216,-42.331383,-41.64161,-42.91874,-42.651516,-45.41862,-47.71658,-46.434803,-51.92237,-50.457123,-49.038643,-50.899445,-51.317596,-51.310623,-52.92176,-56.824593,-59.38243,-60.368618,-60.946384,-67.29655,-69.4531,-69.8442,-69.698746
8384,True,-24.573954,-26.555546,-24.928104,-29.249372,-33.39231,-30.063148,-35.77706,-39.470192,-38.791946,-39.572784,-40.85426,-39.761158,-41.45382,-45.22677,-44.39515,-44.526173,-44.181923,-48.416344,-49.021797,-49.439007,-51.379036,-51.757885,-55.024918,-57.687702,-57.823963,-59.131237,-61.05535,-63.556923,-65.15671,-67.58486,-70.045944,-71.85199
8416,True,-29.237421,-28.43323,-29.528387,-32.690758,-32.25382,-30.686726,-37.559715,-37.36004,-34.315563,-37.98857,-38.710625,-41.592274,-40.324234,-40.522545,-43.27036,-43.07974,-46.837753,-49.484985,-51.758293,-47.694374,-52.002773,-53.92637,-52.55275,-54.3826,-56.79313,-59.39091,-62.58688,-63.65845,-66.95143,-68.07507,-70.24299,-73.19863
8448,True,-26.600496,-27.019531,-29.872334,-33.0234,-35.534855,-31.12738,-34.569572,-35.73727,-38.285896,-39.693226,-40.66597,-42.991356,-43.990746,-42.882915,-43.13687,-44.360977,-46.491795,-46.85605,-48.75704,-50.95507,-49.887352,-49.002132,-53.705402,-57.82364,-57.7214,-58.87687,-61.282368,-63.216366,-66.458046,-69.67381,-69.31786,-70.15377
8480,True,-29.912518,-33.812843,-31.907295,-30.866682,-35.57697,-30.374004,-37.19787,-39.97002,-39.180397,-42.28935,-41.282356,-43.149277,-41.558586,-43.817482,-46.01671,-46.277267,-48.87054,-49.517017,-46.930115,-51.419296,-53.210342,-54.075523,-56.03353,-56.044228,-56.601257,-58.862938,-60.58097,-61.455246,-65.51092,-68.4929,-70.437775,-71.2736
8512,True,-26.379568,-28.149593,-28.186756,-30.822601,-33.68475,-31.708687,-35.330025,-39.141747,-37.740623,-40.920357,-39.617924,-43.134285,-40.08556,-41.814465,-40.567307,-44.721207,-46.17352,-49.896168,-46.891293,-50.090385,-49.1978,-52.08935,-53.67867,-55.28588,-57.316853,-60.94356,-60.638977,-60.309177,-65.0534,-68.25449,-70.36658,-70.98477
8544,True,-27.535093,-29.086016,-30.405329,-33.520416,-35.80339,-30.212132,-35.632694,-35.881584,-35.537647,-39.991688,-40.61953,-43.403923,-43.86665,-41.42865,-41.627865,-44.192215,-47.43267,-48.872704,-49.413853,-52.329636,-54.013714,-53.290215,-54.19029,-55.178116,-56.513706,-59.80389,-60.82626,-62.542416,-64.67319,-68.63296,-69.84954,-70.98599
8576,True,-23.097744,-28.240202,-27.404535,-31.84346,-30.556614,-29.5583,-38.93837,-36.258064,-37.58647,-39.371437,-42.571598,-42.515354,-41.991573,-46.087875,-44.00841,-42.734318,-44.348503,-47.25341,-46.96466,-49.89263,-51.989902,-51.159546,-54.374184,-56.270683,-57.280098,-60.223747,-60.621826,-62.966274,-64.922195,-68.7647,-70.61731,-71.50941
8608,True,-24.259178,-27.756836,-23.975826,-30.903414,-33.422775,-31.101776,-39.935688,-42.64549,-35.554363,-37.208885,-42.905144,-43.061146,-46.22261,-45.334114,-41.31337,-42.345154,-42.79235,-46.999252,-48.609207,-50.469322,-51.641556,-53.217678,-56.40595,-56.41691,-58.9542,-58.289764,-60.986748,-62.627136,-64.18585,-67.70723,-70.51185,-70.599075
8640,True,-23.488857,-28.79324,-31.66067,-29.378075,-30.840973,-31.611961,-38.26667,-36.43518,-36.330776,-40.60118,-40.303772,-37.89922,-39.015484,-44.835617,-43.763092,-45.805542,-44.116447,-49.295826,-48.934776,-51.492767,-51.235394,-50.017372,-54.84996,-56.38111,-58.26679,-59.619823,-61.37093,-61.52798,-65.191696,-66.66175,-71.56023,-70.191734
8672,True,-25.14463,-28.530634,-33.2119,-32.67445,-31.350552,-30.408882,-39.06626,-39.282722,-35.935387,-39.009064,-37.71152,-40.19567,-44.12621,-42.89484,-42.77014,-43.57429,-47.726307,-46.84179,-47.681763,-50.34868,-51.491512,-52.27223,-54.48961,-56.389294,-57.72937,-60.66442,-61.382923,-61.63261,-62.707016,-68.14233,-69.14343,-69.00291
8704,True,-25.590439,-26.865204,-28.269997,-31.0568,-32.93848,-30.668995,-35.79577,-37.341568,-36.96189,-39.758003,-41.17197,-41.51275,-44.720768,-43.190647,-42.824825,-45.310722,-46.30449,-47.50042,-48.239094,-47.690186,-50.78877,-53.4219,-55.395164,-55.712914,-58.15629,-60.05384,-61.06459,-61.71695,-63.383556,-67.42305,-68.44229,-69.72015
8736,True,-27.26205,-27.751877,-27.192451,-29.86399,-28.603653,-33.257915,-37.297966,-38.815742,-34.910633,-38.664272,-43.254333,-39.66794,-38.340218,-42.34966,-42.512974,-45.695995,-48.395325,-48.56517,-49.33455,-50.355343,-48.99744,-52.434357,-53.59304,-56.520493,-56.38428,-58.200584,-60.805428,-61.250607,-65.40262,-68.204094,-70.11161,-70.98327
8768,True,-20.52267,-27.759562,-28.589111,-28.360718,-30.408714,-30.688421,-37.388035,-38.99134,-39.001938,-40.93338,-41.448837,-43.362617,-41.25153,-45.681744,-42.72078,-44.508877,-46.030487,-47.049324,-49.554943,-49.99362,-51.41209,-52.252007,-55.06294,-57.780685,-57.92974,-61.39013,-61.043316,-62.012363,-65.5221,-67.82338,-68.220276,-70.508965
8800,True,-25.8853,-25.998745,-27.135872,-27.440681,-32.677303,-29.573929,-38.69751,-40.583977,-34.722885,-40.163918,-41.709805,-42.775856,-42.722687,-46.114685,-45.45569,-43.97482,-44.742554,-45.78515,-47.405663,-50.993618,-52.298553,-52.36919,-54.785774,-54.6428,-55.773117,-60.296303,-61.04843,-62.17575,-66.91759,-67.01054,-70.34565,-70.40242
8832,True,-24.521156,-27.539162,-29.176487,-34.615387,-30.873117,-29.252913,-37.324455,-39.021633,-37.361084,-39.283775,-37.829517,-42.624443,-44.784042,-43.17714,-41.60447,-43.21091,-44.581665,-47.567635,-47.630753,-51.665665,-51.254105,-52.114086,-55.084457,-56.27144,-56.00739,-58.95886,-61.104454,-61.24229,-63.645546,-66.83486,-69.4487,-71.98764
8864,True,-27.138464,-30.667686,-29.402607,-31.289904,-32.230927,-31.009632,-37.820732,-37.972366,-36.69366,-41.734673,-41.081146,-40.816864,-42.864365,-43.661766,-42.00092,-44.353336,-47.13125,-49.032906,-48.97074,-50.540485,-51.52235,-51.886326,-54.353897,-57.012276,-56.58345,-58.642075,-60.605698,-61.954628,-64.54693,-67.26475,-69.36627,-70.27444
8896,True,-27.68657,-27.526127,-26.060123,-28.431513,-31.364744,-30.978334,-35.940083,-36.70584,-35.162804,-39.196716,-41.98783,-41.778923,-42.953995,-43.429333,-43.10694,-43.507866,-44.343826,-48.270435,-48.798912,-51.639935,-52.460747,-51.945454,-57.08451,-55.74019,-56.111217,-59.01096,-59.895027,-60.511864,-64.805595,-66.648605,-69.029175,-70.28924
8928,True,-25.163338,-26.861555,-32.3107,-31.780579,-34.285866,-30.91089,-36.513206,-37.491325,-39.52308,-40.46793,-43.9695,-44.585304,-44.102016,-45.33394,-42.702003,-45.007637,-46.38931,-47.893784,-51.193863,-49.41687,-50.02783,-49.340645,-55.28569,-56.10201,-58.961044,-59.34448,-61.50054,-61.80367,-63.199844,-66.6826,-69.32769,-70.04353
8960,True,-24.310158,-28.628817,-31.505753,-30.485151,-33.96592,-31.986217,-40.308342,-38.443756,-35.465675,-41.94342,-46.809875,-42.969345,-42.164345,-44.572624,-44.662514,-46.48294,-47.34072,-49.493393,-49.593353,-50.97103,-54.565258,-54.352642,-56.464077,-57.295235,-58.27564,-57.98703,-60.91768,-61.918835,-65.77808,-66.089554,-67.87941,-71.56241
8992,True,-25.547953,-30.193962,-28.003561,-31.1646,-32.816742,-31.733349,-39.17138,-38.26825,-34.615303,-40.942974,-40.557514,-39.93603,-39.85475,-41.372734,-40.49739,-43.42558,-47.018658,-49.76317,-49.019413,-50.363575,-51.145355,-49.77674,-56.06297,-56.456676,-56.238537,-57.371517,-59.10855,-62.30607,-65.36444,-66.8691,-70.60907,-69.782875
9024,True,-25.928467,-32.194077,-27.309582,-29.3046,-34.19269,-30.738201,-38.95016,-43.092133,-36.987625,-37.779778,-44.01951,-43.006744,-42.696526,-45.536953,-42.472313,-45.175175,-47.56731,-50.27613,-52.97793,-51.307873,-52.921787,-52.342545,-55.077396,-56.757046,-57.486263,-59.001945,-59.679558,-61.002964,-66.45066,-68.8719,-69.64403,-70.69796
9056,True,-25.401447,-29.89565,-28.282354,-31.577782,-31.026182,-31.553188,-39.67048,-39.45151,-37.327637,-38.58342,-39.594173,-37.41643,-40.769558,-44.11678,-42.267517,-43.929344,-47.75567,-45.850456,-46.51052,-50.78401,-50.770054,-50.55491,-54.052826,-54.515564,-55.190464,-59.59921,-61.235313,-61.171272,-65.60677,-67.89287,-70.46949,-71.0826
9088,True,-26.333225,-28.99972,-27.810537,-31.759928,-32.405884,-31.226696,-38.153915,-43.382133,-37.293385,-40.800217,-42.57702,-42.018127,-44.299942,-42.624355,-42.39212,-46.324924,-45.63694,-47.989204,-48.858646,-52.84465,-51.799046,-50.74243,-55.047577,-55.17177,-59.119827,-59.227898,-60.80417,-60.93555,-66.601746,-68.83187,-69.64064,-70.40056
9120,True,-24.581287,-25.235575,-26.924107,-28.80569,-30.744171,-32.76299,-38.043507,-39.013626,-34.221607,-39.64417,-43.657566,-45.084118,-44.235687,-45.778805,-42.333244,-43.545815,-47.509064,-49.264736,-49.823555,-49.676178,-50.65569,-52.60701,-55.223145,-55.776173,-56.61163,-58.217865,-59.63212,-62.436527,-64.27852,-68.46628,-69.270805,-69.68232
9152,True,-24.266796,-29.385958,-26.902258,-30.394627,-32.193714,-31.968124,-39.5597,-35.838196,-34.408566,-40.957035,-43.505676,-44.05597,-43.77169,-43.13008,-43.507317,-46.607002,-47.365143,-47.427063,-49.20578,-51.460285,-50.569504,-53.478714,-56.41342,-55.482353,-58.14459,-58.23474,-59.45908,-61.82772,-66.31025,-66.6453,-68.65724,-70.406136
9184,True,-25.510033,-27.740837,-27.991879,-30.352264,-31.15731,-32.490818,-38.69672,-38.27812,-39.988937,-42.693905,-42.731815,-39.407913,-38.437695,-42.50236,-43.39917,-45.433647,-46.038013,-48.418335,-47.531944,-52.37037,-53.176445,-52.698074,-54.729065,-54.318005,-56.531387,-55.8463,-59.627934,-61.9954,-65.403854,-68.27147,-67.70862,-71.39916
9216,True,-29.763424,-27.086485,-28.377054,-27.989561,-36.083534,-31.45449,-38.774254,-37.61189,-36.475636,-38.893326,-42.012764,-40.75219,-40.537834,-41.98565,-45.53663,-48.688583,-46.865814,-46.080494,-48.584858,-51.93051,-50.615326,-51.356476,-56.520775,-57.53639,-57.42191,-59.915203,-60.20109,-61.150063,-63.518578,-68.63982,-70.50395,-69.46463
9248,True,-23.102999,-27.614452,-28.355486,-32.31374,-34.141006,-31.341887,-37.312904,-38.177765,-36.17407,-39.38456,-41.43624,-41.96237,-39.84868,-41.178185,-40.727764,-44.440807,-46.38687,-47.024136,-48.596783,-49.25156,-49.674488,-52.75867,-57.56184,-56.947636,-55.641827,-58.311195,-60.34681,-60.900177,-65.114044,-66.89319,-67.807175,-71.55318
9280,True,-20.319979,-28.760021,-29.152987,-30.267365,-31.184372,-32.902603,-38.322433,-38.397583,-36.72838,-41.592907,-45.776695,-43.557377,-45.142307,-47.6677,-41.27358,-44.25128,-48.15632,-51.64058,-50.37497,-51.557747,-54.252663,-51.69115,-53.18703,-57.030518,-56.965385,-57.496468,-59.799652,-62.804657,-66.67878,-67.81874,-70.48798,-71.107544
9312,True,-23.782196,-26.211605,-26.69252,-28.928799,-33.456326,-31.320557,-41.735725,-37.001064,-36.031384,-39.524296,-41.627014,-40.746895,-41.12917,-43.56971,-39.567673,-42.49292,-43.90179,-46.26689,-50.11537,-51.285866,-51.07666,-50.960613,-52.672913,-55.33106,-56.988773,-60.05709,-61.544212,-62.897873,-66.76614,-68.57525,-70.228806,-70.77537
9344,True,-28.017303,-31.3091,-31.749971,-32.588142,-33.482967,-32.056408,-40.386757,-36.775276,-35.82126,-39.728733,-42.09262,-42.737583,-42.945293,-45.642418,-41.687706,-42.637085,-44.3712,-47.570892,-49.781666,-50.687553,-50.759644,-52.41878,-53.827267,-57.157394,-58.55426,-60.678745,-61.88981,-61.568523,-65.166306,-69.76837,-71.29231,-72.20231
9376,True,-27.866869,-30.769268,-30.770676,-34.13308,-36.941883,-34.03151,-40.909496,-40.868744,-38.164474,-41.596024,-43.94346,-42.369095,-41.26091,-44.594368,-43.410168,-44.885845,-47.032516,-48.169975,-47.576862,-49.96192,-52.58786,-51.357197,-54.084488,-57.395023,-56.46467,-59.729443,-60.435123,-63.5329,-66.551834,-67.37127,-70.720276,-72.983536
9408,True,-25.728497,-29.165333,-30.15218,-32.533375,-33.48214,-30.205956,-36.03473,-37.960274,-35.744717,-39.07736,-39.016537,-40.982586,-40.90924,-44.244556,-42.599674,-43.776016,-44.366093,-45.7774,-49.072937,-50.875427,-52.52793,-50.77646,-54.933044,-55.065033,-54.990803,-58.36937,-61.504166,-63.000088,-66.342705,-68.50902,-70.568405,-70.42238
9440,True,-24.304195,-29.085007,-29.263762,-31.081667,-31.476315,-30.72884,-38.09975,-38.845116,-37.591084,-43.406616,-44.06884,-41.559605,-41.171856,-46.097412,-43.493073,-46.942364,-46.733902,-47.419777,-48.052288,-52.121998,-50.132175,-49.74495,-53.06964,-57.877888,-58.13936,-58.059547,-61.092323,-62.31711,-66.35129,-68.846214,-70.73781,-71.656265
9472,True,-25.969507,-25.628819,-27.396944,-30.20831,-31.592009,-28.285723,-37.229286,-39.08157,-38.70368,-40.877373,-41.045853,-42.603226,-40.301533,-43.990444,-45.578636,-46.371784,-45.55066,-48.496544,-48.775337,-50.90736,-52.04266,-52.907963,-57.675175,-56.047676,-57.92335,-58.957603,-61.115295,-63.844067,-68.64349,-68.67026,-69.46677,-71.39258
9504,True,-23.540924,-27.220545,-26.864817,-30.470387,-32.10253,-30.053455,-37.314728,-36.710365,-35.404583,-41.278397,-41.00397,-43.544613,-41.963013,-44.49494,-42.507343,-44.380424,-48.096004,-50.029865,-51.039513,-53.008675,-51.766,-52.269424,-54.232048,-56.483784,-57.086304,-59.742603,-61.39463,-62.60308,-66.74541,-69.32877,-70.00934,-71.97384
9536,True,-29.790678,-26.049286,-28.656422,-32.085957,-36.259743,-32.918217,-39.60256,-38.649017,-37.07437,-40.73927,-40.963573,-41.164288,-39.85285,-42.009777,-43.356438,-44.793213,-46.072124,-52.22076,-51.134186,-51.010345,-50.07565,-50.61243,-58.766464,-56.212063,-57.02381,-59.52995,-62.108055,-64.093636,-64.9998,-67.275116,-70.68886,-71.17874
9568,True,-23.599422,-29.358274,-31.435015,-28.50237,-32.61641,-32.252804,-39.698402,-40.38543,-37.476074,-42.63675,-39.43664,-43.25992,-42.942703,-45.889145,-45.274754,-44.414425,-44.601547,-47.58081,-47.851486,-52.535442,-53.21862,-52.191105,-57.468678,-57.700687,-60.442394,-58.834057,-60.902744,-62.933968,-65.993065,-67.99418,-70.97289,-70.27055
9600,True,-25.537788,-27.865929,-22.96652,-27.503317,-33.51703,-29.538769,-41.33169,-41.28926,-41.119843,-40.76461,-41.879494,-42.31016,-40.109997,-43.6891,-42.802757,-45.44548,-45.874504,-50.03067,-48.60352,-50.029716,-50.89094,-53.467567,-55.39486,-57.96184,-57.805553,-59.94337,-59.93446,-62.746857,-66.17641,-68.21063,-69.47163,-72.40575
9632,True,-25.335377,-26.15596,-28.170736,-30.183807,-33.903297,-30.871515,-37.26442,-40.83127,-38.909916,-42.52115,-42.713326,-45.389194,-41.20194,-40.578876,-42.170723,-47.717396,-47.626575,-47.135765,-47.40674,-52.364044,-53.554783,-54.230137,-55.05838,-56.19144,-57.186577,-58.760838,-60.605278,-63.363743,-65.37825,-67.57874,-69.40674,-70.0524
9664,True,-24.036175,-27.95657,-28.670204,-31.324924,-31.064533,-30.488455,-37.87725,-38.26169,-43.28825,-42.93697,-43.026157,-42.81624,-40.96407,-42.36724,-42.703636,-47.443535,-49.58587,-49.040833,-49.06101,-53.559853,-51.569107,-51.339806,-54.43123,-56.427746,-57.47888,-59.31247,-60.33402,-62.05812,-62.960854,-67.801056,-69.932976,-72.03203
9696,True,-24.314522,-28.670341,-29.270575,-30.955204,-32.76349,-30.046894,-33.307262,-36.727596,-35.956585,-39.557705,-43.667583,-41.730694,-43.991096,-43.35445,-40.870102,-46.311165,-49.64238,-51.14777,-49.710304,-47.058224,-51.237373,-53.221184,-53.93312,-55.767982,-56.486458,-57.819916,-59.69372,-60.95974,-67.56358,-67.24404,-69.34427,-70.74081
9728,True,-29.717453,-29.409101,-27.186184,-30.450954,-31.04059,-31.54609,-40.1494,-41.019855,-39.532486,-40.393337,-40.87425,-41.407513,-44.18539,-44.419674,-44.28429,-46.036407,-44.14755,-47.380047,-49.514194,-51.16915,-52.245865,-51.18681,-53.506325,-56.55788,-57.219193,-57.464928,-60.915794,-62.194298,-66.01371,-67.280235,-69.21165,-70.00156
9760,True,-29.851568,-26.387737,-28.196625,-29.019556,-31.098877,-30.211529,-35.954865,-41.22362,-42.31108,-41.129105,-44.164696,-42.419098,-41.11887,-46.22883,-44.142876,-43.76323,-45.52246,-47.086716,-50.087017,-52.043537,-50.96434,-52.194313,-55.299423,-56.675163,-57.67651,-61.21701,-62.49112,-64.21001,-65.19784,-68.2039,-69.996,-71.37491
9792,True,-23.216208,-27.564032,-25.258526,-31.116642,-31.643427,-26.725594,-34.393345,-35.61421,-40.01172,-40.47092,-40.92386,-43.808296,-45.065735,-42.047707,-41.572823,-42.832226,-45.245712,-47.945118,-48.29334,-51.1615,-55.89045,-53.03666,-53.751965,-55.505215,-56.42534,-58.572525,-61.815907,-62.359432,-65.32379,-67.94451,-70.25428,-69.86636
9824,True,-24.03521,-31.139751,-29.105995,-31.681313,-30.80301,-33.336727,-39.04158,-40.833946,-40.376823,-40.962795,-40.09114,-41.915325,-40.350227,-41.47304,-42.435677,-44.233322,-47.563705,-50.841404,-52.551083,-51.56537,-49.509735,-49.537853,-53.707676,-56.78339,-56.795998,-58.931812,-60.685257,-62.282463,-63.892254,-66.80692,-71.75882,-70.91487
9856,True,-23.24333,-25.597298,-26.04849,-33.50308,-31.5607,-29.427595,-38.334248,-37.858807,-36.942757,-39.730247,-41.06619,-42.433838,-40.909462,-43.937866,-45.06417,-43.567833,-46.11845,-46.601696,-49.207184,-52.86797,-52.068066,-51.38334,-53.408775,-56.25016,-54.85711,-57.68344,-60.846905,-61.459965,-63.878723,-67.29435,-71.06175,-72.38555
9888,True,-24.014744,-28.274292,-25.068724,-29.258541,-29.922201,-29.6908,-38.462696,-38.854477,-39.11079,-40.774654,-40.672577,-41.946823,-41.643467,-41.72779,-42.15239,-44.29447,-45.339226,-46.999557,-49.59005,-52.481922,-54.9613,-50.904152,-53.90594,-55.327026,-56.90869,-58.531517,-60.785557,-62.200645,-64.03213,-67.59168,-70.07399,-71.62494
9920,True,-25.13255,-28.804224,-27.479935,-29.7083,-29.261713,-31.905748,-38.632538,-39.699738,-41.42239,-40.219784,-40.58793,-40.62371,-43.599663,-43.361515,-41.874584,-43.214767,-46.79676,-45.1458,-50.61169,-52.366924,-51.417664,-51.609097,-53.99772,-57.035545,-56.80113,-57.363136,-59.74363,-61.273666,-64.0688,-67.650116,-72.874306,-73.32965
9952,True,-26.00196,-27.584467,-27.613182,-33.383366,-31.356651,-29.800617,-37.006447,-35.86515,-36.014084,-42.719574,-43.777393,-43.379215,-42.86632,-42.725204,-45.550636,-45.72083,-46.324726,-46.265083,-47.982918,-52.095417,-51.466286,-51.228203,-54.78852,-58.08939,-58.20997,-57.684067,-60.493084,-59.992058,-66.21363,-67.83967,-69.958855,-70.782555
9984,True,-26.579206,-30.742458,-31.775768,-34.118725,-33.164513,-31.297338,-34.58871,-37.279766,-35.25724,-40.185272,-44.763866,-42.69155,-44.133186,-44.30119,-44.774796,-46.147533,-46.8571,-50.419025,-49.522186,-50.702965,-51.54251,-51.623287,-54.036766,-57.04529,-55.8068,-58.287506,-61.2599,-62.39727,-64.28222,-68.406456,-69.4734,-72.69595
