timestamp,faulty,band_0,band_1,band_2,band_3,band_4,band_5,band_6,band_7,band_8,band_9,band_10,band_11,band_12,band_13,band_14,band_15,band_16,band_17,band_18,band_19,band_20,band_21,band_22,band_23,band_24,band_25,band_26,band_27,band_28,band_29,band_30,band_31
0,True,-27.9158,-30.349812,-32.352646,-37.372486,-37.124474,-38.59728,-39.73101,-38.487694,-41.29338,-47.10205,-48.111362,-47.346275,-47.516693,-48.785805,-48.70086,-52.73773,-53.423042,-55.7017,-56.664993,-57.70987,-58.49996,-58.44024,-58.704777,-59.93338,-62.82852,-67.442764,-64.82362,-66.56216,-66.22534,-68.424515,-67.60926,-67.671104
32,True,-23.35149,-24.003866,-24.834064,-31.146984,-34.68214,-36.10397,-35.174988,-38.9064,-43.993225,-48.531166,-47.74304,-49.54495,-48.345955,-51.088745,-51.60195,-49.04473,-51.899815,-55.864567,-57.272423,-56.76775,-57.339214,-59.204807,-60.19201,-60.11509,-60.955803,-64.369514,-65.600266,-66.059784,-68.35076,-69.7033,-69.30556,-69.24758
64,True,-25.667809,-27.63416,-27.432487,-32.046143,-35.66795,-36.001545,-37.173195,-38.918884,-43.16503,-40.368347,-44.556778,-44.774036,-46.99218,-46.543175,-49.232254,-49.450676,-51.18598,-53.14924,-55.481125,-58.730934,-56.447098,-57.61528,-57.982124,-59.469456,-59.060097,-62.340965,-65.2814,-68.73068,-68.24614,-70.261955,-69.840935,-68.2986
96,True,-25.932644,-23.732164,-28.173958,-33.630577,-37.94868,-38.84349,-40.180626,-40.268,-44.382862,-41.957317,-48.0883,-47.9834,-48.496532,-47.17778,-49.057,-50.61537,-50.130585,-53.843597,-57.682205,-58.502068,-59.38366,-58.895065,-59.171925,-60.43312,-60.84172,-63.61547,-65.940254,-66.9511,-66.390335,-69.56659,-71.15798,-68.99375
128,True,-23.55766,-23.228838,-31.10285,-36.2848,-37.254444,-36.719627,-35.44547,-36.424763,-42.60811,-42.821404,-46.670757,-44.72306,-45.894478,-45.048447,-49.92801,-47.768295,-51.85347,-52.290363,-54.498478,-55.47032,-58.956486,-58.904472,-56.68277,-59.398453,-60.13951,-62.43471,-64.42241,-66.38263,-67.631744,-70.20235,-69.791885,-68.53637
160,True,-28.555412,-25.914824,-30.137722,-33.998783,-37.055984,-37.272274,-35.53292,-37.728954,-43.0036,-44.86839,-48.801632,-47.559433,-46.94919,-47.401367,-48.298843,-49.85343,-52.759434,-54.05017,-56.549866,-57.38848,-58.424423,-58.42564,-58.093925,-59.636253,-60.78859,-63.508347,-64.637505,-64.7972,-67.28792,-70.645966,-69.46452,-68.95585
192,True,-23.858688,-24.466143,-27.374859,-31.960262,-34.519043,-33.452347,-33.467525,-37.54826,-44.271843,-44.592712,-44.205414,-44.21595,-45.298573,-48.67649,-48.713356,-49.69131,-52.475563,-51.98685,-55.229336,-56.254444,-58.584995,-58.68134,-59.353706,-61.142002,-58.97703,-62.19393,-66.173965,-66.19093,-65.98465,-70.01421,-70.8945,-67.722336
224,True,-23.96308,-23.175886,-29.189453,-34.51552,-36.434914,-34.50665,-34.67316,-37.730846,-41.919903,-42.53088,-43.312496,-45.13533,-47.00673,-46.369812,-48.6656,-50.403755,-48.989304,-56.179928,-55.345116,-56.63689,-57.08206,-58.681442,-59.17253,-60.41489,-61.176434,-61.928932,-65.66798,-67.27607,-69.73982,-70.01903,-70.71099,-69.6108
256,True,-24.039534,-25.550268,-25.859507,-29.964273,-33.682335,-34.0962,-36.68432,-37.40691,-41.938416,-40.14504,-46.979404,-46.26194,-46.968338,-47.08963,-50.588905,-49.070747,-48.00594,-52.288727,-51.620987,-54.890728,-56.539703,-58.646393,-58.53312,-61.211338,-61.614616,-59.758514,-56.399567,-54.805725,-55.80215,-51.166683,-52.699284,-55.534065
288,True,-23.807833,-24.979095,-30.950672,-32.99602,-35.289696,-36.745056,-37.430946,-38.342,-44.075867,-43.565575,-47.395153,-45.9084,-50.89195,-44.16595,-44.9542,-50.861034,-51.30875,-54.761566,-56.1781,-58.816956,-60.739513,-60.498917,-58.898945,-61.17979,-61.029472,-63.96607,-61.678753,-62.837036,-63.31607,-60.59542,-61.575653,-64.48161
320,True,-23.296143,-23.72319,-29.785612,-31.950748,-36.205338,-37.30493,-36.05972,-37.997852,-43.522324,-44.096294,-49.710342,-46.984577,-45.9759,-47.53879,-50.838806,-49.5925,-53.056625,-53.91313,-54.400616,-58.218456,-57.102085,-57.019608,-59.239098,-60.13623,-61.87981,-61.764572,-64.72771,-65.508705,-66.31769,-68.52914,-67.1053,-67.981804
352,True,-25.704786,-25.905193,-30.234272,-33.85818,-38.65639,-43.084663,-34.9662,-37.36114,-43.459076,-43.54644,-43.54957,-42.73724,-47.436375,-47.403557,-47.91157,-50.447853,-51.492172,-54.990543,-55.49393,-56.201126,-55.842133,-57.902855,-59.375435,-59.117794,-60.969063,-62.37141,-66.4159,-66.13993,-66.676926,-67.4768,-68.313034,-69.57582
384,True,-25.463703,-26.019955,-30.194447,-34.34165,-34.323505,-34.694077,-34.041832,-36.98177,-44.161835,-41.167606,-45.011192,-47.9647,-46.229393,-47.11893,-48.46577,-52.873398,-51.632725,-53.613914,-54.412422,-57.976738,-58.577652,-58.207146,-59.692284,-60.089565,-62.376884,-62.035503,-64.19895,-65.67241,-67.07411,-69.11555,-70.911316,-69.74304
416,True,-21.63122,-22.330212,-31.27224,-36.347366,-35.807224,-34.432045,-34.94538,-38.000324,-45.123695,-44.414284,-44.981796,-45.07542,-47.456413,-48.93543,-46.68613,-48.586464,-48.20322,-52.983246,-55.73285,-56.98365,-57.006615,-58.042007,-58.990738,-60.35734,-61.251488,-62.97079,-63.718575,-64.93811,-66.76704,-67.75371,-69.8154,-69.412315
448,True,-20.841276,-24.240307,-26.074984,-30.910664,-34.887177,-35.447,-35.80115,-37.824017,-44.537766,-43.52592,-46.700882,-43.83262,-45.12078,-45.45013,-48.555984,-49.128212,-49.992794,-51.48654,-53.817245,-56.55811,-59.007446,-57.537117,-57.68656,-59.783382,-60.66479,-62.520542,-66.23753,-67.93425,-67.0925,-69.0053,-68.88924,-68.767654
480,True,-25.052645,-28.855818,-29.785845,-34.65907,-35.669445,-35.124428,-35.7805,-38.95581,-40.98627,-40.18931,-44.485237,-44.07433,-45.297432,-48.86381,-48.970737,-51.713985,-52.153084,-52.97438,-53.937244,-55.352028,-57.77199,-58.155205,-58.202076,-58.550972,-60.500496,-62.784225,-65.08646,-68.49082,-67.22709,-69.23521,-69.613914,-71.28001
512,True,-26.978361,-25.813866,-28.3166,-32.430786,-35.498,-35.29374,-37.24325,-39.45671,-44.953175,-46.59868,-46.535934,-44.79608,-45.696835,-49.160595,-49.395046,-51.422977,-49.33139,-53.69566,-56.378994,-59.54657,-58.716106,-57.33554,-59.81606,-59.875282,-59.572525,-62.98327,-65.292465,-68.17236,-65.531624,-69.4308,-70.18466,-70.04483
544,True,-23.458778,-24.881115,-27.657099,-31.109432,-33.29788,-35.33654,-34.693092,-38.10082,-43.90924,-44.831512,-48.2787,-49.358925,-48.64355,-46.81803,-49.085632,-48.952293,-47.539867,-53.774826,-57.396435,-56.253387,-58.769142,-59.311733,-59.404488,-59.182114,-61.167225,-62.698574,-63.577152,-65.1879,-67.308395,-68.9354,-71.22682,-69.44128
576,True,-21.883772,-22.97202,-28.315613,-32.03948,-36.237103,-36.73171,-36.411728,-38.188766,-42.310417,-44.280983,-45.504547,-46.287064,-47.35663,-47.74971,-48.419815,-49.262844,-48.256565,-51.817608,-53.512302,-56.565395,-58.145653,-57.7259,-56.52723,-57.29858,-59.556267,-61.76683,-63.100933,-65.55074,-66.72652,-68.31107,-69.13173,-68.61313
608,True,-26.94952,-25.371073,-30.295889,-32.420456,-36.554962,-38.709747,-40.14751,-42.217537,-43.97272,-42.449455,-46.998627,-46.6515,-46.34966,-46.43186,-47.37736,-48.73218,-46.726257,-51.378994,-52.76497,-56.801956,-57.82765,-57.07051,-57.72975,-59.846645,-60.168633,-62.25387,-63.219193,-65.866,-68.14828,-53.90985,-61.510983,-68.10021
640,True,-25.998428,-29.056908,-30.747894,-33.761524,-34.013813,-34.260418,-38.45055,-40.09418,-43.619785,-43.473427,-45.96163,-46.25962,-46.14815,-44.91527,-45.749035,-48.06349,-47.138474,-52.93398,-56.374935,-58.88371,-56.79328,-57.44102,-57.066658,-56.83716,-59.88464,-60.630512,-63.294506,-64.18165,-66.50039,-45.343742,-53.706417,-68.4813
672,True,-25.29153,-25.877125,-30.410492,-35.484848,-33.2037,-34.819424,-35.994198,-38.39951,-45.31949,-46.012627,-46.437042,-46.18171,-46.841965,-46.521152,-48.60682,-50.608017,-50.875847,-54.436687,-55.253723,-59.36916,-56.451675,-57.12662,-56.317177,-57.332718,-59.045097,-62.172554,-61.435413,-62.79816,-66.48326,-44.167915,-52.050705,-67.70022
704,True,-27.504637,-25.362259,-28.612408,-31.168114,-34.42469,-34.95731,-36.963757,-38.940495,-44.504353,-43.84427,-47.90132,-44.368355,-45.340668,-49.417072,-50.259277,-49.766495,-49.06313,-54.099182,-52.231514,-57.935333,-59.402634,-58.161705,-56.59035,-58.94569,-57.847515,-60.554405,-61.73685,-65.01,-65.80318,-43.24566,-50.710358,-67.3782
736,True,-26.783218,-28.473698,-29.245367,-32.440876,-35.223824,-33.470245,-37.633106,-39.631912,-42.75498,-41.279533,-43.693695,-42.737495,-44.087616,-44.353447,-44.30146,-48.546947,-49.661537,-55.22276,-54.96608,-57.27807,-56.979477,-57.43122,-55.640167,-57.912216,-59.78102,-61.854126,-63.177383,-66.13771,-66.87766,-42.663986,-49.855812,-67.168816
768,True,-25.229862,-27.938644,-28.73056,-32.32481,-36.19291,-33.50824,-35.721878,-41.883183,-44.775196,-45.58823,-51.41799,-47.44285,-44.974445,-46.88843,-46.92588,-49.2132,-49.860893,-52.088257,-54.74859,-54.766647,-56.551533,-55.948296,-54.683514,-56.107998,-57.565388,-59.477825,-62.32706,-60.20393,-55.847107,-45.1417,-51.465492,-58.216278
800,True,-23.839565,-23.069487,-28.214573,-34.223637,-34.10859,-28.025377,-31.432293,-28.918102,-30.635254,-35.727566,-37.070335,-35.31782,-37.534832,-40.826744,-36.281258,-32.334785,-27.648237,-31.80954,-42.329277,-42.732697,-41.954422,-42.474297,-42.690193,-42.849182,-42.698326,-39.31527,-38.12762,-33.129494,-30.635967,-32.47548,-33.23206,-32.534435
832,True,-27.051523,-26.290197,-31.266808,-34.840763,-36.01914,-32.577606,-34.649376,-34.731403,-38.16271,-44.29667,-45.448166,-40.85576,-44.673416,-47.300392,-49.158302,-49.029747,-41.440918,-45.117207,-49.08922,-53.00363,-52.928642,-52.295982,-53.381023,-53.2102,-54.264503,-52.83388,-50.950768,-49.151,-45.922245,-44.986656,-47.315327,-47.984203
864,True,-24.174442,-28.365662,-31.21155,-32.74078,-36.421463,-35.65918,-35.373703,-38.166378,-45.502056,-43.48342,-44.40271,-45.035328,-48.016937,-50.75264,-50.74466,-48.70499,-49.920685,-50.56991,-54.29892,-55.227974,-53.77861,-52.656685,-55.521362,-55.90265,-57.165123,-57.5725,-56.086113,-54.619507,-50.71192,-50.658073,-52.983902,-53.84964
896,True,-24.582645,-25.304466,-29.671711,-30.963175,-37.22011,-36.24562,-37.292065,-39.390823,-44.263306,-41.230247,-45.874535,-45.70127,-48.910553,-48.358273,-45.804634,-50.25959,-48.59486,-51.211372,-53.4105,-56.018127,-56.56767,-56.006695,-57.24129,-56.863216,-57.884468,-58.22637,-57.899498,-57.713203,-56.52847,-56.350113,-58.365807,-59.25079
928,True,-29.234089,-28.12787,-29.383495,-31.378319,-34.989506,-35.866264,-37.2814,-37.779346,-41.39765,-42.378506,-45.03888,-44.77432,-46.706604,-46.564796,-47.940285,-49.68255,-48.11142,-51.619064,-51.697407,-54.63223,-57.54796,-56.746796,-57.39098,-58.42011,-58.22647,-60.842632,-62.112736,-60.737785,-60.04072,-59.58813,-63.210224,-62.66861
960,True,-33.680946,-31.591036,-30.389935,-32.549423,-35.728523,-34.851856,-38.10663,-42.535892,-41.90006,-41.200375,-50.774055,-47.22142,-47.732243,-47.159996,-48.405052,-49.98027,-53.432228,-56.52919,-55.043888,-56.845108,-57.283115,-58.768112,-57.97799,-57.34723,-57.958595,-60.364307,-63.192215,-63.11181,-62.85435,-61.522175,-63.389366,-66.35952
992,True,-25.426964,-26.314974,-32.121403,-33.89051,-33.503975,-34.534218,-39.22505,-42.066925,-48.199303,-48.175392,-45.70655,-44.682407,-47.398777,-47.73836,-47.0813,-48.030453,-49.11747,-52.882133,-54.507698,-60.65311,-59.431656,-55.52617,-57.16013,-57.6547,-57.44902,-60.19995,-61.685654,-63.99742,-63.685463,-64.70323,-67.47231,-68.30077
1024,True,-25.161135,-28.793028,-33.2211,-34.903023,-33.830025,-34.008976,-36.0058,-36.641693,-40.100006,-40.281597,-45.294075,-45.519028,-46.65181,-48.99444,-49.10546,-49.60308,-48.04617,-52.886574,-54.33335,-56.961285,-56.92503,-57.01242,-56.55403,-56.5795,-59.202076,-61.665833,-63.909378,-63.87056,-66.62158,-66.79744,-68.05427,-67.67139
1056,True,-23.633812,-26.412895,-31.5433,-32.685493,-38.51127,-36.68178,-33.515934,-34.32317,-41.3652,-42.615856,-49.50161,-48.399628,-48.074364,-49.898476,-49.390007,-51.8898,-50.335926,-54.346985,-55.771034,-55.611748,-57.92652,-57.18669,-56.73265,-57.55841,-59.48076,-60.08068,-63.982525,-65.02219,-67.14034,-68.30636,-67.70423,-68.316216
1088,True,-23.269014,-23.48944,-29.8073,-32.331055,-34.55167,-36.599834,-37.815434,-39.661354,-42.970566,-49.14333,-49.906754,-44.711296,-45.39335,-46.131214,-46.24962,-49.981575,-47.797398,-52.03133,-56.62989,-56.539734,-56.941643,-56.601833,-55.09775,-55.346146,-59.554333,-60.85775,-63.46378,-66.758316,-66.95056,-67.809784,-70.31207,-68.5052
1120,True,-26.760757,-26.35706,-26.848585,-31.048372,-38.75417,-38.308025,-35.996788,-38.15162,-49.41099,-48.43978,-48.789238,-47.90571,-46.41197,-48.338333,-47.54129,-50.154476,-51.922752,-55.834026,-55.58956,-56.571266,-53.941757,-55.459957,-55.59217,-57.038925,-58.93923,-60.26987,-63.14638,-64.399025,-64.76488,-65.82801,-68.78429,-67.67836
1152,True,-24.583254,-24.38957,-27.66802,-31.18637,-34.26604,-34.47435,-34.2273,-37.425735,-42.085934,-43.701267,-47.443123,-48.668327,-47.361965,-45.304455,-45.44802,-48.249706,-51.93396,-54.19178,-55.155544,-57.94476,-57.958557,-55.65518,-57.31209,-57.72103,-58.75911,-59.819485,-61.874397,-64.921936,-68.68303,-67.29863,-68.83826,-68.83636
1184,True,-21.821121,-25.35121,-28.01189,-32.43831,-36.553886,-36.71648,-34.056416,-35.572845,-42.097786,-41.689487,-47.273483,-44.306305,-46.395687,-49.790974,-47.77935,-49.86687,-53.751087,-55.216476,-55.88621,-54.1074,-54.88606,-57.753014,-55.914227,-56.387096,-58.35267,-62.24472,-63.469147,-66.8988,-67.370995,-68.77954,-69.429565,-70.01525
1216,True,-24.146244,-24.479273,-29.020796,-32.45815,-33.03719,-33.86828,-35.788208,-37.340332,-40.59308,-41.52706,-46.960403,-46.397976,-47.634933,-49.99462,-50.024563,-50.601963,-51.035427,-51.60587,-55.975945,-58.904686,-57.25231,-57.40282,-56.204487,-57.72932,-57.96454,-59.279457,-62.359146,-64.54799,-68.6389,-67.488495,-70.09956,-69.506424
1248,True,-26.900719,-23.50688,-28.092926,-33.72068,-38.289265,-36.676487,-40.220676,-40.595707,-42.428696,-44.768333,-49.602108,-45.996704,-44.481297,-51.750904,-48.353477,-48.627125,-49.697647,-53.444324,-56.34441,-55.48292,-56.431152,-57.911324,-56.22496,-56.75711,-58.508705,-60.939484,-63.18583,-66.28794,-66.15499,-68.32818,-69.42895,-68.77146
1280,True,-22.635357,-24.940624,-31.846998,-35.666958,-32.615513,-34.909252,-37.784836,-39.662117,-43.848244,-41.843918,-44.37035,-47.52359,-45.36289,-49.321445,-52.14481,-50.05606,-49.207787,-52.601933,-53.540348,-55.459995,-55.967945,-56.6823,-56.349007,-55.225643,-56.25148,-59.323048,-63.269966,-65.66621,-68.34622,-68.76842,-69.75794,-70.470436
1312,True,-28.394833,-29.6917,-29.046783,-34.20948,-33.341515,-32.825535,-35.164257,-40.672245,-41.682106,-43.970932,-46.951805,-47.127007,-45.003616,-49.457825,-47.8413,-50.894737,-47.407295,-53.813835,-59.30553,-58.994884,-56.711754,-57.691082,-56.42284,-55.73627,-56.920315,-58.45795,-57.30961,-55.636524,-56.46526,-53.061584,-54.812885,-58.56848
1344,True,-27.26465,-27.778032,-28.091555,-32.223507,-37.72299,-36.696526,-35.497406,-38.53238,-42.93999,-43.47709,-43.649452,-46.980408,-45.905342,-48.897285,-47.12093,-51.203964,-51.434235,-53.344017,-52.675156,-56.203285,-58.419388,-58.195183,-56.924713,-57.653355,-57.489037,-60.64023,-59.733257,-60.910725,-60.949444,-59.299957,-59.94839,-62.994392
1376,True,-27.831894,-27.483923,-25.666546,-29.601414,-39.96617,-38.235123,-36.977165,-40.04725,-47.049866,-44.56385,-46.102722,-44.509262,-45.064625,-48.392548,-51.693436,-51.68066,-50.903454,-55.642868,-56.39584,-55.513847,-58.283516,-55.434475,-57.04104,-56.84575,-58.44524,-60.7852,-63.7727,-67.680046,-64.86705,-65.48259,-66.364136,-67.52838
1408,True,-24.008024,-30.034151,-28.128628,-31.849579,-36.7108,-34.40454,-35.67966,-40.70397,-43.968697,-44.90532,-49.306263,-47.09406,-45.34047,-52.214542,-51.184166,-50.958843,-50.50455,-51.862583,-55.285877,-58.83938,-59.133297,-56.851635,-57.65664,-59.289165,-57.98119,-60.469193,-63.161575,-65.33948,-67.440674,-67.83792,-67.77671,-68.32309
1440,True,-21.253983,-25.237562,-28.575977,-31.919765,-34.943817,-36.38127,-39.007984,-40.410732,-42.877506,-44.780403,-47.95075,-45.334404,-47.28828,-49.007942,-49.374817,-50.20357,-49.760445,-56.332325,-54.68595,-57.143322,-58.260582,-57.59559,-58.617836,-58.948853,-59.68336,-62.283394,-63.766747,-65.47506,-67.76575,-68.1145,-69.522675,-69.20825
1472,True,-26.447868,-24.852285,-30.166063,-35.9646,-35.597248,-34.5113,-37.3636,-39.986626,-42.639442,-43.386158,-45.971237,-44.32211,-46.93367,-47.80157,-47.62856,-51.976173,-50.303963,-53.469772,-56.147133,-57.422653,-56.235233,-55.851025,-56.98757,-59.664272,-60.003162,-63.128265,-63.88439,-65.11011,-67.52035,-69.39641,-69.18033,-68.47698
1504,True,-25.159874,-22.60748,-29.36782,-33.053967,-34.839424,-34.251774,-36.316788,-39.33952,-42.504047,-44.041878,-45.486824,-43.837753,-46.34794,-48.230038,-48.329613,-50.497375,-53.372997,-57.280624,-56.50083,-56.08433,-58.319363,-59.09555,-56.35769,-58.004128,-60.072727,-61.3332,-64.51953,-65.709206,-68.609505,-67.8009,-69.41431,-69.36287
1536,True,-20.47569,-26.120108,-29.988691,-30.485474,-33.046955,-34.946686,-36.02406,-39.16835,-41.582466,-39.9898,-46.98819,-45.11045,-45.817093,-47.481033,-47.27184,-51.507816,-51.829666,-55.532867,-58.157944,-57.217354,-58.82893,-60.028107,-57.201218,-58.542923,-59.836517,-60.196796,-63.83899,-66.3624,-68.0648,-68.12741,-67.96629,-69.92456
1568,True,-22.263397,-26.06988,-28.844051,-30.906586,-32.824337,-34.305515,-38.187862,-39.294075,-42.68146,-40.96521,-51.343292,-47.404137,-47.020535,-50.758583,-49.014748,-49.97137,-50.64366,-53.606842,-54.410664,-59.233974,-58.943478,-59.447884,-58.739258,-60.518078,-59.187096,-62.508278,-64.21028,-66.53345,-68.39515,-68.149734,-69.58907,-69.48826
1600,True,-22.117136,-25.170433,-25.625925,-31.532658,-39.67273,-37.656483,-37.82248,-38.956203,-47.565456,-47.38446,-49.84546,-46.506386,-45.762993,-50.319237,-49.449085,-49.17742,-49.101715,-52.694744,-54.995216,-58.98707,-58.702477,-59.11271,-59.2418,-58.10629,-59.70941,-61.732674,-64.68592,-66.58364,-68.54507,-68.58077,-69.57041,-68.76613
1632,True,-24.696556,-26.413527,-26.28251,-29.95653,-36.424034,-36.89824,-39.374256,-41.40801,-46.783504,-42.09778,-45.623062,-47.855377,-48.706738,-48.474342,-47.3246,-48.803894,-49.57365,-53.782726,-55.597248,-56.856323,-58.325554,-60.58064,-60.473446,-61.505936,-59.87388,-62.58842,-64.49196,-66.84535,-67.320145,-68.21643,-69.66634,-69.59884
1664,True,-26.134165,-28.667473,-25.901531,-30.80107,-35.142,-36.600838,-37.76339,-39.173702,-43.642456,-47.17179,-49.770294,-47.60392,-44.979233,-47.853275,-47.31617,-50.573177,-51.74822,-53.03246,-56.604782,-60.186012,-56.963806,-60.092167,-57.86938,-59.467854,-61.114468,-62.548275,-63.868633,-66.05984,-68.71824,-69.47448,-69.147766,-69.664825
1696,True,-23.74054,-26.845167,-31.551388,-33.206944,-33.281197,-34.089558,-35.7669,-38.033287,-42.758606,-45.477783,-47.182793,-48.594193,-46.509975,-50.25624,-49.4335,-48.941006,-49.70707,-56.104946,-55.995975,-60.074493,-57.55442,-58.031227,-58.159832,-59.11964,-59.16182,-63.177864,-65.95058,-67.01835,-67.329544,-69.61215,-69.83049,-70.64531
1728,True,-25.3008,-25.740364,-28.24302,-32.266285,-36.40529,-34.2386,-35.486088,-38.23967,-41.218063,-39.057976,-47.83905,-46.31569,-47.031483,-48.165718,-49.41891,-48.70457,-51.986088,-53.67714,-56.966953,-58.466167,-59.851894,-57.74225,-56.008057,-59.677006,-60.62957,-62.790047,-64.49157,-66.076706,-67.32761,-70.03558,-69.414505,-69.12006
1760,True,-22.349997,-22.888962,-28.245962,-35.397705,-33.66603,-33.189663,-37.67351,-41.0825,-44.887405,-46.491604,-45.58259,-48.755203,-47.541084,-49.996815,-47.771896,-49.02508,-51.261574,-53.1053,-54.713562,-58.27672,-60.096474,-58.929283,-58.238113,-59.399483,-60.373123,-60.721428,-63.46638,-64.51772,-67.11097,-69.31767,-69.632,-68.868385
1792,True,-25.785892,-26.715485,-27.320343,-31.00185,-33.980953,-34.893154,-39.16325,-39.76271,-40.67241,-42.83368,-47.11153,-45.50113,-46.84533,-47.76912,-49.720684,-52.571377,-52.232185,-55.73765,-54.81333,-56.149338,-59.4675,-57.421474,-57.87441,-58.06364,-59.431732,-62.514168,-64.16728,-66.6941,-69.007866,-70.11712,-69.32198,-69.3821
1824,True,-28.445194,-25.326385,-30.25441,-32.040115,-37.297623,-35.736916,-36.044815,-39.143997,-43.81355,-42.389145,-47.30301,-47.205833,-46.007748,-45.26899,-45.6542,-50.551353,-50.659443,-53.80091,-55.88984,-57.544212,-57.59459,-56.936134,-60.10565,-60.32525,-61.5489,-63.134197,-64.17905,-65.954735,-66.76273,-68.06228,-68.50948,-69.627815
1856,True,-22.752039,-25.78597,-23.126945,-28.137356,-34.54765,-32.1856,-34.069794,-31.608515,-34.976612,-38.90509,-40.109333,-37.823082,-39.02022,-41.843246,-36.380096,-34.315834,-30.931232,-35.561012,-45.40474,-46.528355,-47.82435,-46.130962,-45.497307,-46.78071,-47.416973,-44.353996,-42.630024,-36.67613,-33.112762,-35.686684,-36.490807,-36.38297
1888,True,-20.456116,-26.126616,-25.780909,-29.471096,-33.626427,-27.475239,-32.45247,-30.873098,-33.4053,-39.036037,-39.567215,-38.282574,-40.000534,-43.16459,-40.81472,-40.816017,-33.341187,-37.082447,-46.750378,-47.237534,-45.157528,-46.41977,-46.385017,-48.578815,-48.862427,-46.087612,-43.18801,-40.14234,-38.272022,-39.805847,-39.579216,-38.57451
1920,True,-23.987772,-24.562119,-26.909672,-32.40438,-35.511196,-37.489258,-35.22556,-36.770042,-41.609158,-42.508842,-46.733368,-43.825344,-47.12539,-49.35298,-49.911007,-46.564354,-48.012627,-49.760918,-51.45848,-53.327656,-53.622974,-53.388443,-56.701553,-57.473164,-55.551613,-55.47977,-54.733807,-53.223896,-48.991203,-48.892258,-51.332325,-50.681236
1952,True,-20.466896,-27.241028,-28.779009,-32.730145,-35.377495,-33.280407,-35.170788,-37.418644,-44.101902,-45.416916,-47.912086,-43.62809,-47.012352,-47.375587,-48.626358,-48.12316,-49.445137,-52.65225,-52.31418,-53.569218,-53.715157,-54.180904,-55.932636,-57.74568,-59.12437,-60.053513,-59.057617,-57.20009,-54.831223,-54.17697,-56.64044,-58.17055
1984,True,-26.463621,-23.703476,-24.459524,-30.868452,-36.61435,-36.518845,-36.619255,-39.084133,-41.644638,-43.11401,-49.879757,-44.792057,-45.422497,-46.058502,-46.45577,-49.133163,-48.378647,-50.419106,-54.11278,-54.94837,-54.892216,-57.04715,-58.257828,-59.74121,-59.12598,-60.204243,-58.483498,-59.21048,-57.471523,-58.79773,-62.147717,-61.402645
2016,True,-27.12536,-28.161802,-27.571499,-30.604351,-33.843952,-32.96617,-36.572697,-39.58137,-46.5054,-46.13983,-47.36424,-42.53063,-43.164856,-46.098457,-45.87666,-49.489246,-52.82718,-55.46358,-55.318535,-56.882214,-56.936485,-57.283722,-58.209625,-58.6722,-58.771286,-63.22182,-61.864853,-62.612553,-63.20156,-63.24003,-64.781906,-66.149796
2048,True,-25.307219,-24.659847,-28.38099,-32.643448,-35.359047,-36.427883,-40.49035,-41.100998,-47.472298,-46.01995,-47.094368,-44.44689,-47.4721,-50.630665,-47.45681,-47.50918,-51.487457,-55.81716,-54.150387,-57.324196,-56.59294,-58.08149,-58.679893,-59.80467,-58.93315,-61.47531,-63.489437,-64.26676,-64.41946,-66.37055,-67.86836,-69.06694
2080,True,-25.9063,-24.77293,-26.02124,-28.07077,-35.494892,-36.015537,-36.866745,-38.206158,-42.51388,-45.280285,-46.34115,-41.164864,-46.178146,-47.59537,-43.414528,-46.92616,-50.192944,-54.311867,-56.657898,-57.22551,-55.56282,-56.975178,-59.767654,-61.263054,-62.829994,-62.674004,-62.557457,-65.528435,-65.4738,-66.560875,-68.15793,-68.41985
2112,True,-25.806093,-22.932907,-24.982277,-29.432295,-35.42617,-38.382835,-36.52583,-37.30946,-42.793266,-41.190453,-45.926598,-45.352226,-48.250614,-47.95381,-46.078014,-48.803894,-49.16031,-52.787308,-55.438656,-55.9058,-58.55036,-57.950512,-58.951603,-59.997185,-60.387764,-63.16917,-63.855934,-66.57622,-67.58444,-68.95978,-69.55484,-69.16775
2144,True,-24.29305,-25.594109,-28.114635,-32.155304,-36.75563,-35.5577,-36.234283,-39.83127,-44.827095,-44.394577,-46.252197,-47.16476,-47.902786,-43.2759,-44.111694,-49.365788,-50.137207,-54.40866,-57.307106,-55.37106,-58.429752,-57.90467,-58.239292,-61.934982,-58.993835,-62.951683,-66.0488,-66.53047,-67.94439,-68.474335,-69.36441,-70.78488
2176,True,-26.025064,-23.742846,-28.887022,-31.55813,-35.42842,-35.75196,-36.430508,-38.9832,-42.919403,-44.392666,-46.657455,-47.357906,-46.070335,-42.710358,-43.883648,-50.226192,-52.61101,-53.6529,-54.21938,-58.653564,-58.037315,-58.05339,-58.22814,-60.767445,-61.015953,-63.498253,-65.57376,-66.982376,-68.42701,-69.16852,-69.16871,-68.434975
2208,True,-26.474295,-23.749655,-29.298819,-37.415997,-38.31165,-35.00407,-37.014137,-38.970364,-43.056343,-42.616608,-45.588676,-49.768745,-49.81037,-48.838577,-48.468773,-48.51671,-51.75278,-55.410027,-53.120193,-57.418972,-56.80635,-59.571552,-57.832497,-59.985817,-60.640507,-63.953735,-64.604034,-66.86494,-66.48604,-69.684364,-68.73076,-68.86108
2240,True,-28.662792,-31.016304,-30.048788,-33.579575,-32.170135,-32.330364,-33.41921,-36.03645,-43.20705,-44.504704,-45.706028,-48.558945,-47.166233,-48.599823,-51.851345,-49.46652,-48.2498,-53.97053,-54.77449,-56.779953,-59.51717,-58.849354,-58.68442,-59.398693,-62.656128,-63.320995,-65.76881,-66.47635,-67.94803,-70.21761,-69.575386,-70.24026
2272,True,-24.82237,-27.055094,-26.66812,-32.1451,-36.191914,-34.95932,-36.91733,-38.924793,-42.515495,-43.79004,-46.3097,-48.331818,-47.8188,-49.584984,-50.627937,-49.635242,-49.657455,-54.233276,-54.86717,-57.793472,-60.421104,-58.949318,-57.637413,-61.181606,-60.666313,-62.92354,-66.53662,-65.673416,-66.39283,-69.274284,-70.79677,-69.78578
2304,True,-27.442978,-25.057528,-27.354345,-34.09196,-33.014187,-34.44586,-38.615505,-42.95465,-46.05439,-46.233578,-48.924187,-48.392406,-45.404057,-48.08638,-51.367573,-49.967403,-50.422287,-52.832817,-54.508324,-58.392784,-58.09514,-55.647045,-59.14689,-60.676277,-61.510307,-62.556564,-65.47485,-66.64195,-66.78427,-69.70007,-69.8169,-69.24964
2336,True,-23.118608,-26.280224,-29.408972,-34.968075,-41.597984,-36.967422,-35.360977,-37.978813,-45.920063,-43.789223,-46.914597,-50.257195,-47.40461,-45.551636,-45.434895,-47.80378,-52.56645,-52.481922,-54.07146,-56.781273,-60.288292,-58.481236,-58.353405,-59.166138,-61.044014,-63.80977,-65.69243,-67.41395,-69.3584,-70.1273,-69.97831,-69.01468
2368,True,-25.268076,-27.954645,-26.87923,-31.279327,-37.084732,-36.273952,-34.657112,-37.26191,-44.850716,-44.740364,-48.18297,-47.04377,-46.127655,-48.679504,-50.54721,-51.80789,-53.28357,-57.987362,-54.94243,-57.917667,-59.212498,-59.59366,-59.709335,-61.03968,-60.67596,-63.179916,-64.87489,-68.08939,-67.531784,-69.12666,-68.96055,-70.709526
2400,True,-25.465,-27.48574,-26.69458,-30.224936,-34.780354,-38.465714,-37.47634,-36.919044,-41.73545,-44.28236,-45.479218,-46.166878,-45.837532,-45.597023,-49.17088,-47.462635,-50.730267,-54.23203,-57.631493,-57.603302,-59.268524,-59.964508,-57.894726,-59.27618,-60.17296,-58.616653,-57.641304,-57.77133,-55.322857,-54.275093,-56.15988,-56.91837
2432,True,-23.529064,-21.35344,-31.367102,-36.25161,-36.009377,-36.97293,-36.846584,-36.766064,-43.68957,-43.919006,-46.74505,-47.386112,-44.91639,-48.9765,-50.34569,-48.976746,-52.052727,-53.91623,-54.54406,-55.003075,-57.544407,-57.113644,-56.814354,-59.059124,-59.33975,-60.64048,-60.829388,-61.396275,-60.023506,-59.78529,-61.084007,-62.95448
2464,True,-23.371534,-24.881151,-27.728136,-32.08451,-33.605873,-32.703316,-35.73226,-39.099766,-45.160126,-44.748894,-50.108944,-45.355507,-45.882896,-49.712452,-48.660744,-50.87389,-50.789413,-53.302223,-53.96772,-56.728394,-58.667427,-57.304245,-58.094482,-60.587067,-61.96479,-61.537483,-63.564873,-65.34383,-65.70703,-68.744835,-67.44169,-68.03019
2496,True,-27.06318,-22.754591,-25.75756,-30.051413,-36.229454,-33.936275,-34.474003,-39.795006,-46.243282,-42.693405,-45.761776,-45.850792,-45.41065,-48.68279,-48.171677,-48.4422,-53.530106,-54.46791,-56.47003,-55.10965,-58.25453,-59.38561,-58.51973,-59.932343,-61.448017,-62.42106,-62.97497,-64.374466,-64.74526,-68.75616,-69.37142,-69.50266
2528,True,-27.929893,-29.583036,-28.17918,-33.228573,-33.47756,-35.487476,-36.74514,-36.962723,-43.606487,-42.91868,-44.774746,-46.24975,-45.281143,-50.796436,-50.405228,-47.728607,-51.444122,-54.616695,-55.673637,-56.478687,-56.7095,-58.54851,-59.535255,-60.624413,-60.933067,-61.94267,-65.645874,-67.88189,-66.95262,-68.4443,-70.460304,-70.533844
2560,True,-24.761234,-28.472721,-27.485306,-31.921003,-36.57911,-35.86667,-35.093887,-36.23893,-46.521484,-45.98681,-45.852207,-45.13005,-47.941795,-46.526302,-48.397182,-47.918617,-53.38141,-56.25377,-55.825733,-57.22586,-58.983616,-60.315758,-59.250603,-60.338516,-60.488396,-61.82747,-64.639275,-68.40053,-68.22875,-70.19381,-68.534386,-69.12623
2592,True,-23.977386,-27.414158,-25.939201,-31.16706,-32.97551,-33.997726,-36.70099,-39.05211,-43.9831,-43.313618,-48.05962,-45.157528,-45.384293,-50.029884,-48.412224,-49.26268,-50.94336,-54.251804,-56.72557,-58.17501,-55.925125,-57.79975,-60.120934,-60.354416,-59.864674,-62.455517,-65.979034,-67.98979,-66.86703,-69.281296,-69.86772,-70.14045
2624,True,-25.8377,-28.029844,-29.818775,-32.705746,-39.463894,-34.804832,-34.93774,-37.946255,-42.39767,-41.885628,-47.03541,-47.52939,-43.684334,-49.63827,-50.18463,-48.391518,-48.91199,-54.326775,-55.963196,-53.499413,-58.394894,-57.79913,-57.362663,-60.6203,-62.219116,-61.87801,-62.525894,-66.16307,-67.5046,-70.2361,-69.893295,-69.49965
2656,True,-27.412079,-28.050106,-30.791576,-34.37965,-37.425903,-36.249855,-40.175186,-41.478912,-47.257996,-45.622864,-47.32733,-44.541702,-46.22847,-46.22962,-46.62807,-50.027233,-52.702194,-55.053886,-53.467705,-57.38201,-57.210308,-58.5932,-57.191296,-57.45403,-60.63624,-65.50357,-64.82621,-65.768425,-68.03627,-69.27113,-69.51639,-69.14758
2688,True,-26.465267,-26.87726,-29.333023,-34.16477,-40.19161,-36.62484,-36.911007,-39.049423,-41.486774,-41.43648,-45.267746,-46.34518,-48.220196,-46.630245,-47.019688,-52.54323,-51.93172,-54.409767,-54.812717,-57.89318,-58.091793,-58.31257,-59.115227,-60.376507,-61.34294,-63.999596,-64.74319,-67.24436,-66.85983,-70.311264,-68.80672,-69.14202
2720,True,-26.326342,-25.56513,-27.431477,-32.76157,-36.14021,-34.366497,-35.17419,-36.81546,-44.704216,-46.83732,-50.561584,-45.46157,-45.338634,-46.19783,-47.812088,-51.686344,-50.709045,-52.684193,-56.562923,-56.631775,-56.33454,-56.83846,-58.148514,-60.928265,-60.065407,-62.615643,-65.55213,-65.34825,-68.041435,-69.11951,-69.265564,-69.01708
2752,True,-25.920258,-26.51636,-30.25642,-32.591614,-34.578365,-35.498367,-35.729115,-36.541046,-43.157387,-41.98418,-46.56502,-45.566696,-45.587467,-48.208523,-46.741043,-48.16845,-52.46707,-53.1139,-57.188667,-57.41281,-56.334957,-57.887157,-58.65145,-60.3892,-61.305027,-60.51541,-64.23599,-66.443344,-68.53311,-68.15407,-71.08979,-68.995224
2784,True,-26.97356,-29.22371,-27.39743,-30.759872,-32.16819,-32.609802,-37.266422,-38.48584,-44.735928,-45.273933,-47.472744,-46.9276,-47.2864,-46.24105,-45.844666,-49.453644,-50.455475,-56.18363,-57.084785,-59.379936,-59.04309,-57.76022,-59.36533,-60.715027,-60.15304,-61.46566,-63.75975,-67.26778,-67.00265,-69.38808,-69.74463,-70.6414
2816,True,-26.229572,-25.387108,-25.670574,-31.753582,-33.801277,-34.124268,-36.634098,-39.56015,-42.949593,-48.196674,-48.763657,-49.53665,-47.773193,-49.600647,-48.161514,-49.471992,-49.69458,-53.758526,-57.97428,-55.649612,-59.596733,-59.36561,-57.160645,-58.473305,-60.74629,-63.297836,-64.39189,-66.03647,-66.86167,-69.452354,-70.71563,-70.15266
2848,True,-25.443478,-27.049892,-30.19602,-34.328728,-35.813984,-37.6947,-35.62787,-39.514477,-43.189453,-46.071625,-48.15746,-46.92114,-51.437164,-48.256058,-47.48836,-51.089172,-51.436344,-54.37683,-57.44631,-58.028122,-55.545998,-57.98915,-60.557972,-60.29553,-63.91026,-65.28882,-65.604294,-66.77354,-68.85808,-69.80528,-70.786316,-69.72683
2880,True,-23.964622,-29.229574,-29.651854,-32.856518,-39.440063,-36.63753,-35.101788,-37.02447,-46.656643,-48.093025,-45.713898,-46.64483,-47.634705,-50.879036,-48.134857,-51.464554,-53.02793,-54.280457,-55.32017,-57.94611,-57.2498,-58.42888,-59.723095,-59.89631,-61.82322,-64.11516,-65.9026,-67.01185,-67.16072,-69.851944,-70.545235,-68.85786
2912,True,-22.208147,-25.458029,-30.905893,-36.734615,-37.469963,-35.82594,-36.61883,-39.058117,-45.3985,-46.098484,-49.512688,-49.36668,-47.311142,-47.555927,-46.85331,-50.13652,-52.59518,-55.12953,-56.619293,-58.32382,-56.901253,-56.016106,-56.487785,-59.112267,-62.814598,-63.55844,-65.86185,-67.19026,-67.67389,-70.162285,-69.13861,-68.843864
2944,True,-24.84947,-25.927069,-31.813662,-33.148655,-38.194164,-34.581432,-36.136074,-39.90642,-43.351868,-40.876583,-46.623726,-47.7956,-49.234886,-51.288525,-50.829716,-50.376114,-51.953396,-55.986053,-54.537766,-59.053772,-57.43982,-56.555347,-60.470566,-60.49903,-59.535336,-62.23803,-65.294174,-66.32127,-67.41616,-68.61127,-68.46398,-68.58306
2976,True,-25.183336,-24.758875,-26.076504,-31.34763,-34.527405,-36.751728,-38.94695,-40.412773,-42.300495,-43.137764,-50.95323,-50.80749,-46.294674,-49.86415,-48.242447,-49.163574,-50.443504,-55.467762,-53.797173,-57.215973,-58.356186,-57.826904,-58.746147,-58.63648,-60.79167,-61.85002,-64.20857,-65.01262,-67.1811,-69.016685,-69.89898,-68.6366
3008,True,-20.111134,-23.814606,-26.08519,-29.845158,-34.12444,-34.856865,-35.77171,-39.630947,-44.330883,-44.29,-45.670033,-51.447662,-47.38217,-48.179188,-48.629753,-50.830288,-51.458694,-56.826954,-55.81316,-57.614555,-57.73823,-59.3552,-58.581352,-59.417076,-61.095993,-61.42106,-64.40244,-66.91268,-67.32419,-69.77557,-69.957214,-69.72533
3040,True,-27.38974,-27.269934,-25.787317,-29.18143,-34.612995,-36.937576,-37.217907,-39.857445,-43.375603,-42.718903,-45.42912,-45.610474,-46.72501,-50.549362,-50.35631,-48.747345,-51.10182,-54.188416,-56.28788,-58.070053,-58.79161,-58.504444,-57.8761,-58.48125,-61.38051,-63.02055,-65.48645,-67.799736,-67.182556,-68.30226,-68.255394,-69.33795
3072,True,-27.843092,-26.991577,-27.428719,-31.861773,-34.731007,-36.904602,-37.046646,-37.792255,-45.42035,-46.125954,-49.848595,-47.14474,-46.27739,-50.26728,-48.719,-51.10531,-51.64241,-52.57124,-54.991234,-56.402107,-58.37722,-57.722492,-57.70764,-60.007004,-60.839443,-61.94925,-63.313858,-65.42264,-67.46758,-70.10704,-70.04842,-68.854744
3104,True,-26.62484,-24.63457,-34.658188,-36.716183,-36.95137,-37.330173,-40.716972,-41.98628,-40.706955,-36.38796,-46.146202,-46.846622,-47.01851,-49.529907,-50.995705,-50.53985,-50.010254,-54.725647,-56.388496,-57.408775,-57.775288,-58.28431,-62.30755,-60.98724,-60.33089,-62.96999,-64.678925,-67.07612,-65.385216,-68.40227,-70.04263,-69.86247
3136,True,-23.055094,-22.178371,-29.405293,-32.725098,-34.125813,-36.34404,-39.17119,-39.871613,-42.33996,-43.706688,-47.314644,-46.607555,-46.22927,-48.224564,-48.545006,-51.547718,-51.84452,-54.025265,-56.178974,-58.505016,-60.336376,-60.502594,-59.11499,-59.10513,-59.97429,-64.08072,-63.404594,-65.111916,-68.78036,-70.4892,-69.6574,-69.73962
3168,True,-23.3069,-28.208971,-29.202778,-30.32965,-38.081852,-37.133804,-36.713062,-39.541904,-44.82715,-45.270683,-47.94693,-45.549828,-45.286068,-44.941143,-47.452084,-48.87976,-51.187973,-50.642506,-57.123238,-58.386227,-62.243004,-58.783054,-58.67443,-60.570145,-61.12316,-61.88006,-64.705536,-66.107574,-66.74687,-68.61322,-70.057365,-69.49009
3200,True,-25.868748,-26.955288,-27.095243,-34.2701,-35.986507,-33.50509,-33.36812,-36.03136,-44.74652,-44.637627,-44.289444,-43.71039,-46.9088,-51.740498,-50.39135,-51.944565,-54.69403,-57.45742,-58.251366,-58.654907,-53.726917,-59.206078,-59.61921,-60.114388,-60.291897,-62.440483,-64.76985,-65.58656,-67.3877,-69.76596,-70.31218,-69.70805
3232,True,-20.610903,-24.596302,-26.528374,-33.54067,-35.414875,-35.08898,-34.59063,-39.992973,-44.513687,-40.613373,-45.451645,-44.58364,-46.34176,-46.370598,-44.905453,-49.003254,-49.339363,-54.243618,-54.467926,-54.976658,-56.270866,-55.952587,-57.817856,-57.649353,-59.633278,-62.679848,-61.952126,-63.901894,-65.39091,-67.629196,-70.80036,-70.00171
3264,True,-22.676031,-24.11092,-29.252151,-33.22968,-32.507027,-33.09119,-38.895115,-40.546944,-46.781918,-45.19813,-48.29441,-47.56523,-51.526035,-48.69687,-47.479496,-49.26579,-50.405293,-55.88562,-57.237465,-56.36097,-55.733574,-55.194817,-56.390995,-60.792633,-59.677464,-64.57393,-64.32881,-66.129425,-66.7519,-69.120926,-70.120575,-68.956856
3296,True,-28.200863,-30.513618,-30.316286,-33.91309,-35.83564,-36.79429,-40.573242,-41.210518,-44.172096,-44.287434,-47.28839,-47.557587,-45.7675,-45.881813,-47.893772,-49.29777,-52.03079,-54.267197,-55.09176,-57.544228,-56.159878,-56.87391,-58.714783,-59.347652,-60.979942,-62.855152,-64.90228,-66.18771,-67.310455,-68.85706,-68.49586,-68.96759
3328,True,-24.487415,-24.979206,-28.57089,-37.650066,-36.201687,-34.375015,-34.5672,-38.614944,-42.11323,-40.821377,-48.15067,-46.109447,-46.08922,-50.47766,-49.19786,-50.530556,-50.911995,-52.373425,-54.879585,-59.492752,-56.714943,-57.507324,-56.989407,-59.876648,-61.380955,-62.711792,-64.696365,-67.59268,-65.887985,-67.699745,-70.54359,-69.91269
3360,True,-20.979406,-25.375893,-32.012375,-33.70986,-35.23488,-36.049072,-33.81936,-36.54692,-44.085274,-47.91536,-44.921783,-44.643627,-43.807507,-49.310513,-51.16896,-50.49457,-50.710506,-54.60003,-54.2845,-58.202087,-58.374287,-57.729626,-57.23149,-58.950573,-60.707146,-64.235016,-65.43789,-67.16369,-66.78854,-68.31227,-69.30567,-69.03664
3392,True,-28.350859,-26.452507,-27.214214,-30.645073,-37.690495,-38.66995,-35.097374,-37.189034,-43.647438,-41.396027,-50.334297,-47.719505,-47.073822,-50.843613,-52.46173,-51.23243,-51.6344,-53.566395,-55.445488,-58.041054,-58.851524,-59.26582,-60.017467,-59.984894,-62.00195,-61.807423,-63.98752,-66.941505,-69.38897,-70.531425,-69.57889,-68.70069
3424,True,-21.962574,-23.227472,-30.752848,-32.89766,-36.163403,-37.135242,-37.15657,-40.477768,-45.171562,-41.714584,-49.553963,-46.71575,-45.775894,-49.698837,-49.550823,-48.162056,-51.638824,-55.46608,-55.62357,-57.286354,-57.653534,-57.373844,-56.097145,-58.62961,-62.70273,-63.282436,-65.27937,-66.639854,-67.60411,-68.28179,-70.0396,-68.94484
3456,True,-23.279999,-25.712738,-27.745573,-31.98677,-36.052895,-36.88738,-40.984413,-42.71891,-46.110157,-44.77713,-48.327946,-46.933487,-47.987923,-46.31641,-45.918278,-49.72809,-52.003372,-54.040394,-54.674248,-57.357784,-58.11453,-59.093918,-60.255196,-59.15432,-62.11534,-63.98378,-64.70498,-67.63924,-67.948364,-69.9267,-69.553444,-69.84941
3488,True,-24.094227,-27.704548,-27.448166,-30.31683,-36.990726,-36.299637,-37.378048,-41.83754,-44.355167,-46.155624,-50.754112,-48.858913,-47.514896,-47.938732,-48.340195,-49.75037,-51.90704,-56.9069,-55.866337,-55.53129,-57.125046,-58.093285,-56.51405,-58.388412,-61.508526,-63.059002,-64.84732,-65.88733,-68.54055,-69.67367,-67.668846,-69.646576
3520,True,-23.739431,-29.726292,-27.92583,-32.887684,-36.537884,-36.801582,-34.779964,-36.67738,-45.155327,-43.251225,-49.558975,-46.23964,-43.576157,-46.502213,-47.414383,-51.30982,-52.995003,-54.720573,-56.718422,-56.64947,-59.029926,-58.411335,-57.006577,-58.3362,-62.536983,-62.36841,-64.04707,-65.13621,-67.32713,-69.90355,-68.17989,-69.087975
3552,True,-24.421436,-22.489613,-27.98601,-33.70788,-33.319965,-33.092567,-33.5123,-35.579494,-43.18397,-45.072647,-48.42576,-50.97583,-49.22751,-47.87376,-47.965816,-49.320686,-49.6829,-52.7886,-53.828407,-57.15681,-58.48537,-57.55247,-59.64714,-58.684387,-58.843197,-62.305,-65.29351,-65.98868,-66.06497,-68.79846,-69.63673,-67.77605
3584,True,-25.825851,-25.248932,-30.174082,-33.7637,-36.548706,-36.932034,-37.47964,-38.204258,-42.779945,-41.008606,-43.661232,-49.151108,-47.90866,-45.76399,-48.02253,-49.405537,-48.562664,-52.867855,-56.6251,-57.940758,-59.362816,-58.53195,-58.442764,-60.79271,-61.20987,-63.077934,-65.77909,-68.519066,-66.555565,-68.54451,-70.38015,-70.40283
3616,True,-26.102406,-28.256578,-27.299488,-29.57628,-35.493668,-35.425076,-38.01712,-41.83361,-43.37101,-43.27675,-45.198006,-45.72233,-46.35417,-47.320885,-46.837776,-50.31614,-48.08723,-54.128075,-55.715527,-55.8392,-56.087,-56.118187,-60.14733,-60.617756,-60.359325,-62.907967,-63.83438,-65.78577,-65.666695,-69.57174,-69.28478,-67.50248
3648,True,-27.725718,-28.933369,-27.983505,-30.217592,-37.35557,-38.42261,-36.00771,-38.292057,-46.821075,-49.101532,-49.094765,-46.08863,-46.191498,-48.124977,-48.19699,-52.74689,-52.32712,-53.1165,-54.960777,-55.397667,-56.974243,-58.04856,-58.652588,-59.337635,-61.38083,-62.61418,-65.86115,-65.83179,-66.419205,-69.81739,-69.742256,-67.98974
3680,True,-28.38318,-23.803997,-28.184221,-33.89374,-36.956657,-36.788155,-34.296394,-36.960777,-44.90937,-46.034195,-47.716427,-48.408264,-46.407986,-49.639214,-49.039413,-49.36085,-50.138973,-51.648144,-54.996906,-55.8029,-56.69288,-57.316185,-59.66747,-59.872204,-61.17233,-62.5137,-65.3809,-65.49077,-65.74394,-70.49193,-68.491745,-68.67106
3712,True,-27.307789,-27.014387,-27.464577,-31.924416,-36.075863,-34.281517,-37.050755,-41.82138,-41.970654,-45.428925,-47.316322,-46.152405,-42.84805,-45.583794,-45.579475,-48.51478,-50.411896,-56.371178,-57.41664,-58.205902,-58.18297,-58.538704,-58.031097,-59.61772,-61.850754,-62.932037,-64.39266,-66.35568,-68.316345,-68.95813,-70.08046,-68.73479
3744,True,-25.394802,-25.783005,-28.889294,-32.398,-35.693306,-33.85939,-37.28408,-40.924763,-42.76599,-42.613087,-44.75967,-44.848713,-43.92887,-50.308777,-49.851288,-48.144417,-49.96415,-54.497623,-54.160873,-57.495884,-58.720325,-58.573685,-60.01274,-59.25788,-60.9557,-63.14535,-65.070435,-68.171585,-67.237045,-69.19692,-70.719124,-69.21457
3776,True,-22.725534,-27.727112,-30.606071,-33.28535,-36.20269,-34.578384,-37.437756,-38.706707,-42.856327,-42.36496,-46.762497,-45.47472,-48.486145,-47.739864,-46.346436,-49.996254,-48.03987,-52.511368,-56.278725,-57.12748,-59.4339,-60.31067,-60.07921,-60.286613,-60.348873,-61.98137,-64.22717,-65.79131,-66.42633,-68.35727,-68.60671,-67.771484
3808,True,-21.140053,-29.222885,-30.831493,-31.903992,-34.17228,-35.620903,-37.026352,-39.48366,-42.4413,-43.11788,-46.369972,-44.46737,-44.33367,-47.35535,-47.67754,-48.285603,-49.959263,-54.837997,-55.389133,-57.884262,-57.9282,-58.276615,-58.164124,-60.33078,-59.953327,-63.034435,-64.48332,-66.156624,-65.88154,-65.977974,-67.89953,-68.849525
3840,True,-19.947924,-25.662468,-30.22626,-34.074024,-33.47593,-35.652424,-35.45772,-38.422733,-44.89041,-41.97039,-48.88005,-45.42427,-45.9934,-49.874462,-49.646645,-48.53497,-52.3743,-52.881927,-58.47035,-56.50907,-59.023434,-59.591454,-58.033566,-58.795517,-60.139282,-63.901524,-64.6409,-66.924484,-66.73136,-69.30552,-70.427475,-69.82201
3872,True,-26.077862,-24.162487,-26.491413,-32.786163,-37.925266,-36.250538,-34.302525,-35.461678,-44.570942,-42.117188,-46.40339,-44.4974,-47.246475,-50.49798,-49.90573,-50.254574,-50.899796,-55.743137,-58.292564,-57.96951,-59.032333,-55.536865,-56.628807,-59.59251,-61.656166,-62.19407,-64.1458,-65.87443,-67.3516,-70.04503,-69.85451,-70.09829
3904,True,-24.28399,-25.80875,-31.725815,-37.071457,-36.35478,-35.730812,-36.796158,-38.04387,-41.165447,-44.85875,-49.396095,-48.20661,-47.950703,-47.65167,-49.000584,-49.789146,-52.035683,-54.544216,-55.80317,-56.288147,-58.817142,-58.096615,-57.351036,-57.72993,-61.603394,-63.250008,-65.14441,-63.885326,-65.80763,-68.48963,-69.87475,-69.67826
3936,True,-26.287596,-26.00185,-27.703278,-30.986307,-39.763393,-32.99789,-34.341034,-40.29773,-42.816082,-44.053406,-46.561058,-47.020065,-43.112644,-44.8473,-48.245895,-49.529194,-49.419464,-52.49224,-55.986107,-56.068466,-58.131973,-57.143536,-56.187366,-57.981762,-60.688595,-63.63366,-64.91542,-65.675606,-66.65205,-70.148544,-70.33908,-68.86384
3968,True,-21.792007,-28.76377,-29.063814,-33.129078,-35.779816,-33.258167,-37.49023,-43.945107,-40.3648,-43.46384,-50.567894,-44.728615,-46.66794,-46.157806,-46.716496,-49.35545,-49.229275,-53.325386,-55.78025,-55.32338,-57.963623,-59.855927,-57.75265,-58.559303,-59.852028,-62.140213,-64.08011,-66.65726,-68.27211,-70.33787,-69.94267,-70.710205
4000,True,-25.54607,-26.385183,-27.384336,-32.528263,-36.97917,-37.03251,-34.453102,-35.51548,-44.970226,-47.954002,-51.8572,-47.49615,-46.63771,-45.478218,-45.838394,-51.14424,-53.61881,-54.68962,-56.23349,-57.891113,-58.063313,-57.64416,-57.516502,-60.522102,-60.38464,-64.6415,-63.554237,-64.19757,-67.83299,-69.481415,-69.28436,-69.37242
4032,True,-27.18612,-26.075668,-26.72352,-37.007423,-33.524376,-34.491116,-36.289845,-38.88495,-45.70527,-47.315773,-48.611122,-47.273518,-44.58332,-47.9994,-48.22303,-48.334614,-51.978607,-56.387985,-55.700077,-59.79676,-59.458164,-59.790108,-58.1377,-58.75972,-61.057022,-64.194954,-64.733574,-65.146996,-66.530106,-68.21144,-67.7097,-67.9504
4064,True,-24.75734,-29.078022,-28.700012,-33.589268,-37.88363,-34.517433,-34.746952,-37.424477,-43.91644,-42.004364,-46.735058,-46.564125,-44.537994,-50.57064,-51.520042,-49.345406,-50.307255,-53.5222,-55.138847,-59.104267,-61.535637,-59.260223,-60.001366,-60.505833,-58.976383,-61.967712,-65.03703,-66.78784,-67.11875,-68.56673,-69.68388,-68.25087
4096,True,-25.03352,-29.611494,-31.816751,-34.915234,-35.144543,-35.344807,-36.919872,-42.619553,-44.21142,-45.65428,-48.56564,-49.121773,-45.997017,-51.008297,-48.6199,-49.929276,-50.844864,-52.689663,-55.22173,-56.91065,-60.342823,-59.48268,-56.49257,-59.429054,-58.329376,-61.95973,-66.45819,-67.65945,-67.65096,-68.82825,-69.128586,-68.27458
4128,True,-25.2771,-22.344858,-25.719685,-30.17045,-37.72219,-37.29856,-36.891792,-38.124283,-45.14007,-43.9411,-49.10828,-46.29185,-46.511837,-48.62422,-48.56663,-50.319794,-51.961956,-55.581192,-56.45382,-60.121193,-57.03801,-57.188805,-56.906315,-59.16516,-60.45214,-61.430603,-64.21897,-66.92115,-67.31571,-69.03815,-68.27423,-69.09461
4160,True,-25.9173,-27.979084,-30.196255,-35.125557,-37.53904,-38.190292,-35.894363,-36.09818,-44.65527,-45.455788,-49.37769,-44.717144,-44.884674,-46.42726,-46.215137,-50.53128,-51.14607,-54.299194,-54.95849,-58.419567,-55.947205,-56.163525,-57.636353,-59.50852,-61.374107,-61.621597,-63.505157,-64.37759,-65.69357,-69.070496,-67.285355,-67.32798
4192,True,-24.740917,-26.869032,-29.676382,-34.47457,-37.158028,-39.179985,-33.97606,-36.415386,-41.822437,-40.833458,-45.941387,-47.612656,-45.676174,-46.646923,-48.275608,-50.51667,-51.616295,-53.958035,-54.32394,-54.60444,-55.815426,-56.39702,-54.59471,-56.617004,-58.99877,-59.335007,-63.317715,-60.074135,-59.730446,-65.41406,-66.12685,-65.64079
4224,True,-25.993406,-27.886768,-29.68585,-33.521645,-32.5436,-35.709423,-36.640057,-38.324055,-43.25923,-43.942467,-47.11166,-46.445633,-44.74408,-46.755318,-46.681625,-47.937435,-50.704086,-51.021164,-51.595745,-52.297325,-54.195618,-54.935753,-52.526722,-56.276775,-55.824276,-58.70646,-60.21985,-60.958714,-62.458996,-66.118576,-65.940216,-65.425705
4256,True,-25.333616,-26.251778,-31.572058,-32.91239,-34.10243,-34.14357,-37.112762,-39.89556,-41.82098,-43.651787,-46.057724,-46.30548,-43.39177,-47.473648,-49.56108,-49.074825,-50.529198,-54.28234,-53.615288,-53.27128,-54.333897,-54.783134,-55.093117,-55.189423,-58.38031,-58.947884,-61.054016,-61.389446,-62.27665,-66.27539,-66.59371,-68.10076
4288,True,-23.228016,-23.611029,-32.762337,-34.721573,-34.35167,-34.254295,-35.616215,-38.36226,-44.79776,-45.40889,-49.02955,-47.938835,-46.430706,-46.128403,-47.86631,-48.843426,-49.905518,-51.34367,-54.86012,-53.163826,-55.645176,-54.99943,-55.94679,-57.17773,-56.881462,-58.626194,-61.344566,-62.72563,-64.52734,-67.09214,-67.31447,-67.41601
4320,True,-26.643715,-26.944792,-25.215046,-29.264992,-38.808018,-36.69748,-35.439323,-37.713436,-42.996918,-45.63709,-47.49544,-44.50823,-47.413486,-48.082497,-45.84045,-49.161457,-52.19847,-53.03297,-54.861237,-56.059143,-57.19276,-55.81231,-55.71611,-56.965412,-56.10192,-60.896225,-62.69187,-62.94133,-65.072845,-67.27262,-68.77484,-68.06456
4352,True,-21.859324,-30.292515,-27.509441,-31.023237,-35.29609,-34.263374,-36.584026,-39.579052,-41.56562,-41.841846,-47.071095,-46.252346,-45.036243,-48.03752,-50.470234,-50.794033,-52.38031,-53.563633,-53.78752,-55.32184,-55.502743,-54.724407,-56.004124,-57.9862,-59.046684,-61.43483,-62.444458,-63.177994,-65.00013,-68.02693,-68.80559,-68.93855
4384,True,-24.668571,-21.438805,-26.227789,-31.173965,-33.883495,-33.291405,-34.07592,-37.37284,-44.68205,-44.470406,-47.444695,-45.382195,-44.605568,-48.111763,-47.799248,-47.689835,-47.904377,-53.55747,-53.80762,-55.78399,-57.158585,-55.357475,-57.512474,-56.980247,-58.56003,-62.701164,-63.7801,-64.93336,-67.061455,-69.23462,-69.15376,-68.027306
4416,True,-24.645021,-27.283848,-28.120783,-32.84629,-38.19085,-37.50528,-36.253323,-39.868134,-43.92616,-47.122578,-48.98822,-44.18474,-47.249672,-48.995895,-49.30828,-49.77156,-48.865032,-52.61872,-54.86335,-56.603336,-57.81041,-57.36706,-59.030666,-59.25484,-61.05912,-63.20475,-65.78632,-63.84251,-66.74463,-70.42132,-69.8312,-69.812836
4448,True,-22.283455,-26.682665,-30.40105,-36.102867,-34.982777,-35.746872,-37.174488,-39.301933,-41.139534,-45.502693,-47.039074,-45.703545,-46.82043,-49.088535,-48.217102,-49.317154,-48.004623,-54.411148,-55.678078,-56.35231,-57.728386,-57.493164,-57.556606,-58.389458,-58.981003,-62.724094,-63.29952,-65.00682,-66.17377,-70.27081,-69.903946,-68.6088
4480,True,-23.710968,-26.346336,-28.812582,-31.907589,-35.39225,-35.572132,-34.287487,-37.893055,-48.2176,-45.43699,-47.864937,-45.981453,-45.702065,-47.722008,-47.60588,-49.869175,-51.234592,-54.207367,-57.984604,-57.562874,-58.709846,-58.57271,-60.0135,-61.11164,-61.07387,-62.58203,-62.9662,-66.563866,-68.32368,-69.49614,-70.67315,-69.97187
4512,True,-28.525227,-26.725689,-32.163605,-35.22313,-35.088837,-35.608467,-34.39403,-36.903435,-44.012672,-41.154884,-48.056442,-45.096344,-44.417892,-45.93754,-47.662243,-48.720474,-53.615936,-57.140026,-55.483162,-58.244827,-58.335567,-58.902466,-59.572906,-60.978836,-61.612267,-62.624847,-63.8823,-67.32464,-67.41125,-69.10749,-70.222565,-70.72695
4544,True,-22.096016,-22.901724,-28.923864,-33.2799,-36.98957,-37.237514,-37.619698,-39.65245,-43.29241,-40.584175,-46.414814,-44.92844,-44.189056,-47.696873,-49.12742,-51.010815,-51.59267,-53.61631,-53.652607,-56.958595,-56.878582,-56.888916,-58.716465,-59.44873,-60.81151,-62.90466,-64.003914,-65.87865,-66.977104,-69.942406,-68.93232,-69.25021
4576,True,-22.7672,-26.603779,-28.407537,-32.248894,-34.868443,-33.46682,-39.268257,-42.12866,-42.91023,-42.324265,-48.16265,-46.755318,-47.683716,-48.94528,-49.4734,-52.2799,-49.781384,-53.760086,-55.37621,-57.41871,-58.304085,-58.593315,-61.191917,-62.28996,-61.267105,-62.019115,-65.152145,-67.18339,-68.03349,-70.90654,-69.939705,-69.84494
4608,True,-26.521759,-25.501377,-23.92902,-29.214405,-37.519386,-36.02364,-35.874313,-40.63813,-42.68475,-40.258682,-49.512257,-46.923325,-45.388866,-51.057266,-49.64383,-51.63075,-49.47308,-56.204205,-59.708042,-58.054077,-57.966976,-57.66468,-59.12033,-60.429417,-62.289986,-63.686886,-65.1748,-66.825294,-67.41607,-69.99715,-71.015656,-68.69665
4640,True,-23.800707,-24.46862,-26.831032,-31.246645,-36.522736,-34.31395,-32.690918,-37.260338,-42.189007,-44.345097,-49.22749,-48.304653,-45.757393,-46.49331,-45.852398,-49.59783,-53.281494,-55.80313,-56.572006,-56.623276,-58.78117,-58.07178,-59.45843,-61.88227,-62.096066,-63.134502,-65.18937,-66.11495,-65.997055,-68.904335,-67.22271,-67.117256
4672,True,-22.821487,-26.720882,-29.6138,-31.681976,-36.525734,-37.941383,-35.144653,-37.46425,-45.38277,-42.047825,-48.230442,-44.71539,-44.212173,-47.080513,-47.467598,-50.05112,-53.525894,-53.789085,-55.27363,-58.445984,-58.181683,-56.684776,-58.713036,-58.891586,-61.475212,-61.248894,-63.519615,-64.32424,-66.0666,-68.48539,-67.35678,-66.47061
4704,True,-29.282452,-31.218655,-32.507328,-35.53971,-34.136024,-35.018913,-35.676033,-36.88049,-45.073822,-42.44548,-46.113964,-46.389442,-44.86052,-47.126762,-49.349514,-49.77761,-51.47398,-52.72374,-57.013443,-56.560253,-56.55929,-58.413906,-59.09018,-61.616035,-61.86321,-61.89541,-64.244415,-64.49618,-66.8751,-68.50608,-68.80979,-68.01018
4736,True,-22.019768,-26.305487,-28.138779,-33.54858,-37.28132,-35.833157,-39.137566,-40.334946,-44.551197,-47.37993,-47.91403,-45.980705,-48.73678,-47.624012,-45.802097,-47.74391,-49.081783,-54.21648,-54.765076,-56.047493,-58.18028,-57.60099,-58.671265,-58.03011,-59.488453,-60.093075,-61.828354,-65.42471,-65.47273,-68.774765,-68.32282,-68.29615
4768,True,-26.2454,-26.405031,-29.007662,-34.709152,-36.098534,-35.463535,-38.469437,-41.5328,-45.889145,-43.515755,-46.918777,-48.41931,-49.62121,-52.461098,-48.796917,-48.312088,-50.083202,-54.90055,-54.367504,-57.83583,-56.008717,-57.3888,-59.407906,-60.528816,-58.489037,-60.512726,-65.57113,-67.87313,-68.27518,-69.82411,-70.03116,-70.48667
4800,True,-23.430183,-23.81807,-28.905516,-32.47297,-33.85932,-34.965046,-35.676113,-36.50718,-43.637142,-44.938904,-49.503677,-45.936085,-44.03128,-47.817505,-49.22257,-51.19014,-50.58808,-52.971416,-56.32621,-59.043602,-58.273426,-57.367516,-55.509415,-58.296196,-61.27185,-62.902485,-62.831593,-65.79694,-68.14086,-69.10609,-70.25728,-69.52074
4832,True,-25.865635,-30.763361,-26.72274,-29.54072,-32.56641,-32.883648,-30.371897,-34.290672,-40.524765,-40.349144,-45.560867,-41.968544,-39.53534,-39.020523,-40.22919,-44.140823,-46.495926,-45.869804,-48.415947,-49.249073,-49.75912,-53.481422,-53.107437,-54.096027,-56.846336,-55.88565,-59.866646,-59.932907,-62.077545,-64.29128,-65.31129,-67.37866
4864,True,-24.536606,-27.313938,-25.990124,-27.915438,-32.578514,-31.984604,-31.635761,-33.826622,-37.986023,-40.22284,-44.59767,-36.654278,-37.046986,-38.04352,-39.891464,-40.275818,-41.82671,-40.937748,-44.82229,-48.355946,-51.110985,-53.159946,-54.36103,-55.484615,-56.401157,-54.578224,-58.606903,-57.58,-59.760094,-64.05651,-65.47477,-65.68419
4896,True,-30.310251,-28.260223,-27.17657,-30.88509,-35.107807,-34.99634,-37.081825,-38.83045,-40.21345,-39.472794,-43.417953,-42.122364,-40.90033,-40.797585,-42.10159,-42.76098,-43.35839,-47.806686,-52.484383,-52.333946,-51.492744,-55.472786,-56.018566,-58.5471,-57.706337,-58.117706,-61.61145,-64.65517,-66.14539,-67.24696,-66.64039,-67.861755
4928,True,-22.743813,-26.227715,-28.967712,-33.882572,-35.2716,-38.151836,-39.62541,-41.408237,-40.460518,-45.010048,-45.306774,-43.1232,-42.16347,-41.83663,-42.01891,-44.998432,-48.222084,-50.03121,-51.559547,-52.705933,-53.120766,-59.115883,-59.895752,-60.392242,-60.783215,-62.814323,-63.956642,-64.40024,-64.96152,-67.55764,-67.778175,-68.66315
4960,True,-23.382685,-25.460503,-30.53786,-32.701992,-35.774963,-34.81342,-36.602715,-40.677216,-45.131374,-44.099052,-46.344677,-43.77501,-44.07409,-47.81948,-46.791718,-50.271187,-50.016098,-48.63182,-51.035492,-56.49118,-58.00621,-59.57834,-58.215347,-58.525463,-62.18449,-62.844223,-63.733353,-64.155876,-65.42619,-69.38203,-69.79077,-69.276245
4992,True,-24.594288,-29.123724,-28.263882,-32.01572,-34.226604,-35.010902,-38.63827,-39.199688,-43.965958,-44.89902,-48.7957,-47.579323,-47.278057,-45.744987,-46.75957,-46.565605,-50.547466,-52.167656,-50.40136,-57.6161,-56.323357,-57.09494,-58.800972,-60.531353,-59.461807,-60.970917,-61.39618,-63.564754,-66.747955,-66.39237,-66.55062,-66.16665
5024,True,-23.496704,-24.418528,-26.538044,-32.301888,-35.57915,-34.999878,-34.2537,-35.43657,-43.02449,-42.829952,-48.8014,-45.593567,-48.51189,-49.250797,-48.265633,-46.87086,-46.38153,-52.999004,-55.185715,-56.1496,-57.794525,-58.816563,-58.167233,-59.996815,-59.740505,-60.643612,-58.426926,-61.454544,-64.32937,-61.646057,-62.19004,-63.824497
5056,True,-23.864115,-26.740723,-25.743818,-31.081974,-34.63623,-34.002575,-35.70474,-38.071598,-46.073242,-45.396317,-47.563442,-45.44243,-45.38969,-45.84764,-45.00706,-47.704803,-50.04447,-50.543762,-55.07923,-58.145126,-59.049526,-59.61354,-57.42661,-58.165127,-59.463684,-61.374226,-58.752098,-64.70904,-64.30839,-60.27844,-63.236965,-63.485474
5088,True,-25.244251,-26.089575,-29.481098,-34.30154,-35.204994,-35.46781,-37.82692,-40.62027,-46.925144,-45.54998,-46.69557,-43.964886,-46.74831,-46.967278,-47.074425,-50.092922,-51.431587,-55.01682,-54.331493,-56.072483,-54.927574,-55.996445,-57.6789,-60.065796,-59.44523,-61.374317,-61.772697,-64.122116,-67.03624,-62.935455,-63.682907,-64.86456
5120,True,-24.71706,-28.7224,-31.312304,-35.735085,-36.8945,-36.867874,-37.956165,-39.812786,-45.89808,-49.24192,-47.162937,-48.2116,-48.083477,-51.430553,-47.96475,-50.722847,-51.936394,-51.842327,-55.953423,-55.451706,-57.557785,-56.627575,-58.971733,-58.314022,-57.952785,-59.5475,-60.931084,-64.04172,-66.71639,-65.68399,-66.01968,-68.06505
5152,True,-26.900368,-27.87935,-36.151894,-35.565903,-38.165577,-36.595448,-36.272057,-38.532246,-45.69004,-44.253674,-47.655926,-47.48072,-48.22838,-50.316376,-50.064384,-50.188835,-52.812515,-53.38451,-55.31333,-57.716106,-57.79265,-56.837173,-60.08074,-60.79954,-61.823624,-59.35812,-63.002808,-63.49604,-67.13624,-67.63269,-68.51985,-66.507576
5184,True,-25.780655,-28.436562,-32.529755,-35.06429,-38.031403,-35.739315,-35.26457,-39.0916,-43.720634,-44.29338,-45.119892,-48.404137,-44.859726,-49.691437,-48.71771,-49.539948,-51.01872,-53.614925,-56.69859,-59.603462,-60.1713,-59.572067,-59.46937,-61.812366,-63.142708,-60.257687,-63.235077,-65.81846,-66.81845,-68.12407,-68.27527,-69.28363
5216,True,-19.897158,-22.608444,-27.966654,-33.937954,-38.49744,-34.692413,-34.17462,-37.441284,-48.6693,-49.94251,-47.98128,-46.067627,-45.641117,-51.51598,-50.412216,-49.394768,-48.704258,-55.085102,-55.9668,-56.61497,-57.39836,-55.170204,-57.613224,-59.91314,-61.221123,-61.521244,-64.47957,-64.85884,-67.36985,-68.41599,-70.22498,-68.8811
5248,True,-23.926075,-24.961369,-26.210903,-32.54063,-37.350418,-35.229713,-39.291595,-42.247124,-47.518845,-40.98805,-43.522675,-49.031033,-46.608696,-48.579216,-47.83464,-49.289783,-51.07224,-56.179066,-54.797096,-57.549225,-59.819904,-57.355247,-59.84823,-61.494476,-59.20935,-61.779724,-63.79437,-66.246765,-68.13336,-70.50613,-70.4884,-69.92164
5280,True,-22.69751,-23.967686,-26.446892,-30.033789,-36.045868,-34.72263,-36.836502,-39.98686,-44.44078,-45.15773,-45.33314,-47.552483,-45.535755,-45.830414,-45.971977,-50.554802,-52.0994,-53.72573,-55.18841,-58.878826,-56.713753,-57.60045,-59.520676,-60.921097,-61.876305,-62.585354,-63.271255,-65.75108,-66.17352,-68.97355,-69.58236,-67.95411
5312,True,-25.64891,-26.675539,-29.686974,-32.46476,-33.868984,-36.222862,-36.60116,-39.33746,-42.442173,-43.63644,-56.237274,-48.36329,-45.01884,-47.57225,-46.978107,-49.74333,-51.608883,-52.10899,-52.92108,-57.60772,-58.761383,-57.65001,-59.504707,-62.24067,-61.97775,-63.22733,-64.29486,-65.76846,-66.7512,-69.21767,-69.06022,-70.053535
5344,True,-23.96181,-25.6692,-28.890503,-31.837236,-34.623383,-35.620914,-36.16718,-38.746113,-46.47495,-44.00358,-45.144722,-47.001442,-47.59977,-49.52808,-49.68575,-49.378677,-52.995018,-54.502266,-57.633915,-58.27803,-58.68888,-58.804802,-57.618256,-58.73678,-62.538,-62.954063,-63.55158,-65.27095,-66.81024,-68.95112,-69.84616,-69.31117
5376,True,-26.0688,-23.92509,-33.9251,-33.149826,-36.80304,-38.30264,-37.83586,-40.128914,-44.202923,-45.236565,-47.46647,-46.320877,-49.302998,-49.43687,-51.86554,-52.82269,-51.314014,-54.40794,-55.394615,-58.57325,-58.49868,-58.48137,-59.19018,-60.063644,-60.67044,-62.830868,-64.86708,-66.25139,-67.71133,-68.83636,-70.16718,-68.59447
5408,True,-26.847898,-26.766464,-32.020096,-35.577244,-37.74312,-34.602726,-37.366196,-37.80658,-43.73794,-41.855465,-46.985672,-49.409653,-47.627014,-47.278484,-47.223038,-50.35101,-49.775906,-52.943592,-54.809616,-59.09175,-58.55523,-58.64882,-58.013,-61.17315,-62.337883,-61.781803,-63.58492,-66.32434,-67.13456,-67.85694,-70.373924,-69.1159
5440,True,-21.070118,-28.349545,-28.33509,-34.86306,-39.61102,-35.377876,-35.18379,-40.23619,-45.02784,-42.536766,-47.470245,-46.28088,-46.63787,-46.820633,-45.49227,-51.149445,-55.05035,-55.998177,-56.544266,-57.19245,-55.313766,-59.50809,-59.58834,-61.190052,-60.940308,-63.22387,-64.058586,-66.315,-66.55136,-70.47172,-69.509544,-66.99106
5472,True,-24.981106,-25.753662,-26.118801,-30.427265,-33.94193,-33.633408,-33.808628,-37.56037,-44.398712,-42.077644,-47.825287,-46.289143,-48.35483,-46.44126,-48.008457,-51.8216,-54.05706,-54.60685,-56.227776,-55.91487,-58.150604,-58.024002,-57.502884,-58.93579,-61.89947,-63.055542,-65.02751,-66.85687,-67.86361,-68.97207,-68.854996,-69.26362
5504,True,-27.24558,-28.305494,-26.230707,-29.982222,-35.611576,-34.4283,-34.24813,-37.835194,-45.09037,-43.657803,-51.49578,-47.13394,-44.865147,-47.88982,-52.384483,-52.215137,-51.048447,-53.87382,-57.912415,-57.10026,-58.395332,-56.49967,-59.50028,-59.28171,-60.184856,-63.29289,-64.98601,-64.6406,-67.34995,-68.59201,-71.07175,-70.728424
5536,True,-23.263897,-30.289852,-27.369335,-30.377132,-31.168385,-32.417686,-34.340786,-38.699516,-46.405083,-45.257317,-44.605255,-47.757637,-43.743572,-52.164646,-51.731888,-48.882504,-51.96402,-53.819733,-56.229904,-57.08052,-59.655823,-57.492413,-57.94338,-59.71498,-60.71356,-63.233334,-64.554855,-66.59152,-66.51446,-68.57182,-70.70622,-69.816864
5568,True,-21.739798,-24.990868,-26.589035,-32.48295,-34.853405,-34.756695,-35.779224,-37.2868,-39.820263,-40.0547,-47.60859,-45.549965,-42.335907,-49.344086,-50.477783,-49.421425,-49.957787,-52.960014,-54.920845,-56.491756,-57.979515,-56.931843,-56.868553,-59.332817,-60.11763,-61.81736,-65.14079,-66.38933,-66.55046,-68.73796,-69.97169,-68.82192
5600,True,-21.989252,-28.922005,-27.5411,-31.129116,-32.105526,-33.736298,-39.56472,-40.802826,-43.077503,-44.754467,-45.419502,-45.18139,-49.087925,-44.794598,-45.55853,-50.856937,-52.29815,-52.11868,-54.575546,-54.414692,-57.37612,-58.687214,-58.727165,-61.14319,-60.508442,-62.789616,-66.55707,-67.65344,-66.69968,-67.5862,-69.21245,-69.06289
5632,True,-27.103245,-31.773418,-35.285686,-36.616646,-36.396187,-36.475876,-38.39856,-38.494358,-43.419155,-41.7683,-46.033142,-43.766296,-47.217182,-46.112022,-47.288155,-49.65644,-52.208237,-54.408203,-56.859814,-58.956154,-58.37892,-59.056553,-60.006638,-61.47901,-61.24319,-62.26143,-66.772446,-65.546486,-66.81887,-69.374435,-69.67445,-69.690414
5664,True,-22.097801,-27.866478,-28.017195,-32.43261,-37.989628,-39.522114,-39.326355,-42.331524,-42.04535,-39.43504,-43.926273,-46.032368,-49.985157,-51.129814,-50.41006,-51.854996,-50.945465,-56.06808,-56.137085,-57.173546,-56.215244,-58.298344,-58.591457,-60.117226,-59.960712,-60.216736,-63.87911,-66.67457,-68.264435,-70.66342,-70.47518,-69.504005
5696,True,-23.561628,-28.806581,-30.763166,-33.5569,-38.53604,-39.98108,-36.589787,-38.968815,-45.244186,-45.548534,-49.61255,-45.330986,-48.690582,-49.27982,-48.480488,-49.789005,-49.46304,-55.320007,-55.523483,-59.07428,-57.518654,-59.25018,-58.296425,-59.480103,-59.977306,-62.42051,-65.1304,-66.42483,-66.96545,-68.86899,-68.641594,-68.38883
5728,True,-26.148476,-29.923923,-26.883495,-31.334175,-36.92249,-37.332695,-40.60624,-41.331844,-42.59102,-44.015507,-46.540627,-44.479656,-47.757195,-46.70732,-44.293396,-49.580086,-51.17857,-54.67976,-56.11448,-56.87592,-57.05301,-55.830807,-58.09861,-61.37943,-61.321503,-62.81982,-64.716354,-68.50172,-67.79397,-69.82152,-69.86654,-68.90126
5760,True,-25.94046,-24.34809,-27.62353,-35.16084,-35.620068,-34.78963,-36.94263,-39.069115,-42.053368,-43.675365,-47.518486,-47.77862,-44.570038,-46.461185,-45.338215,-48.856155,-51.183975,-56.787773,-58.263565,-58.618416,-59.57717,-61.684464,-59.564404,-60.511047,-60.874985,-61.631783,-62.4666,-67.09791,-67.3685,-70.438576,-69.79095,-69.09833
5792,True,-25.056326,-27.497538,-30.097616,-32.979694,-34.882458,-34.79357,-35.715252,-38.15661,-44.506416,-45.15804,-50.377308,-44.11933,-47.45758,-47.747612,-48.186325,-53.25935,-54.403877,-54.70159,-57.241158,-58.417976,-58.334923,-57.5851,-60.976105,-60.936016,-60.91172,-65.12843,-65.362686,-66.18337,-66.96813,-68.00445,-70.92847,-69.50003
5824,True,-26.624733,-23.069904,-30.888317,-35.137054,-34.557804,-33.80392,-35.286133,-37.820293,-44.035416,-46.88143,-48.12227,-48.981228,-48.764683,-51.420273,-48.472603,-49.302414,-53.3346,-55.303,-56.768875,-57.63478,-57.28149,-57.6338,-58.227367,-58.61466,-63.50373,-63.740334,-63.9692,-66.808266,-69.52705,-70.54698,-71.5057,-69.95392
5856,True,-22.556538,-23.068794,-29.528591,-32.55058,-38.629456,-38.700386,-35.728306,-37.172405,-46.30306,-47.808567,-51.19693,-47.33828,-46.264782,-48.028378,-45.831814,-48.42426,-49.537186,-54.43949,-59.235264,-60.19228,-56.65264,-61.08421,-61.004646,-60.3166,-61.439392,-63.945507,-64.3793,-64.7524,-67.286125,-69.01273,-69.31447,-69.28913
5888,True,-22.595463,-29.339241,-32.634335,-30.591143,-38.124348,-39.57629,-39.32262,-40.540527,-42.147247,-45.478004,-51.08477,-47.391018,-46.968582,-46.52636,-47.370335,-49.438385,-47.240578,-50.749935,-54.574734,-59.53904,-59.180832,-59.89981,-60.817604,-59.854355,-60.601273,-62.665066,-64.38904,-65.29668,-66.78597,-68.752754,-69.38655,-68.56801
5920,True,-25.937326,-28.152393,-30.159931,-31.74825,-38.37566,-39.213097,-37.32528,-40.039288,-46.90935,-43.668842,-46.89033,-47.67136,-47.347984,-49.192085,-47.939068,-50.992676,-50.737896,-55.048504,-54.474964,-56.46026,-59.55587,-58.548523,-59.233574,-61.441566,-62.89635,-63.469616,-64.56395,-65.51034,-67.43071,-68.61214,-68.04059,-68.65313
5952,True,-23.9013,-21.410988,-26.833364,-32.25456,-35.98307,-36.17904,-35.465458,-38.39606,-44.41809,-44.355602,-48.97998,-44.5233,-45.043,-48.270622,-47.947296,-49.897453,-51.858124,-55.899986,-57.650772,-57.694813,-56.490387,-56.986076,-60.28691,-60.183434,-62.612175,-62.203712,-64.74388,-67.44234,-68.28122,-68.671104,-68.989044,-69.081696
5984,True,-28.396965,-32.361706,-31.718094,-33.49299,-34.841393,-34.591316,-33.413242,-35.746857,-40.653923,-42.92305,-50.134224,-49.161613,-49.70008,-50.943886,-50.925022,-50.654865,-54.510212,-55.34613,-56.18698,-58.440346,-59.304596,-58.039993,-57.91981,-58.90852,-60.0784,-63.02185,-66.380295,-66.67199,-66.52444,-69.88104,-69.863594,-69.25776
6016,True,-26.367706,-28.027584,-29.824661,-32.812946,-32.88317,-33.890804,-34.495407,-36.66183,-44.371536,-46.74996,-46.761547,-45.780434,-45.892185,-50.838585,-48.686203,-51.01557,-50.54345,-56.713486,-55.36386,-58.322533,-58.28671,-59.978012,-60.00288,-59.1448,-60.82689,-63.494606,-66.555626,-65.601524,-65.75786,-71.06907,-69.99425,-69.33644
6048,True,-22.970379,-24.754997,-28.43929,-31.575344,-34.532345,-34.918056,-38.230495,-42.027,-44.44694,-41.44306,-44.85634,-45.16427,-47.256718,-49.11441,-48.343002,-51.57737,-49.909893,-55.635487,-56.45488,-59.307007,-59.21059,-58.924973,-58.985878,-58.69986,-61.391968,-64.34224,-66.11736,-66.446106,-68.85303,-70.17008,-69.57489,-70.17709
6080,True,-26.760073,-27.781942,-33.71496,-39.801567,-35.77619,-36.669674,-39.34939,-40.228992,-44.922466,-42.440166,-51.84679,-45.23925,-45.46685,-46.728745,-47.001785,-50.79826,-51.14458,-53.07609,-55.279545,-56.555885,-58.873222,-57.654057,-57.334816,-57.612,-60.99462,-62.683487,-64.08706,-64.96835,-66.78413,-68.98349,-70.32094,-70.24983
6112,True,-24.103382,-27.533161,-30.421427,-34.276154,-36.48622,-35.494507,-35.003056,-37.7533,-42.67767,-39.813126,-43.892994,-48.750072,-49.796455,-50.633694,-48.695976,-50.62008,-51.493015,-55.691536,-57.450745,-57.213825,-56.706017,-57.496265,-58.766083,-59.526615,-61.386253,-63.323753,-65.3157,-66.756424,-67.51488,-69.13138,-70.756836,-69.54142
6144,True,-22.371885,-26.761007,-28.477272,-30.406713,-34.82537,-35.777756,-34.63251,-37.49985,-45.1891,-42.273468,-44.506763,-45.92764,-45.944572,-46.60496,-48.18212,-51.540085,-50.915443,-56.229786,-57.207455,-57.775684,-57.14463,-58.308876,-57.562744,-57.90308,-60.305702,-63.15686,-65.88087,-67.39785,-67.82956,-69.19446,-69.97993,-68.961494
6176,True,-26.378458,-30.954668,-29.497412,-32.300823,-36.515835,-37.054234,-37.28442,-38.898438,-47.744526,-46.92861,-49.396164,-46.071087,-49.123528,-50.382236,-45.425552,-49.057564,-51.819008,-55.1387,-56.96811,-59.298973,-59.908886,-60.786648,-59.51274,-62.529938,-62.627903,-64.06738,-63.209793,-66.530975,-67.90885,-69.24265,-68.97092,-69.51739
6208,True,-26.635605,-30.063072,-27.332504,-29.661448,-35.42177,-35.31356,-37.230183,-40.915607,-42.474754,-41.460228,-47.1567,-45.241158,-46.620983,-50.191566,-49.883522,-48.464207,-50.476654,-51.926746,-56.154247,-58.832344,-59.08016,-58.87894,-59.360485,-60.486965,-59.950417,-61.524757,-65.636856,-65.76898,-68.104256,-70.29239,-69.2231,-69.11856
6240,True,-24.277912,-25.97837,-28.263628,-32.371872,-33.892113,-35.26637,-39.65479,-40.598053,-42.62588,-40.78666,-48.227077,-43.626503,-45.32814,-48.55786,-47.736797,-51.19145,-51.49701,-51.91651,-56.048645,-57.092163,-58.672237,-59.993942,-62.465164,-61.25692,-60.546795,-61.943214,-62.395626,-66.40262,-67.09609,-69.43875,-71.66976,-71.13859
6272,True,-27.925701,-28.64004,-31.532082,-35.80563,-34.189766,-34.179943,-36.716846,-38.549534,-41.129665,-39.981445,-52.027344,-45.64933,-46.78581,-46.188587,-47.998196,-52.618866,-52.546555,-54.436794,-56.206745,-58.71353,-59.97325,-59.033005,-59.402565,-60.535492,-59.92277,-61.971554,-66.86871,-67.051544,-66.91112,-69.83501,-70.430336,-70.74639
6304,True,-23.0268,-26.828316,-31.923805,-37.553246,-34.812027,-35.253674,-35.241333,-37.869144,-45.869976,-42.12814,-44.64427,-48.136963,-48.22817,-49.445057,-47.318153,-48.609013,-51.3064,-53.0023,-56.337856,-57.639664,-58.27275,-58.00614,-58.78112,-60.335117,-59.475487,-61.939625,-63.5175,-66.60533,-67.8667,-69.95063,-69.55025,-70.26514
6336,True,-25.296429,-24.081749,-30.860382,-34.387066,-36.892456,-36.451126,-35.292408,-38.694496,-46.426964,-44.791725,-47.946964,-48.39205,-46.077225,-45.796432,-45.888405,-50.584694,-52.2035,-54.675594,-56.456894,-56.5659,-59.802155,-59.165363,-59.410328,-60.562843,-61.667763,-62.67106,-65.95683,-68.036255,-68.80528,-68.922226,-68.817894,-69.371056
6368,True,-27.986963,-29.620092,-30.03443,-31.275112,-38.991352,-35.19219,-36.322407,-38.418213,-46.321,-44.87866,-49.181725,-46.757122,-48.57166,-51.63818,-51.04094,-48.55286,-49.7609,-56.55474,-57.40704,-56.33717,-59.10537,-56.307606,-58.97429,-60.963722,-59.21432,-62.196827,-64.0528,-67.63875,-67.52435,-69.67119,-68.321236,-69.29661
6400,True,-26.36653,-23.84187,-28.426414,-33.986458,-40.103382,-38.51671,-39.22528,-38.91057,-44.075363,-48.289894,-46.28519,-43.70375,-46.22528,-50.60761,-48.85208,-48.168404,-53.26586,-55.754017,-56.75155,-59.288563,-62.05433,-57.387215,-58.851185,-61.38027,-59.419075,-62.28146,-63.468822,-66.02962,-66.23429,-69.19466,-70.200066,-70.52565
6432,True,-27.466198,-29.22894,-28.660013,-32.743202,-39.57176,-39.507103,-36.17259,-38.00411,-43.150482,-42.310806,-47.291473,-48.507595,-49.100704,-47.487778,-49.762604,-49.50085,-53.343056,-53.57513,-55.62057,-58.70756,-59.016415,-56.47892,-59.26785,-60.119682,-59.353645,-61.867825,-66.58579,-66.97768,-68.21683,-69.55207,-69.111824,-70.09404
6464,True,-23.900671,-23.494461,-28.25104,-34.63615,-38.938858,-37.355713,-36.765877,-36.29403,-43.446342,-43.879818,-46.443745,-46.559174,-46.699642,-50.606583,-52.54292,-49.152103,-50.909912,-52.045097,-55.103554,-57.117462,-58.10812,-58.669937,-58.98624,-59.995888,-60.07423,-62.183083,-65.79233,-66.81799,-67.06437,-68.91602,-69.294365,-68.4962
6496,True,-22.087563,-24.539614,-30.38039,-32.603287,-34.858948,-33.989407,-37.018616,-35.372147,-44.403656,-46.011116,-47.55239,-46.808353,-46.99546,-49.69984,-49.131924,-51.777496,-50.88287,-53.126736,-55.189796,-55.937996,-59.875126,-58.458004,-59.104683,-59.836697,-61.564148,-64.98864,-64.73022,-65.08719,-64.951904,-68.28788,-69.30668,-68.58951
6528,True,-24.10543,-23.419949,-28.424475,-33.81702,-35.366753,-35.6768,-37.43833,-43.0327,-48.20331,-49.01497,-50.734932,-46.223373,-46.80194,-48.849216,-51.24768,-48.215984,-49.942623,-54.861687,-56.90579,-58.744637,-57.73413,-58.021065,-59.50789,-61.78486,-59.76512,-62.271633,-65.0817,-66.29024,-66.29443,-66.33508,-67.15917,-68.025955
6560,True,-27.322027,-23.687803,-29.275827,-32.203754,-32.28178,-32.64401,-35.022755,-40.318142,-47.796997,-43.909523,-45.844276,-46.703766,-45.72267,-46.748337,-46.741608,-47.938084,-49.469303,-53.216705,-57.57171,-56.755314,-58.313297,-58.45894,-57.052864,-58.05526,-59.2129,-61.412777,-61.435745,-62.560165,-65.18767,-61.61205,-64.12156,-65.689186
6592,True,-23.83043,-26.837988,-29.976711,-34.171963,-35.42227,-34.404854,-36.27359,-41.850975,-44.078175,-45.025375,-47.981796,-49.478683,-47.465,-48.020645,-51.15711,-49.50245,-51.551205,-53.417362,-56.054886,-56.22276,-59.847313,-60.050926,-58.771217,-58.527954,-57.3724,-58.38585,-58.887177,-63.197193,-65.26204,-44.76956,-53.949055,-64.31403
6624,True,-27.613476,-25.706688,-28.048977,-31.264286,-36.119934,-36.527115,-34.36229,-37.382637,-43.11674,-45.793488,-46.933197,-47.58525,-47.497902,-49.75769,-48.56466,-48.734417,-50.20371,-55.09472,-55.957638,-57.94581,-59.07913,-61.043686,-56.939728,-56.61782,-57.519394,-60.3487,-60.778763,-63.136448,-65.27485,-42.414764,-50.731804,-64.559166
6656,True,-29.180708,-33.83891,-30.223711,-33.623035,-37.113804,-37.794548,-36.491837,-37.68023,-41.932,-43.677452,-51.157066,-44.79954,-44.596786,-45.743908,-45.75361,-47.100075,-48.566822,-54.53859,-56.02485,-56.83765,-56.427917,-54.52336,-56.687576,-59.032665,-58.02155,-58.145103,-58.097935,-62.35014,-66.02273,-40.41136,-48.39473,-63.51304
6688,True,-29.086151,-28.077642,-25.918024,-28.171846,-37.6158,-36.507523,-38.52534,-41.09648,-43.299656,-41.92591,-44.97097,-44.616222,-45.738907,-50.755836,-47.471424,-49.931293,-50.56096,-51.84619,-55.730072,-56.300117,-56.7703,-54.78443,-57.550816,-58.683228,-56.75344,-58.773766,-60.43656,-63.808804,-64.759834,-44.227787,-51.73471,-66.30185
6720,True,-25.026287,-27.17989,-29.32023,-36.078278,-35.39725,-35.276524,-37.035454,-39.555367,-41.80036,-43.797268,-47.391594,-44.326496,-46.052223,-46.474304,-46.24718,-49.361004,-49.55337,-52.41291,-53.862633,-55.55313,-57.03958,-56.697773,-56.60801,-58.022728,-57.556683,-58.42216,-62.53969,-63.256348,-65.24238,-39.453568,-47.002316,-66.18806
6752,True,-24.304771,-27.396305,-27.842136,-34.120403,-35.84016,-35.995907,-35.801388,-37.621098,-43.949303,-43.062748,-45.75306,-47.099762,-46.70096,-46.748695,-45.51197,-49.14746,-49.55235,-52.28032,-55.51433,-58.751827,-58.99628,-58.70153,-56.426357,-55.44718,-57.085,-60.66982,-61.889114,-63.44232,-65.52728,-43.59926,-51.01623,-67.528854
6784,True,-26.303131,-25.469387,-28.750954,-34.3339,-33.076996,-34.783928,-34.153168,-35.978333,-44.766563,-43.52777,-44.56058,-45.71892,-45.666348,-49.1754,-49.592773,-48.95603,-53.063663,-53.41213,-54.408115,-57.412933,-57.084675,-58.465706,-57.226944,-57.99641,-58.026375,-59.875645,-63.09351,-64.24136,-64.24671,-44.21345,-51.556248,-67.40364
6816,True,-28.790127,-27.435892,-28.24908,-31.831036,-36.329716,-36.404514,-34.261707,-36.62469,-42.51271,-42.385292,-44.765163,-47.422543,-46.629063,-51.333675,-47.989674,-48.541447,-49.31257,-51.508984,-54.809036,-56.739685,-56.535793,-56.413826,-57.23223,-55.656982,-56.927895,-57.594803,-61.63153,-64.28187,-66.60734,-53.065742,-59.529266,-67.20574
6848,True,-23.598007,-27.474993,-28.462679,-31.676838,-33.44608,-34.487865,-38.44231,-42.441593,-43.319283,-42.090195,-46.458435,-46.3118,-46.045574,-48.7145,-46.260265,-49.194218,-51.778816,-53.35601,-54.99353,-57.90474,-56.176506,-55.96382,-56.63198,-58.3955,-58.453575,-59.622047,-62.083267,-66.2447,-68.01491,-59.138226,-63.99524,-67.55271
6880,True,-25.630112,-29.64181,-27.313948,-29.514038,-33.98331,-36.69277,-37.98818,-37.877117,-40.215668,-41.236725,-48.30543,-47.29469,-49.784042,-45.300297,-46.870514,-51.74649,-53.64456,-56.919662,-57.336494,-55.903095,-57.454163,-57.6903,-56.470047,-55.90063,-58.30065,-59.0046,-60.445663,-66.08644,-66.85592,-61.445137,-65.52131,-68.02655
6912,True,-23.450619,-25.989962,-27.473223,-31.397339,-37.637093,-34.509483,-34.615253,-40.38336,-42.796955,-43.615814,-46.030052,-46.229248,-45.635506,-47.478127,-46.942497,-51.674877,-53.12863,-53.8065,-55.06951,-56.96302,-59.748913,-57.19596,-55.57388,-57.66994,-57.976463,-58.484043,-60.869335,-64.44118,-66.46682,-58.714645,-64.17634,-68.16154
6944,True,-24.23519,-26.757898,-28.419727,-32.498405,-36.791073,-36.950832,-34.85607,-37.245518,-42.784836,-42.69155,-45.72643,-49.316673,-48.568413,-51.20718,-49.23527,-51.025726,-53.993454,-55.829155,-56.0186,-56.158405,-60.043415,-57.025753,-55.39311,-56.810986,-57.19677,-59.068295,-60.92164,-64.02519,-65.29609,-64.60162,-67.89371,-69.33976
6976,True,-22.737543,-24.073599,-28.687931,-37.027687,-38.661713,-35.129494,-36.441433,-40.056564,-45.252956,-45.487434,-47.94436,-47.374004,-44.931484,-48.860207,-49.114685,-51.962082,-50.27417,-53.89542,-57.228275,-57.035187,-55.76122,-53.508644,-54.7267,-55.601624,-55.449898,-58.34972,-63.053135,-65.14298,-67.17668,-65.77527,-68.15175,-68.26352
7008,True,-27.732485,-24.418154,-32.622875,-36.211216,-37.38648,-34.833397,-38.822445,-40.691177,-43.113045,-41.95031,-46.587822,-46.63188,-45.742744,-52.307373,-51.15002,-50.919537,-48.536762,-52.456566,-57.619095,-56.39447,-55.40322,-55.54135,-55.03498,-55.029648,-57.179108,-59.05733,-62.32912,-63.80944,-64.726425,-66.916336,-68.15982,-68.29194
7040,True,-22.99255,-25.62495,-28.287592,-33.49371,-35.413113,-36.490932,-38.04009,-38.131195,-40.64343,-45.92208,-46.610416,-46.193527,-47.5952,-49.45833,-51.709286,-51.72467,-49.26479,-54.789528,-55.15003,-58.41467,-56.69891,-57.543663,-54.659164,-54.92749,-55.853546,-58.291588,-60.62976,-64.34241,-67.08406,-66.664215,-67.87759,-67.797066
7072,True,-22.407501,-24.31607,-26.979324,-30.686768,-34.206635,-33.31059,-36.01004,-39.0116,-43.30291,-42.706017,-50.725204,-47.807625,-44.4774,-46.737385,-45.352654,-49.238235,-50.953712,-52.1914,-54.94734,-58.938576,-58.482555,-56.174206,-57.739456,-57.778183,-58.610275,-58.326077,-62.35824,-64.53605,-66.092896,-68.55561,-69.12765,-69.61043
7104,True,-28.078623,-25.597582,-27.864187,-33.770805,-37.113243,-35.091606,-35.85984,-37.683502,-45.36385,-44.838898,-43.883415,-45.67835,-47.002235,-50.53846,-49.23338,-51.379173,-51.522186,-55.977417,-55.321507,-55.34948,-54.94238,-55.738785,-56.494347,-57.495193,-59.54958,-59.94333,-62.205967,-66.69325,-65.89674,-68.202675,-69.446335,-68.18175
7136,True,-25.419365,-25.461435,-25.945004,-30.926504,-41.23833,-36.093575,-35.69516,-38.259743,-48.211136,-46.68554,-44.3405,-46.63935,-46.721176,-49.13454,-48.553764,-49.273685,-48.733948,-56.882675,-55.891552,-57.10746,-58.554157,-54.6105,-57.167057,-59.52328,-58.30487,-61.65758,-62.253525,-65.52009,-67.881485,-67.22205,-66.72496,-68.036026
7168,True,-23.50806,-30.366837,-27.823822,-31.720943,-37.890766,-35.752075,-34.20403,-38.059753,-43.504036,-42.883324,-41.919983,-45.75434,-45.422867,-46.939106,-49.561954,-52.2499,-49.11072,-51.84507,-56.00874,-55.281063,-55.151638,-54.95233,-55.88882,-55.64979,-58.76638,-58.515682,-59.923103,-64.96674,-68.306,-68.69792,-68.99672,-67.305176
7200,True,-24.323542,-26.716991,-31.657864,-36.82236,-39.293427,-36.98219,-37.869713,-41.940895,-43.67123,-44.958668,-46.043125,-48.029503,-49.19592,-48.587475,-47.61942,-49.400513,-53.90616,-54.432518,-55.19779,-56.60665,-56.359116,-56.213387,-55.98259,-54.91226,-56.83827,-58.468624,-60.823017,-65.48305,-66.6142,-67.42861,-69.194435,-68.58596
7232,True,-23.709848,-28.065525,-33.988537,-36.70072,-33.558266,-35.23167,-36.104816,-38.339863,-44.17912,-43.749718,-47.15554,-47.30129,-48.8006,-46.863647,-45.73031,-50.41323,-57.294315,-53.664112,-54.919235,-59.02437,-58.35347,-57.03821,-54.865566,-55.789486,-59.148525,-57.72843,-59.843826,-64.12615,-66.32077,-66.58214,-67.6848,-68.82501
7264,True,-23.139675,-26.54879,-29.011526,-33.870167,-34.271694,-34.644093,-34.111084,-35.75319,-44.61824,-46.30573,-45.498524,-44.776173,-46.04129,-48.192223,-49.054268,-52.985996,-53.64273,-53.683647,-54.433704,-55.192696,-57.041706,-54.946095,-56.395103,-56.81607,-57.858597,-58.920517,-61.715256,-64.60356,-66.306625,-66.71401,-69.867134,-67.25291
7296,True,-23.133236,-24.02082,-28.076086,-31.859646,-35.12374,-36.042282,-37.452454,-38.30425,-44.753452,-43.348053,-45.88468,-45.405617,-46.519012,-49.500866,-49.186333,-52.566338,-52.265015,-53.592583,-53.75765,-56.80449,-56.080772,-55.441338,-55.502285,-57.061886,-59.970634,-61.35444,-63.17217,-63.131645,-66.03095,-67.83051,-68.01212,-68.611084
7328,True,-20.226553,-26.387041,-28.460894,-33.850838,-33.84187,-29.405178,-32.536068,-28.515095,-30.893864,-38.45577,-37.995167,-35.26753,-35.858692,-37.872322,-34.00677,-31.068516,-26.620216,-30.87528,-41.45618,-42.221127,-42.90847,-42.299458,-41.43783,-42.329628,-43.915733,-39.53899,-35.830963,-33.15574,-29.867321,-27.597132,-30.247395,-31.764675
7360,True,-23.00194,-26.680307,-29.077063,-30.144863,-34.691116,-29.914562,-37.564346,-34.245445,-35.94794,-41.069508,-44.41146,-40.16962,-41.457676,-47.509197,-44.776035,-43.708916,-38.881306,-42.766186,-49.437145,-50.54644,-49.89676,-48.501938,-51.44378,-55.206757,-54.315277,-49.400528,-48.140015,-46.447315,-43.985386,-44.810265,-46.451485,-45.6642
7392,True,-23.245571,-23.785925,-26.045115,-31.505325,-36.11561,-35.877144,-35.62243,-41.908913,-43.118805,-42.64225,-46.05461,-43.88098,-44.88825,-45.39793,-45.993416,-49.881798,-47.910126,-48.817726,-53.0212,-56.722446,-54.330673,-53.47561,-55.52208,-55.76797,-55.987324,-56.122593,-55.9205,-54.378475,-50.516678,-49.873367,-52.62476,-53.173386
7424,True,-24.718502,-26.587322,-25.996174,-29.8413,-35.633324,-36.918423,-34.562405,-36.401142,-43.8567,-43.563942,-44.496113,-45.825466,-45.59388,-48.61025,-47.725674,-48.711323,-49.015633,-51.715935,-54.479942,-56.95664,-54.989372,-56.16218,-56.05909,-56.385162,-60.093113,-57.942482,-60.496822,-57.750755,-55.668453,-55.640312,-58.454147,-59.461666
7456,True,-23.01146,-25.660213,-29.5031,-33.985172,-36.45522,-37.937134,-36.349907,-39.015507,-44.158714,-43.675365,-47.40248,-47.62072,-47.689625,-50.36178,-49.686295,-50.761147,-47.152172,-51.282673,-52.87625,-55.802265,-56.415886,-56.401867,-57.20007,-56.196487,-58.360336,-59.94533,-59.49106,-60.863167,-58.55705,-60.134277,-62.088413,-62.13503
7488,True,-24.88508,-29.613314,-29.008354,-33.651917,-36.716236,-35.689697,-40.374504,-42.48199,-42.381035,-40.462784,-45.02071,-45.23956,-47.6052,-48.302826,-48.30944,-48.929817,-49.130173,-54.483852,-58.152298,-60.26625,-57.857414,-57.93383,-57.032356,-56.474556,-59.26241,-62.521763,-62.137207,-63.691948,-63.487137,-63.579384,-65.14553,-64.62609
7520,True,-26.0238,-31.191433,-31.41808,-32.76982,-33.27857,-33.68624,-36.02082,-38.208626,-42.8466,-41.547882,-47.565655,-45.88154,-48.245716,-45.661453,-47.049698,-49.65966,-50.956078,-53.49968,-56.51136,-59.909203,-57.501854,-58.286392,-57.145687,-58.96179,-59.635086,-61.010063,-63.25731,-64.56245,-65.13641,-65.342224,-65.688614,-68.1419
7552,True,-21.6803,-29.543442,-27.078163,-30.601694,-35.168938,-36.984604,-36.764015,-38.814083,-42.804733,-41.870453,-48.418137,-46.032677,-45.82535,-47.710766,-46.509598,-50.92567,-54.10135,-56.623886,-55.335102,-57.524002,-58.22819,-58.115105,-57.266228,-59.632713,-60.073624,-61.912098,-64.68769,-66.65481,-68.272156,-67.76084,-68.73124,-68.97214
7584,True,-25.491272,-26.28565,-27.748156,-33.609436,-34.869152,-35.096584,-35.588734,-37.811356,-43.045563,-44.0556,-48.624195,-48.175705,-48.107754,-48.56868,-49.918373,-52.35161,-53.43605,-55.958298,-53.811604,-57.598953,-58.22708,-59.719063,-59.47638,-60.51338,-58.58336,-62.243546,-65.0321,-67.81981,-68.16397,-67.99597,-67.70685,-66.716736
7616,True,-24.03269,-26.868298,-30.53828,-35.53174,-34.195587,-35.324783,-34.530945,-38.477608,-43.997593,-42.776024,-42.94483,-45.158333,-44.649956,-47.66427,-46.620262,-49.86267,-49.44973,-56.388443,-55.418625,-58.185623,-56.65657,-56.9085,-56.8342,-56.75379,-59.400154,-61.098766,-63.64712,-68.64804,-67.35622,-67.98992,-69.08186,-69.133255
7648,True,-24.842754,-25.826454,-28.95548,-33.451523,-41.14894,-34.890026,-36.01449,-36.627964,-42.1344,-39.896313,-48.495895,-50.230667,-47.024197,-49.54083,-49.583275,-51.548313,-48.908768,-51.82604,-54.953613,-58.41141,-58.831573,-57.291367,-58.217606,-58.946404,-58.13423,-59.8117,-63.960438,-65.87051,-66.510056,-68.151695,-67.39409,-66.64076
7680,True,-24.88704,-25.63962,-32.929848,-35.1165,-35.954575,-35.46574,-36.509033,-39.365944,-42.91769,-38.81211,-46.80101,-47.17626,-46.9763,-49.551712,-50.087646,-48.762573,-51.179256,-54.758472,-56.48729,-56.919083,-57.455082,-58.122536,-59.3393,-61.510376,-60.73777,-61.187447,-62.536312,-66.52302,-68.47182,-65.73772,-67.697,-68.44178
7712,True,-25.409021,-26.22859,-32.04706,-33.36667,-35.71668,-37.252106,-36.47102,-38.533886,-41.70814,-40.659252,-48.159367,-49.441486,-48.278275,-50.1379,-50.57709,-53.32566,-52.76243,-51.671562,-54.35546,-55.87371,-59.963936,-59.36603,-58.27145,-60.352737,-58.380505,-61.54403,-66.217316,-66.539856,-69.0118,-67.79379,-68.65358,-68.30081
7744,True,-21.271505,-24.284214,-28.827042,-32.97724,-37.32293,-36.34656,-34.88859,-36.694786,-47.424397,-45.309006,-45.24874,-46.5431,-45.482502,-49.173035,-49.970737,-48.946922,-51.56122,-54.24076,-56.70259,-58.83815,-57.81324,-57.088264,-57.928867,-59.000137,-58.227764,-60.50817,-64.80903,-67.130104,-67.165535,-64.66753,-67.54887,-68.98504
7776,True,-26.252783,-24.868269,-28.4747,-32.327618,-35.654694,-35.602245,-35.88137,-38.69882,-44.30231,-45.118217,-46.23447,-42.621094,-44.75365,-48.331505,-50.549286,-50.382202,-52.554016,-54.335598,-55.440273,-56.385365,-56.25676,-57.37183,-57.62674,-58.93374,-62.011856,-62.642056,-63.38753,-66.12283,-66.899734,-61.57493,-65.97385,-68.6376
7808,True,-26.267761,-27.139217,-27.993479,-33.46721,-32.91182,-35.24165,-37.167484,-37.56151,-43.344173,-44.44803,-47.414894,-48.420948,-46.390892,-47.14231,-51.18657,-48.1671,-48.239002,-55.458923,-57.357754,-57.91124,-54.44716,-55.713852,-54.299957,-57.69014,-58.056343,-60.177937,-59.445465,-62.734917,-63.849953,-62.465954,-64.52315,-64.98598
7840,True,-27.62025,-26.170517,-27.76126,-30.814404,-36.48525,-35.735756,-36.639153,-40.059696,-48.007065,-47.760777,-46.42166,-46.156464,-45.631123,-45.954967,-47.80703,-48.76505,-50.52027,-56.233715,-57.759434,-58.375416,-55.47329,-56.171394,-57.223183,-59.13301,-58.247395,-60.118652,-60.115017,-62.791786,-65.71833,-65.31578,-65.447395,-65.83835
7872,True,-26.13425,-26.984123,-29.323872,-32.452435,-35.291397,-34.96433,-33.34353,-35.829163,-43.82597,-44.73411,-46.412003,-45.677624,-42.758827,-45.19308,-47.85315,-48.176254,-50.236073,-55.060314,-54.757355,-57.711914,-57.96969,-56.694054,-57.18532,-57.549248,-59.483257,-60.37766,-59.574203,-57.91491,-59.02124,-56.72649,-58.0857,-59.399204
7904,True,-24.92807,-27.564222,-33.71492,-35.0674,-36.09694,-38.133087,-37.29177,-37.832905,-44.16454,-45.210873,-51.225616,-44.588615,-47.00767,-47.353916,-48.95694,-45.72912,-50.5901,-54.2448,-54.61679,-55.66214,-55.535614,-58.210064,-56.783592,-56.218815,-59.38818,-60.58151,-56.9385,-54.193756,-56.8599,-55.19537,-55.522125,-59.454327
7936,True,-24.990091,-23.988834,-28.029682,-32.977592,-35.942226,-36.9233,-36.81769,-37.883785,-40.86241,-41.69017,-44.126785,-46.25122,-46.81977,-48.15352,-46.86594,-51.752438,-53.674503,-53.97745,-54.97332,-53.16739,-55.288322,-55.084633,-56.71803,-56.961994,-57.56918,-60.827946,-64.669334,-64.05592,-64.75429,-65.09819,-66.16676,-68.695015
7968,True,-21.937923,-27.287514,-27.647636,-32.209557,-36.896164,-36.658188,-37.544662,-38.353725,-43.740013,-42.728497,-48.632774,-47.89695,-49.419025,-49.06064,-50.604877,-47.79986,-49.875065,-53.57419,-52.07289,-57.06128,-60.5047,-59.181465,-57.906536,-59.82014,-59.396538,-61.975742,-61.040382,-62.857475,-65.3629,-67.242584,-70.11002,-70.00917
8000,True,-23.937742,-28.520847,-27.746357,-33.163715,-35.68564,-34.94741,-38.46441,-40.92743,-46.18502,-48.61851,-47.47104,-46.754585,-43.833885,-44.23666,-43.492027,-48.834057,-49.164867,-52.70703,-56.541195,-57.029327,-57.729424,-57.205868,-55.954544,-58.462036,-59.703407,-63.37934,-64.42253,-66.12851,-67.176674,-70.11563,-69.62024,-68.235306
8032,True,-23.717712,-26.476173,-27.265945,-31.671185,-36.235348,-35.82251,-33.22663,-34.928776,-42.89965,-46.807957,-48.36165,-46.263218,-46.029648,-45.231583,-45.04353,-51.015236,-49.58035,-54.522877,-55.360268,-54.578724,-56.156216,-57.408466,-57.6458,-59.745743,-59.57024,-63.194504,-63.277008,-66.34387,-67.04696,-69.29812,-70.35635,-68.88473
8064,True,-26.263733,-24.1617,-25.699055,-29.088106,-33.23063,-35.31949,-34.276394,-34.92047,-39.50755,-44.959103,-46.876144,-44.65506,-46.30034,-48.357384,-50.15946,-48.59798,-51.15323,-53.82481,-56.097664,-58.701485,-58.483982,-57.300663,-57.78382,-60.41951,-59.345314,-62.90975,-64.90495,-66.605606,-66.56732,-69.26969,-71.69349,-71.0415
8096,True,-27.560497,-23.884975,-29.000275,-31.977327,-34.374233,-33.930286,-37.98599,-38.355324,-39.94102,-42.753365,-46.468887,-46.35307,-46.35376,-48.00291,-49.639305,-50.092033,-51.40676,-54.348583,-57.39565,-56.847378,-57.81214,-58.575935,-59.18829,-60.25991,-61.930767,-63.845005,-65.46393,-65.399864,-66.803085,-69.48468,-69.69473,-68.65661
8128,True,-28.990051,-28.632734,-31.226957,-32.813526,-33.508278,-35.53804,-37.929565,-37.87641,-42.246876,-40.463264,-49.96209,-47.54082,-45.169357,-50.273956,-48.381775,-47.691452,-49.760017,-53.16946,-54.333286,-55.642853,-58.769806,-60.65592,-55.75954,-59.800346,-62.251923,-61.875374,-64.61364,-64.82253,-65.71784,-67.32538,-70.422165,-69.18141
8160,True,-29.318697,-30.276243,-32.370537,-38.51476,-37.13701,-34.55532,-36.36665,-42.521584,-41.90152,-43.590347,-47.07556,-44.849358,-42.663094,-48.23678,-48.47844,-50.024647,-52.2297,-55.714527,-59.353905,-58.82971,-59.35331,-58.73964,-58.582733,-59.527443,-60.726517,-62.83309,-64.20134,-65.0378,-68.13441,-70.57815,-69.01323,-69.013664
8192,True,-28.626356,-27.049074,-30.536987,-35.88453,-37.292538,-36.633266,-33.92025,-37.254177,-43.602623,-42.889248,-49.818016,-49.247147,-46.171616,-49.826714,-50.066547,-52.41262,-56.67399,-55.151695,-55.318813,-57.07384,-58.99061,-56.67847,-58.910862,-60.973694,-60.830902,-62.328545,-65.72374,-67.169975,-68.50983,-69.676674,-70.814705,-67.73633
8224,True,-28.591516,-27.965424,-29.144934,-32.438,-34.67093,-35.787304,-35.287113,-37.14086,-44.626293,-45.694855,-47.46473,-50.769405,-50.06548,-48.42254,-46.706387,-49.231133,-53.67199,-54.411697,-56.049355,-57.174416,-60.093456,-58.838074,-57.45517,-59.47242,-60.6263,-63.068867,-66.52926,-66.859375,-67.835464,-69.58317,-69.120834,-69.916084
8256,True,-29.201307,-25.046003,-30.753355,-34.977757,-36.631714,-35.16577,-38.4314,-40.936806,-43.774837,-41.6629,-46.09203,-49.026352,-48.265728,-50.2952,-47.17195,-49.324497,-50.36701,-55.082764,-57.208027,-58.888927,-58.56156,-59.0093,-58.22381,-58.450195,-60.15976,-63.21431,-64.17939,-65.67849,-67.032906,-69.004105,-70.51524,-68.35433
8288,True,-26.870373,-30.135098,-30.555431,-31.904106,-33.86325,-34.32033,-39.636837,-41.086025,-41.851997,-42.600254,-48.835865,-46.62865,-46.661987,-47.03737,-47.79532,-50.14467,-48.58499,-54.934364,-56.925472,-57.22091,-56.796078,-59.77704,-59.761738,-60.077976,-58.714638,-61.353836,-65.49676,-65.47675,-68.61831,-70.07226,-69.88098,-69.641365
8320,True,-25.125671,-24.324379,-29.874317,-32.48033,-36.05757,-35.416603,-38.58734,-42.779827,-42.158478,-43.638435,-45.34319,-48.866505,-46.61591,-48.447918,-46.303413,-49.221092,-50.462475,-54.260593,-57.0832,-57.44598,-57.478073,-58.69816,-58.40162,-60.429226,-59.348026,-60.604286,-65.4239,-67.59027,-68.12352,-69.18274,-70.21049,-69.5279
8352,True,-25.941563,-27.07281,-29.801575,-36.739277,-36.064674,-37.09065,-38.580486,-38.839123,-42.218628,-39.657864,-46.284546,-46.27573,-46.187523,-51.19021,-52.82929,-52.565865,-53.138676,-53.74384,-57.079185,-61.207733,-59.30857,-58.915867,-58.064915,-59.839584,-61.726784,-61.88448,-64.32923,-68.08934,-68.098785,-68.78419,-71.41555,-69.52897
8384,True,-25.699863,-26.467796,-32.67569,-33.580624,-38.238358,-37.249508,-36.470886,-38.277912,-44.90217,-46.209732,-49.209724,-49.17599,-46.73025,-49.42635,-48.647408,-52.375465,-52.153492,-56.048187,-57.281433,-57.599976,-57.37751,-57.88445,-57.8647,-59.32407,-59.928368,-62.381012,-63.35534,-65.45546,-68.968704,-69.748474,-70.60445,-68.174774
8416,True,-23.792633,-27.33534,-27.14996,-30.80951,-35.860325,-37.302036,-36.19344,-36.756714,-39.20399,-40.952827,-43.053684,-42.95725,-44.49064,-44.04949,-40.396313,-38.02816,-35.277336,-39.85918,-48.583115,-50.027107,-51.786884,-50.822624,-50.205425,-50.888195,-51.09363,-49.012207,-48.762585,-43.803352,-36.690308,-33.903717,-38.119015,-40.60091
8448,True,-24.8965,-25.400362,-29.81694,-32.11991,-32.88584,-26.924637,-32.32825,-30.647835,-33.023308,-36.96544,-39.44937,-37.62295,-39.20548,-39.71199,-38.760113,-36.232037,-30.00195,-34.12786,-43.56842,-44.6559,-42.116997,-44.522507,-45.34698,-45.36295,-46.706924,-41.330166,-38.69752,-37.41023,-32.6561,-31.477104,-34.3945,-36.054394
8480,True,-21.829288,-23.765976,-27.54407,-32.232178,-35.830772,-32.905952,-36.52617,-36.030243,-39.534225,-43.19304,-48.178032,-41.103306,-46.0392,-45.65243,-44.20042,-47.559547,-46.230507,-48.970123,-49.75788,-53.32164,-54.853813,-55.045357,-56.544838,-57.040077,-56.157436,-53.70791,-51.081196,-50.36098,-47.708687,-47.031586,-49.34342,-49.995113
8512,True,-24.143932,-28.511858,-29.806156,-30.885706,-33.40547,-35.64217,-33.197372,-35.155563,-42.36466,-42.0851,-48.39022,-45.77585,-45.32089,-49.50178,-47.118282,-48.489662,-50.18919,-51.335445,-53.031773,-55.139675,-53.93765,-53.27945,-56.71357,-58.42716,-58.451042,-58.837273,-57.120888,-55.644394,-52.880524,-52.416187,-55.37967,-57.476498
8544,True,-22.509468,-29.506443,-28.86633,-31.495192,-32.75589,-32.87839,-34.42879,-38.693203,-45.95303,-44.105995,-45.991455,-43.976562,-47.840836,-46.823177,-48.29513,-48.43195,-46.227627,-50.146526,-54.304802,-57.365795,-56.515347,-58.543434,-59.862286,-59.666725,-58.173737,-59.946877,-58.909397,-58.59321,-57.0545,-58.740467,-60.879078,-61.07987
8576,True,-23.84444,-23.657375,-29.062698,-34.766735,-35.31173,-33.74145,-35.100357,-39.254765,-41.082825,-40.08051,-44.541374,-46.895393,-48.73987,-47.39509,-48.431664,-46.668793,-49.715977,-54.04355,-54.99918,-56.381153,-58.44534,-60.620995,-60.193428,-58.86682,-62.18809,-59.88082,-59.94102,-61.78205,-60.067802,-61.438187,-64.16766,-63.33716
8608,True,-25.21121,-22.944218,-28.923027,-35.497917,-36.437527,-37.83527,-37.660194,-40.81037,-42.942043,-42.5894,-48.547745,-48.314247,-48.011497,-47.09384,-46.54951,-48.67243,-48.564396,-52.440804,-52.971313,-57.322002,-60.084145,-59.9308,-59.189392,-59.29698,-60.593193,-61.000526,-61.685566,-63.918587,-62.99442,-54.394794,-61.444916,-65.99261
8640,True,-25.784271,-29.986954,-28.788069,-32.54846,-36.34968,-36.171528,-36.65491,-36.713104,-42.49179,-46.62761,-45.228764,-45.633896,-45.705906,-44.74708,-46.900146,-48.83694,-54.57576,-54.32175,-54.966335,-55.5246,-56.72793,-57.69716,-59.70785,-60.979347,-60.541603,-60.54139,-63.388428,-63.51921,-65.33426,-46.3304,-54.617622,-67.0429
8672,True,-27.039196,-25.349861,-25.23666,-31.534992,-36.609467,-38.352448,-33.889206,-34.72106,-46.307137,-44.10671,-45.717224,-44.349182,-47.526154,-46.128014,-48.19924,-48.676548,-51.294228,-50.560646,-54.88366,-59.753838,-57.50288,-55.874237,-58.341995,-59.271732,-60.8107,-61.923912,-61.42799,-63.97894,-66.83549,-45.19912,-52.939957,-67.71835
8704,True,-24.536488,-23.924202,-25.431183,-30.21251,-38.983517,-36.40791,-34.996914,-37.50421,-43.691223,-44.612106,-48.140408,-49.228294,-45.97959,-47.73544,-48.60655,-48.036266,-50.303772,-52.238163,-54.708046,-56.821075,-55.61733,-60.026184,-56.484344,-58.50424,-58.617966,-59.552673,-63.363842,-64.94132,-66.62497,-44.27151,-51.81383,-66.64677
8736,True,-27.599613,-25.027737,-24.816803,-29.844467,-32.779,-34.900726,-39.025127,-42.12674,-42.00348,-42.69766,-49.98499,-45.031998,-45.758026,-46.86794,-46.3948,-47.739998,-48.524994,-54.569817,-55.73258,-59.98935,-59.383793,-57.705208,-56.06896,-56.229782,-57.677418,-61.666924,-63.884865,-65.59107,-66.26074,-41.732246,-48.896996,-68.35562
8768,True,-23.248976,-24.974901,-25.860651,-29.778929,-35.35028,-35.085827,-37.281654,-38.991764,-45.39038,-46.943794,-46.62437,-46.692436,-43.21749,-45.589066,-46.716846,-47.383476,-49.95516,-53.500576,-55.24233,-56.885162,-57.688828,-58.222733,-56.602993,-56.9821,-56.72274,-61.217342,-64.60877,-66.58435,-66.99113,-45.707264,-52.820953,-67.798096
8800,True,-25.66572,-26.622591,-27.747585,-34.29832,-35.759434,-35.898815,-34.85358,-37.105568,-46.80937,-46.832253,-47.861244,-46.792656,-46.578583,-45.949368,-49.383507,-50.98603,-52.96318,-54.9514,-58.05414,-56.435585,-57.222946,-58.31486,-56.909695,-57.44097,-58.183716,-61.476307,-63.491882,-64.91449,-68.07595,-46.640305,-53.557873,-69.93152
8832,True,-25.586597,-28.655819,-30.995705,-34.368015,-34.810642,-35.14457,-34.264515,-36.081806,-43.697723,-44.89523,-45.946144,-49.27982,-49.702675,-47.817657,-46.288895,-49.024357,-50.098885,-54.067856,-58.497704,-58.981293,-57.165154,-56.88991,-57.83078,-58.33851,-59.981007,-60.367706,-62.30146,-64.978676,-67.292915,-55.399593,-61.151367,-67.24918
8864,True,-28.806217,-28.560526,-30.40142,-37.16685,-37.91475,-34.995426,-36.11429,-40.68943,-46.924442,-41.79257,-44.722984,-49.206528,-46.321663,-43.901497,-43.606358,-48.88391,-50.68006,-56.04002,-58.22582,-58.467545,-60.420876,-61.82693,-58.57838,-59.404488,-58.035694,-61.42613,-63.29146,-65.12172,-67.21019,-60.183887,-64.91634,-68.54826
8896,True,-26.78542,-30.778862,-30.337395,-32.420727,-35.694702,-36.660954,-38.541782,-39.224457,-44.430332,-45.793007,-48.676308,-49.15348,-46.669506,-44.13916,-44.080544,-47.048286,-50.49131,-57.787476,-57.587086,-56.574856,-57.92549,-56.143757,-56.053543,-57.374245,-59.321636,-61.495686,-65.34137,-65.285446,-66.44121,-59.69168,-64.41153,-69.1432
8928,True,-25.000212,-24.304506,-25.148651,-30.25155,-36.257854,-37.83032,-33.939983,-36.605877,-41.65644,-42.01735,-49.282204,-46.222366,-44.582695,-45.634445,-45.466797,-50.066395,-54.083485,-55.330704,-54.376873,-57.776318,-58.69336,-59.38127,-58.85159,-57.44867,-58.829887,-58.926704,-63.397438,-65.60191,-66.48483,-60.338703,-65.18932,-69.02253
8960,True,-21.295492,-24.433353,-28.6643,-31.907795,-34.41205,-34.35646,-36.18255,-37.947533,-41.240524,-40.901764,-47.13755,-44.466072,-48.493687,-48.487095,-48.08517,-49.315567,-49.717327,-57.433094,-57.99232,-58.18363,-57.351334,-59.31862,-56.53444,-55.886303,-57.02324,-58.511696,-56.086197,-55.034607,-55.82299,-50.919334,-52.83077,-56.375813
8992,True,-20.720871,-25.501225,-29.48926,-31.07437,-36.323135,-33.824955,-35.730877,-36.81812,-40.469666,-42.115673,-47.65938,-46.146854,-44.175766,-46.60644,-48.185772,-53.05593,-52.42771,-55.00794,-55.810623,-56.50293,-58.74875,-54.952087,-55.514393,-58.171295,-57.320534,-58.812504,-60.492996,-62.599068,-64.89691,-60.2338,-61.38775,-65.268616
9024,True,-25.341572,-24.529886,-29.124231,-32.496212,-34.442642,-33.32933,-36.75861,-39.15807,-42.67643,-42.61357,-50.019894,-47.681255,-49.86963,-48.248085,-47.149185,-49.5311,-50.30159,-54.176826,-55.310036,-56.291016,-56.872257,-56.65287,-57.40887,-57.418434,-57.066998,-61.83186,-62.446335,-65.59537,-66.04229,-64.36405,-66.78328,-68.303055
9056,True,-30.86707,-29.681602,-32.708263,-32.578934,-35.68989,-36.203434,-39.36419,-39.2199,-42.686615,-42.200832,-47.434837,-47.51763,-43.396812,-47.691654,-47.30021,-50.67402,-51.92788,-57.887558,-56.15994,-54.964672,-57.53742,-58.531284,-55.546654,-56.88589,-58.536705,-60.185925,-63.57531,-66.29505,-67.33102,-69.19606,-68.53532,-69.009026
9088,True,-24.57554,-25.750303,-28.91027,-34.45418,-36.61708,-34.136204,-35.743652,-39.251,-42.133392,-41.99489,-47.784492,-47.957397,-46.907784,-48.325462,-46.764454,-49.291035,-50.547974,-53.71981,-57.488205,-55.817493,-58.36798,-56.76586,-56.82619,-57.742077,-58.051678,-61.29881,-63.695183,-64.76092,-67.376434,-68.12033,-68.000305,-68.74608
9120,True,-23.981186,-28.08243,-28.304028,-32.20147,-36.69851,-33.915142,-35.50405,-37.958363,-41.73412,-38.684967,-46.888054,-47.76754,-45.592834,-46.910927,-48.819122,-50.54397,-55.048832,-55.33798,-56.40123,-55.391598,-55.474556,-56.296597,-55.43301,-58.461918,-58.38865,-60.89692,-62.795593,-66.52752,-67.970566,-68.65689,-68.31208,-69.23908
9152,True,-23.18331,-24.120815,-26.157951,-30.988789,-38.082977,-39.843277,-37.202282,-38.938133,-45.760746,-42.536392,-46.08258,-45.47149,-47.37571,-47.66479,-48.802048,-49.732418,-50.99987,-54.546055,-55.67511,-56.995026,-54.68563,-54.666046,-55.433765,-56.65646,-57.502678,-59.93137,-64.75044,-65.56146,-66.79823,-69.00541,-68.47415,-68.220184
9184,True,-20.788834,-25.2036,-28.636574,-32.313778,-38.810078,-35.7008,-36.53247,-37.302105,-41.964943,-43.853268,-48.261,-46.353363,-49.64631,-49.758183,-47.66132,-47.814007,-48.225464,-51.719368,-54.64491,-57.89081,-56.490814,-56.465206,-58.642216,-57.671837,-56.957184,-60.981476,-62.941353,-64.72327,-66.86301,-66.637535,-67.87688,-67.9107
9216,True,-25.524862,-23.654682,-28.501137,-33.104576,-35.876373,-33.01618,-38.040398,-38.722637,-43.88786,-43.213295,-50.846237,-45.93166,-43.96822,-47.619873,-49.092262,-49.810417,-49.012993,-53.28783,-55.055862,-56.792072,-55.650425,-56.47783,-56.13552,-56.465473,-58.411507,-59.18376,-61.13723,-64.609535,-66.64981,-67.02003,-68.19128,-68.01815
9248,True,-22.234417,-26.413834,-27.268553,-32.19702,-33.690243,-35.782536,-35.293957,-39.230972,-40.593163,-42.431747,-50.46364,-45.868935,-45.305668,-47.80478,-46.924026,-52.434006,-49.8668,-54.49209,-56.095284,-56.521397,-57.992798,-55.42102,-56.34272,-57.185787,-58.345673,-59.350086,-62.110195,-64.14611,-67.29344,-69.17515,-68.97977,-69.13674
9280,True,-23.03812,-27.103636,-31.08283,-33.807396,-35.708363,-35.25139,-32.358257,-33.49999,-42.12953,-41.987915,-49.26859,-47.099453,-49.760967,-50.16342,-46.469627,-49.85881,-52.722946,-55.920086,-57.8519,-55.45544,-56.622963,-55.79667,-58.8826,-57.712,-60.2302,-61.316483,-62.159492,-64.91905,-68.34321,-70.10822,-70.0512,-69.21889
9312,True,-24.052856,-26.413548,-30.713924,-34.483585,-34.77918,-34.78241,-35.13143,-39.10343,-43.095436,-48.85126,-49.61247,-47.682148,-46.899734,-47.906918,-48.323,-50.15219,-50.905823,-56.794052,-55.64529,-56.127083,-56.93667,-57.297447,-58.48411,-56.76449,-59.11271,-59.292305,-63.333466,-65.337265,-67.704285,-68.298195,-68.97425,-68.89223
9344,True,-23.536392,-26.688883,-28.655823,-32.93788,-36.45294,-36.266396,-37.39558,-38.24179,-44.113365,-43.111362,-49.772526,-46.78081,-47.594704,-47.035126,-47.77807,-47.342865,-46.855408,-52.565006,-55.36863,-56.797806,-57.901386,-57.91194,-56.924263,-55.49458,-58.118587,-60.559082,-63.469658,-65.357346,-68.57821,-70.68736,-69.367615,-68.20354
9376,True,-26.04309,-24.594862,-26.53622,-31.298172,-36.821922,-36.03864,-36.577618,-40.831722,-45.42677,-45.46235,-47.182487,-46.61087,-46.33553,-47.082462,-45.43544,-46.62151,-48.928955,-54.89954,-55.597595,-59.350887,-59.645634,-57.78992,-58.21369,-57.435455,-57.897076,-60.369183,-64.21939,-65.52335,-67.69054,-69.620445,-70.00743,-69.381714
9408,True,-25.717297,-26.079021,-25.681822,-32.217247,-40.367317,-40.641365,-34.627663,-37.16993,-44.937576,-45.61192,-47.233814,-51.89947,-49.738144,-48.859386,-47.325844,-49.733963,-50.505596,-52.82371,-54.706326,-58.390465,-58.846733,-58.7162,-56.154514,-57.69963,-58.196594,-60.18773,-62.831787,-65.078705,-66.39245,-68.62477,-69.31166,-70.09715
9440,True,-27.678864,-23.243788,-29.95623,-32.44916,-35.79186,-35.714237,-33.27431,-35.245064,-43.42334,-46.115448,-49.158325,-46.6882,-46.75613,-46.859512,-48.91663,-49.267365,-50.260548,-56.479164,-56.68184,-56.17432,-56.785095,-56.020805,-60.390396,-59.656418,-59.736706,-60.697933,-64.91055,-66.24136,-67.0891,-67.72729,-68.49916,-70.12854
9472,True,-24.28034,-25.01834,-31.834763,-36.151073,-36.008507,-35.793797,-34.219086,-37.257954,-48.214943,-46.52811,-46.132217,-48.70607,-46.435455,-46.41648,-47.346363,-48.60222,-50.253853,-57.03999,-57.730453,-59.275585,-59.812515,-57.33029,-57.710308,-57.651295,-59.6772,-61.28415,-65.0226,-66.91458,-68.137405,-69.78687,-69.31609,-69.4803
9504,True,-21.417477,-27.86472,-34.676376,-35.798893,-33.42576,-31.41391,-33.77934,-29.6847,-32.686195,-35.54305,-38.82509,-37.28736,-37.745567,-41.236385,-36.290703,-33.159958,-28.921429,-33.088326,-43.32317,-44.47722,-43.794266,-43.819313,-44.845737,-45.191696,-45.580254,-43.63911,-41.117207,-34.9049,-31.68495,-29.702265,-32.46418,-33.425747
9536,True,-22.617205,-27.321064,-29.740126,-36.418053,-33.968704,-28.548355,-35.771267,-35.127293,-36.56144,-39.13287,-40.480877,-38.357197,-43.212875,-43.71013,-42.66539,-43.149315,-36.33079,-39.963337,-47.65726,-48.833977,-46.416378,-48.68009,-49.474495,-50.848118,-51.50756,-49.427265,-46.551857,-43.754787,-41.2702,-41.188164,-42.30982,-41.58112
9568,True,-21.827269,-23.47245,-29.32365,-36.500187,-35.452126,-33.695484,-34.417038,-37.228592,-41.71006,-43.360706,-46.22226,-45.91305,-47.525017,-46.270287,-46.22014,-47.57968,-49.304523,-50.028934,-49.74852,-54.91579,-55.380535,-53.604435,-55.244553,-55.76221,-55.80864,-56.848427,-54.146976,-53.062347,-49.083626,-48.567863,-51.4243,-50.913563
9600,True,-25.365063,-25.222412,-26.299057,-32.00181,-36.87429,-36.62917,-34.1976,-36.730648,-42.139145,-40.486816,-46.744713,-44.431995,-45.84104,-48.464275,-48.183895,-48.822716,-50.23632,-51.629837,-55.278465,-56.977745,-55.308525,-54.39081,-57.803875,-57.755707,-58.60748,-59.376526,-57.612663,-56.366535,-55.874447,-53.868454,-56.71301,-58.47695
9632,True,-25.213642,-25.752144,-28.645096,-32.060326,-36.756233,-36.047016,-37.030598,-40.246025,-45.27666,-45.915314,-46.469646,-45.378918,-46.965633,-48.563828,-48.993416,-48.537365,-48.03945,-53.07211,-56.041298,-56.32893,-55.508766,-57.603832,-57.924355,-57.927002,-59.599,-61.38521,-60.45952,-58.677826,-58.60405,-58.762253,-60.781597,-61.609173
9664,True,-22.08069,-25.715954,-27.416195,-31.542978,-37.076756,-37.629333,-40.525925,-40.512154,-43.887478,-42.85102,-45.138565,-45.70692,-46.393475,-49.088535,-48.31213,-48.3469,-53.18928,-55.403137,-53.606873,-58.573044,-58.462563,-58.483124,-58.202415,-58.23266,-58.044933,-60.851345,-62.29351,-61.99873,-62.852154,-61.76195,-65.59121,-65.49666
9696,True,-21.782185,-27.098387,-33.66906,-37.4431,-37.920803,-34.88685,-35.002792,-38.403637,-44.17523,-45.429108,-45.980473,-44.128075,-46.30283,-51.51107,-48.96528,-51.30802,-51.929146,-53.13623,-57.031094,-57.884098,-54.576572,-60.09624,-58.114098,-59.765137,-61.54059,-61.913696,-62.533268,-63.513924,-63.765446,-61.41289,-65.04319,-67.023605
9728,True,-20.825745,-24.059475,-30.686922,-35.41199,-37.494637,-35.533535,-34.747635,-37.152874,-43.53674,-42.48758,-44.0057,-44.437176,-47.071533,-52.418106,-50.686832,-51.157066,-54.26425,-55.1044,-57.857784,-58.090878,-55.67921,-57.92362,-59.82666,-59.07762,-59.42835,-63.16271,-64.421295,-66.43907,-67.28961,-61.416237,-65.6987,-69.08002
9760,True,-24.490341,-22.175854,-24.024773,-35.01073,-35.454887,-35.95805,-34.20816,-36.98223,-43.244377,-41.61026,-44.508533,-45.461464,-45.137794,-50.538406,-49.343338,-51.365677,-52.594852,-53.59825,-57.303757,-58.23558,-57.93489,-57.54835,-56.79575,-60.050392,-61.312546,-62.099155,-63.958054,-66.649055,-66.9214,-63.617607,-67.94948,-70.677666
9792,True,-24.25473,-25.341642,-31.936306,-35.38614,-32.973057,-33.523438,-37.961803,-38.995304,-48.100754,-45.056892,-46.65869,-43.61022,-47.14973,-46.898113,-44.534462,-48.318523,-50.917816,-54.84845,-55.050854,-58.453384,-57.663765,-57.58579,-61.554726,-60.60039,-61.034454,-61.763596,-62.986763,-65.87173,-66.21469,-65.427444,-68.44187,-69.754036
9824,True,-26.873459,-23.055538,-27.357079,-32.52354,-38.933826,-39.97665,-38.36922,-42.060875,-43.627563,-44.288208,-51.226715,-48.142235,-44.75106,-52.8093,-48.683376,-50.634495,-49.906975,-56.24698,-57.749184,-59.180054,-58.934464,-59.77971,-57.953568,-58.855892,-61.290417,-63.508896,-64.199844,-65.31661,-67.07379,-66.87978,-69.341225,-67.1216
9856,True,-24.789373,-24.848923,-27.187939,-29.684935,-32.76359,-35.101757,-39.09589,-40.998444,-43.29485,-42.74013,-46.911312,-45.045753,-43.59375,-46.06627,-47.61656,-52.10325,-52.721313,-58.301907,-57.965885,-61.630325,-58.820305,-57.599377,-58.926968,-59.936943,-60.684513,-62.62148,-65.355545,-66.58122,-68.1465,-68.44848,-69.80793,-69.694176
9888,True,-23.212402,-25.423046,-30.32096,-35.24009,-36.426777,-35.908363,-35.41232,-38.933243,-40.776634,-38.130302,-50.017555,-50.76777,-50.260654,-51.860756,-48.483017,-49.245724,-54.433807,-54.84957,-56.356163,-58.28793,-61.165043,-58.277473,-57.276745,-58.397377,-61.227684,-63.370174,-66.071465,-66.74707,-68.17826,-69.05368,-70.28878,-69.92882
9920,True,-28.1384,-28.36098,-27.726793,-29.720087,-36.135223,-35.643303,-34.42788,-38.301525,-43.89648,-42.16191,-48.28042,-45.61624,-47.149597,-46.272396,-46.75276,-50.522465,-50.758648,-53.64972,-57.199905,-58.70069,-56.239525,-58.760437,-58.992496,-60.227436,-61.360603,-62.404,-64.45026,-67.65227,-69.071655,-71.22973,-69.59749,-67.72174
9952,True,-25.549114,-27.90707,-30.37603,-34.193047,-36.895336,-35.896828,-38.182484,-37.32879,-43.79204,-47.431316,-47.194366,-45.53132,-47.586075,-47.89489,-48.528053,-49.236755,-49.211063,-55.349064,-54.968468,-57.764725,-57.25617,-59.272514,-59.618458,-59.037586,-60.200214,-63.901978,-64.34218,-66.17403,-67.3963,-69.9875,-70.61232,-68.92356
9984,True,-25.557373,-26.317015,-29.56107,-34.070602,-32.11879,-33.600155,-38.214096,-39.612156,-42.64994,-45.021114,-45.453587,-48.763733,-46.704384,-50.276546,-50.141865,-50.1455,-50.48401,-54.806343,-54.71804,-58.19873,-58.918587,-56.919308,-58.856735,-60.857513,-60.718086,-62.343918,-65.738106,-67.62605,-68.84071,-70.457634,-68.77546,-69.321434
