timestamp,faulty,band_0,band_1,band_2,band_3,band_4,band_5,band_6,band_7,band_8,band_9,band_10,band_11,band_12,band_13,band_14,band_15,band_16,band_17,band_18,band_19,band_20,band_21,band_22,band_23,band_24,band_25,band_26,band_27,band_28,band_29,band_30,band_31
0,False,-28.49694,-30.931969,-36.153114,-36.040455,-31.96646,-34.717255,-27.716946,-34.431232,-41.80623,-41.853493,-43.40753,-46.200375,-45.03557,-43.59921,-43.967,-42.272953,-46.326794,-49.03547,-47.136147,-47.78315,-49.21999,-46.90822,-48.4322,-50.37869,-49.79855,-45.961586,-45.317665,-49.497475,-42.66668,-43.289455,-51.168743,-52.951477
32,False,-23.45351,-23.8641,-31.027906,-35.100388,-37.80834,-34.49062,-27.7025,-39.183376,-43.127403,-42.116695,-39.985886,-43.249016,-40.054893,-38.129498,-43.90478,-41.1333,-43.810276,-45.93426,-45.10811,-45.90629,-46.01404,-47.710434,-48.587513,-48.803905,-49.325645,-45.397156,-45.685913,-48.311523,-45.313812,-47.552258,-50.327377,-51.56548
64,False,-25.53855,-25.365578,-27.570774,-34.912075,-38.186806,-37.141193,-24.814259,-33.65828,-42.661163,-46.125656,-43.419033,-43.70367,-42.047153,-40.4949,-46.823517,-50.16117,-50.57418,-50.028625,-47.497856,-49.3046,-47.319107,-45.71608,-50.774174,-51.183224,-51.0299,-51.072773,-49.597134,-48.83258,-50.158085,-50.124317,-53.59002,-55.424137
96,False,-26.830051,-26.926884,-28.186375,-35.557896,-39.96505,-40.480232,-25.41012,-35.503468,-42.20996,-43.538567,-41.271626,-45.094505,-44.658882,-43.46033,-45.002403,-46.02363,-49.380856,-49.108616,-47.40809,-45.618637,-45.6342,-48.9283,-53.11933,-52.26381,-53.53624,-50.57148,-49.26786,-52.06268,-51.58421,-52.832073,-55.03819,-56.74543
128,False,-27.14838,-27.792418,-30.469177,-35.474693,-41.85799,-38.207813,-26.084896,-34.29032,-42.810703,-42.256104,-40.901306,-43.718487,-44.20464,-47.30865,-46.33522,-48.926743,-52.438854,-50.067986,-46.931747,-47.256435,-47.18222,-52.973984,-53.56006,-54.486244,-52.007805,-51.350197,-50.97441,-52.061897,-53.491806,-56.537262,-55.02161,-56.0375
160,False,-28.530926,-29.431946,-27.207212,-34.92362,-39.347595,-36.546665,-26.423561,-33.707508,-41.751324,-43.89611,-43.570667,-41.346474,-43.474648,-41.77383,-45.805534,-46.214622,-47.814415,-47.66769,-47.725403,-47.790737,-46.982574,-51.167942,-52.773613,-52.313187,-53.64112,-54.35743,-51.72876,-50.612778,-53.08629,-55.19844,-54.819626,-57.137215
192,False,-30.358076,-29.672926,-31.344221,-38.160683,-40.094337,-34.296024,-30.833776,-40.54474,-42.235886,-42.345146,-44.080967,-42.14431,-41.426567,-38.9141,-45.729935,-49.19912,-48.91693,-46.983826,-47.705288,-47.50531,-46.438553,-48.2013,-52.1266,-51.55951,-49.790073,-51.899315,-52.794018,-51.877705,-54.198822,-56.063198,-54.37564,-55.360645
224,False,-30.419226,-34.42131,-27.901829,-37.380966,-40.406384,-37.911964,-28.722702,-35.411465,-43.787285,-44.650414,-42.496532,-46.76957,-45.069424,-44.38021,-45.92417,-50.526215,-52.41775,-50.23242,-46.67418,-45.59471,-47.902588,-49.493866,-51.99268,-53.057476,-51.76262,-51.266617,-52.983242,-50.17616,-52.982224,-55.416405,-54.36759,-55.856976
256,False,-32.413933,-31.44656,-28.331875,-35.386898,-41.263657,-40.02643,-22.71981,-30.767078,-41.976147,-43.963783,-49.246323,-43.86255,-40.35397,-38.062572,-47.941696,-49.18236,-49.252724,-48.03045,-46.727676,-45.49411,-47.026157,-50.8132,-52.033928,-53.46051,-53.32206,-52.43628,-52.14035,-51.121487,-51.724297,-55.277374,-54.883076,-57.35208
288,False,-32.44792,-33.70108,-29.564526,-35.950294,-36.712437,-36.066826,-21.990185,-31.670238,-44.397255,-44.973064,-45.785824,-48.188812,-43.24919,-41.537167,-47.331802,-47.328953,-50.70092,-48.75277,-49.114075,-46.469025,-46.158634,-48.136234,-53.368965,-53.079113,-51.78164,-51.105804,-51.37213,-50.758015,-54.50056,-56.259007,-54.609596,-55.474934
320,False,-28.28747,-28.093777,-26.622826,-33.37919,-41.618656,-37.784035,-26.023472,-34.670757,-44.79162,-42.615265,-47.17946,-46.567467,-43.70863,-43.17841,-50.32904,-54.01435,-51.569588,-49.83885,-48.563057,-46.336113,-45.98864,-48.902046,-52.37965,-51.98258,-52.940598,-50.55593,-51.720203,-54.104275,-53.73204,-57.220078,-54.242153,-56.83449
352,False,-27.772577,-28.833925,-32.09358,-36.479115,-40.04578,-34.736683,-29.176678,-36.2658,-43.35049,-42.63843,-43.339905,-46.59826,-42.149452,-47.549393,-49.3201,-47.37759,-51.224037,-47.925472,-44.94967,-46.99893,-45.668087,-48.093716,-52.327423,-54.91077,-55.132328,-53.75212,-52.32264,-52.391937,-54.964264,-56.140675,-55.558342,-58.942238
384,False,-26.17717,-26.069103,-27.552704,-38.747086,-43.419388,-37.238728,-25.338154,-32.790085,-42.903854,-43.604362,-43.689823,-42.824387,-40.139183,-43.130295,-49.636326,-49.233635,-50.32559,-48.591606,-49.11004,-48.260475,-46.444107,-48.421387,-51.466377,-53.251007,-53.67295,-53.799255,-53.815407,-51.421547,-52.815517,-54.915207,-56.872257,-58.922382
416,False,-24.446173,-24.482744,-31.176727,-39.68056,-41.715057,-36.041553,-22.513296,-30.406096,-43.420414,-43.065113,-43.15998,-43.820923,-40.86124,-48.40038,-50.52516,-47.068672,-50.480705,-47.397594,-50.50358,-49.113068,-45.907845,-47.054283,-50.92002,-53.06968,-54.04605,-51.428722,-52.826653,-52.829483,-53.087944,-56.125275,-54.23788,-55.470703
448,False,-24.163277,-24.953876,-28.408909,-36.899677,-37.49028,-39.148296,-22.550146,-28.206911,-37.306126,-42.379116,-38.908268,-35.46369,-34.00968,-37.121445,-38.595512,-36.53983,-39.908684,-44.679085,-47.518497,-47.52514,-44.079075,-46.135033,-48.144817,-51.71795,-54.073387,-50.890343,-50.40749,-52.15675,-52.181984,-53.860435,-55.216644,-55.0773
480,False,-23.949186,-23.347427,-26.723091,-30.048313,-29.117844,-29.538563,-24.102074,-23.857832,-29.03355,-33.706802,-28.558733,-28.668133,-27.87731,-28.753088,-32.34429,-28.763208,-34.619156,-39.61133,-37.633312,-41.549244,-39.86911,-40.555458,-42.29747,-46.424957,-48.62983,-49.018234,-48.78063,-49.308437,-48.98498,-52.076473,-54.654507,-56.137028
512,False,-26.780033,-26.470125,-31.34117,-31.882122,-31.608784,-29.853895,-29.066164,-33.559597,-39.917572,-38.75031,-36.613155,-37.979137,-37.461975,-33.7326,-40.793823,-39.81876,-44.29926,-48.290047,-49.46224,-45.909466,-45.74139,-47.819477,-49.12096,-50.36033,-51.23401,-53.111656,-50.976173,-50.35507,-52.908665,-54.56587,-55.59214,-55.831947
544,False,-27.25805,-27.190266,-25.50131,-35.08094,-37.416912,-34.5978,-25.65428,-34.102825,-43.028255,-39.292995,-36.683544,-41.46914,-37.611767,-36.972546,-46.205482,-46.392002,-50.49228,-47.964783,-46.76902,-46.613174,-45.996822,-45.54871,-51.339188,-53.741306,-54.367264,-51.752396,-51.582,-51.587444,-55.42705,-56.58251,-55.95459,-57.74357
576,False,-26.191277,-24.658573,-29.71341,-35.34776,-40.417,-36.925552,-24.314281,-33.607994,-44.27025,-43.05269,-40.70723,-43.74741,-41.57414,-42.851788,-48.218235,-45.74653,-49.86761,-50.443184,-46.334835,-45.52104,-43.882755,-47.972,-52.232285,-53.20644,-51.917862,-52.40046,-52.0492,-52.168266,-54.291565,-56.398834,-56.875248,-57.521305
608,False,-27.312643,-28.437593,-27.572056,-34.73468,-38.20485,-37.96073,-28.924221,-36.59715,-44.680805,-42.195324,-41.56732,-49.717346,-43.486473,-41.606426,-47.912632,-49.825134,-49.802128,-50.57594,-48.731117,-46.89821,-47.09407,-50.44951,-52.5646,-51.390472,-52.79959,-52.11012,-52.11051,-51.124825,-53.139977,-56.832024,-56.145103,-57.55973
640,False,-30.049973,-29.392723,-31.066828,-37.726997,-40.49885,-36.635605,-23.783339,-32.031452,-49.63531,-45.75729,-46.067284,-47.12873,-43.05825,-42.49402,-49.468597,-51.530922,-51.65012,-50.201538,-46.969246,-47.33345,-44.094105,-47.179054,-51.683884,-54.011177,-54.31753,-53.36857,-51.77491,-52.84498,-53.34499,-55.79481,-55.51044,-55.967705
672,False,-30.63108,-32.236458,-31.665686,-35.90845,-36.40066,-37.677094,-21.860882,-29.940285,-43.422256,-46.936222,-47.234505,-48.771175,-45.150837,-42.852432,-46.08784,-48.55806,-49.56146,-48.910755,-48.09906,-47.12233,-47.444035,-50.06562,-51.925903,-52.6707,-53.5252,-55.362312,-52.400986,-50.456795,-53.192413,-55.65937,-55.727646,-58.420876
704,False,-30.107153,-29.61071,-27.436562,-37.642567,-41.56916,-34.540802,-24.71096,-34.895725,-44.868504,-45.975998,-45.945244,-47.93406,-44.443836,-44.24054,-49.13369,-51.25186,-49.977757,-50.684128,-47.61297,-47.808647,-44.798313,-46.127037,-51.081276,-51.01311,-51.595688,-52.109123,-52.826496,-52.122154,-54.12126,-56.06928,-55.399574,-58.728577
736,False,-26.273298,-26.256882,-33.473095,-40.0791,-38.421986,-39.023632,-27.789972,-35.77132,-41.503773,-42.960617,-47.599045,-49.701576,-47.17073,-47.739124,-49.677963,-49.50023,-51.199535,-51.968533,-48.790123,-46.364357,-45.11034,-52.342865,-54.22092,-54.371468,-52.832382,-52.731407,-51.31549,-52.166832,-55.549156,-57.212517,-55.220394,-56.89417
768,False,-26.752604,-26.887753,-31.667662,-36.512264,-38.413742,-36.81883,-22.963413,-33.686886,-47.03398,-42.867645,-45.77875,-49.57403,-44.00852,-45.46747,-48.80615,-49.030308,-49.63676,-48.96833,-47.810177,-46.96135,-47.749313,-49.487892,-53.98291,-55.509144,-52.832684,-53.8087,-53.94905,-53.1373,-55.83109,-56.872643,-56.53471,-60.781612
800,False,-29.596186,-31.002417,-29.495338,-39.56847,-38.317654,-38.744003,-30.44102,-37.43829,-47.4271,-44.633064,-46.15978,-49.38378,-44.697704,-44.31252,-49.696274,-48.10549,-49.735466,-50.45314,-45.9373,-47.589535,-48.303436,-49.57975,-53.3685,-53.45558,-54.501312,-54.44036,-52.326874,-53.002655,-54.659657,-54.916374,-55.15239,-57.17569
832,False,-24.979773,-26.057901,-32.111668,-38.401604,-42.63965,-40.49274,-29.232594,-37.097553,-43.535046,-41.496197,-42.159782,-46.941444,-41.122215,-41.426872,-50.382942,-50.87376,-50.251614,-49.572685,-50.708298,-47.835632,-47.853134,-50.111107,-51.719242,-52.396996,-53.79152,-52.669586,-51.18503,-51.63926,-52.613403,-56.648373,-55.94095,-58.697487
864,False,-24.83699,-25.434376,-25.901033,-34.912437,-41.756027,-33.839508,-22.285631,-30.970972,-48.893185,-43.55945,-41.996574,-49.44769,-42.24329,-41.787186,-52.270424,-53.006752,-51.75354,-49.801365,-49.12199,-47.386703,-46.779007,-48.782597,-50.93111,-52.07717,-53.52181,-54.04247,-52.406715,-49.41279,-54.931984,-55.890533,-56.303757,-56.622787
896,False,-23.198595,-22.858475,-29.998001,-34.018036,-38.50063,-35.142937,-19.588768,-28.09902,-43.913,-47.090874,-47.040195,-47.02762,-41.36447,-42.652668,-49.182686,-48.123375,-49.345966,-48.353886,-48.929977,-50.017925,-48.48864,-51.369286,-52.81077,-52.48527,-52.552666,-52.32911,-50.649055,-50.87067,-55.63906,-54.89551,-56.82807,-59.103245
928,False,-25.557993,-25.861094,-28.66253,-35.704395,-40.037937,-37.114082,-19.489258,-29.488317,-44.52763,-44.560265,-45.993305,-44.32704,-40.42486,-45.330307,-47.272953,-46.51158,-51.120983,-49.458958,-48.942596,-45.71571,-45.533596,-53.17274,-56.01866,-52.619446,-53.531986,-53.45049,-52.853928,-51.0692,-54.655197,-56.44268,-56.43211,-58.84865
960,False,-23.743896,-24.568787,-28.44837,-39.88518,-43.99462,-37.347954,-24.476467,-36.174065,-46.02421,-41.91044,-41.284874,-45.412712,-41.972206,-42.250824,-49.065365,-49.823463,-52.760372,-50.747765,-48.54251,-43.85332,-44.466194,-50.7965,-49.919968,-53.354115,-52.53148,-52.374043,-52.0042,-52.67579,-55.75752,-57.208523,-55.730686,-56.974953
992,False,-25.835495,-25.612186,-35.013474,-36.792976,-40.999447,-37.7233,-24.675453,-32.18428,-42.47033,-42.01977,-40.71653,-40.452686,-39.05003,-38.820595,-39.27096,-37.443882,-39.31782,-43.23825,-46.685833,-43.131752,-45.285496,-47.415955,-48.02005,-49.200436,-49.26188,-48.32296,-49.105705,-43.17386,-39.67647,-39.702747,-44.020657,-45.98154
1024,False,-23.840225,-24.843998,-25.532625,-23.384956,-27.437988,-25.78452,-18.044144,-19.64742,-25.943703,-32.890736,-27.117422,-23.916801,-23.548065,-20.559902,-22.437351,-19.152409,-22.33509,-25.256395,-28.278946,-33.120293,-28.461933,-26.541286,-26.189764,-29.575624,-28.01799,-25.982153,-28.94827,-24.873466,-18.959463,-19.645626,-23.283047,-24.231081
1056,False,-25.60802,-25.70694,-29.694998,-29.606283,-30.247374,-28.107098,-24.703024,-27.660177,-34.492447,-43.36145,-38.084797,-35.114624,-32.86678,-31.756723,-35.258545,-31.292625,-35.71952,-40.958996,-40.309063,-42.244358,-40.526016,-39.303154,-41.388405,-44.10521,-43.53748,-41.357533,-38.7587,-38.26505,-35.050987,-35.751442,-37.90793,-41.089546
1088,False,-27.94729,-27.898613,-28.077824,-32.26655,-33.952663,-34.482895,-28.633877,-32.132908,-36.669334,-43.949314,-41.726498,-41.220955,-36.974773,-34.316338,-42.75635,-41.515617,-42.073536,-43.96818,-43.709408,-44.983643,-44.29709,-42.73762,-44.021076,-45.492546,-44.34784,-43.216854,-43.2225,-42.30098,-38.56227,-39.229893,-45.61027,-47.190422
1120,False,-31.255415,-30.36993,-30.074974,-36.998203,-36.823395,-31.687794,-29.204561,-36.49201,-44.889305,-43.545555,-42.120743,-44.46285,-40.715656,-40.077404,-45.073296,-45.237762,-44.402138,-44.48787,-43.909645,-46.913925,-41.674458,-45.4233,-47.10703,-46.01028,-49.374184,-46.10436,-45.952286,-48.00112,-42.75887,-44.428696,-49.181114,-51.433075
1152,False,-26.852306,-26.300655,-32.11022,-40.70214,-39.944443,-37.728653,-26.03041,-37.041157,-47.01746,-46.795765,-42.772102,-42.404808,-41.253086,-41.60152,-41.996864,-41.860573,-48.021614,-46.377968,-47.341385,-47.58669,-45.926,-46.65787,-48.59272,-51.79054,-51.58896,-49.45993,-47.969246,-47.97448,-47.848618,-48.842896,-52.17237,-54.95021
1184,False,-25.658342,-26.266481,-29.546366,-36.0992,-36.87033,-37.067753,-21.860043,-31.202415,-45.169964,-43.52809,-44.525723,-44.333107,-40.656624,-44.045048,-45.18431,-43.756336,-46.775406,-47.139923,-46.84236,-46.380764,-46.02507,-46.330414,-50.626595,-51.927635,-51.914352,-52.845245,-50.780506,-49.705254,-49.41427,-52.020485,-53.727688,-56.41078
1216,False,-23.071266,-23.707317,-28.521103,-35.536465,-36.010403,-39.09734,-24.461124,-31.094349,-44.282013,-46.596687,-45.64968,-42.65083,-45.794075,-47.780994,-49.11039,-47.514725,-50.173058,-51.463394,-47.575912,-44.2183,-44.91027,-48.151623,-49.813904,-51.537113,-52.053818,-52.29592,-49.438194,-49.92269,-50.86977,-54.818214,-55.06962,-57.021996
1248,False,-23.405735,-23.198442,-30.426912,-40.76462,-38.008728,-34.714905,-30.133612,-38.34086,-38.641373,-42.003197,-43.245922,-45.33894,-44.816833,-43.894062,-48.347416,-45.42988,-49.422386,-48.38989,-48.2125,-46.1598,-44.998405,-47.889572,-51.26074,-51.194767,-53.286446,-53.828312,-53.970448,-50.11161,-53.36853,-57.101894,-56.776848,-56.191345
1280,False,-21.619019,-21.72601,-32.84638,-36.410378,-39.569103,-33.2723,-31.673203,-39.572643,-40.369946,-43.820156,-43.945496,-47.40196,-45.3696,-43.63371,-48.666656,-49.07902,-49.946396,-49.27282,-48.566956,-46.78118,-44.602585,-48.839478,-50.366596,-52.56684,-51.984745,-52.542427,-51.379486,-50.90561,-52.3345,-56.092297,-57.124695,-57.57251
1312,False,-22.80052,-23.578852,-28.596735,-36.06674,-39.8571,-35.89654,-22.821892,-31.10868,-40.798347,-42.604362,-41.872528,-47.372116,-42.725304,-41.96028,-45.092712,-44.862083,-51.251774,-47.86634,-46.413654,-46.001286,-46.518208,-48.17497,-50.28696,-52.097275,-51.265316,-52.304836,-50.83893,-51.002518,-52.41341,-53.732468,-55.198044,-57.6158
1344,False,-22.1157,-22.402182,-32.13012,-39.46815,-39.922005,-36.575806,-19.22188,-27.340403,-48.16805,-41.973476,-42.56109,-49.52211,-44.11781,-46.897846,-49.19504,-49.836662,-51.491814,-50.700512,-47.066315,-47.42063,-46.63912,-49.090427,-51.34646,-49.496994,-52.02627,-52.741283,-51.887535,-50.777016,-55.49456,-54.343906,-55.181232,-56.618103
1376,False,-23.328245,-23.051836,-33.623085,-41.457516,-40.28606,-42.193436,-22.419863,-31.242443,-45.595116,-42.493404,-39.661423,-44.50132,-42.284588,-47.641632,-48.89486,-50.12163,-48.386265,-47.563587,-48.514603,-46.33851,-46.44791,-49.4145,-52.847485,-53.53414,-53.261047,-51.901134,-53.066998,-52.380615,-54.39979,-55.26879,-56.24887,-57.806007
1408,False,-25.59597,-26.369904,-31.10318,-37.073544,-43.465637,-36.68634,-21.697247,-31.431084,-39.954613,-46.20983,-44.57057,-48.53649,-44.9387,-49.066536,-50.78558,-50.381607,-50.8663,-50.84687,-48.847343,-45.429916,-45.711586,-49.69281,-53.590565,-52.94326,-52.711716,-51.554733,-53.017616,-51.145653,-54.908745,-55.86958,-55.826244,-56.80706
1440,False,-25.881598,-25.909298,-29.714497,-36.297306,-38.791122,-34.08557,-22.564018,-31.601791,-42.909145,-43.5334,-44.650955,-47.264362,-43.829468,-45.286972,-46.194614,-51.090286,-49.515236,-48.436512,-47.97079,-45.84051,-46.957726,-50.989075,-53.45588,-52.766,-53.767105,-53.263252,-52.491066,-51.492287,-54.130333,-57.088623,-56.60666,-58.462833
1472,False,-25.321646,-25.037088,-32.274933,-36.385094,-49.590397,-37.33316,-25.90651,-34.597706,-44.39878,-41.55849,-39.432205,-45.278706,-42.241203,-43.8328,-50.076748,-51.248062,-50.601383,-50.777267,-47.264297,-45.858932,-45.181847,-49.502674,-52.82962,-53.7484,-53.461975,-51.94024,-52.034588,-52.142452,-53.382687,-57.415688,-58.074474,-58.68809
1504,False,-28.473024,-28.135683,-26.783857,-35.00906,-43.73172,-35.355785,-24.14722,-34.99774,-43.693756,-41.694225,-39.83397,-43.496113,-40.85176,-47.304745,-49.75298,-48.199516,-48.823475,-47.887497,-46.709755,-48.024616,-47.772274,-49.08032,-51.784973,-54.09221,-53.93283,-53.873596,-53.032642,-51.82225,-54.442635,-54.528847,-53.89685,-57.09868
1536,False,-28.9318,-29.844845,-32.95553,-37.795826,-37.601757,-33.98638,-28.179829,-36.949203,-39.978184,-44.824867,-43.797043,-40.598774,-39.491745,-41.99523,-43.34187,-42.495808,-45.110245,-46.797897,-49.657227,-45.060593,-46.904182,-49.341698,-52.01107,-51.152416,-53.351875,-52.703327,-53.128677,-50.39155,-52.870132,-55.483204,-56.97102,-59.107506
1568,False,-28.066675,-27.895155,-28.167282,-30.615196,-28.999338,-29.447086,-26.829483,-23.695536,-28.16428,-36.048435,-28.548096,-27.662655,-26.232431,-28.29606,-30.909893,-27.522709,-32.585423,-36.61259,-37.523777,-40.67431,-38.659176,-41.241703,-41.922268,-45.010647,-48.371967,-48.58744,-49.27578,-50.141388,-48.751495,-51.869568,-54.18919,-55.83361
1600,False,-28.577517,-28.224375,-31.899036,-31.439478,-30.918217,-30.966318,-21.29957,-27.947264,-36.990986,-41.70993,-38.82041,-39.755722,-37.402973,-34.506527,-40.387367,-38.96829,-43.60675,-46.3055,-45.237232,-47.012276,-48.00535,-50.36525,-53.413826,-54.75119,-51.17099,-51.258545,-51.496857,-51.914833,-56.529343,-55.95242,-56.26207,-57.910835
1632,False,-25.062672,-25.532825,-29.01952,-33.051086,-34.142693,-34.195812,-24.103188,-31.517723,-40.322662,-41.069237,-40.13874,-40.70977,-41.636734,-41.03553,-46.803112,-45.07574,-48.585327,-49.721333,-46.314026,-47.980606,-50.055336,-49.506832,-52.557243,-53.951374,-56.421474,-54.119026,-50.850594,-51.68505,-54.827694,-56.252205,-56.79493,-57.81956
1664,False,-24.062252,-24.488983,-28.537182,-34.467854,-35.296974,-31.594978,-29.265182,-32.977245,-41.79574,-41.935997,-43.08494,-40.73558,-39.539734,-42.000603,-42.32828,-45.44872,-45.599022,-47.696022,-43.60154,-42.68196,-42.708164,-43.643074,-47.595703,-49.915043,-54.770542,-52.241703,-50.6007,-49.707954,-53.60683,-55.658077,-54.365936,-55.885033
1696,False,-23.334244,-23.321125,-24.449574,-28.269772,-32.3266,-29.634058,-28.853836,-30.910671,-37.51842,-40.330536,-38.694744,-38.428467,-35.41175,-36.884705,-41.488533,-40.19796,-41.279255,-42.86345,-40.413517,-40.31605,-44.301727,-43.157784,-45.49949,-48.455585,-50.317696,-50.487576,-50.339428,-50.635956,-52.832397,-56.0681,-55.894768,-56.880344
1728,False,-24.412012,-24.963707,-28.943188,-33.17544,-34.81429,-35.294266,-25.691061,-30.29824,-39.85662,-41.212063,-43.31511,-41.51735,-39.406437,-37.546974,-42.887653,-40.205612,-42.52166,-45.118977,-44.101295,-42.01948,-43.430084,-44.82814,-49.83694,-51.122963,-50.931744,-52.35369,-50.500603,-52.353783,-53.15481,-55.121265,-55.56504,-57.509117
1760,False,-23.488255,-23.932154,-28.522339,-33.343933,-35.32953,-33.39721,-26.729061,-34.107533,-39.593067,-43.780865,-40.69565,-47.89002,-43.918518,-45.697662,-46.513954,-45.875813,-46.224617,-45.530754,-44.49368,-43.181847,-44.733627,-46.669346,-48.87739,-53.942665,-53.142796,-52.283012,-53.689163,-51.80449,-54.530914,-57.905884,-56.06373,-58.370968
1792,False,-24.091415,-25.01276,-29.278145,-37.497128,-40.754143,-43.06908,-29.635147,-35.390884,-40.57155,-42.442863,-44.03816,-48.457214,-47.677055,-43.301525,-44.996796,-45.429695,-46.719437,-48.252712,-46.50577,-46.420055,-48.901978,-50.875854,-52.854305,-54.343056,-54.57254,-54.099926,-54.060215,-51.858887,-54.554256,-57.88319,-58.190224,-58.773514
1824,False,-26.092888,-26.223263,-29.105394,-36.324364,-40.804367,-39.71599,-30.916851,-37.936146,-43.20238,-46.02715,-47.053635,-46.011078,-42.419086,-45.894833,-48.711964,-49.265865,-49.189877,-49.625477,-49.147575,-44.325943,-45.590637,-48.480858,-51.24085,-52.851788,-57.2787,-55.017662,-53.462463,-51.2397,-52.8715,-57.283974,-56.789078,-57.416855
1856,False,-24.286423,-24.188307,-30.008465,-36.89861,-40.669617,-34.53407,-27.540228,-39.8413,-48.49893,-43.030983,-46.67812,-45.572453,-44.661324,-43.66661,-46.826164,-47.314568,-51.26448,-48.09848,-49.15262,-47.653633,-47.254223,-48.988274,-52.52014,-53.946335,-54.65281,-54.449852,-52.292194,-51.32265,-53.57372,-56.39143,-55.329918,-56.474365
1888,False,-27.137888,-28.440544,-30.908072,-37.04542,-41.075607,-34.058807,-29.484818,-40.81583,-44.69292,-42.486465,-47.14918,-44.760864,-42.389687,-41.60273,-45.349194,-50.08722,-50.282932,-50.98225,-49.126396,-47.538216,-48.045574,-49.276546,-50.893818,-50.31118,-52.41789,-52.626854,-51.583252,-52.514915,-54.423847,-54.33584,-54.383183,-57.709778
1920,False,-28.124935,-27.86367,-30.268833,-38.401924,-39.397694,-33.99653,-23.792017,-31.706741,-41.08578,-39.49137,-39.215473,-40.325005,-36.868595,-38.753414,-41.91629,-46.733124,-49.279858,-52.33862,-45.809536,-42.91133,-44.248104,-46.394405,-50.51571,-51.23724,-51.3027,-51.056107,-49.34308,-50.381832,-51.63188,-53.035538,-54.378628,-56.50068
1952,False,-26.123264,-26.498182,-28.942831,-35.071613,-35.970673,-36.542088,-22.129642,-30.891003,-40.7571,-39.862255,-42.328934,-43.15359,-40.632862,-39.209892,-40.218716,-45.06057,-49.873283,-50.04995,-47.327763,-45.676155,-45.879677,-48.532867,-52.13287,-51.582264,-53.66653,-51.890083,-51.39617,-52.27012,-53.588123,-55.718784,-55.364056,-57.37197
1984,False,-31.350763,-30.874008,-28.074673,-32.594303,-35.215893,-39.552387,-25.362324,-34.33452,-40.88226,-40.533222,-41.306477,-43.999825,-42.733387,-41.331238,-41.976467,-44.495544,-47.978626,-47.21401,-47.022938,-47.09075,-45.430153,-46.739307,-52.380047,-52.77286,-53.39075,-53.212204,-51.003113,-50.66019,-51.40604,-55.07484,-55.493927,-56.75329
2016,False,-29.295206,-28.850666,-30.20435,-33.85367,-35.641396,-37.137836,-24.999157,-36.467533,-43.415623,-40.642548,-40.88503,-45.146896,-42.321278,-43.105663,-46.980114,-45.86598,-47.42379,-46.312645,-46.47084,-46.94835,-46.148575,-47.312943,-49.024166,-54.77729,-51.982727,-52.05668,-50.52684,-50.59168,-52.021217,-54.803753,-55.31454,-57.211693
2048,False,-27.913378,-27.519566,-28.930866,-31.866266,-37.869305,-39.287544,-34.287125,-37.738945,-38.20547,-40.56172,-40.380226,-48.10961,-43.650528,-43.431973,-49.235725,-49.243217,-50.41863,-47.221695,-50.4244,-47.54498,-45.542316,-48.18149,-49.649666,-50.830338,-52.227024,-53.862526,-51.841064,-50.306152,-53.888966,-55.6938,-54.123558,-56.266857
2080,False,-27.294436,-27.888351,-29.747402,-36.399414,-39.31548,-35.059273,-27.40622,-36.93429,-38.59462,-45.350174,-43.82328,-42.38371,-39.182896,-39.129517,-40.211075,-39.340446,-40.637894,-43.783566,-48.744503,-45.794106,-45.167473,-46.769714,-48.314323,-50.997795,-49.5961,-49.505226,-49.108643,-44.79263,-41.43856,-41.788994,-47.230717,-47.871494
2112,False,-25.814083,-25.444107,-29.296833,-23.11144,-26.678982,-28.290268,-26.508411,-20.969057,-25.872536,-35.624825,-27.828371,-23.632374,-23.074112,-20.844461,-22.17368,-19.077831,-21.934841,-25.068369,-28.65039,-33.28673,-28.267591,-26.575348,-26.360426,-29.944351,-27.128428,-25.450768,-29.510557,-24.795084,-18.703796,-19.761852,-23.92008,-25.935902
2144,False,-23.076248,-23.287828,-27.654633,-27.95122,-29.283588,-31.343601,-28.47191,-29.045456,-34.817337,-41.695843,-37.597534,-34.914703,-31.32682,-32.048965,-35.16747,-31.909172,-35.31905,-40.182384,-41.055916,-44.16599,-40.942707,-38.39631,-42.123104,-45.799717,-43.2888,-40.481552,-39.319096,-38.66405,-36.138836,-36.58102,-37.967525,-40.63755
2176,False,-24.00201,-24.27805,-29.634617,-32.38719,-33.678574,-36.382202,-30.36516,-33.75358,-39.881817,-44.071346,-42.265953,-38.92426,-37.37889,-38.891254,-42.933456,-37.826267,-40.371063,-45.972244,-45.504807,-44.292274,-41.305878,-38.577972,-44.35701,-48.223385,-46.993393,-44.245316,-43.594208,-42.22059,-38.88048,-39.656975,-43.66467,-46.240997
2208,False,-25.776169,-25.775625,-28.40479,-35.328518,-39.780544,-36.487522,-26.716743,-34.741783,-42.123688,-45.468067,-43.87785,-41.49132,-39.089016,-43.213062,-44.452976,-41.845364,-46.097965,-46.449844,-45.53287,-45.332012,-43.2434,-44.791637,-46.596115,-48.002342,-49.833355,-46.532417,-45.179058,-45.266266,-42.21405,-44.86966,-48.725933,-51.854034
2240,False,-27.183899,-28.369625,-31.00402,-40.292744,-38.679176,-35.91036,-32.005383,-36.849033,-42.707386,-46.753506,-45.67207,-44.40067,-45.178764,-41.93396,-45.36676,-46.59371,-46.80091,-45.461544,-47.206825,-47.354412,-44.774956,-47.65027,-48.97325,-50.926125,-51.658485,-49.019768,-50.233665,-48.78961,-47.37444,-49.001217,-51.657673,-54.62072
2272,False,-27.364365,-30.242676,-28.771551,-39.163303,-39.179672,-35.46565,-31.150696,-36.787865,-43.873222,-44.87394,-44.768303,-45.310116,-41.773758,-40.74742,-44.76409,-45.55845,-45.940186,-48.82641,-48.662815,-46.83899,-45.919765,-46.245686,-51.60366,-51.909454,-52.829796,-49.40785,-51.28968,-49.44271,-50.830723,-52.172386,-54.511475,-56.58988
2304,False,-30.113518,-29.831255,-29.149174,-36.57881,-39.877716,-38.52402,-21.8031,-31.814367,-41.34931,-46.45468,-48.49277,-46.009537,-45.48725,-46.780285,-47.861275,-49.46876,-51.007378,-50.528664,-48.726864,-47.647545,-46.641926,-49.16234,-51.31488,-51.670364,-54.59644,-52.392025,-52.41465,-52.136765,-53.39946,-54.73187,-57.314335,-57.96582
2336,False,-28.522339,-33.3594,-28.611141,-37.488815,-42.204292,-37.116566,-25.294228,-35.195625,-44.417034,-48.616596,-48.060944,-49.790245,-50.04338,-47.426334,-47.448593,-48.20406,-49.64458,-52.78441,-47.8824,-46.246296,-47.732933,-51.352123,-53.04501,-54.054268,-53.055595,-55.56158,-53.44402,-52.057243,-54.24532,-55.5946,-55.16331,-57.146774
2368,False,-24.980408,-31.727524,-27.708376,-36.582912,-39.456448,-37.547707,-27.720875,-37.10222,-44.494972,-47.134724,-48.37502,-49.358826,-45.55355,-43.964584,-48.38466,-49.85901,-52.95775,-49.78697,-48.840363,-46.179497,-47.449116,-51.28523,-53.502316,-56.163986,-55.278305,-54.24057,-52.44018,-49.45292,-52.659172,-55.113335,-55.668823,-55.456
2400,False,-28.589626,-31.9547,-29.286781,-36.32911,-41.529118,-36.874653,-26.240746,-34.520058,-48.947342,-49.575428,-45.723793,-43.569565,-43.900093,-43.599354,-47.829536,-50.534016,-55.4151,-50.61516,-48.808487,-46.697853,-48.505936,-48.044056,-52.44407,-54.01074,-55.096367,-53.887142,-52.63664,-49.708572,-52.96226,-55.7159,-55.007507,-55.793724
2432,False,-25.085255,-26.71076,-29.736616,-36.936344,-40.593258,-37.62298,-30.362095,-37.08933,-43.081593,-47.097816,-49.591316,-47.7488,-47.11788,-44.973747,-47.693077,-52.524586,-52.79992,-51.53946,-48.558327,-47.108948,-48.7516,-49.99003,-53.949837,-53.448723,-54.476463,-53.74277,-54.296207,-52.60327,-53.762764,-55.4825,-56.258945,-54.94858
2464,False,-23.975489,-24.932348,-30.245302,-40.59636,-38.428062,-34.83105,-27.901379,-37.010593,-41.078636,-42.573246,-43.63347,-47.61722,-42.092926,-39.980682,-50.116127,-48.361202,-50.8273,-50.579903,-49.406948,-46.49904,-47.213577,-50.03037,-54.302597,-54.75524,-53.474007,-54.371086,-53.143276,-51.759,-54.89209,-54.66449,-56.018044,-57.649082
2496,False,-25.311327,-26.048668,-30.171028,-40.895226,-44.07844,-40.70952,-23.151224,-31.115746,-42.351704,-43.829575,-45.77485,-49.064938,-44.04394,-42.08654,-47.983246,-49.615112,-54.0659,-51.990623,-48.503777,-47.246483,-48.1864,-49.078083,-52.509827,-56.141914,-54.55922,-54.648438,-51.960632,-51.653664,-54.810642,-56.366096,-57.08418,-57.262325
2528,False,-23.082584,-24.409485,-30.253773,-37.40045,-40.10239,-39.75054,-28.376684,-35.742268,-41.13745,-44.212807,-42.681084,-42.49914,-42.82835,-43.082127,-47.400536,-50.019638,-48.678856,-48.75813,-49.356274,-44.38674,-45.677902,-51.072372,-54.75135,-55.483723,-55.67061,-54.28116,-51.738846,-51.53559,-53.711884,-56.009857,-55.969017,-57.529545
2560,False,-24.635162,-25.08319,-29.943964,-38.603264,-38.08218,-36.918156,-29.23672,-34.592052,-39.917595,-42.2854,-49.21351,-41.49707,-41.20379,-43.63653,-46.769543,-46.44275,-48.4215,-46.691227,-48.469185,-47.991455,-46.77231,-49.41474,-51.25746,-53.55519,-54.775078,-53.37458,-52.1291,-51.97262,-53.29563,-56.54464,-56.49733,-56.303253
2592,False,-26.165081,-25.932251,-31.83284,-36.8345,-41.15856,-34.718014,-26.96634,-35.765106,-41.181866,-40.466393,-44.947838,-43.27896,-39.415333,-42.9908,-48.173122,-47.96666,-51.646545,-49.812157,-47.231346,-46.473713,-46.27787,-49.985622,-51.210045,-54.759094,-52.639206,-54.363235,-51.998734,-50.790066,-53.880333,-55.72979,-56.306175,-56.649345
2624,False,-27.527979,-28.462427,-29.167107,-35.955128,-32.81549,-34.824333,-27.367365,-33.104195,-41.26047,-38.09427,-40.14797,-39.75479,-37.393875,-42.32595,-44.697224,-45.162636,-46.492764,-47.946823,-46.684578,-45.208687,-47.28492,-50.86335,-52.633556,-53.89496,-53.090015,-52.0177,-52.13916,-52.551826,-54.848934,-56.09571,-56.044956,-56.50297
2656,False,-32.487877,-30.792292,-28.42703,-27.248451,-23.596346,-27.58502,-27.650616,-22.94162,-27.597979,-35.86383,-28.274431,-26.336382,-25.393236,-28.088528,-28.812246,-27.057783,-32.087936,-35.858482,-36.85613,-41.022865,-38.12145,-40.228806,-39.773087,-44.408684,-46.34774,-49.467873,-49.650993,-51.006145,-48.57185,-51.425583,-51.344944,-53.81649
2688,False,-33.438812,-31.525833,-28.225388,-28.839954,-28.369484,-26.357058,-24.67334,-30.94385,-36.812717,-37.829033,-34.239906,-35.567337,-35.59284,-35.691525,-39.51499,-37.424828,-39.472588,-43.1391,-43.445015,-45.577274,-44.3991,-47.50341,-48.838,-49.687996,-50.7834,-51.93379,-52.617256,-50.79869,-52.86277,-57.456497,-56.185738,-56.427788
2720,False,-32.23816,-31.276455,-32.402626,-30.761013,-31.539059,-31.50759,-26.668108,-33.88916,-41.90888,-39.667088,-37.866737,-38.542572,-39.81986,-39.63028,-45.283447,-45.592857,-47.796345,-48.29853,-45.160515,-46.159748,-46.290924,-46.314888,-51.390984,-51.641533,-51.115074,-53.618397,-50.547543,-51.691956,-53.711605,-55.782875,-55.064777,-57.014435
2752,False,-33.118137,-30.602287,-30.415266,-37.55908,-31.69588,-30.55547,-26.578266,-33.208996,-37.503418,-37.50933,-37.23604,-40.282997,-38.504578,-39.366447,-40.38746,-42.04823,-40.946236,-42.91019,-46.049213,-44.4283,-43.709023,-47.441895,-48.888874,-51.855026,-52.44361,-49.85697,-51.431065,-50.152252,-51.606285,-54.017426,-54.237194,-56.841553
2784,False,-27.251621,-26.539886,-30.160774,-32.01901,-32.237114,-31.694012,-29.56799,-35.897778,-38.523335,-35.49376,-39.691906,-40.228786,-35.406166,-34.886814,-34.795307,-36.51393,-38.146435,-40.14259,-41.98155,-42.310303,-44.471478,-48.271107,-50.49144,-51.780327,-51.14734,-51.07134,-52.64527,-49.618446,-51.00923,-54.18872,-55.42719,-55.51071
2816,False,-28.258383,-29.939522,-30.229233,-30.223423,-35.1401,-33.300278,-29.337933,-36.17356,-39.784637,-41.63514,-39.790897,-42.64317,-38.754845,-36.8236,-42.46378,-45.14072,-41.235657,-42.782524,-46.303497,-45.873222,-48.22659,-47.52404,-50.517467,-50.889824,-52.926945,-52.62052,-50.23015,-50.98224,-53.833008,-55.895187,-55.517292,-56.418213
2848,False,-24.683447,-25.225788,-29.598053,-34.001507,-35.91394,-33.59772,-32.62037,-38.278164,-39.130005,-43.68943,-42.48709,-43.714966,-42.058952,-43.42666,-44.09024,-43.08654,-44.008392,-45.31445,-44.280373,-46.110374,-45.54636,-48.741795,-53.433186,-54.75779,-51.66805,-53.647617,-52.87664,-50.71267,-55.608105,-57.269417,-55.37869,-57.879368
2880,False,-25.134357,-24.0152,-28.220474,-32.92196,-41.456028,-38.942715,-30.777588,-38.156067,-38.85342,-41.53698,-45.241093,-48.65876,-45.386204,-44.597343,-44.727592,-46.912025,-48.012253,-45.310406,-44.190144,-43.865044,-46.315903,-48.696167,-50.18929,-52.123028,-52.915047,-52.362003,-51.346134,-49.51071,-52.061485,-56.410957,-56.493164,-56.469437
2912,False,-25.192213,-27.063835,-30.954887,-36.042572,-41.678333,-34.738743,-23.246803,-34.492615,-41.765938,-45.787205,-43.219986,-46.930336,-47.512173,-47.094654,-46.17867,-44.909267,-46.844254,-50.54444,-48.97715,-46.040783,-46.775127,-48.557453,-50.110817,-50.593075,-52.105118,-50.955124,-51.18216,-51.257668,-52.296158,-55.34532,-54.982193,-56.251396
2944,False,-25.837433,-26.104544,-29.023497,-36.986298,-43.555187,-36.40619,-26.594566,-40.098454,-42.127327,-44.275394,-45.704666,-46.004135,-43.24951,-44.736603,-47.43548,-49.25648,-52.003853,-51.55803,-47.61849,-46.73674,-47.55325,-48.334595,-52.768074,-53.43247,-53.306927,-52.513268,-52.219017,-50.742535,-52.359474,-54.489304,-53.9723,-56.145584
2976,False,-27.660877,-27.934021,-30.13304,-35.73293,-40.09668,-37.102253,-23.294556,-32.00339,-45.27466,-40.5625,-41.5332,-47.574432,-46.56787,-47.570427,-46.981907,-51.149273,-50.911102,-47.445713,-48.352226,-47.059532,-46.78301,-47.652363,-50.606224,-53.01228,-54.094864,-52.31021,-53.012383,-52.66666,-55.220352,-56.553574,-56.943623,-58.909256
3008,False,-27.977331,-30.325754,-33.89128,-35.245823,-40.15222,-41.87786,-21.05322,-29.908142,-42.26983,-43.5795,-47.46543,-47.085655,-45.826805,-48.008007,-50.44653,-47.181164,-50.737038,-52.37146,-48.760597,-49.32072,-47.61373,-50.838547,-53.705296,-53.83572,-53.363235,-52.755157,-53.08092,-52.753807,-54.668163,-55.51201,-55.996967,-59.36882
3040,False,-28.138857,-28.889105,-29.744743,-36.320835,-40.56727,-39.88264,-21.289959,-29.135208,-38.731613,-41.991386,-41.432007,-46.204647,-43.596054,-47.2152,-49.559994,-49.22926,-50.37723,-50.374264,-49.06965,-49.082626,-48.553013,-51.749462,-53.399323,-52.67842,-53.179718,-53.48549,-54.160713,-53.65479,-56.0402,-57.507805,-57.082527,-58.911663
3072,False,-29.480192,-30.397675,-28.29517,-35.689747,-49.655006,-40.033222,-29.733126,-35.908234,-44.89263,-45.05867,-43.086517,-47.736015,-45.074345,-46.57554,-54.143482,-50.31959,-52.153477,-48.15285,-49.450222,-48.307587,-48.859905,-51.411587,-51.693504,-51.249496,-52.45293,-53.718254,-51.752964,-50.971367,-53.767685,-55.653347,-54.188114,-57.551537
3104,False,-29.837132,-29.222057,-31.195992,-36.761402,-43.047287,-39.87021,-35.662468,-40.047527,-44.511486,-43.072124,-44.925713,-45.579803,-40.819374,-40.70799,-51.790657,-51.80626,-54.883762,-51.36593,-48.527298,-45.92318,-49.108295,-50.685192,-52.910748,-53.108315,-55.567585,-54.10114,-52.702866,-51.518322,-52.9316,-55.910114,-55.174767,-57.914444
3136,False,-29.578398,-31.24884,-27.264256,-33.73597,-31.638088,-34.068123,-27.88265,-36.896217,-45.236855,-43.181988,-44.055634,-44.586224,-40.449467,-43.800358,-45.641724,-50.943054,-51.974064,-50.23237,-49.657536,-46.90018,-48.196205,-50.22945,-52.751167,-54.28958,-55.040657,-52.789654,-51.23658,-52.454124,-54.945812,-56.15122,-56.92855,-57.097282
3168,False,-29.910316,-30.25536,-28.077278,-37.57629,-33.690357,-31.526411,-32.21933,-36.388035,-44.775604,-39.415737,-42.07644,-40.720535,-37.518456,-39.140045,-42.08761,-41.43593,-42.985306,-47.379898,-45.78403,-46.74992,-48.8761,-49.02691,-50.45858,-51.643032,-50.93775,-51.34748,-50.717503,-47.884346,-44.903847,-45.184555,-50.64515,-50.968704
3200,False,-30.487423,-29.60039,-25.971115,-22.301243,-27.032461,-28.84827,-25.103054,-20.619944,-25.983192,-35.04066,-27.44457,-23.497908,-22.815811,-20.63002,-21.87085,-18.98693,-21.853127,-24.977312,-28.363836,-33.690178,-27.931688,-26.36422,-26.219242,-29.550816,-26.727945,-25.249634,-29.161566,-24.342884,-18.24786,-19.31324,-23.906202,-27.014309
3232,False,-26.725967,-26.71502,-26.58146,-27.483242,-28.911804,-29.925518,-29.505962,-29.581009,-35.746227,-41.59718,-37.425102,-34.201218,-32.81405,-31.99408,-34.86128,-31.580551,-35.02603,-40.549362,-41.06846,-42.769466,-42.150402,-38.545193,-42.06208,-45.322918,-42.22906,-40.223953,-39.153,-38.28365,-35.405952,-36.063904,-37.755768,-40.316124
3264,False,-27.022358,-25.785309,-28.669395,-31.87361,-32.272972,-31.207132,-23.518326,-31.09795,-36.200314,-40.562744,-38.973396,-39.978756,-38.412685,-35.83568,-40.434643,-37.95117,-41.2725,-44.03234,-43.045086,-47.28723,-43.084877,-39.0439,-45.923553,-46.295166,-45.31938,-42.850166,-43.27021,-42.49445,-38.50243,-38.81276,-44.34921,-45.464382
3296,False,-24.363861,-24.819239,-28.958626,-35.80326,-38.740364,-33.747856,-19.125206,-29.289911,-42.13966,-46.823193,-43.528706,-44.466022,-39.7675,-38.635433,-41.104485,-40.37689,-43.369946,-46.28105,-45.805122,-45.572,-44.3395,-46.76705,-48.084507,-47.795868,-47.896114,-46.640625,-45.043198,-43.83304,-41.095688,-44.30385,-49.67968,-51.285942
3328,False,-25.02686,-25.048044,-31.531736,-36.81216,-39.21813,-35.903587,-24.42973,-33.870903,-44.97583,-44.87812,-46.454727,-43.20828,-40.905743,-42.540688,-47.4205,-46.930355,-48.222298,-48.63161,-46.423256,-47.378304,-47.138252,-47.71538,-50.64006,-50.12154,-52.836258,-50.927776,-47.762474,-47.999454,-47.869774,-48.676025,-52.385044,-54.734188
3360,False,-25.029123,-25.101398,-31.152378,-36.86462,-41.13295,-40.486717,-28.395798,-38.31054,-43.773064,-41.892197,-41.675667,-48.354523,-44.180595,-44.626602,-48.05049,-47.096653,-46.18174,-49.54548,-46.115158,-45.8403,-45.93165,-48.987823,-52.673725,-53.18775,-53.849392,-51.278603,-51.13962,-51.296688,-51.507095,-52.149906,-55.053192,-57.425278
3392,False,-24.867493,-25.126083,-29.118176,-40.9886,-40.59502,-37.19198,-23.888805,-33.763245,-44.504112,-44.787487,-44.621353,-46.54248,-45.307823,-43.21493,-48.00145,-48.51414,-49.351402,-49.24461,-47.65547,-48.572422,-51.43997,-52.57437,-52.77298,-54.91495,-55.036983,-54.432312,-51.834923,-52.51188,-52.679104,-54.348755,-55.734886,-58.74791
3424,False,-24.311802,-24.792702,-32.749287,-38.434395,-42.053276,-37.64622,-31.62346,-39.75647,-40.337185,-45.080605,-46.70013,-48.39848,-42.606373,-42.486248,-46.92555,-46.029915,-48.21882,-47.021107,-49.88212,-46.30341,-44.908653,-48.880352,-53.23364,-52.934883,-52.388344,-51.756805,-54.166035,-50.879787,-52.978966,-54.468567,-55.414925,-55.619743
3456,False,-24.630825,-24.669249,-27.002735,-35.850174,-38.913338,-32.893646,-33.469135,-42.123432,-43.860985,-44.93534,-42.544907,-46.53822,-43.45674,-45.271374,-46.386265,-48.121964,-50.73742,-50.119125,-45.009254,-45.418213,-42.77996,-48.3324,-51.466995,-51.062485,-51.797466,-53.209347,-52.609283,-50.612446,-51.902138,-53.67177,-54.544388,-56.203457
3488,False,-27.25353,-26.782978,-28.79839,-37.34879,-33.86946,-33.750317,-30.654573,-39.37342,-42.212376,-44.90276,-44.929657,-44.91046,-44.049038,-44.3827,-47.94865,-48.39833,-53.52076,-50.010902,-48.213696,-48.07781,-46.670856,-48.62887,-50.67759,-51.717793,-50.29505,-52.624054,-51.567802,-49.919113,-53.761135,-55.5875,-55.6548,-57.177483
3520,False,-31.078262,-30.202095,-30.09693,-36.82447,-37.96659,-38.57754,-27.17704,-34.97556,-43.16207,-43.275562,-45.135647,-47.270477,-44.18213,-44.01793,-47.2435,-51.00252,-56.422493,-54.355835,-49.705486,-44.868015,-43.162613,-49.313282,-50.962063,-51.320488,-53.618896,-53.815998,-52.591114,-50.03027,-53.120956,-55.7131,-56.632004,-55.789192
3552,False,-30.102404,-32.546146,-29.426876,-35.067333,-43.835327,-38.182224,-24.797098,-36.56192,-39.671246,-42.999706,-46.887077,-46.554188,-47.27303,-46.694862,-48.364025,-47.046944,-52.94411,-49.253822,-47.882076,-47.928505,-43.835735,-48.1183,-51.661034,-50.991142,-51.393738,-53.79708,-52.670307,-51.84544,-54.221043,-56.508068,-56.909008,-58.39225
3584,False,-29.177761,-30.16618,-31.192331,-36.51968,-39.400734,-37.84738,-24.474121,-32.65375,-39.06177,-41.913208,-43.588215,-46.59203,-43.62123,-43.425133,-48.641964,-50.486713,-50.65473,-49.354366,-48.87893,-47.225212,-46.7698,-50.3805,-54.32726,-50.711548,-50.686172,-54.07466,-52.781967,-51.937073,-53.107483,-55.513954,-55.762363,-57.741997
3616,False,-29.741932,-29.066902,-30.625725,-40.65123,-41.111164,-33.967346,-24.375298,-35.4507,-40.90676,-44.6679,-45.456947,-48.794395,-44.436954,-46.000156,-50.223587,-49.542725,-51.656517,-51.00349,-46.189926,-46.65667,-45.224464,-47.82836,-49.502235,-51.61899,-52.039383,-51.642155,-52.39534,-50.010155,-50.746803,-53.383274,-55.796185,-56.24304
3648,False,-27.990911,-27.4928,-30.588491,-38.040077,-43.146038,-35.956455,-29.961739,-35.863556,-43.73688,-44.709316,-46.976418,-45.324974,-45.566086,-48.025074,-49.530083,-47.179512,-50.81794,-51.68606,-45.67211,-45.951878,-45.019455,-47.5042,-50.77415,-52.905445,-52.352123,-51.72636,-51.659203,-48.9544,-51.171474,-56.443363,-56.02654,-56.528374
3680,False,-27.316208,-28.077328,-30.986559,-38.253407,-42.644672,-35.495285,-22.854927,-35.115276,-41.72341,-44.430027,-43.38841,-46.75563,-41.81552,-43.78724,-49.8559,-49.653355,-50.93378,-48.85221,-47.04784,-46.41209,-48.443203,-48.770184,-51.525517,-51.571545,-52.900105,-53.046986,-51.92904,-48.95979,-51.694542,-54.06041,-55.737766,-56.182915
3712,False,-25.666695,-25.610046,-30.380344,-34.492016,-34.6482,-35.452732,-27.669641,-29.439674,-34.40533,-39.387566,-35.539803,-31.366415,-30.739525,-33.594215,-33.841747,-31.814852,-35.106247,-40.00748,-44.10173,-43.43983,-42.691708,-45.710663,-45.28824,-49.37394,-50.354748,-51.284718,-50.983376,-50.45936,-50.847397,-54.252144,-55.662617,-56.40477
3744,False,-23.254211,-24.226961,-30.359838,-28.651054,-30.815897,-28.803177,-28.790901,-26.646671,-31.70172,-36.588207,-30.407293,-30.744514,-30.890196,-30.960627,-34.77892,-30.912418,-37.121475,-41.989628,-41.532177,-43.332466,-41.866154,-44.59281,-44.98644,-49.385887,-50.701557,-51.265293,-51.41354,-51.549282,-51.40648,-53.703445,-54.820156,-55.0696
3776,False,-25.728382,-25.900696,-27.17747,-31.902521,-32.713997,-32.522858,-25.781769,-31.457138,-37.329517,-42.671738,-41.222958,-43.66592,-38.750008,-34.017952,-41.145664,-41.71801,-45.78436,-46.12457,-47.492584,-46.61515,-46.463985,-48.480446,-48.980785,-50.34847,-50.998344,-53.923298,-51.605347,-50.296173,-52.87641,-55.258144,-56.547134,-58.607147
3808,False,-30.75401,-30.01249,-32.228695,-37.170635,-36.53025,-33.862473,-25.304403,-35.29215,-41.42731,-42.53669,-40.35401,-42.379154,-37.573532,-41.745514,-48.763702,-50.309334,-49.201656,-48.864956,-47.930153,-48.200577,-47.56288,-48.740005,-50.930935,-53.18563,-51.299843,-51.5276,-51.690186,-51.277885,-54.903473,-57.02162,-54.80037,-56.808662
3840,False,-30.741655,-31.37229,-31.834438,-35.610546,-39.18942,-38.67555,-29.96212,-37.08578,-41.249077,-43.902397,-45.170063,-45.160225,-42.61849,-42.648224,-49.505405,-46.42904,-52.076393,-47.566017,-46.310802,-45.10276,-47.3769,-49.744297,-52.473526,-51.951393,-52.65188,-50.301033,-50.098362,-51.01927,-54.01855,-55.77564,-56.018238,-57.19156
3872,False,-30.470669,-30.747746,-33.271935,-39.20269,-39.10989,-40.085556,-30.840261,-40.723667,-39.933342,-43.805332,-48.74918,-46.236794,-40.726532,-40.925934,-49.31913,-47.652527,-50.580406,-48.68577,-46.618515,-46.014313,-49.19676,-51.218193,-54.604343,-55.0674,-52.80484,-53.289085,-52.534096,-51.75904,-54.074593,-56.36749,-56.377495,-57.150135
3904,False,-26.098597,-29.896713,-26.428772,-34.628487,-40.678005,-36.954205,-30.522682,-36.730698,-44.600292,-41.615997,-42.813736,-44.59314,-43.199482,-44.51302,-48.00534,-48.77283,-51.482964,-51.67934,-48.51032,-48.171974,-47.456367,-50.401783,-54.27212,-55.559906,-55.640846,-51.422672,-51.720192,-53.8657,-56.75614,-56.34575,-55.46051,-57.59452
3936,False,-30.351559,-28.451775,-28.02717,-36.63175,-42.61786,-37.155716,-23.25445,-32.128525,-43.427395,-43.37721,-45.172516,-47.78495,-42.43667,-43.548832,-50.384945,-48.683056,-51.721848,-48.240036,-47.401196,-45.042194,-46.844673,-51.456146,-54.230972,-53.91764,-55.34891,-52.825466,-52.570263,-49.403347,-53.784554,-55.909466,-56.998672,-58.677986
3968,False,-31.553402,-35.06688,-32.54728,-36.460106,-37.8118,-35.81983,-26.30582,-36.08642,-45.02581,-40.599285,-39.699505,-45.817505,-42.887672,-45.594616,-48.71097,-51.983494,-49.163498,-49.390503,-49.614235,-48.046623,-45.917393,-49.4972,-52.313766,-53.443874,-52.46553,-52.58701,-52.75727,-51.033978,-53.34633,-56.75232,-55.141373,-57.147823
4000,False,-28.218906,-29.356749,-26.745152,-33.836155,-38.058353,-35.7418,-27.737463,-35.064358,-43.766884,-43.141636,-42.725212,-45.931953,-43.386284,-43.26226,-47.439045,-50.364937,-51.96379,-50.37761,-48.499683,-46.07575,-45.686035,-50.244324,-53.967243,-54.535446,-51.713978,-53.553547,-52.801327,-50.399624,-53.41083,-56.607697,-55.995216,-58.068848
4032,False,-25.345373,-25.797739,-31.612278,-37.227993,-44.058044,-35.651745,-29.55935,-36.49724,-41.421783,-42.74288,-45.21995,-44.304955,-40.498474,-39.840607,-49.435062,-50.58394,-51.553646,-47.254795,-48.58015,-47.830902,-48.947258,-51.21882,-52.935104,-54.664234,-55.00713,-54.31465,-51.467094,-51.019577,-55.156803,-57.44171,-57.787838,-57.325016
4064,False,-24.46392,-25.051554,-29.398224,-37.917637,-40.24964,-36.132954,-25.539541,-35.297234,-41.762524,-45.83118,-47.110466,-46.081284,-42.28887,-42.76834,-48.92666,-47.972206,-48.145794,-48.07179,-48.93028,-45.524796,-48.713585,-50.791664,-54.21887,-53.368183,-53.76436,-53.75731,-53.47223,-51.727585,-56.015015,-58.040527,-56.436615,-57.756668
4096,False,-26.837261,-27.43193,-28.349937,-35.11986,-39.843212,-37.07153,-29.026001,-38.848446,-41.893276,-47.02928,-44.047493,-44.744583,-44.13452,-47.361774,-45.635864,-49.633945,-53.685066,-51.154427,-49.36415,-47.33947,-47.496414,-51.114616,-53.308502,-54.683308,-54.50598,-55.457832,-53.176838,-51.49169,-54.97457,-56.955215,-57.139977,-59.028572
4128,False,-25.958942,-26.414917,-29.228928,-37.497017,-42.13854,-39.461018,-31.221342,-38.622673,-40.3616,-43.301334,-43.835266,-43.069298,-41.817516,-43.61232,-49.186844,-47.79709,-50.660343,-51.385914,-50.80913,-45.542732,-45.643368,-48.955883,-52.196423,-52.56296,-53.036213,-54.77172,-54.101162,-52.910046,-55.085606,-57.37966,-56.263844,-57.406597
4160,False,-24.65564,-25.439165,-26.503696,-36.699833,-42.40943,-36.59164,-26.31678,-36.80683,-43.81356,-46.54348,-45.994904,-46.87343,-44.50537,-44.38257,-48.21734,-50.07976,-50.50766,-48.76625,-49.05533,-45.743073,-45.65574,-48.51104,-51.88906,-52.921375,-54.147686,-53.7072,-52.56385,-52.28189,-53.31055,-57.343887,-56.92379,-56.551712
4192,False,-25.487667,-25.916222,-31.523115,-34.9793,-39.81339,-33.947952,-26.607136,-39.110817,-46.466274,-44.048084,-43.191982,-44.624763,-44.25894,-46.899372,-45.565475,-44.430923,-49.67634,-49.790756,-50.24048,-49.311924,-50.175606,-50.57286,-51.628704,-51.552853,-53.836308,-53.00167,-51.02629,-51.999546,-53.504753,-56.178036,-57.662865,-59.5086
4224,False,-27.000782,-27.291357,-27.915354,-37.755196,-38.366608,-31.490421,-22.508854,-36.81921,-43.279186,-41.62035,-42.35869,-43.016197,-39.707085,-43.043747,-48.99664,-48.06315,-47.47324,-49.66921,-47.276176,-46.478477,-49.099487,-49.347187,-51.92578,-53.06154,-54.068066,-54.872925,-52.529354,-51.989838,-53.186157,-54.976097,-57.035442,-58.42794
4256,False,-28.27492,-28.593998,-29.078194,-32.771763,-36.52716,-33.96998,-21.365545,-29.376526,-34.19881,-38.78443,-36.02321,-30.933493,-30.140991,-29.761765,-29.151302,-27.012842,-28.99384,-32.956356,-38.846355,-41.724037,-38.449112,-38.268566,-36.634468,-40.393745,-37.203423,-36.11603,-39.214424,-32.953865,-27.611973,-28.272476,-33.432774,-35.870216
4288,False,-24.996107,-26.01838,-28.987957,-24.282476,-27.328215,-26.140575,-25.129906,-22.082874,-27.65207,-32.790962,-27.977013,-26.148361,-25.269289,-22.091919,-24.302454,-21.702904,-25.171955,-28.10801,-29.38869,-34.62444,-30.03101,-27.59534,-28.75662,-31.940374,-28.92597,-27.098057,-31.752964,-26.91621,-20.733559,-21.777613,-26.557236,-30.536411
4320,False,-30.353493,-30.226309,-25.168314,-27.636766,-32.342323,-31.563427,-30.469446,-31.818233,-37.093933,-41.91819,-40.530468,-39.784676,-34.000584,-31.918793,-35.108887,-32.941902,-36.17849,-41.111507,-41.407166,-44.400993,-41.269535,-38.262142,-43.070263,-46.472214,-44.9206,-41.461163,-41.129005,-39.086937,-36.6159,-37.400517,-39.53601,-41.991383
4352,False,-29.939133,-30.271912,-28.80286,-34.25351,-34.656025,-34.748943,-29.044983,-33.003437,-39.020847,-45.454193,-41.90687,-39.003246,-36.972084,-37.39024,-41.660694,-39.272736,-40.885662,-44.266476,-44.195404,-46.606007,-43.555008,-42.557602,-44.723774,-47.414936,-47.10972,-43.819862,-43.983315,-42.95745,-38.466896,-40.457287,-45.471466,-47.70207
4384,False,-29.22261,-29.195518,-32.061085,-39.40349,-37.704567,-38.440285,-26.443987,-36.263103,-39.88749,-44.178604,-45.40045,-40.331886,-39.684853,-41.889706,-44.168823,-41.925816,-45.135544,-44.708614,-43.649796,-44.61741,-45.603203,-45.85928,-48.783966,-47.907887,-48.376675,-46.29797,-45.89102,-46.31386,-43.931885,-46.60434,-49.544224,-51.106224
4416,False,-30.132637,-29.684025,-31.247751,-35.35105,-37.964954,-38.203426,-33.56092,-38.694424,-43.102448,-44.410423,-46.07033,-42.993736,-42.74437,-47.47862,-47.21458,-43.955566,-46.193848,-48.042824,-48.487164,-47.177624,-45.160885,-46.208473,-49.27002,-53.964672,-52.16583,-49.67529,-48.954086,-51.057983,-48.491455,-49.65989,-53.599678,-57.501694
4448,False,-26.692411,-25.709799,-30.643559,-36.19018,-39.06181,-33.237186,-22.251425,-34.44892,-42.736984,-40.083126,-43.064075,-44.25866,-43.698166,-46.385387,-47.856148,-47.87982,-48.624653,-47.30341,-48.10952,-45.181866,-46.08734,-48.776024,-51.734905,-52.096104,-51.394836,-50.48287,-49.52686,-51.02408,-50.47401,-53.397034,-54.123177,-55.260017
4480,False,-25.83014,-26.346054,-26.366606,-34.80228,-46.7213,-35.959335,-26.13888,-34.518208,-42.73668,-43.59804,-46.133076,-49.705276,-47.426258,-46.1911,-47.889553,-46.225124,-51.058277,-48.142555,-46.61804,-44.157692,-45.52495,-48.93049,-51.983192,-53.34551,-53.329525,-53.04039,-51.768204,-51.637424,-53.20728,-56.52075,-55.71087,-56.474327
4512,False,-25.28056,-27.791994,-33.384953,-39.108215,-41.032337,-35.618332,-23.320217,-33.0443,-40.31642,-40.743793,-44.23507,-48.207554,-42.242363,-43.257004,-49.059486,-49.31073,-53.750885,-53.398453,-50.08814,-47.260597,-45.928425,-49.302288,-52.19381,-53.127197,-55.02728,-53.852745,-52.115837,-51.92305,-52.593388,-56.05239,-56.269386,-57.94957
4544,False,-27.385887,-27.146742,-26.326382,-34.271034,-36.845234,-32.65367,-21.011616,-34.156128,-41.847748,-44.35066,-44.504528,-48.95896,-47.235203,-47.13654,-49.267754,-50.026733,-52.239746,-49.84486,-47.103195,-45.661926,-45.49986,-48.075123,-50.779396,-52.488052,-54.529922,-52.3982,-53.681847,-52.214962,-53.09523,-56.27957,-56.336613,-57.780796
4576,False,-24.908075,-24.056263,-29.826136,-36.35591,-41.98101,-35.761177,-26.753334,-35.518562,-42.44037,-44.98423,-46.691658,-45.52459,-41.612095,-46.51859,-48.988804,-49.53445,-46.92218,-47.57309,-47.619263,-47.884125,-45.689922,-49.976135,-53.129536,-52.3263,-51.92933,-52.861748,-52.655144,-50.72472,-53.592575,-56.124798,-56.303574,-59.172264
4608,False,-27.289694,-28.105127,-29.331266,-36.72142,-40.49251,-37.07322,-24.458096,-34.877304,-40.193855,-44.56929,-44.984264,-46.018597,-42.02553,-43.099575,-46.518547,-50.3705,-51.235435,-49.360435,-48.147346,-48.86145,-49.362354,-50.873924,-53.594482,-55.30532,-53.927998,-52.606224,-52.06653,-50.73684,-56.46572,-59.61575,-58.423313,-58.98104
4640,False,-26.983963,-27.596685,-27.629124,-35.47407,-40.957275,-34.244534,-27.233372,-39.15714,-42.680573,-44.749874,-44.478344,-49.90059,-46.650482,-45.092274,-50.552216,-51.96653,-51.18822,-51.972015,-50.547676,-46.81282,-45.071037,-50.89701,-54.305023,-56.031815,-54.865,-54.16534,-53.330997,-52.975925,-53.86953,-56.24341,-56.441895,-57.449104
4672,False,-31.32357,-30.130217,-29.548431,-36.57122,-42.525757,-37.193775,-31.049553,-42.253807,-42.25735,-47.73728,-46.013165,-41.977993,-43.358513,-46.105362,-49.97147,-51.178894,-51.881126,-50.523373,-46.757896,-46.71825,-47.5244,-49.71874,-51.354362,-53.9271,-54.19546,-53.325577,-50.10125,-52.084305,-54.20692,-56.767517,-55.37315,-56.956017
4704,False,-29.211094,-28.57259,-28.716967,-35.531563,-41.614548,-38.795334,-27.23602,-40.978653,-44.101406,-46.075264,-49.858784,-47.35434,-43.390003,-48.364235,-50.62082,-50.357174,-50.27973,-52.821915,-48.399807,-46.106876,-45.84059,-48.207603,-53.26272,-54.947205,-53.34486,-52.50734,-52.941303,-49.842476,-53.16954,-55.96989,-54.88611,-57.244076
4736,False,-34.233208,-35.372917,-34.144104,-42.20398,-38.98203,-33.051228,-20.300297,-34.246517,-43.72848,-47.027565,-47.856148,-45.86203,-44.60228,-45.873318,-46.617004,-48.845467,-50.50434,-48.570614,-48.742386,-49.093925,-50.098434,-49.603516,-53.638702,-54.461464,-53.27855,-54.890694,-52.460823,-52.133408,-56.03916,-56.923756,-56.243134,-57.510406
4768,False,-33.149345,-32.980373,-27.321716,-39.359486,-39.16021,-37.01577,-24.704206,-37.50222,-48.15719,-43.69617,-43.873486,-46.080246,-41.23986,-44.456745,-49.282154,-48.71265,-53.31086,-52.129597,-48.26892,-47.8944,-48.86664,-52.456703,-52.97861,-55.293877,-53.905903,-53.379593,-52.295235,-53.661938,-57.169228,-58.186382,-56.937843,-59.260864
4800,False,-29.230068,-29.647266,-27.693302,-32.025787,-32.042347,-31.856382,-23.844301,-30.58136,-33.80668,-40.90706,-35.984608,-31.655712,-30.30712,-33.741203,-34.210785,-32.0718,-35.925117,-40.523026,-44.36939,-46.224457,-44.112923,-46.173897,-46.182247,-50.03707,-51.95378,-51.81508,-50.964104,-51.29947,-53.622623,-54.752876,-55.584602,-55.996544
4832,False,-25.760271,-27.080181,-27.667606,-29.94888,-30.500656,-30.379122,-24.12795,-26.103077,-31.465752,-37.344357,-30.783442,-31.248243,-30.526546,-30.488003,-34.483765,-30.891102,-36.76278,-41.761913,-40.51506,-43.328224,-42.182064,-43.05208,-45.83716,-49.96383,-50.65619,-51.446156,-50.02517,-51.311077,-51.049873,-53.757027,-53.954056,-55.678864
4864,False,-25.425283,-26.056942,-27.290833,-32.244804,-31.47892,-32.422756,-30.977715,-33.48541,-39.341618,-41.090378,-39.53975,-41.405685,-37.275356,-34.183918,-41.141277,-41.33101,-44.902744,-48.52139,-46.77563,-45.36136,-46.69828,-49.98754,-50.422283,-53.25332,-51.858315,-52.371582,-51.55237,-51.130424,-52.53459,-56.67498,-56.55495,-56.438503
4896,False,-23.306282,-23.718105,-33.297432,-32.619812,-36.277275,-33.008545,-25.177544,-39.430855,-40.68164,-41.17365,-37.76998,-39.406235,-38.283707,-42.741512,-48.35073,-45.69872,-49.498703,-47.77704,-46.361946,-47.41735,-45.374535,-47.74433,-50.918114,-52.838234,-53.449852,-53.241005,-52.088715,-51.0062,-53.881073,-57.44165,-57.148666,-57.59292
4928,False,-22.595652,-23.389347,-26.655638,-32.860172,-38.325306,-31.076267,-20.879316,-35.278008,-41.800514,-44.705997,-43.028023,-43.31276,-41.458096,-40.85302,-46.55441,-47.519,-51.082195,-49.006836,-47.987724,-43.98052,-46.925705,-49.410473,-52.18643,-53.89518,-53.57193,-51.623096,-52.08174,-52.49252,-55.83203,-57.894226,-57.605835,-58.53145
4960,False,-25.856365,-26.04686,-30.460155,-37.728092,-42.12643,-34.5907,-27.516834,-40.000233,-42.044296,-43.8316,-49.208187,-45.219997,-41.806316,-44.1432,-49.37357,-46.651176,-51.859886,-48.18939,-46.879063,-47.64028,-47.8999,-49.855732,-54.164734,-53.94018,-54.929005,-54.324844,-52.14604,-51.593895,-56.312317,-58.068966,-57.274956,-58.173767
4992,False,-27.062826,-27.655622,-28.41259,-37.468723,-36.267113,-35.21175,-29.390078,-39.924847,-41.746284,-43.1078,-44.848095,-45.129757,-43.01109,-45.186867,-49.77063,-50.04463,-51.25173,-48.54531,-48.669563,-49.188362,-47.320175,-53.34691,-53.698116,-54.760033,-56.1928,-53.57183,-53.23376,-52.83214,-55.309696,-58.0352,-55.94893,-58.048763
5024,False,-28.553322,-30.503487,-27.226248,-34.267033,-42.828697,-38.21301,-25.743294,-35.626347,-42.99556,-44.007954,-46.971375,-47.769028,-40.991913,-42.22583,-49.776917,-49.73547,-51.426613,-49.01873,-48.804836,-46.39616,-47.77081,-49.893307,-51.16322,-54.42264,-52.656845,-54.669308,-52.281376,-51.635517,-54.16385,-56.44491,-54.994637,-57.341503
5056,False,-27.598637,-28.218536,-32.412003,-36.746765,-43.054943,-34.46946,-23.99302,-33.506817,-44.3114,-44.845383,-51.081604,-48.49501,-40.477875,-40.864418,-50.911556,-49.66626,-51.353497,-47.252193,-47.4134,-46.170624,-44.98363,-47.61212,-51.208107,-52.432953,-53.736416,-51.972107,-50.40211,-50.46188,-53.130882,-56.64821,-54.507637,-56.249813
5088,False,-29.199657,-29.20776,-30.98503,-39.718655,-43.06484,-32.51277,-21.990822,-33.07685,-42.28293,-42.722458,-49.35073,-46.006184,-42.46013,-43.39099,-48.907093,-49.707466,-54.525547,-49.49366,-46.265953,-45.425896,-47.235847,-50.62208,-52.32817,-51.75733,-53.1061,-51.765625,-51.540726,-51.348156,-54.969105,-56.3904,-54.6776,-56.700035
5120,False,-31.657125,-32.05778,-27.977814,-34.737156,-38.73354,-32.17029,-22.506826,-37.198177,-40.826904,-44.28502,-46.89595,-47.623383,-42.925816,-45.13151,-51.55289,-51.566334,-52.671837,-50.64735,-45.505417,-46.192284,-48.240166,-50.20616,-54.420982,-53.653088,-52.48686,-52.446686,-53.025803,-51.756645,-54.881786,-56.773537,-55.854725,-57.030975
5152,False,-29.894268,-30.534945,-30.806164,-38.58722,-42.318756,-37.32033,-23.304941,-35.55658,-44.812965,-43.95211,-48.587456,-45.83869,-45.488262,-45.940704,-48.913345,-50.43543,-53.419193,-48.30322,-46.79439,-45.4203,-45.49022,-49.932343,-51.840836,-52.745537,-53.600258,-52.210213,-51.3345,-50.337543,-53.98521,-56.775574,-56.048046,-57.035442
5184,False,-27.496883,-28.33349,-29.12481,-35.589886,-42.379185,-31.066845,-20.084469,-34.00848,-41.69798,-40.567833,-43.46624,-46.878838,-44.80683,-46.829056,-50.07675,-48.371044,-51.424175,-51.11006,-49.74171,-46.831936,-46.225548,-48.183502,-51.953613,-54.98453,-54.035755,-52.562714,-51.68017,-50.054024,-53.02908,-55.55712,-57.008766,-56.503113
5216,False,-30.617058,-29.668036,-29.894064,-35.076145,-40.227257,-33.406708,-25.540657,-34.40307,-38.56408,-48.34095,-47.6931,-44.85165,-45.680084,-50.235672,-51.10151,-50.21486,-50.96455,-49.593544,-48.06704,-46.37851,-44.20673,-49.049316,-51.965084,-52.324963,-53.344795,-52.000576,-52.12658,-50.36206,-52.131813,-54.11223,-54.334625,-56.073727
5248,False,-25.131313,-26.818707,-29.67323,-34.45253,-40.966965,-35.05384,-26.028025,-34.71132,-43.686325,-48.59428,-50.45826,-46.646538,-43.839806,-49.091843,-48.964302,-48.96185,-50.51023,-50.71755,-46.658405,-45.110313,-46.504803,-49.9518,-53.205956,-53.41782,-53.88983,-53.920197,-52.072014,-51.3176,-52.88698,-55.51078,-55.17662,-57.637333
5280,False,-25.0094,-25.37865,-30.814102,-39.490116,-44.765297,-32.239517,-22.805712,-36.187992,-40.029522,-43.158745,-41.87333,-48.91536,-43.821354,-44.139732,-51.371494,-48.47255,-49.81465,-49.292374,-50.841797,-47.516434,-46.935577,-47.996845,-53.885735,-54.18004,-53.012466,-51.458515,-51.428284,-51.77454,-52.498833,-55.117645,-56.673775,-58.417824
5312,False,-24.621084,-25.418247,-26.594904,-34.233322,-41.424946,-32.173573,-22.330605,-39.665424,-41.82132,-45.718857,-45.566425,-43.10499,-40.986847,-41.872795,-50.595444,-50.202225,-54.987125,-49.848328,-48.043564,-49.115276,-47.58949,-49.961857,-51.88082,-53.600735,-53.744324,-52.369705,-53.638977,-52.222706,-53.20013,-56.08339,-55.753246,-57.913506
5344,False,-23.354347,-24.3217,-30.1822,-28.17693,-31.732035,-32.95348,-21.353848,-24.140026,-29.98938,-33.909306,-31.181831,-26.021095,-25.510635,-24.685795,-24.758532,-21.907433,-24.076702,-27.689285,-33.23115,-38.78922,-32.16822,-32.458366,-30.884008,-34.483105,-31.509148,-29.647614,-33.406548,-27.145397,-22.027407,-22.717422,-26.575003,-28.804111
5376,False,-25.118315,-25.184036,-28.495754,-25.876118,-28.237091,-26.089157,-21.733643,-24.250061,-30.464277,-35.397057,-30.341616,-29.749142,-28.882544,-24.38889,-27.611687,-25.039543,-29.525358,-32.58765,-31.505747,-36.39063,-33.031647,-30.272543,-32.979866,-35.78259,-32.6598,-30.307558,-34.34421,-30.427893,-25.036352,-26.343824,-30.02431,-32.26835
5408,False,-28.53732,-28.33026,-27.624456,-29.38602,-34.89416,-33.21837,-20.603655,-28.675852,-35.99365,-40.495,-38.76243,-36.47472,-33.507202,-31.27089,-35.975796,-36.62575,-37.913845,-43.382484,-40.826538,-42.97682,-42.029797,-40.163643,-43.482952,-44.82746,-44.462017,-41.510677,-41.762016,-39.61274,-37.603645,-37.825417,-41.173187,-44.723923
5440,False,-27.533491,-27.610287,-30.702417,-30.799252,-32.131874,-33.693153,-26.415956,-35.764282,-38.717274,-41.1615,-41.27165,-42.1598,-42.743065,-40.448547,-42.844196,-38.915245,-41.23392,-44.352654,-45.026283,-42.94334,-44.753384,-42.31235,-45.36416,-48.78258,-45.815216,-44.620094,-45.18456,-44.48408,-39.56078,-40.87417,-46.32705,-48.662487
5472,False,-27.983534,-27.76615,-26.680433,-33.053764,-35.77231,-34.69728,-29.049044,-38.592175,-40.094177,-42.435757,-41.39312,-41.004543,-39.830326,-43.349808,-44.700184,-41.656815,-48.738808,-44.007343,-43.25756,-44.96884,-44.827747,-46.433273,-49.12607,-49.95853,-49.580517,-46.920853,-47.387627,-46.514473,-44.70417,-46.58976,-50.602116,-52.222805
5504,False,-35.90005,-35.21176,-29.294577,-34.67632,-39.31971,-33.6972,-21.62884,-34.012638,-44.571274,-40.41166,-42.21645,-43.222393,-39.309597,-40.68074,-48.05272,-48.20466,-49.039413,-47.199234,-47.554504,-45.461067,-47.556614,-46.533985,-48.788094,-49.842182,-51.549316,-50.216003,-49.114777,-49.323803,-48.991066,-50.374645,-53.77897,-56.119705
5536,False,-31.62792,-30.662405,-27.041973,-33.95586,-43.742985,-36.857105,-27.232359,-39.724163,-43.11847,-40.64155,-40.183044,-43.205143,-41.680122,-44.2137,-49.122887,-50.344807,-47.480072,-48.496628,-47.239098,-43.666115,-44.611263,-49.299488,-52.443436,-52.780262,-51.016075,-52.03953,-50.690342,-51.741127,-50.8168,-52.247955,-55.262447,-56.276558
5568,False,-29.366772,-28.692783,-25.250921,-33.776417,-43.52032,-32.722332,-21.792776,-35.79091,-42.75659,-44.215435,-44.975544,-45.793755,-42.03396,-40.39769,-47.561478,-47.29438,-49.580482,-49.52537,-48.338707,-45.78151,-45.297504,-47.325752,-51.001907,-51.758667,-51.842213,-50.584522,-50.95645,-50.5931,-51.153236,-56.590324,-56.849976,-57.15008
5600,False,-28.864662,-31.42728,-30.80801,-31.859932,-41.316124,-30.634394,-18.342121,-31.57668,-43.931087,-50.205807,-51.939926,-44.975746,-42.835518,-46.997677,-47.19852,-48.555447,-51.389576,-52.5388,-49.891125,-44.824596,-45.96238,-49.07938,-52.350517,-52.3833,-53.746334,-54.111206,-53.567528,-52.32778,-54.55113,-55.85834,-58.39666,-58.638973
5632,False,-26.250746,-26.02093,-28.757973,-36.627785,-45.419563,-38.473507,-24.961798,-37.191586,-40.840256,-41.766014,-46.05734,-46.909447,-44.505367,-47.26965,-48.96135,-47.765446,-50.124317,-50.056145,-47.874256,-44.57052,-47.08946,-51.49784,-54.482006,-55.760796,-56.64223,-53.49717,-52.688084,-53.079086,-55.465847,-56.861076,-57.509766,-58.084675
5664,False,-24.867657,-26.681263,-30.695396,-37.28233,-46.04723,-34.61983,-21.059235,-34.4017,-46.52155,-42.926895,-46.80128,-46.889572,-41.460823,-42.443687,-50.585587,-49.37488,-49.87796,-49.658867,-49.362244,-49.401527,-48.796295,-51.69052,-53.88466,-55.595135,-54.47762,-54.018322,-52.86407,-51.850925,-54.664917,-59.12864,-57.85579,-58.42922
5696,False,-23.199345,-23.883915,-28.349573,-34.67926,-43.482048,-32.33806,-20.68047,-34.847454,-43.671307,-42.79905,-44.795948,-50.308685,-43.993763,-44.35048,-50.93631,-49.000477,-50.450226,-52.74302,-51.501663,-47.106255,-47.286346,-50.91936,-54.437836,-54.41233,-55.579945,-55.463596,-52.946518,-54.340843,-54.21942,-57.5187,-57.022575,-58.966007
5728,False,-28.09428,-28.399832,-28.131464,-34.665592,-44.13983,-37.87399,-23.67362,-36.29435,-43.282375,-43.042103,-43.845634,-44.309124,-43.56358,-42.919674,-49.426834,-49.099174,-50.389374,-50.179512,-51.10798,-46.411697,-45.388474,-48.776604,-52.203026,-52.799393,-54.671787,-53.912296,-53.774063,-52.114098,-52.817955,-56.09135,-56.219162,-58.3808
5760,False,-26.291134,-27.082123,-30.404894,-35.253002,-42.860405,-36.571102,-26.36538,-34.5073,-44.90053,-43.49772,-43.926117,-46.67007,-41.400852,-43.874817,-52.69976,-52.796623,-50.903095,-49.440643,-49.48124,-46.056694,-45.641018,-47.373505,-51.729073,-52.24526,-52.113983,-52.158966,-52.362244,-52.2106,-54.75849,-57.453457,-55.226116,-57.339027
5792,False,-24.414478,-23.99067,-27.864822,-37.73282,-39.67971,-33.109547,-22.902222,-39.983883,-47.035175,-39.200092,-40.12213,-46.975407,-42.81448,-44.819275,-48.042637,-50.31495,-49.675606,-50.9599,-49.674515,-47.268974,-45.90677,-51.15235,-54.489025,-55.85051,-53.761364,-52.64084,-51.735794,-54.154247,-54.912033,-56.957542,-56.031265,-57.169098
5824,False,-25.242619,-26.83013,-31.243008,-41.84978,-44.401222,-30.05693,-18.485136,-33.21957,-44.77541,-43.807415,-45.280933,-48.037857,-44.730934,-42.220856,-51.138363,-52.4987,-51.501762,-50.568043,-51.221905,-48.712467,-47.443165,-50.64749,-54.199787,-55.62958,-54.43478,-54.844513,-52.35041,-54.38229,-55.54191,-58.127975,-55.754753,-58.729225
5856,False,-27.924328,-28.051105,-26.021984,-35.873173,-42.19314,-33.257412,-23.541777,-33.881668,-46.60934,-41.08881,-43.25814,-44.81308,-42.22535,-47.140747,-50.742283,-48.482727,-51.292145,-49.94066,-48.25473,-49.385124,-48.343426,-50.05968,-52.14079,-55.908413,-53.88598,-54.98733,-52.521404,-51.136116,-52.919014,-57.74271,-56.2521,-58.84976
5888,False,-29.897236,-32.040527,-27.370373,-29.854668,-28.763685,-29.958836,-19.34638,-24.937963,-31.582085,-38.022236,-30.615532,-27.639133,-26.00307,-30.54361,-30.623606,-28.556713,-32.04655,-36.248417,-38.51568,-41.383156,-39.71261,-42.604137,-42.21031,-45.515076,-48.41539,-49.28432,-49.530445,-50.757217,-49.158512,-51.415085,-51.89062,-54.641777
5920,False,-31.623297,-32.846535,-31.188694,-30.877932,-31.499502,-28.525543,-21.576555,-27.222425,-34.26532,-39.32032,-33.928547,-33.651604,-33.50214,-34.12893,-38.319527,-33.731075,-40.66937,-47.561245,-44.490757,-44.82009,-43.884277,-45.410507,-48.60517,-50.98299,-51.69487,-52.992874,-52.48423,-52.38497,-52.316994,-55.027348,-55.799694,-55.26569
5952,False,-27.056255,-29.29675,-30.338278,-35.273075,-34.944035,-32.69319,-19.071543,-27.096153,-38.246357,-41.088272,-40.40804,-38.211136,-36.09246,-34.038597,-42.90398,-43.69622,-46.88456,-50.078133,-48.72459,-46.970387,-43.77574,-48.430676,-53.59218,-52.62964,-54.20028,-53.52533,-52.001617,-51.563217,-54.06326,-56.251453,-56.556835,-57.563072
5984,False,-28.306877,-30.506302,-29.581326,-36.54861,-36.476353,-31.139301,-22.214302,-31.601126,-42.79248,-45.06874,-41.831573,-41.86051,-37.727608,-38.261116,-46.718613,-45.865955,-50.37047,-49.09107,-48.134094,-44.15789,-46.062065,-50.119785,-53.59732,-54.413757,-55.036003,-53.28356,-51.902103,-50.784462,-54.406124,-56.219807,-55.704033,-57.12459
6016,False,-29.286015,-30.599674,-27.81496,-37.254063,-42.415775,-34.203964,-21.267006,-32.1238,-41.552986,-44.232033,-45.36366,-43.32881,-40.30883,-41.608078,-45.75216,-49.581314,-54.760445,-47.78883,-45.683456,-45.07452,-45.25417,-49.449715,-51.235916,-52.665955,-54.743233,-53.646755,-52.043373,-53.13469,-55.658234,-57.549797,-57.181927,-57.63581
6048,False,-25.618773,-26.674,-29.20259,-36.79606,-40.17139,-33.70933,-23.657394,-36.34481,-41.73204,-44.956787,-45.53383,-46.563385,-43.66547,-43.797478,-47.159348,-49.666153,-50.598446,-47.100445,-48.62345,-45.023407,-45.760464,-50.048096,-54.012394,-52.709232,-51.375233,-51.605156,-51.019917,-50.54422,-53.4433,-57.517246,-56.47901,-56.77478
6080,False,-24.744251,-24.692938,-27.973804,-36.219124,-38.37626,-33.05536,-28.716114,-37.988937,-44.164978,-41.905094,-43.409634,-44.19746,-43.791725,-46.218613,-49.708004,-50.385223,-54.755363,-47.40808,-48.39872,-45.080215,-44.427223,-48.82865,-53.126278,-53.087574,-52.35849,-53.076317,-50.779716,-48.95529,-52.231174,-55.352905,-54.376488,-56.349377
6112,False,-23.40652,-24.02266,-31.784384,-38.78671,-39.010128,-38.27494,-27.7156,-37.79783,-42.01722,-46.159252,-47.512825,-45.90864,-42.647934,-43.714333,-46.639656,-48.906105,-49.818626,-50.6498,-46.568474,-46.866753,-45.87753,-47.538208,-52.17547,-50.37851,-52.79165,-51.27468,-50.85671,-50.699577,-52.63343,-55.767723,-55.5583,-57.512516
6144,False,-27.717379,-27.776869,-29.964771,-39.965885,-42.187725,-33.431324,-22.510157,-38.78669,-44.086117,-42.76823,-43.31764,-45.986782,-44.353924,-46.081238,-47.47767,-48.397346,-50.902374,-51.05539,-48.62719,-45.569515,-47.01572,-47.42407,-52.1308,-52.35917,-50.58738,-50.831398,-51.732033,-50.417385,-52.463604,-56.043835,-55.218933,-57.857403
6176,False,-24.91746,-26.066162,-27.242569,-35.57365,-42.94437,-33.57577,-22.157686,-38.761173,-43.174194,-40.450287,-42.039055,-49.72815,-42.375023,-44.48239,-54.02294,-49.019165,-53.840225,-49.34729,-51.881805,-50.334267,-47.72107,-48.155956,-50.990276,-52.65478,-53.276333,-51.77314,-51.218933,-52.24869,-54.990746,-57.007652,-57.003193,-58.20777
6208,False,-25.98835,-26.274254,-31.561546,-37.98984,-42.00455,-36.198235,-26.45486,-35.59762,-41.654938,-43.032307,-46.6803,-47.073723,-42.67064,-47.420242,-49.996445,-48.752674,-53.807503,-49.592422,-47.290833,-45.041195,-46.975143,-50.255226,-51.13125,-53.647385,-53.375134,-54.597763,-53.336235,-50.766926,-53.30082,-56.124214,-56.745026,-57.68316
6240,False,-25.667557,-28.54722,-31.032555,-37.99939,-42.672134,-36.182827,-22.923397,-31.255777,-44.048405,-41.95794,-45.963135,-49.931644,-45.132565,-41.28908,-47.88605,-45.586983,-50.7956,-49.48449,-48.666718,-46.04722,-46.82213,-48.23006,-50.65757,-52.517555,-52.46853,-53.414528,-53.538933,-50.974815,-54.352493,-56.63714,-56.39537,-57.55101
6272,False,-28.927471,-29.769575,-29.290817,-36.619114,-44.10415,-37.656673,-25.064083,-34.356762,-44.672195,-39.60152,-41.73632,-46.288925,-47.3206,-49.33602,-48.275154,-50.120758,-51.1457,-51.033325,-51.622223,-47.633583,-46.347366,-51.501907,-52.361725,-52.78852,-52.811657,-54.051613,-52.101334,-48.952812,-52.422836,-56.532803,-56.930336,-56.156487
6304,False,-28.783794,-31.514942,-35.706467,-42.740433,-42.376026,-39.333466,-32.24142,-41.072823,-45.905193,-42.395443,-43.87907,-46.339153,-42.207657,-46.339424,-45.56579,-48.134567,-50.625694,-48.57882,-48.57857,-44.511814,-45.526863,-50.244007,-50.26707,-52.71546,-51.7419,-52.672348,-51.645042,-50.492126,-52.96742,-56.708694,-56.19655,-58.723236
6336,False,-29.609568,-28.670866,-25.376863,-34.579742,-40.704025,-39.606274,-34.62691,-43.011093,-44.21232,-42.93304,-43.910786,-47.881477,-44.847008,-45.971535,-47.559925,-50.229492,-50.12548,-47.65854,-47.920006,-47.948982,-45.960537,-45.764694,-50.334225,-52.863102,-52.335606,-53.51471,-52.953697,-51.55857,-54.30756,-57.15924,-56.41246,-57.610226
6368,False,-30.521843,-34.78991,-32.09322,-39.597286,-38.534943,-39.602234,-31.852226,-39.859283,-41.89346,-39.30022,-42.810726,-49.958176,-46.25532,-42.949287,-50.338852,-50.043686,-50.89594,-52.82611,-50.23376,-48.473515,-47.90689,-49.00557,-50.121532,-54.251884,-54.272667,-54.395947,-53.122734,-50.225044,-54.652294,-58.54793,-58.448555,-58.858498
6400,False,-28.110464,-28.341122,-26.67952,-35.050533,-37.83221,-37.60191,-33.052574,-40.497383,-43.831665,-46.12359,-47.77095,-46.68167,-42.63105,-41.539387,-49.510178,-48.550297,-50.805855,-50.380943,-48.42614,-45.644794,-45.656097,-48.63619,-53.657875,-54.574036,-53.736378,-54.68364,-52.502907,-50.210556,-55.289425,-56.616127,-55.634758,-58.53275
6432,False,-23.945854,-24.136963,-27.802887,-24.04318,-27.43247,-26.53735,-21.098604,-20.930038,-25.768644,-34.1703,-27.547972,-23.174925,-22.211588,-20.606041,-21.630957,-18.471577,-21.161285,-24.243448,-28.569958,-34.39248,-28.55228,-27.135935,-26.175444,-29.80658,-26.767809,-24.923443,-28.6866,-23.98071,-18.404888,-19.30043,-23.32287,-24.4032
6464,False,-24.40524,-24.640755,-30.309307,-28.496647,-30.314142,-27.358215,-25.792557,-29.676924,-35.851864,-41.61058,-36.021366,-33.917763,-31.944214,-30.58863,-34.071728,-30.496632,-34.04331,-41.474846,-37.734966,-40.733192,-39.006336,-37.598354,-40.635605,-43.941612,-41.86079,-39.081192,-38.618095,-37.351383,-34.56175,-35.020615,-36.426247,-39.313934
6496,False,-25.197393,-24.604761,-28.434425,-32.465702,-33.193043,-34.710133,-26.640818,-32.60736,-38.736843,-44.947746,-43.17933,-39.84601,-38.45839,-34.976257,-40.261234,-39.380184,-42.512356,-44.515053,-42.99182,-44.359776,-41.804634,-39.975334,-45.10491,-46.57179,-44.691433,-41.994938,-43.364693,-41.22313,-39.644436,-39.349686,-42.517044,-45.537704
6528,False,-27.28081,-27.657192,-31.548908,-33.593796,-36.977234,-34.71721,-28.023792,-39.68874,-41.902294,-41.49318,-40.203445,-43.36589,-42.864765,-41.93891,-42.31148,-40.702377,-42.62613,-44.280006,-46.33432,-46.100597,-45.331886,-45.06227,-48.76421,-49.571396,-49.37225,-46.62695,-46.3845,-45.930695,-40.301937,-43.493233,-48.74609,-51.018112
6560,False,-23.265411,-23.309954,-25.60431,-34.785484,-38.824764,-34.10638,-26.776817,-36.341908,-43.378265,-39.486526,-41.034035,-41.081463,-39.812283,-42.159836,-45.69075,-47.074375,-48.187065,-45.931034,-45.04522,-45.295544,-43.873344,-47.011528,-49.20176,-51.34896,-51.157246,-48.620335,-47.983986,-47.610096,-46.032845,-47.50911,-52.358738,-53.862743
6592,False,-24.147738,-24.655027,-30.64093,-35.447075,-39.6848,-34.839035,-29.290379,-36.77012,-41.912766,-42.286186,-42.793964,-47.309002,-42.074074,-41.818233,-51.622467,-49.10405,-47.872284,-48.169434,-47.71591,-45.359497,-47.195503,-45.075676,-50.571236,-52.82453,-52.88627,-51.46275,-50.768047,-49.462246,-48.2026,-51.44082,-54.82887,-55.938244
6624,False,-29.463425,-30.446283,-30.681492,-35.410294,-46.421337,-36.857056,-30.510471,-37.97012,-45.395226,-39.980434,-39.101112,-46.220093,-42.794754,-44.754013,-47.68786,-51.46433,-49.45148,-47.991085,-46.42144,-48.088837,-44.92945,-47.588768,-50.522633,-51.466503,-51.299942,-51.185463,-49.554802,-51.396263,-51.273064,-53.96784,-55.168335,-56.328274
6656,False,-28.50525,-27.767696,-29.639046,-37.04905,-41.0962,-35.89687,-27.174683,-33.170635,-39.108692,-42.220936,-40.004845,-46.474815,-44.810593,-45.83722,-47.86116,-49.08537,-49.161674,-51.815575,-49.059685,-47.74177,-45.719543,-49.82813,-54.663143,-51.878162,-51.763206,-54.329735,-53.10009,-50.85236,-53.20382,-56.18342,-57.26799,-57.207733
6688,False,-33.72723,-33.491444,-31.513693,-36.484245,-39.046688,-36.109276,-21.254898,-30.697918,-41.927563,-43.083454,-41.671757,-46.649,-41.518612,-43.220783,-49.171524,-47.22239,-50.78998,-49.297794,-49.112972,-47.074493,-46.994835,-47.049976,-52.51385,-52.558895,-52.706596,-50.653816,-52.649223,-52.174133,-53.049282,-55.895645,-56.36023,-56.662895
6720,False,-29.907005,-28.511211,-28.55692,-37.588566,-39.539677,-39.63015,-25.894447,-32.537018,-42.819443,-47.29096,-47.45815,-47.22698,-44.187237,-46.229267,-47.670273,-46.94568,-48.995876,-48.326496,-47.514816,-48.883408,-47.768116,-48.84482,-51.493576,-51.751404,-51.50948,-52.958466,-53.087486,-50.89275,-54.954224,-56.667686,-55.564575,-56.033913
6752,False,-28.983297,-30.102608,-33.2871,-39.273163,-39.022797,-32.699734,-20.22478,-32.335815,-49.084946,-43.87531,-44.84088,-46.594772,-46.830704,-44.329536,-46.570377,-47.458073,-50.648888,-49.38145,-48.20786,-45.661907,-46.61777,-49.67469,-51.75657,-51.038185,-53.034206,-52.263687,-52.156578,-51.553993,-53.34249,-56.37939,-57.051693,-56.497208
6784,False,-29.681332,-30.71556,-28.872105,-33.57572,-40.699295,-31.13755,-19.037569,-30.051857,-42.39892,-46.29178,-46.332134,-45.90352,-44.712532,-46.940613,-49.487286,-50.017197,-50.823826,-49.633568,-50.15858,-48.34658,-47.93648,-52.11958,-51.454433,-52.900883,-53.124435,-51.396027,-51.801506,-50.747417,-54.117027,-54.67482,-54.73869,-56.658474
6816,False,-25.220201,-26.586363,-29.274632,-36.715385,-42.148964,-33.123768,-22.462568,-32.163223,-45.60022,-45.887264,-44.30793,-48.441124,-45.919403,-45.731525,-48.37355,-51.618713,-52.078705,-52.45839,-50.03614,-46.54295,-45.02729,-49.050934,-51.52474,-52.26711,-53.505676,-53.845505,-53.361,-51.189148,-53.459953,-54.978004,-57.995125,-58.179283
6848,False,-24.487246,-24.395172,-30.769455,-37.20922,-40.281185,-39.956905,-24.43881,-32.248737,-44.49025,-44.104824,-44.77489,-44.49723,-43.773426,-44.975285,-49.186302,-50.23014,-51.076256,-49.51957,-47.7751,-48.3695,-47.894623,-49.24147,-52.75955,-54.671722,-53.23093,-54.69143,-52.064972,-52.4008,-54.780563,-52.714798,-55.844112,-57.403183
6880,False,-25.972576,-25.78212,-26.336498,-34.571068,-42.72458,-37.765118,-26.788143,-34.03055,-44.829502,-38.27627,-40.755238,-46.37847,-44.393497,-45.594147,-46.723442,-47.27005,-51.021885,-51.468105,-48.541008,-48.535202,-46.985367,-50.702423,-53.30046,-54.699142,-52.592903,-53.72955,-51.912354,-52.026306,-53.88573,-52.77508,-55.547493,-57.184258
6912,False,-24.611614,-26.052479,-29.958744,-36.403275,-37.131733,-37.876823,-26.092491,-35.893246,-42.253094,-42.82013,-42.700695,-46.31888,-43.039433,-44.560715,-48.06951,-47.89319,-50.870396,-50.70056,-49.52295,-47.133106,-48.090218,-51.54423,-53.60157,-53.080196,-52.675076,-51.64642,-52.11164,-53.117752,-53.141235,-54.63352,-56.57681,-58.235172
6944,False,-25.627,-25.579565,-27.423527,-35.498173,-40.288933,-35.86298,-30.137758,-37.756493,-42.2002,-43.2654,-43.531815,-40.883453,-39.584614,-40.383423,-43.47635,-42.623062,-46.128883,-48.866276,-47.973915,-45.173172,-45.564426,-50.012974,-53.68532,-54.395294,-54.135166,-53.966858,-52.101448,-53.24747,-53.89574,-55.054436,-55.28214,-57.65863
6976,False,-24.711136,-24.469511,-27.844372,-27.045496,-28.113138,-30.058973,-26.137184,-24.012768,-28.546255,-33.615887,-28.29255,-27.861237,-26.581665,-28.067963,-31.015474,-27.595314,-32.547855,-36.873177,-37.692055,-40.472084,-39.069,-40.826523,-41.2384,-44.946243,-48.54783,-48.11516,-49.16065,-50.478188,-48.302856,-51.11971,-52.06166,-54.587307
7008,False,-25.740664,-26.670708,-29.578093,-31.484297,-32.417694,-30.70351,-25.921398,-32.588493,-37.369804,-37.469154,-35.78143,-38.65355,-36.649498,-36.625515,-41.791424,-38.119003,-43.081734,-47.151775,-45.71605,-45.381065,-45.665173,-48.405617,-52.717453,-52.3805,-51.859077,-52.464325,-52.54535,-51.57894,-53.845467,-56.373486,-54.8531,-56.486813
7040,False,-29.256859,-28.710178,-25.361942,-33.938133,-32.609097,-31.6053,-23.974915,-31.856966,-42.17815,-40.966614,-38.919685,-40.542126,-41.29856,-39.953514,-45.89077,-45.582,-45.8456,-48.03606,-46.593803,-47.89564,-45.795193,-49.482773,-51.32657,-54.552956,-53.953064,-53.480484,-52.589714,-52.124306,-54.347893,-56.42159,-56.100395,-55.511765
7072,False,-26.997107,-28.988533,-32.48227,-35.558487,-35.958305,-31.503477,-23.019049,-32.517612,-42.670105,-41.693375,-41.79342,-44.077576,-42.746544,-42.73148,-47.347694,-44.12338,-47.38727,-48.103832,-47.104744,-47.159676,-46.330612,-49.85054,-53.091095,-54.356194,-53.392807,-53.206657,-51.66774,-52.30158,-56.371758,-58.658756,-56.776524,-57.931023
7104,False,-31.02721,-29.767727,-24.50027,-35.03491,-40.09379,-33.952606,-20.124224,-29.874105,-43.488617,-43.776897,-41.273006,-43.427574,-42.405704,-38.972927,-46.87386,-50.074913,-47.65319,-47.554955,-48.325348,-47.0055,-48.404167,-50.99134,-53.410355,-55.19995,-54.27261,-53.87301,-52.925552,-53.41991,-56.512066,-57.60145,-55.392376,-58.240105
7136,False,-28.767597,-31.802212,-31.638613,-35.630524,-37.449265,-34.47311,-24.806261,-33.83516,-44.82263,-40.091446,-43.75559,-46.38968,-41.898506,-39.177235,-49.43721,-49.85731,-48.80272,-47.42485,-50.251736,-44.526676,-45.84925,-50.480957,-51.69968,-53.491245,-54.574512,-52.72823,-50.809006,-51.161304,-55.435085,-57.6162,-56.45472,-56.71945
7168,False,-29.535284,-29.970737,-31.981546,-36.14255,-41.58945,-33.506348,-24.877798,-38.141926,-43.299007,-41.881844,-40.862022,-48.953167,-42.364292,-37.99237,-46.167355,-50.638126,-50.87226,-48.134827,-47.59568,-45.214153,-45.794174,-49.477463,-53.814026,-54.775932,-52.934914,-54.086853,-51.8836,-50.386253,-53.2073,-56.806698,-57.08255,-57.342037
7200,False,-26.608013,-28.130459,-28.644005,-33.323444,-41.98182,-39.744488,-28.004732,-35.69073,-44.512123,-39.86854,-41.602932,-43.73657,-40.310513,-41.641922,-47.41597,-52.452335,-51.95462,-49.703907,-49.725822,-48.62953,-46.557354,-49.635254,-51.265434,-54.690193,-53.207737,-52.78425,-54.481667,-53.2464,-55.525093,-58.73748,-56.942314,-57.095604
7232,False,-27.002314,-27.345678,-29.76654,-33.396408,-44.045937,-40.982166,-31.674786,-38.951946,-44.25343,-42.347633,-44.002693,-48.77838,-43.171406,-40.376926,-48.14805,-49.9029,-52.50896,-52.69032,-49.542713,-45.809296,-45.9145,-51.273914,-53.984104,-53.482742,-54.72301,-53.818657,-51.433674,-51.942398,-55.246918,-57.54148,-57.048424,-57.747784
7264,False,-25.978191,-27.251436,-28.023767,-35.947247,-39.882427,-40.07612,-30.113808,-38.873,-40.8637,-42.104294,-41.023743,-47.814465,-43.417244,-41.543953,-49.42709,-51.209583,-54.047543,-53.54614,-49.57601,-47.204952,-47.12015,-49.769955,-52.472977,-55.214226,-54.38363,-53.764076,-52.60135,-52.856705,-56.564438,-57.965893,-55.893383,-59.089146
7296,False,-24.70207,-25.74444,-30.421541,-33.03496,-43.41135,-37.891754,-29.532787,-41.424484,-46.678017,-44.928093,-46.17475,-46.117302,-43.24325,-40.173603,-51.259426,-51.329094,-52.56571,-50.62576,-47.371315,-47.028954,-47.632023,-49.567524,-53.007008,-54.99193,-53.906483,-54.020058,-52.858765,-51.70417,-55.363293,-58.53988,-55.78521,-57.243584
7328,False,-24.748116,-25.302364,-29.170933,-37.36717,-44.904743,-36.557095,-29.924473,-44.1203,-43.28556,-40.56353,-43.542686,-47.561142,-44.30515,-40.60903,-51.128765,-53.739197,-53.641876,-51.98515,-49.541008,-47.62177,-45.82415,-50.254826,-53.65965,-53.59017,-54.312996,-52.225906,-50.10537,-51.355232,-53.532883,-54.409042,-54.701057,-56.414177
7360,False,-23.274317,-23.868887,-28.840628,-40.29592,-39.779102,-35.67962,-25.69374,-36.231216,-45.392555,-42.70539,-41.950775,-44.89842,-42.08511,-38.64137,-51.82286,-49.888412,-53.33619,-50.10471,-50.10181,-46.790306,-46.742317,-50.186554,-53.476944,-55.169125,-53.602364,-53.733765,-52.125443,-51.514427,-55.06653,-56.75339,-57.025917,-56.694275
7392,False,-24.546194,-24.955872,-30.475409,-34.539772,-39.20845,-38.697876,-27.795078,-32.88076,-42.24249,-41.72589,-42.567978,-46.513344,-44.309464,-41.56742,-48.75751,-49.645668,-53.40681,-49.543144,-46.942577,-45.873383,-46.830124,-48.515656,-51.79401,-54.296097,-53.55162,-53.213722,-51.48684,-52.85108,-54.092335,-57.035835,-55.108124,-58.173717
7424,False,-27.882444,-27.648563,-29.197866,-36.414352,-38.8403,-35.28441,-25.31595,-33.05647,-43.66654,-45.563255,-47.06663,-46.993958,-41.68409,-42.047276,-48.404884,-51.30575,-53.23263,-50.483864,-48.290443,-46.473495,-44.74663,-47.270134,-52.83902,-53.193165,-52.414814,-54.111362,-52.97177,-52.49567,-53.22449,-56.857533,-57.55898,-58.777596
7456,False,-30.556643,-31.615591,-31.912304,-37.236187,-36.390865,-32.295727,-27.012688,-34.17428,-40.134224,-44.78272,-45.063507,-47.976967,-43.502457,-44.77954,-49.579388,-54.607727,-50.366272,-51.163963,-50.872963,-47.94626,-46.658165,-48.24253,-51.099426,-52.986835,-53.670696,-52.901424,-52.39347,-51.50306,-52.350468,-55.191994,-54.751434,-56.582165
7488,False,-27.726688,-28.474178,-30.908157,-36.751644,-41.609913,-35.89082,-21.732655,-29.319323,-47.631832,-45.35816,-45.001366,-47.101818,-43.936096,-42.191513,-48.406063,-49.411728,-52.50263,-51.00546,-47.254555,-45.34132,-45.53515,-47.630886,-51.313187,-52.714237,-51.572617,-52.688084,-50.493717,-50.47193,-53.520283,-54.99838,-54.13456,-55.446606
7520,False,-29.582148,-27.257912,-25.489008,-23.489422,-26.858194,-27.079172,-21.63246,-20.675318,-26.864628,-34.19999,-27.961885,-23.149254,-22.317102,-21.04255,-21.682756,-18.737059,-21.35241,-25.039692,-29.351597,-33.55512,-28.180437,-27.479342,-26.225527,-30.096998,-27.418348,-25.404863,-28.468855,-24.318722,-18.656199,-19.314644,-23.577469,-26.782307
7552,False,-30.492111,-31.793097,-28.608313,-26.436384,-29.033281,-29.286032,-26.142445,-27.019527,-33.54815,-39.937485,-34.519863,-32.19242,-30.780819,-29.44305,-33.201454,-29.746387,-32.984573,-39.79157,-36.59714,-39.399982,-38.13102,-35.780525,-38.873108,-42.853127,-40.9843,-38.90765,-37.988922,-36.77287,-32.464455,-34.13684,-37.592487,-39.283646
7584,False,-26.328154,-26.803682,-31.445961,-31.14674,-32.088688,-31.190926,-24.707129,-31.279745,-38.797344,-39.833065,-39.382175,-37.940346,-35.899548,-34.074627,-37.979668,-37.86532,-41.10365,-45.19533,-43.09261,-45.885567,-40.90014,-41.07144,-43.48789,-44.41996,-45.368237,-42.530296,-42.819527,-42.81215,-39.251465,-38.946556,-43.247566,-45.119904
7616,False,-29.124168,-27.754057,-32.26801,-32.88504,-37.272583,-35.12894,-31.611479,-39.17218,-42.85513,-42.60459,-42.245937,-41.45119,-39.615494,-38.742603,-40.4705,-39.531677,-41.674442,-42.08479,-45.85485,-44.76133,-43.037292,-41.48571,-46.688656,-48.03467,-48.750706,-46.213264,-45.4324,-44.999393,-40.156647,-42.147327,-47.69205,-50.45037
7648,False,-24.180307,-24.869116,-29.055748,-38.015945,-38.704678,-33.817142,-26.603603,-34.9828,-42.857002,-42.93325,-42.36939,-42.137928,-40.67114,-44.236485,-42.736984,-43.854794,-48.994247,-45.38389,-43.829693,-44.312916,-43.759888,-44.81758,-47.90991,-51.251457,-50.0008,-48.616867,-46.45765,-46.44832,-44.2772,-47.002228,-50.79166,-53.09887
7680,False,-25.19379,-25.27381,-26.960606,-31.300402,-38.960308,-35.046696,-22.767447,-33.199493,-42.46361,-41.307808,-41.16233,-44.208763,-46.434708,-51.273666,-46.279022,-47.087387,-45.37582,-48.713245,-47.456207,-44.285236,-43.370747,-45.56862,-49.783524,-51.39569,-50.567802,-48.58161,-50.65395,-49.22993,-47.487316,-51.512177,-54.64222,-55.032124
7712,False,-23.864305,-24.237783,-29.4812,-31.489025,-33.393387,-34.483116,-28.424196,-33.508533,-47.657055,-42.155006,-40.831337,-43.468815,-43.11411,-47.140102,-46.202843,-45.374832,-48.347298,-47.518578,-47.425903,-44.656944,-44.24788,-49.154133,-52.360073,-52.34413,-51.211815,-49.473915,-49.28968,-48.733086,-50.65952,-54.04673,-54.746727,-56.896133
7744,False,-25.758396,-25.932323,-29.049112,-32.651176,-39.70128,-39.48688,-22.930473,-32.80313,-43.928253,-42.59649,-43.766617,-45.432472,-42.475792,-44.886917,-46.972717,-48.790344,-48.13003,-47.655506,-47.161755,-45.79402,-47.17348,-47.554478,-51.641926,-53.591274,-52.951283,-51.872616,-52.05521,-51.43531,-51.533592,-55.633835,-55.37143,-57.488304
7776,False,-23.009474,-23.395386,-32.154068,-37.89774,-42.89231,-37.206497,-23.049677,-31.276865,-47.04136,-44.33949,-41.82769,-44.079567,-42.730793,-42.008614,-48.717476,-48.805626,-52.15661,-50.305782,-49.35637,-44.949013,-46.82115,-49.930527,-52.343407,-52.915462,-53.470226,-51.463905,-51.943592,-51.786957,-52.871254,-55.51067,-57.597336,-56.879215
7808,False,-30.728209,-30.401081,-28.746258,-35.324844,-37.707115,-38.999435,-23.95601,-32.71055,-46.136585,-43.775173,-44.48904,-48.378838,-42.188217,-38.784138,-49.535736,-49.765545,-51.444286,-49.69641,-49.113422,-46.657375,-45.7845,-49.838524,-53.33641,-52.08523,-53.524555,-55.48195,-52.967205,-52.459435,-53.639378,-55.756317,-56.39572,-56.941296
7840,False,-28.885185,-27.10026,-27.92671,-36.135395,-40.66352,-40.394127,-27.325504,-35.367302,-44.703217,-41.181557,-41.03088,-47.719078,-43.845764,-40.014225,-46.482433,-46.95127,-51.811604,-49.61733,-48.799812,-44.62437,-45.385086,-48.169556,-51.320133,-53.226284,-53.46366,-53.8543,-52.48022,-51.041664,-52.92705,-56.54628,-55.932346,-56.946445
7872,False,-31.303967,-28.773764,-29.448164,-33.356377,-41.70147,-34.79826,-26.280697,-35.804577,-46.030445,-42.45092,-38.960716,-50.851265,-47.018143,-45.694252,-48.806694,-48.723675,-52.141907,-49.614967,-46.887604,-41.847458,-44.23344,-49.664955,-53.57833,-54.695145,-53.436104,-52.327976,-52.598404,-50.97353,-53.089973,-56.55374,-56.01654,-57.666916
7904,False,-30.342035,-32.543457,-24.199602,-33.930355,-42.305,-36.084816,-23.856598,-32.34412,-44.156307,-41.59935,-44.386284,-49.229492,-47.065285,-44.483513,-47.1278,-52.039497,-50.63823,-50.467514,-49.55037,-46.298527,-46.261192,-51.498318,-54.147266,-55.408077,-54.423733,-54.262768,-52.40406,-50.510544,-52.01376,-57.239326,-56.191353,-57.202953
7936,False,-31.194212,-29.76339,-28.623295,-36.023026,-41.651535,-35.580975,-22.323612,-33.9629,-48.959778,-43.84709,-42.895428,-47.341858,-43.763817,-41.577736,-47.897762,-50.941,-50.698822,-50.45752,-49.156055,-46.529408,-45.091736,-49.017807,-51.3469,-53.362175,-53.558533,-53.98367,-53.33409,-52.998947,-54.693066,-58.399525,-56.162243,-56.44199
7968,False,-27.575075,-25.84461,-22.634323,-31.474155,-41.3246,-38.251617,-21.344898,-29.458324,-41.269363,-40.16339,-41.564384,-44.738422,-44.694748,-45.23293,-50.552437,-52.842644,-52.316124,-48.572575,-50.038113,-48.28441,-47.583115,-50.341843,-50.880287,-55.365585,-56.062607,-54.731613,-53.243618,-52.181114,-54.69853,-58.597332,-57.45956,-57.52727
8000,False,-27.811014,-29.558075,-28.211124,-32.97817,-42.143936,-38.347145,-24.428701,-30.83172,-43.53806,-44.26049,-46.756813,-46.320232,-41.078156,-39.173058,-48.20046,-49.771694,-50.290585,-50.661484,-47.10907,-45.694763,-47.68601,-49.57441,-54.94017,-55.67012,-54.574997,-53.788696,-52.95494,-52.740463,-53.881775,-56.016174,-56.23169,-58.35573
8032,False,-28.931944,-28.663258,-25.413942,-33.20024,-42.23929,-40.495457,-23.268703,-32.756725,-40.958626,-46.209072,-46.68479,-46.482044,-43.192043,-40.875275,-48.6389,-46.17132,-50.139545,-51.18165,-49.389313,-46.724506,-46.986965,-48.355804,-52.16819,-51.819595,-53.528984,-56.597305,-53.025986,-51.774673,-52.07448,-56.349087,-56.569,-58.935226
8064,False,-24.648972,-24.520819,-28.746235,-32.260544,-32.610504,-33.328884,-26.648092,-30.163767,-34.675354,-40.660328,-34.703323,-30.757172,-29.362432,-33.93115,-34.050636,-31.782902,-35.411022,-41.393227,-42.82953,-43.713284,-43.444084,-46.03435,-45.41424,-48.837868,-51.110397,-51.093388,-52.0884,-51.971016,-52.509735,-54.601704,-55.11274,-58.307003
8096,False,-24.473516,-25.717754,-30.944708,-30.6026,-29.996246,-28.39858,-31.392746,-26.835205,-32.021324,-35.666855,-29.88576,-30.426624,-29.586971,-30.996124,-34.93216,-30.682451,-38.060658,-42.626602,-39.717583,-43.81683,-41.533348,-43.303535,-45.13308,-48.838005,-50.12276,-49.868164,-50.67558,-52.428547,-49.605927,-53.50953,-56.821297,-59.62618
8128,False,-26.662273,-27.910202,-25.025255,-31.33376,-35.51654,-33.95556,-28.19793,-32.866398,-37.153,-41.50957,-39.474167,-41.035645,-38.399376,-35.314106,-41.577774,-43.67244,-46.072685,-47.779427,-47.68167,-46.083786,-46.915527,-48.518433,-52.247868,-53.282074,-51.910866,-53.0018,-52.54612,-52.127388,-54.963306,-58.271564,-57.606346,-57.77481
8160,False,-26.124088,-26.297173,-33.05263,-36.66035,-36.39245,-34.653767,-28.559216,-35.87216,-41.29197,-42.5766,-41.94297,-41.071476,-39.549942,-44.035667,-47.6857,-49.96393,-48.00952,-48.18454,-47.90869,-47.346115,-45.233135,-48.31623,-50.77789,-53.809097,-54.649105,-52.55526,-53.092995,-51.821335,-53.74106,-57.60307,-57.262283,-58.123898
8192,False,-24.852446,-25.682674,-28.582876,-37.710793,-42.319466,-36.324467,-28.789694,-34.004807,-39.308743,-42.693893,-44.15879,-44.288895,-41.64362,-41.875954,-47.68947,-47.244335,-51.648834,-48.471046,-48.209034,-48.41076,-48.234066,-48.222786,-50.34198,-54.41188,-54.68826,-54.440514,-52.012028,-51.974083,-52.19542,-54.552536,-56.47529,-57.83143
8224,False,-29.53389,-29.257528,-30.65322,-37.061813,-35.094105,-34.837864,-28.050812,-37.00542,-46.019287,-45.310707,-44.53855,-44.023647,-42.234283,-41.48953,-45.436188,-47.906918,-47.906,-46.313065,-49.664635,-46.478165,-47.269726,-50.84828,-53.571556,-52.21008,-52.660286,-53.419037,-52.614754,-51.321114,-52.50248,-57.239513,-57.163338,-58.577293
8256,False,-28.54802,-32.30857,-31.907188,-34.885822,-39.12088,-35.556076,-32.868538,-38.25879,-43.350582,-44.59541,-44.166256,-46.79031,-43.207134,-43.94617,-49.497032,-50.267582,-50.333363,-51.59287,-47.064938,-46.115955,-47.49724,-49.45448,-53.110344,-53.844143,-54.322247,-53.891563,-53.25005,-51.613308,-53.342712,-56.06874,-56.69972,-58.022064
8288,False,-31.267838,-32.44345,-26.774845,-37.01171,-38.628334,-36.738667,-29.650324,-38.68213,-42.580036,-45.113888,-43.601284,-45.632267,-42.296368,-46.27672,-50.718285,-49.987717,-51.353413,-50.98626,-50.370235,-47.08642,-49.13088,-49.844357,-51.295097,-53.178944,-52.999886,-53.220924,-51.085487,-50.328865,-55.05781,-57.220997,-56.599045,-57.455246
8320,False,-28.157806,-29.90962,-31.02343,-37.24622,-37.03523,-37.15725,-32.257137,-39.56615,-44.5019,-44.72859,-42.927853,-47.42107,-45.95838,-45.173115,-51.547836,-49.016457,-48.222694,-48.866314,-50.304028,-46.984543,-48.869682,-50.516304,-53.670975,-52.764763,-53.879166,-53.18766,-52.365803,-51.586876,-53.60765,-56.28447,-56.647255,-57.038536
8352,False,-28.39836,-30.34752,-32.081512,-39.87751,-40.656357,-38.285927,-26.030396,-36.28048,-41.59029,-42.376022,-43.483852,-44.06481,-42.05219,-42.038223,-52.577026,-51.193203,-53.37395,-50.133995,-47.82872,-46.861095,-44.82586,-49.225143,-52.585335,-51.694427,-54.292328,-53.42163,-51.79378,-50.279465,-51.927837,-55.988808,-56.45613,-57.406517
8384,False,-28.866741,-28.052212,-31.619064,-36.78558,-38.943676,-38.30301,-29.794691,-35.792423,-42.517185,-44.036465,-45.197937,-45.142097,-43.78849,-46.80764,-49.24288,-51.797047,-53.951164,-52.79228,-48.687473,-46.990067,-45.765907,-47.392902,-51.4411,-52.412796,-52.294495,-51.858635,-50.831482,-50.452248,-53.63929,-56.74781,-55.9128,-56.624878
8416,False,-28.506416,-28.309343,-30.271553,-38.344337,-38.68859,-38.372803,-28.979502,-37.089382,-42.367325,-46.048676,-43.469044,-46.14117,-43.11177,-41.51259,-50.455162,-49.393425,-52.833984,-49.342896,-49.33682,-45.595947,-46.433342,-47.404366,-50.801807,-51.9091,-52.977577,-52.920174,-51.750046,-50.349205,-50.760723,-55.549667,-56.487633,-57.622868
8448,False,-27.079178,-27.415699,-29.601711,-36.338776,-41.085167,-42.42525,-36.278313,-42.33416,-42.00286,-44.60985,-43.200413,-46.3556,-41.82076,-39.950077,-45.328857,-47.74201,-50.73599,-51.06797,-50.970978,-48.18077,-45.683624,-46.097084,-51.549408,-51.6564,-53.194237,-52.142963,-51.23043,-50.611477,-51.21325,-54.564835,-54.40662,-57.020584
8480,False,-25.223831,-25.448828,-29.597225,-38.927673,-40.985817,-36.316113,-38.148407,-44.95586,-43.617878,-45.442425,-44.501404,-47.450527,-44.49185,-41.56445,-50.004864,-48.242348,-51.209297,-49.040413,-46.00607,-49.552795,-47.866096,-47.569595,-50.25856,-53.01586,-52.51234,-52.674736,-51.27088,-49.778484,-51.92657,-56.228985,-56.66063,-58.99096
8512,False,-24.845144,-24.228977,-28.62148,-36.524513,-35.54231,-36.58768,-28.940962,-36.942467,-42.359413,-47.041798,-48.203106,-45.863068,-43.421474,-47.255474,-45.977715,-47.604366,-52.389942,-47.037315,-47.10295,-47.65547,-45.892212,-49.473995,-49.794273,-52.16324,-53.043175,-55.152134,-52.62073,-51.032204,-51.51821,-56.448746,-56.856194,-58.492123
8544,False,-25.71226,-26.80338,-32.171196,-37.918945,-41.87031,-40.984303,-29.14244,-36.845642,-44.77135,-44.596077,-41.760464,-47.483574,-45.027412,-47.249187,-49.936367,-49.186893,-51.46908,-53.809464,-55.104492,-45.731583,-44.292915,-48.313805,-51.09611,-53.636356,-53.765587,-53.83956,-50.867813,-50.35621,-51.42949,-55.78376,-54.95295,-56.2089
8576,False,-25.567408,-25.8865,-32.070915,-39.20552,-37.650642,-39.1136,-26.872786,-34.003593,-43.070637,-41.61125,-40.205826,-45.322014,-44.270306,-43.65104,-49.271965,-51.587467,-53.11759,-50.41947,-48.85553,-47.803543,-43.403404,-45.835526,-51.52489,-53.948677,-54.78848,-54.054726,-50.80806,-51.11765,-51.681652,-55.76559,-55.374557,-56.70529
8608,False,-28.256992,-28.859905,-29.593294,-32.598354,-33.914284,-35.0318,-27.12943,-28.860165,-32.898678,-38.341072,-34.63887,-29.541063,-28.579308,-27.62822,-27.938858,-25.332832,-27.240757,-31.100025,-36.928467,-41.001953,-36.48979,-36.305508,-34.27373,-38.728443,-36.065872,-33.733253,-36.75852,-30.742859,-25.85309,-26.22528,-29.932312,-31.65619
8640,False,-30.260202,-29.938059,-28.436949,-24.827662,-26.667688,-25.531252,-27.896122,-22.706566,-28.298885,-34.39763,-27.961054,-26.955175,-26.265793,-22.796955,-25.528124,-22.655968,-26.507893,-29.092676,-30.150848,-35.328415,-31.257727,-28.225975,-29.340015,-33.255905,-30.763227,-28.329807,-32.216034,-28.48906,-22.11086,-22.865086,-26.764431,-28.152443
8672,False,-36.162567,-33.47772,-27.831514,-29.255516,-31.680721,-31.606209,-22.237919,-27.501472,-35.86844,-43.70099,-39.348007,-37.78231,-34.687294,-31.016144,-36.0887,-35.28111,-36.733852,-41.72121,-41.8134,-43.594013,-41.992523,-38.580395,-42.265568,-44.74707,-44.079735,-41.16655,-38.839325,-39.117718,-36.46941,-36.951996,-40.96534,-43.937412
8704,False,-33.0365,-32.180283,-29.856356,-33.975216,-34.08426,-34.55831,-25.295813,-30.825949,-38.28646,-41.78413,-39.025444,-38.98049,-38.543667,-40.25583,-43.379547,-39.006878,-41.882545,-46.155186,-46.23951,-45.780304,-44.122826,-44.06936,-45.155987,-48.466686,-46.101234,-43.67191,-44.21469,-45.35391,-39.969086,-40.498775,-44.127586,-47.842117
8736,False,-32.826645,-30.026478,-26.97383,-33.92625,-38.03375,-35.754795,-27.798988,-36.546272,-43.877174,-43.284737,-40.18743,-42.879044,-42.228565,-44.191128,-43.2292,-42.556168,-46.35925,-45.272835,-43.717503,-44.11347,-46.114098,-49.473854,-50.41592,-49.467285,-49.806576,-46.68585,-45.98266,-47.713737,-44.760674,-46.338135,-50.72747,-50.831413
8768,False,-32.43193,-31.74014,-31.984287,-36.415794,-41.05702,-34.30141,-24.812023,-33.3553,-44.046654,-44.66758,-43.97142,-45.053936,-44.040943,-45.234867,-45.73408,-49.57767,-50.85994,-47.13345,-48.387512,-46.474056,-46.893307,-48.53798,-51.692696,-50.96678,-51.77187,-50.41278,-49.28607,-49.598164,-48.5911,-50.240356,-55.208824,-54.670685
8800,False,-31.546265,-29.858305,-29.876507,-37.951935,-40.972523,-37.042686,-27.08126,-34.17353,-44.186684,-46.125885,-45.886303,-48.334522,-42.35031,-43.55754,-52.227715,-47.29362,-47.839546,-50.886505,-45.96867,-46.802612,-50.20178,-52.197567,-53.88342,-53.86537,-54.924408,-53.375557,-50.41515,-50.96791,-51.480713,-53.242348,-55.557327,-56.772537
8832,False,-28.21563,-27.634012,-28.047543,-38.92184,-40.669945,-37.954784,-24.577053,-33.790173,-43.163933,-46.36835,-47.388916,-46.187138,-41.83006,-41.610355,-49.118248,-49.280067,-51.489735,-50.65529,-49.3405,-47.953156,-47.713737,-50.222153,-55.789524,-56.17661,-56.025486,-54.700897,-51.827835,-52.52844,-53.689228,-56.72981,-57.76509,-58.10381
8864,False,-25.221804,-24.849653,-30.904804,-36.25067,-40.82416,-36.839928,-22.886742,-30.786007,-42.88594,-44.660515,-50.91413,-47.948807,-46.01644,-50.29446,-44.93442,-45.749916,-50.525364,-51.83273,-48.931713,-47.854523,-48.033096,-52.376167,-54.30807,-54.291092,-55.864353,-53.6311,-53.48028,-52.61721,-53.972683,-55.542664,-56.093773,-57.65287
8896,False,-25.552423,-25.602211,-26.349,-36.733696,-42.40571,-39.26946,-24.469358,-31.938953,-45.020744,-44.582806,-51.336784,-46.091534,-43.07432,-46.576694,-47.96741,-49.269577,-50.54,-50.0276,-48.673378,-46.47666,-48.365273,-52.446136,-54.688446,-55.387413,-55.09275,-54.0509,-52.72439,-51.26014,-54.1919,-56.00792,-56.043686,-58.177544
8928,False,-25.528624,-26.488548,-30.98639,-33.675827,-41.900063,-40.558662,-22.925812,-32.08759,-43.99912,-46.17182,-48.795586,-46.644035,-44.30908,-47.528645,-46.260956,-50.06538,-54.08917,-51.663708,-49.2526,-44.864395,-46.548466,-50.351757,-55.06356,-54.17952,-52.914127,-54.12197,-53.701954,-54.13504,-55.33174,-54.476944,-54.973316,-57.735992
8960,False,-23.169146,-23.716316,-30.15821,-32.91111,-42.106056,-40.73381,-20.550827,-28.160353,-47.2792,-46.6793,-43.878845,-45.47029,-43.37114,-44.027447,-47.44805,-48.273922,-52.46986,-51.755745,-48.995598,-46.85825,-44.551853,-48.501873,-51.924595,-53.377068,-55.232918,-53.629932,-52.83438,-54.042812,-55.667725,-57.2171,-56.75278,-57.929893
8992,False,-24.521677,-24.35056,-26.175423,-32.36493,-44.630817,-44.22537,-25.47427,-33.81835,-42.992207,-43.689045,-43.35633,-48.131794,-45.60083,-45.49578,-49.136963,-47.573032,-51.264732,-50.177235,-49.032143,-48.064865,-45.56952,-47.92852,-54.08426,-57.002968,-54.721905,-55.70111,-53.578613,-52.03618,-53.57326,-57.58354,-56.988113,-56.337986
9024,False,-27.343323,-28.953974,-32.323948,-33.944004,-40.0018,-37.650803,-26.525959,-33.899147,-43.105835,-45.944042,-42.668472,-45.809532,-46.6513,-48.57617,-47.559696,-50.07607,-50.514774,-51.071915,-48.725758,-43.468178,-44.462093,-50.36404,-52.871243,-53.640724,-53.60926,-53.142967,-51.10771,-50.28976,-53.791138,-54.525948,-55.65541,-56.09172
9056,False,-28.198887,-28.238125,-27.574581,-37.041447,-40.54538,-36.88397,-30.300303,-39.735516,-39.502808,-43.02363,-41.608795,-49.88543,-46.330017,-46.577843,-49.5927,-48.804585,-47.740192,-50.327667,-50.536858,-45.543713,-45.517124,-48.22058,-51.558376,-54.37018,-52.604485,-51.284554,-50.756016,-50.374,-53.94198,-55.63534,-55.63341,-57.633762
9088,False,-29.376263,-28.711748,-28.759357,-35.805756,-39.759563,-35.941254,-28.32383,-36.85478,-43.564064,-47.198875,-44.843365,-46.498207,-41.865242,-50.938335,-51.24015,-50.828953,-51.68594,-52.944992,-47.496742,-45.537132,-47.297863,-47.419544,-51.292923,-51.937515,-52.731457,-51.6585,-51.206818,-51.058163,-53.62741,-57.077503,-55.12812,-56.554123
9120,False,-28.850739,-29.797174,-28.567474,-35.07495,-42.520718,-36.038017,-27.308561,-35.046337,-42.601376,-44.900803,-46.140656,-46.450382,-43.386604,-42.867832,-48.00489,-51.30871,-53.431263,-49.299995,-48.53299,-47.369686,-44.824112,-45.91932,-51.150185,-51.240463,-55.73964,-53.55214,-51.326393,-50.472836,-53.64711,-57.86121,-54.709908,-57.315327
9152,False,-29.177616,-28.993755,-28.245937,-37.019085,-40.60775,-35.601887,-31.457893,-38.10734,-42.275997,-44.554375,-40.91607,-41.263603,-39.171898,-39.477962,-41.36518,-40.99508,-43.73003,-45.937256,-47.578465,-44.77487,-45.149975,-47.155205,-48.25534,-53.16027,-53.06247,-52.70124,-52.34417,-51.382294,-52.849735,-56.98223,-56.883873,-57.28506
9184,False,-31.641512,-32.173096,-32.062202,-28.942913,-28.832397,-31.203192,-33.570217,-24.533669,-28.963352,-33.66732,-28.459682,-27.734455,-26.6278,-29.208778,-31.103058,-27.637821,-32.714947,-38.501842,-37.64105,-39.832767,-37.76149,-40.839752,-43.08395,-45.917744,-48.077755,-49.618916,-48.426247,-49.485012,-49.00268,-51.66799,-54.084953,-55.219017
9216,False,-30.047419,-30.486351,-27.168991,-31.226677,-32.773304,-32.485386,-32.466198,-32.072422,-38.827896,-40.81054,-39.240757,-38.156467,-37.101227,-36.205883,-41.709652,-40.11806,-42.99875,-46.56813,-45.965668,-44.397736,-44.26041,-47.540203,-49.022278,-51.453304,-51.37508,-51.796974,-50.988556,-49.98531,-51.921974,-55.476517,-57.75801,-56.57951
9248,False,-29.409004,-27.796381,-30.639116,-37.201958,-37.562782,-37.047825,-33.303364,-35.975372,-40.445408,-43.672756,-41.194363,-42.282642,-39.758656,-38.26408,-46.25137,-46.66255,-47.77338,-48.78393,-45.36561,-45.187878,-46.139236,-48.975544,-51.512684,-52.18555,-52.513958,-53.135384,-50.53705,-49.359913,-52.834972,-55.477325,-55.899796,-57.347878
9280,False,-26.585827,-26.185915,-28.804853,-35.966328,-38.798676,-37.38489,-31.225822,-37.3524,-40.800816,-42.52823,-41.355877,-42.734413,-39.858604,-41.103157,-46.839046,-47.424084,-47.329468,-47.9776,-47.079918,-47.95768,-45.055313,-49.069843,-51.4027,-52.129562,-52.780552,-53.432106,-51.620693,-49.926373,-53.270782,-56.336586,-56.934586,-58.157864
9312,False,-23.787687,-23.861902,-27.735231,-38.589348,-40.556927,-38.06224,-26.669092,-33.659775,-41.26882,-41.120182,-42.09414,-48.088493,-44.74852,-43.267765,-47.303734,-50.093933,-51.207027,-49.954384,-46.83504,-46.14416,-46.266235,-48.38991,-50.263996,-53.526794,-52.49597,-53.59699,-53.686337,-53.246483,-54.10106,-55.86109,-54.458675,-57.118153
9344,False,-25.952274,-25.792309,-29.789867,-39.129604,-42.659485,-39.125298,-21.309692,-29.55317,-43.055298,-42.31375,-42.344166,-49.573944,-44.42157,-45.094032,-49.244877,-52.589912,-52.085453,-51.957253,-50.807236,-47.436012,-45.687668,-51.38984,-51.64,-53.46289,-54.271313,-54.31437,-52.4045,-52.006996,-54.68102,-57.11477,-54.47752,-56.072502
9376,False,-25.113255,-25.058884,-28.445318,-38.48393,-44.06823,-39.84323,-26.919043,-33.081985,-43.337193,-46.510166,-44.727654,-43.51744,-42.261044,-43.573193,-44.06253,-46.895508,-50.830326,-48.029285,-46.230408,-46.458454,-45.946205,-47.85688,-53.290783,-53.536983,-52.792114,-55.070564,-52.356396,-50.188145,-54.29277,-56.146503,-57.174397,-59.021183
9408,False,-26.87983,-27.346384,-28.393995,-38.551163,-39.689144,-40.832016,-28.032116,-33.784737,-42.30533,-43.112755,-43.70555,-47.019253,-45.402794,-42.326668,-47.998444,-47.051376,-48.847603,-47.82948,-47.06144,-46.93287,-45.190052,-46.498665,-52.787533,-51.930965,-51.72332,-53.79886,-52.97795,-49.32763,-51.20675,-56.665054,-54.980095,-57.2439
9440,False,-27.643913,-28.386375,-30.094555,-38.31497,-44.070694,-41.03855,-24.404697,-31.840563,-45.70897,-42.785378,-42.152695,-47.890396,-47.49305,-47.43658,-47.783264,-48.302227,-48.779152,-48.015564,-48.29035,-47.152367,-46.01215,-47.63695,-51.50717,-53.25154,-54.215393,-54.0741,-53.111702,-50.935825,-51.304554,-55.896973,-56.96964,-59.393692
9472,False,-28.281096,-28.827898,-24.614828,-35.569557,-42.466465,-40.611572,-26.13377,-36.278202,-43.055004,-44.59965,-43.867004,-49.287495,-45.544144,-43.61751,-48.407253,-47.26202,-48.84947,-49.215073,-49.50454,-48.90099,-48.412575,-50.99732,-54.785137,-57.733437,-55.1223,-55.207695,-52.711502,-52.235687,-54.128944,-56.19941,-56.494263,-57.875404
9504,False,-31.390436,-32.76832,-30.897243,-39.004166,-40.653645,-37.01304,-25.344706,-34.35984,-47.87779,-43.64918,-44.858627,-44.10788,-44.955986,-45.068584,-46.773514,-50.73261,-50.280167,-49.54989,-49.384003,-47.655045,-49.975014,-52.128468,-52.671326,-55.28387,-54.226707,-55.75628,-52.67975,-51.536407,-54.772396,-58.507202,-56.95948,-58.588123
9536,False,-35.686184,-34.479874,-26.097881,-36.216465,-42.243504,-37.607445,-30.83728,-37.708424,-44.441547,-46.378464,-45.06161,-45.795094,-47.638973,-46.63773,-46.66353,-49.042953,-52.292572,-49.71003,-50.621902,-47.37594,-45.842823,-49.272682,-54.482483,-58.0267,-55.874924,-53.017494,-52.476772,-53.28483,-56.212273,-58.613476,-57.64512,-56.759666
9568,False,-32.84955,-32.369186,-33.20274,-35.22312,-39.99067,-37.787994,-31.213406,-35.6033,-43.754505,-43.91428,-41.7783,-48.05939,-45.26074,-42.10962,-49.046856,-50.3146,-51.20372,-51.48168,-51.600548,-49.898678,-48.211105,-50.5086,-53.86377,-55.28071,-56.963192,-54.83675,-53.752747,-52.641388,-54.79097,-56.987503,-56.579456,-58.32626
9600,False,-31.749538,-31.698141,-26.966219,-35.730076,-42.581238,-39.529457,-27.58239,-35.880733,-44.634636,-43.258537,-40.993637,-46.572144,-45.160046,-41.900097,-47.308258,-49.422516,-51.742683,-50.05663,-49.460716,-46.70881,-47.43111,-50.949463,-52.042774,-54.73505,-52.855827,-53.629147,-50.809826,-52.68142,-54.421993,-56.565342,-56.903385,-57.435806
9632,False,-28.45052,-29.032337,-27.24019,-35.38453,-42.258728,-39.066063,-31.918354,-36.44461,-42.640785,-44.912308,-45.09194,-48.28595,-45.46055,-46.063034,-47.783085,-48.914207,-51.933384,-53.571373,-48.414387,-45.859455,-47.75289,-51.051174,-53.88294,-54.31404,-54.682545,-52.511337,-51.93978,-51.837112,-54.565292,-58.038986,-55.033638,-56.191257
9664,False,-28.910877,-28.413616,-30.308123,-37.78054,-41.06685,-38.317883,-33.606133,-39.64281,-42.331474,-44.255024,-45.301216,-47.52972,-46.13981,-47.803226,-48.645866,-49.97544,-50.722256,-49.15542,-51.148754,-47.47374,-47.61097,-51.79665,-52.17243,-53.43741,-52.862583,-53.544632,-53.03165,-53.232693,-53.255486,-55.67795,-55.257763,-57.76049
9696,False,-25.725048,-26.09486,-26.40221,-36.229168,-38.41082,-39.197495,-28.546124,-33.72648,-39.907345,-40.742527,-38.95392,-37.144684,-35.9586,-35.93498,-35.28767,-33.233917,-35.068657,-39.02942,-44.149857,-44.536636,-44.300583,-44.268726,-44.155724,-47.300354,-45.09426,-42.98925,-45.88402,-38.859467,-34.811703,-35.265003,-38.96184,-41.17665
9728,False,-23.487179,-24.053398,-28.811283,-23.591328,-25.263842,-26.928108,-23.945732,-21.77649,-27.209122,-34.90456,-27.50351,-24.388945,-23.826475,-21.280483,-22.731064,-19.631826,-22.809425,-25.624762,-29.136675,-34.42045,-28.662481,-26.491106,-27.281782,-30.67936,-27.06664,-25.054607,-29.938992,-24.69301,-19.131939,-20.081333,-24.029907,-26.09315
9760,False,-26.382061,-25.693527,-23.719906,-27.495602,-30.55363,-32.708252,-27.86311,-30.574078,-35.590286,-43.091385,-41.020084,-35.1135,-31.18664,-31.343477,-34.84424,-32.97672,-35.54791,-41.678574,-40.33098,-42.095398,-39.765766,-38.466503,-41.61225,-44.63415,-42.614807,-40.12438,-39.354107,-38.996918,-36.24089,-36.29548,-39.60542,-42.47397
9792,False,-25.449902,-25.772383,-30.819267,-33.082714,-33.02197,-34.05825,-24.489134,-30.78741,-40.4282,-41.750942,-39.614384,-39.122017,-39.66866,-37.793983,-41.321243,-38.935944,-41.667274,-44.450817,-41.79146,-44.37503,-43.378128,-41.473648,-45.362038,-45.84262,-44.066624,-41.83872,-44.854298,-43.065815,-38.81457,-39.63836,-43.69978,-46.0551
9824,False,-29.456766,-29.468424,-29.22293,-36.097664,-36.911568,-36.23581,-22.77712,-30.476067,-42.812737,-42.73488,-41.542507,-42.32408,-38.774876,-38.826244,-40.114258,-40.421833,-43.22812,-44.987114,-44.512756,-45.980766,-46.309685,-46.766396,-47.641815,-47.641014,-47.48426,-45.776093,-45.980698,-45.55329,-42.817894,-46.28412,-49.334305,-49.939922
9856,False,-30.587975,-30.17419,-27.56266,-36.710175,-41.363373,-37.04339,-24.679726,-30.291458,-43.040985,-44.160645,-40.57685,-42.368847,-40.290035,-44.92664,-46.12665,-45.540054,-48.348244,-47.38503,-46.758404,-42.604362,-43.791824,-47.808334,-49.60366,-52.031036,-51.272675,-50.29344,-49.437035,-47.342625,-47.530094,-48.84373,-52.90046,-53.659214
9888,False,-34.169464,-32.72283,-32.520546,-35.431408,-37.29333,-35.48936,-25.887556,-31.169777,-41.985687,-43.877724,-42.92726,-43.967255,-44.126564,-45.574245,-45.91533,-45.20336,-47.234463,-50.62942,-50.2612,-47.10731,-45.994946,-48.907337,-50.42696,-52.783318,-50.64881,-52.53399,-52.262306,-51.72277,-49.850384,-52.56092,-55.23117,-57.07627
9920,False,-29.769386,-31.151564,-26.624569,-33.734932,-38.527325,-36.61567,-23.929632,-31.678946,-42.174698,-43.495354,-40.425537,-47.071667,-43.997875,-43.289677,-46.616917,-46.14016,-47.486618,-47.706535,-49.12635,-45.392345,-44.105762,-46.70427,-51.202827,-50.77343,-51.891,-51.310852,-50.590233,-51.154396,-50.842476,-54.904343,-56.10779,-57.586792
9952,False,-26.693838,-25.99782,-33.335552,-42.422966,-43.297684,-40.19358,-22.582338,-30.497885,-44.46011,-46.02348,-48.298985,-45.89952,-40.165123,-38.540924,-50.096607,-46.230892,-48.48926,-49.793705,-47.701942,-46.62696,-46.351147,-47.152405,-49.723694,-51.857018,-53.48153,-50.93815,-51.696644,-51.29143,-52.19793,-53.828053,-55.873104,-58.164845
9984,False,-25.931152,-25.021603,-31.495525,-37.95673,-42.30055,-35.618782,-24.193403,-31.57452,-46.80054,-48.16208,-48.389687,-46.105995,-45.42026,-43.140533,-47.612797,-50.45195,-50.330177,-49.390312,-48.271523,-46.307846,-45.56205,-48.132126,-51.338764,-53.506184,-52.457767,-53.64196,-52.66876,-50.868248,-53.184753,-55.17707,-56.41986,-57.36338
