timestamp,faulty,band_0,band_1,band_2,band_3,band_4,band_5,band_6,band_7,band_8,band_9,band_10,band_11,band_12,band_13,band_14,band_15,band_16,band_17,band_18,band_19,band_20,band_21,band_22,band_23,band_24,band_25,band_26,band_27,band_28,band_29,band_30,band_31
0,False,-37.000256,-37.032898,-36.8842,-39.33183,-37.512554,-39.073273,-39.362404,-42.595673,-37.248466,-31.579609,-40.9783,-43.33934,-45.05124,-45.232765,-48.775726,-51.80906,-46.691803,-53.57923,-56.432537,-58.02421,-54.518696,-55.839806,-62.691505,-59.988228,-58.088074,-61.022087,-59.390205,-60.646492,-63.353508,-62.598564,-60.72775,-61.135544
32,False,-27.615252,-29.412268,-35.05616,-34.04048,-32.428467,-34.84595,-36.576443,-39.470116,-37.106335,-32.820023,-39.52308,-38.94248,-39.231983,-40.141663,-44.933357,-42.870907,-39.7463,-46.276833,-53.435936,-54.952892,-53.136692,-53.864822,-57.344658,-56.211105,-55.937046,-58.727776,-57.11182,-60.22871,-60.637535,-59.286697,-57.24214,-59.30779
64,False,-27.658175,-28.496887,-29.722195,-30.034922,-27.900768,-28.443195,-30.23051,-24.42118,-26.85625,-23.600233,-28.559227,-27.77313,-26.12075,-29.127895,-31.235952,-27.073837,-32.034878,-37.72612,-38.787422,-43.522636,-41.785515,-44.08546,-43.21913,-49.450348,-52.501415,-52.571693,-52.37991,-54.16784,-50.976963,-53.000008,-54.79638,-57.346783
96,False,-29.111345,-33.35585,-33.13538,-32.72949,-32.52216,-31.945189,-37.196354,-34.752098,-31.232183,-23.376265,-36.201454,-36.731873,-34.583134,-38.046318,-41.67107,-37.738544,-41.97995,-47.440163,-47.528496,-51.88468,-53.762817,-52.84464,-54.185654,-54.595047,-55.0334,-57.05652,-56.323032,-58.90196,-60.16085,-58.52121,-58.698765,-58.991142
128,False,-26.647509,-26.717073,-31.671984,-34.653076,-32.479866,-30.535242,-36.25652,-35.578125,-33.86642,-28.478548,-37.969585,-39.45824,-39.68491,-37.991966,-46.215668,-46.889374,-38.221077,-44.940964,-49.700066,-53.45482,-53.71347,-54.102722,-56.412663,-57.272133,-54.945293,-56.556946,-55.750633,-57.64856,-58.853493,-58.732132,-56.988205,-59.907013
160,False,-22.826996,-24.525976,-32.37198,-31.671923,-29.158165,-36.06576,-38.940567,-38.33899,-38.19094,-32.339855,-45.390923,-42.285583,-39.087883,-41.37422,-46.034527,-46.240993,-41.54737,-48.85411,-50.38308,-55.2428,-53.72165,-53.877506,-55.756653,-58.15496,-56.550545,-57.287502,-55.411827,-57.255234,-57.92194,-57.44741,-57.777958,-58.964214
192,False,-28.968647,-31.04289,-33.153416,-33.959175,-32.393414,-33.157112,-34.69526,-32.94513,-33.928886,-26.625673,-40.17813,-41.667732,-44.77091,-46.326412,-49.422108,-51.654274,-45.294464,-48.40648,-51.995674,-54.56386,-53.272644,-55.34504,-58.19265,-58.59054,-57.27349,-56.86748,-56.585014,-57.665066,-58.8562,-58.442,-58.16095,-59.28308
224,False,-31.867165,-31.736996,-33.016552,-35.350033,-32.71699,-29.69812,-35.011333,-35.344406,-38.011368,-35.339977,-42.024147,-44.235214,-41.730934,-44.566956,-48.022175,-47.62196,-43.541893,-47.384163,-54.068947,-55.552475,-53.94731,-53.695168,-57.157116,-59.750576,-58.12109,-57.702595,-56.60634,-59.210033,-58.568184,-56.881756,-57.89028,-59.313892
256,False,-28.605177,-26.993462,-31.92125,-36.372906,-38.689125,-32.117516,-37.518753,-34.51837,-32.39593,-25.848206,-41.629677,-41.853462,-44.640495,-43.12769,-45.006786,-49.286957,-42.01954,-46.169285,-51.833843,-53.437218,-54.925255,-55.172768,-57.276665,-57.806618,-59.78492,-58.242302,-55.815884,-58.497807,-58.410683,-58.411583,-56.73799,-60.33851
288,False,-29.023016,-28.40271,-35.503056,-39.25034,-37.31754,-38.077995,-35.889927,-35.44566,-31.249374,-25.717537,-43.226234,-41.124184,-39.366547,-42.598007,-47.964687,-50.215897,-42.170567,-46.623726,-49.076233,-55.951153,-52.75928,-53.335476,-57.091125,-58.06214,-56.776463,-55.444946,-55.50412,-57.071075,-59.856564,-57.675728,-57.817875,-60.755
320,False,-26.57687,-28.039951,-32.49495,-30.275398,-34.11989,-38.32711,-40.55343,-34.110783,-35.434788,-29.289782,-40.539433,-40.849377,-42.417606,-43.722115,-48.49886,-49.022606,-44.65569,-48.26606,-50.199165,-52.786835,-53.670723,-52.205906,-54.853634,-55.968056,-56.888424,-58.658424,-56.955914,-58.518566,-58.146812,-58.383423,-56.73138,-59.99342
352,False,-28.167093,-30.101032,-36.81056,-38.606136,-38.01643,-35.711224,-40.076885,-34.250343,-35.99313,-31.22021,-41.16013,-41.45107,-40.52246,-46.03577,-45.69405,-48.346043,-46.70633,-47.88525,-51.404594,-54.47917,-57.26654,-55.554398,-57.022453,-57.171932,-55.759865,-56.478573,-56.131367,-57.974754,-59.604053,-60.270264,-59.099106,-60.131783
384,False,-32.697906,-32.64893,-35.653843,-32.697357,-33.966763,-32.408443,-39.391735,-34.011936,-31.829367,-28.750822,-41.000877,-40.40171,-38.40791,-44.450115,-44.20031,-47.72828,-48.856888,-51.610207,-51.166946,-52.067795,-54.09368,-54.329735,-56.130062,-57.16552,-55.394596,-57.388237,-56.298218,-56.7721,-58.161194,-59.793934,-57.452522,-58.912605
416,False,-33.339058,-32.66514,-34.376495,-33.652145,-29.007736,-31.814064,-36.00564,-34.14741,-32.048286,-24.84821,-40.826424,-45.538857,-43.6251,-43.97766,-42.993645,-47.46925,-44.81047,-49.433533,-51.424774,-53.859306,-53.854324,-52.18304,-56.458282,-58.64945,-58.162468,-60.33592,-55.441055,-59.11282,-59.60691,-57.446053,-57.312145,-60.414845
448,False,-27.495998,-30.393469,-31.820295,-29.390821,-25.874031,-36.255886,-36.658863,-34.58263,-35.665283,-29.930037,-41.66002,-39.793583,-39.740215,-42.07216,-39.243412,-46.556297,-46.82095,-50.618248,-52.482296,-53.54021,-56.079422,-54.74939,-57.66897,-58.858242,-57.1567,-58.103466,-57.86712,-59.811535,-59.970917,-59.18743,-59.960403,-60.18086
480,False,-28.49612,-27.906418,-31.891636,-30.647297,-27.682674,-37.881763,-39.293934,-36.849236,-30.803804,-26.265163,-42.01824,-39.92512,-40.630806,-43.36048,-45.895905,-49.538857,-47.641556,-49.952602,-49.691345,-52.733784,-55.238144,-54.24767,-56.40986,-58.18625,-56.23877,-57.699028,-57.905663,-57.706406,-59.83507,-60.31334,-59.407787,-59.57174
512,False,-25.060593,-25.518114,-34.82554,-32.266056,-29.957712,-32.571896,-36.99904,-33.3789,-29.742184,-23.727985,-41.21206,-39.339684,-39.2168,-42.777767,-47.158478,-47.35512,-42.846073,-48.489265,-50.382725,-51.655685,-54.581833,-55.36374,-57.73148,-58.9867,-57.52864,-56.956375,-55.2126,-58.164963,-59.254936,-58.73068,-59.62982,-60.33319
544,False,-27.877888,-28.705711,-34.65921,-31.470478,-28.879425,-30.90458,-35.56559,-32.93671,-30.327152,-24.639452,-42.136467,-39.3211,-42.160408,-44.239082,-44.140335,-46.52707,-43.822384,-48.34867,-51.09813,-54.81746,-54.204403,-54.93598,-56.531044,-55.7614,-59.37797,-56.469048,-56.245476,-59.36547,-58.404007,-57.694645,-57.892452,-59.984222
576,False,-25.198023,-25.991056,-30.219795,-32.100418,-28.08158,-32.400764,-39.676785,-35.044975,-29.84893,-24.731295,-43.82839,-40.34507,-39.536312,-42.589115,-47.80179,-48.24494,-43.27248,-50.31173,-52.29509,-55.15753,-54.545517,-54.446712,-57.794495,-58.394234,-57.105118,-57.828926,-56.903145,-57.26879,-60.947803,-60.05143,-59.25042,-60.83677
608,False,-29.189735,-27.515495,-31.308754,-24.19941,-26.309036,-29.499674,-24.86683,-21.194962,-25.065966,-23.623932,-27.50123,-22.877901,-23.365763,-20.92952,-21.699722,-18.432934,-20.929512,-24.334438,-29.43634,-35.64612,-29.947678,-28.689129,-27.370823,-30.686445,-27.60319,-24.916155,-29.960749,-24.128338,-18.090694,-18.572409,-23.296146,-23.374672
640,False,-27.013853,-27.838114,-31.347061,-27.76175,-30.056555,-28.146244,-31.042599,-27.1013,-23.176863,-16.849611,-31.979385,-31.915472,-31.134264,-29.111172,-32.398632,-28.65901,-31.493206,-37.927658,-36.51005,-42.16382,-39.797672,-36.378258,-39.275864,-42.64544,-38.539433,-35.030056,-37.32121,-36.120895,-31.176754,-31.913391,-36.265415,-38.02327
672,False,-31.561577,-30.595541,-33.005657,-28.709305,-35.14726,-35.343327,-39.311474,-36.635853,-30.106314,-23.252697,-37.910984,-41.60443,-38.000656,-35.088917,-37.677048,-36.775303,-39.23136,-43.924393,-42.934208,-47.624508,-44.776077,-42.700905,-45.38357,-46.669914,-45.180096,-39.1936,-41.891785,-41.324673,-37.904255,-39.191853,-44.38664,-46.366634
704,False,-29.645004,-30.810377,-35.481236,-34.204266,-30.326118,-33.173172,-36.907314,-35.468033,-33.243084,-29.101864,-39.32437,-39.44423,-41.658592,-41.31933,-40.26401,-37.97744,-40.86998,-45.44288,-45.355587,-50.69655,-48.236847,-43.20227,-47.047432,-48.583336,-49.937447,-45.020657,-45.359325,-44.793285,-41.24235,-42.391197,-48.40252,-50.697983
736,False,-28.791767,-28.672653,-35.19074,-31.291952,-31.282162,-35.604874,-40.678616,-34.55655,-28.9868,-23.661863,-42.63233,-42.44366,-43.953094,-42.27861,-43.345963,-44.241013,-42.116894,-47.516968,-46.791298,-52.02585,-48.471565,-47.66075,-49.961643,-51.203686,-51.766075,-48.594967,-48.31324,-48.420258,-46.697807,-46.058,-53.261906,-56.43969
768,False,-26.765697,-28.287848,-34.838707,-32.47603,-32.637978,-35.388714,-39.83772,-33.541348,-32.042553,-28.062515,-42.26751,-45.08469,-43.311447,-42.08834,-45.6596,-45.168793,-45.62152,-48.555088,-49.747356,-50.79309,-51.95993,-50.72645,-53.52878,-55.36865,-55.81869,-53.672924,-51.193676,-52.146454,-49.35462,-50.585514,-56.115334,-56.956512
800,False,-27.87461,-31.41553,-33.38368,-32.02404,-30.545322,-33.6587,-36.691612,-33.721237,-26.113106,-19.438244,-37.804077,-42.578625,-43.025166,-46.0976,-47.844353,-46.290924,-47.636223,-50.4153,-50.72055,-52.72834,-51.722816,-53.09436,-56.761147,-56.27106,-55.811024,-54.40879,-53.114742,-55.109207,-51.667908,-53.722424,-57.121956,-58.981636
832,False,-27.899548,-28.663836,-32.721,-33.330338,-30.129108,-30.743374,-36.932022,-35.848057,-33.171776,-26.512875,-40.33644,-44.995445,-47.458347,-47.048374,-46.87455,-46.053726,-46.09832,-49.03034,-51.80494,-53.00236,-52.439762,-52.518482,-57.16954,-57.10773,-57.428265,-55.881546,-56.31061,-56.57724,-56.6592,-57.06897,-57.52736,-58.942104
864,False,-27.04817,-27.27045,-30.622475,-32.789165,-36.457542,-30.59045,-36.889957,-37.919773,-32.05068,-26.676506,-41.835365,-40.19967,-42.49109,-46.017147,-47.64924,-48.21846,-46.58966,-49.615177,-49.575897,-51.798225,-52.298523,-51.96981,-57.63132,-57.439003,-56.756134,-56.165314,-57.129234,-58.243237,-57.260605,-57.61654,-55.627716,-59.064323
896,False,-26.357857,-26.696964,-33.86416,-37.619144,-32.359055,-32.860332,-40.38776,-38.219784,-36.08863,-26.629372,-40.061573,-42.39697,-42.658348,-44.965282,-46.281868,-46.81557,-46.067356,-50.420414,-50.42337,-52.444954,-51.998463,-55.13502,-56.7735,-57.524914,-55.296814,-57.06114,-55.976505,-58.576073,-59.097298,-57.692905,-56.75812,-60.388508
928,False,-26.13495,-27.625122,-36.041748,-32.105507,-30.415691,-37.763737,-37.778774,-37.47927,-29.174694,-22.454512,-42.5467,-40.858063,-41.80582,-44.19636,-47.87308,-46.75697,-40.44507,-49.593018,-53.020798,-55.0142,-55.737816,-55.06893,-55.63816,-56.177948,-56.31281,-57.971367,-54.69246,-58.747604,-59.522076,-57.968197,-57.395344,-59.68897
960,False,-27.375984,-25.69769,-33.00258,-33.08479,-27.608788,-37.064995,-38.979183,-36.669163,-28.121208,-22.603935,-43.24447,-43.840965,-40.08366,-44.792175,-47.791615,-47.481636,-42.58815,-48.493317,-51.879272,-52.48051,-53.455956,-54.124104,-58.877266,-57.88677,-57.11454,-58.30582,-58.048927,-58.320156,-58.322163,-58.185177,-58.754505,-59.661705
992,False,-29.154425,-27.516308,-30.533789,-32.326168,-32.473373,-33.486,-40.44269,-35.615025,-25.423477,-19.060545,-39.815853,-42.048332,-41.60382,-45.447887,-48.874474,-49.07029,-40.28247,-46.31943,-54.737362,-54.49846,-54.843197,-54.85796,-57.049957,-59.125286,-58.06784,-58.49915,-57.098484,-57.459305,-59.790783,-57.77943,-58.586456,-58.5853
1024,False,-25.212889,-24.612576,-32.730835,-33.412643,-34.44192,-35.804447,-39.025993,-37.049175,-30.318527,-23.542555,-39.11774,-40.15488,-38.373707,-43.098938,-49.11806,-50.316277,-45.635315,-49.871613,-51.186695,-51.86108,-53.943943,-55.185223,-57.412933,-58.541344,-57.98027,-57.682617,-54.47303,-56.73863,-59.485287,-59.316887,-59.400352,-59.557133
1056,False,-24.274872,-24.361952,-35.808292,-33.968674,-34.942375,-37.19256,-40.816784,-35.27613,-28.771698,-23.499811,-42.493538,-41.065407,-39.569435,-45.386143,-46.060673,-48.526337,-45.185387,-49.242767,-50.399063,-52.814564,-54.070393,-54.37195,-56.36264,-56.996723,-57.514233,-58.05302,-55.607994,-57.015034,-58.366352,-58.31423,-56.961975,-59.93347
1088,False,-26.387123,-26.392649,-34.991585,-36.4386,-36.355858,-37.07173,-38.72222,-35.393814,-33.976814,-27.278364,-38.20785,-41.242527,-40.28915,-44.111687,-47.042347,-48.523468,-45.56416,-50.07925,-52.68889,-53.241478,-53.117138,-52.9357,-55.935677,-57.117676,-57.91356,-58.810745,-56.92082,-57.46613,-58.982292,-57.945564,-57.80065,-60.429367
1120,False,-26.83851,-26.348652,-34.487286,-35.59271,-32.27138,-32.23071,-36.446785,-33.388542,-28.808043,-25.104683,-42.570095,-41.380253,-41.41136,-44.986366,-47.69936,-49.314228,-42.1542,-48.022766,-51.90209,-52.608734,-52.174095,-52.33412,-57.24302,-59.792118,-57.364292,-58.31072,-56.634514,-58.435192,-60.141457,-59.66928,-58.77311,-59.20221
1152,False,-27.127514,-25.880777,-31.805685,-28.104631,-24.331549,-28.702936,-27.160763,-25.777065,-26.866337,-25.734922,-29.893826,-28.067873,-26.793127,-30.9476,-30.618269,-27.245056,-30.870943,-36.59353,-39.785084,-45.191193,-42.446537,-45.21854,-42.969185,-47.598003,-52.32528,-54.285683,-53.633026,-54.726074,-49.920303,-52.225258,-53.490654,-56.982506
1184,False,-25.898586,-24.20562,-30.537018,-28.521233,-27.625175,-28.339401,-36.21481,-36.19108,-25.244314,-20.49326,-35.089054,-35.162457,-33.262825,-36.18637,-41.543594,-34.703926,-37.576717,-45.03197,-45.624626,-49.60066,-49.66764,-49.10942,-51.592308,-55.176525,-57.37736,-54.560333,-54.698692,-57.241753,-56.420383,-58.683548,-57.592224,-57.885723
1216,False,-25.964205,-28.028206,-31.989176,-30.86369,-26.653622,-31.22417,-37.193512,-31.82617,-29.49877,-27.140627,-42.826538,-40.883316,-37.828835,-36.167843,-43.263813,-45.076237,-44.3851,-48.609375,-49.4871,-55.288387,-53.285934,-52.9757,-53.942684,-56.13934,-57.847458,-56.562958,-55.192585,-57.735233,-58.773113,-56.959175,-55.448433,-58.19622
1248,False,-28.362106,-28.033634,-30.705336,-35.45126,-34.296078,-30.677834,-38.863014,-32.110146,-26.876394,-20.01377,-38.05918,-41.30516,-40.137295,-40.360214,-48.022404,-45.2295,-41.559235,-46.94263,-50.805454,-54.938698,-55.163857,-54.01957,-57.182274,-57.295013,-57.02723,-56.943966,-55.12897,-58.460213,-59.283875,-58.23478,-56.09343,-59.927505
1280,False,-31.046402,-29.740921,-32.183643,-33.004356,-31.933147,-31.146004,-38.971718,-33.16446,-27.948858,-23.866394,-40.713734,-40.742043,-39.80293,-43.928017,-49.307487,-47.2348,-41.147736,-48.120926,-52.679707,-50.99511,-51.341743,-53.425728,-57.548504,-56.382385,-55.82918,-58.108273,-55.938217,-57.08058,-59.102688,-60.281715,-58.55066,-58.183994
1312,False,-32.44516,-33.947796,-34.422916,-37.77773,-35.159,-31.992476,-37.748543,-35.53391,-27.971258,-19.952173,-37.2297,-42.42753,-39.38737,-47.54742,-47.656918,-47.18062,-46.225235,-51.869865,-55.361042,-54.58883,-55.11146,-56.209137,-56.80229,-57.433662,-57.345676,-56.53058,-55.447903,-57.3888,-59.860878,-58.216957,-56.61638,-58.052338
1344,False,-30.215187,-30.42327,-33.407055,-33.88422,-33.856033,-35.572742,-35.96448,-34.944183,-30.773052,-26.39634,-43.659492,-40.727608,-45.42434,-43.06553,-46.90224,-47.556885,-44.142838,-48.65639,-52.92803,-50.5941,-51.414825,-54.44774,-57.626072,-57.5477,-58.016426,-56.960587,-56.63406,-58.16145,-59.17046,-57.76319,-57.4393,-58.430325
1376,False,-25.195477,-29.007034,-32.62943,-35.797516,-33.775772,-36.89783,-37.995872,-36.576126,-32.144466,-29.735582,-42.131382,-43.41449,-42.829643,-40.284122,-44.912106,-49.58869,-44.004173,-48.083767,-50.452217,-52.97953,-55.600887,-53.947227,-56.50074,-58.56346,-57.753258,-57.752426,-54.339676,-56.075554,-60.457386,-58.05121,-56.152252,-58.42212
1408,False,-27.861752,-28.50248,-33.995026,-35.540936,-34.54136,-32.298435,-38.55258,-37.655678,-31.099846,-26.13371,-39.73483,-43.80429,-43.69732,-44.094814,-47.47898,-49.024284,-45.301193,-49.89992,-52.603073,-52.671997,-54.774914,-54.04026,-56.030388,-54.82882,-57.394825,-56.354317,-55.41151,-57.59227,-60.02567,-57.55495,-56.437756,-60.117115
1440,False,-26.430094,-28.348417,-32.37759,-35.387543,-30.866854,-34.737946,-38.050316,-36.032036,-34.368855,-29.917412,-39.101723,-40.71129,-43.940117,-45.637318,-47.08359,-46.663853,-47.453438,-50.244465,-51.444973,-52.54557,-51.532425,-53.567696,-56.328587,-58.179733,-57.928185,-58.770256,-57.60591,-58.75402,-60.458855,-57.829185,-57.317677,-59.37557
1472,False,-26.005611,-25.927755,-34.19964,-34.503387,-28.846262,-35.08827,-35.59426,-37.22714,-31.713741,-28.170927,-41.714893,-42.674736,-43.91968,-45.32532,-48.12296,-48.03351,-44.46312,-50.05728,-51.919884,-53.219204,-52.83711,-54.208405,-57.368637,-55.7847,-57.99469,-56.169266,-55.815655,-59.050808,-59.350876,-57.403255,-55.91021,-59.393307
1504,False,-26.249119,-24.432358,-32.787735,-33.40371,-29.56661,-35.549416,-38.747734,-36.38807,-37.056095,-33.377487,-45.67333,-43.348183,-42.110897,-42.463345,-49.252964,-46.756443,-44.117325,-50.69886,-51.36085,-52.76963,-51.143703,-53.132957,-57.95033,-56.4578,-57.147797,-59.10997,-53.465595,-57.992535,-58.316265,-57.537304,-56.465916,-58.960423
1536,False,-26.090805,-27.14095,-33.915646,-36.929836,-31.817146,-32.49856,-36.810486,-36.20852,-32.82175,-28.409052,-40.70978,-41.61125,-40.724926,-42.80684,-47.686848,-50.863247,-45.118088,-48.25612,-51.367683,-52.712383,-55.059666,-55.846466,-57.033295,-57.42536,-58.028202,-57.998882,-53.571926,-57.91436,-60.159615,-58.68373,-56.611935,-59.819572
1568,False,-22.912798,-23.348293,-33.999275,-33.20924,-30.661339,-33.436485,-37.531464,-37.453545,-30.03689,-25.27324,-43.917053,-41.698837,-40.081123,-42.140118,-47.407616,-51.226364,-43.988045,-48.96404,-51.16385,-52.758354,-54.20097,-54.753265,-55.8396,-56.289524,-56.97345,-56.26409,-54.233253,-56.76781,-58.826736,-58.825283,-57.80264,-59.47424
1600,False,-25.916548,-27.274166,-35.44274,-33.481915,-29.114002,-36.328014,-40.93592,-38.734283,-26.99982,-22.167614,-41.471615,-44.667877,-43.784786,-47.11898,-47.13153,-47.1464,-44.772064,-49.733055,-52.523827,-54.570843,-54.44591,-52.92656,-56.572136,-57.712524,-56.554165,-56.111588,-56.232838,-59.691463,-60.533504,-58.02719,-55.707657,-58.506645
1632,False,-24.189165,-23.766163,-34.418613,-32.22034,-28.386162,-34.49036,-38.078262,-37.239185,-29.766996,-25.97185,-41.045834,-43.182663,-41.496117,-46.056232,-48.497536,-48.411194,-39.425915,-46.43975,-51.55416,-51.687866,-53.36443,-53.005047,-58.493885,-56.73333,-56.125065,-58.1529,-51.778168,-57.09504,-60.228767,-59.734417,-57.862473,-58.6444
1664,False,-28.449482,-28.860126,-33.33554,-35.455338,-32.512814,-34.026955,-37.467434,-35.460857,-31.170952,-24.639008,-41.01996,-40.901257,-40.882553,-45.72214,-46.495255,-47.212826,-43.766075,-48.34934,-51.027676,-52.230152,-54.34801,-53.806816,-57.02632,-56.887135,-56.68998,-58.119427,-56.072823,-58.995625,-59.8728,-57.971874,-55.902515,-59.788864
1696,False,-25.430786,-30.779404,-31.771572,-26.424597,-27.843111,-28.232878,-26.088667,-23.767265,-27.83781,-24.494255,-28.419533,-23.667393,-23.81918,-22.496912,-22.513454,-19.213293,-21.445164,-25.059969,-30.881538,-37.230915,-30.681492,-29.653797,-28.028198,-31.377659,-28.122543,-25.818892,-30.60253,-25.42115,-18.49884,-19.171906,-24.851294,-28.3703
1728,False,-24.59777,-27.273178,-29.894142,-25.591734,-29.22366,-30.714043,-35.53709,-28.183437,-29.695404,-26.384203,-31.601482,-31.555435,-31.23739,-27.428402,-31.160583,-28.009212,-32.32143,-37.781727,-35.32164,-40.72032,-38.538177,-35.362617,-38.490505,-40.88751,-37.07959,-33.460926,-36.47694,-35.519886,-29.530865,-30.264214,-35.466022,-37.16555
1760,False,-27.058365,-28.827793,-32.98404,-31.257288,-32.71288,-30.752262,-35.63527,-32.073368,-30.669151,-26.595192,-38.99499,-39.245457,-36.470222,-33.081898,-38.04403,-37.037216,-35.945942,-42.273964,-43.49884,-47.751102,-46.392937,-42.736744,-45.981262,-46.53404,-44.693356,-38.790337,-41.278282,-41.29593,-37.64986,-38.71044,-44.778973,-45.679512
1792,False,-28.61759,-27.739183,-30.607317,-34.143536,-32.26175,-36.623196,-36.671467,-33.33185,-25.191011,-20.539759,-41.93206,-39.185177,-41.126953,-40.980267,-42.23833,-38.625576,-36.917095,-43.49563,-47.123028,-49.378036,-47.90338,-43.232746,-46.801094,-47.934647,-49.011936,-44.302315,-45.1996,-44.49685,-40.58088,-41.984486,-48.143955,-50.459103
1824,False,-27.5378,-27.220404,-33.48505,-35.555332,-29.530148,-37.78252,-40.014263,-34.469284,-24.910143,-18.974808,-41.762558,-41.66245,-42.20243,-43.02265,-43.38185,-43.809124,-39.278122,-44.669167,-48.180775,-50.48488,-48.209404,-46.942883,-50.0019,-49.555603,-50.62866,-46.96871,-46.961113,-47.978073,-46.080894,-45.3961,-50.45375,-54.56151
1856,False,-29.726162,-28.612808,-32.446617,-33.135887,-25.824316,-33.484467,-34.530376,-32.886177,-28.420547,-25.162622,-40.815666,-40.850098,-39.05133,-43.587345,-46.754898,-45.451622,-42.91353,-47.37247,-48.26052,-50.953613,-50.46867,-49.459152,-53.29666,-54.283073,-54.951447,-51.907734,-51.58744,-50.663166,-47.99866,-50.4414,-55.592186,-56.777004
1888,False,-27.967495,-30.430243,-32.86842,-32.815098,-25.308752,-34.144585,-37.12338,-36.119465,-31.508463,-27.972889,-43.66306,-40.99566,-40.81962,-42.39126,-47.12028,-47.84236,-43.845,-47.282127,-51.803795,-51.458126,-50.916553,-52.949566,-54.4182,-54.332375,-53.65087,-52.865753,-51.62432,-55.235374,-51.166187,-53.13625,-56.612442,-58.24989
1920,False,-25.875933,-26.829071,-34.987923,-35.572987,-29.253523,-37.47351,-37.90978,-35.120033,-32.7189,-28.090546,-42.18973,-40.680664,-40.55877,-43.357635,-47.522434,-45.759735,-40.469482,-49.02028,-52.489655,-52.01637,-51.222687,-53.279743,-56.467667,-57.863865,-56.24922,-55.123386,-54.509754,-57.84584,-56.835587,-55.614372,-55.701454,-58.26672
1952,False,-23.072178,-22.405453,-30.767614,-32.39108,-31.384136,-33.181995,-35.983665,-37.69204,-26.308825,-20.44523,-41.513077,-41.26745,-38.86243,-44.05676,-50.148148,-48.763695,-45.440163,-49.604996,-50.994606,-54.761627,-53.45942,-52.989864,-56.819656,-56.10463,-58.056164,-55.107224,-54.29075,-56.079807,-57.340504,-57.608368,-56.559204,-60.473408
1984,False,-25.970213,-25.646639,-33.451134,-35.079502,-32.859505,-31.400042,-37.656773,-35.449463,-29.148474,-25.006054,-38.00751,-42.459927,-44.710854,-49.859726,-51.41455,-50.996513,-44.636593,-48.355934,-49.558483,-55.497498,-54.20826,-54.336937,-57.504898,-56.09114,-58.18251,-54.865,-53.263466,-54.937614,-58.808464,-57.7741,-56.23711,-58.73178
2016,False,-30.278458,-29.649273,-33.175743,-32.54791,-26.556265,-34.75157,-38.821404,-34.618053,-27.196564,-22.439697,-40.428463,-44.743393,-41.680702,-40.650024,-45.07804,-48.03212,-44.287735,-49.52523,-50.326805,-52.379436,-52.530495,-53.46928,-57.061024,-58.44416,-57.908325,-56.762928,-54.421963,-58.306053,-60.30697,-57.100758,-56.196854,-60.151596
2048,False,-26.857279,-27.976479,-33.52591,-34.31545,-27.876785,-33.144833,-35.056343,-34.545788,-27.078178,-21.991821,-43.93801,-40.37947,-41.99799,-45.26011,-49.76351,-47.912666,-47.016792,-51.893253,-51.635456,-53.705524,-53.42129,-55.218273,-59.082264,-57.34333,-57.354927,-58.100586,-52.951817,-57.567387,-59.361187,-57.24038,-57.315155,-58.93994
2080,False,-31.094782,-27.534334,-34.744907,-38.766186,-32.547314,-29.68084,-37.81778,-35.00718,-23.759018,-19.81509,-42.097927,-42.174244,-41.03913,-46.95434,-48.54094,-47.813065,-42.875805,-49.343475,-50.73216,-53.608227,-52.85677,-54.92838,-56.413383,-57.238182,-58.123093,-56.82716,-55.608345,-57.793068,-60.583023,-58.625557,-57.221664,-57.999554
2112,False,-29.113596,-30.242987,-31.562603,-35.693844,-35.402397,-29.54126,-35.086254,-32.52751,-31.408314,-27.191605,-40.667057,-39.929195,-42.14604,-44.035793,-48.261147,-47.443928,-42.970627,-47.836502,-53.56481,-54.51863,-54.386314,-55.432144,-57.755005,-58.332287,-59.721252,-59.167118,-55.029316,-58.40546,-59.595165,-56.52539,-56.50467,-58.05461
2144,False,-32.617023,-32.621956,-34.517616,-35.117233,-32.17295,-28.377419,-35.76197,-36.543404,-34.53864,-29.641436,-46.238895,-41.861385,-39.801003,-43.57393,-46.210327,-48.97786,-38.307495,-46.133595,-50.893993,-52.735043,-54.19649,-55.09676,-55.978127,-57.997166,-57.12336,-56.370968,-56.776867,-57.987286,-59.103985,-57.925724,-56.60917,-57.436428
2176,False,-26.80072,-27.554226,-32.063126,-35.52536,-35.257988,-33.43893,-37.909626,-34.57449,-29.949913,-24.038921,-39.236362,-43.29702,-40.056072,-41.717636,-49.509464,-48.019295,-44.53846,-49.87163,-52.352222,-54.071903,-52.580982,-54.329643,-57.64952,-57.408195,-57.615128,-55.800827,-55.837967,-57.20907,-59.78688,-58.797775,-57.76377,-59.27904
2208,False,-24.823807,-27.870312,-32.969128,-34.938232,-36.035534,-39.313046,-38.130867,-35.575657,-27.353622,-22.660864,-40.351276,-42.423225,-40.617943,-44.89304,-49.941666,-48.717308,-42.51993,-47.797657,-49.72979,-52.261574,-55.398712,-54.90868,-53.68875,-55.835667,-57.162926,-57.273895,-56.374115,-56.938065,-60.955257,-59.717182,-57.429222,-58.453278
2240,False,-25.440884,-28.185875,-32.76776,-29.184315,-28.570248,-29.314693,-28.96695,-23.100365,-26.196299,-27.522541,-28.858784,-28.064766,-26.085457,-30.846897,-30.55122,-27.188057,-31.622696,-35.817207,-39.700077,-44.08406,-41.866714,-43.936047,-42.31411,-48.90255,-52.697712,-52.959816,-52.028366,-53.168358,-51.754143,-52.71519,-54.98047,-57.26524
2272,False,-27.225845,-27.414131,-32.684822,-27.43128,-24.065783,-25.790527,-33.34996,-29.300419,-26.47554,-23.255623,-37.13218,-34.866135,-34.10233,-36.942383,-41.17134,-35.26053,-36.70931,-44.924454,-48.400818,-51.870537,-50.738052,-49.91383,-53.140965,-53.902435,-55.276253,-56.057938,-55.33793,-57.6809,-58.565727,-57.878628,-57.82363,-59.555923
2304,False,-27.190098,-27.628044,-34.1174,-33.841805,-28.944757,-34.841427,-37.011166,-30.608198,-25.860292,-21.746397,-40.48069,-38.817093,-37.06354,-36.63804,-42.215134,-43.565765,-43.26006,-48.647957,-49.088737,-53.091797,-54.406277,-53.703236,-56.19392,-57.35554,-57.699017,-57.21657,-55.92099,-57.698845,-59.69026,-59.094162,-57.703136,-60.29923
2336,False,-27.901487,-31.43096,-33.826817,-32.8319,-27.404013,-36.89253,-37.435432,-33.456024,-28.41033,-22.94712,-36.68319,-42.482323,-42.414394,-41.925514,-47.04227,-45.052246,-46.135136,-47.023655,-47.06545,-52.6846,-54.59433,-54.89794,-59.24669,-58.698597,-58.480103,-56.761055,-55.548943,-57.133873,-59.63124,-56.53694,-56.086918,-59.90674
2368,False,-25.131699,-26.84219,-32.523605,-33.849407,-29.344486,-33.095154,-40.65575,-37.95939,-28.81971,-24.833855,-42.52871,-42.003464,-40.917377,-41.44175,-48.550472,-49.942047,-48.22536,-49.87453,-49.634216,-53.147617,-53.387016,-53.6607,-54.554985,-58.21238,-58.53528,-56.990387,-54.997154,-58.10826,-59.74109,-57.791435,-56.984856,-59.81536
2400,False,-24.882912,-24.699066,-31.814487,-35.39569,-34.325928,-29.297583,-36.32901,-35.22428,-32.15418,-30.760235,-40.20517,-41.073463,-39.506966,-40.038113,-45.122448,-45.922703,-44.28507,-47.808144,-53.60729,-55.787243,-54.43901,-55.579533,-55.683903,-57.524696,-56.954895,-58.675495,-57.682976,-59.476265,-58.89143,-57.99896,-57.038643,-60.371555
2432,False,-25.591356,-26.008703,-32.759262,-34.5406,-34.11924,-34.249176,-35.941246,-37.603912,-31.398489,-26.793154,-39.934624,-43.510323,-43.305832,-44.57676,-44.841003,-46.775627,-43.429375,-48.85003,-50.193005,-50.238663,-51.05694,-52.585,-54.76488,-58.026962,-58.163124,-58.35276,-54.252037,-58.510475,-60.08412,-58.397987,-56.38018,-57.941013
2464,False,-26.924545,-27.187134,-32.96308,-35.61994,-35.333637,-32.574677,-34.601543,-33.15433,-31.429,-27.371334,-38.463043,-42.598083,-42.69513,-41.001175,-43.78265,-47.569637,-39.499355,-47.23761,-50.905613,-52.806557,-52.035553,-50.883923,-55.435272,-56.81527,-57.783295,-58.703964,-56.168373,-58.867718,-58.690887,-59.850784,-58.012394,-60.10092
2496,False,-29.376383,-28.761637,-32.08626,-34.526344,-36.140663,-29.937304,-34.60146,-32.54838,-31.34423,-24.390738,-39.088795,-42.631813,-42.853203,-41.396324,-44.001694,-47.490883,-38.515507,-49.252274,-52.172424,-53.23169,-53.134285,-52.201,-55.798985,-57.233818,-57.38286,-58.739723,-53.661522,-58.25594,-59.94879,-59.251793,-58.074814,-61.28292
2528,False,-26.961878,-26.427984,-33.267475,-35.65421,-33.547394,-29.573067,-34.51837,-33.5932,-29.703716,-26.42585,-42.592144,-43.378254,-41.830326,-41.33823,-46.843452,-49.407494,-45.613045,-51.17561,-52.50298,-55.096416,-52.824203,-53.282284,-57.984776,-57.645782,-56.75015,-58.183113,-55.349686,-59.248272,-60.023304,-59.21925,-58.65862,-60.5082
2560,False,-30.02123,-31.632032,-36.64736,-36.336536,-31.35229,-30.090494,-35.14316,-35.120853,-30.765099,-28.289576,-44.16166,-42.66905,-43.03194,-40.24837,-46.698715,-47.41954,-41.94584,-49.649204,-52.428326,-53.7778,-54.30699,-56.33621,-59.351788,-57.67386,-57.713806,-57.702087,-56.50357,-60.173756,-61.216827,-58.92613,-57.303497,-61.285206
2592,False,-27.700935,-30.622547,-34.642387,-32.675713,-30.540176,-32.553375,-36.08757,-36.680244,-26.954533,-22.003704,-40.88354,-45.626087,-45.0519,-40.81806,-50.16606,-49.06005,-45.61139,-48.845287,-51.991524,-53.226734,-52.817005,-52.703636,-58.652237,-60.343876,-58.903576,-57.951378,-54.07179,-57.48288,-57.885635,-58.916153,-56.988224,-59.63537
2624,False,-28.326904,-28.319197,-34.249416,-37.3647,-41.2841,-36.786125,-37.496723,-39.670197,-30.864616,-25.934294,-40.993385,-41.93829,-39.788155,-37.84272,-44.84706,-47.270523,-41.760033,-48.78017,-52.53041,-52.76841,-53.15355,-53.985474,-59.17809,-56.87815,-56.98715,-56.80408,-55.095676,-58.23915,-59.772163,-60.73983,-58.767315,-58.88792
2656,False,-25.118576,-29.618227,-34.079575,-35.42254,-32.044453,-30.207556,-37.924362,-37.656757,-34.017303,-29.871122,-40.57244,-41.960102,-39.785473,-45.186687,-48.61988,-45.384277,-41.70855,-51.294994,-54.34017,-55.1462,-53.952904,-52.75654,-58.163265,-56.93318,-56.308456,-55.223812,-53.332767,-56.329464,-58.014812,-57.17502,-57.048763,-59.563717
2688,False,-26.380177,-25.361801,-30.78556,-35.350834,-31.252481,-31.338825,-38.855675,-36.98706,-31.711176,-27.733267,-42.273666,-39.370304,-41.5587,-41.838783,-44.456043,-46.863342,-44.033665,-48.514984,-51.871605,-51.898594,-53.980694,-52.72841,-55.152153,-59.49718,-58.176117,-56.135506,-55.351906,-57.305645,-58.594822,-56.759,-56.26647,-58.858307
2720,False,-24.401077,-26.453072,-30.90446,-33.665047,-33.028408,-31.899742,-36.737095,-33.33574,-28.719162,-24.475471,-40.366436,-39.660614,-38.642628,-45.153152,-46.85707,-44.709305,-42.127678,-48.315804,-51.244324,-50.98964,-52.549595,-54.70715,-55.15137,-54.64226,-57.76684,-56.831,-54.372284,-58.54357,-59.260147,-58.312553,-58.037876,-61.375137
2752,False,-23.330719,-24.049768,-30.254208,-32.473976,-27.668716,-32.88595,-42.321316,-37.289886,-27.853012,-23.82143,-40.86995,-42.671562,-39.956947,-39.505104,-48.485943,-49.798714,-39.62624,-48.82561,-51.36418,-51.738743,-52.36573,-53.56067,-55.282803,-56.987362,-56.68796,-57.9052,-56.70505,-59.076305,-59.337345,-57.901848,-57.43195,-60.49944
2784,False,-23.411581,-26.62504,-32.506554,-31.109303,-32.851715,-30.544212,-29.319073,-26.732307,-29.187412,-28.008793,-32.385956,-28.137566,-27.438011,-26.63624,-26.659931,-23.608566,-25.718327,-29.594273,-36.186787,-41.4218,-35.726074,-35.526234,-33.48494,-36.546562,-33.790005,-31.527958,-35.276554,-29.912102,-23.686811,-23.930344,-30.079422,-30.362656
2816,False,-24.100168,-24.649115,-29.395609,-24.293367,-27.822182,-26.513079,-29.154127,-22.21506,-26.894375,-26.152637,-28.857937,-27.300453,-27.726934,-23.568054,-26.304626,-23.016647,-27.330273,-30.118057,-31.21608,-36.663315,-32.87279,-30.464201,-31.331532,-33.88446,-31.08318,-27.842136,-32.672962,-29.776487,-22.6462,-23.264812,-28.121792,-28.82949
2848,False,-24.727762,-26.291773,-31.802223,-31.897144,-28.570013,-31.775236,-36.676205,-28.849556,-28.681047,-24.590673,-37.42915,-36.04104,-31.494179,-31.326672,-35.783974,-34.5106,-36.497887,-42.228813,-41.416977,-47.280502,-43.2708,-41.036472,-45.275757,-46.53974,-43.195023,-38.767857,-39.761272,-40.46496,-36.304314,-36.81429,-42.38117,-45.12171
2880,False,-23.051298,-23.972208,-32.5129,-34.763126,-32.96338,-31.433338,-34.09411,-31.329834,-32.921703,-28.493979,-40.37663,-43.411163,-40.028557,-38.66329,-41.74745,-37.171196,-39.161896,-44.36525,-45.32105,-48.46868,-46.720432,-43.538826,-46.63712,-49.56848,-47.74334,-42.368107,-43.203445,-43.745888,-39.27623,-40.892216,-47.462265,-48.778362
2912,False,-26.256824,-30.232132,-35.576584,-34.063007,-32.60129,-34.607376,-37.300846,-36.734245,-30.565855,-24.904987,-40.174175,-40.823322,-40.55935,-39.06794,-42.88159,-40.553722,-39.17791,-46.101532,-47.740765,-50.899433,-48.553345,-47.452274,-49.313988,-50.54831,-49.59892,-46.707684,-46.82376,-48.16136,-44.58168,-44.191498,-49.93847,-53.69622
2944,False,-28.229221,-28.362701,-32.968727,-35.960518,-32.96478,-35.720383,-36.28375,-36.462055,-26.603718,-21.350744,-39.84837,-44.054688,-40.94287,-43.263588,-45.361004,-43.880234,-42.34356,-43.73484,-46.983154,-50.19272,-51.797607,-49.270626,-52.839775,-53.80369,-53.30838,-50.477654,-52.28996,-50.25755,-47.657246,-48.79475,-55.14898,-57.172287
2976,False,-26.04963,-26.321028,-31.893675,-34.057053,-28.48379,-32.313828,-34.6954,-31.96804,-31.14404,-26.72488,-38.289127,-40.694786,-39.159397,-45.83619,-45.136932,-43.346,-38.11769,-45.39144,-49.368874,-50.952217,-51.515522,-52.7854,-53.619293,-54.98851,-56.116943,-54.730206,-52.733253,-55.052433,-49.43163,-51.014923,-56.260418,-58.023216
3008,False,-27.15719,-27.005117,-32.815174,-34.435585,-32.13302,-32.223442,-34.74386,-32.615036,-28.679049,-24.873447,-40.357708,-42.62796,-44.646652,-39.95109,-47.36261,-46.440083,-40.49368,-49.527966,-52.27274,-55.047718,-54.82502,-54.999184,-57.87919,-55.325054,-54.6493,-55.59369,-53.651726,-55.832596,-54.890358,-55.42032,-56.096416,-59.32468
3040,False,-25.53942,-28.67917,-31.258179,-33.629593,-33.13335,-36.359077,-36.2412,-33.025555,-24.58498,-21.605633,-40.054092,-42.308537,-46.586452,-43.4586,-46.367676,-48.85382,-44.024857,-52.2797,-50.557003,-51.3714,-52.30603,-53.070633,-54.365383,-58.25766,-57.915157,-56.202045,-55.589653,-54.74014,-56.42433,-54.520435,-57.863235,-60.31478
3072,False,-25.931232,-26.271664,-31.769089,-34.542824,-31.272974,-32.282356,-35.465134,-35.47132,-31.33781,-27.438755,-43.30234,-38.772022,-43.98976,-45.54312,-48.51871,-47.31312,-43.292656,-49.89402,-51.01033,-50.914085,-51.740307,-53.063026,-57.187237,-56.16815,-55.153393,-57.6133,-55.945198,-56.627815,-56.119194,-52.908516,-56.61155,-59.81859
3104,False,-23.774433,-26.148716,-32.985817,-33.198715,-31.781006,-38.417625,-41.899796,-38.150867,-30.950203,-28.022038,-44.416943,-41.26205,-42.215324,-43.853508,-50.42614,-48.077217,-46.703484,-50.243614,-51.44893,-51.334015,-53.367065,-53.92435,-56.556396,-56.926292,-56.432297,-58.757626,-56.894356,-59.552097,-58.690983,-54.88933,-56.891357,-59.350334
3136,False,-24.570372,-28.176357,-33.955032,-33.723694,-34.577465,-33.62181,-37.130592,-35.729973,-29.14548,-26.691105,-38.66009,-43.48529,-45.353184,-45.802464,-46.8634,-48.73001,-42.593002,-47.39861,-50.360504,-53.80157,-51.241867,-53.733604,-56.775097,-55.819763,-55.065784,-58.276306,-54.27829,-57.903954,-60.323433,-56.712013,-56.060616,-59.94038
3168,False,-24.304924,-26.79031,-33.048405,-37.718273,-33.225224,-35.052856,-34.40722,-33.30954,-30.371283,-27.652191,-42.324062,-43.26214,-42.384,-41.617516,-45.941856,-49.126057,-44.859207,-48.276352,-54.243942,-54.600716,-53.267174,-53.469902,-56.232285,-58.555878,-57.598248,-58.472134,-54.84589,-58.25641,-60.376526,-57.49922,-57.891125,-59.307915
3200,False,-26.307268,-28.712656,-33.12833,-35.431362,-36.609142,-37.908543,-40.67082,-35.70215,-26.377773,-23.99663,-42.765236,-40.536594,-38.840546,-43.523933,-45.706367,-47.287895,-44.437275,-47.986942,-51.404945,-53.92398,-52.22564,-55.12257,-57.26353,-56.49918,-55.21763,-58.81112,-54.39824,-57.704243,-60.51561,-57.642723,-56.647,-57.206497
3232,False,-23.729113,-24.648409,-32.953648,-35.861565,-34.545864,-37.811123,-39.244785,-37.403145,-30.758152,-28.405579,-43.22789,-44.60045,-46.64279,-45.481308,-47.68808,-49.895905,-43.04186,-45.16973,-53.145718,-54.93226,-53.151787,-52.975468,-56.32786,-56.078526,-58.034893,-57.9154,-55.79147,-58.222603,-61.307198,-58.488083,-58.012894,-59.79531
3264,False,-28.624353,-28.838936,-33.772083,-38.96785,-35.791584,-32.96124,-36.74907,-38.04321,-27.486017,-24.464903,-41.859444,-39.835922,-41.411472,-43.735977,-47.951046,-44.179382,-40.779144,-45.525192,-51.12432,-55.877296,-54.553856,-54.79389,-57.59058,-58.586754,-57.285034,-57.01068,-54.35054,-57.83417,-58.322357,-59.257088,-59.702057,-59.932095
3296,False,-25.263618,-25.540552,-31.070091,-33.727947,-31.55067,-32.82723,-36.483025,-40.112892,-30.452929,-26.21862,-39.06422,-39.453625,-40.690628,-45.658333,-45.27295,-46.705036,-44.52411,-49.566532,-48.554222,-51.22942,-53.716663,-53.948708,-56.787266,-58.019897,-58.20244,-57.833862,-54.65887,-57.407032,-58.334995,-58.46807,-57.72453,-59.38635
3328,False,-29.171698,-29.084576,-33.440033,-30.643358,-27.874935,-32.00319,-33.744743,-24.97139,-25.915567,-25.63636,-30.354147,-27.866394,-27.243977,-30.42361,-31.134722,-27.445854,-30.595028,-36.30106,-39.973995,-44.68959,-43.050114,-45.66639,-43.035393,-48.31356,-53.391853,-52.59762,-52.869095,-55.92971,-52.00733,-53.25123,-54.653557,-56.50943
3360,False,-28.898453,-30.910118,-34.193386,-30.228853,-28.617683,-31.490755,-34.26905,-30.585575,-25.805744,-22.571598,-34.384945,-35.148907,-32.858753,-35.29113,-40.785564,-34.678143,-38.991615,-46.03778,-48.14154,-49.17763,-49.608746,-49.38505,-51.537308,-55.511036,-56.5559,-54.89837,-53.937477,-57.191486,-56.37358,-57.27999,-57.041416,-58.23442
3392,False,-33.59767,-33.35891,-30.685028,-30.783138,-30.117805,-32.545498,-38.510567,-36.43389,-32.6121,-29.155733,-39.93939,-40.679585,-38.66379,-37.073116,-44.59262,-44.302998,-40.305084,-47.224865,-49.474182,-50.601967,-52.75244,-53.15194,-57.666477,-57.19234,-56.469788,-56.470913,-54.9753,-56.677086,-59.607704,-60.46564,-58.5394,-58.85584
3424,False,-29.326097,-31.930407,-32.1939,-34.54874,-32.496346,-31.235664,-37.312206,-38.646618,-31.065182,-25.923748,-39.83546,-41.340145,-40.20334,-42.42348,-48.181454,-46.927223,-44.223824,-48.860416,-50.898155,-53.08745,-54.438232,-53.33218,-55.731873,-56.806816,-58.80046,-57.573692,-54.81352,-56.264824,-59.07011,-59.335083,-59.819626,-59.84692
3456,False,-27.137396,-29.747732,-31.894876,-33.307987,-31.89067,-35.20354,-37.084625,-36.796425,-30.060064,-23.750957,-41.18822,-40.75117,-39.33066,-41.002586,-46.467472,-47.838245,-43.333595,-46.824932,-50.694344,-52.472946,-55.63242,-56.056194,-57.831818,-58.7927,-58.071304,-56.831455,-56.694183,-58.7041,-59.0017,-59.31434,-58.73537,-60.66311
3488,False,-26.122133,-27.182388,-34.148315,-33.85727,-38.14685,-36.675102,-37.54577,-36.25422,-28.10215,-20.759546,-36.647156,-41.98761,-41.959053,-46.90542,-46.651005,-46.48767,-51.327675,-53.308865,-51.284584,-52.453037,-54.29654,-52.6988,-58.443832,-59.022312,-58.17024,-56.302456,-56.234303,-57.514538,-59.56472,-60.02832,-58.1976,-60.89977
3520,False,-27.04155,-28.03998,-35.592255,-34.105953,-29.060583,-35.420532,-35.69481,-35.331383,-24.697319,-20.297224,-40.226788,-40.89079,-38.38136,-45.12265,-47.9785,-47.77802,-41.9467,-46.72222,-51.155476,-52.189056,-52.035164,-53.89911,-57.584007,-58.003654,-56.577686,-57.264763,-56.30362,-58.735832,-59.92998,-59.640087,-58.138943,-59.170403
3552,False,-25.54155,-25.141619,-33.773552,-33.427742,-26.46476,-34.311325,-37.95401,-38.291595,-28.877876,-25.32707,-39.367935,-42.859016,-43.10357,-43.09297,-47.442123,-48.477287,-43.76104,-49.034943,-49.192856,-51.2976,-53.666466,-54.27366,-55.64131,-59.047684,-57.956547,-55.405075,-54.7548,-56.740616,-60.628334,-60.355686,-58.118332,-58.34842
3584,False,-26.110886,-26.732841,-32.69643,-32.411343,-27.384563,-33.922504,-35.886234,-35.402515,-30.14058,-26.134346,-42.357628,-40.54079,-40.618523,-42.3449,-45.48826,-49.17232,-44.680153,-49.202023,-49.902973,-54.474052,-53.311405,-52.663746,-55.46419,-56.677505,-56.79268,-59.02878,-54.946022,-57.128197,-60.105816,-59.728676,-57.31591,-59.303608
3616,False,-28.34099,-28.537708,-32.969833,-37.145084,-34.63012,-33.678013,-33.94238,-35.00541,-29.98107,-26.413334,-42.680134,-38.8132,-41.409306,-42.54576,-46.36807,-47.85736,-43.26441,-47.160957,-50.264214,-52.06433,-52.451683,-52.583656,-56.140358,-56.564377,-57.02659,-58.240303,-54.470932,-55.690758,-57.48429,-58.085938,-57.30134,-59.684834
3648,False,-24.517548,-26.878384,-32.110844,-34.561348,-31.402325,-36.02279,-34.480537,-33.529,-34.016323,-25.910189,-37.93656,-45.118553,-44.730392,-45.56663,-46.664116,-47.475468,-41.927032,-48.39661,-49.16576,-52.769386,-53.89854,-54.44235,-58.22152,-57.276558,-55.1558,-57.40197,-54.38375,-57.60723,-58.718086,-58.170204,-57.87865,-59.19178
3680,False,-26.283829,-27.647226,-35.421288,-34.197525,-32.339558,-33.997303,-36.25969,-34.025124,-35.148193,-27.222782,-37.350174,-41.126705,-42.821297,-44.39339,-45.974594,-47.21737,-43.09769,-47.725903,-50.822952,-52.90168,-52.613274,-54.809204,-57.058987,-58.309635,-57.40436,-57.23958,-55.56068,-58.077248,-59.56776,-58.728024,-58.215862,-59.498207
3712,False,-24.951036,-26.51679,-34.3708,-33.37623,-36.555374,-31.586084,-34.32557,-35.43615,-29.245855,-25.328651,-41.176296,-42.449413,-42.629627,-42.56699,-46.514935,-47.239243,-41.094803,-44.989685,-50.286545,-52.381485,-54.356197,-56.483723,-57.060883,-57.10899,-58.49521,-55.91954,-55.586334,-58.118668,-59.236065,-58.232975,-57.063942,-59.83959
3744,False,-29.965963,-31.327309,-35.36436,-35.89839,-30.804585,-38.7223,-37.58892,-32.746483,-36.250183,-32.725033,-41.19303,-40.636917,-43.825363,-44.342762,-49.127213,-48.42061,-44.93526,-49.332344,-53.372826,-55.15507,-51.43528,-52.511528,-56.11595,-59.423874,-56.86411,-57.164154,-54.27732,-57.173157,-59.249924,-59.865425,-57.236954,-60.096123
3776,False,-26.800861,-28.43332,-34.47162,-33.931843,-28.439144,-36.30651,-38.556488,-35.31738,-31.916431,-26.349028,-41.132057,-39.03059,-40.168793,-43.928497,-50.375885,-51.041264,-45.246765,-50.175842,-52.41831,-54.866066,-52.964928,-55.68346,-56.018314,-56.59886,-58.113235,-59.224857,-56.251408,-57.33156,-58.59669,-58.45687,-57.027092,-59.696346
3808,False,-27.12904,-29.885035,-34.23661,-31.416763,-24.791307,-35.18107,-39.699966,-41.16238,-29.790798,-22.156687,-35.91614,-39.56844,-41.21749,-42.121193,-48.19484,-47.761116,-46.491707,-48.605045,-50.28739,-52.346184,-54.394547,-55.21368,-57.460808,-56.635227,-58.009586,-57.109703,-55.412388,-57.42901,-59.28204,-58.924767,-57.208527,-57.48043
3840,False,-28.970474,-28.57582,-33.79024,-34.810234,-29.749186,-36.549088,-37.518265,-35.59277,-29.828722,-25.447264,-39.74844,-40.88492,-41.07294,-44.64222,-49.452328,-48.059174,-44.87961,-47.080647,-52.44036,-53.655754,-53.946056,-52.983597,-57.189655,-58.11336,-58.43361,-57.29657,-54.58494,-58.00273,-59.23233,-59.833076,-58.449043,-58.611965
3872,False,-26.355373,-26.686317,-34.060165,-33.54113,-28.636305,-35.805695,-38.63977,-34.60194,-26.614975,-22.46954,-39.23633,-38.348923,-36.76703,-37.91208,-39.066208,-37.863487,-37.97782,-42.41064,-47.7811,-50.677254,-48.916164,-49.240562,-49.01606,-51.859013,-50.11665,-48.80144,-50.923595,-44.39854,-39.31527,-38.853462,-45.128372,-46.258728
3904,False,-27.296743,-28.899628,-28.96143,-23.517506,-26.8224,-27.319077,-25.293472,-22.473999,-24.67412,-23.01233,-27.150928,-23.720865,-23.016851,-20.933659,-22.498476,-18.988886,-21.995071,-25.093407,-28.829338,-34.827126,-29.252048,-27.731686,-27.167393,-30.088745,-27.430561,-24.688908,-29.569738,-25.178036,-18.137478,-18.4939,-24.089691,-24.366768
3936,False,-26.135113,-29.111134,-30.902155,-26.410475,-26.143185,-30.711222,-38.389744,-32.39772,-31.20237,-24.850079,-35.053207,-33.733704,-30.807362,-32.956318,-35.114952,-31.227352,-32.313362,-38.189884,-40.10243,-45.64495,-43.49367,-39.338837,-42.892464,-45.43548,-41.24144,-37.879765,-38.391068,-39.01144,-34.287884,-34.851994,-39.33368,-41.879387
3968,False,-27.957035,-26.644535,-35.935246,-31.465673,-28.158434,-33.357826,-39.59177,-30.870714,-30.477177,-27.98022,-37.47783,-38.377995,-37.109894,-38.519676,-39.732033,-37.26993,-38.892284,-43.375988,-44.102993,-49.10831,-46.59874,-45.059166,-46.386837,-48.457764,-47.117123,-40.182514,-41.415573,-41.99746,-38.75402,-40.25858,-45.51478,-47.974876
4000,False,-29.876387,-30.456547,-32.321877,-34.611355,-36.32212,-33.896755,-39.18174,-33.01889,-36.293457,-35.44712,-42.849926,-40.211243,-37.697994,-40.234585,-41.765594,-40.13913,-43.37833,-44.31133,-45.69061,-50.593384,-47.52755,-44.372643,-47.679474,-49.27629,-49.78009,-46.34636,-46.777187,-48.462864,-43.112656,-43.144413,-48.06476,-51.733017
4032,False,-26.440771,-26.704449,-31.602455,-33.15279,-33.85304,-36.819405,-35.10573,-33.64138,-33.175156,-29.716938,-41.717285,-43.491444,-40.844673,-45.43518,-47.248222,-47.097057,-44.223553,-47.834564,-48.327972,-52.710823,-52.066933,-49.227978,-52.462994,-51.75613,-51.857357,-48.940926,-50.113617,-50.156326,-48.188213,-46.716774,-52.84217,-55.390892
4064,False,-26.672565,-31.091852,-34.027267,-34.69783,-31.651138,-38.47112,-40.073643,-36.42681,-29.907997,-27.337257,-42.48444,-40.081486,-40.86201,-38.106228,-46.36923,-46.010265,-43.48887,-48.972836,-47.9289,-50.079445,-50.121403,-49.80651,-54.233284,-56.689545,-56.442047,-54.15355,-52.481136,-53.610573,-48.624424,-50.415844,-57.271202,-58.96173
4096,False,-25.350182,-24.560978,-37.695396,-37.25761,-34.975533,-34.176937,-39.222782,-37.976215,-29.623676,-24.592438,-42.022934,-40.496082,-42.570824,-42.092175,-44.535477,-46.241375,-43.186855,-46.84897,-50.618683,-53.795662,-52.205013,-52.040825,-57.76172,-58.0963,-56.158745,-55.38598,-53.049767,-56.41236,-53.915386,-54.76174,-57.564728,-59.694424
4128,False,-25.821684,-25.708971,-31.59211,-34.647213,-35.259747,-33.598206,-39.922874,-36.58262,-32.296864,-25.643078,-39.997486,-43.330254,-39.02889,-41.58773,-47.402504,-45.552284,-46.459694,-47.44331,-48.371063,-52.073284,-53.554707,-52.60795,-53.94741,-58.064583,-57.218662,-57.00956,-54.55841,-58.02454,-57.072964,-58.29402,-57.976006,-58.153133
4160,False,-31.368492,-34.547916,-34.290524,-32.575603,-29.273252,-37.724808,-38.090294,-36.63938,-34.65298,-28.70702,-40.85366,-47.35062,-44.434273,-44.8093,-49.814896,-48.95815,-46.261482,-47.0178,-48.72326,-56.92128,-55.39816,-54.44306,-58.267395,-56.895607,-55.22329,-58.00119,-54.858837,-56.52169,-58.177715,-58.123684,-57.16523,-60.576797
4192,False,-26.622234,-27.523998,-35.168495,-34.295876,-31.470947,-34.578804,-33.958855,-36.405224,-36.970974,-31.499138,-41.773663,-42.82567,-44.28638,-43.05329,-48.382027,-48.9267,-44.030884,-47.12544,-52.030563,-54.656937,-52.584557,-53.12787,-57.53914,-56.889664,-56.880943,-56.61473,-55.515755,-56.97406,-58.495174,-58.225407,-58.151115,-59.997654
4224,False,-26.161621,-30.187014,-34.216457,-33.790485,-30.561901,-32.069386,-37.903027,-38.230675,-37.03915,-31.038973,-39.12311,-38.992096,-41.65766,-44.108505,-45.783707,-45.696987,-40.55085,-45.001114,-50.378418,-52.545113,-50.741287,-50.585754,-56.71878,-57.39914,-56.759888,-57.78501,-55.718708,-56.76233,-58.680504,-59.01617,-57.780914,-61.370438
4256,False,-31.643673,-29.729242,-33.76347,-32.559303,-30.11342,-31.502811,-37.56054,-35.0035,-37.70749,-29.296463,-37.536118,-38.9356,-42.192722,-40.652634,-46.183132,-51.44992,-42.013527,-47.668972,-51.258247,-54.461433,-53.694702,-53.178707,-54.89154,-57.01141,-55.969696,-56.60488,-55.767002,-58.399357,-58.496773,-58.189224,-58.909664,-60.339706
4288,False,-29.985443,-28.841934,-30.753914,-38.00327,-34.249847,-32.724403,-39.90292,-38.02587,-35.756424,-30.614374,-41.187763,-43.49514,-41.859325,-43.341373,-46.885628,-51.03737,-50.829273,-54.333996,-54.160385,-51.492924,-52.905163,-52.545734,-56.196312,-57.86679,-58.18285,-58.184593,-55.715446,-56.042526,-58.23191,-58.31479,-57.910515,-59.637894
4320,False,-28.34262,-27.914516,-33.86599,-32.344128,-31.446419,-36.47712,-38.61708,-33.75069,-35.576084,-31.119652,-41.336205,-42.24272,-41.090565,-43.95638,-48.936882,-45.827644,-47.519737,-48.872482,-53.801132,-53.535213,-52.515392,-54.894962,-57.992344,-56.62554,-55.798954,-59.37919,-56.25046,-57.50827,-58.73034,-56.398422,-56.806202,-58.80291
4352,False,-24.074041,-29.56705,-34.926994,-33.04208,-31.2747,-32.98174,-35.46845,-35.92155,-38.627983,-33.15937,-40.03664,-42.023262,-44.851894,-46.772224,-47.617973,-45.35798,-46.16779,-49.74901,-53.07116,-54.887665,-55.288578,-54.43604,-57.806858,-57.187767,-56.319817,-56.62938,-55.271385,-56.484497,-60.18225,-58.74702,-58.040176,-60.19439
4384,False,-31.064514,-30.3952,-32.365562,-33.041786,-27.891829,-33.14164,-33.170094,-33.915154,-36.179455,-33.51299,-41.38584,-39.087406,-41.468674,-45.385933,-46.91032,-49.29907,-45.171997,-49.249046,-50.90687,-52.52016,-54.10835,-54.048546,-57.7385,-56.7664,-56.30966,-58.19677,-55.250397,-57.85959,-59.480534,-58.090115,-58.53756,-60.9916
4416,False,-30.021881,-27.94049,-28.53318,-29.229977,-30.010757,-30.684372,-28.903282,-24.739664,-28.123903,-25.378742,-29.929367,-28.473433,-28.284916,-30.73622,-31.072254,-28.189669,-31.908102,-36.92901,-40.773552,-46.015236,-43.53981,-44.90988,-44.46197,-49.686356,-53.83064,-53.514084,-53.14539,-56.030697,-52.727158,-55.254894,-55.835373,-58.640823
4448,False,-26.63502,-26.576084,-30.550623,-29.5311,-30.733728,-29.33368,-34.775566,-27.847395,-32.559364,-27.792473,-31.344278,-33.33143,-32.52717,-34.5628,-38.33698,-32.86955,-38.50641,-44.322037,-45.97431,-49.50277,-48.84779,-48.83262,-50.780693,-54.675278,-57.474487,-55.85259,-54.08104,-56.32843,-55.4773,-56.816097,-58.207237,-59.517136
4480,False,-26.908192,-29.397001,-33.553253,-30.702028,-32.44136,-33.115143,-35.457767,-33.618652,-33.746113,-26.225372,-34.471996,-37.60009,-38.289383,-36.11251,-43.0636,-41.50877,-41.466827,-45.86801,-48.800602,-51.630013,-52.70815,-54.720882,-55.195396,-58.227867,-57.21371,-56.7546,-56.22264,-57.381287,-60.312317,-57.70672,-57.42968,-61.506573
4512,False,-30.054663,-27.090286,-30.788776,-35.077625,-34.59347,-35.68055,-41.581196,-38.320354,-39.737263,-39.077595,-38.274582,-38.104343,-37.42604,-40.4795,-43.48921,-43.046154,-42.05637,-45.93269,-51.686325,-51.09696,-54.638412,-54.75747,-57.335472,-57.221718,-58.266037,-56.275085,-56.05996,-56.665085,-58.24395,-57.396652,-56.485344,-60.751175
4544,False,-26.321352,-27.501915,-35.442596,-35.59122,-31.2325,-37.697487,-39.204517,-36.595894,-37.754463,-30.117409,-42.088142,-40.33178,-38.66719,-39.171116,-45.935635,-48.075325,-42.230858,-45.940132,-53.909645,-53.70953,-52.720028,-54.05461,-55.511242,-56.808372,-59.810852,-56.792202,-55.843246,-55.87793,-58.391388,-57.50836,-56.461216,-60.637543
4576,False,-27.817314,-27.581377,-32.6287,-33.9767,-30.290455,-34.16169,-37.833927,-36.973194,-31.713623,-22.537521,-36.38925,-42.510406,-40.469913,-45.83652,-46.42678,-48.730064,-41.823334,-46.844078,-53.150333,-54.42047,-53.404346,-54.62988,-56.937004,-55.56372,-56.63983,-57.892105,-56.010155,-57.829205,-58.55404,-58.526672,-57.856907,-59.801067
4608,False,-26.900429,-30.082306,-33.16857,-32.828182,-30.805439,-33.868477,-40.00833,-35.738342,-33.68049,-24.827509,-39.441196,-44.050194,-42.50658,-45.165333,-48.274685,-45.829945,-42.490852,-45.903324,-51.738403,-53.482956,-53.71397,-54.52678,-57.256912,-55.768288,-55.409554,-56.269867,-55.158943,-57.259018,-59.46051,-58.612907,-58.454987,-59.80547
4640,False,-25.885284,-26.586363,-30.997011,-33.072464,-35.777813,-35.873226,-41.676544,-35.886635,-37.732216,-30.268253,-38.29876,-40.564,-39.611828,-40.183216,-43.560326,-44.296917,-47.814945,-50.212578,-48.777122,-49.619812,-52.093925,-52.871014,-55.626305,-57.528416,-57.929108,-56.72318,-53.994865,-56.12789,-59.81152,-57.98375,-57.379986,-60.6394
4672,False,-30.657751,-31.251276,-33.082905,-37.11215,-32.78775,-34.577984,-38.797096,-35.124992,-31.837719,-22.679224,-37.3627,-39.371525,-42.74509,-42.68184,-45.932697,-45.587555,-44.42491,-47.01046,-53.14923,-55.38159,-52.567406,-55.165462,-56.902733,-57.445023,-56.082466,-55.443375,-55.24321,-58.31905,-59.991627,-57.67002,-59.0925,-59.752674
4704,False,-29.684265,-31.866035,-34.66897,-36.408432,-29.5782,-30.482647,-39.156937,-34.731472,-35.793613,-26.45293,-38.485435,-41.078415,-42.291355,-40.32022,-46.470543,-46.55535,-45.782387,-47.769623,-49.809814,-50.8663,-53.201412,-51.89453,-55.23272,-58.6486,-57.418484,-57.3658,-57.32113,-57.927624,-59.129986,-59.143047,-59.163033,-60.348206
4736,False,-27.814846,-28.838913,-34.363743,-32.06206,-32.70142,-31.363396,-36.477486,-33.115707,-37.278835,-32.618782,-39.96302,-41.320988,-39.944035,-41.831852,-43.796955,-49.00274,-48.233356,-47.763046,-51.886246,-52.949604,-52.43145,-53.99496,-59.20005,-58.69726,-58.44723,-57.199627,-55.957836,-59.31926,-59.679886,-59.068672,-59.48089,-60.90967
4768,False,-31.618313,-31.875544,-32.71364,-33.411205,-33.227753,-38.29195,-39.575356,-36.75676,-36.47691,-28.491875,-40.434345,-46.24996,-43.931107,-44.227173,-44.41555,-44.530045,-47.45822,-51.30878,-50.657497,-52.65047,-53.222145,-54.055107,-58.642467,-58.824043,-58.28674,-58.524605,-56.56199,-59.077133,-60.332905,-58.496803,-58.563812,-61.04943
4800,False,-26.919634,-27.879808,-33.230854,-36.00635,-31.703518,-37.245907,-35.69953,-33.225616,-36.55778,-27.007385,-38.52376,-42.320473,-41.84205,-41.546875,-46.537895,-48.386513,-50.98986,-52.447887,-52.86505,-55.6711,-52.463818,-52.538525,-58.69552,-59.336853,-58.99883,-60.11719,-57.85671,-58.201004,-57.924088,-59.3387,-58.4853,-61.110146
4832,False,-28.648136,-28.458248,-33.244038,-34.102577,-34.97253,-31.481016,-33.67667,-34.46114,-32.17314,-23.642189,-38.80641,-41.31905,-43.982513,-46.481544,-50.14526,-47.141228,-44.398228,-48.012985,-52.81627,-52.115074,-52.968754,-53.186302,-55.94877,-57.96601,-59.659325,-57.242096,-55.22436,-58.156334,-59.458717,-60.15744,-59.160393,-61.091644
4864,False,-28.136484,-30.422361,-33.14919,-33.959305,-31.508541,-32.156254,-33.028553,-32.429787,-31.180536,-21.493195,-36.416267,-43.92653,-41.86563,-45.02312,-48.469448,-48.483253,-46.27253,-50.33258,-50.141632,-51.81312,-53.765827,-54.224045,-55.540813,-54.161076,-57.300346,-58.222317,-57.101215,-59.793922,-59.992493,-59.59828,-59.571537,-60.140728
4896,False,-29.387054,-29.256367,-33.2099,-34.829937,-34.987495,-37.441734,-32.3705,-32.318634,-33.059784,-25.76369,-42.458153,-40.949127,-39.689053,-43.246975,-45.91837,-47.936436,-46.342514,-49.9996,-53.30916,-51.834682,-52.75685,-53.273315,-56.821373,-58.06263,-59.845,-58.118267,-54.408745,-58.631157,-58.84934,-60.299927,-57.408253,-59.040054
4928,False,-25.746468,-25.300205,-35.023224,-35.001904,-38.904156,-42.523613,-34.83769,-34.908558,-35.81629,-28.123943,-43.16266,-41.07284,-41.59638,-42.520046,-47.39464,-47.879066,-43.535217,-47.774124,-51.641163,-55.252117,-55.94412,-54.56223,-57.483593,-57.91466,-58.76051,-58.004524,-55.899124,-58.20025,-58.756336,-58.516968,-57.14795,-60.209126
4960,False,-28.120382,-28.250048,-32.03649,-34.249966,-32.816765,-36.004406,-33.756298,-34.455704,-38.912277,-30.120762,-40.3474,-40.515934,-42.75901,-39.852146,-43.747005,-48.48173,-38.60965,-43.080555,-51.410416,-53.849304,-53.755325,-53.733795,-57.181526,-57.306305,-57.151306,-57.27947,-54.309067,-57.391853,-59.648174,-57.816704,-57.4879,-61.07718
4992,False,-28.030632,-27.497341,-31.428673,-26.34967,-27.724735,-29.486649,-25.15582,-22.97931,-27.893488,-26.529625,-28.820301,-23.544422,-23.311161,-22.322958,-22.318615,-19.046272,-21.51962,-24.783258,-30.644196,-36.112015,-30.3984,-29.362732,-27.783577,-31.171675,-28.18489,-25.90845,-30.247393,-25.265684,-18.488209,-18.836296,-25.028427,-26.706915
5024,False,-26.912825,-27.850056,-32.121853,-26.98251,-28.9682,-26.963236,-30.675392,-29.83543,-33.853344,-29.10229,-32.931007,-32.86229,-32.706455,-28.065126,-31.234211,-28.091526,-32.874138,-38.339085,-35.63876,-41.083183,-38.695152,-35.455452,-38.461655,-41.473473,-37.448006,-33.709003,-36.65277,-35.70896,-30.062828,-30.965097,-35.04358,-36.69532
5056,False,-22.57455,-26.974504,-31.640121,-31.798296,-29.215887,-34.93891,-35.219963,-35.225105,-37.22202,-34.39896,-38.674854,-38.328053,-34.824036,-34.05362,-36.935753,-37.360485,-39.360146,-42.825146,-43.803604,-48.25058,-44.837643,-42.62554,-45.733932,-45.76477,-45.273003,-39.50093,-41.136353,-40.980705,-37.49702,-38.812107,-44.588844,-46.46935
5088,False,-26.72668,-28.073637,-33.329308,-32.312916,-33.660904,-34.758698,-34.015038,-35.78656,-36.68649,-32.95789,-39.20567,-40.407097,-40.5302,-41.73353,-42.22675,-38.275093,-40.668846,-44.342693,-49.309166,-51.680237,-47.145065,-44.20134,-46.845036,-48.493446,-49.033375,-44.26148,-44.521057,-45.193577,-40.97883,-41.966827,-48.29322,-51.093906
5120,False,-28.880146,-32.82633,-33.45413,-34.703075,-35.19449,-31.218832,-38.06727,-34.36337,-35.18782,-28.097658,-40.93342,-42.53585,-41.694695,-43.52564,-45.57575,-43.432545,-44.349823,-45.47251,-45.60978,-50.532608,-48.5875,-46.045868,-49.819824,-49.46146,-50.434174,-48.069984,-47.13524,-48.67382,-46.053738,-45.201668,-51.935005,-54.465073
5152,False,-29.407976,-33.636314,-33.16642,-34.03378,-36.68749,-34.64591,-36.941673,-33.37336,-33.892292,-24.157335,-35.676376,-41.0712,-41.178238,-42.04771,-45.690556,-45.55967,-44.568016,-47.57715,-48.489845,-52.563915,-52.246048,-50.16784,-53.223724,-54.931473,-54.767517,-52.794994,-50.83914,-51.57198,-49.08976,-50.04833,-56.18924,-57.83445
5184,False,-27.852552,-26.237411,-33.189346,-32.41205,-34.66799,-41.533092,-40.552307,-35.84902,-38.210854,-31.762674,-40.26261,-41.549843,-43.782845,-43.12779,-44.352196,-45.100693,-42.880836,-44.94483,-49.376976,-51.40799,-51.736176,-51.72903,-53.83007,-55.16651,-55.800686,-54.69507,-53.761,-55.095844,-50.738827,-52.681297,-56.720806,-59.240265
5216,False,-30.737942,-26.429783,-31.28292,-33.61601,-31.85694,-34.642773,-40.71408,-35.525364,-32.908142,-25.164206,-37.692265,-41.25017,-40.48629,-45.72531,-49.08761,-45.853928,-41.568398,-45.573063,-52.897346,-51.227436,-51.966877,-51.930153,-56.96398,-57.319344,-58.54355,-57.46229,-57.356674,-57.39265,-55.83273,-56.5939,-57.75221,-59.94361
5248,False,-33.519367,-32.446808,-36.339333,-34.86896,-34.492134,-34.863476,-38.74876,-38.05031,-33.201042,-23.572166,-38.16417,-42.05395,-39.413864,-43.26507,-48.71227,-47.892956,-47.360073,-49.580017,-52.40129,-53.89762,-52.715397,-53.660526,-55.813362,-56.843372,-57.604958,-55.495983,-54.63443,-56.995323,-56.21059,-57.66727,-58.650192,-58.173973
5280,False,-23.593462,-27.075497,-33.575268,-35.521805,-33.68856,-32.96203,-38.70433,-38.468933,-34.84697,-25.473185,-37.72481,-43.83482,-43.859715,-35.68179,-41.51977,-47.97733,-43.55443,-47.048378,-51.538803,-52.53785,-52.19616,-55.155293,-55.981293,-57.222935,-56.55271,-57.481598,-55.48576,-57.09734,-59.701187,-59.27305,-58.13582,-61.84853
5312,False,-26.82166,-30.208645,-34.256866,-35.101425,-32.637524,-34.41695,-37.70807,-37.50593,-35.761047,-28.55933,-38.701557,-45.55149,-45.253872,-41.087975,-44.881023,-48.81567,-44.814735,-47.457443,-51.09066,-53.24301,-53.819584,-53.750984,-55.8679,-55.80959,-56.301216,-56.215137,-57.47353,-58.692013,-58.867424,-59.835377,-59.16603,-59.95658
5344,False,-29.006079,-29.504978,-37.32208,-38.023342,-35.965305,-40.138172,-39.998676,-36.280888,-36.949608,-30.59898,-41.83786,-40.935387,-40.687378,-40.336815,-44.682816,-48.71543,-47.392616,-48.927887,-50.40495,-53.771152,-54.257233,-56.852875,-60.492134,-54.94136,-56.16596,-57.78471,-56.673363,-57.12432,-59.175514,-58.950684,-58.404953,-59.91488
5376,False,-27.100578,-29.928772,-32.974144,-33.954502,-33.037678,-36.730083,-37.629086,-34.65265,-34.68331,-26.522194,-41.417336,-41.1684,-42.58526,-40.558968,-43.708008,-46.388927,-41.241646,-46.258583,-56.46275,-54.49043,-54.119076,-56.034454,-57.723164,-57.555767,-59.779205,-59.879944,-57.153862,-56.26574,-58.635918,-60.51612,-58.80896,-60.038105
5408,False,-27.17001,-29.34401,-35.49188,-37.66645,-34.24763,-30.748447,-38.39103,-35.98729,-34.001972,-26.130924,-40.51062,-44.76114,-46.73942,-43.808903,-44.7625,-45.253464,-37.912144,-42.426266,-52.152473,-52.24952,-54.656258,-55.1433,-56.971558,-56.74786,-58.851807,-59.288334,-56.04359,-56.922768,-58.27934,-59.124798,-58.052425,-59.6854
5440,False,-30.941887,-30.840187,-31.843853,-35.020226,-33.55705,-34.788227,-37.975277,-35.314373,-33.307755,-25.323776,-38.19848,-42.2784,-44.289734,-44.736866,-47.88608,-50.90145,-45.456398,-47.22061,-50.486546,-52.18196,-53.114777,-53.263847,-56.316086,-57.75255,-57.99008,-58.534866,-53.64958,-56.87512,-58.556885,-59.901413,-58.502625,-60.82286
5472,False,-29.999016,-31.760796,-33.352497,-34.993996,-32.6678,-35.47582,-38.300255,-36.207184,-30.914133,-21.608986,-37.85383,-40.60933,-40.988255,-44.61472,-45.754143,-47.37728,-43.260685,-47.34108,-55.25544,-53.21938,-52.64704,-53.27874,-58.645638,-58.14602,-58.294533,-57.643982,-54.809593,-57.50641,-59.77428,-59.856697,-58.865715,-58.779846
5504,False,-29.549656,-28.146156,-32.348743,-36.3275,-29.727953,-32.509285,-39.35373,-35.43843,-31.283705,-21.663902,-36.5461,-40.95829,-38.46086,-44.297424,-47.033924,-52.51062,-39.54004,-44.37819,-51.455704,-53.721138,-55.50346,-55.420708,-59.59358,-56.8237,-57.595512,-56.794373,-54.819847,-57.55488,-58.058468,-60.496716,-59.26254,-60.241436
5536,False,-33.561623,-33.138912,-27.899734,-26.307566,-25.461924,-27.334496,-30.43885,-25.599583,-26.71921,-21.865314,-28.704304,-26.9145,-25.600391,-28.884548,-29.856594,-26.73695,-31.081648,-35.600426,-38.423782,-43.865936,-42.015705,-44.294544,-42.484695,-48.27279,-51.688507,-53.59407,-51.862144,-54.43412,-50.396645,-52.08734,-54.683823,-57.37547
5568,False,-29.53665,-27.689096,-28.82159,-29.986975,-30.817371,-27.3143,-35.021793,-35.1004,-30.985796,-22.204845,-33.779533,-34.01771,-35.122955,-37.94774,-42.04734,-36.038216,-39.59452,-45.500298,-48.68401,-51.324654,-51.333813,-51.32357,-53.191605,-55.47134,-56.3315,-56.39866,-55.699062,-58.87007,-58.823185,-58.94524,-59.183086,-59.365273
5600,False,-26.188934,-27.64629,-33.442944,-34.18628,-30.977333,-34.568794,-41.552185,-33.894104,-34.830997,-28.955528,-38.323727,-38.88482,-38.096344,-38.85304,-43.99463,-44.731186,-39.97754,-44.59541,-51.43883,-52.80387,-53.885746,-54.570457,-56.08219,-56.910645,-55.988102,-56.46439,-54.334484,-57.973576,-60.157665,-58.837032,-58.139984,-60.08198
5632,False,-28.296501,-29.250715,-33.22432,-35.328968,-35.33051,-38.74386,-39.238,-35.16249,-33.37973,-26.684391,-41.90241,-42.064713,-40.36902,-44.102516,-47.15546,-46.7129,-46.314907,-49.027973,-52.174187,-54.205914,-53.382343,-54.295372,-56.446095,-54.80815,-56.703407,-58.220097,-57.65203,-59.85222,-61.366734,-59.115936,-57.985188,-60.00656
5664,False,-26.863527,-28.177082,-33.54503,-34.800453,-33.27497,-33.655144,-36.91116,-32.774258,-36.306576,-30.803127,-41.83149,-40.670353,-39.46927,-46.4983,-48.303406,-47.859467,-44.918743,-48.84617,-51.71326,-53.62966,-54.091713,-52.97655,-58.03709,-56.55533,-56.322323,-57.455482,-54.37485,-58.023685,-59.96338,-59.593296,-57.488815,-61.9891
5696,False,-28.966812,-30.940971,-33.53996,-36.6894,-32.613724,-33.484833,-37.55036,-33.872658,-38.384045,-31.850643,-40.429653,-41.200523,-37.944935,-44.707542,-50.770638,-47.30162,-43.623844,-46.626945,-50.29161,-51.073513,-52.458313,-52.626347,-55.23104,-55.396324,-57.744373,-58.492836,-55.44016,-58.81182,-58.67108,-60.047447,-59.129677,-58.912003
5728,False,-28.609493,-27.679117,-33.797745,-36.092533,-31.987572,-34.399395,-38.007557,-33.762207,-37.00587,-28.4274,-38.641285,-40.54274,-41.193893,-45.617058,-48.984802,-45.418655,-47.053864,-50.41656,-50.508354,-53.81346,-53.638115,-53.79375,-57.821632,-57.203403,-57.493774,-56.25698,-55.558357,-59.03206,-60.67222,-59.767303,-58.46798,-58.43453
5760,False,-27.961185,-32.347637,-31.647327,-36.047676,-32.447464,-35.378628,-41.794823,-37.445377,-36.10618,-26.655739,-36.60649,-43.475143,-40.820183,-43.836548,-44.821514,-47.084347,-47.038177,-47.114937,-51.393158,-53.997517,-52.566685,-52.70704,-57.307465,-57.791916,-56.9628,-57.47074,-57.24212,-58.26582,-59.030384,-59.06528,-59.8029,-59.460335
5792,False,-23.58781,-30.23756,-33.96074,-33.353645,-31.799746,-31.234179,-37.179245,-34.813923,-36.913185,-28.87129,-38.76689,-41.92001,-41.04873,-43.259426,-46.911835,-47.00917,-41.338844,-45.81867,-49.44714,-53.734505,-54.033543,-54.598816,-56.883865,-56.836014,-56.885834,-57.275955,-54.65338,-58.860058,-59.373116,-59.502907,-57.787518,-59.326992
5824,False,-29.302065,-29.342024,-32.389923,-34.420826,-35.38664,-28.98983,-37.476547,-35.58661,-33.15036,-24.155788,-38.962994,-39.823727,-41.6383,-40.028404,-43.8788,-49.6788,-42.264484,-46.65235,-52.258514,-54.78753,-52.31597,-51.4418,-56.02753,-57.223396,-58.7535,-57.30478,-54.663372,-57.634636,-59.12574,-59.487526,-56.977592,-59.256035
5856,False,-25.453947,-27.330267,-33.995876,-35.522587,-36.268627,-28.194881,-34.68384,-34.828297,-37.75629,-27.9727,-37.01096,-41.35927,-43.283085,-40.943314,-45.16258,-48.526688,-44.894264,-49.85617,-52.414555,-52.347046,-54.94015,-54.77282,-58.2071,-59.88554,-58.51843,-57.58558,-56.315125,-57.53273,-59.366898,-58.497078,-57.515087,-59.077652
5888,False,-28.61439,-29.79615,-35.83522,-35.030758,-39.21972,-35.946564,-37.541306,-37.89118,-34.19475,-23.518751,-36.924328,-41.78438,-42.95847,-41.99335,-45.02677,-46.29581,-44.694397,-49.73217,-53.250664,-53.342094,-55.755524,-53.72854,-56.78169,-56.996727,-57.552856,-57.713577,-56.28042,-57.426323,-59.56574,-58.752552,-57.747387,-59.671577
5920,False,-33.378113,-31.880829,-34.350456,-34.14668,-39.24957,-40.357742,-38.3072,-38.34757,-33.06213,-22.737862,-35.213326,-42.489098,-43.94951,-43.55514,-43.919376,-46.878204,-43.981964,-46.85237,-52.91749,-54.029064,-55.20866,-54.368164,-56.58612,-56.31318,-56.63458,-58.64948,-56.26599,-57.44673,-59.696877,-57.98759,-58.162354,-59.69526
5952,False,-26.449795,-25.501404,-36.67343,-39.303753,-36.304966,-31.447266,-36.973278,-36.171577,-35.689472,-27.987057,-38.578163,-44.30523,-44.122086,-44.26868,-42.607887,-45.526855,-43.337654,-46.407852,-52.052986,-52.88127,-53.969856,-51.80825,-56.604378,-59.52691,-58.152863,-56.9911,-55.735966,-57.31545,-59.84934,-58.664337,-56.52302,-58.810658
5984,False,-28.173725,-29.212803,-32.60627,-38.02984,-38.670982,-29.814758,-37.704617,-39.36007,-35.398403,-30.28328,-41.568394,-41.569458,-39.648487,-43.394848,-46.334557,-47.557674,-47.199055,-52.05812,-51.96182,-52.822186,-53.75288,-54.712204,-56.79634,-56.69851,-56.210617,-57.3143,-56.119064,-57.531868,-59.050697,-59.94011,-59.871788,-59.836548
6016,False,-29.603329,-27.41496,-31.60844,-33.41478,-36.082428,-31.953403,-38.504444,-35.043835,-36.610783,-31.269686,-42.4366,-41.12429,-40.07309,-40.487175,-46.383926,-49.892384,-47.33854,-49.030785,-52.262253,-56.952896,-54.79825,-53.925888,-56.982937,-56.364635,-55.566,-58.806767,-57.49534,-56.69273,-58.348404,-59.17854,-58.685364,-58.57376
6048,False,-28.248243,-25.649426,-32.007652,-35.602856,-33.79044,-32.199547,-33.42771,-32.456394,-35.9673,-31.062595,-42.9068,-43.257214,-42.533188,-40.275482,-44.445107,-46.996315,-47.05133,-51.075775,-49.996056,-51.436123,-52.638298,-55.047714,-55.39981,-56.493797,-58.098618,-58.991333,-56.981697,-57.981686,-59.938385,-60.640644,-59.490982,-61.289192
6080,False,-29.837172,-27.88003,-29.5639,-25.207836,-26.348652,-30.838861,-26.56614,-22.410004,-26.70477,-26.295567,-28.720566,-23.376556,-23.221294,-21.459278,-22.110422,-18.804043,-21.277819,-24.684973,-30.255957,-36.295364,-30.28001,-29.047014,-27.39235,-31.021671,-28.268862,-25.836046,-29.497316,-24.61569,-18.226704,-18.545094,-24.563036,-24.105501
6112,False,-26.004646,-25.482637,-32.00034,-26.804087,-28.476234,-24.53782,-30.654896,-27.075998,-31.341059,-25.002375,-32.24752,-32.836166,-32.132156,-28.8994,-32.478813,-28.439354,-33.257362,-37.590385,-35.91068,-41.661148,-39.359592,-36.150642,-39.10281,-41.956745,-37.913616,-34.72368,-37.10475,-35.25555,-30.349209,-31.426561,-35.197166,-36.58233
6144,False,-27.168629,-36.109,-33.850296,-28.604689,-28.608675,-28.992504,-34.835552,-33.289368,-34.913433,-34.497894,-39.014683,-37.899292,-35.214924,-34.043175,-38.24804,-37.020508,-38.29765,-41.949955,-43.75274,-47.460484,-45.570927,-43.5478,-45.715744,-47.087746,-45.40899,-39.164223,-41.263252,-40.715546,-37.93081,-39.06608,-44.035484,-46.48071
6176,False,-31.57677,-28.147097,-32.332882,-32.806606,-32.262413,-34.250153,-40.239582,-38.053673,-39.507748,-31.72929,-38.68338,-41.242657,-41.617218,-40.608555,-42.145138,-38.83969,-40.461674,-45.833817,-47.545044,-48.57531,-47.614483,-43.925858,-47.286003,-48.09188,-49.15502,-45.357567,-45.450653,-45.463295,-41.35263,-42.495735,-47.895668,-50.67293
6208,False,-31.499662,-29.77774,-32.91224,-35.942165,-37.734413,-35.116417,-37.913853,-37.112305,-39.454857,-28.283377,-36.94264,-39.912724,-37.706467,-43.923233,-45.803604,-44.166237,-42.6593,-43.877342,-45.72432,-49.916935,-48.591377,-46.765755,-49.7533,-51.877808,-50.26574,-48.173252,-48.077545,-48.115158,-46.45626,-45.145565,-51.91631,-55.104527
6240,False,-27.37545,-26.281004,-33.679245,-36.010147,-34.62521,-33.09461,-39.093765,-35.46764,-35.683693,-27.185196,-39.92084,-42.409187,-37.786186,-39.454338,-43.689976,-44.957657,-41.537483,-45.025364,-48.274452,-53.57193,-55.188057,-52.94808,-54.053417,-54.802124,-54.109497,-52.34462,-52.084625,-50.941032,-47.910507,-49.461113,-54.838924,-57.165676
6272,False,-27.465008,-25.59153,-31.212364,-35.46649,-33.656643,-32.773926,-37.679756,-33.8685,-35.689285,-27.477596,-35.945755,-40.245518,-39.326775,-43.465546,-45.717552,-45.606197,-47.44113,-48.20157,-50.867317,-51.834198,-52.265938,-51.948074,-54.480938,-55.59997,-54.231613,-55.73015,-54.485825,-54.55639,-51.16905,-53.223873,-57.360302,-59.41254
6304,False,-26.155914,-26.041536,-31.717144,-33.31813,-34.695915,-34.215164,-41.309437,-36.337532,-34.45778,-24.775887,-37.242085,-39.941406,-39.652355,-43.277203,-44.802517,-48.335915,-44.59776,-47.282715,-52.838978,-53.28479,-52.19208,-52.80442,-55.304207,-54.80129,-55.78228,-56.367435,-55.670696,-57.121147,-56.792164,-56.54735,-57.120567,-58.660057
6336,False,-27.492533,-28.606775,-32.42353,-35.96551,-32.16244,-38.036873,-38.08727,-36.00795,-37.552177,-26.735348,-36.7495,-40.53015,-44.70838,-47.161583,-46.25221,-46.61055,-44.934135,-48.767887,-52.06369,-53.021374,-53.80921,-53.927784,-58.032246,-58.365513,-55.818893,-55.93308,-55.60879,-58.266724,-57.532276,-57.56688,-58.93264,-59.651955
6368,False,-28.223963,-27.739216,-32.051758,-36.89371,-37.07067,-33.31951,-39.007538,-35.197124,-33.002155,-22.753525,-34.278988,-40.155952,-40.723473,-44.677002,-48.421665,-46.08983,-43.21723,-46.75703,-50.15984,-51.80633,-53.58479,-53.19207,-59.147842,-57.058735,-57.9542,-59.17385,-56.72242,-58.594364,-58.748974,-58.885025,-58.790512,-58.942535
6400,False,-31.667347,-28.573265,-35.14664,-34.86238,-35.03028,-33.370155,-37.263966,-37.33326,-37.28777,-30.12173,-38.122444,-42.724358,-42.812763,-44.49513,-48.8314,-48.214207,-42.636265,-45.77652,-50.352596,-54.08515,-53.737724,-53.20085,-59.669895,-58.85819,-59.020462,-57.243076,-55.41296,-58.510223,-60.038013,-59.816994,-58.497528,-59.962673
6432,False,-29.101965,-29.745384,-32.177498,-32.05707,-34.35132,-29.723919,-37.786877,-36.680176,-35.115513,-25.812122,-37.800972,-41.923203,-42.737038,-46.254925,-47.927643,-50.417896,-42.833523,-46.477142,-52.00978,-52.97745,-51.601166,-52.238712,-57.473446,-57.8916,-55.307014,-55.940414,-58.16202,-59.978928,-58.592777,-59.305603,-58.93155,-60.588722
6464,False,-32.479248,-29.563297,-33.669846,-36.08451,-38.243607,-36.320107,-38.691944,-35.1566,-34.8808,-27.03664,-40.01736,-42.278717,-41.412178,-43.416527,-46.25355,-48.04771,-45.579494,-49.4092,-51.50982,-55.93573,-55.781555,-56.77304,-59.699306,-59.830162,-57.37183,-57.9764,-54.515476,-56.266006,-59.516365,-57.45862,-55.768856,-61.68618
6496,False,-27.856419,-30.177624,-33.62651,-33.942184,-35.93072,-33.497433,-36.53183,-33.702206,-36.510307,-31.174068,-39.43357,-40.334187,-41.71429,-41.187004,-45.989418,-48.851505,-48.412014,-49.667088,-53.050873,-55.929466,-55.813374,-55.717922,-57.276615,-60.03594,-59.165325,-59.135216,-57.188538,-57.347206,-59.633408,-59.15884,-58.728485,-58.86082
6528,False,-27.83473,-28.818413,-32.16003,-32.99549,-31.254232,-31.741264,-36.321766,-36.139362,-35.266697,-25.262028,-36.416885,-40.61409,-41.93649,-48.56591,-50.072422,-46.119884,-45.852425,-49.98672,-52.526733,-53.317345,-52.398186,-53.461422,-56.050697,-57.109966,-58.046036,-59.80239,-58.076305,-57.982674,-59.115444,-58.21061,-58.28382,-59.824238
6560,False,-27.129005,-28.739368,-32.5351,-32.586674,-31.34115,-29.177273,-35.560997,-35.398937,-33.38504,-25.443935,-40.514847,-39.219078,-41.623543,-42.758747,-46.37755,-49.79593,-42.362637,-46.380978,-51.922432,-51.71951,-53.894516,-54.51016,-55.983578,-59.355087,-57.148193,-55.757748,-55.979176,-56.14501,-58.60112,-58.2736,-58.286507,-59.18253
6592,False,-28.239946,-29.895893,-34.08983,-33.678368,-29.32967,-27.141684,-32.535027,-29.164896,-31.904003,-29.634733,-36.454853,-32.780357,-31.145283,-35.23183,-35.501076,-32.957874,-36.09366,-41.72336,-47.835533,-50.956642,-49.38954,-50.855286,-48.860275,-53.123047,-56.33596,-55.674953,-54.55999,-57.58725,-55.284462,-56.264606,-56.74288,-58.69562
6624,False,-31.459682,-30.219402,-33.221237,-27.16357,-27.91197,-26.32127,-31.197718,-23.912413,-28.650112,-27.06334,-29.891155,-30.248081,-29.466377,-29.990702,-33.730717,-29.877346,-35.940838,-41.713135,-41.724876,-45.370255,-44.354164,-45.596294,-45.7648,-51.2965,-54.312626,-54.207817,-54.420525,-57.06826,-52.18678,-54.56771,-56.39373,-57.867706
6656,False,-31.87915,-29.222836,-30.10836,-29.024488,-28.436548,-31.256264,-35.81715,-30.690172,-32.79604,-24.67633,-36.03112,-38.292915,-36.00835,-39.437862,-43.88656,-40.69199,-42.07364,-47.07664,-47.153694,-49.44145,-50.719963,-51.050644,-57.528175,-55.8268,-55.949017,-58.539192,-56.71888,-59.397316,-58.692635,-59.194954,-58.508305,-58.766945
6688,False,-26.640457,-26.800116,-36.208965,-34.407066,-31.406536,-32.416183,-34.008324,-31.310707,-35.052246,-25.370996,-36.672676,-38.86891,-35.95775,-40.164948,-45.357597,-42.94162,-38.645588,-43.025455,-49.87922,-53.197235,-53.383705,-52.1401,-55.08812,-57.149044,-56.347267,-58.104347,-55.797,-58.52999,-58.48072,-57.61178,-57.295383,-58.928703
6720,False,-30.615059,-30.716913,-33.637264,-32.675957,-30.77098,-32.307693,-35.455105,-34.873547,-32.907227,-21.90527,-35.42136,-39.680275,-37.07832,-40.533478,-44.874947,-45.004677,-43.593784,-47.193016,-48.690773,-53.726532,-53.066406,-53.280067,-57.45766,-55.849728,-57.68071,-58.357826,-54.292946,-57.798485,-57.087692,-57.1752,-57.712765,-60.81967
6752,False,-25.182962,-27.168772,-33.68716,-34.716442,-30.249039,-36.860035,-35.944122,-36.16448,-31.432264,-20.884047,-34.82452,-41.889645,-39.30058,-41.94189,-49.09895,-50.08174,-45.505814,-49.472664,-52.14134,-52.04181,-54.160393,-55.823532,-57.12381,-57.08905,-58.12078,-57.500183,-56.203384,-58.980556,-59.20721,-59.603,-58.835403,-57.801304
6784,False,-26.034544,-28.872854,-33.586193,-35.094658,-29.547024,-40.352478,-35.95832,-35.195053,-33.961205,-23.978178,-37.844437,-41.61711,-38.684174,-42.864456,-45.906162,-44.31166,-47.357327,-50.444736,-52.85382,-53.28192,-54.71917,-53.509827,-57.516247,-55.411793,-56.125645,-58.19248,-55.819214,-57.857254,-58.968678,-59.583977,-59.71557,-59.90745
6816,False,-25.12803,-25.231392,-34.09014,-34.6789,-28.500763,-31.652252,-35.636154,-34.75142,-33.8397,-25.660303,-36.03472,-42.69486,-41.480923,-40.88581,-44.800014,-46.7072,-45.724525,-50.495853,-53.926525,-53.088486,-53.969604,-52.995876,-57.658268,-56.554646,-55.729897,-58.14675,-55.92861,-59.12635,-60.07068,-57.573486,-57.564575,-59.392162
6848,False,-26.93937,-28.614923,-33.640995,-34.148476,-34.29346,-33.48576,-34.831867,-35.491173,-37.989956,-30.683214,-42.79399,-42.196205,-38.71264,-43.866215,-47.522396,-49.18132,-43.02141,-46.865307,-50.710773,-54.876587,-54.485493,-52.85545,-57.33416,-58.19475,-58.331318,-59.112503,-56.355343,-58.91056,-60.042786,-59.757748,-59.61672,-58.424736
6880,False,-27.19828,-25.539999,-32.956146,-36.02561,-33.751137,-32.215797,-37.912136,-33.424675,-36.775494,-33.96665,-41.580215,-43.444603,-41.67238,-43.58839,-47.571087,-47.467197,-43.660553,-47.979565,-52.705418,-53.894962,-52.13747,-52.471355,-56.95547,-57.199055,-57.569847,-59.037098,-58.333595,-59.85825,-60.146286,-59.763557,-58.168358,-59.043716
6912,False,-28.015022,-26.123896,-32.313465,-33.840317,-32.768158,-35.83846,-36.84284,-33.56507,-33.45809,-24.350985,-38.30697,-41.714905,-42.344227,-46.410736,-47.88031,-48.02364,-46.446022,-50.201244,-51.205997,-55.7853,-53.21873,-52.082478,-56.475075,-56.016674,-56.310143,-56.544594,-55.16131,-57.803032,-60.685776,-59.084415,-58.199295,-58.660793
6944,False,-27.877422,-29.275677,-31.661608,-33.58442,-32.794365,-32.070724,-37.1786,-37.501957,-36.36942,-28.226158,-40.501133,-43.276543,-40.19846,-43.266293,-47.355423,-49.997,-48.132843,-49.819992,-51.676956,-54.125626,-53.026985,-53.87808,-57.40439,-57.04384,-56.977013,-56.232906,-55.154415,-57.029934,-59.615368,-58.85446,-59.266285,-60.116653
6976,False,-30.744461,-29.30132,-33.57281,-36.427826,-36.499638,-29.022854,-37.07789,-37.149586,-39.504948,-33.876232,-41.558357,-42.80739,-43.15081,-42.25208,-48.28249,-48.11348,-47.15702,-48.147583,-51.070732,-52.044502,-51.631237,-52.161415,-55.79199,-58.37561,-57.773827,-56.498947,-56.341034,-56.893257,-57.624886,-57.38489,-59.085785,-61.229103
7008,False,-31.124952,-28.456259,-34.76575,-37.67896,-37.860294,-30.878904,-36.511642,-36.98072,-39.378525,-32.25993,-41.830067,-46.163868,-45.195293,-41.154266,-45.987278,-47.5639,-42.036263,-46.30481,-52.19153,-51.04887,-52.701855,-52.867607,-55.496822,-57.464466,-56.805756,-57.716656,-53.838013,-55.006332,-57.7901,-57.7782,-56.88356,-59.77106
7040,False,-28.82205,-32.847504,-34.68251,-34.132156,-31.957264,-29.457952,-35.379604,-37.31569,-33.89072,-27.019485,-42.72525,-42.872433,-43.0863,-38.665005,-42.723347,-47.184753,-38.716667,-42.984642,-50.732224,-52.37549,-54.973923,-55.883488,-57.189293,-55.968784,-56.31343,-59.443886,-55.491272,-56.880753,-58.916584,-58.755375,-58.582657,-60.1819
7072,False,-29.488285,-31.41819,-36.51779,-35.64784,-28.805168,-36.80183,-35.56653,-35.802773,-30.565311,-21.407059,-35.278717,-46.394493,-42.876205,-41.10791,-45.18537,-47.57048,-44.05356,-48.077503,-51.973476,-52.006035,-52.67647,-53.915462,-57.514915,-57.349403,-55.28109,-57.694313,-55.462914,-58.20715,-58.7194,-59.338108,-58.861053,-60.278667
7104,False,-26.67919,-26.965979,-35.229904,-35.423866,-29.387703,-32.19909,-38.0288,-35.296803,-30.094606,-19.786242,-34.249413,-46.001743,-43.703533,-43.219227,-47.87654,-49.67998,-49.562984,-52.368477,-52.993324,-52.43578,-55.522995,-53.66787,-56.9492,-58.320137,-56.142864,-59.293846,-55.717705,-58.606125,-59.78647,-58.599285,-58.247223,-59.115753
7136,False,-27.191248,-30.240736,-35.181915,-33.825127,-34.134457,-32.191017,-32.844704,-30.99665,-32.217472,-23.114178,-34.801502,-32.728325,-31.634724,-32.306534,-31.607948,-28.921507,-30.00214,-34.213425,-42.0991,-46.608425,-41.67064,-40.607903,-39.29902,-43.264862,-39.991547,-38.229618,-41.10961,-35.441334,-29.429214,-29.440338,-36.343094,-36.486416
7168,False,-25.3563,-26.606161,-31.499397,-23.212233,-26.342697,-25.462734,-26.419878,-22.186699,-26.934254,-23.850136,-27.71621,-24.93359,-24.683046,-22.038755,-23.792374,-20.345806,-23.27711,-26.350859,-29.781855,-35.766644,-30.83064,-28.459991,-28.368664,-31.353624,-28.55209,-25.915848,-30.037441,-26.407757,-19.530865,-20.074137,-25.885736,-26.19965
7200,False,-27.753067,-27.745167,-32.32969,-29.485378,-31.130878,-29.717514,-35.883606,-31.000828,-34.309875,-26.639061,-35.244358,-34.138996,-31.824242,-32.48836,-35.41344,-32.732647,-31.473444,-37.06474,-40.843094,-46.489815,-44.31861,-41.066128,-44.371513,-45.331417,-41.986904,-38.243256,-38.07426,-38.846954,-35.60425,-36.044117,-40.29743,-42.89354
7232,False,-28.332703,-28.715008,-31.13049,-32.516624,-33.424522,-31.817625,-37.860867,-29.999786,-33.138912,-26.893719,-37.49928,-37.66741,-36.51517,-40.03458,-41.27497,-37.8437,-39.4089,-43.54785,-45.862022,-50.747417,-48.129272,-44.22392,-45.411335,-48.15531,-47.539543,-42.04762,-42.79332,-42.57615,-38.74826,-40.581146,-45.920967,-48.51561
7264,False,-29.793606,-26.332367,-31.594095,-34.518913,-31.312456,-33.358215,-36.65717,-33.50476,-33.81867,-28.084057,-39.17062,-38.292004,-37.22877,-42.503876,-42.01296,-39.56223,-44.420242,-44.728752,-46.21136,-50.774593,-46.242126,-45.603836,-49.956566,-49.22827,-48.337723,-46.32565,-46.375584,-48.522827,-43.626167,-44.256344,-50.099747,-52.351852
7296,False,-27.759586,-29.390686,-33.7654,-33.12456,-32.51389,-36.003426,-38.096657,-34.546143,-36.407352,-31.21228,-41.70971,-39.177517,-40.021027,-40.50104,-44.917343,-44.66442,-45.272743,-45.343994,-48.0591,-50.336304,-49.795742,-47.398865,-52.624737,-53.39486,-52.61863,-48.911278,-51.21772,-49.821,-48.52726,-48.519157,-54.5409,-56.283268
7328,False,-30.308134,-26.807613,-30.080168,-30.79774,-29.807844,-33.58484,-39.353947,-37.127987,-35.353313,-28.643465,-40.547745,-41.54266,-41.54397,-40.037346,-43.357246,-46.612972,-45.0534,-46.679558,-49.123264,-50.848778,-53.368683,-51.756676,-52.989445,-55.17837,-56.17314,-55.043907,-53.129883,-54.484238,-49.81291,-52.017788,-56.02778,-57.695084
7360,False,-24.834366,-26.050014,-33.92319,-34.242355,-27.381432,-35.648037,-39.48129,-34.196724,-35.591045,-30.82285,-42.97042,-41.917633,-41.943176,-42.878704,-46.93644,-46.253654,-49.222404,-49.95043,-50.171513,-51.904617,-51.978745,-51.867237,-53.633644,-56.592175,-57.43817,-54.963394,-54.42546,-56.439575,-54.925438,-55.43091,-56.509727,-58.416866
7392,False,-31.412457,-31.494406,-37.005623,-33.36758,-25.902445,-33.488358,-38.60973,-33.8832,-38.544823,-34.32174,-41.374264,-40.40825,-40.535736,-43.241623,-45.10704,-47.131866,-44.16574,-46.11853,-51.00585,-52.094772,-53.634773,-53.780613,-57.004578,-55.48529,-55.695755,-57.46765,-54.043068,-57.880142,-58.43603,-57.01436,-58.332134,-59.772842
7424,False,-28.939915,-28.244867,-36.1538,-32.957035,-29.688633,-34.90353,-36.499386,-33.6957,-35.666805,-29.346256,-41.401257,-41.596344,-41.35837,-43.767395,-46.44503,-47.060413,-41.216934,-44.883347,-53.629986,-56.684395,-54.98665,-54.564976,-55.489918,-57.554855,-56.533337,-56.211967,-54.71594,-57.171936,-58.773712,-59.519142,-59.09765,-60.820698
7456,False,-26.856812,-27.491865,-35.91625,-35.06535,-36.19071,-36.316696,-37.837288,-34.32569,-35.08469,-26.729816,-39.25647,-44.102993,-41.7446,-43.247986,-48.13452,-47.426395,-43.739655,-47.39517,-52.578503,-53.317146,-54.031544,-54.916496,-58.437256,-58.413185,-57.310837,-56.47715,-56.564835,-58.547173,-59.371765,-59.5737,-57.9478,-60.24946
7488,False,-29.75885,-31.323677,-32.604424,-33.417583,-33.18502,-37.42688,-36.572308,-33.192562,-30.042772,-20.348284,-34.572353,-43.290115,-42.304703,-47.02221,-50.831646,-49.92929,-44.774097,-48.9859,-54.703487,-53.323513,-52.715195,-53.32997,-56.828003,-56.117153,-57.59301,-56.627357,-56.326977,-58.51631,-59.94153,-60.906075,-57.710144,-58.412567
7520,False,-29.237076,-29.836596,-33.541355,-34.817955,-33.51047,-37.199764,-37.844845,-37.58113,-36.394497,-27.000553,-38.758747,-40.685066,-42.248238,-43.54568,-46.167313,-49.470943,-45.00235,-49.07392,-51.371895,-52.722664,-54.443726,-55.218323,-57.48804,-58.074154,-58.206898,-56.697464,-56.528183,-57.38616,-58.62641,-57.988686,-57.111076,-59.53945
7552,False,-30.156818,-31.554613,-32.55278,-33.22952,-31.85931,-33.26727,-37.295506,-34.579224,-36.15184,-31.00452,-41.875443,-41.865837,-43.92417,-42.199257,-45.555157,-47.048565,-45.659393,-49.730934,-53.29704,-55.482414,-55.848545,-53.04478,-57.887413,-56.663914,-56.5735,-57.97921,-58.20185,-57.87204,-59.220013,-58.761192,-59.448322,-61.08088
7584,False,-30.025785,-34.202892,-34.153244,-33.354942,-29.102926,-29.32809,-38.268116,-37.265034,-35.837048,-29.64075,-41.36454,-42.49404,-43.703667,-41.8755,-46.42082,-48.45577,-41.147827,-45.36769,-50.408028,-53.762634,-54.138344,-53.231125,-55.79933,-56.181606,-56.9413,-59.40963,-57.736046,-58.827713,-59.52147,-59.95221,-61.00506,-60.40811
7616,False,-25.75752,-26.847843,-33.48228,-31.642693,-33.35787,-32.8333,-37.42089,-35.131676,-30.064201,-21.46701,-37.980965,-41.70054,-42.939816,-45.397408,-47.081303,-48.32281,-40.53412,-44.637684,-52.22099,-54.22195,-51.872902,-50.759056,-56.33684,-57.103733,-55.582844,-58.18389,-57.809048,-59.12182,-61.111187,-59.40908,-59.047585,-59.895054
7648,False,-30.891914,-28.150005,-34.80374,-34.82729,-38.152054,-36.149124,-38.767822,-36.923656,-30.704489,-22.663254,-39.67194,-41.367798,-41.29512,-48.360867,-49.997093,-46.479687,-45.21538,-49.31019,-51.40375,-51.896645,-52.04564,-54.729424,-58.425694,-57.39946,-56.374786,-57.050938,-55.64253,-57.026714,-58.821835,-57.824837,-59.481377,-59.42626
7680,False,-28.550373,-28.17402,-33.938995,-32.087753,-29.970999,-32.224712,-35.76378,-35.369682,-32.75583,-26.113987,-40.877045,-41.158604,-41.378044,-42.729065,-47.586327,-46.737385,-42.195366,-46.39289,-51.14111,-54.233513,-54.428696,-55.051693,-56.980915,-55.254837,-55.443996,-57.26132,-57.04329,-59.51347,-59.04435,-59.677498,-59.203228,-58.960987
7712,False,-29.746702,-30.883387,-34.275116,-27.945087,-26.975025,-26.47467,-28.620796,-22.600613,-27.52844,-35.977665,-29.607113,-28.987082,-27.508018,-29.883078,-30.908913,-26.881025,-30.762442,-35.395935,-38.87953,-43.36369,-41.25061,-44.085865,-43.11698,-48.90847,-52.992195,-51.76248,-52.471855,-54.37375,-53.01654,-53.42153,-56.51422,-59.049416
7744,False,-28.341702,-29.10308,-33.58711,-28.328568,-27.556084,-28.384586,-36.445457,-29.226578,-31.892862,-25.425613,-35.912598,-37.160877,-37.277725,-36.145493,-41.737667,-37.663033,-40.703777,-46.237415,-48.232834,-50.206,-51.530872,-52.454815,-55.36848,-54.811817,-56.769783,-56.43621,-54.439945,-57.089493,-59.151134,-59.48623,-57.157192,-59.733437
7776,False,-31.432034,-28.09803,-31.316269,-29.179749,-29.051903,-29.804455,-38.567574,-35.018936,-35.474453,-28.550283,-38.24529,-40.417427,-39.280357,-37.732697,-43.92314,-44.328785,-45.40583,-47.32334,-50.265804,-52.12791,-53.56119,-53.497902,-54.448837,-56.66137,-55.085377,-56.891663,-57.02745,-58.383503,-59.206795,-60.114254,-58.41677,-59.28618
7808,False,-29.94656,-30.649334,-34.43585,-35.280148,-30.182793,-32.26918,-36.891624,-37.7931,-32.73597,-21.645346,-34.68303,-40.37668,-40.24185,-40.3521,-45.12514,-47.88224,-45.026382,-47.079735,-50.839878,-52.190636,-51.914864,-51.18863,-57.43064,-57.821117,-56.947266,-58.352486,-56.192722,-57.315826,-59.401516,-58.14279,-57.828995,-60.994343
7840,False,-29.372787,-31.233046,-31.660841,-31.868668,-25.975035,-31.908745,-37.461945,-38.68588,-32.814518,-23.38936,-36.156708,-40.466534,-40.693764,-46.652905,-49.50811,-46.888012,-44.41763,-48.01525,-51.5258,-53.25003,-53.40265,-51.69924,-55.738243,-56.105495,-56.050014,-59.96376,-57.004303,-57.498413,-58.871807,-58.847534,-59.558315,-59.83984
7872,False,-30.90644,-31.45217,-32.69842,-33.309967,-27.07198,-33.293327,-40.44592,-36.7778,-32.798542,-23.957333,-38.050076,-41.280327,-40.540386,-43.274506,-46.165333,-47.93914,-40.977596,-45.46386,-52.36931,-51.784992,-52.452477,-53.79938,-58.37366,-56.01004,-54.96319,-56.32447,-56.69075,-58.184135,-59.669632,-58.808475,-60.357536,-59.256912
7904,False,-30.427204,-29.419228,-33.248966,-31.516167,-25.240383,-34.299435,-36.787415,-36.04663,-32.54764,-24.196737,-40.406033,-40.476192,-40.719074,-45.72577,-49.61792,-48.954765,-42.108097,-46.246254,-51.835705,-53.359905,-55.112343,-55.5825,-57.617546,-55.563454,-58.126778,-58.125668,-55.40619,-56.613964,-58.72702,-59.51072,-59.150616,-59.4451
7936,False,-29.51357,-31.386501,-37.56755,-34.2465,-28.929518,-36.228027,-40.05243,-37.4867,-35.765594,-26.137016,-38.29467,-40.28041,-37.828316,-45.007637,-46.51444,-47.909805,-46.36596,-47.257538,-50.84017,-53.25895,-54.808174,-52.506218,-57.55056,-56.590496,-56.366215,-60.115334,-56.158367,-57.302345,-59.02832,-57.80165,-57.575027,-59.926647
7968,False,-27.31425,-25.377636,-30.522694,-31.44542,-26.948431,-34.31714,-40.465294,-36.154602,-37.624947,-29.989971,-43.02201,-41.52237,-39.479313,-41.55296,-47.65467,-50.250893,-43.187084,-47.471733,-55.102516,-55.698723,-56.214787,-54.28981,-56.508476,-59.048462,-57.77955,-57.290665,-56.64966,-58.844753,-59.45144,-58.55818,-59.347206,-60.80484
8000,False,-27.349846,-26.893028,-33.192524,-35.013985,-27.372456,-37.178543,-41.44743,-39.573917,-37.07223,-28.430958,-40.66254,-42.8614,-43.10479,-45.579453,-48.21482,-48.27437,-40.750584,-45.45742,-51.226162,-53.883,-52.12397,-52.02014,-58.222908,-56.910194,-58.74584,-56.553913,-56.88124,-57.964954,-59.118332,-59.280685,-57.760487,-59.89763
8032,False,-29.742802,-30.782925,-35.020504,-34.788174,-27.173939,-35.42495,-38.35104,-34.00543,-38.29621,-30.672129,-40.110725,-42.827164,-41.552853,-47.253246,-47.987362,-45.910324,-44.61873,-49.284306,-50.862106,-54.29964,-53.463646,-54.938984,-58.073925,-56.351036,-56.93317,-57.854877,-56.89827,-57.372784,-60.279556,-58.79621,-58.441967,-60.252136
8064,False,-35.603195,-28.927723,-32.104553,-33.388092,-31.706505,-36.712723,-42.50695,-37.302467,-35.742085,-30.234829,-43.5891,-43.52307,-43.215366,-48.24694,-48.665726,-48.539272,-46.13449,-49.339146,-53.67641,-53.876083,-55.363903,-55.84898,-57.537994,-57.622505,-57.250755,-58.125668,-54.439903,-57.320385,-59.199974,-58.931023,-57.72305,-60.078888
8096,False,-31.703384,-28.523483,-31.962297,-36.51172,-33.468548,-36.694046,-40.283886,-36.482666,-39.206448,-31.881287,-37.33584,-43.42129,-44.58179,-42.03787,-44.855076,-48.824547,-44.432343,-48.071095,-51.038994,-54.46642,-54.126846,-52.45415,-55.656456,-56.587124,-56.89915,-58.29635,-54.211155,-57.798035,-59.842648,-58.01209,-59.32048,-58.889523
8128,False,-28.851181,-31.14686,-36.419853,-34.77672,-30.206701,-33.332333,-39.157833,-34.229183,-33.74475,-27.394932,-39.82435,-44.110085,-43.464325,-41.12104,-48.215492,-49.883617,-44.144,-48.506683,-50.116646,-51.084103,-53.15503,-54.360435,-57.927788,-54.30107,-55.987648,-56.84545,-56.12039,-57.635056,-59.301876,-58.619186,-58.902077,-59.870544
8160,False,-25.572197,-30.105846,-32.760815,-31.745766,-34.743645,-38.06601,-39.332863,-35.17462,-38.398277,-32.228184,-41.19003,-42.481426,-39.949585,-38.0925,-45.32343,-49.702106,-45.7125,-50.076405,-50.951084,-53.67208,-53.77092,-53.35112,-56.762665,-57.001053,-57.360268,-57.937805,-55.96524,-59.178467,-59.51704,-58.321236,-57.256584,-58.437477
8192,False,-23.59896,-25.599306,-33.26759,-33.885498,-32.51226,-31.044569,-36.167667,-34.85003,-35.99564,-28.677835,-39.11271,-41.656803,-41.09536,-41.33339,-46.675953,-50.76451,-44.53746,-46.7742,-53.730885,-54.54126,-56.15475,-53.832924,-53.62735,-56.976894,-55.521095,-58.065933,-55.650482,-56.81388,-58.777164,-58.791046,-58.500076,-58.863304
8224,False,-25.672972,-28.326437,-33.56279,-33.5707,-33.00551,-35.34915,-38.71972,-34.07991,-33.769814,-24.35384,-37.699383,-41.91303,-41.514492,-41.036564,-46.662308,-46.848732,-44.7661,-47.07785,-51.764256,-55.362114,-53.29313,-52.056355,-55.926662,-57.105297,-58.51885,-56.92078,-54.487118,-55.247223,-57.670002,-58.846992,-58.99547,-59.537094
8256,False,-27.43689,-27.010221,-29.309647,-24.089296,-27.307241,-27.706146,-24.203686,-21.670305,-26.474821,-24.055714,-27.417965,-23.049088,-22.721651,-21.06451,-21.915085,-18.66528,-21.238197,-24.603878,-29.341717,-34.646496,-28.605244,-27.48594,-26.827732,-29.728119,-27.096474,-25.244518,-29.23426,-24.657438,-17.627085,-17.96403,-23.80286,-25.379202
8288,False,-27.675625,-29.826925,-30.65804,-24.561783,-27.975008,-28.930183,-37.68605,-29.995024,-33.45747,-27.425425,-33.791084,-32.638493,-30.034237,-30.469458,-33.44701,-30.004417,-34.344658,-39.97044,-38.064537,-43.395126,-40.80778,-38.292076,-41.749557,-44.820957,-40.365997,-36.776093,-37.496067,-37.419056,-32.592827,-33.780792,-37.386585,-39.43048
8320,False,-27.882782,-29.464375,-36.268883,-30.339354,-29.675627,-28.6515,-36.180683,-31.37223,-30.422953,-23.335999,-36.41082,-37.80149,-36.310257,-35.18793,-39.362976,-37.79262,-40.276505,-44.52324,-43.66455,-48.16169,-46.367386,-43.792553,-45.291576,-48.4292,-46.54859,-40.009556,-42.34762,-41.937366,-38.175896,-39.6376,-45.142975,-46.944023
8352,False,-29.363497,-31.773817,-34.533775,-30.31588,-33.59957,-34.845444,-38.551704,-30.25666,-31.951916,-27.357454,-39.76773,-40.49106,-40.465126,-41.17737,-40.26733,-37.71517,-41.951073,-46.039673,-46.935886,-49.535538,-49.615425,-43.688908,-46.735107,-48.897278,-50.22644,-45.64095,-44.969025,-45.34131,-41.876648,-42.920746,-49.38767,-51.712532
8384,False,-31.252039,-34.60363,-35.344933,-32.51767,-31.923023,-35.058655,-39.630016,-34.463753,-37.33955,-32.665047,-41.14833,-40.996746,-39.651306,-43.155624,-45.924286,-47.01057,-43.21854,-45.979633,-45.983383,-47.860928,-48.80179,-47.833134,-50.767006,-51.701275,-50.597286,-48.603405,-47.686195,-48.238453,-46.38182,-45.87932,-53.111153,-56.721035
8416,False,-25.352383,-26.122078,-32.948574,-32.536224,-34.45111,-32.60895,-39.075897,-37.345795,-38.044746,-33.348557,-43.251717,-41.673584,-39.09245,-36.79089,-42.440895,-46.793564,-46.623947,-48.468246,-49.117695,-50.203323,-51.85486,-49.15865,-52.542625,-55.143646,-53.474,-51.70181,-50.6008,-52.86713,-48.145073,-50.341118,-56.171932,-58.43074
8448,False,-28.628494,-28.792974,-37.449947,-34.65522,-30.000061,-33.496178,-38.88629,-38.686707,-43.597263,-41.096924,-42.181572,-42.7918,-42.289005,-40.540443,-45.34478,-47.213497,-42.75467,-47.90716,-49.42194,-52.978462,-54.6531,-50.914875,-54.933723,-55.737347,-55.988293,-55.37807,-55.322853,-55.642113,-52.062004,-54.631783,-58.37249,-57.02292
8480,False,-25.850368,-26.26334,-32.447777,-31.973965,-25.060766,-32.313076,-35.664543,-34.46267,-37.486774,-34.206318,-43.558372,-41.303753,-38.289864,-40.431137,-45.39306,-46.233448,-41.70025,-46.95851,-54.470486,-55.222622,-55.365025,-54.159164,-55.619007,-58.251648,-56.056095,-56.08554,-55.13332,-57.19187,-54.777214,-56.349815,-58.193367,-59.253387
8512,False,-27.739239,-28.999365,-34.551727,-34.770313,-28.50642,-38.744507,-36.716022,-35.49023,-31.113882,-22.72111,-38.240658,-41.909214,-41.750557,-46.88309,-47.891766,-48.06096,-39.510242,-44.498985,-53.09958,-53.16166,-51.470764,-51.259247,-56.578423,-57.56701,-56.68127,-54.44436,-54.701313,-56.278072,-58.2825,-57.508507,-57.91545,-59.83883
8544,False,-24.657917,-27.258812,-29.870522,-32.822403,-26.351463,-34.98773,-34.309513,-34.236977,-27.51997,-19.795044,-39.07209,-41.73017,-42.270004,-43.215546,-48.026676,-49.857464,-46.685684,-50.077034,-51.599724,-53.97351,-54.226284,-52.048874,-56.84259,-58.748535,-57.959675,-55.886223,-55.82865,-58.55791,-58.21749,-58.252823,-59.9234,-58.72076
8576,False,-27.055624,-31.457886,-36.023136,-33.34857,-26.394598,-35.26057,-34.472473,-33.64858,-27.95452,-20.956158,-40.29728,-41.044807,-42.510334,-43.636993,-49.01703,-49.972534,-50.65888,-51.033226,-52.304558,-53.648605,-51.029858,-51.616997,-56.14354,-57.726067,-55.611134,-57.442657,-56.403812,-56.764923,-58.86122,-58.12387,-59.009975,-59.309105
8608,False,-27.450485,-32.598614,-36.746353,-33.57366,-29.12149,-33.169384,-35.198208,-32.088184,-31.68458,-23.863483,-41.11387,-43.469223,-40.340694,-45.010468,-50.863796,-50.59393,-40.363014,-45.234444,-49.78382,-53.613888,-51.898247,-53.396996,-57.5993,-57.51969,-55.162777,-56.186184,-55.7797,-59.665825,-60.89614,-58.377705,-57.762993,-60.881504
8640,False,-24.352072,-25.08562,-32.287067,-34.377293,-26.57521,-34.529945,-32.017147,-32.225166,-31.485832,-24.026136,-41.965004,-43.476585,-44.149723,-48.071228,-48.471115,-49.001392,-40.821156,-45.070076,-51.150036,-50.90179,-51.06539,-51.33183,-57.286255,-57.507385,-57.384148,-58.40217,-57.14357,-58.097565,-59.765556,-59.658504,-57.702156,-59.729134
8672,False,-28.212017,-29.497543,-34.4456,-36.549133,-30.906513,-35.373215,-33.356728,-33.10083,-34.53629,-26.495434,-41.834736,-42.90271,-43.646015,-45.298363,-50.358444,-50.918434,-45.71514,-50.145473,-49.90747,-52.851974,-54.19887,-53.38953,-57.49937,-58.546013,-57.89053,-57.740326,-56.899662,-58.51371,-60.905155,-59.17999,-58.22171,-59.817772
8704,False,-25.031944,-24.22358,-34.44185,-33.985294,-28.694248,-33.91427,-36.396507,-36.108917,-33.13389,-24.924381,-39.744972,-45.05791,-44.783493,-39.896427,-46.799026,-51.227264,-43.697655,-48.06102,-52.214226,-54.06551,-57.21434,-57.157703,-60.132923,-57.13437,-56.30985,-57.990425,-54.876064,-57.786987,-60.75838,-60.284924,-59.934746,-61.185677
8736,False,-28.4988,-28.941982,-32.373837,-31.655842,-30.050152,-28.466301,-36.44138,-35.1164,-34.879906,-30.743301,-42.59684,-42.17124,-40.40028,-41.901047,-46.33307,-48.93741,-45.25869,-50.073387,-51.69629,-55.281914,-55.96287,-55.04026,-56.259518,-56.055126,-56.70262,-59.638657,-55.46096,-57.009148,-59.148518,-60.233555,-59.572075,-58.400146
8768,False,-27.469732,-29.573025,-35.811253,-37.499012,-33.509964,-29.918404,-36.191742,-36.162144,-36.316322,-33.612076,-42.23578,-40.30889,-38.00031,-39.5288,-41.704384,-40.777546,-41.975,-47.113304,-51.279846,-54.876266,-52.55046,-54.096664,-55.487152,-56.19525,-56.612305,-57.463894,-55.99566,-57.57962,-57.61643,-58.434113,-57.185997,-62.004395
8800,False,-30.870268,-31.385786,-29.331266,-27.548317,-28.939611,-27.968836,-32.182224,-25.363934,-27.89777,-25.137976,-28.213776,-28.46361,-26.895435,-28.900988,-31.237225,-27.90538,-32.284332,-37.02225,-38.87101,-43.84382,-41.9318,-44.44285,-43.657803,-49.338562,-51.745968,-52.93566,-51.305107,-54.002144,-50.67394,-52.41285,-56.377563,-58.361046
8832,False,-28.901905,-26.91798,-34.28392,-31.448486,-30.47733,-31.822975,-34.362675,-34.380447,-27.524155,-19.822136,-38.031586,-38.47339,-35.669292,-38.27612,-41.6748,-37.638046,-41.46779,-45.819927,-48.313705,-48.925804,-51.119217,-52.715054,-54.693283,-54.833073,-54.851685,-56.405277,-55.10025,-56.778572,-58.177837,-58.239613,-57.852264,-60.164204
8864,False,-30.143944,-32.195972,-32.78071,-32.164757,-29.938124,-34.605423,-34.995777,-32.23819,-26.621008,-19.516687,-40.378166,-41.662575,-37.722363,-37.994415,-45.100067,-44.887856,-44.641052,-49.473297,-50.27544,-52.834923,-51.281235,-50.88507,-57.65881,-55.98226,-58.271908,-57.624706,-56.145557,-57.05572,-58.777813,-58.487892,-58.012863,-59.40569
8896,False,-23.423374,-22.354105,-30.570362,-34.428993,-32.97844,-33.27564,-35.676617,-33.627556,-27.941935,-20.741522,-38.984474,-42.208984,-41.556854,-39.0972,-44.56082,-45.819477,-44.015976,-47.207832,-49.743225,-52.747696,-54.554104,-56.23446,-55.394188,-57.682297,-56.086708,-57.111588,-55.14074,-58.105377,-59.64125,-59.09546,-57.97799,-58.687557
8928,False,-26.93552,-26.852707,-34.827415,-37.883022,-32.169975,-30.404163,-35.496128,-32.82391,-34.151443,-29.017488,-43.1002,-40.569843,-40.38787,-42.427116,-45.38088,-47.686882,-44.91232,-48.281693,-53.57387,-55.156235,-53.36687,-54.252823,-56.780533,-56.627403,-56.80252,-56.504486,-54.848156,-57.14759,-60.595512,-59.18173,-58.597416,-59.80843
8960,False,-24.956272,-24.282572,-32.284885,-35.332417,-31.996967,-34.51473,-36.046623,-34.760574,-36.50617,-31.603825,-40.945877,-39.20666,-42.077606,-44.101814,-47.000534,-46.42324,-46.715393,-49.18219,-50.73231,-54.794502,-55.855087,-53.093586,-56.04503,-55.863937,-57.44902,-56.822556,-55.457058,-57.43605,-59.080715,-58.91821,-57.555065,-59.239037
8992,False,-27.24272,-26.263397,-34.114388,-37.409676,-30.869621,-35.582115,-35.316227,-37.36814,-35.70972,-28.845493,-42.19393,-41.98378,-40.777927,-41.616917,-45.97759,-47.49716,-44.015915,-46.712868,-51.60368,-51.69496,-52.145878,-54.98432,-56.179596,-56.54825,-55.05012,-54.954815,-55.154514,-58.413662,-59.195854,-59.193382,-60.12242,-60.02428
9024,False,-27.705965,-27.768154,-33.245384,-32.862732,-26.80319,-35.504757,-37.57782,-37.472572,-35.413483,-28.786123,-42.578224,-40.076942,-41.804337,-38.3567,-45.265762,-48.451885,-44.213303,-47.38661,-48.729782,-53.298035,-54.32043,-54.662075,-55.60662,-56.963,-56.15719,-57.605423,-54.69711,-55.466026,-60.55278,-58.23812,-58.230072,-60.088043
9056,False,-28.593252,-30.319752,-33.812298,-35.066353,-30.994654,-37.891552,-40.329254,-34.17497,-36.677456,-32.805954,-40.582355,-41.07515,-41.588753,-38.05279,-44.091763,-51.970856,-46.69094,-51.292553,-52.15268,-52.961235,-55.400246,-55.71573,-57.17022,-56.7503,-58.34626,-57.164913,-55.63454,-57.71263,-59.225273,-58.890594,-56.778267,-57.821728
9088,False,-30.53055,-31.278753,-32.738964,-35.97828,-30.96443,-38.037113,-40.57,-32.485046,-35.989246,-29.792213,-42.175426,-41.82067,-38.430923,-43.31879,-48.119682,-47.358418,-46.078583,-50.09506,-52.017864,-52.715015,-53.3695,-52.634525,-56.54491,-59.128056,-56.908318,-58.13702,-56.38641,-57.19133,-60.44077,-60.321117,-57.844658,-59.51197
9120,False,-30.012053,-30.509323,-36.16716,-36.239555,-33.407322,-37.629257,-38.460014,-33.49998,-34.09853,-29.866032,-43.619137,-43.419346,-41.69378,-43.614685,-47.995987,-47.618477,-45.380722,-49.484985,-54.105675,-53.665596,-54.045486,-52.957348,-56.854664,-56.115192,-57.304977,-58.333,-56.553406,-59.1004,-61.87046,-57.456356,-55.34565,-58.38798
9152,False,-26.490215,-25.926296,-33.6134,-32.845898,-34.87864,-38.849506,-41.401516,-33.571754,-33.286644,-27.807968,-43.481678,-43.596367,-42.12684,-38.4249,-44.714413,-48.461082,-43.47782,-46.879917,-53.80657,-54.56749,-55.29872,-52.854427,-57.60817,-56.24337,-57.53528,-57.619865,-57.718597,-57.33412,-59.783306,-58.65583,-57.740128,-58.565746
9184,False,-26.598482,-27.05327,-32.71378,-37.147076,-35.08571,-32.547825,-38.207687,-36.024967,-34.99931,-31.93103,-40.931847,-45.595245,-44.198257,-40.671494,-45.80187,-46.0157,-47.979504,-52.055973,-51.415462,-52.291817,-54.54261,-54.568756,-59.286026,-59.63839,-58.044834,-57.017075,-55.765724,-57.18437,-59.844376,-58.117313,-58.66034,-60.261784
9216,False,-27.658861,-28.494923,-34.557137,-33.48575,-31.751318,-37.948086,-39.51449,-34.88139,-30.447187,-24.159492,-39.3429,-44.403095,-42.97921,-43.24025,-45.755978,-47.780777,-44.142883,-50.44265,-54.6135,-53.122192,-52.766846,-54.193565,-56.822166,-57.01931,-56.613003,-56.34468,-56.047546,-57.87423,-60.413876,-57.850285,-57.99096,-59.06936
9248,False,-25.740011,-29.013336,-31.056973,-33.91544,-31.71317,-41.211723,-40.339565,-36.748566,-34.030354,-27.101322,-38.717915,-41.566795,-43.092228,-37.27356,-43.465775,-47.728653,-42.358032,-47.34555,-49.588562,-51.800804,-51.52947,-52.554962,-56.73338,-56.603207,-57.288963,-57.4244,-56.542377,-57.511986,-60.293236,-58.130375,-56.710472,-58.824974
9280,False,-30.74649,-31.914673,-38.164757,-36.0251,-38.33242,-38.133827,-35.872196,-34.96209,-30.536709,-24.579048,-40.252758,-43.472137,-42.25599,-42.087746,-46.696594,-51.48003,-40.24447,-43.912548,-50.430794,-52.782967,-54.947693,-55.771828,-56.661407,-56.39631,-57.519604,-57.05791,-55.743546,-58.083935,-59.799957,-57.54254,-57.1215,-57.936573
9312,False,-30.096565,-30.24643,-33.575096,-35.453506,-36.606792,-31.722565,-37.075916,-36.02917,-31.437569,-24.297697,-42.534065,-41.947395,-44.39697,-46.596542,-47.84523,-49.771877,-40.263374,-43.97125,-50.228138,-51.598892,-52.80918,-52.76082,-57.345715,-58.307617,-57.276337,-58.589165,-55.20905,-56.68701,-57.426952,-56.555443,-57.474236,-58.223324
9344,False,-28.235512,-27.186308,-31.86166,-24.523432,-27.143139,-27.825983,-24.574852,-22.008932,-25.190563,-20.669224,-26.902676,-22.76566,-23.109285,-21.073046,-21.818068,-18.445152,-20.693172,-24.055899,-29.317331,-35.301735,-29.049488,-27.910206,-27.096558,-29.56648,-26.861917,-24.9749,-27.738625,-24.44468,-17.753483,-18.542734,-23.883461,-27.43027
9376,False,-26.402412,-27.318089,-31.355679,-27.115297,-28.808584,-31.048346,-34.254158,-31.17688,-29.319149,-21.905403,-35.040215,-33.521774,-31.580315,-31.006296,-34.300922,-29.858397,-32.435436,-38.190987,-39.2926,-43.91968,-41.46244,-38.23445,-41.557507,-45.119244,-40.43633,-37.840343,-37.216995,-37.06074,-32.982548,-34.14895,-39.021076,-40.140373
9408,False,-29.048893,-31.255505,-32.482407,-29.992754,-35.216507,-35.706585,-34.50295,-33.284843,-31.32818,-25.798311,-41.444168,-38.6411,-36.62837,-35.717434,-39.290016,-37.38833,-35.923157,-41.18862,-44.32795,-50.504684,-47.590736,-44.153313,-45.582584,-48.58098,-46.944992,-40.849415,-42.32883,-42.345024,-38.3777,-39.40278,-45.025116,-47.036674
9440,False,-25.875519,-26.029139,-34.01275,-32.086273,-31.35191,-31.980968,-38.022808,-36.028862,-30.497408,-26.137138,-41.166733,-42.86509,-39.913918,-42.009853,-40.39157,-38.450466,-38.352993,-44.16061,-48.814713,-49.2569,-48.75789,-44.204464,-46.96324,-49.00709,-50.596603,-45.616974,-46.169147,-46.291317,-42.922745,-43.667187,-49.7208,-51.661945
9472,False,-29.105335,-29.825855,-32.334488,-36.211334,-33.23997,-30.632809,-38.144432,-34.507877,-32.79507,-29.165474,-42.67473,-40.7312,-38.566948,-42.44885,-45.61538,-47.34299,-45.17046,-44.300514,-45.83279,-50.837357,-50.530922,-48.11165,-51.13951,-52.441135,-52.026516,-48.678555,-48.31224,-48.79753,-47.568985,-46.612797,-52.45577,-55.198788
9504,False,-28.923037,-31.281214,-35.537304,-35.410408,-32.604286,-29.352072,-36.750595,-34.914154,-36.452183,-29.949207,-43.132935,-39.515053,-39.93729,-39.94159,-43.026882,-45.27672,-45.81504,-48.387344,-49.064156,-52.161446,-53.031254,-51.726856,-52.386475,-53.21938,-53.0035,-52.377777,-52.06417,-52.537884,-48.906487,-51.309593,-55.808723,-58.739235
9536,False,-33.03584,-29.808594,-32.775692,-35.778267,-37.889957,-32.856873,-37.33741,-38.17293,-41.328884,-36.4487,-41.366333,-40.34876,-37.721684,-44.8035,-45.472565,-46.716316,-42.320312,-46.957672,-54.191223,-56.495213,-52.718735,-51.744957,-55.50606,-54.496365,-55.10101,-54.601627,-52.4087,-55.68384,-53.2295,-54.677834,-56.042267,-57.711468
9568,False,-29.700142,-31.525696,-32.833206,-36.77209,-34.685387,-34.819168,-38.50412,-36.95911,-32.2227,-25.79948,-41.448765,-39.430725,-38.512535,-44.90303,-47.473404,-47.890907,-45.82473,-49.249554,-52.343987,-55.716347,-55.676315,-55.214798,-57.897587,-56.843033,-56.88706,-55.35591,-54.422318,-58.07437,-55.400356,-55.914543,-58.879814,-58.367226
9600,False,-25.163261,-25.39196,-33.4629,-34.538177,-28.038555,-33.826317,-37.43073,-37.286537,-32.558254,-24.238071,-39.175163,-40.660954,-40.879093,-43.52592,-45.08602,-47.05313,-42.599697,-46.245193,-51.5715,-54.85092,-53.94079,-56.027485,-54.57302,-55.126457,-56.604546,-57.543007,-53.326622,-57.495697,-59.298645,-57.1539,-57.34396,-59.511356
9632,False,-25.165192,-26.32391,-31.884457,-35.440784,-31.859064,-34.702335,-38.260498,-37.71606,-34.34071,-26.913116,-42.71999,-41.869236,-40.57451,-46.98413,-47.475716,-50.645226,-42.70031,-46.806522,-54.59063,-55.60615,-53.942165,-55.08731,-57.92095,-56.635216,-56.8792,-56.17482,-54.40935,-57.481384,-58.85097,-58.907314,-59.23895,-58.182693
9664,False,-25.403107,-26.344946,-31.469036,-34.127968,-36.60755,-35.56788,-36.845768,-37.25377,-32.29338,-24.716557,-43.34927,-43.20688,-41.66727,-41.784477,-46.35575,-48.505707,-44.778763,-49.171642,-52.444687,-52.97722,-52.098747,-51.91986,-57.73742,-57.695904,-57.18756,-58.087162,-54.783268,-58.218826,-60.578274,-57.881203,-58.462578,-58.48768
9696,False,-27.162987,-26.589272,-33.561943,-36.32602,-33.08321,-39.641335,-39.64186,-36.801735,-34.589085,-27.650736,-42.47426,-39.960617,-41.737095,-47.84079,-50.285988,-48.517426,-46.170155,-50.361572,-51.261253,-52.935425,-57.90401,-55.57988,-57.15277,-57.300255,-58.070923,-58.144035,-56.867985,-58.010704,-61.10794,-58.600956,-57.61931,-58.98976
9728,False,-29.81307,-30.273647,-32.984768,-34.859554,-30.800535,-40.82328,-38.621716,-36.321194,-31.544296,-24.773418,-39.414345,-45.851955,-42.43873,-48.316463,-47.89045,-47.69819,-47.05168,-51.56665,-52.57887,-55.932945,-55.19133,-57.3146,-57.419743,-57.2734,-57.07088,-57.796883,-55.28286,-56.845592,-59.593864,-59.565853,-59.210762,-60.252678
9760,False,-28.748426,-29.18582,-33.42135,-37.14747,-36.580982,-40.81758,-37.37907,-35.25304,-31.040918,-23.281448,-38.18821,-43.508614,-41.11316,-41.022053,-45.96367,-50.02474,-44.865067,-50.15709,-54.401527,-54.957157,-55.306694,-56.5252,-58.20023,-56.74868,-57.985573,-57.73526,-55.62812,-58.56263,-59.464893,-58.874992,-60.422585,-60.79545
9792,False,-31.415682,-31.252079,-32.311054,-35.19434,-38.23564,-33.540062,-40.047817,-33.020283,-31.82098,-26.885817,-42.35037,-43.14895,-41.188942,-40.78736,-44.95521,-48.960518,-43.706657,-48.018574,-52.89848,-54.480854,-55.21617,-56.26796,-57.98645,-56.495934,-57.27043,-57.11698,-54.87869,-56.315403,-59.72633,-58.711792,-58.57241,-59.953247
9824,False,-25.91148,-26.532467,-32.96345,-31.965366,-31.673061,-32.52703,-36.058056,-35.625134,-33.164783,-26.791733,-41.203056,-41.86503,-43.4143,-38.429867,-44.60563,-49.612717,-45.793686,-47.798492,-51.275326,-53.90612,-58.824646,-55.536804,-55.4626,-57.105247,-58.366302,-57.153225,-56.277473,-58.322147,-60.107193,-58.73203,-57.92568,-59.27908
9856,False,-24.441647,-28.189219,-33.131233,-32.24405,-30.715408,-35.175842,-36.198395,-34.408398,-36.00638,-31.106462,-40.34471,-43.537933,-40.296635,-37.087505,-43.519283,-49.04534,-47.668213,-49.02329,-51.12256,-53.425976,-55.181942,-57.23049,-57.723526,-58.56056,-57.181107,-56.927605,-54.898865,-57.139797,-59.934772,-60.002823,-59.729134,-60.273815
9888,False,-25.199883,-29.663641,-38.511574,-29.84179,-26.780323,-28.930744,-29.456217,-24.488224,-28.401657,-26.741451,-29.708502,-28.165873,-26.051233,-28.699146,-29.562237,-27.238815,-31.57936,-35.676838,-38.026733,-43.85307,-42.35633,-43.9369,-42.55223,-49.227814,-52.949165,-52.633476,-50.852676,-54.448936,-50.177135,-51.91912,-54.89147,-56.564735
9920,False,-25.485031,-29.879654,-32.615494,-29.491415,-29.157896,-29.78286,-33.791924,-32.816605,-37.270016,-30.993631,-36.06292,-36.058643,-35.761322,-36.16446,-41.759396,-36.55051,-41.60459,-47.930943,-48.998585,-52.143597,-50.89084,-50.819283,-53.05049,-55.582184,-56.822777,-56.080074,-55.00248,-57.583427,-57.995934,-59.12845,-58.16692,-58.93566
9952,False,-25.5564,-27.560585,-31.483372,-32.48277,-32.120636,-33.86526,-35.508373,-37.465385,-38.58685,-36.128716,-41.669655,-40.47842,-39.13179,-37.932297,-43.99698,-43.64887,-46.596066,-49.23809,-51.973427,-53.25905,-53.747593,-54.608112,-55.561447,-56.689754,-55.226204,-56.560265,-54.574627,-58.567966,-60.7346,-59.846684,-58.98109,-59.797333
9984,False,-28.085125,-28.360836,-34.011414,-39.237682,-40.59706,-37.87108,-36.930065,-36.137016,-35.265312,-31.78731,-40.58956,-40.107193,-39.585327,-39.67901,-44.11946,-41.884285,-44.309006,-47.471443,-50.43594,-52.221733,-54.56202,-53.21943,-56.181053,-57.959015,-59.387146,-58.3474,-56.339996,-57.679474,-60.409966,-59.054737,-59.273605,-58.498806
