timestamp,faulty,band_0,band_1,band_2,band_3,band_4,band_5,band_6,band_7,band_8,band_9,band_10,band_11,band_12,band_13,band_14,band_15,band_16,band_17,band_18,band_19,band_20,band_21,band_22,band_23,band_24,band_25,band_26,band_27,band_28,band_29,band_30,band_31
0,True,-38.839603,-42.375328,-44.76889,-46.203022,-55.607025,-54.098038,-53.92639,-55.49509,-48.171597,-48.553677,-57.534172,-58.00968,-55.45959,-59.328503,-64.074005,-59.07764,-59.691906,-66.34485,-68.248825,-69.75827,-66.085014,-68.36236,-71.27385,-69.72249,-70.29885,-72.66565,-75.464035,-74.30809,-75.86648,-77.039154,-76.90216,-74.38842
32,True,-35.493217,-37.45714,-42.54924,-48.195576,-48.58742,-52.650646,-51.326275,-53.610603,-44.606583,-46.077164,-55.715748,-53.661377,-51.66489,-56.47262,-61.029816,-51.988834,-50.296494,-64.05608,-66.31591,-64.998344,-61.954327,-67.243546,-69.03021,-70.26203,-69.41798,-70.221344,-72.3625,-74.19917,-73.58216,-74.65081,-74.23273,-72.62765
64,True,-35.717926,-39.212185,-45.02874,-48.542343,-49.33908,-53.171272,-52.577866,-52.326622,-48.26061,-49.49122,-60.253983,-49.508537,-47.269493,-52.678528,-58.837082,-54.90847,-52.348553,-62.59831,-64.55179,-65.744316,-65.598816,-70.35781,-70.468735,-68.903244,-69.87489,-69.91189,-70.993416,-73.048706,-74.13236,-73.890625,-73.2248,-73.78755
96,True,-36.418976,-37.936398,-45.77874,-49.911682,-48.963474,-52.61877,-52.03175,-51.68072,-47.619778,-48.877357,-58.15466,-51.183983,-46.90293,-56.17563,-59.819714,-49.43251,-46.222214,-64.23543,-64.269264,-65.50711,-66.87382,-66.53411,-69.29903,-70.13454,-68.70954,-71.209145,-70.66394,-72.12388,-74.62478,-74.94859,-73.14106,-73.549225
128,True,-32.880684,-37.87811,-45.71958,-49.372726,-51.5029,-54.2209,-54.231117,-55.551468,-47.210125,-46.399937,-55.285004,-50.335754,-46.509647,-52.79693,-59.372616,-48.397736,-45.958138,-64.65022,-64.97807,-67.20086,-64.63316,-68.57753,-69.00849,-66.19855,-69.23568,-70.75013,-71.768845,-71.42785,-74.987045,-74.31877,-73.31091,-73.91234
160,True,-33.88517,-37.71482,-43.30423,-44.692528,-50.17769,-55.90445,-55.75216,-52.966248,-43.548985,-44.68602,-54.59833,-51.088566,-46.6563,-53.334373,-57.628826,-54.741917,-53.80757,-65.6118,-67.57767,-68.440186,-63.68296,-67.015854,-70.11142,-69.05345,-68.20325,-69.73031,-73.06952,-72.316895,-74.88896,-74.979614,-74.04492,-72.04667
192,True,-36.686028,-39.083664,-42.54766,-44.63581,-47.838318,-51.302467,-54.38059,-54.594734,-49.573235,-51.147896,-52.014824,-47.342987,-45.245537,-53.34698,-56.61495,-50.214897,-48.03395,-61.322792,-66.5645,-66.74692,-64.07431,-65.115776,-69.04783,-69.29893,-70.08813,-70.871475,-72.56669,-75.117455,-73.73465,-74.39192,-74.29874,-73.76428
224,True,-37.333763,-39.706615,-43.52958,-45.608803,-49.64791,-52.811913,-55.175774,-55.994167,-44.667877,-46.07281,-55.00457,-48.51493,-44.750023,-53.76366,-55.449455,-54.070114,-51.47117,-61.264336,-64.41267,-63.022316,-63.541527,-67.66803,-68.58626,-67.76713,-69.10101,-69.78267,-71.802086,-72.16252,-73.77969,-73.87092,-72.88146,-71.51073
256,True,-37.412945,-37.658012,-45.04989,-45.33802,-48.132004,-53.78445,-53.16843,-54.489513,-48.008766,-48.771015,-54.378395,-47.68586,-43.33274,-52.26706,-55.175255,-49.886303,-47.004295,-64.102844,-63.676613,-64.09497,-63.83024,-67.358864,-67.91772,-68.8271,-69.90266,-69.59767,-70.83774,-73.21862,-74.947975,-74.087616,-73.305305,-73.0178
288,True,-35.5717,-38.792755,-45.956978,-47.346302,-48.214302,-55.036667,-50.267826,-48.24764,-52.426643,-51.861237,-50.586884,-47.133377,-44.17227,-51.75466,-52.437225,-50.041496,-47.182735,-63.46014,-62.47235,-63.854805,-64.64208,-66.60384,-67.12219,-67.845764,-69.201324,-71.90987,-73.465256,-73.41785,-74.48173,-75.330635,-75.13666,-72.72482
320,True,-38.316902,-41.867622,-45.905155,-46.913048,-48.71418,-51.605423,-49.8855,-50.703056,-48.672165,-48.185783,-54.67624,-49.122246,-45.76694,-47.743526,-51.71457,-55.801678,-52.00716,-61.012405,-65.30429,-64.718445,-64.33628,-66.24321,-68.48809,-68.994896,-69.12662,-69.04114,-71.38377,-72.56265,-72.83469,-73.95234,-72.26019,-72.47594
352,True,-38.00552,-42.112103,-44.69221,-49.243156,-50.48096,-55.556442,-52.93136,-50.499035,-49.602448,-51.104675,-55.511925,-50.608097,-46.430664,-49.827,-55.49,-52.10219,-49.89212,-63.310055,-68.111374,-66.75599,-66.126205,-67.8072,-68.848145,-66.90266,-68.81028,-71.18939,-72.04742,-73.69555,-73.584816,-72.98294,-72.87401,-72.87581
384,True,-37.640045,-38.965675,-44.650063,-45.89281,-48.909515,-53.920074,-51.974716,-50.693497,-45.496067,-46.173435,-51.21861,-50.31289,-44.82576,-49.33392,-53.551476,-54.22813,-53.147892,-61.06382,-64.99643,-64.58022,-65.426285,-68.00081,-69.502365,-68.308914,-69.91706,-72.11434,-72.35502,-72.22101,-73.82081,-74.9257,-74.65984,-73.81288
416,True,-33.359825,-40.169205,-44.026787,-47.03205,-47.87858,-52.58735,-52.60897,-51.351517,-46.56061,-47.64383,-53.473526,-50.708954,-44.577156,-51.512993,-60.586327,-49.940914,-47.071518,-64.714066,-66.48726,-67.5871,-65.35709,-66.91174,-68.97482,-67.862076,-67.73163,-71.902794,-72.379814,-71.29081,-73.688545,-75.03032,-74.45903,-72.950775
448,True,-36.5053,-38.487164,-47.610092,-47.42853,-47.985558,-53.900112,-53.71422,-55.083054,-46.891663,-48.334846,-53.97356,-49.635834,-45.833275,-49.682854,-56.649628,-49.867813,-46.99366,-60.3735,-63.514065,-63.89584,-63.213272,-66.522705,-67.68079,-66.09097,-67.55654,-70.56004,-72.27218,-72.41943,-72.7726,-72.84345,-72.42639,-72.53633
480,True,-33.082542,-37.598186,-46.431065,-49.235207,-50.865776,-50.114388,-49.937366,-48.84934,-49.408257,-49.023685,-54.99917,-47.92048,-49.074287,-50.646557,-56.635674,-47.089687,-44.271515,-61.602585,-61.457,-63.209362,-65.20564,-68.638214,-66.67161,-68.51213,-68.66977,-68.62703,-70.35066,-72.366745,-72.50656,-72.515366,-72.53241,-72.68019
512,True,-37.761368,-37.796993,-42.703724,-47.446815,-53.324112,-54.36782,-57.094723,-54.584232,-45.956654,-46.740128,-56.37734,-53.015854,-49.223347,-50.959682,-57.916,-52.01129,-50.660435,-64.2951,-66.22822,-65.89868,-64.348816,-67.282745,-67.237686,-68.579285,-68.06676,-69.09623,-71.16592,-71.88994,-73.41494,-72.60674,-71.75451,-72.73864
544,True,-35.909798,-38.429283,-49.679024,-50.440903,-44.71165,-53.673378,-54.35127,-49.62214,-45.531807,-47.76417,-57.21062,-53.2505,-50.307423,-53.820335,-57.116142,-50.418247,-48.10583,-65.88467,-65.35024,-64.32512,-65.7569,-68.507095,-70.47022,-69.549995,-69.72528,-71.489975,-70.03173,-72.02176,-73.82804,-74.62503,-73.83305,-73.16331
576,True,-39.060585,-43.339878,-45.49561,-46.779156,-45.52569,-53.917995,-55.538822,-53.93497,-48.653496,-49.88579,-60.046898,-53.129684,-49.849236,-54.750256,-58.926247,-49.614326,-47.908436,-64.960976,-63.530125,-64.94457,-64.66768,-65.686226,-68.48951,-68.00785,-67.622314,-70.32993,-70.67733,-71.735985,-73.80067,-75.22604,-73.242,-72.976616
608,True,-33.42366,-33.72705,-44.736477,-47.43126,-50.908794,-53.186623,-49.90978,-52.162838,-45.179756,-47.06627,-53.32309,-50.661552,-48.47518,-54.08562,-59.992516,-53.734352,-51.732746,-61.923405,-66.362015,-65.21563,-62.04802,-66.05445,-70.76022,-69.27792,-69.44447,-70.89127,-69.382034,-70.666046,-73.85676,-74.55804,-73.89584,-73.847534
640,True,-39.92873,-41.44737,-44.77262,-46.3619,-50.433712,-57.204853,-52.528366,-50.88352,-49.712112,-51.48876,-53.812847,-50.70004,-47.821213,-57.07726,-57.86345,-49.091,-46.880795,-62.35042,-63.154686,-64.57236,-62.178032,-68.335815,-70.0388,-68.72832,-67.00537,-69.54138,-71.31384,-72.43941,-74.003456,-75.97507,-73.58427,-72.74833
672,True,-32.921127,-37.174477,-43.897324,-45.46364,-49.900536,-55.00217,-53.927887,-53.748096,-48.98289,-51.349712,-54.56558,-50.688774,-47.689224,-54.67782,-60.072685,-51.76728,-48.93929,-64.11142,-66.93479,-64.601364,-64.70652,-67.7761,-68.992,-67.54204,-69.025215,-71.30952,-72.643,-72.66736,-74.31118,-73.37051,-73.37787,-72.17055
704,True,-34.16731,-39.75264,-43.200455,-44.344772,-48.40198,-55.302757,-52.20102,-51.22005,-49.03011,-50.1207,-55.54266,-51.08839,-47.037548,-55.934467,-57.462696,-54.49299,-51.000053,-64.674904,-65.74254,-64.853516,-62.739834,-65.176994,-68.64983,-69.47232,-70.199356,-69.98616,-70.91065,-73.66396,-73.433556,-73.27148,-73.66531,-72.51257
736,True,-32.262608,-35.24704,-47.89963,-47.979084,-45.32667,-52.760826,-50.754463,-50.180313,-50.52608,-52.09429,-56.494354,-51.1459,-46.726303,-55.596626,-58.609062,-50.19919,-47.689037,-61.152542,-63.524986,-66.33162,-62.43307,-66.23465,-69.09277,-68.374405,-70.50925,-70.75995,-72.33423,-72.08708,-73.47205,-73.29926,-73.8764,-71.33705
768,True,-38.023407,-38.08755,-41.40341,-44.057304,-45.60911,-52.691387,-56.037514,-54.59214,-46.059246,-47.365627,-55.70974,-50.853836,-46.89163,-57.494713,-62.267586,-58.786407,-57.10108,-61.695877,-64.764534,-64.44968,-61.671314,-66.67905,-69.62224,-67.89861,-69.04438,-71.773224,-71.821106,-71.269104,-73.95986,-72.92084,-72.95516,-73.0005
800,True,-35.09268,-36.397987,-42.597878,-45.91722,-47.406975,-52.903297,-55.008934,-55.9589,-49.608437,-51.273117,-55.14125,-50.976753,-46.979057,-56.572323,-60.484165,-54.54358,-52.61374,-63.255653,-64.6993,-64.67588,-61.74035,-66.12778,-69.020256,-67.44844,-69.54762,-70.14783,-70.01753,-72.26477,-72.52138,-73.6913,-72.7868,-71.927605
832,True,-31.486586,-38.67908,-44.93378,-45.51406,-45.86876,-54.702187,-53.456665,-54.069916,-46.786316,-49.860077,-54.298042,-49.003468,-44.80867,-54.260902,-60.09314,-51.32803,-48.740677,-60.121048,-62.046455,-61.23983,-63.076614,-66.99939,-68.001816,-68.35303,-67.35243,-70.68238,-73.04404,-73.216156,-74.648224,-73.59424,-73.42803,-73.18874
864,True,-36.776546,-34.810844,-40.513657,-45.799522,-48.25242,-56.191105,-57.197575,-55.902744,-52.591766,-52.291374,-57.80396,-49.959988,-45.191856,-58.151264,-62.390846,-48.236298,-45.682888,-58.653816,-62.618828,-63.81828,-64.01758,-68.152336,-70.15357,-67.129875,-67.612976,-68.91978,-70.57806,-70.82528,-73.324265,-74.543755,-74.013306,-73.17701
896,True,-33.473392,-36.695255,-43.822205,-48.500214,-45.00794,-53.664913,-53.786873,-53.828957,-45.724297,-46.159393,-53.24329,-50.80413,-46.33893,-50.930634,-58.30906,-53.288483,-51.57938,-62.106075,-64.154106,-64.29491,-64.88647,-67.607574,-70.11924,-71.216675,-69.150536,-70.40734,-71.87811,-72.90097,-73.32884,-72.64389,-74.56943,-73.70577
928,True,-37.240345,-38.567932,-42.034264,-47.82348,-50.80408,-53.45447,-52.457336,-53.805267,-47.617737,-48.45468,-56.58863,-50.72435,-47.655342,-52.528835,-57.125916,-51.812954,-49.11444,-61.830353,-64.63457,-63.57328,-64.21424,-68.62139,-71.13419,-70.43733,-70.21653,-70.76423,-71.15825,-72.3382,-73.31516,-73.387344,-73.11226,-71.03708
960,True,-35.687786,-37.097145,-42.08826,-44.589027,-49.525887,-56.020523,-57.985306,-55.493324,-50.476437,-51.2779,-51.101334,-47.88496,-45.561634,-52.146255,-54.6706,-50.526962,-48.62263,-63.01509,-65.425125,-64.64898,-64.30951,-67.721344,-69.19412,-67.882996,-68.30777,-70.77049,-71.57329,-71.96221,-73.65317,-75.151085,-74.038635,-72.91001
992,True,-35.94853,-39.004448,-44.684265,-46.40259,-48.78842,-56.23573,-54.198624,-50.71903,-47.98639,-46.630627,-49.512077,-48.58173,-49.09292,-52.373714,-57.16372,-52.56283,-50.358025,-61.299244,-63.919754,-64.67055,-63.260757,-69.331,-68.617744,-66.600655,-68.51283,-69.13899,-69.86739,-72.217514,-72.73848,-73.94045,-73.03952,-72.36757
1024,True,-39.868916,-36.73943,-43.15811,-51.382107,-55.071877,-54.02563,-54.22325,-52.3361,-50.490143,-47.34487,-54.271957,-51.880955,-48.57303,-48.499485,-47.734154,-48.163292,-45.60467,-63.39543,-62.665176,-64.57993,-62.61261,-68.31036,-70.50507,-67.68846,-68.0009,-71.13823,-70.18926,-72.022644,-71.76301,-72.410355,-73.63902,-73.57359
1056,True,-36.228535,-35.862595,-44.72994,-46.705444,-46.949265,-59.386257,-53.01502,-51.715027,-46.57012,-46.5991,-49.77484,-49.4365,-47.927856,-48.613922,-48.840336,-50.685886,-47.16452,-64.94707,-63.66875,-65.52025,-64.28015,-67.23692,-69.41377,-68.13447,-67.1975,-69.534836,-71.848366,-73.52965,-72.77257,-74.235115,-71.83082,-70.91597
1088,True,-33.722885,-34.877472,-46.386887,-42.940617,-44.612522,-51.775238,-53.27738,-49.30413,-48.889,-47.805656,-53.951183,-55.07113,-50.7736,-44.40275,-53.402214,-52.902687,-50.123295,-62.233925,-65.849335,-65.878784,-67.34999,-69.22963,-68.94082,-67.591255,-70.450485,-70.43281,-69.97082,-72.15547,-72.47459,-72.31557,-72.58354,-71.98197
1120,True,-33.597157,-35.859913,-43.774734,-47.90824,-45.883797,-50.517693,-53.781998,-53.797386,-44.929306,-44.10808,-53.325127,-51.60639,-47.271637,-49.33818,-55.769768,-53.149296,-51.547035,-62.877914,-64.11689,-64.8665,-63.467827,-68.68995,-67.231705,-68.593994,-70.42713,-70.57801,-71.04228,-71.874695,-73.21611,-65.53376,-70.94323,-72.71965
1152,True,-34.475716,-36.022697,-44.487816,-46.409855,-46.49003,-52.409187,-54.70791,-51.942005,-44.61514,-44.40199,-58.91247,-53.168293,-48.15693,-49.511436,-55.70842,-54.039413,-50.97435,-61.59042,-63.484352,-63.47062,-64.72591,-69.19891,-68.934425,-66.42762,-68.72441,-69.8018,-71.76437,-71.19363,-73.116905,-65.21997,-69.582535,-72.57814
1184,True,-37.806076,-38.555435,-46.410896,-47.676273,-53.414192,-54.937996,-53.22737,-53.720825,-47.227764,-48.389393,-56.97103,-48.7118,-48.299557,-50.590473,-60.004505,-54.369835,-51.173134,-62.847385,-65.38569,-64.79256,-62.79048,-66.50496,-68.24428,-69.25462,-68.10724,-71.00812,-71.313995,-73.224014,-73.80752,-61.02504,-67.27434,-71.984116
1216,True,-38.073185,-39.006596,-47.74707,-49.84494,-50.48961,-53.2574,-50.482796,-50.361153,-45.521698,-46.48198,-54.97272,-53.06305,-48.396935,-49.71351,-58.05233,-49.070847,-46.251022,-64.23784,-63.357178,-63.07998,-64.11151,-66.53925,-70.30559,-69.15092,-69.10997,-70.26438,-72.42466,-73.31244,-75.060936,-68.97018,-71.47789,-71.84913
1248,True,-37.61333,-40.16859,-44.194126,-46.69971,-48.828854,-51.9101,-52.00436,-54.57407,-50.644432,-50.38479,-56.585815,-52.267994,-48.21261,-50.99537,-58.06843,-50.25624,-48.051155,-63.876785,-64.60184,-66.259056,-63.89967,-65.56499,-67.91305,-68.65889,-68.137474,-70.550934,-73.078865,-72.1741,-72.84547,-71.55765,-72.38349,-73.6105
1280,True,-33.666557,-39.31522,-46.563564,-48.04392,-46.05609,-55.006733,-55.976425,-51.921013,-42.65015,-43.346783,-56.823498,-50.596127,-46.579456,-54.003227,-56.15604,-51.516068,-48.590923,-62.375393,-62.919254,-63.39749,-64.11294,-67.22548,-66.67259,-65.91899,-65.37436,-66.98055,-67.07368,-68.11199,-69.63147,-70.453064,-70.70177,-71.25861
1312,True,-38.343395,-39.21811,-45.002903,-47.504635,-50.049572,-53.42283,-56.242996,-56.979385,-46.856388,-48.89096,-56.059082,-48.361126,-43.836952,-51.793045,-56.521378,-49.502163,-47.066566,-66.180466,-63.77489,-64.068115,-64.03731,-65.10256,-68.05844,-68.252594,-68.17554,-69.41689,-70.5651,-71.340515,-72.97358,-72.21961,-73.040405,-73.43696
1344,True,-33.589893,-40.43352,-44.415035,-44.687687,-47.391243,-52.313747,-51.827866,-51.27621,-45.9629,-47.2107,-56.375526,-48.842358,-44.471153,-54.18898,-58.113384,-53.977436,-51.939465,-65.925934,-64.09355,-62.9918,-66.24998,-67.493355,-68.81231,-68.25066,-69.16867,-70.144455,-69.45346,-71.97922,-73.464134,-73.51389,-73.56816,-72.51787
1376,True,-35.189903,-38.492397,-43.936325,-47.288647,-47.15603,-51.11576,-55.23077,-53.76397,-48.195107,-49.51071,-56.371666,-50.012722,-45.731907,-57.923508,-61.612934,-50.18272,-47.19679,-64.6948,-66.034195,-67.31259,-65.32493,-66.30432,-67.53989,-66.25873,-69.18093,-70.462814,-72.820114,-72.74852,-72.54487,-71.65941,-73.7957,-72.92943
1408,True,-36.300014,-38.023342,-41.25002,-44.713203,-44.817177,-54.374107,-55.081882,-55.030144,-53.02352,-51.895565,-55.6646,-49.167866,-44.270023,-55.89451,-59.794735,-51.339474,-48.240402,-60.20534,-63.005203,-66.11541,-62.223934,-66.39666,-67.726,-66.83196,-68.94004,-70.41506,-71.6742,-72.04295,-73.43414,-74.18654,-73.89202,-72.64546
1440,True,-36.824432,-40.817696,-47.208786,-44.543343,-46.549686,-58.46153,-53.99437,-52.360237,-47.792847,-48.858093,-55.282257,-49.26218,-44.75454,-52.683113,-58.5516,-55.163937,-52.324696,-65.38478,-64.700195,-65.13924,-68.430885,-67.730804,-70.345474,-67.23344,-69.11128,-70.27367,-72.03288,-72.87839,-73.44037,-72.967094,-73.49067,-73.96115
1472,True,-37.86675,-41.026825,-42.4378,-46.986847,-49.01177,-52.946037,-55.777946,-50.141457,-49.1371,-53.192955,-59.25951,-49.859966,-45.66271,-52.498184,-57.942413,-53.223763,-51.052063,-63.352608,-63.087555,-64.10119,-64.19669,-66.79879,-67.35314,-68.3156,-68.0906,-70.35909,-72.71796,-73.16024,-72.8683,-72.78417,-70.99736,-71.392
1504,True,-40.91716,-43.770332,-44.95975,-48.935703,-49.12708,-55.74513,-57.769142,-54.559258,-42.931313,-44.946846,-61.468945,-52.500187,-47.164516,-54.17206,-59.58886,-57.023743,-56.159103,-62.3907,-63.241547,-65.46433,-67.06153,-70.46011,-70.11163,-67.76365,-68.69084,-69.757706,-70.64572,-72.272064,-72.072174,-74.312454,-73.63578,-72.236565
1536,True,-39.376957,-38.828396,-46.61328,-47.2122,-45.86326,-51.207085,-54.13509,-52.02485,-43.74243,-45.63028,-55.446144,-54.220345,-50.37928,-55.305458,-58.465065,-51.24848,-48.2375,-64.71534,-65.08686,-64.89067,-63.860878,-66.948685,-69.32654,-68.122345,-69.841774,-70.15382,-71.93012,-71.82898,-72.36601,-74.523224,-73.35992,-72.205894
1568,True,-40.50019,-42.503056,-45.122753,-47.78911,-47.43706,-52.59752,-52.43431,-50.808987,-48.53787,-49.291744,-60.406727,-51.301155,-48.64245,-57.149258,-61.804943,-51.59435,-48.517498,-62.43808,-65.24742,-64.899605,-63.876644,-66.61801,-68.64613,-68.65943,-71.26347,-69.31365,-71.06496,-71.7349,-73.4077,-74.78535,-73.510544,-71.86568
1600,True,-36.084442,-37.86984,-48.279057,-48.694977,-49.32535,-53.00425,-54.800278,-54.935528,-47.901543,-49.782787,-57.983887,-52.957565,-51.249023,-56.85051,-58.83209,-48.18592,-45.153664,-62.670013,-64.43636,-64.678825,-61.992813,-65.06818,-68.26372,-68.93346,-69.78072,-68.54448,-70.13277,-72.57024,-73.509895,-73.10312,-73.221275,-72.20536
1632,True,-32.625668,-36.80067,-48.234005,-47.65083,-45.539482,-52.53888,-52.770153,-53.200974,-48.06035,-47.49054,-54.76235,-52.77392,-49.224075,-56.26365,-60.20259,-51.93297,-50.51551,-62.36854,-63.03915,-63.84596,-63.85412,-66.65609,-68.74053,-70.08537,-68.3465,-68.31986,-72.4574,-73.27163,-73.476105,-73.539894,-72.127365,-71.73608
1664,True,-33.624874,-37.260212,-44.06443,-46.85505,-51.345158,-57.83143,-55.169483,-57.221947,-45.6876,-46.75229,-57.046658,-53.414326,-47.728497,-51.402634,-57.457497,-52.294422,-50.112957,-63.8739,-63.114628,-63.810658,-63.3839,-66.54997,-68.65938,-69.312515,-72.72137,-70.781105,-72.405266,-72.870575,-73.25221,-73.74875,-72.21618,-72.05704
1696,True,-34.43612,-37.790493,-44.294666,-46.61988,-46.253456,-53.26848,-51.828316,-56.379936,-49.788567,-53.057842,-55.22342,-53.014763,-50.748005,-53.842503,-55.972015,-50.10398,-48.42244,-63.439964,-67.79435,-65.53046,-60.15686,-65.57074,-68.40676,-68.44003,-68.51907,-70.64019,-71.41498,-71.96967,-73.84633,-75.822174,-72.31409,-72.19728
1728,True,-39.332348,-38.0484,-46.293808,-44.34093,-47.353764,-56.269936,-54.599693,-52.61787,-44.712494,-46.385975,-51.479706,-51.01034,-48.43515,-53.723907,-58.10864,-52.915688,-52.536358,-63.596478,-63.26176,-62.748753,-63.14962,-67.647156,-68.4509,-69.44115,-69.56247,-71.16116,-72.39276,-73.67557,-73.390686,-72.75798,-71.962845,-70.60836
1760,True,-35.94406,-38.029827,-46.632618,-47.69494,-46.715427,-55.34037,-53.173656,-52.6509,-48.57456,-49.32908,-57.01218,-50.694458,-47.20607,-54.562378,-57.576515,-50.004425,-47.60426,-66.14722,-64.88483,-65.25155,-63.954563,-67.08226,-69.34049,-68.221466,-70.54917,-70.51309,-71.04186,-71.25359,-72.79498,-73.53522,-73.915016,-72.8291
1792,True,-36.044044,-39.802174,-42.479424,-48.170948,-47.88054,-58.276756,-51.78642,-52.076424,-47.913136,-48.990234,-56.500214,-50.709534,-45.500595,-56.206776,-59.211372,-51.423244,-49.147034,-61.517902,-64.69817,-64.31474,-62.90514,-65.692665,-66.81067,-68.11828,-68.37756,-69.95313,-70.83357,-72.446526,-74.03645,-73.40114,-72.27012,-72.22829
1824,True,-36.483017,-39.581528,-44.28012,-48.589516,-49.024426,-55.90818,-53.535652,-55.184326,-49.991497,-49.891895,-57.88475,-51.345745,-47.26873,-53.166855,-57.26151,-52.58834,-49.62256,-64.56348,-66.2886,-63.627224,-62.911987,-67.00251,-68.88198,-68.75479,-67.20185,-69.68104,-71.67622,-73.08719,-73.6579,-73.97635,-73.06649,-71.92854
1856,True,-38.81644,-37.37313,-40.141075,-42.591038,-51.8137,-54.823242,-52.159317,-53.11837,-48.83555,-51.065857,-56.492645,-50.976036,-45.950943,-53.467007,-60.196323,-51.0532,-48.90621,-61.12703,-62.510723,-64.047386,-65.31505,-66.15888,-67.88641,-69.16326,-68.92587,-70.08197,-70.67301,-71.43002,-73.90991,-74.49917,-73.854614,-72.95836
1888,True,-38.26941,-40.5001,-44.499912,-45.614647,-48.3935,-55.2989,-53.00192,-52.286858,-44.86364,-46.201763,-57.682114,-50.464294,-45.669613,-52.7602,-58.066093,-58.992653,-57.085693,-66.311066,-65.949036,-64.66647,-61.960503,-67.29822,-68.69744,-68.913925,-69.70952,-71.30081,-72.79347,-72.57862,-73.72258,-73.96654,-74.35368,-73.40359
1920,True,-36.024773,-40.962887,-44.497993,-45.647896,-51.02533,-56.050827,-62.366062,-56.38904,-46.11487,-48.134502,-55.438953,-49.34544,-45.776768,-55.984604,-60.04551,-54.399307,-52.904243,-62.77967,-65.60655,-63.47301,-61.11874,-67.19747,-67.998695,-67.12498,-70.58333,-71.65904,-72.99106,-73.98343,-72.55687,-73.32415,-73.15509,-71.88561
1952,True,-38.242245,-41.19778,-43.977142,-46.076183,-47.589806,-54.77968,-56.0988,-56.234947,-47.619904,-49.14289,-55.14902,-50.598026,-46.364227,-54.431503,-60.975338,-52.499,-50.065926,-62.745193,-65.142365,-66.68578,-64.11764,-67.4344,-67.78505,-68.31285,-67.65885,-69.92287,-71.72838,-73.60525,-73.152466,-75.258804,-73.05703,-71.88009
1984,True,-34.774517,-37.324223,-43.27189,-48.76165,-47.874756,-53.400883,-52.888252,-53.646065,-50.51496,-50.618824,-51.813187,-51.176773,-46.84632,-56.972626,-60.349144,-49.392677,-46.82544,-65.281815,-66.73684,-64.05323,-63.430008,-68.86804,-69.47652,-67.741585,-69.76825,-69.95148,-72.26567,-73.77023,-74.46989,-74.00253,-72.529854,-71.77403
2016,True,-37.76216,-36.62841,-41.662323,-45.860596,-52.383865,-56.642006,-54.880623,-53.163757,-44.43201,-45.95562,-57.65169,-54.170692,-49.789234,-59.929146,-59.28545,-53.39909,-52.353226,-61.41247,-65.9125,-65.833336,-64.17447,-70.574,-69.682556,-69.89073,-68.83905,-69.63655,-71.2027,-71.050156,-72.69196,-74.257164,-71.03381,-71.70296
2048,True,-33.740105,-36.67569,-45.058636,-45.839508,-47.4641,-52.14975,-55.93602,-55.32303,-45.42841,-46.89081,-55.769783,-51.924667,-48.403717,-55.41696,-58.364986,-51.714287,-48.84967,-63.527966,-64.09026,-66.97301,-63.718258,-68.545166,-66.72181,-67.059235,-66.70984,-69.482185,-72.11339,-72.25587,-73.31727,-73.90634,-73.41429,-71.00222
2080,True,-36.77543,-36.549423,-45.20971,-46.75557,-47.97747,-56.073437,-53.29689,-50.93154,-45.918564,-48.270973,-56.53845,-52.312447,-48.13255,-56.552235,-60.219723,-51.09053,-49.394722,-60.586666,-64.709946,-67.02293,-64.875626,-67.21326,-68.23242,-66.04241,-68.16293,-69.31078,-71.78508,-71.51196,-73.40529,-73.45964,-73.63943,-71.298355
2112,True,-39.09662,-39.860798,-44.811493,-48.867203,-54.118378,-56.855667,-52.646656,-49.072968,-44.444138,-45.44303,-59.181145,-53.153324,-48.95432,-54.724674,-58.760445,-53.35765,-50.87037,-62.783466,-62.410236,-64.84667,-64.782425,-66.19658,-68.263535,-68.538574,-69.38121,-70.15963,-72.35861,-73.99578,-73.80789,-74.25119,-72.11925,-72.70262
2144,True,-36.923454,-36.205555,-46.301735,-48.911823,-48.322296,-51.572586,-56.149193,-55.356827,-50.261055,-49.51414,-53.64664,-52.211758,-49.67061,-55.705982,-62.076534,-49.03126,-46.50161,-66.38258,-65.02682,-64.177795,-64.07767,-68.64595,-68.31231,-68.46826,-69.95554,-70.57903,-72.262054,-73.57869,-74.96106,-73.52794,-73.25766,-71.64718
2176,True,-34.55668,-36.97604,-47.3988,-49.4914,-53.524025,-53.690533,-56.336205,-55.609505,-47.850285,-48.714733,-56.81232,-51.418148,-49.562714,-56.929836,-58.882862,-52.986717,-49.64443,-64.45206,-64.52517,-65.804886,-64.16945,-67.64855,-68.50384,-68.1497,-68.59275,-71.33431,-71.77042,-71.9234,-72.28528,-71.72887,-72.929245,-72.859505
2208,True,-35.188976,-40.490425,-44.693645,-45.61186,-49.755188,-52.381226,-54.923927,-56.78415,-51.25773,-50.205963,-54.82245,-51.756016,-50.042496,-59.46025,-63.512226,-52.35324,-48.83608,-63.15741,-67.016235,-66.18536,-64.31466,-70.674484,-68.23792,-67.36108,-68.206314,-69.47405,-71.750885,-72.68466,-73.68631,-72.54581,-72.409225,-72.492134
2240,True,-32.933704,-36.849316,-45.838615,-46.13159,-47.68055,-55.199745,-55.518845,-54.61807,-48.323967,-50.228863,-59.562572,-54.380554,-50.298344,-58.10999,-62.677055,-54.083702,-50.84327,-62.527206,-68.63278,-64.80414,-65.08098,-66.579605,-67.52143,-68.67685,-69.856964,-70.09633,-69.988754,-69.16388,-72.75421,-74.0033,-71.993195,-71.72227
2272,True,-35.60769,-37.203682,-44.26873,-44.67413,-46.19232,-52.118973,-55.44384,-52.464966,-44.774326,-45.783203,-55.95499,-50.30316,-46.886536,-57.602722,-60.20591,-54.074287,-51.23053,-62.535053,-65.429794,-65.81563,-65.13443,-68.26665,-69.20382,-67.34523,-68.335266,-71.06774,-72.15033,-71.203545,-72.72261,-71.95294,-73.32297,-72.59639
2304,True,-34.13567,-36.333412,-45.50035,-49.11802,-50.657787,-54.446617,-53.771545,-53.773674,-47.370323,-49.6731,-56.709106,-52.647213,-49.795895,-55.307003,-55.43514,-53.611855,-50.765648,-62.693707,-63.122974,-65.188896,-62.534527,-65.26492,-67.6769,-66.972305,-69.011696,-68.94999,-69.71331,-70.62193,-72.66469,-73.67779,-74.41169,-73.60131
2336,True,-33.043533,-36.53144,-43.48832,-46.4509,-46.776413,-54.0364,-54.121204,-55.03688,-45.861244,-47.49412,-52.005447,-50.164047,-47.352005,-56.172527,-59.867077,-49.61625,-46.79529,-60.283302,-62.21176,-62.776527,-64.32413,-67.80844,-67.42568,-68.271286,-69.688965,-69.68419,-70.37496,-72.15454,-72.73616,-74.30663,-73.58273,-72.953865
2368,True,-35.471184,-40.40144,-43.95153,-43.56072,-46.744057,-52.47226,-58.755363,-54.94097,-49.942963,-50.09305,-53.821888,-51.08416,-47.9786,-53.66178,-60.205025,-51.111607,-48.310707,-62.51099,-62.83203,-63.79372,-63.722057,-69.944565,-69.3158,-68.37019,-69.30105,-71.49538,-73.108025,-73.808235,-73.75386,-74.37276,-74.26218,-72.35475
2400,True,-38.787956,-39.976967,-44.654274,-46.415096,-49.847435,-55.876587,-56.111977,-55.846973,-42.87428,-43.594635,-56.737255,-51.92772,-46.656834,-57.75743,-58.038742,-53.020134,-51.732567,-65.28888,-68.22741,-67.304306,-63.296234,-66.811035,-68.01344,-68.93391,-70.24522,-71.125145,-72.34275,-74.611115,-73.07502,-76.43672,-74.635574,-74.27133
2432,True,-34.885983,-38.809772,-43.375607,-43.32074,-44.966602,-53.848328,-55.221306,-54.749737,-47.99991,-47.69272,-55.98309,-50.055298,-45.827057,-54.72895,-59.139183,-51.22183,-48.500572,-62.932323,-67.39546,-65.91506,-62.9729,-67.337006,-69.26929,-69.333336,-68.38256,-71.1577,-71.958694,-73.08728,-74.38538,-74.91387,-74.34961,-72.756744
2464,True,-36.100796,-41.119152,-42.451153,-48.75896,-50.944878,-52.982044,-52.7703,-52.31438,-45.52784,-46.522476,-56.78364,-49.288338,-45.81719,-59.72668,-57.359985,-52.547268,-51.248207,-64.28592,-63.958572,-66.047554,-68.11036,-69.648994,-70.08115,-68.50223,-67.50459,-69.93231,-71.03199,-72.71844,-73.27336,-73.7328,-73.726456,-73.00424
2496,True,-33.553738,-37.477947,-45.67199,-45.637623,-51.146473,-55.46569,-52.59297,-52.926464,-46.575054,-44.999123,-56.187202,-51.542664,-46.491737,-55.187206,-60.08743,-50.911213,-48.145004,-63.265503,-65.88774,-67.0049,-65.66768,-67.15611,-71.00516,-68.584915,-68.958755,-70.74447,-71.85904,-73.508575,-76.0601,-74.52577,-74.700455,-74.88006
2528,True,-34.00881,-36.19912,-45.324055,-48.07132,-47.988075,-52.624096,-51.62803,-57.546936,-50.581245,-47.160202,-58.034004,-50.06034,-45.173588,-60.032078,-59.285454,-49.760746,-47.54202,-64.06732,-66.58547,-65.69249,-65.56826,-68.32239,-70.47313,-68.566475,-70.0408,-71.8598,-73.7242,-73.94477,-74.18852,-73.93375,-75.67367,-73.67227
2560,True,-36.463158,-36.084534,-41.64222,-48.310837,-51.6925,-52.739105,-53.00005,-56.190487,-48.519775,-49.368454,-61.28012,-52.104034,-46.757805,-52.658466,-59.549137,-55.653416,-52.290226,-60.434147,-65.22467,-66.43977,-64.30571,-66.54586,-70.39875,-71.65053,-70.2883,-71.43312,-72.22174,-72.00623,-75.69478,-73.884346,-73.94196,-72.41353
2592,True,-33.943542,-38.985703,-42.26924,-47.747765,-50.213432,-55.78142,-52.79071,-54.047928,-51.65629,-50.680576,-55.747753,-51.889633,-48.50687,-58.62703,-62.06929,-51.40213,-49.2089,-62.763542,-65.31473,-67.375725,-61.181904,-67.816666,-70.454666,-67.87589,-67.625015,-69.88777,-72.38435,-72.92876,-74.809875,-73.08753,-73.76128,-72.107056
2624,True,-37.88014,-43.368332,-42.72286,-45.68856,-49.71115,-56.220783,-52.461708,-51.940407,-46.19906,-46.858368,-55.60171,-53.296494,-49.132812,-57.24644,-59.01266,-56.087715,-54.34847,-61.512012,-65.55772,-65.36229,-64.69075,-66.483925,-67.779366,-68.76387,-68.52571,-70.161255,-71.36568,-72.92558,-74.54053,-75.446075,-73.47856,-72.82999
2656,True,-39.4146,-38.96954,-43.95527,-49.15123,-48.822792,-52.96897,-55.06735,-53.100235,-46.36335,-46.441635,-57.477036,-51.48503,-47.701866,-59.54049,-61.192547,-52.114796,-49.08397,-63.39787,-64.55003,-64.334946,-61.10843,-67.29421,-70.79961,-68.634926,-70.529755,-71.00455,-70.39009,-71.60599,-74.66927,-74.542465,-73.54426,-73.47119
2688,True,-35.83879,-39.963722,-45.25035,-44.56335,-48.59526,-55.350857,-52.321304,-56.415867,-47.212276,-48.467606,-56.302853,-54.35824,-50.52224,-58.13034,-59.89601,-52.248795,-49.516838,-63.652626,-63.55949,-63.82471,-62.059105,-66.64311,-68.71754,-65.90957,-69.70018,-70.4981,-71.48072,-73.01664,-72.59496,-74.76114,-73.25893,-72.62396
2720,True,-34.53825,-38.649452,-44.068798,-46.30894,-49.35322,-54.678158,-52.7223,-54.946426,-50.13122,-50.498257,-53.67422,-53.016106,-49.339897,-55.944458,-60.087376,-50.032085,-47.200775,-66.98859,-64.71363,-64.28257,-62.176132,-67.06232,-69.13571,-68.87523,-68.67232,-72.05344,-73.427444,-73.66664,-74.311966,-74.72054,-73.2645,-72.72293
2752,True,-34.461475,-35.538486,-42.451263,-46.701164,-49.647526,-52.741436,-52.94895,-51.39527,-47.095394,-48.154255,-56.62433,-53.007435,-50.558624,-59.466625,-61.08158,-50.95356,-49.270668,-62.06837,-66.40837,-69.29986,-62.264763,-66.45009,-67.728035,-68.226105,-68.16907,-73.38717,-73.08591,-74.133545,-74.86149,-74.50098,-73.09213,-73.16277
2784,True,-35.178844,-35.513794,-41.44117,-45.923615,-50.186455,-53.9694,-56.086426,-54.586426,-44.520546,-45.84347,-57.00108,-53.76553,-50.30283,-57.67246,-58.03756,-52.55148,-51.07321,-59.630684,-62.170406,-61.56716,-63.391182,-67.495,-70.15649,-67.077446,-69.60412,-70.02662,-71.19078,-71.98394,-73.51081,-73.322044,-73.7727,-73.7236
2816,True,-35.50633,-38.986717,-41.09449,-44.517765,-49.106937,-54.657017,-57.123215,-51.98216,-49.388203,-52.04678,-59.143047,-53.09612,-49.331303,-57.042595,-55.394623,-50.416664,-48.66539,-63.55454,-62.653664,-62.066826,-60.423397,-65.76819,-69.70283,-66.75525,-68.42837,-71.9188,-70.712006,-71.98502,-72.66387,-73.70713,-73.3369,-72.821175
2848,True,-33.045692,-35.94714,-43.687916,-43.813267,-52.77259,-54.956722,-51.756973,-52.012142,-47.46666,-48.10732,-53.792645,-51.900124,-48.670586,-54.984657,-58.03144,-54.76867,-54.112846,-67.32463,-65.60418,-66.77117,-64.41947,-66.84022,-70.572395,-68.291534,-69.57732,-72.140594,-73.63078,-72.64567,-74.48912,-74.85271,-73.203125,-72.26697
2880,True,-38.580467,-39.952187,-44.731125,-46.764908,-47.56035,-47.763714,-49.843174,-45.504852,-46.630234,-51.382557,-50.513615,-46.827423,-45.203686,-49.693905,-46.458164,-43.6156,-40.535072,-44.9169,-55.356888,-57.2415,-57.213287,-56.544807,-57.3839,-57.95445,-58.111385,-55.2323,-55.455795,-48.158604,-43.961945,-44.567192,-46.39785,-47.511887
2912,True,-36.48746,-38.796257,-39.778374,-41.32785,-34.094322,-27.102898,-33.032185,-29.32898,-31.22229,-36.161915,-37.86196,-35.231747,-36.60739,-39.265434,-37.03924,-34.326717,-27.508446,-31.4001,-42.585964,-44.355988,-40.788116,-42.34482,-45.171375,-44.986565,-46.50335,-40.292286,-35.87161,-34.264957,-30.6182,-31.726887,-33.62339,-33.822792
2944,True,-33.031097,-38.029354,-40.695778,-41.128544,-37.836567,-33.753273,-43.15206,-39.210724,-39.382435,-44.72947,-48.348297,-43.076397,-45.78011,-49.3118,-49.342003,-46.994343,-41.90901,-45.811314,-51.433792,-54.380344,-53.584084,-54.98162,-58.434635,-58.965107,-58.44062,-55.557793,-50.887474,-50.09121,-45.76648,-45.236305,-48.018845,-48.166138
2976,True,-31.528042,-38.204807,-45.368572,-44.77274,-40.188683,-40.352592,-49.314682,-49.08677,-48.646885,-51.873737,-51.868103,-46.337402,-44.966755,-54.8745,-54.66087,-47.22616,-46.355103,-51.5025,-56.781178,-57.719646,-55.027916,-57.2189,-61.843105,-62.809566,-62.368614,-60.371456,-55.938507,-56.02575,-52.232407,-52.316315,-55.196533,-56.08202
3008,True,-35.25882,-37.569237,-44.264828,-46.05966,-48.781387,-48.004223,-50.075172,-57.326355,-43.956314,-45.154907,-56.60681,-49.502148,-45.64247,-56.155624,-58.957462,-56.34466,-50.49164,-55.086433,-57.067486,-59.188477,-57.019737,-61.136127,-66.644165,-63.845787,-65.160545,-64.20401,-61.47169,-60.127174,-57.962685,-56.73941,-59.85595,-61.833954
3040,True,-39.33172,-39.02282,-42.36217,-46.82566,-48.831245,-50.632053,-53.599606,-54.907,-46.94966,-48.481064,-55.02372,-50.796967,-46.597206,-58.656216,-60.11622,-51.601906,-49.111782,-60.670776,-62.897095,-63.244263,-64.80044,-63.617977,-66.07081,-64.64763,-64.699104,-67.38193,-64.430305,-64.65349,-61.165066,-60.545006,-65.95797,-66.72778
3072,True,-32.74308,-38.04757,-45.207706,-48.133057,-50.58461,-56.569084,-56.435085,-50.528282,-45.270493,-47.467827,-55.637527,-49.417118,-45.609535,-56.718693,-59.11679,-53.806046,-50.604515,-62.196953,-63.765617,-64.58869,-60.222214,-65.24598,-66.53983,-68.763504,-69.3056,-67.31709,-65.375854,-68.45211,-65.128716,-64.8762,-68.81421,-69.121475
3104,True,-36.77376,-42.019478,-43.80387,-43.583794,-47.234047,-51.83734,-52.531094,-52.203274,-49.67657,-49.336544,-54.179634,-50.897186,-46.526875,-52.58431,-58.258095,-49.938995,-46.717205,-64.37109,-65.52493,-65.28926,-64.026985,-67.3807,-66.83466,-68.29325,-68.682205,-70.88977,-70.549194,-71.469185,-70.335556,-66.560905,-70.652245,-70.92918
3136,True,-36.493347,-38.72326,-42.950836,-43.942993,-42.82707,-50.024048,-51.220875,-53.60046,-44.71357,-45.833393,-57.257607,-51.56034,-47.32554,-54.444546,-60.261,-53.273735,-51.510735,-63.682064,-64.10186,-64.656395,-65.04873,-67.28881,-68.12785,-66.67678,-68.82319,-69.64749,-69.94464,-71.313736,-70.74977,-71.793526,-73.54071,-74.16188
3168,True,-35.787712,-36.83493,-44.722412,-45.93728,-48.201603,-51.259308,-55.32812,-56.87773,-45.10481,-46.530685,-57.14235,-53.567856,-50.114597,-58.626503,-61.13335,-52.149807,-49.701633,-60.430664,-64.00862,-64.80477,-62.35403,-66.54437,-67.380875,-67.32037,-67.46326,-70.14784,-71.3345,-71.56737,-73.03538,-74.91317,-73.62319,-72.58728
3200,True,-37.532303,-38.06246,-42.422836,-47.226635,-49.08855,-53.125923,-57.30342,-52.559258,-49.419006,-50.533234,-56.908054,-52.11319,-47.78311,-55.863808,-63.195427,-50.500847,-49.09222,-63.793434,-65.40849,-64.65616,-64.42967,-70.017715,-68.524284,-69.03017,-69.55835,-70.47789,-71.63965,-73.52013,-74.350975,-74.43559,-75.33841,-73.087204
3232,True,-35.422974,-38.390404,-42.66962,-47.27564,-48.799118,-56.29428,-57.36252,-57.735554,-45.143562,-46.53195,-56.04097,-53.824978,-51.118423,-54.25876,-57.60716,-52.572678,-49.85022,-63.83557,-67.08863,-63.41002,-63.635826,-69.93909,-69.91939,-68.921234,-68.26683,-70.971306,-71.34336,-72.77224,-73.60677,-73.47783,-74.10899,-73.225945
3264,True,-38.04421,-41.192535,-52.1085,-48.317486,-51.25157,-57.186012,-56.491913,-54.28522,-50.44842,-50.41452,-54.96875,-52.80335,-50.697765,-57.174614,-63.807976,-49.652615,-46.96253,-63.853157,-66.07236,-66.536804,-65.2952,-67.61946,-68.01767,-67.87652,-70.76133,-71.03346,-71.94319,-73.024124,-74.38308,-75.25523,-75.80557,-74.40134
3296,True,-37.13347,-37.782387,-42.966957,-42.651863,-49.602547,-57.220592,-55.98724,-53.11759,-48.028664,-50.480522,-56.96178,-55.602222,-49.91607,-59.371803,-62.15339,-53.13907,-49.890472,-61.511036,-63.88066,-65.551895,-63.78527,-66.74585,-69.83638,-67.89446,-67.8786,-72.63236,-73.57225,-73.3199,-74.88994,-74.81746,-74.81681,-73.20395
3328,True,-37.809204,-38.151306,-44.123856,-47.011906,-46.258984,-55.214157,-56.909576,-53.484962,-50.118416,-49.18358,-56.64474,-52.288017,-49.657097,-55.170647,-59.62487,-53.08081,-49.772526,-60.65831,-65.82788,-65.70196,-64.91629,-66.37845,-69.70246,-68.70507,-71.08123,-70.14877,-70.70319,-73.416336,-72.45392,-74.50715,-74.66426,-72.565
3360,True,-36.6137,-41.479813,-48.53065,-43.772816,-47.824112,-51.559868,-57.855305,-55.037537,-47.715054,-50.303932,-54.01317,-54.466476,-50.02794,-54.33837,-60.432438,-52.175674,-49.961792,-62.63657,-63.172993,-66.60354,-63.96705,-67.81459,-67.88968,-69.24889,-68.7326,-71.217186,-71.946175,-74.20737,-73.59053,-73.79409,-74.16215,-73.12646
3392,True,-35.42388,-39.78189,-47.348576,-45.165688,-45.727295,-53.15455,-58.810352,-53.00624,-45.440025,-45.89103,-57.089115,-51.3723,-47.413795,-56.03651,-60.53307,-54.816345,-52.30921,-64.905334,-66.64567,-64.993645,-65.223076,-67.8217,-67.55979,-66.289505,-67.549484,-71.13579,-71.11247,-72.75252,-71.09475,-73.18381,-72.91085,-72.79174
3424,True,-35.09971,-39.315613,-43.421364,-44.388252,-46.55175,-50.86496,-54.671627,-53.151928,-46.60028,-49.07495,-56.746536,-50.9158,-48.063156,-58.35583,-60.426323,-52.57248,-50.3629,-65.54965,-64.66908,-64.62883,-63.87236,-69.494255,-68.38551,-68.53214,-66.99194,-69.21922,-67.60367,-64.26331,-63.520065,-61.444138,-62.41456,-62.651733
3456,True,-37.569164,-39.28397,-44.68651,-48.233227,-44.826946,-40.20399,-48.811424,-50.03509,-44.475296,-46.440613,-57.267212,-49.114285,-44.835964,-55.381397,-56.375298,-47.475697,-45.755486,-63.78254,-62.805233,-65.11861,-64.147575,-64.113495,-61.70208,-64.047585,-63.997692,-64.05311,-58.007843,-54.1717,-55.498077,-54.019745,-54.14429,-57.285233
3488,True,-34.30069,-43.652603,-48.806854,-44.565968,-41.73061,-47.67326,-53.473854,-55.704933,-50.874504,-51.448616,-58.18418,-50.89315,-45.91858,-55.303593,-57.89181,-48.972145,-46.483616,-65.30046,-65.83368,-65.216934,-64.05578,-67.701035,-67.95378,-66.797325,-67.97205,-69.85595,-70.399315,-69.634,-69.688576,-66.57449,-66.53963,-70.73684
3520,True,-35.4756,-39.470284,-45.28736,-49.46747,-50.81523,-51.116753,-52.625206,-54.38214,-41.89263,-43.197117,-54.000916,-50.9311,-46.446114,-55.744545,-57.205982,-51.894257,-50.855606,-62.658806,-66.97705,-66.57856,-65.19757,-68.02514,-69.51618,-69.33261,-68.84946,-69.24097,-70.066444,-70.46839,-71.89829,-72.578384,-72.77678,-72.98865
3552,True,-36.544052,-36.173855,-42.927708,-47.02606,-48.253803,-55.516396,-55.82024,-54.552578,-46.241512,-47.88617,-55.026093,-49.52069,-44.98962,-53.063484,-55.311695,-50.582733,-47.934906,-63.241367,-65.747116,-66.828606,-64.19104,-67.581856,-68.794,-66.80405,-68.03255,-69.83924,-71.3924,-71.9995,-72.27908,-74.94649,-73.60686,-72.09662
3584,True,-35.000698,-35.724792,-41.38464,-44.883957,-47.56263,-53.975567,-53.569542,-56.344612,-46.12452,-46.77647,-55.652775,-49.279823,-44.971546,-51.277504,-52.733017,-53.55192,-51.249752,-64.10837,-66.422295,-66.41927,-62.81357,-68.49155,-69.36074,-68.54757,-70.341194,-70.646126,-70.18631,-71.297966,-74.006195,-74.924,-73.90254,-72.92905
3616,True,-37.269836,-36.18984,-43.364693,-47.206017,-53.11003,-50.466652,-55.078957,-53.992237,-44.56745,-46.08005,-55.49645,-48.58696,-44.240032,-49.260513,-49.777634,-51.657204,-49.023277,-60.397144,-63.13514,-67.203094,-63.97856,-68.95884,-71.08933,-70.34455,-71.481834,-71.4012,-70.59361,-72.61902,-73.88431,-74.30882,-72.87254,-73.03784
3648,True,-35.679543,-39.37015,-44.450687,-48.5776,-48.98535,-56.9822,-54.94927,-52.927254,-50.71328,-51.589333,-52.30284,-49.102432,-45.718803,-49.273514,-49.964947,-48.28957,-46.263584,-64.79594,-65.48129,-67.57402,-63.24455,-68.288574,-68.867775,-68.76906,-70.300224,-70.574715,-71.308655,-72.34322,-75.20955,-74.63059,-74.26935,-74.86064
3680,True,-34.878,-33.821346,-43.028618,-48.17302,-50.399975,-53.557076,-55.278435,-52.366337,-46.928833,-48.00629,-57.282654,-51.016407,-46.265762,-50.48278,-49.421726,-53.254353,-50.313904,-64.79592,-66.84403,-68.09038,-64.02066,-69.740326,-70.40043,-67.88172,-68.37763,-69.79788,-72.49486,-74.781075,-72.42462,-74.77195,-72.16277,-73.32263
3712,True,-37.719917,-40.20914,-42.835075,-45.453445,-48.53134,-51.723198,-54.165577,-52.28778,-47.62124,-49.589115,-56.86706,-53.77236,-49.901833,-45.694893,-49.352116,-53.927,-51.295696,-62.691837,-65.56987,-66.3806,-60.954456,-68.374146,-69.39577,-68.6253,-68.12379,-71.38075,-72.806015,-73.886765,-73.113106,-73.90247,-73.831245,-73.04094
3744,True,-35.049892,-39.5371,-41.66549,-47.59868,-49.342125,-53.80257,-49.418724,-49.69583,-46.153313,-47.73462,-57.138855,-52.4469,-47.2985,-46.238182,-52.940712,-54.242584,-52.392036,-63.067936,-63.434486,-63.741028,-62.481056,-68.72383,-69.766624,-69.307144,-70.94022,-70.414375,-71.98706,-72.41958,-75.10133,-75.18179,-73.2689,-72.47974
3776,True,-38.47115,-37.91017,-41.70578,-44.875916,-44.929077,-54.335842,-57.952316,-52.33595,-43.19096,-45.215153,-54.315826,-52.950188,-49.55826,-52.73452,-56.870987,-50.1815,-48.084213,-65.87182,-64.58877,-63.83488,-63.15376,-68.31805,-69.15399,-67.20186,-67.77223,-70.26564,-71.104836,-72.17894,-73.71554,-74.28145,-73.83356,-73.015816
3808,True,-35.21862,-40.38946,-47.223244,-44.463394,-50.146103,-57.716328,-51.48666,-52.50862,-45.61798,-47.053886,-56.18264,-51.39402,-48.7257,-51.91004,-55.955612,-52.60485,-50.930096,-64.102615,-60.2295,-62.796013,-62.431473,-66.61172,-67.73184,-69.361084,-68.57131,-70.28331,-72.91878,-72.86552,-73.00105,-74.84116,-74.1779,-73.44788
3840,True,-38.073627,-40.033875,-42.515488,-47.44858,-48.45726,-51.128975,-52.811283,-56.19433,-48.72812,-50.756905,-56.377098,-56.163784,-50.049355,-51.475914,-59.267693,-49.265266,-46.80935,-64.26743,-64.41169,-63.39819,-61.240143,-67.67351,-69.40778,-68.426834,-68.73366,-69.75951,-71.62719,-70.83689,-73.03408,-74.48014,-73.4874,-74.003586
3872,True,-38.10272,-38.771942,-43.630833,-44.624287,-47.877266,-53.618935,-53.14782,-56.27338,-46.614426,-47.717762,-60.09797,-55.281128,-50.822342,-53.959385,-57.745667,-48.93055,-46.696785,-62.562584,-63.57294,-64.28222,-61.048157,-67.55687,-67.09816,-66.873535,-68.12675,-69.57593,-70.49943,-72.92323,-71.90929,-73.774315,-72.71906,-72.872314
3904,True,-33.99089,-37.096462,-43.621094,-43.91545,-47.462536,-52.58142,-55.76037,-54.338333,-43.28039,-45.03534,-60.038227,-52.97805,-49.26943,-55.29468,-55.64613,-53.280624,-51.276024,-63.48106,-62.893986,-62.675293,-63.322544,-67.041306,-70.66764,-69.38073,-68.41134,-70.75917,-71.97219,-72.86332,-75.12454,-72.703445,-73.91686,-73.74693
3936,True,-36.568604,-43.93173,-46.357986,-47.539448,-51.828712,-55.92871,-54.034935,-56.33499,-49.103027,-49.16773,-58.536385,-53.77348,-48.673473,-54.265686,-56.199688,-49.875847,-47.513584,-64.68299,-66.739876,-66.90122,-63.24715,-67.3342,-70.85903,-69.09665,-68.06003,-69.758194,-71.266655,-73.54045,-74.32176,-74.34394,-73.57103,-73.34639
3968,True,-32.81939,-36.85551,-45.43833,-44.388084,-48.488823,-51.536522,-51.400146,-52.312054,-45.43306,-45.72907,-58.389633,-53.892536,-49.02694,-56.623096,-56.005318,-55.364414,-54.8935,-66.74447,-65.152016,-64.11239,-62.26271,-68.26524,-68.744415,-67.15495,-69.39897,-71.89525,-71.930756,-72.38839,-72.367775,-74.61688,-75.62953,-74.0914
4000,True,-37.561615,-38.317825,-45.41287,-43.24597,-40.530186,-40.800167,-44.279274,-36.697083,-38.249382,-42.97608,-43.77173,-40.514393,-41.52104,-44.063377,-39.78042,-36.75922,-33.6399,-37.702667,-48.43792,-48.841454,-50.024345,-49.27346,-49.783844,-49.625328,-48.019028,-46.729588,-46.71369,-41.39924,-35.417793,-32.21236,-36.126286,-38.772243
4032,True,-36.570843,-38.67828,-39.639034,-40.202095,-36.38642,-27.344315,-34.228027,-31.161928,-32.783485,-37.40628,-39.709545,-37.10446,-39.248646,-41.572624,-41.073486,-37.599533,-30.768463,-34.801743,-46.013355,-46.271893,-42.67269,-44.996037,-46.56223,-46.61899,-45.778564,-42.126434,-41.76693,-38.98561,-34.783394,-33.007412,-35.37313,-37.18238
4064,True,-34.328285,-37.03121,-40.40052,-41.57698,-39.47788,-38.0848,-45.761177,-43.2058,-42.61844,-46.29426,-49.928326,-45.537453,-45.152225,-50.405064,-51.194386,-48.47734,-44.762917,-49.631725,-52.63342,-55.31253,-55.065884,-56.39082,-60.43146,-59.622787,-57.37251,-53.702965,-53.33735,-51.940315,-49.10762,-47.74343,-49.925766,-50.290344
4096,True,-34.89289,-39.260452,-48.05843,-46.27287,-47.066948,-40.87582,-49.03902,-50.448456,-48.71532,-48.5306,-51.942627,-48.04078,-44.7456,-54.30639,-57.64078,-49.67273,-47.627007,-53.73041,-57.914463,-59.50183,-58.35627,-58.718853,-61.53561,-61.557583,-61.248795,-59.21145,-58.24193,-57.534832,-53.61767,-54.79555,-56.883682,-58.884186
4128,True,-35.12879,-39.372513,-45.831932,-47.898834,-48.5351,-47.12048,-52.716377,-50.841896,-45.35313,-46.23272,-57.795315,-50.860374,-46.24617,-53.352657,-56.146492,-56.31939,-49.443592,-54.74996,-58.90488,-59.098434,-58.370632,-62.79716,-67.276825,-66.309654,-65.089935,-63.703365,-62.3927,-61.073296,-59.857616,-59.674805,-61.499794,-62.981926
4160,True,-35.508045,-35.23706,-41.284977,-47.172874,-50.15751,-49.649467,-53.137627,-51.52829,-45.111176,-46.484535,-56.97473,-51.575512,-47.304417,-55.61954,-57.969315,-51.851997,-49.700447,-62.427635,-63.310005,-63.04065,-60.182056,-64.394485,-67.069824,-65.454315,-65.8214,-65.67053,-63.749126,-64.58877,-63.072067,-62.94359,-66.084404,-66.970795
4192,True,-33.418526,-39.116154,-42.156452,-48.501514,-50.626144,-51.32133,-56.209965,-51.10154,-44.478935,-45.205936,-54.75219,-49.341084,-46.22764,-53.543137,-56.939857,-53.023815,-50.18315,-62.527542,-65.33431,-64.4132,-65.53715,-65.94974,-67.62353,-68.70772,-68.13379,-68.03883,-68.975586,-69.33941,-66.889824,-65.6877,-69.6577,-70.07756
4224,True,-37.433094,-40.23516,-47.186127,-44.932156,-50.286583,-55.351593,-55.415516,-55.610638,-46.56733,-47.325478,-58.857857,-48.59391,-45.955093,-54.433525,-49.16469,-49.231354,-48.182293,-64.62076,-63.00083,-61.969814,-64.928406,-66.83178,-67.41008,-69.05326,-69.57239,-72.643005,-71.897964,-70.3192,-69.53137,-68.389656,-71.35976,-71.15346
4256,True,-36.71582,-40.6706,-44.137596,-44.626472,-45.117638,-51.79516,-55.188484,-55.92752,-44.973278,-46.032906,-55.931572,-52.177357,-47.775146,-55.54607,-52.639957,-52.537445,-52.625175,-61.517445,-64.35409,-62.29784,-63.343185,-67.149994,-69.388054,-68.55752,-69.419304,-68.62394,-70.63509,-72.26817,-71.36033,-71.87608,-72.916695,-72.25713
4288,True,-36.14565,-36.551704,-41.97676,-45.95715,-45.21578,-52.160217,-50.807762,-54.858658,-43.05637,-44.437237,-54.60251,-47.29645,-48.066597,-56.77288,-49.545116,-49.837536,-49.15939,-64.250244,-66.06048,-67.47656,-66.7149,-67.2422,-69.303566,-71.65985,-68.7921,-69.54152,-73.039185,-72.90695,-72.52906,-74.808365,-75.34955,-73.15769
4320,True,-34.788025,-43.55068,-45.639694,-47.068756,-46.15288,-58.892174,-53.32003,-51.61647,-47.988094,-48.726994,-55.478558,-48.713875,-48.443947,-53.03789,-52.74673,-51.927265,-49.90667,-65.52445,-65.26105,-65.06769,-64.39309,-67.45755,-68.15633,-67.56167,-68.66139,-70.76744,-72.519966,-71.84941,-73.36305,-73.752625,-72.575386,-72.39195
4352,True,-34.98688,-39.2151,-44.92407,-44.612793,-49.953125,-55.36492,-52.03287,-50.715683,-44.37572,-45.486485,-55.36487,-48.1128,-49.862274,-55.26229,-56.032047,-51.871506,-48.89402,-61.151638,-64.939865,-66.83139,-65.93855,-68.34003,-69.77154,-71.48426,-70.223625,-71.75519,-72.79797,-73.33928,-73.59363,-74.17502,-74.53197,-74.25699
4384,True,-37.25056,-37.45755,-43.489727,-47.317986,-45.73734,-53.794743,-54.622993,-54.8576,-48.521023,-48.486248,-56.379997,-46.331795,-48.36195,-54.40336,-51.23201,-49.429253,-46.537827,-62.96218,-63.96615,-64.216934,-63.761177,-68.34556,-68.33525,-66.860214,-68.64556,-69.84179,-69.859,-72.52953,-73.664444,-74.23931,-74.21736,-73.40844
4416,True,-38.62593,-36.90151,-40.715748,-51.24281,-50.042892,-54.108234,-53.279934,-51.516144,-50.51111,-51.663517,-56.03903,-52.59022,-49.43865,-50.995373,-53.44774,-50.12392,-46.5694,-63.348255,-66.391815,-66.01676,-64.89203,-68.859856,-70.208725,-68.55847,-68.22364,-70.5796,-71.239845,-72.34131,-73.58845,-74.440125,-73.060165,-72.88639
4448,True,-34.59948,-36.22026,-41.91975,-45.514023,-51.277306,-59.09501,-56.470978,-53.87542,-53.504864,-53.91831,-55.70861,-54.24236,-49.863544,-47.38771,-52.667118,-52.898285,-49.520355,-67.50021,-65.93025,-66.59245,-67.96728,-67.87875,-70.138145,-69.29048,-67.967,-70.31767,-73.03062,-73.34528,-72.92911,-73.95552,-73.838295,-73.20886
4480,True,-34.238922,-37.817654,-45.21853,-46.591537,-49.363937,-53.233067,-52.616287,-53.9709,-48.54863,-49.146023,-54.711655,-53.01838,-51.00992,-50.113815,-49.930325,-53.952145,-51.54103,-63.342316,-63.77021,-63.58925,-64.86263,-69.24155,-70.680565,-70.66445,-69.91653,-70.87951,-71.51349,-72.5374,-73.253975,-73.42814,-74.20604,-72.501785
4512,True,-36.910114,-38.825485,-45.951427,-50.272278,-48.94476,-52.906708,-54.17324,-53.37834,-44.086918,-45.295715,-57.644432,-49.768864,-44.66221,-52.691494,-54.627842,-53.784885,-51.11368,-61.443153,-63.604027,-65.709045,-64.741455,-67.21381,-68.67558,-67.15814,-70.26931,-70.49078,-72.060455,-73.248276,-72.288216,-72.63368,-72.318245,-72.202095
4544,True,-34.36456,-35.9335,-45.697487,-49.879032,-46.182896,-53.052746,-59.038795,-51.559288,-45.675083,-48.068752,-59.836273,-51.194096,-45.837727,-52.430157,-55.59876,-49.633327,-46.899143,-63.554115,-65.503456,-65.73342,-66.98749,-66.428345,-69.18164,-68.68499,-68.42809,-70.01798,-70.96565,-70.053055,-72.02293,-71.71868,-72.70181,-71.27094
4576,True,-35.484394,-38.27726,-45.604053,-44.593235,-43.009315,-43.725628,-49.520294,-47.875977,-43.46533,-45.708424,-56.588943,-47.79145,-44.07928,-53.96279,-55.15287,-47.00909,-44.629078,-58.766666,-60.908035,-63.58597,-64.83262,-65.038414,-61.105236,-63.132256,-63.05606,-60.900024,-55.633656,-52.900204,-54.532124,-51.1596,-52.092457,-57.739697
4608,True,-35.811855,-36.538567,-45.617294,-45.30047,-46.681984,-46.366882,-53.053726,-56.567245,-50.098663,-50.569397,-60.391087,-50.234867,-45.676453,-53.698586,-56.573772,-47.745445,-44.77227,-62.146156,-64.83105,-68.01189,-66.99237,-67.56868,-67.99829,-69.76172,-70.14253,-69.58208,-67.82411,-66.319336,-67.73706,-65.16801,-66.80688,-68.56533
4640,True,-37.586628,-39.492043,-43.128468,-43.05737,-45.696674,-51.811234,-54.202312,-54.563873,-43.15261,-44.301598,-62.804913,-48.475983,-44.344246,-53.226807,-54.63947,-53.246647,-50.31155,-65.208176,-65.4352,-63.077816,-65.53818,-68.32349,-68.066505,-64.34706,-66.72884,-67.93712,-69.48796,-69.40658,-70.29677,-68.84377,-70.34001,-73.23299
4672,True,-33.661674,-40.37748,-44.58977,-44.718307,-49.582233,-53.901333,-52.418594,-49.54933,-45.49758,-47.02406,-56.72537,-49.577747,-45.71606,-52.247704,-58.60058,-50.048813,-47.20087,-63.233124,-61.43564,-60.921516,-64.10852,-60.79676,-61.733433,-59.94576,-60.74166,-63.480305,-62.62201,-61.348858,-62.61888,-64.806694,-66.31361,-68.231895
4704,True,-25.605127,-33.209023,-35.053474,-34.300285,-35.656895,-41.38273,-35.948166,-32.58717,-37.448196,-38.76661,-38.261612,-37.422802,-36.627308,-35.31317,-42.389114,-40.60665,-38.700394,-43.81183,-36.604267,-39.443874,-45.816425,-43.54118,-38.68881,-37.199398,-41.110744,-36.291405,-36.685986,-39.890514,-41.468437,-43.317863,-44.181137,-41.823353
4736,True,-32.11913,-34.278584,-33.24729,-33.86707,-32.45375,-35.389088,-32.603115,-32.61394,-34.831913,-32.6245,-30.196518,-36.119392,-35.273403,-30.571934,-33.90141,-33.17436,-31.32666,-32.547623,-28.953175,-30.976028,-33.354877,-35.410187,-33.18486,-33.398438,-34.38474,-31.33059,-31.429031,-33.06748,-36.24389,-35.16818,-36.23524,-34.634632
4768,True,-32.94783,-33.30523,-32.049767,-33.571835,-34.00348,-31.529646,-31.746029,-32.747303,-32.49816,-32.893406,-32.580772,-30.87261,-30.625874,-31.54421,-30.61818,-35.287613,-35.693108,-34.8544,-30.748236,-31.196827,-31.752422,-31.306723,-34.37108,-34.653908,-31.025242,-31.283989,-33.44436,-33.02142,-35.27042,-34.827923,-35.581642,-35.92543
4800,True,-28.425934,-29.361652,-30.543537,-32.468143,-31.883753,-32.58507,-34.33439,-36.051334,-36.20193,-31.158735,-31.063839,-34.55379,-33.070217,-32.59727,-30.623837,-30.611012,-30.900118,-30.898771,-31.464453,-33.76697,-31.501959,-31.956154,-32.1736,-32.015575,-33.788895,-32.83548,-34.30351,-34.399612,-34.58556,-35.418743,-37.327866,-35.830627
4832,True,-33.781395,-35.738895,-35.07324,-31.105793,-30.798883,-31.675089,-31.905586,-33.917637,-31.883675,-31.532572,-31.714977,-33.22425,-31.522343,-31.834526,-32.895912,-30.748861,-31.23677,-33.259342,-32.519577,-32.573463,-32.109776,-33.82361,-32.939137,-32.95629,-31.841553,-33.409645,-34.422657,-35.546295,-34.590023,-35.55407,-37.508133,-38.282387
4864,True,-30.91179,-32.027203,-29.648586,-32.47689,-34.214863,-32.21643,-29.668703,-31.195087,-32.457836,-35.57651,-33.471207,-32.045807,-32.533096,-33.00194,-32.89503,-32.482254,-31.216976,-33.49754,-32.319794,-32.803,-34.757507,-32.272484,-33.161472,-33.92643,-33.660778,-32.96047,-34.404427,-33.77528,-35.07028,-34.79972,-36.494675,-36.290745
4896,True,-33.164978,-32.503666,-32.77458,-31.772985,-36.86483,-36.57512,-32.708977,-33.132206,-29.51557,-29.085999,-34.788242,-31.663754,-31.258099,-33.71937,-32.272182,-33.538387,-32.540077,-35.478004,-34.11449,-34.059807,-33.56259,-34.15974,-34.441334,-32.777065,-34.625137,-32.47216,-34.2658,-36.541275,-37.847908,-36.68994,-38.67955,-38.778755
4928,True,-30.291561,-30.830221,-32.81247,-36.642857,-30.632435,-31.463413,-31.02252,-31.277187,-31.52025,-34.811127,-40.022488,-33.891724,-33.936073,-34.021805,-33.697906,-34.424797,-31.081799,-32.17506,-33.290207,-34.32367,-31.994286,-33.852123,-34.35148,-32.7253,-34.035534,-36.34213,-34.338276,-35.46326,-37.400223,-38.404366,-39.033607,-39.42239
4960,True,-31.54665,-34.147423,-26.365011,-28.0665,-32.27723,-29.214535,-32.602425,-29.68359,-29.840899,-30.970951,-33.384094,-34.324806,-34.259712,-33.27703,-32.885094,-34.67473,-33.8455,-34.16568,-32.318016,-33.24658,-32.20986,-32.800648,-33.093395,-34.91709,-36.654957,-34.795097,-35.679947,-35.038002,-38.25074,-38.998337,-37.99592,-39.06162
4992,True,-31.486465,-28.842999,-31.06371,-29.365105,-33.282047,-34.974983,-35.537174,-30.669086,-30.697145,-32.691483,-33.115067,-34.281456,-32.61025,-33.100605,-36.66054,-34.63284,-35.130333,-32.471447,-32.658424,-32.894627,-32.431187,-34.48916,-35.757465,-34.189476,-36.173473,-33.904682,-36.101555,-36.954823,-39.091496,-39.19796,-40.077366,-40.81714
5024,True,-27.58376,-29.370071,-30.00945,-28.828783,-31.578444,-32.062042,-32.07329,-34.24724,-36.658142,-34.05271,-32.350105,-35.515247,-34.088562,-35.644028,-38.655136,-35.57971,-35.115517,-32.02801,-31.35997,-32.10751,-34.29627,-39.673706,-38.74511,-35.796505,-37.817776,-35.73315,-35.685234,-38.825573,-40.22636,-40.360344,-40.587257,-40.642715
5056,True,-27.819593,-27.501179,-31.591743,-30.31844,-31.484463,-30.924652,-32.700893,-33.759445,-32.705845,-34.22235,-34.706074,-34.899708,-33.1506,-35.28524,-35.65913,-36.579075,-34.740597,-35.095028,-33.63048,-32.888004,-34.217857,-34.470337,-35.87563,-38.139084,-37.72482,-37.352024,-37.727318,-40.42116,-39.79903,-40.905678,-40.510788,-41.54013
5088,True,-30.619574,-31.812975,-32.61681,-31.673141,-30.574244,-35.549477,-34.266388,-30.911552,-30.71141,-35.983902,-34.892994,-32.234085,-34.425804,-36.525986,-35.13887,-31.129951,-29.355953,-30.00473,-32.98525,-35.13447,-35.0968,-32.89778,-37.470123,-36.249176,-36.758427,-35.712082,-35.903133,-35.43502,-31.764772,-30.337543,-33.190414,-35.839317
5120,True,-28.218872,-29.769161,-30.704393,-33.074535,-31.50019,-25.749567,-31.97159,-31.038025,-31.93317,-38.79493,-38.211132,-36.833366,-37.180683,-39.293358,-35.815414,-34.086483,-30.77208,-32.36717,-33.45996,-33.046368,-34.21442,-35.858086,-36.877396,-37.61635,-37.74058,-36.545773,-37.84358,-37.606586,-35.732662,-35.770245,-36.505146,-37.04333
5152,True,-31.596964,-32.190197,-30.57251,-30.38382,-30.885477,-35.53899,-35.289513,-33.308605,-36.00675,-34.21659,-37.13339,-36.418232,-34.34205,-37.072216,-35.376205,-37.117416,-35.49363,-34.466393,-35.120026,-37.09586,-35.328644,-34.68619,-36.827347,-40.324547,-38.78141,-37.316593,-38.66405,-40.226044,-41.0619,-40.685364,-40.615963,-42.089924
5184,True,-28.662601,-31.11474,-33.803047,-34.29276,-34.230724,-36.3773,-37.56398,-32.62755,-37.160934,-37.187122,-35.763695,-38.77248,-36.617588,-34.276,-35.998463,-36.84214,-37.37839,-36.646038,-36.255455,-36.196194,-34.972847,-34.48687,-37.555244,-37.736362,-38.231686,-37.848022,-40.05617,-39.937996,-41.005135,-43.708096,-42.566284,-41.978546
5216,True,-29.200386,-28.64824,-30.01218,-31.330502,-34.115562,-35.860104,-38.542805,-34.14536,-32.747787,-35.657135,-37.151752,-35.305603,-35.522083,-38.853245,-39.08574,-36.406677,-36.383373,-37.62482,-35.01682,-36.721977,-36.53346,-37.261078,-37.900246,-38.767143,-38.03598,-38.298306,-38.163765,-41.431137,-41.80015,-42.20234,-42.824013,-41.616116
5248,True,-30.680399,-30.248772,-31.644855,-33.19862,-33.527306,-36.010605,-34.94715,-30.243538,-34.416943,-38.77028,-35.816463,-37.59947,-36.062096,-38.90491,-38.843166,-38.17033,-35.642048,-32.330246,-33.857246,-35.223793,-36.884724,-39.15576,-38.66045,-38.89793,-38.281445,-37.532696,-38.379837,-42.478027,-43.643623,-42.686005,-42.817364,-42.457504
5280,True,-34.09785,-35.0783,-30.853338,-31.752628,-35.289017,-37.348354,-37.902252,-39.3216,-38.920773,-41.561874,-38.54546,-42.07984,-39.216824,-39.187527,-39.974483,-38.39705,-36.17549,-36.683468,-35.260616,-37.258488,-33.28355,-33.913963,-38.6946,-39.431202,-40.14817,-38.32623,-38.464237,-41.862556,-41.971226,-44.775307,-42.00029,-40.613575
5312,True,-28.436367,-29.711185,-29.44827,-33.539257,-37.212936,-35.11623,-36.602425,-38.33773,-35.595543,-40.56065,-38.843807,-41.201534,-38.629765,-39.6645,-38.1888,-37.52092,-39.183037,-36.668858,-35.634647,-35.571503,-35.41245,-37.53192,-40.295544,-38.13673,-40.296177,-39.445755,-40.14397,-42.404945,-42.19657,-44.77295,-43.2785,-42.071476
5344,True,-28.813251,-32.053146,-33.307007,-33.66662,-36.362953,-38.91173,-37.51056,-37.711334,-39.01752,-38.909294,-37.22828,-41.48034,-42.643196,-42.76689,-38.910633,-39.187008,-36.93976,-35.292683,-36.756023,-36.55502,-35.90457,-38.7031,-40.00723,-39.678024,-39.539474,-38.085487,-38.986057,-41.295605,-44.081837,-44.366573,-43.428116,-41.360516
5376,True,-30.111946,-31.856659,-37.373444,-37.291523,-39.095795,-36.818832,-37.701427,-42.591156,-39.230656,-40.751106,-40.804176,-41.081963,-39.745247,-41.18138,-40.375687,-42.01403,-37.92513,-35.10016,-37.54321,-36.46034,-37.606274,-38.100323,-41.3414,-41.93233,-41.566,-37.794006,-38.99176,-43.67737,-43.882996,-44.06102,-43.54528,-42.547318
5408,True,-27.840729,-32.22101,-39.080853,-42.71965,-40.323353,-41.69338,-40.853153,-41.422596,-41.717068,-38.816223,-39.50153,-39.413826,-40.907295,-39.41727,-37.666683,-41.039627,-40.26238,-37.78838,-34.827522,-35.441757,-38.22136,-38.687893,-42.944344,-43.357994,-40.362186,-39.01771,-39.013058,-41.431503,-45.03556,-43.761345,-44.392418,-43.23983
5440,True,-34.610157,-32.01394,-36.7102,-37.15041,-40.2973,-41.48298,-40.61346,-44.286842,-41.01113,-42.22316,-42.292465,-40.484787,-40.956596,-44.01285,-41.911526,-40.588707,-38.936954,-39.611042,-36.36417,-34.995876,-38.294033,-39.917248,-43.326107,-41.487938,-42.217747,-41.661087,-41.08293,-44.55458,-44.243576,-45.973263,-44.065453,-44.865303
5472,True,-30.406017,-34.307957,-41.294483,-42.826595,-41.502075,-42.147385,-40.149574,-42.64444,-36.676632,-38.31119,-41.526184,-39.038612,-41.407646,-43.650566,-43.95212,-39.67296,-38.89809,-37.429287,-37.19734,-37.383728,-39.66084,-38.919243,-41.05661,-43.89737,-42.8739,-41.097813,-43.60027,-43.374886,-46.45759,-45.213005,-45.224495,-46.165184
5504,True,-31.230282,-32.90258,-36.70608,-40.474464,-37.5367,-43.163795,-43.67781,-47.472656,-44.97467,-45.985085,-46.356033,-47.786148,-46.089638,-45.808506,-40.422417,-38.41389,-37.309856,-37.8214,-35.5831,-35.818504,-40.086704,-41.473763,-43.537235,-42.753693,-42.196823,-39.692223,-41.63145,-41.667076,-44.455753,-46.127262,-46.36719,-45.179474
5536,True,-31.354465,-34.49902,-43.632145,-43.065933,-43.740673,-45.10032,-43.349686,-40.913433,-42.482204,-46.004906,-47.72563,-45.691525,-46.637707,-45.586475,-41.06569,-39.273533,-37.748863,-36.99537,-37.23859,-36.86372,-39.08841,-41.89352,-42.663376,-44.065075,-44.560516,-40.292374,-42.679466,-45.514397,-46.16018,-47.55847,-48.136005,-47.00039
5568,True,-33.058945,-37.939297,-43.32859,-44.547752,-44.21633,-50.817535,-48.62815,-48.25787,-46.026836,-44.655777,-49.3628,-43.071346,-43.66451,-42.944622,-40.707134,-40.728054,-41.1407,-40.691547,-38.61038,-38.250195,-38.808216,-40.350555,-44.62294,-42.543102,-43.13894,-42.384888,-42.669144,-45.62803,-48.126793,-46.57241,-47.99621,-47.1846
5600,True,-35.070213,-38.93681,-41.93317,-43.634487,-45.724567,-51.682354,-48.206512,-47.570107,-45.1889,-43.613873,-44.83582,-43.24562,-43.939266,-46.86342,-38.802753,-38.42111,-42.84206,-41.61276,-39.144054,-41.11042,-41.2454,-43.37114,-45.476746,-40.758595,-42.24682,-41.986023,-42.360832,-47.393967,-48.329006,-47.780495,-47.65773,-48.777824
5632,True,-35.898224,-39.14819,-43.244167,-46.053886,-45.491623,-47.850185,-46.54329,-50.640495,-41.73448,-41.683125,-47.312817,-43.167248,-40.988194,-43.297295,-44.764854,-41.496677,-41.989002,-41.18815,-36.75351,-40.43235,-41.098297,-44.536118,-45.722942,-44.337063,-44.04806,-44.533455,-45.768593,-46.129284,-47.04254,-48.367737,-49.0893,-50.387325
5664,True,-33.721,-36.81195,-40.767914,-43.307922,-42.203934,-46.3882,-49.370197,-47.761158,-42.45603,-42.67829,-45.11612,-45.72113,-42.935215,-42.903664,-43.82734,-45.01255,-42.8859,-41.440193,-39.160267,-41.484257,-44.128754,-44.674877,-44.778313,-43.42916,-44.820168,-44.933655,-46.451107,-46.4937,-47.696884,-46.040646,-47.452377,-48.1488
5696,True,-32.663437,-33.274555,-39.64109,-44.725872,-44.229145,-41.703384,-48.07478,-47.633484,-39.03467,-41.648453,-44.764763,-44.197342,-45.439003,-43.47457,-39.137207,-39.318703,-40.69607,-38.775097,-41.95868,-45.580864,-43.34691,-44.698547,-46.720276,-44.868477,-45.059113,-47.62858,-45.25253,-47.33963,-48.55609,-49.576206,-50.006165,-49.461193
5728,True,-36.681053,-39.211937,-43.211815,-46.925808,-48.44365,-50.065083,-48.4548,-47.896645,-45.625275,-47.9129,-47.39773,-44.04163,-41.386612,-43.59278,-42.907124,-40.007164,-41.59101,-40.94217,-42.77658,-43.00896,-43.73129,-43.988274,-46.24109,-44.948395,-47.407616,-44.756737,-44.38879,-46.340614,-49.964203,-50.318832,-50.64722,-51.15293
5760,True,-35.573666,-38.579872,-46.289997,-45.305542,-48.753777,-48.828815,-46.167717,-48.361504,-42.28002,-43.401543,-48.264202,-44.424515,-42.312695,-49.26681,-43.751892,-44.67226,-43.927876,-44.04169,-44.24746,-43.43277,-44.468765,-46.44226,-46.87625,-45.37659,-47.66392,-46.559643,-46.74324,-48.45367,-50.667435,-50.617542,-52.052174,-51.856667
5792,True,-35.253082,-36.557346,-43.551884,-44.493813,-45.793453,-52.101456,-50.113792,-47.440147,-41.787968,-41.40242,-47.52583,-46.628956,-45.138813,-46.737503,-44.577156,-41.8083,-40.197582,-47.385635,-42.859642,-42.750946,-46.516624,-47.03015,-49.2305,-48.608433,-50.862194,-46.727924,-48.10072,-50.24899,-51.020676,-52.93169,-52.8159,-52.04515
5824,True,-32.469574,-34.51101,-44.722473,-46.109585,-50.185047,-52.6049,-49.322453,-43.850193,-43.154533,-43.706703,-46.710342,-47.623325,-43.75736,-46.92078,-44.518654,-42.2237,-44.425148,-44.743,-46.436886,-47.18206,-45.257797,-46.40226,-47.581238,-47.31779,-48.265495,-47.083153,-48.11229,-50.1259,-51.64244,-52.275375,-53.210083,-53.04688
5856,True,-35.55391,-36.30517,-46.6494,-47.73407,-46.889503,-49.354767,-50.16694,-48.950607,-46.34147,-45.80243,-43.35058,-44.82457,-44.07744,-46.551468,-45.631332,-44.27818,-43.552803,-43.337513,-45.94139,-46.039207,-47.55777,-45.743378,-49.209938,-49.313232,-47.794758,-45.747124,-46.738148,-50.006462,-52.806515,-52.769783,-52.908367,-52.964996
5888,True,-34.94672,-34.85693,-40.797737,-45.60667,-48.62783,-48.866547,-52.177994,-53.056534,-46.823307,-45.570526,-47.416214,-46.79981,-45.157925,-44.61007,-44.042747,-44.308952,-43.61374,-43.451504,-43.62511,-46.179142,-46.68034,-47.500816,-50.1649,-50.493973,-49.245144,-48.73681,-49.54998,-51.344513,-53.237705,-53.882248,-55.87565,-54.196087
5920,True,-37.699055,-43.767097,-47.266853,-47.827347,-45.13675,-51.36436,-50.979618,-47.65812,-45.302124,-47.59564,-48.32651,-45.41708,-42.555374,-44.180584,-44.708,-41.875053,-42.007812,-44.1155,-49.035713,-49.020187,-48.249966,-48.49394,-49.63312,-49.292316,-49.198837,-49.698906,-50.406345,-51.907383,-54.207287,-54.63057,-56.817265,-56.36299
5952,True,-37.73436,-36.591908,-40.216576,-44.924473,-44.659786,-52.72791,-51.5461,-49.03335,-50.0991,-50.73265,-49.74829,-49.279705,-46.53193,-46.231407,-45.123714,-45.403156,-42.981537,-47.43161,-48.335464,-48.19567,-48.15453,-50.41479,-51.725956,-52.178516,-52.46879,-50.9281,-51.63136,-54.48374,-55.879635,-52.175674,-54.56952,-56.66767
5984,True,-38.364822,-41.548523,-43.911415,-45.65748,-46.16252,-48.975792,-47.944637,-47.035324,-45.090195,-47.831272,-49.443058,-48.643074,-44.91475,-45.088444,-44.22612,-45.03251,-43.963398,-49.598373,-50.570408,-49.41717,-49.293137,-49.03606,-50.071365,-50.5207,-50.83342,-47.71378,-51.317867,-56.6684,-55.863228,-55.38523,-57.110172,-57.92163
6016,True,-38.656612,-40.85384,-44.214474,-47.923058,-49.420647,-51.98269,-52.40445,-50.5739,-44.593254,-45.752197,-50.169212,-48.388134,-47.497272,-47.26203,-48.173885,-49.600143,-51.038433,-50.407043,-51.326324,-49.564728,-50.115936,-52.114834,-53.70838,-55.67401,-52.376423,-51.043663,-52.150177,-58.414173,-57.373817,-56.514717,-56.4502,-59.41319
6048,True,-35.426342,-38.309055,-44.370636,-50.244293,-49.223408,-49.48715,-45.928173,-49.788307,-45.72746,-45.94038,-49.221428,-50.02392,-47.262222,-49.025425,-48.48899,-48.97879,-49.46939,-52.41169,-50.927357,-50.300316,-54.50078,-50.634594,-51.06165,-53.91735,-53.963882,-50.193443,-51.191116,-57.168037,-57.937126,-56.9814,-59.21953,-60.221867
6080,True,-33.007854,-38.259117,-46.391033,-50.380486,-47.46731,-50.575684,-49.867012,-50.883793,-44.033337,-46.033752,-48.717728,-47.179,-46.857113,-49.61765,-50.08707,-46.576912,-44.090935,-51.03862,-51.71679,-49.95417,-51.265038,-51.58369,-54.186855,-53.13942,-52.12593,-52.60482,-53.33808,-57.609367,-58.793114,-59.271206,-61.633877,-61.37519
6112,True,-33.054718,-35.81648,-46.104866,-47.74283,-47.78994,-51.47549,-49.536053,-50.557167,-49.543045,-52.842907,-50.98225,-49.31433,-46.57192,-47.859627,-50.404354,-47.85569,-45.694435,-49.868576,-50.97691,-52.881706,-52.596786,-52.510994,-54.449215,-53.884277,-53.206768,-53.852432,-55.68987,-59.072144,-60.980766,-60.58175,-62.318172,-62.5469
6144,True,-40.079845,-40.028534,-43.89679,-45.605278,-45.79336,-49.161488,-53.98089,-53.19245,-45.07064,-46.567505,-51.066097,-48.146973,-47.00141,-49.987305,-48.11097,-50.361782,-50.885567,-56.391674,-56.29677,-53.18907,-52.593353,-54.26541,-55.309998,-56.08947,-53.270683,-52.747025,-56.232433,-59.217182,-62.213726,-60.377003,-64.38051,-63.85092
6176,True,-34.03826,-40.11128,-48.896545,-47.870335,-44.549557,-51.7782,-48.43625,-49.62674,-49.568974,-50.823803,-51.065926,-50.42583,-45.144367,-49.266273,-48.72026,-48.148922,-46.9424,-54.087135,-55.94988,-53.848995,-54.222927,-52.132854,-56.352154,-56.777973,-55.14002,-54.144547,-56.525215,-60.40165,-63.84604,-65.27535,-66.755455,-65.878174
6208,True,-36.838593,-39.04054,-38.6386,-39.54926,-34.090313,-32.598297,-36.099,-30.313902,-32.266624,-36.311882,-38.26507,-35.094494,-37.04925,-38.99051,-35.383095,-32.574112,-28.078262,-32.408302,-41.787315,-43.34455,-44.333755,-43.661827,-42.50799,-45.219765,-44.044605,-41.528927,-38.16175,-34.37038,-30.548576,-32.282482,-32.65992,-32.91682
6240,True,-34.76355,-37.18838,-43.202972,-43.797535,-37.654617,-29.697666,-39.434433,-34.780888,-35.351097,-41.88472,-43.754635,-39.894596,-42.39032,-46.069073,-44.252083,-43.874973,-36.962135,-40.80155,-48.232174,-50.048866,-47.254314,-48.48333,-49.9262,-54.066216,-51.431614,-49.029526,-46.289757,-45.838894,-43.05599,-43.5833,-43.3746,-43.119144
6272,True,-33.99865,-38.63892,-44.741592,-43.45105,-43.559566,-43.0996,-47.00242,-45.81964,-45.775017,-46.873894,-48.268894,-46.52059,-43.047924,-48.819965,-56.8845,-47.038532,-44.82205,-53.266876,-54.457108,-57.953247,-56.008488,-55.442776,-55.467163,-53.892765,-55.40222,-55.336117,-52.363953,-54.15949,-49.634865,-48.652794,-50.034805,-51.62556
6304,True,-34.001804,-40.44026,-43.07833,-40.48412,-45.124798,-42.48764,-51.320175,-51.52465,-45.020786,-48.399643,-49.840553,-46.585163,-45.312687,-54.577164,-54.536423,-49.011845,-47.161465,-54.41748,-55.648514,-58.309547,-56.52203,-55.13149,-58.20935,-57.927322,-58.772125,-58.477856,-57.425858,-59.06544,-54.264023,-56.030888,-56.991238,-58.68442
6336,True,-35.31134,-38.73053,-43.594788,-46.277256,-50.064346,-45.977715,-46.141533,-51.877934,-51.324657,-49.806778,-53.194157,-50.57976,-47.043854,-55.036125,-57.21878,-53.05809,-49.255806,-56.180214,-57.23074,-58.642174,-56.890606,-56.214146,-63.154526,-59.13775,-60.265087,-60.346073,-59.75971,-61.05251,-58.040726,-59.7669,-61.665794,-63.320904
6368,True,-36.119724,-43.565556,-45.971622,-45.670013,-46.736053,-49.855484,-53.780518,-52.90092,-43.277126,-44.75998,-52.154312,-47.176876,-45.162388,-52.381897,-55.52216,-55.889465,-54.931564,-59.334755,-60.77748,-59.142387,-57.337578,-55.63541,-57.863174,-61.823814,-61.970634,-58.76875,-62.00384,-64.85249,-62.404636,-64.05855,-65.4117,-66.574295
6400,True,-36.847908,-39.45102,-46.710705,-47.86198,-50.14914,-54.460716,-50.859253,-52.489513,-42.771854,-43.650818,-55.596046,-50.919437,-47.016354,-52.170643,-55.626053,-51.437958,-48.045944,-59.56077,-61.3982,-59.271805,-59.44466,-54.51227,-57.78877,-62.939182,-62.98295,-60.89403,-62.19793,-67.91057,-65.5477,-66.43034,-67.95423,-68.45102
6432,True,-37.550102,-38.61846,-41.968185,-45.559143,-48.134567,-50.02114,-51.105865,-51.320618,-44.712215,-46.87082,-52.87615,-50.361694,-46.48109,-52.866707,-56.986233,-50.127823,-46.307392,-61.038624,-61.24992,-62.079372,-61.166252,-56.47331,-59.894608,-63.373188,-64.94864,-62.024025,-64.4223,-67.684494,-69.29264,-67.78784,-69.72117,-69.03621
6464,True,-37.299362,-39.46464,-42.934593,-45.482594,-47.317642,-56.966545,-51.415558,-53.986343,-46.78455,-47.49247,-50.601616,-49.68973,-45.56953,-54.858017,-57.949265,-47.48182,-44.286896,-59.629333,-63.3124,-62.528755,-60.411297,-57.709354,-61.03048,-62.430172,-66.10887,-63.94444,-65.76279,-68.25736,-71.04763,-70.03228,-70.96116,-71.94305
6496,True,-35.76096,-36.881504,-46.96239,-44.972733,-50.12175,-55.865498,-52.61139,-52.86347,-47.701233,-48.243923,-51.14163,-49.432526,-47.52973,-52.605892,-57.72741,-52.4672,-50.44249,-60.23279,-62.800896,-60.120842,-58.349678,-61.39484,-62.41523,-61.9606,-67.48961,-66.330574,-67.01051,-70.12641,-71.97958,-71.83665,-72.63804,-70.91086
6528,True,-38.224014,-41.686943,-46.93588,-46.78387,-48.070663,-52.143005,-53.50287,-53.394627,-43.50635,-45.44493,-55.10178,-50.935425,-48.75656,-53.542805,-56.562725,-50.90967,-48.48327,-61.9151,-63.45669,-63.17276,-61.658596,-62.459377,-65.749886,-65.78216,-66.70726,-68.08505,-67.75691,-71.03823,-72.1148,-72.69373,-73.34415,-71.558624
6560,True,-33.82834,-37.23514,-44.675568,-48.34037,-50.80101,-52.79062,-53.662376,-56.455006,-48.737064,-51.322422,-52.264286,-50.543327,-47.10783,-55.63263,-60.17903,-50.726795,-48.25331,-65.26442,-61.796066,-63.26166,-61.663013,-62.761444,-66.08458,-68.4147,-68.05756,-67.97738,-68.33071,-72.12984,-71.48201,-74.02406,-73.793015,-71.72544
6592,True,-36.943985,-39.5345,-42.216038,-44.278866,-48.887936,-53.83673,-51.620377,-49.266373,-43.933525,-46.307816,-59.92798,-54.30458,-50.590576,-56.419205,-58.52583,-51.918987,-49.616722,-61.622055,-63.283646,-63.76461,-62.68657,-63.507458,-66.88163,-68.86588,-67.428604,-65.92459,-68.27453,-72.54025,-73.75565,-74.004166,-74.9035,-74.00153
6624,True,-39.121372,-38.70694,-45.092316,-46.594044,-45.901863,-53.85502,-55.778587,-53.699394,-48.02992,-48.04799,-53.26164,-54.197765,-50.076263,-55.90535,-60.32375,-49.639275,-46.34142,-60.94725,-64.884605,-64.01458,-61.90332,-63.58816,-65.639984,-67.198326,-69.75344,-69.94314,-70.67369,-71.99987,-73.38504,-72.12226,-73.01034,-73.31076
6656,True,-37.28165,-38.98958,-46.007004,-48.333427,-47.0455,-50.73884,-53.351765,-52.094,-46.667664,-48.30301,-57.617855,-53.69557,-50.347984,-58.492054,-60.439545,-51.31421,-48.127613,-60.496994,-64.32975,-65.67817,-61.762703,-62.68994,-67.88995,-68.57016,-65.53011,-68.4743,-70.1185,-71.922356,-73.811714,-73.44998,-74.39116,-74.8824
6688,True,-32.719498,-39.045128,-44.563007,-47.010796,-52.287632,-53.87528,-54.07093,-53.939342,-46.545105,-46.894165,-55.08509,-52.76293,-48.133568,-57.73124,-59.792625,-54.136696,-51.11943,-62.053852,-62.139797,-62.296684,-60.62267,-66.40244,-67.547134,-65.83819,-69.157104,-70.10305,-71.29439,-71.66475,-73.824196,-75.3876,-74.337,-73.20912
6720,True,-36.696136,-38.945698,-42.368183,-46.584076,-50.948025,-54.31761,-52.851997,-53.315235,-50.658165,-51.30143,-56.06234,-51.74967,-47.88464,-58.183956,-59.698753,-51.608093,-50.010723,-66.28249,-66.37807,-64.39511,-61.795925,-64.02623,-67.86788,-67.16779,-69.90132,-70.75919,-70.58967,-74.22849,-74.28601,-73.18428,-71.7435,-71.95004
6752,True,-36.185482,-38.13729,-40.83779,-47.130333,-51.33293,-45.383343,-48.471375,-49.864426,-44.380417,-45.349728,-58.464466,-51.486687,-46.26129,-53.508034,-56.585747,-50.210175,-50.233,-58.838493,-61.647255,-63.836636,-61.538177,-64.90661,-60.734768,-63.234375,-63.116806,-61.499466,-56.114765,-54.23447,-54.79736,-50.20066,-52.072903,-53.720024
6784,True,-36.29395,-42.105194,-46.937775,-43.887486,-44.79259,-44.352932,-51.403904,-52.484154,-45.77935,-47.35871,-57.340466,-51.594627,-46.591347,-56.37201,-60.46467,-51.65901,-49.059982,-63.279427,-63.949738,-65.1101,-61.806427,-65.3939,-64.974335,-65.80234,-67.36926,-66.546074,-65.93451,-64.50521,-64.775154,-62.188362,-63.82446,-65.99761
6816,True,-36.46982,-39.291206,-43.01599,-45.653748,-48.887974,-50.349495,-49.926666,-53.273415,-45.690643,-47.893414,-56.405586,-50.29783,-46.51314,-56.339462,-57.345673,-49.316345,-46.37124,-60.352116,-62.169,-63.317085,-61.308285,-63.885048,-68.17098,-67.078156,-67.45566,-70.057175,-68.387764,-69.808586,-71.56478,-68.63399,-68.983696,-70.98262
6848,True,-34.85233,-40.632824,-44.30346,-47.0446,-48.098503,-47.453514,-52.659115,-49.21292,-47.18025,-48.862823,-56.02198,-51.35338,-47.099045,-54.246872,-57.97367,-48.317535,-45.458416,-62.372566,-65.15816,-64.56291,-62.367065,-63.33489,-67.021576,-68.14035,-66.59928,-68.166595,-68.38731,-69.99681,-73.61285,-72.038956,-73.853905,-74.08345
6880,True,-37.263905,-39.072357,-44.68555,-46.445343,-46.350113,-52.250458,-53.312057,-50.931404,-46.251686,-49.339832,-57.53332,-50.436764,-46.516933,-54.528088,-57.69371,-52.144848,-51.17886,-61.55026,-63.403847,-64.74734,-64.69068,-65.30469,-67.990265,-67.05066,-67.38325,-69.88065,-69.50141,-70.69155,-70.9205,-71.43126,-72.40788,-73.49576
6912,True,-36.30334,-37.435917,-44.207462,-46.633003,-51.705547,-54.949497,-54.019257,-56.114754,-45.619278,-46.623543,-55.157005,-51.676476,-48.059982,-56.8573,-58.286148,-51.794315,-49.083668,-62.288307,-63.63728,-63.581703,-61.995148,-65.38041,-69.33524,-70.49695,-70.14779,-69.1328,-70.304405,-74.26753,-74.60103,-73.74155,-75.382675,-72.73051
6944,True,-34.570175,-36.389236,-44.272972,-45.878914,-48.076874,-53.775105,-53.29886,-53.418156,-48.49626,-49.491714,-58.473,-51.10087,-47.763435,-55.076126,-58.91911,-51.76069,-49.85428,-60.728065,-65.93522,-65.094574,-63.28684,-66.72813,-68.42326,-68.151695,-69.666725,-72.07992,-69.45808,-72.99607,-72.35292,-73.47537,-73.43089,-72.13713
6976,True,-35.736538,-38.03563,-46.23266,-44.67865,-49.230736,-52.67768,-52.72701,-53.79234,-45.020634,-44.73371,-54.976692,-51.1922,-48.03692,-57.612846,-58.17356,-53.935654,-51.777477,-62.651245,-63.64995,-63.404488,-63.19061,-66.907104,-67.95618,-70.92713,-69.45134,-69.83239,-71.275955,-71.919785,-75.53136,-73.95618,-73.353264,-73.88159
7008,True,-36.32196,-38.421513,-46.8805,-47.568047,-50.094296,-60.057037,-53.667904,-54.223442,-50.76222,-47.48467,-56.683937,-50.312046,-47.218494,-55.04653,-61.897522,-50.278717,-47.492336,-61.28178,-64.1033,-65.93596,-64.25903,-67.0513,-68.00529,-67.975975,-66.47863,-71.04945,-72.58469,-74.70324,-74.107086,-73.8853,-74.01179,-73.086784
7040,True,-36.89155,-37.636776,-44.298058,-46.241035,-48.624405,-54.60476,-51.747925,-53.26213,-44.992367,-46.63002,-55.865234,-53.23487,-50.173035,-57.843475,-62.606285,-52.05436,-48.43836,-62.947773,-67.04827,-64.6586,-62.645508,-65.51248,-67.9637,-68.454025,-70.7861,-72.45221,-73.68461,-72.601074,-73.18837,-72.453606,-73.33396,-73.558304
7072,True,-33.844723,-37.78283,-42.712685,-45.06832,-45.46305,-52.870655,-51.743614,-56.163067,-48.09202,-46.256977,-54.491936,-52.209846,-49.483192,-57.060143,-59.724964,-53.81784,-50.958412,-63.383553,-65.55553,-64.298,-60.876842,-67.83127,-68.55646,-68.19105,-67.53249,-70.6298,-72.70842,-71.33397,-73.37374,-68.06326,-72.62145,-73.52995
7104,True,-36.211254,-40.98474,-45.353043,-45.490257,-49.67964,-56.80624,-57.280937,-53.990356,-46.258926,-45.360355,-53.743687,-51.842155,-50.792767,-56.862797,-59.050655,-53.622326,-51.663036,-61.64311,-65.33354,-61.749107,-62.96951,-65.36955,-68.48629,-67.31581,-67.3392,-69.46413,-71.26169,-72.222565,-74.14842,-62.93623,-70.13906,-72.488144
7136,True,-35.77957,-39.7964,-49.15196,-46.79698,-51.014446,-53.693333,-55.74637,-54.667393,-42.586765,-43.1687,-56.6279,-51.2622,-51.286186,-59.221783,-59.21583,-52.39973,-49.346092,-64.36408,-65.56213,-64.844376,-63.0933,-66.98692,-68.46561,-68.411606,-68.4324,-70.44429,-72.049,-73.15584,-73.927704,-62.90838,-69.134056,-72.570885
7168,True,-34.283432,-39.535908,-47.62459,-47.42441,-50.180573,-55.494423,-54.091347,-53.581947,-45.2426,-47.88366,-59.68693,-55.02586,-50.28224,-58.6745,-59.545635,-52.197037,-49.441414,-62.154305,-64.33007,-63.52959,-63.808903,-66.083626,-67.24529,-69.29175,-69.79256,-72.04363,-72.24664,-72.89186,-73.997055,-66.82166,-72.047455,-72.801094
7200,True,-36.148586,-37.75044,-43.257557,-46.90422,-48.822777,-52.301388,-56.49401,-54.756626,-45.632076,-48.26661,-56.308372,-53.40068,-49.576965,-55.239906,-60.91494,-50.2021,-47.11739,-62.562965,-64.02201,-64.648056,-62.261864,-66.87861,-70.0791,-69.59758,-68.43533,-70.3185,-70.713974,-72.93712,-75.15239,-67.3831,-72.1583,-72.719635
7232,True,-34.29184,-34.870205,-46.969055,-47.26746,-46.90121,-55.56854,-55.15652,-49.354786,-49.153023,-48.006443,-53.52597,-49.378067,-47.133247,-60.929813,-61.15365,-50.02251,-47.329796,-64.40144,-65.0386,-66.178635,-64.26332,-65.85575,-68.19917,-66.496315,-67.5298,-69.43094,-71.72592,-72.42133,-73.64022,-71.70677,-72.93883,-72.34509
7264,True,-32.455658,-34.013676,-42.782166,-44.65698,-48.336243,-52.910038,-56.484795,-56.152267,-43.74085,-44.85189,-59.267662,-54.722694,-50.296036,-53.01237,-58.148766,-53.25921,-51.631695,-66.52253,-65.472786,-65.18597,-63.276993,-66.64269,-68.41475,-68.66994,-68.51059,-71.81995,-71.79117,-72.89474,-74.94871,-73.670135,-74.33442,-72.43353
7296,True,-34.34742,-39.68749,-44.461952,-45.487427,-50.7772,-56.1583,-55.393883,-55.962578,-48.945274,-50.58967,-58.612656,-51.060432,-47.73004,-59.154243,-62.002,-50.635628,-47.93238,-64.412254,-65.93436,-64.33777,-61.518135,-67.38397,-68.11907,-68.08028,-68.29521,-71.22513,-72.26655,-73.8683,-73.900734,-75.44907,-73.88252,-72.04466
7328,True,-34.269947,-38.87753,-44.49224,-44.540466,-43.854958,-53.476036,-50.93468,-50.78914,-45.702076,-45.74494,-55.40631,-52.18021,-46.84582,-58.134247,-61.23867,-53.307777,-52.060413,-65.99245,-65.93457,-66.14186,-63.862038,-67.07309,-67.75812,-70.82631,-69.069336,-70.80993,-71.03893,-73.51577,-73.88518,-74.33469,-74.164375,-71.944244
7360,True,-34.192184,-40.12256,-43.626152,-44.54246,-43.95192,-52.968044,-53.461082,-56.146206,-47.536312,-48.604565,-55.629993,-50.724174,-46.791313,-58.837387,-62.14202,-51.54407,-48.502922,-62.288208,-65.564964,-66.22014,-61.565964,-67.38925,-69.46076,-68.660965,-68.823555,-70.18515,-72.049805,-73.50037,-75.26956,-73.03536,-72.178024,-72.48033
7392,True,-34.24105,-38.154884,-44.846184,-44.452446,-50.745674,-54.644363,-54.011044,-54.898003,-52.824474,-52.272793,-59.32539,-50.78354,-46.975132,-54.251934,-57.69945,-49.53782,-46.681942,-61.05905,-64.56787,-64.30295,-64.30149,-66.88153,-69.10144,-68.05792,-68.4966,-71.53884,-72.186615,-73.649475,-74.441925,-74.88152,-72.448586,-72.35411
7424,True,-37.517723,-38.127712,-44.589848,-46.24418,-49.03093,-50.72714,-48.732162,-51.03943,-46.76387,-48.627277,-55.890995,-50.476326,-47.07266,-55.622803,-61.260307,-55.923073,-52.276566,-63.18969,-65.2402,-67.822075,-65.43228,-66.3721,-67.80791,-67.30508,-69.36511,-72.055466,-71.66587,-73.15587,-75.424484,-73.03475,-74.30836,-73.29207
7456,True,-37.016117,-38.415344,-46.250454,-49.414215,-45.16397,-50.523575,-53.792057,-60.352768,-53.38802,-51.577255,-52.39781,-50.674583,-46.419228,-59.170067,-60.371056,-53.95218,-53.215057,-62.486385,-66.1521,-65.83832,-65.17173,-67.68292,-68.313995,-67.97861,-67.8642,-69.996704,-71.873024,-73.089035,-73.970024,-75.11868,-73.37539,-72.867645
7488,True,-36.190346,-36.359215,-43.95597,-45.18686,-50.742893,-53.3007,-53.60333,-53.461487,-44.488773,-45.988907,-54.63236,-48.715187,-44.786205,-56.7614,-57.61822,-53.639915,-51.64143,-63.23921,-63.9562,-64.551346,-64.1084,-67.4365,-68.538506,-69.556274,-69.13465,-72.2347,-72.6051,-73.70366,-74.535355,-75.1329,-74.82805,-72.4606
7520,True,-36.471897,-36.173935,-42.832367,-45.53608,-50.8656,-57.832954,-52.320763,-56.17392,-44.146885,-45.315468,-58.4292,-51.140335,-46.45308,-59.720825,-60.855072,-49.0747,-46.15835,-65.288956,-64.18673,-65.878174,-62.6852,-67.67186,-68.931274,-70.72186,-69.178894,-70.09853,-71.035995,-72.70793,-74.87163,-74.32276,-73.41149,-71.07079
7552,True,-36.23482,-35.655212,-43.574516,-46.170746,-48.35064,-54.623154,-52.96218,-55.034565,-45.46057,-47.736534,-54.16191,-52.05927,-47.868656,-58.336098,-59.427933,-52.110325,-48.624626,-65.88109,-66.1333,-64.375885,-64.55371,-67.72207,-67.47766,-67.885544,-69.61419,-70.98967,-71.209145,-72.6119,-73.457306,-74.60961,-74.00257,-72.79594
7584,True,-35.333393,-40.65898,-42.321968,-48.24905,-50.93219,-54.28532,-57.34498,-52.65819,-48.045425,-49.922832,-56.766037,-51.65722,-46.902794,-55.742756,-60.457348,-48.784706,-45.769516,-60.46118,-65.68107,-64.841545,-62.885555,-63.824734,-68.70569,-68.00564,-67.803116,-70.74736,-70.337776,-72.154,-73.16424,-74.955894,-73.5212,-71.521706
7616,True,-34.792763,-43.38742,-43.371407,-44.423374,-53.721714,-54.390316,-51.82644,-52.646107,-48.62337,-49.843117,-57.920628,-52.756866,-48.247643,-57.624405,-58.0102,-50.32236,-48.75405,-63.779316,-66.596275,-66.17521,-64.1147,-65.5676,-66.880424,-67.60213,-67.71108,-69.87473,-71.844376,-71.409,-73.07496,-74.22891,-73.50627,-72.68724
7648,True,-36.035847,-39.81345,-46.432793,-43.006798,-48.16976,-52.931107,-54.41797,-53.717033,-45.804855,-46.970596,-59.627625,-52.70539,-47.663345,-56.468044,-62.222363,-54.70923,-53.01674,-60.81803,-63.41285,-65.72214,-61.89217,-65.715096,-67.75717,-67.53132,-68.7715,-70.888374,-70.92927,-72.908806,-74.475204,-75.354095,-74.86202,-73.84007
7680,True,-36.586063,-38.746284,-44.667694,-46.700478,-49.587597,-57.348515,-54.152065,-52.797752,-49.6576,-51.35071,-57.309845,-53.236023,-48.72596,-57.66831,-58.768623,-51.725777,-49.688316,-61.854977,-65.0963,-65.28709,-61.73233,-66.583694,-67.5184,-66.97823,-68.0818,-69.85483,-71.33941,-74.43765,-72.43345,-74.687996,-74.01179,-73.11662
7712,True,-34.920193,-36.690907,-49.25465,-44.42079,-43.398026,-50.79622,-53.225323,-55.0913,-45.61757,-46.62138,-54.602974,-54.2948,-52.00684,-54.83145,-58.6353,-53.16174,-52.242226,-63.49601,-64.46256,-63.306427,-62.045704,-66.526634,-67.0664,-66.45871,-68.08207,-70.276665,-72.98044,-73.22267,-73.95451,-74.396996,-75.007126,-73.13477
7744,True,-36.52674,-38.236626,-46.75308,-47.38319,-44.89887,-53.6053,-53.3433,-54.430687,-48.66205,-49.640846,-63.014915,-55.404697,-50.44948,-55.85745,-60.94543,-50.25475,-47.396755,-64.04531,-63.540977,-64.71972,-63.062855,-67.23289,-67.730034,-68.48509,-68.56025,-71.29548,-71.61952,-73.031235,-74.67742,-74.12222,-74.68385,-72.53172
7776,True,-33.858402,-38.29728,-46.776077,-47.6233,-46.563957,-52.622585,-53.418385,-52.4259,-48.901154,-50.704056,-59.7098,-53.579155,-49.443604,-53.74988,-58.49029,-49.686035,-46.776127,-62.072098,-63.30406,-65.37329,-62.17772,-64.39315,-67.50784,-70.228294,-69.091446,-70.304,-70.855705,-72.730156,-75.29934,-73.9464,-72.80515,-73.105995
7808,True,-37.703533,-37.146976,-43.089188,-48.215183,-49.43412,-54.51469,-54.322006,-50.137978,-46.56689,-47.83514,-58.379333,-52.94065,-48.339237,-53.14248,-60.76048,-52.798313,-49.388733,-65.729744,-64.17108,-63.527023,-61.711002,-67.43049,-68.59611,-68.55913,-69.01298,-68.32134,-70.42095,-73.14607,-74.65944,-74.38699,-73.36841,-72.693924
7840,True,-37.10595,-38.589245,-42.58252,-46.79735,-46.417137,-55.453728,-50.9794,-56.71314,-51.56629,-51.556934,-53.031754,-50.544296,-47.13121,-54.818756,-60.619602,-51.63868,-49.499107,-62.739964,-63.06955,-63.341484,-64.24138,-66.84358,-67.850815,-69.903496,-68.57454,-69.846,-71.84501,-73.05887,-74.20039,-73.50949,-73.53366,-72.58683
7872,True,-34.420677,-36.497536,-41.963234,-46.810326,-48.713905,-54.508854,-54.55586,-55.981174,-45.08974,-46.2651,-54.057804,-50.61358,-46.629864,-54.746338,-59.84976,-57.669823,-56.084213,-62.784443,-64.19379,-63.82762,-62.40135,-66.53853,-67.62964,-67.68968,-68.96038,-70.93413,-71.0781,-73.273506,-73.412155,-74.30896,-73.2091,-72.82727
7904,True,-35.017914,-41.368465,-46.276546,-44.83356,-46.44026,-52.261448,-54.80014,-57.025925,-43.990784,-45.637062,-56.709007,-50.134907,-46.579437,-54.21082,-61.293068,-50.35885,-48.154358,-65.08681,-67.93506,-66.246124,-61.045364,-68.23905,-69.86807,-67.134544,-67.78551,-71.01217,-70.72501,-73.24007,-74.17149,-74.63076,-73.04732,-73.115105
7936,True,-40.100464,-40.82256,-46.122627,-46.77234,-52.287388,-54.023056,-51.73822,-53.445488,-45.634148,-47.66231,-57.981205,-50.158234,-45.68192,-55.73353,-58.54761,-52.536102,-49.73589,-65.3981,-66.31544,-65.342094,-63.40677,-67.8481,-66.880264,-68.684,-69.085205,-71.2284,-71.167725,-72.40295,-73.94538,-74.20052,-76.702644,-72.25668
7968,True,-35.742,-35.592293,-45.257942,-47.123634,-50.515255,-52.79407,-56.21406,-59.861313,-50.193867,-50.39061,-57.96471,-47.58177,-43.872826,-52.525383,-56.192444,-48.9539,-46.226242,-62.10661,-66.57567,-65.75065,-62.943817,-68.70679,-68.90819,-71.26946,-68.636024,-69.626396,-70.66404,-72.75483,-72.533066,-74.87604,-73.08744,-72.7237
8000,True,-34.82921,-35.507652,-43.104897,-50.366524,-49.15432,-52.532623,-53.73111,-52.143612,-46.57863,-47.222862,-56.257,-48.996735,-44.912704,-59.57775,-62.199722,-50.694862,-48.719334,-63.230442,-64.29313,-65.12531,-60.88373,-65.9469,-65.451904,-68.09997,-68.191536,-69.70476,-70.83986,-70.99694,-72.657005,-73.62031,-74.14512,-73.947685
8032,True,-34.983734,-35.014557,-46.092815,-49.34173,-47.892624,-55.85183,-52.396263,-54.327473,-47.62631,-47.750816,-54.14672,-49.66879,-45.817894,-57.153267,-61.99386,-54.962902,-52.43189,-64.145004,-63.49796,-65.66995,-62.29991,-66.954796,-69.692184,-67.71414,-68.953545,-70.74157,-71.240685,-71.91145,-73.64336,-74.537766,-72.7958,-72.10138
8064,True,-36.383186,-38.33043,-47.404804,-50.33564,-51.31678,-52.01027,-50.29943,-49.229015,-49.890877,-50.017467,-54.029434,-48.061844,-44.13118,-58.694664,-61.21488,-51.745674,-49.69591,-65.20772,-63.125015,-63.316505,-66.413795,-65.58776,-67.79811,-68.074905,-67.30014,-70.56506,-71.70772,-74.806564,-73.20057,-75.43502,-73.883385,-71.767494
8096,True,-36.319748,-40.20288,-44.442066,-44.924892,-49.58574,-53.123512,-52.09026,-54.49659,-43.5643,-44.980846,-56.594345,-49.51507,-45.380978,-56.85817,-59.873833,-55.444366,-53.80339,-62.44915,-64.47755,-66.26821,-62.189716,-65.84357,-68.466034,-67.33195,-68.35193,-70.42531,-72.48037,-72.4664,-71.728096,-75.279755,-74.306114,-72.3795
8128,True,-36.95274,-39.012222,-43.70854,-48.1893,-46.764225,-53.92263,-51.471405,-55.402084,-50.321556,-50.62531,-55.237053,-49.01185,-45.118187,-53.069016,-60.714745,-50.29398,-47.679802,-63.884827,-64.230225,-64.51972,-63.18889,-65.34401,-67.08622,-69.7249,-68.213745,-69.703735,-70.60709,-71.754105,-71.52937,-72.35074,-73.54518,-72.38248
8160,True,-34.991814,-35.853046,-42.818394,-45.08071,-47.788513,-51.709286,-52.161594,-53.88239,-45.405254,-47.18817,-60.510326,-53.59602,-48.172268,-55.506405,-60.478035,-51.058422,-47.68644,-63.794918,-66.40613,-65.740746,-62.76835,-67.38384,-69.15972,-67.86111,-69.83779,-71.34489,-70.78946,-72.78756,-73.56317,-73.795876,-72.973335,-72.30596
8192,True,-34.569595,-38.43106,-44.888985,-47.241302,-47.123055,-52.737442,-53.18618,-52.991528,-48.66571,-49.92173,-57.589897,-52.22732,-48.02734,-59.882755,-60.24778,-56.10397,-53.02084,-62.40305,-66.98605,-66.358696,-61.39505,-66.58823,-69.02057,-68.40415,-69.79397,-71.05275,-71.14043,-72.228645,-74.80793,-74.17637,-74.55037,-73.24484
8224,True,-36.252983,-35.704685,-43.089863,-46.457485,-52.577637,-57.481117,-53.388653,-50.108368,-45.717003,-47.99607,-59.32329,-51.77557,-50.077854,-55.116238,-58.576042,-53.58444,-51.6951,-64.256676,-66.03568,-63.307842,-62.17566,-67.976616,-68.02828,-68.11944,-68.297356,-70.57502,-71.61964,-73.58065,-73.22602,-72.68447,-72.847015,-71.89849
8256,True,-37.038403,-38.583664,-42.958454,-47.40641,-51.208336,-55.82036,-52.563343,-52.69886,-42.847107,-44.46169,-55.173088,-52.412354,-48.825245,-56.540527,-57.522995,-53.39874,-50.79948,-63.950798,-65.07857,-64.93514,-63.17034,-66.10915,-67.28408,-68.03983,-68.655045,-68.74909,-70.35037,-71.85481,-71.96043,-72.04158,-72.496284,-72.57247
8288,True,-34.694984,-35.94885,-43.02525,-45.7894,-46.40455,-51.59783,-58.120136,-56.660023,-43.62858,-45.290226,-56.254116,-51.222107,-49.094513,-58.843746,-59.612717,-51.91856,-49.217525,-63.095398,-66.40664,-65.62675,-64.32651,-66.00906,-67.04536,-66.95289,-69.25875,-68.44773,-69.84938,-72.800934,-72.96855,-73.33403,-72.74348,-73.97745
8320,True,-38.935585,-39.558857,-44.689297,-49.18114,-50.045235,-53.877316,-51.133514,-52.055405,-44.70278,-46.046562,-54.33287,-53.508026,-49.501514,-56.998528,-60.34567,-49.287716,-46.480453,-64.20477,-63.606506,-67.6883,-61.83117,-66.35037,-68.88085,-68.79454,-67.630196,-69.66808,-69.44371,-70.06852,-71.87196,-72.778755,-73.061455,-72.09266
8352,True,-33.94734,-37.2268,-46.214756,-47.206802,-46.2426,-54.741066,-52.212074,-55.732197,-49.962673,-51.182365,-60.289616,-51.60835,-49.28395,-57.509514,-60.632828,-50.097218,-46.880363,-63.722034,-65.49486,-65.066315,-62.704666,-65.55318,-66.6242,-67.84646,-68.42788,-67.40815,-68.76062,-71.84194,-75.38184,-72.4817,-72.225876,-71.340576
8384,True,-38.46965,-41.466656,-46.74253,-47.280045,-47.882812,-52.621746,-56.995277,-60.484753,-44.125404,-45.367325,-58.334763,-51.192837,-48.926846,-55.881134,-57.744957,-53.69293,-51.4812,-62.146664,-65.274475,-65.77623,-64.93536,-66.383446,-68.24873,-68.47674,-69.72895,-71.12148,-71.47669,-72.05351,-74.973404,-73.63733,-73.69296,-73.45705
8416,True,-38.28633,-38.742043,-41.846527,-46.495407,-49.241486,-53.506348,-52.84635,-52.82806,-45.435547,-45.79741,-57.3657,-50.824932,-47.944725,-57.21135,-58.992203,-50.747253,-47.462574,-61.71494,-62.929684,-63.836254,-62.438663,-67.27214,-68.90354,-66.64998,-68.0538,-70.71512,-71.651825,-72.201744,-73.51124,-74.146286,-74.827896,-72.46889
8448,True,-37.885338,-39.07084,-40.40396,-49.351498,-48.580322,-54.586292,-54.637177,-55.200176,-46.1561,-46.96702,-56.144592,-50.321266,-47.177803,-56.28937,-60.201992,-52.59535,-51.290962,-63.301857,-64.55517,-65.55853,-62.371635,-65.61941,-67.275856,-67.15989,-68.18366,-71.18908,-70.19565,-72.849014,-73.151184,-72.26972,-72.472,-71.3006
8480,True,-35.98274,-38.145382,-44.730705,-48.202877,-51.67084,-53.72426,-51.4506,-56.510998,-44.212547,-43.632812,-55.848373,-51.54614,-47.643776,-55.244286,-57.46952,-48.72442,-46.005707,-64.36512,-66.26053,-64.74913,-61.76153,-64.37477,-66.698135,-69.86355,-69.89189,-69.72673,-68.907196,-71.20877,-71.80353,-73.03948,-71.26273,-71.051414
8512,True,-34.78317,-35.812435,-43.121277,-42.835308,-46.0696,-52.969185,-54.687904,-54.87088,-50.678524,-48.0443,-55.804176,-51.956253,-48.29092,-58.61918,-61.910408,-48.620316,-46.231125,-61.66355,-65.75384,-64.275406,-62.028275,-65.81995,-65.58832,-67.52076,-69.0359,-70.2711,-69.374504,-71.412994,-72.27396,-73.01224,-72.43489,-71.10162
8544,True,-33.19882,-35.174152,-43.274178,-44.22886,-44.2203,-53.54236,-53.06978,-53.595184,-45.69912,-45.10177,-53.019104,-52.375404,-47.633377,-57.468525,-58.594097,-54.7961,-51.581844,-61.47223,-60.971207,-62.069633,-62.464775,-65.543564,-67.50619,-67.45799,-67.51581,-68.86605,-71.46995,-73.594315,-73.117325,-72.95814,-72.07025,-71.37031
8576,True,-35.375496,-36.462017,-41.93712,-46.68708,-47.373577,-60.30129,-58.146286,-52.010834,-50.52346,-47.876755,-56.035774,-50.551247,-46.565918,-57.097916,-59.404663,-55.469215,-53.372173,-63.496002,-66.33722,-64.78105,-62.465378,-64.35431,-65.72997,-68.506424,-70.18129,-68.263725,-70.6755,-71.702545,-72.79958,-74.53624,-73.86793,-71.23412
8608,True,-33.898666,-36.160625,-44.05626,-46.456223,-51.067635,-54.34965,-53.63965,-52.52591,-43.967575,-44.982838,-57.685066,-50.685593,-46.76171,-55.68455,-57.827076,-55.585373,-55.86681,-63.99355,-67.20976,-65.310684,-64.45312,-67.83995,-67.39735,-66.971085,-68.759705,-70.005035,-70.26118,-70.66499,-73.880554,-75.67978,-73.151085,-72.56918
8640,True,-33.488106,-34.180378,-41.566433,-45.256428,-54.33228,-53.302902,-53.094444,-48.988968,-42.587852,-44.1572,-56.289803,-52.069466,-48.381752,-54.312977,-63.0476,-52.63759,-49.645058,-62.196217,-64.4198,-65.339386,-61.32541,-66.029526,-66.83405,-68.54081,-70.99773,-70.16275,-71.411545,-72.10998,-74.27214,-72.421,-73.73972,-73.460815
8672,True,-37.7533,-38.66076,-44.236645,-43.03158,-51.60005,-55.299194,-51.451836,-51.19832,-47.311813,-49.141235,-56.60704,-51.761894,-48.111115,-58.217262,-58.989025,-52.899395,-50.72146,-62.225033,-67.27709,-65.15481,-64.63794,-66.89099,-66.39075,-69.38849,-69.93188,-68.99547,-69.831314,-71.65236,-73.8542,-72.5388,-74.6548,-75.0034
8704,True,-34.221455,-41.7053,-44.639038,-44.752296,-49.83937,-53.66059,-52.509087,-55.815613,-47.0924,-49.24418,-59.094765,-53.617977,-49.221123,-56.793728,-59.316326,-49.494026,-46.44799,-61.231785,-62.773647,-63.029633,-61.485294,-63.519493,-65.3202,-67.77761,-68.03326,-71.11623,-71.06532,-70.81503,-72.7708,-75.0255,-74.63041,-73.55568
8736,True,-34.212017,-34.817062,-48.37057,-53.519287,-48.927418,-52.414932,-52.380714,-51.00776,-49.781487,-48.46965,-56.116375,-52.012558,-49.297123,-56.50286,-57.26637,-50.563103,-48.810802,-65.73361,-65.186455,-64.14135,-60.54177,-65.8419,-67.304596,-67.778046,-69.47517,-70.779106,-72.4591,-72.5757,-72.97013,-72.59619,-72.75827,-73.893196
8768,True,-37.461205,-36.715168,-41.221878,-47.15953,-49.465042,-58.038185,-59.019817,-55.390602,-43.402527,-45.2221,-58.674217,-51.829926,-47.047062,-52.755352,-56.35828,-56.67507,-55.48231,-62.30484,-62.940327,-63.13755,-59.934177,-64.26432,-63.556957,-67.118454,-68.954605,-69.87729,-71.7371,-72.16454,-72.787834,-73.72351,-73.08784,-73.39034
8800,True,-32.210087,-41.47493,-46.061207,-48.275143,-49.92269,-56.250626,-55.634007,-59.330315,-48.376278,-49.707947,-53.507156,-53.709755,-49.988373,-52.941162,-54.76768,-51.383095,-50.16494,-62.723194,-62.99227,-64.98987,-60.851463,-66.58496,-65.032486,-67.67917,-68.40094,-67.20962,-69.5908,-72.39114,-74.77457,-73.89215,-73.091415,-72.22389
8832,True,-33.904,-35.319572,-43.07184,-46.053062,-55.853172,-57.123695,-52.975468,-54.89028,-43.742558,-44.561806,-55.3577,-51.71131,-48.294228,-52.825623,-58.039856,-55.411102,-53.850933,-60.70065,-64.848366,-63.449932,-64.97182,-65.603836,-65.75875,-65.20702,-69.18388,-69.94914,-71.301346,-72.76249,-73.98813,-73.91431,-72.24117,-70.53386
8864,True,-34.861763,-38.587288,-41.51528,-47.56918,-49.16786,-53.003006,-52.45418,-55.187187,-48.57495,-49.284557,-56.98387,-51.673378,-47.513386,-53.00679,-58.469254,-53.09815,-50.919018,-60.53204,-66.21971,-65.448494,-62.289852,-65.43401,-68.262184,-69.35078,-67.21737,-66.84238,-69.52987,-70.40845,-73.153015,-73.26014,-73.83952,-72.94066
8896,True,-35.184242,-37.57345,-46.73994,-45.26857,-48.57068,-52.40528,-54.54328,-52.34054,-48.62927,-50.19832,-52.86674,-51.474957,-47.241524,-49.114204,-53.204697,-47.74576,-45.447746,-61.019516,-62.884247,-62.786526,-61.117226,-64.73848,-63.900112,-67.12142,-68.1409,-70.1252,-70.593254,-72.992966,-73.93559,-73.48036,-72.90931,-73.27705
8928,True,-34.574444,-36.03739,-43.92727,-50.002132,-49.78599,-55.36785,-50.8191,-54.237766,-44.913452,-46.03254,-54.504677,-50.58465,-47.35613,-57.31421,-55.68847,-53.32686,-50.83979,-59.470474,-63.70378,-64.88837,-60.753006,-62.80284,-63.758244,-67.85332,-68.92253,-68.14047,-68.93956,-72.200134,-72.717705,-73.05652,-73.03575,-72.152016
8960,True,-35.446976,-36.190468,-44.56091,-49.585323,-49.454784,-51.536583,-52.480324,-52.29737,-52.93303,-50.43692,-51.567047,-49.173058,-45.728645,-53.4577,-53.162994,-51.057873,-49.39714,-59.814445,-61.160843,-63.088993,-62.43839,-64.87584,-65.40857,-66.55106,-67.05534,-70.21282,-70.339294,-70.91889,-71.87824,-72.64989,-73.099045,-73.71792
8992,True,-37.251335,-38.145298,-43.37805,-45.51191,-45.973934,-53.910477,-52.087006,-48.773514,-44.9856,-46.26793,-54.348946,-49.45527,-46.415085,-52.988007,-56.098763,-54.914722,-55.921444,-59.866123,-64.69703,-64.14453,-62.478218,-65.730865,-67.15355,-67.86831,-69.20434,-69.73106,-70.8244,-73.24472,-73.48968,-72.93458,-72.8103,-70.43205
9024,True,-36.469425,-38.107693,-44.125336,-47.15073,-46.031784,-55.14927,-56.24665,-54.040146,-43.63953,-44.955746,-53.615322,-49.020187,-45.989605,-53.873,-56.714096,-50.885086,-48.13921,-60.113113,-63.586876,-64.47551,-61.126335,-65.45978,-64.711296,-66.28186,-68.16042,-69.98522,-70.59146,-73.31772,-73.718575,-73.66129,-72.8324,-74.15803
9056,True,-34.937428,-37.487476,-43.48333,-47.35795,-46.32421,-56.782425,-51.99499,-52.912327,-45.483948,-46.821716,-54.759773,-48.977783,-45.523796,-53.34204,-54.570843,-53.761555,-51.241768,-61.53187,-61.87297,-63.117622,-61.019623,-66.55611,-67.366325,-67.856285,-69.039345,-69.800735,-70.34392,-71.29024,-73.744,-74.00524,-72.72025,-72.90834
9088,True,-36.085457,-40.95024,-44.70063,-45.944824,-50.958042,-56.872974,-56.051834,-57.0389,-49.50146,-50.66915,-53.994614,-49.67237,-46.014664,-52.199974,-55.656628,-50.436096,-47.593224,-62.191105,-64.495834,-65.18774,-61.7582,-65.72471,-68.24177,-66.78756,-68.88496,-68.89092,-71.8071,-71.95455,-73.601974,-73.334526,-74.14827,-71.645615
9120,True,-39.341442,-38.077644,-42.81318,-43.704067,-47.73548,-52.904533,-53.277077,-54.44407,-46.64325,-46.505074,-55.443058,-49.595913,-45.47177,-57.315666,-57.102676,-53.463093,-52.249847,-60.02481,-64.69109,-65.28236,-63.206383,-67.338394,-68.69456,-68.64594,-69.50219,-70.7097,-71.689896,-71.146324,-73.34001,-68.86838,-72.65746,-73.205414
9152,True,-41.133957,-43.368626,-45.064583,-48.82214,-49.823997,-52.9361,-55.150238,-52.141136,-45.21305,-46.634254,-57.300278,-49.98262,-45.66015,-54.47414,-58.59909,-54.322895,-52.510117,-62.027058,-64.292564,-65.404045,-62.36221,-64.94967,-69.05731,-66.60761,-66.9892,-68.70061,-70.943855,-71.10332,-73.81326,-66.183136,-70.59233,-73.28603
9184,True,-35.855896,-37.561066,-46.580246,-46.502525,-46.400955,-55.11889,-49.631496,-50.104362,-51.574665,-50.473045,-56.18416,-50.58097,-46.006702,-54.66663,-58.969593,-51.111164,-49.44952,-63.41855,-64.08095,-64.112045,-60.97499,-65.59459,-67.871925,-67.75602,-67.95741,-70.46494,-70.70123,-72.31639,-71.83084,-68.010956,-71.47124,-72.49677
9216,True,-37.484077,-37.906174,-42.23332,-47.33361,-50.377937,-51.8246,-53.03371,-55.842648,-44.55249,-45.7185,-54.45244,-49.578323,-45.22149,-54.02721,-59.168167,-53.279083,-51.343937,-61.566944,-63.316998,-63.702274,-60.660156,-65.74212,-69.0948,-67.22967,-67.880165,-70.24301,-70.68768,-71.43402,-72.28824,-70.71785,-72.017456,-72.175224
9248,True,-31.329132,-35.486916,-45.18872,-48.2394,-52.302612,-54.658417,-53.358406,-52.515636,-49.201515,-49.9297,-56.115128,-51.595078,-46.954594,-55.844925,-59.651382,-50.241837,-47.786118,-63.1568,-64.605484,-65.59053,-61.633224,-66.279785,-69.28644,-67.70555,-68.720825,-71.539505,-72.972275,-74.24319,-73.691895,-73.57539,-72.614685,-74.2402
9280,True,-34.38171,-37.591694,-42.47608,-46.995056,-48.760372,-50.803417,-50.082874,-51.779972,-47.11868,-49.011936,-53.601994,-52.502438,-48.80814,-56.67617,-60.373474,-52.052605,-48.677277,-63.79258,-66.03955,-65.992455,-60.80585,-66.79616,-68.922356,-68.62671,-68.300964,-71.24885,-72.105515,-71.81083,-73.88812,-74.8945,-74.815445,-73.33474
9312,True,-33.421307,-35.380287,-41.98787,-45.89106,-49.36535,-54.365067,-54.861835,-53.834244,-47.11712,-49.632053,-54.534462,-52.66214,-50.49704,-55.845673,-58.546295,-55.933002,-53.534542,-59.931736,-66.127365,-68.058105,-61.709362,-66.7302,-70.022964,-69.28619,-70.44145,-70.648415,-71.56661,-72.11453,-72.038765,-73.22998,-74.42391,-71.84715
9344,True,-35.879166,-37.676636,-45.937267,-45.801163,-51.68328,-56.861076,-52.91961,-50.70116,-47.429245,-47.44352,-55.723526,-52.111404,-48.856262,-58.664032,-59.038002,-55.170826,-52.066414,-64.145195,-65.11611,-63.89522,-62.195587,-67.67084,-68.18267,-68.20809,-69.48593,-70.73341,-70.674706,-72.7654,-74.442116,-75.24452,-74.2508,-73.1281
9376,True,-33.86728,-36.40613,-41.14904,-43.23595,-46.523087,-55.68355,-52.31563,-51.458286,-42.01689,-43.62606,-55.61138,-53.704716,-49.118313,-53.919975,-58.205624,-53.43346,-50.662125,-63.964493,-67.17984,-64.43551,-61.982727,-65.58399,-68.1904,-69.36953,-67.8852,-70.49009,-72.58954,-72.99663,-74.593575,-74.92923,-73.75284,-72.70728
9408,True,-33.42746,-38.68872,-46.478764,-47.23698,-47.714058,-56.616913,-53.535027,-52.363617,-44.491333,-46.918697,-58.019596,-54.50758,-50.556,-55.637222,-58.425262,-51.492123,-48.65734,-61.95942,-63.6008,-64.09835,-62.37477,-66.319214,-69.85655,-69.51704,-70.02913,-71.2247,-69.88198,-72.49631,-74.42634,-74.050545,-73.97384,-73.653694
9440,True,-33.56177,-41.528095,-44.658615,-48.72071,-51.43933,-54.67453,-54.09105,-52.618557,-43.501667,-45.773434,-55.922806,-52.65518,-49.59568,-55.43365,-58.706547,-49.32422,-46.25067,-63.707375,-63.937386,-64.37307,-62.39706,-65.95578,-68.24301,-69.14398,-69.56133,-71.46742,-72.03849,-74.036865,-75.4167,-74.74551,-74.50552,-72.7742
9472,True,-34.71725,-36.584343,-44.876625,-49.29316,-50.7125,-52.231407,-53.590508,-55.610813,-51.958786,-52.642693,-56.085358,-50.595688,-46.751717,-57.417713,-61.54575,-49.287434,-46.300285,-62.077194,-65.78548,-64.4432,-63.82173,-68.62445,-68.250046,-69.08912,-67.311295,-68.9862,-72.27538,-71.99437,-73.82758,-73.311745,-73.640015,-73.44388
9504,True,-36.656345,-39.224167,-45.479702,-46.738567,-49.12373,-53.39071,-51.962837,-54.251118,-44.1662,-46.092495,-54.42116,-48.85506,-45.132977,-55.649185,-56.88728,-54.48661,-53.091866,-60.516975,-64.948586,-64.49607,-62.979523,-68.05888,-67.21436,-67.47307,-68.590866,-70.05966,-73.786705,-73.702484,-76.16845,-73.73589,-73.12551,-73.77234
9536,True,-38.195606,-36.477226,-43.263897,-45.125446,-53.02683,-53.064686,-53.187798,-55.851284,-46.53045,-48.070545,-57.71019,-50.80496,-47.475136,-54.978745,-58.10263,-52.041237,-49.698658,-60.715576,-61.159573,-63.649693,-65.0468,-67.32329,-66.71759,-67.14143,-68.38677,-69.46679,-71.198166,-71.67075,-73.45847,-74.48973,-72.494514,-72.52997
9568,True,-35.546795,-39.15714,-43.26645,-48.353775,-47.824127,-53.37549,-53.940987,-52.969128,-47.335247,-48.084076,-55.228405,-50.67989,-46.429028,-54.69171,-60.98935,-52.22384,-51.260597,-64.40474,-62.800735,-63.98182,-64.625885,-65.1802,-67.66381,-69.21566,-67.80584,-69.997154,-70.81549,-71.7133,-72.557686,-73.066765,-74.05948,-71.31735
9600,True,-35.74601,-38.247326,-40.553635,-44.56613,-46.553947,-57.042053,-57.16488,-53.081436,-43.962597,-45.961346,-55.08516,-50.92804,-46.006607,-56.81465,-58.482895,-52.621902,-50.348824,-63.26494,-63.495556,-63.43556,-61.39244,-66.0378,-67.25885,-70.103584,-68.965256,-70.803314,-70.78199,-72.23743,-73.20859,-75.31079,-74.55607,-72.25924
9632,True,-33.849823,-36.817207,-43.869415,-47.39449,-49.0303,-55.16602,-54.2312,-51.259552,-49.714012,-50.955513,-59.43773,-50.393505,-46.049725,-60.18548,-59.09852,-49.001984,-46.71768,-62.13874,-65.56574,-66.44457,-63.516994,-68.40301,-69.55061,-68.79456,-70.66291,-71.80259,-72.77055,-72.89133,-74.23535,-73.80325,-73.463425,-72.61427
9664,True,-36.64914,-36.661064,-45.91274,-51.53338,-49.59187,-52.58464,-51.86558,-53.328773,-46.30185,-48.706875,-58.333736,-49.791977,-45.6372,-57.030235,-59.768692,-53.991463,-51.486336,-65.37602,-63.676445,-66.14107,-65.03676,-68.84427,-68.13233,-69.14043,-67.6124,-69.236534,-69.696815,-73.38869,-73.58318,-74.501755,-74.13154,-72.92401
9696,True,-38.2657,-40.754604,-46.17212,-48.76964,-46.401222,-53.30446,-49.69902,-52.376534,-49.61637,-48.308685,-56.267326,-50.95081,-46.236298,-55.482094,-56.65108,-56.71948,-55.317596,-65.24694,-60.718227,-60.147827,-61.108593,-64.383644,-63.81047,-65.12139,-65.61756,-66.30887,-68.572624,-67.333954,-67.13595,-64.9945,-67.996826,-71.651886
9728,True,-35.21382,-39.229958,-43.796955,-46.667732,-46.19823,-52.86083,-53.302402,-53.757874,-46.93521,-48.578445,-56.31073,-49.866173,-46.930443,-53.475754,-59.52912,-54.938965,-53.13991,-63.476604,-63.464203,-64.10371,-60.82701,-64.65743,-65.245964,-65.8817,-65.38528,-68.00469,-68.84981,-70.2112,-70.11069,-70.52911,-73.1155,-72.45032
9760,True,-34.701958,-38.43371,-42.64936,-44.687515,-47.572308,-52.287827,-57.0138,-55.66255,-42.48955,-44.066284,-56.662148,-51.76663,-47.93678,-56.58763,-58.06101,-53.082615,-50.86949,-62.93041,-64.37428,-66.39059,-60.089256,-68.20659,-69.87155,-67.688095,-68.13057,-69.22261,-70.20581,-71.479996,-72.64721,-73.56887,-72.16454,-73.47574
9792,True,-34.41856,-38.325047,-46.502422,-45.946,-47.0942,-54.613567,-54.445724,-52.913452,-47.943222,-48.02833,-54.506104,-52.82283,-48.322906,-57.290337,-59.228558,-52.73423,-50.336792,-64.61767,-65.326584,-65.214554,-61.674652,-68.87385,-70.0251,-68.161995,-68.691864,-70.410065,-71.16485,-71.43029,-72.12706,-73.43047,-73.31023,-74.00596
9824,True,-32.80645,-37.181274,-44.906136,-49.950428,-49.61225,-55.069355,-57.776,-54.743748,-47.327095,-49.78558,-56.20184,-52.892704,-48.87858,-58.60473,-58.37863,-50.2452,-47.414307,-62.973038,-65.63279,-67.40032,-60.51163,-68.83474,-69.963326,-68.354126,-70.28221,-70.59913,-70.61209,-73.30763,-74.91988,-74.7305,-73.77079,-74.09132
9856,True,-36.03687,-38.09258,-42.15976,-46.794968,-52.263393,-54.773254,-54.877754,-54.584236,-48.278675,-47.819977,-56.19716,-52.41153,-48.0904,-58.120712,-59.352757,-50.22245,-47.815914,-62.425827,-64.069695,-64.970795,-60.007282,-65.71063,-69.30649,-67.80246,-68.60547,-70.660065,-71.26481,-72.83469,-73.72084,-74.767624,-72.80162,-73.06191
9888,True,-33.478577,-42.61352,-42.750595,-45.644867,-48.31381,-55.971622,-54.271683,-53.64971,-43.897438,-44.935875,-55.470436,-54.161278,-50.06803,-53.613094,-57.8713,-54.835342,-52.845844,-62.460182,-64.07929,-65.83083,-60.28484,-69.920456,-67.97521,-69.2682,-70.041824,-70.83619,-72.76341,-73.59967,-73.47461,-74.37412,-74.02674,-73.50225
9920,True,-35.866047,-40.199173,-43.18747,-43.604504,-49.220764,-56.88959,-54.796047,-49.985012,-49.738106,-51.18331,-56.16879,-56.172634,-51.39904,-56.07565,-57.511482,-52.23513,-49.424026,-62.469772,-64.770546,-63.529247,-60.524513,-66.42972,-66.56659,-70.057816,-69.49846,-71.35531,-71.83141,-72.20955,-72.927925,-74.50585,-74.317154,-72.555046
9952,True,-36.953568,-38.943703,-45.16918,-45.480896,-47.422188,-54.66286,-51.70618,-52.997036,-47.427795,-47.10784,-55.755096,-54.51168,-50.484505,-54.94741,-58.761196,-53.928123,-53.274345,-62.54612,-63.3983,-64.66914,-62.405464,-67.32158,-67.537674,-67.98759,-69.60336,-71.84703,-73.00917,-73.81534,-74.01858,-75.72171,-73.43912,-72.058136
9984,True,-34.53714,-38.30374,-45.833153,-50.13638,-47.076702,-50.140198,-53.9296,-54.83129,-45.405586,-44.576115,-55.978245,-53.40351,-49.246826,-58.794434,-61.184963,-53.74241,-50.737873,-62.843277,-62.128468,-65.24542,-61.97063,-66.71552,-68.667984,-68.83761,-69.501236,-70.77577,-70.85001,-72.44227,-73.22791,-73.00454,-73.109924,-73.20026
