timestamp,faulty,band_0,band_1,band_2,band_3,band_4,band_5,band_6,band_7,band_8,band_9,band_10,band_11,band_12,band_13,band_14,band_15,band_16,band_17,band_18,band_19,band_20,band_21,band_22,band_23,band_24,band_25,band_26,band_27,band_28,band_29,band_30,band_31
0,False,-26.25208,-28.038635,-32.487362,-33.24321,-37.19006,-40.920696,-44.63022,-45.023903,-40.91593,-40.27546,-47.541965,-47.324657,-43.233963,-46.35823,-43.751778,-50.65217,-51.24079,-47.364487,-52.59027,-52.29342,-50.372353,-52.809944,-53.60172,-54.59768,-54.45845,-56.58013,-57.128796,-56.0218,-51.860153,-48.11294,-55.492012,-61.58917
32,False,-21.183252,-25.007912,-31.510014,-33.092457,-38.177177,-38.418823,-39.769268,-42.64763,-38.330082,-37.588524,-43.69833,-44.709774,-45.283813,-43.258457,-41.01207,-47.177948,-46.56604,-48.395847,-49.353065,-47.89095,-50.22716,-50.504574,-50.19496,-50.937393,-52.7614,-53.222923,-55.0328,-56.083855,-53.701153,-46.432724,-54.17992,-60.100998
64,False,-23.302967,-23.463707,-25.78016,-31.645157,-34.18257,-40.9128,-38.47589,-41.233097,-36.963688,-36.733227,-42.96896,-44.5029,-44.11248,-41.895615,-42.517708,-44.911224,-43.525543,-48.911976,-51.30712,-52.441616,-51.25189,-51.24912,-52.82714,-55.469517,-55.718597,-56.065865,-57.67919,-58.645714,-55.013966,-49.212593,-56.532898,-63.12611
96,False,-26.759102,-24.599499,-29.899576,-34.29319,-34.56235,-36.461452,-38.942787,-40.057636,-37.80712,-38.749683,-47.648968,-47.975243,-49.427776,-46.723892,-41.13218,-46.26689,-47.45485,-51.616493,-52.059822,-54.376762,-53.88192,-53.21128,-55.801353,-57.895622,-57.45411,-57.615463,-59.272736,-60.045578,-60.67152,-55.257572,-61.042957,-65.503975
128,False,-22.988735,-23.85401,-29.216545,-34.676884,-39.3365,-40.29472,-41.271873,-41.966988,-37.915215,-37.353313,-44.254894,-47.723167,-49.756886,-49.03686,-47.021355,-47.614456,-49.16109,-53.44963,-54.00604,-53.29589,-54.74808,-54.144688,-54.83822,-58.956863,-58.857807,-60.150604,-62.014153,-62.972076,-62.572937,-60.567368,-64.10209,-66.51986
160,False,-22.92844,-24.681828,-27.663109,-31.744911,-35.071926,-37.73919,-39.673855,-41.254997,-40.649456,-40.115097,-45.526943,-46.960594,-47.61537,-48.300476,-42.939995,-45.182167,-50.00744,-46.685184,-47.306458,-48.31317,-51.65823,-52.2003,-50.865444,-51.967358,-51.704105,-52.872864,-53.235226,-54.19632,-55.662033,-52.65169,-55.661156,-57.721283
192,False,-28.433304,-26.356792,-29.781998,-32.3579,-38.090286,-39.95089,-41.2864,-40.312386,-40.888237,-40.53193,-44.7409,-43.779392,-45.651512,-45.910244,-44.65485,-51.23532,-46.249638,-48.46342,-52.457565,-52.759415,-52.180588,-52.81544,-52.129055,-54.698685,-56.08993,-56.872784,-57.050903,-61.013115,-59.428383,-58.26712,-60.694157,-63.799232
224,False,-25.81397,-26.032692,-27.967648,-32.21565,-35.83335,-40.526928,-44.52751,-44.509655,-37.13941,-38.28913,-46.262924,-44.41145,-46.955605,-45.687984,-45.968445,-46.930504,-49.791473,-51.838577,-51.149845,-52.767975,-51.50543,-53.645668,-53.66373,-54.094242,-57.004257,-57.382793,-58.76549,-60.71502,-60.28584,-62.150303,-62.651024,-65.870155
256,False,-28.181053,-24.406431,-29.774559,-31.46946,-34.787163,-37.91498,-39.384697,-42.808605,-39.418682,-42.568207,-50.322342,-47.779633,-46.68386,-46.962418,-46.991993,-47.88525,-49.80803,-50.0077,-54.811802,-52.102528,-53.589943,-53.309666,-52.54229,-56.739418,-58.682476,-59.11614,-60.327835,-62.927048,-62.45024,-63.320232,-66.36028,-67.19581
288,False,-24.753494,-23.206512,-27.600418,-31.133617,-36.924007,-37.681168,-41.367153,-42.76673,-36.37051,-36.40435,-45.88629,-47.9983,-48.44786,-45.934788,-45.979607,-49.902794,-50.764793,-51.30564,-53.251884,-57.35623,-55.351353,-52.13879,-55.2752,-55.498817,-56.811302,-59.630604,-61.767155,-63.184643,-64.46166,-64.722145,-66.81737,-67.359024
320,False,-24.91871,-23.5904,-28.696568,-32.572716,-35.01828,-37.40559,-41.80745,-41.131977,-39.043488,-38.593987,-45.442944,-45.12944,-47.687374,-48.255573,-46.205784,-48.295437,-49.46775,-52.252632,-50.890327,-51.58252,-52.91878,-54.750515,-55.182228,-55.939064,-59.80523,-59.470215,-61.830147,-63.969364,-65.69592,-65.31449,-68.00299,-69.672195
352,False,-26.220634,-25.563623,-33.728592,-32.910416,-39.29512,-43.5297,-43.995438,-44.97809,-40.10652,-40.377068,-44.975967,-46.385246,-46.479637,-43.828083,-46.29866,-46.183746,-52.463413,-51.623688,-52.71766,-53.50416,-55.220695,-55.661015,-53.608192,-59.319454,-62.089775,-61.004906,-62.39383,-63.24634,-64.108765,-62.956165,-63.535645,-69.46938
384,False,-24.042948,-24.959171,-30.008236,-30.79137,-30.933735,-35.541824,-33.679737,-31.161386,-34.137817,-41.396805,-36.53609,-33.917305,-33.665012,-38.55322,-38.7182,-35.11667,-38.897346,-44.342022,-48.945854,-51.88706,-51.02924,-53.107986,-52.947075,-55.85802,-58.145187,-60.13477,-61.434616,-62.47277,-61.274754,-62.56786,-63.93442,-64.40367
416,False,-26.82269,-24.798792,-29.459364,-32.204567,-29.024296,-29.385246,-32.931404,-25.34409,-30.788095,-35.903847,-31.250937,-32.31727,-31.978966,-33.545345,-37.369644,-32.19445,-38.308098,-43.56026,-45.512924,-49.119164,-48.012375,-51.35843,-50.748756,-54.92201,-56.549522,-57.977844,-60.095745,-59.83727,-60.05747,-62.103836,-65.010994,-64.22156
448,False,-27.871714,-24.94522,-27.353182,-32.909454,-33.085495,-34.149117,-39.397663,-32.801098,-36.599144,-41.73291,-42.829037,-42.242607,-38.191967,-40.168262,-43.924812,-44.414078,-46.48274,-49.362846,-51.136017,-54.208725,-54.601532,-54.00466,-56.27301,-57.239494,-59.093254,-60.20056,-62.81883,-63.148808,-64.13905,-65.64609,-66.694176,-68.71423
480,False,-27.253935,-26.81553,-28.621243,-32.449883,-31.113253,-36.131653,-40.575943,-40.52908,-38.275303,-39.07011,-42.6793,-42.8451,-41.98707,-41.482815,-41.35782,-42.14615,-42.748013,-40.606388,-45.210434,-49.98118,-49.0532,-48.4808,-50.2938,-54.571186,-54.181156,-55.69143,-56.651894,-56.865173,-56.711575,-59.3795,-60.55909,-67.42621
512,False,-24.274906,-25.513018,-31.084898,-30.623123,-36.037395,-42.51796,-37.719036,-37.98315,-36.365837,-37.897476,-42.98836,-44.20799,-44.894188,-45.523163,-42.618477,-44.490585,-45.280975,-44.385567,-48.044853,-48.58941,-49.52644,-49.933414,-52.978157,-53.991592,-53.03017,-55.800034,-58.448353,-58.404507,-59.377968,-61.009182,-63.16577,-67.529785
544,False,-23.597263,-23.450851,-28.111439,-31.573503,-34.835304,-42.109455,-43.575027,-42.893402,-35.753365,-36.96346,-48.067802,-47.123024,-45.153732,-44.11953,-44.06562,-44.679623,-45.507656,-46.456493,-50.086956,-51.56507,-53.49405,-53.722454,-55.015106,-56.71761,-56.960545,-57.32719,-59.907898,-61.994583,-61.986008,-62.245884,-64.80167,-67.62
576,False,-27.060959,-23.457956,-28.366568,-32.954506,-38.306747,-39.624435,-38.646675,-39.942467,-39.06423,-38.770134,-44.997017,-46.350193,-44.956112,-43.338943,-42.342636,-44.988514,-49.43242,-50.695286,-55.90359,-55.135315,-54.58727,-52.178005,-54.37042,-58.16735,-57.202812,-58.637444,-59.475285,-60.861908,-64.60105,-64.86738,-65.599014,-68.67555
608,False,-27.250366,-25.094498,-29.812162,-30.487568,-34.714935,-39.43544,-42.551018,-45.892673,-37.22973,-37.270477,-44.184147,-43.516357,-41.906593,-46.177868,-46.620792,-49.47502,-49.50501,-51.462868,-51.71377,-53.03287,-55.259113,-54.56612,-56.530766,-57.59062,-58.060432,-61.482506,-61.980698,-63.690205,-64.13628,-64.56421,-66.54553,-69.759415
640,False,-28.76542,-22.957079,-29.228642,-33.63213,-34.081123,-37.654682,-39.217113,-43.43776,-34.02657,-34.37403,-46.649002,-45.274967,-45.00786,-47.60388,-48.513775,-48.535637,-49.228577,-49.03294,-51.923847,-53.341385,-53.600365,-55.186123,-54.87705,-59.005066,-60.30581,-60.2829,-62.007835,-63.413662,-64.29462,-65.695984,-67.309906,-68.17551
672,False,-25.439081,-26.700537,-28.292034,-30.921106,-33.7767,-39.056934,-39.311634,-39.880405,-38.296574,-37.66008,-42.8396,-49.963043,-49.303474,-47.838215,-43.964596,-45.951492,-46.652847,-50.846893,-51.358734,-53.424778,-54.57183,-51.788445,-55.510296,-56.40381,-57.39715,-58.750996,-61.11975,-64.09421,-65.67531,-64.75424,-65.974335,-67.73985
704,False,-26.329136,-25.632505,-30.318153,-32.794872,-33.86077,-36.355194,-41.368782,-46.222404,-37.71961,-39.226646,-46.88389,-47.78763,-47.94462,-48.47426,-47.422806,-49.62372,-49.2703,-52.710976,-50.629864,-51.9565,-54.80063,-53.61911,-56.089226,-56.34437,-57.596832,-59.813942,-62.813896,-62.716713,-64.96241,-64.57028,-68.83375,-68.12816
736,False,-25.467072,-31.140394,-32.59253,-35.703804,-39.70365,-38.64757,-43.46599,-45.55278,-39.272614,-40.007607,-46.39387,-47.942055,-46.919598,-46.34335,-50.739002,-46.545986,-49.628376,-49.500538,-51.14469,-54.092823,-56.234932,-55.830338,-57.1186,-58.555977,-56.470867,-58.997826,-60.698135,-64.2316,-64.17644,-64.735115,-65.83241,-68.0132
768,False,-24.045925,-20.972128,-29.566208,-34.20675,-34.785927,-38.659164,-39.672432,-37.80062,-39.843483,-40.071823,-44.259926,-45.28944,-48.947197,-47.70554,-45.414692,-47.798122,-50.202682,-50.20964,-53.579803,-52.187897,-54.207767,-55.056137,-56.133995,-58.5037,-56.995293,-59.23212,-61.440655,-61.76092,-63.60867,-62.683353,-63.857147,-65.73516
800,False,-28.287048,-26.267223,-29.758818,-32.83916,-34.071545,-35.905766,-40.127914,-40.923546,-38.491253,-39.28352,-42.43712,-44.271984,-48.210255,-47.046524,-47.35367,-47.95042,-49.813362,-51.961945,-53.0349,-53.87031,-54.220894,-51.74302,-54.506435,-57.37879,-56.36967,-58.25393,-59.071964,-60.854378,-61.91641,-63.065544,-63.00838,-65.5947
832,False,-24.45817,-21.86815,-27.91912,-32.06494,-34.351295,-39.062466,-39.86227,-42.63212,-36.287743,-34.80511,-41.445175,-40.025143,-44.956165,-45.570244,-46.582542,-46.060825,-49.546486,-49.110317,-49.967407,-49.475056,-49.664974,-48.58342,-52.241867,-54.72873,-55.630093,-53.1705,-56.45519,-58.159794,-57.74003,-58.275223,-61.835255,-66.61857
864,False,-26.116402,-24.136974,-29.360813,-34.158905,-39.13765,-37.9246,-38.832333,-41.76182,-37.13205,-37.024727,-46.84229,-45.693184,-43.789654,-41.981705,-44.419327,-47.216,-49.93101,-49.613968,-51.761173,-52.973106,-49.468723,-51.535614,-51.700424,-56.844746,-54.875374,-53.606056,-54.2783,-58.422585,-60.385307,-59.23961,-59.029926,-65.65434
896,False,-27.2677,-25.096682,-32.049427,-32.47637,-38.35819,-36.826588,-40.14898,-44.385166,-36.19288,-36.20214,-44.172745,-45.69559,-49.127575,-46.583122,-46.819424,-47.905956,-48.25329,-49.682686,-53.248924,-52.157856,-52.894775,-52.8941,-53.75817,-59.09192,-56.44083,-54.664192,-56.085815,-59.21764,-60.688072,-60.217052,-59.409256,-66.74961
928,False,-24.616356,-26.045057,-27.448315,-31.094458,-37.00933,-36.580738,-32.138214,-29.902468,-34.469303,-38.527405,-36.751724,-31.061932,-30.360382,-29.526632,-29.885967,-27.219437,-29.072784,-32.74436,-39.531548,-45.444466,-38.77794,-38.94836,-37.153664,-39.772385,-36.71266,-36.462803,-38.88683,-31.08149,-26.300194,-27.05412,-33.245064,-32.341953
960,False,-25.807236,-23.43672,-27.003717,-25.391397,-30.185175,-28.702152,-27.575552,-22.626602,-28.349194,-32.936436,-27.36839,-26.564098,-26.782705,-23.379894,-25.603374,-22.499184,-26.3941,-28.56495,-31.312983,-36.625412,-31.624641,-29.769718,-29.97391,-31.982483,-29.634764,-27.772436,-31.682926,-26.103008,-20.906712,-22.41615,-27.714434,-26.954334
992,False,-24.264988,-23.650326,-26.304228,-29.788033,-29.621485,-33.929817,-39.743683,-30.768631,-33.086388,-37.189606,-37.625175,-37.515713,-32.750908,-33.48113,-35.980957,-35.294357,-37.60415,-42.337395,-42.45482,-48.19633,-45.24668,-40.57539,-44.609314,-46.24698,-43.852345,-40.84084,-40.66735,-40.282387,-35.47675,-35.706722,-42.815926,-45.59988
1024,False,-23.961754,-24.321785,-27.199612,-31.570747,-33.704723,-36.732822,-41.154144,-38.23464,-37.618584,-38.306168,-37.43481,-39.48458,-40.3093,-38.135117,-42.643055,-38.622936,-40.605804,-45.382862,-46.50213,-49.009136,-47.195297,-45.993828,-46.62317,-48.53342,-47.768562,-44.488148,-45.771202,-45.164787,-39.800304,-41.429558,-47.227966,-51.02883
1056,False,-27.7446,-29.770325,-31.154308,-33.131336,-36.1559,-41.321213,-42.332794,-40.060005,-38.214615,-39.590195,-43.543716,-45.237392,-40.19358,-40.98494,-42.89572,-41.267643,-45.52027,-47.7768,-48.35209,-51.281357,-49.719955,-46.95076,-48.507828,-49.63465,-52.287483,-49.797207,-49.65876,-48.4313,-44.166416,-46.536655,-52.033974,-54.24932
1088,False,-26.174028,-28.182142,-31.184958,-31.172035,-36.775375,-38.7659,-40.7343,-39.64017,-38.164272,-39.918343,-44.70734,-44.229008,-44.593925,-44.02052,-47.132164,-45.47993,-48.391117,-51.432594,-51.869884,-50.602764,-50.97251,-50.389328,-52.647423,-55.049248,-56.06096,-53.626106,-51.41577,-51.675705,-46.81415,-48.39496,-56.95795,-58.731956
1120,False,-23.758165,-22.753502,-26.545036,-32.29754,-35.935787,-37.809727,-41.9455,-43.02552,-39.155094,-40.02733,-49.669575,-47.80167,-46.353916,-46.70116,-52.803177,-49.133472,-48.875294,-50.374664,-50.845417,-52.111008,-54.12109,-53.114124,-54.455658,-56.161896,-55.966835,-54.383377,-54.983307,-55.78659,-52.071274,-54.90965,-60.79162,-63.19912
1152,False,-26.697037,-23.763533,-27.228813,-35.362686,-36.137463,-37.653126,-41.321796,-41.074406,-37.443913,-39.246582,-44.231613,-45.243576,-44.958607,-45.402145,-47.992874,-48.78481,-49.721264,-52.69288,-54.83,-53.720764,-54.18303,-53.047348,-57.51913,-57.16909,-59.00609,-58.171753,-58.57462,-57.548622,-55.923897,-58.82441,-64.85646,-66.255615
1184,False,-27.298363,-23.929508,-27.84687,-32.48005,-36.570183,-39.652283,-39.37451,-39.456814,-39.956547,-42.28245,-44.02992,-45.707684,-46.26698,-47.26475,-47.43851,-49.947643,-52.019867,-54.045795,-52.665794,-54.78546,-53.93495,-54.8867,-57.908634,-59.29275,-58.79469,-58.758255,-60.03151,-59.603966,-61.122498,-62.35946,-66.37979,-67.76425
1216,False,-26.944164,-24.261429,-27.664047,-32.722824,-34.706562,-37.242016,-36.828552,-40.691742,-39.18114,-40.038696,-43.335663,-46.197456,-45.563034,-49.994553,-47.890053,-48.879646,-48.508457,-52.825184,-54.63189,-53.93509,-52.836193,-55.09326,-53.314816,-57.11223,-57.970284,-55.60347,-57.00595,-60.099075,-60.37079,-62.3108,-62.742443,-63.848385
1248,False,-29.651548,-26.360895,-28.49189,-33.361675,-36.03131,-41.61034,-41.011654,-37.837727,-38.05345,-41.43669,-44.790154,-44.486145,-45.479885,-47.29773,-47.885246,-51.121017,-52.665173,-53.9691,-51.990158,-52.48592,-53.10001,-52.868782,-54.70169,-55.823547,-56.80895,-56.316418,-58.616837,-59.528885,-59.099533,-63.496696,-65.95097,-65.07432
1280,False,-23.315771,-26.0844,-28.302456,-29.529766,-34.223446,-38.68446,-39.718662,-41.306374,-37.03277,-37.531883,-45.537624,-45.875435,-47.49047,-46.773945,-48.51389,-49.435253,-49.760185,-49.47915,-50.70488,-49.99108,-51.467175,-53.030907,-52.373394,-55.867344,-55.83699,-55.785393,-58.695164,-57.921795,-60.771908,-64.03719,-66.055115,-67.83766
1312,False,-23.02036,-22.853477,-25.738998,-31.01657,-36.31979,-39.280773,-42.56234,-42.076077,-38.553978,-40.730095,-44.114094,-46.2249,-47.011074,-45.49649,-45.825462,-48.463764,-50.33211,-52.56913,-49.477715,-51.390896,-53.508915,-56.47979,-54.409668,-55.52074,-55.4542,-56.57779,-60.478615,-60.35,-59.78897,-61.872295,-64.41076,-67.46482
1344,False,-26.831167,-21.810902,-26.36253,-33.053146,-32.876255,-34.775494,-41.8066,-42.627876,-42.714104,-41.132156,-43.554512,-47.985085,-43.936405,-46.04934,-46.314606,-49.446712,-50.303246,-50.23203,-48.50277,-52.39482,-55.153675,-56.101044,-55.863766,-53.327106,-55.403107,-58.72967,-59.824593,-60.563972,-59.667362,-57.596874,-59.862198,-66.39659
1376,False,-26.18446,-25.377846,-29.06009,-33.214764,-34.32684,-38.205555,-40.060406,-41.256683,-39.548306,-38.20031,-46.079067,-50.007053,-47.797905,-48.650078,-48.023193,-50.899014,-50.01047,-51.115612,-51.438072,-52.807884,-55.650593,-57.75389,-54.242443,-55.659363,-58.290134,-58.843273,-59.87533,-62.048893,-62.80616,-63.478184,-63.696175,-66.48485
1408,False,-29.38015,-25.202396,-28.508934,-32.434288,-34.70221,-38.513577,-39.35708,-42.64305,-38.460453,-37.665306,-41.112003,-43.403786,-47.131256,-50.135704,-50.335396,-52.15123,-49.6339,-52.39332,-53.024094,-54.311516,-54.847557,-55.967484,-55.31289,-56.23865,-58.019524,-58.485344,-60.504894,-62.04647,-63.75851,-63.424667,-64.95731,-66.22557
1440,False,-23.091814,-27.168297,-34.298496,-32.31362,-35.209522,-38.735374,-41.67101,-41.560665,-37.880207,-39.512474,-42.56819,-43.620293,-46.54549,-47.535534,-46.24924,-48.20231,-48.050648,-48.24348,-54.723824,-52.415356,-52.91571,-53.437294,-54.81019,-55.793194,-57.61845,-59.692642,-59.023743,-59.343624,-60.480873,-60.945698,-62.889027,-66.23732
1472,False,-24.352568,-23.613297,-28.142399,-31.739986,-33.647434,-36.608807,-34.369705,-30.25845,-33.146675,-38.799305,-36.657566,-33.633038,-33.07261,-36.968338,-35.745018,-34.62315,-38.523796,-43.37864,-47.542717,-51.7576,-49.57708,-51.767166,-52.471054,-55.325996,-57.472416,-58.846107,-58.438217,-59.30382,-58.870285,-61.1449,-63.552853,-66.18417
1504,False,-26.196877,-26.009447,-30.537882,-29.001194,-30.90129,-29.26654,-33.298946,-25.28492,-29.634716,-34.049503,-30.32642,-31.649649,-32.095295,-33.730446,-36.5732,-32.45817,-38.59303,-43.76211,-45.44783,-50.272507,-49.024338,-50.071182,-51.278236,-55.307632,-55.828594,-55.39373,-58.228256,-60.27794,-58.75737,-61.008812,-63.80027,-65.609344
1536,False,-23.794743,-23.632511,-27.748377,-32.806984,-32.63495,-35.352226,-43.158855,-32.899086,-33.603348,-36.709362,-42.71503,-39.10494,-38.295483,-41.294285,-45.794846,-43.749626,-45.00428,-52.124893,-54.599556,-53.3183,-54.00956,-53.893578,-57.169384,-58.313293,-59.498,-61.005363,-61.901127,-63.699135,-64.57692,-66.74761,-67.83248,-69.88596
1568,False,-26.574024,-20.28862,-26.57202,-33.401627,-36.78647,-36.20218,-41.673885,-39.302746,-36.028614,-37.001816,-39.825897,-44.079643,-43.362663,-42.3524,-47.999718,-44.457336,-46.14182,-51.87483,-54.505123,-55.405853,-58.196106,-56.320175,-57.593155,-59.24121,-60.19058,-60.78563,-64.01442,-64.73635,-65.42566,-66.67865,-68.99155,-70.3162
1600,False,-28.073595,-26.328505,-29.018946,-36.157326,-41.148106,-41.426537,-40.33088,-39.31028,-36.80885,-36.3232,-44.071358,-46.304848,-43.939674,-42.885063,-46.983955,-45.53078,-50.735012,-52.254707,-53.608124,-55.11712,-55.9938,-56.450382,-58.80124,-59.333015,-59.88388,-64.32721,-65.62783,-65.64002,-67.255005,-68.945076,-67.89689,-70.5582
1632,False,-26.017492,-24.574486,-28.550375,-29.907427,-37.28267,-41.0145,-42.4444,-40.274155,-35.113434,-36.218243,-47.017017,-48.18087,-43.961987,-47.68574,-47.153725,-48.701775,-50.708046,-52.022217,-54.374405,-53.22007,-55.024513,-56.85247,-60.538387,-62.562454,-62.649006,-62.564922,-64.06338,-65.276825,-67.45835,-66.408,-67.568375,-68.00661
1664,False,-25.5369,-28.286953,-31.193378,-31.990177,-37.174583,-38.29475,-38.995296,-41.540817,-39.756435,-39.675064,-44.093304,-46.95912,-46.617184,-46.302017,-46.66416,-49.01657,-49.60479,-51.584545,-53.005974,-51.99436,-52.449303,-56.00763,-57.787415,-59.98646,-60.742756,-61.097412,-63.38962,-64.02032,-64.48239,-65.323135,-68.7637,-69.5588
1696,False,-25.589731,-22.990599,-26.857971,-33.07328,-39.26029,-40.720314,-43.38097,-43.798836,-35.46661,-35.946968,-44.834778,-45.013245,-47.01513,-45.204277,-44.23893,-47.690826,-50.120716,-52.980137,-54.018906,-53.94682,-54.975883,-54.95961,-57.81147,-58.25819,-57.344967,-59.92314,-62.596962,-62.54937,-64.42188,-65.63154,-66.91426,-66.75345
1728,False,-24.845789,-23.377243,-29.716482,-30.748741,-34.46564,-38.764503,-41.01348,-38.82008,-36.84046,-38.20274,-45.15121,-46.37948,-43.44418,-46.50694,-46.54505,-47.046703,-49.292454,-49.752228,-52.213512,-52.441273,-54.6665,-55.89777,-55.921585,-57.717056,-57.744408,-60.49526,-60.29493,-62.750793,-63.34558,-65.27626,-68.34356,-70.10022
1760,False,-24.151943,-25.938694,-30.14663,-30.289814,-34.043335,-39.61087,-39.733788,-40.290108,-41.78728,-43.006157,-44.4645,-46.125546,-44.75808,-47.461792,-48.606422,-49.961815,-50.307648,-49.53549,-52.858536,-52.11889,-54.9884,-54.898834,-57.21103,-56.86344,-57.352974,-61.097485,-63.206802,-63.335762,-63.471645,-64.9457,-67.08113,-70.059296
1792,False,-24.783203,-25.019226,-27.787193,-31.335571,-37.794804,-41.22158,-40.346035,-42.812344,-37.558895,-38.169636,-43.241447,-45.726414,-46.176666,-46.606716,-47.061813,-48.559334,-48.314255,-50.98248,-49.99758,-52.885418,-55.211105,-53.700607,-55.01159,-57.380253,-58.87299,-59.928555,-62.511845,-64.25269,-65.055954,-68.24569,-68.24494,-69.82803
1824,False,-23.809507,-26.03855,-29.642002,-35.642803,-35.58742,-38.715054,-41.743263,-41.770363,-39.020523,-39.557564,-42.142292,-43.335644,-44.522514,-44.70041,-45.742195,-49.494087,-51.067184,-52.980038,-50.95011,-50.970222,-50.20197,-46.38852,-47.906654,-54.11409,-56.242523,-56.535587,-57.221504,-60.367336,-59.54788,-60.049934,-60.93392,-65.1242
1856,False,-24.623013,-23.792618,-26.938372,-36.258354,-34.932133,-35.426964,-39.414425,-44.619328,-38.983337,-38.23946,-40.5167,-43.112427,-40.047268,-37.657005,-41.359516,-45.18313,-43.303276,-44.11024,-48.91366,-51.334877,-51.448296,-51.136154,-51.82999,-53.841217,-53.947453,-55.59485,-57.070736,-56.510536,-56.644577,-56.631702,-58.39932,-64.007805
1888,False,-22.646856,-21.067762,-29.572351,-37.857105,-38.008858,-38.756233,-38.133232,-41.21154,-34.056175,-34.988243,-43.327526,-39.654423,-38.572132,-38.34431,-40.97981,-47.440025,-46.275,-47.59131,-49.54893,-46.962868,-47.559303,-48.523464,-50.32213,-55.908203,-54.289772,-56.093407,-57.86043,-61.00905,-56.702705,-55.497368,-58.63183,-64.675064
1920,False,-21.309914,-22.017202,-29.046947,-30.340452,-38.72378,-41.067616,-41.867455,-42.918777,-40.585747,-40.976707,-41.454773,-41.75739,-42.241398,-43.828094,-42.55478,-45.553703,-47.03844,-49.041058,-50.140057,-49.99474,-51.876892,-50.679916,-52.46425,-56.62271,-57.389175,-56.13428,-59.733887,-59.95251,-60.64509,-57.177727,-60.499893,-64.840485
1952,False,-21.498098,-23.104874,-28.571894,-29.034912,-32.93073,-37.44981,-39.531166,-40.536377,-38.967663,-38.609634,-40.83233,-45.095615,-45.41657,-44.80799,-45.69561,-49.96239,-47.323517,-49.1027,-50.307045,-53.162212,-51.913433,-54.766575,-54.805714,-57.38108,-57.69543,-57.950264,-59.19776,-62.246544,-63.89813,-50.97334,-59.833656,-66.571495
1984,False,-24.498676,-24.451721,-30.38275,-33.489326,-36.700184,-39.40274,-43.746696,-46.34655,-37.406223,-36.777657,-41.003662,-42.47544,-40.467907,-42.740383,-46.621902,-50.48105,-45.771908,-50.504684,-51.123207,-52.70527,-52.684902,-54.725838,-56.091885,-55.80539,-58.495766,-59.759045,-60.357346,-62.363697,-62.7218,-51.432457,-58.503654,-65.46554
2016,False,-25.901854,-25.509188,-27.259943,-33.167526,-34.885117,-37.156765,-34.850822,-32.43956,-36.414627,-41.51499,-37.924217,-33.755028,-32.30494,-32.63718,-32.466225,-29.5535,-31.976002,-35.335358,-40.93318,-46.259502,-42.16396,-41.946407,-40.238514,-42.204033,-39.641083,-39.574722,-41.49969,-34.165424,-29.359674,-29.950478,-36.211365,-35.752693
2048,False,-28.249672,-27.07733,-29.985563,-24.928284,-26.522835,-28.201626,-26.393848,-22.069881,-27.88713,-34.978043,-26.846485,-25.319784,-25.520555,-22.801727,-24.539486,-20.945354,-24.965733,-27.156555,-30.173471,-35.366245,-30.54565,-29.574442,-29.07328,-30.718643,-28.517036,-26.875042,-30.835592,-25.047085,-19.620825,-21.071892,-26.707323,-25.945877
2080,False,-23.333908,-26.110054,-30.136452,-28.914165,-31.1131,-34.41441,-36.83972,-31.406887,-35.059772,-36.696453,-35.505264,-35.892498,-31.945059,-34.475124,-36.751286,-35.504166,-37.565063,-42.579605,-41.051655,-45.20428,-44.1298,-40.418304,-43.48758,-44.975937,-43.020252,-40.53068,-40.30457,-39.518898,-35.526844,-36.03694,-41.539608,-44.77343
2112,False,-24.654083,-25.939938,-29.620232,-32.27846,-37.588123,-39.118637,-39.590797,-35.43199,-36.64869,-39.813416,-41.058395,-40.106735,-39.894104,-39.79749,-42.08409,-37.35356,-40.931534,-46.497223,-46.972244,-50.882877,-47.686596,-45.096554,-46.43599,-48.500435,-47.13176,-43.11061,-44.52084,-44.86878,-38.504242,-40.055996,-47.371708,-50.37446
2144,False,-25.588543,-20.846111,-25.405256,-29.746418,-33.37937,-37.263256,-39.075237,-39.435574,-35.659164,-37.180626,-42.92156,-41.897526,-41.02631,-42.712788,-41.617134,-41.12272,-44.145325,-45.88343,-46.35968,-50.358444,-47.468525,-46.579704,-48.72863,-49.20164,-52.91857,-49.71395,-48.92179,-47.73968,-44.527134,-46.10828,-51.65634,-53.6982
2176,False,-22.896765,-21.93369,-26.496878,-31.956312,-36.841507,-38.958824,-40.47995,-42.27016,-37.27894,-36.645847,-40.828358,-42.93599,-44.604088,-41.43525,-45.199944,-45.081764,-47.043396,-48.583244,-49.42345,-49.611458,-52.92279,-53.06869,-51.938747,-51.635166,-54.41225,-52.66725,-51.11599,-51.1354,-47.450603,-48.501785,-56.370903,-58.892235
2208,False,-26.20918,-23.101593,-27.857838,-37.683426,-36.615196,-36.800274,-39.74047,-47.226734,-37.93406,-37.856316,-42.62051,-43.784378,-45.47386,-45.719276,-45.468307,-45.37308,-49.74892,-52.71179,-49.533607,-52.745495,-53.864574,-52.132904,-55.60459,-55.884407,-55.876312,-52.969078,-55.303925,-55.272034,-50.422302,-53.78897,-60.31307,-62.77379
2240,False,-22.255537,-24.395172,-30.152527,-32.846615,-36.689583,-35.602062,-35.512234,-40.308537,-38.09106,-38.75521,-49.584522,-41.920784,-45.956238,-44.25453,-43.97947,-49.164055,-46.909184,-49.780823,-49.22937,-55.47249,-54.380474,-52.71071,-55.88859,-57.611397,-57.216682,-57.09074,-57.072582,-58.209564,-56.085236,-57.468723,-64.77979,-66.13928
2272,False,-25.160082,-25.82895,-30.33602,-31.680794,-35.591503,-40.943188,-37.909588,-42.062054,-38.37543,-37.830177,-48.497643,-44.228287,-45.423546,-43.35354,-46.05022,-48.463825,-48.18746,-50.40648,-49.92327,-52.56938,-54.74502,-54.67462,-54.196926,-53.52188,-55.78825,-56.144924,-58.402885,-59.555656,-59.607964,-61.02451,-61.887253,-66.870415
2304,False,-27.44158,-27.933157,-28.743439,-34.34624,-35.66515,-39.18355,-41.496204,-43.857582,-40.61783,-38.99502,-41.02709,-44.133152,-48.673244,-47.671318,-45.83807,-47.581905,-51.52736,-50.557575,-53.675423,-55.563805,-57.27616,-56.11413,-55.237984,-56.069145,-56.423103,-57.723618,-59.379013,-62.02873,-61.84637,-62.607555,-65.77457,-67.78493
2336,False,-26.47336,-25.131962,-30.53801,-34.15574,-35.246517,-41.62806,-40.92344,-42.819588,-37.026363,-37.3898,-44.191357,-45.47869,-45.973198,-43.92685,-47.314034,-45.893024,-47.066723,-49.664593,-50.985622,-55.72346,-53.565784,-54.127472,-58.376488,-58.533955,-57.962624,-60.336784,-61.72117,-62.683434,-61.7169,-63.156616,-65.44687,-70.43666
2368,False,-26.338243,-23.108082,-26.560518,-31.145323,-36.78117,-38.3581,-40.61607,-46.01221,-39.09414,-39.72106,-47.802464,-44.131233,-42.946716,-47.010864,-48.756653,-45.268177,-48.493324,-49.773552,-53.223907,-54.851753,-52.85388,-53.69051,-56.028713,-58.560047,-59.519253,-62.50584,-63.447872,-65.21302,-64.32324,-65.08616,-69.00561,-70.26885
2400,False,-26.152138,-23.848764,-26.765568,-31.794977,-34.354794,-36.844215,-41.000153,-43.981102,-39.37755,-40.09664,-43.710293,-44.96808,-44.490875,-46.791912,-46.132004,-46.546547,-50.885242,-54.077072,-54.989937,-55.07368,-55.157818,-56.679157,-57.59745,-57.012947,-59.0099,-61.04323,-63.43178,-66.52635,-65.14714,-66.868,-67.64709,-70.54388
2432,False,-23.312275,-20.823158,-26.137749,-31.761839,-39.14576,-42.123,-42.485737,-44.054028,-40.279354,-41.13682,-46.18315,-43.55183,-42.816906,-44.58775,-41.549774,-43.127144,-52.02623,-53.865723,-55.851036,-55.62096,-55.52987,-56.505745,-58.884155,-60.618057,-58.73776,-59.892612,-64.43182,-65.97596,-65.98014,-66.26384,-68.112564,-70.35273
2464,False,-24.61906,-26.373703,-29.729223,-32.896164,-38.05758,-42.843872,-38.60614,-44.937496,-39.448902,-39.59639,-46.357475,-46.43255,-42.435463,-45.30834,-42.817806,-44.73609,-51.823326,-52.248795,-52.417267,-51.020767,-53.068123,-53.71766,-54.988716,-57.17331,-58.85704,-60.59223,-62.94812,-63.06315,-63.95907,-64.06548,-69.49461,-68.81964
2496,False,-24.209509,-19.582115,-28.175707,-30.440828,-30.623638,-41.24842,-44.50249,-49.078674,-39.458996,-39.34069,-47.00367,-45.04265,-45.170265,-47.42764,-45.45832,-46.732098,-48.49634,-49.740063,-53.516388,-55.052624,-54.70762,-55.193085,-56.65692,-59.306633,-57.902054,-57.02397,-60.45411,-61.86139,-64.06255,-65.4075,-68.36858,-71.233696
2528,False,-24.937067,-24.575357,-29.59143,-34.710785,-37.263752,-39.268482,-40.96776,-40.000095,-36.46272,-38.3351,-46.73781,-45.9371,-44.16971,-41.76863,-42.134148,-48.11876,-48.445934,-50.367073,-53.087433,-52.524605,-54.735565,-54.444603,-55.5651,-59.11459,-57.65041,-59.47607,-60.543667,-61.45246,-62.624466,-65.09267,-67.94336,-70.10658
2560,False,-26.615562,-23.925686,-29.3027,-32.083145,-33.685963,-39.2625,-35.91268,-33.933064,-34.51976,-35.87455,-39.977844,-35.78231,-36.70163,-40.30386,-39.217125,-38.396378,-41.621708,-45.55653,-48.952744,-51.21675,-53.526527,-54.69299,-53.284973,-56.19865,-59.00689,-58.39248,-60.086063,-62.353806,-62.9924,-64.03238,-65.248825,-66.42921
2592,False,-22.245731,-24.19017,-29.462854,-28.819351,-29.478064,-29.266893,-31.541199,-24.634542,-29.266048,-33.68687,-29.582333,-30.318687,-31.008455,-33.057167,-35.907734,-31.125618,-37.21483,-42.64755,-44.890167,-47.75479,-47.168472,-48.471836,-50.0887,-54.332573,-57.274586,-55.434402,-57.7706,-60.17864,-57.059364,-59.75744,-62.467033,-64.71881
2624,False,-25.930313,-25.750153,-27.61901,-31.347303,-28.776684,-31.477741,-42.215847,-33.150696,-35.081932,-38.682884,-42.95893,-41.521027,-38.033173,-40.43164,-45.843475,-42.334713,-44.89408,-51.299355,-50.895607,-56.41586,-56.77538,-56.459938,-55.7432,-59.029697,-58.525375,-58.831627,-62.201706,-63.414597,-64.93991,-65.81813,-68.80205,-69.2412
2656,False,-21.058228,-21.969889,-28.74296,-33.74292,-33.521404,-35.692104,-37.12767,-36.420845,-40.719513,-42.602463,-44.213486,-43.272724,-42.215645,-39.850048,-43.919495,-46.160397,-51.09625,-51.536987,-52.604565,-56.48398,-54.944935,-54.217075,-55.70904,-59.118763,-59.697487,-60.73933,-62.63149,-64.7332,-64.81496,-67.56589,-69.07127,-69.65559
2688,False,-26.669752,-25.631523,-28.617851,-33.59118,-34.51034,-36.941753,-44.162476,-42.623592,-38.914917,-38.41206,-43.602795,-47.546738,-43.021854,-41.215015,-44.324383,-44.444088,-48.75203,-53.72261,-53.19465,-53.58521,-55.48987,-57.017883,-56.247932,-59.206676,-58.66915,-60.640068,-62.50138,-62.77535,-66.04232,-67.39012,-69.47817,-69.607956
2720,False,-21.878033,-25.928276,-31.203014,-35.829643,-37.5293,-38.80918,-41.55223,-40.011948,-40.4395,-39.741547,-42.229332,-45.23561,-45.182037,-40.738873,-45.82031,-47.83709,-50.051933,-53.390327,-54.846367,-53.139835,-54.092064,-54.878345,-58.247063,-57.393616,-59.89414,-61.579098,-62.679604,-63.197502,-66.2954,-67.39032,-67.77905,-68.44002
2752,False,-23.920124,-26.549248,-32.97554,-36.110657,-40.065826,-39.75111,-41.78779,-44.54607,-37.438026,-37.539257,-43.417286,-44.576973,-45.161484,-42.648655,-44.302525,-47.32704,-49.779854,-54.62753,-57.372086,-55.825584,-55.41473,-55.58121,-57.90501,-59.370407,-60.146595,-60.21936,-63.315372,-66.00287,-64.55527,-65.07922,-65.99717,-69.32958
2784,False,-24.458344,-25.071337,-28.531609,-29.549736,-33.793438,-40.807182,-44.822727,-40.45414,-39.799698,-40.21887,-43.464703,-48.340553,-45.319256,-44.13649,-42.892796,-46.81404,-51.09951,-52.03923,-54.55057,-54.46601,-55.10569,-57.676903,-58.202843,-59.381454,-61.38876,-60.574326,-63.844284,-63.411102,-64.23246,-65.93329,-66.17204,-68.682945
2816,False,-23.450676,-24.257402,-29.795694,-33.360893,-37.903,-39.416023,-38.80221,-40.62021,-39.24402,-39.648506,-46.528324,-48.363346,-46.97045,-43.99994,-47.354435,-51.354706,-52.996155,-54.33519,-52.639397,-52.694283,-55.418343,-55.70996,-58.470005,-60.500595,-59.81199,-60.195843,-61.681435,-65.30142,-64.592834,-66.27458,-68.2446,-69.3084
2848,False,-25.857735,-25.977839,-28.568165,-33.497677,-36.669125,-39.34284,-39.85741,-41.710888,-36.079395,-36.739403,-46.390854,-46.62802,-47.20716,-44.62895,-48.336796,-49.51571,-50.060925,-51.525158,-53.503002,-55.882526,-56.10435,-56.595325,-58.88321,-62.323994,-59.065613,-62.260155,-64.76701,-66.3725,-67.458565,-67.82603,-69.344406,-69.2958
2880,False,-24.865408,-23.085629,-28.547535,-31.737179,-38.738865,-39.751102,-43.31452,-42.436684,-41.460155,-43.263668,-45.091515,-44.545002,-46.267685,-47.53457,-47.397804,-46.11986,-48.09336,-52.18655,-55.605602,-58.057343,-57.119503,-58.295208,-58.29218,-60.67729,-60.85962,-62.052467,-63.69879,-64.18685,-67.2668,-68.18677,-68.475555,-70.73828
2912,False,-29.170902,-25.44585,-33.68528,-33.6648,-34.11324,-38.010025,-41.090168,-43.20832,-38.779648,-38.224815,-45.691315,-47.70392,-46.37388,-46.286873,-47.960377,-48.247574,-49.05697,-53.072937,-56.352978,-57.68689,-57.833717,-55.029453,-56.88185,-60.175,-62.094044,-62.224007,-64.22539,-66.58157,-66.54763,-66.79821,-68.155975,-68.76031
2944,False,-26.077585,-25.601078,-30.587791,-31.362066,-34.18697,-35.022408,-42.676888,-44.95983,-38.6893,-41.323334,-45.270187,-45.812614,-45.526497,-45.473858,-46.49075,-46.2145,-50.305855,-52.100872,-53.777267,-54.76667,-57.455196,-57.434143,-58.41073,-61.596924,-60.872665,-62.0177,-63.271732,-66.076324,-66.31373,-67.75379,-69.5101,-70.600395
2976,False,-20.463501,-23.726995,-29.654673,-31.57981,-37.09236,-40.958076,-41.013344,-41.675316,-41.233604,-40.794304,-47.162865,-49.186245,-49.038292,-44.99412,-47.088047,-47.958687,-50.648956,-52.73106,-55.636635,-57.239334,-57.573837,-58.43158,-58.094143,-59.130325,-60.752342,-61.14035,-63.64621,-64.65526,-66.47357,-68.05826,-69.53628,-70.76549
3008,False,-22.589607,-21.782387,-27.597874,-31.33442,-36.77224,-42.93333,-44.71084,-47.009155,-39.343628,-37.706284,-47.727913,-47.290108,-44.6364,-49.25282,-46.685295,-50.50674,-53.624794,-55.234856,-55.03354,-54.695107,-53.60197,-55.33852,-59.469852,-60.743233,-61.865845,-61.508442,-64.67403,-66.03853,-66.20345,-67.251854,-67.785805,-68.64026
3040,False,-23.801117,-24.335789,-28.270147,-29.770962,-35.13428,-38.369843,-42.935314,-43.46562,-37.60724,-39.076782,-50.081573,-48.20118,-47.199585,-47.44373,-47.541817,-47.3441,-51.656265,-52.26665,-52.546787,-55.63446,-57.088047,-55.586514,-58.38044,-61.563774,-62.221687,-62.88482,-63.557808,-66.05843,-65.88912,-68.144485,-69.53216,-70.71743
3072,False,-24.574238,-23.796219,-29.622417,-32.047337,-36.10472,-39.141724,-40.103374,-44.92463,-39.663918,-39.78081,-46.531364,-43.874557,-46.53192,-51.032066,-45.037567,-50.912518,-51.003307,-51.271606,-55.46839,-56.274483,-56.026505,-56.359184,-58.851337,-61.667465,-61.500546,-63.29811,-63.672615,-66.17357,-65.75089,-67.52549,-69.03603,-69.39828
3104,False,-25.00252,-27.394913,-28.951921,-27.510326,-31.567787,-32.853683,-29.979725,-27.594519,-31.652973,-35.414818,-33.660637,-28.252209,-27.463207,-26.908243,-27.086586,-24.176289,-26.489143,-29.999369,-36.477474,-42.030975,-35.782314,-35.861145,-33.946846,-36.198772,-32.940804,-32.583496,-35.336887,-28.563786,-23.02805,-24.353336,-29.961693,-31.378883
3136,False,-26.943653,-27.046125,-29.67223,-24.568497,-29.870176,-26.740541,-29.1202,-24.24628,-29.800041,-34.081917,-28.25012,-27.929394,-28.630564,-24.256344,-26.874582,-23.930534,-28.52664,-30.57051,-32.894024,-37.11416,-32.99903,-31.478333,-31.857838,-33.02589,-31.223772,-29.361038,-33.143955,-28.269043,-22.637135,-24.171722,-28.90097,-31.632318
3168,False,-26.787966,-24.36839,-28.520834,-28.09692,-32.916267,-35.10881,-39.367363,-30.525974,-34.821342,-41.31399,-40.814262,-37.57224,-33.07197,-33.287468,-37.780922,-36.47607,-37.562874,-42.841686,-43.932503,-46.472393,-44.853218,-41.496933,-45.483147,-47.05544,-44.557743,-40.13908,-40.706535,-40.49299,-36.81282,-36.99928,-42.620564,-45.149605
3200,False,-25.81591,-20.214872,-27.530787,-31.345665,-38.156513,-41.554165,-38.640255,-35.299763,-38.430206,-43.124916,-42.490498,-40.973705,-39.87449,-41.038155,-42.654373,-40.04854,-43.302742,-46.697582,-46.34725,-48.690704,-47.864056,-44.97277,-47.087116,-48.014023,-48.21116,-44.25695,-46.530018,-46.121807,-39.79244,-42.042583,-48.605995,-49.27664
3232,False,-24.431925,-25.28905,-30.051289,-32.65992,-34.710533,-39.41785,-42.135357,-41.071075,-38.536957,-38.023434,-42.28527,-42.90825,-42.256256,-42.137146,-44.270813,-40.261017,-45.835415,-49.01506,-47.996616,-50.67492,-51.330544,-48.760414,-49.577137,-51.620068,-52.61033,-50.429672,-49.338486,-48.08401,-45.868324,-48.25041,-53.709698,-55.892944
3264,False,-31.534359,-27.544413,-29.34842,-33.9597,-33.17099,-36.10402,-43.626614,-41.31034,-38.3444,-37.779175,-44.573994,-45.991882,-44.63092,-45.78549,-46.810623,-44.49832,-46.375576,-47.622612,-51.35859,-51.460335,-52.717915,-51.334824,-53.578484,-53.623856,-55.52794,-52.343136,-52.58136,-51.762917,-47.241974,-49.529747,-58.02217,-59.59691
3296,False,-26.455984,-23.376896,-25.511572,-30.647358,-36.572823,-37.19772,-41.28758,-39.86378,-39.751945,-38.637516,-46.244587,-49.011497,-47.261604,-45.486137,-46.06136,-48.185463,-49.89778,-50.026733,-52.239204,-53.068905,-53.734962,-52.65326,-55.903492,-56.183548,-57.02849,-56.174347,-56.780655,-55.121124,-53.1172,-56.194084,-62.481087,-64.897316
3328,False,-26.556995,-29.162586,-29.003649,-31.296196,-35.36341,-39.569584,-39.990143,-41.310707,-37.063026,-38.6352,-47.33847,-45.78904,-43.49283,-45.15306,-45.8814,-48.717834,-47.387802,-51.7826,-51.78225,-53.239548,-51.26766,-52.19624,-53.05927,-55.73172,-56.042496,-55.99962,-57.919746,-58.675697,-56.67257,-59.477005,-64.1645,-66.91939
3360,False,-28.6305,-25.989754,-32.77118,-35.18773,-36.608852,-41.547363,-38.039886,-43.03526,-35.986256,-36.36349,-45.491253,-44.431606,-47.221874,-44.90129,-45.57343,-48.36026,-49.192577,-49.24067,-49.993233,-51.47728,-52.66437,-53.696815,-54.09649,-55.70618,-56.810402,-58.009018,-58.333633,-58.418888,-58.742523,-60.664997,-63.60103,-66.534065
3392,False,-21.141035,-25.94854,-32.797684,-32.355507,-34.216705,-37.2568,-40.19083,-42.404514,-42.485504,-41.18423,-48.329605,-46.777973,-49.792915,-48.19152,-46.4509,-46.435516,-48.340855,-49.534184,-52.298347,-52.451366,-53.38116,-54.961018,-55.822884,-58.272015,-59.75275,-57.79186,-59.455734,-61.29306,-61.17608,-63.293312,-66.54502,-68.407196
3424,False,-21.78004,-25.174187,-30.86681,-34.805763,-35.582355,-37.584652,-41.703815,-42.38591,-40.175392,-39.092205,-46.6378,-45.276024,-46.32631,-47.045055,-47.515724,-48.495056,-50.87402,-51.312107,-52.11273,-51.92327,-54.966003,-58.4028,-58.087574,-59.625927,-60.59652,-60.592667,-61.910736,-63.576084,-64.180725,-65.20791,-67.86549,-69.504486
3456,False,-20.833418,-27.742205,-28.488047,-31.573586,-36.02865,-37.656532,-43.984604,-47.51471,-40.343212,-41.328373,-44.966713,-49.17074,-46.439995,-45.36236,-45.31651,-51.902164,-50.238308,-52.4973,-53.804176,-55.505234,-54.161816,-56.13388,-57.738083,-59.824127,-59.934155,-61.73525,-62.83241,-63.80331,-64.77525,-65.25679,-67.21314,-69.934265
3488,False,-24.78577,-22.68644,-26.639479,-32.969856,-36.26327,-38.213,-40.319725,-41.972473,-39.662575,-39.42296,-46.917503,-45.5699,-45.72502,-52.380836,-51.518436,-50.757034,-49.415417,-53.698982,-55.824398,-58.319057,-55.29501,-56.01162,-57.964634,-58.820473,-58.936428,-59.47721,-61.35064,-64.37078,-65.05655,-66.19718,-68.34579,-70.63312
3520,False,-24.734123,-22.775826,-26.244793,-28.093037,-37.004173,-38.13031,-37.692017,-40.465397,-39.50444,-40.333366,-47.432953,-46.28899,-45.907593,-52.178665,-50.14185,-49.035942,-49.84789,-51.736774,-51.872677,-55.276245,-54.218143,-54.40255,-56.60673,-58.78468,-59.73909,-60.588173,-61.239708,-63.160973,-64.27321,-65.21838,-65.98697,-67.90229
3552,False,-22.737251,-25.001316,-30.804216,-32.522667,-35.81904,-37.446743,-39.015587,-41.668045,-38.13302,-37.543747,-42.012005,-48.27305,-47.24111,-48.51732,-48.23437,-49.57136,-48.626656,-50.28665,-51.131607,-53.925873,-53.201008,-54.192757,-58.90586,-58.75856,-61.346966,-61.251244,-62.71007,-63.219494,-65.060875,-65.30723,-68.58395,-69.09112
3584,False,-25.752039,-25.074692,-27.103777,-31.869293,-35.07326,-37.902065,-39.632347,-41.47682,-39.563675,-39.402985,-43.912014,-47.041237,-44.869255,-49.55164,-49.439163,-50.321594,-50.783638,-52.517326,-52.626938,-54.81745,-55.056778,-56.19898,-58.461098,-57.861057,-57.676537,-61.232346,-62.052864,-63.0515,-66.4839,-65.66889,-65.76355,-68.87777
3616,False,-24.845417,-22.197887,-26.843348,-28.83884,-34.233974,-38.092464,-39.541153,-40.613213,-37.887287,-39.17303,-47.48892,-46.018677,-44.739357,-46.1657,-48.706,-47.617588,-50.54111,-52.51491,-53.398994,-56.09427,-54.43355,-57.48992,-57.44093,-58.11889,-58.557587,-61.78631,-62.632755,-63.337288,-65.203156,-66.729454,-67.21001,-69.80459
3648,False,-22.89758,-23.375645,-27.011683,-27.630203,-26.926678,-29.159489,-29.228561,-23.543274,-28.492397,-33.90749,-30.751556,-28.818228,-27.419804,-32.426117,-32.966263,-29.297535,-33.39572,-38.454582,-43.919884,-50.280785,-45.825317,-47.54881,-48.873367,-51.834072,-57.02219,-55.57365,-57.318798,-60.054367,-53.68065,-56.368523,-60.77093,-63.416042
3680,False,-28.155926,-30.133516,-29.757425,-29.187786,-28.882835,-29.85659,-38.06384,-30.427292,-34.40145,-38.186077,-35.806396,-36.908707,-37.90555,-38.20531,-41.612324,-37.69482,-43.01326,-48.805275,-50.06489,-55.237366,-55.291634,-53.796776,-53.390526,-58.379166,-59.988346,-58.53451,-61.505066,-63.105347,-63.611534,-65.46706,-67.52313,-69.973656
3712,False,-25.359592,-25.583336,-29.738562,-32.348755,-32.565674,-36.224213,-39.737988,-36.248817,-37.354874,-38.45494,-40.095787,-40.688194,-41.268658,-39.126465,-44.589584,-46.228157,-46.561363,-52.471893,-53.14815,-55.64085,-56.181923,-56.825676,-58.53821,-60.41478,-62.084366,-60.210552,-62.146564,-64.85587,-66.62284,-67.01111,-70.52896,-70.23427
3744,False,-28.765753,-25.469524,-28.686455,-33.988937,-40.90801,-41.04191,-38.750187,-40.824997,-42.136925,-43.554455,-43.545536,-45.775066,-44.93432,-45.985764,-45.230667,-47.193188,-49.400726,-53.985138,-52.749676,-55.471767,-56.966003,-57.87329,-59.26178,-58.480816,-60.410233,-61.14563,-63.70245,-64.70332,-66.86899,-67.65275,-68.43489,-69.77804
3776,False,-22.689423,-20.678097,-27.754192,-33.238102,-39.327362,-40.659122,-38.505653,-37.642323,-40.818707,-40.174984,-43.23271,-46.263622,-46.268635,-44.78426,-43.943714,-51.224228,-50.96506,-52.61608,-53.02084,-54.248615,-55.855415,-55.163097,-56.97056,-57.591064,-60.346813,-60.48229,-62.56525,-64.485886,-63.306583,-64.21174,-64.716194,-67.10463
3808,False,-23.044987,-23.094719,-28.679792,-36.396797,-36.801888,-36.544662,-39.532696,-40.589714,-36.198963,-35.75299,-43.27364,-43.411842,-41.976887,-44.528694,-45.666805,-46.719707,-49.417843,-50.152397,-52.362816,-54.323025,-55.76929,-56.81019,-56.359154,-59.682068,-59.34027,-60.591797,-60.947952,-60.148933,-62.29493,-63.129395,-63.817863,-67.18236
3840,False,-25.97155,-26.26947,-31.58759,-34.6214,-37.729263,-38.217484,-39.89509,-41.39508,-35.87998,-36.058582,-45.055103,-43.323856,-43.176018,-43.305725,-42.236668,-44.576904,-47.48024,-49.874138,-47.971664,-50.86039,-54.144135,-54.604717,-57.337875,-58.544655,-60.211563,-61.191116,-62.361717,-60.194183,-59.40471,-60.6797,-61.770317,-68.187
3872,False,-23.31174,-25.775013,-30.68043,-34.474373,-34.7883,-37.944416,-40.308533,-41.59937,-39.746124,-39.941425,-45.42353,-44.03987,-43.356964,-44.02733,-46.25293,-47.94004,-47.026466,-53.439373,-54.500732,-55.11204,-54.39632,-56.75953,-57.826553,-58.22216,-59.358665,-60.8376,-63.380184,-62.038223,-64.14538,-63.31736,-65.518715,-68.813736
3904,False,-23.036163,-24.508131,-30.504715,-32.506836,-36.411587,-37.558735,-39.65281,-41.800385,-38.06842,-40.24791,-45.182487,-44.79503,-46.483616,-43.251423,-46.21485,-48.44831,-50.1899,-53.23875,-53.099136,-54.02307,-55.147953,-55.5065,-58.706726,-59.17152,-59.97921,-60.236202,-62.285866,-64.038124,-63.11454,-63.600407,-65.863205,-69.15567
3936,False,-27.314575,-22.197817,-26.898586,-30.9454,-36.177845,-39.27744,-39.311176,-41.595882,-42.660137,-45.811104,-48.245987,-48.53992,-46.33988,-45.611954,-49.648396,-48.834503,-50.157784,-52.78174,-55.328236,-54.298874,-52.864952,-55.284874,-58.32851,-60.90473,-61.653183,-62.36445,-64.673996,-64.43789,-64.93781,-66.55322,-66.906975,-69.79652
3968,False,-23.054026,-22.007683,-28.374027,-33.600307,-33.232136,-36.995037,-42.274265,-46.929802,-39.54582,-39.21119,-47.581577,-48.337254,-49.37142,-45.576576,-47.363556,-51.91114,-52.777145,-50.15392,-54.670326,-53.25474,-55.677437,-57.761898,-57.49436,-59.74881,-59.887054,-60.174004,-62.84684,-65.32271,-65.59331,-65.78223,-67.03154,-70.380806
4000,False,-27.58111,-25.014935,-29.321777,-31.182726,-34.31719,-39.935017,-42.641827,-44.71467,-39.032204,-38.873688,-44.115643,-44.126797,-43.938385,-44.515957,-45.002155,-49.32447,-51.846806,-51.943626,-55.155647,-54.49032,-53.249443,-55.95911,-57.959946,-59.40779,-61.355957,-62.578644,-63.01209,-65.38081,-65.348816,-64.60842,-67.14034,-70.061775
4032,False,-26.99071,-26.735851,-31.077282,-31.603039,-35.23247,-37.5739,-41.029564,-41.55905,-37.709557,-38.978466,-44.07465,-44.130306,-42.909996,-48.920395,-46.868443,-52.225765,-53.881268,-53.70005,-56.32433,-55.230736,-53.711586,-56.944942,-59.582066,-60.65443,-60.187874,-61.897984,-63.589447,-63.67645,-65.71852,-67.26648,-67.68374,-69.457375
4064,False,-27.203396,-24.577856,-28.84562,-31.35468,-37.53543,-37.71536,-37.262917,-41.071747,-40.46009,-39.782276,-44.881382,-45.70116,-44.222565,-48.862473,-48.58746,-49.324623,-54.40513,-55.07877,-51.281883,-54.56508,-55.33031,-55.04471,-55.54196,-58.296143,-57.99874,-59.48945,-59.70949,-61.897552,-62.16629,-64.66651,-67.31561,-67.49038
4096,False,-26.282444,-22.58284,-29.125195,-32.78587,-33.17363,-40.980507,-45.130302,-41.783783,-38.004223,-37.892025,-44.084034,-47.774597,-48.588566,-46.7529,-45.72868,-47.33178,-48.50651,-49.96097,-51.075348,-54.257195,-53.78975,-55.43348,-57.725773,-59.54823,-59.748287,-62.077106,-61.57339,-62.09734,-63.050323,-65.274994,-65.119026,-67.81614
4128,False,-26.166279,-23.408031,-27.67369,-32.504066,-38.43348,-39.446358,-40.86185,-45.830864,-41.618164,-42.2937,-46.538963,-45.668503,-44.332947,-43.33912,-42.744003,-43.548775,-42.907974,-45.900463,-49.09514,-51.919777,-52.902733,-53.206104,-54.621613,-58.056374,-58.316513,-60.5171,-59.900646,-62.96611,-62.288834,-60.90885,-63.57125,-69.12656
4160,False,-26.310822,-27.360886,-30.188717,-31.772148,-32.8332,-35.902485,-44.12362,-47.94872,-41.407314,-42.077774,-48.57421,-45.65994,-44.459297,-49.47844,-47.29849,-46.89777,-46.30945,-50.566963,-51.533455,-55.068214,-55.389942,-56.48377,-58.990536,-59.813477,-60.02836,-60.48325,-61.889908,-61.617733,-65.26414,-66.09182,-68.09053,-68.50823
4192,False,-26.355827,-24.615742,-28.817501,-25.22348,-30.291079,-31.496399,-25.863045,-21.525032,-26.701847,-31.456976,-27.705349,-23.444555,-22.949612,-21.24477,-22.326824,-19.096806,-21.886015,-24.739601,-30.072088,-35.625343,-29.69596,-29.132708,-27.761347,-29.747334,-27.201242,-26.179222,-29.369675,-22.8895,-17.049213,-18.908009,-24.072132,-23.517277
4224,False,-22.306538,-22.186604,-27.489445,-28.237686,-33.296383,-30.104015,-35.193474,-28.405888,-34.126617,-37.3225,-33.435944,-32.918907,-31.318695,-30.059185,-33.154694,-29.58707,-34.713943,-39.305042,-38.92856,-44.147003,-42.360073,-38.77054,-42.094707,-42.433792,-39.809685,-37.53656,-38.76819,-35.314415,-32.123775,-33.323162,-37.434666,-39.28413
4256,False,-21.855091,-23.746742,-26.696703,-28.705162,-33.300316,-39.76793,-42.784973,-34.56296,-36.775734,-39.28509,-41.36072,-38.87413,-38.644287,-34.705093,-38.758415,-37.52504,-40.268917,-45.194572,-43.825058,-48.936733,-46.071945,-44.627625,-46.39489,-47.022163,-46.36213,-41.533848,-43.121674,-43.114197,-37.496067,-38.68136,-45.81627,-47.41436
4288,False,-26.363895,-24.012194,-28.67184,-32.420353,-35.212795,-39.2382,-41.766846,-40.363865,-38.40974,-41.120495,-42.31086,-39.949883,-41.88983,-41.602592,-41.428375,-38.98085,-42.344776,-45.31693,-47.00154,-51.030613,-47.8582,-44.799496,-46.587013,-48.26851,-48.774002,-46.926235,-47.64397,-45.99739,-41.83909,-45.168236,-51.24193,-51.948963
4320,False,-26.45544,-22.863676,-26.184835,-29.258974,-35.737015,-37.61666,-40.465946,-39.513912,-41.204796,-41.292625,-42.236233,-44.83075,-45.833855,-43.714714,-44.41739,-43.96389,-47.896652,-51.631676,-48.640137,-49.856247,-49.96151,-50.215435,-51.862007,-54.24803,-54.645187,-52.34592,-50.321087,-49.443405,-46.696095,-48.41803,-55.399857,-56.357914
4352,False,-27.121584,-25.375013,-31.731792,-32.17099,-33.323452,-36.654057,-40.048637,-41.37321,-40.581528,-37.25718,-44.760777,-42.38749,-45.923546,-44.360886,-45.89054,-46.384537,-51.372612,-52.453087,-52.154198,-53.03018,-55.159496,-52.28038,-53.245895,-54.06368,-55.82806,-53.17467,-53.654476,-53.196827,-48.263515,-51.76963,-59.266243,-61.26262
4384,False,-22.514124,-25.340149,-27.238245,-31.518976,-34.835278,-39.390038,-38.66111,-44.477,-42.02404,-41.595757,-45.56721,-47.591537,-46.228645,-43.37761,-47.503357,-47.543076,-47.054478,-49.87455,-50.591084,-50.654484,-50.964455,-54.78605,-55.276737,-57.025932,-55.87639,-54.374958,-55.819435,-56.632786,-54.769093,-58.21554,-61.734642,-64.97366
4416,False,-24.698858,-25.57311,-29.797754,-33.027664,-35.58988,-41.39423,-41.855316,-41.687683,-38.204723,-37.95688,-44.916557,-46.26064,-48.127304,-47.105175,-51.430946,-49.288925,-49.937397,-52.355247,-53.262714,-50.750183,-54.416924,-52.88353,-55.92165,-56.998344,-55.49378,-56.449337,-58.935604,-59.651817,-58.530342,-61.853973,-67.20357,-66.97368
4448,False,-28.735798,-25.672571,-30.00163,-31.342888,-35.8613,-40.34704,-42.972282,-43.189857,-40.409664,-41.581177,-45.811764,-46.56687,-47.389023,-49.563976,-47.078445,-46.147804,-48.459473,-50.539875,-53.127563,-54.84587,-54.09408,-54.460682,-57.48506,-57.216152,-59.851456,-58.846302,-62.541344,-61.9355,-60.43029,-62.905144,-66.627045,-67.59447
4480,False,-23.871653,-21.951965,-25.971682,-33.68342,-37.037823,-38.498066,-41.755978,-45.853622,-43.62626,-42.147194,-44.431896,-46.65617,-44.627098,-47.395752,-47.557953,-49.52719,-51.47072,-53.63977,-53.12204,-57.493507,-54.511703,-54.534492,-55.69277,-57.797028,-60.23536,-60.17246,-64.29519,-62.72091,-62.633766,-64.06789,-67.03253,-68.76688
4512,False,-25.085363,-24.7106,-28.042624,-32.1784,-36.82673,-38.744774,-42.23929,-44.02994,-37.789745,-38.725246,-46.61178,-51.111988,-49.40613,-46.682884,-45.96075,-49.427547,-51.530243,-52.60231,-52.233334,-53.168274,-53.76261,-53.411175,-57.829834,-57.897446,-58.775787,-59.23993,-61.04966,-62.03236,-63.578026,-66.35759,-67.91678,-69.16112
4544,False,-24.41271,-23.339268,-29.429522,-33.53336,-38.4216,-39.172504,-47.21837,-50.007954,-40.567406,-39.91741,-45.49472,-49.245686,-47.0478,-46.2326,-45.65255,-49.229374,-49.550484,-50.022736,-52.803352,-53.372364,-52.057766,-55.264744,-55.912155,-56.335987,-58.39796,-59.717278,-60.641174,-63.66392,-64.952484,-65.23939,-67.3244,-68.57449
4576,False,-23.904593,-23.978937,-30.510712,-32.763554,-34.13136,-39.23026,-45.302727,-44.317215,-38.583317,-39.026535,-48.807224,-46.47365,-46.369804,-46.565838,-46.108444,-46.95209,-48.64157,-48.684357,-51.585865,-53.172455,-55.60746,-56.480312,-54.751404,-56.292606,-57.747246,-57.43195,-60.08496,-61.947525,-62.578358,-63.98571,-66.99186,-67.9453
4608,False,-22.84278,-24.52138,-30.60939,-34.0954,-37.805866,-40.091393,-42.421345,-40.600197,-37.42461,-37.977848,-47.96578,-45.767105,-44.07785,-46.07837,-47.84468,-50.16696,-52.154427,-52.77449,-54.098278,-56.52506,-55.344276,-54.47504,-54.27469,-57.23454,-59.333538,-60.211494,-62.76304,-61.57054,-62.918053,-62.925068,-64.09789,-67.923325
4640,False,-28.166473,-24.843521,-29.586107,-32.44726,-36.262104,-35.905308,-37.953884,-43.159004,-39.863464,-38.967896,-44.5936,-46.152477,-46.459064,-45.805363,-46.734276,-50.18109,-52.462288,-52.074875,-52.781128,-54.999664,-54.123024,-53.542244,-54.704407,-58.667915,-58.36975,-59.36871,-61.02897,-64.10595,-63.00396,-62.417686,-60.163956,-69.12547
4672,False,-24.891378,-24.736288,-32.162136,-33.591362,-37.91263,-40.43028,-39.199654,-43.552704,-39.448944,-40.99064,-45.332558,-43.518826,-46.293793,-47.20241,-48.190266,-47.804436,-49.59516,-51.10702,-48.82574,-50.771477,-53.48632,-53.599697,-55.129837,-58.390957,-58.970566,-58.679276,-58.98884,-57.747837,-56.97352,-55.831013,-52.72108,-61.972256
4704,False,-23.083176,-23.4488,-28.506983,-32.52366,-33.253754,-36.46882,-41.20411,-44.688854,-39.060856,-39.07374,-48.200996,-46.978664,-45.89636,-48.719864,-47.894043,-49.33718,-48.942265,-52.92147,-51.82647,-53.062836,-55.073402,-56.906868,-56.88317,-59.571396,-58.08353,-60.5559,-60.591866,-62.303795,-61.935593,-62.31437,-62.557396,-68.15976
4736,False,-25.160057,-25.127771,-27.907393,-25.088474,-28.057285,-29.81012,-28.808748,-23.641865,-28.553467,-35.332367,-30.21167,-29.287197,-28.10291,-31.892014,-32.36264,-29.589764,-33.670456,-39.137203,-43.697464,-47.177082,-45.533745,-49.406963,-47.11605,-52.87996,-55.947285,-54.838676,-57.486282,-58.918472,-57.204315,-58.1454,-62.11018,-62.46204
4768,False,-23.653305,-23.18372,-27.520905,-28.1759,-30.373621,-34.380737,-38.28426,-30.1162,-33.75561,-36.1218,-35.481865,-36.368893,-36.254288,-39.01222,-42.082268,-39.168358,-44.327663,-47.03032,-51.690964,-51.7803,-52.7632,-53.308636,-53.55287,-56.45897,-55.79865,-56.770176,-58.371155,-61.693222,-62.100754,-63.149685,-62.196903,-66.248825
4800,False,-24.996609,-23.69298,-28.982605,-31.23377,-38.59767,-34.597607,-38.82161,-33.925625,-35.119137,-37.073254,-44.857536,-42.180477,-39.865303,-40.488144,-45.08322,-46.032135,-46.167328,-50.68266,-51.23977,-52.303787,-53.05941,-54.9473,-55.593163,-59.050823,-59.337925,-60.08857,-60.123375,-61.37757,-61.760353,-63.713528,-62.086533,-63.917828
4832,False,-24.707155,-25.15645,-28.187952,-33.621742,-35.392696,-40.48175,-41.55355,-40.614693,-38.09458,-39.218266,-43.396946,-43.53961,-43.370937,-43.527832,-44.690964,-46.432602,-47.929455,-48.622,-50.602898,-52.121857,-54.229374,-54.87108,-56.32269,-57.76821,-57.04596,-59.77336,-59.625378,-62.41148,-63.961987,-62.82405,-64.14426,-64.490974
4864,False,-21.598024,-23.521212,-29.384516,-34.564964,-35.091316,-35.230076,-40.910423,-41.08566,-41.44911,-39.727943,-40.489254,-42.541546,-43.2271,-43.709927,-45.980583,-48.203243,-48.439022,-50.997375,-53.34074,-52.328915,-53.69604,-56.554092,-57.482643,-57.84297,-57.903934,-59.10354,-60.93029,-60.696674,-61.83621,-63.899696,-64.764084,-65.83741
4896,False,-26.29651,-25.833717,-31.597404,-32.030212,-35.81552,-37.06926,-41.893215,-45.19813,-42.343616,-42.37355,-45.861183,-44.589943,-44.544506,-45.455566,-43.407936,-46.92545,-49.98657,-49.1153,-51.29652,-53.228462,-53.448696,-55.123234,-59.69464,-56.97573,-57.85537,-59.824493,-59.76093,-60.518322,-64.317184,-64.39998,-64.86843,-67.12587
4928,False,-21.443924,-23.536634,-27.514837,-31.912268,-34.049812,-35.285484,-41.84839,-40.313534,-41.227985,-40.074978,-42.974056,-45.344437,-43.431034,-47.174202,-46.813198,-46.163692,-50.74283,-50.82409,-52.915115,-53.009293,-54.859665,-55.705215,-56.294003,-58.81104,-59.921345,-58.250763,-60.629242,-62.413475,-64.33884,-64.66646,-66.320114,-68.958115
4960,False,-28.144073,-23.27145,-26.162043,-33.11568,-35.451572,-42.398407,-42.02351,-45.645103,-40.303253,-39.922974,-41.805794,-44.26468,-45.37635,-49.83111,-47.273518,-49.451756,-48.64845,-51.665672,-53.10236,-54.114998,-56.65344,-56.879303,-57.099224,-59.184746,-59.34608,-60.763016,-61.766605,-63.735832,-65.50082,-65.645706,-66.847244,-68.25199
4992,False,-25.712109,-26.56441,-28.37447,-31.838415,-36.966717,-40.379974,-41.38394,-43.84812,-36.924286,-37.887997,-43.662003,-44.021793,-42.254105,-48.73979,-46.737667,-45.34089,-52.846237,-55.255577,-52.622215,-52.30269,-55.410835,-57.668262,-57.87336,-58.539486,-58.08326,-59.081154,-60.977715,-60.348625,-61.414917,-61.34823,-61.08417,-60.200825
5024,False,-22.924288,-25.039928,-29.227278,-31.78638,-35.37199,-36.756336,-41.135277,-41.49762,-36.113472,-36.43143,-45.380424,-44.616104,-47.270714,-45.957867,-46.073074,-46.675106,-48.736057,-50.85062,-49.90197,-55.107147,-56.332188,-54.92104,-55.97393,-57.53138,-57.404594,-59.349483,-60.22182,-58.87724,-61.4607,-60.59074,-60.9422,-61.2838
5056,False,-26.281404,-24.24258,-30.999033,-34.501823,-36.513103,-37.518738,-44.465233,-44.162743,-40.278187,-39.793335,-46.077496,-51.586422,-45.171112,-46.168846,-47.300156,-46.17949,-49.881176,-55.873165,-55.082397,-55.40271,-56.838173,-56.246765,-55.378197,-58.12274,-59.410305,-58.49647,-59.88108,-60.504692,-60.128063,-60.833466,-62.533997,-66.03006
5088,False,-25.852383,-22.887144,-26.460278,-32.252487,-35.64377,-37.05862,-42.3307,-47.148052,-37.903732,-38.445225,-43.25679,-44.877464,-44.78441,-50.86763,-47.635532,-46.34556,-50.245018,-54.65966,-55.76912,-54.05963,-52.90547,-56.848267,-58.205185,-60.04595,-61.134155,-60.551613,-60.994614,-61.458763,-63.37515,-62.628853,-64.60709,-68.593025
5120,False,-27.99538,-26.082039,-27.61977,-30.897442,-34.069225,-38.427826,-40.661057,-43.574875,-37.884975,-38.607224,-44.000885,-45.29354,-46.701256,-51.941036,-48.589596,-49.2403,-53.335464,-55.4624,-55.407387,-53.90232,-55.7922,-57.267975,-57.518925,-58.58851,-60.85383,-59.96006,-63.22762,-63.491596,-64.494705,-64.331116,-66.5928,-68.14742
5152,False,-24.275845,-22.221252,-27.966602,-33.087414,-36.64044,-42.48135,-42.019,-45.72926,-43.477215,-39.957317,-47.692657,-49.98808,-49.72672,-47.815136,-48.28596,-47.986164,-50.587494,-50.902588,-56.12577,-53.29667,-54.258842,-55.527466,-58.92681,-58.5334,-58.94509,-60.492767,-63.750877,-63.499496,-64.96029,-65.493126,-66.481155,-69.29351
5184,False,-25.165909,-26.24306,-29.482603,-32.341637,-36.70619,-40.509613,-43.965195,-44.047226,-38.95534,-39.552166,-44.52143,-47.280827,-46.562157,-47.121574,-47.929237,-52.732998,-51.282505,-50.431236,-56.00757,-55.173485,-54.16507,-55.17628,-55.92507,-56.210804,-58.576817,-61.903084,-62.516342,-62.71112,-64.38133,-66.70393,-67.860664,-69.43067
5216,False,-27.028862,-24.289179,-29.474413,-30.363758,-34.647167,-39.6142,-39.004623,-41.922928,-41.527447,-42.782406,-46.28279,-45.79637,-45.596382,-51.813698,-49.951904,-49.71601,-50.453392,-53.06223,-56.237583,-53.97931,-55.69825,-56.725655,-57.792007,-58.74341,-58.185455,-60.982445,-63.08981,-64.71811,-65.47098,-67.8188,-69.34398,-69.02748
5248,False,-25.798458,-21.972788,-27.627802,-34.768036,-33.19187,-37.218025,-42.666595,-46.700478,-38.94706,-40.906467,-49.65967,-49.64582,-51.49477,-46.668762,-46.78939,-50.660995,-53.667408,-53.845676,-58.14106,-55.345276,-55.999397,-56.333206,-58.969326,-60.940327,-60.548347,-62.98165,-63.514763,-66.48574,-66.026665,-67.72822,-70.004776,-72.555435
5280,False,-24.221943,-23.641838,-27.713867,-23.947483,-29.96717,-31.42702,-26.057365,-23.770617,-28.155876,-35.1765,-29.39302,-24.414005,-24.141874,-22.850822,-23.568983,-20.341818,-22.865993,-25.962948,-31.927837,-37.653973,-31.112501,-30.973722,-28.886099,-31.362938,-28.341465,-27.526342,-30.743862,-24.757683,-19.211067,-19.778553,-26.35684,-27.500992
5312,False,-25.658157,-23.628296,-27.482698,-27.23364,-32.429844,-29.465267,-34.261753,-26.920681,-32.674942,-37.403534,-31.28283,-31.20127,-30.896923,-28.415506,-31.483574,-27.952826,-34.058086,-36.51881,-36.1068,-40.782104,-37.937424,-35.42427,-37.915314,-39.25596,-36.83384,-33.696396,-36.99035,-33.892216,-29.476425,-30.710857,-35.344185,-38.497597
5344,False,-23.941439,-22.658537,-28.399082,-29.526827,-32.97115,-36.842655,-38.73443,-32.616325,-33.041733,-35.737637,-40.372223,-36.937073,-35.736458,-33.176094,-37.260128,-38.08327,-40.359364,-43.729725,-45.21767,-47.401985,-44.59551,-42.331924,-46.144524,-46.959373,-46.01703,-41.533615,-42.491245,-42.671562,-37.781746,-37.50816,-44.723427,-46.94023
5376,False,-24.725399,-22.051556,-29.236506,-31.267677,-30.987108,-38.127678,-43.387474,-36.455887,-37.59046,-37.2356,-44.90877,-42.948612,-41.395496,-40.75068,-43.323708,-42.54653,-42.65679,-45.674038,-48.03283,-51.592728,-50.02765,-44.15655,-46.624966,-47.950573,-48.899002,-45.624653,-47.398537,-45.906906,-41.150505,-43.299667,-48.714676,-50.50295
5408,False,-23.65962,-27.635124,-29.357601,-33.966324,-33.304188,-36.296658,-40.6398,-37.164257,-36.260883,-37.744965,-43.098717,-44.583603,-44.210926,-45.539856,-46.565865,-46.25792,-48.57656,-49.75996,-47.830765,-49.34144,-50.476875,-50.101036,-52.658554,-53.518623,-52.074615,-50.076187,-50.81753,-50.41774,-46.219757,-47.276955,-52.758286,-56.589703
5440,False,-24.496145,-24.096912,-26.415115,-31.752892,-36.83351,-36.502003,-39.761868,-38.784237,-37.045303,-36.82242,-44.47731,-44.94102,-42.82128,-43.450424,-45.97822,-45.57705,-48.233105,-50.08833,-52.041264,-51.18475,-50.282036,-51.798435,-53.354343,-56.004787,-54.838318,-53.086697,-53.287563,-53.78978,-48.19939,-51.050987,-59.403816,-61.23385
5472,False,-24.32088,-23.837334,-25.92678,-27.503685,-40.14685,-41.58018,-44.947105,-41.857147,-40.12906,-40.03546,-42.229332,-47.644115,-48.850098,-44.565018,-47.32126,-48.174423,-49.40979,-51.032272,-51.127415,-52.93304,-52.88902,-54.05657,-55.384556,-56.706165,-58.22115,-57.486652,-57.236816,-57.03067,-54.481094,-56.674572,-62.145706,-64.733475
5504,False,-23.754894,-23.573969,-29.016907,-31.694584,-34.775196,-39.5228,-37.1258,-39.94802,-35.781395,-36.76557,-45.165062,-46.435017,-45.630043,-48.79754,-47.598995,-47.90673,-49.93042,-50.419685,-52.290348,-53.63266,-54.13453,-54.56279,-56.89474,-57.606693,-58.8876,-58.189007,-59.703007,-60.624195,-59.564014,-60.60884,-65.65914,-68.089
5536,False,-25.544746,-22.774582,-27.821787,-30.792044,-35.363678,-38.188095,-37.813503,-41.704086,-39.526848,-39.46133,-47.306133,-46.372036,-47.147224,-46.416286,-46.839314,-50.473167,-50.63134,-52.737648,-55.065044,-58.242626,-55.733368,-56.822784,-58.82039,-60.047836,-59.511826,-59.70591,-61.31465,-61.93409,-61.939575,-64.551254,-66.364456,-67.32903
5568,False,-21.455633,-23.56288,-28.787369,-32.347683,-37.01721,-38.212967,-41.33127,-44.517403,-40.72934,-41.6415,-45.35943,-47.404324,-46.68518,-46.150177,-47.350597,-51.25409,-53.929348,-53.04213,-52.84122,-57.81595,-57.09024,-57.34049,-58.75008,-59.698097,-62.344193,-61.238983,-63.369564,-62.77225,-63.073555,-63.893833,-67.4053,-68.69244
5600,False,-27.212376,-25.755594,-30.586136,-32.297104,-36.26324,-38.480736,-37.854435,-40.962543,-39.541176,-36.846832,-45.61888,-46.5505,-45.402946,-46.547585,-47.80052,-47.627045,-51.60782,-54.20111,-52.76558,-56.317055,-55.988327,-56.13934,-56.65127,-58.977398,-61.32269,-61.820263,-63.513016,-65.30987,-64.78366,-65.98657,-67.948715,-68.24911
5632,False,-22.270462,-24.286377,-27.789272,-31.84203,-32.616047,-35.768696,-38.198994,-42.368263,-41.596565,-41.97811,-46.980553,-44.492966,-46.098442,-48.91491,-46.672558,-50.919273,-52.768368,-52.858833,-53.45484,-53.204876,-56.45823,-57.858376,-58.779594,-59.12437,-60.05771,-61.68,-64.27044,-64.51714,-65.36681,-67.141495,-68.13821,-68.631546
5664,False,-24.966236,-26.412966,-29.412516,-32.997654,-37.325413,-41.337387,-43.884384,-45.25909,-38.63666,-38.400543,-43.020706,-42.449726,-45.89428,-48.18337,-46.311554,-44.57866,-48.368927,-51.47287,-53.97034,-49.525093,-53.11692,-56.068893,-57.24273,-58.74193,-58.52449,-60.527935,-60.581734,-61.326694,-62.406635,-62.414062,-63.340775,-66.45611
5696,False,-25.209925,-25.024265,-28.30972,-31.781586,-35.837517,-37.648045,-39.87396,-41.078644,-36.45436,-36.600758,-42.996735,-43.74566,-44.7445,-44.797966,-44.402695,-45.23994,-47.913292,-49.415813,-50.59471,-48.915882,-52.90096,-53.970116,-55.2578,-55.09428,-54.920517,-54.276184,-58.33835,-58.77056,-59.734287,-59.518425,-62.525955,-65.22023
5728,False,-24.995386,-22.200861,-34.412296,-30.497225,-34.150482,-39.259056,-42.55264,-40.502964,-40.207886,-39.859665,-49.506943,-45.80253,-47.333393,-47.679676,-45.638435,-48.46901,-49.776913,-51.871494,-52.464146,-55.512825,-55.014458,-54.724026,-57.715187,-57.716934,-57.89268,-60.746387,-61.84544,-62.828365,-63.764626,-64.25087,-65.96934,-68.90094
5760,False,-28.318878,-25.896141,-34.63364,-33.597607,-32.284565,-37.759003,-42.859608,-43.772106,-43.589012,-43.092644,-44.92614,-43.478966,-49.03344,-49.195465,-47.026974,-47.650337,-51.08664,-48.79856,-54.36756,-53.728104,-54.14921,-55.159004,-57.10105,-58.947052,-61.803772,-61.524902,-62.02775,-64.262726,-65.44487,-65.48698,-67.50045,-69.918945
5792,False,-24.902155,-24.39908,-29.182127,-31.667572,-34.660103,-37.529358,-42.16931,-42.92608,-40.175014,-39.199455,-43.264107,-46.82913,-48.233433,-48.52306,-44.988457,-47.678265,-46.87754,-49.691803,-52.579895,-55.131805,-57.61515,-55.067833,-55.76914,-58.492638,-59.431683,-60.500084,-62.2229,-62.113895,-62.791344,-65.21479,-63.698128,-68.2734
5824,False,-24.87717,-25.839024,-27.648933,-28.259964,-30.37661,-33.1325,-30.647095,-27.353899,-31.980274,-39.51333,-32.89614,-30.42587,-29.019754,-34.26845,-34.16418,-32.135773,-35.781055,-40.995453,-46.20989,-50.408943,-48.411278,-50.77114,-49.84274,-53.01586,-56.962135,-57.47106,-58.4697,-62.412037,-57.615818,-58.179607,-62.69877,-63.91306
5856,False,-26.213657,-30.10263,-26.44665,-29.966831,-32.35473,-28.6224,-33.81459,-27.923595,-32.667572,-36.4458,-32.311043,-33.631786,-34.33454,-34.50246,-39.05678,-35.00429,-41.73777,-47.018387,-47.88054,-51.027466,-50.935455,-51.115917,-53.590313,-56.88035,-57.874546,-57.86188,-60.89319,-62.08839,-58.78061,-62.695408,-65.94844,-66.29531
5888,False,-25.80324,-25.890081,-29.794582,-31.853905,-32.754448,-33.469154,-41.93692,-34.828423,-36.42403,-38.11769,-40.38065,-43.543472,-40.933205,-39.26821,-47.60555,-47.367195,-47.645775,-52.445282,-53.481987,-55.012688,-55.352367,-55.12107,-54.684826,-57.3686,-58.49657,-58.50361,-59.22966,-61.885498,-61.32477,-62.993156,-62.871727,-66.65599
5920,False,-29.14978,-23.183146,-26.921051,-32.776405,-33.95632,-37.667843,-40.38057,-36.90185,-37.933624,-40.11671,-47.8899,-45.97699,-43.096943,-42.228172,-45.013195,-42.395485,-46.156242,-50.53595,-54.75597,-53.893677,-56.444336,-53.491024,-57.7635,-59.82868,-60.00252,-58.47629,-61.882957,-63.26151,-62.412056,-64.103546,-65.50166,-67.43255
5952,False,-24.6554,-25.664768,-27.850643,-32.610554,-33.875633,-36.121296,-40.75351,-40.301785,-37.56223,-38.323494,-47.874622,-48.29616,-45.128754,-42.834896,-47.390064,-48.844215,-49.835724,-49.802547,-53.790054,-54.544178,-52.813057,-52.574,-55.865433,-57.99623,-57.61744,-58.440968,-61.084904,-62.30762,-61.059666,-62.02078,-64.71192,-67.29043
5984,False,-23.757765,-26.89346,-30.266188,-33.05235,-34.74653,-35.586826,-40.188507,-41.61451,-37.9192,-37.534946,-45.61798,-45.696747,-47.295326,-49.49337,-46.772877,-47.935616,-51.60045,-50.727192,-53.020687,-54.199272,-54.945606,-55.914577,-57.71368,-58.633385,-59.478092,-59.330566,-61.157322,-60.664143,-62.213398,-63.23559,-64.86192,-67.74079
6016,False,-24.844856,-22.992397,-29.15943,-31.372889,-35.359913,-37.969204,-42.850273,-41.959225,-39.259857,-40.9108,-41.941345,-44.92095,-50.268356,-45.42738,-43.81949,-50.24052,-49.851208,-55.480534,-56.15532,-54.47225,-54.834538,-54.880634,-56.92432,-59.101418,-59.790493,-60.93781,-62.117504,-63.0497,-64.303795,-64.43574,-65.22253,-67.41324
6048,False,-23.149403,-21.470186,-27.047255,-29.82325,-36.17119,-43.386345,-43.662106,-41.95964,-37.796295,-37.910923,-43.289066,-47.498024,-50.07576,-45.483795,-44.87394,-48.79704,-46.75302,-50.635036,-56.681694,-55.692806,-55.374187,-53.463623,-53.683434,-57.95814,-59.863148,-59.243523,-60.833836,-62.991356,-63.037567,-61.442337,-64.020454,-67.70816
6080,False,-22.827227,-24.314762,-27.067692,-30.619198,-34.335228,-36.403255,-37.585136,-41.940845,-38.5615,-39.945614,-43.504677,-45.412308,-49.98665,-47.04883,-43.987457,-46.233635,-50.16639,-53.37728,-52.56422,-54.655743,-53.95266,-54.614616,-56.31521,-61.78408,-61.412895,-62.595104,-63.663834,-63.028522,-64.20337,-65.49638,-66.754974,-68.71311
6112,False,-29.40458,-22.031584,-26.221245,-34.02923,-35.318554,-38.161438,-37.680405,-41.0836,-39.6047,-40.992065,-45.60507,-46.108025,-50.348286,-48.563293,-48.71672,-47.36599,-47.287827,-51.111446,-55.435623,-54.328045,-57.794796,-58.98394,-57.725502,-60.33821,-59.83171,-60.763172,-62.379986,-64.59432,-65.30476,-65.66038,-67.8805,-70.11402
6144,False,-26.460766,-21.403683,-24.429745,-37.501396,-38.035244,-36.308224,-39.479534,-40.73921,-39.622242,-38.90833,-44.63102,-45.70852,-47.388348,-47.57583,-48.971447,-48.823746,-48.190697,-52.014904,-54.67451,-55.102837,-56.344086,-55.304638,-58.409363,-59.795605,-62.428326,-62.091755,-63.82939,-64.34566,-65.03162,-65.53819,-66.93375,-69.32071
6176,False,-24.591349,-25.102886,-28.186167,-33.291336,-36.891003,-39.92615,-43.628216,-44.267864,-41.199524,-40.01657,-46.79986,-45.647873,-47.26674,-48.929638,-46.733276,-50.57331,-54.186348,-52.913876,-56.752274,-57.73987,-57.437344,-57.156948,-55.210632,-58.98155,-60.362457,-59.592056,-61.815765,-64.10503,-66.240295,-65.69133,-67.52981,-69.797104
6208,False,-27.936152,-26.114792,-33.220413,-30.610989,-33.81881,-40.179504,-38.213768,-42.244835,-42.049328,-42.436615,-46.334793,-46.245323,-45.108994,-48.731,-48.820988,-48.844574,-51.3627,-56.075302,-55.639618,-54.46145,-54.08361,-53.796562,-57.015633,-59.02386,-58.999664,-59.958733,-63.628128,-64.30306,-64.14903,-67.431046,-68.05951,-69.481674
6240,False,-23.826,-24.43275,-30.999794,-33.608253,-38.06207,-41.063217,-43.36284,-44.20038,-39.389027,-39.743835,-45.73467,-45.630775,-49.917336,-49.54521,-50.620037,-50.777306,-52.835304,-53.740253,-56.315845,-55.309433,-56.160053,-55.461113,-59.297203,-59.43763,-59.580914,-61.654472,-63.10152,-64.665436,-64.78383,-65.46108,-68.82975,-69.94636
6272,False,-22.710913,-26.381989,-29.094257,-31.10707,-35.930374,-38.27468,-41.70809,-44.269886,-37.081276,-36.447147,-48.13703,-45.395905,-49.27082,-50.28631,-52.110207,-50.917656,-49.602528,-52.784813,-54.20228,-54.909836,-54.182056,-55.94407,-60.071938,-60.96534,-60.246918,-62.606815,-63.761383,-64.67208,-66.522934,-67.55565,-68.536934,-70.600334
6304,False,-24.149494,-22.009327,-25.084398,-30.950583,-33.63761,-37.515873,-38.597313,-39.996494,-38.79584,-39.826485,-47.472923,-47.506844,-48.00045,-48.03705,-49.701706,-51.567074,-52.77607,-52.653633,-56.35757,-55.407314,-57.098103,-57.845787,-57.32948,-58.75076,-59.130974,-59.1926,-62.523705,-62.732372,-65.17291,-62.7136,-64.56985,-68.02588
6336,False,-22.790028,-23.099852,-27.865242,-35.004078,-35.180138,-37.20418,-40.28913,-42.968906,-38.730453,-39.655136,-45.68759,-46.452057,-46.041954,-47.278805,-45.815224,-47.584778,-50.00021,-54.461365,-56.33059,-56.9667,-56.36074,-54.664833,-58.032055,-59.30237,-57.407642,-59.064392,-59.91821,-61.12984,-61.51278,-63.24559,-63.098446,-67.643005
6368,False,-23.71152,-22.428589,-28.424038,-28.990412,-31.66997,-34.85649,-29.700844,-27.451435,-31.80576,-36.81703,-34.667324,-28.13837,-27.311346,-26.693596,-27.052881,-24.176971,-26.449245,-30.224535,-36.551,-42.374825,-35.898865,-36.0763,-33.72259,-36.588615,-33.225353,-32.201294,-35.812897,-28.518675,-23.227993,-24.251766,-29.82857,-31.106056
6400,False,-23.643929,-24.295155,-28.78442,-25.898586,-30.859491,-28.77293,-30.12557,-24.017256,-29.680986,-33.607727,-28.362295,-27.945923,-28.316248,-24.359509,-26.83656,-23.92336,-28.576338,-30.868856,-32.16248,-37.083324,-33.09088,-31.490562,-31.981497,-33.680214,-31.11121,-28.64578,-33.199768,-28.553782,-22.762283,-23.861773,-29.047668,-31.348927
6432,False,-27.487326,-26.368902,-28.858995,-27.968576,-33.135292,-34.132915,-37.03131,-31.73337,-35.394485,-38.674095,-38.320953,-36.2591,-32.77442,-32.564682,-35.775757,-36.61137,-38.604237,-43.964535,-43.36304,-47.55932,-45.067116,-41.98813,-45.74474,-46.635223,-44.848206,-40.186638,-41.581528,-41.457565,-36.864643,-36.97029,-43.14259,-45.67791
6464,False,-25.788927,-25.092566,-26.506289,-31.182888,-36.479393,-38.97219,-38.954254,-36.198986,-35.94078,-37.18406,-43.225998,-43.12279,-42.322727,-38.76439,-40.354362,-38.433655,-41.353996,-46.25092,-46.41911,-49.847313,-48.01654,-44.297714,-47.285507,-48.92586,-48.032013,-43.809723,-46.075806,-45.04908,-39.72075,-41.14109,-48.770367,-49.255722
6496,False,-24.555395,-23.334045,-26.934559,-31.824177,-33.933216,-36.88237,-39.007133,-40.142136,-36.212093,-36.6678,-42.292347,-43.006714,-40.380676,-42.57791,-42.485115,-43.08804,-46.23993,-50.009544,-49.237255,-52.257534,-49.27265,-48.471394,-49.867443,-52.445736,-51.896225,-49.066246,-49.70451,-49.179,-45.276848,-47.294678,-52.634773,-55.29684
6528,False,-21.70261,-27.070934,-31.12328,-34.02691,-32.765232,-38.27029,-42.779087,-39.60735,-39.180103,-41.742958,-44.20561,-47.21027,-44.37204,-44.536095,-43.52381,-44.83215,-48.62822,-48.489918,-49.68859,-52.88894,-54.036728,-51.174812,-53.031612,-54.501373,-55.67602,-54.249744,-53.903084,-53.238747,-47.719276,-49.023994,-57.37438,-59.84465
6560,False,-26.66642,-25.03047,-30.63662,-30.839897,-35.43671,-40.377613,-42.31941,-41.681572,-38.835403,-38.79229,-45.621544,-47.396103,-45.915607,-45.566544,-45.62582,-48.305393,-47.39322,-49.48973,-51.66442,-53.5353,-54.144325,-53.700256,-54.220657,-57.341267,-57.1305,-54.611897,-54.87413,-56.40697,-52.513718,-55.08345,-63.066025,-63.689743
6592,False,-26.073639,-27.967636,-30.537907,-32.44558,-37.629433,-41.344368,-42.13875,-41.173634,-39.389397,-38.425316,-44.279232,-45.146122,-43.74174,-45.124783,-46.38691,-47.44288,-48.747444,-51.603104,-52.14643,-55.21317,-53.130245,-51.52493,-53.903107,-55.422607,-56.655544,-56.30629,-58.141766,-58.54298,-56.139355,-56.33161,-60.234352,-64.61095
6624,False,-27.746069,-25.927183,-29.090939,-31.57491,-32.426983,-38.079132,-41.51466,-43.44914,-39.730934,-38.953575,-42.023006,-45.06622,-46.746845,-44.461254,-46.747128,-47.30648,-47.28508,-50.11704,-49.093605,-51.397903,-50.946426,-50.868984,-50.866123,-54.09389,-57.9886,-57.060493,-57.065865,-57.370422,-57.825436,-59.27799,-62.74862,-64.45135
6656,False,-26.746094,-23.595573,-29.645632,-35.738544,-34.732582,-39.041695,-42.240215,-44.389473,-39.153343,-39.271435,-44.4765,-44.848537,-43.933716,-42.323143,-44.12701,-47.903023,-46.34844,-54.078598,-51.618553,-53.612934,-53.887672,-54.5891,-55.113693,-56.669403,-58.079494,-58.4408,-59.31793,-60.533657,-58.60019,-60.36731,-63.585506,-69.12133
6688,False,-25.671783,-23.429945,-27.818882,-32.177757,-34.451336,-37.22972,-42.073975,-42.38051,-39.96943,-41.20718,-46.17479,-45.65084,-45.049232,-47.08424,-47.24983,-46.673706,-50.178314,-51.29003,-53.45503,-52.84962,-54.68453,-57.006588,-54.12579,-56.40915,-56.54701,-60.004623,-62.16251,-62.82318,-63.177334,-61.926113,-64.056564,-68.57654
6720,False,-26.082151,-26.773449,-30.325487,-32.182312,-36.089943,-40.830338,-42.23345,-42.787872,-37.37041,-38.02429,-45.395737,-47.036003,-46.43604,-46.853565,-44.989204,-47.036713,-48.494663,-52.656036,-52.485386,-54.36069,-54.77115,-54.53049,-54.350822,-58.883575,-59.10959,-58.582962,-59.989464,-60.812775,-60.983086,-63.72003,-65.692894,-69.03832
6752,False,-27.106842,-23.600613,-27.304,-33.19429,-37.48117,-39.765217,-38.76588,-41.053307,-38.04672,-39.3574,-46.611855,-46.186172,-47.162064,-50.638447,-44.838142,-45.258213,-50.326824,-50.545734,-53.27181,-51.088593,-52.20893,-53.520664,-53.12773,-57.283092,-57.481606,-56.75241,-57.87826,-58.50602,-58.754383,-58.34822,-60.534348,-65.942505
6784,False,-23.962944,-23.97189,-27.614975,-32.23781,-34.786354,-38.818,-39.692364,-42.247223,-37.297318,-38.219185,-40.110935,-40.686646,-44.99912,-42.642662,-44.978035,-47.315056,-46.19577,-48.018112,-51.615578,-52.710423,-52.283432,-54.148117,-54.480354,-56.045628,-57.14936,-56.76931,-57.542625,-59.93807,-61.321503,-61.67701,-62.650932,-67.60623
6816,False,-24.103207,-26.209618,-31.063507,-34.30777,-36.47205,-37.13016,-38.593536,-41.213528,-38.598984,-39.04712,-44.09746,-42.201656,-44.363586,-47.584686,-44.727993,-44.700706,-50.176006,-50.70537,-53.851555,-53.857544,-54.503433,-53.87877,-55.792717,-58.66736,-58.599808,-57.980686,-61.67534,-63.500362,-64.60591,-65.36754,-66.13492,-67.521194
6848,False,-30.436934,-26.117378,-27.930134,-31.317104,-35.16253,-36.420616,-38.5764,-42.094727,-39.496254,-36.424694,-42.21251,-42.562607,-43.906864,-49.08764,-43.59692,-47.291496,-48.894695,-50.373497,-51.665894,-53.404785,-55.213577,-55.87359,-55.67237,-55.79389,-60.533417,-60.57847,-62.377964,-64.301796,-64.50664,-66.55992,-67.18421,-68.93269
6880,False,-25.095345,-25.043888,-32.139946,-36.045486,-37.3626,-38.34397,-40.613346,-46.352814,-42.077644,-40.356068,-46.470688,-44.290142,-43.817486,-45.399033,-46.716614,-49.024563,-48.899757,-50.20997,-52.975365,-55.228485,-55.367874,-55.85512,-56.17168,-58.65928,-59.48687,-59.839977,-62.31649,-63.62497,-63.61106,-64.87932,-67.34519,-67.90054
6912,False,-28.243904,-26.843336,-30.350924,-27.23143,-25.800783,-30.957016,-29.55715,-24.821156,-29.053524,-36.069138,-30.761154,-29.005684,-28.131914,-32.13494,-33.71499,-30.22938,-33.964466,-38.940372,-44.369606,-51.386623,-48.13826,-48.552948,-48.094856,-53.924374,-57.48356,-58.887386,-59.2506,-61.734398,-58.40091,-60.10595,-61.233997,-62.62486
6944,False,-23.173386,-22.894276,-26.604061,-29.142723,-32.48055,-32.043385,-36.79132,-29.012358,-33.275253,-35.89979,-35.441,-37.720337,-37.213547,-36.648033,-40.971863,-36.35941,-41.562622,-48.62091,-50.450592,-52.714275,-51.44894,-51.416267,-55.521782,-58.15308,-57.182358,-59.36577,-62.26615,-62.85944,-61.813583,-64.16111,-67.18008,-68.86626
6976,False,-23.270094,-24.528448,-26.927633,-32.144062,-32.444862,-37.453735,-41.412205,-33.204758,-35.554703,-38.95047,-43.990345,-40.627132,-39.07823,-40.240417,-44.081528,-46.216667,-46.73352,-49.233936,-51.141182,-56.651733,-54.78528,-55.70346,-57.293495,-59.7136,-59.955513,-61.7526,-62.335506,-63.26333,-65.68421,-65.759636,-66.407555,-69.458176
7008,False,-28.428173,-27.07928,-29.424372,-33.374035,-36.473347,-39.356133,-40.32658,-37.947052,-38.555458,-40.637955,-43.416515,-45.707985,-44.85779,-41.99359,-43.443573,-47.4122,-48.536488,-50.104443,-53.97531,-55.288353,-56.796684,-57.32929,-58.342148,-60.377495,-59.45053,-59.9694,-62.123016,-61.356308,-63.082024,-66.330025,-66.669205,-67.68132
7040,False,-25.081638,-28.097973,-34.148933,-33.068756,-35.05359,-39.31028,-39.83217,-39.96103,-39.091038,-39.708374,-46.003754,-50.23722,-46.09954,-44.19022,-45.56498,-47.802895,-49.153553,-52.93067,-54.268833,-54.95584,-57.769833,-56.471615,-57.649124,-60.346603,-60.10267,-62.283062,-62.325966,-64.22039,-65.5915,-68.35037,-68.13907,-67.93653
7072,False,-25.212042,-29.801712,-30.99808,-33.955738,-35.027134,-39.50758,-42.872803,-45.053677,-37.949276,-38.385197,-42.715054,-44.70069,-48.093903,-48.731876,-50.463554,-49.923492,-53.486404,-56.087452,-57.256973,-53.453056,-53.260674,-55.849197,-60.54883,-60.24241,-59.74279,-63.814243,-65.27861,-65.02547,-64.54038,-66.0242,-67.88009,-68.56185
7104,False,-30.003035,-22.266943,-27.05802,-31.660564,-37.331337,-38.2155,-38.996437,-41.18981,-40.509792,-40.674095,-44.53091,-46.836964,-50.634876,-48.694748,-48.041634,-49.64449,-49.75674,-49.600258,-54.95491,-56.577263,-55.81602,-56.7503,-58.828274,-60.52308,-60.24116,-61.001198,-61.379616,-61.32133,-63.091484,-64.691284,-65.95616,-67.90902
7136,False,-26.76582,-25.572157,-27.65031,-33.119057,-38.73119,-39.639126,-40.86487,-44.1345,-41.04055,-41.833324,-46.441612,-49.561497,-47.303856,-48.44081,-47.32143,-48.61347,-51.39331,-54.55475,-51.968346,-51.532955,-52.28193,-54.959026,-58.474663,-59.669605,-61.85592,-61.03994,-61.99386,-65.407845,-65.58152,-65.28562,-68.15076,-69.23699
7168,False,-27.26101,-23.384611,-26.35844,-30.353695,-35.467735,-37.04515,-41.23354,-45.776314,-39.77963,-38.25549,-44.76574,-46.279816,-46.329247,-46.168175,-46.450493,-51.557594,-51.51255,-51.867622,-54.07558,-55.828743,-56.612926,-56.43792,-58.90505,-58.310654,-61.08946,-61.659042,-64.00643,-65.47391,-65.767426,-67.0153,-67.83375,-69.619446
7200,False,-26.133404,-25.607403,-29.509314,-31.606117,-36.467247,-37.180374,-40.811,-42.515316,-42.84046,-40.942844,-44.48786,-44.554325,-45.0909,-48.837868,-51.25334,-52.171856,-52.138958,-52.65284,-55.63438,-54.810314,-57.03579,-57.600594,-58.285698,-60.01636,-61.35799,-61.033897,-62.847878,-64.86714,-67.423904,-67.14639,-68.09863,-70.585464
7232,False,-29.629871,-27.690351,-27.79085,-32.90348,-34.40734,-38.231598,-40.616234,-42.38979,-39.45552,-40.67257,-45.597515,-45.797455,-45.116173,-48.62059,-45.934685,-49.607395,-49.32974,-52.107803,-53.03132,-55.366055,-56.482597,-56.493435,-58.190697,-61.927433,-62.041203,-62.054466,-63.718243,-64.77027,-66.52972,-67.2594,-70.29342,-70.31578
7264,False,-24.5911,-23.709023,-28.78083,-30.019657,-36.84046,-40.476906,-41.736813,-42.632774,-40.673405,-40.436077,-45.536,-50.31227,-48.949722,-47.001,-47.959026,-49.49835,-52.655773,-53.956734,-57.45991,-55.908966,-57.51204,-57.755554,-59.366524,-60.154823,-61.467865,-61.01961,-63.688652,-66.11725,-65.88643,-67.914,-68.72159,-70.02858
7296,False,-22.283823,-24.686844,-29.082218,-35.17737,-36.26844,-41.06057,-38.303616,-39.82774,-40.28513,-40.324444,-44.95588,-43.784027,-47.488388,-46.40941,-47.292194,-49.733498,-50.583145,-54.218224,-54.308643,-55.971355,-54.082916,-57.879387,-58.48578,-58.048103,-60.31651,-61.627117,-63.742653,-65.383514,-66.822365,-67.9441,-68.109924,-70.82816
7328,False,-23.737528,-28.198517,-30.484509,-32.38195,-38.580498,-41.830807,-41.53244,-43.376827,-38.81284,-39.81005,-46.289932,-46.739693,-45.493324,-48.39673,-48.89077,-50.01491,-50.55281,-53.588566,-54.683456,-55.15991,-54.31691,-57.053986,-58.11964,-59.650467,-60.42453,-61.503212,-62.94357,-64.56684,-65.8611,-67.72313,-68.84534,-69.56083
7360,False,-23.301752,-21.700037,-27.027054,-32.66612,-36.163544,-38.058056,-41.85076,-44.67173,-38.200096,-37.01413,-43.09375,-47.999405,-47.372803,-49.161705,-48.057674,-49.83354,-50.75346,-51.81285,-55.178284,-53.750824,-53.53647,-56.702095,-57.87737,-60.44147,-59.266323,-59.921158,-62.820152,-64.42236,-66.34557,-67.05714,-68.764694,-68.88915
7392,False,-21.650341,-22.230114,-26.091736,-33.304855,-36.57163,-39.345253,-37.94016,-41.747875,-38.14444,-38.74311,-45.530163,-44.15253,-45.695717,-50.770424,-46.839615,-48.114822,-50.71405,-53.079952,-53.2558,-52.891808,-56.446434,-57.552586,-56.291138,-59.025555,-61.01966,-60.725967,-63.132,-64.47511,-65.87733,-65.59905,-67.57802,-67.33078
7424,False,-25.59994,-27.708923,-30.259705,-33.421494,-37.34797,-38.576233,-38.73449,-41.238174,-41.210396,-40.37432,-43.283516,-44.17479,-47.84572,-46.58167,-46.535095,-48.425423,-47.86425,-53.521446,-56.98458,-56.78202,-54.884792,-56.776424,-56.913597,-59.979458,-60.207382,-60.21994,-62.057415,-64.46335,-66.78766,-65.76219,-67.48999,-68.27987
7456,False,-25.199074,-25.134266,-27.219475,-27.150507,-32.042175,-32.91226,-28.824348,-26.516548,-31.407822,-38.14427,-32.332047,-27.011223,-26.571104,-25.820496,-26.259838,-23.000814,-25.442493,-29.398901,-35.401714,-41.32339,-34.8235,-34.810017,-32.59879,-35.688007,-31.937614,-30.546339,-34.98185,-27.668755,-21.960295,-23.026852,-27.81008,-28.030273
7488,False,-24.503387,-24.033888,-28.88563,-22.61234,-29.861862,-28.738789,-30.452808,-25.066223,-30.45334,-34.948067,-28.125608,-28.237438,-29.502865,-24.980734,-27.639133,-24.703882,-29.669704,-32.15174,-32.836575,-38.073627,-34.073322,-32.175102,-32.74332,-34.86444,-31.88486,-28.979156,-34.457737,-29.695755,-23.366058,-24.555128,-29.37622,-30.488749
7520,False,-24.956543,-25.447216,-30.217884,-27.13991,-30.39175,-36.14949,-40.09243,-31.80893,-34.968643,-40.28589,-38.373974,-36.457237,-34.400772,-34.53231,-36.457485,-37.411407,-38.37899,-42.89867,-43.218765,-47.512695,-45.576496,-42.102135,-45.90645,-47.594856,-44.363716,-39.040524,-41.362186,-41.378685,-36.727493,-36.95176,-43.146038,-45.606457
7552,False,-23.123247,-21.222702,-29.171095,-28.331259,-31.157959,-35.289803,-39.7022,-36.069576,-34.448624,-37.20592,-39.15664,-38.90994,-45.774113,-42.71391,-41.63703,-38.911537,-40.541176,-45.85056,-49.18708,-51.321724,-49.08378,-44.325745,-46.853264,-49.54018,-47.949738,-43.587704,-46.7087,-45.48357,-39.340214,-41.182533,-49.61351,-50.157413
7584,False,-22.586933,-25.01364,-30.270834,-33.911713,-34.964127,-36.02401,-37.8389,-37.375416,-38.735435,-39.7582,-42.750553,-43.563957,-41.44523,-41.379997,-43.640705,-43.133297,-46.92711,-49.205315,-46.960617,-52.355347,-49.385704,-47.771133,-49.533047,-50.264812,-51.334564,-49.157623,-49.985672,-50.03727,-45.645874,-47.87496,-54.359947,-55.799824
7616,False,-21.72097,-22.130844,-28.932447,-32.183937,-37.565876,-43.087864,-42.07202,-41.16251,-40.82202,-41.267982,-43.112568,-45.56561,-42.5734,-45.319366,-46.53475,-44.844223,-45.8274,-49.704967,-50.74718,-53.22664,-53.49674,-51.76151,-53.14472,-54.23127,-55.29944,-53.762062,-53.79099,-52.794693,-47.810265,-49.23005,-58.142593,-60.00212
7648,False,-24.920887,-25.31357,-29.807812,-33.02388,-36.238514,-42.552917,-41.408356,-41.30932,-37.755737,-37.68828,-44.709515,-45.598988,-47.953003,-44.704113,-46.180946,-47.269096,-50.55771,-51.198048,-54.177383,-53.453526,-52.18537,-52.103294,-54.347424,-56.733128,-57.397263,-56.412506,-56.48048,-56.920364,-52.56447,-54.308132,-61.570915,-64.456566
7680,False,-31.072914,-25.864933,-28.153118,-32.56423,-38.692474,-42.154163,-39.96224,-42.85583,-39.91349,-38.41944,-44.003227,-44.033195,-46.023315,-48.310238,-46.468143,-47.49375,-47.86152,-52.614094,-52.653564,-52.513237,-54.801945,-56.129208,-57.84525,-57.757565,-59.27269,-59.12386,-58.96729,-60.874886,-57.65503,-59.49867,-64.81987,-67.805725
7712,False,-29.222397,-26.39456,-29.378798,-34.93444,-35.196796,-35.239033,-41.774082,-42.62823,-35.238358,-35.91141,-42.618668,-44.966415,-44.529682,-45.945705,-45.468983,-47.519135,-49.765224,-52.987972,-55.87731,-53.925533,-53.6779,-53.708435,-57.121918,-60.433064,-60.15787,-58.781204,-61.391068,-60.762882,-60.30821,-60.821648,-65.05012,-68.30071
7744,False,-24.847176,-26.278885,-32.520233,-32.68487,-36.54827,-39.134308,-43.15468,-44.001793,-38.387806,-39.557022,-44.447716,-42.22727,-43.49699,-46.776146,-46.396507,-48.168865,-49.01468,-51.442318,-54.3474,-54.40345,-54.427208,-55.20195,-56.726665,-58.253204,-57.736412,-58.26252,-61.170334,-60.967995,-60.238976,-60.28141,-63.390022,-66.643585
7776,False,-22.477472,-22.12271,-26.880932,-30.54062,-36.377243,-37.631744,-39.760944,-40.666893,-37.391888,-37.69374,-43.37944,-44.489304,-46.98124,-47.257008,-47.05609,-45.51727,-47.3303,-51.5976,-53.03099,-55.028297,-52.52414,-54.394806,-54.683147,-57.466187,-58.758602,-57.612896,-61.176052,-61.776657,-61.710297,-62.903587,-63.62206,-67.28818
7808,False,-26.17258,-23.987514,-29.307583,-33.17827,-38.449333,-38.136276,-40.39691,-42.620007,-36.28501,-37.52137,-43.628063,-48.397522,-47.283257,-47.653168,-47.302113,-44.630943,-48.970413,-49.679752,-49.55501,-51.594444,-52.955124,-53.375916,-51.768692,-55.335693,-59.208603,-59.350338,-58.960915,-60.96712,-62.38649,-61.271645,-61.818794,-63.069233
7840,False,-22.00262,-26.403198,-30.435734,-33.041073,-35.245842,-38.89673,-39.33678,-46.60555,-38.452114,-38.26938,-43.303013,-44.190285,-44.782272,-40.660896,-42.241905,-45.57412,-47.550865,-50.736385,-52.487007,-56.00771,-54.997734,-54.432846,-54.977573,-57.23075,-58.203247,-58.536697,-58.14301,-59.45408,-62.1892,-60.681114,-62.29117,-63.588947
7872,False,-24.681921,-21.891764,-28.458414,-32.436054,-36.24404,-38.730988,-41.908188,-47.44066,-41.681118,-41.356346,-45.88659,-44.511894,-46.980915,-44.949604,-48.131504,-48.61378,-49.756413,-50.150333,-50.97963,-52.047646,-50.671577,-54.245438,-55.19878,-56.125404,-56.606705,-57.247677,-57.430923,-56.63952,-58.819965,-57.70253,-58.70354,-63.794724
7904,False,-25.286358,-25.943422,-32.380398,-30.078384,-35.092155,-37.516266,-40.67598,-44.60037,-40.6797,-40.323483,-46.2283,-47.675446,-43.60643,-46.59952,-43.80348,-47.161606,-49.513416,-51.711952,-54.611343,-54.183487,-55.3655,-53.785103,-55.48988,-56.232697,-56.429935,-57.828285,-59.889446,-60.121613,-58.680695,-48.722553,-57.501938,-64.54203
7936,False,-25.97719,-24.741743,-29.573666,-32.734806,-34.71788,-36.563076,-41.969494,-45.55704,-37.41075,-37.218544,-46.66797,-43.49109,-43.197647,-44.84366,-46.983303,-47.3294,-49.478207,-51.397392,-52.286247,-51.879696,-53.347492,-53.89644,-53.48919,-56.234016,-58.473816,-57.22838,-59.29754,-61.03932,-62.701782,-45.127365,-54.44584,-66.61773
7968,False,-20.163036,-23.43673,-27.08857,-33.36187,-36.04341,-38.09384,-38.75083,-41.620945,-36.259674,-36.19005,-47.756813,-46.772583,-45.56696,-45.418926,-46.39551,-47.001396,-51.590508,-50.56583,-51.941795,-52.123566,-54.014263,-54.778847,-56.06288,-58.31656,-56.955074,-58.61451,-62.427345,-62.70397,-62.535553,-48.607597,-57.186237,-67.39499
8000,False,-23.144497,-22.63995,-26.673517,-30.248814,-29.858835,-32.610985,-29.575256,-26.151707,-30.437338,-35.93925,-33.609203,-30.174837,-29.035439,-34.15953,-34.467785,-31.829792,-35.23459,-40.39625,-45.989655,-50.83728,-49.031815,-49.425377,-50.765568,-56.769047,-56.086273,-57.831387,-57.31836,-60.41053,-56.49009,-44.093735,-52.148952,-65.2136
8032,False,-24.359987,-23.073769,-26.970835,-28.144548,-30.429258,-29.64802,-34.27381,-27.241493,-31.469791,-35.58288,-33.575176,-35.682957,-34.99075,-34.927525,-38.14995,-35.528378,-41.709496,-46.478935,-48.164986,-51.36406,-51.236244,-50.887608,-53.738056,-56.399113,-55.754772,-56.886753,-60.47338,-61.9607,-60.107647,-49.905033,-57.73728,-67.734055
8064,False,-24.349152,-26.857111,-26.826094,-25.57583,-30.369158,-34.01778,-42.52469,-35.249035,-34.97089,-37.20734,-41.189354,-41.2099,-43.856754,-39.723404,-43.951893,-44.52309,-47.522488,-48.57613,-49.879513,-51.073,-51.98667,-52.610096,-54.64219,-55.07917,-58.20724,-62.267517,-61.641457,-63.96503,-64.26799,-50.85882,-59.192337,-68.59544
8096,False,-27.103344,-24.151604,-29.051542,-34.04013,-34.321598,-39.657143,-41.061573,-42.012745,-39.638466,-38.80954,-42.885647,-42.089096,-45.762154,-44.570194,-45.24361,-45.731716,-47.58056,-50.24861,-52.113045,-53.092667,-54.366688,-53.14878,-53.918056,-57.265366,-58.472816,-60.607815,-61.232513,-63.15799,-65.30217,-55.211617,-62.2924,-68.73773
8128,False,-25.519539,-25.062048,-28.166897,-31.8308,-34.06596,-37.711357,-42.173443,-40.37081,-38.41543,-39.633507,-40.600937,-44.41023,-44.6431,-47.829758,-50.363327,-48.085938,-48.011696,-49.12268,-48.707687,-50.853275,-52.88689,-52.940155,-56.08091,-59.267635,-57.42669,-56.747223,-60.63645,-60.17399,-59.519234,-56.556286,-56.978935,-65.19431
8160,False,-25.603035,-19.887177,-26.397562,-34.107903,-37.241215,-37.841522,-39.1005,-40.19718,-39.580887,-40.581745,-40.95467,-47.471615,-46.26655,-42.229977,-43.79658,-43.957558,-48.589203,-50.33729,-50.225292,-52.44782,-52.58094,-54.30687,-52.90246,-53.489655,-53.7805,-55.85812,-57.204018,-56.56292,-57.73274,-55.51996,-57.792057,-60.97687
8192,False,-27.642052,-23.57521,-26.820358,-30.275,-33.113552,-38.52651,-42.49412,-38.90617,-38.017498,-37.883533,-45.38628,-46.41716,-45.989742,-44.020912,-44.3528,-45.4488,-49.81029,-49.36126,-50.36398,-52.79673,-53.765663,-53.86696,-54.7751,-55.177628,-56.394848,-58.05401,-60.481506,-59.41093,-61.314198,-59.513718,-61.13353,-64.94921
8224,False,-25.139282,-24.28432,-28.075903,-29.552824,-33.460804,-38.23974,-42.42739,-42.449455,-36.534725,-36.937687,-48.574196,-46.3859,-45.97179,-48.046474,-47.71504,-47.23814,-50.20201,-51.10136,-52.584187,-51.811165,-53.948563,-53.606953,-54.56517,-57.10625,-57.012726,-60.57665,-61.110207,-61.494385,-62.665054,-62.41973,-64.98899,-66.86594
8256,False,-24.65007,-24.900473,-28.701818,-31.20435,-35.85278,-38.917755,-42.66892,-43.099537,-39.339302,-38.830696,-46.032635,-46.654,-47.262573,-48.560852,-46.001247,-46.944424,-47.72583,-48.90323,-50.587658,-53.11661,-54.588512,-55.130047,-55.02747,-56.470512,-58.216473,-58.407623,-59.04978,-60.75463,-62.72007,-62.222637,-60.983154,-60.432632
8288,False,-24.055069,-26.659859,-30.859459,-36.75036,-37.038605,-41.145786,-41.619865,-42.832596,-40.306602,-40.48317,-44.58347,-47.2755,-46.857834,-46.40898,-47.014126,-47.662357,-50.588013,-50.488895,-52.93507,-50.708023,-53.14922,-55.447727,-54.19148,-55.393047,-55.23783,-55.585857,-57.42683,-58.67287,-58.602646,-60.928173,-62.08977,-61.25847
8320,False,-24.827394,-25.045568,-30.825808,-34.955574,-35.327175,-39.431175,-40.050453,-42.55121,-40.020958,-39.769447,-43.831017,-46.947662,-46.293808,-47.508972,-46.60507,-46.561295,-48.137623,-49.37067,-49.305412,-50.838005,-53.888874,-57.49161,-55.560356,-55.82459,-55.628166,-55.192875,-58.08941,-61.11821,-59.285397,-61.04957,-62.227966,-62.588806
8352,False,-25.902159,-24.225113,-30.149864,-32.5483,-37.447437,-38.924034,-44.51758,-47.242886,-40.470753,-41.98631,-45.259872,-43.607704,-44.838566,-47.37699,-49.58676,-47.067657,-48.754036,-52.20877,-50.898205,-50.719257,-52.74186,-56.239044,-53.604378,-55.655243,-56.999897,-58.413563,-59.75096,-59.48408,-60.148804,-61.01088,-62.985405,-64.80961
8384,False,-22.340473,-22.452925,-29.029387,-32.018017,-38.375164,-41.11715,-40.55737,-42.938156,-36.431732,-38.20354,-47.45472,-48.83217,-46.26941,-45.580414,-47.651752,-48.63462,-51.229954,-49.19684,-52.034966,-51.59532,-52.657963,-51.275146,-52.985916,-55.61589,-57.04743,-57.652077,-58.118256,-59.92168,-60.82953,-61.93466,-63.709984,-68.194565
8416,False,-25.280664,-25.976046,-30.59599,-32.58948,-33.318974,-36.531265,-41.40233,-42.27499,-39.111908,-38.92431,-50.544514,-44.60369,-44.93972,-48.82021,-46.44796,-47.979515,-49.075584,-49.816788,-50.0198,-48.843666,-52.7377,-54.390278,-53.23464,-55.276142,-58.721466,-58.374615,-58.789272,-61.066406,-61.334705,-62.946632,-64.04201,-66.87959
8448,False,-26.34724,-23.81233,-27.619846,-31.086655,-33.307377,-37.552334,-42.629227,-44.592663,-38.113533,-37.538322,-47.485855,-45.94357,-46.322067,-47.059357,-45.587025,-49.161488,-47.899662,-50.348076,-50.412045,-52.234074,-53.6302,-52.563,-55.85899,-57.942318,-56.22034,-60.280514,-61.880764,-62.16967,-64.364975,-62.968258,-65.603775,-68.223526
8480,False,-23.599005,-24.58339,-26.628975,-32.395348,-35.70623,-38.296265,-41.622665,-44.80861,-41.950115,-41.17281,-49.01332,-47.438118,-46.238445,-47.119656,-45.041145,-49.332184,-50.500355,-50.022106,-52.00871,-53.195343,-53.305626,-54.13467,-55.274147,-57.626617,-58.199997,-57.962242,-60.36551,-62.906643,-64.12594,-62.08612,-64.450424,-67.106186
8512,False,-26.259209,-23.102337,-29.045553,-29.69,-33.335365,-37.629265,-39.1598,-42.25878,-38.808746,-39.66171,-47.71475,-47.572456,-50.641705,-45.061363,-46.81623,-48.813835,-47.95793,-51.362823,-51.462494,-55.201584,-54.027008,-52.330166,-54.61824,-55.944695,-57.396385,-58.03206,-61.279182,-62.650826,-62.7656,-62.50092,-65.32968,-67.34422
8544,False,-25.57534,-25.837376,-31.994095,-30.664715,-35.313515,-41.243862,-42.0781,-43.132862,-37.36507,-38.493805,-45.629776,-46.164192,-49.222206,-47.390694,-48.89891,-51.074543,-48.84956,-52.59049,-51.733658,-53.138824,-52.05334,-55.90008,-54.304676,-57.30625,-57.648197,-59.203754,-60.327206,-61.84694,-62.68095,-63.09914,-65.52979,-65.95471
8576,False,-23.322369,-25.123482,-28.155394,-24.622194,-28.903358,-29.8734,-24.80223,-21.416739,-26.288044,-33.731323,-27.991055,-23.951738,-23.16087,-21.449589,-22.174978,-19.22005,-21.948296,-25.360146,-30.097984,-35.671707,-30.096333,-29.278572,-27.594793,-30.424324,-26.648504,-24.989456,-30.06709,-24.14019,-17.589293,-18.439386,-23.697083,-25.889606
8608,False,-26.271194,-21.920044,-25.826057,-24.512363,-28.9818,-30.40031,-35.69489,-28.17595,-33.070404,-35.52587,-32.977283,-32.85906,-32.28781,-30.59167,-32.305634,-29.826414,-34.75923,-38.525383,-37.335793,-41.83977,-40.278908,-38.584705,-41.397423,-42.44754,-39.198376,-35.913303,-38.883015,-37.146004,-32.62654,-32.995155,-36.92032,-39.654846
8640,False,-24.133425,-22.693043,-27.956264,-26.724266,-29.752506,-31.440676,-37.62819,-32.67837,-34.345608,-36.880573,-40.276608,-39.100254,-37.45101,-34.875534,-39.39174,-39.07053,-41.94065,-43.95195,-43.94944,-50.24124,-46.777786,-43.722797,-45.642,-46.58087,-45.890305,-39.420265,-42.909718,-44.155884,-39.32717,-38.558434,-45.28064,-47.20485
8672,False,-25.38414,-24.262009,-27.58256,-32.706764,-34.094242,-39.938774,-40.127693,-38.476192,-37.9957,-40.412964,-43.19731,-42.052288,-42.53872,-42.615948,-41.311714,-40.309135,-44.354893,-46.125275,-48.030754,-51.349106,-50.06664,-43.941475,-46.355343,-48.04936,-47.55153,-45.321495,-48.0567,-46.228554,-41.468754,-43.29752,-50.82024,-52.1364
8704,False,-27.255163,-26.772432,-28.864096,-31.239655,-32.76841,-42.513737,-42.47997,-43.22928,-40.17713,-41.713943,-44.18116,-44.185863,-45.67133,-45.43857,-43.412415,-43.701588,-48.655487,-50.280514,-48.184986,-50.426197,-51.044,-49.004856,-51.315094,-53.95971,-53.15542,-49.633324,-50.678665,-50.482956,-46.156174,-46.89637,-54.12545,-57.793175
8736,False,-24.657776,-23.466488,-26.719753,-30.742092,-35.182312,-44.835808,-42.320522,-42.760204,-41.15573,-42.991997,-43.504635,-44.214016,-44.68872,-48.24795,-49.303402,-44.688034,-47.743584,-52.97238,-51.6687,-50.46816,-52.1834,-51.54727,-52.997974,-55.054253,-54.72044,-52.666344,-53.014595,-54.819305,-49.17811,-51.322647,-60.328403,-62.184864
8768,False,-24.374645,-22.922737,-26.419525,-32.850063,-39.41263,-37.966034,-39.940903,-41.948807,-37.62543,-37.329002,-45.08638,-44.25091,-44.276024,-44.617706,-45.20681,-46.44064,-51.52156,-50.73181,-51.115208,-53.02351,-53.537945,-54.638496,-55.91747,-56.50814,-58.05478,-57.118263,-56.436485,-57.329002,-54.720222,-56.441833,-63.333115,-64.33322
8800,False,-26.430895,-24.694555,-27.649124,-33.20261,-35.83357,-36.588245,-40.957905,-42.738403,-40.75901,-42.28582,-47.852005,-46.164482,-47.08897,-47.73005,-47.305054,-49.186214,-50.95425,-51.757614,-50.504715,-52.676662,-53.81748,-56.493565,-54.724407,-55.759987,-55.35511,-57.102425,-59.284348,-59.05849,-57.092316,-59.78891,-64.76819,-65.42236
8832,False,-23.759384,-25.067112,-29.202713,-32.642113,-35.4632,-38.779663,-43.14144,-41.882698,-40.457176,-38.943096,-45.989803,-47.04431,-47.36023,-48.102154,-45.53307,-47.553963,-52.85187,-50.720116,-54.994694,-54.41391,-56.509804,-55.149303,-57.214203,-60.013752,-58.015347,-59.252514,-59.40393,-61.406685,-60.17277,-63.095688,-64.94275,-67.56387
8864,False,-26.212158,-24.190765,-27.793818,-31.102032,-34.20431,-38.408844,-41.40197,-43.62851,-38.993176,-39.83561,-47.797245,-47.575066,-46.616272,-46.062275,-46.829548,-47.8735,-48.3614,-51.11063,-52.470367,-52.126022,-55.105934,-56.423874,-57.102947,-59.893414,-59.422527,-58.04492,-60.567223,-62.940224,-63.31919,-63.95802,-65.21387,-67.96203
8896,False,-25.61325,-22.828281,-28.753366,-33.849617,-34.093403,-36.69553,-43.019604,-43.320385,-37.618843,-38.758743,-42.286705,-44.54339,-47.0911,-44.407425,-45.069767,-46.959846,-49.22843,-53.030754,-53.56472,-53.736206,-55.11961,-57.006344,-57.624073,-59.1305,-59.369522,-59.481766,-62.140125,-62.931427,-64.50624,-66.66004,-67.894905,-68.88936
8928,False,-27.441776,-23.254845,-26.591642,-30.69271,-36.01346,-37.375263,-40.890785,-42.603878,-37.984825,-37.614178,-47.615032,-48.82568,-47.251144,-49.364147,-47.30114,-51.196228,-52.088245,-52.127033,-54.269733,-53.617863,-55.98484,-55.03334,-58.454353,-59.183296,-58.940826,-62.81383,-63.021187,-64.038124,-64.4578,-65.112854,-67.961296,-70.060875
8960,False,-26.689625,-22.923193,-26.688671,-30.203932,-35.29024,-40.560684,-38.6688,-39.9532,-42.30169,-42.748596,-45.813385,-42.59807,-43.479103,-46.794277,-45.982346,-47.018654,-51.022167,-51.913128,-54.21216,-55.6623,-54.447006,-55.933685,-56.357,-60.42068,-61.04,-60.41755,-61.708942,-64.47436,-64.65609,-66.45332,-67.64505,-68.83788
8992,False,-24.954685,-23.714716,-28.305706,-31.647913,-36.2826,-39.387962,-37.43404,-43.590164,-40.071453,-39.412598,-47.224792,-46.53617,-48.732433,-45.934788,-48.15485,-47.58114,-51.892403,-52.617035,-52.92914,-53.246773,-54.804474,-55.753475,-58.947517,-59.349613,-59.299973,-61.052254,-64.35129,-62.73732,-64.89017,-66.86668,-66.50698,-68.753006
9024,False,-24.149372,-22.703531,-28.411312,-33.401062,-37.69815,-38.222668,-38.835823,-42.61943,-41.729095,-42.269737,-48.628574,-48.05567,-44.07479,-48.350037,-47.358265,-49.003826,-50.515156,-54.222923,-54.59513,-51.57133,-51.827667,-54.570427,-56.05282,-59.13595,-59.052803,-58.943523,-63.3518,-62.50059,-64.20268,-64.94814,-67.0526,-69.44527
9056,False,-24.999487,-24.533213,-29.246475,-29.610617,-34.14946,-36.00026,-41.048264,-46.99236,-39.71666,-39.82301,-43.249283,-46.499523,-44.62909,-50.646828,-47.013123,-49.961926,-52.010555,-52.294353,-48.858276,-50.84275,-52.187195,-54.993874,-55.39096,-58.6148,-59.527023,-60.298847,-61.82299,-62.76373,-64.115135,-65.48976,-66.37746,-68.369194
9088,False,-25.815636,-25.235222,-26.356699,-29.79692,-34.569695,-38.890785,-39.888042,-42.803276,-38.549606,-39.284527,-46.399445,-44.76471,-44.18759,-47.378,-49.53825,-47.833305,-51.506607,-51.10504,-52.655495,-53.106674,-54.728233,-54.290386,-56.448517,-58.88273,-59.404644,-60.473003,-59.503475,-60.469837,-61.382133,-62.343277,-62.854935,-68.51286
9120,False,-22.279297,-23.297537,-28.215614,-27.878744,-27.59497,-30.12442,-29.014074,-23.498726,-28.450718,-35.70547,-29.789398,-29.09971,-27.732246,-31.716623,-33.469284,-29.786394,-33.738327,-38.179886,-42.704514,-46.86394,-44.71852,-47.771103,-48.494324,-52.9495,-56.580124,-55.855225,-57.820095,-59.647045,-56.00392,-56.745,-60.510857,-61.390186
9152,False,-21.648846,-23.45355,-30.497097,-26.985018,-28.573254,-29.053665,-36.541122,-30.213593,-32.373764,-34.57619,-37.021366,-36.72381,-38.339672,-39.54893,-41.418137,-39.237957,-44.64678,-48.718544,-53.176723,-54.21531,-54.38238,-51.93693,-54.472385,-57.139378,-57.18844,-58.712673,-61.752186,-61.17146,-60.653053,-62.329906,-64.737595,-66.90883
9184,False,-22.221104,-21.561773,-27.208784,-30.339155,-34.60583,-35.96602,-41.041264,-34.875008,-34.164894,-36.681396,-45.05223,-44.551006,-41.83929,-39.611355,-45.71011,-46.817585,-47.0224,-49.647423,-51.94176,-54.840298,-55.827526,-53.81388,-55.84913,-55.697556,-55.581825,-57.450012,-62.581,-60.921627,-60.774666,-62.445763,-64.85051,-66.99364
9216,False,-23.06302,-24.465866,-29.63734,-31.252611,-36.451756,-38.907444,-42.46028,-41.027985,-38.515118,-39.15111,-42.11102,-43.603394,-43.20762,-42.724556,-45.519024,-47.37785,-46.338036,-50.20098,-52.557655,-52.90672,-53.132957,-53.579468,-57.736095,-58.83532,-59.345966,-60.51256,-63.05105,-63.21879,-64.05312,-65.461365,-66.97401,-69.17461
9248,False,-24.869133,-21.444725,-25.935108,-30.385777,-37.943718,-37.899975,-38.228764,-41.45506,-42.127205,-40.8398,-43.989216,-46.158897,-45.751083,-45.454865,-46.195892,-47.414734,-49.84324,-52.849655,-51.207115,-53.269405,-57.01164,-57.73784,-56.215263,-58.694153,-60.70481,-61.246067,-64.002525,-65.4814,-64.75621,-67.33221,-68.37083,-69.44428
9280,False,-23.484219,-21.94042,-30.146456,-33.44463,-33.643883,-37.77515,-38.453213,-42.881927,-38.337273,-38.366447,-44.811134,-45.523773,-41.952435,-46.83706,-46.427208,-45.97129,-49.908676,-51.64264,-56.405487,-56.91266,-55.98297,-57.667183,-58.748573,-60.249496,-59.646263,-61.554337,-62.82185,-65.14838,-64.59457,-66.12017,-66.83119,-70.390076
9312,False,-24.735043,-24.683681,-29.007141,-31.331219,-36.231274,-36.616222,-41.149185,-40.96422,-41.847435,-40.843258,-46.55741,-45.654938,-48.205208,-46.566044,-46.222534,-47.115475,-49.142982,-54.46853,-54.85119,-55.36451,-55.746693,-59.553062,-61.892628,-60.976833,-59.84505,-62.55355,-64.857544,-65.40229,-64.75975,-64.11775,-64.52864,-68.56523
9344,False,-26.71918,-26.564867,-29.470894,-32.585163,-36.297955,-40.745907,-41.40275,-43.68348,-41.40797,-41.467133,-43.848587,-47.501484,-47.490467,-46.025337,-47.94055,-47.252544,-48.311535,-54.014465,-54.845028,-55.955406,-57.26296,-58.848156,-57.86533,-59.553867,-60.730255,-62.109966,-63.990036,-63.80281,-65.33889,-66.22583,-66.78835,-68.22896
9376,False,-29.182297,-25.552883,-30.21163,-32.429695,-32.78012,-35.04002,-39.245174,-41.716118,-39.5439,-39.476738,-39.910244,-45.076958,-49.08125,-46.260384,-44.833595,-49.9811,-51.705,-53.677307,-55.598907,-54.568657,-54.14949,-56.366516,-55.88778,-57.83541,-59.797523,-61.222427,-62.02053,-62.65843,-65.90848,-65.154274,-66.22211,-68.083046
9408,False,-26.82537,-25.803856,-30.990433,-34.151222,-35.4563,-39.366592,-42.67837,-41.530167,-40.09399,-40.140743,-44.05845,-43.411484,-47.006355,-46.889797,-47.97946,-52.117443,-47.742348,-50.350456,-54.215183,-53.792244,-54.526794,-53.191875,-55.757126,-57.540928,-59.63176,-60.26617,-62.747185,-64.07642,-64.467255,-64.73432,-66.086205,-67.385666
9440,False,-23.634178,-24.3703,-31.1655,-35.301105,-38.357388,-39.722725,-38.89693,-43.04504,-41.203613,-40.667133,-41.093155,-45.266834,-46.42361,-45.13075,-47.014473,-48.38116,-47.9906,-50.94358,-53.117783,-53.727337,-54.785637,-56.394466,-55.728073,-56.29226,-57.99542,-58.506027,-60.470284,-61.042336,-63.352684,-60.819565,-63.979454,-67.16247
9472,False,-23.58044,-22.1055,-27.691338,-31.166328,-34.748596,-41.445175,-39.928802,-40.28008,-39.766056,-40.46472,-43.628716,-45.087276,-45.156586,-45.910954,-48.487137,-49.346992,-49.83244,-49.839317,-51.52119,-53.374435,-57.901722,-54.32083,-56.582428,-59.064198,-59.365025,-61.69844,-59.170616,-59.786263,-63.789604,-64.0612,-66.13854,-66.93806
9504,False,-23.99127,-26.107626,-30.172298,-30.59753,-33.67507,-36.88874,-47.007755,-45.74644,-37.761868,-37.523197,-45.04643,-44.02048,-45.922882,-47.976715,-49.93016,-49.826157,-48.57678,-50.708652,-52.849213,-53.16141,-55.890587,-55.753788,-54.019554,-56.80385,-61.666622,-59.22162,-62.538586,-62.408176,-65.546425,-65.37467,-65.85261,-67.54831
9536,False,-26.267233,-25.576899,-26.205109,-29.249073,-33.98051,-39.953365,-43.232628,-44.64235,-36.178505,-37.87514,-48.617867,-48.60269,-48.14628,-46.679604,-48.679184,-50.782448,-50.24017,-52.81574,-53.641037,-54.724434,-55.65322,-54.798588,-54.78733,-56.792618,-57.681328,-60.13845,-61.6164,-64.161804,-65.50179,-67.3208,-68.677124,-68.380226
9568,False,-26.427412,-24.39557,-27.981651,-34.524834,-37.991573,-35.118668,-38.170944,-39.04726,-38.39711,-38.71798,-45.13617,-47.5972,-46.621708,-51.042194,-48.227314,-48.61886,-49.215523,-55.96874,-55.498085,-55.01403,-54.952637,-55.014744,-55.643925,-56.56088,-59.45046,-59.144485,-63.191067,-63.1668,-66.1825,-68.194984,-67.110275,-68.19901
9600,False,-23.008648,-23.78213,-28.425714,-29.797085,-35.900978,-42.87384,-42.522408,-46.339413,-38.482803,-37.88212,-48.5325,-45.213135,-48.407326,-48.333775,-45.75283,-47.65421,-49.39629,-53.719093,-53.358192,-54.60457,-54.752308,-55.305954,-55.521282,-58.43216,-58.616566,-59.61565,-61.15599,-62.289734,-63.58966,-66.03984,-67.4935,-70.172516
9632,False,-26.725662,-25.54461,-28.188538,-29.86725,-34.989716,-39.071857,-40.07574,-43.38447,-39.930767,-39.6122,-44.700798,-46.582962,-46.527706,-48.643764,-46.71958,-50.29087,-52.802547,-50.297714,-50.931084,-54.258312,-56.87285,-53.930782,-56.62462,-60.32858,-59.183002,-60.99881,-61.389023,-64.47299,-63.831066,-65.42432,-65.65816,-69.451416
9664,False,-25.39061,-24.700191,-28.225729,-23.489008,-28.610416,-29.535791,-25.022312,-22.068455,-26.998224,-33.3563,-28.26159,-23.77777,-23.0924,-22.13997,-22.875637,-19.515377,-22.2182,-25.382599,-30.454065,-36.57558,-30.345934,-29.595722,-28.084873,-30.856066,-27.077,-25.144587,-29.911003,-24.218204,-18.22172,-18.70987,-22.850327,-23.474953
9696,False,-29.804737,-26.103823,-27.693775,-26.2192,-31.293318,-30.784864,-35.05957,-28.181725,-32.881676,-35.461792,-33.023945,-32.57044,-31.4806,-31.070004,-33.8384,-29.796608,-34.47911,-38.154644,-37.961384,-43.15952,-40.62187,-37.828156,-41.042065,-42.074314,-39.07632,-35.612183,-38.46928,-37.25001,-32.18741,-32.609333,-36.063686,-38.133842
9728,False,-25.063026,-23.584282,-31.490028,-28.438793,-33.22338,-36.698517,-39.909473,-32.87952,-34.850227,-38.598484,-41.015083,-38.61181,-37.92123,-35.184444,-39.38208,-38.183422,-40.29379,-44.1025,-44.66275,-49.37799,-47.693832,-43.900238,-46.78726,-47.737103,-45.38265,-39.44652,-42.621666,-44.423523,-39.49531,-38.27786,-45.19322,-47.666786
9760,False,-25.362858,-22.428516,-28.12337,-31.482254,-35.15093,-43.260616,-38.25609,-37.422863,-40.208492,-40.746037,-44.33836,-43.20187,-42.6978,-44.276886,-42.107216,-39.741135,-42.713013,-48.25153,-48.04434,-50.111595,-49.556633,-44.586987,-47.528748,-48.223843,-49.442863,-46.10167,-47.790596,-46.017567,-42.250893,-44.27366,-51.54468,-52.122673
9792,False,-25.969055,-24.466991,-28.153606,-32.37222,-34.37521,-40.279243,-43.73806,-39.781296,-38.017612,-38.926754,-43.699112,-46.70635,-45.91378,-43.714146,-43.472576,-43.9281,-47.97154,-49.00648,-47.845734,-52.666267,-51.81349,-49.70465,-52.1399,-54.959034,-54.401127,-51.538963,-51.03964,-50.642643,-46.3732,-47.899963,-55.047573,-57.92602
9824,False,-24.254911,-26.029919,-26.39847,-28.676016,-35.64738,-41.669983,-41.65962,-43.43682,-37.532513,-38.654083,-42.336826,-42.673584,-44.043655,-43.850784,-45.373085,-43.34664,-47.083183,-51.611362,-51.14532,-53.56096,-53.493683,-54.46454,-55.667244,-55.21423,-54.38927,-53.020813,-52.588173,-53.46932,-49.76179,-51.171272,-58.70388,-60.804
9856,False,-26.659641,-24.849928,-31.073008,-30.87167,-37.447823,-39.79235,-42.397366,-44.020424,-41.766167,-42.258152,-46.112915,-45.67955,-45.799667,-42.131752,-43.309402,-48.027885,-49.6085,-52.67948,-49.468132,-53.48921,-55.10506,-52.964485,-52.899242,-55.32156,-56.907143,-56.05074,-56.857445,-56.13723,-54.000084,-54.914898,-58.801838,-62.679173
9888,False,-22.329697,-24.131413,-30.449978,-30.064636,-37.691086,-39.33048,-41.35693,-42.91784,-39.103905,-39.178684,-43.234135,-41.91781,-47.997494,-45.931236,-45.21316,-48.320614,-48.827843,-51.177364,-52.801453,-53.153133,-56.12421,-54.377388,-57.524292,-56.16607,-57.141777,-54.672432,-58.61,-58.99454,-56.870354,-57.830296,-60.957203,-65.21741
9920,False,-27.349777,-23.610668,-26.141844,-30.947363,-33.14639,-39.53526,-44.74964,-43.624588,-39.572495,-39.003876,-43.93827,-48.528713,-48.37519,-49.01865,-49.391586,-52.58556,-51.102715,-52.7207,-52.348625,-55.501717,-55.377598,-56.641884,-57.115547,-61.23898,-59.033146,-58.94232,-60.41333,-61.025513,-62.912384,-56.537384,-63.553436,-67.931015
9952,False,-23.645466,-24.03143,-27.690594,-36.98322,-38.411644,-40.02542,-41.616646,-42.71336,-39.65049,-40.591545,-45.547466,-47.539864,-46.31675,-46.303307,-47.154724,-50.794342,-51.586437,-53.284462,-54.28116,-54.93393,-57.10764,-56.59746,-58.03284,-62.10081,-60.644424,-59.72306,-61.27678,-65.100525,-62.315617,-52.647034,-61.331055,-67.24043
9984,False,-22.103289,-25.561445,-28.97067,-30.697985,-36.53936,-36.1341,-39.584698,-42.708847,-40.470795,-38.512577,-43.714767,-49.791756,-48.844147,-49.119057,-50.54506,-51.156254,-50.74466,-52.8017,-56.119556,-53.8726,-55.8988,-57.3667,-59.56131,-59.86082,-61.60686,-59.958363,-64.36591,-64.23404,-64.17465,-53.208546,-61.258095,-68.87467
