timestamp,faulty,band_0,band_1,band_2,band_3,band_4,band_5,band_6,band_7,band_8,band_9,band_10,band_11,band_12,band_13,band_14,band_15,band_16,band_17,band_18,band_19,band_20,band_21,band_22,band_23,band_24,band_25,band_26,band_27,band_28,band_29,band_30,band_31
0,False,-33.18066,-31.40046,-37.797348,-42.03231,-36.38636,-31.705511,-35.40605,-38.228878,-47.1883,-47.77609,-39.133404,-33.76496,-41.451206,-39.490273,-52.769592,-52.854576,-52.44791,-52.036434,-51.56403,-56.832504,-60.286316,-57.857986,-58.567207,-59.517765,-56.564655,-58.155956,-59.8917,-60.117893,-55.233475,-55.26993,-56.82836,-58.65651
32,False,-27.86783,-25.024069,-35.933693,-36.741703,-35.21259,-27.661955,-31.94644,-36.526608,-41.264843,-43.17467,-32.820057,-28.17423,-42.1146,-35.867805,-46.263435,-44.519432,-48.80775,-51.355286,-48.828247,-54.937325,-58.043762,-57.727707,-58.32991,-57.13219,-58.929066,-58.694878,-57.787865,-59.534603,-59.906765,-60.02254,-58.794437,-60.25862
64,False,-28.908619,-29.993385,-33.503433,-31.868519,-34.139656,-30.752222,-33.097553,-35.184586,-34.87481,-43.56995,-38.979794,-35.27722,-41.493954,-36.521496,-45.416218,-45.62269,-50.316185,-51.06896,-47.347588,-53.20046,-54.123535,-54.095512,-58.004093,-60.06487,-58.581665,-57.49352,-60.35786,-61.092266,-60.115044,-61.042053,-60.324867,-61.076134
96,False,-27.23543,-26.207306,-29.312037,-31.854748,-33.496613,-24.792385,-31.196602,-35.768692,-41.428986,-43.562416,-35.672527,-31.468924,-41.80458,-36.341423,-47.476562,-48.112198,-49.108215,-50.740677,-45.466537,-50.91351,-56.809086,-54.863773,-57.46482,-59.150764,-58.554348,-57.732258,-58.206787,-59.62097,-59.85238,-60.52738,-59.76198,-61.47284
128,False,-33.18792,-31.203838,-33.791798,-33.62587,-32.042423,-24.315912,-30.859573,-34.31511,-39.24536,-39.487007,-35.95327,-31.115704,-41.2307,-36.722694,-49.950882,-53.12521,-51.64307,-51.32091,-50.43068,-54.14142,-54.388016,-55.070244,-58.754177,-58.291973,-59.437252,-59.46585,-59.30114,-61.14396,-60.569862,-59.16667,-61.06016,-61.4193
160,False,-27.103079,-31.776508,-32.807117,-35.121418,-35.968437,-29.939949,-32.878765,-37.118896,-42.15254,-42.10231,-40.444065,-37.371666,-41.718925,-36.184372,-49.337128,-48.97202,-50.210804,-49.879364,-44.61483,-50.695038,-54.577408,-55.35618,-60.35328,-57.656727,-57.409863,-57.52457,-58.118958,-60.815777,-62.06212,-62.03591,-59.918446,-60.10466
192,False,-30.430592,-29.32207,-29.33718,-31.968475,-33.96054,-31.97499,-34.435326,-38.24341,-41.741566,-40.019623,-36.484,-33.35887,-39.73093,-37.380447,-47.337196,-47.262096,-48.578533,-50.619446,-49.263924,-53.31624,-55.686546,-55.77298,-57.890095,-60.43852,-57.47519,-58.05816,-58.672806,-58.568184,-60.89354,-61.690834,-59.67376,-59.518097
224,False,-29.006683,-28.440819,-32.33943,-31.468794,-27.881874,-28.10341,-30.352518,-24.089138,-28.280401,-34.586662,-30.429081,-28.36449,-27.435856,-29.595356,-31.763193,-27.415638,-31.447058,-37.526928,-38.606117,-44.365925,-43.93029,-46.944748,-44.813004,-51.170364,-52.082314,-53.003315,-53.842033,-55.76558,-52.710144,-54.907856,-57.445965,-58.5956
256,False,-27.427866,-25.1165,-31.652107,-33.293617,-32.07818,-31.621487,-32.305065,-31.638474,-34.979584,-35.909542,-36.28876,-33.091408,-34.948227,-36.1062,-42.02459,-36.18153,-40.888332,-46.61656,-48.785347,-52.4946,-53.180794,-54.43455,-57.354073,-57.413704,-54.701992,-54.045734,-58.046246,-59.52009,-59.558388,-60.15616,-58.346157,-60.382202
288,False,-29.652943,-26.681108,-33.998817,-33.34662,-35.304382,-33.4842,-32.626705,-35.63938,-38.029125,-39.150715,-34.450306,-33.899338,-38.800022,-32.901443,-45.438103,-41.560783,-47.15693,-49.54885,-46.48569,-51.78612,-55.893406,-56.814552,-58.999516,-58.38317,-57.87401,-59.29403,-58.953014,-60.033817,-58.93484,-60.71903,-59.05059,-60.379692
320,False,-28.542873,-27.072292,-33.140896,-36.588154,-36.057545,-31.194696,-33.738388,-35.501305,-38.58894,-43.176136,-33.87668,-30.019459,-40.690865,-37.469513,-46.102806,-47.074646,-52.62432,-55.142555,-47.194054,-52.591038,-52.849194,-54.316982,-56.316483,-58.00743,-59.578506,-59.7642,-58.32477,-58.257835,-59.483162,-60.199295,-59.579483,-60.2959
352,False,-28.77838,-27.425522,-28.758148,-29.822205,-32.925007,-29.240898,-34.46175,-37.763527,-37.94622,-42.50699,-37.180347,-32.017006,-39.240376,-33.893806,-46.053596,-48.532696,-49.93071,-49.601883,-47.903923,-53.766174,-55.569798,-56.08619,-55.484657,-56.616665,-57.261814,-57.38124,-57.21632,-58.813866,-60.925797,-60.91522,-58.73005,-61.72607
384,False,-27.006063,-24.709324,-32.384518,-30.769543,-34.260742,-30.559824,-33.417336,-39.03396,-35.965324,-44.38221,-37.518692,-34.39263,-40.550877,-34.261185,-44.15419,-45.398705,-47.70263,-48.2473,-49.85183,-50.8346,-52.654274,-54.36935,-57.66026,-57.072685,-56.977974,-57.884895,-57.075394,-59.884525,-59.765953,-61.15082,-58.746304,-59.78814
416,False,-25.78657,-29.393063,-33.58292,-31.051075,-36.490456,-36.17152,-34.8154,-37.51253,-41.224686,-45.242992,-40.661186,-35.980114,-38.79853,-34.71959,-45.615356,-46.55307,-49.399868,-50.24949,-50.594543,-54.20345,-56.53882,-57.711082,-61.44272,-58.240944,-58.283062,-58.265816,-58.053062,-58.456837,-61.358818,-61.636192,-59.1248,-59.531857
448,False,-27.814386,-31.054283,-34.06752,-36.066174,-37.11618,-29.108616,-39.068653,-44.714146,-42.33883,-45.309906,-39.294758,-38.637997,-44.193634,-36.399017,-45.452354,-48.19375,-51.044064,-47.323574,-49.521675,-54.706272,-53.658527,-55.93306,-59.75055,-59.44905,-59.951176,-59.263405,-58.89813,-59.046623,-61.312767,-60.691643,-59.255527,-58.721054
480,False,-28.931087,-30.494766,-33.34313,-36.856606,-38.424828,-31.988533,-40.198784,-39.148834,-39.18469,-43.931713,-39.699303,-35.652206,-44.13762,-37.55828,-43.851776,-47.372894,-49.521698,-51.664726,-48.337967,-51.94813,-53.053337,-55.85531,-59.949398,-59.264675,-59.59818,-59.92032,-58.256363,-58.165665,-58.84704,-61.214733,-58.725777,-60.38743
512,False,-33.329033,-31.468508,-31.493187,-38.268707,-37.954353,-34.141716,-35.245953,-36.3426,-42.89077,-44.901318,-33.98369,-29.030853,-41.425377,-34.247414,-45.612774,-43.67276,-48.663887,-52.10174,-49.487427,-52.253227,-55.07593,-54.970825,-57.562225,-59.160507,-58.628723,-58.68885,-56.854076,-58.40444,-62.19084,-62.279182,-59.877556,-60.743034
544,False,-34.54587,-32.882324,-33.508575,-36.294006,-37.00824,-32.737137,-38.1756,-39.934418,-37.866394,-43.573513,-37.87925,-31.46471,-42.53228,-37.897804,-45.855656,-42.757435,-48.656395,-50.603645,-50.563423,-55.58428,-56.602634,-58.540936,-58.72082,-59.06642,-59.651596,-59.58797,-57.45737,-59.733105,-61.229282,-61.079315,-60.493103,-60.26018
576,False,-28.499937,-29.298784,-32.373966,-33.492226,-37.176147,-32.727478,-32.466427,-36.474567,-37.411278,-40.591644,-37.735836,-32.74273,-43.42142,-35.01919,-47.267647,-46.780838,-48.894573,-50.669445,-50.32714,-54.335117,-54.405937,-55.07232,-56.90557,-57.452652,-60.328102,-60.491028,-59.161484,-59.906536,-59.617836,-61.403152,-58.87276,-59.668427
608,False,-26.552834,-27.283499,-33.33163,-34.38405,-36.30316,-38.332787,-38.764484,-40.651722,-39.854424,-45.923668,-40.77856,-33.38617,-39.34474,-35.456528,-46.15196,-45.326935,-48.8682,-48.639435,-47.846367,-53.13907,-53.39302,-53.849583,-56.860306,-59.41709,-60.34269,-61.336227,-60.14113,-60.442047,-59.40939,-59.158318,-58.551605,-60.338646
640,False,-25.626102,-24.087044,-27.957233,-35.179222,-36.891727,-33.542248,-33.358723,-35.03617,-38.72231,-44.26574,-35.605606,-31.540344,-42.95228,-33.898182,-45.377586,-47.44928,-52.382423,-49.29335,-48.740433,-53.484005,-53.5302,-54.49032,-58.593296,-59.875645,-59.32202,-59.15052,-59.846996,-59.20021,-61.922512,-60.827682,-59.276157,-61.170277
672,False,-29.231375,-28.39288,-32.031025,-34.459534,-38.491203,-32.377945,-31.679508,-35.902878,-42.160015,-42.808193,-35.799442,-33.030552,-43.198708,-36.590492,-47.17909,-49.770462,-52.33553,-52.65369,-51.355423,-52.596012,-52.360657,-54.13872,-58.83347,-59.078163,-58.415047,-57.438644,-58.069077,-58.19691,-62.480812,-61.804768,-60.172775,-62.000336
704,False,-30.484058,-30.768436,-34.213654,-36.344162,-36.158253,-35.134098,-39.58352,-40.444733,-39.776146,-47.733368,-37.05718,-32.25099,-41.767715,-38.08175,-47.262825,-48.88517,-50.917297,-53.026802,-48.669933,-51.622215,-52.591442,-54.517345,-58.087563,-59.186417,-58.304527,-58.76895,-61.57152,-60.767204,-60.869297,-61.637627,-59.82401,-59.96917
736,False,-28.100805,-32.62372,-32.28368,-34.3525,-36.893353,-34.696804,-34.716717,-38.97235,-34.939117,-43.838913,-42.17611,-37.586903,-39.93486,-38.705494,-48.11902,-45.250546,-50.247517,-53.045715,-45.86753,-51.9424,-56.08928,-55.940147,-56.863068,-61.774353,-57.706394,-57.80593,-58.531395,-59.54716,-59.38417,-60.911423,-60.111412,-60.36992
768,False,-29.433592,-25.221779,-32.91324,-24.780582,-28.714458,-30.238491,-26.121653,-21.428823,-27.568375,-32.60206,-29.202866,-23.05357,-22.973122,-21.318726,-22.305271,-19.201885,-21.648361,-24.41412,-28.611279,-35.00355,-28.972076,-28.617908,-28.034588,-29.75913,-27.23386,-25.398193,-29.127377,-23.922007,-17.633574,-18.149609,-24.847305,-26.408947
800,False,-26.890078,-25.502216,-30.367088,-26.490221,-27.537975,-25.152855,-33.066452,-28.076332,-33.264786,-38.12339,-30.289833,-26.456774,-31.659649,-31.270971,-33.36628,-29.58188,-34.02396,-39.691082,-37.04243,-42.515408,-41.510063,-38.619434,-42.086044,-42.760826,-39.478996,-36.914745,-38.242992,-36.39116,-31.624525,-33.177166,-39.832043,-41.18142
832,False,-30.597271,-30.273314,-33.330173,-31.897053,-32.792393,-31.952065,-39.827915,-32.65991,-34.506115,-39.931404,-32.05815,-27.963703,-36.956562,-31.833363,-39.385506,-40.58401,-41.962288,-44.431023,-42.160664,-48.188267,-46.134277,-44.146,-47.629417,-48.04102,-46.637794,-40.310234,-42.45913,-42.72548,-37.537117,-38.924072,-45.286922,-47.452503
864,False,-28.33667,-28.715765,-35.391655,-32.137882,-33.660034,-30.299265,-35.014732,-38.314285,-37.67144,-40.479122,-33.2962,-28.998545,-40.241962,-36.654907,-43.788944,-40.822865,-41.702103,-46.30892,-45.24157,-48.314667,-47.902813,-44.93701,-48.960365,-50.426018,-49.850563,-46.532112,-46.891666,-46.103634,-41.12089,-43.491993,-49.710865,-52.21982
896,False,-29.857643,-29.520126,-33.133995,-33.0447,-35.49184,-32.683952,-36.035683,-35.192238,-37.436253,-42.45251,-31.48833,-26.252344,-41.894497,-34.22487,-46.13172,-43.41504,-49.095287,-47.410477,-45.508064,-52.7108,-48.36093,-46.98692,-52.09262,-53.69383,-52.864723,-48.439217,-49.591022,-47.920856,-46.731052,-47.41448,-53.980213,-56.431656
928,False,-23.859016,-25.44657,-31.859535,-33.62072,-33.670685,-28.506893,-33.4182,-37.53802,-41.54738,-42.321873,-30.314634,-25.748997,-39.632046,-33.37915,-45.56214,-43.837097,-47.64998,-48.0,-46.75051,-51.650356,-52.134586,-50.637783,-54.070087,-56.31174,-54.399612,-53.4096,-54.382843,-52.532967,-50.110344,-52.60617,-57.750286,-58.746147
960,False,-27.327908,-27.181316,-36.236187,-40.0216,-36.167297,-27.89021,-31.93221,-34.237465,-40.734856,-42.05552,-32.205204,-27.806215,-41.115414,-34.820694,-44.840008,-44.135403,-50.105278,-50.833153,-48.023773,-53.106834,-53.572655,-52.94889,-56.22226,-57.970257,-55.406437,-55.484596,-56.82937,-56.858387,-52.070396,-55.196808,-58.82107,-60.586494
992,False,-28.927488,-27.87563,-36.604515,-35.155243,-35.380955,-31.295202,-32.356667,-36.353867,-38.12056,-39.679375,-35.220634,-30.293648,-39.877827,-36.838642,-44.8487,-46.027164,-52.381474,-50.453613,-48.643837,-53.171486,-53.654484,-54.393234,-57.79965,-58.7339,-57.75415,-57.165203,-59.363052,-57.238556,-55.852707,-57.953,-59.392807,-60.789852
1024,False,-27.553413,-25.373291,-34.44968,-37.047707,-35.65953,-31.807327,-30.882416,-35.022697,-38.831818,-37.74357,-34.69743,-30.110779,-41.97409,-38.145195,-46.35384,-44.26644,-49.528816,-51.69763,-49.682575,-51.884293,-54.46815,-55.693535,-57.74372,-58.184322,-58.193264,-57.253082,-57.647152,-58.487213,-58.58725,-59.624043,-61.46774,-61.242107
1056,False,-29.523571,-31.380033,-36.785362,-38.336365,-36.202484,-34.403313,-31.017159,-35.020634,-42.144676,-44.78443,-36.263718,-32.52977,-43.668945,-37.25245,-48.06125,-44.213943,-49.600163,-51.109474,-46.962505,-53.194885,-54.48467,-55.838486,-58.515774,-57.37922,-57.38606,-58.36912,-57.968666,-59.152103,-59.05746,-60.77036,-60.575314,-61.931366
1088,False,-25.962982,-24.076946,-38.985897,-37.579464,-34.181877,-30.441616,-31.046972,-35.44589,-43.404076,-46.340984,-34.051468,-30.366632,-42.382584,-35.506382,-45.979942,-47.517754,-49.530716,-49.26542,-52.95469,-53.079185,-54.452377,-55.24939,-57.40461,-58.022007,-57.814465,-60.41845,-58.75517,-58.388653,-60.21612,-60.28793,-60.120197,-61.4311
1120,False,-29.114204,-27.601616,-34.66088,-33.846962,-34.460033,-34.045303,-32.22835,-35.531353,-43.996796,-44.318665,-34.25076,-29.528208,-41.34118,-35.327854,-46.47065,-49.63546,-48.806374,-48.159424,-46.87179,-53.96546,-52.346924,-54.07939,-58.6318,-56.939957,-59.30477,-59.081383,-60.0568,-59.977665,-60.760117,-61.04433,-59.728188,-63.400787
1152,False,-31.740501,-30.96037,-35.228058,-33.566334,-35.42338,-33.92436,-31.546806,-35.466373,-44.762634,-41.52544,-35.824768,-30.843754,-41.922764,-36.38561,-45.673634,-47.18838,-48.523827,-51.300957,-47.577644,-53.37603,-54.606903,-57.08808,-57.089024,-58.25823,-57.637444,-57.313126,-58.554565,-59.518417,-60.911736,-61.79962,-60.293583,-61.494083
1184,False,-27.912914,-29.17704,-34.11625,-34.126816,-36.275696,-40.72782,-32.151985,-35.738857,-40.543343,-44.516483,-40.298164,-34.587093,-40.803543,-35.537907,-47.571297,-46.88336,-51.75987,-51.089355,-43.727585,-50.269928,-55.814365,-56.139797,-59.563225,-58.941193,-56.61812,-57.559937,-58.56037,-61.500057,-62.11481,-60.911713,-59.951355,-61.037064
1216,False,-29.331867,-31.40085,-29.644646,-30.50972,-34.700447,-36.232346,-37.307198,-40.89924,-40.15616,-44.510994,-35.975986,-31.806334,-40.721016,-34.925735,-46.54226,-49.622643,-50.62203,-49.741596,-45.363064,-51.718525,-54.11161,-55.36571,-59.13971,-58.429886,-58.502907,-59.707565,-59.049667,-60.487244,-59.720276,-60.851326,-59.432823,-60.54284
1248,False,-28.97129,-31.660126,-33.764664,-34.278778,-35.14154,-38.523396,-38.300846,-39.28537,-38.61669,-43.42966,-36.915672,-30.89425,-38.294193,-33.42831,-44.41159,-46.97994,-47.787804,-48.21732,-49.05985,-54.748528,-54.772346,-54.850502,-55.14481,-59.043465,-58.87597,-59.705223,-59.03885,-57.692913,-59.836063,-61.76555,-59.265137,-62.04084
1280,False,-27.604359,-30.402279,-34.931854,-34.96052,-32.727695,-29.698002,-33.88207,-36.176292,-34.00981,-41.50187,-33.89713,-29.879744,-42.310177,-35.695107,-42.870117,-40.63064,-46.504074,-46.573257,-48.31621,-52.045918,-53.357956,-57.233738,-55.165333,-55.817184,-55.783802,-57.868828,-59.00599,-59.302334,-60.276825,-60.109974,-59.517677,-61.506004
1312,False,-28.152456,-24.547443,-34.060436,-27.236195,-25.963383,-28.24599,-30.324896,-24.267727,-27.985493,-34.04137,-28.130772,-25.281406,-26.768206,-28.713293,-31.449467,-26.764076,-31.759855,-36.48651,-40.737785,-46.289444,-44.70537,-45.65278,-45.340446,-49.58255,-50.97939,-53.863976,-53.200092,-56.05307,-54.023598,-54.616837,-57.199547,-59.823757
1344,False,-28.064615,-25.676954,-31.979273,-30.963146,-30.764973,-30.506613,-37.841633,-31.67984,-33.486656,-39.00135,-31.427519,-27.919762,-33.47263,-33.063957,-41.822205,-38.34927,-42.383263,-46.10594,-48.10791,-53.49225,-52.826508,-52.12801,-55.57125,-56.899067,-56.96321,-56.63057,-58.229122,-60.747337,-60.616173,-59.22625,-59.554676,-60.898354
1376,False,-25.16423,-26.021624,-35.58284,-32.58146,-29.578693,-34.289734,-36.540268,-34.173035,-35.326466,-43.986267,-34.147648,-30.769215,-38.872917,-33.484688,-43.900795,-46.409416,-49.99031,-51.586334,-47.907314,-52.40101,-52.69551,-52.55845,-56.672253,-58.821777,-58.60482,-59.323505,-59.94087,-58.922314,-61.990128,-59.99595,-58.00013,-60.181202
1408,False,-25.791656,-22.933466,-37.864044,-33.078346,-36.247574,-35.72212,-36.82565,-40.509117,-43.98713,-44.64119,-31.663046,-28.309586,-40.948555,-33.688435,-45.70766,-47.1904,-48.055992,-49.790188,-48.465782,-53.00499,-52.635628,-55.325043,-58.449844,-57.439323,-57.62345,-57.69524,-58.321747,-59.552864,-61.09415,-60.515175,-58.301167,-59.853165
1440,False,-27.764763,-24.0534,-35.43296,-37.60724,-35.607468,-39.828533,-39.07695,-40.43422,-39.287952,-42.503563,-28.247396,-23.37261,-41.236553,-34.956394,-47.73182,-47.341835,-47.98271,-46.825596,-48.37521,-54.47691,-53.114933,-53.823906,-57.45012,-59.252773,-59.3825,-58.257412,-59.267593,-57.9715,-60.756653,-60.82342,-58.346237,-59.49421
1472,False,-29.061148,-25.876972,-33.93316,-36.331898,-36.45469,-35.912354,-36.040638,-38.05779,-38.265995,-42.583107,-29.61776,-25.54208,-42.347664,-38.177505,-48.327717,-48.084206,-46.065773,-48.293377,-46.529472,-51.037254,-53.10707,-54.146523,-56.989628,-58.51284,-57.229042,-59.22499,-58.993896,-60.391403,-59.942253,-60.680733,-59.22574,-61.017475
1504,False,-27.449444,-28.335154,-33.412807,-36.46857,-36.4877,-32.157494,-33.30932,-36.151566,-38.962532,-42.687057,-31.563122,-27.445372,-40.613483,-35.38874,-46.60502,-47.709106,-50.417755,-48.979485,-45.692253,-51.952892,-52.573486,-55.01312,-58.300686,-59.173492,-57.46416,-57.370247,-57.444412,-57.447075,-61.450638,-62.657948,-60.60287,-61.373806
1536,False,-30.04071,-28.206041,-32.946907,-35.241753,-36.52325,-32.181446,-30.873148,-33.734478,-42.355835,-44.713257,-30.71695,-26.33404,-44.332664,-37.7333,-47.05671,-46.816635,-50.712563,-51.692833,-45.96233,-50.77049,-52.98445,-55.16751,-57.92444,-58.39722,-58.657784,-57.487617,-59.438217,-59.13464,-59.99922,-60.81996,-60.139507,-61.103954
1568,False,-27.849483,-27.374449,-34.52922,-35.983166,-36.952477,-35.36884,-31.565434,-35.78505,-39.5913,-41.70816,-30.084663,-25.861376,-44.24198,-38.18871,-46.787483,-42.37565,-49.372387,-50.007996,-46.9924,-53.139618,-53.89824,-56.420525,-58.771904,-57.937283,-60.135826,-56.88431,-59.04757,-60.546436,-61.510025,-62.263557,-60.786015,-61.950836
1600,False,-27.972555,-27.791462,-30.915575,-37.61687,-41.438187,-35.490208,-32.401443,-35.59152,-42.16713,-43.84415,-30.6258,-26.502712,-42.7619,-37.102665,-47.93023,-45.648254,-49.589504,-49.649273,-46.384586,-52.90346,-53.955227,-54.62008,-56.450214,-58.49106,-58.235336,-59.304977,-58.375526,-58.790783,-60.23178,-61.247482,-59.13414,-59.65803
1632,False,-25.933357,-25.982065,-31.358265,-36.487946,-34.314278,-32.844383,-34.973316,-39.67157,-43.594265,-42.39719,-28.64435,-24.511702,-43.439087,-37.303486,-48.542336,-43.649334,-48.349453,-51.511692,-44.292587,-51.887222,-52.785194,-56.154194,-58.371513,-58.634357,-58.297848,-59.767185,-61.00075,-61.831238,-60.213795,-61.027885,-59.05818,-60.43266
1664,False,-29.485739,-28.41832,-30.037056,-34.410686,-30.806973,-28.530972,-36.095947,-38.94016,-43.514366,-44.373436,-31.24668,-26.246416,-42.588257,-35.094856,-44.375576,-47.76174,-51.281685,-48.7118,-46.609146,-53.07878,-54.765472,-56.215786,-59.71425,-58.303444,-58.543034,-57.319603,-58.59252,-61.682186,-61.145863,-59.99626,-59.403156,-61.530296
1696,False,-28.089603,-29.604488,-32.27013,-35.57243,-36.79408,-32.346977,-34.09057,-35.90968,-36.22849,-40.992947,-32.376884,-28.361576,-40.572376,-32.438805,-45.825314,-48.420235,-52.44421,-51.78164,-51.543495,-55.05745,-55.183678,-54.430523,-57.960014,-58.542473,-57.26782,-59.18072,-58.409496,-59.255466,-59.598423,-61.44514,-60.304443,-59.630527
1728,False,-27.523336,-24.781027,-33.125187,-35.202087,-32.27335,-37.92531,-35.573936,-37.223213,-33.290512,-43.068504,-37.12381,-31.182821,-41.695168,-36.15955,-48.615753,-50.717888,-50.838005,-53.569866,-53.73578,-55.989185,-55.676,-56.98694,-58.079205,-59.25283,-57.853966,-57.533627,-58.554077,-59.447613,-60.127953,-61.540215,-59.444355,-61.413193
1760,False,-26.239742,-23.890854,-32.372272,-35.785614,-37.690464,-38.71749,-37.9507,-40.246235,-40.609962,-47.463932,-42.347965,-38.200108,-42.92604,-34.218307,-46.841473,-45.669563,-50.18261,-51.622597,-51.112595,-55.16932,-52.71124,-54.262238,-57.338142,-56.428493,-57.666786,-58.458054,-61.558334,-59.96972,-61.072998,-61.98061,-60.770218,-62.44618
1792,False,-27.106218,-24.854183,-32.5244,-34.695793,-36.172104,-36.46299,-41.189465,-40.963547,-40.032635,-44.858795,-32.32851,-27.908888,-41.265488,-34.430923,-47.068268,-48.696995,-48.759186,-51.43078,-46.24803,-52.962574,-52.08138,-55.053406,-58.44572,-57.48693,-57.148193,-56.98194,-56.86283,-58.00221,-61.20909,-62.088425,-60.280037,-61.536606
1824,False,-29.53402,-27.701256,-35.790577,-32.37134,-33.032513,-31.766552,-30.605192,-30.445593,-33.29183,-37.903168,-34.120346,-29.367794,-30.593086,-29.17227,-30.401283,-28.045637,-29.870209,-33.835163,-39.818798,-45.003506,-39.722984,-39.83782,-38.054684,-41.701508,-37.432396,-35.810577,-39.655025,-33.906837,-27.386211,-27.465073,-33.317924,-36.146793
1856,False,-29.133797,-26.742697,-28.821404,-23.385708,-29.276577,-25.313978,-25.84534,-23.078606,-28.845556,-34.678513,-30.04914,-26.045149,-26.000206,-23.01367,-24.886219,-22.073708,-25.6903,-28.159266,-29.720137,-35.156532,-30.839268,-29.26707,-29.622858,-32.638737,-28.961533,-26.058104,-31.52814,-27.692436,-20.192047,-20.534494,-25.838144,-29.539593
1888,False,-30.068245,-26.234968,-34.611065,-29.329693,-30.358433,-34.425766,-34.809746,-30.364098,-34.44719,-42.21596,-35.72369,-33.9992,-32.642906,-33.075806,-36.494633,-34.299614,-36.671272,-42.52567,-40.59875,-46.285248,-45.439285,-41.16078,-44.402805,-46.255516,-42.951447,-39.023518,-39.42849,-39.7226,-36.098186,-36.161755,-42.2897,-44.10994
1920,False,-26.258753,-27.454994,-37.419006,-37.982834,-31.738512,-32.955368,-36.448277,-34.73659,-39.36997,-42.71204,-35.14087,-32.195126,-39.373573,-37.26391,-42.506214,-41.278645,-42.317207,-45.086384,-45.336117,-49.251896,-48.04655,-45.624588,-48.21805,-50.542664,-48.974808,-42.92162,-42.854202,-43.478924,-39.1433,-39.808407,-45.822647,-48.239384
1952,False,-27.76427,-25.660467,-34.813065,-38.687195,-39.159805,-31.853552,-32.745384,-34.961807,-38.63021,-42.30682,-31.85551,-27.092798,-41.72265,-38.117455,-43.39006,-41.757317,-47.24904,-45.920624,-45.452343,-53.098373,-47.731766,-45.85083,-50.00396,-51.56576,-50.720284,-46.11638,-47.069344,-47.73766,-44.437824,-44.903812,-50.262543,-51.88618
1984,False,-30.720615,-28.0744,-32.70971,-36.458725,-35.552563,-31.833525,-36.441387,-35.76452,-39.882668,-43.111645,-29.42108,-24.659977,-39.94581,-43.86853,-48.107418,-48.04228,-48.930355,-51.44083,-48.503246,-52.79281,-51.268097,-49.454685,-54.44061,-54.026497,-54.001804,-51.20793,-51.67799,-50.24475,-46.680492,-48.66096,-56.013187,-57.64237
2016,False,-28.406796,-26.17828,-30.938168,-34.922565,-38.86026,-39.92753,-33.250584,-36.075157,-41.785896,-47.16925,-32.29218,-27.21821,-39.89314,-38.33872,-48.30812,-46.28221,-47.655964,-48.640495,-47.72818,-52.33952,-51.626656,-53.495007,-55.42266,-54.993492,-54.211735,-54.486412,-55.064716,-54.161724,-52.35238,-53.510635,-56.388542,-58.669632
2048,False,-30.858915,-26.884495,-34.12446,-36.318855,-37.968517,-36.962746,-33.63567,-36.22277,-40.622543,-41.60822,-37.69275,-33.767704,-41.713463,-36.84505,-48.70395,-45.460735,-46.36766,-49.91547,-48.386475,-53.69041,-54.978592,-55.94615,-56.57801,-58.72386,-56.05622,-56.238884,-56.920227,-57.00001,-54.962776,-57.27516,-58.01587,-60.290833
2080,False,-28.992077,-28.076477,-30.972204,-35.896038,-33.63439,-35.683754,-32.155666,-34.800953,-38.89174,-48.198532,-33.82028,-29.23145,-41.967384,-36.67971,-47.96595,-46.6603,-48.1773,-52.19601,-50.58026,-53.401237,-53.58361,-54.823498,-57.556973,-56.40623,-57.94642,-58.48959,-60.624176,-59.1226,-58.65076,-59.53662,-58.512062,-59.76034
2112,False,-28.169601,-25.535315,-33.88563,-37.041138,-37.793194,-32.43605,-33.769505,-37.482002,-41.301235,-44.71641,-32.574364,-28.309889,-42.319893,-32.981808,-45.70555,-50.768375,-50.282825,-53.237053,-50.859447,-52.95506,-54.30439,-56.002697,-57.79557,-57.65295,-56.61674,-58.61702,-59.526005,-58.703545,-58.874832,-59.417477,-59.279205,-62.432663
2144,False,-29.484219,-26.996328,-35.382294,-37.251297,-34.7453,-33.780685,-33.04441,-36.05526,-40.889244,-45.21196,-29.939045,-25.9284,-40.253357,-34.74272,-48.216137,-49.191887,-48.820477,-49.836372,-48.408173,-55.025707,-54.717407,-53.387028,-57.341694,-57.634804,-57.18965,-58.407883,-58.305984,-58.777016,-58.474495,-61.117363,-59.63405,-61.29592
2176,False,-25.182905,-23.324411,-34.56121,-36.745945,-35.208992,-31.351965,-30.901653,-35.138744,-43.03022,-43.05182,-33.025433,-29.172632,-42.047493,-33.71637,-45.74181,-51.148666,-52.253376,-50.04522,-51.231117,-53.79017,-53.516754,-56.581596,-59.582973,-62.0184,-58.55223,-59.27252,-58.243004,-59.35382,-62.457638,-60.99642,-58.915478,-61.058304
2208,False,-31.76213,-27.770218,-35.428802,-34.91491,-34.75239,-32.276314,-30.853529,-35.108555,-40.150635,-42.269234,-34.357464,-30.982224,-42.072445,-36.40172,-50.335968,-49.234272,-50.330944,-50.52376,-50.477158,-54.226955,-54.184803,-57.734154,-58.747406,-58.88035,-58.010826,-56.921978,-56.895256,-58.995396,-60.115753,-60.132935,-59.472584,-61.59348
2240,False,-28.934364,-28.228664,-33.4863,-35.199173,-36.82236,-39.006447,-30.79662,-34.741405,-41.676712,-47.014137,-42.851265,-40.21736,-42.710285,-35.73895,-47.807926,-48.01599,-51.68885,-50.359303,-47.672558,-53.004257,-55.89512,-57.185932,-61.128105,-59.486122,-57.384666,-58.912743,-59.01036,-60.73951,-63.26887,-60.512245,-59.21184,-61.711235
2272,False,-31.82644,-29.55312,-31.622202,-34.377823,-33.76893,-32.046974,-34.369972,-37.339104,-41.693947,-43.583565,-37.673706,-32.27598,-41.98315,-35.269283,-48.601955,-48.465733,-49.12429,-51.239113,-50.09897,-54.41812,-54.599804,-54.979267,-58.046856,-58.371525,-58.107876,-59.295464,-58.108665,-60.558273,-61.451725,-59.7483,-60.880463,-61.841045
2304,False,-25.716564,-27.08126,-31.37051,-35.410446,-38.283325,-36.18728,-42.401337,-40.140224,-39.482883,-44.70793,-39.709908,-35.327026,-40.982513,-35.764545,-49.204163,-48.307274,-49.496254,-52.52587,-47.886852,-53.421024,-53.76637,-56.67068,-59.602924,-58.88502,-57.76331,-59.692493,-58.137497,-60.82649,-62.242737,-61.753227,-58.342087,-61.06079
2336,False,-29.087643,-25.940435,-34.871464,-40.222286,-39.34208,-35.750664,-37.3776,-40.227608,-39.41651,-45.254013,-34.438854,-29.904312,-40.46743,-34.54952,-47.817047,-44.986156,-48.52121,-49.581726,-47.692265,-53.706413,-53.403732,-54.45996,-57.259216,-59.007393,-59.40865,-58.43658,-59.623566,-60.292812,-60.397507,-61.682392,-59.32023,-61.40541
2368,False,-29.601612,-27.662853,-35.545456,-36.49806,-35.44021,-39.11326,-32.492737,-34.337994,-37.270054,-43.442886,-37.08136,-31.379314,-36.11514,-33.756325,-39.989613,-38.54604,-41.3697,-46.6293,-45.034985,-52.942734,-54.05682,-54.147484,-55.54,-57.177986,-57.520706,-60.039944,-59.386566,-60.686157,-60.523903,-61.017334,-59.23994,-59.130154
2400,False,-28.449902,-30.488127,-31.193819,-27.832205,-27.392302,-28.279476,-29.547352,-24.638927,-29.966108,-34.918026,-27.79849,-26.811695,-27.715578,-28.798761,-32.46373,-28.257132,-33.676697,-39.417492,-40.56405,-46.574356,-45.1055,-48.01001,-47.519485,-52.978592,-54.58834,-54.46638,-55.00077,-56.58281,-54.117683,-56.403603,-57.81761,-57.465622
2432,False,-29.285639,-29.473713,-31.462997,-29.069414,-30.909899,-29.40608,-34.188698,-31.744574,-38.132236,-43.002377,-32.60406,-28.843517,-33.770473,-37.18303,-45.176487,-41.78284,-45.673103,-49.402805,-50.026546,-53.805626,-52.9406,-55.17785,-57.030266,-57.78531,-56.729107,-57.01622,-58.32437,-59.25836,-59.84021,-61.045765,-60.426907,-60.75159
2464,False,-27.541683,-28.518291,-33.099686,-34.595703,-36.671093,-32.40188,-33.88141,-33.96988,-38.103596,-39.93403,-33.059864,-30.466755,-40.992085,-38.338326,-47.337906,-43.887703,-46.939392,-49.241737,-50.794014,-54.536667,-54.448856,-55.23514,-59.11324,-59.852257,-59.304436,-59.57546,-58.63124,-58.08114,-60.51516,-60.629803,-58.282467,-60.14263
2496,False,-28.193285,-28.471802,-32.77147,-36.838173,-35.652958,-32.619816,-32.253223,-35.594345,-38.124954,-41.68087,-34.0889,-27.67144,-41.88093,-38.11316,-46.75722,-45.42501,-47.67847,-49.93598,-50.276077,-52.470325,-54.117844,-58.3162,-59.56765,-59.241146,-59.59093,-58.37347,-59.010715,-61.715454,-61.196533,-59.387527,-59.61924,-60.295048
2528,False,-28.775475,-27.016993,-33.567154,-35.52466,-35.05593,-31.80442,-36.73214,-40.09182,-42.445984,-43.77689,-29.785007,-24.730782,-42.35633,-39.008034,-49.270878,-47.85109,-48.793606,-51.16107,-48.02135,-54.683678,-56.459167,-57.251823,-57.809162,-58.948193,-59.264946,-59.17649,-57.73764,-59.70306,-61.62599,-60.166977,-59.21859,-61.20279
2560,False,-28.191055,-26.487665,-31.509104,-37.524956,-34.485714,-32.50296,-45.915184,-43.468014,-40.253902,-40.563484,-31.625032,-26.617605,-42.17098,-38.73027,-49.96363,-46.28637,-50.07168,-49.687447,-47.18164,-53.700157,-52.870644,-55.665974,-56.918472,-56.42984,-56.86768,-58.715473,-60.244713,-60.26464,-59.64808,-61.986786,-59.000187,-61.199833
2592,False,-27.13844,-26.94823,-30.700584,-36.92063,-39.43277,-33.747047,-40.538082,-39.794582,-37.382057,-40.989166,-33.100113,-29.232466,-43.967606,-38.13449,-50.48401,-47.938194,-50.094242,-48.49868,-49.83534,-56.069176,-52.461315,-54.721214,-59.32351,-59.725452,-58.049385,-58.071037,-59.57293,-59.361977,-60.36788,-61.198875,-59.461826,-61.45153
2624,False,-33.287235,-31.507965,-30.845745,-33.15664,-39.756706,-34.536823,-36.8991,-39.835705,-40.859623,-42.374226,-33.58174,-29.197475,-41.86183,-37.49431,-46.664406,-45.93287,-48.85098,-50.73162,-48.2864,-55.13447,-53.74777,-55.581543,-58.80939,-58.14796,-59.032486,-59.79025,-56.981354,-59.147133,-61.826332,-60.062225,-58.71232,-60.188232
2656,False,-31.39238,-27.717218,-31.828344,-34.893833,-34.93378,-33.92507,-32.332542,-35.752434,-40.58145,-43.791637,-30.625303,-27.10057,-45.192493,-36.75205,-45.366207,-49.594315,-52.00399,-50.665592,-51.238937,-54.380077,-56.38712,-56.788944,-57.806416,-58.70483,-59.475132,-59.20109,-58.913666,-59.87126,-60.079124,-59.611355,-57.1703,-60.34922
2688,False,-29.890253,-28.444637,-31.692114,-32.71641,-34.357124,-33.757076,-34.55639,-36.89096,-41.294025,-44.556713,-39.323036,-34.632744,-43.439743,-37.803383,-47.669983,-47.66171,-50.659065,-54.179947,-51.968697,-54.16926,-53.590202,-54.996964,-57.703533,-57.307167,-56.887135,-58.80365,-59.806973,-60.14962,-60.247887,-59.961143,-58.050774,-61.12789
2720,False,-30.298927,-33.56236,-33.689987,-36.90176,-36.081116,-32.551323,-31.162947,-35.059456,-39.82426,-40.481182,-38.508465,-35.38353,-41.068542,-35.77912,-47.69051,-44.13378,-49.488266,-50.475086,-49.904823,-54.20177,-54.894234,-56.64135,-60.39569,-60.313217,-59.039806,-57.517998,-58.788597,-60.028538,-61.50373,-60.48254,-57.874016,-59.416985
2752,False,-28.634417,-34.82641,-32.176605,-35.832058,-36.93566,-30.35184,-32.97,-36.669674,-41.42549,-46.19217,-37.706573,-34.028934,-42.88157,-36.75824,-51.204292,-49.476284,-51.120144,-51.854572,-46.288155,-52.64361,-56.17613,-60.156273,-58.136787,-58.397125,-59.063522,-59.75164,-59.8477,-58.74165,-59.548763,-61.25374,-60.14732,-61.26753
2784,False,-26.555595,-26.478199,-34.068302,-35.36814,-38.18299,-37.193367,-35.91928,-39.28489,-42.664627,-45.642662,-39.482006,-36.43336,-43.194267,-37.41253,-48.83692,-46.486015,-47.241547,-50.483166,-47.33396,-52.484077,-55.68882,-54.857067,-57.634193,-58.20542,-58.758827,-57.356483,-58.512993,-59.227367,-60.23251,-62.943542,-59.54775,-60.26407
2816,False,-32.568813,-32.63849,-31.182823,-34.28245,-34.620613,-33.00834,-34.63978,-39.454735,-44.533672,-42.45733,-42.662014,-40.51573,-43.63548,-34.512833,-46.421844,-50.464645,-53.009945,-54.35285,-51.39649,-54.797035,-55.33004,-56.234165,-58.25702,-59.394623,-61.396812,-58.727577,-59.138023,-61.41539,-61.71082,-62.287365,-59.85366,-60.95499
2848,False,-31.081852,-33.705574,-36.465565,-34.711575,-37.670147,-36.52014,-39.50023,-40.99981,-41.92892,-41.865482,-40.895084,-38.087795,-43.212982,-35.89043,-47.51709,-47.838345,-53.93785,-52.15301,-49.246067,-53.94005,-55.202667,-56.271397,-57.56373,-57.351105,-58.36402,-59.851616,-60.840946,-60.70511,-60.079136,-62.42624,-59.55146,-60.250557
2880,False,-30.278355,-28.798742,-35.17445,-35.019863,-38.320995,-35.03898,-33.183178,-36.139698,-45.303654,-42.829556,-39.35904,-38.17045,-39.928375,-33.910263,-49.259148,-47.578053,-50.949406,-50.214634,-52.38419,-54.320965,-54.11319,-56.496067,-59.236378,-58.291454,-57.227913,-59.598354,-58.569084,-61.323746,-61.3795,-60.652916,-60.137085,-61.214886
2912,False,-28.539467,-25.983234,-32.857758,-33.514713,-36.134724,-32.512344,-31.687813,-34.701965,-38.935898,-41.46781,-38.062477,-32.11345,-35.223846,-32.590004,-35.292995,-33.464874,-35.381466,-39.21644,-44.71042,-49.741444,-46.052853,-46.083942,-45.020542,-48.216938,-43.993942,-42.944176,-45.755447,-39.41889,-33.95423,-34.65543,-39.35813,-41.12642
2944,False,-29.92632,-28.465424,-30.4299,-22.434994,-27.82548,-26.87846,-26.634773,-21.97013,-27.40728,-32.616917,-25.887897,-23.335192,-24.169577,-21.737862,-23.270077,-20.195873,-23.590786,-25.85868,-28.7205,-34.744072,-29.568169,-28.010815,-28.005247,-30.788404,-27.359474,-24.964437,-29.57226,-24.986143,-18.814783,-19.554943,-24.216934,-27.869602
2976,False,-29.76761,-27.472004,-31.687078,-29.40523,-29.884445,-31.551657,-36.126095,-30.40269,-34.28214,-41.812042,-33.83312,-30.889023,-31.003286,-32.98199,-35.969177,-33.288185,-35.109478,-41.603245,-40.8684,-46.08475,-45.01375,-40.889908,-43.619656,-45.313347,-42.280014,-38.39004,-38.085323,-38.870895,-34.538616,-35.749134,-41.117367,-44.82521
3008,False,-28.555681,-25.402832,-32.101646,-31.356297,-34.085346,-35.5886,-36.562782,-32.46164,-37.23504,-42.988834,-32.68685,-28.763456,-39.16672,-36.189705,-41.139416,-40.329247,-43.468952,-45.71314,-43.548454,-49.65197,-47.51187,-44.97126,-46.84811,-48.62209,-48.010693,-41.31065,-42.104897,-43.64576,-38.181767,-39.619476,-46.19522,-48.704357
3040,False,-30.871159,-30.835611,-34.551937,-34.70685,-36.37962,-36.72177,-35.783543,-38.540947,-39.255413,-40.634808,-33.455128,-29.627207,-38.961018,-36.434868,-43.5608,-41.482132,-44.345848,-46.10414,-46.17127,-51.619877,-46.43563,-45.8033,-49.9103,-51.01292,-49.68761,-46.604748,-46.69775,-48.996193,-43.515564,-44.110435,-49.823193,-52.618717
3072,False,-30.92157,-32.638226,-31.67345,-35.968628,-35.13486,-33.964382,-31.541746,-34.234917,-41.09907,-45.369305,-40.029045,-36.220795,-42.436874,-39.504272,-47.13474,-46.131912,-47.336777,-48.353333,-47.439133,-50.92608,-50.450058,-48.619175,-54.736374,-53.62562,-53.663635,-50.32885,-50.906647,-49.46417,-46.4356,-47.51261,-54.59591,-58.477894
3104,False,-29.07743,-30.93255,-31.76893,-35.73641,-36.23324,-33.130974,-33.775833,-37.810852,-41.564827,-44.279427,-40.07597,-36.44735,-44.529297,-38.35086,-46.69426,-43.702274,-44.976387,-49.610027,-50.999474,-51.834564,-53.189896,-53.002583,-56.21238,-56.13665,-52.49617,-53.466877,-54.57962,-53.71044,-50.68781,-52.47408,-56.925842,-58.586063
3136,False,-26.051903,-27.986008,-32.54329,-35.558933,-38.36871,-37.052475,-38.181145,-39.64695,-38.92762,-42.981483,-35.318756,-32.95869,-41.810566,-38.083267,-47.238365,-46.781715,-48.573895,-50.895714,-50.538387,-54.09555,-54.62799,-55.5257,-56.396503,-56.427673,-53.309296,-56.55745,-56.915035,-55.231323,-54.352905,-56.544224,-58.474556,-58.932312
3168,False,-29.933548,-27.68731,-32.105156,-34.194046,-32.97251,-36.288883,-36.187565,-38.27421,-37.950165,-41.91231,-37.34321,-33.47436,-43.84993,-40.56407,-48.102806,-47.63798,-48.640236,-50.96893,-48.731476,-53.32783,-51.778736,-53.640526,-57.416634,-57.67743,-58.18398,-55.428696,-57.12885,-57.02317,-57.110744,-57.881317,-59.31115,-60.04519
3200,False,-27.143757,-30.708197,-32.107483,-36.71514,-38.401855,-42.98039,-32.464584,-36.092205,-39.920036,-45.374283,-33.425613,-29.736946,-41.437054,-38.297115,-48.385273,-44.875065,-49.161697,-51.52749,-50.779816,-54.08056,-51.00142,-54.083748,-57.807014,-57.48781,-56.804565,-57.58697,-56.672913,-58.45153,-58.883972,-61.354385,-60.465355,-61.143517
3232,False,-27.070133,-27.163603,-34.635498,-34.974903,-38.04951,-35.168503,-33.866,-35.272106,-43.0273,-40.76427,-33.8688,-30.73292,-42.046616,-36.593697,-47.93392,-48.243256,-52.684666,-51.706715,-47.079468,-54.369427,-53.93461,-54.645084,-57.736744,-58.006443,-57.558212,-58.03884,-60.079872,-60.48357,-59.10205,-58.38212,-58.226593,-61.541092
3264,False,-32.200104,-29.915115,-32.20825,-34.434242,-37.43302,-39.12669,-34.871986,-38.032654,-38.492466,-40.98842,-32.60062,-28.822973,-44.47508,-36.798046,-47.248493,-45.345703,-49.29691,-52.640816,-48.75709,-54.882843,-50.61745,-52.97896,-60.644363,-61.946655,-56.776653,-58.83028,-59.574677,-58.91581,-60.873505,-60.32212,-59.411583,-61.456215
3296,False,-29.573925,-27.101576,-29.658155,-35.79274,-37.461964,-37.93572,-37.496773,-40.16489,-40.913807,-43.122055,-32.928406,-28.845804,-42.186317,-35.015022,-46.125847,-48.077484,-50.71394,-49.478016,-46.648693,-53.067505,-54.212322,-58.15359,-58.819252,-59.214165,-57.972485,-57.332153,-57.572617,-60.69759,-61.771667,-60.126534,-58.051144,-62.048042
3328,False,-28.312107,-25.868458,-30.528019,-36.84297,-37.899033,-35.34517,-38.376255,-41.819614,-41.137398,-44.949894,-33.233566,-29.383205,-42.78144,-36.017082,-47.26716,-46.59754,-50.821014,-51.86084,-45.815254,-52.30347,-54.44983,-55.59902,-58.065624,-59.03766,-60.415825,-58.410988,-56.799553,-59.08631,-60.59751,-61.004852,-60.26897,-60.691193
3360,False,-27.928923,-27.243765,-37.876835,-38.74749,-35.861145,-36.781296,-37.26526,-39.133076,-39.775616,-43.6324,-33.951984,-30.360338,-42.836,-35.529324,-48.909706,-49.625916,-48.68947,-50.668545,-49.420067,-53.672565,-53.4151,-54.550995,-57.793488,-58.937614,-58.432163,-57.92021,-58.8913,-58.22573,-58.56479,-61.31819,-60.790943,-60.198532
3392,False,-29.698256,-28.470934,-30.370197,-38.013645,-37.8234,-35.973392,-40.896572,-41.30718,-40.072456,-44.510197,-33.4939,-30.013561,-42.590405,-34.464172,-48.526894,-45.500313,-50.030155,-50.5567,-46.047295,-53.128452,-50.658947,-53.025074,-56.91654,-57.3459,-58.46327,-59.62249,-59.1346,-59.568066,-60.727623,-61.109615,-59.37603,-60.737114
3424,False,-28.55651,-30.368668,-34.964424,-35.485386,-39.17468,-39.27238,-36.318367,-37.079826,-41.018112,-46.26732,-40.646595,-35.978573,-40.23441,-36.852703,-50.15271,-47.31381,-47.448578,-50.404602,-47.792824,-54.16609,-50.550766,-53.528637,-60.479656,-59.52105,-58.32734,-57.322655,-58.324543,-59.555405,-62.068256,-61.106583,-58.38207,-61.612335
3456,False,-28.586178,-28.275473,-33.590553,-37.597057,-36.345284,-35.903378,-34.14072,-37.062614,-41.40673,-46.574516,-38.83556,-35.497375,-39.126213,-33.466293,-42.476715,-41.213345,-43.566147,-47.733917,-48.603397,-53.585632,-51.499386,-54.54709,-58.00554,-57.73223,-58.890015,-58.553978,-58.075634,-58.300877,-61.07865,-60.615204,-57.75003,-59.194077
3488,False,-30.977543,-29.409492,-29.766113,-28.71269,-28.676226,-29.699753,-31.49884,-23.789299,-27.87586,-36.097435,-28.022675,-27.164757,-26.741655,-30.203701,-33.06787,-28.969553,-33.390377,-38.37589,-40.018433,-45.754246,-43.01158,-46.172184,-46.49537,-50.323112,-52.90359,-54.43789,-56.330124,-55.97395,-54.52881,-55.69813,-57.491333,-58.013187
3520,False,-29.550861,-28.255295,-29.714241,-27.903252,-31.149368,-31.367012,-34.68,-33.96547,-34.91936,-40.84613,-35.328373,-34.121685,-34.720543,-35.147263,-43.571873,-37.215363,-42.197052,-47.995537,-51.034286,-53.750374,-53.3189,-54.721718,-56.025078,-56.538128,-58.062035,-56.493782,-58.979492,-60.355858,-60.828705,-62.30668,-60.60784,-61.45479
3552,False,-31.356178,-30.644846,-33.868267,-33.877777,-33.094963,-37.02288,-40.975002,-35.913166,-38.013947,-43.878784,-33.59963,-32.013477,-37.589066,-34.38206,-45.621254,-41.386536,-45.216713,-47.2624,-49.237923,-54.454174,-54.6199,-56.201523,-56.017426,-57.933723,-58.26977,-57.445168,-59.48074,-60.216137,-61.08231,-60.911785,-58.69834,-60.809692
3584,False,-27.826279,-28.492002,-31.768326,-35.372044,-31.922338,-35.784573,-34.094368,-35.323483,-38.58615,-44.511395,-39.952232,-35.206333,-40.188004,-39.622185,-45.521427,-42.913315,-46.667046,-48.53447,-49.297737,-55.54019,-52.259785,-52.828793,-57.65162,-58.18215,-58.744514,-58.582554,-58.72784,-60.279316,-61.445385,-60.989082,-61.985954,-60.582333
3616,False,-28.441484,-26.90141,-34.828655,-36.486588,-37.67841,-42.967766,-31.077587,-33.98296,-40.37272,-44.18991,-39.125713,-35.974747,-42.139202,-37.7309,-46.94155,-46.78791,-50.03865,-49.516205,-48.955933,-53.876423,-53.66188,-56.931778,-57.124817,-57.564323,-59.71805,-59.17889,-58.62528,-60.16752,-60.31612,-61.723076,-59.690567,-63.004944
3648,False,-27.782118,-25.645653,-35.162014,-36.941105,-38.089962,-39.579033,-36.3632,-38.33704,-39.92521,-44.70535,-40.23781,-37.58332,-42.767036,-39.84979,-45.88343,-44.93004,-48.692024,-51.288418,-49.775864,-53.13091,-52.608116,-53.32567,-57.18879,-58.396652,-58.4514,-56.75847,-56.69258,-59.668903,-60.11826,-61.275818,-57.60182,-59.321445
3680,False,-28.585728,-25.48449,-33.093666,-35.51783,-35.766075,-35.794594,-33.588264,-36.759895,-46.664352,-43.09095,-37.883656,-34.417732,-43.023106,-37.24426,-47.723732,-49.285107,-49.292107,-50.051785,-50.037888,-52.395016,-50.220837,-54.263298,-56.430416,-57.429176,-57.5056,-57.769264,-57.51751,-58.30253,-60.754395,-60.96161,-58.392487,-59.103466
3712,False,-27.105736,-30.10174,-30.900032,-35.645794,-37.54825,-39.26088,-35.51639,-37.873795,-40.675472,-43.35905,-35.78961,-31.317364,-41.473183,-36.4065,-47.287567,-48.932186,-51.50804,-50.441048,-49.49259,-54.87783,-56.13867,-57.59512,-58.88296,-59.053543,-58.771267,-58.557068,-58.416016,-60.427036,-61.095116,-60.71457,-58.26254,-60.523487
3744,False,-25.7579,-29.377897,-34.00293,-31.636389,-31.768429,-36.03252,-35.416473,-38.97804,-45.833115,-42.520973,-40.581623,-38.282665,-43.603283,-34.024017,-47.47986,-46.463604,-47.50404,-49.97798,-46.303856,-53.065548,-54.447254,-55.143646,-59.955765,-57.58446,-58.13766,-57.702698,-57.322517,-59.639206,-60.795826,-60.57672,-59.747673,-61.99236
3776,False,-28.417667,-27.826298,-33.435623,-34.564438,-36.01416,-37.725853,-33.62905,-37.94475,-39.66453,-45.143715,-37.99019,-35.442436,-42.44162,-34.327618,-46.53093,-49.605446,-50.773846,-51.050205,-45.78888,-54.15043,-55.25997,-56.682034,-58.479492,-58.00722,-59.505127,-57.69119,-57.57376,-59.597237,-61.049805,-59.784492,-58.65042,-58.770947
3808,False,-28.716671,-30.6244,-32.807564,-36.678516,-35.752445,-34.492393,-31.047535,-34.54105,-40.351418,-45.966995,-34.795662,-30.353964,-40.253998,-37.291023,-49.24242,-48.818176,-51.631817,-52.81206,-50.709663,-55.300392,-54.220375,-54.77816,-58.65863,-59.06815,-57.57297,-57.488533,-57.87513,-61.847275,-60.57253,-60.49035,-58.33188,-59.267906
3840,False,-32.10171,-30.188553,-33.194313,-36.876163,-40.341347,-34.479694,-30.166126,-33.527943,-40.55413,-42.04992,-32.453762,-28.674511,-41.08081,-35.71091,-44.47621,-45.39648,-50.306793,-51.691414,-49.671627,-54.36258,-54.880005,-55.234913,-56.9764,-58.286385,-57.752937,-59.759506,-57.92579,-58.907387,-60.944347,-59.819244,-58.840553,-61.359245
3872,False,-28.442766,-30.79156,-35.392303,-37.990437,-37.301464,-33.37067,-30.593754,-34.12678,-37.28474,-37.94062,-37.721504,-32.01328,-41.445347,-35.667957,-46.387707,-44.40963,-48.849907,-50.13552,-49.979206,-53.744232,-53.39086,-53.889866,-56.61301,-58.176147,-57.62073,-59.684265,-57.782078,-59.12803,-61.30165,-61.86405,-59.521183,-60.199413
3904,False,-25.751753,-28.166826,-35.548424,-36.506485,-38.110928,-37.01178,-31.784678,-34.593105,-35.63843,-39.286636,-40.87442,-38.146797,-42.972675,-35.348526,-48.43612,-46.362686,-52.620705,-53.427586,-45.32077,-53.09513,-54.652565,-56.52962,-59.494434,-58.397655,-60.0498,-58.770798,-58.31842,-61.192207,-59.424126,-61.0456,-60.293114,-62.272892
3936,False,-27.749403,-26.48965,-33.6338,-38.269714,-39.417393,-39.28387,-30.38908,-34.622185,-38.761887,-42.980377,-34.749996,-30.86435,-43.72131,-36.061295,-44.925087,-46.437603,-52.687332,-48.880592,-47.156197,-54.31316,-55.26632,-56.3242,-59.53913,-58.692543,-56.341778,-57.347122,-59.455227,-61.25875,-60.496487,-61.007286,-59.552288,-61.416416
3968,False,-28.56164,-27.173504,-30.849848,-35.07215,-35.01748,-34.73141,-30.448254,-33.820854,-37.299324,-42.265934,-38.87339,-37.29796,-42.58095,-37.022087,-44.349346,-42.47676,-49.280617,-55.0074,-49.96121,-56.271458,-54.606407,-56.330524,-56.922646,-60.27792,-59.122387,-59.86368,-58.649673,-58.873154,-60.72498,-59.36728,-58.299202,-61.780964
4000,False,-26.017948,-27.579098,-34.92945,-37.75493,-34.81243,-33.5055,-29.109062,-31.7331,-35.178932,-37.770863,-31.180237,-26.806505,-41.0611,-35.47853,-44.339005,-43.363,-46.243324,-50.539276,-48.002426,-53.14879,-54.302902,-54.811623,-57.54871,-57.92192,-56.94355,-57.194515,-56.62332,-52.086864,-49.250546,-48.21794,-51.338478,-53.215794
4032,False,-26.506939,-25.089941,-27.838608,-21.719234,-27.31304,-28.480799,-22.09076,-19.970259,-25.872269,-31.486227,-27.434855,-24.041445,-23.266123,-21.6758,-22.585087,-19.099491,-22.005356,-24.696238,-28.351324,-34.51344,-28.921474,-27.905893,-27.578148,-30.145416,-26.877853,-24.799616,-28.573265,-23.88823,-18.23116,-18.76562,-22.641968,-23.201603
4064,False,-26.822798,-26.548454,-31.979774,-26.098242,-28.583725,-29.239275,-30.840738,-28.545399,-33.356422,-38.698906,-33.578445,-31.35019,-30.45079,-30.294228,-34.066525,-31.203539,-34.562622,-40.552372,-40.52285,-44.90365,-43.441486,-39.96288,-43.07272,-43.964256,-40.58806,-37.830154,-37.178276,-37.0774,-33.98258,-35.240578,-38.36013,-41.11919
4096,False,-34.11398,-30.954716,-33.261494,-30.645863,-35.28747,-38.785206,-37.214935,-35.46793,-38.973507,-39.429314,-34.316982,-29.466526,-39.95418,-35.330635,-38.867065,-39.676655,-43.244385,-46.456142,-46.198296,-49.65489,-45.421516,-43.716675,-45.73771,-48.816376,-47.33644,-40.473793,-41.43349,-43.113754,-38.289864,-39.180626,-44.737427,-47.58458
4128,False,-27.186386,-30.49968,-30.888502,-32.935,-34.812805,-34.902756,-32.930317,-35.19345,-37.01487,-42.101265,-36.018074,-31.986877,-40.56885,-35.380497,-41.638123,-38.96868,-42.88464,-46.52404,-48.06095,-51.374588,-48.12485,-44.13935,-50.019836,-50.543327,-49.780903,-46.24267,-45.549423,-47.56544,-42.734486,-43.5496,-49.61026,-53.06217
4160,False,-30.685886,-28.262186,-31.768713,-35.659378,-34.569305,-35.21322,-29.455833,-33.718525,-42.450043,-41.580257,-35.280704,-32.45119,-42.290455,-38.465355,-43.435547,-44.217537,-46.950325,-46.358986,-47.47696,-51.37575,-50.355858,-47.119102,-54.990993,-53.736324,-54.123924,-49.146034,-49.073982,-48.73241,-46.898903,-48.084545,-55.2673,-57.03165
4192,False,-32.664352,-32.78261,-37.975845,-34.985985,-35.68994,-40.37476,-30.123053,-34.21162,-41.95553,-42.411407,-37.40906,-34.346607,-41.23411,-36.49271,-45.02633,-45.613674,-48.508373,-49.590233,-48.369354,-51.925182,-52.654564,-51.933342,-55.154297,-57.136288,-54.654404,-53.51442,-52.913776,-51.88315,-49.868362,-51.590042,-56.384052,-60.29117
4224,False,-30.820845,-26.128645,-34.75664,-36.008816,-37.288933,-39.247593,-28.812012,-31.76455,-34.766968,-42.21209,-37.01672,-33.604004,-40.62243,-40.273155,-47.646046,-44.544228,-47.15977,-54.866493,-47.720547,-51.825752,-51.944614,-54.117294,-57.489544,-57.93908,-57.627865,-56.258636,-55.445652,-56.006607,-55.20764,-57.295704,-59.796036,-60.666576
4256,False,-27.768934,-25.76071,-34.770134,-36.133495,-40.283474,-35.597122,-29.685081,-33.792854,-38.878204,-42.72819,-37.919174,-32.414555,-41.759243,-35.832478,-46.526585,-47.17491,-52.045334,-51.055923,-49.454002,-51.899582,-52.664543,-55.401924,-57.35379,-56.453453,-56.68201,-55.32122,-56.57765,-58.095684,-57.518658,-58.3775,-60.767433,-58.662636
4288,False,-27.736881,-26.581879,-36.969894,-35.146893,-38.09443,-36.859863,-30.200298,-34.343918,-45.6211,-41.256832,-34.088284,-31.650845,-43.44511,-38.374283,-47.628063,-47.572113,-49.87667,-50.110516,-48.524612,-52.641975,-54.66278,-57.25743,-57.18862,-57.810345,-56.156273,-56.938667,-58.277863,-58.884968,-59.45164,-59.276985,-59.167213,-58.50292
4320,False,-28.220274,-28.787884,-35.65933,-36.298824,-38.96514,-40.68435,-29.759792,-32.764023,-37.165726,-44.6222,-41.01616,-36.571854,-43.126152,-34.303482,-45.021893,-47.120365,-49.81007,-49.799446,-50.991333,-53.0223,-53.05706,-54.58849,-56.520313,-58.484802,-56.37255,-59.87318,-57.94062,-59.733845,-59.355553,-60.04085,-59.133408,-60.11387
4352,False,-28.22047,-24.408062,-30.176573,-32.04709,-35.87611,-35.006756,-28.08435,-31.088182,-39.620216,-42.106537,-33.684147,-32.64029,-43.792824,-38.52034,-48.261562,-48.880505,-49.85581,-49.62513,-49.169533,-54.253143,-56.28363,-57.02175,-58.923737,-59.41275,-57.66535,-57.363937,-57.99865,-59.50699,-62.326427,-61.752296,-59.98809,-59.24562
4384,False,-29.913029,-26.696838,-31.36802,-31.552303,-35.65848,-33.34354,-28.732075,-32.307507,-37.044884,-44.552902,-36.123688,-31.432781,-40.23155,-35.973488,-47.42563,-46.67022,-51.64109,-53.83216,-52.366455,-57.900433,-54.813667,-53.927883,-58.693176,-58.53941,-57.467262,-57.78202,-59.410442,-59.153286,-60.48577,-60.289795,-57.743843,-60.39836
4416,False,-33.312355,-32.027,-33.90326,-37.0457,-38.366943,-32.401814,-28.352709,-32.05861,-40.495987,-44.99764,-33.609734,-28.84204,-41.11515,-34.742985,-47.44432,-47.36502,-48.030148,-49.320606,-51.384476,-54.99669,-55.20489,-54.716484,-57.027092,-57.93714,-59.698757,-60.16671,-60.946457,-59.82856,-58.746468,-60.94643,-58.805805,-59.090496
4448,False,-29.543228,-30.65896,-34.86348,-33.494896,-35.77407,-28.390219,-28.7821,-32.18272,-38.693283,-39.84618,-42.164772,-38.364082,-41.155643,-35.25493,-45.67456,-45.92771,-52.71744,-52.59596,-50.15213,-53.86246,-55.47111,-57.913414,-59.9062,-58.92387,-56.895832,-59.007195,-57.78296,-59.119316,-61.21424,-60.39314,-57.179092,-60.17788
4480,False,-31.077585,-31.52009,-36.838245,-35.507843,-36.759678,-28.793127,-29.774769,-33.83081,-40.564484,-40.73642,-37.33044,-34.6753,-42.497948,-34.396004,-45.768898,-44.12233,-49.30872,-51.95993,-46.398678,-52.25513,-53.759163,-54.330196,-58.513306,-59.476036,-58.82247,-60.240715,-58.09305,-60.58,-62.12015,-61.260723,-58.810112,-60.207
4512,False,-26.91149,-30.30179,-35.773502,-35.022522,-36.02878,-27.80418,-31.472084,-34.71669,-41.21911,-41.91108,-35.515217,-34.73748,-41.840378,-33.536484,-47.391495,-47.11994,-48.4525,-50.5069,-47.75446,-52.881958,-53.31716,-55.067436,-58.494816,-59.651485,-59.03271,-58.601166,-56.84336,-59.5794,-60.16334,-61.01004,-57.560863,-58.335083
4544,False,-30.280064,-32.487568,-33.41574,-37.543465,-36.598858,-31.159803,-29.67746,-32.630733,-36.967613,-45.699116,-37.143482,-35.41056,-39.65525,-33.751278,-42.614246,-42.003212,-43.671005,-48.16284,-49.823418,-53.462948,-52.355614,-52.779102,-56.55766,-57.570107,-58.19072,-59.79738,-59.613953,-59.057983,-60.755882,-61.617374,-57.95622,-61.14322
4576,False,-29.250307,-31.495625,-30.088968,-30.262863,-27.70361,-28.098366,-27.783348,-23.888798,-29.215874,-33.222893,-29.189837,-26.756823,-27.757053,-29.22462,-33.065044,-28.111288,-32.827045,-38.397068,-40.170914,-45.38444,-43.96537,-45.21653,-46.4832,-50.92895,-54.607334,-55.49341,-55.13903,-56.644203,-52.10067,-54.679256,-56.643486,-59.573044
4608,False,-32.106853,-30.704266,-31.90939,-28.58786,-32.89907,-34.627804,-30.93136,-31.661388,-34.769512,-41.388824,-35.158325,-32.729675,-35.849735,-36.433357,-43.18014,-38.597374,-43.585266,-47.37354,-44.85956,-50.807983,-53.380127,-53.422302,-56.674057,-56.61532,-57.146454,-57.5811,-58.706276,-58.610855,-59.572582,-61.92903,-60.434975,-60.457916
4640,False,-29.443806,-31.855734,-34.028896,-35.459732,-34.571487,-31.629269,-32.35182,-34.097275,-40.85118,-43.294376,-37.52558,-34.802143,-40.560028,-35.056095,-45.68478,-46.813168,-49.140907,-49.540024,-48.881165,-54.07924,-56.240917,-56.786404,-57.566536,-56.938103,-56.77955,-57.83987,-57.75705,-60.09655,-61.239044,-59.91861,-60.721554,-61.331554
4672,False,-28.0797,-26.48529,-33.56277,-32.21722,-34.147705,-30.394613,-33.408688,-36.25343,-41.6741,-40.649143,-34.911045,-33.45402,-41.492466,-35.448288,-43.682167,-43.772945,-50.754887,-49.693417,-49.58988,-53.561344,-53.412125,-55.123077,-58.708107,-58.939545,-59.099693,-60.103012,-61.338886,-61.716713,-63.41031,-60.20393,-59.76674,-60.381645
4704,False,-29.312927,-30.605267,-32.222652,-36.299767,-37.842384,-36.069427,-33.157475,-35.54303,-40.47642,-43.1457,-35.8302,-33.025738,-40.98665,-35.444897,-45.727253,-44.642376,-49.837807,-49.08457,-46.92274,-52.635735,-53.899803,-54.756428,-57.473072,-57.86665,-58.61606,-60.958893,-57.77193,-57.606873,-60.024853,-60.727768,-60.466656,-61.43754
4736,False,-32.236645,-34.496887,-32.18465,-33.45116,-38.068176,-38.824257,-31.434744,-34.892193,-43.68541,-46.686943,-35.055626,-30.193413,-42.319046,-38.85019,-45.973175,-43.434303,-46.968822,-51.892796,-49.322586,-53.693283,-53.929802,-57.227207,-59.31665,-57.832294,-58.888657,-59.505966,-58.76342,-58.683205,-59.781517,-61.192825,-60.075157,-62.035313
4768,False,-29.026278,-28.503311,-30.000809,-35.655907,-33.371063,-34.327362,-31.925259,-35.315052,-42.52334,-44.85039,-34.131466,-28.809418,-43.682777,-35.709652,-43.850666,-46.667007,-51.288494,-50.30842,-46.95425,-55.305325,-56.110466,-57.343117,-57.84081,-59.24701,-59.14165,-60.365543,-58.031616,-60.051376,-62.38784,-59.888527,-61.365517,-62.129982
4800,False,-32.398067,-33.110588,-34.499744,-36.642387,-38.025124,-40.498158,-36.233616,-38.46027,-40.82087,-39.66874,-34.101463,-31.318743,-39.444595,-36.67884,-48.603966,-45.546627,-50.808395,-51.38239,-47.251236,-53.52047,-53.14975,-56.95073,-58.57795,-61.1597,-60.656693,-58.44512,-57.288303,-59.561882,-61.438652,-61.56198,-61.113785,-61.3881
4832,False,-26.034689,-34.292114,-33.765575,-34.846157,-38.232883,-36.76767,-37.355278,-38.479134,-39.084324,-46.876907,-31.61163,-30.115257,-42.76853,-36.528416,-48.730236,-49.020714,-50.26293,-51.961613,-51.091785,-52.90462,-52.23156,-55.566315,-59.002094,-57.20859,-57.306095,-59.014225,-60.46984,-60.49747,-59.253277,-61.88677,-58.625114,-61.052708
4864,False,-26.978535,-34.22839,-34.083973,-36.268887,-38.772423,-39.89218,-33.07199,-36.481743,-43.304283,-45.530617,-37.09037,-34.92365,-40.96849,-34.083107,-45.872158,-46.020428,-49.64647,-53.15357,-50.640472,-54.743504,-53.871418,-54.64991,-57.614727,-59.712048,-59.727215,-58.35258,-61.092297,-61.93852,-60.905968,-60.360165,-59.115353,-58.948673
4896,False,-31.082783,-31.404308,-32.107384,-36.12368,-38.9871,-39.350407,-32.721527,-36.00426,-40.69386,-43.410736,-35.9481,-33.450478,-40.35584,-37.149765,-47.19914,-47.80105,-52.459053,-50.23063,-49.170013,-53.88337,-55.812706,-57.898743,-61.302025,-57.66769,-60.21412,-59.396774,-58.829174,-60.084633,-62.679832,-61.43993,-59.89151,-61.12977
4928,False,-30.227818,-32.21802,-34.444252,-33.01477,-38.357407,-35.4721,-30.389038,-32.728073,-41.043488,-43.113808,-35.640656,-32.679325,-43.866966,-35.80933,-45.72241,-42.61933,-50.413216,-48.669975,-50.928925,-54.23534,-56.351048,-57.947956,-59.05826,-60.464897,-59.096874,-59.885674,-57.93589,-58.857136,-58.9729,-60.03977,-59.408043,-60.1892
4960,False,-29.258556,-31.63749,-31.817133,-32.544487,-39.626984,-38.188194,-30.151772,-33.498024,-35.47783,-42.431942,-35.085484,-32.18166,-40.610313,-34.348717,-47.301807,-42.49809,-47.086533,-51.301064,-49.58202,-52.60185,-53.0253,-54.458954,-59.81933,-58.81258,-59.830875,-59.86477,-60.43004,-59.331974,-59.799614,-61.67359,-59.591232,-61.471363
4992,False,-29.029232,-30.097876,-32.96096,-38.208946,-37.511776,-33.0806,-30.331593,-33.925446,-38.10292,-41.768173,-37.878098,-34.9755,-41.521725,-34.779938,-47.743984,-45.04994,-53.297478,-53.47764,-50.056477,-53.398262,-55.25347,-56.144287,-57.83487,-58.737595,-59.321117,-57.6234,-58.50534,-60.317978,-61.10496,-60.887383,-58.182674,-60.12429
5024,False,-29.364855,-31.406677,-34.49425,-38.175655,-38.71842,-36.77005,-31.060299,-35.3168,-38.13545,-41.42582,-35.839928,-34.22729,-42.456547,-33.937714,-46.722816,-48.3725,-48.838287,-50.24724,-46.17346,-53.513367,-53.189888,-54.76231,-58.43235,-58.286728,-58.1057,-56.863,-56.952785,-59.768265,-61.097565,-61.592922,-59.573483,-60.42022
5056,False,-31.429653,-29.528152,-30.915752,-33.47391,-36.31203,-33.740917,-32.901566,-36.33949,-38.273693,-43.495964,-34.607822,-30.341206,-40.56575,-33.293606,-47.57493,-45.600723,-50.597767,-51.25809,-47.926025,-53.29052,-54.918663,-56.554684,-58.22143,-59.46142,-58.448326,-56.47917,-58.496647,-60.54065,-60.357643,-60.788162,-58.91071,-59.547577
5088,False,-33.01501,-30.549377,-33.02217,-31.163708,-36.054424,-32.65389,-28.253584,-28.157131,-32.299355,-38.54367,-31.509586,-27.657104,-28.611721,-27.47618,-28.460085,-25.488564,-27.646832,-31.339796,-37.70272,-43.15311,-37.63759,-37.444195,-35.422474,-38.60005,-34.988396,-33.110497,-37.060497,-31.012272,-25.16157,-25.06441,-30.66307,-31.524904
5120,False,-31.317345,-29.975641,-30.17005,-22.756865,-29.134388,-25.810917,-28.497627,-22.884933,-29.080923,-34.741444,-28.251064,-25.92175,-26.985699,-23.586983,-25.941414,-22.607876,-26.92792,-29.498924,-30.803051,-36.222412,-32.233322,-29.8433,-30.590181,-33.096233,-29.802586,-26.708735,-32.126945,-28.1753,-21.852247,-22.409575,-27.170937,-28.103706
5152,False,-29.093704,-30.954483,-29.558268,-28.175318,-32.75554,-32.617855,-31.78463,-29.713411,-34.91287,-41.98704,-32.77224,-30.79357,-33.596222,-29.649235,-36.09603,-35.14137,-37.51686,-42.635727,-38.698868,-45.126705,-45.323822,-40.501724,-44.18582,-46.94757,-43.756363,-38.704704,-38.819847,-40.529716,-35.792397,-36.79291,-42.69683,-45.16052
5184,False,-30.912151,-32.03625,-30.742998,-31.802967,-32.700745,-36.295105,-33.904778,-33.710716,-39.24943,-42.44538,-29.378689,-25.17368,-37.90883,-33.117916,-42.69781,-39.859123,-41.17416,-44.4875,-44.563118,-46.822647,-46.9039,-45.326538,-47.221695,-49.67487,-48.807114,-41.92478,-42.05769,-43.627018,-39.34291,-40.89176,-45.893784,-47.41526
5216,False,-29.70586,-28.727318,-32.268784,-32.887146,-37.434166,-39.139694,-36.13707,-35.269657,-38.579834,-41.264824,-35.226482,-32.299408,-38.90329,-35.805744,-43.425278,-39.922413,-46.53877,-47.26726,-44.93772,-52.305332,-46.613102,-46.453796,-52.818073,-51.93138,-50.715824,-46.666008,-47.150883,-47.69893,-44.461044,-45.34794,-50.58364,-54.140648
5248,False,-28.160812,-33.31969,-35.03897,-37.26784,-34.96706,-30.317125,-38.346527,-38.55656,-39.14789,-43.010826,-36.7105,-33.247524,-40.48554,-34.416946,-45.418945,-44.750603,-45.263283,-49.295784,-46.308235,-52.217552,-52.356243,-48.56772,-53.322815,-55.30069,-55.305557,-51.349365,-52.32547,-50.956337,-46.84383,-49.24425,-55.02005,-56.61633
5280,False,-29.898907,-31.894272,-34.612442,-34.986717,-39.796234,-40.817886,-31.845102,-34.451435,-41.3627,-45.637745,-39.366623,-35.58172,-42.532764,-38.742146,-48.681698,-47.68509,-45.960487,-48.033897,-46.37658,-51.03913,-52.133324,-51.788555,-54.547813,-55.318523,-54.428673,-54.049915,-54.196327,-55.400208,-50.86154,-52.485306,-54.973747,-59.087234
5312,False,-29.071678,-31.159355,-34.75621,-35.055775,-35.511585,-36.787525,-31.74704,-34.853428,-35.4532,-38.73636,-42.326447,-37.947,-40.979275,-40.03955,-47.188953,-45.40636,-51.1272,-49.496155,-47.745205,-52.976288,-53.60987,-56.173622,-56.466576,-56.49725,-57.053726,-56.152756,-56.87999,-57.23812,-55.250248,-56.647472,-58.39607,-60.791992
5344,False,-27.230602,-27.138968,-37.234665,-37.802433,-39.40394,-38.39978,-37.829067,-37.880814,-35.613262,-42.727097,-42.25332,-38.539318,-41.264473,-39.488426,-47.83787,-44.740505,-49.326317,-50.61917,-48.97539,-53.376343,-52.79402,-56.76231,-57.886906,-58.11165,-56.71604,-55.01267,-55.51372,-57.59075,-57.416428,-58.361763,-57.796555,-60.61177
5376,False,-25.83275,-25.83715,-33.61895,-37.161243,-37.121696,-33.814583,-35.544792,-38.761852,-40.22883,-43.161255,-32.100014,-30.261284,-42.359978,-35.584236,-46.02775,-43.50363,-49.83591,-51.4535,-49.78271,-55.968,-55.65335,-55.70166,-55.191643,-56.717674,-57.755424,-57.257446,-57.84698,-56.851154,-58.957657,-59.681507,-60.161674,-61.275673
5408,False,-31.818645,-30.830744,-31.781624,-36.069828,-36.12823,-30.457441,-33.15299,-36.629753,-41.352993,-44.75078,-37.56264,-33.703003,-42.66868,-39.370846,-47.014294,-44.15899,-49.712456,-51.92476,-48.12316,-53.039886,-54.138176,-54.87281,-56.50759,-56.66211,-55.01734,-59.35914,-60.544415,-60.900543,-58.706284,-61.196815,-59.598236,-60.902832
5440,False,-28.200064,-31.813108,-37.16276,-38.03396,-37.997917,-32.79573,-32.362286,-34.1342,-36.70484,-38.37307,-34.779747,-29.958706,-42.469933,-39.162907,-46.336174,-46.531662,-49.459038,-49.92764,-46.87609,-52.430363,-55.945564,-56.87351,-57.91124,-57.961884,-59.362217,-56.18269,-57.779217,-58.692482,-60.631348,-60.763695,-58.475365,-59.632015
5472,False,-28.737778,-32.187256,-33.87222,-37.14383,-37.04155,-30.891556,-35.550236,-36.74602,-35.70114,-44.165077,-37.008392,-28.688467,-43.303467,-39.65286,-44.2564,-46.51581,-48.453747,-50.837135,-45.56079,-53.799976,-54.37323,-55.67816,-60.060238,-59.331898,-59.253525,-59.886784,-60.114334,-61.052036,-60.987,-60.507084,-59.734097,-60.17083
5504,False,-30.13054,-27.619753,-34.39025,-37.688194,-40.957436,-32.560036,-36.39894,-38.52116,-40.431015,-46.844673,-32.71103,-26.358908,-41.497387,-43.12954,-47.088375,-52.30759,-50.32334,-51.14396,-47.31778,-53.230713,-52.602768,-54.688766,-59.35708,-59.52795,-57.448162,-58.706394,-58.021584,-57.701546,-59.808346,-60.116367,-60.46344,-61.27179
5536,False,-31.70192,-29.524055,-31.214228,-34.432446,-36.014854,-31.363182,-38.952972,-39.497078,-37.260567,-47.593655,-35.494698,-30.871635,-42.537365,-39.27701,-43.57837,-46.91928,-50.226265,-50.91528,-49.05829,-55.223423,-53.395638,-53.16517,-58.313477,-59.064754,-57.372475,-59.548386,-58.155483,-59.337708,-60.198254,-61.206303,-60.94791,-60.742588
5568,False,-28.463926,-33.751236,-31.874447,-32.840275,-34.488216,-30.66195,-34.661766,-37.42158,-38.579723,-40.446022,-35.83722,-33.350636,-43.12995,-42.54509,-48.552135,-43.592346,-51.22829,-51.037388,-47.444626,-53.7948,-52.337334,-54.325226,-59.29451,-57.2798,-58.316044,-59.223984,-58.637543,-57.985886,-59.504288,-61.407654,-61.318325,-60.749664
5600,False,-28.321068,-33.459446,-30.807926,-33.151707,-36.153492,-33.64302,-39.31268,-40.28771,-38.420605,-39.40738,-33.579597,-30.15462,-44.034164,-40.15259,-45.421745,-45.973362,-48.804592,-49.907066,-50.950947,-55.938446,-51.42486,-53.67792,-58.33207,-57.319645,-58.317917,-60.57061,-59.82215,-59.949814,-60.28851,-61.281246,-60.786728,-61.08893
5632,False,-28.227375,-29.995964,-31.742706,-33.914337,-33.51367,-34.940857,-33.15763,-30.528242,-33.775257,-39.200954,-33.788597,-28.10747,-31.876663,-35.202568,-36.120346,-33.660225,-37.366325,-42.40755,-47.01493,-51.4216,-49.116444,-50.474785,-51.15014,-55.279423,-57.483093,-57.040672,-57.518467,-58.90758,-58.5936,-58.30796,-57.229515,-58.94213
5664,False,-26.2888,-31.919949,-29.00668,-26.841879,-29.631235,-29.86631,-30.031836,-26.212072,-30.53247,-35.233948,-30.261883,-30.548897,-30.631407,-31.607834,-35.478382,-30.930832,-36.83137,-41.67904,-45.749535,-48.481895,-45.839275,-48.596313,-48.497627,-53.538094,-55.16159,-53.847317,-55.791,-56.2142,-55.58336,-57.21708,-57.3304,-58.497833
5696,False,-25.04874,-27.723701,-32.08778,-31.948936,-30.685518,-31.022873,-34.69459,-31.788223,-36.344788,-40.588154,-34.56273,-30.29086,-34.49673,-37.781593,-42.211113,-43.077015,-46.755157,-48.42333,-47.586243,-53.547955,-54.42722,-55.69479,-57.32772,-56.65668,-60.15528,-59.224518,-58.498325,-60.336685,-61.52607,-61.85158,-61.647423,-60.60742
5728,False,-26.189299,-29.780743,-31.428104,-33.10696,-33.207844,-31.373938,-35.50389,-35.99379,-40.07276,-45.48334,-35.20003,-30.751446,-42.41668,-40.852337,-46.358337,-45.84732,-47.59495,-50.131836,-45.887596,-52.902573,-52.117897,-54.99386,-57.833447,-57.283005,-56.298317,-57.944366,-60.583984,-60.00137,-61.422405,-62.19843,-60.315365,-61.435844
5760,False,-30.096207,-32.04184,-33.494804,-35.343204,-37.873463,-34.865116,-38.15236,-38.568607,-39.12998,-39.096375,-33.846436,-31.563107,-42.02927,-43.81698,-49.59938,-46.24167,-50.30381,-51.94477,-49.46852,-55.104362,-52.389126,-53.699326,-56.60121,-59.898895,-59.03447,-58.815308,-58.178436,-57.474525,-60.818985,-62.61753,-60.864,-60.05907
5792,False,-30.306293,-31.554785,-34.10311,-34.725918,-36.760506,-32.557396,-34.22921,-36.744736,-39.970646,-39.708878,-36.20563,-32.213745,-42.298904,-42.818684,-48.959763,-46.774498,-49.618126,-54.122093,-48.621155,-55.204323,-54.323044,-55.05678,-60.366898,-58.39158,-58.303154,-58.57369,-59.900513,-59.26001,-58.845207,-61.414497,-59.75038,-59.73192
5824,False,-29.581043,-31.42253,-32.97843,-41.229557,-36.88688,-29.013515,-32.563118,-34.92286,-36.098274,-39.933517,-29.057522,-25.955303,-44.928738,-42.06147,-49.589317,-48.245674,-47.15174,-49.768524,-52.74426,-55.402557,-54.568565,-54.70323,-58.613125,-57.423077,-57.338127,-58.75803,-58.86385,-58.370625,-59.24673,-61.933815,-58.680035,-60.680485
5856,False,-27.97249,-28.083487,-31.814072,-35.289883,-35.53023,-26.703833,-30.936106,-34.5048,-39.51077,-41.537354,-31.739971,-27.735064,-43.988472,-41.182915,-46.07624,-46.908947,-52.469326,-52.05645,-49.608604,-52.057755,-53.68231,-55.79647,-58.066975,-58.33572,-57.841305,-59.716423,-59.47194,-60.00969,-60.310215,-62.09597,-60.055107,-58.970303
5888,False,-28.3419,-29.908558,-32.602123,-32.771927,-34.542572,-27.93872,-30.34288,-32.494537,-39.063957,-41.180824,-33.49401,-28.805445,-44.440273,-41.398514,-49.022003,-48.22638,-48.827892,-46.910786,-47.592617,-53.090668,-52.79938,-55.684273,-59.073677,-58.259388,-59.53154,-60.02077,-59.497917,-60.072563,-60.535046,-60.06094,-58.091766,-58.82721
5920,False,-26.986563,-30.007126,-32.522266,-38.710133,-37.236115,-34.025146,-33.61032,-35.922867,-39.23996,-41.89624,-31.549578,-27.120686,-42.44505,-40.89159,-47.97894,-46.198956,-50.45957,-52.45761,-49.10354,-52.504658,-54.369995,-56.794334,-60.029408,-59.301014,-59.280243,-60.584526,-57.21559,-57.942886,-59.66011,-61.07185,-59.063972,-59.5229
5952,False,-28.597301,-28.192116,-29.977797,-37.92007,-37.32768,-39.573574,-36.20053,-37.697914,-40.78178,-42.192707,-36.730827,-32.867077,-45.523125,-44.741714,-47.212517,-47.41228,-49.220634,-50.742107,-47.610455,-53.165596,-54.39606,-57.59755,-58.744514,-59.9902,-60.972855,-59.33502,-60.49795,-58.909637,-59.580708,-60.64403,-58.924896,-58.947662
5984,False,-26.810493,-27.907846,-34.929653,-38.469513,-36.936207,-34.461937,-35.633884,-38.639675,-39.564194,-42.8549,-36.266235,-35.660683,-41.613827,-40.80791,-48.040222,-46.821785,-48.572678,-48.92979,-48.558117,-54.960266,-54.41099,-56.118492,-58.4688,-59.784615,-58.07035,-58.459095,-58.19493,-60.01413,-61.43741,-62.481953,-58.878674,-59.681244
6016,False,-31.743792,-29.808414,-31.487873,-38.251312,-37.63618,-31.727081,-34.858444,-39.108376,-37.204582,-39.602844,-35.10546,-31.542164,-40.443954,-37.539185,-43.934673,-49.248634,-49.13168,-50.788643,-48.878178,-52.35266,-55.541836,-55.81051,-57.61075,-58.21222,-58.028625,-57.773125,-58.669807,-59.90499,-61.670185,-60.63109,-60.13943,-60.621544
6048,False,-27.129765,-27.374622,-32.26424,-36.691204,-35.414307,-27.993427,-38.095783,-42.175095,-38.670025,-40.01539,-34.08009,-31.600334,-42.671852,-38.55352,-42.108723,-46.18019,-49.422806,-49.616245,-46.041714,-55.320053,-56.02829,-55.624,-56.34598,-59.83364,-57.81155,-58.91907,-60.142517,-59.883408,-61.434425,-60.81185,-59.83202,-62.087105
6080,False,-27.210419,-26.021788,-32.89083,-35.77075,-35.37628,-27.816105,-36.557114,-40.77452,-39.824997,-45.671318,-40.805847,-36.34067,-40.98552,-37.954384,-42.264404,-46.469418,-48.993614,-50.12972,-44.354942,-53.162724,-53.90574,-56.29075,-60.110554,-56.89667,-58.80073,-58.46187,-59.883266,-60.158733,-60.318775,-60.789944,-60.320824,-61.658226
6112,False,-28.30098,-28.44454,-35.85585,-32.593742,-37.009064,-32.343338,-36.268196,-39.668217,-38.91416,-41.944084,-36.821686,-33.938602,-42.86772,-39.031223,-44.44847,-48.510406,-49.770752,-49.378506,-46.630737,-55.30857,-55.734245,-57.50183,-60.75847,-59.196808,-58.70138,-59.871506,-59.729813,-62.043682,-61.388298,-60.739864,-58.61559,-60.90775
6144,False,-33.310555,-30.95203,-35.048862,-35.51681,-40.692486,-37.124626,-36.269997,-38.84811,-38.431126,-39.386665,-33.272057,-31.296358,-40.655327,-39.877552,-42.310295,-47.73521,-49.1035,-50.261494,-48.214638,-54.44136,-56.286118,-58.020996,-59.44442,-56.776028,-56.469337,-60.382046,-60.16479,-61.020607,-61.389664,-61.23964,-60.272594,-60.857574
6176,False,-31.086351,-28.616764,-34.229206,-31.131287,-34.57256,-28.727255,-35.008236,-32.522606,-34.554897,-40.836964,-33.1979,-28.508375,-33.421886,-32.71865,-34.12993,-31.345806,-32.896828,-36.737904,-42.533806,-48.77842,-43.8183,-43.65738,-42.632023,-45.20221,-41.65424,-40.186653,-44.092033,-35.936184,-31.127481,-32.065998,-36.197964,-36.782413
6208,False,-29.26912,-28.186108,-28.449245,-21.866943,-28.405659,-27.421148,-26.063782,-21.586153,-27.560942,-35.901054,-26.77305,-24.222836,-24.907255,-21.767187,-24.06336,-20.938454,-24.192457,-26.425076,-29.358185,-35.04416,-29.526817,-28.678122,-29.263449,-30.42234,-27.838184,-25.523872,-30.427788,-25.19757,-19.2574,-20.399532,-25.04718,-25.503065
6240,False,-30.979374,-29.918633,-32.924835,-27.65078,-30.105545,-32.19475,-31.47333,-30.377188,-35.92351,-39.174305,-33.326412,-29.061123,-34.63366,-29.900723,-35.385395,-33.556152,-35.446648,-40.88935,-40.854004,-45.988968,-45.712563,-41.087757,-43.560295,-45.766403,-42.670906,-39.40621,-39.58325,-39.682957,-34.921032,-36.35114,-41.567314,-44.028248
6272,False,-29.79642,-32.282337,-32.97137,-31.922878,-31.755539,-32.159645,-34.339767,-32.073433,-35.970757,-42.342667,-34.678276,-29.490595,-37.44287,-32.595657,-40.301483,-38.801132,-42.180763,-44.674683,-42.617554,-49.623447,-49.37874,-44.84118,-47.282204,-48.87671,-48.206444,-42.421078,-43.47271,-42.75918,-38.61386,-40.536556,-46.38405,-48.97992
6304,False,-28.995117,-30.245745,-33.35179,-33.046318,-35.473625,-31.41293,-36.6814,-37.98427,-36.34289,-43.162224,-38.99895,-33.15665,-39.945457,-33.097412,-42.82148,-39.198784,-43.318886,-45.543385,-44.7712,-49.925713,-46.734077,-45.59005,-51.18086,-50.39906,-50.634605,-47.225967,-48.571323,-48.19603,-43.54599,-44.559708,-50.536858,-54.308834
6336,False,-29.12409,-29.891844,-33.747875,-35.61056,-35.36381,-30.136824,-31.694683,-34.858498,-40.30574,-42.109413,-33.829025,-33.371845,-39.616924,-29.653522,-43.671932,-46.446663,-48.666786,-49.221664,-47.16443,-52.37448,-50.161263,-47.72805,-52.664192,-53.66359,-53.581623,-50.381794,-52.41116,-50.136604,-46.640507,-48.58825,-55.372387,-57.14206
6368,False,-32.05106,-30.198483,-31.839836,-38.748623,-34.924236,-33.758247,-33.58606,-35.788605,-38.68386,-44.629536,-37.7249,-34.756462,-39.29458,-33.099747,-45.48099,-42.71362,-48.02797,-49.410637,-48.49623,-51.1425,-52.02443,-54.10437,-55.87849,-56.13752,-55.960846,-53.249756,-54.0261,-54.996685,-50.214363,-52.640152,-56.67919,-58.04987
6400,False,-30.676662,-28.943853,-33.46355,-31.604126,-33.996,-31.465157,-32.611614,-34.963413,-35.248573,-41.249252,-34.355907,-32.219875,-40.020515,-32.77751,-46.743675,-43.58385,-45.293633,-49.221645,-48.279297,-51.638332,-52.699432,-54.795776,-57.722622,-59.5531,-58.31604,-57.25628,-55.68995,-56.08676,-55.720963,-56.822067,-58.00705,-58.82134
6432,False,-28.882597,-30.407898,-32.804512,-36.197838,-33.72575,-36.25707,-32.802197,-35.293076,-36.049534,-42.363758,-35.10382,-32.43558,-41.231934,-34.135647,-48.3378,-44.78626,-48.917828,-49.4557,-48.886078,-52.709366,-51.523685,-54.586826,-57.153877,-57.80348,-57.61661,-56.472492,-55.797012,-58.099586,-57.75701,-58.512188,-58.644108,-61.041866
6464,False,-29.475132,-28.38332,-31.896484,-31.47441,-35.082058,-31.948742,-35.86591,-37.147038,-37.028824,-41.16001,-34.040695,-30.106813,-44.14972,-36.3347,-46.396156,-45.70125,-49.089005,-49.463226,-50.981388,-55.23453,-52.022892,-54.064835,-59.1732,-58.328033,-59.96068,-57.972885,-56.611267,-58.26104,-57.949333,-58.670086,-57.653217,-59.63096
6496,False,-29.001312,-29.915926,-35.61131,-33.90467,-35.621918,-31.992897,-33.96595,-36.377533,-37.651688,-40.94648,-34.518303,-31.803778,-44.213108,-37.34697,-48.74847,-45.51808,-49.213757,-50.99945,-49.139996,-52.268173,-52.205578,-55.5213,-60.703453,-57.82619,-58.830727,-59.784866,-57.653866,-59.15504,-61.686687,-59.73549,-58.198338,-59.176197
6528,False,-29.378613,-31.813478,-34.15627,-36.268364,-39.73145,-33.06715,-34.703785,-37.372757,-37.13398,-42.370087,-34.922882,-31.323296,-41.515106,-37.74445,-48.983696,-49.14467,-50.674232,-50.977596,-48.592964,-53.836864,-52.453598,-55.026436,-56.292023,-58.15142,-57.484974,-57.319355,-57.305676,-59.975143,-62.481003,-57.758957,-57.874687,-59.038387
6560,False,-27.950378,-28.246971,-34.16925,-31.484425,-34.68342,-31.818638,-31.889767,-35.087784,-40.250507,-45.29379,-32.87673,-29.186895,-39.93608,-35.755142,-47.070534,-47.949867,-48.4302,-49.35386,-46.768494,-55.133003,-52.86408,-54.219322,-59.740444,-59.608208,-60.46392,-58.931206,-58.10807,-59.381565,-61.70877,-59.140945,-58.576912,-58.965794
6592,False,-29.285858,-30.971518,-33.348557,-32.146717,-36.442875,-33.38795,-34.05898,-38.488365,-40.601074,-42.684055,-33.95621,-30.566292,-41.25101,-36.046757,-46.92158,-48.291824,-49.14606,-51.388874,-46.62354,-54.249157,-55.299866,-55.324215,-57.072754,-57.08511,-58.133205,-59.67164,-58.739773,-60.42862,-62.088142,-59.24266,-58.04528,-59.288006
6624,False,-30.402147,-32.465633,-37.288837,-31.2133,-33.51458,-29.001198,-34.08123,-36.018272,-35.26386,-41.789722,-37.523304,-35.7079,-38.969524,-36.770504,-43.23841,-44.176258,-49.744057,-51.44318,-47.132263,-51.73307,-52.67701,-54.6954,-57.50534,-57.675137,-56.948067,-58.784157,-61.151676,-60.85037,-60.33481,-62.11766,-60.208687,-59.89068
6656,False,-28.53128,-31.590263,-33.312897,-34.59053,-38.24153,-35.069748,-34.03265,-37.866856,-38.051582,-43.45385,-36.07759,-33.562355,-43.28815,-35.784595,-41.47184,-41.50131,-49.318275,-49.17868,-45.644016,-54.60312,-54.2547,-55.3741,-59.695496,-58.72713,-57.63249,-57.93236,-58.931488,-59.87287,-60.866627,-60.383,-59.02124,-60.979332
6688,False,-28.792707,-35.50266,-35.420677,-32.043175,-34.741188,-29.238436,-32.066822,-35.5047,-33.975346,-42.260204,-35.242943,-30.66425,-41.940453,-37.645878,-46.38985,-47.600002,-49.237324,-50.533142,-44.293713,-55.498577,-54.48513,-57.051144,-57.270576,-57.9037,-58.456646,-58.39712,-59.57643,-59.401085,-59.622463,-60.492268,-59.183407,-60.849426
6720,False,-32.87878,-30.267971,-32.629417,-34.987103,-35.630096,-30.874083,-32.87983,-34.249645,-36.064583,-41.68875,-35.30705,-30.613197,-36.740173,-32.868908,-39.610207,-38.55519,-40.92201,-45.831493,-47.554413,-52.12774,-52.868263,-53.762558,-54.27484,-56.127457,-58.15189,-57.67827,-57.068924,-60.232788,-59.359695,-60.70114,-59.0298,-59.77089
6752,False,-31.207272,-30.716251,-28.304865,-28.385918,-26.496954,-28.202606,-30.387592,-24.747316,-29.94067,-34.19467,-29.064095,-26.909866,-28.091763,-29.297798,-33.02133,-28.57115,-33.772392,-39.317547,-43.243633,-48.7045,-44.1515,-46.23449,-46.77871,-51.436478,-53.321415,-52.879158,-54.21354,-57.011684,-53.326065,-55.52368,-56.98061,-57.950386
6784,False,-29.857689,-30.05968,-34.59173,-33.938705,-31.272871,-27.647459,-32.506428,-30.979708,-35.57725,-41.03561,-34.605545,-31.429245,-34.712234,-34.20526,-42.12384,-41.14828,-43.964867,-49.39982,-49.472927,-54.357155,-53.964115,-55.07576,-55.539406,-58.437187,-59.59831,-59.251537,-58.20328,-60.776096,-60.888844,-60.131413,-59.94748,-60.2118
6816,False,-32.793316,-32.237305,-34.637066,-38.152744,-33.340054,-34.1386,-33.61998,-33.162594,-36.34096,-42.80268,-36.73473,-37.56157,-39.93891,-36.131252,-46.16468,-46.164227,-48.563366,-48.88389,-44.794937,-53.511753,-54.626526,-54.2371,-58.323856,-57.419975,-59.007587,-57.83514,-57.274937,-59.88388,-59.21471,-60.293777,-57.519627,-60.14341
6848,False,-30.741924,-29.485434,-34.868168,-33.40324,-34.308746,-30.109737,-35.896782,-37.651165,-39.699123,-43.15456,-37.494442,-36.762775,-37.349598,-34.492336,-46.89905,-46.071873,-50.610332,-49.118763,-46.524467,-54.422707,-55.635826,-57.512024,-56.797012,-58.03207,-57.910023,-58.26216,-57.95931,-59.861065,-59.920612,-60.803722,-59.790348,-58.249825
6880,False,-29.178564,-30.676516,-36.820694,-29.030373,-36.278374,-32.80651,-35.465847,-38.01894,-40.894352,-42.17239,-32.384315,-31.594198,-40.56536,-33.175987,-46.322792,-48.667267,-49.21006,-49.638626,-46.08099,-55.27948,-54.452095,-55.9627,-57.40976,-57.503925,-58.2754,-59.182606,-59.309498,-60.480022,-62.230812,-61.881126,-59.595165,-60.358738
6912,False,-29.603657,-29.806784,-34.951206,-36.649826,-38.39421,-32.995808,-34.581417,-36.45969,-32.706814,-39.155445,-29.865055,-27.867325,-41.80536,-35.350853,-46.98352,-45.98038,-47.908024,-49.103966,-46.30828,-54.750065,-53.310295,-56.414955,-58.26449,-58.114944,-58.70508,-58.34931,-58.23339,-60.746265,-61.735275,-62.113846,-58.46347,-59.242283
6944,False,-28.49894,-30.608522,-31.061934,-33.092686,-36.46299,-34.88378,-36.203075,-39.33069,-42.60897,-39.02151,-28.457844,-25.285099,-40.470562,-33.0914,-45.9532,-43.2657,-48.815098,-52.219563,-48.722847,-54.656467,-53.141766,-54.231743,-58.95577,-56.744366,-57.86032,-57.60742,-58.137184,-59.686768,-61.599216,-63.774487,-61.300713,-61.32331
6976,False,-30.946136,-29.02927,-33.498844,-31.706886,-33.485886,-30.43205,-32.07026,-35.135372,-37.504368,-39.32864,-31.93902,-27.588999,-43.767387,-36.87613,-48.350124,-48.24678,-51.14457,-53.32851,-48.894,-54.640007,-54.51629,-55.96705,-60.68943,-59.195816,-60.01453,-60.969242,-58.223595,-59.97217,-60.369267,-60.914665,-57.770172,-60.326294
7008,False,-30.641575,-33.489666,-34.766193,-35.005676,-33.692314,-30.316776,-33.30674,-37.026787,-36.162674,-40.087543,-37.59713,-33.46614,-43.562675,-36.437607,-47.441628,-52.240032,-50.262836,-52.664715,-50.51258,-53.785835,-53.667473,-56.39465,-59.424023,-59.540627,-57.439857,-58.42403,-59.577385,-60.309795,-60.21709,-58.515427,-57.189865,-60.76633
7040,False,-26.593054,-27.22599,-34.696022,-31.591,-39.437477,-36.479004,-34.30415,-35.871796,-37.10026,-39.827236,-37.592422,-35.577656,-43.411743,-35.951138,-44.730637,-46.923485,-49.602005,-50.844444,-50.583645,-53.54361,-55.41092,-56.127586,-60.03797,-58.443474,-58.29567,-60.674774,-61.376,-61.25747,-61.73508,-59.621956,-57.96593,-60.93418
7072,False,-30.302637,-32.04177,-33.681854,-34.51355,-35.727654,-33.899265,-33.882736,-36.863735,-36.322067,-40.59631,-29.757736,-28.614948,-42.82925,-35.22757,-44.55191,-45.69015,-51.039204,-53.786064,-51.275005,-51.98828,-51.899582,-55.72466,-58.406124,-57.634693,-57.771202,-58.88797,-60.31536,-59.279133,-61.215702,-60.63271,-58.84526,-60.213173
7104,False,-31.561089,-30.936272,-33.054245,-31.386126,-33.350235,-34.40987,-30.996859,-35.25821,-44.03788,-49.172752,-27.205578,-25.05497,-43.24994,-37.910294,-47.7603,-47.390953,-49.818947,-52.721222,-53.112812,-54.17688,-55.341526,-56.09945,-58.0998,-58.746357,-58.779205,-57.89784,-58.002472,-59.184612,-60.23272,-61.70205,-58.889717,-60.64239
7136,False,-28.25986,-29.10437,-31.894733,-33.47142,-37.772583,-39.601696,-35.847057,-36.422283,-38.08853,-40.362316,-29.849588,-29.28753,-42.2114,-36.889606,-48.60786,-45.803925,-50.238525,-51.88172,-49.405754,-52.433968,-54.10116,-55.861687,-58.699993,-59.78481,-59.47805,-59.151413,-59.13472,-60.37747,-59.77486,-61.496338,-59.5928,-60.021385
7168,False,-28.371674,-29.264774,-31.205605,-31.745832,-37.223667,-35.439175,-37.589718,-37.87144,-37.61769,-43.733902,-29.475601,-28.628443,-42.23377,-36.649757,-48.75179,-51.18374,-50.95842,-51.35975,-48.37433,-50.15552,-55.16893,-57.057526,-57.29374,-59.59237,-59.564583,-60.195698,-56.988796,-57.777294,-59.291344,-60.41004,-58.26588,-60.446915
7200,False,-28.845123,-29.111898,-35.42991,-35.0842,-38.606915,-34.80637,-34.731735,-36.835323,-36.72795,-41.819542,-30.375782,-27.744753,-40.729736,-37.188183,-44.11446,-49.586746,-51.45773,-51.065346,-49.773613,-52.427612,-55.46232,-54.939342,-59.280075,-57.414894,-57.664257,-58.650608,-56.756264,-57.28584,-59.381454,-60.441853,-59.300095,-60.45446
7232,False,-29.494617,-30.765741,-34.148453,-31.575964,-35.978065,-32.629013,-38.07349,-39.617077,-40.910496,-40.888275,-32.246384,-30.29437,-41.334324,-36.73918,-45.89753,-48.35712,-51.109367,-51.740616,-48.34523,-53.250885,-53.689537,-54.90917,-57.795647,-56.980167,-58.66552,-58.65971,-57.689865,-59.396202,-58.061676,-60.427708,-57.538532,-59.41938
7264,False,-28.850548,-28.139704,-37.61505,-35.000984,-34.051777,-31.22175,-33.64247,-32.68071,-36.853935,-39.55401,-34.316517,-30.10587,-32.565308,-31.510395,-32.05294,-29.454317,-31.02066,-34.952885,-41.03285,-46.636425,-41.381325,-41.315025,-40.338844,-42.89171,-38.843876,-38.088833,-40.444836,-34.968647,-29.105547,-29.785946,-33.77996,-35.914036
7296,False,-26.182623,-28.87685,-29.90857,-23.15757,-29.234476,-27.514805,-26.461908,-22.116348,-28.385523,-34.990234,-26.531635,-24.623901,-25.94788,-22.499725,-24.52406,-21.136047,-24.877932,-27.330723,-29.904158,-35.016815,-30.262177,-29.075352,-29.84343,-31.521439,-28.541523,-26.735512,-29.787046,-26.180542,-19.706264,-20.53562,-24.715178,-28.12347
7328,False,-31.513855,-36.76647,-32.589928,-27.471369,-28.571373,-30.004845,-30.731743,-29.396793,-34.153137,-41.57077,-31.709135,-29.641323,-34.274807,-31.882868,-36.119415,-34.014297,-36.831,-41.109764,-39.570217,-45.90925,-44.925884,-40.812943,-44.099426,-46.542717,-43.935997,-39.695045,-38.522057,-39.279922,-35.889595,-36.41649,-41.69661,-44.288948
7360,False,-29.504774,-31.232817,-31.210424,-32.82387,-33.22714,-34.343853,-34.221405,-33.209015,-37.58071,-41.508717,-28.772064,-29.308449,-40.335842,-39.955585,-40.33333,-38.569862,-41.615524,-46.31912,-44.2038,-48.98844,-47.526146,-44.703026,-47.311443,-48.994755,-49.445732,-43.219696,-43.30067,-43.757534,-39.48339,-41.121105,-46.22593,-50.047817
7392,False,-29.789,-31.260715,-33.05305,-34.539383,-34.827103,-29.043179,-34.449173,-36.947292,-40.554165,-42.69196,-30.566042,-30.522522,-39.153152,-37.040573,-42.84893,-40.937027,-45.677147,-46.500492,-44.82968,-50.49669,-47.335014,-47.500343,-51.812588,-50.76442,-51.734116,-47.874184,-47.93951,-49.00257,-44.356934,-44.62042,-50.21956,-54.473015
7424,False,-27.26555,-27.52284,-34.453712,-39.937923,-37.7568,-30.307274,-31.78714,-34.806835,-38.064068,-40.014893,-33.817757,-32.66654,-40.09932,-40.33297,-43.91027,-45.71537,-46.319813,-46.02644,-44.832947,-51.45965,-51.64286,-49.000046,-54.357903,-53.770123,-52.672256,-49.661095,-50.640797,-49.481434,-47.81962,-48.837048,-55.868477,-56.44631
7456,False,-28.323652,-31.691914,-34.06383,-36.755363,-38.53399,-33.686073,-33.809406,-36.56381,-38.030663,-41.090454,-35.907627,-32.27851,-40.315987,-42.74456,-44.859093,-46.251965,-48.814274,-47.555695,-46.494946,-53.124676,-54.645782,-54.237244,-55.773987,-56.795685,-54.520855,-53.830338,-55.00708,-54.50335,-50.709908,-52.684216,-57.27012,-59.10484
7488,False,-33.895493,-32.88605,-35.779125,-38.68085,-34.723476,-30.611658,-33.85654,-37.074917,-41.991356,-44.042507,-29.048283,-27.210693,-44.08537,-40.98065,-46.682465,-47.787712,-49.41313,-49.45556,-45.883022,-52.409172,-54.138203,-56.333267,-56.328182,-58.10339,-57.892567,-55.311604,-57.737926,-58.894596,-55.727867,-56.715145,-58.870247,-60.497078
7520,False,-33.243053,-30.78574,-34.04652,-38.83734,-33.497536,-34.563564,-35.132896,-37.06482,-35.651623,-43.20275,-32.37431,-31.034786,-43.935562,-41.923603,-48.00026,-44.766026,-51.038086,-50.194748,-47.875896,-53.314644,-52.998512,-54.748642,-58.227085,-57.416405,-57.2614,-56.77578,-57.658924,-60.001987,-57.046696,-57.91067,-57.96319,-59.8085
7552,False,-28.01772,-26.559807,-35.986065,-36.55532,-37.934082,-36.62982,-40.256634,-42.38138,-41.418262,-44.27772,-30.364307,-29.570028,-44.170723,-40.307983,-47.855724,-46.322323,-51.85132,-50.274582,-46.968338,-54.19165,-54.423073,-55.323982,-56.20268,-58.28749,-59.55288,-57.240425,-58.311165,-59.047924,-58.62856,-59.565983,-58.457657,-60.71633
7584,False,-30.26091,-28.684597,-32.208035,-35.069534,-35.101494,-34.154766,-40.36358,-40.402103,-38.5786,-44.205193,-34.248386,-30.275145,-45.036983,-40.036846,-49.84341,-51.11389,-52.377186,-50.50634,-49.29918,-54.11728,-55.04396,-55.398987,-59.013653,-58.020332,-57.90321,-57.387165,-57.893353,-60.039413,-58.407257,-59.408264,-59.945534,-58.941216
7616,False,-25.687313,-30.37304,-32.884033,-32.673286,-33.68125,-28.06517,-40.79074,-38.80601,-37.70967,-42.279354,-30.963041,-28.427155,-44.34647,-41.33924,-48.136276,-48.012165,-50.116783,-51.124306,-50.336338,-55.833973,-55.06142,-54.699623,-59.180866,-59.170578,-57.32946,-58.551785,-57.634922,-60.193863,-59.560684,-60.69914,-58.473015,-59.73051
7648,False,-30.090721,-28.652634,-31.593645,-33.06535,-35.91152,-35.22645,-34.752304,-37.359577,-39.221474,-43.913406,-33.857876,-28.835716,-41.67343,-44.472267,-46.511936,-48.100037,-49.29913,-51.114613,-46.81315,-54.04936,-53.297924,-55.32956,-59.281918,-60.01136,-58.760216,-59.47096,-59.399323,-59.6464,-58.740177,-61.703964,-59.55484,-59.514908
7680,False,-30.730698,-35.396503,-34.18364,-32.475517,-36.95526,-33.67429,-35.16717,-35.69252,-40.47646,-46.26831,-31.95938,-29.004023,-42.844376,-45.594345,-47.314056,-46.48349,-51.53769,-50.049953,-47.111977,-51.184025,-52.95997,-56.9249,-57.02304,-57.871094,-57.68562,-59.50229,-59.30675,-59.614243,-62.733078,-61.830856,-59.327507,-60.38731
7712,False,-27.102093,-31.043564,-34.452892,-33.420925,-33.00265,-31.359167,-36.016914,-40.084335,-39.28448,-41.717037,-32.13959,-29.408508,-40.735397,-40.007015,-45.069145,-40.603672,-50.966423,-50.492676,-43.63287,-51.634766,-51.247765,-54.843067,-57.715218,-58.075867,-58.64348,-58.341133,-57.667343,-59.69057,-58.191406,-60.816555,-58.211864,-60.685677
7744,False,-27.975067,-30.955011,-34.93685,-35.516968,-33.603172,-34.032997,-41.72345,-39.792084,-41.080723,-43.75582,-27.39862,-27.082592,-43.30057,-42.08761,-45.644226,-43.87985,-48.664658,-50.69297,-46.613014,-53.324753,-53.222527,-55.170753,-58.896637,-59.1166,-58.73947,-58.3329,-58.990932,-59.682312,-61.098972,-60.13309,-60.129135,-61.996952
7776,False,-31.824371,-34.133404,-33.026768,-35.811714,-34.24378,-35.135063,-32.643764,-35.41156,-42.316933,-44.85744,-33.695793,-30.982378,-45.91826,-40.666016,-47.523075,-46.07621,-48.773033,-52.82249,-47.998245,-52.61139,-54.578995,-54.993816,-56.598488,-57.122494,-59.07459,-58.25466,-58.519825,-59.88512,-60.35477,-59.644665,-57.359066,-61.73674
7808,False,-28.957998,-30.349083,-32.142975,-33.4233,-32.39259,-33.154243,-36.0856,-34.01206,-37.727833,-41.232513,-29.166306,-28.533573,-35.40178,-39.370823,-40.43712,-37.377335,-40.386627,-45.01384,-45.25724,-53.041016,-54.116592,-53.80227,-54.827538,-57.430016,-57.28371,-58.71018,-59.60482,-59.654457,-59.938713,-59.984245,-58.28888,-60.51508
7840,False,-30.045406,-31.422178,-32.050415,-26.729124,-27.640049,-27.428062,-31.045721,-24.923113,-29.287827,-35.71709,-28.547417,-28.36831,-29.200432,-30.855524,-34.415466,-29.646551,-34.837357,-39.138397,-38.526337,-46.62046,-45.63907,-47.640594,-48.220276,-51.872223,-53.870243,-55.428146,-55.217205,-56.354774,-53.502396,-56.06216,-55.685997,-58.168224
7872,False,-28.43576,-30.255589,-35.25758,-27.786575,-29.799004,-28.059732,-36.318558,-32.37891,-35.518295,-40.651222,-29.218948,-28.934845,-38.816933,-36.70495,-42.611107,-39.58469,-43.811283,-46.59896,-45.812744,-54.144417,-55.061577,-54.811626,-57.131783,-59.98957,-57.929745,-59.23989,-59.137245,-58.849102,-59.96662,-60.860516,-58.021202,-59.44695
7904,False,-32.811367,-33.767384,-33.95064,-33.539913,-36.59923,-29.54861,-38.013084,-38.692394,-39.134373,-43.303257,-33.408512,-31.449158,-41.393745,-36.40226,-43.899685,-44.679916,-48.728935,-51.038876,-48.615566,-53.900795,-53.932518,-55.48625,-59.022488,-60.278763,-60.892185,-58.253365,-56.837086,-59.48402,-61.44465,-61.836143,-59.287872,-60.841488
7936,False,-27.201336,-34.850033,-33.989502,-36.673546,-39.335953,-39.187756,-37.587265,-36.195576,-37.370163,-40.019306,-29.195503,-27.44183,-41.197815,-35.29999,-45.932465,-43.118095,-48.80947,-49.16932,-49.233673,-52.47381,-52.17044,-54.125732,-58.775093,-59.616566,-59.383537,-59.770107,-58.543964,-59.305252,-61.049164,-61.95273,-59.835506,-59.595737
7968,False,-30.573257,-30.639174,-32.53985,-30.460203,-34.270885,-31.166822,-33.857048,-36.851196,-39.51862,-41.542633,-32.592873,-29.78565,-39.98612,-35.191986,-46.298405,-45.178585,-48.31449,-48.846302,-48.828945,-55.37053,-55.068947,-54.87505,-57.15975,-57.713146,-57.500195,-59.145924,-59.36998,-60.17138,-61.875076,-60.848293,-59.982803,-61.823112
8000,False,-30.992098,-32.084877,-35.642323,-34.50417,-36.451355,-33.75173,-34.134407,-37.265297,-45.68655,-42.723473,-29.859045,-26.686354,-43.752254,-34.250122,-46.477913,-46.44863,-47.94774,-52.465614,-49.789154,-52.613796,-54.95529,-56.736465,-59.67971,-57.088814,-58.60614,-59.127964,-58.379436,-58.120846,-62.440666,-62.692055,-59.462013,-62.152336
8032,False,-34.36116,-32.72131,-33.14251,-33.171467,-34.312313,-30.320553,-30.505062,-34.454815,-42.062527,-43.699287,-29.633629,-26.249273,-40.01148,-34.427784,-45.28181,-43.408398,-49.216576,-48.48285,-46.72421,-53.24285,-54.147434,-56.391403,-59.337234,-59.78553,-60.869995,-58.786194,-59.21147,-59.59613,-61.565804,-60.59698,-58.870464,-60.414177
8064,False,-31.522194,-30.740551,-33.714912,-31.160192,-34.92103,-34.28025,-35.21231,-38.09427,-40.561565,-42.68478,-29.734943,-28.521116,-40.51953,-33.50842,-46.544548,-47.566547,-48.391777,-49.53928,-48.004997,-51.57204,-53.961617,-56.550564,-59.627346,-58.260536,-58.42329,-58.592743,-59.15594,-59.151985,-61.103256,-62.616905,-60.72658,-60.70611
8096,False,-32.20263,-29.031006,-31.933424,-34.81378,-37.023933,-32.374847,-32.97152,-36.782997,-41.866364,-45.168633,-33.737335,-33.054325,-42.56828,-35.142895,-48.779335,-47.838192,-50.02114,-50.07898,-44.728333,-51.35219,-53.09188,-54.55108,-58.208538,-59.12375,-58.398285,-59.307495,-59.884132,-58.967674,-60.971123,-61.77441,-59.38003,-62.718983
8128,False,-27.825033,-29.018559,-32.735775,-36.764835,-34.58698,-31.174124,-35.130413,-38.134037,-42.00843,-39.305893,-34.005646,-31.885715,-43.311234,-35.111725,-48.109055,-49.691895,-50.31932,-50.134293,-47.013832,-53.3654,-53.497223,-53.715763,-58.12736,-57.885212,-56.763973,-58.788067,-58.729263,-59.398567,-59.913372,-59.91384,-59.04854,-59.566517
8160,False,-30.084763,-28.432102,-34.66145,-33.269287,-35.102516,-32.138435,-31.830673,-35.461906,-42.341682,-39.709106,-27.741068,-26.342165,-41.229553,-34.487347,-45.82949,-44.773464,-50.952877,-48.576733,-44.908318,-53.360558,-52.55432,-55.152313,-58.890347,-57.55304,-59.217,-58.691803,-58.469677,-58.79927,-60.861084,-61.500496,-59.651367,-61.699352
8192,False,-31.80974,-36.255276,-37.012722,-35.50399,-35.58422,-34.117535,-35.692944,-39.32206,-41.726128,-40.811,-25.482283,-24.409843,-41.45258,-34.02595,-47.016663,-47.17729,-51.369904,-50.451084,-46.718273,-51.545544,-53.19951,-54.115524,-57.299103,-55.362022,-57.981956,-57.341934,-57.211704,-57.70047,-60.838562,-61.00595,-58.664623,-60.733536
8224,False,-32.222813,-29.699833,-32.989574,-33.43865,-33.318993,-34.67342,-40.37326,-38.48426,-39.33015,-42.240273,-29.718897,-27.341694,-39.587948,-32.884186,-45.523815,-45.479065,-50.12918,-49.724598,-44.927616,-55.38591,-55.960518,-55.580635,-57.397743,-58.11757,-59.055767,-57.985023,-57.20873,-58.26161,-60.10408,-61.025955,-58.635994,-60.745476
8256,False,-26.881182,-27.848335,-32.807102,-35.640076,-33.748276,-32.47271,-35.92743,-37.260784,-44.22798,-41.64535,-31.69605,-30.46325,-45.101734,-34.07029,-44.338955,-44.224586,-51.979774,-49.975845,-47.726967,-54.98711,-53.154434,-54.341652,-58.71956,-57.957882,-57.378136,-57.75196,-57.85708,-59.325645,-59.06912,-60.422646,-58.030506,-60.289314
8288,False,-28.848064,-27.817516,-31.819096,-35.239723,-33.88865,-30.18721,-34.728695,-36.85901,-38.737953,-42.692295,-27.609846,-27.241327,-43.438835,-34.813644,-48.277985,-44.44569,-49.918427,-49.81704,-46.146236,-52.581142,-55.81212,-55.343643,-57.45668,-57.863457,-58.386974,-58.85395,-60.07397,-60.095863,-61.834892,-61.61458,-58.469215,-60.365746
8320,False,-29.518377,-32.01437,-33.526474,-36.42388,-34.626415,-32.547028,-33.795876,-36.13638,-39.22197,-42.917522,-32.9318,-34.03975,-41.967106,-34.9564,-45.349953,-45.58442,-51.212334,-54.165215,-48.94138,-52.751366,-52.307014,-54.905796,-58.159813,-58.47172,-58.23661,-59.73669,-59.30071,-59.790726,-62.425217,-61.31881,-59.627003,-61.131386
8352,False,-29.592476,-32.320274,-34.400322,-39.270447,-39.784588,-35.108788,-34.456226,-37.581196,-45.145985,-46.448685,-28.88136,-28.306091,-40.00645,-39.2841,-46.43296,-44.725475,-50.22062,-49.66121,-46.452385,-53.728237,-55.56852,-57.468105,-59.461445,-56.288567,-58.91317,-58.977184,-57.191994,-58.58047,-60.13134,-58.45057,-57.56695,-59.65704
8384,False,-29.341957,-29.278961,-30.92576,-23.94676,-28.306025,-28.700323,-23.484972,-20.931303,-26.38554,-32.72767,-25.840809,-22.05899,-22.95652,-20.935919,-22.243883,-18.825977,-21.79162,-24.5723,-29.240791,-35.411003,-28.983501,-28.3098,-28.082266,-29.68725,-26.986807,-25.163998,-28.623283,-23.725893,-17.779716,-18.407324,-22.93103,-22.814114
8416,False,-28.583271,-28.340065,-33.11857,-26.83771,-30.04163,-30.525818,-36.340176,-29.852982,-35.347313,-39.25699,-32.505383,-30.254946,-30.155985,-32.519547,-34.08624,-29.715122,-34.966774,-40.569157,-38.226894,-42.670345,-41.479015,-39.15869,-42.4427,-43.876347,-40.358868,-37.950066,-37.766174,-36.75827,-33.017517,-34.327305,-37.809288,-39.90767
8448,False,-28.39423,-28.28344,-33.93221,-30.514118,-32.534966,-34.02129,-33.957153,-33.17523,-36.620296,-40.40528,-37.72472,-34.40929,-35.381363,-33.34789,-38.938835,-39.776474,-42.65017,-44.621693,-42.36481,-48.613148,-44.570465,-43.246273,-46.541656,-48.386925,-47.417484,-41.13965,-42.324978,-43.481823,-38.668724,-40.001263,-45.453945,-47.79387
8480,False,-27.88885,-28.309376,-32.27811,-36.559605,-33.693832,-34.467903,-36.231083,-36.530567,-37.52028,-42.06554,-32.417007,-30.846014,-39.78273,-39.035522,-43.595257,-40.785633,-43.917473,-46.16459,-45.54546,-50.92919,-49.766293,-45.089817,-49.94129,-49.360764,-49.55562,-45.958008,-46.52275,-46.47146,-41.963364,-42.825363,-50.678673,-53.01479
8512,False,-32.17043,-29.895403,-32.215794,-33.933937,-35.752136,-37.70388,-35.038574,-34.822445,-40.23453,-44.297604,-32.24335,-28.61719,-41.23413,-38.426853,-48.74006,-46.599842,-49.704712,-45.752502,-42.9903,-50.919537,-50.019855,-47.745995,-52.83257,-53.129124,-53.132896,-50.658867,-49.418358,-47.114597,-46.944164,-47.438156,-53.63793,-57.06079
8544,False,-34.956215,-31.062057,-31.169298,-33.62231,-35.282425,-34.23201,-33.399433,-37.05655,-43.158028,-44.720383,-27.057,-26.578285,-41.32091,-39.146187,-45.775726,-43.421165,-47.04618,-49.232944,-45.071037,-50.6975,-53.09847,-52.06929,-56.678127,-57.430733,-55.27922,-53.077374,-53.333622,-53.09936,-49.590603,-50.897285,-55.85346,-57.0364
8576,False,-31.677853,-32.77836,-34.496964,-35.49552,-37.889355,-32.82109,-36.071625,-39.22071,-41.351246,-40.910355,-32.18392,-30.193901,-45.786453,-40.490982,-46.66159,-44.040695,-47.422157,-50.019794,-47.78872,-52.81938,-51.242374,-53.52749,-56.63716,-56.400276,-57.60422,-55.059658,-54.972504,-55.422203,-53.176704,-55.14591,-57.23766,-57.788654
8608,False,-29.310677,-27.307442,-33.71851,-36.722107,-32.905582,-31.853464,-31.547182,-33.995613,-42.742104,-43.053112,-33.128075,-31.700562,-42.279667,-37.56179,-46.656918,-44.389652,-48.305237,-47.59424,-46.483326,-50.717197,-55.13683,-55.200996,-56.253517,-56.831688,-57.266792,-56.489098,-57.882576,-57.3147,-56.959576,-57.688515,-59.090954,-59.895294
8640,False,-29.00542,-33.532566,-32.317204,-34.098778,-38.047844,-34.913605,-30.140308,-34.223217,-36.610157,-42.294727,-37.738358,-33.337723,-42.49054,-38.935795,-47.367584,-50.57862,-49.998856,-52.716843,-47.6773,-51.70181,-53.885406,-54.879944,-58.544106,-56.875004,-55.32908,-56.56051,-58.458706,-60.491257,-58.88066,-59.49625,-58.293396,-59.382103
8672,False,-29.6298,-32.930565,-34.916225,-37.295174,-36.80066,-38.450615,-30.971926,-33.661674,-36.596237,-42.261143,-35.29866,-31.951523,-44.634434,-41.29383,-51.174744,-51.581795,-49.955944,-52.050972,-47.183193,-52.87395,-56.867107,-55.038486,-57.07707,-57.81803,-56.166748,-58.046524,-58.611835,-60.19129,-62.30538,-59.64489,-59.479202,-61.076965
8704,False,-33.286346,-36.70614,-37.601807,-34.78694,-39.802536,-34.44446,-33.001755,-35.72065,-33.92057,-43.476456,-35.664314,-33.448013,-41.45581,-39.023098,-45.454758,-48.611317,-50.434498,-48.176388,-46.11615,-51.668926,-55.399223,-57.90665,-57.55013,-56.599358,-58.37744,-57.86017,-60.0775,-61.31749,-61.003002,-59.075485,-57.335213,-62.15653
8736,False,-35.245636,-34.293945,-34.0462,-33.570923,-34.578735,-30.661621,-35.254215,-37.351574,-41.546917,-39.433968,-31.22395,-27.650824,-42.12036,-39.315346,-46.140553,-47.020283,-50.68214,-53.521606,-47.011127,-52.25403,-55.61387,-56.348118,-56.74601,-56.968536,-57.296864,-59.601456,-62.059822,-59.741234,-60.536232,-60.014275,-58.252987,-60.773254
8768,False,-32.07884,-33.507465,-34.859253,-39.945522,-38.755203,-39.645966,-32.738342,-35.96105,-39.635662,-40.599792,-31.82426,-31.61537,-42.80371,-36.467987,-45.208008,-45.70706,-48.013424,-48.992714,-46.73268,-54.304573,-54.543114,-55.667477,-58.711323,-58.63666,-58.04165,-59.16142,-59.33447,-59.38791,-61.97952,-60.92792,-59.23775,-60.88129
8800,False,-32.739902,-34.178078,-33.250645,-34.540466,-37.720787,-33.14617,-40.13034,-41.64221,-39.87873,-42.012146,-36.353054,-34.654213,-40.5378,-37.599648,-47.83018,-43.70071,-49.07816,-51.21981,-45.923534,-52.252544,-55.30417,-58.267334,-58.466637,-58.789528,-57.467457,-59.30454,-58.64294,-57.603012,-61.023727,-59.89924,-58.574505,-59.975563
8832,False,-27.681492,-28.269863,-33.01357,-33.903538,-36.42092,-32.68356,-31.58815,-35.0717,-37.87086,-41.88658,-36.96803,-32.950737,-40.444077,-34.836548,-45.22538,-48.723923,-51.26999,-51.893997,-47.222996,-52.673603,-53.91732,-55.58346,-58.17678,-58.50116,-56.672882,-57.14981,-60.206245,-60.627384,-60.068268,-60.931137,-60.487427,-61.232735
8864,False,-32.222477,-31.33459,-31.5192,-32.29597,-38.60122,-37.071014,-28.645817,-32.741924,-40.231773,-42.017384,-35.12049,-31.54609,-40.504948,-37.419006,-47.42548,-48.546425,-53.264503,-54.298443,-47.70386,-52.042763,-54.619843,-54.38407,-57.63605,-57.857166,-57.4505,-58.56985,-59.496193,-60.604317,-60.90911,-61.652225,-59.722515,-60.08749
8896,False,-25.19769,-27.899973,-33.402504,-32.124344,-39.65735,-34.701504,-27.933842,-31.658356,-39.15514,-42.752777,-32.943512,-29.783545,-40.44683,-35.971664,-45.30838,-45.970745,-48.654484,-51.15955,-49.139244,-53.18879,-54.455597,-56.900963,-56.70013,-57.972366,-57.62652,-60.19915,-58.465733,-59.3918,-61.431458,-61.32362,-60.622578,-61.688686
8928,False,-30.933418,-27.926912,-28.980099,-25.39684,-24.637049,-27.980183,-25.53527,-23.101807,-28.319977,-35.13315,-26.604006,-25.364288,-27.866678,-29.946478,-31.53349,-27.970573,-32.512936,-37.418472,-41.895897,-47.39544,-44.0515,-46.77673,-45.198853,-50.331615,-53.12981,-53.923767,-55.05603,-57.31275,-53.26928,-54.646614,-56.938267,-58.448845
8960,False,-31.748657,-27.939419,-31.05801,-28.931072,-29.878262,-28.11127,-28.95409,-28.363848,-34.77312,-38.7052,-32.138817,-31.699398,-36.495987,-34.17992,-41.909355,-38.87333,-41.493423,-46.192047,-48.282944,-52.89686,-53.56806,-52.488472,-55.517555,-57.77689,-57.913277,-59.29756,-57.91488,-59.96635,-60.379604,-60.91223,-58.69831,-62.004303
8992,False,-31.67821,-31.65134,-31.88425,-34.657513,-36.5086,-34.616127,-26.688007,-30.7691,-41.50209,-45.69311,-35.201214,-35.217545,-38.953262,-32.865517,-45.05775,-45.103687,-46.37194,-50.32089,-46.667183,-52.422367,-57.950333,-58.863026,-58.57088,-56.895874,-58.898125,-59.15287,-58.361168,-59.664917,-62.300323,-61.619797,-60.09432,-60.509533
9024,False,-28.558224,-28.3149,-34.63289,-32.994633,-36.490795,-35.22486,-28.420124,-31.983519,-37.05069,-40.178436,-37.58189,-36.42199,-39.734444,-35.14161,-47.369083,-42.70085,-50.30358,-51.82182,-48.449806,-53.545055,-54.442272,-54.629738,-56.578503,-57.01541,-57.283016,-56.667145,-59.11596,-59.570496,-58.550934,-60.1752,-58.675022,-60.30968
9056,False,-28.61322,-33.551117,-32.044697,-31.824257,-36.32324,-31.614857,-26.11105,-30.269306,-39.99005,-42.044064,-34.711723,-32.215225,-41.35846,-37.08642,-45.365215,-46.71746,-51.987568,-51.114975,-49.082317,-52.464005,-53.320774,-54.803997,-58.88212,-59.325264,-59.85443,-59.23325,-61.123867,-60.14399,-61.05699,-61.009323,-58.790073,-59.345173
9088,False,-30.389969,-34.65002,-33.75151,-30.704838,-35.898136,-33.809204,-27.117092,-30.815742,-39.758793,-46.507206,-36.31992,-32.702175,-40.470383,-36.062782,-46.880608,-44.31623,-46.63126,-50.643963,-46.687283,-52.70563,-54.2567,-56.394737,-59.58301,-58.30927,-58.97575,-59.782036,-60.334946,-60.0197,-61.14392,-60.607067,-58.87501,-60.27294
9120,False,-30.234928,-31.699316,-34.22653,-34.795044,-32.91496,-28.808393,-27.572746,-32.00112,-42.053627,-50.171455,-33.95042,-29.680569,-40.547256,-34.262234,-47.060246,-51.68949,-47.55516,-50.523335,-50.866295,-53.43245,-53.74533,-55.27897,-57.049377,-55.941776,-58.59234,-59.2522,-57.092243,-59.21351,-59.09788,-59.10668,-58.03467,-60.790524
9152,False,-29.707851,-30.01823,-34.897274,-33.718643,-38.047756,-37.321873,-29.33746,-33.898796,-40.26307,-43.67506,-38.16745,-35.57025,-42.74852,-33.668053,-45.10314,-49.82972,-50.39904,-49.63265,-47.828033,-52.848797,-56.095833,-56.89937,-57.82997,-58.57972,-59.25867,-60.573353,-59.206436,-59.792572,-61.183323,-60.746033,-59.220222,-59.78842
9184,False,-27.288326,-31.807781,-34.35148,-34.131847,-35.632767,-33.261913,-29.343258,-33.028217,-40.741257,-44.39747,-38.81084,-35.800137,-42.962578,-36.027485,-47.842823,-45.409275,-49.565487,-51.018185,-45.35238,-51.407272,-52.661377,-55.48258,-57.135475,-58.37014,-59.518364,-58.612045,-59.67376,-59.849525,-60.280956,-61.82905,-60.77526,-60.570187
9216,False,-26.850449,-32.688858,-34.843624,-37.598892,-35.50709,-30.722324,-30.202417,-34.478657,-40.117588,-36.95188,-36.118706,-34.02074,-42.573742,-33.147564,-43.872826,-42.63777,-46.781975,-49.865704,-43.08804,-48.80236,-57.389874,-56.32673,-56.978172,-58.586838,-57.92776,-56.919373,-60.181374,-60.630547,-60.926117,-60.40585,-58.09673,-59.99979
9248,False,-34.390274,-32.49877,-34.720837,-37.958305,-37.235046,-34.633545,-28.403929,-32.055943,-44.157333,-42.390842,-38.317596,-35.82324,-43.400234,-35.02559,-45.842888,-42.910496,-51.199646,-52.719273,-47.152138,-52.037994,-55.26422,-56.564697,-57.051483,-57.215443,-57.41799,-60.065033,-59.41017,-59.59961,-59.856716,-61.17441,-59.549603,-60.7197
9280,False,-33.33766,-35.48052,-35.444572,-35.0998,-35.933327,-32.41222,-29.125395,-32.964348,-44.22043,-44.371624,-32.693974,-29.03468,-41.830048,-33.760944,-46.750866,-44.953323,-49.512943,-52.167572,-46.725166,-51.43749,-54.77566,-55.627956,-58.408287,-59.285706,-57.916725,-58.070988,-58.955097,-60.147896,-59.7653,-62.475693,-58.189415,-60.712147
9312,False,-32.408276,-31.991375,-34.7405,-32.7223,-37.885765,-38.64669,-28.074223,-31.923374,-41.80633,-44.45038,-36.971813,-31.777718,-43.250984,-34.211258,-44.874096,-46.734158,-50.069847,-51.688305,-49.875965,-53.388577,-52.75391,-55.54194,-56.04591,-60.41191,-59.402348,-59.07569,-59.354706,-60.555042,-60.625374,-61.631435,-59.78991,-61.094803
9344,False,-27.896816,-31.497213,-37.051147,-36.728577,-40.57367,-38.801582,-29.568956,-33.053715,-43.883816,-42.1324,-36.78513,-35.278164,-38.66112,-34.49405,-45.37024,-48.13774,-49.256584,-50.631874,-45.878677,-50.95288,-55.14531,-56.451305,-58.192734,-58.81027,-57.08845,-58.581333,-58.71914,-58.191475,-59.822964,-61.90998,-60.08909,-60.146347
9376,False,-29.833527,-29.47327,-31.486736,-34.170563,-37.614662,-32.965073,-30.480404,-34.583424,-44.788036,-46.65241,-38.21918,-34.962204,-39.64726,-33.5321,-45.621384,-46.3061,-50.267113,-51.860752,-48.229004,-53.323895,-54.225826,-55.885994,-57.828415,-57.939713,-57.826775,-58.807373,-57.610928,-59.430855,-61.522804,-62.409515,-59.501434,-60.26059
9408,False,-30.487545,-30.372925,-35.323654,-37.194687,-36.51936,-34.696533,-29.423487,-33.725723,-43.27413,-46.7909,-39.192825,-32.999115,-39.63365,-34.05795,-45.949917,-48.859207,-49.215668,-51.37751,-44.210777,-50.364685,-54.47054,-56.776012,-59.728626,-57.763195,-58.766483,-57.8842,-59.151577,-61.218285,-60.771183,-59.09981,-59.203487,-59.14141
9440,False,-27.076923,-30.223652,-34.72726,-35.45568,-35.940643,-31.666925,-30.843914,-35.66092,-40.831955,-44.81432,-37.111362,-31.833107,-37.14668,-33.751404,-47.093887,-46.723434,-49.516945,-51.90236,-45.410355,-50.73838,-53.386353,-57.069775,-57.500755,-58.889122,-59.95787,-59.16823,-60.196156,-59.357853,-60.631912,-61.806435,-57.666687,-59.72038
9472,False,-29.53305,-27.002373,-30.653328,-24.861504,-28.97047,-29.704771,-23.261301,-21.189789,-26.570782,-33.095943,-28.249138,-22.444393,-23.263739,-20.938324,-22.69368,-19.390514,-22.141779,-24.740368,-29.656284,-35.263668,-29.216312,-29.18692,-27.995321,-30.259964,-27.007322,-25.291508,-29.310547,-24.53004,-18.212196,-18.360668,-23.566343,-26.260265
9504,False,-27.521116,-27.081566,-32.38921,-26.1629,-28.23744,-30.260715,-30.230152,-27.416029,-32.290314,-42.063644,-34.135487,-30.861158,-30.322554,-29.188572,-33.941906,-30.301645,-35.151848,-40.031357,-37.51921,-42.970604,-41.363953,-38.684387,-41.689934,-43.38836,-39.623802,-36.784836,-37.732056,-35.8936,-32.336727,-33.23427,-37.983734,-40.42008
9536,False,-30.007473,-28.134832,-32.48997,-29.696749,-33.94424,-34.807816,-26.95679,-29.247234,-35.5774,-40.949028,-35.64005,-30.211287,-36.211494,-32.421936,-39.047104,-38.308144,-42.37736,-44.260563,-40.889053,-46.87111,-45.816757,-43.57134,-46.946526,-48.03515,-46.203045,-40.61115,-41.932198,-42.15946,-38.343307,-39.1277,-45.340736,-47.65419
9568,False,-31.190224,-33.37929,-31.894993,-30.122662,-32.394672,-32.03394,-26.98138,-30.468449,-38.21443,-40.600872,-35.441525,-30.924786,-42.12511,-39.92039,-45.0925,-40.56884,-42.186546,-47.726788,-40.720695,-45.902496,-47.563858,-44.350403,-49.60793,-50.6202,-48.96284,-45.15005,-46.172165,-46.53429,-42.07486,-42.434692,-48.636055,-52.782825
9600,False,-27.355423,-33.156475,-35.889027,-41.611916,-35.243484,-30.61287,-28.90663,-31.885082,-39.1165,-41.77881,-37.658287,-33.649487,-42.06799,-35.923622,-44.64135,-44.93911,-48.81668,-46.946606,-44.673103,-50.19162,-49.381607,-48.190994,-53.299908,-54.75276,-53.14526,-49.708923,-49.621662,-47.588554,-46.66666,-47.14711,-54.14106,-56.085487
9632,False,-27.079418,-30.01303,-32.37597,-33.74558,-35.081657,-33.374863,-29.902163,-33.28343,-39.577374,-45.718086,-39.449673,-32.452465,-40.45576,-40.455875,-43.99601,-45.022057,-47.311176,-47.607697,-45.67473,-50.529915,-51.618694,-51.804695,-55.493317,-55.474506,-53.7974,-53.40065,-53.591427,-53.21669,-50.044804,-50.94675,-55.16844,-58.0086
9664,False,-26.502003,-29.851763,-35.220676,-37.09418,-36.672024,-32.694176,-30.964935,-34.521774,-39.803474,-40.834923,-38.43075,-36.27664,-44.9477,-44.33323,-47.779026,-42.273666,-48.295547,-49.237976,-46.654762,-50.98915,-54.31916,-54.01725,-55.924755,-56.65995,-55.404087,-55.352116,-54.806503,-56.03863,-54.207287,-55.854507,-58.132748,-60.294884
9696,False,-26.29442,-33.000664,-32.94034,-39.715736,-36.970016,-32.5086,-29.440998,-32.79282,-42.262577,-43.08817,-35.951797,-29.04421,-40.41067,-43.634743,-48.799606,-44.592674,-48.27221,-51.52086,-50.17452,-54.662598,-54.963894,-55.656685,-57.54516,-57.110638,-59.749268,-56.526775,-56.83062,-58.05529,-56.243095,-56.988235,-58.68339,-61.878315
9728,False,-27.387157,-36.631397,-35.251785,-36.81831,-36.76168,-32.701115,-28.73497,-32.85929,-40.03162,-43.80634,-39.398678,-34.587418,-41.86177,-44.045265,-45.064644,-46.63041,-48.41552,-47.6652,-49.475075,-53.166138,-53.307686,-56.255333,-57.823364,-55.555363,-56.04541,-57.30699,-56.92976,-57.910484,-58.43632,-59.429745,-60.2681,-59.850388
9760,False,-27.94685,-31.64835,-36.521942,-37.819504,-39.096344,-38.329422,-31.752193,-35.41344,-39.875687,-44.77603,-45.162693,-43.9608,-45.579334,-44.15489,-47.59828,-46.750088,-49.97196,-51.551205,-44.848038,-49.97589,-56.281067,-55.9291,-57.464657,-58.12286,-58.8217,-57.99537,-59.072765,-60.648712,-58.88329,-58.469,-56.817665,-59.809784
9792,False,-28.203695,-31.996202,-34.544395,-38.902233,-38.37159,-36.658356,-30.363523,-34.52405,-38.362843,-42.780796,-35.766457,-30.144669,-40.559532,-40.89209,-44.813255,-48.198643,-50.073925,-50.076416,-46.522644,-50.050858,-55.242653,-56.60467,-57.4013,-57.686596,-58.928036,-59.699482,-59.001587,-60.986923,-60.14422,-60.335308,-58.95146,-59.670834
9824,False,-28.9057,-26.561106,-34.425564,-38.854782,-37.05571,-37.423576,-31.261618,-35.29777,-39.417103,-41.805557,-39.371056,-36.256386,-43.01907,-42.98752,-48.636242,-47.634033,-46.98276,-50.967537,-51.764282,-51.63703,-52.538063,-56.214222,-59.99282,-57.6901,-59.64581,-56.813866,-57.238907,-60.16078,-60.56705,-60.930218,-58.3502,-61.80567
9856,False,-26.769035,-27.24197,-36.71747,-39.711468,-34.417454,-36.389835,-30.776804,-33.949432,-37.91634,-39.564163,-39.12892,-35.481903,-43.32665,-40.257782,-48.152752,-49.535934,-51.74446,-53.534374,-52.490154,-55.5643,-54.36309,-55.808407,-58.906967,-57.915936,-56.892044,-55.868687,-58.495834,-59.781147,-61.146484,-62.533955,-60.558372,-60.491234
9888,False,-28.104122,-31.136894,-33.187332,-32.421005,-36.079258,-37.198433,-30.433128,-34.08907,-39.88993,-44.91964,-41.58792,-37.89453,-42.112595,-40.261284,-46.913486,-48.62166,-49.60845,-51.92148,-49.276234,-53.840694,-53.676704,-54.091908,-59.753616,-59.78594,-58.692745,-59.461857,-58.045166,-60.38212,-60.327667,-61.178093,-59.853016,-61.540787
9920,False,-27.569258,-33.246952,-34.073715,-34.844048,-36.928867,-38.335773,-31.478388,-34.92008,-40.88283,-46.414112,-37.724594,-34.829586,-42.241016,-41.2236,-46.41552,-48.613327,-49.237133,-52.631363,-49.993996,-53.64735,-56.20668,-58.841866,-60.71556,-57.969814,-57.063602,-58.25042,-58.50968,-59.468075,-61.069904,-61.647877,-57.868904,-60.31706
9952,False,-25.381851,-26.760357,-31.660381,-32.69572,-40.875153,-37.483326,-31.29255,-35.180733,-40.814053,-41.674522,-36.37309,-30.804764,-43.995384,-38.695972,-49.137016,-49.144215,-51.536003,-52.123962,-44.923607,-50.83366,-54.245987,-56.397457,-57.480236,-58.416763,-58.339542,-59.454987,-57.923817,-59.41763,-60.148804,-60.097504,-60.15528,-60.42659
9984,False,-25.355804,-29.553047,-32.286743,-32.388725,-35.750763,-35.33462,-33.887794,-38.674038,-44.484753,-43.64016,-33.14654,-27.756493,-41.36845,-38.011116,-47.5541,-46.759716,-51.023506,-54.31218,-49.252796,-53.087315,-57.58827,-56.092865,-58.36354,-58.76792,-58.561897,-58.941315,-59.631447,-60.954575,-60.487827,-61.14882,-58.3144,-60.73841
