timestamp,faulty,band_0,band_1,band_2,band_3,band_4,band_5,band_6,band_7,band_8,band_9,band_10,band_11,band_12,band_13,band_14,band_15,band_16,band_17,band_18,band_19,band_20,band_21,band_22,band_23,band_24,band_25,band_26,band_27,band_28,band_29,band_30,band_31
0,True,-26.571932,-31.279173,-35.103863,-37.938927,-44.935303,-44.10259,-44.288372,-44.778755,-41.832375,-40.240993,-44.4565,-46.309414,-46.84945,-50.57785,-51.828518,-54.100117,-58.408016,-61.660255,-60.37031,-63.501286,-60.749878,-58.969734,-60.11852,-65.172,-64.158905,-64.62262,-70.16437,-68.95698,-69.42519,-57.348614,-63.462944,-71.56641
32,True,-24.217972,-23.989277,-30.962444,-29.648659,-36.889656,-39.598175,-44.191925,-45.939335,-42.241215,-40.894417,-43.00404,-46.213905,-46.78639,-50.72452,-50.32119,-49.103928,-55.317764,-55.378883,-56.931225,-62.94081,-62.30171,-61.677223,-61.796093,-63.127075,-62.294468,-64.88736,-67.63623,-68.01217,-69.57154,-52.805122,-58.52146,-71.40297
64,True,-22.382421,-26.880672,-30.233908,-30.428253,-32.852837,-40.479984,-41.31487,-41.394688,-40.342556,-40.44676,-42.069454,-45.53634,-47.508854,-50.750175,-50.932446,-56.676632,-55.41652,-56.823215,-59.755524,-59.256252,-61.043076,-59.63339,-61.809902,-64.80098,-63.24868,-64.76268,-68.18187,-68.74436,-70.18968,-52.51506,-58.76548,-70.04713
96,True,-24.944752,-26.83279,-30.012966,-28.500975,-32.224083,-39.444965,-41.259872,-42.486324,-41.368404,-42.315983,-42.26942,-46.204117,-41.97216,-50.782913,-50.740643,-51.575188,-55.08203,-57.478676,-57.489304,-60.96888,-60.043167,-62.433456,-63.71256,-63.057102,-65.16591,-67.72216,-68.14131,-71.06956,-70.07203,-57.32891,-62.70328,-72.5559
128,True,-23.827238,-28.516493,-30.514753,-29.399052,-34.13984,-39.91777,-43.84031,-41.99457,-40.77602,-39.955208,-42.905727,-47.759056,-42.177967,-48.0681,-53.177143,-54.529633,-53.053772,-58.96768,-58.917244,-59.244556,-62.892525,-62.7463,-62.996643,-65.08781,-66.83289,-66.394714,-69.05594,-70.92723,-71.17789,-57.717293,-63.30103,-72.09668
160,True,-22.11707,-26.177334,-30.967272,-32.22427,-33.81861,-37.524216,-42.148937,-44.27259,-41.998043,-37.47091,-43.853436,-46.316944,-43.964943,-48.15538,-52.011925,-53.57939,-56.12598,-54.56783,-57.596687,-59.66613,-60.836098,-61.803467,-62.468372,-65.72545,-66.10281,-66.581375,-67.470924,-69.43709,-72.28713,-64.80411,-68.45209,-70.13492
192,True,-23.931253,-27.892054,-34.020115,-32.71002,-33.7714,-39.208073,-40.629623,-41.666874,-41.05751,-38.355453,-45.319958,-47.559,-48.191875,-50.163345,-51.95209,-54.497547,-54.184498,-55.271072,-54.778065,-58.632423,-60.017357,-59.955215,-60.60235,-62.74735,-64.90114,-64.95951,-66.84707,-69.02759,-67.33888,-65.55615,-67.02643,-70.63924
224,True,-28.017462,-30.404064,-33.72427,-34.1867,-35.3628,-39.193768,-42.244537,-43.170376,-42.205223,-37.812298,-44.696198,-50.030064,-44.046303,-49.507378,-53.278507,-54.343925,-55.585194,-58.393433,-56.65903,-58.935593,-62.935135,-61.32393,-63.600426,-64.19833,-63.87457,-65.319916,-68.746796,-68.95928,-69.20163,-64.88619,-68.658134,-71.08878
256,True,-23.235561,-25.87248,-34.791264,-33.035137,-37.763096,-43.576744,-38.832916,-41.33693,-43.81053,-40.9224,-47.08485,-51.7798,-49.539513,-51.1772,-53.780342,-55.25179,-54.211174,-55.21968,-56.903873,-60.881115,-60.19133,-60.670105,-61.81888,-63.83061,-63.206898,-65.60624,-67.42732,-68.521484,-69.699936,-69.50262,-72.53355,-73.3361
288,True,-26.177128,-26.172411,-28.512291,-27.49034,-32.935875,-37.487015,-38.27861,-41.018837,-39.866173,-40.646397,-44.76688,-49.446922,-49.61383,-50.17549,-51.142715,-53.751698,-53.301735,-56.688995,-56.94049,-60.1211,-60.588497,-60.607468,-62.72997,-63.554913,-65.670044,-65.492004,-67.14487,-68.101425,-71.03614,-69.683334,-68.915146,-72.26423
320,True,-23.610247,-28.549572,-29.232563,-31.32983,-34.53543,-40.884987,-42.54006,-43.970596,-44.51477,-44.764206,-44.72488,-47.106537,-43.241486,-49.728287,-50.254868,-52.327305,-52.76912,-58.595543,-58.904224,-58.91357,-60.172256,-65.00838,-64.903404,-66.583534,-67.51013,-66.33876,-68.27307,-68.673546,-70.522285,-70.423256,-70.74602,-71.23143
352,True,-24.843742,-25.710688,-33.51235,-32.763985,-35.887234,-37.66656,-38.46941,-46.740532,-46.24108,-43.12854,-46.204292,-46.139854,-43.392212,-49.465416,-55.938026,-53.011665,-56.956448,-58.27599,-58.33007,-58.7452,-62.52709,-63.522163,-63.62329,-64.33952,-64.4187,-65.229485,-69.92146,-70.2385,-70.22081,-72.0645,-71.42743,-71.550156
384,True,-21.6043,-23.920717,-36.481968,-31.292633,-31.883642,-37.73477,-41.039814,-40.947952,-39.18505,-41.791233,-44.603622,-44.24192,-42.226257,-51.6729,-52.220364,-49.43151,-54.1985,-54.990242,-53.36964,-58.037224,-61.775787,-61.908726,-63.123512,-66.44847,-64.19382,-65.091644,-69.01541,-68.83769,-67.26993,-70.03214,-70.93118,-73.12747
416,True,-25.789774,-26.20121,-29.26178,-30.738514,-37.517815,-42.356228,-42.73825,-41.192886,-39.82403,-41.504974,-44.989735,-46.84513,-44.889606,-49.05922,-52.367126,-51.79235,-54.466316,-55.190636,-57.34379,-60.478226,-62.5741,-60.490196,-62.625732,-64.969696,-67.21657,-66.877754,-68.42556,-70.30979,-71.084816,-72.72556,-71.84125,-73.08752
448,True,-24.428102,-27.060856,-30.452719,-29.788242,-35.169167,-46.590275,-41.833008,-41.13678,-42.644497,-42.525555,-46.291317,-48.98376,-48.24333,-51.24905,-51.672043,-52.783203,-54.516815,-56.165726,-56.696976,-59.379314,-60.44315,-59.589157,-63.69122,-64.33453,-65.30698,-66.82404,-68.267944,-70.45404,-72.08754,-71.913956,-71.076996,-72.19682
480,True,-23.82238,-24.176056,-31.551983,-32.717976,-36.24499,-38.01499,-38.409843,-44.26352,-46.655914,-41.13071,-43.14261,-45.770554,-43.505894,-49.932934,-50.268105,-52.91464,-54.31537,-57.602905,-56.124954,-61.29807,-60.71718,-60.13807,-64.50402,-66.15203,-64.46672,-64.49965,-69.78351,-69.38882,-69.70719,-70.68618,-72.294754,-72.54586
512,True,-25.925053,-24.90636,-30.796583,-38.723503,-40.27309,-37.60328,-39.06951,-42.1022,-42.43525,-41.41284,-46.181103,-46.21002,-45.0363,-47.285805,-50.222633,-51.092052,-55.390785,-58.988453,-57.915405,-58.664608,-59.47844,-63.15077,-63.067127,-63.726803,-63.960274,-65.08411,-68.68077,-69.1343,-70.38266,-70.492065,-72.102745,-72.70049
544,True,-25.97533,-25.651546,-33.05976,-34.33737,-36.513306,-38.96943,-43.87967,-43.841484,-42.623863,-43.50505,-44.793354,-46.848427,-46.29566,-53.729305,-51.556515,-52.63163,-57.406765,-53.321022,-55.618042,-59.384617,-60.74436,-60.96772,-63.412384,-62.887863,-64.20764,-65.47476,-67.14734,-68.85972,-69.62841,-70.687325,-71.65917,-71.85868
576,True,-23.078232,-26.717121,-32.460335,-28.05923,-33.186977,-41.43026,-43.17671,-43.709682,-43.622364,-40.56442,-50.200012,-47.327362,-44.729927,-51.395298,-53.082123,-52.928963,-54.238544,-56.044167,-57.250767,-58.05263,-58.10836,-59.418724,-60.080765,-63.839508,-66.60047,-64.981224,-67.17477,-66.58089,-67.89987,-68.1083,-70.44,-71.612335
608,True,-25.080494,-26.862928,-33.678825,-29.814512,-33.351547,-40.387222,-42.29454,-41.46031,-42.230453,-38.923393,-45.326744,-48.194145,-44.923595,-50.929394,-49.075844,-51.874084,-57.204247,-54.74194,-55.897022,-57.295933,-60.15072,-61.349354,-59.280773,-61.426716,-63.38366,-65.90343,-67.20002,-67.3315,-67.474266,-68.91635,-70.21571,-72.598045
640,True,-24.854757,-25.686064,-32.145447,-31.296627,-31.491314,-40.03617,-40.434494,-39.963524,-41.03045,-46.13087,-46.234837,-46.467136,-45.054173,-50.3784,-50.795666,-53.71093,-55.035095,-55.67019,-56.181217,-57.623066,-59.863113,-61.51916,-63.05162,-63.984543,-66.18821,-67.19741,-67.85125,-69.11966,-71.15594,-73.15229,-72.436615,-71.8566
672,True,-25.7495,-27.871002,-31.96438,-33.23675,-37.966293,-41.02962,-43.046093,-42.007034,-43.552937,-45.050034,-42.38455,-44.56924,-42.50649,-52.43548,-54.12941,-53.993828,-54.424404,-53.030464,-54.22439,-59.760468,-61.178368,-60.155426,-62.1528,-63.54319,-66.24418,-67.63974,-68.39457,-69.729256,-70.731766,-71.12486,-71.42444,-72.001045
704,True,-26.055386,-26.387825,-33.078537,-33.671535,-36.781025,-40.811085,-43.394867,-41.595196,-42.81193,-40.330627,-42.3096,-46.22093,-43.610397,-49.805634,-51.8243,-50.042015,-52.96463,-54.10808,-54.30334,-58.38231,-59.075165,-55.652298,-58.18558,-59.425446,-63.292347,-65.90535,-67.525696,-68.557175,-70.12496,-71.457794,-72.995995,-71.59509
736,True,-25.261375,-27.568966,-29.178024,-27.16898,-33.64613,-37.87893,-43.11113,-43.440773,-43.285713,-43.795856,-50.041862,-48.91446,-46.670815,-48.764324,-49.089027,-52.0868,-51.687935,-54.98397,-54.024616,-57.928295,-60.037727,-60.91023,-61.935158,-64.9089,-63.558765,-63.911266,-67.46899,-69.59341,-66.797615,-67.82939,-70.23496,-70.98654
768,True,-24.8915,-23.896902,-28.979233,-31.464998,-35.454254,-38.841736,-39.43722,-43.09825,-39.7121,-42.239918,-46.22821,-45.965923,-49.070854,-48.30374,-49.241264,-50.03037,-52.286423,-53.02466,-55.558964,-59.170288,-60.58548,-60.473473,-61.072105,-62.75734,-66.318474,-64.47928,-66.082016,-68.553444,-67.8614,-69.26542,-70.55881,-71.48109
800,True,-25.694826,-23.262655,-30.899286,-30.603226,-36.615887,-40.002968,-40.091522,-40.7098,-41.852272,-45.782158,-46.980637,-45.133358,-50.314716,-53.439518,-54.837784,-52.376762,-54.0588,-53.78155,-54.356377,-58.003105,-60.358067,-62.041374,-62.096706,-65.81279,-64.93605,-64.79729,-66.40835,-66.972916,-69.988815,-69.38959,-70.24141,-71.63037
832,True,-25.529625,-23.175816,-33.742855,-30.96859,-37.49717,-40.896,-42.561115,-44.495216,-43.25347,-48.125786,-49.000015,-48.35804,-44.57817,-49.502148,-52.91619,-52.227463,-53.31376,-54.98024,-56.379436,-59.390137,-60.83231,-60.73777,-62.411438,-64.17687,-64.29974,-64.1688,-64.68792,-65.61946,-66.50716,-67.08371,-69.16398,-71.186455
864,True,-26.057566,-25.506556,-29.981955,-31.784313,-34.781746,-39.805626,-39.17117,-39.446793,-42.69785,-47.266953,-46.23385,-49.61584,-48.887184,-53.574722,-47.71757,-51.81086,-53.06569,-53.98842,-56.026573,-59.154564,-61.924686,-61.908226,-62.40463,-63.053036,-65.531845,-66.84564,-67.585175,-68.80569,-68.480576,-69.25001,-70.77046,-71.08119
896,True,-23.100092,-25.736532,-33.664833,-36.45232,-36.99494,-40.043606,-43.86776,-43.360134,-40.520905,-46.248077,-44.609055,-47.28591,-45.774048,-51.48478,-54.747314,-53.072132,-56.48682,-58.494434,-58.352985,-60.22322,-62.630238,-60.81728,-62.361088,-67.27004,-66.7142,-67.113365,-69.431564,-69.99327,-71.757744,-71.76461,-73.11139,-71.48313
928,True,-19.476622,-27.059044,-31.59443,-28.840973,-32.50569,-37.776936,-41.35372,-42.863182,-38.131523,-46.800137,-46.419773,-48.45507,-47.11677,-51.69518,-50.525898,-52.00447,-53.486008,-57.014656,-57.816387,-60.95119,-60.065277,-61.14334,-63.191586,-64.959625,-65.93761,-67.14453,-70.92991,-71.317505,-70.78322,-71.49682,-72.50425,-72.13727
960,True,-25.469555,-25.815819,-31.572573,-28.397087,-31.585518,-38.160385,-43.71414,-45.08126,-41.924263,-42.970882,-45.444065,-48.62162,-49.3289,-51.145824,-50.98205,-54.396774,-55.65544,-56.71409,-56.355446,-60.482937,-61.795864,-62.83134,-65.58444,-65.47438,-67.54197,-68.15797,-68.56797,-71.00076,-72.65982,-71.0211,-72.60497,-72.54856
992,True,-22.053864,-25.39196,-32.802708,-29.788582,-33.347775,-38.64924,-37.73188,-41.263794,-40.446007,-43.26241,-41.428608,-50.314896,-47.10733,-51.78141,-54.07562,-53.007084,-55.122307,-57.05162,-57.624733,-59.685596,-58.663822,-61.21045,-63.52877,-66.279785,-66.42827,-67.508766,-67.55762,-67.762955,-70.02612,-69.03707,-72.65835,-72.89633
1024,True,-26.659714,-29.838455,-30.847261,-29.842451,-32.74423,-39.607304,-41.054382,-41.193336,-39.135136,-43.25837,-45.5279,-48.557625,-47.141537,-52.110413,-53.793037,-50.909676,-54.097466,-55.69872,-57.386368,-60.024944,-59.90831,-60.505875,-63.317963,-64.167274,-64.995415,-66.05056,-67.371765,-69.48211,-70.03598,-70.9473,-72.47075,-70.82071
1056,True,-26.39715,-24.681303,-30.304611,-30.595463,-34.833637,-39.7393,-43.844193,-41.948627,-40.730865,-43.245487,-49.98041,-52.127174,-47.964596,-53.242992,-55.4121,-53.175316,-54.802788,-58.752304,-61.238285,-61.810158,-61.298767,-61.054234,-63.957287,-64.60829,-64.81233,-65.16418,-67.416084,-67.87696,-67.39748,-69.53233,-70.89613,-71.289856
1088,True,-27.148726,-26.63908,-34.04234,-33.596806,-36.058636,-37.616802,-38.765858,-41.685135,-40.38611,-41.241127,-42.865135,-44.916073,-44.562717,-51.335453,-55.64272,-51.92148,-54.40249,-56.04019,-58.618313,-60.703846,-61.465508,-62.381702,-63.013035,-62.58467,-62.476326,-64.32622,-65.80144,-68.075226,-68.6314,-69.78208,-71.27593,-72.0291
1120,True,-27.871645,-30.612585,-36.18513,-31.114958,-37.207893,-39.19424,-40.786327,-40.773148,-39.01726,-45.393295,-45.67402,-43.21241,-42.79241,-51.635395,-55.254395,-54.421547,-55.617832,-55.88877,-56.145996,-58.053345,-59.86979,-60.768295,-61.64727,-62.275368,-66.590546,-66.99414,-65.463875,-67.324036,-68.70644,-70.85428,-72.77144,-72.272385
1152,True,-22.089039,-25.040169,-28.611395,-28.737957,-34.276478,-36.992752,-38.56834,-42.421516,-41.103176,-44.675827,-42.598972,-40.98767,-41.493355,-50.668793,-50.217533,-52.334457,-56.382145,-56.842262,-58.21393,-59.132187,-59.112835,-60.8672,-62.613968,-63.37066,-64.25137,-66.26494,-67.78957,-66.94281,-69.193375,-72.0197,-72.301765,-73.273056
1184,True,-22.67336,-28.117268,-29.858795,-31.139288,-34.365383,-42.206093,-41.439117,-44.84292,-43.989124,-44.15135,-45.183567,-43.575397,-43.770313,-49.575005,-52.508106,-54.72074,-55.909187,-57.269325,-56.193756,-60.130547,-60.102367,-59.82167,-62.035652,-65.211525,-63.814796,-64.01071,-66.846535,-66.974846,-69.974655,-70.91987,-71.78498,-71.32384
1216,True,-22.909803,-26.099281,-31.212046,-31.981468,-33.643375,-38.21816,-41.052498,-43.34974,-43.438614,-42.643284,-44.394966,-43.991806,-46.804157,-51.531387,-51.913788,-50.844193,-50.85573,-54.68892,-58.27037,-60.27114,-61.457153,-59.74245,-60.34738,-61.16569,-63.198105,-62.848873,-65.92904,-67.22403,-65.54236,-66.180504,-68.19571,-71.81082
1248,True,-25.462467,-29.250763,-32.496735,-31.59008,-35.260666,-40.34662,-40.620922,-42.698227,-38.631214,-46.225437,-47.08674,-45.38256,-43.91513,-50.239975,-52.31338,-54.135674,-53.664036,-52.236336,-54.771492,-58.05139,-59.951233,-62.240883,-59.19847,-62.10062,-63.694363,-63.368164,-64.04323,-66.93159,-69.1169,-66.88809,-70.75509,-71.92788
1280,True,-20.473516,-29.111757,-34.32101,-33.493042,-35.269794,-39.935005,-40.775055,-40.905933,-37.845215,-43.484673,-43.489304,-47.666542,-49.30241,-50.366745,-53.27739,-50.651012,-52.445038,-53.646217,-56.570934,-57.42445,-59.689503,-59.99717,-62.639538,-64.8223,-64.40144,-64.408134,-65.99455,-68.09657,-67.90814,-66.85325,-68.29948,-72.315475
1312,True,-22.68501,-27.600363,-32.5584,-32.523724,-34.701897,-39.1174,-44.23426,-42.193333,-35.768036,-45.199657,-43.726078,-46.245132,-49.214134,-47.93386,-50.71989,-53.927734,-54.326485,-51.88861,-53.0728,-56.92528,-60.28183,-57.347126,-56.865406,-63.84798,-64.83074,-65.0482,-66.12484,-67.27914,-68.550804,-66.85736,-67.71837,-71.791916
1344,True,-28.759361,-31.507065,-31.473042,-32.019306,-34.33558,-35.578323,-39.03667,-41.000816,-40.993668,-45.225204,-42.247463,-48.106323,-45.612175,-49.815384,-53.76388,-54.19197,-55.308434,-55.957542,-56.227036,-56.984047,-56.594894,-58.968292,-59.22168,-64.425095,-64.41362,-65.14537,-68.12216,-67.75216,-68.03591,-67.64058,-69.695465,-72.00785
1376,True,-29.942095,-28.19981,-33.852917,-33.626587,-39.695953,-38.104614,-41.27334,-40.479607,-36.961536,-43.545013,-46.612946,-49.028458,-50.59277,-50.558514,-48.956524,-53.05971,-54.067455,-56.295567,-57.49124,-59.409073,-60.102707,-61.501812,-64.35584,-65.07857,-65.68078,-67.09859,-68.66736,-69.18679,-68.75864,-70.01101,-71.96887,-72.08951
1408,True,-22.725107,-30.279995,-35.137173,-31.76797,-33.497955,-38.28517,-42.086544,-42.337387,-39.260708,-41.754868,-45.72527,-48.74917,-48.50302,-50.80259,-52.182114,-52.79866,-54.378647,-56.709347,-59.479782,-60.124184,-61.427185,-63.153744,-64.558136,-64.845566,-64.36844,-66.22513,-69.3247,-70.125534,-71.64908,-72.62744,-72.961685,-72.02804
1440,True,-20.331741,-26.745796,-33.28411,-35.30246,-37.128517,-38.050655,-41.4495,-38.811775,-36.748493,-32.7844,-46.38443,-45.597908,-48.36123,-53.970356,-53.893124,-50.55877,-52.40919,-56.033478,-56.557243,-59.852215,-62.088108,-60.56691,-63.069893,-65.85101,-66.49597,-68.06641,-70.375175,-71.71675,-71.6492,-72.90078,-70.94145,-71.577705
1472,True,-23.084726,-27.962769,-31.564272,-29.68772,-33.38491,-37.637283,-40.205326,-42.054058,-37.830055,-36.18714,-45.471565,-47.369278,-47.94406,-52.559464,-52.04052,-51.064472,-57.850193,-60.259254,-59.785583,-60.890076,-59.610878,-60.414207,-64.26306,-65.38896,-64.29206,-66.55156,-69.0013,-72.41646,-72.94498,-71.874794,-71.74535,-70.82467
1504,True,-24.583984,-25.233849,-31.770151,-29.923218,-34.34969,-41.339203,-43.037777,-40.330204,-34.625664,-33.65728,-44.84706,-45.759636,-50.678196,-50.104965,-51.793686,-53.035606,-54.09854,-55.45014,-56.356804,-59.69116,-59.781548,-61.525246,-63.20698,-64.27179,-63.97745,-67.0515,-66.877716,-68.89133,-70.33986,-67.66897,-70.37306,-69.7794
1536,True,-22.62421,-28.403807,-35.7364,-31.881208,-36.69795,-41.321224,-41.427277,-41.9277,-35.73047,-35.925186,-44.008377,-51.061394,-48.719055,-48.787216,-51.865078,-52.913128,-54.428833,-58.166016,-57.993126,-59.46493,-61.876747,-61.35435,-63.007133,-64.75953,-64.618866,-64.98931,-66.63356,-67.82681,-68.943954,-68.41793,-70.32696,-70.33665
1568,True,-26.269075,-33.566578,-32.803547,-31.088612,-38.538242,-38.707798,-38.827717,-41.26003,-39.329613,-39.15541,-45.296806,-49.86017,-47.564083,-49.60308,-51.48441,-53.131454,-54.40918,-57.0274,-60.241886,-59.163925,-61.09303,-62.01904,-63.839073,-64.57462,-64.91613,-65.86404,-65.299194,-69.92981,-69.81081,-67.9539,-71.048874,-71.0064
1600,True,-25.528402,-29.402922,-31.454382,-32.607887,-39.900696,-39.929813,-42.75644,-45.030083,-41.85437,-41.183487,-45.48666,-46.64103,-43.08771,-49.553303,-52.40475,-54.599487,-57.611923,-57.975723,-58.1245,-62.568497,-59.36981,-60.988113,-61.957092,-63.163338,-64.16704,-65.7389,-66.54609,-71.56806,-69.71604,-69.387054,-70.9941,-73.542336
1632,True,-27.61401,-25.000263,-30.794813,-31.699863,-36.340202,-44.342674,-43.384663,-45.126213,-39.750847,-42.71591,-45.40716,-50.72705,-50.778114,-51.217022,-54.609367,-55.107037,-55.142044,-55.629448,-54.518963,-59.68294,-57.73404,-60.07589,-60.684105,-63.221985,-63.69548,-66.7163,-67.46832,-68.81238,-71.72158,-71.0508,-71.48632,-72.90242
1664,True,-28.826073,-27.536812,-32.372612,-29.72516,-35.39105,-43.858646,-44.116966,-41.08919,-36.90189,-41.05471,-45.359245,-48.839035,-50.76634,-52.112206,-53.345737,-51.416744,-54.20721,-56.03685,-57.038532,-59.169914,-57.476276,-58.931694,-63.956863,-62.621063,-63.40878,-67.35727,-67.87581,-69.65421,-71.65969,-72.18175,-72.561104,-72.87512
1696,True,-26.004128,-26.126373,-35.05387,-32.91578,-37.67327,-40.162346,-42.9184,-40.36244,-36.964394,-42.350155,-43.75614,-46.453587,-47.676155,-54.405514,-52.96303,-52.600067,-56.241013,-56.145138,-56.301453,-60.38315,-60.714355,-61.442318,-63.808258,-63.75408,-66.69771,-65.83709,-67.670204,-71.70102,-73.94238,-73.354614,-72.89224,-72.122375
1728,True,-27.726316,-26.102585,-33.6108,-33.575977,-34.48327,-41.167236,-39.68831,-40.94564,-42.150604,-42.47027,-48.667786,-48.632053,-48.82301,-51.57248,-51.905815,-52.84569,-55.430122,-56.235588,-55.68129,-61.999832,-60.439194,-59.33624,-61.763718,-63.421944,-63.727707,-65.66738,-67.82892,-70.29656,-69.605354,-68.191605,-67.14693,-72.14847
1760,True,-26.080631,-28.948633,-29.743732,-31.803104,-33.713764,-40.169243,-40.98056,-40.03645,-39.06753,-43.44095,-48.78797,-48.06382,-49.006996,-51.859894,-50.198692,-55.6312,-53.843075,-54.053364,-58.489513,-58.005375,-57.710205,-60.437576,-62.782097,-63.454227,-64.19704,-67.26324,-68.02779,-69.42725,-70.17169,-70.87571,-72.40907,-71.34108
1792,True,-26.542265,-31.005493,-33.915245,-30.98276,-32.367348,-35.363937,-40.69834,-44.62919,-42.059383,-43.787556,-45.976433,-45.01646,-46.481377,-48.311123,-51.55106,-54.02763,-54.641003,-56.869957,-58.08525,-60.45299,-61.929245,-62.054756,-62.175156,-65.12617,-66.19673,-68.80887,-68.93093,-71.810684,-73.28553,-71.69891,-71.63604,-71.29149
1824,True,-22.25817,-25.563972,-34.469326,-31.950237,-32.42863,-36.431202,-40.052208,-43.488346,-42.30265,-42.685104,-50.434574,-47.777542,-48.725037,-50.830193,-52.92511,-54.356136,-54.571686,-56.342896,-59.470486,-61.956818,-61.739586,-59.233627,-61.717422,-62.891766,-65.83485,-68.05089,-69.20323,-68.41456,-69.174515,-71.64288,-72.230225,-72.01053
1856,True,-21.105694,-24.521164,-31.463806,-28.887213,-29.892054,-39.360077,-41.106598,-41.581997,-42.753273,-45.09392,-45.905003,-46.594604,-46.85711,-50.57586,-51.197205,-51.937088,-53.655083,-56.932163,-55.275932,-60.867203,-62.416763,-61.04324,-61.626934,-63.02679,-65.8768,-66.99523,-68.40192,-70.994354,-69.98054,-69.89299,-68.95042,-70.58724
1888,True,-24.207087,-26.868778,-33.0168,-28.704739,-29.16824,-36.004112,-40.354614,-42.675156,-42.08439,-46.767,-44.152256,-46.232025,-45.805733,-48.29784,-50.833534,-50.146248,-55.476715,-58.673855,-56.36955,-59.435318,-63.31875,-60.118107,-63.257248,-66.75432,-66.529205,-67.17507,-68.46996,-70.542114,-71.797066,-71.84219,-71.13914,-72.442535
1920,True,-24.448994,-23.776485,-31.68379,-29.182703,-30.781479,-35.975452,-39.941208,-41.302048,-40.93292,-45.173584,-43.23381,-44.78582,-45.698296,-48.188686,-50.12555,-54.994186,-55.11042,-53.736225,-55.05346,-59.22485,-60.788467,-61.79712,-64.81058,-66.063255,-65.798225,-66.558655,-68.309525,-69.3938,-71.415695,-72.68848,-72.08327,-72.31121
1952,True,-26.793268,-28.959578,-38.8793,-32.424606,-35.73087,-38.163532,-37.79501,-40.411278,-41.08451,-45.590904,-48.451687,-45.85736,-49.56486,-55.33777,-54.42568,-53.17385,-54.61096,-56.938168,-56.106167,-59.433296,-62.118546,-62.649567,-61.489986,-64.32087,-67.32217,-67.037575,-68.30267,-68.57627,-70.98772,-69.7879,-71.290855,-71.40909
1984,True,-27.054089,-27.945362,-31.585447,-33.152832,-37.69384,-40.006187,-42.341835,-41.426086,-42.83172,-43.90308,-48.70922,-44.059006,-47.28829,-49.287777,-53.106953,-52.517838,-53.992966,-55.97895,-54.429512,-55.91913,-56.01587,-59.37461,-63.242474,-64.44085,-66.71684,-68.28132,-70.19304,-70.97297,-72.0703,-71.685135,-72.94739,-71.59616
2016,True,-22.812912,-27.070442,-29.879782,-32.16884,-37.91347,-39.320038,-38.988533,-41.033367,-43.358112,-45.73933,-45.2502,-49.193424,-47.540726,-48.907772,-50.750355,-53.500237,-54.07157,-56.16889,-54.627853,-56.59916,-57.799118,-62.54123,-63.70378,-64.40081,-64.47347,-65.3285,-67.70089,-71.825424,-70.51932,-71.10195,-71.27304,-71.99027
2048,True,-26.473906,-29.447096,-34.53779,-35.359352,-37.799763,-38.122253,-40.989037,-41.44195,-38.064075,-39.311035,-43.59507,-47.737167,-44.587555,-46.405792,-50.337654,-52.77216,-52.435474,-56.17816,-55.859623,-58.856018,-60.172585,-60.65332,-62.044228,-66.414406,-66.1756,-66.37363,-66.91431,-67.02274,-70.32409,-68.70428,-68.749084,-67.86476
2080,True,-20.36119,-25.876322,-31.998081,-31.988562,-35.605797,-41.126934,-44.12644,-40.150406,-38.829742,-39.06135,-46.09213,-46.454597,-47.628983,-48.580643,-49.671703,-52.78122,-54.425587,-57.425327,-57.416683,-62.090202,-60.478893,-61.774353,-64.187904,-66.0052,-66.449265,-65.99826,-67.958405,-70.647736,-70.75575,-72.59955,-72.11635,-70.60533
2112,True,-18.626505,-26.112751,-35.561615,-31.627977,-33.83641,-38.63979,-36.89657,-40.547123,-41.12711,-44.958397,-43.09559,-47.579975,-46.69128,-50.630173,-52.60788,-51.81127,-55.57432,-57.274113,-59.95987,-60.92227,-62.101513,-61.64455,-62.998955,-64.307,-66.87202,-68.032745,-69.96503,-70.14008,-71.641975,-73.64403,-71.93941,-71.32303
2144,True,-19.868587,-23.905159,-30.433237,-30.837908,-32.38814,-38.1934,-39.738766,-38.189117,-38.866142,-46.61945,-46.510082,-46.12433,-48.808678,-52.49169,-53.51117,-50.79842,-53.09477,-56.738594,-57.601578,-58.588913,-60.841934,-60.141205,-63.213814,-63.643913,-67.42992,-66.837776,-67.4022,-70.5667,-72.51401,-72.23954,-73.77088,-73.41571
2176,True,-22.524607,-23.65026,-30.423908,-31.254612,-34.429764,-35.416504,-40.333366,-40.157833,-40.686337,-41.768223,-44.73379,-42.11275,-46.067524,-49.97799,-55.91192,-53.11815,-55.068985,-55.839058,-55.727806,-58.156086,-59.549965,-59.06021,-62.756924,-65.12163,-66.570076,-64.95209,-66.84831,-67.954346,-67.87086,-69.326385,-69.2098,-70.75881
2208,True,-20.746975,-22.495064,-37.400288,-35.481796,-37.400394,-39.742622,-41.10384,-44.113842,-42.47077,-42.721516,-48.35409,-51.004066,-51.586742,-50.82997,-51.31977,-50.329422,-53.12399,-58.030075,-58.416862,-59.15533,-60.5212,-61.195854,-64.02925,-66.59329,-65.634186,-66.19126,-68.16579,-69.22044,-71.12636,-70.46065,-72.387726,-73.92241
2240,True,-24.502346,-22.36237,-32.741047,-31.94599,-32.341503,-40.52689,-41.37287,-41.870987,-36.817287,-40.865406,-42.85994,-48.776375,-45.33304,-49.166122,-50.96949,-53.21163,-55.819324,-56.374847,-56.22356,-58.62968,-58.84937,-62.27317,-63.86784,-66.409065,-65.69643,-66.29111,-69.58109,-72.18975,-72.686806,-72.36841,-71.784,-72.2734
2272,True,-22.873196,-23.903027,-33.022182,-31.003325,-32.14876,-37.258224,-37.477573,-41.86266,-36.64387,-43.77579,-49.20692,-46.794357,-48.601234,-50.850235,-54.103302,-52.687813,-55.129753,-57.037167,-56.159653,-58.183014,-60.08132,-62.12788,-63.630028,-63.690647,-64.51175,-66.30488,-66.33252,-71.09265,-72.76948,-70.70285,-71.70386,-72.87431
2304,True,-22.638954,-23.727875,-31.299465,-28.217892,-29.487932,-39.89621,-37.996773,-37.09478,-36.26651,-42.355553,-45.434536,-47.148243,-47.967384,-53.649284,-53.285156,-53.607986,-54.060116,-56.8281,-56.541298,-57.893696,-57.18597,-58.73172,-63.056236,-64.78778,-64.84538,-66.16447,-68.421425,-70.87505,-71.780075,-73.30117,-72.25377,-71.68494
2336,True,-23.319881,-28.75762,-32.228172,-27.591703,-27.973621,-41.777283,-42.68238,-44.202953,-38.308044,-39.97085,-43.750046,-45.97072,-50.68647,-50.01699,-53.54148,-52.715385,-57.89255,-57.896122,-56.181774,-57.412376,-59.37964,-62.054344,-64.550735,-64.174225,-65.38569,-65.612,-68.29935,-66.1012,-65.92459,-65.25886,-65.42439,-65.93533
2368,True,-24.746155,-26.043118,-35.014053,-29.996403,-30.733482,-38.96325,-41.52131,-45.732635,-39.088615,-44.266205,-45.99807,-44.056896,-48.663643,-49.844467,-53.39685,-56.252945,-57.61009,-59.434566,-58.312744,-55.030388,-56.461983,-62.987896,-64.92921,-64.91514,-65.21748,-67.456505,-69.391716,-69.66252,-67.37181,-68.36218,-70.61997,-69.38354
2400,True,-24.85699,-25.743664,-34.45461,-30.23238,-31.618439,-37.848145,-42.20913,-41.377605,-38.57063,-42.391968,-48.192924,-48.13948,-43.93235,-48.237106,-49.325638,-51.50379,-54.02835,-57.003014,-56.315933,-60.22976,-62.572906,-66.074196,-67.67054,-66.54777,-66.82985,-66.3199,-69.1982,-71.64116,-68.70436,-69.96733,-71.38842,-71.239716
2432,True,-27.717045,-25.860771,-29.779013,-33.112762,-33.68286,-39.014633,-43.66878,-42.303238,-38.866394,-41.091972,-45.828266,-46.902485,-47.60172,-50.300045,-55.881485,-56.18789,-54.313965,-56.03954,-57.877735,-60.923744,-61.58242,-63.067375,-65.05952,-66.00386,-66.84515,-66.92521,-69.26864,-72.20938,-72.49869,-72.94498,-72.11577,-71.513756
2464,True,-25.519974,-25.120876,-33.553967,-28.403378,-32.746105,-38.40098,-44.33907,-42.23813,-40.724777,-42.136772,-47.25724,-47.72679,-49.53279,-48.464237,-52.139812,-54.642242,-56.318146,-56.960377,-57.99303,-61.162834,-63.90495,-62.440662,-62.248055,-66.16753,-65.583954,-66.77797,-70.4976,-70.67244,-71.13283,-73.65398,-73.066956,-72.68173
2496,True,-30.337934,-32.536903,-32.702362,-29.201508,-33.983704,-38.34355,-41.557384,-40.60879,-39.787075,-46.01407,-49.605125,-48.232517,-45.514027,-48.291325,-50.081066,-52.98851,-55.753426,-56.343933,-55.912636,-59.469227,-62.59066,-62.504356,-63.9406,-65.16055,-65.653366,-66.38633,-71.42328,-69.71309,-70.54483,-70.28719,-73.24808,-72.1445
2528,True,-22.71194,-23.398159,-31.222137,-31.507702,-39.804787,-41.25141,-45.230354,-41.809036,-38.02962,-42.242527,-42.65655,-45.490112,-49.40788,-51.520035,-50.052696,-50.245777,-56.249268,-57.747417,-58.06523,-60.700527,-62.30276,-62.6169,-60.421566,-61.588165,-62.27916,-65.10309,-67.70677,-71.05362,-69.55855,-70.027,-72.92363,-72.02998
2560,True,-28.989485,-27.678772,-33.10033,-33.016563,-38.53554,-40.6709,-40.254288,-42.33403,-40.07763,-44.262424,-44.326385,-41.815266,-44.61985,-47.3579,-49.149094,-52.832817,-57.344852,-56.1653,-57.807728,-61.101562,-62.363895,-61.788822,-62.03896,-63.066063,-62.481926,-65.84515,-67.67662,-69.170074,-70.32907,-71.34004,-71.33614,-72.350525
2592,True,-22.987453,-26.2488,-33.874207,-32.174335,-35.161453,-41.210056,-45.117218,-42.024437,-42.136353,-46.757866,-44.90543,-43.88733,-47.12168,-51.395256,-50.661694,-52.146816,-52.197258,-56.323097,-59.109856,-59.272274,-61.341072,-61.117287,-62.28977,-62.41444,-64.56932,-65.45138,-65.40839,-69.52937,-72.45663,-73.19142,-73.8293,-71.845116
2624,True,-21.832752,-25.17163,-33.281822,-27.86765,-33.153355,-40.418907,-43.065483,-42.747337,-39.568665,-45.9114,-47.04426,-40.129135,-44.23218,-51.90869,-53.23603,-53.27533,-55.14907,-56.1633,-56.88019,-59.130135,-63.346867,-62.639633,-63.189323,-63.408142,-65.610466,-66.61667,-67.58737,-68.911095,-70.99196,-74.297966,-73.19562,-71.18749
2656,True,-20.323975,-25.397741,-30.43562,-33.257835,-40.036854,-43.750374,-38.780148,-39.79489,-40.874058,-47.458187,-47.545544,-41.581924,-44.146584,-49.731567,-52.721542,-52.17165,-56.39247,-55.743107,-56.922363,-59.123898,-60.158463,-60.44775,-62.68169,-63.80756,-63.427483,-64.33227,-65.61549,-70.21303,-71.21387,-71.85091,-72.12914,-72.3268
2688,True,-21.932325,-25.498865,-31.667542,-31.131378,-33.40602,-40.972477,-41.467888,-40.42561,-40.864243,-44.3425,-47.31344,-39.727245,-45.031105,-48.64719,-53.58937,-55.6948,-56.73279,-55.687775,-57.1744,-60.53217,-59.54811,-62.84286,-64.82873,-65.26788,-62.974792,-65.76541,-68.451866,-69.44757,-72.643074,-74.21432,-72.766945,-72.76089
2720,True,-24.810974,-33.29799,-33.67726,-32.150093,-34.50833,-38.826973,-41.044586,-43.42005,-44.616055,-44.54583,-44.50631,-42.5774,-44.059265,-50.252075,-54.46263,-56.49801,-55.533234,-55.185467,-59.227024,-56.95786,-57.919037,-60.397667,-60.687656,-64.405785,-65.47742,-66.81721,-68.53164,-69.551476,-71.99167,-72.10991,-72.19932,-72.90017
2752,True,-22.005833,-25.854132,-33.72878,-30.084608,-37.47561,-40.433254,-44.83278,-41.265892,-39.794186,-45.83708,-45.678783,-42.367332,-45.925392,-51.344753,-54.575684,-52.25296,-54.285698,-55.614815,-57.693306,-59.477047,-58.32397,-58.835567,-58.000145,-61.075317,-60.730953,-61.679405,-63.91087,-67.00071,-66.496895,-67.37719,-67.389656,-69.42692
2784,True,-25.960976,-29.99202,-33.443916,-26.857727,-33.687042,-42.442062,-45.010246,-40.00959,-44.00505,-43.6084,-43.30056,-43.631607,-45.29362,-48.936047,-52.25556,-53.62742,-55.86041,-58.593525,-58.306885,-56.350018,-58.648476,-62.691467,-61.43419,-63.215904,-63.780243,-65.92027,-66.69382,-69.800186,-69.38987,-70.217354,-71.93635,-72.611015
2816,True,-21.909527,-27.697063,-33.8226,-26.187225,-31.01152,-39.091156,-41.15735,-41.290848,-41.93135,-41.08349,-44.591503,-47.577164,-46.96526,-49.833443,-52.21561,-53.849407,-55.074215,-58.021248,-58.58716,-58.914963,-58.876728,-64.78579,-64.461,-64.67678,-66.24629,-67.50835,-69.149216,-69.99887,-69.463524,-71.755325,-72.20735,-71.768814
2848,True,-22.753553,-24.311266,-30.79135,-27.247332,-34.80623,-41.378586,-40.755745,-37.95998,-40.178524,-43.208855,-47.8403,-45.521282,-47.02739,-49.8262,-50.140385,-52.14374,-55.105167,-56.769135,-58.757896,-64.70842,-63.590553,-63.769344,-64.54766,-66.14001,-66.064316,-67.93458,-70.05176,-70.1734,-70.984184,-74.060356,-73.11139,-72.559555
2880,True,-25.024061,-25.456432,-32.484436,-32.198685,-35.807972,-36.905136,-42.96246,-41.026268,-43.141014,-43.922306,-46.783318,-48.109215,-50.72804,-52.04821,-54.49521,-56.219154,-58.508682,-58.060703,-57.99322,-61.662617,-62.198185,-61.206467,-63.53524,-63.803894,-66.03654,-68.66192,-70.69787,-71.35697,-71.813705,-72.75243,-72.52311,-72.58526
2912,True,-19.049639,-28.503267,-30.56653,-28.459805,-35.301476,-43.62778,-41.31286,-41.01902,-43.871162,-37.677826,-45.29194,-48.811153,-50.108086,-49.58551,-52.46102,-53.38325,-57.704945,-58.418884,-58.776096,-61.914276,-61.0859,-63.413433,-65.976234,-67.37871,-67.88484,-68.678566,-71.07478,-73.12086,-73.12845,-72.48581,-72.57226,-73.16656
2944,True,-18.41647,-24.355104,-30.605276,-35.005825,-39.91473,-41.483986,-44.115784,-40.835415,-39.144333,-34.54599,-49.28202,-49.08501,-47.93258,-53.88655,-56.0605,-55.879517,-55.89,-56.95944,-57.823418,-61.758694,-62.37912,-62.771076,-63.50096,-67.06148,-68.022896,-68.26251,-69.957794,-71.06975,-70.804504,-72.2255,-71.35997,-71.84945
2976,True,-24.26668,-27.10573,-32.13893,-32.35376,-39.129025,-41.021797,-44.98301,-45.805725,-40.97025,-33.511967,-48.45924,-49.344894,-50.00082,-51.30589,-55.44622,-55.53209,-53.242546,-57.21506,-59.4594,-61.002464,-60.28794,-62.673206,-64.84843,-65.8062,-67.23168,-66.090324,-66.12993,-70.27203,-71.011765,-72.04453,-71.793655,-72.1261
3008,True,-22.57996,-27.690521,-29.97208,-32.470013,-37.60414,-42.037827,-41.92745,-44.22817,-41.395325,-35.83147,-46.88935,-47.955173,-46.502804,-52.106003,-53.19706,-52.591446,-56.539436,-57.16473,-57.569393,-57.657173,-58.935936,-63.666916,-64.3319,-65.055244,-66.73624,-69.413635,-70.556366,-72.79074,-72.12752,-72.73455,-72.4391,-72.87129
3040,True,-21.4382,-23.109615,-32.3463,-34.47084,-35.24628,-36.04915,-41.311546,-44.019012,-44.514763,-37.628605,-45.755962,-48.323242,-50.091843,-52.09115,-52.33924,-55.37715,-55.595757,-55.725445,-56.64228,-58.594788,-58.757988,-62.66905,-65.084625,-65.68199,-67.139656,-69.00595,-68.80183,-71.93079,-73.1385,-72.22236,-72.75118,-73.08569
3072,True,-23.000143,-24.538877,-28.768435,-32.03577,-35.184578,-39.10148,-38.780434,-39.781185,-40.665264,-37.6286,-48.39778,-48.93766,-52.385902,-51.379223,-55.131306,-57.263927,-57.58677,-60.063232,-59.583748,-56.591507,-57.6367,-62.53649,-67.881485,-65.87158,-65.33792,-67.88225,-70.73088,-72.383194,-73.71154,-72.91083,-73.08511,-72.767296
3104,True,-18.889221,-24.671417,-31.191923,-33.244606,-39.758144,-44.444168,-43.825577,-42.842354,-43.454185,-41.432438,-45.849957,-44.91545,-51.089195,-53.84953,-51.944527,-55.799328,-55.14549,-59.141167,-59.224945,-59.2596,-59.148502,-62.92189,-66.571175,-69.11084,-68.23319,-68.99382,-69.51434,-72.36089,-71.95714,-73.6193,-73.35245,-72.58274
3136,True,-18.134846,-28.937107,-29.225674,-31.41116,-35.672577,-36.07003,-43.468964,-49.99872,-43.695824,-38.45305,-48.087215,-54.267982,-52.394543,-53.91831,-52.62616,-53.475895,-54.55572,-58.530243,-60.241737,-57.721146,-58.170887,-62.13817,-64.91822,-67.16971,-67.72849,-69.09511,-68.56068,-72.19205,-71.32616,-72.79868,-71.83026,-71.860634
3168,True,-24.404919,-26.97938,-29.273302,-30.862572,-33.79535,-36.444633,-40.531532,-32.1899,-34.11923,-37.994484,-39.825493,-37.188435,-39.718708,-39.497665,-35.76185,-32.71065,-29.506233,-33.915108,-42.838017,-44.594536,-46.222687,-44.97656,-44.662395,-47.941,-45.238937,-41.07064,-38.72768,-40.395794,-29.84194,-28.109524,-32.45004,-34.635754
3200,True,-18.678595,-26.740776,-31.122185,-30.409239,-34.167675,-30.203552,-38.178986,-35.73281,-37.054867,-39.34568,-42.97182,-39.851467,-43.512806,-44.9856,-43.529896,-43.355408,-35.488564,-39.03374,-47.131584,-48.229225,-46.20544,-49.010246,-50.203697,-52.563015,-52.190178,-47.428505,-42.732754,-45.029522,-38.908066,-39.235485,-40.365788,-41.959705
3232,True,-22.560587,-24.870983,-29.634861,-30.016842,-37.632645,-39.766144,-39.731407,-42.54634,-46.50858,-41.169334,-48.617096,-42.088276,-47.268585,-48.983955,-49.260715,-47.55821,-50.204384,-51.854,-55.83091,-56.15735,-54.77375,-54.31331,-57.90606,-57.262897,-58.236374,-57.72722,-54.65254,-55.25156,-47.880283,-47.43488,-51.063953,-52.442856
3264,True,-23.531773,-23.092743,-29.324102,-32.401028,-35.570633,-38.699604,-42.852062,-45.093266,-47.162506,-42.455296,-46.546814,-48.25152,-49.740444,-50.6698,-52.020588,-50.83298,-53.257828,-54.0763,-55.715427,-58.692745,-57.098778,-59.5783,-60.851482,-61.84515,-60.653908,-61.45214,-58.073254,-59.804977,-53.135868,-53.5514,-57.609516,-57.746613
3296,True,-23.681,-29.435808,-35.258022,-33.573177,-41.00605,-39.373814,-41.02535,-46.166157,-43.928375,-40.464256,-48.41866,-45.047516,-50.83776,-51.540886,-52.752815,-54.736176,-50.41267,-53.536133,-57.98468,-61.105423,-59.051674,-61.711746,-64.881775,-66.1839,-64.47296,-62.961956,-60.628853,-62.72636,-56.064587,-58.494854,-61.320953,-61.805717
3328,True,-23.724918,-24.702204,-31.606571,-33.722862,-37.121246,-42.416553,-45.30835,-44.856117,-43.343258,-42.190422,-48.52285,-49.563595,-52.375168,-53.653072,-55.27914,-55.923073,-54.271435,-57.456837,-56.347534,-60.74663,-61.2229,-56.950005,-61.80977,-62.819283,-64.42379,-64.27288,-64.441444,-66.416756,-61.00597,-61.848965,-65.814964,-66.30025
3360,True,-25.186466,-26.981392,-27.64172,-31.991346,-36.309113,-39.85585,-42.57471,-43.83141,-44.82122,-46.459816,-48.30378,-48.354065,-48.001183,-49.945316,-51.970657,-54.096107,-57.9937,-58.481213,-56.970936,-61.246185,-59.111702,-58.69576,-60.459892,-64.10956,-62.667118,-63.907898,-64.21933,-67.52932,-64.00104,-64.38451,-68.037025,-70.15847
3392,True,-26.27631,-25.990381,-33.571365,-33.740837,-38.612743,-42.588684,-45.798058,-44.444,-44.420303,-47.27537,-46.103935,-46.182945,-50.93059,-52.403496,-54.66764,-60.891346,-57.712402,-58.414177,-58.781082,-60.432453,-61.640755,-63.324657,-64.24529,-66.611176,-66.02395,-67.73477,-68.7286,-69.02646,-66.52365,-67.70358,-68.45136,-70.23432
3424,True,-26.231766,-26.815125,-32.81441,-36.106544,-37.59652,-39.89142,-41.95611,-44.64945,-44.9546,-47.389305,-46.689995,-50.007492,-56.53957,-52.042446,-51.085358,-55.230682,-56.372868,-59.00347,-58.924404,-59.70951,-62.378998,-64.725685,-63.52246,-64.827324,-69.23646,-66.48238,-67.17536,-69.91327,-69.327286,-70.06119,-71.65341,-70.85097
3456,True,-21.547382,-27.364197,-32.933548,-38.135563,-44.09371,-44.608192,-41.92398,-44.90112,-46.320335,-44.642532,-46.67009,-45.780914,-52.132187,-51.68671,-53.8434,-54.558777,-57.009808,-59.050713,-60.288406,-62.13189,-65.64719,-67.2285,-67.01031,-66.40381,-68.28801,-69.81348,-69.38682,-71.560814,-71.46241,-70.60392,-71.47574,-71.44767
3488,True,-19.12553,-24.559322,-31.707928,-31.122585,-38.830627,-39.238647,-45.570824,-42.483753,-42.692238,-46.975178,-46.73323,-46.12336,-47.743336,-49.941025,-50.35961,-52.390945,-57.222256,-57.28608,-57.78994,-60.34615,-60.329445,-61.794243,-63.08819,-64.87561,-64.80214,-68.78358,-69.15471,-70.459435,-70.169075,-70.25952,-69.43902,-71.74035
3520,True,-26.949198,-28.300632,-27.570906,-31.790413,-36.371326,-38.16626,-45.7888,-47.067165,-47.45354,-44.45922,-47.63767,-51.110786,-52.85463,-49.955414,-52.081676,-52.671238,-57.069153,-56.44062,-59.413734,-59.838173,-60.282436,-61.504326,-65.25392,-67.580826,-66.10385,-66.94331,-69.42573,-70.76222,-69.84776,-70.078094,-71.21953,-72.30672
3552,True,-20.568474,-25.8359,-30.668552,-31.840372,-36.32193,-39.036285,-43.93644,-45.455627,-43.721,-43.75761,-47.362324,-51.168015,-53.175262,-52.338406,-55.912117,-56.010582,-57.301502,-57.98836,-60.202904,-57.291122,-58.41068,-63.929214,-64.13063,-67.503716,-66.20171,-68.80642,-70.03008,-71.40317,-71.81927,-71.13393,-71.36424,-72.56252
3584,True,-22.512657,-28.712275,-34.779793,-38.10038,-37.80182,-40.411438,-43.998756,-43.211323,-43.908348,-46.45534,-46.001717,-47.56054,-49.461388,-54.38439,-52.62392,-51.4024,-54.91623,-55.807873,-57.347492,-57.297127,-57.512466,-61.173973,-63.040604,-65.77128,-64.64663,-66.46801,-67.17263,-68.08933,-70.530365,-68.57033,-68.735825,-68.88377
3616,True,-21.653034,-27.189062,-28.890228,-33.36111,-37.380413,-42.616524,-42.645683,-46.09875,-47.1436,-46.347157,-49.228966,-49.41873,-50.708885,-52.56778,-55.175766,-55.962204,-56.598835,-57.929195,-59.69044,-56.246292,-56.503223,-60.610638,-62.685947,-63.732414,-64.33163,-66.30977,-68.95455,-68.3702,-70.739,-71.435295,-71.42456,-69.24089
3648,True,-23.516195,-27.579151,-32.883125,-32.775795,-38.92799,-40.194252,-40.884857,-40.735016,-41.5134,-47.865288,-49.23636,-45.841568,-50.687336,-51.075966,-54.73229,-57.567192,-58.274582,-56.133972,-55.371574,-57.09541,-58.819584,-60.66266,-64.50098,-65.22044,-64.64067,-65.54434,-69.93846,-69.70608,-69.609024,-71.18925,-71.6516,-71.2135
3680,True,-29.355396,-28.275537,-32.43424,-38.259727,-39.579517,-43.949284,-46.059784,-43.358566,-44.403767,-47.565002,-49.596603,-49.12693,-54.60913,-54.78415,-54.50299,-55.29974,-56.44302,-56.71535,-59.494766,-57.86139,-58.721825,-63.48551,-65.291534,-64.539085,-65.77968,-66.09148,-67.24476,-67.07469,-68.91992,-69.47522,-70.61021,-71.92396
3712,True,-24.291307,-25.984959,-30.729645,-34.4309,-35.784,-41.90424,-44.001064,-46.920303,-45.75852,-44.126972,-49.80328,-48.492107,-47.98471,-49.997322,-52.067448,-51.258297,-50.76995,-55.59887,-57.25899,-57.02121,-57.35083,-61.033035,-61.899536,-62.53088,-62.1376,-62.78267,-58.172554,-55.9849,-57.143253,-53.2007,-54.425007,-58.833538
3744,True,-27.428616,-24.969175,-28.598648,-33.27186,-38.820683,-42.075523,-46.683735,-49.659546,-46.923336,-46.497837,-50.02743,-51.9386,-53.82955,-53.83483,-52.472378,-53.248665,-53.226143,-57.466095,-59.43354,-57.465126,-57.813904,-62.031548,-60.73678,-63.383118,-61.91726,-62.221928,-61.33378,-59.898453,-61.279915,-59.14484,-59.469913,-64.4077
3776,True,-22.61675,-27.640352,-30.976871,-35.141777,-35.75482,-42.17816,-44.222572,-45.76933,-45.841125,-49.874157,-50.282307,-47.428165,-49.078453,-51.85264,-53.189972,-53.489605,-53.78798,-58.299835,-57.347073,-54.20861,-55.229076,-60.33658,-62.755272,-63.724655,-62.358047,-62.04087,-64.16166,-64.50883,-64.850784,-65.08245,-64.89728,-69.73143
3808,True,-24.404581,-27.557552,-27.499258,-30.053827,-35.98888,-38.480774,-39.673454,-47.50566,-47.89653,-45.964157,-48.37005,-50.497364,-51.672573,-53.204033,-52.61652,-54.14399,-56.02162,-56.77681,-55.96451,-54.363346,-55.134712,-61.93033,-62.361454,-66.63796,-64.8207,-66.28261,-66.06178,-66.26738,-67.40746,-67.94505,-70.53573,-72.3162
3840,True,-25.55761,-29.305113,-33.741806,-34.732853,-36.62906,-41.3284,-43.473305,-48.125153,-44.935448,-43.756836,-46.246944,-47.813995,-51.000504,-52.582344,-52.840965,-51.833855,-53.775185,-55.39335,-57.951145,-58.992496,-60.533646,-62.392265,-62.27934,-66.91251,-67.209595,-65.957886,-68.20698,-70.04669,-71.36961,-70.985115,-71.09759,-71.89999
3872,True,-18.637848,-24.358835,-29.938555,-30.213678,-38.005196,-37.502388,-43.32367,-43.587055,-42.805847,-44.68931,-43.938606,-46.44732,-48.78115,-48.177532,-52.798313,-54.825977,-55.10183,-55.92526,-54.59735,-57.550713,-56.578182,-59.715347,-61.732784,-63.006226,-65.02511,-66.081635,-66.398155,-68.80241,-70.92383,-71.27109,-71.108734,-72.73328
3904,True,-22.262348,-22.702621,-30.303196,-33.080048,-37.63923,-40.308033,-44.63499,-44.953934,-45.09452,-45.119156,-46.737328,-47.029118,-47.46129,-47.760242,-54.0193,-56.094536,-57.059875,-56.49356,-59.528763,-56.549038,-56.42721,-61.15875,-65.09561,-65.1659,-65.44178,-68.061424,-69.31299,-69.57483,-70.55642,-72.04683,-72.466675,-71.45928
3936,True,-18.629854,-26.118277,-33.22135,-34.03253,-40.201946,-42.726593,-40.14749,-46.52275,-42.920715,-43.439484,-46.944366,-49.096733,-50.723915,-51.847595,-54.92233,-54.544983,-55.66823,-54.881954,-54.469814,-55.823956,-55.706245,-62.9192,-65.71843,-66.08778,-68.38212,-68.02317,-71.595505,-71.20997,-70.25207,-72.556496,-72.329315,-72.497604
3968,True,-18.407501,-27.067583,-31.269285,-36.68283,-41.69744,-42.047386,-44.793087,-43.65042,-45.79261,-45.70221,-45.68117,-47.739388,-49.085762,-54.82505,-55.116043,-56.180046,-54.81832,-53.540924,-56.248455,-61.858727,-62.46509,-62.344437,-64.51014,-65.40736,-68.3075,-69.42595,-70.76736,-70.97616,-73.15061,-72.947685,-72.77058,-73.81199
4000,True,-23.364677,-26.911966,-31.762983,-35.73558,-40.840866,-40.60348,-45.20405,-46.356426,-42.510048,-45.45291,-52.047554,-50.873367,-51.083523,-53.106934,-50.836617,-56.957138,-55.150867,-55.759933,-57.835487,-57.166996,-58.37198,-62.649857,-65.30776,-65.798325,-66.12619,-68.788895,-69.212234,-70.33363,-69.621574,-69.65354,-71.07991,-72.734
4032,True,-21.870216,-23.416864,-30.331097,-33.19404,-38.106155,-42.734722,-41.594307,-44.744034,-45.173374,-44.963425,-46.54039,-44.3488,-45.255165,-50.465927,-50.817455,-52.9369,-56.066555,-57.439575,-58.549713,-59.992134,-62.47703,-63.077118,-64.04472,-65.841255,-66.51078,-67.71397,-69.043625,-70.12793,-70.85197,-73.45866,-73.27793,-73.23071
4064,True,-25.098188,-27.83506,-28.82806,-33.16244,-37.41603,-35.817913,-40.52753,-41.034245,-44.020992,-44.679977,-47.611465,-41.765495,-43.798164,-49.796066,-51.111126,-51.667576,-52.2638,-57.276558,-58.438164,-59.656334,-62.070915,-61.194748,-60.29573,-64.641556,-66.00593,-67.91592,-68.07412,-67.62836,-69.00383,-69.485435,-70.28457,-72.440125
4096,True,-19.051569,-29.947977,-35.989487,-33.7184,-37.385754,-39.2806,-43.841286,-44.889603,-44.561653,-42.327477,-45.85053,-45.16296,-49.25231,-50.271423,-52.52846,-51.703663,-53.302467,-57.88635,-55.440964,-58.804707,-61.53807,-59.252632,-58.423378,-62.29855,-63.08489,-65.80209,-66.59862,-66.66005,-67.08946,-67.52358,-67.83625,-72.157486
4128,True,-19.138897,-30.147247,-32.67628,-32.843563,-39.885487,-42.4687,-42.860893,-42.488777,-45.34896,-46.636086,-47.697605,-44.682198,-46.840645,-48.644276,-50.01196,-51.26397,-53.00417,-55.28944,-56.62197,-60.311745,-60.197395,-58.393623,-60.88604,-63.144913,-62.42899,-65.181816,-67.79644,-66.75444,-67.364204,-68.51297,-69.67956,-71.35684
4160,True,-18.98085,-26.73985,-31.184937,-29.86967,-34.62852,-39.148544,-39.242405,-48.065918,-46.898117,-42.75657,-42.055965,-46.77472,-50.203835,-54.13815,-51.990723,-52.581764,-56.49074,-54.292206,-54.963882,-59.42831,-57.085068,-55.99367,-54.38312,-59.59829,-59.54146,-56.172462,-58.68038,-64.108246,-66.27836,-68.496216,-69.366066,-70.56946
4192,True,-23.304943,-25.626432,-29.836939,-32.440704,-37.3691,-41.09826,-42.090996,-46.86534,-47.34857,-43.38005,-47.55372,-44.532055,-46.767143,-51.48689,-52.721096,-51.740936,-54.71024,-55.176373,-57.63205,-58.827057,-56.47422,-59.730267,-62.223587,-62.36286,-60.71872,-57.652973,-60.853493,-66.31061,-68.467545,-68.0667,-68.20192,-71.505035
4224,True,-22.75881,-29.688997,-29.81883,-32.205093,-41.213108,-41.05541,-42.192844,-46.95354,-47.09888,-43.866653,-45.456425,-44.761047,-46.765778,-52.731052,-54.680634,-53.475655,-58.29889,-59.41725,-60.526894,-59.244305,-59.070625,-61.357018,-63.058403,-64.041245,-63.66036,-65.20127,-65.74101,-68.86754,-68.3051,-67.50049,-68.62343,-71.93124
4256,True,-22.331802,-23.664192,-29.64589,-30.313293,-35.43532,-35.29134,-38.167522,-36.605515,-36.468346,-39.634228,-41.279697,-37.838993,-40.512367,-42.889744,-38.53158,-35.811394,-33.20225,-37.923183,-46.85975,-47.106937,-48.215324,-46.73571,-48.035973,-52.88101,-48.346615,-43.18356,-39.966766,-40.435886,-34.270092,-34.46713,-35.949814,-37.860977
4288,True,-20.996359,-26.298157,-31.507278,-33.18673,-35.214077,-27.470345,-34.119507,-32.610054,-34.05125,-36.14421,-39.097466,-36.410793,-40.521797,-43.35615,-42.64114,-39.99615,-34.205517,-38.013046,-46.62475,-46.982346,-43.744205,-45.87564,-47.102463,-50.97555,-49.55378,-43.159653,-37.257263,-39.652184,-36.33718,-36.858517,-37.52255,-38.28117
4320,True,-21.766342,-29.731205,-32.190105,-33.02494,-35.307182,-36.402912,-39.42538,-40.97528,-42.061058,-41.848763,-46.38272,-46.944347,-43.742035,-43.528687,-49.41571,-45.811447,-47.59724,-49.737247,-49.123444,-52.88269,-53.899193,-51.331047,-53.2789,-57.40735,-56.677383,-53.31081,-52.081837,-54.10414,-48.35277,-48.39399,-50.62706,-50.471893
4352,True,-23.021221,-26.618313,-32.60304,-34.618156,-38.006634,-39.76811,-38.603035,-38.874863,-42.888878,-43.944054,-43.141724,-45.068436,-46.98044,-45.36202,-49.614357,-50.55149,-53.515125,-50.879074,-51.868378,-53.29605,-56.32126,-55.923866,-56.54844,-58.672096,-58.537746,-59.224884,-54.59738,-57.672123,-52.735924,-52.648907,-55.733383,-58.07852
4384,True,-20.110535,-25.917261,-31.456861,-31.706144,-40.719715,-38.8485,-42.066788,-44.62954,-43.741306,-39.35456,-43.215904,-44.74113,-45.14551,-46.555107,-49.258648,-50.765137,-50.411316,-52.67154,-56.66221,-55.873383,-55.657143,-60.235363,-62.113766,-62.33451,-62.900826,-61.80195,-57.787964,-60.33054,-57.033924,-57.29217,-58.940296,-62.102398
4416,True,-26.326124,-31.056269,-33.29335,-34.57969,-39.275787,-39.954872,-40.36142,-42.993576,-45.69075,-39.347633,-42.016823,-44.242645,-49.035107,-49.2735,-48.64863,-51.90407,-50.789852,-52.71542,-53.55436,-56.46517,-57.400948,-56.63086,-56.367264,-61.68993,-62.820854,-63.886295,-63.25207,-64.87426,-61.5997,-60.48388,-62.284294,-65.91628
4448,True,-24.81836,-30.295506,-32.68047,-31.194042,-34.374474,-38.764416,-40.335495,-45.6213,-47.51007,-43.057312,-42.232357,-44.123466,-45.67911,-48.310066,-49.3954,-54.594822,-53.614292,-52.907166,-53.999542,-56.698383,-58.215607,-59.668976,-60.74063,-62.400112,-64.99009,-64.399765,-62.202972,-64.09992,-62.652374,-62.883125,-65.631935,-68.15904
4480,True,-23.934202,-32.51623,-30.903349,-29.770163,-33.862606,-40.982166,-41.72739,-41.586838,-46.008972,-40.733185,-44.42788,-45.272007,-48.330936,-52.356777,-49.566833,-50.883335,-55.73629,-53.693634,-55.02896,-56.216816,-57.187187,-58.38083,-60.484756,-62.090553,-62.27008,-67.067024,-67.64752,-68.90129,-66.952835,-66.901505,-69.18542,-70.73878
4512,True,-18.888248,-26.64272,-34.33796,-30.516787,-38.732586,-42.20991,-43.729248,-43.203373,-48.894257,-46.001083,-45.121914,-46.918587,-50.287205,-50.07602,-50.476906,-50.618866,-53.226997,-57.7386,-57.444733,-57.402058,-58.932613,-57.821693,-59.247036,-62.241577,-62.05928,-65.52095,-65.23917,-67.27034,-68.19185,-67.75845,-70.00948,-72.76073
4544,True,-20.957493,-25.54131,-33.082443,-33.86641,-36.658127,-38.828793,-41.697002,-46.90893,-46.922684,-44.111397,-45.925484,-47.257904,-46.815243,-48.2694,-51.60459,-53.93312,-56.437107,-56.23394,-56.429058,-58.14914,-59.394756,-61.045326,-63.54773,-62.687057,-64.45093,-66.895424,-68.941986,-69.75418,-69.36751,-69.91387,-70.70759,-71.22774
4576,True,-24.842625,-24.498064,-30.883024,-33.942734,-33.674194,-36.61929,-40.17613,-41.518852,-43.092987,-42.375637,-48.168617,-49.589314,-51.136086,-51.344635,-49.41706,-51.249573,-54.328476,-54.4999,-56.864697,-58.823875,-59.118927,-60.39209,-62.255722,-65.56171,-66.18608,-68.51268,-68.29059,-71.241875,-71.39923,-71.24641,-72.29825,-72.60832
4608,True,-24.806223,-24.508114,-32.009605,-33.54944,-36.073307,-40.445236,-40.808025,-39.041973,-44.74105,-41.591545,-47.481064,-49.591682,-49.236153,-51.59466,-49.78714,-55.824005,-55.821796,-56.26264,-55.567924,-56.73195,-56.3092,-58.866623,-65.277664,-65.58479,-66.07333,-67.564896,-69.21395,-71.8215,-72.18342,-73.05866,-72.61124,-71.594376
4640,True,-23.903183,-23.153332,-30.9359,-31.672443,-34.692303,-39.54848,-42.76413,-43.11787,-46.346184,-44.416153,-43.093815,-46.538506,-53.07661,-53.205265,-47.915756,-54.05854,-55.383804,-56.176826,-58.01395,-52.002167,-52.441715,-59.938667,-63.74988,-64.25395,-65.041916,-68.07342,-69.97778,-70.521545,-70.76804,-71.20715,-73.06283,-71.81983
4672,True,-24.223114,-26.73187,-31.026104,-28.970556,-34.351273,-40.013767,-40.734596,-43.42784,-45.439384,-40.675186,-44.483322,-45.233055,-49.905834,-50.991863,-51.90412,-54.513382,-55.89592,-55.660435,-62.40853,-52.17778,-52.478394,-61.508316,-65.68897,-65.89665,-64.47901,-66.8244,-70.66744,-66.67039,-66.68418,-66.27958,-66.70356,-60.954517
4704,True,-23.492142,-27.82182,-32.854237,-29.581081,-34.86241,-39.024815,-43.926853,-40.808674,-40.622566,-39.152943,-46.562004,-48.947197,-48.564377,-50.302525,-51.760868,-56.56773,-53.910122,-55.122467,-56.305115,-55.058716,-56.09577,-59.564854,-64.64335,-65.38072,-63.982086,-65.76428,-68.15518,-67.66488,-65.30671,-66.06142,-70.12393,-65.96731
4736,True,-26.732388,-25.93767,-32.673397,-34.152603,-38.634216,-41.29971,-41.83155,-40.52544,-43.433334,-38.87021,-44.961926,-46.164593,-53.725353,-54.04477,-52.999687,-54.708286,-56.31535,-56.31328,-56.012997,-56.004578,-57.765526,-59.96963,-62.177563,-64.34612,-63.89985,-67.65918,-67.497375,-70.70255,-69.060356,-70.09714,-71.24389,-70.428566
4768,True,-20.020678,-23.084656,-32.902206,-28.924454,-34.499386,-40.569878,-42.626625,-38.93553,-42.332455,-40.20089,-47.88567,-43.1727,-47.933125,-51.53376,-49.043724,-57.060204,-56.48427,-56.780037,-56.857185,-55.73847,-56.99776,-60.433968,-64.60474,-64.861565,-65.05135,-67.204155,-69.45326,-70.000336,-69.95049,-72.06462,-72.74079,-72.52118
4800,True,-22.211363,-25.496046,-30.344484,-26.63225,-37.474243,-40.644882,-39.3275,-40.13988,-44.714867,-41.08506,-44.773643,-49.181065,-53.485546,-49.09497,-51.450066,-52.749588,-49.560986,-53.314404,-58.162285,-57.52956,-59.90178,-59.74917,-60.951134,-65.14787,-61.951927,-60.34649,-57.248215,-55.673668,-55.805775,-52.288956,-54.124672,-56.99709
4832,True,-28.168371,-26.040174,-28.050127,-27.38935,-36.95963,-40.531235,-43.124012,-41.309822,-41.82323,-44.53897,-50.077938,-41.917645,-46.71353,-50.5539,-51.14029,-52.624508,-54.75457,-56.71555,-60.03447,-61.730278,-60.526596,-59.38289,-60.48924,-65.84565,-64.59731,-64.697235,-65.031845,-65.15309,-64.993256,-61.52521,-62.98207,-65.45638
4864,True,-24.261028,-24.672968,-30.465794,-28.861412,-33.79167,-40.291462,-39.850433,-39.301094,-44.53322,-44.72155,-49.013176,-45.803127,-50.992943,-51.843285,-51.209293,-53.09544,-53.30591,-54.441242,-57.364048,-58.64056,-58.484913,-63.31207,-65.78479,-65.683556,-65.05544,-65.80684,-67.3235,-69.86268,-68.34467,-67.39177,-69.52123,-71.94671
4896,True,-21.625021,-23.365574,-31.34185,-32.326656,-37.513214,-37.535973,-42.553486,-41.765232,-42.665497,-39.51899,-48.55743,-46.697548,-50.149265,-47.711006,-50.367104,-52.12488,-53.980183,-56.124565,-57.548004,-62.461475,-62.56874,-61.29997,-61.520317,-64.83097,-64.84096,-66.80318,-69.05005,-70.63208,-70.9285,-69.236145,-70.020485,-71.70857
4928,True,-28.77269,-26.243284,-31.096378,-33.204445,-41.225475,-42.913013,-40.916054,-43.178604,-43.151745,-45.54476,-47.242657,-50.985092,-47.74712,-46.840397,-52.50149,-53.268005,-55.79349,-58.11872,-58.07898,-62.89086,-61.74004,-63.886314,-63.77995,-66.48976,-67.05656,-68.09308,-68.78768,-68.444145,-70.58988,-71.15363,-72.489334,-73.172646
4960,True,-24.841976,-26.133606,-31.881035,-34.410866,-39.776543,-39.93598,-42.46111,-43.62632,-41.036163,-43.93198,-46.1997,-50.20725,-50.10189,-46.638054,-49.935192,-51.939884,-54.255753,-54.925343,-59.244137,-59.739017,-60.21317,-61.820267,-62.724846,-64.800705,-64.62436,-63.426064,-66.48096,-67.855865,-67.909134,-65.7397,-67.94901,-70.58991
4992,True,-24.908884,-26.273718,-30.719631,-36.492043,-34.788372,-37.947685,-44.869457,-43.891632,-44.3589,-41.97691,-44.304024,-49.718365,-47.753223,-43.077564,-50.513767,-52.107353,-52.677532,-58.44771,-61.3271,-58.048595,-60.21582,-64.74063,-65.40939,-67.184204,-65.363815,-66.39026,-68.981316,-70.96558,-71.73622,-68.365234,-69.09709,-70.95671
5024,True,-24.298155,-25.094156,-32.06717,-32.180096,-38.12767,-38.673256,-43.146458,-43.493874,-43.367706,-43.6752,-46.507984,-49.27559,-46.916054,-48.712837,-52.529167,-51.453087,-51.109924,-54.678177,-55.583855,-59.631447,-61.27995,-60.83488,-62.872463,-62.884895,-64.78079,-64.68338,-64.78343,-64.93291,-69.44586,-66.5601,-62.983364,-59.93204
5056,True,-20.98904,-30.1111,-35.295914,-32.38435,-37.01904,-38.394863,-42.62487,-41.003853,-47.13104,-47.835125,-46.27894,-45.79251,-44.545235,-50.297665,-50.88881,-49.693356,-51.720028,-53.077103,-56.0544,-59.154198,-60.363693,-60.655144,-63.608627,-63.43621,-64.95414,-67.76712,-69.2307,-69.09665,-70.22802,-71.15109,-68.99894,-67.03701
5088,True,-23.229895,-25.59473,-32.803654,-28.377342,-35.013847,-41.47744,-41.124428,-38.27875,-44.889645,-45.91955,-46.84793,-46.130405,-50.29159,-47.614666,-46.264843,-47.854427,-51.894806,-55.688213,-58.786255,-60.312386,-62.83062,-62.13141,-63.871193,-66.24959,-67.19148,-69.62193,-71.36722,-72.02851,-70.049614,-72.137985,-71.532425,-71.9863
5120,True,-21.978928,-23.480846,-31.235004,-28.268532,-35.4487,-38.384914,-42.950768,-41.799335,-45.21768,-47.98108,-45.836792,-46.54553,-47.356945,-46.847755,-48.852077,-51.886276,-54.121662,-59.506958,-61.54738,-61.424767,-60.945053,-62.135635,-63.850426,-65.89926,-66.28005,-68.539505,-69.125114,-71.848114,-71.826355,-73.307755,-73.68312,-71.12013
5152,True,-22.579453,-24.117258,-33.023964,-29.591362,-38.140747,-39.01913,-42.559875,-41.802956,-43.80734,-46.36113,-47.0116,-48.211823,-47.829777,-48.885994,-51.256065,-52.525284,-53.381,-54.736443,-59.01709,-56.756943,-59.642303,-61.04572,-64.19734,-65.03417,-65.788704,-67.32997,-68.48158,-70.68358,-69.74647,-70.18602,-70.51288,-70.96793
5184,True,-25.19657,-24.73462,-36.350357,-30.040539,-42.552067,-42.553093,-42.48055,-43.271774,-44.687275,-45.953045,-47.439064,-46.012695,-50.319485,-47.581398,-48.486412,-49.79305,-54.54575,-56.06619,-58.79929,-60.00549,-59.225594,-60.03575,-65.03844,-65.261696,-68.19427,-67.07372,-69.27168,-69.33284,-68.59804,-70.96229,-72.3351,-72.198524
5216,True,-22.769403,-23.752094,-32.22448,-32.968994,-40.602745,-39.86205,-41.26336,-46.80973,-47.515648,-46.11721,-47.772045,-45.673027,-47.7532,-49.350044,-51.1643,-52.0097,-54.641033,-58.69854,-56.481117,-61.386353,-61.02011,-60.942726,-62.848774,-64.54177,-67.22269,-67.87888,-68.70927,-69.36392,-70.336136,-70.340256,-72.25531,-72.88837
5248,True,-19.53962,-24.264309,-32.373795,-29.849117,-35.215107,-39.9236,-43.350594,-40.981335,-40.47679,-42.57977,-46.261063,-49.079063,-49.444027,-50.212616,-52.30356,-52.880154,-54.59313,-53.315807,-58.555584,-59.663773,-61.420437,-61.906944,-64.172676,-65.16746,-65.41674,-65.991165,-68.12511,-71.04518,-69.43797,-72.60117,-73.0403,-71.33366
5280,True,-19.955103,-27.1063,-31.509914,-33.10579,-34.519814,-38.170254,-42.72238,-40.707733,-47.44536,-45.905853,-45.328506,-47.73745,-46.28063,-44.713425,-48.625954,-50.341396,-51.962894,-53.960632,-57.778152,-58.61828,-59.719284,-60.101326,-64.22449,-66.315506,-64.73601,-65.857155,-68.32973,-68.088295,-69.3647,-69.281166,-69.573784,-71.48475
5312,True,-23.165756,-23.658443,-29.107994,-29.8429,-38.42656,-39.88623,-42.56001,-41.11888,-46.238983,-46.788017,-49.16189,-46.175076,-46.930218,-49.332832,-49.630054,-53.109375,-53.660965,-53.96743,-59.770603,-54.36022,-55.22884,-58.563007,-63.43012,-67.62021,-66.84215,-68.43427,-70.38536,-72.2682,-71.49412,-71.17944,-72.37973,-72.23359
5344,True,-29.006054,-29.187122,-30.44937,-27.730782,-36.854702,-37.44048,-41.32898,-40.282433,-45.538006,-48.78618,-45.959023,-44.44548,-46.414856,-47.620583,-47.65898,-47.358856,-47.682983,-51.53129,-54.52354,-55.208603,-55.123283,-58.525738,-60.465683,-64.56811,-64.46286,-61.635185,-63.86484,-58.10446,-50.78206,-47.920982,-50.880844,-52.84844
5376,True,-25.61485,-24.752304,-31.010199,-28.46116,-34.61001,-28.627224,-33.201553,-28.90537,-31.909046,-35.815598,-37.646706,-34.902035,-37.10112,-38.41393,-35.790188,-32.844296,-29.36131,-33.440815,-43.560196,-43.38635,-43.02075,-43.94253,-43.17913,-48.32576,-44.8901,-41.67389,-37.66405,-35.336693,-28.652838,-29.223166,-31.835228,-33.4055
5408,True,-24.152052,-27.322544,-31.100702,-25.92536,-36.437088,-31.358784,-39.54826,-37.301754,-41.875576,-44.827637,-45.947933,-42.594368,-49.59345,-46.97479,-47.04219,-48.68342,-43.736412,-47.828693,-53.18258,-55.426155,-53.29964,-53.30725,-54.93561,-57.797844,-55.820274,-55.86983,-51.548824,-50.27561,-44.121586,-46.860764,-49.534904,-49.38335
5440,True,-22.18457,-27.823689,-33.246174,-24.725487,-36.5562,-40.0193,-39.30871,-40.70043,-45.9976,-43.40898,-45.40312,-46.059288,-46.7517,-46.59185,-46.05938,-49.89366,-51.22924,-51.722702,-55.243576,-57.1006,-57.18991,-55.15364,-59.83345,-60.288216,-59.597717,-61.063694,-58.845726,-56.99593,-50.33043,-51.38566,-54.42077,-56.366962
5472,True,-20.158257,-23.701183,-30.043156,-26.02288,-34.341614,-39.95703,-41.168995,-41.329025,-42.9076,-45.089058,-45.85443,-43.14843,-46.53678,-50.432846,-50.997906,-51.290134,-51.818317,-55.25221,-56.21921,-56.975983,-57.369003,-59.048416,-61.434044,-64.049446,-62.40976,-63.234795,-61.316917,-58.842777,-56.05918,-56.8473,-59.2023,-61.07719
5504,True,-23.403578,-26.128595,-29.139307,-33.089592,-39.102917,-38.294857,-43.31673,-40.738342,-40.330643,-45.11463,-49.60854,-48.36541,-50.2916,-49.738358,-51.63773,-53.17726,-54.05878,-56.064514,-56.773956,-55.90019,-56.564182,-59.10662,-63.13122,-64.24327,-63.34908,-65.73571,-64.34704,-63.61408,-58.827267,-61.432648,-63.34829,-64.356964
5536,True,-26.838675,-25.09806,-32.9778,-31.509554,-41.084114,-43.10347,-43.340004,-38.574036,-42.454155,-38.792576,-45.12222,-44.46951,-47.26995,-51.319954,-49.36171,-54.06868,-54.87308,-56.52207,-57.996525,-59.382294,-59.21005,-61.18607,-63.403275,-64.24417,-64.32315,-64.45674,-65.127495,-64.48919,-63.222404,-63.011032,-65.32441,-67.27629
5568,True,-26.535074,-25.12992,-32.153164,-27.898466,-36.47317,-36.74257,-41.067932,-41.269234,-48.5083,-47.74832,-43.479805,-45.800148,-48.166615,-48.510246,-51.009155,-51.733166,-51.059074,-52.562843,-55.807564,-59.26606,-61.388084,-61.584213,-60.116695,-61.183186,-61.10109,-64.23801,-62.9497,-63.70684,-62.73001,-62.50221,-62.572227,-62.539135
5600,True,-26.647646,-28.869225,-34.903076,-30.918327,-35.40678,-39.2824,-41.52651,-40.56981,-43.051704,-45.68399,-45.803066,-48.310326,-49.210075,-53.482876,-52.371925,-50.636734,-53.831486,-57.242813,-59.379177,-60.21996,-60.26751,-63.424294,-65.86552,-63.86538,-61.836437,-64.96061,-66.49265,-66.963486,-64.62163,-66.31743,-66.812195,-67.25775
5632,True,-23.307981,-31.41898,-34.385986,-35.443848,-41.852997,-45.24679,-44.563034,-38.140255,-41.67826,-43.50918,-47.18527,-47.86374,-47.877445,-49.08689,-51.121887,-52.568836,-56.246853,-57.143883,-57.819237,-56.757477,-58.50682,-62.220123,-64.41801,-62.409195,-63.540764,-67.160446,-68.0049,-70.42889,-70.69076,-70.69258,-72.1671,-73.12973
5664,True,-22.665625,-27.866493,-32.119125,-27.317474,-35.25404,-41.15226,-43.22289,-42.454792,-46.274437,-46.340965,-47.26745,-45.17963,-47.23274,-49.560352,-54.060722,-52.050014,-54.161736,-56.371956,-57.567245,-58.99987,-61.33072,-62.96058,-64.05867,-63.87413,-65.294876,-66.405205,-67.023346,-68.74671,-71.123764,-71.687805,-70.92633,-70.78034
5696,True,-21.166945,-24.565527,-34.108437,-28.150175,-35.384132,-41.59739,-42.689358,-41.51088,-42.282948,-39.973415,-46.48953,-42.893433,-45.051743,-48.660995,-51.576633,-51.432106,-53.879856,-54.608498,-58.009804,-58.8574,-59.974613,-57.36101,-61.301323,-62.791267,-63.495106,-66.329254,-66.944725,-68.06052,-68.56792,-68.29958,-68.30644,-70.7933
5728,True,-24.21996,-24.251377,-30.914455,-30.13868,-36.245705,-40.09526,-40.469376,-38.8077,-42.352448,-45.633945,-45.16063,-43.733047,-45.412308,-48.22233,-49.652275,-50.91172,-54.235897,-56.187004,-58.380676,-58.41977,-61.700745,-60.37995,-62.69188,-65.59586,-65.83951,-65.07772,-65.59168,-67.421646,-70.18806,-71.23941,-72.19627,-72.00553
5760,True,-21.34029,-19.652979,-30.641045,-31.644964,-35.74714,-41.435173,-40.42931,-39.58198,-46.322666,-45.786003,-47.142185,-43.50145,-45.745274,-52.15863,-53.917126,-50.58035,-52.948982,-53.240658,-57.660217,-60.298843,-62.06261,-59.43569,-61.696045,-64.950905,-64.73524,-66.90831,-67.459885,-68.10319,-72.211075,-74.18327,-71.26338,-72.28769
5792,True,-22.549429,-23.58902,-32.466934,-26.763239,-34.324608,-37.00062,-40.929703,-38.97821,-40.60692,-41.013584,-46.576744,-44.79511,-46.271767,-52.023254,-50.68726,-55.744766,-57.2778,-57.538074,-61.495758,-60.29966,-60.259193,-62.813316,-64.97344,-64.28782,-63.78064,-67.1951,-68.5077,-71.25286,-71.2447,-72.0746,-73.59544,-72.38974
5824,True,-21.775826,-27.460209,-33.178104,-26.85262,-36.438225,-38.91524,-40.02338,-39.300133,-40.906036,-43.435257,-43.341682,-43.91387,-48.22798,-51.23032,-49.66794,-50.860268,-56.06835,-58.005913,-59.488274,-59.541286,-63.039047,-62.98138,-63.00358,-64.60232,-64.85967,-68.238464,-68.67763,-71.279045,-72.40928,-73.764885,-71.71908,-72.67024
5856,True,-22.223728,-23.903145,-31.746405,-29.07232,-35.115383,-43.066093,-38.41255,-38.473083,-41.24252,-45.83099,-47.661354,-47.603813,-47.89769,-48.7982,-54.033386,-51.0662,-56.53833,-58.854794,-55.974556,-58.60338,-62.709408,-62.316822,-63.564037,-65.36412,-66.67296,-65.54572,-66.27227,-65.33492,-69.80864,-69.343025,-70.5685,-73.1391
5888,True,-25.937922,-28.2681,-30.318062,-33.872406,-37.52928,-40.533745,-42.134205,-36.767567,-38.877342,-41.02401,-43.63453,-44.831375,-45.84875,-51.97442,-52.478107,-51.472782,-52.9818,-58.45488,-56.54427,-60.953403,-61.19313,-63.23105,-63.947052,-63.612423,-64.45689,-62.90531,-63.002316,-60.7756,-59.756233,-55.354523,-58.50125,-60.281788
5920,True,-23.877172,-24.798555,-31.84865,-31.474129,-41.15161,-36.161938,-41.56988,-41.85348,-42.002983,-43.794746,-45.135445,-43.51705,-45.30336,-52.02632,-51.91723,-54.50293,-52.427254,-56.705383,-60.478153,-59.104675,-59.49118,-62.07798,-63.0113,-62.211185,-59.635426,-61.139866,-59.65068,-54.966904,-54.821007,-49.39331,-53.199657,-58.146477
5952,True,-24.769928,-28.385338,-31.641563,-28.334671,-33.795273,-38.370014,-39.019028,-42.912025,-42.100754,-44.69603,-44.650146,-46.97091,-47.381214,-51.1949,-53.16332,-54.560814,-53.75387,-52.93669,-52.70894,-58.77662,-61.518913,-61.04629,-62.447544,-65.363914,-62.839165,-67.55739,-67.83789,-67.96863,-68.1067,-50.958637,-57.633408,-69.65261
5984,True,-27.42009,-25.166054,-31.211658,-31.065275,-34.94204,-41.73445,-45.366665,-41.212646,-39.78147,-41.62504,-44.962887,-43.923218,-44.380245,-46.923252,-50.256344,-56.95265,-54.3594,-55.041546,-55.99736,-56.708073,-56.484585,-60.006603,-65.01539,-67.655106,-63.59749,-65.43427,-67.46214,-69.19032,-69.70704,-54.750046,-60.929176,-72.40066
6016,True,-27.902218,-26.739721,-32.209576,-28.366615,-31.636848,-37.819874,-42.585327,-36.910416,-36.501522,-38.174713,-46.813072,-50.85824,-45.742588,-48.68133,-49.05694,-53.040512,-56.400776,-56.745506,-55.891785,-55.82735,-56.408077,-59.92647,-60.245518,-61.90977,-64.94875,-66.40459,-69.574844,-69.41112,-70.56439,-52.641644,-58.56475,-72.851
6048,True,-25.495253,-26.191835,-30.556728,-27.68627,-34.403214,-36.086422,-38.644978,-37.538128,-39.72805,-39.18923,-47.68875,-50.577717,-46.243748,-48.82202,-51.145187,-51.82732,-54.653534,-56.72075,-56.71212,-54.814682,-55.5679,-59.111984,-63.67104,-64.463295,-64.73172,-64.74953,-68.70677,-69.64722,-69.06743,-50.379314,-56.6538,-73.362495
6080,True,-23.308256,-25.719212,-30.85164,-28.922005,-35.705105,-37.73055,-36.800735,-41.18475,-40.038776,-36.98133,-44.94992,-46.489456,-46.714462,-46.463886,-49.319916,-50.828735,-52.566383,-57.500973,-54.708,-56.365337,-56.479225,-61.241604,-61.657852,-63.746906,-65.68757,-66.1226,-66.33155,-69.19778,-70.40563,-62.695343,-65.67452,-69.21884
6112,True,-24.058352,-25.348501,-29.69434,-33.031803,-35.345963,-39.17985,-40.45551,-38.359142,-36.369884,-39.000935,-48.638626,-47.550655,-46.67259,-47.79042,-52.00458,-49.356228,-52.356995,-58.404102,-53.12759,-56.647762,-56.98358,-60.03196,-61.41155,-63.850822,-64.72722,-65.273155,-66.47225,-67.954506,-69.95059,-60.679035,-65.66501,-69.95299
6144,True,-25.69926,-28.890562,-30.663393,-29.52508,-34.27268,-40.038445,-40.06047,-39.543808,-36.73661,-40.15234,-49.85004,-49.691246,-44.67752,-46.40348,-50.25498,-50.58352,-53.31986,-53.74742,-55.254135,-55.755188,-56.009285,-60.23167,-61.24853,-63.792347,-63.242935,-66.98164,-68.0866,-69.04656,-70.663895,-66.02347,-70.05318,-70.38225
6176,True,-21.78569,-23.768932,-30.062265,-30.19836,-33.688858,-38.344578,-40.735134,-40.136356,-38.39393,-36.331024,-44.537285,-46.49088,-47.55051,-51.952713,-54.746365,-53.343742,-57.47002,-56.186172,-55.478302,-56.22947,-56.180973,-59.49701,-63.350063,-63.860184,-65.74065,-67.345726,-68.932556,-70.14875,-70.70271,-65.57807,-69.99952,-73.43173
6208,True,-25.854074,-28.838017,-32.09327,-30.538177,-33.640522,-37.140186,-45.13529,-44.36981,-37.205986,-39.431293,-44.365612,-46.344727,-47.943344,-50.78609,-49.459633,-50.07498,-56.10238,-54.744637,-55.46156,-56.408028,-57.255814,-61.215076,-62.75453,-61.567757,-63.37757,-64.32466,-68.2113,-70.54407,-70.915504,-68.40254,-71.494835,-72.75536
6240,True,-24.665657,-26.361609,-33.947636,-32.28951,-32.42429,-39.730816,-38.196014,-42.73181,-38.1288,-39.754475,-47.15867,-44.936485,-46.33873,-49.79844,-49.990234,-52.592274,-54.09536,-55.36766,-55.516968,-53.993713,-55.604233,-61.099167,-62.967003,-63.71717,-65.06491,-66.96374,-67.964714,-69.821175,-72.99291,-70.49635,-71.50557,-71.44653
6272,True,-21.032879,-22.567387,-32.453827,-29.42017,-31.797716,-40.24338,-41.675102,-41.966072,-38.656048,-37.95769,-45.519836,-47.980972,-49.909737,-47.903587,-52.250576,-51.550144,-52.313957,-55.209244,-56.293205,-53.010223,-54.31063,-57.41687,-61.301533,-60.705544,-63.769608,-65.15042,-68.3703,-70.95679,-72.347275,-72.10042,-71.924805,-72.178024
6304,True,-24.231281,-30.227264,-36.024216,-31.789516,-31.18128,-40.729637,-37.152782,-41.113136,-36.83047,-37.196903,-43.64529,-47.37828,-47.436787,-48.83543,-54.31758,-53.341084,-55.007915,-58.022324,-59.41227,-55.63379,-56.493435,-59.828156,-61.95691,-62.789093,-64.3561,-66.23972,-68.267044,-70.707405,-71.21374,-72.68264,-73.374725,-72.349144
6336,True,-26.750736,-30.68042,-31.09811,-33.43812,-37.610085,-39.88928,-39.022263,-43.08055,-38.17512,-38.573338,-46.26919,-49.149395,-46.738796,-49.210854,-51.937107,-49.611057,-53.4142,-55.62069,-55.11969,-56.485023,-57.3122,-57.968857,-60.650085,-62.883488,-64.755226,-65.526184,-69.036095,-70.37881,-72.44413,-72.15302,-72.26359,-72.31609
6368,True,-23.498436,-25.97752,-37.283638,-36.366898,-33.867607,-36.17542,-39.09992,-37.076115,-35.551727,-37.61252,-44.94633,-47.68662,-44.30584,-46.11846,-50.753967,-52.695316,-54.626408,-59.40268,-59.981617,-56.581745,-56.566322,-60.571404,-63.408943,-62.78505,-64.35253,-64.28935,-65.84369,-68.15419,-71.03512,-72.01654,-72.20569,-71.7431
6400,True,-24.704058,-26.554081,-33.319542,-33.387287,-34.7245,-42.783043,-41.590046,-42.715523,-37.91487,-38.770844,-46.487904,-48.05534,-49.398216,-50.885674,-53.253014,-50.211292,-52.148228,-59.035294,-59.809067,-55.626106,-55.64352,-62.25444,-63.76262,-64.30935,-62.592316,-64.37308,-68.796844,-69.93442,-73.03006,-70.81973,-70.69793,-71.61935
6432,True,-22.812317,-25.475006,-33.23373,-32.8095,-34.363777,-37.222237,-38.236652,-41.704323,-38.914536,-44.310078,-44.45524,-47.169174,-46.947407,-49.149094,-53.07953,-54.28892,-54.295197,-56.544323,-57.562767,-56.366776,-58.535458,-61.508373,-60.262863,-61.70381,-61.31423,-63.97806,-66.11608,-67.720535,-67.72759,-65.15278,-66.739334,-65.267624
6464,True,-24.818228,-26.09524,-32.261505,-35.33938,-32.75709,-32.5058,-32.740753,-29.759445,-32.0737,-34.54069,-37.74509,-36.282574,-37.963474,-36.784462,-35.031067,-31.623108,-28.039993,-31.876328,-41.868626,-43.168526,-44.032436,-44.07499,-44.669556,-45.095654,-43.999763,-40.532032,-40.33412,-34.886417,-28.60567,-29.137735,-32.816883,-33.32065
6496,True,-24.732513,-25.236153,-32.216274,-31.569082,-33.43823,-31.529253,-39.86364,-38.478542,-39.545815,-37.16384,-40.688965,-40.232452,-45.62561,-46.192673,-42.9693,-45.614716,-39.394245,-42.74192,-46.86692,-51.78753,-50.440033,-51.85035,-54.759483,-56.511063,-55.034885,-52.60549,-52.06546,-48.838955,-43.76815,-45.024776,-46.463566,-46.33748
6528,True,-19.708994,-25.405247,-30.335962,-31.725075,-35.01312,-38.56601,-39.556175,-39.731796,-38.38297,-39.836105,-46.845383,-46.11985,-42.238525,-46.01328,-49.14853,-50.087933,-48.901474,-50.77256,-52.963882,-55.948746,-55.200424,-53.322826,-59.75372,-59.572296,-58.49254,-59.066803,-59.655815,-55.966076,-49.60736,-49.381966,-53.529224,-53.70704
6560,True,-23.498493,-27.009336,-31.577847,-33.651134,-40.426388,-38.880478,-40.118977,-41.249184,-40.12434,-38.303192,-43.238674,-47.14165,-43.960377,-43.975063,-50.83874,-50.495743,-50.267097,-54.155155,-54.4749,-58.68508,-57.3741,-57.49605,-61.130905,-60.33842,-62.05265,-60.494606,-60.229538,-59.191708,-55.32344,-56.126255,-58.96649,-58.51281
6592,True,-23.61887,-29.674644,-29.955975,-31.00547,-31.917194,-36.648632,-40.03232,-40.40831,-41.08679,-45.964447,-46.879124,-49.555626,-49.246655,-50.789734,-50.381462,-51.11679,-52.273518,-54.934193,-54.451134,-56.81372,-56.827866,-58.832146,-60.636047,-60.639378,-60.5915,-63.594505,-64.63122,-61.61035,-58.14131,-60.394638,-64.02058,-63.558357
6624,True,-20.874655,-24.171013,-33.598457,-30.35039,-31.66586,-42.154484,-42.679096,-42.423878,-42.23347,-45.180058,-45.89211,-42.960365,-45.826878,-52.127678,-51.260735,-49.43963,-53.15312,-53.80646,-56.20694,-58.349678,-60.900894,-60.536724,-62.660717,-63.437622,-64.06778,-64.651596,-67.08479,-67.257706,-63.831352,-64.19262,-67.952515,-67.45517
6656,True,-18.332493,-30.858944,-35.733402,-33.32367,-33.102432,-38.511093,-39.06072,-40.56584,-43.884216,-42.80918,-45.8768,-48.34017,-42.262653,-50.193184,-52.4693,-48.192574,-52.990623,-54.89715,-54.1787,-58.00295,-59.697388,-60.346104,-60.52224,-61.150204,-63.429184,-65.608795,-67.02109,-67.078026,-65.74869,-66.942764,-70.65822,-70.605774
6688,True,-24.737602,-21.358568,-30.410643,-30.65931,-34.538906,-38.409107,-40.355118,-38.37412,-37.943596,-42.108475,-42.175278,-51.046417,-44.6622,-49.371834,-53.408245,-52.261776,-54.499058,-56.703396,-56.90199,-58.976936,-58.452374,-60.764503,-62.17858,-62.92706,-65.32199,-66.38856,-67.87322,-68.98483,-67.318146,-68.99712,-70.81694,-72.54543
6720,True,-24.691336,-24.687168,-28.194561,-28.38556,-35.689117,-40.504425,-41.98374,-43.320576,-42.51876,-44.957413,-46.654465,-45.936707,-48.176846,-52.122734,-52.961582,-49.302498,-52.78956,-54.297302,-53.967155,-58.513664,-60.625084,-59.82149,-60.778442,-63.413895,-65.1627,-66.19345,-67.10305,-68.51496,-70.890854,-71.3162,-71.66679,-72.27763
6752,True,-23.258717,-26.535559,-31.445448,-35.599285,-37.286118,-40.153458,-47.241245,-43.430405,-40.76361,-44.15,-48.586926,-47.28037,-44.457504,-48.1895,-53.804398,-50.03219,-53.905228,-54.512268,-56.44659,-57.719707,-58.702637,-59.491123,-61.300636,-63.068954,-63.121834,-64.79967,-66.87436,-69.67643,-70.74393,-72.42843,-72.30753,-71.22739
6784,True,-21.574642,-25.13033,-32.624847,-30.677702,-37.081966,-38.61493,-41.731853,-40.579487,-38.744465,-40.32127,-43.77262,-47.10092,-45.797073,-49.73682,-50.807053,-52.388954,-54.41761,-56.592937,-56.23391,-56.189293,-58.211594,-60.98723,-61.948967,-62.342514,-65.75107,-67.051186,-68.99165,-70.48318,-69.65708,-71.94994,-73.01939,-71.82
6816,True,-22.834068,-20.314266,-32.98123,-28.88113,-32.525566,-38.281242,-42.325,-38.05547,-40.247276,-43.061836,-44.16394,-45.87554,-48.953156,-52.89019,-50.919205,-52.914486,-54.156437,-56.12155,-56.688923,-57.32589,-57.783474,-62.055534,-66.22275,-64.217636,-64.45617,-66.81704,-69.95925,-70.148865,-71.09079,-73.58838,-72.366714,-71.8485
6848,True,-24.144583,-21.881628,-30.366413,-29.984013,-33.16376,-39.95447,-44.877758,-44.024693,-37.242817,-45.345596,-46.57848,-45.821266,-47.238197,-52.291687,-50.6975,-53.531143,-54.31611,-57.151024,-56.801968,-54.77952,-55.742756,-61.39354,-65.346596,-63.55317,-64.16496,-67.24149,-69.612946,-70.42715,-71.8213,-72.617584,-71.98221,-73.29104
6880,True,-24.566582,-23.722914,-30.858135,-30.581781,-37.960716,-37.13012,-39.969753,-39.650787,-41.117958,-45.438686,-41.454056,-45.275734,-47.305508,-49.980846,-50.309082,-51.05076,-52.666286,-54.30327,-56.063213,-54.315525,-55.086693,-63.098488,-64.81365,-63.812717,-66.537094,-68.06607,-69.11394,-69.01654,-70.431076,-72.79197,-71.918755,-72.2505
6912,True,-27.691545,-24.892178,-28.163155,-30.528957,-34.25535,-37.63864,-44.2523,-39.321457,-36.498623,-44.90061,-48.622936,-44.252182,-46.761936,-48.948666,-50.016396,-52.288376,-56.53473,-57.225765,-55.890053,-58.293423,-58.24118,-61.140285,-64.140785,-65.484825,-64.33815,-66.48993,-68.93643,-69.89969,-71.21438,-71.73566,-71.02474,-72.31448
6944,True,-23.876936,-23.301123,-33.846104,-35.94184,-36.69165,-39.221245,-42.183193,-40.50061,-42.650116,-43.742844,-43.90274,-43.709076,-47.61792,-50.42758,-53.2058,-51.661495,-52.672997,-56.301544,-58.116344,-53.28984,-54.88535,-60.1973,-63.45368,-64.02995,-63.461334,-67.140564,-69.090454,-71.84928,-72.36466,-71.98043,-72.57308,-71.34369
6976,True,-20.9233,-24.124668,-29.055529,-29.9576,-34.03547,-40.931694,-38.094418,-37.1268,-39.436985,-40.37098,-45.223274,-45.210247,-46.482018,-50.449696,-51.91958,-50.550785,-51.346558,-52.847485,-56.376133,-55.424873,-55.906826,-61.47632,-63.885475,-63.615288,-62.72459,-65.2636,-66.33348,-67.049095,-67.24318,-68.577774,-71.03827,-71.80266
7008,True,-23.759285,-27.544628,-28.45823,-28.355618,-33.03838,-40.316116,-40.245174,-43.35546,-40.97943,-46.112637,-46.898647,-48.285957,-48.157276,-46.70556,-48.123646,-49.02626,-51.43381,-53.58381,-58.558884,-56.643337,-59.218506,-61.125397,-60.01932,-61.72275,-58.853756,-59.56116,-55.121826,-53.670135,-54.64789,-51.749454,-52.994118,-56.89623
7040,True,-25.266247,-25.761225,-31.514303,-26.662392,-31.694756,-37.64251,-41.27527,-39.12537,-40.979805,-48.42694,-44.61891,-46.173424,-44.2985,-51.546444,-51.482944,-54.469418,-53.87209,-53.372494,-54.95975,-60.534252,-58.141403,-59.39656,-61.907295,-63.302975,-62.31736,-63.91058,-65.311646,-66.87055,-67.70684,-62.51615,-65.1775,-68.355545
7072,True,-24.241133,-29.625385,-31.273602,-27.137363,-34.09122,-38.435623,-40.580746,-40.09202,-42.895203,-42.79858,-46.587303,-39.417255,-42.959904,-49.064026,-48.27378,-50.692955,-55.206905,-53.1249,-55.07124,-56.277943,-57.600372,-61.3692,-63.849506,-66.41553,-67.44842,-66.585396,-65.58397,-69.01155,-69.03903,-63.367214,-67.73535,-71.53741
7104,True,-27.968637,-28.058205,-31.568506,-28.631342,-35.336315,-40.871315,-41.768295,-39.71082,-40.53248,-41.52939,-43.72336,-38.99,-41.967323,-48.5819,-50.55542,-50.248684,-54.01907,-54.30294,-57.805496,-55.76603,-57.31072,-59.404713,-65.35643,-64.72548,-66.72068,-67.86833,-69.50571,-70.668915,-72.354324,-65.77577,-69.606,-72.46606
7136,True,-22.994705,-26.097004,-31.359669,-30.28072,-35.720406,-38.55205,-44.344368,-39.515976,-38.914192,-43.968277,-43.80649,-41.11996,-45.72981,-48.72597,-47.44638,-46.60948,-53.117485,-54.168682,-57.62255,-57.262955,-58.238163,-58.264828,-62.603954,-64.420784,-66.03656,-63.94664,-66.98125,-67.3376,-68.116516,-66.7728,-70.99347,-71.87239
7168,True,-19.709076,-24.781332,-28.890045,-32.01396,-36.661987,-38.80652,-37.39393,-35.48554,-40.254112,-45.334583,-46.67091,-42.026688,-47.0219,-49.385563,-49.71428,-49.626488,-56.09819,-56.295815,-58.83627,-57.19553,-57.05613,-60.07801,-64.288376,-65.0733,-64.59121,-67.600105,-68.0062,-68.10995,-70.60338,-68.43101,-70.42818,-72.82193
7200,True,-22.66144,-22.318552,-30.070168,-25.604002,-33.81192,-38.408463,-39.52075,-41.05026,-45.94835,-44.35665,-44.467793,-45.7387,-50.31121,-47.331505,-49.0896,-51.19829,-55.46077,-58.214317,-59.35934,-56.77363,-58.611565,-61.412247,-62.896328,-66.09857,-65.074425,-67.227135,-70.31544,-70.633255,-70.37497,-70.790016,-72.55617,-73.76669
7232,True,-21.6127,-22.40407,-28.318653,-26.858816,-35.35439,-39.564842,-38.65111,-42.730835,-43.21544,-41.76567,-43.17128,-48.630486,-49.060677,-51.083565,-50.92371,-53.91846,-52.667675,-54.990467,-57.84362,-56.31001,-57.311863,-60.92132,-64.666306,-67.717514,-67.30465,-66.51098,-68.92743,-70.29078,-71.24389,-73.57414,-73.32256,-72.21171
7264,True,-22.587091,-30.519695,-30.805637,-25.350819,-33.976658,-40.38578,-38.47549,-41.191746,-42.342346,-43.24226,-46.82728,-47.824818,-47.27325,-48.684086,-49.96704,-50.983246,-54.39671,-52.658787,-57.64885,-57.743073,-58.662342,-62.99175,-62.0966,-63.745415,-66.67214,-66.691826,-68.23632,-70.26179,-72.203186,-72.38944,-71.653076,-72.71096
7296,True,-22.81929,-26.608297,-31.551226,-24.602118,-32.346817,-39.219265,-39.033653,-38.9488,-41.198227,-44.5641,-49.695667,-46.96014,-48.163277,-52.2209,-49.265,-54.168594,-55.222416,-56.12942,-57.058025,-59.969246,-61.237602,-63.093945,-66.424805,-67.593414,-66.66579,-68.5505,-69.27904,-71.71414,-72.88135,-73.610596,-72.563255,-72.486755
7328,True,-28.63235,-27.187689,-34.52359,-29.291718,-33.441917,-39.62974,-38.93868,-39.49406,-41.476738,-41.98417,-47.01674,-45.244827,-46.878853,-50.14647,-51.152206,-55.928238,-57.224014,-53.918957,-57.958603,-58.09548,-59.747066,-65.48511,-66.091064,-64.611694,-66.04578,-68.08601,-69.83391,-70.91294,-72.420845,-73.25311,-72.63418,-72.76817
7360,True,-24.909666,-27.00636,-29.576035,-29.643303,-36.942905,-38.920757,-40.22181,-40.94553,-44.015648,-39.43351,-48.002388,-44.78455,-48.113857,-49.41249,-49.558758,-53.735565,-56.79533,-55.254383,-58.081467,-63.868027,-61.944756,-61.607513,-64.74,-65.35982,-66.477005,-69.04125,-69.85509,-72.12785,-72.160805,-74.169785,-73.313194,-74.4525
7392,True,-24.729158,-26.097172,-29.184494,-29.412472,-35.30799,-37.917038,-38.5789,-40.28297,-41.970654,-36.45807,-47.80068,-44.829884,-48.70349,-51.82886,-50.066223,-54.486347,-56.06353,-57.561115,-58.020782,-62.3497,-60.985786,-62.0371,-63.511086,-65.99156,-65.31645,-68.34319,-70.03397,-70.75805,-70.66336,-72.17782,-70.63945,-71.085526
7424,True,-22.17763,-26.64158,-31.108171,-33.66628,-35.522396,-40.97811,-41.54068,-43.891315,-43.441772,-39.08565,-43.585365,-45.515896,-48.20096,-53.589893,-51.382057,-53.226692,-55.894867,-55.946854,-54.34529,-59.32428,-59.415783,-60.433807,-64.19913,-64.58705,-64.99434,-66.600716,-69.42626,-69.61435,-70.72177,-71.47686,-73.20093,-72.10018
7456,True,-20.437386,-27.115707,-30.659763,-32.134605,-37.71389,-39.386784,-38.84608,-41.884598,-41.364555,-37.87259,-43.34177,-42.541447,-46.61167,-50.170155,-52.331547,-54.556854,-53.172844,-52.87289,-55.745716,-58.52011,-59.146294,-58.748264,-59.76778,-60.661358,-63.42835,-66.22484,-67.09312,-67.10912,-69.47075,-67.06966,-68.71772,-71.888695
7488,True,-26.228676,-26.877338,-31.567347,-31.342102,-35.541416,-36.13705,-41.932457,-40.599094,-39.70405,-36.368893,-45.730305,-46.060844,-48.474876,-49.01131,-51.04723,-49.949425,-52.507957,-51.53804,-52.518692,-56.68257,-58.761024,-56.02348,-54.472443,-58.631996,-60.447506,-62.911583,-64.821304,-65.269424,-64.791176,-65.331375,-68.04534,-71.16967
7520,True,-23.549347,-27.054556,-29.93319,-32.7881,-35.869034,-40.676567,-41.8173,-40.3387,-38.066074,-33.39034,-46.50917,-47.288315,-46.364594,-46.809387,-49.631676,-52.07984,-53.686546,-55.32873,-52.838573,-53.955635,-58.266876,-57.626427,-58.770363,-61.285545,-62.344025,-65.65221,-66.50852,-67.169266,-68.202225,-68.56656,-69.62079,-71.806885
7552,True,-26.746353,-26.89727,-34.606674,-32.048462,-36.607887,-41.773968,-40.9086,-42.12042,-38.832077,-34.163593,-41.17527,-42.1484,-46.297245,-48.244377,-49.018116,-53.50872,-51.068287,-53.779377,-54.46347,-58.45713,-59.280823,-61.287956,-61.89019,-62.390118,-64.6375,-66.12317,-67.89058,-67.52013,-70.538864,-71.224304,-71.085396,-72.260796
7584,True,-21.888512,-22.767696,-30.246265,-31.862772,-34.58585,-39.927013,-39.95108,-39.612633,-39.977165,-37.950375,-45.68811,-45.52913,-48.160534,-51.184967,-50.555195,-49.778423,-52.362373,-53.478657,-56.924484,-61.51962,-61.944702,-62.98297,-61.0454,-65.76278,-64.56896,-65.53903,-67.652504,-69.658745,-69.88985,-69.790695,-71.37017,-73.773834
7616,True,-20.521168,-22.808893,-32.896267,-29.659021,-33.160664,-36.160957,-45.74776,-42.26131,-39.33545,-37.504017,-45.772976,-49.90361,-45.544514,-52.073723,-54.855637,-53.75366,-54.2994,-54.404617,-55.33173,-60.791477,-59.177456,-59.8262,-61.95698,-63.161007,-64.755295,-67.222946,-69.09539,-68.85857,-70.26813,-70.60492,-72.344666,-71.942154
7648,True,-23.70779,-24.981579,-32.520313,-34.75454,-36.948734,-38.634884,-37.324566,-35.85267,-35.484505,-37.679947,-47.248657,-48.56491,-46.70506,-49.77262,-48.67649,-51.161617,-53.83102,-54.249176,-55.75893,-56.776844,-58.255367,-60.49213,-62.782154,-62.54779,-61.83486,-64.46761,-67.14087,-66.3938,-68.21306,-70.13197,-72.507385,-72.859146
7680,True,-23.847702,-26.035461,-30.841755,-30.157059,-36.10132,-38.81783,-41.3758,-40.240425,-37.75376,-39.999268,-48.122517,-49.070923,-51.337185,-52.27923,-49.307945,-51.156216,-53.400574,-53.042168,-56.04649,-58.117825,-60.012474,-60.93885,-62.24891,-63.70357,-63.881744,-65.220894,-67.06045,-68.16586,-69.92149,-69.23389,-69.73358,-72.41449
7712,True,-21.682621,-25.385477,-34.226223,-35.300106,-36.799664,-37.99936,-45.802277,-42.675842,-39.17275,-36.413166,-42.733616,-44.009056,-44.651226,-49.923878,-49.31837,-50.12989,-53.51166,-52.865036,-55.151344,-57.402462,-57.319103,-60.645035,-62.620903,-63.12845,-63.88575,-64.37919,-67.054016,-66.21141,-68.33096,-68.983864,-69.80761,-72.83713
7744,True,-23.547882,-28.737572,-34.988594,-30.40619,-36.48587,-38.757675,-41.733,-39.822582,-39.87787,-37.92828,-44.290962,-46.951897,-44.030083,-46.43833,-51.196575,-52.190434,-53.966095,-51.918655,-53.707344,-57.359947,-60.250305,-58.498825,-59.76089,-64.520744,-63.521782,-64.56724,-66.16233,-66.82351,-68.676025,-70.22418,-70.9261,-72.60261
7776,True,-26.075348,-28.364466,-35.054745,-32.53131,-32.55858,-40.77734,-44.58425,-40.29653,-40.298744,-37.75559,-47.890697,-45.23086,-46.12671,-48.873592,-54.037632,-51.954784,-51.99298,-54.40836,-54.55822,-57.96829,-59.135685,-58.43492,-61.602673,-64.92279,-62.745506,-66.05146,-68.78815,-70.558556,-71.700554,-71.21994,-71.948784,-72.957794
7808,True,-22.441746,-27.771767,-30.240871,-27.046051,-28.873404,-36.745308,-43.208485,-38.96934,-36.754314,-39.836872,-42.156708,-43.691574,-46.629654,-49.86413,-49.65675,-54.04633,-53.886932,-54.595722,-54.24042,-60.85487,-59.453842,-59.432762,-60.958427,-62.75107,-64.32905,-67.85529,-67.858284,-69.1787,-70.55502,-71.403206,-70.56352,-70.46721
7840,True,-21.704288,-27.877754,-33.74166,-27.251995,-27.870934,-35.093895,-40.178444,-41.68776,-34.997223,-40.467186,-44.901344,-42.00229,-41.64113,-47.59735,-54.915985,-48.601604,-54.24926,-56.208378,-57.887245,-59.614006,-61.107155,-60.121902,-61.27268,-65.02644,-66.44911,-66.673645,-66.76338,-67.51589,-69.524765,-69.2833,-68.59265,-69.89944
7872,True,-21.637114,-28.052618,-29.567661,-30.156794,-30.708149,-38.178112,-39.94973,-40.953594,-39.138233,-40.325974,-42.865173,-46.638412,-44.99712,-48.285522,-53.43979,-49.472466,-52.61434,-57.02973,-55.94906,-59.73023,-57.333202,-59.444584,-62.41491,-64.34985,-65.2477,-67.55299,-66.74972,-68.27155,-70.92269,-71.6845,-70.6985,-70.77028
7904,True,-20.681517,-23.61809,-31.287575,-31.416147,-35.749657,-40.308815,-41.022903,-41.606422,-35.725216,-41.85574,-42.72835,-45.972168,-48.570335,-49.184517,-51.051582,-52.453,-51.814785,-54.594795,-55.55065,-58.377995,-60.338875,-62.772438,-64.93266,-66.980125,-65.50393,-66.09092,-67.3006,-71.50624,-70.5294,-67.25012,-71.61576,-71.16522
7936,True,-22.315025,-25.445444,-32.925373,-29.073639,-32.17896,-37.438614,-38.280003,-41.22646,-38.29693,-43.264412,-42.95299,-47.688667,-48.128784,-50.32424,-48.09799,-51.53854,-52.03479,-54.240414,-54.032917,-60.1796,-61.108456,-60.28842,-62.230797,-63.69506,-64.12466,-67.11089,-68.4578,-70.65476,-71.03871,-54.765656,-61.627007,-72.3323
7968,True,-25.563028,-30.459423,-34.948334,-32.47203,-31.255224,-37.222626,-40.011124,-39.865257,-41.205864,-45.6426,-45.47268,-43.78621,-45.81687,-51.348434,-50.229374,-49.03109,-53.882366,-57.80712,-54.021244,-59.209145,-61.24472,-60.260677,-62.868828,-65.71772,-65.991455,-65.49709,-66.408966,-68.62071,-70.1451,-51.605637,-58.451134,-71.160225
8000,True,-28.850477,-27.373465,-32.50763,-29.715508,-31.351799,-41.248116,-44.158287,-40.020786,-37.651054,-41.770164,-46.021744,-46.734406,-44.891354,-47.99579,-49.770554,-49.012184,-53.365227,-55.521713,-56.424026,-59.230213,-60.889706,-60.655785,-62.069393,-65.76834,-65.781784,-64.756256,-68.32257,-69.62014,-69.65984,-55.059414,-61.18231,-72.53882
8032,True,-23.739187,-23.798805,-31.112926,-30.963558,-34.702484,-38.388752,-42.554222,-41.856186,-41.70376,-42.37352,-45.4455,-45.53334,-51.96734,-48.526154,-47.967827,-49.880783,-54.12732,-57.065033,-56.85009,-58.267822,-57.991356,-58.047348,-60.74427,-64.350235,-64.25007,-66.69696,-68.132996,-70.578995,-69.71381,-53.099304,-58.472065,-71.52169
8064,True,-22.114,-24.552069,-29.532764,-29.29279,-34.20196,-40.857243,-39.09515,-38.33216,-40.34594,-41.148552,-43.208496,-47.07772,-49.13027,-49.037895,-51.267162,-48.258633,-53.32695,-56.52207,-57.81276,-55.71205,-57.528305,-58.511124,-60.5213,-62.668194,-63.578552,-61.90798,-65.9678,-68.11911,-68.302055,-51.43441,-57.632896,-69.4407
8096,True,-24.407928,-25.496452,-33.028625,-32.38535,-38.62485,-38.802246,-39.81145,-41.76945,-36.4435,-40.52443,-41.055855,-45.152706,-48.172306,-46.634594,-47.64789,-53.398827,-53.724953,-53.107567,-55.138897,-61.02116,-60.159843,-56.942028,-60.495697,-63.48904,-63.63003,-65.75893,-68.11923,-69.37056,-69.64882,-61.12789,-65.742386,-71.34059
8128,True,-24.528625,-24.766977,-31.187551,-30.800526,-32.685055,-39.59521,-39.66588,-39.535183,-42.55236,-45.09323,-43.36814,-44.5438,-43.375633,-47.19225,-48.400898,-51.285454,-53.179977,-55.0634,-57.893616,-61.74742,-57.448467,-60.07271,-62.630623,-63.92688,-64.62218,-67.13321,-69.60306,-69.28658,-70.21135,-58.648026,-63.959167,-72.428635
8160,True,-21.431675,-25.158909,-32.612465,-30.853434,-32.416542,-38.596832,-40.936886,-41.495457,-39.993988,-43.01097,-42.203957,-41.273796,-44.51212,-49.68647,-47.346443,-49.09909,-53.452065,-55.377525,-58.730232,-60.29713,-60.822975,-62.733467,-64.025986,-62.33906,-64.40503,-67.183105,-68.53145,-70.106415,-71.86739,-66.239075,-70.736626,-73.51104
8192,True,-19.77988,-21.317417,-32.33024,-32.02258,-34.914093,-39.55949,-39.611465,-40.734524,-38.953632,-43.672302,-44.199963,-47.435883,-46.006905,-50.273247,-48.475204,-52.68109,-55.70393,-55.52832,-57.541367,-59.46322,-60.124924,-62.704903,-62.801582,-62.380867,-65.93838,-67.62059,-68.38449,-70.44301,-71.66902,-68.831955,-71.46344,-72.668144
8224,True,-25.307676,-23.973083,-31.787693,-31.649479,-35.82478,-38.798767,-40.07053,-41.203133,-41.535904,-41.013596,-42.388405,-45.198406,-46.892097,-47.828487,-47.633495,-55.68934,-55.55904,-55.187717,-55.94296,-59.026775,-61.869015,-62.76214,-64.728966,-65.49308,-63.305267,-67.24041,-69.36431,-69.19668,-70.89015,-70.33833,-71.82091,-70.788124
8256,True,-24.191744,-20.799007,-28.823135,-28.133232,-32.447155,-37.717014,-40.872444,-43.197174,-41.163414,-44.260185,-43.838715,-43.780975,-46.149445,-49.170593,-50.16119,-56.22173,-55.950172,-57.950016,-57.27644,-60.721634,-61.089443,-61.700573,-62.385048,-61.727528,-61.87212,-64.157745,-66.51423,-68.179665,-67.970345,-68.9086,-70.42716,-70.382324
8288,True,-22.625317,-25.279894,-31.997047,-32.422337,-34.561424,-38.688587,-43.21013,-43.413006,-39.565907,-44.47596,-42.694862,-47.255516,-48.10309,-50.796284,-51.9896,-56.060734,-52.320026,-56.479294,-57.076626,-58.74823,-61.35387,-62.263947,-62.411274,-62.388493,-63.774246,-64.33507,-66.37085,-67.850296,-68.64304,-69.17284,-70.193665,-72.52574
8320,True,-19.095856,-28.295439,-32.463375,-33.481773,-35.095474,-40.460457,-38.840466,-37.950912,-42.588104,-44.2129,-43.46581,-44.936756,-45.370453,-44.957703,-48.987534,-52.55672,-52.32508,-57.628433,-56.466446,-57.656,-58.533764,-60.626038,-61.180824,-62.444424,-63.810673,-65.47851,-67.62439,-68.114174,-68.88189,-69.288666,-69.97559,-71.22432
8352,True,-26.94398,-32.983868,-33.858143,-34.578423,-39.4879,-42.287766,-40.82165,-39.07261,-41.947357,-43.53405,-45.48793,-45.73488,-47.37697,-51.12008,-50.49959,-51.066265,-52.263313,-55.87511,-57.621193,-60.823666,-60.55086,-60.08156,-62.453682,-65.18939,-64.25986,-66.65061,-69.01546,-71.127655,-70.67627,-70.70998,-73.19091,-72.039665
8384,True,-23.334892,-27.990873,-31.28923,-34.115044,-36.72396,-44.499367,-42.991737,-44.208714,-44.43325,-45.566536,-46.46729,-48.900864,-52.32285,-49.59009,-50.874752,-49.1727,-51.857353,-55.379696,-59.28966,-60.405228,-63.130627,-63.803513,-62.19421,-63.163113,-63.305668,-64.32192,-66.17132,-64.677895,-67.61631,-69.55924,-70.21545,-71.7286
8416,True,-19.924429,-20.026405,-30.970596,-31.21555,-38.150524,-39.94588,-40.46428,-39.627728,-40.66656,-45.3498,-46.8156,-47.0293,-46.952038,-48.96132,-50.48273,-52.752777,-53.545055,-54.121445,-54.427544,-57.660812,-59.260094,-56.90918,-58.57247,-60.79702,-60.002274,-61.877842,-61.688675,-63.637573,-64.61264,-66.44088,-67.95451,-70.25771
8448,True,-23.65473,-30.50098,-32.966072,-33.62891,-36.255146,-40.23047,-42.60794,-43.672222,-42.407764,-43.11345,-50.55156,-48.14666,-49.617813,-49.17253,-50.99636,-54.338577,-53.156616,-55.75184,-53.523125,-57.052032,-59.166603,-60.91073,-61.02552,-62.237785,-62.90684,-64.7034,-64.87412,-68.149574,-68.712,-68.79999,-69.46393,-71.38248
8480,True,-17.780756,-27.90312,-31.57394,-30.424507,-39.625744,-41.1451,-41.734154,-42.87465,-47.56495,-45.485794,-44.76159,-46.32055,-49.468346,-51.709843,-53.15278,-53.186005,-55.16133,-57.214283,-55.219673,-60.365444,-60.113205,-59.507942,-62.380634,-62.455296,-64.71032,-68.263306,-67.87701,-68.70221,-70.38221,-71.068375,-71.26425,-71.67376
8512,True,-24.01129,-26.955486,-30.434244,-31.578672,-36.5006,-40.145226,-41.870457,-39.929306,-42.378365,-44.828445,-46.17594,-47.65056,-47.981075,-51.926655,-51.998234,-53.786182,-55.140076,-57.297226,-58.907463,-57.648163,-62.301537,-63.817997,-63.475437,-65.57242,-66.90998,-66.91022,-68.82501,-69.860825,-71.110214,-70.833015,-72.67999,-73.77283
8544,True,-24.487791,-26.773235,-31.29899,-32.429592,-35.742313,-40.44308,-42.58365,-43.636078,-43.57,-44.569607,-49.13193,-46.218887,-48.24322,-51.27197,-49.332832,-53.086113,-56.906208,-56.41766,-56.565456,-57.33844,-60.222298,-59.998585,-61.79636,-63.168922,-65.36237,-68.03499,-69.89903,-69.822784,-70.66848,-69.28132,-70.59573,-72.14517
8576,True,-20.812342,-28.411198,-30.684757,-32.862633,-36.25499,-37.502422,-39.935314,-40.251648,-47.721558,-46.65127,-47.379623,-43.47546,-45.824753,-48.454758,-51.705547,-55.073593,-56.663826,-59.81453,-56.57213,-59.260902,-62.770584,-63.116184,-64.92197,-66.32432,-66.13515,-65.712425,-67.416145,-70.61045,-70.76909,-71.28732,-71.69785,-72.79975
8608,True,-19.67636,-32.127773,-31.650345,-33.703465,-37.843987,-42.391037,-43.138344,-45.05848,-47.03886,-45.96582,-47.502083,-48.29126,-47.78902,-51.44194,-53.867737,-52.721024,-55.84267,-58.29243,-56.83465,-59.05332,-60.76324,-62.18069,-61.910557,-66.68101,-65.82106,-65.837296,-68.66885,-69.63042,-70.51499,-71.96549,-73.27576,-71.20683
8640,True,-22.613625,-28.610994,-32.725086,-34.06608,-37.528053,-40.503807,-41.42933,-40.87993,-44.371758,-44.369255,-49.152138,-49.132927,-49.9207,-50.95832,-49.445557,-53.03536,-55.62958,-55.594803,-56.89791,-61.68062,-62.285088,-61.861553,-62.520924,-65.47311,-65.05851,-67.36944,-70.04593,-71.23686,-70.74571,-71.947556,-71.82486,-72.124504
8672,True,-21.010841,-25.209461,-29.191597,-29.914284,-36.335514,-39.449078,-44.600643,-41.23224,-41.963074,-48.0459,-46.99546,-49.39498,-47.452393,-53.310646,-52.667336,-55.955124,-55.479927,-56.9254,-59.53704,-59.538467,-63.12399,-63.610596,-63.361126,-65.87572,-65.424164,-65.20892,-70.05133,-70.80846,-70.65709,-71.309616,-70.47903,-72.15996
8704,True,-21.954983,-23.143606,-35.20305,-33.570683,-34.34001,-43.19136,-44.549683,-40.992455,-42.506565,-43.67668,-45.677773,-50.894485,-48.223747,-51.7907,-51.114006,-50.708504,-53.960037,-56.381126,-59.537018,-59.801796,-61.63114,-60.961643,-62.507584,-65.5517,-65.94,-65.629234,-68.776985,-70.98494,-72.05356,-70.77661,-70.5178,-71.847046
8736,True,-18.042576,-27.938461,-32.971516,-40.010586,-39.517063,-39.2236,-44.447044,-44.426273,-48.238503,-49.149826,-45.535904,-44.185417,-47.599407,-52.958107,-52.705376,-51.964523,-55.807186,-59.39434,-58.953686,-59.864746,-61.062107,-62.941475,-63.96921,-64.67672,-67.89544,-68.71521,-70.167145,-71.448395,-71.42049,-71.0696,-71.321815,-72.1807
8768,True,-18.700188,-23.876892,-32.42454,-37.073418,-40.068718,-43.940086,-43.97842,-42.261906,-47.054276,-47.303448,-46.84758,-43.32798,-47.220425,-52.708206,-51.56092,-54.51806,-55.512066,-56.584328,-58.646694,-59.34309,-61.61674,-62.390408,-65.00874,-65.76188,-66.956764,-70.418785,-69.73206,-72.06035,-71.56996,-71.27431,-70.89187,-72.09827
8800,True,-20.854118,-23.838982,-30.330078,-35.969353,-39.9178,-41.07939,-42.56468,-44.327755,-46.101624,-44.726963,-46.50841,-48.16242,-52.18926,-49.32685,-49.867916,-51.60932,-51.931084,-56.03168,-56.2298,-58.804955,-58.84047,-57.29747,-61.94735,-65.327675,-66.495384,-71.345566,-72.26126,-72.681076,-72.42532,-73.72639,-73.29427,-71.910324
8832,True,-20.30713,-29.673584,-31.607738,-34.084393,-36.690727,-38.099293,-43.425705,-42.261536,-43.39505,-49.048218,-49.78079,-47.223717,-50.620125,-47.959843,-50.966682,-54.394882,-55.41413,-56.378952,-58.105995,-62.697914,-61.81919,-60.939133,-63.474182,-64.99857,-66.32754,-69.31052,-71.4704,-70.502,-72.55559,-72.89933,-73.66191,-72.29762
8864,True,-23.731617,-24.142406,-34.73713,-32.986458,-38.80643,-39.229553,-45.090694,-44.46522,-44.427055,-39.04263,-47.922768,-48.67886,-49.49428,-48.833084,-53.43638,-53.393307,-56.464073,-56.76979,-59.249557,-63.04079,-64.44502,-61.388607,-62.837456,-65.97577,-66.87079,-69.94704,-69.166695,-69.85777,-70.4197,-70.12869,-70.452576,-71.428795
8896,True,-26.25675,-27.688591,-30.273495,-35.88907,-40.054527,-40.990044,-41.68274,-43.167625,-42.4745,-38.033554,-47.051636,-51.495308,-48.82921,-45.106674,-49.336403,-52.941204,-53.40307,-56.967056,-57.43299,-61.021618,-62.388336,-61.856327,-65.15617,-65.77015,-66.55503,-67.76769,-70.96801,-70.67349,-68.433846,-70.59886,-71.73319,-72.78251
8928,True,-24.14267,-24.93069,-31.86453,-32.044136,-39.231354,-38.34988,-42.028618,-43.57946,-42.726673,-35.103016,-44.491455,-48.746815,-46.627907,-46.80928,-50.921112,-54.209152,-56.84575,-57.374462,-58.058468,-59.804363,-62.94601,-60.35621,-59.968407,-62.930473,-63.50056,-66.68909,-67.83866,-68.18494,-68.73258,-69.62995,-71.4129,-70.7782
8960,True,-27.513027,-30.074245,-31.02594,-34.071777,-35.75785,-39.494843,-42.053345,-48.4291,-44.214645,-37.843735,-45.79679,-47.34482,-47.509506,-47.9094,-50.995174,-53.60189,-57.781418,-56.106705,-56.037537,-60.301483,-62.060932,-59.865715,-59.977337,-65.43878,-66.55818,-66.08461,-69.69352,-69.809425,-68.69711,-69.71857,-69.0712,-71.44438
8992,True,-20.838806,-24.864054,-31.144941,-37.82616,-41.135117,-43.6648,-47.035034,-45.892014,-44.232353,-44.631622,-47.930965,-49.027634,-46.549675,-49.062927,-50.644127,-53.304893,-54.948624,-55.83901,-58.807335,-61.22806,-63.86791,-64.81992,-66.88714,-65.87333,-65.81848,-69.090416,-69.99192,-71.102394,-70.81449,-70.5606,-72.64555,-72.7344
9024,True,-19.03219,-26.374819,-32.56222,-34.131332,-37.1942,-39.18402,-40.89317,-46.07232,-42.93594,-38.204132,-43.705666,-46.894714,-50.642933,-53.955997,-53.075214,-51.95546,-52.907505,-55.49725,-58.987232,-59.25567,-62.6234,-61.779247,-65.431274,-66.75929,-66.186356,-66.46612,-69.26151,-71.873314,-72.00531,-72.93254,-72.43789,-72.674576
9056,True,-23.779762,-26.629236,-32.978443,-30.506336,-37.816727,-38.359413,-42.752644,-41.490562,-41.584373,-37.350353,-49.806747,-50.15689,-47.666565,-51.032333,-52.890785,-53.54854,-56.13629,-56.72627,-57.79375,-62.796432,-63.783783,-63.6278,-65.227425,-66.33837,-66.652504,-69.798035,-71.62698,-72.3832,-71.742905,-72.50697,-73.896996,-73.207695
9088,True,-18.76408,-23.281572,-30.101154,-34.554585,-36.893646,-43.84269,-42.903145,-41.875122,-44.686028,-41.27916,-48.606056,-49.953316,-53.101334,-53.583454,-53.994175,-53.666367,-57.424347,-59.64589,-60.063965,-61.68644,-63.410995,-63.783463,-67.67339,-67.507645,-68.14694,-67.96114,-68.90871,-70.093544,-73.34522,-72.90147,-71.47488,-71.988434
9120,True,-22.424435,-25.8577,-32.000904,-32.429756,-36.868904,-39.557823,-40.764282,-45.03256,-44.10858,-39.12007,-45.052395,-46.55205,-51.71001,-50.200867,-54.87076,-56.68028,-59.80885,-58.056557,-59.83928,-63.692795,-62.839607,-63.14632,-65.48085,-66.76999,-66.08595,-70.30193,-70.18413,-71.15811,-71.91741,-71.22235,-72.54005,-72.755226
9152,True,-20.518162,-23.318966,-29.511232,-31.940239,-40.113754,-38.426376,-42.752018,-45.45054,-42.27491,-35.594204,-46.63105,-49.02886,-48.426666,-52.24747,-50.513187,-54.283997,-57.50305,-59.741253,-61.08526,-61.127266,-62.593857,-61.704697,-66.18024,-68.51822,-67.65477,-70.3416,-70.136215,-72.52148,-72.765205,-73.89405,-72.047615,-72.52033
9184,True,-23.350908,-23.523113,-28.858913,-32.08214,-36.96413,-38.879585,-42.49113,-42.856174,-42.67206,-38.4417,-45.85455,-49.970585,-50.7153,-51.202362,-51.989418,-50.893585,-55.505756,-55.881172,-57.952003,-59.339012,-61.752644,-61.145607,-61.12637,-65.48659,-66.538376,-66.76784,-70.39961,-70.83998,-70.44883,-69.04693,-70.79737,-73.13884
9216,True,-24.078844,-22.515535,-29.86583,-34.77572,-38.283848,-38.20324,-42.560345,-43.378365,-41.43833,-34.678036,-45.454254,-46.794132,-48.72334,-54.62589,-52.204494,-52.780014,-57.941853,-56.522808,-58.007843,-63.293304,-61.573925,-62.18841,-64.41641,-66.666336,-68.22871,-68.75111,-69.484856,-69.914345,-69.69722,-69.08016,-70.475006,-72.49526
9248,True,-21.853996,-22.948406,-32.271545,-34.007175,-37.909695,-39.801186,-44.05924,-46.57707,-42.143272,-37.681404,-51.7734,-48.358574,-47.886005,-50.733204,-55.51156,-54.55149,-57.509422,-62.459354,-59.99084,-62.054375,-63.250504,-67.13037,-66.728584,-66.904236,-68.08831,-69.894,-70.96307,-70.48165,-71.35438,-72.03146,-72.09288,-73.72503
9280,True,-22.311022,-23.394163,-33.5242,-37.880283,-36.846447,-37.99091,-39.036804,-43.825855,-42.597675,-36.14563,-47.918835,-50.62393,-48.90178,-51.70074,-51.282654,-52.417656,-54.932446,-60.37279,-60.232956,-64.725784,-63.888275,-64.70477,-66.04483,-65.51172,-66.38377,-68.17519,-70.795715,-71.19915,-72.01303,-72.46173,-73.208435,-73.064835
9312,True,-19.925058,-25.780924,-32.353424,-33.296474,-36.918415,-39.50709,-40.624878,-43.744183,-44.400806,-40.238564,-46.863235,-50.762726,-47.454037,-47.58464,-52.30885,-53.24508,-55.07488,-57.847385,-57.595825,-61.01719,-61.71718,-63.33359,-61.325714,-63.703903,-66.25552,-66.54142,-68.076965,-68.737114,-67.620125,-67.97929,-69.07021,-71.775475
9344,True,-20.56345,-26.767017,-34.589317,-32.77226,-41.61512,-44.584488,-42.77844,-45.051247,-44.318848,-38.078316,-48.002018,-48.15753,-50.577084,-50.814034,-52.55584,-56.437874,-57.111973,-59.12239,-59.92257,-62.413437,-65.34913,-63.773,-63.081707,-66.95167,-67.53473,-67.474,-68.87133,-70.8199,-69.35474,-69.75309,-72.28222,-71.3535
9376,True,-23.542828,-24.959766,-30.692425,-31.406097,-38.98487,-38.986523,-39.833786,-41.93523,-42.953983,-39.729824,-48.08216,-53.519444,-52.414307,-52.238316,-54.695705,-54.40664,-55.448208,-58.529762,-59.682373,-61.528603,-63.75414,-63.79212,-64.81365,-65.54054,-68.20943,-68.24795,-68.844864,-70.300804,-70.43526,-72.061615,-72.198555,-72.18928
9408,True,-23.1081,-27.570175,-31.561409,-32.97279,-37.723923,-40.604416,-41.822678,-42.89823,-41.49824,-41.91703,-47.58207,-49.85056,-49.30825,-50.54174,-49.301662,-55.639336,-57.73603,-61.13588,-58.936287,-61.703716,-62.137535,-60.603455,-62.3004,-66.10275,-67.23571,-67.38374,-69.08166,-70.1112,-70.710205,-70.66243,-71.873634,-71.78876
9440,True,-20.598274,-28.714092,-35.9931,-36.200024,-39.493355,-40.835754,-38.4794,-43.14366,-45.276756,-41.10193,-46.826054,-49.019806,-50.419296,-52.97855,-54.02361,-53.42033,-55.69613,-57.834797,-55.417854,-60.589035,-61.671463,-59.16987,-60.787827,-63.30147,-64.81429,-64.533035,-66.5539,-70.27324,-71.21063,-68.81179,-70.3785,-72.21896
9472,True,-20.996397,-28.42941,-35.424496,-35.97142,-39.27428,-38.896088,-40.427227,-43.535213,-45.508503,-42.053753,-51.653484,-47.36939,-50.314026,-54.250374,-53.55652,-52.184464,-57.63613,-56.93995,-57.666817,-60.484943,-62.71939,-61.269833,-63.005737,-65.52142,-65.83594,-65.87302,-67.89651,-69.62506,-70.18742,-72.94951,-73.9038,-72.81847
9504,True,-21.973366,-25.214268,-32.456753,-36.65462,-39.029896,-40.189674,-42.181858,-42.11777,-44.842316,-48.08413,-48.230835,-47.637314,-50.56218,-54.47635,-55.54313,-56.244144,-56.70059,-58.90703,-59.853363,-61.69255,-63.58165,-62.345333,-64.83519,-66.85147,-66.77098,-67.50372,-69.75438,-71.82782,-72.59773,-71.688324,-72.927795,-72.48924
9536,True,-26.105099,-29.44827,-28.773766,-31.659258,-37.513077,-41.691635,-42.284187,-42.786087,-45.17508,-47.35706,-49.992584,-49.798378,-51.05613,-52.417236,-52.093033,-54.45678,-57.09911,-58.808174,-59.483482,-60.559074,-62.15946,-63.336445,-65.289406,-67.06075,-67.82895,-68.85919,-69.286644,-71.38131,-72.70407,-72.384766,-71.09002,-71.46743
9568,True,-21.59,-30.331991,-31.723652,-33.29406,-38.91049,-38.94232,-40.27634,-45.444813,-49.080902,-45.141186,-47.178947,-49.389706,-54.254883,-55.34903,-53.529697,-53.40795,-52.877007,-57.61062,-57.206593,-59.835533,-61.0293,-62.437157,-64.181046,-65.66527,-65.09836,-67.077934,-69.14399,-69.949844,-70.87644,-70.546165,-71.00519,-70.088196
9600,True,-30.310259,-26.518055,-29.350826,-31.421196,-39.32508,-39.330505,-40.46541,-49.59955,-45.686348,-47.38216,-52.446854,-49.853767,-50.0932,-52.46996,-55.685318,-55.00386,-56.3098,-56.49509,-58.753624,-59.986225,-59.52618,-63.069614,-66.1384,-65.0093,-65.9796,-67.388596,-71.626144,-72.06413,-71.279495,-72.1142,-71.46265,-72.03645
9632,True,-23.11059,-25.113094,-29.630272,-33.375916,-40.118793,-41.126827,-43.53352,-45.481113,-44.461514,-46.639484,-47.63178,-50.84926,-49.505432,-52.826046,-53.22644,-54.2495,-57.39727,-58.247623,-58.492607,-59.382927,-60.616707,-61.01912,-64.399124,-65.93579,-66.00289,-67.80942,-70.909325,-70.73879,-70.10888,-70.35617,-72.35568,-72.37536
9664,True,-25.511486,-30.111504,-37.723167,-35.325138,-38.66951,-38.88995,-43.22353,-45.210037,-47.022827,-44.7624,-48.15613,-48.390526,-50.909172,-52.671974,-52.63027,-52.790222,-58.41865,-59.206673,-60.35347,-63.188454,-61.937836,-63.020496,-64.94247,-66.8821,-67.62637,-68.59338,-69.46452,-71.019775,-70.85114,-70.4712,-72.13906,-71.824196
9696,True,-23.309172,-25.35458,-32.46098,-36.762184,-41.440308,-42.498367,-45.412945,-45.500732,-42.643394,-46.207993,-48.736374,-51.178608,-52.794186,-51.531837,-51.60373,-54.11445,-56.127914,-56.924706,-56.654495,-58.279297,-61.345943,-62.88845,-62.972355,-63.53836,-63.978848,-63.43574,-66.60651,-68.40353,-67.93703,-67.74719,-67.99392,-72.7792
9728,True,-24.644863,-28.447865,-31.469975,-34.148342,-41.00021,-40.647118,-40.222366,-41.152565,-43.260197,-49.285233,-50.460617,-52.74158,-52.368416,-51.516716,-53.221077,-52.22825,-55.771656,-56.083572,-55.237343,-59.29097,-63.11315,-63.952576,-59.95684,-62.56392,-64.00423,-65.34504,-67.58369,-68.87957,-68.06749,-70.50356,-70.9529,-73.55445
9760,True,-23.5394,-26.294067,-33.58093,-33.15576,-38.96439,-38.972733,-42.182697,-39.05178,-44.404007,-46.212765,-46.563076,-48.02005,-48.175163,-50.161453,-53.65877,-53.474064,-53.841976,-57.192493,-59.765434,-61.051273,-60.888443,-61.07869,-64.505775,-65.13082,-63.94486,-66.56231,-67.96901,-68.492294,-71.54184,-71.7328,-71.19147,-72.855896
9792,True,-22.667582,-21.223928,-29.453695,-34.895203,-39.06658,-39.313446,-41.57061,-46.254883,-45.40575,-44.64779,-45.52189,-49.040546,-48.888412,-50.64393,-55.26631,-53.5315,-57.770996,-57.79032,-60.446106,-60.31946,-62.82846,-61.134865,-65.14571,-67.264015,-67.39285,-66.874146,-69.325096,-70.22683,-69.13038,-71.99263,-70.81992,-70.7095
9824,True,-20.876225,-25.498438,-30.33915,-34.664722,-38.016914,-40.71596,-42.027832,-44.492115,-48.44236,-48.433823,-49.166874,-49.44605,-49.606346,-53.079838,-52.582436,-55.129204,-55.58247,-57.344875,-58.76793,-61.881145,-61.50516,-60.0772,-63.44265,-66.670006,-67.56445,-69.29818,-70.360245,-70.69048,-71.50343,-72.09971,-72.5941,-71.2086
9856,True,-20.161028,-24.250137,-32.154106,-32.531017,-37.24424,-39.416805,-43.241547,-47.207523,-42.877396,-45.76792,-50.58372,-52.461147,-51.48157,-51.181,-54.102646,-56.158455,-55.05569,-56.995625,-57.844635,-60.327576,-62.06272,-61.811646,-62.927406,-65.29256,-69.00352,-68.92244,-69.781784,-70.395706,-73.38034,-72.44615,-73.56603,-73.35404
9888,True,-23.797314,-28.261211,-32.331726,-37.24199,-40.239136,-40.06463,-41.06953,-42.869183,-44.307724,-46.07578,-48.084953,-51.71881,-52.971214,-54.47865,-52.15341,-53.38541,-57.473152,-59.32015,-59.728195,-60.71244,-65.62724,-63.432404,-63.63716,-64.00836,-65.5894,-68.18477,-69.49496,-71.58636,-74.343994,-72.54966,-73.48146,-73.1435
9920,True,-19.141785,-29.78297,-35.51188,-35.86402,-37.679516,-39.431355,-42.04351,-41.239937,-46.78301,-46.429348,-46.24723,-48.443115,-49.616283,-50.955788,-53.806114,-53.611084,-53.5506,-56.769897,-58.83983,-60.61355,-63.590847,-62.851646,-64.33335,-65.850006,-67.53722,-69.45679,-69.81329,-70.104614,-71.12581,-71.585075,-72.732056,-72.44783
9952,True,-23.756405,-26.100494,-35.692364,-36.16076,-37.550674,-41.722603,-42.84285,-43.24986,-45.080246,-45.706295,-49.53962,-49.766357,-52.948387,-54.627472,-55.562187,-55.608097,-57.68187,-57.55094,-60.62172,-60.140594,-60.4284,-62.56947,-64.686806,-65.766235,-66.1472,-68.57657,-68.481766,-71.05225,-70.65628,-72.535805,-71.85671,-71.83652
9984,True,-24.59421,-28.721972,-29.630047,-32.912983,-39.446968,-44.865997,-44.65832,-43.734165,-50.197796,-51.559185,-52.13474,-48.86887,-51.040253,-51.68848,-52.17484,-55.87357,-54.331917,-57.368652,-59.180256,-61.283188,-62.13684,-62.35942,-65.912575,-67.418106,-66.35007,-67.135925,-69.20632,-71.13914,-71.26516,-71.79935,-71.117516,-71.457924
