timestamp,faulty,band_0,band_1,band_2,band_3,band_4,band_5,band_6,band_7,band_8,band_9,band_10,band_11,band_12,band_13,band_14,band_15,band_16,band_17,band_18,band_19,band_20,band_21,band_22,band_23,band_24,band_25,band_26,band_27,band_28,band_29,band_30,band_31
0,True,-27.914255,-37.287216,-29.8876,-33.873787,-38.923855,-37.03395,-41.867325,-44.941704,-45.24101,-49.31454,-44.365658,-41.648426,-48.06225,-44.679214,-46.90528,-48.019417,-45.975155,-49.559246,-51.56569,-49.454247,-51.105045,-49.328102,-50.20559,-48.30791,-52.333908,-51.108967,-52.684196,-54.387432,-56.150326,-55.454258,-55.771484,-57.016163
32,True,-28.16211,-29.713957,-27.744982,-31.299866,-35.56407,-35.87738,-34.680515,-34.822662,-35.461155,-41.46612,-40.712467,-42.00128,-42.763943,-40.457767,-43.798897,-43.72291,-44.12086,-46.63597,-47.653564,-46.774582,-46.59386,-48.538635,-49.444614,-49.12934,-48.92788,-50.180973,-50.45611,-51.76218,-52.586216,-53.102684,-53.8825,-54.188126
64,True,-28.446651,-30.186388,-29.545174,-30.055265,-32.445267,-31.991394,-35.64145,-37.931503,-39.361244,-42.718178,-41.87451,-40.617607,-42.24984,-41.272934,-44.95124,-44.147896,-42.742077,-45.517155,-45.632256,-46.43058,-46.16413,-46.356396,-48.160713,-47.99479,-48.95775,-51.355843,-51.254154,-54.332127,-54.148403,-53.158154,-54.84913,-55.007042
96,True,-25.304766,-27.92458,-27.356026,-30.284395,-34.755074,-32.31854,-39.150574,-39.00161,-40.064384,-42.734177,-40.482788,-36.108547,-42.586075,-41.848404,-41.481052,-40.01074,-42.33854,-45.409706,-45.041298,-44.36981,-46.901443,-45.685802,-48.54573,-48.77278,-49.027847,-50.29972,-50.266453,-51.985893,-53.851105,-55.269085,-55.92502,-55.308323
128,True,-24.855337,-29.363813,-29.598072,-32.994873,-34.273895,-32.98336,-35.090153,-34.751213,-37.61146,-40.133926,-41.03867,-40.111412,-42.47675,-44.28502,-40.875046,-43.846607,-43.950844,-45.409554,-46.42412,-47.456,-48.339027,-47.5244,-47.35562,-46.848648,-50.1844,-50.59464,-51.530235,-51.789547,-54.136024,-51.89099,-54.231583,-55.02678
160,True,-24.892757,-28.31054,-24.89785,-30.013535,-31.880033,-30.669203,-37.3286,-39.896393,-38.23688,-41.18124,-40.136803,-39.611958,-41.436497,-44.45579,-42.668777,-43.395264,-44.02908,-43.956646,-46.236748,-46.478203,-46.867508,-48.46405,-47.403645,-50.756187,-49.877857,-49.877773,-50.432224,-50.451527,-54.58403,-52.927895,-54.387966,-54.67325
192,True,-28.230474,-30.854843,-28.430605,-31.36184,-32.35689,-32.191967,-40.25345,-37.12816,-36.30861,-42.27383,-43.2197,-40.018852,-46.70834,-45.920456,-43.719795,-41.97177,-44.43754,-46.531643,-46.97437,-45.35112,-46.075016,-47.864754,-49.243286,-49.07232,-48.33302,-48.86577,-51.000057,-51.046978,-53.224735,-52.52746,-53.544827,-54.13692
224,True,-24.31031,-28.485842,-26.38793,-34.437843,-34.568214,-33.725475,-37.813515,-36.164093,-37.27569,-43.13599,-42.052097,-39.51717,-45.03392,-41.3442,-44.467106,-44.15399,-44.731956,-45.76469,-46.469543,-44.51704,-45.46822,-47.34031,-47.35859,-47.69589,-49.624107,-49.202095,-49.423862,-52.575855,-53.645294,-52.09307,-53.39459,-53.31035
256,True,-24.902266,-27.734072,-31.447353,-34.327347,-36.137737,-33.495323,-34.59159,-38.661488,-40.533253,-38.905014,-39.296146,-42.11824,-44.52053,-43.44854,-46.1679,-44.246124,-42.677437,-44.86137,-45.73904,-45.625183,-47.121906,-47.028194,-46.41626,-47.9797,-48.437572,-50.367184,-50.092293,-51.769363,-54.235577,-54.47073,-54.483456,-54.011726
288,True,-25.628082,-27.579233,-27.662954,-29.75076,-33.16468,-34.137108,-35.37919,-36.467224,-37.20075,-39.950703,-39.9338,-42.921593,-44.658478,-45.873795,-43.138374,-42.97985,-44.38334,-41.798573,-43.523277,-48.434624,-47.00109,-45.900135,-47.545166,-47.497643,-49.561966,-51.328182,-50.903667,-50.99304,-54.657745,-54.656597,-56.449734,-55.57566
320,True,-26.986,-29.811638,-29.382715,-30.539024,-29.235806,-36.746292,-38.11364,-42.56718,-42.49389,-44.64274,-43.398514,-39.471073,-39.42859,-42.255093,-46.32621,-44.050873,-43.27004,-45.705647,-45.65579,-46.727913,-48.02041,-47.629704,-48.78369,-50.49405,-49.15577,-49.750675,-50.75752,-53.522495,-55.055557,-53.902145,-55.195942,-54.025406
352,True,-23.83255,-28.57317,-26.248837,-31.151522,-35.08424,-34.90906,-36.233887,-39.430992,-40.045094,-42.272835,-39.9207,-43.637547,-43.396362,-46.482048,-43.4159,-40.44844,-42.695812,-42.901573,-43.444767,-46.64705,-46.91393,-46.842453,-46.611435,-47.78162,-49.466026,-51.467213,-51.877975,-51.272045,-55.41288,-53.66961,-55.46661,-53.15867
384,True,-26.44222,-29.09116,-28.500648,-29.491325,-32.398243,-34.533203,-35.65016,-36.97601,-35.52053,-40.018692,-41.577305,-43.00777,-44.442467,-44.062622,-43.259415,-43.274517,-45.022125,-44.373035,-46.140656,-44.09889,-46.31495,-46.72117,-47.829124,-48.367085,-49.072014,-50.684746,-50.658234,-52.378345,-53.16936,-52.80104,-53.20181,-54.418533
416,True,-31.037693,-29.962727,-28.601282,-32.910633,-31.564257,-32.650303,-38.910606,-37.980724,-36.16105,-40.057682,-40.010963,-39.5347,-41.62822,-43.86919,-42.472095,-44.840576,-46.100178,-45.922527,-44.302635,-46.22774,-45.14854,-46.526836,-48.932755,-47.93615,-51.515118,-49.565056,-49.260773,-51.849304,-53.69557,-52.546425,-53.66893,-56.23581
448,True,-29.321222,-29.899529,-26.542494,-29.448921,-32.051067,-28.0251,-35.76735,-32.678352,-34.04953,-33.233192,-36.167538,-32.627277,-35.866375,-36.340717,-34.92903,-32.194862,-30.0661,-33.882324,-40.988846,-41.63411,-42.47255,-43.232456,-44.055412,-45.919098,-45.204437,-39.4765,-39.251617,-37.5683,-30.744507,-33.13226,-36.271255,-35.180813
480,True,-26.856737,-28.996407,-28.387085,-31.025349,-30.484169,-29.755575,-35.62948,-34.856354,-36.16325,-38.693447,-38.56309,-36.10313,-40.750854,-41.68913,-42.488285,-40.7382,-37.20398,-39.15622,-43.73204,-44.072502,-44.153637,-46.41884,-47.664715,-46.711464,-49.61204,-46.36947,-44.956497,-44.536396,-40.087475,-41.39834,-42.76081,-41.976967
512,True,-23.32906,-29.124573,-28.189695,-33.288994,-35.53092,-34.096046,-36.937145,-39.713013,-35.607006,-37.950012,-42.136234,-42.27143,-37.886414,-44.73313,-41.70806,-43.17775,-42.844078,-42.86805,-43.59917,-45.82187,-48.36856,-45.82416,-47.74529,-47.822098,-49.80789,-49.406868,-48.642853,-49.177544,-47.47646,-47.850704,-50.415657,-50.10389
544,True,-27.979076,-29.107784,-28.077765,-31.885418,-35.899223,-39.75872,-38.13639,-38.284016,-36.520164,-39.75818,-45.996853,-45.083435,-44.159336,-44.911552,-39.60806,-41.453323,-42.568977,-43.714783,-46.84915,-46.251087,-45.873066,-48.70047,-46.754715,-45.527744,-51.00224,-50.760063,-52.197575,-53.08605,-50.573574,-50.79851,-52.1868,-53.698906
576,True,-26.034594,-29.472157,-29.365303,-27.784517,-28.6248,-36.118893,-42.128963,-41.004658,-38.143562,-41.362453,-42.43937,-39.88059,-41.916462,-45.738445,-46.379623,-45.95375,-43.47504,-45.07186,-45.043076,-43.546124,-47.52288,-45.223595,-48.444588,-49.208027,-47.73121,-49.427017,-49.647804,-50.19921,-51.629707,-54.035744,-55.13975,-55.220104
608,True,-24.969997,-29.591934,-29.671501,-27.990057,-31.730635,-35.896076,-39.15885,-37.795715,-35.353523,-38.81614,-39.07771,-38.661583,-40.615536,-44.18961,-43.822006,-43.237095,-44.922554,-44.740814,-45.368256,-45.02426,-44.781765,-47.41475,-48.186005,-49.42278,-51.258026,-50.345455,-49.854034,-50.71389,-53.069504,-54.08823,-54.495613,-52.87632
640,True,-28.970797,-31.032906,-25.858833,-30.653252,-32.75606,-37.34145,-38.44693,-36.765068,-38.568977,-40.780655,-40.582737,-39.24297,-43.336697,-43.881496,-43.24255,-44.103855,-46.31343,-45.33284,-46.9991,-46.102657,-46.953407,-45.802864,-49.73517,-49.167236,-48.410294,-49.999157,-50.656044,-52.349377,-53.233227,-53.710205,-53.97355,-53.117928
672,True,-28.061176,-29.717728,-30.336548,-31.319372,-31.36896,-35.592064,-40.1792,-40.28351,-37.53159,-40.210896,-40.241833,-41.75345,-43.742672,-41.558426,-42.4938,-43.880848,-42.996487,-45.286385,-45.764008,-50.33049,-47.71625,-48.279984,-47.85034,-47.251114,-48.96683,-50.88367,-51.411663,-52.571274,-52.418385,-52.94966,-53.830334,-53.677006
704,True,-28.079605,-30.634127,-24.91664,-27.3413,-30.756655,-34.42821,-39.37303,-37.916668,-35.35747,-41.47094,-42.53968,-40.051384,-41.55742,-44.73913,-42.843475,-42.896328,-41.75712,-44.257122,-45.367577,-44.82763,-47.29607,-47.863926,-47.06601,-47.377235,-48.983826,-50.31285,-51.468147,-52.411896,-52.632145,-53.563263,-54.492073,-55.30213
736,True,-26.967573,-28.902609,-28.841599,-29.365427,-30.25178,-34.773907,-34.505527,-36.19308,-36.85309,-40.49756,-43.165394,-41.254498,-43.36686,-46.147987,-46.63446,-43.54399,-45.599995,-45.70752,-44.935028,-47.412334,-47.38212,-46.92125,-49.68317,-48.728985,-52.242447,-49.962482,-49.97676,-52.801014,-55.037636,-54.387226,-54.63005,-56.16056
768,True,-24.578657,-29.476337,-26.307344,-31.259537,-34.2457,-29.313135,-36.590942,-35.466763,-40.25673,-41.64371,-40.205673,-41.136833,-42.825592,-42.430145,-42.42978,-43.831234,-45.061333,-44.89511,-43.19807,-44.7688,-48.24844,-48.686317,-46.507587,-47.43052,-49.74906,-50.75047,-50.238167,-53.0671,-55.051506,-53.49615,-53.4264,-53.105164
800,True,-26.308851,-28.122295,-26.64612,-29.736782,-34.46739,-34.67164,-37.492558,-40.99634,-41.967606,-41.55811,-42.67855,-39.741802,-43.248,-42.758568,-42.98484,-39.34484,-42.52996,-46.18595,-43.32093,-45.764862,-45.858025,-48.14301,-48.045036,-48.54322,-48.46598,-48.140697,-49.093327,-52.237015,-55.057796,-53.880882,-53.653603,-53.069466
832,True,-28.785084,-31.633228,-27.598188,-30.251606,-34.542244,-36.048347,-37.517963,-36.41446,-40.344185,-45.71117,-42.98946,-41.308533,-42.12849,-44.510838,-42.106853,-42.60487,-43.34608,-44.585625,-45.77229,-48.129456,-44.88892,-46.60364,-49.22239,-51.656475,-53.684265,-50.488853,-51.82248,-53.456192,-54.466713,-52.508118,-55.902786,-56.290897
864,True,-24.566647,-32.099174,-27.669401,-29.269571,-31.54747,-39.464878,-39.916744,-39.11281,-40.51583,-41.080456,-41.996918,-41.31615,-45.62056,-41.048645,-41.593746,-41.789783,-46.201645,-45.735985,-45.335922,-44.964962,-44.245033,-47.2006,-46.7765,-47.281116,-50.071007,-49.971077,-50.3117,-51.38592,-54.295692,-53.560528,-52.909424,-53.260788
896,True,-25.009058,-28.431253,-24.950626,-31.712185,-37.053192,-40.383244,-36.71802,-40.70309,-37.99115,-40.908283,-39.42219,-42.466995,-45.20205,-42.082375,-43.128098,-42.827667,-42.46598,-42.631756,-46.36831,-44.575294,-46.66979,-48.675636,-44.845943,-47.883354,-51.163136,-50.7797,-49.68762,-50.883175,-53.34148,-54.281403,-56.5438,-53.807434
928,True,-26.175957,-29.869446,-31.62661,-28.541954,-33.95862,-31.952488,-38.30633,-37.495403,-38.18279,-40.790207,-43.415688,-46.202995,-46.272995,-42.705147,-43.85601,-43.716743,-42.05458,-42.84961,-45.99376,-45.516235,-48.047966,-45.739513,-48.288063,-50.09674,-49.839394,-49.304066,-50.085377,-52.14608,-53.10302,-53.865036,-54.768814,-53.657204
960,True,-26.41607,-28.181282,-27.903069,-31.997173,-33.64151,-31.290989,-38.34952,-39.061268,-35.07686,-41.98664,-41.52746,-41.315308,-42.034676,-40.865326,-44.562267,-42.840954,-43.972454,-43.894424,-44.753628,-46.50447,-46.384235,-44.90474,-46.257713,-48.23601,-49.28853,-50.643734,-51.17066,-52.26159,-53.39739,-53.374363,-54.449444,-54.647808
992,True,-25.395073,-31.666758,-30.938158,-30.68284,-31.068573,-34.42829,-38.047943,-40.487858,-40.042324,-39.972706,-36.440815,-40.03858,-41.16036,-41.824905,-43.353825,-45.482616,-46.060814,-45.902695,-47.896927,-48.76145,-46.520443,-46.509598,-48.62523,-48.115623,-49.715977,-50.91723,-50.814972,-50.588894,-50.807133,-50.36199,-51.830334,-53.23533
1024,True,-26.035345,-30.974411,-31.134277,-27.631584,-31.59114,-35.459244,-34.637413,-34.993977,-37.981903,-37.61827,-39.8222,-39.65428,-41.09672,-46.524994,-44.64327,-42.339176,-43.320206,-46.40848,-45.86815,-47.14539,-45.775467,-48.052994,-47.1686,-47.669716,-49.08618,-51.249138,-51.86357,-53.10783,-54.643066,-51.905624,-53.0103,-53.191864
1056,True,-28.189756,-28.261547,-32.613388,-35.13489,-34.152977,-32.31256,-39.307903,-34.610126,-33.565166,-42.062164,-41.251724,-39.7677,-43.208206,-39.714973,-43.502052,-43.49498,-45.126842,-46.075287,-48.3819,-45.190105,-45.035206,-47.213272,-46.818245,-47.241993,-48.553154,-50.711,-50.800938,-52.58829,-54.091267,-53.376575,-55.04322,-55.265785
1088,True,-28.035213,-28.677414,-27.792215,-30.646606,-32.179443,-32.8792,-36.215748,-36.934475,-37.50881,-42.205772,-45.185936,-41.633125,-40.743454,-43.75082,-41.84555,-43.92975,-45.04467,-43.349396,-42.453926,-46.37054,-47.7155,-47.904964,-49.103737,-48.631035,-49.28235,-50.004925,-51.71753,-53.296513,-53.18211,-54.06228,-54.98167,-53.736748
1120,True,-22.948933,-27.50245,-27.876095,-35.175087,-35.884663,-37.92748,-35.26551,-40.896477,-41.64039,-40.6039,-41.915173,-39.721527,-41.751183,-44.488136,-43.54344,-41.61842,-43.429726,-44.734215,-44.73268,-44.587593,-45.28354,-47.145035,-47.963314,-47.478996,-50.389713,-50.04745,-52.256912,-52.513115,-54.34872,-54.58419,-55.349144,-53.975494
1152,True,-28.41736,-33.169487,-32.756115,-31.788067,-32.14086,-31.21328,-35.736984,-35.929134,-37.866367,-41.01051,-43.34663,-39.305855,-39.940056,-42.566437,-43.42825,-40.989147,-42.580074,-45.12245,-43.977737,-45.813095,-45.215527,-47.04578,-46.97483,-46.95842,-47.457153,-49.505,-50.449356,-53.186264,-54.695057,-53.68596,-54.014107,-54.4207
1184,True,-31.894815,-30.977251,-32.35959,-32.60019,-32.354107,-33.96897,-36.16404,-37.07245,-38.214745,-42.69158,-42.337627,-41.956123,-39.314674,-41.8348,-44.491688,-43.414608,-41.800163,-44.809074,-45.29425,-46.89373,-45.01676,-47.69394,-49.17727,-47.00502,-49.029854,-49.016994,-50.9813,-52.74507,-55.086548,-55.180046,-55.18732,-54.205307
1216,True,-27.70775,-31.731327,-32.57636,-35.566074,-32.745712,-35.251644,-40.19661,-37.016785,-37.2496,-43.73575,-41.280632,-39.312744,-42.724197,-43.317566,-43.235516,-44.875317,-43.90537,-43.57908,-42.895363,-44.36653,-46.47202,-47.86964,-48.09402,-49.123592,-50.519325,-50.915455,-51.117023,-51.394226,-53.007217,-52.71225,-54.225258,-53.886612
1248,True,-22.563557,-29.719164,-31.134998,-31.720901,-32.42819,-32.155075,-35.460228,-35.211864,-40.242443,-42.148243,-44.077538,-39.8278,-42.990307,-40.824036,-40.536392,-42.726723,-42.8582,-44.614838,-46.202625,-45.528854,-45.96847,-46.61577,-47.17716,-47.327873,-49.408077,-50.993656,-50.54991,-50.819595,-53.12039,-53.31185,-54.86779,-54.08172
1280,True,-26.438396,-29.73901,-31.342361,-29.239471,-32.8968,-34.67963,-38.427834,-38.187252,-36.429844,-42.58698,-41.380356,-39.772614,-43.59982,-41.927,-41.165,-43.43994,-43.27446,-42.926655,-43.63185,-45.081985,-47.51162,-47.43441,-47.860966,-48.33864,-50.054127,-52.0063,-50.82485,-51.55176,-53.740448,-53.555855,-54.822636,-53.961163
1312,True,-25.248142,-26.05716,-28.54649,-27.711304,-30.417688,-31.057653,-40.302376,-38.949192,-39.023914,-40.42828,-41.719852,-40.312366,-43.576492,-47.132256,-45.187954,-42.399742,-48.001293,-42.518974,-43.79673,-45.864372,-46.136623,-47.39485,-47.08583,-47.46324,-50.24387,-50.681366,-49.564037,-51.692055,-53.288845,-54.461838,-55.704002,-55.068745
1344,True,-24.250736,-29.16168,-30.711716,-32.244564,-32.57752,-31.699846,-37.330853,-41.635513,-38.777912,-36.95336,-42.133144,-40.089794,-39.33888,-43.956944,-43.055115,-43.59596,-43.16875,-45.87957,-45.365734,-46.314663,-45.348892,-48.36239,-46.17414,-47.556,-49.02769,-49.37803,-50.16133,-51.195915,-52.504086,-51.929646,-53.863785,-53.009834
1376,True,-24.28858,-29.058342,-30.002453,-31.299648,-34.95583,-37.165173,-37.667194,-37.638115,-37.385498,-41.367516,-42.259674,-42.333103,-42.69921,-43.78119,-41.746628,-41.105537,-42.651134,-44.15722,-44.539814,-46.02125,-46.992348,-45.90818,-48.038143,-47.628857,-49.174316,-50.86756,-51.45639,-51.525772,-52.940605,-54.136658,-55.7249,-55.0334
1408,True,-24.242405,-31.389156,-30.37791,-29.5899,-31.105223,-33.563213,-35.955692,-37.8445,-37.862297,-40.340523,-40.294746,-39.110485,-42.770355,-43.64942,-43.107338,-45.428436,-43.0588,-45.57157,-43.756886,-45.742294,-45.99123,-49.584633,-47.57311,-47.24241,-47.373695,-49.678116,-50.73155,-52.33531,-52.90167,-52.799603,-53.809704,-54.700684
1440,True,-24.807259,-29.06975,-27.979206,-29.244463,-35.937286,-36.333443,-38.413273,-41.792904,-40.46657,-43.08661,-37.02903,-40.57342,-43.23069,-44.021645,-42.48661,-42.737293,-43.473633,-44.50831,-44.209564,-45.725006,-45.005844,-48.5255,-46.54537,-48.019657,-49.417473,-49.538826,-50.143433,-51.51707,-51.07541,-53.186726,-54.997307,-53.686546
1472,True,-28.014011,-33.23461,-33.0484,-30.873371,-35.635292,-34.69983,-37.355705,-38.596962,-40.94201,-42.87338,-39.99449,-40.070107,-42.79243,-43.77184,-43.43103,-44.085907,-45.16868,-44.451366,-44.41412,-44.652935,-44.81863,-45.160446,-48.42409,-48.253006,-50.308502,-49.5848,-50.101627,-51.893314,-53.339237,-54.588604,-54.25112,-54.40536
1504,True,-26.674881,-27.879602,-28.528679,-29.28468,-31.254772,-29.703587,-33.93761,-41.917957,-36.850834,-35.796223,-40.094025,-38.056644,-41.26626,-43.759045,-42.4765,-43.19809,-44.393715,-41.25227,-43.699715,-43.953224,-45.539127,-47.6059,-48.033165,-47.246895,-48.57304,-49.06259,-52.192875,-51.324917,-53.87545,-53.760086,-54.35398,-54.761124
1536,True,-24.562645,-30.860167,-32.66377,-31.03751,-33.378166,-34.79882,-37.14043,-35.796448,-35.670654,-38.20944,-37.04341,-35.826626,-39.641266,-39.087635,-38.012203,-33.823128,-31.771378,-35.962566,-42.34181,-44.179234,-44.5435,-43.41208,-45.595497,-45.52031,-46.90475,-43.294975,-43.02768,-40.155163,-33.46699,-36.286617,-39.116535,-38.574455
1568,True,-26.569027,-28.886868,-25.428696,-29.650082,-32.503086,-30.113945,-35.220905,-29.937607,-31.832981,-36.909195,-34.449074,-36.191307,-36.000065,-38.793446,-39.47557,-37.797863,-34.338154,-37.193523,-44.17397,-44.74064,-44.854233,-45.374943,-45.666943,-46.30583,-46.407642,-41.998005,-41.378296,-40.069336,-35.69918,-38.364384,-39.9311,-39.01286
1600,True,-32.583145,-32.31948,-30.636353,-31.96419,-35.86645,-32.733578,-35.27288,-37.888397,-37.531567,-41.519627,-39.43019,-43.671898,-43.326435,-43.869015,-39.49734,-41.83891,-44.439728,-43.773094,-43.79722,-45.863777,-45.74428,-44.573383,-45.524414,-47.94452,-50.508633,-48.619247,-50.205475,-50.610794,-46.611855,-48.240265,-49.58582,-49.540676
1632,True,-27.81993,-34.223995,-29.791092,-29.024017,-31.10616,-30.515999,-35.356243,-38.457603,-34.344894,-40.01587,-44.633026,-40.35488,-41.705326,-39.32881,-41.139065,-42.40503,-44.51512,-44.866768,-45.19297,-46.57375,-46.62023,-47.212982,-45.8471,-45.98915,-49.913193,-50.785454,-50.432644,-51.95603,-51.42422,-50.627747,-52.022217,-51.155376
1664,True,-25.07886,-30.678528,-28.635193,-30.396845,-33.94119,-33.702713,-38.844574,-35.897858,-40.12806,-40.851437,-41.487766,-40.36213,-43.86252,-42.070908,-43.987663,-44.25102,-41.47883,-42.26797,-46.887108,-45.81772,-46.41761,-45.34643,-45.501213,-48.467937,-49.796547,-50.260124,-50.410378,-48.670048,-49.911922,-52.467213,-54.70681,-54.898132
1696,True,-25.81128,-31.32906,-28.644985,-31.215628,-32.41138,-34.92164,-39.257565,-34.822906,-35.055817,-41.467278,-45.528564,-40.29947,-40.311275,-43.152023,-43.948647,-43.578068,-42.141895,-43.693638,-43.39908,-42.695435,-44.181175,-46.81747,-46.475548,-47.938416,-48.94655,-49.793076,-50.73482,-51.696583,-54.222862,-53.372322,-55.027573,-55.238796
1728,True,-26.790522,-26.561844,-27.53386,-30.096445,-33.4641,-35.22849,-36.33823,-41.21683,-42.164276,-43.515045,-39.82542,-36.559967,-41.23736,-42.34085,-42.954437,-45.795956,-43.11266,-45.25236,-43.51993,-46.154907,-46.647755,-48.701256,-48.027912,-48.90528,-49.293396,-49.199593,-50.073563,-52.31502,-53.140606,-53.125275,-54.605556,-55.993835
1760,True,-25.052402,-32.21463,-26.875208,-29.27757,-31.0826,-35.734905,-36.937965,-40.14592,-37.124275,-38.91303,-39.797024,-39.06883,-39.50358,-42.8883,-44.16526,-44.367886,-44.531956,-44.491917,-44.331146,-46.597046,-43.7193,-45.5553,-44.818115,-46.86857,-48.742477,-49.102486,-50.693684,-53.512707,-54.863174,-53.91002,-54.510647,-53.35488
1792,True,-23.713638,-31.45721,-28.997793,-30.869614,-31.007072,-33.718536,-41.15145,-37.972557,-39.805,-44.137794,-42.305527,-43.417297,-43.636772,-41.119186,-40.72691,-43.101772,-43.984074,-46.297775,-46.051598,-45.2241,-48.83038,-47.226402,-46.475826,-46.97348,-51.176258,-49.687546,-49.691334,-50.315353,-54.553345,-54.028854,-54.861656,-55.550495
1824,True,-22.027521,-32.272457,-32.01895,-33.083458,-33.919224,-33.349014,-38.877556,-37.22917,-36.44492,-42.23928,-41.469543,-38.77601,-42.344482,-40.668648,-42.79694,-40.771584,-42.597576,-45.961956,-44.38481,-45.235462,-47.673283,-46.310417,-45.931152,-50.607815,-50.191883,-50.323368,-48.018803,-52.06419,-54.74632,-54.8597,-55.322666,-53.909126
1856,True,-27.242231,-30.53807,-28.446754,-29.964497,-33.377403,-35.58417,-35.258667,-34.740063,-37.454983,-41.66645,-42.20047,-40.762238,-40.956825,-40.620197,-42.451252,-44.035877,-44.61363,-44.044117,-44.568943,-47.129665,-46.856823,-48.32256,-49.72166,-48.861507,-50.838493,-51.34041,-51.05134,-53.81331,-53.755512,-54.94628,-54.476463,-54.20494
1888,True,-31.790897,-28.674057,-27.345188,-29.680515,-34.50286,-31.887798,-36.590336,-35.558666,-35.97036,-40.672935,-43.59137,-42.69313,-42.362213,-46.20498,-45.816532,-46.593178,-46.78198,-43.873234,-44.58391,-45.723198,-46.5481,-47.551346,-50.18942,-49.00721,-52.18238,-50.19401,-50.09212,-52.427406,-51.20453,-53.934265,-54.77379,-55.739235
1920,True,-24.768562,-26.922977,-29.398813,-30.252878,-33.40583,-35.581146,-38.81272,-40.243423,-38.81432,-38.130604,-40.26055,-40.8781,-42.024654,-44.245956,-42.512062,-45.020638,-42.223236,-42.98031,-44.093327,-44.167465,-46.30916,-47.137814,-47.222755,-47.47494,-48.86561,-50.850636,-49.117363,-51.709015,-52.341595,-53.049355,-54.467236,-53.445946
1952,True,-26.572052,-31.936272,-30.385628,-31.615238,-34.122158,-35.92576,-40.209354,-38.539986,-38.884216,-40.343452,-41.186672,-40.821552,-41.725456,-42.3156,-43.537796,-43.51646,-43.810654,-46.457817,-43.368584,-45.022316,-45.53926,-45.7132,-46.536327,-48.32285,-51.09725,-49.441055,-49.606903,-52.19792,-52.002037,-52.08143,-53.306805,-54.066547
1984,True,-26.667625,-33.4156,-29.697842,-32.50224,-33.300495,-34.39483,-37.22624,-36.154385,-40.96956,-40.07926,-38.730434,-37.762863,-39.36052,-42.4488,-44.367565,-43.18065,-42.99664,-44.683067,-45.72856,-45.054314,-47.830242,-46.872326,-45.9794,-46.7304,-49.650734,-50.26497,-50.010643,-51.119453,-53.143764,-51.590736,-54.707825,-52.91744
2016,True,-26.345642,-29.001259,-31.7846,-30.829605,-34.911674,-38.384666,-36.797363,-36.26825,-42.83406,-42.91546,-41.158005,-41.371254,-45.538307,-46.32858,-42.653774,-43.69532,-44.162506,-44.488087,-45.587368,-46.14893,-46.8433,-47.373352,-46.925922,-47.651974,-49.325977,-49.500507,-50.11303,-52.83384,-54.261734,-53.451393,-54.45076,-53.780334
2048,True,-24.774479,-31.571379,-29.663038,-33.260345,-35.383404,-35.150227,-36.801266,-36.879845,-41.90484,-43.809162,-40.321686,-43.74454,-43.687992,-43.05428,-41.95775,-43.115875,-43.534718,-46.34778,-43.692528,-46.800533,-47.491714,-48.130676,-46.44476,-46.944687,-52.247917,-49.862896,-51.49447,-52.633415,-54.224133,-55.030342,-54.85244,-51.809772
2080,True,-24.630775,-29.210546,-30.63115,-34.33161,-35.72194,-36.38709,-38.476093,-38.548542,-37.10876,-43.32866,-42.64177,-39.824406,-39.932407,-43.857307,-43.78833,-46.646545,-47.431293,-43.519012,-44.368835,-45.20046,-47.16472,-48.186413,-48.327904,-48.195663,-50.349598,-48.45888,-50.32303,-52.031525,-53.144882,-51.9491,-52.411667,-53.174774
2112,True,-28.152657,-31.204405,-30.778008,-33.86508,-33.07107,-30.182373,-39.82122,-36.93653,-38.766712,-41.63169,-40.01854,-39.070766,-38.73489,-41.632774,-39.729965,-42.67777,-44.92678,-44.910526,-45.891914,-46.086212,-45.09846,-46.651516,-47.706066,-48.81977,-49.489746,-49.1858,-50.12401,-51.231236,-50.88339,-51.429676,-52.420662,-52.840103
2144,True,-26.379871,-27.036911,-29.166706,-30.193836,-34.23181,-33.273968,-36.565994,-41.432823,-37.130104,-38.210968,-37.768127,-43.45379,-42.886482,-39.019093,-39.97538,-43.429703,-44.60553,-44.12737,-45.38723,-45.82304,-46.937256,-47.843407,-48.307766,-50.515877,-51.836708,-50.616364,-51.53397,-54.075104,-54.96656,-53.63717,-54.042362,-52.8746
2176,True,-22.140804,-27.93224,-27.473904,-34.010014,-31.46775,-33.48708,-38.25301,-39.850723,-35.504917,-39.585316,-38.908848,-39.908707,-39.98816,-42.382294,-42.727295,-43.171783,-44.320183,-43.628292,-44.010777,-46.414494,-45.765717,-48.890327,-48.770515,-49.088207,-49.440887,-49.741837,-50.966553,-52.883114,-52.930378,-53.556274,-55.74993,-53.482048
2208,True,-25.423794,-28.380785,-25.685379,-31.468527,-34.79764,-31.810669,-38.702072,-38.471035,-40.26815,-41.618656,-43.74065,-40.815544,-42.99313,-44.3524,-44.53457,-43.46292,-44.98458,-44.183517,-44.83783,-47.952515,-47.260975,-47.03351,-48.224506,-47.220787,-49.79821,-50.342743,-51.605373,-51.748222,-52.47857,-53.634453,-55.864685,-54.470173
2240,True,-30.557959,-28.213024,-25.2444,-31.430927,-33.594627,-32.887997,-36.81584,-35.609276,-38.859566,-39.841293,-40.187107,-43.686707,-45.10338,-43.54152,-43.860645,-41.212494,-44.736362,-43.005157,-44.61498,-44.780396,-46.695885,-47.234325,-47.57302,-47.75023,-50.77926,-51.14894,-50.484177,-52.831314,-55.476196,-53.519203,-55.839153,-55.58548
2272,True,-24.11279,-25.940992,-31.00973,-31.625832,-33.90876,-37.519955,-39.031433,-37.452087,-38.271626,-41.41029,-39.169167,-43.412354,-45.545547,-42.771866,-43.709793,-43.248055,-45.012085,-47.035427,-46.814953,-45.90091,-46.75554,-47.608803,-47.32616,-48.193493,-48.378887,-49.146034,-51.427315,-52.539997,-54.672283,-54.10996,-55.151447,-55.24422
2304,True,-27.448029,-31.14149,-27.653637,-32.46767,-36.063778,-37.02071,-37.124165,-38.275787,-37.406227,-39.786446,-39.58184,-43.150856,-42.15103,-42.08085,-41.05681,-42.3727,-46.210716,-44.947163,-44.825165,-45.75014,-47.52709,-46.347652,-49.568367,-50.857895,-50.528625,-49.84238,-51.83828,-51.979046,-53.753887,-53.29496,-54.876724,-53.01765
2336,True,-26.810667,-30.109835,-31.713467,-31.31342,-35.32518,-35.55693,-36.11426,-40.853012,-38.66362,-40.1376,-43.972115,-37.70301,-40.496758,-42.19542,-43.58808,-40.87765,-42.502384,-44.415222,-44.51633,-46.316544,-46.359257,-48.349987,-48.212486,-48.291397,-49.166756,-50.449352,-51.780785,-51.75493,-52.8552,-52.84974,-55.540997,-54.96584
2368,True,-29.09655,-31.90769,-29.854729,-32.28296,-37.141884,-31.573057,-34.6305,-39.44056,-39.85453,-40.993073,-40.7297,-38.11628,-40.96493,-42.27401,-42.181286,-42.80504,-44.7808,-45.447384,-44.729362,-44.216423,-44.392036,-47.05765,-50.97106,-49.777416,-50.7808,-48.54959,-49.451504,-50.936184,-53.192944,-53.139553,-54.775997,-54.200027
2400,True,-26.604612,-28.087559,-30.531284,-30.352978,-35.013027,-31.679253,-39.999023,-39.768948,-39.372814,-41.294537,-38.668026,-41.726135,-42.109467,-42.87526,-43.042793,-43.284622,-46.38838,-44.561684,-48.02837,-48.922596,-48.69597,-46.324127,-46.488136,-49.218452,-49.462475,-50.094563,-51.31864,-52.94835,-53.15795,-52.901237,-54.45191,-52.602074
2432,True,-21.488417,-30.228632,-27.610348,-30.749973,-32.57425,-35.356197,-37.545025,-39.022354,-38.410927,-42.007126,-40.708176,-39.232475,-43.47206,-44.674816,-44.366173,-43.202442,-47.631207,-45.717186,-45.85586,-46.696896,-47.930534,-47.033123,-47.443256,-47.52148,-50.433357,-49.485275,-49.7042,-50.992416,-53.371803,-53.310783,-55.048252,-54.234848
2464,True,-27.414644,-29.279558,-32.18702,-35.583565,-33.059307,-31.77264,-37.44231,-38.68937,-34.605232,-41.72504,-44.62774,-41.189552,-41.314697,-42.13682,-45.543465,-46.718857,-47.731014,-45.178814,-44.98046,-45.48038,-45.01847,-47.27504,-49.677032,-48.11109,-49.164993,-48.717632,-48.33311,-51.896244,-53.51317,-54.08155,-55.053753,-55.188393
2496,True,-27.888218,-26.841581,-27.729837,-34.278473,-36.233307,-33.425995,-38.642048,-39.94806,-39.360214,-43.79891,-42.166325,-44.94631,-41.095856,-39.820305,-45.35888,-43.22354,-43.65468,-44.302197,-45.732533,-46.06076,-46.498444,-47.36999,-48.16818,-47.905,-50.46358,-51.18828,-51.74179,-51.85905,-54.470364,-53.1374,-53.553658,-54.090843
2528,True,-24.985487,-28.466362,-27.8499,-26.973703,-31.170837,-33.693752,-38.098732,-34.634117,-37.18209,-36.06951,-42.357506,-40.722546,-40.05185,-39.530014,-43.231728,-45.669716,-46.36705,-43.585426,-45.050667,-48.18674,-47.014675,-46.940865,-50.017616,-48.478386,-47.530502,-50.08085,-50.840168,-52.18934,-54.284607,-52.55434,-54.715157,-54.755318
2560,True,-26.459217,-30.646646,-31.954641,-29.899424,-32.54549,-37.095936,-39.483303,-38.988556,-40.217514,-39.61199,-43.327477,-41.7677,-41.523685,-42.81384,-46.080227,-41.790485,-44.451256,-43.787365,-44.47264,-44.840084,-46.802658,-46.725792,-46.720955,-46.99369,-50.20079,-50.13262,-48.35582,-51.34056,-52.979336,-51.991924,-53.89828,-53.82091
2592,True,-28.055504,-27.015732,-30.884438,-33.63659,-32.482563,-32.373302,-37.221355,-36.39287,-37.920147,-38.625313,-40.031013,-45.146286,-40.080795,-41.737972,-41.293636,-41.148094,-41.28695,-46.04226,-47.17091,-46.308193,-45.736214,-47.23075,-48.04377,-48.799152,-49.457478,-48.899807,-48.946236,-52.130642,-53.70243,-53.460884,-54.37264,-52.73761
2624,True,-24.457748,-28.06372,-27.51831,-33.859657,-37.507572,-32.862762,-35.54474,-37.858273,-40.905792,-41.966396,-42.660213,-41.20094,-42.659267,-40.1652,-38.612095,-41.994164,-42.124405,-45.72401,-46.631363,-48.304268,-47.354584,-48.062325,-47.233322,-47.58081,-48.49482,-50.417046,-52.238396,-52.726784,-54.05668,-53.054245,-53.788677,-54.654762
2656,True,-22.689213,-30.383673,-34.687675,-34.21123,-33.05965,-33.675533,-39.99657,-41.971733,-42.68196,-40.60921,-39.801792,-43.99307,-43.141197,-45.62892,-44.40056,-44.57955,-42.917435,-45.13226,-44.77814,-45.541744,-46.11292,-47.737255,-46.51274,-47.71523,-50.357376,-49.354397,-50.521362,-50.813618,-53.268562,-52.813286,-53.873375,-54.553024
2688,True,-24.61552,-31.77123,-28.288132,-31.806942,-37.078915,-33.588135,-37.38316,-37.42195,-35.609444,-40.377594,-38.35873,-41.147026,-41.376785,-41.597218,-43.25028,-43.80136,-43.127674,-43.01704,-43.877254,-44.56111,-47.01,-46.70767,-46.57887,-48.138702,-52.16178,-51.078842,-50.759705,-51.847797,-54.15995,-53.74019,-53.341072,-54.313618
2720,True,-27.279837,-31.562435,-25.355526,-31.88339,-36.690983,-33.288506,-36.320637,-34.257984,-39.746437,-40.950935,-40.340157,-39.488472,-43.53687,-44.115864,-40.388493,-44.382698,-41.78443,-44.29805,-46.914497,-45.31557,-47.22062,-47.81382,-49.500122,-47.851913,-48.35444,-49.117237,-49.81081,-51.990074,-52.992752,-53.902416,-54.66501,-54.296535
2752,True,-26.54053,-29.928846,-31.410494,-34.101353,-32.519714,-32.16413,-37.274826,-38.00526,-36.456966,-39.490982,-41.379986,-43.648186,-45.211792,-41.86853,-41.826942,-42.986874,-43.41393,-40.352398,-45.880398,-45.973404,-43.833755,-44.70353,-47.447968,-48.93633,-51.133423,-50.27947,-50.693645,-51.610123,-53.112724,-53.461834,-54.156574,-52.8718
2784,True,-23.372381,-28.553402,-27.973902,-30.402023,-33.71693,-31.976614,-36.009743,-38.80688,-40.735443,-44.253143,-43.581657,-44.577908,-39.574455,-42.793728,-43.318516,-44.121403,-42.45338,-43.69403,-43.062992,-46.611637,-45.97601,-45.735405,-47.318977,-47.238953,-50.005527,-50.670734,-50.748447,-51.98739,-54.70449,-53.903435,-53.44551,-54.552574
2816,True,-23.329578,-28.508804,-26.35931,-31.410858,-35.183594,-35.0017,-39.11485,-38.880802,-37.714848,-41.735855,-40.457565,-38.64269,-40.738495,-42.11781,-46.57641,-44.922386,-42.39814,-43.03756,-45.786568,-44.59976,-44.736233,-48.212135,-47.463387,-46.98346,-50.779892,-50.12938,-50.140972,-52.284122,-53.355297,-53.14673,-54.05142,-55.48269
2848,True,-26.969166,-27.376547,-26.616022,-28.881096,-34.59981,-36.616478,-38.452293,-37.62204,-38.97605,-41.28662,-40.462563,-38.718693,-40.453716,-42.484325,-44.74667,-43.699745,-43.953773,-44.849617,-45.064133,-44.320866,-43.357323,-47.253017,-48.204956,-48.807915,-49.5228,-50.033295,-50.76498,-53.65828,-53.62894,-53.191677,-54.97162,-54.47107
2880,True,-26.28656,-27.320967,-30.568773,-29.939373,-32.647205,-35.00774,-39.74357,-41.20066,-42.513348,-39.146442,-39.555767,-39.220577,-42.248444,-42.3605,-42.840828,-45.08875,-43.657604,-42.633877,-43.896996,-45.00518,-45.011066,-47.144676,-47.475006,-48.8455,-50.365646,-50.390682,-51.026276,-52.550884,-54.302025,-53.91521,-55.195244,-53.209427
2912,True,-29.198187,-29.16349,-23.911316,-26.729109,-35.218643,-36.091953,-38.729687,-41.364346,-41.426235,-41.99131,-42.272232,-42.57584,-42.593197,-42.40196,-45.787186,-45.72971,-43.4259,-45.655403,-44.910767,-45.012413,-47.465473,-48.459747,-50.513935,-49.90993,-48.566017,-49.84404,-49.762825,-51.017815,-53.56794,-54.095364,-55.18599,-54.214157
2944,True,-27.753101,-30.7179,-28.943464,-30.546686,-36.003452,-31.246944,-36.864143,-37.29799,-34.245945,-38.422276,-41.031666,-40.096928,-41.410984,-45.66921,-44.633755,-42.97863,-42.093895,-45.011044,-44.428543,-47.30797,-46.21079,-48.406815,-49.426056,-48.57653,-50.759926,-50.144768,-50.3974,-50.860733,-52.864975,-52.14815,-53.22411,-52.268505
2976,True,-24.82484,-29.402164,-29.511799,-30.608824,-33.452244,-36.347744,-36.106,-38.493393,-36.069645,-39.410297,-38.85752,-40.890957,-40.977535,-44.376125,-44.469955,-44.586082,-42.781204,-43.430405,-46.415764,-48.770084,-46.420254,-46.229103,-48.051144,-50.655766,-47.82896,-49.360065,-50.372833,-52.069214,-53.60287,-53.758965,-54.651405,-55.698452
3008,True,-26.788769,-27.276876,-34.11776,-36.900402,-35.104935,-32.313087,-37.504105,-37.595222,-38.304134,-38.475597,-45.611958,-43.47352,-45.20794,-43.18533,-44.52503,-44.073395,-43.756607,-43.134937,-44.593674,-47.439304,-48.111816,-47.91527,-49.149605,-48.28207,-49.944424,-51.31216,-49.748154,-50.856155,-52.548744,-54.019714,-56.518673,-55.511913
3040,True,-26.521814,-30.980434,-29.240059,-30.9955,-33.440117,-34.115948,-40.94295,-43.224144,-42.00573,-41.70868,-38.184776,-40.053272,-40.52095,-42.715794,-44.059532,-44.797215,-47.599808,-46.879368,-44.740597,-46.462357,-46.44041,-46.525684,-48.978912,-47.400345,-50.125996,-50.02986,-50.43615,-51.60572,-54.370647,-54.3779,-55.169735,-53.8948
3072,True,-27.361603,-29.381054,-31.450941,-32.165012,-33.61256,-34.838806,-36.58897,-43.455338,-35.05076,-40.20848,-43.446194,-41.610054,-39.049843,-44.55558,-43.229233,-43.314037,-41.103474,-41.40534,-45.662827,-44.94056,-44.469162,-47.15859,-47.64628,-49.2308,-51.030502,-48.54235,-48.293606,-52.319088,-53.156075,-55.24926,-55.220192,-54.069553
3104,True,-29.052612,-26.762894,-30.800297,-35.458473,-36.896698,-31.589626,-34.713306,-40.383434,-40.919754,-38.921906,-42.96864,-42.185463,-40.923447,-44.407394,-44.150387,-43.81769,-42.39923,-45.435417,-46.69012,-47.282314,-45.739494,-47.52794,-48.205566,-44.882736,-50.505634,-49.638237,-50.03486,-51.73945,-52.50288,-53.094593,-53.90246,-53.99231
3136,True,-24.354925,-31.302402,-28.57875,-32.678078,-33.041454,-35.48785,-38.682766,-44.289165,-37.566917,-39.80214,-42.402298,-43.111195,-41.446285,-41.418755,-44.840237,-46.708492,-46.38418,-44.905018,-45.639412,-45.51388,-45.969654,-48.53355,-49.19449,-49.24007,-50.110355,-49.916473,-51.11483,-50.812244,-52.830376,-53.465202,-53.606052,-54.25361
3168,True,-24.135715,-26.812649,-28.70089,-34.60727,-33.691086,-34.90781,-38.904816,-41.73497,-38.03161,-38.453247,-38.907555,-40.92034,-38.147583,-41.86642,-44.52944,-45.340233,-45.205578,-48.26155,-43.64592,-46.285164,-46.974503,-46.456787,-48.467667,-47.703148,-49.73587,-51.256027,-50.17798,-52.15809,-53.29355,-53.862732,-54.782177,-55.9849
3200,True,-26.255552,-28.100641,-29.274681,-32.207153,-36.16087,-38.48055,-40.95654,-41.42773,-40.217953,-43.091755,-40.24807,-39.906162,-40.34433,-42.368732,-44.38305,-43.72268,-43.738552,-43.824993,-45.016373,-46.44246,-45.61,-47.771206,-47.598007,-45.995132,-49.14886,-49.18997,-49.45574,-52.57051,-54.734043,-55.431473,-56.099045,-55.17801
3232,True,-26.966002,-29.834545,-31.776283,-33.09882,-34.729637,-30.831144,-38.67174,-36.481365,-36.326595,-40.466393,-41.491184,-38.44833,-40.57211,-42.598114,-41.46849,-42.336063,-41.814156,-42.78307,-44.43212,-46.04961,-46.497055,-48.82876,-47.44755,-48.470634,-49.96071,-50.385384,-50.633923,-50.940853,-53.001534,-52.105373,-53.75931,-56.07995
3264,True,-26.209013,-29.462563,-28.14936,-29.359543,-34.958122,-33.02984,-38.41076,-37.224075,-37.25821,-38.862278,-39.1749,-40.46988,-40.630226,-41.26343,-42.52841,-43.667984,-42.693256,-44.764816,-44.85742,-43.947563,-44.97807,-48.409798,-49.945087,-48.56348,-50.55923,-51.335182,-51.400623,-52.140556,-52.098503,-51.796806,-53.82547,-53.7104
3296,True,-24.744598,-32.01625,-27.874052,-29.975412,-35.701958,-32.49417,-37.749237,-39.200035,-36.9041,-42.813957,-42.46407,-40.200672,-42.4936,-41.63481,-44.73087,-45.257706,-45.347687,-47.449852,-47.041527,-46.782986,-48.743782,-46.760372,-46.840355,-47.02256,-50.32726,-49.650887,-49.887344,-52.14511,-53.30711,-52.99734,-55.50751,-54.185036
3328,True,-26.445393,-34.039925,-30.163532,-30.892351,-33.61785,-34.869877,-34.84706,-34.80243,-36.880478,-40.950165,-38.220802,-38.97823,-43.69205,-45.029587,-42.960514,-43.976562,-42.163353,-43.068867,-44.64534,-47.731995,-49.506588,-48.188026,-47.553413,-47.988716,-49.058777,-49.725563,-50.78217,-51.524673,-52.854263,-53.075756,-54.20735,-54.686428
3360,True,-24.508278,-28.04921,-27.807283,-32.267426,-35.30719,-30.898493,-36.04382,-35.957005,-35.410362,-45.3756,-44.837154,-41.471386,-42.4451,-43.321236,-43.824673,-42.28083,-41.950462,-45.26818,-45.6868,-44.55075,-46.50961,-46.21985,-47.02478,-48.06215,-48.13479,-50.05085,-50.81076,-52.926693,-54.763084,-54.76615,-55.405308,-54.952995
3392,True,-27.935812,-30.419971,-27.299616,-32.31524,-37.769806,-36.29848,-38.33863,-40.83569,-37.396904,-41.356926,-43.325275,-39.191288,-41.37913,-42.31792,-46.518208,-43.586994,-44.689606,-44.055862,-47.37637,-46.15759,-44.84433,-45.93868,-50.720337,-50.09292,-48.380505,-50.592873,-49.043804,-52.068504,-53.129013,-54.172077,-55.787857,-55.13639
3424,True,-25.186203,-27.529497,-24.71575,-30.561792,-34.785027,-36.860207,-37.5839,-39.3245,-37.63744,-39.213737,-38.854317,-40.896805,-46.132698,-41.040936,-38.746845,-38.76488,-44.54164,-45.39715,-44.823666,-45.16536,-46.350365,-48.222336,-46.147785,-46.851192,-50.38201,-49.817123,-50.56915,-51.053196,-55.21326,-54.98982,-57.115013,-54.94445
3456,True,-24.768448,-26.92516,-26.772165,-31.61338,-32.595337,-37.42452,-39.339077,-37.99068,-40.64788,-41.35656,-38.941578,-41.25737,-41.336105,-44.590794,-43.50377,-43.18642,-44.58381,-44.0158,-45.614304,-47.85803,-46.203865,-49.753803,-48.50288,-47.40384,-50.0054,-50.297783,-50.853333,-51.67774,-52.962322,-54.408497,-54.591347,-53.5168
3488,True,-24.7406,-26.046474,-29.24461,-32.024315,-32.59028,-35.220642,-39.40999,-37.70496,-36.919693,-42.34152,-41.872,-42.092384,-42.270233,-43.30871,-45.231926,-43.738678,-41.108574,-44.39718,-45.89712,-44.54985,-45.11918,-48.340893,-48.877644,-48.396397,-50.037098,-51.355576,-50.786568,-51.98796,-53.83425,-53.414234,-54.746227,-53.17877
3520,True,-23.414268,-26.62544,-29.001575,-33.779556,-33.96262,-36.21781,-37.275043,-37.53195,-43.290936,-40.71304,-40.949818,-41.524933,-40.242126,-42.173584,-41.426006,-43.713783,-45.670246,-46.308342,-46.748062,-47.773987,-46.487156,-46.33307,-48.350113,-48.77562,-49.68336,-49.857143,-49.595814,-52.82993,-53.363567,-54.19704,-54.893997,-54.141014
3552,True,-28.324127,-30.040968,-31.321404,-31.133272,-33.580414,-35.50574,-39.975822,-37.613342,-37.30255,-40.688496,-43.63994,-44.098972,-42.622723,-41.308533,-43.29836,-43.06131,-44.213272,-44.734177,-46.11442,-48.43349,-46.1779,-48.401978,-47.22141,-46.493164,-51.615353,-49.827454,-49.73475,-51.766113,-54.290817,-52.450462,-53.523235,-54.63282
3584,True,-22.470009,-29.889454,-29.002716,-31.43628,-35.839153,-34.82396,-38.02643,-37.83011,-38.437088,-40.73522,-38.442062,-39.43557,-45.405197,-45.543304,-42.369865,-40.24868,-42.705822,-43.563366,-43.514153,-44.385918,-45.69971,-47.28262,-48.757896,-49.849846,-49.792908,-48.861153,-49.858177,-52.003387,-54.521156,-54.029778,-54.646908,-55.29471
3616,True,-22.706259,-30.67856,-32.452496,-32.257076,-34.01519,-32.26625,-37.762966,-39.234123,-36.35655,-41.892708,-39.1677,-39.029716,-44.32946,-43.51072,-42.427822,-42.233814,-45.11741,-42.53935,-43.210594,-44.96325,-44.26539,-47.606514,-48.458958,-47.99376,-48.481823,-49.832535,-49.611088,-51.396755,-53.596634,-52.88517,-54.310223,-55.29461
3648,True,-26.439404,-26.44125,-30.656288,-34.93573,-34.461422,-33.438484,-37.91901,-40.27762,-36.11783,-38.11459,-41.71799,-44.469967,-44.789772,-40.40101,-44.088062,-43.792885,-42.516197,-42.69905,-45.40167,-43.831535,-43.818283,-46.68943,-47.781086,-47.246037,-49.368855,-49.209816,-49.65612,-51.26896,-54.47135,-54.51963,-55.154037,-53.90177
3680,True,-28.851913,-32.310543,-30.813234,-36.644417,-34.63375,-34.957718,-33.558685,-38.999233,-39.26196,-40.45508,-41.052437,-41.066902,-40.24888,-41.195267,-43.202576,-41.5963,-45.387924,-46.946663,-44.405884,-44.624306,-46.266556,-49.212364,-46.601128,-48.463524,-47.967148,-50.3601,-50.039062,-51.097717,-53.363834,-54.159576,-54.188496,-51.632248
3712,True,-25.077555,-33.90679,-31.71108,-36.6931,-31.324692,-36.187172,-36.845524,-38.135998,-36.760273,-38.734974,-42.946053,-43.895306,-42.212135,-39.974,-40.948555,-42.761246,-44.260574,-45.124985,-45.07624,-44.70432,-44.494263,-46.117874,-48.81362,-47.61052,-47.40799,-49.804855,-49.39255,-52.217922,-54.37752,-53.03751,-54.86912,-55.1596
3744,True,-26.189024,-29.370909,-28.114262,-32.372223,-30.349957,-32.57156,-38.6906,-39.978195,-36.021126,-40.79925,-38.18222,-38.78916,-39.80508,-42.83758,-45.45755,-47.922016,-47.46804,-45.125725,-43.286827,-44.18749,-45.842117,-45.81642,-47.062916,-48.50332,-48.119934,-49.858135,-51.05322,-51.40908,-53.267025,-54.004074,-55.088326,-53.270744
3776,True,-28.19236,-30.806648,-31.650106,-32.696987,-32.77071,-36.911392,-38.59903,-33.816177,-38.98415,-45.457428,-41.728176,-40.11564,-40.34339,-41.54026,-40.272427,-41.00009,-41.097473,-43.677773,-47.07389,-46.539173,-46.345924,-47.49292,-45.25888,-46.373898,-49.732506,-51.466557,-52.493248,-52.34018,-53.686157,-53.114525,-56.010532,-54.25815
3808,True,-25.419556,-29.595165,-32.590466,-33.042637,-32.86046,-33.864056,-40.227394,-40.192863,-37.56967,-38.93172,-40.40197,-42.004074,-45.648743,-46.420673,-45.822445,-44.15181,-41.91231,-41.988873,-47.178505,-47.01156,-47.526585,-47.4699,-48.463905,-48.01327,-49.068253,-48.04323,-51.435513,-52.560596,-55.096184,-53.7495,-53.809315,-53.970222
3840,True,-22.848139,-31.80544,-27.99921,-31.038885,-33.43861,-32.780666,-38.9094,-37.358097,-36.345325,-44.644882,-44.885605,-39.91447,-37.5236,-39.92019,-40.436745,-44.957127,-44.33593,-47.903778,-49.762672,-45.358906,-48.03457,-48.329857,-47.285057,-48.754044,-48.93906,-49.760437,-50.692173,-54.315014,-53.75874,-53.505596,-55.579453,-53.817223
3872,True,-22.638037,-30.619936,-28.685312,-30.826126,-30.268932,-32.6893,-40.858746,-38.503395,-39.5331,-43.023495,-36.72704,-38.97026,-41.365524,-41.830444,-43.21508,-42.831993,-44.50514,-46.20809,-46.69363,-46.671146,-48.217255,-47.978226,-48.04787,-46.93195,-49.556564,-50.334717,-49.68308,-50.832314,-52.98094,-51.757835,-53.657433,-53.193165
3904,True,-24.397066,-28.949776,-29.340532,-31.468372,-32.763588,-33.9623,-37.400772,-42.06555,-41.343174,-41.07612,-43.759274,-39.948097,-41.95898,-43.86435,-42.227783,-45.982063,-44.947723,-44.076065,-44.31102,-45.709133,-44.69441,-45.65578,-46.336205,-47.24006,-50.00091,-50.792255,-49.829773,-53.041996,-53.733707,-52.82065,-53.515163,-55.54289
3936,True,-23.910202,-28.273428,-30.013903,-30.733812,-32.920834,-34.69537,-36.280823,-43.82997,-43.40536,-43.737083,-38.60683,-40.317997,-39.29716,-42.536407,-41.84567,-42.14237,-43.529106,-44.320473,-45.03864,-43.28095,-44.987698,-47.191357,-48.420277,-49.748734,-50.345062,-49.87065,-51.379417,-51.94571,-53.33342,-53.466698,-54.679535,-52.958603
3968,True,-25.471436,-26.391947,-32.171394,-32.827175,-34.469975,-34.363113,-37.035374,-37.416603,-39.9705,-41.5267,-42.84052,-40.927986,-41.66699,-44.053135,-46.96495,-44.932938,-44.336544,-44.734608,-46.690975,-47.404972,-47.556232,-48.13669,-47.280113,-48.49726,-49.12228,-50.21485,-51.93689,-52.376423,-53.314877,-54.075317,-54.29683,-54.36654
4000,True,-25.266802,-31.734055,-31.809244,-32.650913,-35.62788,-36.21045,-36.164776,-38.98892,-38.620583,-39.353546,-41.552452,-43.260937,-40.9366,-42.841896,-43.034683,-45.50281,-46.90891,-45.022297,-45.785786,-45.050465,-44.65408,-45.289597,-48.657173,-47.084763,-51.51462,-51.83789,-51.177673,-52.618164,-53.930107,-54.324078,-54.248245,-53.693718
4032,True,-24.203762,-28.172293,-29.055853,-35.198063,-40.638996,-35.13564,-38.028973,-36.090347,-36.74096,-42.00674,-41.73149,-40.669254,-40.975246,-40.757366,-44.587368,-44.09155,-42.748703,-43.721626,-44.428314,-47.090496,-46.016632,-47.326855,-49.02838,-48.182255,-48.77961,-50.10178,-49.89696,-51.95934,-55.011868,-52.98992,-53.64641,-53.838497
4064,True,-27.406824,-31.460764,-27.238209,-31.318567,-34.622772,-32.24104,-35.801716,-38.36924,-36.493317,-40.502926,-41.106102,-38.38245,-42.036705,-40.569683,-43.849903,-41.280373,-42.42436,-45.355946,-43.844566,-46.749607,-47.952286,-48.344963,-48.082657,-47.40141,-48.708282,-50.282063,-49.157516,-52.263016,-55.225674,-53.70775,-53.718895,-54.78641
4096,True,-24.93517,-27.952757,-27.480602,-30.666864,-34.109447,-35.673492,-38.51835,-40.709347,-37.465805,-39.412685,-38.444725,-42.4215,-42.10428,-42.02673,-40.000645,-41.6542,-44.26197,-43.383507,-45.588413,-47.11886,-46.622993,-46.180992,-46.229343,-48.32893,-50.67484,-48.843124,-51.12806,-52.15531,-54.698315,-52.890438,-53.78891,-54.364452
4128,True,-25.019152,-26.055481,-31.329538,-33.166756,-31.847486,-29.73676,-39.64603,-38.484947,-38.58455,-44.91015,-45.280003,-39.123447,-39.80535,-42.847103,-45.25708,-44.178688,-44.9768,-44.249344,-43.065308,-46.877552,-47.00914,-47.36944,-46.6592,-46.93155,-50.908695,-50.352562,-49.945484,-52.51725,-54.99447,-53.32329,-55.83311,-54.899223
4160,True,-27.86397,-33.878845,-28.743982,-33.077885,-35.08724,-32.670002,-35.885006,-37.1721,-38.84857,-40.76082,-40.41119,-42.21935,-40.9799,-41.932457,-41.791595,-43.237877,-43.086166,-42.292747,-42.92678,-47.148712,-48.489223,-47.584175,-46.227173,-49.571033,-49.379005,-49.01902,-51.06154,-51.62535,-53.90229,-53.373665,-53.103657,-53.193645
4192,True,-27.999264,-31.466883,-28.343113,-30.153416,-35.53269,-35.105766,-37.010826,-36.509872,-39.493366,-47.402473,-43.918625,-40.123848,-40.481216,-41.93781,-40.967728,-43.969208,-41.630196,-45.99526,-45.3239,-47.598114,-45.513977,-48.511272,-47.995266,-51.429592,-50.932472,-52.525253,-50.80128,-52.160652,-53.822437,-53.313667,-53.326614,-53.560123
4224,True,-25.577374,-30.734158,-29.468958,-29.732065,-30.992718,-31.414036,-39.72815,-37.784992,-37.922604,-40.15127,-42.45779,-41.603397,-43.646797,-43.280296,-41.322826,-42.61151,-43.41546,-46.578106,-45.574028,-46.59536,-46.287045,-47.23747,-46.41565,-48.208637,-49.38419,-49.004345,-49.951096,-51.647953,-56.074875,-53.73176,-54.135933,-54.696663
4256,True,-24.94507,-27.731401,-26.68545,-30.52605,-32.78666,-34.152187,-39.006813,-38.96583,-39.47264,-43.124355,-41.409103,-42.349106,-42.731445,-42.701042,-38.319946,-41.78476,-41.85133,-43.602173,-44.797127,-44.962234,-44.09643,-48.432983,-46.837788,-48.73747,-49.971344,-49.639977,-50.076347,-50.625366,-53.48413,-53.53104,-53.99628,-54.725502
4288,True,-26.286802,-29.84706,-28.164612,-34.420364,-36.976917,-35.05255,-33.652782,-38.25858,-39.30332,-36.91897,-39.23041,-39.598915,-39.14243,-39.79353,-43.142242,-42.47618,-41.568253,-42.073765,-44.37282,-46.836403,-47.488075,-47.079796,-46.42459,-48.264088,-49.180275,-49.63542,-49.92519,-51.89461,-54.11611,-54.00731,-55.37755,-54.78408
4320,True,-28.436447,-31.165209,-27.33344,-28.881845,-33.56382,-36.669044,-38.648396,-37.852894,-38.407,-39.472626,-38.869114,-39.10811,-44.110313,-43.058304,-43.509872,-39.249954,-42.393326,-43.381115,-44.482857,-47.19718,-49.181488,-47.550655,-47.52305,-47.831158,-50.58954,-50.41781,-50.299408,-53.07473,-54.58477,-53.397026,-55.342766,-55.873055
4352,True,-25.671799,-28.603386,-30.007784,-35.51764,-33.81086,-34.55478,-40.536457,-40.267162,-38.504654,-38.47605,-42.468456,-36.34888,-43.095734,-45.529095,-41.40329,-41.635593,-43.034332,-44.819023,-45.09014,-47.69516,-46.935,-47.35702,-46.7986,-48.481537,-51.10595,-50.748882,-48.688255,-49.78619,-53.539436,-53.340935,-54.9926,-54.047108
4384,True,-23.794178,-31.463097,-28.146908,-33.41462,-34.185333,-33.864716,-38.358143,-36.864418,-42.705654,-42.60843,-41.59651,-42.223236,-41.032745,-42.812943,-40.80748,-40.626408,-42.59811,-43.743206,-46.898354,-48.566093,-47.522472,-47.889755,-47.94254,-48.98216,-48.98249,-48.930344,-49.38926,-51.691948,-52.965145,-54.51687,-55.803642,-54.00845
4416,True,-25.434643,-28.377647,-27.826958,-31.262695,-34.49064,-35.60058,-36.520985,-37.455753,-37.334606,-41.143112,-40.876793,-40.238575,-42.665924,-41.498608,-40.739002,-41.953583,-41.84211,-43.450676,-44.424767,-46.796753,-46.172634,-47.37494,-49.48465,-48.122253,-48.540756,-50.618633,-50.12657,-52.028732,-53.90837,-53.60659,-55.018654,-52.570454
4448,True,-27.55768,-26.710127,-26.838644,-31.912224,-33.8444,-34.05961,-38.361214,-36.51776,-34.681763,-41.417015,-40.514343,-42.567097,-41.466118,-42.387047,-42.029236,-43.637016,-45.70523,-43.498978,-45.893196,-46.534164,-46.06787,-45.870537,-46.539703,-47.395435,-49.729546,-50.38292,-49.63737,-52.399284,-54.09834,-53.436947,-53.959625,-53.886063
4480,True,-24.060934,-30.70122,-27.753147,-28.552744,-32.16575,-34.552704,-37.930473,-35.90672,-39.91008,-40.538277,-37.975677,-41.506386,-43.721943,-42.887615,-41.536335,-41.137047,-44.33494,-43.024788,-44.30818,-48.05922,-47.2995,-48.81046,-48.896862,-49.429085,-49.371994,-49.517303,-50.543724,-51.237072,-54.077793,-54.221436,-55.280094,-55.600883
4512,True,-27.659369,-27.58527,-25.015652,-31.382238,-36.188053,-35.16523,-37.808838,-40.006863,-36.874878,-38.93775,-39.282013,-44.130753,-41.725517,-41.860676,-42.746468,-42.360806,-42.37919,-43.96477,-45.14161,-45.632267,-45.313614,-44.165337,-46.400955,-49.043816,-50.18351,-50.12031,-48.644806,-50.89743,-54.000923,-53.674988,-55.255352,-53.52604
4544,True,-27.395037,-27.770756,-33.346985,-32.59109,-35.967842,-38.47129,-35.66855,-36.596226,-39.670906,-39.529198,-40.22602,-39.89603,-41.518955,-39.35941,-42.37332,-42.157368,-41.283592,-41.82994,-43.6616,-46.65794,-46.30264,-46.44771,-48.05656,-49.976925,-50.18595,-49.789474,-50.073364,-53.18832,-53.107662,-52.79315,-54.74732,-54.759514
4576,True,-26.234694,-30.434427,-28.071896,-32.29644,-32.090942,-33.556038,-39.431103,-40.87292,-41.12113,-41.604378,-43.822308,-39.61218,-39.501934,-41.43518,-42.947433,-39.77012,-41.251343,-45.18158,-45.835186,-46.538185,-47.006603,-48.027115,-49.36814,-48.702694,-48.2742,-50.445004,-51.09032,-50.764812,-53.620834,-52.921394,-54.604515,-54.67983
4608,True,-28.956081,-30.227165,-31.70869,-30.568655,-33.252224,-32.392204,-37.370842,-39.027836,-36.897198,-39.309795,-39.728214,-44.76026,-45.243538,-44.46502,-41.91776,-43.537445,-45.273773,-44.97338,-45.042797,-46.70796,-46.826675,-45.256775,-50.031487,-50.018887,-50.476692,-49.873573,-50.303818,-51.783604,-52.731266,-53.24391,-55.627117,-54.03473
4640,True,-27.590101,-30.36805,-27.041592,-32.77218,-32.569324,-33.33065,-33.6213,-33.707165,-38.305298,-40.47381,-42.214966,-40.304924,-41.2223,-42.69036,-43.91495,-42.306267,-41.727264,-42.442074,-45.560646,-48.85112,-44.748898,-45.778927,-48.487934,-47.885582,-48.93053,-48.82921,-48.56601,-53.174015,-55.483116,-53.444096,-54.45683,-53.83599
4672,True,-24.792591,-28.34625,-31.714401,-29.90305,-31.109047,-30.96633,-38.241753,-39.718994,-39.616497,-41.159843,-41.688465,-42.24316,-40.16063,-40.121685,-42.761627,-40.877655,-43.39033,-45.03063,-46.416832,-44.959885,-43.00407,-46.37818,-48.460903,-47.806965,-50.290794,-49.957104,-50.23462,-51.551254,-54.39432,-54.116154,-54.93152,-55.99122
4704,True,-26.446278,-29.418468,-30.28679,-35.59196,-35.6146,-34.162155,-36.400543,-35.82787,-35.96403,-38.866745,-41.66961,-41.67715,-40.24115,-39.9793,-41.58008,-43.163906,-42.952217,-46.217995,-46.077614,-46.306553,-46.195225,-47.46641,-48.495144,-50.220055,-50.784576,-49.39695,-51.2218,-53.19471,-54.51063,-55.352585,-55.004677,-52.62163
4736,True,-23.231813,-29.317839,-29.997866,-28.820496,-31.929266,-34.78811,-38.496986,-39.130676,-41.14922,-39.567238,-43.48111,-41.168716,-42.40788,-42.09989,-42.41703,-42.240433,-47.538086,-46.78707,-45.58052,-47.66934,-46.294777,-45.96469,-47.975826,-47.876835,-50.83494,-50.467052,-50.87645,-52.053143,-52.516716,-52.024746,-52.896744,-50.99102
4768,True,-25.0136,-31.796091,-34.168354,-33.777264,-30.590277,-35.959248,-42.206566,-37.9203,-40.512405,-46.396145,-40.18442,-35.369133,-40.96445,-43.939724,-42.02304,-43.899303,-44.66932,-46.389774,-46.41128,-45.45458,-45.789227,-45.680687,-46.589195,-47.00242,-50.507652,-50.751842,-48.57033,-51.2732,-53.812653,-54.38168,-54.380447,-54.42057
4800,True,-23.469486,-27.539211,-28.179617,-30.84997,-33.681187,-35.057037,-41.577553,-40.841564,-41.24202,-38.264114,-39.60338,-39.83059,-41.766567,-42.10701,-46.48773,-46.67008,-43.770103,-46.27808,-44.89312,-45.48382,-44.97951,-46.721367,-47.33557,-47.708965,-50.0634,-49.345444,-50.356873,-51.404945,-54.39043,-54.401604,-55.58528,-53.971897
4832,True,-29.11198,-29.732458,-29.618164,-35.261772,-38.56606,-35.130356,-38.483032,-37.615475,-37.42185,-39.134834,-40.21908,-41.390846,-41.913246,-42.566948,-42.13058,-42.060707,-42.00205,-44.74907,-46.110115,-44.748806,-46.164623,-46.1643,-48.07988,-47.94939,-50.243477,-49.32213,-49.2492,-51.77929,-54.402245,-53.26788,-54.623283,-54.86347
4864,True,-28.342087,-31.501575,-30.337412,-33.019432,-36.596104,-35.675484,-38.47649,-36.67447,-38.704597,-41.076702,-41.262856,-38.143894,-39.270023,-40.2987,-42.863007,-41.121117,-41.12205,-42.55535,-45.800217,-45.80647,-44.34088,-48.055527,-46.689854,-46.734337,-49.24055,-49.925224,-48.884544,-51.7586,-54.535046,-52.769222,-54.64348,-56.016266
4896,True,-26.873055,-29.319124,-28.023691,-31.348314,-33.886932,-36.33551,-38.36684,-36.79892,-39.81536,-43.458435,-40.4232,-38.85858,-41.843178,-40.893715,-41.661663,-42.547646,-41.76506,-43.228073,-44.171043,-45.034912,-44.41848,-46.158905,-47.880615,-47.492413,-49.435806,-49.361897,-50.06384,-52.063023,-54.843273,-53.746307,-54.458733,-53.96107
4928,True,-23.73344,-30.37946,-25.596214,-30.795227,-34.757156,-36.99191,-34.693493,-33.49147,-37.42746,-42.13322,-41.853004,-42.23795,-43.984905,-45.880356,-45.372025,-41.099236,-43.61187,-44.641,-44.49734,-46.1224,-44.772263,-46.332493,-48.351883,-46.511833,-48.57128,-51.91922,-52.172882,-51.87906,-54.588932,-52.901722,-55.194317,-54.34899
4960,True,-26.2428,-31.267113,-28.931202,-30.89221,-32.921352,-35.326183,-39.513603,-37.317497,-35.880817,-42.082855,-41.94199,-43.030056,-43.787903,-46.241894,-45.810257,-43.61463,-44.463448,-45.28055,-45.49102,-44.78706,-47.941895,-48.741005,-50.71211,-49.058857,-50.574455,-50.68383,-50.779182,-52.09855,-54.69461,-54.393063,-55.41363,-54.129173
4992,True,-24.931433,-28.721786,-30.914412,-36.55123,-37.335266,-33.94628,-37.94359,-41.87941,-40.291153,-42.61734,-41.551422,-38.937332,-40.70313,-39.879772,-42.206196,-44.267334,-42.38462,-44.41824,-46.783848,-45.21091,-46.146782,-45.605118,-47.41146,-49.36823,-49.43962,-49.107796,-50.881886,-52.93289,-54.83854,-53.096916,-53.512096,-54.57604
5024,True,-26.252615,-25.862055,-30.237846,-35.77599,-29.724733,-32.16491,-37.059982,-38.108078,-37.888233,-40.857582,-39.12658,-44.78683,-44.268574,-40.616493,-39.50257,-42.211746,-43.023064,-44.37213,-45.166965,-47.743103,-46.18206,-47.647404,-49.03782,-47.675938,-50.841736,-48.599014,-51.002598,-52.34373,-55.456127,-52.82993,-54.180813,-53.940144
5056,True,-24.854534,-29.649122,-30.45582,-30.90927,-33.25626,-31.520624,-36.443367,-38.49132,-37.68711,-39.772915,-37.93225,-39.502625,-43.376015,-43.614838,-42.810036,-43.712532,-44.304726,-44.37928,-42.48825,-43.0244,-44.143547,-46.80423,-50.071747,-48.251656,-49.61626,-49.563427,-49.947315,-51.342285,-52.506233,-52.814293,-53.995533,-53.677414
5088,True,-25.28685,-29.840937,-29.120274,-30.001297,-35.131527,-34.90374,-38.26429,-37.034164,-36.323765,-40.924675,-40.737495,-41.643772,-39.64025,-43.42337,-43.72507,-42.456512,-43.429123,-42.315327,-44.0719,-46.662834,-45.642685,-47.287773,-46.51451,-46.92617,-52.017464,-51.15122,-50.463287,-50.828514,-54.02161,-53.064846,-53.231697,-52.73311
5120,True,-29.052464,-28.622192,-26.30535,-30.158308,-38.09615,-39.399418,-39.682995,-38.611618,-37.102516,-39.657463,-44.392982,-42.232674,-40.657913,-42.164894,-41.710888,-39.96718,-42.33881,-43.467106,-45.1158,-47.152145,-45.47369,-47.971497,-48.379208,-47.576645,-49.094948,-49.30461,-49.146408,-51.676704,-53.376865,-52.770115,-53.80822,-52.982212
5152,True,-22.063444,-33.707664,-28.083193,-30.595276,-36.02196,-37.990677,-35.72032,-40.095383,-38.84794,-37.463795,-41.906654,-42.409676,-45.52122,-43.9896,-42.47732,-42.46225,-41.84772,-43.932518,-44.095734,-47.24554,-48.007202,-48.55079,-46.345573,-47.233196,-49.16941,-51.57123,-50.656914,-51.099316,-54.524185,-53.949474,-54.59828,-54.32702
5184,True,-23.621765,-30.486116,-29.772053,-32.460476,-32.643402,-33.90167,-36.96546,-38.9618,-38.74701,-39.80158,-39.559765,-39.98454,-38.937218,-44.825233,-45.585777,-45.494175,-44.394188,-43.720592,-46.13997,-47.627472,-46.828354,-49.421,-48.876324,-48.77975,-49.910904,-50.50151,-52.719173,-51.756596,-53.974068,-53.852886,-55.761982,-53.893936
5216,True,-28.768421,-31.121193,-31.879005,-33.32932,-35.57955,-35.436825,-39.13998,-37.784607,-38.87652,-39.503128,-39.867683,-39.250237,-42.897854,-41.38882,-42.599854,-41.978546,-42.421013,-45.020008,-46.848698,-48.24381,-44.784737,-47.15676,-48.007446,-48.22815,-49.364006,-51.58369,-50.158005,-51.2447,-54.402027,-53.6642,-55.263477,-53.761898
5248,True,-23.827835,-29.984245,-28.255856,-31.62032,-33.97306,-32.0693,-36.32917,-38.621735,-36.747257,-40.663715,-40.170067,-41.977673,-42.119865,-43.31334,-41.962086,-43.16633,-42.867287,-43.93567,-46.064373,-45.65645,-46.50429,-46.755295,-48.913925,-49.505234,-50.776833,-51.008156,-48.9925,-51.634563,-53.52813,-54.114662,-54.591087,-54.17475
5280,True,-28.195284,-29.681484,-29.247189,-32.109474,-31.426756,-31.641882,-36.954666,-37.756973,-41.77832,-41.27012,-44.218163,-42.926132,-42.841423,-41.63201,-43.780792,-43.828957,-43.839485,-45.141716,-45.939823,-45.237602,-47.311684,-45.483475,-46.78949,-48.392998,-49.652615,-49.86051,-51.014217,-51.37449,-52.699722,-51.823036,-54.10095,-54.339596
5312,True,-28.549177,-30.234308,-33.556587,-33.40612,-31.61139,-31.40933,-35.40399,-36.72074,-40.057877,-41.31573,-39.870083,-40.780174,-44.846386,-47.490494,-40.109398,-42.361904,-43.692665,-44.504436,-43.674206,-42.139626,-44.087887,-46.16495,-47.804127,-48.151108,-48.412918,-49.32155,-49.30557,-52.832672,-55.04385,-54.190144,-55.10159,-54.88197
5344,True,-27.072632,-28.698408,-28.82087,-31.94622,-34.431763,-34.464054,-38.954346,-37.543774,-38.07588,-40.584587,-41.93631,-40.138435,-42.015686,-39.505585,-41.42311,-43.3275,-42.223167,-43.881973,-47.482506,-46.594433,-47.436375,-47.37046,-47.185017,-45.81673,-50.047127,-50.707214,-50.62655,-51.581963,-52.88978,-53.96959,-53.98829,-53.511356
5376,True,-25.850739,-30.700369,-30.851591,-30.252245,-38.208347,-32.268322,-35.375473,-39.020756,-40.30281,-40.791416,-42.782513,-45.38923,-45.58506,-43.60601,-43.025276,-44.66072,-46.64076,-45.6748,-48.810062,-47.91325,-50.528786,-47.614998,-47.410072,-47.634697,-49.2717,-51.190258,-49.82327,-51.101097,-52.888546,-51.79827,-54.36756,-53.801273
5408,True,-27.14233,-31.43621,-33.00775,-32.202675,-36.775566,-34.85168,-39.45164,-42.07521,-40.281723,-41.063454,-43.2185,-42.96803,-43.28131,-43.539894,-43.061405,-44.23231,-42.894302,-44.764156,-46.982227,-47.90528,-49.09721,-47.41546,-47.265514,-49.82491,-49.889023,-48.65778,-51.619343,-51.217415,-52.76135,-53.796043,-55.11648,-55.335163
5440,True,-24.532797,-29.670406,-29.169598,-31.009373,-34.519444,-33.55993,-39.045357,-35.826946,-34.696613,-40.050167,-41.70551,-39.710934,-42.133175,-41.30472,-42.475277,-46.420193,-45.41763,-44.392685,-47.97323,-45.980297,-45.06655,-46.552814,-46.692677,-46.321365,-48.290344,-50.407402,-49.720703,-51.76536,-53.144375,-53.862617,-54.96457,-54.185112
5472,True,-30.671154,-30.921711,-27.868233,-34.712402,-35.400997,-36.040142,-39.570354,-38.041595,-38.268936,-40.36347,-44.29224,-43.60354,-39.75456,-43.498955,-43.152027,-42.753838,-44.928314,-46.2187,-45.296474,-46.291027,-45.63147,-47.520107,-48.22175,-49.161686,-50.621994,-50.952362,-50.663143,-53.25763,-54.375404,-53.929516,-55.94539,-54.82
5504,True,-28.316303,-27.171137,-31.19629,-35.02591,-35.426716,-34.061314,-41.32634,-41.456482,-42.21708,-40.818924,-41.46202,-41.17697,-38.76168,-45.598366,-45.57375,-42.43713,-43.79656,-45.23779,-44.19661,-46.92569,-46.55155,-44.279686,-44.888023,-46.392025,-49.741394,-49.707405,-50.012733,-53.09371,-54.0834,-55.040604,-54.751812,-53.344376
5536,True,-24.14893,-32.01438,-30.038017,-33.47625,-36.819416,-32.33065,-39.1493,-39.92803,-35.616352,-40.23653,-41.64113,-42.194103,-40.64612,-46.224613,-44.79194,-42.571262,-43.68174,-45.027557,-47.098648,-47.206696,-46.413406,-48.52243,-48.872185,-46.942326,-48.991966,-49.91892,-49.970913,-51.352486,-53.74446,-53.63012,-54.47724,-54.08489
5568,True,-22.728975,-29.317524,-28.033571,-33.349026,-34.95883,-34.280464,-37.535595,-38.956573,-37.577736,-40.296597,-41.58394,-41.11164,-40.325962,-41.770634,-45.837826,-41.400417,-45.87185,-45.689537,-46.004787,-46.18299,-45.49818,-47.08952,-47.665833,-50.57721,-52.33104,-54.26235,-51.732197,-50.33041,-52.919483,-52.55819,-54.353226,-53.96707
5600,True,-26.559528,-28.284128,-25.29723,-32.549786,-36.98417,-39.698265,-39.640045,-36.630016,-38.81295,-43.940063,-42.29129,-36.970898,-37.752205,-40.857224,-39.69086,-40.47735,-43.11165,-44.60583,-47.158485,-47.330395,-45.709614,-46.03164,-48.183105,-49.89586,-52.583298,-49.93827,-49.236374,-51.68956,-53.194336,-53.15976,-54.498398,-54.564457
5632,True,-29.627077,-31.035128,-24.95183,-27.49305,-33.5764,-34.29264,-34.421124,-35.61158,-40.780777,-39.611046,-40.11773,-40.781433,-40.73638,-40.226627,-43.579563,-44.6448,-44.0167,-43.7104,-46.6145,-45.50583,-49.501236,-47.604187,-48.18512,-46.91847,-49.59085,-50.742302,-49.72597,-49.956352,-52.65276,-53.095085,-55.27585,-54.786205
5664,True,-28.434872,-30.809605,-31.809307,-36.191463,-33.947186,-33.897537,-35.895237,-39.379288,-41.325462,-44.965027,-40.119663,-40.132256,-42.773445,-44.963154,-44.995056,-46.639942,-47.512726,-48.323055,-45.16839,-49.266743,-47.302135,-45.77507,-46.418747,-46.00655,-51.245445,-49.627274,-48.009598,-51.00779,-54.789383,-53.015213,-54.520344,-53.426517
5696,True,-28.164606,-30.912512,-29.874296,-31.29905,-35.322533,-36.436,-35.72158,-37.613976,-37.559887,-39.943115,-42.733772,-42.5291,-40.92278,-44.748917,-39.39356,-39.10125,-42.924347,-46.260437,-46.53604,-46.485676,-47.09561,-48.387905,-46.57936,-48.058033,-51.10844,-48.645226,-50.883934,-51.516056,-52.6912,-54.298805,-55.2018,-53.32665
5728,True,-28.674942,-30.569378,-28.666456,-31.855198,-34.663857,-33.326263,-41.204468,-38.947124,-39.87166,-41.542152,-44.493977,-40.534485,-44.572712,-42.500034,-44.908886,-43.27146,-43.769196,-44.19901,-44.784607,-45.239204,-46.9413,-47.748123,-47.346283,-47.91259,-49.22374,-50.007416,-49.73885,-49.532112,-53.361076,-53.281097,-53.61984,-53.649235
5760,True,-26.321655,-29.009562,-29.420614,-32.80631,-30.619003,-32.22631,-36.20191,-38.82038,-37.62324,-39.743134,-41.490444,-45.924637,-42.90551,-41.302376,-41.889767,-42.150246,-43.530983,-45.816723,-42.747536,-44.372307,-46.373825,-45.4711,-46.94839,-48.580135,-48.72171,-48.894676,-48.10227,-50.950127,-53.31481,-53.72325,-55.49582,-54.22523
5792,True,-30.043562,-30.103827,-29.12039,-31.718548,-34.480164,-32.890495,-39.017002,-37.2113,-38.996048,-39.048203,-39.419838,-39.894962,-45.32057,-42.91353,-40.809597,-42.910427,-42.35708,-43.873573,-43.79425,-45.90261,-45.558735,-47.28984,-47.746716,-48.465553,-48.859734,-49.863068,-52.875973,-52.434288,-53.20786,-53.07508,-54.329052,-53.75499
5824,True,-24.460495,-30.483648,-26.823683,-30.316177,-33.982777,-31.812489,-38.0875,-40.183544,-37.79831,-40.470623,-42.737865,-39.53703,-41.09295,-41.927906,-37.696632,-43.388702,-44.2889,-46.663857,-46.70965,-44.378662,-43.832935,-46.34488,-47.791924,-49.114414,-50.04942,-50.56343,-49.75463,-49.88255,-53.404408,-53.45465,-55.222057,-53.67543
5856,True,-25.456978,-32.62933,-26.515093,-28.618181,-33.552555,-35.00748,-38.915848,-39.795612,-41.979046,-40.986015,-42.49514,-43.564762,-43.80863,-43.933975,-44.87729,-42.308395,-43.005642,-44.467148,-45.694733,-46.035114,-47.100883,-50.811657,-48.88998,-50.724888,-50.438133,-50.141373,-49.401974,-52.084408,-52.09217,-53.029842,-54.092247,-53.87739
5888,True,-26.487522,-31.222946,-32.23529,-30.329494,-31.602898,-31.54606,-35.548386,-38.03556,-36.89984,-41.599842,-43.694515,-41.99734,-43.191586,-42.728928,-43.575233,-41.1653,-45.578842,-45.394497,-43.389584,-44.02149,-47.848137,-50.187668,-46.813778,-48.7293,-49.1349,-50.6597,-50.688786,-52.284164,-52.93418,-53.13983,-55.255222,-54.36172
5920,True,-23.949818,-27.385342,-31.37593,-33.708855,-34.891716,-34.98709,-38.129944,-38.760563,-40.236183,-40.318443,-40.174835,-40.119556,-40.016994,-42.34354,-46.695217,-41.608578,-42.862457,-42.499462,-44.890057,-47.139824,-47.02607,-46.802235,-48.860374,-47.401436,-51.527157,-49.793392,-50.191803,-53.11577,-53.483013,-53.545006,-54.695206,-53.635975
5952,True,-23.979134,-28.667727,-30.708305,-32.20494,-28.559668,-33.028275,-36.857494,-39.032417,-39.7861,-39.635063,-38.91892,-40.334545,-41.289333,-41.159004,-42.03226,-42.858006,-44.3898,-45.341038,-46.281723,-46.04952,-45.65308,-48.41136,-47.511234,-46.260605,-48.695942,-48.820045,-49.688522,-50.469852,-52.71942,-53.102016,-55.685287,-54.322723
5984,True,-27.168934,-26.660688,-30.428253,-34.53766,-35.016647,-36.46621,-38.73019,-38.75345,-41.336056,-41.33652,-42.05994,-41.55415,-42.305256,-43.779892,-43.838673,-42.96724,-44.061985,-43.52486,-46.119606,-48.345913,-47.608303,-48.148666,-48.647743,-48.86458,-50.073463,-52.0982,-52.328373,-51.048874,-53.679306,-54.57409,-56.17507,-55.878914
6016,True,-27.104647,-30.667145,-27.184093,-27.484972,-32.59421,-33.01322,-33.66877,-41.94145,-40.093197,-42.215687,-41.668243,-41.5585,-44.02185,-44.060394,-43.713757,-43.759598,-45.012154,-43.881813,-46.18713,-46.31842,-47.294876,-46.82582,-47.795357,-47.563572,-50.541416,-49.192467,-50.745193,-51.212593,-53.799522,-53.139416,-54.049873,-55.574417
6048,True,-26.515379,-29.626753,-29.311789,-30.986614,-32.90894,-30.877619,-34.68335,-40.15476,-40.020172,-40.97647,-39.392365,-41.23185,-42.977966,-42.70408,-44.10513,-41.401196,-44.84703,-45.77225,-45.475574,-47.825897,-49.86485,-46.80342,-47.092834,-47.14711,-49.15497,-48.677273,-49.20927,-50.273094,-53.37795,-54.49573,-54.146725,-54.78725
6080,True,-27.647793,-30.581345,-31.019737,-34.992596,-32.639275,-32.458588,-37.15259,-37.686012,-36.309994,-40.657803,-40.102028,-39.48669,-40.297375,-43.9876,-41.865746,-44.003872,-47.27799,-46.9894,-47.040066,-47.13437,-47.373295,-46.0468,-46.63498,-47.784004,-49.5819,-49.203434,-48.788418,-50.723797,-53.353386,-53.672424,-55.07319,-53.97472
6112,True,-29.998178,-29.997425,-29.048655,-34.2475,-38.13747,-34.474648,-40.36297,-37.344513,-40.510017,-39.514977,-39.020634,-38.703453,-41.411076,-40.97114,-41.879826,-42.854378,-48.137894,-44.398518,-45.5949,-46.260628,-45.858063,-47.41127,-46.128956,-47.32321,-50.55857,-51.13487,-50.583054,-51.87071,-53.464188,-54.107765,-54.519547,-54.172607
6144,True,-27.846977,-33.5258,-30.263737,-29.519728,-33.250916,-32.138474,-37.24282,-36.250233,-38.374935,-38.74081,-40.67372,-40.53897,-41.384666,-46.132484,-46.689964,-44.72249,-43.29631,-43.762318,-47.748596,-47.22343,-44.051727,-44.304386,-45.599777,-45.8001,-48.369278,-51.99653,-53.264442,-52.774906,-53.29803,-53.465744,-55.226864,-55.618977
6176,True,-23.193687,-30.318623,-31.478958,-34.579292,-33.93586,-32.635044,-39.413105,-42.420517,-39.466824,-40.835476,-40.307724,-38.789433,-39.748108,-40.397865,-40.91642,-42.03887,-42.976345,-43.489384,-48.909576,-46.135593,-45.55217,-47.842087,-47.510777,-46.472054,-50.41973,-50.551773,-50.752735,-52.17537,-53.381355,-53.265663,-54.370293,-54.001007
6208,True,-28.030731,-28.730343,-27.55186,-38.069805,-35.76977,-33.843792,-39.389145,-39.233334,-37.181644,-40.598797,-40.44404,-38.09256,-38.494015,-41.12934,-43.794235,-44.18808,-44.27507,-44.042763,-45.288845,-44.758324,-47.30204,-47.580143,-45.429832,-44.778065,-49.527557,-48.50975,-51.269875,-51.95332,-52.052383,-53.583035,-55.331577,-55.051994
6240,True,-27.563168,-31.667278,-35.9619,-33.2163,-34.838448,-33.648384,-41.94703,-41.768795,-41.614376,-38.908333,-39.341156,-41.58743,-42.448864,-43.52955,-42.350887,-41.755516,-43.06892,-46.436615,-45.082176,-46.621124,-46.597366,-46.039066,-44.326126,-46.373795,-50.484062,-49.608498,-51.22252,-51.59227,-54.062077,-54.29705,-57.26051,-55.616196
6272,True,-25.25806,-29.457363,-28.073835,-31.67033,-33.360146,-33.734077,-38.145805,-39.732994,-39.454742,-43.39964,-43.17623,-39.935215,-43.31331,-45.08125,-42.30983,-43.891663,-42.63399,-44.077667,-46.801453,-48.657764,-45.555817,-46.567635,-48.23755,-49.25451,-48.956688,-50.744713,-51.118668,-52.158005,-54.719677,-57.107388,-57.14273,-54.415947
6304,True,-27.526966,-32.42373,-29.723824,-34.921093,-31.448614,-33.349083,-37.50138,-38.415363,-40.208702,-42.901707,-40.650517,-40.452614,-40.671936,-38.34704,-41.907326,-42.706852,-42.76871,-46.96994,-45.54483,-45.05165,-44.135765,-46.47722,-46.73958,-47.512955,-49.23976,-52.031303,-51.907425,-50.91789,-51.591743,-52.497032,-56.058407,-53.719067
6336,True,-29.327694,-33.73537,-26.858843,-30.871826,-31.98856,-32.059586,-38.729645,-42.99816,-39.027985,-39.453266,-36.756657,-37.273506,-40.912266,-42.12418,-39.87438,-42.110992,-45.179253,-45.638504,-44.209106,-45.187523,-47.512733,-47.65196,-47.613354,-48.32789,-47.934933,-50.97612,-51.31711,-51.69937,-54.389297,-53.254585,-54.81302,-54.085125
6368,True,-23.153608,-29.701632,-32.943962,-32.340305,-33.580063,-30.165714,-37.751755,-37.576347,-37.20803,-40.636333,-39.76953,-41.620377,-40.982803,-42.09092,-42.407555,-42.520157,-44.41448,-46.409126,-45.668755,-46.760365,-47.38304,-47.33581,-47.81563,-45.847034,-48.890224,-50.26152,-49.91541,-49.934727,-53.710632,-52.684902,-54.784615,-54.354317
6400,True,-28.973667,-28.730164,-29.098824,-30.675896,-32.57636,-34.545544,-40.43656,-40.941677,-40.52174,-40.05549,-37.626118,-40.61796,-45.62072,-43.94433,-41.139755,-41.10108,-42.43099,-42.48639,-45.533756,-46.784813,-46.06209,-47.25656,-49.61866,-47.563866,-50.6305,-48.234478,-50.62243,-50.815697,-53.53128,-53.393814,-55.639114,-54.9115
6432,True,-24.837229,-30.395071,-34.272007,-29.86618,-31.366825,-30.93449,-37.35711,-39.93757,-41.520393,-38.03959,-37.540802,-39.56307,-40.13189,-45.09367,-45.1329,-43.03963,-45.240284,-45.64148,-47.100594,-47.08966,-47.668476,-46.845863,-47.93722,-47.05534,-49.79246,-52.44883,-50.412308,-50.620083,-52.81945,-52.741962,-55.03687,-53.65339
6464,True,-25.429081,-34.51705,-34.059555,-33.8528,-30.074562,-33.80176,-36.97095,-38.766518,-39.243443,-40.821957,-39.51401,-40.186844,-42.58248,-43.49922,-43.24858,-44.72372,-44.12657,-47.046288,-44.788853,-46.97442,-49.186424,-49.77793,-48.403553,-49.037506,-50.728203,-49.396133,-49.109665,-51.684055,-54.32923,-54.889023,-53.10953,-53.754486
6496,True,-27.245104,-30.1165,-28.692339,-31.898613,-33.232315,-37.473473,-39.511917,-41.157585,-41.740646,-39.18347,-39.951927,-41.55696,-40.271637,-40.89615,-41.736862,-41.189278,-42.891396,-44.133133,-44.55565,-45.667442,-46.63458,-50.18541,-48.9144,-47.78536,-47.160522,-50.504745,-51.315617,-51.86585,-53.655373,-53.334824,-53.95197,-52.521362
6528,True,-26.979391,-28.496607,-27.372726,-32.175957,-39.88712,-34.278732,-39.66082,-41.71795,-39.30209,-42.295547,-41.962425,-40.179104,-39.523746,-42.91696,-42.102814,-45.248703,-43.63549,-45.659565,-44.955048,-42.884106,-46.718338,-46.710087,-47.600193,-48.57218,-49.14863,-48.94699,-50.455963,-51.404205,-54.448246,-53.815388,-55.27282,-53.487305
6560,True,-25.285812,-30.76268,-28.345602,-33.412685,-37.711884,-35.353817,-37.654583,-37.263813,-40.52135,-40.739216,-40.998314,-41.18708,-41.823936,-42.45716,-41.345078,-41.56964,-43.146057,-44.3408,-42.321556,-44.943577,-47.400154,-46.116848,-46.116364,-47.79228,-49.587345,-50.792976,-50.912544,-51.906662,-54.3951,-54.48436,-54.870567,-54.802628
6592,True,-25.92862,-27.711466,-27.998058,-32.200066,-33.20841,-36.913765,-40.702877,-36.36554,-35.5812,-39.999424,-41.617264,-40.749092,-42.215836,-44.441917,-42.308304,-44.30199,-43.362778,-43.965195,-45.952232,-48.490753,-47.613434,-48.200058,-47.546516,-47.99893,-48.53045,-49.37008,-49.422222,-51.2324,-53.180595,-53.030426,-55.47628,-54.667503
6624,True,-26.268822,-29.186766,-30.608315,-32.524044,-31.388903,-36.26597,-36.740257,-37.70637,-35.43371,-40.07126,-35.886185,-41.698,-42.812775,-41.708183,-44.05148,-41.542416,-45.215958,-46.35326,-45.715546,-47.99244,-47.479366,-44.834305,-46.766823,-46.072636,-49.122738,-48.136696,-49.883366,-50.999077,-52.798515,-53.24104,-54.636642,-52.89373
6656,True,-30.664576,-31.129782,-25.565784,-30.878847,-35.97832,-36.405415,-35.901966,-38.694935,-37.429703,-38.808178,-36.95955,-38.433056,-42.521255,-41.37819,-41.762703,-43.075615,-41.49355,-42.81933,-45.959362,-43.653038,-45.97564,-49.774933,-50.446114,-48.28262,-50.252644,-49.185783,-50.11876,-51.626358,-55.251152,-53.401154,-54.798096,-53.33641
6688,True,-26.41116,-28.230772,-31.017435,-34.94895,-34.957985,-31.68499,-35.123825,-36.113068,-39.472034,-40.56602,-39.930786,-38.28813,-37.807575,-41.075916,-42.121086,-43.317474,-42.856445,-46.27855,-44.3891,-47.792076,-45.46334,-46.88854,-48.8388,-48.41579,-49.758965,-48.686165,-50.16771,-50.893867,-52.56592,-53.466534,-56.153065,-54.42936
6720,True,-26.88314,-27.500036,-27.77466,-30.880175,-30.666159,-31.272228,-38.59776,-38.110558,-38.16869,-39.3135,-38.936104,-38.265965,-40.685272,-41.399834,-44.50945,-45.38111,-42.85212,-45.138504,-44.538124,-43.651733,-47.03367,-48.059555,-48.147854,-49.10341,-50.70523,-51.328606,-51.202126,-52.406345,-53.900574,-54.29747,-55.17416,-56.2241
6752,True,-26.224747,-32.716194,-26.019875,-27.889545,-35.34531,-32.45194,-36.89254,-34.499172,-35.231155,-42.51312,-41.752224,-42.443214,-39.306915,-42.034325,-43.238968,-42.643936,-45.626797,-45.13009,-45.170155,-46.151253,-45.094265,-47.297497,-47.89291,-47.045815,-49.16853,-50.55943,-50.81247,-52.257137,-55.179024,-54.335197,-54.36174,-54.183784
6784,True,-26.919634,-27.948782,-29.762583,-32.701252,-34.623253,-36.77659,-37.928368,-38.850594,-38.27739,-39.71009,-40.62277,-38.99287,-43.799053,-43.66845,-44.00728,-44.3972,-44.337276,-47.70788,-47.832355,-46.14559,-46.53109,-48.62314,-47.334793,-48.667404,-50.664066,-49.566093,-50.0157,-50.704155,-53.318558,-51.988125,-54.651176,-52.95349
6816,True,-27.241432,-32.466015,-29.211319,-32.20371,-35.240463,-32.750465,-39.58522,-37.874924,-37.158066,-41.2043,-40.545334,-40.448997,-40.539978,-40.65422,-42.224037,-41.851578,-45.729553,-45.999252,-45.0029,-44.425896,-47.694397,-47.132168,-48.435436,-48.55196,-49.65039,-50.20386,-51.55419,-52.684944,-55.773808,-55.895733,-55.252003,-55.230057
6848,True,-25.89692,-28.596165,-27.528666,-31.328983,-36.767307,-33.989166,-37.433716,-39.16454,-37.590805,-43.148098,-42.54976,-42.732204,-43.138985,-43.889942,-42.540264,-42.622036,-43.394337,-46.081963,-45.759956,-45.357803,-45.473198,-48.029095,-48.569454,-49.9238,-49.856167,-50.079414,-49.73934,-51.534924,-53.793526,-54.827675,-53.93653,-53.320164
6880,True,-25.043129,-27.69538,-27.070501,-32.216515,-33.559547,-34.175648,-37.067173,-37.670906,-37.90876,-40.199486,-41.048122,-38.711838,-40.291218,-43.51816,-44.8637,-45.14148,-43.550625,-42.658745,-48.237915,-47.754128,-47.732567,-47.455936,-47.46376,-49.195297,-50.04859,-50.01641,-50.82745,-52.70889,-53.95309,-53.62453,-54.58292,-52.512703
6912,True,-27.34333,-28.586996,-30.106121,-34.477924,-34.0794,-33.717075,-38.794777,-39.36027,-37.16541,-38.910175,-41.089165,-38.144405,-41.392494,-43.76232,-41.757416,-42.02948,-44.51264,-46.31065,-45.790974,-45.36904,-46.345146,-46.011185,-48.51787,-48.91932,-50.15275,-50.403004,-49.24007,-51.029133,-53.930622,-53.71193,-54.672947,-55.09513
6944,True,-30.748987,-33.71774,-28.090702,-34.35341,-31.979176,-35.408066,-38.130005,-40.200634,-39.306217,-39.23061,-40.8878,-42.868763,-42.04828,-41.17797,-42.84286,-42.887974,-43.43048,-44.16328,-45.937996,-46.81035,-48.508736,-47.67843,-47.6235,-47.73519,-48.270893,-50.288155,-51.296764,-51.263424,-53.151337,-54.556038,-55.262074,-54.960243
6976,True,-22.681103,-30.299635,-27.91816,-33.971405,-35.785625,-35.21106,-38.655846,-39.120182,-37.712112,-41.432014,-37.642303,-40.114548,-39.830452,-44.900314,-48.340305,-44.690453,-45.157852,-43.005047,-44.30291,-45.702023,-47.25731,-48.62703,-48.45839,-47.477566,-48.515507,-48.87832,-49.122883,-51.314575,-53.275322,-53.41889,-56.53755,-55.077244
7008,True,-25.98904,-28.668453,-26.366917,-31.171324,-35.622192,-34.74343,-35.859188,-36.402103,-38.40712,-43.141476,-39.024105,-37.68537,-41.57417,-43.5459,-38.841396,-37.632034,-36.64535,-39.995438,-42.86234,-43.844837,-44.568604,-46.1676,-47.13321,-47.154114,-47.56221,-47.180653,-46.9254,-42.793053,-38.74549,-41.084213,-43.20804,-42.686256
7040,True,-26.30051,-33.205917,-31.243423,-30.92609,-30.71444,-26.230299,-31.724825,-30.214344,-30.98058,-36.425304,-38.04959,-34.05475,-35.06273,-38.250328,-37.215954,-35.02182,-30.391499,-34.223103,-42.284897,-43.233067,-41.87609,-43.25149,-43.233185,-43.20377,-43.942562,-42.638237,-37.77576,-34.843914,-33.476772,-35.4653,-36.588116,-35.143345
7072,True,-25.927391,-28.157179,-32.188576,-33.534046,-30.911825,-32.66738,-36.818317,-37.10074,-36.48639,-37.29058,-41.16739,-40.18696,-39.926914,-45.488068,-46.775917,-41.382717,-41.92905,-43.9542,-45.559105,-44.098366,-44.37005,-45.764843,-46.701805,-46.9764,-48.99701,-48.705753,-49.37109,-48.456898,-46.68144,-46.692738,-48.495537,-48.11665
7104,True,-25.022337,-28.876982,-31.020103,-32.67858,-33.598618,-33.94825,-35.336403,-36.569656,-36.823547,-40.772587,-41.531757,-45.01245,-41.420635,-43.973675,-44.17546,-42.908306,-42.8133,-44.94007,-44.32812,-47.836823,-45.747913,-45.430878,-48.0645,-46.512474,-48.69603,-50.311085,-49.58671,-50.741356,-50.550903,-49.8576,-52.64483,-51.52395
7136,True,-24.501213,-25.717606,-26.743626,-30.675762,-29.535006,-34.09123,-37.655186,-38.92233,-38.377613,-37.874428,-37.495438,-41.63488,-41.570084,-42.503017,-43.42717,-41.212162,-41.23175,-42.76687,-44.386257,-46.846733,-44.875015,-45.193855,-46.809486,-50.162273,-49.197044,-49.272217,-49.639954,-50.17645,-52.585266,-50.9347,-54.08903,-53.748783
7168,True,-24.983843,-31.053036,-29.859583,-32.361256,-30.864775,-31.68746,-40.820545,-36.86534,-34.855705,-39.674805,-41.747013,-42.90443,-41.444603,-44.039627,-47.158646,-42.06037,-42.139465,-43.27559,-46.318123,-44.744,-47.181316,-48.115196,-47.800102,-48.075294,-51.464535,-49.89129,-50.022587,-52.26365,-53.825436,-53.212276,-54.33937,-54.173653
7200,True,-29.265572,-30.295744,-31.70477,-32.204914,-31.338701,-33.05742,-38.26131,-36.24399,-34.84921,-41.54872,-41.38047,-42.40335,-41.70305,-45.51342,-45.737297,-44.245914,-45.406387,-45.492226,-46.58351,-49.21448,-46.046257,-46.74621,-49.025238,-47.683533,-49.593887,-48.74178,-49.009903,-51.11349,-51.675323,-53.609932,-56.334934,-53.476162
7232,True,-25.282679,-29.80051,-30.11483,-30.909431,-33.07373,-32.15916,-36.03708,-37.304028,-39.886562,-39.970745,-42.23673,-43.199722,-47.001232,-47.62615,-43.33878,-42.85921,-42.173767,-45.606544,-47.573162,-46.3953,-47.823368,-47.866955,-47.489716,-49.094345,-51.50005,-50.707684,-50.101234,-52.090607,-53.33862,-53.65149,-54.118225,-53.987663
7264,True,-25.034225,-30.94779,-27.035816,-30.589258,-35.530098,-30.763645,-37.631012,-40.50647,-37.85009,-42.94384,-41.832855,-41.63187,-43.208843,-45.280304,-42.268223,-43.419304,-44.610283,-47.4155,-43.9088,-44.34223,-44.87343,-47.08401,-48.671356,-50.05638,-48.801727,-50.24932,-50.181046,-53.6698,-55.15526,-53.456787,-55.12654,-54.43824
7296,True,-28.848907,-28.977264,-30.995136,-34.49765,-36.54815,-33.037846,-37.936417,-36.474144,-34.970356,-36.722183,-39.342148,-40.675415,-44.01831,-40.40958,-43.019173,-41.911793,-43.25894,-42.234245,-43.088318,-45.623188,-46.49275,-46.52304,-47.744022,-46.985836,-51.15043,-52.16717,-48.447212,-51.12942,-53.822517,-54.239815,-54.702053,-54.27933
7328,True,-26.448692,-29.348106,-31.590633,-31.085838,-33.032974,-35.383026,-38.671646,-36.531948,-36.64851,-45.100014,-41.781517,-39.849564,-43.11811,-43.5347,-42.95854,-43.486675,-42.45186,-41.354767,-43.61376,-46.736336,-46.605408,-48.66188,-48.47706,-47.557045,-51.845722,-48.75692,-48.775368,-52.146797,-53.692394,-54.100563,-54.977077,-54.938965
7360,True,-24.90601,-31.626019,-30.428617,-30.240545,-32.83277,-34.408104,-37.658302,-35.802357,-35.109035,-41.666092,-43.223976,-40.49724,-42.17417,-39.743076,-42.026146,-41.510464,-42.994904,-43.82775,-43.95188,-46.68419,-47.86698,-47.459663,-48.29232,-49.10521,-47.691288,-49.772015,-50.371403,-52.641273,-54.791557,-53.352493,-52.8791,-54.246365
7392,True,-24.75879,-33.28135,-30.724451,-32.515892,-37.412674,-36.884033,-41.313835,-39.95377,-35.5854,-38.586227,-43.077835,-40.526638,-43.680183,-45.98699,-44.199753,-42.47124,-43.081,-43.687874,-44.852966,-47.22039,-49.81021,-48.691235,-48.35928,-47.298416,-49.02999,-49.102875,-51.28534,-51.93533,-53.737556,-53.624996,-54.57102,-52.81002
7424,True,-26.60442,-29.344618,-28.394722,-32.137993,-36.528854,-32.46056,-37.76347,-38.14502,-37.98085,-40.235176,-40.518135,-41.56744,-41.770058,-43.697514,-42.97749,-43.37522,-42.971363,-43.30784,-46.67901,-44.61119,-44.186348,-48.047787,-47.99057,-48.203514,-50.372234,-49.96519,-50.98449,-51.670044,-55.14818,-53.277203,-54.193176,-53.390812
7456,True,-28.16917,-29.989834,-24.78039,-31.067001,-37.157562,-34.641308,-40.30601,-35.602257,-35.275578,-39.666546,-38.689533,-41.200977,-40.030838,-38.626873,-42.629585,-41.64615,-43.548965,-42.468742,-45.688423,-48.43325,-46.779663,-47.188255,-49.23498,-49.000328,-49.85733,-50.254913,-50.33598,-51.850857,-55.072884,-54.42653,-55.698643,-54.196793
7488,True,-23.478252,-26.557522,-29.873024,-32.610706,-30.877466,-30.78234,-40.472595,-41.819157,-39.639126,-40.49789,-42.131874,-40.963028,-42.105568,-41.99061,-42.509724,-43.237617,-41.60813,-41.9416,-43.987995,-44.797714,-46.01243,-47.1811,-46.979355,-47.343758,-50.12113,-49.712364,-48.56914,-52.180893,-54.769646,-53.980194,-54.82523,-54.802948
7520,True,-26.340723,-33.709984,-30.638025,-33.805687,-31.778318,-32.69504,-39.16348,-36.177525,-35.698387,-39.96625,-42.811707,-44.029278,-41.96136,-39.968338,-42.07377,-42.607803,-45.08266,-43.75221,-43.57288,-45.345177,-46.11525,-48.648243,-46.040314,-49.050346,-51.348133,-50.37348,-50.360878,-52.822357,-53.61931,-52.747063,-53.80287,-52.852253
7552,True,-30.18394,-33.137955,-32.387806,-32.013885,-33.0475,-32.100838,-36.44145,-40.688194,-39.982925,-41.0354,-37.14167,-40.405632,-41.774067,-43.76015,-42.266502,-41.45344,-42.224213,-44.60296,-44.127876,-47.29222,-45.924515,-48.62084,-49.031273,-48.20627,-47.492504,-48.456825,-49.973454,-51.49926,-52.48742,-54.531284,-54.04234,-52.674793
7584,True,-23.614435,-28.216385,-26.389845,-29.571411,-33.131218,-35.51109,-35.271084,-36.181023,-40.27028,-39.071434,-42.82856,-41.156586,-39.64351,-40.03312,-41.26126,-41.58046,-40.76822,-43.314926,-44.832222,-46.533794,-43.43704,-46.67723,-47.14798,-46.115322,-50.608295,-48.05877,-49.685482,-49.125053,-50.394203,-52.049328,-52.125237,-52.231365
7616,True,-22.240623,-31.086266,-31.69843,-33.397007,-33.5179,-35.509537,-37.549816,-41.774834,-43.709038,-41.728462,-37.77736,-39.712635,-43.0532,-44.56637,-44.482655,-45.06695,-42.19886,-44.883926,-43.476196,-47.482185,-47.084156,-46.203274,-47.514893,-47.161274,-51.745987,-49.354874,-48.25274,-51.56059,-53.216938,-53.83219,-53.829903,-53.237568
7648,True,-22.885147,-27.245567,-27.737541,-30.441275,-32.692383,-33.118862,-35.311443,-36.03532,-38.14215,-40.692978,-41.227646,-44.344322,-42.4262,-44.56085,-44.308132,-44.58559,-44.566082,-44.80227,-45.687035,-48.650967,-47.974567,-46.429184,-47.528072,-48.261856,-49.98336,-48.808014,-51.185646,-51.678387,-54.77817,-53.791203,-54.545776,-53.585777
7680,True,-27.00085,-32.082275,-27.399551,-32.253128,-32.56526,-30.059582,-36.67986,-40.19034,-40.115665,-38.998722,-39.18308,-35.325962,-40.193707,-39.453674,-41.523853,-41.96456,-41.882385,-44.10952,-42.957222,-45.334633,-45.91694,-45.14775,-46.79781,-48.573807,-49.034077,-50.69975,-50.407043,-50.740845,-54.624084,-54.68475,-56.6575,-53.9141
7712,True,-26.737068,-32.245144,-31.135307,-30.584438,-34.847088,-35.725677,-35.381042,-36.37674,-37.801357,-37.155624,-41.98915,-43.604637,-42.562984,-40.01879,-42.4872,-43.30201,-45.878853,-45.67558,-48.001133,-48.208675,-46.73824,-47.884373,-47.49301,-47.86343,-51.158543,-49.28326,-48.593845,-51.8637,-54.806145,-54.20452,-55.1531,-54.4367
7744,True,-26.669365,-27.346449,-29.607662,-33.5637,-32.580093,-36.392548,-36.88293,-37.074924,-38.503227,-38.754494,-43.02795,-39.04955,-42.186447,-42.605713,-41.452007,-39.75329,-44.930096,-43.73855,-44.81169,-45.29299,-47.195335,-46.11953,-48.10581,-48.30063,-51.15364,-50.18599,-50.092308,-52.800175,-53.85823,-51.99208,-54.69451,-53.106537
7776,True,-25.175991,-32.367043,-28.995197,-32.16263,-35.008083,-34.929665,-38.406063,-36.215588,-35.42036,-45.361504,-38.926815,-42.33721,-41.078926,-40.53917,-40.01749,-40.800385,-44.424133,-47.94452,-47.849236,-46.290604,-46.419224,-50.13221,-49.164772,-49.09031,-50.467625,-51.20216,-52.354694,-50.541912,-52.039303,-52.931847,-55.26339,-53.760567
7808,True,-25.85969,-30.684776,-29.8209,-37.773743,-34.870083,-32.822227,-36.282516,-37.77232,-37.50834,-39.8571,-39.194023,-40.73803,-39.52001,-41.739548,-41.476074,-43.234325,-43.250717,-45.793907,-45.181786,-44.008904,-45.889793,-46.35906,-47.15983,-47.590923,-50.00816,-51.231323,-51.32905,-50.4652,-52.49927,-53.44637,-56.894783,-55.217293
7840,True,-23.276129,-30.13443,-33.677475,-31.30658,-34.482056,-31.330166,-34.838593,-38.645264,-39.4486,-39.317135,-40.442017,-40.95584,-39.77527,-42.76509,-41.20671,-42.476887,-42.30299,-43.121723,-44.667877,-44.84587,-45.879967,-44.901115,-47.93363,-47.8674,-50.39226,-50.063953,-49.573044,-51.057747,-53.650303,-54.136253,-53.943275,-54.909904
7872,True,-24.923386,-31.088198,-30.577965,-32.52222,-33.500755,-34.183517,-36.64121,-36.18218,-40.75243,-40.059338,-40.830364,-41.649315,-38.69355,-40.591377,-41.30302,-40.742264,-45.119156,-43.699722,-45.428356,-46.537346,-45.241226,-46.849026,-48.472237,-48.373398,-49.37142,-50.60732,-50.99839,-52.396408,-53.940666,-54.33092,-55.982437,-55.03527
7904,True,-29.135124,-35.063335,-31.6624,-30.824429,-33.257378,-34.96379,-36.127277,-38.04297,-38.73945,-41.242973,-41.86831,-41.720062,-42.006702,-42.98736,-42.906498,-40.66933,-41.540222,-43.56785,-45.209343,-46.67824,-46.150894,-47.283535,-49.045578,-49.973877,-49.643436,-50.987095,-50.623554,-52.576454,-54.037834,-53.633175,-56.013454,-53.97436
7936,True,-29.601662,-29.053967,-28.136234,-30.078735,-34.02122,-33.674885,-39.087616,-39.642406,-38.7151,-42.92233,-38.11228,-37.27376,-40.161774,-43.132866,-45.32326,-43.745308,-44.832718,-44.313103,-46.163616,-44.80104,-44.93319,-45.32429,-46.718636,-48.927948,-52.01733,-51.10263,-48.782845,-50.738724,-53.632164,-52.262173,-55.450474,-53.65445
7968,True,-25.959635,-32.319435,-33.09362,-32.393894,-35.236263,-34.44261,-40.564198,-39.828392,-37.509407,-38.02249,-39.79789,-41.232033,-38.85648,-41.12694,-42.238785,-42.21996,-44.0549,-47.06428,-46.494823,-46.17052,-45.764046,-48.358994,-46.686996,-47.471397,-49.900356,-50.80413,-50.10006,-50.068993,-52.188244,-53.280025,-55.14849,-55.210846
8000,True,-22.978668,-31.365715,-31.676392,-33.9595,-34.18808,-33.261333,-36.886707,-39.343586,-36.77358,-37.990612,-39.724354,-40.327053,-41.313778,-43.909157,-43.662777,-44.79729,-46.2184,-45.220127,-46.499725,-47.13003,-45.987568,-45.96271,-47.172447,-45.381256,-49.59516,-50.906708,-50.67798,-52.7406,-53.777184,-53.415028,-55.24331,-53.61626
8032,True,-23.250416,-29.645683,-31.481113,-33.14805,-33.202766,-32.698467,-37.14284,-37.43586,-36.595528,-38.54984,-43.200546,-41.60362,-40.81142,-40.515,-41.647762,-44.36041,-42.550446,-43.594433,-45.083282,-46.94207,-46.330902,-47.128746,-48.818203,-47.540173,-48.428886,-49.071774,-50.338955,-51.80124,-53.510185,-52.676003,-55.48952,-55.61354
8064,True,-26.901121,-27.621677,-27.570028,-32.342655,-29.699814,-32.854664,-35.526188,-35.91333,-40.11059,-38.78282,-38.079697,-42.091446,-40.106064,-42.540268,-41.948013,-41.77108,-45.965595,-45.42884,-43.79667,-45.941063,-44.988026,-45.50709,-48.53086,-46.89102,-48.128,-51.1809,-50.95528,-52.09059,-52.807114,-53.299393,-55.955883,-55.833775
8096,True,-23.834385,-29.420815,-27.349184,-30.778122,-32.583572,-32.820797,-38.70128,-39.53302,-37.577423,-37.450897,-39.799313,-42.088886,-40.73195,-41.361614,-44.09356,-43.36185,-44.88266,-46.561398,-45.585056,-47.06756,-47.050163,-48.168945,-49.256897,-47.962166,-50.852005,-50.696007,-50.381523,-51.95038,-52.937263,-53.16095,-55.099316,-53.118607
8128,True,-25.919586,-29.081934,-28.031178,-29.457893,-32.417873,-31.820688,-32.239765,-29.830566,-31.640915,-35.451015,-42.092022,-36.36557,-35.243862,-36.549736,-33.48849,-32.75283,-28.514858,-32.56308,-41.0131,-40.846592,-41.739826,-41.20428,-41.05392,-45.194008,-43.612366,-40.9569,-37.37074,-35.096664,-29.346401,-31.084995,-33.43152,-34.101097
8160,True,-24.38504,-30.362812,-32.67141,-32.325882,-32.293556,-28.281927,-35.175995,-32.734924,-35.00209,-44.360962,-40.764236,-35.70166,-39.735775,-41.53067,-40.529175,-42.2554,-40.259125,-40.488487,-41.67762,-42.887367,-43.253418,-45.346878,-45.62714,-47.992393,-47.68283,-48.321423,-45.695553,-45.258595,-40.76026,-43.576912,-44.636345,-44.211197
8192,True,-24.874546,-28.398893,-29.034098,-29.891914,-31.658142,-32.583794,-37.52785,-38.861572,-34.42875,-41.506706,-42.52657,-41.1821,-41.87607,-43.32876,-42.48972,-43.31888,-44.29673,-44.543396,-43.49845,-45.150085,-44.9217,-46.35172,-48.933773,-47.38442,-47.720093,-48.44349,-49.044937,-50.473385,-47.282223,-47.275955,-50.357727,-49.789177
8224,True,-26.654682,-27.179834,-30.486395,-30.576572,-31.82989,-34.106216,-37.59465,-40.147938,-41.255512,-41.995186,-40.254295,-40.487633,-43.05593,-44.672462,-46.178032,-43.76904,-44.07375,-44.883327,-46.22694,-45.792732,-46.052204,-46.736565,-48.01626,-47.537083,-49.016815,-49.837547,-50.867504,-51.808784,-51.861526,-52.229378,-53.202225,-53.425232
8256,True,-26.113148,-28.8986,-32.330475,-35.02,-33.129562,-35.502476,-38.5824,-35.870567,-39.29436,-40.26149,-39.167812,-41.087894,-40.24597,-45.946472,-43.98392,-44.823616,-43.754177,-43.822746,-46.36125,-46.796413,-45.42569,-46.446793,-45.66913,-48.509888,-51.69197,-50.73735,-52.181263,-52.68303,-51.736187,-52.028572,-52.620983,-53.66892
8288,True,-25.025976,-30.798521,-30.512814,-33.146713,-34.038628,-38.124928,-41.069893,-41.19889,-43.757668,-42.858643,-38.489307,-39.437202,-42.373333,-44.255814,-42.182888,-41.909847,-43.041668,-41.601067,-46.33557,-46.204887,-44.978317,-45.226936,-47.98784,-47.704765,-49.169315,-51.7057,-51.76278,-53.066856,-53.235497,-54.02137,-55.28595,-55.47978
8320,True,-27.501797,-30.343573,-26.53049,-35.28695,-34.7831,-33.25357,-35.3961,-37.442783,-33.325928,-41.30825,-43.429073,-42.9386,-42.723763,-44.745262,-43.51281,-47.004692,-45.26505,-44.205597,-45.15514,-46.13286,-45.584873,-47.73331,-46.46068,-48.334953,-49.70699,-52.515068,-51.92905,-51.947227,-53.747387,-54.45874,-54.168133,-55.74756
8352,True,-30.797808,-29.108135,-29.406868,-32.773922,-37.030964,-37.220615,-35.594383,-38.039997,-38.030895,-36.7975,-42.3473,-42.6612,-42.909374,-42.033287,-41.800426,-44.198246,-42.433376,-48.244267,-47.501312,-45.52429,-45.153614,-46.459213,-49.8571,-48.9752,-50.32222,-49.026672,-50.21807,-52.27062,-53.071484,-53.483055,-55.76052,-54.113316
8384,True,-25.797096,-29.450962,-25.862448,-31.847126,-38.596794,-37.07757,-38.17894,-37.143063,-39.563965,-40.466576,-41.34503,-39.971542,-42.37538,-40.341118,-40.749477,-41.988697,-43.91464,-43.56581,-46.183678,-47.53219,-44.447273,-45.79624,-47.865616,-48.56953,-48.992546,-50.25572,-51.033367,-51.376152,-52.522545,-51.56447,-53.831993,-53.277687
8416,True,-28.048819,-30.465519,-32.617725,-30.225742,-30.495514,-32.831223,-40.868027,-40.12571,-39.3301,-39.46409,-44.92988,-43.018288,-43.65807,-42.077328,-43.143406,-45.372505,-46.631466,-45.011326,-44.41336,-44.34618,-43.979134,-47.483288,-47.235023,-45.586205,-48.676167,-52.165894,-51.848125,-52.90895,-53.996563,-51.86014,-53.832672,-54.067215
8448,True,-25.660217,-30.704468,-29.327166,-35.120842,-33.008377,-32.02298,-37.505737,-36.877476,-39.646446,-42.409264,-40.498352,-40.93602,-42.835968,-45.99547,-43.24642,-41.494064,-44.33615,-45.985214,-46.42837,-47.08226,-47.456738,-47.22059,-47.431778,-48.01068,-50.625885,-49.87892,-50.659023,-52.45022,-54.866592,-54.13778,-54.693535,-53.247242
8480,True,-26.813808,-31.314735,-31.198893,-33.035633,-35.78395,-35.659046,-38.552223,-40.483223,-37.162483,-44.968662,-42.377808,-42.465954,-43.558624,-43.599327,-42.01062,-41.750145,-43.93291,-46.776062,-47.255726,-44.94924,-44.599205,-49.316635,-47.0212,-47.14001,-50.823483,-51.07246,-51.79669,-51.263283,-55.463104,-53.431847,-54.35934,-53.83013
8512,True,-27.141418,-31.754635,-27.925018,-29.3208,-37.06537,-34.62126,-38.759655,-38.871655,-39.856476,-40.75008,-41.896152,-41.23588,-43.801212,-42.267868,-43.73817,-44.27403,-45.322872,-44.617733,-48.210648,-47.273067,-46.179386,-48.57145,-47.10068,-48.392124,-50.55224,-49.80431,-50.70822,-52.74006,-54.079224,-54.47843,-54.805725,-55.25515
8544,True,-24.621504,-28.91594,-27.933638,-28.83484,-31.853981,-33.075935,-42.755913,-39.0808,-35.838745,-39.60262,-39.098877,-41.046524,-42.01114,-43.88988,-43.968674,-42.36488,-44.914566,-45.07261,-46.642513,-46.609272,-47.600037,-49.18921,-47.323227,-48.303104,-49.571945,-50.460083,-48.532085,-49.98664,-53.456314,-53.983665,-54.527573,-53.04237
8576,True,-27.136766,-29.05483,-29.632359,-29.387972,-32.37394,-33.598236,-37.35425,-37.6304,-42.538624,-43.439148,-41.750793,-40.798725,-44.39487,-42.922913,-43.92894,-44.69076,-45.654568,-44.5295,-44.86138,-44.893837,-45.27389,-48.01423,-48.17756,-47.6751,-50.23564,-49.121696,-48.910328,-51.58612,-53.196983,-53.223526,-54.90159,-54.49411
8608,True,-28.376846,-28.01802,-28.958378,-33.647083,-34.25055,-34.143394,-36.327953,-36.27892,-41.67851,-43.927147,-42.356987,-37.6235,-39.43096,-43.70015,-44.172688,-42.0409,-41.895782,-44.732853,-47.120834,-45.605503,-45.184425,-49.20368,-49.469543,-46.079727,-50.51494,-49.23752,-50.620354,-53.141052,-54.33376,-53.76864,-56.518097,-55.065506
8640,True,-28.456667,-28.2135,-33.372025,-34.28683,-37.10244,-32.83144,-39.16722,-38.353127,-39.017757,-41.671112,-43.982285,-39.82904,-39.979694,-41.148865,-41.732235,-43.137764,-45.950436,-43.49227,-45.631958,-47.842503,-45.987377,-45.45178,-50.341164,-49.26615,-50.548447,-48.70527,-49.284782,-54.578194,-55.20389,-54.7315,-54.974438,-53.588463
8672,True,-28.47584,-31.099607,-31.451591,-30.453163,-34.482265,-33.320187,-39.25884,-41.293137,-41.408916,-39.727077,-39.981983,-42.600243,-44.49288,-44.091995,-43.996582,-44.404583,-41.436203,-42.576164,-44.58251,-44.798935,-46.28254,-46.108784,-47.715893,-49.59204,-50.355927,-49.959675,-49.688797,-50.306778,-51.069164,-49.226147,-51.180286,-51.638905
8704,True,-27.82093,-33.153297,-27.786877,-30.541187,-37.75968,-31.981916,-36.115128,-39.98278,-41.6846,-39.691734,-40.925293,-40.599724,-43.597866,-45.037224,-41.597767,-42.454945,-42.431454,-44.215958,-44.385483,-45.106743,-46.213142,-47.411747,-48.177322,-50.228863,-49.14532,-49.834526,-51.202843,-53.912884,-52.65434,-52.057076,-53.63925,-54.831562
8736,True,-29.580761,-29.958858,-26.780312,-30.957804,-31.516026,-35.759995,-37.614876,-39.965534,-40.899925,-43.360153,-39.567787,-39.18658,-46.80365,-44.07779,-41.844093,-41.940037,-42.499786,-45.89434,-46.34623,-48.008415,-47.06861,-47.321888,-47.373997,-49.585236,-49.722153,-50.31852,-50.067867,-53.009636,-54.89595,-53.902912,-54.148247,-53.54505
8768,True,-30.358248,-30.975582,-28.103088,-28.403976,-35.422176,-33.78203,-38.42496,-37.111736,-37.052147,-38.329308,-39.227283,-38.94875,-40.557613,-39.9443,-42.369736,-43.0687,-43.95024,-43.873745,-43.86727,-44.65029,-45.16307,-48.77893,-50.72967,-49.08148,-48.870274,-48.67054,-50.36013,-52.806873,-53.800625,-53.517403,-55.791622,-53.07198
8800,True,-22.801907,-31.729431,-30.235071,-31.131721,-34.077393,-34.656937,-38.756042,-38.637012,-40.632584,-41.008602,-43.323563,-40.8609,-41.680077,-43.55612,-42.600704,-42.319504,-42.687355,-45.6128,-46.57423,-48.821217,-46.53072,-46.379276,-48.207405,-50.76494,-49.96668,-48.806683,-49.468693,-51.126865,-53.408737,-54.370975,-56.367897,-54.58722
8832,True,-24.222305,-32.026897,-31.029615,-33.699265,-33.251194,-31.887342,-37.58459,-33.73385,-35.63646,-41.84248,-43.10379,-41.606384,-42.496117,-39.971622,-41.443398,-42.04928,-42.66973,-44.34343,-44.680702,-47.85832,-44.34032,-45.9355,-46.147255,-46.068233,-52.857914,-49.7675,-51.61923,-51.64358,-53.515175,-53.40056,-54.879604,-54.946636
8864,True,-25.723766,-30.506037,-29.99341,-30.350182,-34.61952,-33.26735,-39.03361,-39.240204,-42.54715,-42.82366,-35.97288,-39.33679,-41.285137,-42.296288,-40.07809,-42.503914,-43.7083,-46.10267,-47.502876,-47.81832,-45.59034,-46.011414,-46.790848,-47.519997,-49.251205,-49.708553,-49.977257,-50.958553,-53.67971,-53.880863,-54.541058,-54.23475
8896,True,-25.756987,-32.188297,-27.478378,-30.46501,-32.424313,-35.989975,-39.056606,-39.930847,-37.725407,-38.320465,-37.599598,-39.091705,-42.02034,-44.238056,-43.12012,-43.99405,-45.70128,-45.358032,-43.154224,-46.13245,-45.883873,-46.481735,-46.89259,-47.08538,-49.18015,-49.852486,-49.3973,-51.246758,-53.34134,-52.753353,-53.78092,-55.40081
8928,True,-22.879482,-27.544407,-31.734774,-30.855354,-34.8696,-36.67284,-39.308266,-40.675194,-37.033077,-38.958023,-41.28,-41.29351,-42.164345,-44.104454,-43.275894,-44.600792,-44.875816,-45.117424,-44.691177,-46.02125,-45.446373,-46.295055,-48.091427,-49.01804,-50.2659,-49.737858,-50.634914,-51.889538,-54.11222,-52.918617,-54.62857,-53.49446
8960,True,-26.698383,-24.44004,-25.805336,-27.448788,-35.7355,-37.669193,-39.068302,-37.94368,-34.20636,-35.05646,-41.491566,-40.22883,-40.67994,-42.129753,-41.07547,-39.00671,-42.037506,-45.500175,-44.546017,-46.465393,-46.88785,-47.194984,-48.018364,-49.168926,-50.111103,-50.404858,-51.752758,-53.470554,-54.85187,-54.25623,-55.2338,-56.093872
8992,True,-26.864342,-30.502037,-25.242619,-30.13172,-37.593655,-37.251648,-37.22985,-37.74408,-41.092255,-41.33838,-41.99509,-42.303703,-39.00974,-40.317844,-43.53907,-43.929325,-41.3564,-44.991333,-46.78086,-48.366882,-46.93001,-46.5112,-47.72852,-48.64163,-49.641388,-50.27405,-49.4797,-51.875782,-53.48389,-54.10459,-53.87505,-54.110405
9024,True,-28.597414,-34.09786,-26.58957,-32.203888,-34.47473,-32.49535,-35.891983,-35.651306,-39.285275,-42.414886,-41.406525,-40.966015,-40.848152,-43.39224,-44.47473,-44.959694,-45.18013,-47.262074,-46.57829,-45.83291,-45.357513,-46.145874,-47.985016,-48.28392,-48.388996,-50.324474,-50.456413,-51.827473,-54.59166,-54.08304,-54.909378,-54.476753
9056,True,-24.650948,-31.720217,-28.457022,-31.537136,-31.07344,-34.33661,-40.20212,-36.590317,-34.379726,-40.585983,-43.585526,-44.30861,-43.063614,-43.094387,-41.728416,-39.35753,-44.247177,-48.679623,-47.804817,-47.325317,-46.305634,-48.481907,-49.831657,-50.576126,-49.682243,-49.149155,-47.94125,-51.63534,-53.133873,-53.73631,-54.25203,-53.046913
9088,True,-25.642517,-27.24735,-31.000694,-35.281166,-34.280342,-36.41837,-40.669525,-40.12638,-37.900852,-41.81345,-40.395733,-43.580467,-43.194355,-40.493855,-44.192192,-42.34579,-45.293602,-47.201805,-46.30951,-45.840893,-45.50814,-45.830887,-47.384712,-49.23353,-50.156475,-50.46143,-48.63947,-51.790943,-54.92163,-53.360104,-55.189835,-55.701405
9120,True,-25.68079,-26.766716,-25.378553,-28.801392,-30.0462,-31.903067,-35.08909,-38.711742,-42.336994,-41.915897,-41.830116,-38.76247,-42.61628,-43.768845,-44.13242,-45.304913,-42.681023,-44.308655,-44.34078,-46.571304,-47.173405,-47.38957,-47.960846,-48.380856,-50.095295,-48.50409,-49.57496,-53.466606,-54.633106,-54.475143,-53.683556,-55.24951
9152,True,-22.839334,-27.987402,-28.365414,-34.995567,-36.5342,-35.341877,-38.59285,-36.91053,-42.020905,-43.311172,-40.1585,-43.39827,-42.896614,-38.863293,-42.745667,-44.1501,-41.82667,-44.971256,-43.27587,-45.343075,-44.92021,-46.96483,-48.59194,-50.263157,-51.110275,-49.962654,-48.672863,-50.173298,-54.45082,-53.93367,-55.370163,-54.262623
9184,True,-26.195639,-29.838457,-27.158213,-35.452,-37.391613,-33.634716,-39.98216,-40.729813,-42.100124,-43.44716,-44.410206,-38.77684,-39.393112,-42.172092,-38.84146,-44.059216,-44.616287,-45.94528,-44.943066,-44.73454,-46.691177,-47.82791,-49.678425,-47.501564,-49.7984,-49.976036,-49.538925,-53.967613,-54.502594,-54.16033,-55.313797,-54.142624
9216,True,-24.57663,-26.328604,-29.134855,-30.544966,-32.344227,-31.281898,-35.40013,-35.190212,-34.748005,-37.75119,-39.167732,-34.72741,-38.535164,-38.51544,-38.54615,-36.622753,-34.298786,-39.339294,-45.39446,-45.246902,-46.28055,-46.7693,-47.945057,-48.84741,-48.071533,-46.72876,-44.759747,-42.321262,-36.450035,-37.597816,-39.93283,-40.70041
9248,True,-25.781944,-26.514006,-29.05006,-30.623314,-34.008934,-25.651203,-32.06402,-29.02875,-29.811914,-34.64886,-35.172245,-35.29625,-38.073044,-37.701942,-38.894035,-36.53503,-31.429592,-35.110344,-42.110916,-43.221123,-40.968964,-43.176735,-44.350113,-46.59047,-44.51754,-41.900173,-38.3101,-36.42514,-32.687466,-35.268986,-37.04517,-37.387444
9280,True,-23.6147,-28.064854,-26.296795,-31.410892,-32.651524,-32.327686,-39.118896,-35.897186,-35.84573,-41.559673,-38.758972,-37.373993,-38.76761,-40.559998,-42.63492,-40.647503,-41.39061,-43.73313,-44.92404,-45.177902,-45.75451,-47.72146,-49.963837,-50.133987,-48.883408,-47.529827,-48.36377,-47.482662,-45.408157,-47.428505,-49.334053,-48.93126
9312,True,-26.99462,-29.167738,-28.736992,-32.441326,-35.83712,-32.338932,-37.756104,-36.976463,-37.30169,-42.28235,-41.47314,-42.344955,-40.08575,-39.873795,-42.868286,-41.43463,-45.05897,-45.632736,-44.092373,-43.54638,-45.312187,-46.24647,-48.33542,-48.684433,-49.57258,-51.931442,-49.415558,-50.476948,-50.705418,-50.422028,-53.266636,-53.63821
9344,True,-27.457283,-30.476997,-26.691572,-30.904991,-33.334972,-32.173992,-39.401344,-38.223774,-34.300392,-39.98194,-38.66857,-42.127056,-41.2293,-43.423656,-40.989475,-41.933308,-42.212036,-42.775215,-42.721016,-44.626472,-44.04222,-46.243187,-47.343254,-50.024612,-50.59444,-47.98501,-48.988777,-51.880802,-52.647278,-53.916935,-54.878216,-54.525368
9376,True,-29.472416,-33.492554,-28.123741,-29.10454,-34.340645,-32.72658,-36.55523,-41.304817,-41.111713,-41.58744,-39.63321,-42.029922,-40.942764,-44.139153,-45.379875,-45.703735,-45.142036,-44.92815,-43.410088,-46.88749,-47.44864,-48.755993,-48.534912,-47.70222,-49.39927,-49.00197,-49.1151,-52.11566,-53.671818,-53.636635,-54.340897,-53.990574
9408,True,-24.85945,-27.095848,-27.00575,-32.96391,-34.399506,-33.1309,-38.633827,-38.598793,-40.188374,-41.13058,-37.147583,-38.479313,-40.494507,-42.437054,-40.784565,-40.05167,-45.041737,-44.561073,-44.881382,-48.00236,-49.39363,-49.339897,-48.943657,-48.865284,-48.607185,-50.93583,-49.514675,-51.720715,-54.475597,-53.44502,-55.45164,-56.24022
9440,True,-26.293623,-32.64094,-27.97696,-30.038754,-38.082657,-35.05795,-37.581333,-40.566658,-36.156677,-41.48716,-39.774555,-42.836823,-40.0925,-43.30053,-42.618656,-40.835846,-42.563347,-43.16647,-46.28534,-46.57435,-44.326508,-46.832027,-48.555008,-47.53124,-48.08331,-48.578297,-48.782383,-50.350395,-53.033905,-54.358192,-55.15374,-55.965843
9472,True,-25.921272,-30.355242,-24.281319,-29.197433,-34.102642,-32.68357,-38.850876,-39.367775,-38.934692,-40.738228,-42.227596,-37.669727,-38.771275,-42.496964,-42.362656,-42.336365,-42.56938,-43.630775,-47.089127,-47.162308,-44.406986,-44.444202,-48.02708,-48.949608,-49.4002,-48.246902,-49.888386,-50.89523,-52.39161,-52.72873,-54.3428,-53.88065
9504,True,-28.31826,-31.95527,-28.749924,-32.750904,-34.507828,-33.92695,-40.12106,-39.88296,-39.28005,-45.13619,-43.07679,-40.589336,-44.028328,-41.811447,-42.387703,-46.569134,-42.86609,-46.612526,-43.94916,-44.221947,-44.83436,-48.28363,-48.79647,-48.85758,-49.20664,-50.27132,-49.499134,-51.820675,-53.528255,-52.851227,-54.774643,-53.9003
9536,True,-24.349758,-31.684788,-24.572372,-30.07303,-33.999043,-34.97601,-38.35885,-40.360073,-38.00123,-38.13497,-39.51977,-40.48635,-43.739132,-41.857834,-43.983112,-43.242718,-41.742786,-44.149136,-46.185608,-45.20938,-46.285736,-45.804043,-47.74857,-48.68311,-51.500202,-51.250328,-50.49775,-51.93264,-54.224823,-53.497845,-54.368973,-53.71499
9568,True,-26.644564,-28.129795,-27.911604,-30.675173,-32.130043,-35.63824,-38.291412,-39.70659,-39.893703,-40.32061,-40.436554,-40.129414,-40.5282,-43.594566,-40.390488,-41.661957,-45.971893,-44.16205,-44.09931,-41.154007,-45.480618,-45.79594,-46.884388,-47.38978,-52.148422,-50.26831,-50.399357,-51.239582,-54.619976,-52.628105,-54.163086,-52.865166
9600,True,-24.284765,-28.702965,-29.330315,-33.397934,-34.993027,-35.29287,-38.413776,-40.44353,-39.353096,-40.26573,-41.558304,-41.447884,-42.85442,-43.837532,-45.674953,-44.78514,-43.799366,-43.444347,-45.58269,-44.079765,-44.665676,-45.870605,-48.980907,-48.59485,-49.44769,-50.0594,-50.549297,-51.50907,-53.70159,-54.80936,-55.681236,-54.266758
9632,True,-23.333685,-28.694277,-28.48064,-29.801613,-36.138397,-32.452667,-35.95817,-33.32319,-33.247047,-42.621555,-40.701523,-37.271736,-40.754124,-39.14864,-41.194195,-43.031296,-43.700195,-45.68636,-44.692516,-46.28672,-47.051197,-46.125107,-49.687275,-49.354286,-49.424637,-48.966515,-50.9393,-52.302452,-53.688454,-53.440594,-55.056465,-55.16525
9664,True,-21.930616,-29.760586,-28.637283,-29.880417,-35.544056,-35.91199,-36.971783,-40.973095,-40.990227,-40.39471,-39.84822,-41.383877,-40.209343,-40.432896,-40.572124,-42.170082,-41.847214,-43.925785,-44.06645,-45.659805,-45.78337,-47.06864,-45.566353,-47.539444,-50.48557,-51.702667,-52.937897,-52.895542,-53.29441,-53.95092,-55.3277,-52.814926
9696,True,-27.811672,-31.043854,-30.807106,-32.074406,-36.32556,-35.499466,-38.054054,-39.48317,-38.407803,-45.21061,-40.78625,-41.76509,-37.657555,-42.26164,-45.49116,-44.4216,-42.349174,-42.46644,-45.997616,-46.83693,-46.17179,-47.516052,-46.924862,-46.20888,-48.186382,-50.328884,-51.27433,-51.745842,-53.163437,-53.369385,-55.165527,-54.48524
9728,True,-30.615213,-30.947168,-29.977917,-34.40273,-36.634987,-32.08979,-34.757133,-38.527294,-37.01175,-40.02117,-39.52592,-39.540062,-40.558044,-43.279034,-41.277115,-41.860504,-42.553436,-44.69694,-44.930283,-44.613514,-45.669197,-47.97127,-46.898518,-47.654644,-50.01646,-48.846375,-49.753185,-51.51313,-54.66121,-54.01795,-55.823463,-54.788063
9760,True,-27.085651,-29.265316,-26.40942,-30.278273,-34.242977,-31.859978,-38.388504,-41.31772,-41.645836,-38.112846,-40.361122,-43.56911,-40.61276,-41.248695,-44.215084,-45.352615,-47.32884,-43.31369,-45.949318,-45.739193,-47.44771,-46.627483,-48.807755,-46.908745,-50.55207,-50.142445,-49.67257,-52.31607,-55.018124,-54.46308,-55.237545,-54.890343
9792,True,-25.789183,-29.955086,-30.96512,-29.646585,-32.3519,-32.346138,-37.962166,-34.41088,-34.197033,-40.687035,-42.303123,-41.129665,-38.978523,-41.64653,-42.464676,-42.830868,-42.846275,-42.691208,-44.03076,-44.872242,-47.270847,-44.548107,-47.019505,-47.713768,-49.684658,-48.453045,-51.625866,-50.55325,-52.58129,-49.448223,-51.57424,-52.40099
9824,True,-27.567846,-30.93665,-27.716064,-31.591183,-36.440426,-31.437923,-38.22018,-42.04425,-36.842896,-40.192,-38.23702,-37.210926,-39.706406,-42.091423,-41.75347,-42.22062,-39.651527,-41.983566,-45.38981,-46.156563,-46.247135,-45.15719,-45.843296,-46.179844,-49.982193,-50.65248,-50.173412,-50.534996,-52.704426,-53.86412,-54.557945,-55.192963
9856,True,-26.04107,-27.696836,-28.152954,-31.683752,-32.468536,-33.12467,-38.029644,-43.027855,-35.462822,-42.37915,-40.0562,-41.93125,-44.18899,-47.724537,-40.835766,-39.90999,-44.88703,-44.247833,-43.1518,-47.102818,-49.995304,-46.47255,-45.009987,-46.255295,-51.2815,-50.03326,-50.413136,-51.929825,-52.35069,-54.25035,-55.678936,-55.508266
9888,True,-24.126434,-31.694258,-26.78891,-32.119602,-33.78183,-35.05584,-35.830647,-35.492477,-36.371185,-40.92202,-41.437576,-42.564545,-42.67399,-42.0302,-41.03311,-42.409515,-42.36574,-43.708336,-45.293953,-46.413975,-46.089706,-46.423126,-48.32005,-47.233997,-50.315926,-50.558846,-50.39109,-50.99527,-54.541138,-54.735596,-54.63289,-55.230347
9920,True,-25.122993,-29.387657,-28.892082,-33.07098,-32.243576,-33.600586,-36.30119,-36.967945,-37.437828,-39.360664,-40.40317,-44.14676,-40.818153,-41.926846,-41.48437,-41.638493,-43.815407,-43.99276,-44.61256,-45.107113,-45.359882,-48.69839,-48.98806,-47.841255,-51.563217,-51.090664,-50.59566,-52.682808,-55.683983,-54.524075,-53.378605,-53.665215
9952,True,-24.396832,-29.47049,-27.95954,-32.056232,-32.950737,-35.045414,-36.20022,-36.810402,-38.526035,-40.144447,-39.055855,-38.019547,-42.697334,-42.845264,-39.903297,-43.91512,-44.928135,-44.75861,-42.892246,-45.232826,-46.3982,-46.55882,-46.070488,-48.718906,-50.88301,-50.481506,-48.929977,-51.244484,-54.705536,-52.76556,-54.278717,-55.391197
9984,True,-24.119833,-29.841955,-25.974367,-31.818787,-36.01783,-33.394505,-40.062965,-40.87347,-40.091595,-46.395412,-43.07554,-39.32303,-36.764194,-45.144035,-42.537704,-40.869247,-42.845898,-44.303288,-44.298218,-47.56138,-47.08479,-47.70662,-47.194847,-50.077938,-50.61358,-51.87127,-50.973087,-50.16094,-53.805748,-53.04975,-55.187412,-54.384224
