timestamp,faulty,band_0,band_1,band_2,band_3,band_4,band_5,band_6,band_7,band_8,band_9,band_10,band_11,band_12,band_13,band_14,band_15,band_16,band_17,band_18,band_19,band_20,band_21,band_22,band_23,band_24,band_25,band_26,band_27,band_28,band_29,band_30,band_31
0,False,-30.953463,-30.732635,-28.780348,-35.81858,-39.594017,-37.48858,-38.35151,-37.3439,-37.975563,-37.398026,-42.927,-43.937153,-45.28061,-48.22451,-46.343723,-47.570225,-48.898064,-49.016037,-49.449806,-52.07911,-52.262592,-52.247982,-55.243534,-57.32943,-55.966415,-58.443398,-61.321865,-60.46418,-63.461075,-63.46068,-66.294624,-66.55715
32,False,-25.455547,-26.460136,-30.956182,-33.11203,-32.830902,-27.978512,-34.70447,-38.144524,-34.762375,-40.635487,-43.968864,-46.401924,-44.385063,-45.010994,-43.74395,-43.43281,-47.197132,-48.25768,-49.92951,-51.660416,-50.420666,-51.331024,-53.806095,-53.391792,-54.613045,-56.136555,-59.32674,-60.606174,-63.126816,-66.04678,-67.460106,-68.330505
64,False,-26.472902,-26.404274,-27.683676,-27.456467,-34.11387,-31.894644,-35.61012,-36.178314,-33.616856,-40.24366,-41.435886,-39.277607,-43.999752,-41.90981,-38.706375,-44.170494,-46.05904,-45.640907,-46.70942,-50.68283,-50.88394,-51.621323,-51.524055,-53.331623,-56.855003,-56.081867,-57.08746,-59.572033,-62.788956,-66.13254,-67.14929,-68.96227
96,False,-25.277119,-27.945713,-27.583597,-28.873695,-31.086311,-33.564266,-40.464268,-38.726856,-38.900715,-40.2819,-39.458393,-43.998528,-43.46432,-41.400944,-42.706333,-42.903107,-46.36076,-43.783783,-48.5306,-53.15548,-49.449707,-47.944416,-53.673668,-55.357056,-54.700905,-57.106895,-59.354828,-59.276688,-61.50835,-63.904743,-66.78818,-69.82196
128,False,-25.91475,-31.69281,-27.09896,-26.034353,-31.099495,-32.672394,-36.099236,-37.679897,-36.850063,-37.409813,-42.72465,-40.401974,-40.610126,-46.04077,-43.52718,-45.132557,-44.916946,-42.888256,-48.287415,-50.791084,-48.18148,-51.255196,-50.99057,-53.330353,-54.685818,-57.939526,-57.522438,-60.374355,-63.02547,-63.397694,-67.33265,-69.14809
160,False,-25.822237,-30.514595,-28.686047,-27.491724,-36.356083,-33.642105,-37.066338,-37.637283,-39.626404,-42.02517,-41.99128,-44.815384,-41.80403,-43.258854,-42.81487,-45.10115,-46.99739,-49.64588,-49.269592,-50.470562,-50.049263,-51.227226,-52.79797,-53.394753,-53.570587,-55.50781,-56.320797,-59.481388,-62.657936,-63.93647,-67.235664,-69.22322
192,False,-19.895218,-23.059334,-26.930645,-27.967754,-32.839363,-31.874657,-41.9598,-38.92783,-39.324356,-36.428356,-41.046097,-42.849846,-42.314293,-43.570515,-44.18289,-45.093697,-45.05458,-46.75354,-50.487793,-51.362923,-50.705036,-50.058178,-52.610565,-53.900085,-54.485046,-58.109165,-57.55451,-60.543808,-62.824474,-64.033,-67.59911,-68.91432
224,False,-24.006363,-29.505178,-26.008484,-30.555315,-35.628365,-35.87773,-37.59324,-35.395226,-33.93986,-37.16682,-38.330517,-41.273575,-42.138668,-42.21907,-44.973785,-44.626488,-44.5377,-44.78875,-49.497295,-50.931168,-51.176334,-50.16623,-51.396202,-53.15924,-53.86206,-57.13513,-57.79271,-60.15428,-62.568592,-64.33743,-68.11172,-69.09709
256,False,-22.944555,-28.541046,-28.859531,-29.461136,-31.400024,-30.125626,-28.270153,-25.484735,-29.245014,-36.000618,-33.078033,-27.011919,-26.348774,-25.42923,-25.720028,-22.788647,-25.743101,-29.101229,-34.974472,-40.199516,-34.357826,-34.229458,-32.729668,-35.092773,-32.012207,-31.38593,-35.104073,-27.03802,-21.675215,-22.884626,-29.784582,-31.620216
288,False,-22.307642,-28.596153,-22.42094,-23.080013,-29.86819,-25.154943,-28.761295,-23.083954,-28.851387,-34.917904,-28.440529,-28.503185,-29.096395,-25.400074,-27.576998,-24.461233,-30.179245,-32.315308,-33.231052,-37.550385,-33.776215,-32.46979,-33.64566,-34.029533,-32.663033,-30.599281,-34.618423,-29.176365,-23.275755,-24.658888,-30.789993,-33.384712
320,False,-21.33172,-24.629768,-28.639452,-27.337143,-29.301413,-30.478653,-36.480515,-29.903687,-33.151283,-36.429916,-37.02658,-37.399593,-35.66132,-35.355423,-36.42009,-35.776497,-38.057922,-42.812786,-41.6926,-46.597385,-44.293255,-41.56228,-45.724583,-47.26951,-44.75744,-40.4048,-41.573944,-41.499233,-36.520195,-36.905197,-43.621784,-45.76114
352,False,-23.77084,-24.857504,-26.029087,-27.640726,-30.945286,-37.538067,-38.493504,-34.93715,-36.13092,-38.88304,-39.330658,-37.29868,-40.584927,-40.420105,-43.26072,-38.389,-38.210724,-44.042366,-47.249146,-48.498096,-49.71235,-44.657837,-46.638393,-47.27305,-48.110664,-45.055317,-47.020756,-44.565155,-39.64145,-42.16552,-49.99877,-49.152077
384,False,-25.513554,-26.241028,-25.10994,-32.20156,-33.528393,-32.61351,-35.279583,-37.74682,-36.159836,-37.961033,-39.763344,-37.557556,-37.853798,-39.42204,-42.11967,-41.111874,-42.547726,-45.83919,-45.236324,-48.99389,-46.583637,-46.142998,-49.63236,-49.67813,-51.220974,-50.858147,-49.672966,-49.915115,-44.71382,-47.7599,-54.43111,-56.40707
416,False,-25.362322,-28.71064,-32.251278,-30.619656,-32.69509,-35.956528,-39.463814,-38.02932,-37.63377,-41.55354,-41.05476,-43.788128,-40.778652,-40.95536,-40.97218,-44.295937,-43.646336,-43.55059,-47.0351,-49.585873,-49.247902,-49.56089,-50.84971,-49.786552,-52.44804,-52.95697,-50.076782,-52.148697,-48.23322,-50.1408,-58.756886,-60.252716
448,False,-24.614592,-27.491968,-27.439411,-29.17863,-32.60711,-34.732426,-36.308895,-39.180466,-35.20587,-38.013607,-43.93537,-42.708965,-42.853413,-43.16529,-41.21363,-48.06479,-46.893448,-46.28486,-47.102394,-49.888542,-50.30077,-48.644096,-49.14802,-51.93506,-54.697006,-55.149315,-55.48708,-54.41588,-53.856472,-55.783813,-61.87778,-64.14801
480,False,-27.301695,-24.591782,-25.587341,-30.591702,-30.792221,-30.685938,-37.260406,-39.60808,-36.556534,-41.026512,-41.39139,-41.774155,-45.22484,-39.85514,-40.24514,-42.881817,-44.352028,-45.651566,-47.949837,-50.864876,-51.24881,-49.54761,-52.70294,-53.560543,-54.5398,-56.6746,-57.365326,-56.45643,-55.4837,-57.39954,-65.1983,-65.60446
512,False,-22.426882,-26.706463,-29.78017,-30.179846,-33.013718,-31.692856,-41.577972,-37.66141,-36.496925,-39.563713,-43.428497,-41.961216,-43.042103,-40.38778,-42.241955,-45.763535,-43.6237,-47.558434,-49.354057,-50.271896,-49.918655,-49.470905,-51.49408,-53.320995,-56.6267,-55.701923,-58.20878,-59.408573,-58.58862,-61.097565,-65.34082,-69.64864
544,False,-28.002945,-27.543179,-27.36782,-30.91941,-33.31652,-34.125675,-38.534256,-35.944424,-38.28572,-40.145424,-40.48304,-44.10137,-42.52896,-39.87331,-43.563576,-47.072037,-46.528694,-49.58632,-49.791977,-49.331364,-50.576366,-49.39231,-52.701675,-53.065437,-55.325058,-58.34562,-57.577404,-58.921055,-60.557575,-62.97295,-66.46413,-68.62619
576,False,-26.913029,-26.5823,-25.656708,-27.824104,-36.748436,-35.435368,-38.93598,-38.794548,-36.424683,-38.671158,-43.511127,-41.80023,-39.968544,-42.33071,-43.46488,-45.580925,-47.932667,-46.453823,-47.02735,-51.04432,-51.46732,-49.382282,-51.837326,-52.092102,-54.27149,-56.294884,-58.388657,-61.18741,-61.7072,-63.856346,-67.72432,-69.25536
608,False,-29.83688,-25.923706,-26.839901,-32.057392,-32.613976,-37.18013,-39.28042,-36.85978,-33.336037,-36.845764,-39.075436,-41.076374,-43.0731,-44.5327,-46.502193,-45.967506,-45.507355,-45.519558,-46.952538,-48.910007,-50.61891,-51.864807,-52.732155,-53.343807,-54.63002,-57.925247,-57.396507,-58.6549,-62.70894,-64.64683,-65.877655,-68.29843
640,False,-26.947004,-25.584297,-27.611061,-29.56681,-34.14722,-30.724483,-33.844345,-37.01311,-34.890347,-37.893444,-37.046223,-45.694763,-44.97994,-44.6549,-44.706745,-45.09808,-46.644875,-45.894333,-49.298065,-51.489304,-49.922882,-51.18091,-53.847904,-54.88131,-57.25205,-58.140354,-57.00767,-58.97037,-61.491245,-63.674408,-66.60929,-68.43283
672,False,-24.512598,-25.261307,-27.065521,-31.998957,-34.394974,-33.956844,-36.80082,-38.091583,-35.975945,-42.305504,-46.41362,-40.52104,-41.65615,-41.62522,-43.775276,-45.610542,-47.65432,-45.098335,-47.95033,-51.098686,-50.095795,-47.740364,-51.693035,-55.080147,-54.234406,-55.19569,-58.436886,-60.282997,-61.702316,-64.01477,-66.387566,-68.80219
704,False,-25.705252,-30.008472,-29.603622,-33.366566,-33.675552,-32.738297,-37.617115,-41.899067,-37.335514,-39.23247,-43.26801,-44.863857,-43.334793,-41.880333,-44.79426,-43.86955,-46.259613,-47.464897,-47.47343,-50.351707,-49.255424,-49.923306,-51.948376,-52.57451,-54.28881,-57.02085,-59.251083,-59.74268,-61.623158,-65.766594,-68.15617,-68.0569
736,False,-23.579517,-29.192354,-32.588974,-32.360905,-33.653915,-31.435745,-40.89771,-39.004436,-41.0049,-38.806156,-39.340324,-39.67014,-42.413292,-39.361855,-42.17918,-42.006447,-47.605896,-49.15689,-48.984642,-49.711197,-51.20366,-51.73273,-52.216003,-53.853218,-54.76635,-56.29944,-57.687515,-58.008377,-62.22737,-64.215706,-66.72347,-69.6943
768,False,-24.78422,-29.325382,-30.150112,-31.24402,-33.654716,-30.913858,-41.149178,-41.112984,-37.26878,-38.63298,-39.909126,-42.35485,-38.807304,-40.70005,-42.34224,-46.06472,-47.06348,-46.29534,-46.970627,-49.479023,-51.59652,-52.204266,-51.975777,-53.74849,-53.901436,-55.634884,-59.53163,-59.929443,-62.984596,-64.11764,-66.13246,-68.87532
800,False,-24.654762,-26.65995,-29.982336,-27.291676,-27.624807,-29.5628,-30.798855,-25.579731,-29.260075,-35.63415,-31.501915,-29.083908,-29.0713,-33.2968,-32.485767,-30.900951,-34.88853,-40.574554,-41.805286,-46.890335,-46.176376,-46.879807,-47.962803,-49.037018,-50.53598,-55.641136,-56.74641,-57.116695,-56.75768,-58.108402,-63.24151,-63.132496
832,False,-25.633656,-28.146626,-27.061052,-29.740345,-31.449482,-30.839956,-35.275425,-27.11433,-30.83752,-36.836857,-32.86936,-33.908684,-33.591152,-36.611202,-37.414757,-34.938343,-41.662834,-43.581146,-43.79515,-46.006927,-48.97808,-48.218536,-50.69157,-54.88096,-55.961914,-56.09423,-57.844048,-58.78285,-60.38048,-63.61862,-65.53191,-66.888245
864,False,-24.01225,-31.53329,-28.82763,-29.922615,-31.724197,-29.576591,-41.04381,-37.310085,-37.836983,-39.671597,-38.723583,-36.991608,-40.776398,-42.9079,-44.24614,-43.429543,-44.55529,-45.896076,-46.098785,-50.62578,-51.220467,-51.69991,-53.112747,-52.457558,-55.98568,-57.16413,-57.492805,-59.23428,-63.64921,-65.53298,-68.1288,-68.36178
896,False,-24.927113,-28.126205,-32.944263,-31.682476,-31.739552,-32.162098,-38.24433,-38.414646,-37.04574,-37.026814,-38.007816,-40.939804,-40.91534,-41.913906,-43.764614,-43.84497,-44.1276,-49.462704,-47.318703,-49.44583,-49.411095,-48.200268,-51.364082,-52.898758,-53.13082,-58.148987,-59.936707,-60.76657,-62.91061,-65.69918,-69.54688,-69.75551
928,False,-25.995913,-27.679892,-29.051512,-26.55885,-30.71407,-30.928137,-38.80899,-37.258743,-37.179024,-39.51877,-38.76758,-40.886604,-38.945477,-40.711494,-41.496445,-43.10061,-44.309303,-47.182495,-46.84235,-49.846863,-50.775074,-52.71218,-53.49385,-54.912544,-57.551273,-57.72465,-58.924812,-58.041145,-62.62166,-65.0347,-67.083786,-69.36188
960,False,-26.661531,-24.60388,-25.819414,-27.746866,-30.831604,-33.89561,-38.628727,-36.791473,-37.35131,-38.894714,-39.111805,-41.85601,-41.513134,-38.50173,-41.906975,-44.253727,-42.498642,-46.069607,-48.511673,-50.50201,-51.79224,-51.32734,-52.285942,-52.803078,-54.37474,-56.428333,-57.214924,-59.912743,-63.10892,-62.724857,-66.28594,-67.94978
992,False,-25.259943,-25.591831,-29.510307,-32.190094,-32.678375,-32.69892,-39.06782,-37.955067,-38.759262,-40.068726,-37.98886,-37.384266,-42.0884,-45.039066,-42.43462,-45.94744,-44.767395,-47.334557,-49.23538,-52.074112,-51.73948,-49.66159,-50.332153,-53.663826,-54.91575,-56.449528,-57.163086,-59.385777,-63.579906,-64.58238,-66.9676,-67.35356
1024,False,-25.503864,-27.481003,-27.015713,-29.9578,-34.127956,-34.60982,-38.69595,-37.82977,-37.058136,-35.27256,-38.015514,-38.339436,-39.929634,-42.217632,-44.721725,-44.073277,-43.798885,-47.296326,-50.46934,-51.254745,-50.34647,-51.18984,-52.138653,-53.510498,-54.171947,-56.985966,-58.111015,-58.960686,-60.890724,-64.84594,-67.3566,-68.39099
1056,False,-22.772284,-26.336996,-25.516743,-32.079674,-32.324196,-32.155346,-36.578682,-36.79831,-39.816887,-38.767254,-42.632023,-42.922913,-40.832275,-41.852764,-45.26571,-43.45485,-44.84684,-47.59066,-49.158943,-48.612732,-49.88336,-49.191017,-51.05991,-54.20792,-53.97204,-55.789345,-57.712025,-58.338142,-60.84446,-64.79994,-66.98984,-69.27843
1088,False,-27.676504,-26.121653,-24.645203,-29.77906,-32.8226,-33.803337,-41.205635,-35.679253,-34.665974,-38.13186,-39.674683,-43.014263,-40.22666,-39.754604,-41.97182,-47.017513,-44.629536,-47.79511,-50.211823,-48.278282,-51.066315,-49.687557,-52.212643,-53.628162,-55.967575,-57.383858,-57.97669,-60.749275,-61.612274,-63.75944,-66.50357,-70.38286
1120,False,-27.73721,-25.166393,-25.82927,-29.916687,-30.813177,-28.568075,-35.59593,-36.103428,-38.328117,-40.80105,-40.876827,-38.402637,-40.063778,-40.325165,-43.979515,-47.582664,-48.260353,-48.134926,-47.61404,-49.88736,-53.525234,-52.098953,-53.04879,-55.245605,-56.799084,-57.481087,-58.28825,-59.58793,-62.382538,-65.87144,-67.77536,-69.61211
1152,False,-25.242695,-25.795277,-27.54412,-32.30842,-33.56124,-29.79314,-35.50781,-41.14324,-38.185005,-40.17797,-42.021362,-41.523163,-40.736916,-43.277176,-40.24027,-45.188858,-46.418995,-44.703674,-47.322117,-48.43299,-49.58877,-51.03008,-52.587048,-54.849857,-54.26411,-55.20519,-58.880276,-60.126682,-60.444202,-64.08448,-66.40684,-69.653114
1184,False,-21.95678,-27.48974,-29.55265,-30.07022,-32.1579,-32.35674,-39.351086,-36.83062,-36.72565,-36.288227,-40.879765,-42.058205,-41.401443,-43.492203,-42.82427,-47.35096,-46.990417,-49.065422,-46.823597,-47.69898,-48.546528,-50.637226,-53.37195,-54.898205,-55.43896,-56.585842,-57.501568,-60.275513,-62.80823,-64.71192,-67.24685,-69.213684
1216,False,-22.699669,-26.312988,-30.967499,-28.57978,-33.547943,-34.224358,-40.470047,-37.309513,-36.63105,-40.579796,-44.142113,-39.81723,-44.62904,-42.540504,-44.546616,-45.809708,-47.693974,-47.018475,-47.307816,-49.541473,-50.172764,-52.174667,-52.285534,-53.13984,-53.991165,-58.759644,-59.351196,-60.92643,-62.551666,-64.18925,-65.53437,-69.04934
1248,False,-24.311932,-30.724533,-29.953678,-26.461391,-32.63428,-29.756277,-37.62443,-36.682865,-37.531845,-40.471004,-41.326595,-42.236946,-41.528908,-41.21621,-44.74082,-46.20373,-46.293545,-48.136578,-47.5157,-50.616222,-51.147903,-50.979218,-52.076103,-53.566414,-55.584267,-57.572243,-58.26084,-60.322685,-62.356094,-64.97868,-66.17685,-69.6558
1280,False,-24.432632,-26.35297,-28.128016,-29.006348,-33.305233,-31.573877,-38.23466,-39.481293,-39.167576,-41.24305,-43.765854,-43.493114,-42.79679,-41.766747,-42.64008,-46.13285,-46.025864,-50.85205,-49.49766,-49.863396,-52.530495,-52.42828,-52.858574,-55.196075,-54.880318,-56.67646,-58.16917,-61.28118,-62.700138,-65.03677,-67.27949,-69.48259
1312,False,-25.483171,-26.152847,-27.779182,-30.313322,-32.20172,-32.76625,-36.18608,-39.58136,-37.206394,-39.877678,-43.971916,-41.461227,-42.60491,-43.205338,-44.394547,-45.1816,-47.77473,-48.696266,-47.238197,-49.053783,-51.110325,-50.301292,-51.699547,-53.633324,-53.992428,-56.553745,-57.263546,-59.212616,-60.964275,-63.561825,-66.872696,-67.91932
1344,False,-22.92398,-28.088903,-30.896807,-27.526102,-31.723633,-31.723068,-29.738752,-27.886456,-31.342281,-35.375595,-32.84487,-27.965784,-27.441387,-26.006357,-26.542053,-23.915052,-26.40643,-29.720978,-35.606968,-41.951164,-35.200066,-35.279854,-33.777405,-35.940304,-33.191055,-32.680668,-35.800648,-28.046627,-22.740433,-23.916227,-29.099747,-28.304274
1376,False,-21.416216,-25.537666,-27.929874,-22.628689,-27.508137,-24.538136,-29.72294,-24.173035,-29.762972,-35.53102,-27.55144,-27.765697,-28.602581,-24.167656,-27.047997,-24.20692,-29.247494,-30.700733,-32.55126,-37.147602,-32.88446,-31.429483,-32.36732,-33.321976,-31.794788,-29.947775,-33.60123,-28.66639,-22.255823,-23.986828,-29.279358,-28.58795
1408,False,-25.320637,-29.89337,-28.146397,-25.856726,-31.197395,-28.037683,-36.53895,-29.929836,-31.989635,-37.576874,-38.933178,-36.745625,-33.193,-35.963326,-38.279045,-35.33613,-37.881157,-42.692432,-41.245262,-44.615383,-44.050793,-41.865498,-45.328247,-45.968758,-43.806297,-40.521683,-40.743443,-41.219315,-36.346172,-36.292404,-44.091217,-45.225746
1440,False,-25.575905,-25.098698,-24.797762,-28.958225,-33.810886,-32.831722,-36.753967,-34.67292,-34.892784,-36.323006,-42.46154,-40.08445,-40.54697,-40.27508,-39.3557,-38.478436,-40.449314,-44.200626,-46.050385,-46.660175,-47.89891,-43.839867,-47.12461,-49.12252,-49.13524,-45.78315,-45.994183,-44.587357,-39.25249,-41.627384,-49.25624,-50.694756
1472,False,-25.18614,-28.659065,-29.693155,-32.972027,-34.653976,-30.417728,-35.562435,-36.34887,-36.92306,-40.74625,-41.237408,-40.59952,-39.14527,-39.44552,-40.395428,-41.99917,-45.910526,-45.116188,-44.314724,-46.41282,-47.756508,-48.09833,-48.09614,-48.9849,-51.507713,-50.923744,-48.92627,-49.33603,-44.69849,-48.1904,-53.27916,-54.9848
1504,False,-25.75909,-27.02554,-27.120544,-28.48796,-32.74216,-34.569984,-38.135693,-35.175407,-34.63193,-39.611717,-40.2428,-38.331112,-38.60077,-40.157936,-42.67508,-43.536934,-46.93776,-49.858204,-47.63453,-49.632263,-49.72673,-49.75212,-50.174026,-51.310913,-53.27449,-51.68274,-49.21225,-53.470116,-47.631073,-49.580326,-57.703957,-60.504307
1536,False,-23.318592,-30.775309,-25.705975,-32.600132,-34.00584,-31.77148,-40.408558,-38.618713,-39.035065,-39.102554,-42.38159,-41.599304,-39.15519,-41.188026,-42.867424,-42.894268,-44.175644,-47.693848,-47.789413,-49.977463,-48.02069,-49.441315,-52.78028,-54.298687,-54.213097,-53.60159,-53.821583,-54.506474,-52.72637,-54.874798,-62.55519,-62.628307
1568,False,-21.342468,-28.121971,-27.299927,-28.390305,-38.429604,-32.727325,-36.628765,-37.127182,-38.528362,-40.681206,-42.590492,-35.947002,-42.11933,-42.051086,-41.410736,-47.074852,-45.36644,-47.11944,-47.87872,-50.625313,-49.428905,-49.624397,-53.40139,-50.74489,-54.85579,-55.53877,-57.5156,-57.25494,-56.214455,-58.856712,-63.96604,-65.14665
1600,False,-22.822338,-25.224201,-27.249378,-30.096567,-36.888573,-32.23001,-34.21568,-36.0113,-35.858456,-38.904594,-43.220592,-42.78589,-46.76084,-40.069466,-38.064526,-43.16472,-44.896893,-46.455425,-46.725098,-50.272945,-50.04318,-49.787212,-50.74991,-53.634483,-56.386166,-57.99143,-56.97159,-57.40061,-58.674484,-60.59,-64.0577,-67.65268
1632,False,-23.228962,-23.429996,-29.486313,-31.385382,-34.203247,-35.106716,-37.005608,-39.346447,-38.15971,-40.617485,-44.061665,-44.1447,-41.066357,-41.326504,-46.039883,-45.2231,-45.39732,-46.10624,-47.080307,-51.107666,-49.62559,-51.883385,-52.536655,-52.906708,-57.073246,-58.9414,-58.313576,-59.028683,-60.503517,-63.160072,-66.91637,-67.14522
1664,False,-22.575415,-27.939606,-29.793404,-29.313498,-34.180202,-33.004826,-40.94197,-37.087723,-38.03634,-42.588875,-41.344227,-38.08789,-37.082245,-40.451683,-47.086166,-46.053577,-47.810722,-48.860516,-46.814228,-48.784756,-49.408348,-50.378414,-51.504055,-53.02298,-55.817986,-56.471962,-58.855633,-59.75929,-60.53224,-63.942543,-66.179016,-67.777336
1696,False,-21.416502,-27.61654,-26.195126,-26.803204,-31.389235,-35.102215,-38.43539,-40.012177,-39.95308,-40.865288,-41.38268,-41.313065,-39.99995,-40.163074,-44.091038,-46.317352,-46.305,-46.604897,-48.610184,-52.477573,-50.942604,-50.850445,-52.721176,-53.21356,-53.386196,-57.277607,-57.65286,-57.246635,-62.23639,-64.83142,-67.475464,-68.51765
1728,False,-24.276722,-28.527313,-30.852573,-32.589096,-36.952133,-32.409863,-37.644104,-41.46525,-40.366592,-37.788605,-38.452896,-44.629402,-42.250347,-38.650215,-42.79859,-45.812725,-45.77732,-46.57461,-48.485966,-50.54253,-49.040916,-48.912987,-51.983017,-52.519306,-54.071964,-56.462437,-58.370243,-59.992317,-62.217903,-65.22426,-67.27226,-67.516975
1760,False,-26.096136,-25.817488,-27.816887,-30.68763,-34.74461,-32.099636,-36.62243,-39.402805,-39.586933,-43.136147,-43.989254,-42.44692,-40.702576,-40.630104,-44.641212,-48.258358,-45.281647,-47.359566,-47.923286,-47.83824,-49.928513,-48.515697,-53.93811,-52.725105,-53.308052,-54.22396,-57.417206,-58.107613,-62.71335,-65.42516,-68.191315,-69.328835
1792,False,-24.804909,-28.030216,-30.71459,-30.160093,-32.2765,-33.28452,-38.61856,-37.355305,-37.3825,-41.878494,-39.316338,-39.32444,-40.828346,-38.027424,-40.24376,-45.360104,-48.31875,-45.925884,-45.965897,-50.096283,-50.903778,-49.47844,-53.06987,-53.520008,-54.302933,-55.76088,-56.800316,-60.45524,-62.166252,-65.43666,-67.61041,-69.37004
1824,False,-26.563316,-27.187222,-28.355904,-29.933937,-35.14175,-34.244564,-41.2582,-37.94128,-37.702522,-41.12783,-42.698063,-41.024292,-42.35022,-42.003204,-45.330624,-45.5588,-48.004917,-47.888393,-49.41292,-50.378014,-51.827625,-52.05809,-53.139095,-53.208614,-55.335,-54.5941,-56.874054,-58.927597,-61.442932,-63.45729,-67.12129,-68.80212
1856,False,-27.834194,-26.28643,-25.08706,-30.422535,-36.607178,-31.681057,-36.818882,-40.422714,-37.559402,-38.690815,-39.809364,-40.269123,-41.049732,-41.44153,-44.092964,-45.103806,-46.65239,-48.124447,-47.33322,-49.750637,-49.688705,-51.429382,-52.800186,-51.78769,-54.186558,-55.336155,-57.711594,-57.700478,-61.15543,-65.17608,-68.78847,-68.12339
1888,False,-27.36088,-28.919256,-29.860111,-30.997635,-31.863483,-33.45012,-30.803936,-27.663774,-32.61106,-37.362,-32.303356,-29.943884,-30.42752,-33.75954,-35.020935,-31.715193,-35.64305,-41.034477,-43.477608,-49.60898,-48.375607,-49.357143,-48.159138,-52.38072,-53.157124,-55.463734,-56.931805,-60.282837,-59.881824,-60.750652,-64.380356,-63.51185
1920,False,-25.099133,-27.347849,-27.255466,-25.647293,-28.265987,-29.157438,-33.258965,-27.417828,-32.32022,-36.172756,-32.187366,-33.317165,-32.82148,-33.831917,-37.631718,-33.156822,-40.380096,-44.276806,-46.182995,-48.108498,-48.71452,-49.108177,-50.629868,-53.806805,-52.554153,-53.680702,-58.277435,-59.691196,-60.418465,-62.86926,-65.38816,-65.57141
1952,False,-24.917423,-27.492245,-28.521362,-30.026798,-35.366398,-30.070974,-34.75398,-32.398705,-32.58873,-38.83506,-37.749577,-40.388493,-38.883255,-41.078705,-41.890507,-42.711693,-43.5511,-47.25472,-48.56877,-50.77332,-50.51027,-50.95759,-52.752075,-54.820133,-52.319294,-57.10905,-58.259563,-59.57638,-63.24785,-65.85266,-67.78933,-68.680336
1984,False,-20.854393,-24.386765,-27.018501,-33.105724,-34.83801,-31.618273,-36.83285,-36.53876,-34.07582,-39.68723,-41.70899,-41.416725,-41.60439,-39.196777,-41.744503,-45.1638,-43.60725,-47.114883,-46.871918,-51.160473,-52.705227,-52.105785,-54.216537,-54.740776,-53.190765,-57.937355,-59.56082,-58.77352,-63.28837,-65.517944,-68.110565,-69.924194
2016,False,-21.883831,-26.115376,-28.129274,-30.757175,-33.93478,-33.17301,-38.657124,-38.575546,-37.122772,-38.867115,-43.99331,-43.025574,-38.700573,-36.735428,-43.26246,-45.83447,-46.308704,-49.832886,-49.10485,-51.81036,-51.15334,-50.406948,-53.448105,-54.719463,-55.67118,-58.17082,-58.446064,-59.703003,-64.770676,-67.479706,-68.061615,-69.995186
2048,False,-23.02099,-27.544634,-25.210981,-30.302107,-31.964333,-30.819185,-39.08094,-40.11818,-40.93041,-43.859367,-38.32614,-40.886604,-41.13237,-42.300964,-41.290733,-45.335117,-48.673954,-47.41648,-48.201797,-48.91681,-49.266132,-49.16317,-52.57659,-54.32048,-54.429626,-57.103912,-58.23604,-59.671654,-64.83538,-64.20584,-66.395546,-68.83218
2080,False,-24.207539,-30.100641,-29.245579,-26.62991,-32.955704,-32.954163,-36.655617,-40.139652,-35.598892,-38.190807,-36.736786,-40.133366,-42.967762,-41.42556,-44.58206,-43.719467,-44.160633,-46.995995,-46.902805,-51.665764,-53.3341,-49.89241,-52.648933,-55.533752,-54.54812,-56.154625,-57.59298,-59.1999,-62.76445,-66.464325,-66.42477,-67.17409
2112,False,-24.082325,-27.824974,-26.389597,-27.611464,-33.292442,-28.79578,-39.094803,-40.38996,-41.344913,-41.00088,-42.434166,-42.920685,-42.13173,-41.12361,-44.908394,-45.481373,-45.67966,-48.69964,-49.099518,-51.651493,-50.796646,-51.29911,-53.0386,-55.070656,-55.680855,-56.857956,-59.032394,-60.021954,-61.850376,-63.97282,-67.309425,-69.528915
2144,False,-24.137,-27.936832,-25.599155,-27.404976,-33.40148,-31.619324,-33.781593,-36.835396,-37.714867,-38.14055,-39.19832,-41.669456,-39.93751,-42.196945,-41.0161,-41.51958,-48.32932,-48.769436,-46.87662,-47.766266,-50.389206,-50.792194,-53.148026,-54.361465,-56.53997,-57.96428,-57.709045,-60.268692,-60.688934,-64.55241,-67.38401,-68.56004
2176,False,-24.507944,-25.831148,-31.239965,-32.434,-32.172306,-30.007465,-38.58188,-42.108875,-37.924152,-41.974102,-43.333214,-42.86028,-40.942455,-41.243393,-41.27483,-44.994804,-47.1921,-47.884235,-48.918854,-49.178333,-49.52282,-49.787674,-53.499874,-53.426205,-54.029793,-55.61088,-59.408653,-61.34166,-63.38881,-65.010826,-68.11416,-68.66622
2208,False,-24.546377,-27.3815,-29.037197,-31.050455,-30.247238,-32.331074,-38.461586,-39.46857,-34.27321,-38.450405,-41.926247,-41.014374,-40.75829,-44.454544,-41.506313,-42.467033,-44.402153,-46.20681,-47.939453,-50.455902,-50.712746,-49.421562,-51.850643,-53.85477,-56.51526,-56.83909,-59.78891,-60.376236,-61.634716,-64.38106,-67.350494,-68.89278
2240,False,-25.55447,-25.288433,-28.582275,-31.443079,-33.738693,-33.34182,-35.376335,-34.30147,-37.233727,-43.566208,-45.24241,-42.432053,-41.016182,-42.48194,-45.43042,-44.03611,-47.26429,-43.951298,-47.725945,-48.623333,-50.97249,-49.07466,-50.53551,-52.229458,-55.493053,-56.63623,-57.49614,-59.751987,-62.248306,-64.588036,-68.31723,-69.42501
2272,False,-26.960394,-27.73285,-30.265099,-28.156769,-33.647724,-34.36415,-39.067818,-34.907642,-36.063362,-40.837105,-43.267803,-41.788895,-41.764122,-42.37049,-42.317673,-44.4092,-50.27305,-48.85549,-48.097137,-48.15542,-51.166607,-50.75535,-52.604065,-53.222824,-55.646435,-56.582737,-57.618656,-58.059875,-61.537132,-64.158134,-68.11843,-68.17535
2304,False,-22.95,-25.490282,-29.461718,-31.43242,-34.957462,-30.032818,-36.56915,-37.17484,-39.214554,-38.999092,-44.65406,-42.390804,-40.129818,-40.40218,-42.736374,-45.41149,-46.546783,-44.954258,-46.7088,-48.670013,-52.238045,-49.97599,-52.26772,-53.42068,-56.062218,-54.6821,-55.91728,-58.942802,-62.382843,-64.18794,-66.97957,-68.80044
2336,False,-20.26233,-28.784397,-27.379444,-30.755175,-31.185745,-30.886295,-36.166344,-37.031147,-36.295372,-38.24627,-43.05054,-42.923584,-39.201256,-42.342667,-42.22105,-48.059586,-46.98544,-48.397446,-48.34516,-48.177868,-49.929527,-49.35007,-51.760025,-54.145416,-55.06057,-56.335594,-57.915226,-61.052994,-62.007187,-64.3793,-68.27321,-70.74765
2368,False,-24.669449,-25.296726,-26.018724,-25.601036,-34.28586,-29.17372,-37.364822,-39.301296,-37.965187,-40.6128,-40.95873,-42.776714,-41.26999,-44.038982,-41.807518,-44.04663,-46.705166,-46.849762,-47.883064,-51.514915,-50.74963,-49.42587,-53.07103,-53.379074,-55.925182,-57.11293,-59.25209,-61.4032,-63.249416,-65.255554,-66.361626,-69.25979
2400,False,-25.682472,-28.17834,-27.300072,-27.135592,-32.999184,-29.320755,-40.093704,-37.27971,-38.15864,-41.76813,-41.116127,-41.09723,-43.31507,-42.41167,-41.864605,-46.472008,-47.139442,-47.777267,-45.696083,-47.810093,-52.15881,-52.179237,-50.172745,-53.19967,-54.112267,-57.181427,-58.786507,-56.894382,-58.50548,-59.073242,-61.155136,-62.237167
2432,False,-24.92479,-25.367325,-28.264614,-21.792295,-28.658615,-27.00633,-24.587526,-21.082104,-27.643894,-32.54993,-26.723427,-23.345201,-23.40556,-21.285519,-22.57933,-19.439,-22.544964,-25.427856,-29.710564,-34.896767,-29.44149,-29.223778,-27.504406,-29.397156,-27.074842,-25.884047,-29.518202,-23.183292,-16.935905,-18.511932,-23.382149,-23.630865
2464,False,-26.663307,-28.052137,-26.430166,-26.393246,-30.100807,-30.4995,-35.277058,-28.494444,-33.398876,-38.7137,-33.398567,-34.1486,-31.053303,-31.601131,-34.78008,-30.228092,-34.68438,-38.678757,-40.512222,-43.553543,-41.98631,-39.048763,-42.29282,-43.153553,-41.310417,-38.903076,-39.47593,-37.342445,-32.925705,-33.57083,-38.856133,-39.899544
2496,False,-22.81483,-26.375944,-29.30048,-29.775372,-31.998997,-29.994942,-39.083908,-33.11937,-33.89478,-37.221256,-36.137093,-37.01531,-34.286266,-34.155235,-38.007866,-37.01698,-40.792805,-43.172394,-42.104954,-46.163338,-43.687862,-42.94838,-45.326187,-47.297142,-46.42828,-41.427704,-43.000263,-43.20158,-38.258327,-39.664825,-46.89113,-48.35887
2528,False,-25.520634,-26.613207,-26.720646,-32.963947,-34.1988,-31.815605,-40.252968,-37.92267,-39.0291,-39.458393,-40.79388,-40.55029,-39.72762,-39.004494,-39.265408,-37.113247,-42.26853,-45.174835,-48.250767,-45.700073,-45.598415,-43.246227,-45.707336,-47.329178,-49.390244,-47.860397,-48.30227,-47.32293,-42.344322,-45.65781,-51.822098,-53.8227
2560,False,-23.855713,-29.902119,-28.405079,-32.71666,-31.674711,-31.046352,-35.724342,-35.848587,-40.364815,-39.962082,-36.06224,-39.401527,-39.531742,-43.306602,-43.16437,-41.230286,-45.898735,-45.629036,-43.956383,-47.997837,-48.32933,-48.690628,-51.10823,-52.030914,-53.415283,-51.43544,-51.621098,-50.158955,-46.84513,-47.75734,-55.572388,-56.926147
2592,False,-23.198402,-26.142378,-28.685596,-32.781063,-35.761925,-31.446602,-35.81251,-40.598404,-36.025845,-38.328102,-40.818146,-40.50816,-41.08728,-38.941895,-40.34909,-42.879925,-47.809288,-47.11247,-48.46476,-48.244385,-50.671616,-49.126884,-50.562424,-52.735397,-52.792603,-53.694077,-52.52821,-53.22773,-50.470848,-52.391342,-59.72063,-61.6935
2624,False,-22.910782,-26.881208,-24.497581,-26.848778,-31.68129,-29.57184,-34.055447,-36.005867,-34.390045,-38.89876,-41.238827,-41.39042,-40.262753,-39.28881,-42.20953,-41.61982,-46.759193,-46.338978,-48.269844,-50.378834,-50.56015,-50.2894,-51.68806,-53.658672,-54.696865,-54.652523,-55.232124,-55.41754,-55.96347,-57.423225,-63.048973,-64.3519
2656,False,-22.479733,-25.36335,-25.411854,-31.083694,-38.421986,-31.173538,-35.732292,-35.893795,-36.768528,-40.6537,-40.479984,-39.898014,-41.183697,-40.87912,-42.145226,-42.093277,-43.33613,-46.271835,-48.518875,-48.231426,-48.377415,-49.143898,-51.16985,-52.782444,-54.961414,-56.031433,-56.580986,-57.796272,-57.819283,-59.886967,-65.10421,-67.984924
2688,False,-23.82738,-24.848892,-29.19328,-30.298618,-33.599407,-31.891865,-39.055332,-37.096745,-38.153927,-37.530277,-44.907616,-39.27654,-39.342808,-40.971222,-40.219727,-43.235054,-46.155937,-47.31014,-48.742405,-48.987507,-48.956264,-48.93183,-53.3631,-54.04692,-54.916313,-57.494244,-59.263596,-59.5491,-58.982464,-62.230003,-66.96441,-69.502884
2720,False,-22.271816,-26.894863,-28.215712,-29.586899,-32.938835,-31.715048,-40.243385,-40.141136,-37.275608,-40.288612,-42.59069,-37.689804,-42.318497,-45.05269,-42.37487,-44.87062,-43.80957,-47.08067,-46.858803,-51.68243,-50.366814,-50.445175,-51.41317,-54.58887,-56.03469,-56.903454,-56.969063,-59.513206,-61.469837,-64.73366,-67.693344,-70.006516
2752,False,-24.70928,-24.553158,-28.684399,-29.919737,-31.391478,-33.07375,-38.50353,-41.221085,-37.978085,-36.985214,-42.999043,-43.175793,-41.988216,-42.054222,-44.768066,-43.37879,-44.27864,-46.307964,-47.330402,-48.61377,-49.04103,-50.85952,-51.84948,-54.01504,-55.936237,-56.264183,-58.07908,-59.52715,-63.307396,-64.499054,-66.88729,-69.590485
2784,False,-27.041647,-23.710289,-26.70631,-27.619495,-31.452007,-32.997314,-41.54689,-41.361397,-38.887592,-38.962013,-38.815464,-39.595654,-38.376938,-39.22817,-42.552338,-43.6921,-42.52258,-47.09166,-49.635284,-49.922127,-47.704426,-50.475304,-49.973873,-52.78551,-55.95457,-56.03128,-58.280216,-60.202896,-62.475067,-63.94897,-67.35866,-69.07902
2816,False,-21.143696,-26.506098,-28.112514,-30.662106,-31.771128,-31.05604,-36.79756,-38.36758,-39.104828,-40.606785,-43.623314,-45.50913,-43.247223,-42.06215,-43.365765,-41.912468,-47.652874,-48.400772,-50.51199,-50.081753,-50.64331,-52.869473,-52.679695,-55.476,-55.13222,-55.916527,-58.765335,-60.76531,-62.074093,-63.41373,-66.67227,-68.76828
2848,False,-21.597832,-26.492188,-26.76468,-26.58876,-28.432577,-33.021248,-36.002373,-36.708874,-36.362724,-38.18291,-39.420986,-41.58172,-41.55256,-41.647026,-44.18891,-44.812447,-44.25537,-45.852974,-47.847572,-51.95529,-48.406693,-51.23484,-54.539333,-55.64388,-54.964905,-56.780815,-58.87113,-58.61505,-62.585674,-65.56285,-67.926346,-68.876816
2880,False,-26.44925,-27.937119,-24.876596,-27.38775,-33.91256,-32.726562,-37.665283,-40.36859,-39.89414,-35.82673,-41.603123,-41.02644,-42.07014,-41.175915,-42.550476,-45.497597,-46.33251,-48.963932,-49.20904,-51.989677,-53.925392,-52.62831,-54.299484,-54.371307,-56.452347,-56.2298,-58.934246,-58.12153,-61.655403,-64.26601,-66.72643,-69.19341
2912,False,-28.726612,-28.346394,-28.303513,-29.072618,-34.159664,-34.202667,-38.851006,-36.203247,-40.750572,-41.856533,-37.410614,-39.43825,-43.08798,-43.151073,-43.01259,-47.14798,-46.957397,-45.145687,-47.80652,-48.40825,-50.730865,-51.19452,-53.083454,-54.089813,-54.76086,-56.1021,-58.351078,-60.767197,-63.65151,-63.64304,-67.207054,-69.85216
2944,False,-21.25481,-26.20589,-26.36555,-31.367214,-31.367867,-33.04284,-35.053097,-36.56799,-35.831207,-40.41552,-40.89367,-39.02375,-39.28783,-43.314053,-44.929573,-46.623856,-45.54154,-47.929016,-47.119408,-49.570293,-52.08921,-50.015087,-53.263226,-53.62663,-55.108253,-56.797157,-58.407516,-59.84767,-63.42578,-67.539185,-66.92704,-67.77115
2976,False,-23.386316,-24.498573,-25.108467,-28.598831,-26.797989,-29.547785,-30.630516,-24.571314,-27.627357,-35.567528,-29.221012,-29.034527,-26.943283,-31.611382,-32.036392,-29.206467,-34.875694,-40.090908,-41.879936,-46.73873,-44.01355,-47.5576,-48.097374,-51.24527,-55.61865,-53.9587,-56.239796,-58.101807,-54.829666,-57.842346,-63.021275,-62.362667
3008,False,-24.753605,-25.96125,-28.214256,-28.224827,-30.85234,-29.465912,-33.243134,-31.052326,-34.248043,-37.293243,-35.376286,-37.53697,-36.166363,-38.846867,-39.530212,-38.040703,-42.77459,-47.335747,-48.672504,-49.008976,-50.101337,-50.469227,-51.342693,-50.883274,-53.624924,-54.657364,-58.841152,-61.30649,-62.211666,-64.72149,-67.00843,-67.784294
3040,False,-25.38719,-25.387146,-25.231874,-28.45172,-31.882582,-30.70471,-36.833065,-33.59398,-33.027565,-37.98636,-37.609047,-42.252792,-38.152897,-38.176582,-40.669823,-42.86495,-43.581623,-44.748005,-46.07525,-51.135654,-51.888077,-49.99636,-50.74552,-52.4405,-55.99123,-57.7309,-59.141235,-60.33503,-61.235157,-63.28609,-67.24938,-69.716034
3072,False,-26.0583,-28.10323,-28.160898,-30.42899,-34.545143,-30.556076,-37.322624,-41.567383,-34.76323,-35.09505,-44.151596,-40.896767,-38.921284,-42.55622,-40.0584,-42.519146,-44.423885,-46.22998,-46.846367,-48.682358,-47.62784,-49.800358,-52.324787,-55.335434,-55.526978,-55.324013,-57.98863,-60.03342,-61.422264,-63.13868,-67.12895,-67.96554
3104,False,-22.24035,-32.257824,-28.245407,-28.183947,-30.28415,-33.073265,-38.50183,-39.688988,-31.566914,-39.818325,-38.821327,-39.462723,-37.12722,-39.564487,-42.60603,-44.843796,-45.512856,-46.43483,-46.62097,-49.32618,-48.5948,-51.87395,-53.722076,-53.684174,-55.142303,-56.18845,-58.618053,-57.856525,-61.807343,-64.15346,-65.95864,-68.78543
3136,False,-21.86144,-27.75536,-30.805962,-32.75,-33.751587,-34.1394,-37.59839,-38.933044,-34.07394,-40.179375,-39.655624,-40.44536,-39.11783,-41.531216,-44.05396,-46.95208,-48.825897,-48.7592,-45.91124,-48.649445,-51.522644,-50.82785,-51.106583,-54.752014,-55.93153,-56.60798,-59.462704,-61.39884,-63.28888,-64.73782,-68.176025,-67.81847
3168,False,-23.71063,-24.490078,-26.688282,-28.907742,-32.656845,-31.61991,-42.309807,-41.30709,-39.240993,-41.47947,-39.400173,-40.999664,-41.768703,-41.88594,-45.17729,-44.68596,-45.62504,-46.399994,-48.316036,-48.505363,-48.38604,-52.144966,-53.46502,-53.446754,-55.127495,-57.208004,-58.08256,-58.549286,-62.17453,-64.72618,-68.86597,-69.46357
3200,False,-23.92067,-30.039722,-26.576593,-31.087502,-34.112354,-30.9729,-37.02448,-39.505028,-42.45086,-43.227875,-44.579216,-41.651577,-38.71,-40.806152,-42.601948,-46.709194,-46.492992,-46.58811,-45.588665,-49.434887,-48.76496,-49.97315,-51.08759,-54.73037,-55.698265,-57.50918,-59.123734,-58.916584,-63.788105,-65.83394,-69.02745,-70.417534
3232,False,-24.934132,-29.602161,-26.355412,-29.427378,-32.22161,-30.101234,-34.954914,-36.9437,-37.169662,-40.057907,-43.88733,-40.766186,-42.947685,-44.660385,-42.30495,-44.957245,-47.91461,-47.86148,-47.96692,-49.797634,-48.797195,-49.344807,-51.891193,-53.478073,-54.454506,-56.06314,-59.078907,-57.171497,-61.93361,-64.567154,-66.927704,-68.65478
3264,False,-24.192266,-27.37687,-32.758175,-31.248848,-31.572607,-30.493553,-38.62617,-37.352306,-36.085106,-39.887547,-42.50791,-39.400528,-40.684166,-39.952915,-39.796604,-42.24343,-45.2651,-47.471733,-49.294357,-50.552086,-49.43975,-49.52189,-51.266098,-54.38519,-56.501812,-56.495995,-57.028084,-60.76755,-62.348408,-64.931915,-68.41029,-68.98347
3296,False,-22.86037,-25.465725,-29.017553,-28.81118,-34.010017,-30.919575,-37.033905,-36.768784,-36.432423,-42.26127,-44.659176,-42.058758,-40.105213,-40.432964,-43.48173,-45.94337,-44.24877,-50.70898,-49.032524,-47.692787,-51.40211,-50.03118,-51.97415,-55.209335,-54.741814,-56.91823,-56.803078,-58.54548,-61.645622,-64.361206,-68.09509,-68.57556
3328,False,-25.543385,-25.867254,-28.957747,-28.488472,-31.63528,-29.99022,-39.000042,-38.04429,-35.633038,-40.320885,-39.462532,-39.683357,-40.61532,-40.285995,-40.603844,-43.321617,-44.489136,-45.946495,-46.75423,-48.70189,-49.791065,-51.79515,-51.349144,-53.31234,-53.574413,-56.90686,-57.94832,-57.76543,-62.17002,-66.959045,-67.82179,-68.89933
3360,False,-21.662428,-24.081345,-30.732182,-32.968666,-32.86592,-30.258284,-39.322315,-39.228218,-38.357952,-41.595757,-37.786896,-41.775795,-44.22663,-44.29009,-43.70266,-43.892662,-45.36023,-48.476494,-49.208202,-50.593964,-50.771465,-51.416126,-53.788887,-54.757797,-56.040215,-57.157555,-58.115227,-59.24392,-62.525387,-65.08853,-67.92622,-69.63543
3392,False,-23.365368,-29.409466,-27.864885,-30.516167,-34.60567,-33.788925,-39.857452,-38.78076,-33.028194,-37.932697,-40.56743,-43.86517,-41.480595,-40.79733,-41.094975,-42.096336,-45.305004,-46.6544,-47.78237,-51.211983,-48.135155,-50.21738,-54.411613,-56.829628,-55.168114,-55.823265,-57.623844,-59.38055,-62.228645,-64.49609,-67.80654,-68.1301
3424,False,-24.420654,-30.501375,-28.403374,-30.275196,-35.015526,-33.299454,-36.775078,-40.129185,-39.21914,-38.534145,-42.852932,-41.18153,-39.774548,-42.87214,-43.32912,-44.681324,-47.579056,-49.959103,-49.3053,-52.26049,-49.556953,-50.607758,-53.058876,-53.942024,-55.860977,-56.330227,-57.881134,-59.018177,-63.49184,-65.25862,-67.014496,-68.33361
3456,False,-23.93854,-27.14539,-29.3126,-32.064335,-31.4853,-29.32357,-38.21042,-36.678307,-34.17022,-39.07224,-44.153217,-41.913948,-40.010952,-42.686695,-40.32263,-45.530296,-43.654114,-46.08091,-48.157837,-49.535027,-50.379074,-50.153698,-51.652718,-53.78197,-54.85726,-55.291485,-58.127514,-59.84246,-62.163445,-65.84356,-68.42569,-69.2268
3488,False,-23.891903,-27.223608,-28.818268,-34.695515,-31.64571,-28.365881,-38.082207,-39.59674,-36.490536,-38.159225,-40.70194,-42.25378,-42.65965,-43.931778,-44.955593,-46.64682,-46.321457,-50.167778,-50.521946,-47.689857,-48.986744,-49.128185,-53.435055,-54.11964,-55.569046,-57.115364,-59.268044,-60.756737,-63.201103,-65.76933,-67.515686,-69.04247
3520,False,-26.106184,-25.275925,-27.168137,-26.477205,-30.044138,-30.589092,-26.2644,-23.933832,-28.678902,-34.328415,-30.209404,-25.044441,-25.22336,-23.75759,-24.018965,-21.446993,-24.296333,-27.306454,-33.19364,-38.672424,-32.4993,-32.209335,-30.488665,-32.853592,-29.768425,-29.110603,-32.721947,-25.632816,-20.038227,-20.927917,-27.872585,-28.076157
3552,False,-22.852352,-26.129444,-24.392176,-24.75213,-29.510483,-29.290829,-30.148212,-25.130861,-29.133408,-33.873695,-29.11868,-30.019129,-30.551044,-26.66008,-29.066647,-25.922546,-32.85787,-33.873196,-34.522396,-39.215782,-35.53839,-33.37355,-35.640858,-36.293835,-34.870804,-32.51253,-36.329735,-31.680243,-26.14656,-27.382622,-33.085876,-34.799545
3584,False,-26.201365,-27.866976,-30.621117,-31.144905,-31.994457,-33.06108,-39.056477,-30.612103,-30.912123,-41.382072,-42.10411,-36.905617,-33.58061,-33.15924,-36.910416,-36.13547,-39.645008,-43.23121,-42.72664,-46.569637,-44.61857,-42.32244,-46.29695,-46.88829,-44.71039,-40.1284,-41.674614,-42.07524,-37.306488,-37.187626,-45.116276,-45.983353
3616,False,-25.185888,-26.347107,-30.199345,-32.204807,-31.835476,-30.29998,-37.177998,-35.700775,-36.448227,-38.297207,-36.372913,-38.477596,-40.359783,-39.05062,-39.97431,-39.498714,-41.62475,-45.00888,-45.834656,-47.589577,-47.6094,-42.490547,-46.144333,-46.225227,-48.385014,-45.72621,-47.95392,-45.457664,-40.150436,-42.761246,-50.52314,-51.031223
3648,False,-26.447891,-26.215431,-32.37656,-34.124027,-33.889652,-34.133698,-40.4961,-40.177788,-40.617023,-43.790306,-45.622982,-44.346428,-42.93053,-39.931236,-41.023502,-41.73564,-46.182602,-45.43608,-46.282326,-48.761097,-47.342815,-46.744293,-50.641235,-51.43596,-51.58934,-50.868374,-50.48732,-49.122154,-46.12312,-48.173904,-53.23322,-55.49514
3680,False,-25.053175,-24.194057,-26.88118,-29.541603,-32.16845,-30.419334,-35.31429,-36.34375,-34.842445,-39.03436,-40.154396,-40.33226,-43.172882,-43.146866,-41.336018,-43.8034,-45.55275,-45.126633,-50.373306,-50.372982,-49.969856,-49.76358,-51.74358,-50.30822,-52.555843,-52.910927,-50.70618,-53.219437,-47.22462,-49.308872,-59.401817,-60.81727
3712,False,-26.83023,-24.26549,-28.037437,-29.935555,-32.79852,-27.976704,-35.285,-37.824493,-37.303417,-42.474205,-38.927254,-39.38073,-38.5113,-42.87502,-45.20346,-44.786057,-47.014484,-47.8059,-47.128944,-49.630585,-49.69612,-48.59397,-52.73583,-54.529312,-55.42793,-55.647766,-56.001648,-55.907497,-54.275925,-56.211666,-61.728077,-63.418808
3744,False,-23.235306,-25.092808,-28.40333,-33.198273,-36.793095,-35.54265,-35.86268,-37.31073,-35.932056,-37.13425,-36.43393,-40.10044,-40.6756,-43.292236,-44.372448,-44.62722,-48.586216,-46.560673,-48.94443,-51.600945,-50.284225,-50.632164,-51.44991,-52.448822,-53.89822,-54.273506,-57.458733,-57.454105,-55.928795,-58.964676,-65.54645,-68.11874
3776,False,-23.573542,-26.523033,-25.513508,-33.004475,-36.366047,-29.851955,-35.006275,-39.789356,-38.027214,-41.456245,-39.540436,-42.326782,-45.566097,-44.313072,-42.85697,-45.648987,-48.505207,-45.685852,-48.197647,-49.555775,-50.50136,-51.4251,-51.74189,-54.73706,-56.662796,-56.565445,-57.781975,-61.407703,-61.36995,-61.519356,-66.13356,-67.61828
3808,False,-22.16352,-24.937613,-27.755964,-33.12878,-36.335407,-30.897638,-38.087765,-40.4512,-38.138462,-38.390877,-39.675365,-39.185562,-39.250694,-40.37794,-43.696175,-46.154625,-45.304165,-46.744995,-49.546448,-51.18522,-50.18184,-51.461746,-53.31367,-54.82265,-55.245163,-55.250847,-56.920525,-59.209255,-61.64535,-63.68035,-67.762436,-68.19949
3840,False,-24.889484,-23.875246,-28.650549,-27.979746,-36.179367,-30.055378,-36.748474,-36.749043,-34.645294,-39.100708,-43.377132,-42.390083,-42.740356,-42.30538,-43.11447,-43.15742,-46.97596,-46.96508,-50.105556,-49.250137,-50.346714,-49.58876,-52.3116,-54.921005,-55.027306,-55.437885,-58.41047,-60.172935,-63.224327,-65.68804,-67.03671,-68.35315
3872,False,-22.60168,-24.780304,-26.319277,-28.944855,-36.611954,-33.729347,-37.44456,-40.150772,-37.31303,-38.00596,-41.464268,-40.876793,-42.39977,-38.864998,-42.834908,-45.64892,-43.47818,-47.735348,-46.31257,-49.711666,-49.986477,-50.3837,-53.56459,-55.993217,-56.5411,-57.146935,-59.969795,-59.394093,-64.03013,-66.1447,-69.288475,-69.05176
3904,False,-23.866299,-24.568058,-24.235207,-28.06815,-34.366028,-35.646675,-38.372723,-41.208107,-40.507317,-35.477505,-40.667526,-42.838013,-40.091763,-40.304085,-42.418785,-42.6213,-48.599224,-47.43278,-48.378395,-51.37505,-50.2593,-48.49188,-52.26854,-55.590073,-55.852016,-56.454563,-57.025433,-60.128307,-62.686172,-64.757355,-67.568825,-69.185036
3936,False,-24.170897,-27.741058,-26.495523,-29.55367,-35.116917,-34.4707,-40.207573,-37.659733,-38.368965,-41.6742,-38.897827,-42.98893,-43.372314,-43.632057,-41.52702,-44.519737,-45.001038,-50.12555,-49.265537,-49.929356,-52.75096,-51.010162,-53.651943,-53.80255,-56.194195,-57.03456,-58.481834,-58.947887,-61.294914,-64.947495,-67.71133,-69.04143
3968,False,-26.783249,-26.508867,-30.21146,-35.366932,-32.715603,-31.480177,-36.332542,-38.603363,-37.75819,-43.57078,-44.014725,-40.993736,-38.195793,-38.623493,-44.409348,-43.793488,-43.68091,-50.41882,-49.64482,-52.84207,-49.900894,-50.101284,-51.45127,-53.53209,-57.025246,-56.154026,-57.892933,-57.594727,-61.23471,-64.93414,-66.81402,-67.32158
4000,False,-24.280857,-33.07262,-32.085987,-34.54097,-38.761017,-33.719948,-36.6139,-39.0952,-36.910492,-37.287678,-46.88044,-39.42171,-38.75053,-43.734394,-45.896103,-45.552246,-46.097256,-48.16867,-47.932083,-49.356037,-50.116344,-49.54636,-51.19983,-54.484272,-55.487175,-55.841362,-57.733948,-61.37461,-62.11807,-63.89507,-66.23153,-69.123184
4032,False,-22.432909,-28.910694,-24.874214,-28.953144,-33.2561,-27.988493,-35.911022,-36.58253,-37.964226,-39.57072,-43.954586,-41.477943,-42.677406,-43.106133,-43.95374,-45.84865,-46.45015,-47.744873,-45.89197,-49.25888,-49.060364,-51.218956,-50.85222,-53.35301,-55.330704,-57.984615,-59.305172,-61.086998,-63.12704,-64.855736,-65.46619,-68.5917
4064,False,-27.609375,-28.239273,-24.453165,-26.733978,-26.706236,-27.800215,-32.050114,-24.61372,-28.98469,-36.15662,-30.0931,-29.123852,-27.925283,-31.766584,-32.724854,-29.589775,-33.291164,-37.98467,-42.46708,-47.379574,-44.572144,-45.760403,-45.72135,-49.188606,-51.335014,-53.384094,-56.25162,-57.68936,-55.032192,-57.82829,-61.958965,-61.18007
4096,False,-23.873238,-31.317148,-25.611053,-26.375534,-27.415016,-32.418083,-36.357418,-29.008806,-32.954815,-40.07294,-36.00584,-37.046432,-38.221287,-38.133236,-40.32259,-37.573845,-43.439987,-47.753872,-47.86795,-52.571297,-51.54921,-50.542297,-51.780056,-52.397236,-54.636806,-56.16472,-58.88544,-58.85499,-60.632812,-64.54013,-66.44182,-68.52347
4128,False,-21.133764,-25.836636,-29.544785,-30.332548,-30.912495,-33.6269,-39.04699,-33.05122,-34.919605,-45.288754,-39.53903,-40.167183,-39.875343,-37.648834,-40.232143,-42.077286,-46.08615,-45.995758,-47.193092,-49.52996,-48.08493,-47.456707,-49.84973,-54.42597,-56.066666,-55.695896,-56.295593,-60.825912,-62.99393,-65.60373,-67.928894,-68.05501
4160,False,-22.232388,-27.340778,-23.979132,-28.991959,-31.438494,-29.508785,-38.890934,-36.68984,-36.40562,-42.306053,-38.772705,-39.032787,-40.03145,-40.679607,-42.79667,-42.634407,-46.730164,-46.88751,-46.645493,-48.33824,-48.176033,-49.504784,-52.42313,-53.170795,-53.338326,-56.890236,-58.052975,-60.0739,-61.61593,-64.55296,-67.14016,-67.47781
4192,False,-24.9095,-28.319235,-26.682083,-30.366772,-33.920834,-31.67767,-38.401276,-35.290234,-34.561024,-40.55573,-39.869034,-37.035557,-39.023056,-41.68694,-45.57292,-43.973328,-45.337044,-47.05998,-48.416725,-48.15188,-49.425728,-49.489384,-51.549133,-53.713852,-53.23696,-56.71457,-59.530434,-57.80214,-61.574127,-63.813557,-66.95444,-68.57501
4224,False,-21.454842,-24.930458,-25.237625,-28.771341,-32.7192,-32.95293,-38.46704,-38.024605,-36.28405,-38.306625,-40.694748,-40.238155,-39.93892,-43.30931,-44.36502,-47.04956,-50.18488,-49.416462,-47.78714,-50.172546,-50.403286,-50.82509,-52.940556,-54.47973,-56.044518,-57.29193,-59.916603,-58.89761,-62.55574,-65.31477,-65.60649,-68.73122
4256,False,-22.595251,-28.815525,-25.401087,-28.793535,-32.19239,-31.218655,-37.007477,-37.988632,-34.80218,-41.579014,-41.69411,-42.822365,-41.909542,-39.619087,-41.818943,-44.156013,-43.5035,-45.908318,-49.478867,-49.076202,-49.302258,-49.699116,-51.11965,-54.259483,-54.636086,-56.65626,-58.50747,-60.904312,-62.55432,-64.98584,-66.84702,-68.530334
4288,False,-22.726673,-24.225924,-25.703415,-31.175182,-33.688564,-30.565908,-38.51805,-36.688065,-36.411537,-39.27664,-42.609882,-41.85267,-40.089966,-44.535393,-43.5231,-45.682358,-44.842888,-47.8777,-49.965523,-50.769672,-51.719902,-50.75687,-51.421524,-53.413425,-55.713234,-56.72339,-58.708874,-60.981285,-61.411087,-65.13891,-67.25129,-70.599785
4320,False,-30.29856,-26.825378,-24.875563,-27.901957,-37.40858,-34.439243,-37.860725,-35.220352,-36.011475,-40.96552,-40.878075,-44.152046,-45.499214,-44.216904,-42.639427,-43.629185,-47.758354,-47.931747,-52.490406,-51.20066,-49.42083,-50.695724,-53.050365,-54.78847,-55.3709,-57.580948,-58.47222,-58.81206,-61.988163,-65.130615,-66.81078,-69.37902
4352,False,-25.42783,-26.06714,-24.484398,-31.893625,-37.167572,-32.748047,-37.831924,-38.620182,-36.80854,-38.659622,-42.779346,-38.687195,-43.797768,-43.365715,-43.151684,-44.675404,-44.319687,-48.676956,-50.63246,-47.90074,-50.16015,-48.77871,-50.7331,-54.877533,-57.74157,-59.136635,-59.00876,-60.712513,-61.598606,-65.853546,-67.34141,-67.831505
4384,False,-23.690365,-31.330715,-28.443142,-33.934093,-34.537766,-29.586905,-39.63335,-38.40442,-36.74115,-39.888836,-38.549038,-39.382496,-39.904438,-42.662537,-46.346947,-47.690834,-45.15275,-47.165524,-49.75523,-50.211414,-51.28955,-49.298206,-50.076374,-53.84211,-55.96498,-57.563244,-59.03579,-59.97342,-62.786236,-65.43181,-68.415375,-70.47223
4416,False,-25.95547,-24.941666,-26.162539,-31.696157,-31.580507,-28.63661,-37.263657,-36.89388,-36.089344,-40.31115,-44.296757,-39.180283,-40.32422,-44.51242,-42.983368,-44.95096,-45.52987,-46.43513,-48.794937,-49.46636,-50.28933,-49.83509,-52.927902,-54.78208,-55.406685,-57.150177,-58.62285,-59.7773,-62.805847,-66.16942,-67.47132,-69.370026
4448,False,-21.510965,-26.9853,-24.816454,-29.630493,-28.932491,-32.134426,-36.74938,-39.07387,-36.51055,-42.155804,-42.5372,-44.95961,-47.774082,-44.0422,-41.396416,-43.037205,-42.78742,-45.25592,-47.769882,-49.336807,-48.81933,-48.869915,-54.739536,-55.492203,-55.129963,-54.84627,-60.96291,-59.946274,-62.402794,-66.15843,-68.51344,-69.56498
4480,False,-22.856102,-24.740866,-29.045574,-32.492805,-33.099957,-31.400963,-40.647232,-42.162613,-37.07113,-39.63938,-41.237846,-38.634563,-43.33858,-45.526394,-43.49791,-44.67444,-46.445004,-47.23804,-48.953995,-49.327477,-48.210136,-48.99441,-52.18486,-52.68482,-56.11663,-57.22054,-58.894493,-59.61781,-61.547283,-64.0748,-68.32213,-68.8722
4512,False,-24.09566,-26.283579,-30.256401,-31.321943,-32.753654,-32.542557,-38.415855,-34.955135,-34.068027,-37.0288,-40.79889,-43.67457,-39.713364,-41.54071,-44.295647,-43.218113,-47.76321,-46.228428,-48.140022,-51.133007,-50.34187,-48.42946,-52.692684,-56.38538,-57.50476,-57.07796,-58.156296,-60.10273,-62.808723,-65.37343,-67.35814,-68.84631
4544,False,-21.10815,-29.667168,-31.87268,-31.535633,-33.649326,-32.365974,-35.140724,-38.672386,-36.21585,-42.057224,-43.769547,-45.078728,-43.003494,-45.236504,-46.87449,-45.813084,-45.27664,-45.789948,-48.103622,-53.608482,-53.333725,-51.616364,-51.139416,-53.189667,-52.533867,-55.932003,-57.682045,-61.408115,-61.96118,-64.885475,-67.39346,-68.5727
4576,False,-26.117348,-26.69399,-27.286081,-30.701235,-38.851696,-29.368555,-36.643196,-35.171337,-37.583115,-41.43634,-41.41761,-42.99745,-40.48426,-41.191185,-46.022495,-45.997322,-46.10691,-48.939205,-49.364204,-48.29344,-51.527115,-51.36979,-52.19955,-54.840553,-56.019516,-57.517235,-59.37333,-60.478664,-61.103477,-66.045906,-67.63072,-69.771645
4608,False,-25.60505,-28.92418,-29.225018,-32.80086,-35.260548,-28.791603,-37.839836,-41.794033,-33.3775,-37.30999,-43.62812,-41.064907,-40.979973,-39.270367,-39.096478,-39.558727,-41.18568,-45.050167,-48.764286,-51.067387,-48.239677,-47.386147,-50.306953,-53.73512,-50.167557,-51.19007,-53.208675,-45.972855,-42.08389,-43.369255,-48.20961,-48.031265
4640,False,-26.821394,-25.157272,-25.624077,-22.52335,-26.036278,-26.928244,-27.244375,-21.348866,-26.05574,-33.285423,-26.646193,-23.696783,-24.038046,-21.225492,-22.52348,-19.410074,-22.692905,-25.458315,-29.61091,-34.50251,-29.200901,-28.75474,-28.046883,-29.423773,-26.80191,-25.495182,-29.81905,-23.573896,-17.268745,-18.627354,-24.129581,-25.454731
4672,False,-27.62146,-27.807056,-25.992498,-27.867039,-29.398468,-26.076048,-37.614834,-29.098854,-32.42521,-39.07579,-33.314358,-33.976524,-29.754772,-32.531677,-33.1054,-30.194815,-34.418385,-39.109314,-41.025284,-45.787235,-41.96682,-39.338993,-42.548252,-43.983414,-42.04992,-39.54743,-40.035954,-38.255905,-34.7986,-34.802128,-40.075584,-41.659107
4704,False,-26.375246,-28.477411,-26.288187,-31.121193,-30.448923,-30.935646,-39.44559,-35.775745,-34.91897,-37.29282,-38.72415,-39.205643,-38.341652,-39.840214,-41.644573,-38.751358,-43.363625,-44.01259,-44.155113,-47.564796,-45.42273,-43.493786,-46.506554,-47.602978,-46.56761,-42.50167,-43.564903,-44.148144,-38.32948,-39.999134,-47.619118,-47.727173
4736,False,-22.809095,-26.560188,-23.748241,-29.067404,-34.75528,-30.408335,-37.60562,-35.01673,-36.811737,-36.5403,-37.98203,-42.992,-38.019955,-40.754692,-38.391,-38.050575,-44.369576,-45.572533,-46.26617,-47.32723,-46.008446,-44.16648,-48.227097,-47.171993,-49.272537,-48.16774,-47.63259,-47.8739,-43.330044,-46.488113,-52.121452,-54.31091
4768,False,-23.744505,-26.223446,-26.639902,-28.527002,-32.77414,-32.995567,-39.0546,-41.04178,-36.28723,-37.77652,-37.73419,-37.97136,-36.91036,-38.312202,-41.044422,-40.086296,-44.34781,-44.798103,-48.759,-50.57365,-48.958622,-49.716545,-51.341866,-53.00605,-51.813225,-51.660294,-50.462948,-49.927887,-46.552597,-47.50578,-55.8132,-58.07897
4800,False,-25.038824,-30.815084,-30.517384,-31.289843,-34.11182,-30.49534,-37.99308,-38.15381,-41.00894,-42.12702,-41.813675,-39.704353,-42.580704,-42.904945,-43.799736,-42.962196,-44.161335,-49.22308,-52.32908,-49.956543,-49.46219,-47.907394,-50.027508,-53.152397,-54.083725,-54.50821,-53.31165,-54.444828,-51.30409,-53.05342,-60.672516,-62.475105
4832,False,-23.283693,-26.357723,-30.832668,-33.42281,-31.464483,-30.630169,-37.851418,-36.93003,-37.231934,-43.769043,-40.986095,-40.70322,-44.727192,-45.69614,-44.98037,-44.717545,-47.223434,-49.06537,-48.86622,-50.757217,-50.472816,-47.39901,-51.715168,-54.33523,-54.877285,-55.105507,-55.627056,-56.606445,-57.643986,-58.764187,-62.769356,-63.74359
4864,False,-25.09452,-24.788439,-27.068203,-32.977592,-35.897236,-33.966114,-37.3904,-38.942623,-37.091377,-38.646606,-39.815575,-40.633804,-41.540237,-41.900883,-43.104057,-44.528675,-48.456005,-48.427307,-50.631477,-49.192253,-50.669743,-48.328136,-50.827736,-54.468246,-53.121475,-56.148605,-56.958904,-60.11268,-57.927284,-60.889343,-66.44899,-68.124176
4896,False,-27.859867,-30.538996,-27.542143,-29.42361,-31.366741,-33.244446,-37.658752,-38.335125,-35.4751,-38.08114,-39.52374,-39.531105,-42.45138,-43.226856,-41.953278,-41.608566,-44.62032,-46.95793,-47.57236,-48.8307,-48.608948,-50.703484,-52.4552,-53.909374,-54.462593,-56.270164,-57.237404,-57.026848,-60.848618,-62.67562,-66.140396,-68.577774
4928,False,-25.12662,-29.190704,-29.099133,-29.218372,-30.702658,-31.66135,-35.839,-36.662907,-34.69871,-40.704884,-41.27404,-40.763573,-40.08111,-44.147106,-43.752728,-42.837692,-45.664097,-48.033257,-49.09168,-50.25177,-49.817295,-53.2847,-51.807396,-53.05548,-55.797043,-57.786163,-58.242756,-57.17469,-60.172848,-63.23638,-65.33032,-68.50383
4960,False,-25.153786,-25.052689,-29.080553,-31.530827,-32.50753,-29.312893,-35.857803,-39.92022,-35.530502,-42.50218,-37.86451,-39.7096,-42.434483,-43.063194,-45.43415,-45.508957,-46.351334,-45.173546,-46.18136,-50.10582,-50.27391,-48.44014,-52.227097,-54.597023,-56.75334,-55.80183,-59.475822,-60.291397,-60.72986,-64.33943,-65.31129,-66.67914
4992,False,-27.487076,-29.11415,-26.721935,-29.74474,-39.43427,-35.054382,-38.466385,-39.602257,-36.357338,-39.44573,-38.530983,-43.69789,-44.792793,-46.01361,-43.45897,-43.298706,-43.46874,-48.48739,-47.076843,-48.218124,-48.86889,-50.082737,-53.392887,-56.301773,-55.281845,-56.789833,-57.9339,-59.90156,-62.8534,-64.76622,-67.58747,-68.54941
5024,False,-24.493456,-26.940031,-24.98397,-29.944231,-33.393257,-29.932442,-37.316715,-37.799633,-40.802494,-40.61817,-39.438866,-37.919533,-39.5454,-43.05403,-43.36098,-45.888996,-48.029114,-47.336136,-51.83422,-49.770428,-51.754604,-52.974083,-56.797253,-55.96718,-54.871426,-58.216,-57.645267,-58.59073,-61.35425,-63.46697,-66.01093,-68.855385
5056,False,-24.74419,-31.86341,-29.78106,-33.70526,-35.736374,-33.673088,-38.60621,-37.626038,-36.593384,-38.541264,-42.915215,-44.3622,-41.8474,-40.667717,-44.510246,-45.497395,-47.510117,-48.650146,-49.986893,-48.09998,-50.784206,-50.63817,-53.338207,-53.363083,-56.712322,-56.560905,-58.3008,-59.388653,-61.299843,-65.31192,-67.38201,-67.27343
5088,False,-24.248482,-27.64479,-25.485672,-29.318762,-33.750183,-31.19546,-36.43619,-38.137802,-36.060684,-39.99964,-43.792694,-42.88216,-40.265656,-45.572544,-44.63887,-46.321484,-44.203075,-45.864353,-48.54254,-47.402,-49.025574,-50.67158,-53.926388,-54.55163,-55.58363,-56.243114,-59.624268,-60.73535,-62.143826,-65.16814,-67.35663,-68.43163
5120,False,-24.53664,-25.706245,-24.326965,-29.825718,-32.92786,-31.08409,-38.592934,-38.1834,-36.980415,-39.422527,-42.70262,-39.939823,-42.477478,-45.25525,-43.46056,-47.73891,-48.758755,-48.895615,-48.315544,-50.752964,-50.46894,-52.114567,-54.59722,-54.166687,-53.98964,-55.35926,-57.418015,-58.84049,-63.705124,-63.948196,-66.54024,-69.54093
5152,False,-25.423683,-27.391438,-27.735899,-28.266401,-35.23409,-34.752728,-37.030823,-34.953194,-36.699684,-40.488586,-37.29897,-35.95582,-34.814415,-38.14735,-38.996853,-38.018196,-41.58897,-45.497185,-47.296925,-49.799076,-47.71929,-49.01522,-51.37034,-53.955288,-54.31745,-55.230713,-57.03567,-59.97548,-61.509666,-63.18392,-65.61591,-67.45566
5184,False,-25.962774,-28.206902,-26.638239,-26.470074,-29.870827,-29.419668,-31.063923,-24.098246,-28.463581,-33.68236,-29.152945,-30.090816,-29.578056,-32.18533,-33.964188,-31.425735,-36.960144,-39.718723,-45.011105,-48.599365,-45.08011,-45.688114,-49.59001,-52.106968,-52.62301,-52.683064,-56.666283,-57.963367,-55.779335,-58.72112,-62.710346,-64.38905
5216,False,-24.368507,-30.030937,-26.737787,-27.266006,-29.311563,-28.72816,-34.570976,-33.55042,-35.675262,-37.07217,-37.09279,-37.224392,-36.61021,-41.594322,-43.43883,-41.872154,-45.274616,-46.224648,-49.688774,-50.40853,-51.64971,-51.888176,-52.656666,-52.53659,-54.484184,-55.42102,-59.698547,-59.504494,-64.41519,-65.34699,-67.6476,-69.00285
5248,False,-26.914677,-29.974342,-28.5975,-27.894798,-30.799728,-32.573654,-37.74689,-34.976654,-36.71448,-41.61348,-38.774418,-40.270943,-39.303154,-39.79908,-43.234352,-44.378357,-45.55515,-47.556465,-45.725056,-49.079815,-50.5344,-50.53684,-52.91586,-55.026337,-54.50284,-56.995132,-58.339687,-59.72031,-63.802185,-65.634155,-66.24055,-70.04424
5280,False,-21.459759,-28.447256,-26.712677,-26.01847,-32.477875,-30.815327,-39.767155,-36.035942,-35.73689,-40.633232,-43.779373,-40.83625,-39.851757,-41.188866,-45.20681,-43.19889,-45.430035,-49.49232,-49.418205,-48.657,-50.931473,-51.28407,-52.406143,-55.025368,-54.875626,-54.724804,-57.93152,-59.541756,-63.089172,-65.542175,-68.18597,-70.15164
5312,False,-22.927177,-27.998896,-27.451078,-26.634682,-32.17341,-31.791893,-39.423985,-41.131588,-34.898117,-39.422142,-41.855064,-41.55355,-41.063866,-39.7027,-43.403706,-46.191833,-44.808716,-46.330074,-46.928986,-50.948963,-49.2543,-48.263165,-54.254337,-55.265045,-54.915768,-58.780655,-59.87514,-60.522522,-64.37865,-65.89909,-67.830894,-69.80124
5344,False,-22.71225,-23.96653,-24.41148,-27.545246,-37.942776,-32.41948,-38.46575,-36.259243,-35.52941,-40.99151,-42.97439,-42.51306,-39.754658,-39.338276,-46.456657,-45.296688,-46.248245,-50.473297,-46.665974,-49.111996,-51.305283,-50.95489,-53.694664,-56.05784,-55.852932,-57.20722,-58.630215,-59.299683,-63.138927,-66.78818,-67.94113,-69.57089
5376,False,-22.69836,-30.629456,-26.98348,-28.013412,-32.630047,-32.695335,-39.29599,-42.217426,-42.033276,-45.91517,-43.840694,-41.79162,-40.779263,-41.850998,-46.000977,-43.575394,-44.38862,-47.546158,-48.267006,-51.6463,-50.863625,-50.345253,-51.824043,-54.51068,-54.11181,-57.23289,-58.28724,-60.41619,-63.55131,-65.30294,-67.95649,-67.424835
5408,False,-23.199615,-25.301512,-26.902115,-28.884033,-32.573715,-31.721004,-36.479774,-44.739197,-39.405216,-40.528263,-39.947693,-41.37197,-39.38849,-43.016907,-42.766453,-43.01822,-46.172173,-46.567913,-50.92399,-49.92337,-50.685776,-51.139977,-53.29765,-53.764847,-53.629272,-55.76956,-59.15496,-60.091896,-62.56352,-64.85518,-67.31353,-68.59853
5440,False,-24.701359,-25.222187,-30.631523,-32.662907,-36.069202,-33.88044,-37.043045,-43.512745,-40.881966,-42.170147,-39.86652,-40.96299,-39.429375,-42.97232,-44.25922,-47.65787,-45.77009,-46.102562,-48.049377,-51.047348,-51.9379,-50.800728,-49.601524,-55.132675,-55.226326,-56.494858,-57.243927,-58.82007,-62.16214,-64.72301,-67.03841,-68.42722
5472,False,-24.00523,-23.953838,-27.693483,-31.86639,-37.02675,-33.76415,-40.925022,-36.489822,-39.15763,-39.02966,-41.514927,-44.23756,-40.122105,-41.45596,-43.85702,-45.25976,-44.92077,-47.35073,-49.028275,-49.073624,-49.85937,-49.692307,-52.642864,-55.769493,-55.744576,-56.046444,-56.71883,-58.234615,-62.8665,-65.31398,-66.675446,-68.210976
5504,False,-22.763988,-29.501936,-30.971985,-34.121433,-36.26,-34.09048,-44.46985,-39.62253,-43.469254,-46.475292,-42.789005,-39.222404,-40.285492,-40.264923,-45.10088,-46.079376,-46.94386,-46.068,-49.01184,-50.699715,-51.701466,-53.49043,-53.7267,-54.734417,-54.171814,-59.207478,-59.36771,-59.360928,-61.31875,-64.77708,-66.861046,-68.554474
5536,False,-24.986713,-24.713099,-27.609959,-30.220469,-31.655361,-32.014538,-39.025032,-39.482597,-36.591183,-38.119713,-38.331093,-41.785732,-41.695877,-44.356453,-45.233856,-47.17274,-46.73079,-47.195847,-47.98343,-48.79112,-51.33103,-50.330578,-51.6734,-55.719738,-56.37575,-57.789017,-59.098938,-59.16568,-63.84063,-65.46272,-68.357056,-68.18114
5568,False,-26.923655,-28.839075,-29.2165,-31.911606,-31.780167,-29.320732,-38.21778,-39.47222,-37.143112,-40.792465,-41.657448,-39.65752,-41.337814,-42.30698,-43.238815,-43.756393,-46.17071,-46.04999,-48.835484,-49.842194,-49.48853,-50.046215,-52.80049,-55.002953,-55.13647,-57.83692,-58.336823,-60.94604,-62.88745,-64.97197,-66.33102,-68.62697
5600,False,-25.561478,-28.307083,-24.752045,-27.409885,-33.65905,-33.124317,-36.82624,-37.746273,-37.82193,-44.913315,-39.913746,-40.10393,-38.73413,-42.798126,-43.573044,-43.181572,-46.839508,-48.578342,-48.918816,-49.63394,-48.91218,-51.682884,-51.751534,-55.762638,-53.65576,-55.54148,-57.75393,-61.15389,-61.857338,-65.73431,-68.20289,-69.05574
5632,False,-24.369993,-30.4291,-24.283424,-29.51445,-33.630802,-30.524647,-36.472694,-37.323967,-40.6995,-41.567856,-43.28068,-40.08474,-43.587296,-43.416718,-40.768326,-45.491337,-43.032036,-47.182076,-47.04489,-47.407326,-49.3569,-51.116585,-51.78043,-54.51381,-54.971664,-55.872803,-58.618465,-59.017868,-63.43002,-66.0433,-68.22347,-68.84165
5664,False,-27.866425,-27.638521,-27.638605,-37.109417,-34.3173,-30.333052,-36.170395,-37.96237,-37.286118,-38.05452,-39.618446,-37.935986,-43.311634,-43.230034,-45.38617,-47.152027,-48.64166,-47.13131,-48.17188,-49.66355,-48.69221,-49.874268,-52.74874,-54.5709,-54.892586,-57.975906,-57.490063,-58.32827,-61.46221,-65.742455,-68.22516,-68.68707
5696,False,-27.028587,-26.06086,-24.113564,-29.940443,-34.467113,-31.728546,-36.01947,-36.589073,-37.97133,-39.11097,-41.218983,-38.7076,-40.174488,-41.643272,-39.446632,-41.22694,-45.715885,-45.44104,-47.174377,-49.886555,-50.887848,-49.652885,-52.628345,-55.999107,-55.517258,-55.98375,-56.994396,-55.91702,-53.735386,-53.550877,-61.678143,-60.900726
5728,False,-24.472296,-24.805092,-26.14908,-21.735144,-30.713322,-29.562948,-24.857605,-22.115488,-26.551826,-32.103344,-27.126274,-23.879925,-23.410065,-21.079697,-22.563095,-19.032337,-22.059437,-25.298916,-29.881405,-35.44538,-29.295765,-28.70775,-27.577818,-29.222412,-26.661968,-25.43834,-29.651224,-23.4834,-17.273424,-18.298456,-24.980522,-27.062933
5760,False,-22.772657,-25.514046,-24.88489,-28.823576,-32.13392,-28.016293,-36.22702,-28.278074,-33.1513,-38.35526,-37.767986,-36.482147,-30.87997,-32.764793,-33.927284,-30.828798,-35.134266,-39.780525,-41.124077,-44.042988,-41.346527,-40.081364,-42.492897,-43.250736,-41.49538,-38.804806,-39.836624,-37.653984,-34.184917,-34.325882,-39.635902,-42.5293
5792,False,-24.728313,-25.071243,-26.488886,-32.797512,-33.765007,-28.154715,-39.360184,-34.919296,-37.016457,-39.950954,-39.964977,-36.92935,-36.745445,-35.969696,-39.207516,-37.71183,-41.580734,-43.26609,-43.523705,-47.93281,-45.744164,-44.61769,-46.890736,-48.126656,-46.24536,-41.635925,-43.124092,-44.375366,-38.225624,-39.381508,-47.677673,-47.62149
5824,False,-29.519941,-29.270819,-28.118837,-30.790977,-30.989492,-30.657122,-39.857346,-37.987373,-38.261253,-42.555832,-42.50615,-42.890934,-40.878227,-40.142227,-38.133553,-37.988995,-41.96432,-43.225266,-46.749195,-49.83748,-46.924934,-44.6835,-47.106518,-47.908577,-50.283607,-47.57566,-47.90322,-47.368515,-42.617096,-45.929607,-52.16614,-52.48697
5856,False,-26.169632,-29.265326,-27.50945,-31.872429,-33.41429,-31.095982,-35.39837,-37.02975,-37.79025,-42.58491,-38.844357,-41.18849,-39.514194,-41.920876,-43.24299,-46.085426,-47.641502,-44.6529,-44.936634,-48.72892,-51.43258,-51.37875,-51.961025,-51.471527,-52.02855,-51.846615,-51.19099,-49.616943,-46.70829,-47.759075,-55.513405,-56.782722
5888,False,-24.748716,-25.823174,-25.087545,-27.715757,-31.816492,-35.51741,-41.08246,-40.54626,-39.95182,-39.01642,-42.07889,-42.5036,-41.044464,-41.398033,-44.177418,-43.88416,-44.62188,-47.79474,-48.491417,-49.139477,-50.987072,-50.619614,-50.029266,-52.852627,-52.401966,-54.814056,-54.42698,-54.076103,-50.421516,-52.402264,-60.659443,-61.424366
5920,False,-21.531628,-27.384045,-25.810951,-28.22799,-34.27112,-32.262188,-41.599712,-42.15864,-37.797695,-43.355694,-42.89099,-42.597775,-42.04432,-41.76671,-43.23877,-44.60367,-46.447357,-44.21593,-46.785194,-50.572815,-50.36168,-49.359035,-51.769672,-53.31054,-53.715324,-55.896145,-56.286293,-55.927128,-55.63427,-59.12966,-63.51355,-64.17053
5952,False,-27.666264,-26.315363,-26.281853,-32.59391,-36.078064,-30.127514,-37.28753,-35.025375,-36.90191,-37.755028,-42.41169,-41.29904,-43.291573,-43.120743,-41.027687,-44.24515,-44.877735,-46.828785,-45.7125,-50.822266,-49.97422,-48.571205,-51.93495,-55.276764,-55.379578,-55.66356,-55.915985,-57.22621,-58.733868,-61.964294,-65.99513,-67.86383
5984,False,-25.114166,-28.681816,-29.465628,-29.79539,-32.35955,-31.636267,-36.879784,-38.76411,-36.749928,-40.12858,-39.779305,-39.093067,-39.74442,-42.98014,-43.32463,-42.16948,-47.13745,-46.605297,-48.205357,-49.460407,-49.21798,-51.335426,-52.747986,-53.22339,-53.44159,-56.66048,-56.96369,-58.300026,-61.191296,-64.55849,-67.05562,-67.69742
6016,False,-25.985416,-26.54309,-26.417942,-29.863373,-33.713814,-29.443312,-40.43567,-42.94236,-37.8007,-43.449905,-43.8706,-41.978146,-42.77433,-42.635246,-41.981483,-43.61349,-46.55569,-44.29229,-48.053684,-51.38787,-50.360558,-51.30475,-51.128784,-56.46601,-54.955414,-55.842827,-58.211388,-60.266983,-61.785706,-65.44829,-65.8554,-68.424835
6048,False,-23.2187,-32.383102,-27.648182,-31.341167,-34.101013,-31.125156,-38.727966,-36.648716,-41.590916,-43.883762,-44.36897,-43.660027,-39.62795,-42.501465,-43.706413,-44.8361,-45.49583,-47.23745,-47.740906,-50.383896,-48.381596,-48.80415,-50.614475,-55.548294,-55.010216,-57.12582,-58.23734,-58.24629,-62.135563,-64.36342,-66.057594,-66.82568
6080,False,-28.20194,-30.364683,-28.942747,-30.338509,-37.044476,-31.961458,-37.305378,-36.90907,-36.582092,-42.029068,-40.911907,-41.605305,-44.37018,-44.025494,-42.865215,-43.21708,-47.176533,-47.28604,-47.971024,-49.87771,-51.44279,-50.127113,-51.002903,-54.0888,-55.22151,-56.810234,-58.630184,-57.695198,-63.105003,-63.304195,-66.72189,-69.341324
6112,False,-26.876987,-32.045906,-26.78099,-27.628164,-32.994736,-30.638783,-36.929966,-37.86917,-38.16234,-39.492287,-40.770668,-46.593445,-43.076424,-42.53406,-42.451977,-44.89887,-44.647186,-45.75188,-48.93062,-48.815914,-49.92914,-52.483234,-51.577217,-52.425724,-54.481922,-56.31826,-57.239243,-58.04093,-61.58754,-63.21403,-66.36288,-68.09777
6144,False,-22.939072,-28.039732,-29.09913,-30.738516,-35.40471,-32.062355,-39.424004,-39.449684,-37.484047,-39.492947,-41.28415,-40.22921,-42.877686,-39.56989,-41.928158,-45.164944,-46.046734,-45.59721,-46.342674,-49.926945,-51.737064,-51.337166,-52.675865,-53.578014,-54.409157,-55.975117,-56.313763,-58.38264,-61.415703,-65.343155,-66.225845,-67.71144
6176,False,-24.097027,-27.09193,-29.551548,-30.35685,-34.41927,-29.857218,-36.45102,-41.090935,-41.129147,-38.95627,-42.483673,-40.116493,-40.7855,-41.837902,-43.73516,-45.418285,-48.276196,-47.684067,-47.38616,-48.13443,-51.613358,-52.550293,-52.81614,-54.091244,-55.18614,-55.65357,-56.81215,-58.741154,-62.76978,-65.11578,-67.47373,-68.83139
6208,False,-22.248802,-31.078176,-30.751957,-32.09041,-32.42746,-31.017395,-35.582073,-37.586285,-35.791832,-37.91415,-43.260956,-38.486816,-39.236275,-41.47043,-40.96912,-43.803997,-49.121056,-48.071407,-46.860447,-49.366516,-51.05121,-49.752792,-51.004642,-54.165516,-54.898968,-55.81642,-57.061264,-58.48999,-62.092163,-64.5736,-66.33884,-70.55765
6240,False,-23.997889,-25.881935,-33.991997,-34.117065,-34.52746,-33.662354,-38.173317,-39.576813,-37.486427,-40.591858,-38.128334,-36.391315,-39.58709,-44.180786,-39.64734,-41.03427,-46.34082,-46.027206,-45.208088,-49.019676,-50.553757,-51.33416,-52.4579,-54.82164,-57.561905,-57.904144,-59.595444,-61.589424,-64.60499,-66.33458,-66.93146,-68.423904
6272,False,-24.84992,-28.9197,-25.641577,-24.46939,-28.925266,-27.069363,-28.658054,-22.959202,-27.434612,-34.657215,-29.930506,-27.92423,-27.08958,-31.64156,-32.07624,-28.984375,-33.24935,-37.697227,-43.26466,-47.29612,-44.95884,-47.17434,-48.52776,-51.305054,-53.71836,-54.58315,-55.92681,-59.689423,-55.395565,-57.071644,-61.26251,-62.84591
6304,False,-23.168898,-30.689835,-26.243946,-26.217438,-28.161068,-30.22627,-37.01706,-29.790361,-35.29632,-40.326286,-34.698154,-37.825558,-37.47235,-39.72566,-41.39502,-38.63595,-41.667534,-45.61721,-48.5919,-51.016354,-49.656036,-48.618034,-50.976566,-54.156948,-54.08802,-55.16096,-58.091583,-59.21817,-61.66984,-64.78079,-66.72911,-67.7807
6336,False,-22.01577,-29.629984,-26.921371,-26.218204,-34.6474,-32.12113,-38.607277,-33.293655,-35.980125,-40.820824,-43.052402,-42.352745,-40.964222,-41.684032,-43.855865,-45.854927,-47.107246,-46.57339,-48.704983,-52.387123,-49.32676,-50.985123,-52.775024,-53.71004,-55.217167,-56.338352,-57.618523,-59.2454,-62.907494,-64.54135,-68.79399,-69.938286
6368,False,-25.214643,-30.683022,-28.450085,-31.998674,-33.178944,-33.55963,-36.335594,-41.74077,-37.736088,-37.119347,-46.990738,-45.3061,-41.023754,-41.462063,-44.129845,-45.54654,-44.927803,-48.599926,-46.479736,-49.838966,-49.932907,-50.46303,-52.361404,-53.325386,-54.833855,-57.195248,-58.23422,-58.873573,-62.131275,-64.81571,-66.92338,-68.467155
6400,False,-25.087803,-30.18056,-28.445856,-30.818548,-34.731583,-29.963554,-33.854744,-35.837147,-35.255043,-38.825947,-43.99817,-44.729824,-45.1838,-41.686916,-42.701233,-44.25747,-45.520023,-47.319065,-48.528122,-48.548855,-50.351723,-49.261032,-51.709114,-54.37515,-55.13938,-57.08818,-57.46707,-59.449966,-61.568047,-65.08463,-66.01585,-68.59381
6432,False,-22.580288,-24.498768,-23.813202,-29.850235,-36.24292,-33.65969,-36.57882,-35.62126,-35.21009,-40.269123,-43.132687,-40.52899,-43.292942,-41.300972,-41.591755,-43.967766,-45.08338,-47.01086,-49.01417,-52.76936,-51.491005,-49.701847,-51.432022,-55.356285,-56.170227,-55.939987,-56.327538,-59.71112,-62.782253,-64.635376,-67.36034,-69.45024
6464,False,-22.434881,-27.676964,-30.501057,-31.333569,-31.177383,-29.564297,-37.991787,-35.19801,-34.11216,-38.828957,-39.63264,-40.7305,-41.1819,-40.887012,-43.98639,-44.244522,-44.323402,-45.05079,-50.4015,-49.413162,-51.0785,-51.13535,-53.296913,-54.12642,-54.2445,-58.24633,-57.939114,-60.606495,-62.985626,-63.214714,-67.30729,-68.5358
6496,False,-21.666794,-21.83797,-26.674534,-29.49226,-36.43543,-32.180805,-36.79055,-37.926422,-35.122753,-40.325108,-42.024475,-42.62344,-42.870373,-42.11849,-44.21485,-43.82685,-48.30174,-48.60643,-48.39157,-49.45346,-49.517532,-50.275215,-51.040997,-53.11403,-55.8788,-56.056843,-56.261806,-59.782562,-62.934307,-65.05391,-67.34473,-68.201096
6528,False,-21.54474,-25.561905,-27.484783,-31.082798,-33.441185,-30.371187,-38.675606,-40.71684,-36.829945,-39.002453,-44.291122,-45.77585,-42.066463,-43.8337,-41.776447,-45.455757,-45.892735,-46.540077,-47.94671,-46.103268,-49.079033,-50.225048,-50.823677,-55.565567,-55.709145,-55.83139,-57.812706,-60.808044,-63.06479,-64.51355,-68.74068,-69.03253
6560,False,-24.108858,-32.00256,-25.681265,-30.018747,-34.47802,-29.962614,-37.50362,-37.655533,-37.214607,-40.861343,-38.38658,-41.73279,-42.78019,-43.160496,-44.86534,-45.37035,-45.268154,-47.146896,-47.28755,-50.484425,-51.34144,-51.159435,-52.50876,-53.914314,-57.917778,-58.35039,-59.80626,-61.064507,-61.55035,-65.17344,-67.13311,-68.99646
6592,False,-24.530592,-30.347366,-27.544249,-29.496971,-34.60295,-31.779686,-35.447823,-43.8396,-41.12046,-39.724392,-41.09798,-39.87013,-39.635986,-41.785316,-44.871326,-42.525642,-43.460575,-46.154884,-47.131138,-49.031876,-50.62243,-51.10067,-52.873894,-54.551956,-54.916004,-56.49656,-57.7202,-59.218956,-61.333504,-65.37451,-67.98941,-70.59654
6624,False,-23.351269,-28.626358,-26.695614,-31.824337,-33.28243,-32.419403,-35.972626,-38.21301,-38.548656,-40.400005,-40.964962,-40.742603,-38.796585,-39.68329,-44.2623,-47.262363,-44.940216,-47.100327,-47.525333,-49.985428,-51.7833,-51.37804,-53.159767,-56.03826,-56.41316,-57.762074,-58.711704,-60.735435,-62.730423,-64.92907,-66.51939,-68.184326
6656,False,-24.349243,-27.413239,-28.838593,-30.208904,-31.397755,-30.372105,-37.46499,-39.675346,-40.955982,-42.695713,-40.069126,-41.22189,-42.78595,-46.022945,-46.395226,-47.228123,-46.99619,-46.051315,-46.10859,-47.393715,-50.318546,-51.142124,-51.773575,-53.78936,-54.580116,-57.799423,-58.51937,-58.597202,-63.065372,-64.23744,-66.40573,-69.33444
6688,False,-25.009642,-32.32173,-29.306122,-31.505169,-36.378685,-32.36299,-39.80477,-39.277073,-37.99643,-43.055286,-42.659573,-42.197983,-39.96328,-42.99807,-42.687187,-44.347538,-47.35449,-46.56628,-47.46355,-49.42247,-50.0802,-51.182594,-52.5107,-53.699768,-54.128105,-58.201447,-58.3316,-61.00808,-63.661667,-64.48694,-67.13809,-68.57514
6720,False,-26.53033,-27.859518,-27.20364,-25.360683,-33.86462,-35.757515,-40.62214,-40.531963,-37.92152,-39.54473,-44.093117,-41.88936,-40.13051,-42.100403,-42.08789,-44.48324,-49.453117,-48.39142,-47.57483,-48.859447,-49.196915,-48.927673,-51.933807,-53.703636,-55.803253,-58.603622,-59.19596,-61.364708,-63.378296,-63.86932,-67.29575,-69.063446
6752,False,-21.187403,-29.889973,-26.592537,-32.657383,-32.759502,-34.17088,-39.982468,-37.02529,-34.12017,-36.379574,-41.323006,-41.98875,-41.223534,-41.19457,-42.80287,-45.63612,-47.448868,-47.926193,-47.40837,-48.667908,-50.459522,-52.464413,-52.47034,-54.085884,-53.975586,-55.587517,-58.375954,-61.34745,-63.32965,-65.87449,-67.489555,-69.02059
6784,False,-27.007902,-24.233416,-32.21783,-30.418636,-30.534443,-34.03429,-40.863613,-38.81488,-34.857964,-39.867718,-45.77523,-41.590115,-39.688255,-40.36107,-42.415703,-41.91187,-46.74343,-47.10079,-48.98157,-49.049507,-50.280384,-49.85145,-51.73821,-52.937183,-53.23231,-56.78607,-58.830524,-57.306255,-56.166096,-56.78488,-60.372353,-59.66608
6816,False,-20.870543,-24.532017,-27.76723,-21.602295,-25.29609,-30.057495,-25.383509,-20.79234,-25.944498,-32.55733,-26.902142,-23.137777,-22.95408,-21.03504,-22.311275,-19.095036,-22.232992,-25.11639,-29.737331,-35.216183,-29.162237,-29.180986,-27.903133,-29.531452,-26.668812,-25.419174,-29.571878,-23.244965,-16.998144,-18.371334,-23.553877,-24.722197
6848,False,-23.174412,-26.22554,-25.111042,-26.819523,-28.576315,-31.314363,-36.35033,-28.315237,-33.641953,-39.22228,-34.407177,-34.55285,-32.47887,-32.682014,-33.816864,-30.355589,-35.231113,-38.72428,-39.077206,-43.91737,-42.57244,-39.809265,-43.385654,-43.781834,-40.791496,-38.6478,-39.2551,-37.174416,-33.27456,-33.95109,-38.708244,-40.8944
6880,False,-22.436947,-26.305094,-29.655308,-32.509007,-33.700687,-28.971622,-37.54209,-32.437897,-33.955994,-36.992878,-35.739845,-37.830196,-38.288734,-36.560707,-38.529182,-37.55138,-40.966454,-44.01738,-42.425686,-47.557487,-45.11875,-44.87333,-46.58314,-46.533875,-45.51676,-41.3587,-43.627018,-44.395412,-38.5786,-39.294914,-46.59768,-47.964172
6912,False,-25.423008,-27.787502,-25.743961,-28.649702,-31.642048,-30.164284,-35.802074,-36.92653,-36.236977,-40.62525,-37.41252,-41.04326,-39.130016,-39.14182,-39.831604,-42.200035,-45.512638,-43.93129,-47.373505,-46.74925,-47.46065,-44.223133,-45.79041,-44.71929,-50.01715,-47.814568,-47.512955,-47.43203,-42.570076,-45.694046,-52.927734,-53.65572
6944,False,-24.307816,-25.87376,-25.340603,-27.792063,-32.742016,-29.873838,-34.95741,-37.129665,-37.89857,-38.656895,-38.075375,-40.606476,-42.62413,-39.514023,-40.52555,-41.374264,-44.81188,-47.023235,-45.668816,-50.166668,-49.049587,-47.04274,-49.420105,-52.959045,-53.1304,-51.63323,-50.3006,-49.247402,-46.313,-48.12806,-55.892445,-57.520733
6976,False,-24.44824,-27.203632,-26.79525,-31.543415,-31.445015,-31.644175,-37.827827,-39.213974,-39.275738,-38.19284,-38.772217,-39.95108,-40.021088,-41.195465,-41.13636,-42.962013,-44.16291,-47.139084,-48.66011,-49.57024,-49.277245,-50.85392,-51.552586,-51.68553,-54.07211,-52.754257,-52.606014,-53.040627,-49.658127,-51.3151,-59.65404,-61.952187
7008,False,-28.177288,-27.476582,-26.104048,-26.763897,-32.69594,-32.5777,-35.65709,-38.93233,-36.90437,-39.22331,-41.685715,-42.53688,-41.28408,-44.580505,-45.448986,-46.146805,-45.613853,-47.798306,-46.002213,-51.156803,-50.082222,-48.125233,-53.090153,-53.97416,-53.84014,-55.02653,-54.830887,-56.127506,-55.555656,-57.17175,-63.16371,-63.715294
7040,False,-29.540827,-32.81734,-26.034718,-32.32303,-35.11438,-30.1161,-35.60722,-36.97074,-38.486046,-39.549164,-44.987675,-43.143307,-41.29438,-41.231636,-44.231117,-43.414837,-46.27564,-49.36396,-46.746735,-49.073303,-50.297264,-52.84395,-52.80582,-53.688007,-55.746876,-58.624454,-59.282494,-58.06074,-57.350296,-60.476414,-65.39704,-66.717026
7072,False,-29.732609,-27.009562,-23.036877,-29.419392,-34.78787,-31.373634,-37.04665,-36.28693,-38.246914,-38.222202,-40.47715,-43.976036,-41.000237,-42.37503,-42.41207,-42.952797,-43.827522,-48.763676,-49.446083,-49.47697,-50.197525,-51.353535,-52.596798,-54.48753,-54.79057,-55.94758,-58.129803,-58.600163,-60.05241,-62.38777,-65.79903,-67.86246
7104,False,-28.011967,-26.060627,-27.663088,-30.074032,-32.479862,-32.233578,-37.372593,-40.443233,-39.62036,-39.975864,-41.728977,-44.978462,-40.03498,-40.65119,-47.67594,-41.895367,-43.354553,-45.75389,-49.28877,-50.41722,-50.47153,-48.80665,-51.460938,-53.33698,-55.977417,-56.038765,-57.754673,-58.777992,-62.05983,-63.73176,-66.37433,-67.94452
7136,False,-26.219492,-31.491394,-29.639996,-32.66152,-30.239906,-28.021816,-37.875847,-36.257324,-35.552902,-39.92901,-42.689728,-43.086258,-40.841614,-44.2603,-45.10231,-46.66221,-45.3579,-48.162903,-48.30956,-50.034374,-52.82202,-50.389046,-53.29883,-53.279537,-53.73478,-54.46693,-57.52066,-58.62309,-60.28523,-64.81353,-66.518166,-66.67678
7168,False,-25.758137,-29.729939,-27.050312,-33.267666,-32.6129,-33.381702,-35.207867,-37.591892,-36.337265,-37.92889,-40.939835,-41.465622,-38.256287,-40.410583,-45.386047,-46.06037,-43.833076,-46.952003,-51.131252,-51.501442,-50.289856,-50.201363,-51.820507,-53.610603,-55.205055,-53.801,-55.77003,-57.725067,-61.091644,-64.51102,-67.48986,-67.0751
7200,False,-26.196877,-28.339357,-28.94897,-33.93727,-32.782177,-32.732014,-37.220444,-36.108597,-33.847404,-41.47894,-42.98803,-42.611126,-41.759815,-41.18045,-44.75958,-49.752777,-45.83065,-45.79719,-46.63073,-50.992126,-50.992737,-51.847656,-51.40345,-54.209145,-55.311523,-56.469925,-58.075203,-59.50329,-61.014027,-64.20142,-66.60051,-67.582504
7232,False,-24.802544,-23.560951,-24.996159,-27.863085,-32.23598,-31.37807,-39.977684,-39.134727,-37.534317,-44.384094,-37.916046,-40.364708,-43.140045,-41.271133,-44.126797,-44.886898,-43.69318,-44.790005,-46.70559,-48.89668,-49.28409,-50.28173,-53.571106,-53.70278,-54.40512,-55.63733,-55.74389,-59.39108,-61.090767,-62.861446,-64.47644,-66.721535
7264,False,-25.096684,-24.373348,-27.84601,-31.860035,-36.811996,-30.963917,-36.336536,-39.457104,-36.238865,-37.244392,-45.146107,-46.505043,-43.058468,-43.611168,-41.548096,-41.49353,-45.99457,-46.51979,-48.291924,-48.788574,-50.385147,-49.523808,-51.74639,-53.916058,-56.87998,-56.56639,-58.28415,-58.91735,-61.915737,-65.210846,-65.013336,-67.23715
7296,False,-24.203585,-27.54854,-28.455936,-29.863512,-35.3115,-32.034763,-39.061474,-38.058876,-36.826294,-39.382744,-43.088116,-39.68531,-40.458534,-43.332535,-44.82836,-43.350826,-45.516624,-47.555157,-47.860943,-48.7358,-49.863983,-48.269917,-49.882286,-53.133354,-53.708797,-54.64023,-57.77906,-58.5402,-62.404552,-63.57199,-65.36669,-67.35923
7328,False,-25.627476,-28.853077,-29.145048,-29.09421,-33.44477,-32.379105,-43.379425,-39.93201,-33.933304,-38.839977,-41.948227,-44.956062,-42.084538,-42.711395,-44.470886,-44.56169,-45.51691,-48.68387,-50.201233,-50.13584,-48.786957,-49.834183,-51.419796,-54.18571,-54.32137,-56.975487,-58.26374,-60.54459,-62.349205,-65.11714,-66.25247,-67.90559
7360,False,-26.256786,-29.832634,-26.409304,-23.726538,-26.283625,-27.819885,-29.18461,-23.304255,-27.618074,-34.707664,-31.327047,-29.933208,-28.2943,-31.345276,-32.179123,-29.480066,-34.53012,-38.99693,-41.978474,-46.88305,-44.827763,-43.885925,-47.000214,-51.813335,-50.10937,-54.63644,-55.687943,-58.00871,-54.490112,-57.64818,-60.791115,-63.899734
7392,False,-24.884743,-31.483215,-31.910707,-27.958778,-30.955215,-32.56788,-35.96099,-30.627018,-34.399418,-37.416172,-36.56255,-37.565563,-38.18162,-36.99333,-40.333664,-36.85377,-43.237,-45.38308,-47.457253,-50.129303,-50.290497,-48.89036,-53.044113,-55.34653,-55.80201,-56.12055,-57.63722,-60.98043,-61.879124,-64.035576,-65.269325,-67.83416
7424,False,-24.751003,-30.40745,-24.117987,-26.297781,-29.421497,-29.322035,-36.734657,-35.77113,-35.43413,-40.526424,-39.563175,-38.70378,-39.744705,-38.270794,-42.4589,-44.09208,-45.155487,-48.124653,-48.643627,-49.077076,-51.435623,-49.425007,-51.900105,-52.22406,-54.027157,-54.46859,-59.121136,-60.476032,-62.789745,-64.757164,-67.27939,-68.71793
7456,False,-23.27649,-28.502872,-26.25383,-30.419617,-31.028683,-31.850204,-36.707386,-35.73051,-34.076946,-38.634018,-38.367886,-42.844467,-42.873882,-42.841717,-41.514038,-41.4484,-43.914867,-47.298244,-46.699425,-48.048393,-49.830242,-50.903362,-53.43335,-53.759407,-54.144455,-58.95979,-57.909657,-59.08973,-61.662483,-64.233635,-64.819244,-66.025734
7488,False,-28.370079,-29.665127,-31.803009,-31.975433,-32.77953,-31.726368,-38.384163,-38.2288,-36.505554,-37.11274,-39.814297,-45.143032,-43.60909,-44.110245,-45.57621,-44.75901,-45.88481,-46.564335,-48.26962,-50.32498,-52.97921,-50.962914,-51.893494,-53.75065,-54.55975,-58.349632,-58.27951,-60.485313,-60.805202,-62.62505,-65.28203,-66.50406
7520,False,-26.452595,-29.209217,-26.14701,-35.370033,-37.47606,-32.579693,-35.15327,-35.59547,-34.689964,-38.116188,-36.8328,-40.627594,-41.65538,-40.765842,-45.018673,-45.8526,-44.760735,-47.664433,-47.61402,-47.977486,-50.05345,-48.352478,-52.19947,-54.186684,-55.248302,-56.018135,-57.94691,-58.478973,-61.397293,-65.98444,-68.11979,-69.05032
7552,False,-25.198767,-26.701315,-29.625914,-32.519394,-37.315086,-30.070772,-36.331833,-34.18248,-33.013615,-38.87397,-40.077286,-41.67427,-43.35352,-46.45823,-42.142487,-42.204994,-46.642975,-49.42621,-49.16191,-47.97289,-50.19612,-50.045795,-51.44256,-55.325783,-55.355843,-54.877914,-56.334183,-59.77377,-63.398193,-64.17288,-66.33767,-68.11845
7584,False,-26.189667,-26.105108,-24.702034,-28.41433,-31.220558,-30.886593,-37.160984,-35.67961,-37.206165,-40.871815,-45.77703,-42.74334,-43.35034,-40.756012,-44.93513,-46.598248,-47.342926,-44.572395,-47.50706,-49.465294,-50.266266,-48.436638,-52.68496,-54.431797,-53.583534,-56.20237,-55.989384,-59.38415,-64.010605,-66.36972,-67.193695,-68.76468
7616,False,-26.54374,-23.991516,-28.887949,-32.28622,-31.660414,-29.842232,-36.034344,-35.211613,-32.533497,-37.89016,-39.419453,-40.934982,-42.237595,-42.848312,-46.98327,-44.43833,-44.891914,-46.693436,-43.161804,-46.18663,-48.876137,-49.64483,-54.31318,-54.651714,-54.93936,-57.464096,-58.354187,-59.23314,-62.630077,-66.15124,-68.2305,-70.1618
7648,False,-24.524012,-23.372822,-27.280285,-33.170956,-31.287268,-30.072,-36.805126,-37.428326,-36.315414,-40.639427,-40.689293,-41.860977,-43.147903,-44.225864,-43.79465,-45.747726,-48.93696,-44.370537,-49.314495,-46.931995,-49.295025,-49.246513,-52.591995,-55.437336,-54.522842,-56.393425,-59.48315,-60.577946,-61.45568,-64.335236,-66.94627,-68.131035
7680,False,-24.332008,-24.409887,-25.078342,-29.5343,-32.372444,-31.34185,-36.51207,-38.888565,-39.556137,-37.755352,-41.04412,-43.49517,-42.86406,-41.386627,-44.05153,-44.467415,-47.617306,-47.68653,-48.182602,-49.89818,-51.573814,-51.835625,-51.584732,-55.18235,-53.657852,-53.597874,-56.54062,-59.177765,-62.00525,-63.80301,-65.80825,-69.51605
7712,False,-25.911766,-29.822514,-28.148537,-27.834589,-30.73039,-29.012098,-37.401356,-41.730415,-37.49383,-39.01981,-43.640373,-41.711235,-45.64423,-42.927963,-43.052307,-43.325134,-46.141464,-47.042137,-48.34228,-50.22089,-49.69703,-48.838104,-53.120934,-54.97557,-53.756104,-54.949947,-56.78708,-60.20529,-61.922337,-65.04873,-67.09305,-68.758766
7744,False,-27.711445,-25.089462,-25.745184,-28.481709,-30.780418,-30.84338,-37.565964,-36.780685,-35.878517,-39.896362,-38.76334,-42.291203,-42.216957,-43.182297,-43.587013,-44.365677,-42.559395,-46.892,-49.48881,-50.324707,-50.57587,-50.524754,-53.683758,-54.60577,-54.386044,-57.25325,-57.94779,-60.698395,-63.166245,-65.45824,-65.94985,-67.33016
7776,False,-27.68899,-27.176779,-25.632017,-34.1345,-34.350723,-31.082447,-37.161594,-39.80431,-34.94993,-37.193783,-41.801643,-40.077827,-43.401066,-44.782787,-42.979736,-45.36622,-44.469124,-46.92118,-46.55967,-48.05397,-49.846592,-49.887672,-53.644135,-55.855988,-56.7046,-58.269444,-57.650795,-58.379066,-61.45134,-64.24817,-67.71369,-67.85656
7808,False,-24.597046,-26.295755,-27.658518,-36.194397,-34.61663,-30.606241,-34.686707,-34.45304,-36.71344,-36.72444,-39.772724,-44.56352,-40.179543,-40.72552,-45.865334,-43.454266,-49.014282,-46.17146,-48.05802,-48.951744,-47.700268,-50.753666,-52.45182,-55.697403,-55.29799,-53.07366,-55.361015,-58.09936,-62.803886,-63.97104,-68.026115,-67.87395
7840,False,-25.160088,-26.527872,-26.488358,-26.747711,-31.612526,-30.89408,-38.033043,-38.48092,-38.999485,-38.897163,-41.77004,-41.8909,-43.804035,-44.85809,-42.487244,-43.71845,-45.647907,-47.64973,-47.51487,-49.683002,-50.599552,-50.803776,-51.77108,-54.203102,-55.936165,-55.995712,-57.785107,-58.23236,-62.44347,-64.71448,-66.55322,-70.250824
7872,False,-26.584248,-29.88965,-24.505348,-28.895597,-31.49846,-30.400045,-38.13931,-38.454674,-36.33802,-38.00037,-41.511684,-42.016617,-39.784756,-44.13347,-46.111572,-45.660587,-46.253822,-45.538452,-48.568233,-49.36346,-50.102386,-50.25555,-50.02516,-53.37867,-54.456017,-58.16376,-57.739914,-57.979927,-61.68889,-64.943924,-66.44362,-68.32717
7904,False,-22.725033,-26.782648,-28.558683,-23.423166,-27.514248,-28.784868,-26.147633,-21.824205,-27.32606,-33.624775,-27.290691,-23.573286,-22.424515,-21.511108,-23.24913,-19.85362,-22.617844,-25.076054,-30.404186,-35.738235,-30.352837,-29.683765,-27.92215,-30.29455,-27.61327,-26.704428,-29.767439,-23.7356,-17.966198,-18.9627,-25.17635,-24.470366
7936,False,-21.346306,-26.718348,-25.147106,-22.699703,-26.68702,-28.043917,-34.53846,-25.73835,-31.177082,-37.385017,-32.390484,-31.46774,-30.84424,-29.352402,-32.878838,-29.411459,-34.045925,-38.542065,-39.578243,-42.453735,-40.35624,-37.410473,-40.695442,-40.587852,-38.636543,-36.53873,-37.929283,-35.23368,-30.673328,-32.29034,-37.270424,-39.422215
7968,False,-24.114523,-28.194744,-29.152431,-29.772005,-31.406487,-33.142464,-42.01002,-32.32861,-30.613636,-38.121098,-39.371536,-38.50182,-37.008038,-35.2682,-39.03629,-40.37348,-40.77822,-43.546524,-42.946762,-47.265297,-46.556084,-43.813892,-45.845684,-46.191864,-44.93584,-40.857063,-43.04605,-43.782303,-38.12003,-38.554222,-45.628,-47.485733
8000,False,-23.922281,-31.038065,-29.380302,-31.215803,-36.08596,-30.251682,-34.645874,-37.098774,-34.775826,-40.75636,-42.71721,-38.252705,-38.520958,-42.09104,-43.62342,-40.41297,-41.67744,-44.86511,-46.350197,-48.317905,-47.14173,-44.53456,-46.643375,-47.243652,-49.664803,-46.56185,-46.820923,-46.403183,-42.29161,-44.63055,-51.090538,-52.158615
8032,False,-22.504637,-24.97839,-30.047249,-32.11343,-30.52087,-31.16603,-37.963238,-39.34635,-37.781517,-38.72103,-37.904533,-40.80214,-37.268604,-38.920364,-43.87944,-43.126453,-46.276093,-49.110878,-45.180984,-48.182884,-47.56058,-48.27369,-49.732975,-51.866093,-51.95404,-52.148724,-51.0854,-49.9945,-46.122585,-47.71447,-54.07534,-56.060516
8064,False,-26.081182,-35.038258,-29.389729,-32.008366,-29.413069,-32.337704,-33.814247,-39.91017,-38.9838,-41.93151,-44.04265,-38.87247,-39.722553,-41.293697,-43.638153,-45.43526,-41.79532,-45.9869,-47.19552,-47.562138,-49.334026,-46.73563,-51.420616,-50.591103,-52.09646,-54.30086,-51.81641,-51.791954,-48.531284,-50.406456,-59.816902,-62.355938
8096,False,-22.054264,-26.52491,-26.976042,-29.308155,-33.74052,-31.841791,-34.705456,-36.19881,-36.80481,-40.382256,-40.710136,-39.76952,-42.619614,-44.073822,-44.066776,-43.3508,-47.879696,-46.59658,-47.78517,-48.626842,-47.801277,-48.85366,-52.22939,-53.0086,-56.918365,-55.70492,-53.956482,-55.864517,-54.301853,-57.469448,-63.049553,-64.25932
8128,False,-22.264795,-27.101147,-24.643215,-29.90786,-37.782635,-29.82127,-33.74016,-38.641056,-37.97888,-42.394684,-40.431828,-35.89479,-42.015842,-44.583076,-46.41888,-44.130497,-42.01086,-45.990444,-48.65091,-50.17083,-49.456974,-52.541805,-54.24044,-53.3134,-54.63851,-54.58475,-56.60953,-57.424835,-57.0392,-59.745197,-65.32844,-65.901924
8160,False,-24.416342,-27.226408,-24.868477,-30.017826,-33.63469,-32.003284,-39.90813,-39.707115,-36.233013,-42.566742,-39.5495,-37.920948,-40.61548,-38.85036,-44.20528,-45.16226,-46.818527,-48.08241,-49.060066,-48.59476,-51.106255,-51.68253,-53.151737,-54.330654,-54.76745,-55.540283,-57.27057,-59.074608,-61.400143,-62.172703,-65.022736,-66.39891
8192,False,-24.054817,-27.52696,-28.444693,-30.820913,-34.345146,-30.544731,-38.84524,-37.977097,-39.167877,-39.130054,-39.843544,-41.28416,-41.31893,-40.66979,-43.514824,-41.620106,-44.794647,-47.2453,-46.534878,-50.116802,-50.332417,-52.73868,-54.73496,-52.769386,-53.781044,-55.907635,-58.860172,-59.675163,-61.24929,-64.78003,-66.0625,-67.74497
8224,False,-25.902176,-27.276323,-24.598715,-27.999695,-38.293285,-34.149025,-41.97764,-41.770306,-40.749268,-40.02384,-42.762024,-42.42633,-41.757164,-40.345303,-41.94187,-45.10566,-45.753677,-47.09204,-50.84034,-50.696167,-47.627266,-49.16725,-54.407455,-54.20141,-53.77644,-56.715504,-58.02044,-60.099407,-62.060886,-63.48585,-66.55845,-69.208916
8256,False,-24.920044,-27.605206,-26.827429,-30.888054,-33.144398,-32.75848,-37.071804,-39.17541,-38.489002,-39.233032,-41.48064,-42.298855,-41.401497,-45.949726,-43.35559,-45.692505,-45.38253,-44.744637,-46.974007,-49.207493,-51.440758,-51.674202,-53.345394,-52.502476,-53.028034,-56.20142,-57.92018,-59.769005,-62.90701,-63.74489,-66.79442,-69.68482
8288,False,-24.958658,-27.015747,-30.024189,-30.91388,-31.583065,-33.076344,-37.5628,-39.92489,-36.325546,-40.484005,-42.184464,-38.780083,-38.943665,-42.549675,-40.760838,-43.328438,-45.104042,-48.48576,-46.950993,-50.649506,-51.73629,-53.24616,-53.242805,-53.85182,-53.59626,-57.415497,-56.024326,-58.54153,-61.86821,-64.10895,-65.35224,-68.84198
8320,False,-23.964928,-26.904984,-21.87169,-29.80611,-33.831764,-33.62628,-38.82634,-40.86715,-37.837708,-42.8718,-41.286087,-44.399376,-40.690826,-43.50132,-41.320873,-42.479736,-44.566216,-47.030807,-46.797554,-49.72654,-51.061127,-51.007,-53.231598,-54.159798,-54.60964,-56.40415,-58.620983,-58.192703,-63.05905,-65.01727,-66.97114,-68.82504
8352,False,-23.448105,-28.13271,-26.46924,-31.548853,-35.650883,-31.189539,-37.30391,-39.917156,-38.3192,-39.37043,-38.95461,-40.345856,-43.48844,-45.165245,-40.943874,-46.429676,-43.27814,-44.95787,-45.788136,-47.216545,-48.719334,-49.814514,-52.350273,-55.497086,-55.705193,-55.85178,-58.671524,-60.59501,-63.292446,-65.526215,-67.790344,-67.40823
8384,False,-28.996315,-27.414148,-27.484777,-30.696365,-35.042923,-32.659573,-37.205223,-40.68946,-40.501938,-39.70527,-39.79531,-37.903065,-36.28994,-43.35778,-43.690872,-43.24772,-45.117336,-46.506393,-44.162415,-48.42189,-49.34813,-52.54421,-53.106567,-53.772667,-54.32302,-56.510635,-59.835052,-60.608555,-61.899307,-64.38521,-67.99306,-69.64101
8416,False,-27.138725,-31.22387,-31.806097,-32.432846,-32.98783,-33.7092,-42.03855,-35.441315,-38.6857,-42.818398,-40.69523,-42.13241,-41.098625,-40.25278,-41.59801,-43.370632,-45.533047,-47.70874,-45.483,-47.387703,-50.28898,-51.604385,-51.25283,-53.773346,-54.996872,-56.142204,-58.90029,-61.193153,-62.38398,-64.939545,-66.88571,-67.738556
8448,False,-25.814867,-28.88341,-27.27579,-29.201632,-29.43211,-30.806156,-29.873798,-25.054056,-29.878624,-36.658276,-32.311775,-31.385746,-29.38496,-34.35391,-35.12523,-30.91396,-35.77379,-40.71099,-42.88698,-49.56821,-47.288483,-48.071552,-47.687603,-50.63195,-53.501316,-54.921684,-56.80874,-59.233955,-57.292828,-59.175266,-62.540035,-63.546734
8480,False,-25.510746,-31.693966,-23.927174,-27.850714,-31.028088,-28.047844,-33.50406,-27.19793,-30.744827,-36.67398,-33.00274,-34.30565,-34.408432,-34.839798,-37.568157,-33.663506,-41.362434,-43.21675,-44.022682,-49.92783,-47.11592,-48.397556,-51.58373,-52.56132,-54.23483,-55.197456,-57.344975,-58.326073,-57.93464,-62.061253,-66.18187,-66.960915
8512,False,-26.288176,-30.668783,-26.045647,-27.741318,-30.261314,-32.172447,-38.30693,-32.835808,-35.882675,-40.12078,-40.723244,-39.71599,-37.25659,-37.946903,-43.56339,-43.882732,-41.989418,-45.831734,-47.50702,-47.37669,-50.32823,-50.45005,-49.887672,-52.020187,-55.302296,-55.752357,-56.898544,-58.21688,-63.765812,-64.11098,-67.25837,-68.394264
8544,False,-23.97379,-29.719986,-31.353598,-31.413214,-32.11783,-30.377047,-38.67183,-35.13538,-36.915417,-42.363556,-43.704605,-40.406857,-40.0616,-41.09353,-43.937027,-44.225372,-45.21652,-47.05557,-44.654305,-49.262585,-49.374092,-49.53835,-53.27503,-54.48267,-55.667168,-57.335934,-58.41744,-58.72642,-63.415817,-65.62713,-67.24866,-69.465454
8576,False,-25.011677,-33.565254,-28.433369,-29.6006,-34.896355,-31.49984,-36.578674,-37.09234,-35.48313,-37.013878,-40.06408,-38.795063,-41.50404,-40.620457,-43.90417,-46.803856,-44.215874,-43.792152,-45.986244,-47.102325,-50.700882,-50.89609,-53.137177,-56.003704,-56.09114,-57.427273,-58.22129,-58.415535,-63.187428,-65.27615,-66.56319,-70.11816
8608,False,-27.329254,-29.627426,-28.11433,-32.79719,-31.521927,-33.929592,-37.55117,-39.11015,-35.786205,-39.794243,-42.1893,-39.974987,-42.354656,-41.545788,-44.64672,-44.181385,-45.13811,-46.41491,-48.989883,-49.25843,-50.89861,-50.65411,-52.42275,-56.439278,-55.970276,-55.754456,-58.111423,-60.790363,-62.00544,-64.20806,-66.21179,-67.62835
8640,False,-21.840698,-27.906897,-26.219566,-30.715878,-35.444866,-29.929222,-39.420464,-35.91023,-37.20932,-38.825474,-42.395485,-44.30789,-40.025486,-44.074978,-45.75127,-46.057373,-46.525745,-48.095516,-47.29231,-47.572968,-49.506866,-49.48103,-51.914986,-54.034607,-54.265305,-57.09519,-60.37251,-59.32839,-61.974064,-66.00148,-66.98015,-69.20638
8672,False,-22.744493,-27.226946,-26.01528,-29.39537,-34.935852,-28.49901,-33.66107,-37.2879,-38.483875,-41.22744,-38.140854,-39.416122,-39.966747,-43.511845,-43.299103,-45.543434,-46.57858,-46.039772,-45.990185,-49.81482,-49.791294,-48.73825,-53.69816,-54.282948,-53.959602,-57.118423,-56.546944,-59.318558,-62.889732,-64.07044,-68.01934,-69.17395
8704,False,-23.707666,-24.580517,-27.467947,-31.281261,-35.98841,-30.798485,-37.083504,-41.26555,-37.733818,-38.29671,-43.89629,-40.991615,-37.414062,-39.415646,-49.5641,-45.214005,-43.653606,-46.73001,-45.09481,-48.454918,-52.166885,-51.655544,-50.528847,-54.136463,-54.501804,-57.70878,-58.734283,-59.71811,-64.02093,-65.80988,-65.9094,-67.78548
8736,False,-24.848625,-29.640692,-30.92684,-32.98903,-35.565704,-32.039146,-37.952972,-38.61736,-38.37037,-40.120255,-40.428547,-39.4353,-39.20776,-42.036957,-43.980682,-45.699005,-47.19812,-46.37363,-47.471,-49.828728,-49.417007,-49.72175,-52.474182,-54.185448,-57.079865,-57.01466,-58.045937,-60.4838,-61.57695,-65.063675,-66.89062,-68.84909
8768,False,-24.574068,-28.887451,-26.133497,-31.397411,-36.39898,-31.497696,-38.12705,-38.755024,-38.08877,-38.814396,-40.920197,-45.948444,-40.95434,-42.229607,-42.09148,-44.434586,-47.225746,-46.76193,-47.161247,-48.330097,-50.562965,-49.906845,-53.920826,-54.72025,-55.691227,-56.985947,-58.398228,-59.322872,-62.756638,-64.2587,-67.68066,-69.302246
8800,False,-28.431147,-23.467405,-26.95377,-31.886929,-37.301434,-31.886574,-35.650658,-36.33191,-34.367252,-38.187878,-38.970963,-45.34488,-41.66436,-40.296257,-45.065086,-45.455444,-46.611206,-47.781677,-46.494743,-49.921974,-49.685226,-49.576607,-50.280235,-52.456688,-55.17907,-56.230446,-57.108604,-59.652077,-62.832455,-65.021645,-66.44373,-69.827484
8832,False,-21.602823,-25.664799,-26.104225,-29.958574,-30.51939,-32.72144,-37.6707,-38.57632,-37.698654,-38.037983,-37.772446,-42.28615,-43.13776,-41.413136,-41.54332,-45.852066,-46.712822,-48.482292,-48.57328,-50.872437,-52.453133,-52.721256,-50.20907,-52.727703,-53.80472,-55.693436,-59.671597,-60.618458,-64.331825,-64.2676,-67.484924,-69.88412
8864,False,-22.614548,-23.744053,-29.018667,-31.626738,-34.21885,-32.445866,-39.628777,-42.03409,-42.71644,-39.57003,-43.683086,-41.390244,-40.436207,-41.75619,-42.03254,-45.142662,-46.941048,-46.559776,-47.196556,-51.192474,-49.439667,-48.95497,-50.160492,-52.328896,-56.07425,-57.922707,-59.753967,-59.168358,-61.015278,-63.397507,-66.49489,-68.967606
8896,False,-23.28951,-29.303051,-25.799437,-29.475883,-33.043194,-33.61493,-36.848484,-39.365715,-34.458496,-36.9271,-39.23607,-37.48124,-42.283516,-45.148827,-44.572723,-41.83995,-45.83307,-47.567375,-50.80425,-51.36931,-50.30406,-49.98837,-51.36276,-52.34976,-52.939034,-54.561954,-57.599716,-58.83217,-61.076523,-63.00749,-65.00554,-68.88583
8928,False,-23.433086,-25.814764,-24.2124,-29.136946,-30.583162,-34.41624,-38.670906,-42.491417,-39.607357,-38.774925,-37.995117,-40.989185,-39.923798,-42.421883,-43.610157,-42.593742,-43.76124,-46.55498,-48.096294,-50.132668,-50.722687,-51.14161,-51.449593,-53.169807,-56.211338,-56.30219,-56.80126,-58.10993,-61.664307,-64.34173,-66.65635,-67.74823
8960,False,-22.240074,-28.779192,-27.404852,-30.169552,-32.84519,-30.344925,-36.868378,-41.163486,-36.9218,-40.228928,-42.385674,-44.465553,-42.05927,-41.789375,-44.866543,-43.4449,-44.71502,-45.963135,-49.59499,-49.95359,-45.93474,-48.67222,-51.672382,-53.538574,-53.498703,-55.71278,-58.335648,-58.290108,-60.731247,-65.16554,-64.835266,-67.722626
8992,False,-23.249321,-25.720058,-25.660797,-24.00976,-27.18533,-29.805193,-25.656036,-22.150612,-27.223272,-35.33185,-29.4976,-24.725058,-23.276619,-22.096085,-23.151133,-20.198242,-22.764414,-25.84599,-30.843584,-37.31033,-30.358973,-30.202663,-28.714903,-30.960754,-28.148804,-27.31962,-30.21922,-24.497786,-18.54074,-19.414595,-25.976467,-27.313559
9024,False,-24.607298,-26.654606,-26.302225,-27.386997,-30.250679,-27.079952,-33.83865,-26.609886,-31.916222,-35.96953,-31.042078,-31.963554,-31.5218,-28.47845,-31.336575,-27.913446,-33.644882,-37.98923,-37.133076,-40.66394,-38.85742,-35.682133,-38.979862,-39.44258,-37.5264,-34.99697,-37.39033,-34.10555,-29.401886,-31.266577,-35.878662,-38.81451
9056,False,-25.64526,-27.211668,-26.769276,-32.25683,-31.163769,-29.049892,-37.87195,-31.991789,-34.82174,-38.39666,-38.747124,-36.48305,-34.67061,-34.562412,-36.625847,-38.336098,-41.432205,-43.28811,-44.32241,-45.435722,-43.588936,-43.41547,-45.685364,-46.487537,-45.462948,-40.634033,-42.28904,-42.94278,-37.919506,-37.990738,-44.955654,-46.44709
9088,False,-26.854382,-27.844088,-27.640284,-30.517086,-29.648962,-30.965578,-36.294342,-36.019676,-37.17679,-38.369854,-38.449696,-37.439823,-39.711075,-37.10163,-38.6885,-37.214092,-41.816708,-48.449974,-45.784348,-47.855553,-46.893726,-44.527702,-46.53225,-46.324596,-48.165512,-46.262913,-47.23979,-46.13134,-41.893715,-44.52764,-50.675545,-50.514847
9120,False,-24.455372,-23.469934,-29.746428,-29.754507,-31.74319,-31.440975,-39.72037,-38.6849,-35.706448,-39.346977,-39.793503,-43.400635,-40.24888,-41.014168,-39.705776,-38.705803,-44.16245,-44.129005,-44.100986,-48.18378,-47.43812,-46.90996,-47.90848,-53.667824,-53.451866,-50.719833,-50.131027,-49.71708,-45.966587,-48.108917,-53.8697,-56.213413
9152,False,-25.206413,-24.772343,-32.686462,-32.62477,-38.016212,-34.20156,-41.299797,-36.47812,-39.062714,-41.14225,-40.952496,-39.159588,-38.345345,-40.68945,-45.208466,-44.832912,-45.763245,-47.306602,-44.027576,-46.99307,-49.296494,-48.61799,-51.92399,-53.00198,-52.156998,-51.67224,-50.851852,-51.90119,-47.578377,-49.921146,-59.672195,-61.247337
9184,False,-23.882038,-25.023594,-33.107918,-28.847656,-31.824549,-35.503975,-40.54398,-37.342484,-37.247536,-41.790596,-43.12996,-41.61798,-43.867306,-40.746113,-44.51357,-44.747414,-44.241543,-47.745827,-49.382576,-47.9488,-51.35544,-50.819733,-51.41274,-53.171684,-52.836338,-54.331936,-54.624878,-55.764748,-54.004242,-56.94958,-62.76987,-64.03119
9216,False,-28.27335,-32.345337,-28.093151,-28.283047,-37.889854,-31.806664,-37.560993,-39.82261,-38.630733,-41.118526,-40.791622,-43.135323,-42.053493,-43.118973,-45.049404,-44.52022,-43.68338,-44.808296,-47.974136,-50.740646,-49.289402,-49.92742,-53.46753,-55.04665,-54.405815,-54.98709,-57.761387,-56.913597,-57.037018,-59.760914,-65.08795,-66.805115
9248,False,-24.296675,-31.114792,-26.535717,-29.4551,-33.873413,-29.00279,-37.992714,-35.84391,-36.132103,-40.71123,-42.65207,-42.610558,-43.991028,-43.744816,-46.124573,-46.79592,-46.07922,-44.855034,-47.806683,-49.830887,-53.506683,-52.61299,-53.826145,-55.463562,-56.08663,-56.901947,-57.844955,-60.09739,-59.678883,-61.98265,-67.33669,-68.44731
9280,False,-27.362484,-28.882149,-29.824272,-33.744064,-35.302017,-30.72026,-39.473618,-38.929504,-41.41198,-43.089714,-41.840244,-40.73408,-39.22122,-40.25229,-44.89921,-43.96363,-45.029015,-48.004795,-48.203552,-49.206802,-51.18672,-50.997623,-52.68061,-54.3708,-54.94571,-56.297188,-59.063515,-59.21486,-61.27836,-64.1983,-67.46396,-69.11322
9312,False,-27.994736,-31.710264,-28.769743,-32.106937,-34.05819,-31.173037,-38.66624,-37.50863,-37.089867,-38.810703,-44.520973,-43.08022,-42.717205,-41.13192,-43.8173,-44.809742,-44.95216,-47.064796,-46.968136,-48.97077,-47.921333,-48.84462,-51.406883,-56.230663,-56.007202,-57.467422,-61.272568,-59.962234,-61.52909,-66.01296,-67.38302,-69.21752
9344,False,-26.65991,-31.588688,-29.116257,-33.150887,-28.323843,-28.285812,-34.676247,-37.25187,-35.7761,-40.786747,-43.41188,-40.095085,-40.75358,-42.61107,-41.82599,-45.67634,-46.872543,-48.840214,-49.316025,-52.118324,-52.302063,-50.83123,-52.697876,-56.418587,-55.37999,-57.69802,-58.83246,-61.008495,-64.4945,-65.84519,-67.4295,-69.40437
9376,False,-26.823542,-28.465338,-26.239311,-30.278742,-31.60467,-29.15696,-37.309002,-42.010254,-42.840992,-42.833115,-43.259155,-41.798805,-42.26417,-42.608406,-42.58793,-42.341515,-42.101456,-47.365498,-47.662453,-48.808266,-51.324123,-50.515396,-51.459232,-55.30811,-57.59933,-58.15205,-59.432983,-59.73651,-61.395435,-64.402374,-66.64813,-69.77209
9408,False,-28.710125,-28.202965,-30.326702,-30.109327,-32.08885,-34.065964,-37.337013,-36.064884,-40.27445,-39.255642,-42.38855,-43.3716,-42.84019,-41.11564,-44.059486,-45.32657,-44.38181,-45.17584,-47.853416,-49.64277,-48.8505,-51.637592,-52.579765,-54.4137,-55.457222,-57.627113,-57.935036,-59.542816,-62.987015,-64.024345,-67.53189,-69.334885
9440,False,-25.243977,-25.856745,-28.276052,-32.06305,-37.896152,-37.074425,-38.069145,-37.877335,-38.49756,-38.214783,-42.498985,-40.909725,-41.912643,-44.841087,-43.931713,-45.38326,-45.43926,-47.1183,-48.531326,-49.201473,-50.559395,-51.786366,-55.163227,-54.579887,-54.75395,-56.120758,-57.507343,-60.06145,-62.433784,-65.42176,-65.32295,-69.04763
9472,False,-25.967005,-27.763414,-28.866379,-30.955269,-37.944027,-31.228184,-37.354313,-40.780502,-39.68655,-41.15658,-42.19615,-41.49781,-42.207676,-45.028427,-44.23349,-44.042683,-45.72191,-45.60215,-48.4639,-50.54968,-51.338615,-50.84958,-53.62145,-55.166107,-57.707603,-55.60921,-57.214542,-59.012245,-61.894875,-64.6923,-66.75025,-67.72424
9504,False,-24.864143,-27.399906,-26.695244,-27.491121,-36.55116,-29.260302,-36.999218,-36.344894,-38.7763,-38.97379,-37.72735,-38.829807,-39.30921,-40.917564,-42.02055,-43.738976,-45.47249,-48.036026,-47.220425,-49.00082,-49.30903,-49.957626,-50.59876,-53.03598,-54.97198,-56.536728,-58.72731,-61.071625,-62.85675,-64.531906,-68.37521,-69.25105
9536,False,-24.9031,-27.204403,-26.03807,-23.712961,-28.705519,-27.721872,-31.08228,-23.732264,-27.463217,-35.454613,-29.495182,-28.875437,-27.223267,-30.619757,-33.549076,-30.538227,-34.998146,-39.617928,-41.48924,-45.2957,-45.11004,-47.16262,-45.97863,-51.541786,-54.021164,-54.189014,-56.80342,-57.000294,-58.08865,-59.315094,-61.465385,-61.274242
9568,False,-20.976006,-23.139336,-27.984837,-28.555504,-30.42901,-28.909056,-39.643993,-31.003702,-33.688694,-37.623833,-37.57639,-36.0416,-35.765903,-39.843884,-42.78808,-39.94453,-42.565346,-47.553883,-46.310707,-48.657154,-50.264545,-49.909252,-51.650146,-53.78312,-53.918205,-56.6072,-58.59879,-59.383095,-61.714638,-65.76808,-67.5227,-68.96481
9600,False,-24.91056,-28.918505,-24.31302,-23.907227,-32.342464,-31.2775,-33.921677,-32.489517,-35.833748,-44.60903,-44.677063,-41.091805,-38.42198,-39.550926,-42.41693,-44.751305,-43.066753,-45.713238,-45.391953,-47.761654,-50.235085,-49.046993,-56.04442,-56.299015,-55.481247,-56.892372,-58.47704,-59.485584,-62.855225,-65.34013,-67.73741,-68.28304
9632,False,-24.786106,-29.492092,-28.01207,-29.518671,-34.21514,-33.68447,-35.72391,-36.078075,-35.95762,-40.067352,-40.61632,-43.445908,-42.105274,-43.256092,-42.257942,-45.351753,-46.78061,-47.35562,-47.84884,-50.1248,-50.44481,-51.722713,-53.44702,-54.25644,-53.600674,-55.95031,-60.481487,-60.954975,-63.320736,-65.287895,-68.146454,-70.356735
9664,False,-22.093342,-24.49577,-28.723555,-30.43585,-35.137455,-33.555912,-35.828373,-36.902798,-36.333855,-42.23827,-40.695415,-43.072563,-40.166023,-42.259422,-42.917133,-44.66365,-47.568275,-48.636787,-47.33963,-51.828888,-49.351944,-50.858845,-54.350544,-54.749603,-54.501335,-57.16412,-60.3986,-62.251247,-63.595406,-66.17474,-67.39997,-70.00055
9696,False,-25.40802,-28.45177,-30.640999,-29.587782,-36.988556,-31.331646,-36.467144,-37.108597,-37.53962,-43.260883,-41.882877,-41.383392,-44.002193,-47.36362,-46.552483,-45.27281,-46.289883,-48.74267,-49.481873,-51.810375,-52.60509,-52.72215,-54.521477,-55.26161,-56.47412,-57.883545,-58.669464,-59.836445,-62.655796,-65.52562,-68.36989,-69.75282
9728,False,-22.999151,-26.12846,-30.163742,-29.456734,-37.934116,-29.880926,-35.84146,-38.97725,-38.188023,-41.651245,-42.55642,-39.956238,-43.903675,-44.432674,-45.770077,-45.806038,-46.607384,-47.670876,-50.50058,-50.406593,-52.994827,-51.244396,-51.66529,-55.858627,-55.429672,-56.281315,-59.40952,-60.128597,-62.920082,-66.45795,-68.64849,-69.898186
9760,False,-26.155985,-28.884773,-25.428617,-31.976702,-33.529755,-29.132652,-37.83696,-44.51371,-39.62217,-43.637463,-39.28772,-40.255936,-42.694885,-43.583332,-42.071934,-45.18992,-46.911003,-47.122147,-49.575047,-48.714874,-49.7712,-51.000595,-53.543087,-55.663113,-54.8078,-57.357998,-58.38539,-60.091278,-63.644485,-64.90931,-67.882095,-69.89194
9792,False,-25.43435,-24.745247,-23.763672,-31.907288,-36.692932,-29.542183,-37.62428,-40.016197,-35.515957,-41.042885,-36.46496,-40.036034,-42.713047,-41.61605,-42.04947,-42.469555,-45.562744,-45.277435,-48.628944,-48.595253,-51.367664,-50.250553,-54.51702,-57.107994,-55.581734,-57.48425,-59.058495,-60.413383,-63.406063,-64.56994,-67.7688,-69.80852
9824,False,-21.772655,-29.670979,-26.62615,-31.484137,-31.6803,-32.853607,-38.417427,-37.5181,-37.094044,-40.545753,-44.459324,-40.337563,-40.33654,-45.093422,-42.752533,-45.327774,-44.709583,-45.324055,-49.704357,-50.131638,-50.221397,-51.201305,-52.11039,-56.24861,-54.50747,-57.81157,-61.43329,-58.493164,-62.812492,-65.954445,-68.71069,-70.09877
9856,False,-21.38606,-26.947815,-27.633875,-33.225063,-32.681614,-32.05252,-39.02096,-35.71568,-34.454613,-38.291008,-43.043312,-38.94093,-40.28781,-43.443855,-43.542747,-43.142845,-47.28993,-48.172073,-50.41042,-53.711273,-52.715916,-51.22184,-53.645725,-54.66774,-56.107693,-58.240356,-59.8117,-59.80698,-62.564796,-64.44371,-68.357124,-70.554726
9888,False,-23.375309,-26.323162,-27.71719,-30.713587,-33.452583,-30.264687,-37.41737,-38.371014,-36.21232,-36.970093,-41.513844,-42.97762,-41.729378,-40.877987,-42.250557,-42.822693,-46.411743,-46.508728,-48.25811,-51.82154,-50.454697,-49.943092,-54.46586,-56.007545,-55.761837,-56.710403,-58.62331,-59.10729,-62.009396,-64.99468,-66.917816,-69.799995
9920,False,-23.662321,-27.207878,-30.439476,-32.69898,-35.12564,-32.76489,-37.42002,-36.86322,-35.769222,-39.80665,-45.17096,-41.746883,-39.007355,-40.543427,-43.078964,-47.020493,-45.630928,-46.108517,-48.351143,-50.089832,-50.947815,-48.61384,-53.25196,-56.54457,-55.86859,-56.185616,-56.439163,-58.90558,-63.252605,-65.6622,-65.36496,-68.29089
9952,False,-21.515465,-30.322525,-29.06622,-31.10049,-33.369755,-32.27269,-38.312912,-39.101196,-35.011482,-39.483112,-40.32512,-41.508537,-42.286263,-41.62124,-41.562534,-43.924263,-46.916195,-49.563633,-49.54098,-50.410583,-50.471718,-50.12404,-52.41806,-54.752655,-54.0313,-56.957535,-58.25031,-59.38922,-63.680588,-66.65671,-68.76443,-68.296326
9984,False,-21.591496,-26.149042,-23.991568,-28.667833,-33.4965,-31.317928,-40.42545,-39.606964,-42.667294,-42.651672,-39.664894,-40.88089,-40.17813,-43.30255,-45.83145,-46.38435,-47.276253,-49.74723,-48.55337,-49.1015,-49.41715,-51.677956,-52.58829,-56.295555,-54.41543,-54.958817,-57.625546,-59.020866,-62.55066,-64.52047,-67.15787,-68.864456
