timestamp,faulty,band_0,band_1,band_2,band_3,band_4,band_5,band_6,band_7,band_8,band_9,band_10,band_11,band_12,band_13,band_14,band_15,band_16,band_17,band_18,band_19,band_20,band_21,band_22,band_23,band_24,band_25,band_26,band_27,band_28,band_29,band_30,band_31
0,False,-33.20918,-33.608963,-33.946346,-39.219048,-38.97042,-37.789555,-35.89229,-33.29997,-40.967236,-43.46939,-43.093945,-34.91568,-41.594254,-47.03128,-47.13596,-48.126637,-50.100044,-50.583794,-49.043423,-51.402863,-57.886955,-56.781544,-58.8845,-60.32099,-61.70776,-61.245872,-59.056328,-58.488087,-62.434406,-64.69193,-62.96188,-63.948177
32,False,-26.720068,-27.829197,-35.329582,-36.425472,-33.83573,-32.653366,-32.350616,-31.98653,-38.660263,-40.99021,-41.24048,-29.738874,-36.954697,-46.262596,-47.332077,-43.61695,-46.20039,-49.394585,-48.181984,-47.32616,-52.374687,-52.13142,-56.12707,-58.370457,-56.66085,-58.83415,-57.66777,-58.12134,-59.16868,-59.455868,-59.577908,-62.396885
64,False,-28.515833,-27.795656,-33.807365,-36.901974,-36.914257,-33.31134,-35.166523,-35.030426,-39.689426,-39.009834,-39.3703,-30.889004,-36.739334,-47.111496,-46.78045,-46.002712,-45.59223,-51.440628,-47.103302,-47.3795,-53.336937,-54.181854,-59.399662,-59.7364,-58.503284,-58.926476,-58.15557,-58.766197,-61.16341,-61.608105,-60.04203,-62.27711
96,False,-29.05163,-27.828207,-37.028755,-37.157173,-31.57558,-34.25976,-32.002403,-30.517609,-37.50294,-40.74092,-40.823208,-28.859167,-35.53596,-46.089443,-46.48828,-48.229225,-49.11789,-50.374676,-48.169884,-50.7885,-54.377205,-54.815716,-57.61721,-58.605556,-59.331596,-58.76045,-58.037827,-59.37657,-60.489044,-60.89437,-58.720833,-62.053177
128,False,-31.922928,-28.671913,-31.45161,-34.975338,-32.790474,-27.979015,-29.993397,-29.820705,-40.139084,-40.661102,-44.90463,-33.161263,-37.750393,-46.244007,-47.40341,-45.40502,-45.53314,-49.657158,-48.89269,-48.69407,-53.50903,-50.888687,-56.083927,-57.926834,-60.3255,-58.891968,-58.056065,-56.291992,-54.638287,-52.871838,-56.520905,-57.70613
160,False,-27.359468,-25.945414,-32.17502,-22.34191,-26.618671,-28.85082,-25.416283,-22.05547,-26.70551,-32.01798,-28.211594,-21.891184,-22.404179,-21.667414,-22.89026,-19.476368,-22.362986,-25.467157,-29.187977,-35.021385,-28.987797,-29.154755,-27.500546,-30.258692,-26.88919,-24.929064,-29.79759,-24.815308,-18.385342,-18.185259,-23.06211,-24.57156
192,False,-32.0373,-27.393312,-30.711994,-27.697906,-27.899797,-28.98293,-33.449665,-28.773514,-32.410297,-36.668846,-36.382,-33.38304,-30.579773,-32.010868,-33.75916,-31.326086,-35.346237,-39.41589,-37.76838,-41.841805,-43.38115,-40.420994,-42.581245,-45.095215,-39.86099,-37.287292,-38.55419,-37.371975,-33.564995,-33.926445,-39.508232,-41.178646
224,False,-27.612553,-27.767357,-33.173595,-33.148506,-31.330597,-37.517754,-32.805626,-29.933107,-36.703583,-41.234802,-42.761864,-30.993502,-35.127342,-35.284077,-41.24973,-41.017765,-43.25047,-46.33429,-44.612904,-46.113853,-45.21393,-43.537693,-46.730045,-47.61154,-47.46271,-40.667114,-41.222107,-43.587776,-39.57474,-39.78278,-45.790184,-47.76375
256,False,-26.962448,-28.646744,-34.730724,-34.053715,-31.832945,-32.34985,-34.729874,-32.778748,-40.91122,-42.507507,-46.165375,-32.54046,-34.77025,-41.848255,-43.495296,-39.816772,-43.98157,-46.644764,-45.47542,-48.56056,-48.422424,-46.04278,-48.478333,-50.848434,-49.303642,-46.146015,-46.4516,-46.768627,-43.164288,-42.793198,-48.98443,-51.99508
288,False,-30.270222,-34.750942,-37.91186,-37.468903,-32.08625,-31.23214,-35.195488,-33.607372,-41.1912,-40.47979,-42.74228,-37.021492,-37.241333,-40.166737,-41.335453,-46.195946,-47.71732,-48.242714,-45.594086,-50.014526,-49.486336,-48.092365,-52.706,-54.074665,-54.712013,-49.4515,-50.544518,-49.197063,-47.43925,-47.487373,-53.92414,-56.598053
320,False,-28.25239,-28.84079,-31.39097,-34.903862,-35.416943,-28.598885,-33.533394,-33.60534,-40.82071,-39.741425,-42.180367,-33.052917,-35.683044,-43.158157,-45.392487,-46.728474,-45.523964,-48.47529,-46.407135,-48.16372,-53.37539,-50.774536,-55.19152,-55.685482,-55.331177,-54.553734,-55.194023,-55.248787,-51.537266,-53.706047,-56.80728,-58.897213
352,False,-26.26873,-27.665388,-38.207935,-36.87216,-32.94658,-33.686935,-31.445782,-29.375526,-37.46636,-40.057148,-43.56972,-28.578074,-33.512722,-43.15452,-43.409798,-47.356956,-45.826653,-48.794304,-45.55029,-46.817554,-55.46863,-53.980865,-55.491737,-54.945236,-54.45601,-54.74485,-54.581818,-56.818333,-55.048946,-56.297573,-59.34872,-59.36747
384,False,-27.092314,-29.373074,-34.97517,-36.126446,-33.27036,-31.141718,-32.08746,-31.01823,-37.227283,-41.02429,-44.042908,-26.620214,-32.123417,-44.142822,-43.130447,-45.312344,-47.83407,-48.975906,-43.441654,-42.40695,-53.79539,-54.31195,-56.56809,-58.73507,-58.555084,-57.888546,-56.691345,-57.338966,-57.68038,-57.194233,-58.84751,-61.598663
416,False,-26.583769,-26.778296,-32.44272,-37.388054,-32.15628,-32.63684,-38.849247,-35.81763,-36.017555,-39.14102,-40.931076,-31.46675,-35.7918,-43.59009,-42.466934,-45.09273,-43.34526,-49.86826,-44.41828,-44.08802,-53.032948,-53.81989,-56.37032,-56.701782,-57.11257,-56.623554,-56.40654,-57.82324,-58.754753,-58.64711,-59.74537,-61.19032
448,False,-29.747265,-28.054153,-29.392117,-34.51497,-32.116898,-31.622179,-31.513256,-30.255318,-38.049454,-39.407257,-41.51124,-32.67953,-38.733055,-46.40165,-48.067444,-46.20938,-45.956913,-47.481873,-46.604042,-49.730946,-53.987465,-54.287155,-57.244297,-57.85292,-58.478905,-58.345547,-58.590027,-59.74108,-59.444107,-60.245186,-60.429893,-61.566357
480,False,-26.169384,-25.091818,-36.36218,-36.89137,-33.242104,-30.909115,-30.337322,-29.486511,-45.1099,-43.17633,-42.553276,-31.691961,-36.027702,-42.101036,-41.909172,-48.98478,-49.711235,-47.923298,-48.546528,-49.285297,-52.801926,-55.058575,-56.978256,-56.90542,-56.676445,-60.27112,-58.349438,-58.419537,-58.83022,-60.028515,-60.090813,-61.007614
512,False,-28.927742,-27.384129,-35.580982,-36.13048,-37.346916,-34.29284,-31.327848,-31.202007,-43.35067,-42.723465,-41.746502,-33.052666,-36.97105,-40.63743,-42.187077,-48.912155,-47.477108,-49.295063,-49.755875,-49.863884,-52.66077,-52.93287,-57.838207,-57.520317,-57.72594,-59.510555,-58.69023,-58.34268,-61.03435,-60.692272,-60.271484,-60.18436
544,False,-25.383446,-26.52543,-34.029648,-37.61253,-38.305904,-32.498947,-35.384644,-35.47691,-41.64929,-39.60521,-43.57548,-32.673134,-37.2063,-45.932156,-45.619755,-47.74134,-47.14496,-50.37634,-44.55792,-43.312515,-53.85469,-53.542156,-57.38569,-57.21779,-58.101574,-60.4571,-58.157867,-58.834072,-61.621326,-61.899868,-61.673428,-61.215767
576,False,-23.880404,-24.570005,-33.506645,-32.814148,-38.82844,-38.722874,-33.090416,-33.34645,-40.684074,-40.771793,-43.775192,-27.010584,-30.84449,-43.34869,-47.98919,-48.65412,-47.320847,-50.46589,-49.551586,-50.927048,-53.923794,-55.224995,-57.580048,-58.8143,-58.62957,-57.120537,-58.517372,-58.671288,-59.264526,-61.30767,-60.847965,-60.739113
608,False,-30.777328,-29.215029,-30.537653,-32.53591,-34.07756,-36.90162,-32.91015,-32.362488,-40.732265,-43.14441,-46.095703,-27.15481,-32.0894,-45.181793,-47.42834,-50.1168,-50.169243,-50.268,-51.746834,-52.31285,-53.89032,-54.37395,-57.321808,-59.22668,-59.167637,-59.030518,-59.569542,-60.960625,-60.755695,-61.97288,-60.200382,-60.540737
640,False,-26.868256,-29.611359,-39.60943,-39.931953,-31.33584,-30.761898,-34.178917,-38.742123,-36.55132,-39.927784,-43.978447,-29.266457,-33.461548,-42.431454,-42.824898,-49.00473,-48.00892,-51.363976,-47.77585,-47.275192,-55.16451,-52.830353,-58.54118,-58.934967,-59.726143,-59.364983,-58.378338,-60.36046,-60.37066,-61.46631,-60.87992,-61.488953
672,False,-27.024223,-29.994144,-34.528385,-37.77393,-32.653713,-32.0505,-32.680508,-32.109753,-38.942482,-41.339603,-42.434357,-36.437344,-39.839745,-43.049797,-44.859886,-46.805996,-46.56668,-52.65319,-49.392937,-48.886642,-54.097282,-53.66838,-59.302425,-59.091827,-59.9955,-59.131035,-59.267303,-62.521,-61.438824,-62.69592,-62.326336,-60.700527
704,False,-29.081495,-29.033512,-31.183794,-30.170101,-24.810593,-27.94589,-28.549686,-24.015705,-27.775278,-33.64398,-28.700481,-28.59932,-27.466524,-30.62668,-31.916811,-28.004292,-31.78912,-36.809303,-39.300465,-43.34448,-44.775105,-47.091904,-45.99077,-51.447258,-53.007187,-53.909683,-54.70364,-56.682487,-54.449875,-55.06975,-55.72261,-58.84178
736,False,-27.62696,-27.18457,-31.095566,-30.065718,-27.043438,-29.054592,-31.22555,-28.062277,-33.77208,-38.69633,-35.918327,-29.913914,-32.438274,-37.61603,-42.40657,-37.53216,-42.85095,-47.0163,-45.30514,-47.14158,-52.052708,-51.65499,-53.96709,-54.191532,-57.967014,-58.419434,-57.826645,-59.43787,-61.582943,-59.731594,-59.257313,-61.171535
768,False,-26.86712,-27.470015,-34.038166,-33.890858,-30.206177,-31.10016,-36.49185,-32.437675,-36.928036,-39.002518,-39.776093,-27.120533,-31.045992,-37.067265,-41.19142,-45.026836,-46.23632,-50.26974,-49.30775,-51.69172,-54.64518,-53.997833,-55.88118,-58.673996,-57.223278,-58.274197,-59.368774,-60.364155,-61.93792,-60.728554,-59.570484,-61.99985
800,False,-30.950212,-29.170692,-30.882095,-32.848534,-34.131664,-36.904434,-31.659079,-31.210669,-43.003166,-43.329105,-42.30793,-31.488888,-37.396755,-46.805397,-46.54113,-47.083496,-45.624664,-48.913883,-45.32456,-44.5187,-52.702698,-53.14505,-55.40612,-58.707996,-57.96451,-57.630623,-56.226086,-59.726746,-60.361115,-60.439266,-59.468254,-60.574642
832,False,-32.167553,-29.25147,-33.498768,-38.346752,-33.10595,-35.06248,-30.82111,-28.911644,-35.545303,-38.49514,-45.90983,-27.803867,-32.28827,-41.54502,-41.714436,-49.048225,-48.622086,-48.219624,-46.71112,-49.3063,-55.17823,-53.00296,-57.747963,-59.03984,-60.085022,-59.362278,-58.428093,-59.9773,-61.64577,-61.873367,-61.505146,-60.66403
864,False,-31.266653,-31.66458,-33.615723,-35.51289,-32.4983,-32.49846,-32.062946,-31.425573,-36.78809,-38.47988,-44.956963,-26.793406,-31.808016,-41.203365,-41.47563,-48.505955,-48.272324,-50.18413,-50.07883,-53.08075,-55.1367,-52.11846,-57.531773,-59.253876,-58.798233,-57.74366,-58.252823,-59.173122,-61.01856,-60.79357,-59.611126,-61.635696
896,False,-32.740467,-32.012825,-38.002,-39.539845,-40.039288,-33.572906,-34.410515,-37.727245,-38.614532,-39.329506,-43.980217,-27.436401,-32.530724,-43.20209,-43.4159,-45.864464,-46.432648,-48.443066,-48.222355,-49.2874,-56.547626,-55.692516,-58.904324,-59.91043,-57.575264,-59.275642,-57.2843,-59.69914,-61.56732,-61.57759,-60.707623,-60.58828
928,False,-30.976477,-27.176144,-32.486282,-34.993317,-34.489075,-30.228191,-30.233185,-30.271069,-37.865604,-37.077274,-40.73246,-25.267536,-29.923899,-45.801796,-46.806435,-47.083,-48.989277,-49.285744,-48.02122,-52.72678,-58.676933,-54.922813,-57.54356,-58.97535,-58.322983,-59.143585,-57.410564,-59.403442,-61.298805,-62.76853,-61.12604,-61.30684
960,False,-25.429628,-26.565687,-33.414562,-39.177277,-33.8824,-29.500751,-29.845312,-29.508455,-36.83077,-40.182808,-41.21721,-28.245718,-33.830193,-46.96998,-47.478363,-48.40107,-46.352905,-51.083492,-50.247414,-51.84956,-55.080925,-55.133614,-59.117092,-59.043404,-58.404957,-59.988045,-58.006,-59.618385,-60.74949,-61.158722,-59.33739,-60.601463
992,False,-30.292885,-26.752865,-31.048376,-35.705532,-33.25276,-31.786146,-35.520485,-36.166645,-37.787125,-39.196247,-41.427216,-28.647858,-33.831165,-43.657337,-43.613853,-49.249977,-48.745384,-47.19689,-47.047382,-50.98019,-52.64897,-54.942497,-58.49003,-59.063866,-58.141956,-58.225517,-57.548004,-60.430542,-61.675034,-60.99175,-60.893692,-61.205093
1024,False,-30.876434,-26.00706,-31.878674,-39.315117,-35.951,-35.973698,-33.132088,-32.521866,-40.49185,-39.961597,-43.96034,-32.162598,-37.570522,-40.74284,-43.440384,-46.85457,-46.949585,-49.502888,-47.70848,-49.256226,-54.779594,-55.369553,-56.026436,-56.623642,-58.115726,-58.480186,-55.776592,-58.485874,-62.00756,-61.98093,-59.50786,-62.1083
1056,False,-30.263083,-26.250008,-34.063194,-37.10215,-36.60478,-35.85502,-33.02689,-32.38147,-41.746048,-41.803875,-43.754944,-32.479176,-36.504524,-41.260227,-44.23594,-47.596565,-46.303368,-54.81048,-50.40104,-50.308136,-52.088905,-54.179577,-57.254837,-57.581764,-59.74288,-59.259895,-57.003822,-59.39894,-61.435184,-61.21373,-59.312416,-60.685886
1088,False,-28.4233,-27.558567,-34.15152,-37.245464,-35.75264,-33.58691,-36.23773,-36.36355,-38.058132,-41.45754,-43.41234,-30.430752,-35.31177,-40.759796,-41.236935,-44.756844,-44.989067,-49.27517,-47.745213,-49.472076,-53.347595,-53.315777,-56.085873,-59.25858,-60.109512,-60.112022,-57.88664,-59.92534,-62.469944,-62.015694,-60.436005,-61.850487
1120,False,-29.081251,-33.91137,-34.593246,-36.677013,-33.769707,-34.234222,-36.41296,-37.307518,-35.84707,-36.088196,-46.084694,-30.849033,-34.902454,-45.904194,-45.41512,-44.1341,-44.660812,-50.058704,-47.723442,-51.236885,-53.351627,-52.300354,-55.784763,-57.51783,-57.601162,-57.604767,-58.375477,-60.18994,-61.330627,-61.93851,-61.489532,-62.444416
1152,False,-29.638634,-29.309925,-32.29503,-36.233356,-32.954193,-35.785023,-33.822643,-33.760925,-35.442356,-37.62712,-43.02013,-27.77068,-33.514217,-45.32948,-46.25403,-49.914436,-47.2703,-48.033806,-48.655262,-48.560074,-52.42138,-53.820946,-57.380913,-59.98251,-60.20908,-60.204334,-60.66842,-60.587395,-61.157898,-61.03701,-61.640167,-61.94187
1184,False,-28.787146,-32.220932,-35.305676,-37.49164,-33.840252,-31.263067,-31.9643,-33.090576,-35.130867,-35.58693,-43.72717,-27.648655,-31.894531,-43.724705,-45.184193,-49.48164,-49.57746,-50.64772,-47.79825,-47.210854,-53.563038,-52.98071,-58.06727,-57.88201,-59.182777,-57.58871,-58.051056,-60.550365,-61.346973,-61.00843,-59.836777,-60.28105
1216,False,-31.268612,-27.92637,-35.9279,-38.82564,-33.267994,-29.100895,-31.744713,-37.041775,-37.934963,-40.321213,-42.505936,-27.347557,-31.907124,-45.565643,-44.210777,-48.073505,-47.44551,-50.385384,-49.654953,-50.492207,-55.8359,-54.884346,-57.412685,-57.435905,-59.06393,-59.45897,-58.488335,-60.630432,-61.69251,-61.07865,-59.39602,-60.55008
1248,False,-29.756699,-29.80122,-33.713234,-25.334362,-26.43571,-27.14402,-23.776495,-21.840628,-26.725996,-31.27515,-28.233156,-23.71933,-23.46228,-21.763926,-22.598904,-19.11793,-21.631319,-24.75283,-29.29961,-35.305,-29.798708,-28.91413,-27.523201,-30.594137,-27.069344,-24.768246,-29.86438,-24.607056,-18.069645,-18.224672,-23.31075,-22.614527
1280,False,-32.83831,-29.143284,-31.202812,-25.248062,-26.816465,-24.038782,-28.35004,-26.77099,-33.563755,-39.81633,-33.812923,-26.293,-27.90064,-30.341452,-33.251587,-29.649261,-34.21705,-38.624,-36.847446,-41.60546,-40.781498,-38.328243,-40.675907,-43.08673,-38.530575,-35.770855,-38.058136,-36.414116,-31.781086,-32.78701,-37.673058,-38.39558
1312,False,-28.611048,-26.1005,-32.065464,-31.198586,-28.435913,-28.94245,-30.255072,-27.655275,-34.668922,-40.08888,-41.39935,-29.799763,-32.6383,-32.905525,-36.357452,-39.247055,-41.417507,-44.386898,-42.097168,-44.86664,-46.025887,-43.812187,-47.41803,-48.358086,-46.6509,-40.2684,-40.720634,-42.464275,-38.575623,-39.39326,-45.359406,-47.63908
1344,False,-27.170172,-27.513325,-34.503017,-34.82007,-31.600588,-29.364645,-32.57809,-33.59157,-37.246086,-39.693054,-41.635548,-28.533451,-32.43835,-37.38843,-38.446278,-40.635277,-43.53633,-46.862026,-44.317326,-44.232506,-49.319023,-45.007088,-48.214302,-50.47831,-48.52509,-45.515705,-45.76377,-45.877167,-41.381775,-42.416367,-48.624897,-50.18991
1376,False,-27.540628,-29.263012,-35.012947,-36.257217,-36.04292,-31.439266,-33.70576,-35.457207,-40.16816,-41.654247,-43.278893,-30.97495,-35.4545,-40.979305,-42.541756,-46.217247,-47.75576,-47.13879,-44.799557,-46.990868,-49.146317,-47.69175,-52.4263,-55.23724,-53.88122,-48.65931,-49.93358,-48.315895,-46.36086,-46.407772,-53.402084,-55.97458
1408,False,-29.077316,-29.749401,-34.56828,-37.463894,-30.672344,-32.948296,-34.548878,-34.084328,-38.320534,-38.844604,-45.32742,-26.598145,-31.15551,-42.754013,-44.43027,-41.733818,-43.73588,-50.58358,-51.325546,-52.733635,-52.2052,-50.924053,-54.454643,-55.63196,-55.482235,-52.414,-54.21871,-53.35517,-49.63333,-52.10891,-56.93824,-58.64836
1440,False,-31.390028,-27.412241,-37.469463,-40.696278,-33.14567,-32.64564,-32.376602,-30.887241,-37.78109,-38.381535,-41.368423,-23.148556,-28.36672,-48.17708,-47.21972,-43.238026,-42.44228,-50.65888,-49.253345,-51.56355,-50.56187,-50.734207,-56.014744,-54.9239,-55.027992,-54.133255,-55.270653,-55.65809,-53.611027,-55.616974,-59.695763,-59.2874
1472,False,-30.523422,-29.422745,-32.95162,-35.17674,-30.618668,-32.20275,-34.873768,-33.88597,-44.284344,-41.353554,-46.96042,-27.840324,-32.825546,-44.06836,-44.423622,-44.922108,-45.329662,-49.581112,-44.244366,-44.55912,-52.831787,-51.745144,-55.912586,-56.85463,-56.68145,-56.66532,-58.359474,-59.240993,-56.333473,-57.104317,-58.696396,-60.01015
1504,False,-27.688118,-31.039017,-36.594284,-36.11492,-31.72127,-35.044846,-37.427334,-36.273716,-42.466476,-43.457867,-41.57192,-24.07212,-28.913754,-43.657417,-45.0475,-47.020943,-47.49506,-52.305252,-44.870995,-43.61773,-55.244987,-56.260307,-59.52205,-59.046043,-57.029472,-57.685303,-57.605812,-59.12435,-57.929974,-60.262535,-60.69864,-61.886482
1536,False,-32.064495,-30.989216,-30.325785,-35.69727,-33.771404,-31.234764,-31.743958,-32.31544,-38.091442,-38.939354,-44.384098,-27.171734,-32.16099,-42.82788,-45.75905,-49.62861,-49.04529,-51.611763,-48.183273,-47.82667,-55.08072,-54.663452,-56.09733,-57.011677,-58.639065,-58.609207,-58.74485,-58.28547,-59.092545,-59.211178,-59.270905,-62.54917
1568,False,-26.810787,-33.388264,-41.074844,-40.13761,-34.45077,-33.846355,-35.07265,-33.009686,-37.353012,-38.32989,-44.9304,-28.346178,-32.06177,-40.080704,-41.06993,-46.175518,-46.298786,-48.744568,-47.552624,-48.854942,-54.553204,-53.48288,-56.70958,-59.895424,-59.817814,-57.50918,-58.45704,-59.548374,-59.663776,-59.44274,-58.75737,-60.9342
1600,False,-30.514248,-28.628452,-37.1265,-40.65016,-34.581676,-33.17508,-36.285316,-34.073273,-38.010773,-40.318752,-41.7059,-35.696896,-37.867493,-44.30346,-45.21152,-45.20874,-45.68174,-52.25022,-50.10574,-49.612164,-54.406662,-53.87101,-58.220604,-58.506207,-59.05658,-58.032337,-58.12841,-60.60543,-60.81864,-62.36515,-60.12986,-61.238667
1632,False,-29.689419,-29.32404,-33.069252,-36.958214,-35.82897,-37.359867,-32.871346,-30.534113,-38.39661,-42.230072,-45.7265,-31.0248,-32.994446,-45.14179,-47.292942,-47.002625,-47.135197,-50.897987,-47.34265,-47.004944,-54.11676,-53.6521,-57.827797,-57.766155,-59.0615,-60.599983,-58.237457,-59.615177,-60.698532,-60.923462,-58.783054,-62.73536
1664,False,-32.48133,-32.549557,-38.307316,-40.56053,-36.21921,-33.436523,-30.959806,-30.950386,-40.197525,-38.9128,-46.007744,-33.07773,-36.3375,-44.24934,-44.86719,-46.872536,-48.524723,-51.771782,-47.28839,-46.640312,-55.63315,-56.243553,-56.62243,-58.899918,-59.00806,-58.30277,-57.62156,-59.447292,-61.005653,-59.46273,-58.31714,-63.341537
1696,False,-32.54311,-32.54391,-34.519035,-37.979034,-32.752384,-34.81051,-37.432465,-36.074787,-38.69022,-40.627,-42.07361,-32.276062,-37.141148,-43.493114,-44.956078,-50.732723,-50.753258,-52.02598,-47.518517,-47.728416,-57.127136,-57.38081,-60.614166,-59.55639,-60.581482,-60.528168,-58.604618,-61.452984,-61.235207,-61.862663,-59.555542,-61.447433
1728,False,-33.517544,-31.212656,-34.81947,-38.150093,-34.697838,-31.985998,-34.145348,-36.348946,-41.766697,-43.5858,-48.78538,-34.646927,-38.12357,-38.95309,-41.27771,-51.354805,-50.621716,-50.88743,-48.03334,-48.487976,-53.409954,-57.628418,-58.108055,-60.267487,-62.140823,-61.71783,-58.12478,-61.53996,-62.541122,-61.66295,-58.64608,-61.57194
1760,False,-30.845276,-29.039381,-33.39437,-37.47507,-32.602264,-37.920498,-30.659151,-29.399227,-41.20207,-44.74611,-48.0429,-32.02804,-36.51831,-40.67292,-42.871605,-47.65703,-47.18383,-50.296448,-48.349934,-48.796993,-55.700382,-56.97278,-59.62281,-61.434555,-59.33571,-59.682392,-58.682713,-60.86918,-61.493637,-61.562313,-60.742516,-61.358204
1792,False,-33.02366,-33.129124,-31.144865,-28.458755,-30.621426,-29.97243,-27.561176,-22.899885,-28.538769,-35.474182,-28.49307,-28.270233,-27.494465,-30.403534,-31.1813,-27.683218,-32.310074,-37.4752,-39.677177,-43.141914,-44.133774,-46.255898,-46.003815,-50.91604,-53.906574,-53.598972,-53.36964,-56.01982,-52.163086,-54.230835,-57.53341,-57.9521
1824,False,-29.973392,-31.581972,-32.76468,-30.247423,-30.152882,-29.29016,-33.56642,-29.85593,-34.615665,-39.258705,-37.50803,-31.076427,-31.73606,-39.39358,-41.284252,-38.253017,-42.434807,-47.29538,-47.452698,-50.555386,-52.05699,-54.45662,-54.83615,-58.060234,-58.842224,-56.522198,-55.959934,-57.6014,-59.129936,-61.416397,-59.41134,-60.546528
1856,False,-31.716934,-31.529226,-31.788162,-35.30129,-32.44083,-32.023006,-34.646847,-34.451267,-35.659416,-38.75695,-45.871143,-33.502487,-37.138565,-37.368332,-42.63046,-44.06912,-46.06876,-48.3581,-47.604027,-48.588448,-54.975033,-52.93708,-57.175064,-56.9524,-56.63467,-57.854736,-58.04879,-59.096405,-59.314175,-60.755814,-58.1027,-61.132225
1888,False,-28.804089,-29.607689,-34.863487,-39.4366,-40.347153,-39.680634,-30.653606,-29.689316,-42.266926,-43.40551,-45.670265,-39.743942,-40.5325,-43.012184,-45.482735,-44.676647,-45.039135,-47.37503,-48.076736,-51.735924,-55.412376,-57.443356,-56.346455,-57.309814,-59.91524,-58.811245,-57.70437,-59.081856,-61.1589,-60.939903,-57.443256,-60.581825
1920,False,-27.99444,-30.912594,-38.628628,-39.637825,-37.64125,-36.46371,-32.59669,-31.3592,-40.429516,-42.863083,-43.723278,-29.851675,-33.44906,-40.850677,-43.096546,-45.227875,-44.669518,-47.89859,-48.293762,-50.311295,-54.52171,-53.427635,-56.771965,-56.62296,-57.32963,-57.7429,-58.622166,-58.707565,-60.325195,-61.12903,-58.662056,-61.458035
1952,False,-29.206512,-30.944607,-32.780537,-34.524597,-39.949463,-35.81075,-36.423615,-38.284523,-41.383743,-42.451004,-41.32525,-26.885157,-30.118906,-41.283836,-45.908127,-48.117714,-46.954594,-49.001778,-50.00959,-50.00354,-56.03256,-53.05858,-55.394875,-57.16205,-58.113094,-58.728233,-57.340515,-58.258854,-59.00274,-59.818413,-59.156036,-61.749836
1984,False,-32.93102,-31.7188,-36.974842,-39.471954,-37.104336,-33.82602,-35.08062,-34.05458,-39.97702,-41.241142,-42.983208,-34.778374,-37.676743,-42.91089,-44.461895,-46.66855,-47.492428,-48.660027,-48.521957,-49.32262,-54.493313,-55.05876,-56.338463,-59.49392,-58.357437,-58.12458,-56.9396,-60.997574,-61.533237,-60.61909,-58.20442,-63.271866
2016,False,-28.101475,-30.327553,-35.116367,-39.330357,-40.19144,-34.392696,-33.840157,-32.344963,-39.005264,-41.569386,-43.18473,-28.426725,-32.602516,-42.18107,-42.692795,-47.703667,-49.207783,-52.108856,-49.9028,-50.178047,-55.8685,-55.48339,-59.12349,-58.970062,-57.780094,-59.490604,-58.32946,-59.548767,-61.862694,-62.147774,-59.13051,-61.433723
2048,False,-30.614052,-29.002047,-36.100304,-39.707924,-34.072384,-32.69255,-34.920067,-36.621727,-39.97406,-42.743015,-42.095192,-26.023869,-30.160915,-44.316437,-46.809532,-48.014305,-47.44417,-48.44912,-49.427147,-50.63054,-55.078735,-53.255913,-56.93188,-57.60289,-58.81411,-59.248383,-58.709377,-59.832977,-61.06682,-60.45347,-59.336094,-62.476135
2080,False,-25.456533,-29.477844,-34.642227,-38.09534,-33.950924,-38.39332,-36.331223,-38.22513,-39.503826,-43.29899,-47.172302,-31.61419,-34.155445,-43.435745,-45.61285,-45.919815,-44.332825,-51.733948,-49.625645,-49.77015,-54.57735,-53.785824,-59.786777,-59.54561,-59.24552,-59.43701,-59.77098,-59.987198,-61.2711,-62.450996,-61.024128,-61.431824
2112,False,-30.730392,-29.280165,-34.795467,-39.397663,-32.325626,-34.790512,-30.087717,-28.490103,-41.3731,-40.91735,-45.449554,-31.198214,-33.946125,-44.808887,-47.520348,-44.912605,-44.14461,-51.797905,-47.279774,-46.757683,-55.715252,-53.691154,-57.321777,-58.558807,-59.45957,-58.87751,-58.48301,-59.136063,-62.97326,-61.56086,-59.35598,-61.982925
2144,False,-30.814518,-29.109499,-33.843044,-36.414646,-31.761715,-34.88759,-29.582233,-27.753796,-37.82799,-39.58668,-41.907433,-26.462612,-31.150568,-42.176514,-45.410675,-48.630405,-47.864555,-48.60627,-47.8227,-46.533005,-54.234123,-54.1807,-57.858204,-59.23793,-58.52394,-57.882034,-59.853706,-60.873985,-61.32816,-59.371162,-59.310726,-61.7834
2176,False,-28.200985,-27.346304,-36.546093,-38.731426,-32.667828,-35.227013,-32.910007,-34.92053,-35.193474,-37.227768,-43.733566,-36.17182,-39.44178,-42.123775,-43.61504,-50.357903,-50.623642,-51.869373,-48.014523,-47.850227,-54.703846,-51.53324,-57.966743,-58.7969,-60.607723,-59.93347,-58.553795,-60.150604,-61.308422,-60.68909,-60.551495,-61.104237
2208,False,-27.50259,-28.829573,-33.9153,-37.008156,-35.619556,-34.882797,-32.614967,-33.161106,-34.700695,-36.630737,-42.17567,-31.094503,-34.843372,-44.08974,-46.024704,-52.091526,-49.37998,-49.425816,-49.44454,-49.401115,-55.249325,-55.35437,-58.126034,-59.597603,-58.985054,-59.44052,-56.536163,-59.39243,-63.82278,-62.158756,-61.679787,-62.39962
2240,False,-27.794676,-27.222786,-31.331524,-37.696632,-34.803192,-37.02932,-28.829992,-27.21038,-34.61243,-38.91474,-47.55115,-24.402235,-28.78601,-44.59208,-45.665863,-49.331097,-48.252445,-51.441498,-50.993977,-51.825546,-53.328316,-56.993526,-61.1635,-60.11301,-58.622646,-60.91262,-60.46352,-59.9186,-61.806747,-60.388638,-58.828236,-61.20518
2272,False,-32.647274,-33.451878,-33.31004,-39.859615,-36.677673,-33.325733,-29.112692,-28.229744,-35.07443,-38.269047,-47.8544,-33.09529,-35.598827,-45.94609,-46.63305,-51.091427,-50.25087,-51.74662,-50.735954,-48.67067,-55.718517,-55.31431,-57.685318,-61.061417,-58.710884,-59.699013,-58.681526,-60.228607,-61.9777,-60.88682,-60.481537,-61.110477
2304,False,-31.677559,-30.983355,-34.41411,-38.66574,-35.644566,-35.407738,-34.355778,-36.178204,-37.75335,-40.25086,-47.27057,-28.570044,-33.081802,-44.94932,-46.580666,-48.856102,-46.58531,-51.104797,-50.473595,-52.776276,-54.968155,-54.774254,-57.3978,-58.19454,-58.642166,-59.407875,-59.059418,-60.61322,-60.876488,-60.659405,-60.632015,-61.3855
2336,False,-30.477352,-32.122673,-34.18621,-25.004623,-26.847155,-28.688404,-25.336046,-22.799006,-27.176626,-32.61646,-28.611319,-24.621107,-23.527977,-21.43665,-22.199066,-19.124275,-21.548386,-24.914074,-29.770992,-34.97328,-29.50309,-29.161331,-28.06681,-30.324175,-27.386204,-25.801142,-28.961344,-24.719814,-17.848232,-18.45909,-24.9483,-26.48081
2368,False,-30.116398,-27.645279,-31.441557,-26.818005,-29.412312,-30.57505,-30.031517,-26.639803,-33.55203,-37.921646,-33.302155,-29.061663,-28.868189,-29.431952,-32.15862,-28.743734,-34.06793,-38.525055,-36.065258,-39.54056,-40.17961,-36.93886,-40.01938,-41.60893,-38.135242,-35.684372,-37.547634,-34.931503,-31.067884,-32.7405,-37.08837,-40.036106
2400,False,-26.579765,-25.072464,-31.644058,-32.06265,-32.56212,-27.029078,-31.98555,-29.150581,-34.728733,-41.300373,-40.811214,-31.909374,-33.708485,-33.80403,-37.325413,-38.9714,-40.67247,-44.496086,-44.12999,-47.776546,-46.245193,-43.081444,-46.93116,-47.829826,-46.892513,-40.5736,-40.80576,-42.172565,-38.07689,-39.564278,-46.231937,-47.159428
2432,False,-28.625671,-25.015732,-32.3284,-34.795815,-35.03343,-38.27397,-34.41037,-33.25535,-38.772026,-40.303135,-45.908722,-29.376354,-34.257206,-41.030342,-41.558422,-40.072655,-42.84194,-45.108673,-45.38071,-45.297997,-49.241417,-45.71701,-48.494892,-50.1374,-49.328888,-45.679344,-45.894173,-45.450928,-41.254383,-42.848164,-49.323917,-51.05866
2464,False,-27.83965,-29.660425,-34.065308,-36.052086,-33.443413,-37.18742,-30.114305,-28.115446,-35.22666,-38.618732,-43.362938,-34.606213,-37.527134,-42.408424,-43.337307,-45.834507,-47.448887,-48.57208,-46.467175,-51.137615,-47.892727,-46.74494,-51.795155,-53.075836,-52.584873,-48.97328,-49.381138,-47.763374,-45.91469,-46.35655,-52.99011,-55.378845
2496,False,-28.80049,-29.30833,-33.687737,-33.70111,-32.62121,-37.914394,-31.53038,-29.601894,-36.421364,-37.59668,-42.388958,-32.84206,-36.497932,-41.66078,-45.411278,-45.04717,-46.130333,-46.985287,-45.69467,-48.34076,-50.55863,-50.652214,-54.286724,-55.053524,-52.790634,-53.652363,-54.602448,-52.469597,-48.30977,-51.076073,-56.707268,-57.988617
2528,False,-31.374203,-31.807186,-35.906834,-36.79846,-32.588512,-37.660194,-38.01291,-38.50962,-36.932724,-38.435574,-45.928608,-28.298702,-32.220837,-46.716682,-46.745438,-45.637432,-44.21985,-48.103104,-48.89273,-49.925713,-52.232605,-52.15723,-55.97383,-55.60195,-57.23403,-57.19996,-54.47022,-55.316372,-53.74969,-56.419273,-57.855038,-58.858585
2560,False,-31.155544,-29.125902,-34.36152,-40.560642,-33.223507,-31.068287,-31.869545,-33.18832,-37.341248,-40.33914,-38.92133,-31.35523,-35.195885,-44.78032,-44.816875,-46.468563,-47.43621,-49.32389,-48.39299,-48.160202,-55.680573,-54.08278,-59.44374,-57.69622,-58.271873,-58.073624,-57.31241,-58.90737,-57.355152,-57.79892,-59.543438,-61.65659
2592,False,-25.655975,-27.381607,-35.710278,-38.132965,-34.26703,-33.420464,-31.1514,-29.94686,-37.822834,-39.15586,-43.949894,-29.670609,-34.094128,-41.28602,-43.47711,-47.536934,-48.67253,-50.719254,-48.07693,-49.242805,-53.956165,-53.802948,-59.001312,-58.73016,-57.414684,-58.92841,-57.334614,-59.02601,-58.07023,-59.60873,-60.529408,-60.801666
2624,False,-32.504765,-32.545757,-35.303932,-37.97825,-35.33685,-30.839008,-30.11597,-30.037468,-39.04918,-41.561512,-43.52208,-28.190079,-32.475067,-41.59523,-43.778934,-49.049854,-47.920624,-52.17306,-45.020912,-43.88098,-54.395515,-53.935795,-57.303547,-57.067383,-59.93203,-61.48269,-57.148724,-59.36257,-60.79944,-60.452198,-59.668957,-62.506733
2656,False,-29.544237,-28.412764,-32.88202,-35.47129,-33.875435,-32.731815,-35.02251,-38.194668,-39.398422,-38.495438,-43.47345,-26.439077,-31.076828,-42.508698,-41.78495,-48.16921,-49.63165,-51.957703,-49.99774,-51.593437,-55.456104,-54.51242,-57.241653,-57.469574,-60.08053,-59.684135,-59.36708,-60.07318,-60.799004,-61.14664,-59.14896,-60.13993
2688,False,-28.081331,-28.554665,-35.100426,-36.28168,-32.090637,-36.488613,-32.72119,-31.5545,-36.84897,-39.963654,-43.72409,-26.284157,-30.107704,-41.42355,-43.062637,-47.412037,-47.21996,-51.637535,-47.455025,-48.252495,-56.19941,-53.67119,-55.91645,-56.745052,-58.20974,-60.706482,-58.43461,-58.43027,-61.427044,-62.071182,-59.419174,-60.48216
2720,False,-30.876492,-28.181746,-36.279446,-37.784317,-33.893486,-36.691406,-28.954567,-27.808071,-42.36656,-42.836205,-43.090332,-34.319668,-37.736618,-41.909466,-43.489994,-48.01269,-47.235535,-51.609272,-47.24377,-46.22109,-53.2888,-54.072617,-59.840492,-59.401592,-57.89635,-58.897057,-58.986366,-59.766697,-63.286594,-62.45789,-60.79184,-62.32853
2752,False,-29.35974,-29.646782,-37.816456,-38.765865,-33.761776,-35.945908,-32.573067,-33.40855,-40.188374,-39.39546,-43.199112,-33.597088,-37.123024,-43.705925,-43.401054,-48.97586,-48.741653,-52.5878,-48.872494,-47.454075,-53.70361,-55.396576,-56.020386,-58.64097,-59.106922,-60.09713,-58.785492,-60.54384,-61.075287,-61.589592,-60.129353,-61.158203
2784,False,-27.359692,-28.300018,-36.316025,-43.03199,-38.923042,-33.102604,-34.66174,-34.389523,-40.862957,-40.906643,-41.595234,-34.75476,-41.423126,-47.012714,-46.15207,-47.34671,-47.45861,-51.25293,-49.090767,-49.277973,-54.415073,-55.541805,-58.051483,-56.60901,-57.476635,-57.672886,-57.57027,-60.015392,-61.301132,-61.53213,-60.695263,-61.30589
2816,False,-30.34074,-30.768135,-37.092167,-38.356384,-33.57755,-35.16136,-29.783361,-28.509398,-39.12436,-38.37759,-42.78254,-34.383003,-38.122276,-46.825085,-45.30683,-45.46691,-46.093735,-50.787407,-49.267902,-49.63709,-54.099037,-53.550346,-56.9974,-54.584663,-57.95486,-59.03724,-58.193226,-60.768044,-61.297947,-60.486572,-59.551765,-60.80726
2848,False,-26.352867,-28.14597,-31.24926,-37.445187,-31.504992,-36.283955,-31.152435,-29.349163,-36.10801,-37.442223,-42.768776,-29.85833,-34.103245,-39.969116,-40.889324,-44.897346,-45.173637,-50.521904,-50.030876,-49.09229,-53.225056,-55.811035,-57.628876,-57.663483,-57.11921,-58.524593,-57.69192,-59.997383,-61.070778,-60.84499,-60.83793,-62.283646
2880,False,-30.711298,-33.98787,-32.146465,-28.730293,-25.655611,-28.752325,-29.176575,-23.289722,-28.313366,-36.985638,-28.252466,-27.583704,-26.233284,-31.347298,-32.409824,-28.05426,-32.35429,-37.3359,-40.193867,-45.812225,-43.800804,-45.44479,-45.403576,-50.631157,-53.291924,-53.480087,-54.406834,-57.194748,-52.060696,-54.07776,-56.371445,-58.25008
2912,False,-31.28187,-28.935987,-33.315903,-30.124607,-28.124268,-32.143425,-32.544594,-28.774086,-35.44025,-39.27815,-34.852978,-30.953037,-33.009155,-37.626015,-42.445602,-36.136814,-41.908035,-48.25316,-43.635365,-43.775406,-52.673534,-52.824856,-57.26829,-57.665577,-58.92563,-56.82994,-57.587524,-59.46739,-59.537586,-61.40566,-60.39993,-62.4207
2944,False,-29.691204,-31.422165,-34.829597,-34.496445,-32.126156,-27.23136,-30.055597,-29.51185,-34.555347,-38.16997,-43.13804,-32.453728,-35.84738,-38.522243,-42.261257,-44.218117,-46.492424,-49.84233,-47.401733,-47.739372,-54.256,-53.384228,-58.532223,-58.800182,-59.744953,-59.626846,-60.75447,-60.968674,-61.454834,-61.49777,-59.883354,-62.45275
2976,False,-26.650265,-30.876122,-32.335598,-37.16147,-32.408623,-31.958616,-33.93351,-33.73776,-37.122433,-39.975067,-44.44633,-38.97055,-39.75312,-42.020706,-43.827053,-48.47075,-48.6325,-49.617737,-48.415546,-50.252884,-53.326263,-56.256477,-57.45077,-57.948643,-60.677612,-59.534607,-58.154984,-60.14889,-62.136684,-63.23337,-61.973705,-61.748337
3008,False,-31.405922,-26.102451,-34.29704,-38.21236,-33.88427,-34.44576,-37.577255,-39.434464,-40.204617,-41.369663,-45.17084,-32.607533,-35.666462,-45.703873,-44.3963,-47.260124,-46.151432,-52.353252,-53.268974,-53.497833,-56.838486,-54.1285,-56.8747,-58.381954,-59.76501,-60.18516,-58.0061,-61.528088,-63.132206,-61.62569,-61.171947,-61.625908
3040,False,-29.773735,-29.351854,-36.68201,-38.449368,-34.360016,-30.256622,-29.490892,-29.044798,-38.486374,-42.363777,-44.656586,-33.47834,-38.141785,-41.947197,-42.286186,-48.65881,-47.339024,-49.568707,-49.64028,-49.72469,-54.72109,-55.60486,-58.150784,-57.469597,-60.427727,-60.32998,-58.86051,-60.62191,-62.399345,-62.742786,-62.874092,-62.37154
3072,False,-28.015495,-27.769642,-34.798134,-38.699036,-33.449036,-31.162819,-27.943806,-26.463833,-38.57541,-41.96115,-43.374252,-35.589157,-36.53629,-46.36015,-45.953583,-47.17463,-48.6397,-49.842667,-48.597622,-49.671932,-55.311134,-54.19095,-59.014206,-61.831825,-61.37001,-61.36736,-59.106144,-60.586197,-61.85977,-61.140068,-59.915405,-61.8415
3104,False,-29.22117,-30.272175,-31.815952,-37.73461,-35.00746,-36.953426,-32.479435,-31.591585,-38.32066,-41.44871,-46.930485,-32.53416,-36.870705,-42.44123,-44.40704,-44.627434,-45.0309,-49.317818,-50.02722,-50.18494,-53.851974,-52.69573,-55.075153,-57.779846,-59.59127,-56.78347,-58.01332,-60.489243,-61.543728,-61.15932,-60.113865,-61.54734
3136,False,-29.472355,-34.16092,-35.07737,-36.1587,-36.009785,-38.354343,-35.511444,-36.51582,-39.80452,-40.599968,-45.228806,-25.870586,-31.237967,-43.072617,-45.359573,-47.802917,-48.503525,-51.91019,-49.531345,-50.71087,-52.782,-52.650116,-60.03894,-59.32965,-58.309937,-58.3789,-57.962326,-61.56483,-61.531517,-61.491356,-58.656685,-61.232685
3168,False,-31.055569,-28.992477,-35.278732,-37.176582,-36.783707,-33.658493,-29.536917,-28.637413,-38.040146,-42.576378,-41.617413,-27.921446,-33.868576,-47.673897,-50.320717,-47.85017,-47.37978,-51.874428,-48.850956,-48.0657,-54.97437,-57.216316,-56.988102,-58.526882,-58.192295,-58.650215,-58.601746,-59.351723,-62.478745,-62.2025,-59.880104,-60.735374
3200,False,-28.802698,-30.20998,-34.546246,-37.365143,-34.471817,-31.889927,-31.226162,-30.146664,-35.95506,-39.661545,-45.753063,-29.676504,-34.023888,-46.619408,-46.906685,-49.10901,-48.07464,-49.32365,-48.364376,-50.586174,-54.90956,-54.78595,-59.445946,-61.543304,-59.117527,-58.262028,-59.915596,-60.36305,-62.483124,-60.678345,-60.680588,-61.192078
3232,False,-30.655737,-29.33777,-34.09514,-36.44126,-32.854492,-35.06173,-33.936054,-32.156483,-36.04138,-38.515965,-43.11199,-33.079887,-37.378048,-48.330452,-47.720474,-47.478706,-46.440887,-48.06932,-43.557873,-43.412533,-54.789192,-54.486485,-60.592323,-59.63085,-59.460594,-59.637146,-56.757767,-59.34505,-61.195774,-61.026894,-60.090073,-63.817596
3264,False,-31.593842,-30.053595,-32.43648,-35.40744,-34.058945,-35.303055,-36.867805,-36.017048,-38.438778,-41.58474,-43.93342,-29.967926,-35.197556,-44.5265,-46.821175,-49.387047,-48.45657,-48.953163,-45.920395,-47.8012,-54.08223,-54.112953,-58.36378,-60.20596,-61.777264,-60.279213,-57.3005,-58.385925,-60.31807,-60.49951,-60.802532,-62.633896
3296,False,-29.39835,-26.31524,-30.171587,-36.327415,-33.462673,-34.36037,-34.772797,-35.850338,-38.893696,-39.300655,-44.141182,-32.66602,-35.70062,-45.70648,-46.54521,-47.360996,-47.026024,-50.445282,-50.4006,-52.741608,-54.21291,-54.498386,-57.595463,-57.609447,-59.768715,-58.637543,-58.122765,-60.030243,-61.988853,-61.959457,-60.541782,-61.497036
3328,False,-28.702034,-26.66336,-34.752632,-37.122887,-35.41333,-32.877533,-31.972729,-30.766851,-39.800026,-40.078083,-45.120235,-31.446182,-35.656994,-45.363407,-45.993378,-49.10551,-48.864902,-49.43753,-48.979614,-52.097225,-55.156513,-57.209618,-59.597687,-60.7322,-59.819717,-60.22743,-60.11051,-60.683403,-60.97456,-60.708023,-60.422745,-62.533875
3360,False,-29.402943,-31.425695,-33.769714,-38.133034,-33.643127,-34.574802,-34.925335,-32.8972,-38.676315,-37.269455,-41.454918,-30.547482,-36.725586,-45.840305,-45.45532,-46.35153,-45.97258,-51.504463,-47.496605,-50.46863,-55.30314,-55.005447,-57.14424,-57.435448,-57.550316,-60.040802,-58.737415,-60.727135,-59.883022,-60.867706,-59.992516,-60.555893
3392,False,-31.207745,-28.763342,-35.282482,-38.535988,-35.263893,-36.079697,-38.59339,-37.815983,-40.399548,-41.476402,-45.837708,-31.468838,-36.88576,-43.452816,-45.059555,-46.297417,-46.242657,-48.98672,-45.218513,-45.602043,-55.562294,-55.346104,-57.663998,-59.619045,-60.506054,-59.59581,-58.61406,-60.448154,-60.53218,-61.071686,-59.89742,-61.377354
3424,False,-28.521652,-30.733635,-30.656929,-23.6069,-26.990402,-28.669012,-24.460228,-21.338005,-27.441435,-33.31472,-27.200605,-23.310463,-23.863466,-22.23588,-23.023932,-19.377384,-22.181246,-25.067408,-29.216993,-34.94394,-29.65298,-28.998615,-27.872791,-30.708115,-27.322056,-25.482006,-29.126823,-24.305157,-18.366695,-18.203758,-23.452637,-24.296515
3456,False,-34.425125,-30.351202,-32.148342,-26.907753,-31.461655,-28.34644,-32.510334,-27.333138,-33.157753,-39.350708,-33.60838,-29.483377,-31.06546,-31.368353,-34.008972,-30.11955,-34.085556,-39.622807,-36.864426,-41.234737,-41.731728,-38.404114,-41.201714,-43.59748,-38.719555,-36.695522,-38.010242,-36.442467,-32.779,-33.528744,-38.099895,-40.39631
3488,False,-32.141243,-32.62899,-35.541527,-31.30891,-31.233236,-37.042656,-37.898678,-30.216406,-32.626057,-37.278915,-41.637856,-28.689806,-33.565002,-36.05104,-40.032967,-39.250225,-42.260036,-44.487377,-43.281624,-46.3048,-45.503517,-43.930717,-47.009636,-47.61841,-46.625572,-40.373367,-40.530563,-43.570625,-39.984467,-39.758503,-45.727295,-48.123337
3520,False,-36.194992,-30.236395,-35.181824,-36.168457,-30.583181,-32.876442,-31.97899,-30.726318,-32.45746,-34.382576,-41.315903,-26.313189,-32.087624,-41.453133,-41.364098,-39.84101,-43.182396,-47.2614,-47.75955,-47.72392,-48.36113,-45.763817,-49.046684,-51.09007,-48.95104,-46.748978,-46.11078,-45.46719,-42.605,-43.111343,-48.49613,-51.22425
3552,False,-30.388508,-28.917583,-36.2019,-40.24771,-32.95734,-30.211554,-30.667957,-29.33915,-36.813156,-38.120686,-43.504128,-29.549797,-34.4597,-44.4533,-47.067753,-43.6062,-45.262814,-47.20322,-45.739574,-47.766514,-49.646854,-48.753628,-54.918587,-54.729507,-53.158325,-49.68271,-50.3646,-48.00249,-46.9774,-46.56624,-53.980556,-55.568497
3584,False,-28.05537,-29.27813,-34.785492,-37.829945,-31.919859,-36.53845,-32.253563,-30.800001,-38.20742,-38.73201,-39.195076,-33.554764,-35.407486,-40.162292,-42.69407,-44.34414,-45.043976,-49.31581,-45.065804,-47.791992,-51.776676,-53.056026,-55.115467,-56.331745,-53.5902,-52.42894,-53.494053,-53.26771,-50.41677,-52.32148,-57.636543,-59.089546
3616,False,-28.224833,-26.08783,-34.4987,-36.668507,-32.24391,-34.56963,-35.025143,-32.522274,-37.25193,-38.2227,-42.694683,-31.041603,-35.16018,-42.834694,-44.178085,-46.935402,-45.22305,-47.51844,-45.803062,-48.07286,-53.774143,-53.255917,-56.578846,-55.59258,-55.404987,-54.247932,-54.31012,-56.672207,-53.679432,-56.44186,-58.788544,-60.50741
3648,False,-29.625694,-25.104141,-30.885242,-37.94309,-32.803238,-33.113716,-33.293736,-31.259895,-35.10663,-39.134247,-43.23564,-31.000433,-34.753532,-45.203056,-45.623466,-44.068237,-45.665794,-48.092377,-45.250286,-45.49788,-52.478024,-50.777824,-57.085323,-57.715473,-58.829,-55.840797,-56.95504,-58.171806,-58.48839,-58.31356,-59.710854,-61.5895
3680,False,-27.402544,-26.770027,-36.611183,-39.771492,-34.242958,-37.414204,-30.14286,-29.628357,-38.295055,-38.442654,-42.986595,-29.833658,-34.3833,-46.25849,-48.424915,-43.64299,-44.971893,-50.29843,-47.399696,-47.468796,-53.85872,-53.05586,-57.18582,-58.43524,-59.03936,-57.44411,-57.513313,-60.485706,-60.095753,-60.339775,-59.89624,-60.349308
3712,False,-30.576994,-31.695591,-35.35669,-38.260452,-32.067486,-35.155926,-32.633778,-31.61742,-37.145596,-38.230103,-42.710514,-23.176792,-29.144152,-42.233917,-44.60606,-44.18756,-43.687134,-50.46746,-48.571373,-48.63564,-56.618332,-55.200264,-57.62125,-58.934765,-57.31913,-59.1297,-57.214058,-59.34719,-62.204704,-61.006844,-60.839943,-61.696404
3744,False,-32.812817,-33.113632,-36.490196,-42.467922,-36.195557,-34.860603,-36.202625,-36.899086,-38.367195,-40.04816,-43.075836,-23.786165,-29.287645,-45.536293,-46.413082,-47.970848,-46.960556,-47.52081,-49.01888,-51.197105,-56.534534,-56.877594,-58.55675,-58.717606,-57.39814,-60.09501,-58.805183,-59.07455,-60.418007,-62.13493,-61.627983,-62.34985
3776,False,-30.044641,-30.9562,-35.49111,-35.089386,-32.7026,-36.055435,-34.11106,-34.881626,-35.008812,-35.95893,-42.272564,-25.455084,-30.90307,-43.66396,-44.45368,-47.9543,-46.79576,-46.798138,-46.774372,-48.18029,-53.734966,-54.537514,-56.69929,-57.832077,-58.148155,-59.811913,-58.18861,-59.239597,-61.00018,-61.710056,-61.553417,-61.43068
3808,False,-29.248138,-28.866035,-34.011486,-40.747856,-32.63524,-33.70056,-31.100416,-30.40107,-38.783882,-42.084076,-42.836224,-23.744595,-29.79782,-43.659866,-46.033943,-47.964615,-46.482433,-49.43976,-45.257446,-45.881634,-51.88616,-52.57435,-59.06707,-59.110306,-60.52021,-60.05158,-56.01545,-59.57327,-61.772915,-60.99365,-61.11494,-62.515087
3840,False,-27.830627,-32.046234,-30.773361,-34.348976,-32.917034,-37.034256,-33.175014,-31.489346,-36.382732,-37.282913,-41.472057,-24.381065,-29.704714,-43.217903,-46.759895,-47.889786,-48.8779,-50.15993,-44.929966,-45.640877,-54.906635,-56.089252,-58.996468,-59.4069,-58.248524,-57.90236,-59.05053,-58.164,-60.111713,-60.39785,-59.63456,-61.316383
3872,False,-30.159971,-28.127764,-34.78889,-40.76727,-30.350626,-30.982159,-34.420094,-33.364967,-35.755146,-39.46517,-42.17352,-30.308094,-33.83986,-42.169666,-43.944893,-46.396297,-46.354923,-48.854973,-48.31058,-51.40232,-56.290974,-57.27755,-57.45855,-56.24792,-59.114334,-59.382244,-57.722176,-59.694458,-60.20628,-60.38244,-60.06016,-63.91503
3904,False,-27.55788,-24.217852,-30.17492,-33.666206,-32.167614,-35.911266,-32.698902,-31.076847,-37.22176,-40.67911,-43.97896,-33.552357,-37.36583,-39.241226,-40.553276,-45.95467,-46.0736,-51.32683,-47.16224,-47.65457,-53.03478,-52.057175,-58.74024,-59.004284,-59.4524,-61.651596,-57.53117,-59.526115,-62.139435,-61.6724,-61.06668,-61.985268
3936,False,-29.241371,-23.056526,-29.753971,-38.147614,-36.14138,-32.560543,-31.594515,-32.511593,-38.298027,-40.48441,-43.92841,-28.833525,-34.14628,-41.807865,-42.450806,-47.563854,-48.673004,-48.679604,-47.651894,-49.039654,-53.88422,-53.220955,-58.072784,-60.038445,-57.534996,-58.223377,-56.06331,-59.7926,-61.361435,-62.29952,-60.76756,-61.718143
3968,False,-26.493687,-25.036985,-30.210411,-31.850487,-33.08314,-33.20118,-31.867907,-26.817951,-29.560524,-36.695343,-34.418724,-27.50494,-28.481674,-34.151882,-33.691364,-29.744366,-32.870213,-37.7356,-41.93473,-47.6955,-45.955215,-48.138878,-47.452065,-52.39931,-54.423756,-54.283844,-54.53444,-56.634007,-54.879387,-55.95476,-57.394493,-60.45697
4000,False,-28.962069,-26.898567,-33.37018,-29.341446,-31.497456,-27.055626,-30.494812,-26.702435,-35.302315,-39.429314,-33.55104,-29.097542,-32.958748,-34.642357,-38.969337,-33.283646,-39.58139,-44.407047,-44.37914,-48.228065,-50.829548,-48.530388,-52.63688,-55.88087,-57.800945,-57.07789,-56.446644,-57.927277,-56.939564,-59.996876,-59.85056,-61.90588
4032,False,-29.674309,-27.91031,-33.302284,-34.723633,-34.10107,-30.643429,-32.81736,-30.849506,-38.13831,-41.50148,-37.716877,-28.953068,-33.88718,-37.671066,-44.65316,-46.295235,-47.12746,-49.483852,-48.39417,-49.65487,-54.20243,-54.89865,-57.071194,-57.865166,-58.743927,-57.920795,-57.499218,-58.65448,-58.84756,-60.085464,-59.707123,-61.236134
4064,False,-29.406301,-31.20229,-31.759113,-33.3446,-31.261827,-31.943153,-35.225395,-34.493324,-39.24121,-44.154793,-40.64667,-25.22509,-30.902924,-40.732925,-41.80475,-46.496284,-47.858185,-47.521687,-47.558216,-51.661835,-53.856087,-53.688084,-57.272385,-57.777348,-59.945602,-58.167,-56.857983,-59.05684,-60.929867,-61.465015,-62.129612,-63.589676
4096,False,-29.054222,-32.179077,-34.260284,-39.124176,-32.779762,-34.15093,-38.3112,-34.202232,-37.530556,-39.90077,-41.469635,-32.298485,-36.67041,-43.122566,-46.14885,-48.423782,-50.628464,-49.580635,-48.668407,-50.935093,-53.30915,-50.630974,-56.583427,-58.77857,-57.970165,-59.934113,-59.005722,-59.63957,-60.7365,-60.44152,-60.058167,-62.9589
4128,False,-29.125149,-27.18868,-34.934155,-39.593998,-35.513485,-33.08759,-33.803135,-34.0903,-39.54987,-38.876137,-43.509605,-27.238123,-33.15062,-42.333836,-43.2423,-47.312363,-49.494102,-49.783627,-49.73391,-52.653618,-56.386963,-55.308346,-58.231018,-59.822174,-58.285683,-58.586555,-58.05175,-59.070747,-61.9663,-61.35974,-61.441673,-62.306255
4160,False,-28.613451,-26.476768,-34.30018,-35.64162,-33.189262,-37.024208,-31.679718,-30.594442,-39.96306,-40.99293,-43.66429,-25.925236,-30.794878,-45.156155,-45.2272,-48.50018,-48.305794,-51.30638,-48.05636,-49.413307,-54.58078,-53.196648,-60.17513,-61.06817,-61.13113,-59.12807,-56.335278,-59.093876,-59.717087,-62.12577,-60.99533,-62.954746
4192,False,-26.826975,-27.588219,-35.9462,-35.306995,-35.634487,-33.601326,-35.144497,-33.26036,-35.741646,-36.924236,-42.87204,-27.074787,-32.000618,-43.670166,-43.78519,-46.258263,-45.24798,-46.771614,-48.720055,-52.51042,-55.445538,-54.63497,-56.276398,-55.839138,-57.87947,-60.914886,-58.79553,-60.11863,-59.775032,-62.098812,-60.386887,-62.20985
4224,False,-30.37095,-27.955612,-35.88304,-37.750298,-34.26806,-35.201107,-34.829845,-35.144775,-37.76295,-39.507935,-42.613636,-31.03493,-36.88694,-42.47795,-44.254154,-49.02703,-48.165745,-48.525795,-49.15194,-51.59246,-53.031578,-53.493076,-58.646923,-57.25903,-59.14827,-59.638306,-57.648243,-59.949333,-60.548897,-60.484203,-59.23861,-61.452515
4256,False,-31.073702,-27.865217,-33.246967,-35.735023,-32.16274,-28.89285,-32.35853,-31.102076,-42.123753,-44.112534,-43.099483,-27.922327,-33.547348,-42.236042,-44.2218,-46.15036,-46.619987,-48.976555,-48.63312,-52.60649,-53.46247,-56.234623,-58.070637,-57.840828,-59.289288,-59.553787,-58.343334,-59.297905,-61.56192,-62.07855,-60.81398,-60.966545
4288,False,-27.528889,-24.512177,-33.359913,-38.065178,-35.027256,-32.099243,-32.422104,-31.457989,-37.38285,-38.539482,-39.43216,-27.233755,-32.332348,-41.700825,-43.3215,-48.498264,-47.98348,-49.200405,-49.674652,-51.310295,-53.77243,-53.743904,-57.1518,-57.22206,-58.48517,-58.62797,-56.98226,-58.619667,-61.843742,-61.979454,-59.854195,-61.47898
4320,False,-33.00072,-27.275286,-35.72787,-40.488697,-35.269073,-29.79967,-33.48069,-33.470818,-39.462624,-37.85359,-41.433617,-26.424217,-31.916,-47.64555,-46.895805,-48.731117,-49.829895,-51.321484,-48.92531,-51.37527,-53.764053,-54.449467,-59.135548,-59.12369,-59.10555,-59.733273,-58.515144,-58.72,-61.161953,-61.47304,-59.181023,-61.99829
4352,False,-27.526218,-26.068623,-32.66886,-38.036316,-35.845024,-31.478317,-32.06364,-32.029716,-39.54648,-41.255867,-42.305313,-30.978256,-36.350246,-38.86641,-40.11979,-49.109535,-48.44136,-49.242397,-44.04859,-44.50237,-56.91855,-55.64848,-59.486843,-59.982014,-58.231678,-59.386993,-57.633636,-58.279327,-59.8971,-62.72017,-60.802456,-61.299244
4384,False,-31.564728,-30.942194,-36.61304,-37.74591,-33.596237,-31.188581,-32.47241,-32.2959,-40.011135,-43.48557,-43.42415,-34.40007,-40.628983,-46.73072,-48.681435,-49.370598,-51.4856,-49.586166,-44.436943,-45.445713,-57.636528,-55.96607,-59.172287,-59.658146,-59.134174,-58.546734,-58.074425,-59.28633,-60.93622,-61.25627,-59.490784,-63.436466
4416,False,-28.61865,-30.158987,-34.49584,-42.007507,-37.737686,-29.516743,-31.524986,-31.442585,-38.90913,-41.162624,-43.898346,-27.245808,-32.871964,-46.113266,-47.82165,-48.147285,-47.785538,-50.336628,-48.22265,-50.561485,-55.069557,-54.777542,-60.364677,-58.97844,-59.33114,-60.543636,-58.141907,-58.887444,-59.833557,-62.12025,-61.239666,-60.515762
4448,False,-29.288767,-26.90011,-31.689262,-36.02432,-30.396032,-26.993572,-32.647354,-37.926437,-35.67741,-39.388912,-44.500137,-24.087725,-30.028034,-46.76767,-48.02176,-49.099426,-48.050915,-50.56345,-48.86452,-50.184578,-54.66732,-54.019592,-59.107803,-59.633804,-60.48671,-59.950672,-58.96704,-60.00942,-61.932617,-59.128387,-56.97666,-60.67324
4480,False,-29.25877,-27.033234,-34.27204,-36.922585,-34.705498,-32.590202,-32.60719,-32.917545,-39.606323,-38.9939,-42.913925,-29.918825,-34.899414,-42.34034,-44.18754,-47.710876,-47.62587,-49.188095,-48.231407,-52.249775,-56.371616,-55.32591,-58.267975,-59.733894,-59.959713,-59.92372,-57.912666,-59.960022,-60.826088,-61.498608,-59.799786,-61.51979
4512,False,-24.873974,-25.542877,-29.921247,-26.216976,-30.529896,-28.762932,-24.424131,-21.857302,-27.8157,-32.515366,-29.162952,-22.069437,-23.211748,-22.521622,-23.032095,-19.992931,-22.212097,-25.436245,-31.159039,-36.793747,-30.601442,-30.708761,-29.346935,-31.60508,-28.52909,-26.733032,-30.343433,-24.613235,-18.989866,-19.937746,-24.677235,-24.20221
4544,False,-33.755974,-27.937517,-31.430664,-26.72761,-29.151829,-27.181911,-29.962921,-25.543318,-30.727531,-35.275864,-31.691444,-26.80143,-28.562906,-27.542124,-30.581818,-27.920876,-33.35496,-36.61689,-34.072937,-38.477066,-37.168297,-34.80276,-38.32222,-39.96353,-36.381676,-33.34613,-36.14234,-33.60309,-29.012491,-30.803545,-34.812916,-35.15258
4576,False,-27.88081,-28.553762,-32.36331,-29.726141,-29.313658,-25.1101,-32.068283,-31.879446,-33.225266,-38.6,-41.43451,-29.36765,-32.655952,-34.40776,-38.444553,-38.735935,-39.8362,-44.68953,-42.733337,-47.1848,-44.900745,-41.56971,-46.07885,-46.774773,-45.931297,-40.710617,-40.308914,-41.645245,-37.416473,-39.029964,-45.16352,-47.542694
4608,False,-29.240623,-30.799501,-34.68256,-34.946266,-33.996464,-28.238382,-29.78514,-30.07101,-36.521732,-39.52829,-39.864487,-31.100052,-36.34137,-41.36352,-41.788704,-40.19493,-41.878685,-45.367264,-44.57953,-46.692142,-48.449158,-44.322502,-48.209595,-49.67565,-49.338108,-44.763084,-44.70279,-45.187344,-41.766792,-43.385765,-49.195942,-51.19307
4640,False,-24.406063,-26.78015,-34.29978,-35.31652,-33.539177,-28.67543,-29.647028,-28.933561,-36.835484,-39.160084,-43.244843,-28.333338,-33.19801,-45.1978,-45.516125,-42.512657,-42.610477,-47.13581,-45.921154,-47.78461,-47.50406,-48.762405,-53.079967,-53.823757,-53.94276,-47.783314,-48.215477,-48.394337,-45.443478,-45.70021,-52.094345,-55.726364
4672,False,-28.10825,-29.37588,-33.96235,-38.247406,-36.66221,-32.93942,-33.726505,-33.118217,-40.047127,-42.94514,-45.177322,-26.029007,-31.622746,-42.156364,-43.02012,-44.325794,-45.77038,-47.549587,-47.96447,-48.926407,-51.384552,-51.00674,-55.42143,-55.439816,-53.178715,-52.843815,-52.221848,-52.10716,-48.818695,-51.6336,-56.879402,-57.983704
4704,False,-27.875504,-28.36517,-33.21147,-38.225563,-35.494926,-34.833714,-40.363792,-38.24264,-43.22189,-41.927704,-44.918182,-23.624418,-29.293407,-43.911552,-44.55425,-46.84515,-47.999302,-48.574196,-47.54477,-51.086105,-54.90864,-54.76694,-56.890987,-56.41278,-56.793095,-55.08229,-54.133102,-53.912388,-53.514763,-55.665718,-58.567818,-58.925556
4736,False,-29.765223,-31.857288,-33.21767,-36.92939,-33.92506,-36.923,-37.64175,-36.192883,-42.478233,-44.62584,-44.242004,-26.126945,-32.321255,-44.286095,-46.960632,-44.883537,-49.50699,-50.162624,-46.483696,-47.293262,-53.087917,-53.21659,-57.72075,-56.805145,-55.87023,-57.162468,-58.23919,-59.25396,-57.641106,-57.96792,-57.974068,-60.987343
4768,False,-30.340464,-27.310532,-35.710495,-39.00506,-29.607407,-28.160181,-33.30347,-36.30052,-39.665768,-40.437637,-40.369076,-32.777184,-37.203022,-44.86228,-46.42585,-47.958977,-49.466873,-49.848362,-43.514446,-44.47843,-54.113995,-53.386993,-56.77978,-58.798477,-58.60069,-58.870663,-56.077713,-56.839825,-58.40572,-59.143887,-60.99216,-61.868027
4800,False,-28.404997,-29.031403,-33.74183,-38.79502,-37.20496,-28.745165,-32.343964,-34.3018,-46.940018,-41.852516,-43.328968,-29.102907,-35.18798,-45.16949,-48.49423,-50.975197,-51.126137,-50.356407,-48.299007,-49.54044,-52.03734,-53.495556,-57.450294,-59.11788,-57.71331,-57.649952,-56.7886,-58.08484,-59.19663,-58.968033,-58.883102,-59.971703
4832,False,-28.682234,-27.205599,-33.70067,-42.342384,-34.427647,-26.408957,-30.351488,-32.391468,-41.167717,-41.095436,-43.006203,-36.600517,-39.02017,-42.20555,-42.33122,-52.25328,-49.199215,-49.400444,-46.61135,-48.81834,-52.645687,-51.72266,-57.38925,-57.689873,-57.317245,-57.353363,-56.72009,-59.129158,-60.81282,-60.162205,-59.637596,-60.87277
4864,False,-25.94693,-26.04086,-31.228697,-36.87857,-36.394035,-28.26891,-30.516232,-31.691097,-44.072475,-42.231766,-43.003853,-28.85073,-35.074764,-46.467087,-47.053772,-48.58452,-51.06691,-53.472397,-46.33417,-46.599762,-52.941822,-52.720062,-58.2313,-58.949776,-60.01076,-57.956238,-57.784405,-60.96218,-62.29179,-60.633926,-59.973625,-61.70609
4896,False,-27.148474,-24.345024,-31.387741,-40.359684,-32.304253,-30.832273,-31.455965,-30.883997,-39.657852,-41.267326,-44.279366,-31.862822,-35.174175,-44.63461,-46.854824,-52.798023,-52.75766,-51.45159,-45.429314,-45.906746,-55.726322,-54.180737,-57.054905,-58.373344,-58.089737,-60.176483,-57.90931,-60.026558,-63.068775,-60.895164,-59.01284,-61.30674
4928,False,-29.303635,-31.60223,-34.410072,-36.688457,-30.42266,-32.0617,-37.02826,-39.611626,-41.840813,-39.720997,-43.075813,-31.982578,-36.17763,-43.753582,-44.16685,-51.10062,-49.95007,-51.43547,-47.779625,-47.82276,-54.47046,-53.922234,-57.30007,-59.937523,-59.090218,-59.116932,-59.45311,-60.94735,-62.461258,-60.746113,-59.737778,-60.383522
4960,False,-31.384706,-28.946625,-35.21167,-37.15125,-30.764627,-35.06566,-33.874695,-33.424625,-38.244396,-39.56198,-42.87597,-32.780453,-36.16523,-44.743393,-45.276115,-48.738636,-48.77511,-50.512856,-50.810814,-53.103985,-55.76572,-56.734627,-59.6642,-58.629627,-58.879314,-58.229828,-59.20244,-60.23735,-59.670853,-62.410896,-60.764587,-61.342583
4992,False,-28.880222,-30.073088,-35.744846,-37.876972,-32.18225,-32.680912,-30.260065,-28.51717,-39.198414,-42.417267,-45.306175,-28.943306,-32.543938,-45.9812,-47.484573,-49.671555,-51.92072,-51.39882,-43.30461,-43.328583,-53.427483,-54.07268,-60.653778,-61.31054,-60.699142,-60.015015,-56.46263,-58.863716,-61.28084,-61.792778,-59.633247,-61.281567
5024,False,-27.326542,-31.511366,-37.834553,-39.610855,-32.98747,-28.733784,-30.286552,-30.126389,-43.483982,-40.03021,-42.097183,-26.618828,-32.028927,-44.74104,-47.37832,-48.949093,-47.22489,-50.868244,-45.286392,-45.883377,-54.647095,-52.361214,-56.030025,-55.399475,-57.720863,-59.534016,-57.077045,-59.22331,-58.842587,-60.79555,-61.19121,-63.236786
5056,False,-28.623455,-29.380943,-31.217518,-35.483475,-32.93387,-31.57344,-34.950626,-33.871265,-42.458267,-42.432247,-42.10946,-30.510712,-33.537617,-39.279396,-39.32012,-40.642166,-42.32037,-47.55322,-46.89961,-48.977013,-54.116497,-51.30468,-56.454067,-57.692223,-58.265648,-59.39642,-57.166718,-59.80533,-59.520973,-60.697433,-60.354523,-61.74419
5088,False,-27.064531,-26.17774,-31.336323,-27.890432,-26.115635,-26.724348,-27.545855,-23.433247,-29.862738,-32.84376,-28.502531,-28.032684,-27.548256,-30.841387,-32.912415,-29.028576,-33.901016,-39.134907,-40.606705,-45.957317,-44.9047,-47.806488,-47.81412,-52.663803,-53.74252,-53.916374,-55.710716,-58.741802,-53.00055,-55.761475,-58.78917,-59.623016
5120,False,-32.507843,-27.67419,-31.478998,-32.121532,-30.422863,-28.980965,-30.516193,-28.234749,-36.979633,-38.467197,-35.78145,-34.201336,-34.364082,-40.580616,-44.986893,-39.413776,-42.466335,-47.254982,-48.05168,-51.043396,-53.799206,-54.029087,-57.27493,-57.44102,-55.632416,-57.45075,-58.13006,-59.01194,-60.834026,-61.950207,-59.40596,-62.085728
5152,False,-28.49031,-28.087149,-33.538357,-33.74977,-30.105085,-31.822086,-34.695816,-32.81307,-42.945625,-44.522743,-42.151825,-35.356228,-38.375248,-41.129883,-45.2235,-47.884033,-47.86899,-51.565643,-49.24471,-49.76595,-54.25861,-55.154224,-59.481487,-56.486317,-58.48388,-58.983864,-57.551685,-59.42215,-62.206493,-61.13077,-60.479446,-62.598667
5184,False,-26.935299,-26.951763,-32.008633,-36.994457,-34.396717,-30.907467,-35.79168,-35.551674,-39.06546,-40.2405,-41.322075,-32.37513,-36.04085,-43.04245,-42.187225,-44.220734,-47.579636,-52.14425,-54.520576,-53.24054,-54.047394,-52.15413,-58.022476,-57.59365,-59.13519,-59.24919,-58.63166,-60.773163,-60.52147,-61.45088,-59.5514,-60.83506
5216,False,-27.523407,-29.126549,-33.34804,-38.523335,-36.339394,-33.806026,-32.28205,-30.593622,-38.950336,-38.56929,-44.296295,-31.769217,-36.6417,-43.535496,-43.844933,-46.761494,-47.66176,-52.985615,-50.25597,-51.51779,-54.636536,-54.37277,-56.893616,-58.762627,-59.24785,-58.580048,-59.04351,-60.127426,-60.37275,-59.45244,-58.336517,-61.291203
5248,False,-29.737823,-28.397923,-32.947445,-37.00116,-32.931118,-31.550322,-31.903591,-31.814901,-37.815228,-40.622536,-43.55786,-34.178875,-38.005386,-47.540173,-44.810265,-46.006084,-47.853127,-50.61448,-50.92011,-54.839783,-56.47516,-51.581207,-57.58677,-58.948402,-58.59948,-59.39415,-60.069004,-61.411476,-62.16305,-57.69983,-58.583817,-62.496876
5280,False,-30.254494,-27.937338,-32.48017,-36.069504,-36.608566,-31.949532,-34.835583,-36.76996,-42.42971,-41.179447,-42.438057,-28.640625,-34.667667,-43.19137,-45.928413,-49.394585,-47.399857,-51.573784,-49.47696,-50.944706,-55.93818,-52.13311,-58.366314,-58.783306,-60.31701,-60.993725,-58.90156,-59.56092,-60.91738,-55.859245,-58.08477,-59.772614
5312,False,-27.230988,-30.07429,-37.985054,-40.60639,-32.61677,-31.63446,-34.44148,-33.198658,-40.172615,-41.717,-42.794155,-27.188286,-33.3773,-44.812035,-45.757366,-48.205414,-47.250343,-52.21714,-49.32825,-50.850464,-56.27228,-55.558655,-59.602806,-57.741142,-60.833595,-61.743973,-58.666206,-58.764847,-61.97123,-60.265747,-59.62584,-62.472496
5344,False,-31.886913,-26.445292,-31.39987,-37.84963,-30.21151,-33.04555,-29.636871,-28.449438,-39.79734,-40.58405,-40.781063,-28.523998,-35.074776,-41.99955,-43.354683,-46.26835,-47.536526,-50.958862,-50.345146,-50.410446,-57.047577,-54.685272,-58.458992,-57.239403,-58.77841,-60.606552,-58.38255,-60.440422,-63.58574,-61.353394,-59.881744,-62.375046
5376,False,-26.894531,-27.371141,-32.771698,-36.968742,-32.783436,-39.20453,-32.79111,-31.162342,-38.484394,-39.757877,-41.43686,-27.72648,-34.36233,-42.783707,-46.91069,-47.251034,-48.048973,-51.763245,-48.0965,-47.921684,-52.933613,-54.2023,-58.118668,-57.702595,-59.51031,-59.679344,-57.576515,-59.138924,-61.76088,-62.158047,-60.552288,-60.344162
5408,False,-27.997324,-26.172634,-31.684572,-39.36574,-33.315617,-37.069847,-36.330215,-38.740273,-39.876408,-41.520454,-42.586708,-28.910236,-34.51182,-45.62137,-46.147934,-44.781227,-46.13312,-51.532856,-46.8991,-47.743385,-55.63742,-54.521767,-57.947746,-57.700886,-58.87665,-58.09819,-57.567474,-58.728825,-60.469097,-63.36788,-59.543213,-59.265854
5440,False,-27.952644,-29.679014,-34.090103,-36.78276,-32.30241,-36.08684,-36.275238,-34.709263,-39.087265,-41.451683,-40.976814,-26.228172,-31.930069,-47.034714,-46.856216,-47.295006,-49.601425,-51.49214,-47.453518,-47.798164,-53.682808,-52.71341,-58.007057,-58.292107,-59.037285,-58.164497,-57.53998,-60.427326,-59.77293,-60.616417,-59.376923,-59.273468
5472,False,-31.247677,-29.773481,-33.562492,-34.887012,-31.41205,-33.065197,-31.60795,-29.986631,-41.088142,-42.06334,-43.94059,-27.185604,-33.48041,-44.073944,-44.73408,-49.777992,-50.10148,-51.75469,-46.50464,-46.999077,-54.504585,-54.10987,-59.377666,-57.381664,-58.470192,-58.444626,-58.48681,-58.285316,-58.785088,-61.318287,-59.080605,-60.701874
5504,False,-35.118073,-32.992847,-34.58919,-36.965363,-32.12295,-31.20197,-32.51785,-32.563698,-40.51454,-40.50554,-43.91539,-32.106983,-36.122185,-47.82372,-48.52037,-45.580788,-46.30665,-50.300488,-47.286583,-47.36864,-53.127197,-54.788307,-57.782494,-59.202286,-56.985687,-56.967503,-58.729244,-58.109177,-59.683308,-61.029915,-58.498627,-60.07505
5536,False,-31.924568,-35.900066,-37.23972,-37.87989,-31.627777,-27.82407,-33.59982,-37.34517,-37.721684,-41.204285,-44.72555,-29.698889,-34.321068,-46.407337,-47.905266,-43.18646,-44.4508,-52.44658,-50.737823,-52.207256,-54.242622,-53.116856,-57.493355,-57.742428,-59.09044,-59.647488,-58.574554,-59.63482,-60.415436,-61.158527,-58.84736,-61.57663
5568,False,-32.63246,-29.682798,-34.692154,-36.933758,-32.507446,-26.350977,-31.666965,-37.220924,-35.922493,-38.79745,-48.003197,-37.149803,-41.042786,-40.100883,-42.907074,-50.11452,-49.724495,-48.702053,-46.924404,-51.25,-53.492867,-54.683212,-57.458748,-58.28128,-59.54004,-59.381653,-57.85093,-58.481133,-59.200363,-61.334526,-60.062798,-62.479607
5600,False,-29.31696,-28.200272,-32.889206,-36.864975,-31.772593,-27.085701,-30.545855,-31.44503,-35.5913,-38.393875,-39.05731,-30.748175,-37.401203,-41.518127,-42.50222,-52.180866,-49.55944,-48.337997,-48.36579,-50.14852,-53.988304,-53.16492,-56.160843,-60.200157,-59.89078,-58.1506,-58.001,-58.329357,-61.60908,-61.87921,-60.777916,-61.950195
5632,False,-28.174423,-27.595015,-29.185822,-24.315369,-24.638515,-25.463478,-24.215527,-21.736269,-26.219765,-33.334766,-27.106962,-20.031593,-22.623596,-21.640621,-22.40089,-19.021711,-21.786858,-24.621159,-28.632015,-34.869213,-29.510883,-29.358639,-28.011765,-30.659521,-27.076565,-25.24286,-28.499842,-24.455965,-17.745007,-17.932474,-23.542719,-26.926369
5664,False,-31.538136,-31.427965,-33.524292,-27.101088,-27.84588,-30.04071,-33.191788,-27.61338,-33.891228,-40.58762,-32.335323,-27.953909,-30.561031,-30.852604,-33.44476,-30.12883,-34.45992,-39.08277,-36.85234,-41.908836,-41.247124,-38.93949,-41.316906,-43.879875,-38.900314,-36.54566,-37.58316,-36.156185,-32.137955,-33.111275,-37.8786,-41.570328
5696,False,-26.369822,-27.536255,-32.282173,-33.29986,-31.032722,-29.717665,-32.565617,-29.685253,-35.95798,-40.963894,-40.64253,-37.971313,-39.34731,-34.751633,-40.266415,-39.961136,-41.171535,-46.406826,-43.160828,-45.14553,-45.47417,-43.705544,-47.108017,-47.468647,-46.87096,-40.49889,-40.37582,-43.855217,-38.864788,-39.29303,-46.266434,-47.6481
5728,False,-29.49981,-29.520267,-31.636894,-31.982115,-33.159664,-33.143505,-30.768097,-28.551693,-39.37596,-39.94063,-41.51085,-36.707626,-41.131027,-42.951244,-43.057503,-41.82019,-44.539078,-45.626404,-45.652763,-48.01855,-48.258713,-44.766006,-48.412632,-49.752483,-47.06369,-45.1565,-45.897465,-45.793797,-42.19815,-42.911057,-48.709816,-51.72181
5760,False,-26.865498,-27.610832,-36.19632,-34.435783,-31.763195,-33.50997,-35.183887,-35.120964,-41.41976,-40.009796,-39.988583,-28.716793,-32.747334,-46.08082,-47.12624,-47.0933,-47.371666,-46.672684,-43.693577,-47.06892,-48.254337,-47.32586,-52.689438,-52.850456,-52.298473,-49.995464,-49.508263,-47.15437,-46.182777,-46.883698,-53.790955,-55.363937
5792,False,-27.943798,-32.26739,-35.276016,-37.07333,-32.668922,-31.053007,-34.34836,-35.342175,-40.421772,-42.361874,-44.42916,-27.97501,-33.48125,-42.483692,-44.828957,-47.248245,-46.26767,-49.341095,-46.460606,-49.69993,-53.701725,-53.252304,-56.403103,-55.042416,-54.268555,-54.212498,-54.68075,-52.9071,-50.804054,-53.581867,-57.91836,-58.43611
5824,False,-25.769245,-26.030624,-32.571014,-38.23943,-32.54082,-30.945362,-31.683273,-30.729036,-41.00618,-44.505875,-43.544487,-28.942097,-33.85847,-44.148388,-44.906044,-47.1777,-49.61817,-50.171238,-46.76476,-48.966026,-53.845688,-53.218006,-57.36408,-57.895714,-56.276665,-54.667458,-55.33382,-57.47847,-54.46819,-55.93377,-57.873478,-61.580627
5856,False,-30.161116,-31.06493,-37.52912,-41.77005,-32.200825,-28.965057,-30.057957,-29.914873,-43.396294,-40.5167,-42.045967,-29.471298,-35.032063,-44.035263,-45.58308,-45.2527,-47.05123,-49.358517,-49.45814,-51.147675,-54.804893,-55.824852,-56.660095,-56.543556,-57.715054,-59.363174,-56.696564,-59.874832,-58.340965,-57.476547,-58.12612,-60.565903
5888,False,-28.264946,-31.017168,-34.85016,-38.129868,-32.491207,-28.155323,-33.16396,-35.813614,-42.98857,-48.433575,-45.211906,-26.567291,-32.283985,-44.12718,-43.549744,-45.70031,-47.472782,-50.201725,-47.775043,-50.120766,-54.280403,-54.48254,-58.20503,-58.033325,-57.005497,-58.565933,-56.952175,-58.718163,-58.758636,-59.891174,-59.272102,-61.614857
5920,False,-25.023884,-25.854477,-37.8903,-36.72126,-35.099743,-27.158775,-32.346016,-41.095398,-38.76876,-38.75274,-42.54154,-27.801296,-33.794376,-46.002098,-46.618874,-48.111683,-49.240242,-50.126633,-47.429558,-51.024643,-54.73223,-56.69045,-57.6873,-58.59184,-59.4458,-59.10269,-57.33055,-59.090286,-60.814667,-61.721695,-60.336628,-60.88452
5952,False,-29.676075,-28.066174,-34.915447,-38.7168,-33.668667,-25.20634,-30.251982,-33.24147,-39.044014,-38.64789,-41.882973,-34.106056,-36.526188,-45.98261,-46.10872,-49.605732,-50.205196,-50.45853,-44.5439,-45.384315,-54.653095,-52.97941,-57.378155,-58.58379,-59.726967,-61.11696,-60.073105,-61.36604,-59.828587,-62.082653,-60.493446,-61.98872
5984,False,-31.59667,-28.722202,-33.363377,-37.8654,-32.79034,-24.367622,-30.18565,-33.72758,-36.101128,-39.044743,-43.1123,-29.710728,-34.44216,-45.765617,-46.94137,-48.35713,-49.015255,-51.84971,-43.48205,-43.861244,-55.425385,-54.344334,-57.200134,-57.37354,-57.385906,-57.40101,-56.488632,-56.987747,-60.47665,-60.194477,-58.96483,-61.52
6016,False,-26.442654,-27.683935,-35.77709,-35.396263,-33.803318,-26.600914,-30.674595,-32.77964,-39.338524,-41.923786,-43.065475,-34.64231,-40.322308,-44.622467,-44.161293,-48.212185,-47.85906,-50.47357,-49.211617,-49.747803,-54.145447,-54.674683,-57.42237,-58.522667,-57.406937,-58.53128,-56.16455,-59.67175,-60.198868,-60.093445,-59.58123,-61.431435
6048,False,-29.839958,-30.745314,-36.13274,-36.81757,-32.578598,-29.939964,-34.351562,-35.653603,-38.90993,-39.229095,-41.965786,-34.602226,-38.967236,-42.046555,-43.290535,-46.48935,-47.765144,-49.740902,-49.788643,-53.222164,-54.65471,-52.562866,-56.16054,-56.655575,-60.223545,-60.469624,-57.594307,-56.726624,-61.622505,-62.62242,-60.161858,-60.685005
6080,False,-30.936563,-27.67857,-32.100254,-36.354263,-39.016277,-31.499699,-32.08055,-30.87928,-39.947186,-39.023037,-42.15813,-28.643177,-35.02071,-42.68873,-45.45744,-47.20002,-48.285416,-50.912994,-46.68043,-49.40152,-52.840466,-53.739098,-57.593838,-58.25725,-57.278496,-57.236,-57.977592,-59.85146,-62.68128,-63.69894,-61.38755,-60.132195
6112,False,-25.672552,-24.84147,-31.143005,-35.476147,-35.205444,-27.97667,-31.924229,-34.49443,-41.5169,-40.262447,-43.635284,-34.10104,-38.89916,-43.63746,-44.29212,-46.931652,-48.041122,-49.401154,-46.73802,-49.38608,-54.270615,-54.647438,-57.92344,-58.720406,-58.863277,-57.647823,-58.06126,-59.286575,-59.59551,-60.229652,-58.74437,-61.47477
6144,False,-28.299072,-27.394457,-31.17743,-36.172222,-34.74679,-25.450277,-31.741783,-36.316124,-38.54323,-40.333664,-40.25981,-32.194355,-37.318386,-41.08711,-41.915764,-41.9706,-43.398632,-47.04777,-47.373867,-48.01136,-51.50363,-53.55987,-56.682632,-56.640514,-58.070732,-60.073055,-57.281387,-59.07909,-62.049454,-61.492126,-59.962734,-62.92954
6176,False,-32.54872,-28.21672,-31.314144,-28.24091,-30.017475,-24.8462,-28.86137,-23.577642,-28.50189,-33.11355,-28.567852,-25.85712,-26.62442,-30.722544,-32.921547,-28.905586,-33.224197,-38.698845,-39.07918,-44.88044,-45.2025,-45.178562,-47.74429,-50.130272,-53.165356,-55.41744,-57.15901,-58.38123,-54.834866,-57.455048,-58.31749,-58.31764
6208,False,-28.470594,-28.623888,-33.773407,-29.995996,-28.753052,-24.345783,-29.52096,-29.087063,-34.459797,-38.418644,-38.67791,-30.735813,-34.799236,-38.795418,-42.36385,-39.77549,-44.27565,-48.387222,-47.135666,-50.130775,-54.244198,-52.772354,-57.243904,-59.209015,-58.62888,-59.314228,-56.965977,-59.1271,-60.663406,-61.406902,-59.21255,-61.8232
6240,False,-31.155254,-31.872025,-39.113476,-37.62873,-31.71341,-25.191643,-31.076088,-31.915312,-36.516907,-40.405083,-40.862446,-33.11975,-37.95031,-40.864357,-45.789265,-45.19453,-47.164845,-49.728397,-46.57692,-47.748753,-54.366207,-54.306976,-57.855255,-58.61506,-59.825672,-58.26129,-57.17092,-59.47172,-60.032154,-62.34448,-59.68582,-60.87688
6272,False,-29.983957,-32.07669,-35.015644,-35.532513,-35.509285,-28.029503,-31.392973,-33.74294,-40.452164,-39.324463,-41.62644,-30.15599,-36.06772,-44.867622,-46.773376,-43.33637,-43.968567,-48.524433,-47.834854,-51.570667,-56.99231,-55.36479,-58.135384,-60.418083,-59.814915,-57.662983,-56.90109,-59.259605,-60.86039,-61.717968,-59.70077,-61.61164
6304,False,-27.129938,-28.380487,-33.688007,-37.161556,-35.7642,-27.933323,-30.444262,-30.160358,-37.85288,-40.647373,-41.30892,-30.50592,-35.835857,-45.515102,-47.770287,-49.074135,-49.99321,-49.848564,-48.460938,-50.68327,-55.579685,-53.57361,-57.08838,-56.60869,-59.114418,-58.323853,-57.720627,-57.5868,-60.058956,-62.244354,-60.608795,-61.53125
6336,False,-31.452028,-34.63493,-37.23657,-37.815205,-30.822792,-27.378683,-29.828697,-30.441372,-37.98146,-40.5614,-41.834736,-24.98518,-31.666538,-45.723022,-46.162487,-45.147087,-47.05666,-50.15572,-44.92214,-45.48741,-55.68638,-55.305527,-58.576714,-57.934685,-58.063057,-57.715897,-58.19606,-58.03352,-62.372814,-61.19745,-57.712906,-58.738552
6368,False,-32.983414,-31.236246,-36.184887,-39.508945,-33.164097,-28.460411,-30.161226,-29.369625,-39.311024,-42.08869,-42.341694,-30.021873,-34.39885,-41.93979,-47.923378,-49.497505,-50.244568,-51.82684,-46.53347,-47.156548,-54.64802,-53.85883,-59.036613,-58.53858,-60.781826,-58.162247,-59.995987,-59.460304,-61.80633,-62.499565,-61.20247,-62.112877
6400,False,-29.237309,-31.10017,-35.23086,-37.596737,-34.477364,-29.147768,-32.51496,-34.41097,-38.812977,-38.945145,-42.929226,-36.831303,-39.616016,-43.34604,-44.85682,-50.340652,-47.821434,-50.546642,-44.780197,-45.322067,-56.23676,-53.212646,-59.61696,-57.439846,-59.875237,-62.01468,-58.39292,-58.6222,-61.287094,-61.84078,-61.126694,-60.943947
6432,False,-26.733147,-25.645882,-34.62832,-36.117447,-35.35109,-30.583836,-34.145397,-34.687412,-43.850296,-47.200695,-43.125053,-32.682095,-37.47785,-41.715714,-44.79486,-47.85147,-47.99835,-50.603798,-46.647587,-47.856045,-54.55361,-54.433865,-57.385105,-57.66194,-59.035545,-58.82381,-60.9224,-60.38918,-60.180393,-60.43363,-58.208588,-62.10857
6464,False,-27.69968,-26.39206,-33.690563,-37.731514,-40.31189,-29.254944,-31.349869,-30.215843,-40.260788,-43.878952,-47.509727,-37.94018,-38.79646,-43.649403,-45.119072,-46.067047,-49.83528,-50.122868,-47.097427,-48.68166,-56.96011,-53.528366,-58.374443,-56.987083,-58.40378,-58.63864,-59.01023,-59.593422,-59.680687,-62.19393,-61.32545,-60.374344
6496,False,-30.18607,-29.285896,-37.0278,-38.466576,-34.762737,-29.834843,-34.440434,-34.681442,-41.353584,-44.184357,-46.700714,-36.551678,-36.965034,-45.29373,-46.685772,-50.10956,-47.973713,-48.188366,-48.18104,-51.58219,-52.88305,-52.65595,-56.931793,-58.45208,-58.63698,-60.63732,-58.896065,-58.635044,-61.50208,-61.716465,-59.29902,-60.00393
6528,False,-28.11738,-27.37764,-38.076405,-38.105736,-33.557114,-34.885994,-35.587646,-35.11098,-40.187706,-37.596382,-42.467045,-34.558228,-37.67598,-44.926697,-45.590836,-50.720543,-50.297203,-50.99895,-46.68327,-49.123512,-53.70102,-54.122692,-57.78742,-57.523914,-58.970406,-58.659397,-59.17946,-61.351696,-61.216568,-60.63171,-57.558308,-61.37627
6560,False,-30.000648,-30.038813,-32.416637,-36.42034,-32.1236,-30.956688,-32.708107,-33.177402,-38.74093,-42.093002,-45.128983,-31.548008,-36.840164,-44.59537,-45.11517,-47.493702,-47.33374,-52.122063,-47.909042,-48.975815,-56.30005,-53.716164,-59.352043,-60.143883,-60.463043,-60.56269,-58.820435,-60.199333,-61.396416,-62.084183,-60.60428,-62.191128
6592,False,-28.713408,-29.006098,-34.824055,-32.398983,-34.483955,-31.109955,-34.054226,-34.084427,-35.807137,-37.79889,-41.764618,-29.167444,-33.874504,-47.1318,-47.07262,-46.637573,-47.514477,-49.647484,-48.09349,-50.230377,-54.566418,-51.601326,-58.928513,-58.507328,-57.289413,-59.74881,-59.221233,-61.18715,-60.36866,-62.292755,-61.032974,-61.953777
6624,False,-31.41118,-35.365417,-35.013546,-35.883945,-33.967133,-31.398659,-34.259243,-34.61327,-41.110466,-43.35707,-46.703625,-28.061054,-34.009865,-44.87566,-46.183926,-46.377655,-46.38519,-49.12848,-49.901253,-53.395546,-56.64103,-56.976818,-58.114326,-58.929173,-57.286278,-60.198463,-58.675938,-60.814915,-61.49871,-60.92479,-60.644775,-63.007263
6656,False,-29.5352,-34.16503,-36.71151,-43.304882,-39.11715,-28.494131,-33.35703,-34.65583,-42.073174,-44.835735,-40.95471,-26.38133,-32.123962,-43.99785,-46.111187,-44.72134,-45.439873,-49.50981,-44.774952,-46.271534,-56.53322,-55.660057,-58.08455,-59.722633,-61.76634,-59.934387,-58.563118,-60.85882,-62.265316,-62.374916,-61.946682,-62.074757
6688,False,-29.502985,-30.643656,-37.926174,-40.81069,-31.586649,-28.860432,-30.068419,-29.575485,-38.480495,-38.31364,-39.346508,-32.56473,-37.640427,-45.247963,-47.871037,-47.264328,-47.78846,-50.112244,-47.468422,-48.637203,-55.029694,-55.538383,-58.403896,-58.04323,-58.245804,-58.563683,-57.881256,-58.45358,-59.764595,-61.52413,-59.821747,-61.585293
6720,False,-28.152334,-27.640938,-32.768333,-35.772327,-30.647375,-33.0282,-30.590508,-30.891531,-37.048973,-39.81031,-39.057922,-32.780365,-32.88214,-33.02079,-33.260235,-30.54,-32.406067,-36.31333,-41.560116,-46.00916,-43.10827,-42.649445,-41.17031,-44.550613,-40.28466,-38.90397,-41.769302,-37.056602,-30.850147,-30.534817,-36.83864,-38.089355
6752,False,-28.55819,-30.604061,-32.65268,-23.731625,-26.15854,-24.851604,-26.53245,-23.00728,-28.041542,-34.9441,-26.811554,-21.821945,-25.290535,-22.221245,-24.124958,-20.902147,-24.531487,-27.253036,-29.708382,-34.599987,-30.183123,-28.952927,-29.000538,-31.612818,-28.166965,-25.59909,-29.60151,-26.671972,-20.14119,-20.248985,-25.073395,-26.657372
6784,False,-29.87958,-34.184433,-33.87433,-29.696522,-31.58141,-32.494926,-34.743275,-28.96349,-32.281204,-37.82543,-38.876755,-23.939629,-28.625664,-33.13497,-36.45723,-33.590675,-35.741795,-41.17347,-39.827652,-46.22374,-45.228046,-41.113224,-45.07803,-46.53229,-41.600803,-38.590717,-38.058437,-38.568798,-35.225754,-36.03239,-41.91296,-44.56497
6816,False,-29.934223,-36.420464,-31.967466,-32.48081,-29.769608,-31.831032,-32.379967,-29.16625,-36.555122,-41.30611,-39.474506,-35.67878,-39.223957,-38.29788,-41.264957,-39.941223,-41.10405,-43.27437,-43.85214,-47.27264,-47.651352,-45.04166,-48.088722,-48.98076,-48.35201,-41.544327,-41.054993,-44.496845,-40.243473,-40.65992,-46.03006,-48.433144
6848,False,-31.148073,-30.777872,-32.168255,-34.964043,-33.698174,-28.821415,-31.538164,-31.243042,-39.17662,-45.440388,-41.93901,-32.391827,-38.29785,-41.655083,-43.019493,-42.103447,-44.647236,-46.294983,-44.692482,-46.698376,-47.223896,-46.732117,-50.12139,-51.803635,-49.359047,-46.109276,-46.291508,-47.782475,-44.16947,-44.617905,-49.95966,-53.47802
6880,False,-35.300163,-30.408203,-35.792854,-38.751442,-31.272617,-31.001484,-34.475792,-34.734016,-41.351967,-42.892975,-43.24904,-35.427277,-37.953094,-42.6862,-46.247517,-45.207863,-45.287895,-48.206055,-45.782314,-48.72293,-51.036526,-48.071857,-52.764503,-54.14596,-53.934914,-51.14683,-50.818657,-49.443546,-47.277256,-49.273792,-56.379944,-56.267662
6912,False,-28.643494,-28.44297,-34.819847,-40.198334,-34.645813,-34.091225,-37.125412,-36.72504,-38.132385,-38.76326,-42.263084,-33.751316,-38.56033,-45.357822,-44.93965,-46.06873,-48.641502,-48.087193,-44.419823,-48.797947,-51.475212,-51.51859,-54.137115,-55.105637,-56.15188,-53.308315,-51.979713,-54.73198,-53.406113,-55.05162,-57.555473,-58.581753
6944,False,-29.746294,-31.327206,-31.883389,-34.367126,-35.80048,-31.453592,-31.224884,-30.090487,-41.016396,-43.576046,-42.89883,-24.587818,-30.94875,-40.59381,-42.84793,-46.486668,-46.82914,-47.751793,-43.90024,-44.96593,-54.582005,-54.61897,-57.243042,-56.220837,-55.469265,-55.39553,-55.177788,-56.990204,-56.419292,-58.055084,-59.020058,-62.219345
6976,False,-32.019455,-28.203888,-34.827255,-37.64424,-33.117157,-30.551327,-30.431946,-29.085844,-40.315697,-45.2903,-42.126354,-33.628986,-40.512123,-43.27968,-45.83979,-48.921757,-48.844276,-49.48038,-48.6718,-51.903305,-55.105587,-54.190296,-57.818565,-57.44169,-59.94059,-57.97539,-57.273018,-57.908634,-57.721176,-58.228794,-58.84676,-61.401497
7008,False,-32.85656,-30.42468,-35.25124,-40.937965,-31.563,-31.410654,-34.88504,-36.50969,-40.196953,-42.949795,-40.770187,-29.332388,-34.569477,-42.988224,-44.18319,-48.946106,-49.72441,-46.6183,-48.598854,-52.888046,-55.19737,-56.743507,-56.026596,-57.405457,-58.77555,-58.547516,-58.93784,-59.933926,-59.413185,-59.89449,-59.491955,-61.61071
7040,False,-29.56387,-28.040392,-35.47957,-38.01259,-29.41423,-28.694742,-34.869152,-38.85984,-40.853725,-43.01405,-42.325554,-30.640486,-35.218502,-45.358273,-47.540993,-47.537174,-48.641205,-50.705147,-48.58599,-48.639977,-53.923374,-53.679214,-56.935867,-57.756927,-57.84057,-59.38888,-60.318535,-60.50032,-60.814056,-60.278946,-59.961647,-60.38562
7072,False,-28.889038,-29.608902,-33.628883,-35.563713,-31.128704,-25.27515,-32.281612,-35.749516,-37.770515,-42.120697,-44.397503,-27.870283,-35.39231,-44.83011,-47.509846,-48.1864,-48.821594,-49.732872,-44.724194,-46.00331,-56.048782,-54.657692,-61.679283,-59.21083,-58.916187,-58.861523,-58.95576,-60.548958,-61.835537,-60.93369,-60.13569,-63.55955
7104,False,-30.04274,-34.75868,-36.38882,-37.18853,-32.51285,-27.17581,-31.757395,-33.893906,-43.3471,-43.754505,-42.539295,-28.112423,-35.456665,-44.631954,-44.20867,-45.333008,-46.60341,-48.262974,-46.544388,-49.855556,-52.62355,-50.725105,-58.99156,-57.621807,-58.291927,-59.22709,-57.673916,-60.301357,-60.978546,-60.428566,-58.94219,-60.053757
7136,False,-29.287792,-33.616253,-34.303837,-36.53151,-32.888905,-32.95207,-34.040977,-32.15447,-41.29297,-43.592438,-43.854263,-26.473475,-32.876534,-42.134167,-42.12005,-45.355095,-45.853252,-49.23927,-45.795242,-47.255096,-54.073048,-51.77608,-57.754326,-57.443657,-59.34528,-60.93903,-59.085903,-61.4312,-63.32996,-62.364006,-61.07025,-59.703163
7168,False,-29.645424,-36.008526,-35.266388,-36.496967,-33.817135,-34.05683,-31.51905,-31.218843,-39.494446,-39.7446,-42.770203,-25.327236,-31.202621,-44.125923,-45.676,-46.291664,-47.258003,-47.528976,-46.07251,-48.63646,-54.040695,-52.53822,-58.766457,-58.949028,-60.46559,-59.851944,-57.285122,-58.387825,-60.35729,-62.056015,-62.228184,-60.97877
7200,False,-27.550192,-31.370907,-34.35695,-36.803898,-34.402225,-36.80414,-33.14836,-30.37037,-40.95807,-42.97824,-44.816628,-29.236269,-35.16673,-46.94146,-47.01619,-39.69202,-40.359314,-47.268337,-47.091927,-50.516792,-54.348217,-53.918465,-58.271828,-58.492615,-58.56867,-59.516655,-59.47055,-61.35021,-62.525387,-62.883232,-61.195854,-62.01098
7232,False,-30.792105,-33.580383,-34.295086,-39.94952,-34.50181,-34.26641,-32.762245,-32.557064,-39.465588,-41.469536,-43.39051,-32.085094,-38.793034,-46.165024,-47.117237,-47.075573,-47.70759,-48.8404,-48.07601,-50.747887,-54.50401,-54.718918,-58.346634,-57.984425,-58.91353,-59.34551,-58.495857,-61.879356,-59.19232,-60.041866,-61.349144,-62.46818
7264,False,-31.695585,-30.210518,-32.77614,-28.704468,-25.927433,-27.388391,-26.659893,-22.429602,-27.646019,-34.350967,-29.45953,-27.031517,-26.598482,-31.418428,-31.696653,-28.215086,-31.485146,-36.998363,-41.616802,-44.94272,-44.409485,-46.596943,-46.994606,-50.95589,-54.4739,-56.46106,-56.256832,-57.64402,-53.17711,-53.406967,-57.034397,-57.872166
7296,False,-30.636318,-28.600836,-30.034372,-30.959997,-30.45481,-27.790068,-29.443857,-26.44882,-36.029037,-40.752296,-36.948326,-23.677528,-28.512804,-36.749912,-39.634857,-37.40843,-40.836746,-45.421005,-43.34967,-45.361504,-54.052773,-51.663406,-54.171883,-57.729195,-58.90066,-58.950226,-59.74239,-59.294487,-61.24939,-57.63314,-59.69309,-60.058723
7328,False,-28.510363,-34.374195,-35.035275,-33.43983,-37.70441,-29.72419,-31.563055,-29.047112,-35.95594,-39.240623,-37.864174,-26.728363,-31.84126,-36.63083,-40.972477,-49.113304,-45.754074,-48.77582,-46.878185,-50.84313,-55.36435,-54.26631,-58.9383,-59.974903,-59.613834,-59.020683,-58.855072,-59.92577,-62.471878,-59.84364,-60.83614,-63.168312
7360,False,-27.827864,-28.258045,-33.149673,-36.137688,-31.961376,-31.50243,-33.763496,-33.29139,-38.346554,-37.134136,-40.045692,-27.807245,-33.772015,-41.50478,-43.238255,-47.517963,-47.364883,-48.688618,-45.530773,-49.940144,-52.732735,-53.621178,-54.31855,-57.970257,-57.880028,-59.873394,-59.86109,-60.163094,-61.322647,-60.79167,-60.846634,-62.16668
7392,False,-33.997726,-31.444033,-33.34488,-39.4305,-32.936104,-32.518066,-37.624992,-35.58086,-39.821335,-41.28893,-45.60467,-32.34457,-38.44318,-38.51773,-39.25381,-44.989185,-44.42371,-49.82006,-45.9731,-47.14585,-53.091034,-53.45947,-55.9731,-58.451263,-58.94606,-60.01463,-58.197865,-58.966503,-59.209427,-59.80803,-59.15352,-60.731476
7424,False,-31.336327,-30.343025,-35.49887,-35.626167,-32.06912,-30.464115,-34.528133,-36.056007,-37.451584,-39.15458,-45.034584,-33.917534,-38.408306,-44.995785,-45.239754,-46.423714,-48.156147,-49.449524,-46.419662,-50.099182,-52.675087,-53.409634,-58.066017,-58.1329,-59.21995,-59.212574,-56.687016,-58.959576,-61.05583,-61.645317,-59.737564,-60.37214
7456,False,-28.152344,-30.69434,-36.313892,-39.730743,-35.85615,-30.381294,-34.267418,-35.643227,-40.3965,-42.089115,-44.182587,-27.013878,-34.046455,-40.989525,-41.94644,-48.051163,-49.60723,-49.592213,-47.59635,-50.225986,-55.512814,-54.58389,-55.915947,-56.855576,-57.813953,-59.56534,-58.392643,-59.4159,-61.097546,-61.498695,-60.26272,-61.226357
7488,False,-30.074951,-32.203358,-38.717712,-40.920444,-37.196674,-28.775461,-31.854916,-31.741482,-42.508926,-40.190693,-44.573685,-25.325,-31.482327,-45.422485,-45.5363,-43.590927,-44.015305,-49.11396,-47.521645,-48.498558,-53.238144,-54.104828,-57.530792,-58.852962,-57.42169,-59.898987,-57.500496,-60.80004,-60.835228,-61.22139,-60.670418,-62.188393
7520,False,-33.55373,-34.72815,-35.447357,-38.0901,-36.35014,-31.969334,-30.584038,-29.481384,-38.49388,-40.35036,-44.954258,-31.18888,-36.289917,-46.92883,-47.944885,-46.567745,-46.14057,-49.141087,-46.32465,-46.21552,-53.71178,-52.775757,-57.13414,-57.033382,-57.23472,-58.542053,-56.92173,-59.079117,-60.53465,-60.71959,-59.535133,-61.18421
7552,False,-30.37938,-28.9281,-34.966007,-37.28823,-37.382473,-31.456545,-30.865229,-30.967014,-37.921818,-36.637215,-42.028717,-32.509422,-35.828625,-44.11606,-46.34527,-51.832092,-52.766987,-52.295296,-46.25506,-46.768173,-54.354637,-52.493816,-55.69581,-57.68377,-58.662384,-58.708187,-57.631306,-58.55949,-60.70366,-60.989174,-62.061996,-61.98366
7584,False,-27.144754,-28.924505,-36.059006,-36.44899,-35.52482,-34.9456,-35.777603,-36.255207,-37.007072,-39.256878,-44.58026,-25.223839,-31.69531,-44.418266,-44.263878,-51.158146,-49.879257,-53.444183,-48.55425,-49.810844,-52.101307,-51.900906,-57.370773,-59.084175,-59.47927,-58.529602,-55.62531,-59.466118,-61.15226,-60.377888,-59.725166,-60.722404
7616,False,-31.022303,-31.348938,-34.17794,-37.79258,-35.466,-29.742596,-32.2323,-31.445412,-40.95776,-41.62606,-44.27679,-26.295422,-31.695044,-44.953278,-45.20315,-46.131813,-46.79467,-51.849003,-48.811806,-50.318905,-55.774513,-56.32112,-57.527508,-57.20051,-58.31428,-58.431175,-57.296173,-60.441864,-61.381336,-61.5561,-60.49873,-61.3907
7648,False,-25.811573,-31.54621,-34.899582,-35.1306,-35.694878,-30.844769,-30.60696,-29.751303,-37.63214,-39.31212,-43.629776,-29.87937,-35.31928,-42.659374,-44.21071,-47.26275,-47.288567,-48.90528,-47.163284,-48.3531,-54.38107,-54.87959,-58.465294,-58.618683,-59.63999,-59.616753,-58.429012,-60.17159,-61.884438,-60.56742,-61.004807,-59.649742
7680,False,-31.374737,-31.46222,-35.533432,-38.17591,-36.86913,-30.931538,-31.310177,-29.628685,-38.236717,-40.31138,-44.03471,-30.805176,-36.898838,-47.096066,-47.87725,-49.995422,-49.96189,-49.212967,-44.609295,-44.80995,-55.19195,-55.222076,-59.614063,-56.487026,-57.881756,-58.818733,-58.408257,-59.81493,-59.560337,-61.110123,-59.276978,-62.974087
7712,False,-29.10379,-32.85695,-34.912117,-38.476257,-36.29573,-29.51154,-31.685032,-30.843885,-46.089474,-44.07089,-42.39964,-33.196278,-37.29231,-41.87554,-42.22691,-42.677765,-43.019466,-51.602024,-46.07171,-46.98134,-54.399117,-54.290047,-57.640156,-58.366512,-59.847443,-62.08236,-59.698486,-60.18907,-61.56124,-61.640415,-60.9578,-60.213894
7744,False,-27.434753,-30.972897,-35.296146,-37.322475,-33.26959,-32.0199,-33.75688,-33.421635,-42.460556,-41.745945,-42.12551,-29.914713,-36.519028,-43.510365,-44.912495,-46.70219,-48.21814,-51.941925,-49.27504,-50.5736,-54.895638,-54.279213,-58.194275,-57.858196,-58.724003,-58.753998,-59.713272,-59.638588,-60.799713,-60.01909,-58.646194,-61.35968
7776,False,-30.739843,-29.573526,-32.77497,-31.93473,-34.89951,-30.180685,-35.746765,-36.34334,-38.812225,-41.44628,-40.638996,-26.611244,-33.95704,-42.494427,-42.90503,-46.184902,-48.09585,-49.454533,-47.90081,-51.0002,-54.790382,-55.060276,-58.63476,-57.182926,-59.412674,-58.837986,-57.97342,-59.495438,-60.75046,-63.448616,-60.234627,-60.62029
7808,False,-30.008451,-31.296923,-35.13079,-34.72687,-33.897892,-29.919233,-29.381908,-28.568066,-35.58062,-39.604275,-36.092903,-28.177996,-29.98439,-31.446974,-31.17732,-28.307762,-30.10152,-34.219402,-40.51653,-44.89528,-40.641037,-40.957085,-39.44672,-42.482445,-38.177135,-36.61798,-41.004326,-34.03216,-28.56025,-28.999052,-32.95601,-33.825603
7840,False,-27.757786,-30.072824,-32.68057,-24.259031,-26.761324,-23.414087,-25.371952,-22.440874,-29.155197,-35.153862,-27.493458,-24.522308,-25.613827,-22.835882,-24.763988,-21.406357,-24.987223,-27.661644,-29.817598,-35.10319,-30.65943,-29.503172,-29.61575,-32.135384,-28.348164,-25.828907,-31.183598,-26.972788,-20.28683,-21.057148,-25.402695,-26.556414
7872,False,-28.423847,-28.85978,-31.91047,-27.910044,-31.108454,-26.492483,-28.555134,-26.578474,-33.183224,-40.357834,-40.454422,-28.590021,-29.816765,-33.036858,-35.946583,-33.939568,-35.914577,-42.00748,-40.66089,-43.47538,-44.274063,-40.441624,-45.36713,-46.669655,-42.420486,-38.363747,-38.584892,-39.72502,-35.26363,-35.926743,-42.21426,-44.35195
7904,False,-29.539892,-27.414825,-32.281395,-32.859142,-31.875391,-32.62475,-35.091545,-33.565872,-36.004974,-38.043854,-39.27764,-28.555367,-32.91779,-38.389412,-40.542942,-40.52556,-43.820797,-43.751453,-43.75969,-47.335983,-47.567657,-45.330524,-47.514175,-49.29995,-48.66591,-41.47949,-40.9777,-43.654503,-40.0342,-41.09578,-46.57708,-48.71931
7936,False,-31.580181,-29.289013,-35.190655,-34.825012,-32.707706,-32.227314,-32.82324,-32.305153,-39.39978,-39.481632,-42.91498,-26.513117,-33.126385,-40.150993,-41.376457,-40.623535,-46.11731,-45.926178,-47.52601,-49.880756,-47.466385,-46.0491,-51.347233,-53.206593,-49.729443,-46.820316,-46.113552,-48.065323,-44.04576,-44.70682,-50.558186,-53.874817
7968,False,-31.231422,-30.997444,-34.677425,-37.429005,-35.190346,-32.766415,-31.935066,-31.763752,-42.409206,-40.84093,-43.68878,-32.018818,-34.99091,-39.297012,-40.24954,-42.78411,-43.824306,-53.203754,-45.998074,-46.959503,-51.455135,-50.928272,-53.95788,-55.031464,-54.98945,-51.078598,-51.729507,-50.938004,-47.58338,-49.899525,-56.42181,-58.332962
8000,False,-26.429554,-28.739069,-35.655815,-37.284073,-35.18856,-33.464314,-32.051403,-30.253101,-40.665516,-41.802567,-41.797256,-25.436075,-30.416668,-43.4357,-44.274788,-45.61949,-46.213512,-49.78038,-47.69401,-48.873978,-52.61635,-52.09431,-54.48667,-54.62619,-54.34413,-52.510902,-54.92218,-55.14006,-52.420647,-54.52246,-56.304726,-59.094307
8032,False,-30.21305,-29.71957,-34.061665,-35.758163,-32.64373,-27.42735,-30.942938,-30.574127,-42.938614,-42.650467,-43.21751,-32.520844,-34.90252,-40.831863,-43.04477,-47.1022,-48.852066,-47.243668,-47.615704,-48.851974,-53.76945,-52.48932,-58.05164,-56.7592,-57.090702,-56.589935,-56.704323,-58.277046,-56.044365,-57.351376,-57.762905,-59.892365
8064,False,-29.779362,-34.017906,-35.411957,-39.558365,-34.424088,-27.992004,-30.4463,-30.99838,-40.603603,-41.991955,-40.595642,-29.11959,-32.940308,-42.626347,-44.4857,-50.68935,-48.311256,-49.34442,-47.64622,-49.569073,-54.725334,-53.991417,-59.168846,-57.846947,-57.540527,-58.389645,-56.07512,-58.868317,-57.73633,-58.967304,-59.54915,-60.030197
8096,False,-29.006493,-31.819126,-40.004562,-44.988155,-34.11266,-28.176558,-33.33131,-35.588566,-39.26513,-40.29941,-42.88732,-26.322178,-31.659792,-43.89204,-44.18318,-47.401573,-46.727566,-49.658512,-47.214493,-49.197823,-55.098763,-55.87657,-57.598778,-58.78441,-59.122887,-58.921413,-58.992798,-57.520973,-59.587444,-59.921516,-58.752487,-61.48178
8128,False,-28.81402,-32.027027,-34.46979,-36.06281,-34.078842,-34.459652,-33.01232,-33.329792,-41.438755,-41.08288,-44.153194,-32.875374,-37.04963,-45.206413,-46.903908,-48.668575,-47.248608,-49.37256,-46.231247,-48.81657,-53.979717,-54.664272,-57.47274,-58.155804,-57.34074,-59.674908,-59.87663,-59.694595,-61.370598,-61.24764,-60.800343,-60.83822
8160,False,-30.1449,-26.729471,-32.698006,-35.808178,-32.58986,-38.596466,-30.746534,-29.079174,-42.128063,-44.580917,-45.714966,-35.0909,-38.71877,-41.63799,-43.24447,-46.154556,-45.813896,-49.77578,-48.60615,-52.887573,-54.3133,-54.217487,-56.94583,-57.872356,-60.249603,-59.68098,-56.876373,-58.282604,-61.313385,-61.576782,-60.560837,-61.748657
8192,False,-28.78379,-28.70307,-35.02314,-39.741005,-35.519417,-31.490055,-32.599953,-32.562202,-43.372845,-42.75833,-43.510353,-32.43883,-35.80513,-46.300804,-47.812008,-46.809937,-47.294586,-50.013313,-47.634186,-49.932854,-55.103493,-53.40246,-56.37352,-57.472443,-58.017582,-59.92002,-59.57818,-60.168976,-58.895584,-61.464596,-59.621635,-60.554672
8224,False,-28.022144,-29.202032,-35.541958,-34.34997,-34.49301,-28.892164,-34.531,-40.811443,-43.755188,-45.50496,-43.274227,-29.11234,-34.663292,-45.07599,-45.78135,-47.838036,-48.68815,-51.953426,-48.10527,-49.195724,-53.53129,-52.755245,-56.966187,-58.780098,-57.068085,-59.200287,-57.706,-58.654842,-61.6691,-60.326077,-59.160503,-60.962986
8256,False,-29.422815,-30.865696,-35.756714,-38.486916,-32.13991,-28.030033,-31.45606,-33.89031,-41.161366,-43.2271,-45.331593,-27.094719,-32.93421,-46.473427,-47.333412,-44.763733,-45.65775,-50.922478,-48.15394,-50.872597,-56.642212,-52.438904,-58.8765,-58.11857,-58.470837,-60.081753,-58.149063,-59.919132,-62.02501,-62.022125,-59.647102,-61.894985
8288,False,-30.028408,-31.28269,-38.13258,-39.133934,-36.535637,-28.807562,-31.56164,-34.548035,-44.228508,-43.471115,-43.434162,-31.64259,-36.6224,-47.539135,-46.179146,-46.41659,-49.29333,-49.07956,-46.850704,-50.519043,-53.898777,-52.19276,-57.814613,-59.32018,-59.27538,-60.4722,-59.950584,-61.32855,-61.472504,-61.436302,-60.58163,-62.055016
8320,False,-27.577549,-30.555056,-38.3134,-37.843075,-32.85271,-31.627195,-35.657963,-38.453682,-39.131134,-39.389893,-38.771774,-26.97557,-36.89278,-46.573807,-47.21926,-46.330414,-46.524193,-50.15367,-45.650795,-47.49094,-55.021893,-55.080643,-58.9578,-58.21587,-58.262867,-58.9003,-59.564014,-60.547882,-62.815796,-62.194702,-61.368904,-61.46976
8352,False,-30.095348,-32.929043,-32.5278,-33.89842,-31.622889,-33.010036,-34.130737,-30.245106,-33.825806,-40.9967,-35.667496,-28.71727,-30.692165,-36.10825,-36.191933,-33.71823,-36.316536,-42.612156,-44.5788,-49.036297,-51.0319,-50.967064,-51.720863,-54.86181,-56.44602,-58.488564,-57.450226,-58.528908,-58.177322,-58.739952,-59.149063,-60.46414
8384,False,-30.91409,-29.796215,-31.22929,-29.76405,-32.509453,-31.1181,-31.103695,-24.575508,-30.493721,-37.588203,-29.547993,-29.143723,-30.516197,-32.527393,-36.4079,-30.592178,-36.31711,-40.78283,-41.58396,-45.776947,-46.64887,-49.272583,-50.50373,-54.764862,-55.39222,-56.20952,-55.03204,-58.4159,-55.56177,-57.924686,-59.92195,-60.087048
8416,False,-30.30098,-32.992138,-35.982807,-35.61179,-30.279884,-28.14516,-32.065495,-29.306028,-35.09048,-38.835606,-37.92688,-30.151161,-34.196896,-36.776318,-41.217342,-41.85848,-44.605843,-47.185722,-45.873894,-48.46096,-55.165672,-53.23937,-57.22985,-58.85736,-57.554024,-59.73037,-58.61335,-60.672295,-60.434784,-60.953426,-60.05011,-62.61637
8448,False,-31.784454,-30.413122,-36.94634,-35.743454,-29.955976,-30.52996,-33.41236,-33.918556,-38.912407,-42.393642,-42.465042,-30.423409,-37.71691,-42.828693,-45.66219,-45.967583,-47.895885,-47.777046,-47.163334,-51.639324,-56.09577,-53.623127,-58.213234,-59.64321,-58.182915,-60.61304,-58.016953,-61.01234,-61.698982,-61.78286,-61.19739,-62.08352
8480,False,-33.25458,-34.27668,-36.922432,-36.379093,-30.46918,-30.19389,-34.27417,-34.07939,-38.337418,-42.290386,-42.362667,-31.27628,-38.021378,-44.28946,-44.27,-44.447205,-44.838394,-48.922684,-46.855083,-49.647476,-52.78068,-52.196175,-58.63356,-58.750107,-60.809914,-60.86853,-56.739193,-59.50247,-60.61348,-60.862026,-60.544857,-63.088535
8512,False,-28.568447,-31.158634,-33.784542,-38.199276,-33.32797,-26.397095,-29.94462,-29.958963,-37.94043,-41.92671,-41.60027,-29.572409,-34.64397,-45.460094,-46.304848,-48.265976,-48.860916,-48.742065,-46.055374,-48.803043,-56.287674,-55.701256,-57.56146,-59.241676,-58.13299,-57.57979,-57.73616,-59.324207,-61.605488,-61.897713,-59.512794,-59.429173
8544,False,-30.514315,-32.785164,-37.07636,-38.71716,-32.123405,-27.833927,-31.128574,-32.032066,-40.554993,-44.13582,-42.622025,-34.761864,-40.51903,-44.60409,-46.525215,-47.056385,-47.3649,-49.75845,-46.492268,-49.51526,-53.251072,-52.493736,-58.892895,-59.69152,-58.402233,-57.98861,-57.83092,-59.598137,-60.79067,-60.95644,-60.95588,-61.50455
8576,False,-29.600752,-27.377234,-37.51491,-36.17917,-30.942154,-24.777994,-31.959677,-34.88148,-37.647102,-39.10564,-45.5083,-33.46405,-36.432655,-43.797348,-44.278027,-44.94179,-45.75351,-49.191345,-46.116734,-49.264008,-54.70119,-56.529778,-57.118454,-57.32514,-60.227657,-61.276737,-60.53797,-60.645042,-60.278954,-60.063858,-60.38265,-59.71544
8608,False,-30.123941,-30.223263,-36.28343,-37.57423,-29.885836,-25.605415,-31.067455,-32.13869,-34.70357,-38.90502,-42.704445,-29.490023,-34.55142,-44.58994,-45.38584,-41.23223,-43.15702,-50.332188,-46.120995,-48.6476,-54.9296,-53.43522,-57.190414,-59.58407,-59.6952,-60.011993,-58.699265,-61.89567,-62.17235,-61.856365,-62.261486,-61.40759
8640,False,-26.214714,-35.12709,-41.070015,-37.32672,-29.825718,-31.084898,-31.963978,-31.425116,-35.69152,-37.704773,-40.67714,-27.98435,-34.57151,-44.577568,-45.559826,-43.735107,-45.603294,-47.796143,-48.171623,-52.277676,-54.556435,-53.869064,-58.444828,-59.47448,-59.13848,-60.62824,-57.885216,-59.58938,-61.341805,-62.17754,-61.555725,-61.609383
8672,False,-29.280432,-30.431667,-32.720116,-38.12756,-31.609877,-31.078894,-32.03354,-30.88503,-41.200943,-41.819386,-38.990154,-27.851929,-36.27063,-45.075363,-47.46813,-46.440926,-46.38311,-49.6209,-44.93151,-47.994278,-56.003414,-54.763817,-57.57541,-59.424553,-59.183533,-60.05261,-58.504135,-60.05239,-62.70581,-60.14383,-58.786396,-60.293728
8704,False,-37.57102,-33.06983,-31.887999,-36.50405,-35.738052,-31.284254,-34.1336,-33.967716,-40.40522,-41.160892,-43.7031,-31.91202,-37.64161,-42.43221,-44.13849,-44.797092,-46.27049,-47.691055,-45.708202,-49.954735,-55.09324,-52.91512,-55.88848,-58.60165,-58.770584,-59.548153,-58.146328,-59.468277,-61.12907,-61.186558,-60.63017,-62.95982
8736,False,-29.186573,-27.688644,-32.97547,-38.419403,-31.709574,-36.0229,-38.693935,-38.646805,-39.18339,-40.3941,-41.356358,-30.674898,-37.05594,-42.33048,-47.598946,-46.407448,-48.312893,-47.90206,-45.44475,-48.74552,-54.355183,-53.74664,-58.81347,-57.711952,-59.53926,-61.53799,-59.58981,-60.922474,-62.598595,-61.92443,-58.99961,-60.986477
8768,False,-30.064356,-28.223227,-33.822464,-36.239563,-34.32928,-29.823225,-30.198782,-30.149597,-38.974052,-39.13704,-43.95736,-29.776218,-35.74863,-42.20372,-44.01541,-45.69658,-49.184643,-49.53328,-47.800766,-51.16217,-54.60053,-53.353256,-56.259155,-58.319153,-59.03606,-58.83149,-57.791435,-58.38163,-62.32973,-62.361954,-60.69536,-61.755394
8800,False,-32.864853,-29.342438,-34.295353,-34.663666,-31.140583,-29.32688,-30.042934,-29.142899,-41.766487,-45.27774,-42.925423,-31.735144,-37.76532,-42.853203,-43.618717,-44.943558,-47.018238,-51.332016,-47.489285,-49.10398,-53.760414,-52.787773,-58.124046,-58.67216,-57.384483,-58.411716,-58.37107,-58.47553,-60.14719,-61.056206,-59.860035,-60.48004
8832,False,-30.879307,-26.763023,-34.13304,-37.77311,-30.107834,-31.270824,-36.07892,-34.972965,-36.443687,-39.07863,-43.853317,-33.05114,-36.244846,-43.211235,-42.37057,-48.919483,-51.59726,-49.335213,-47.7778,-51.291103,-54.350437,-52.883457,-59.00457,-60.311817,-60.188175,-58.061356,-56.77219,-59.588882,-61.533855,-61.43601,-59.886116,-61.815228
8864,False,-29.137268,-29.22927,-34.281715,-38.14065,-33.932594,-37.57688,-38.10264,-36.92655,-37.763283,-36.636127,-42.83448,-34.15112,-41.2106,-43.448143,-44.820976,-48.30185,-50.81585,-49.983704,-49.7965,-53.118004,-54.93492,-52.979397,-56.684795,-57.404152,-58.628403,-59.30046,-59.99798,-61.131874,-61.410988,-62.856438,-60.75538,-59.438442
8896,False,-28.551586,-29.756529,-35.246475,-34.680202,-31.744267,-27.381811,-31.460941,-29.776144,-29.914217,-34.281456,-35.037216,-25.262196,-29.047726,-29.33181,-29.723778,-26.765453,-28.876884,-32.516808,-38.437103,-42.888153,-38.86906,-38.72137,-37.310516,-40.181923,-36.418327,-35.283157,-37.96832,-32.944794,-26.51039,-26.888466,-33.62005,-35.36772
8928,False,-30.096382,-29.067934,-30.009306,-24.05487,-26.501926,-21.314777,-25.587688,-22.576197,-27.658302,-32.931374,-28.024685,-21.10916,-24.954277,-22.821209,-25.087605,-21.852901,-25.794483,-27.940891,-30.193607,-35.436886,-31.105309,-29.590513,-30.383533,-32.33415,-29.488258,-26.789547,-30.790148,-27.407642,-20.639603,-21.38274,-26.98734,-29.394274
8960,False,-32.009758,-32.320915,-33.277058,-31.239761,-30.665234,-26.2811,-31.87302,-28.176134,-33.548668,-39.293217,-35.583717,-29.86597,-30.409393,-33.292786,-36.911697,-34.04747,-36.71418,-43.2539,-41.762726,-45.65346,-45.05239,-41.32603,-45.431446,-46.708916,-43.768772,-39.71563,-39.994347,-39.14073,-35.521767,-37.335403,-42.84916,-45.03827
8992,False,-29.487274,-32.644547,-34.380505,-34.929962,-30.254744,-27.921886,-31.84082,-30.930084,-35.947453,-39.58792,-40.04913,-24.739834,-33.96356,-37.029636,-39.147125,-39.092556,-41.902393,-45.87097,-46.494427,-47.134937,-47.861233,-45.353188,-48.029167,-49.0526,-48.82216,-42.9184,-42.390976,-43.543793,-39.64515,-41.593323,-48.177063,-49.039734
9024,False,-28.202982,-32.285618,-34.056675,-34.578255,-34.28429,-34.37569,-34.22903,-31.554327,-36.784756,-41.143837,-40.134094,-29.588749,-35.988144,-43.797737,-43.98533,-41.57032,-44.48713,-46.020653,-42.38793,-46.353683,-47.270935,-46.616768,-50.29299,-51.881516,-50.46957,-47.302586,-47.15019,-47.73806,-43.444244,-44.74605,-51.50057,-53.05253
9056,False,-31.09889,-32.536472,-36.672585,-37.580246,-33.110077,-26.761513,-31.0657,-31.208,-39.634377,-40.614464,-42.305595,-28.328573,-33.75049,-40.463024,-45.148087,-45.052963,-46.02578,-49.05082,-46.175327,-50.444695,-50.57615,-48.089718,-52.97901,-53.118538,-54.399437,-52.450096,-52.68177,-49.56402,-46.654716,-49.976463,-56.070065,-55.974945
9088,False,-31.961048,-29.281223,-36.268173,-38.53241,-31.76893,-24.679958,-32.70887,-37.324024,-38.382133,-39.692528,-39.6603,-27.592695,-33.84815,-41.233734,-42.712288,-46.26525,-46.823692,-46.716724,-47.50172,-48.283733,-52.65094,-53.555378,-54.288437,-53.910812,-55.458103,-54.78819,-55.807133,-55.936913,-51.586384,-54.1858,-57.87325,-60.415398
9120,False,-29.060658,-26.985783,-34.806313,-37.332485,-31.369251,-25.735895,-29.738102,-29.83433,-35.950687,-38.501022,-38.712906,-30.842213,-38.716957,-40.85541,-44.638298,-44.5774,-46.452656,-49.101585,-47.401672,-49.91814,-53.439026,-54.358574,-56.141914,-57.06316,-58.838493,-56.235603,-57.094704,-57.577248,-55.599915,-57.33871,-59.724022,-61.05596
9152,False,-28.058702,-32.16484,-36.21037,-35.10341,-31.569351,-28.038246,-30.870796,-29.915998,-39.545906,-43.12182,-44.66824,-34.778027,-39.511982,-48.048687,-49.190655,-44.503654,-47.821995,-49.860764,-47.400253,-49.288628,-53.23875,-52.761387,-57.668613,-57.33711,-58.7907,-57.42161,-56.638836,-59.840897,-57.681038,-58.82531,-59.256493,-59.126465
9184,False,-31.433573,-28.833857,-34.82275,-34.730343,-34.157574,-34.106953,-32.907623,-32.9556,-37.206184,-39.112316,-39.32132,-27.311718,-34.957813,-46.2747,-47.52484,-48.97608,-47.46403,-47.20832,-43.924404,-45.705414,-53.883568,-52.892452,-58.65131,-59.31333,-59.23603,-57.8321,-56.024803,-58.593414,-59.663338,-60.469276,-60.810627,-61.34581
9216,False,-30.82384,-31.546572,-33.568672,-37.14467,-33.52474,-28.479916,-32.66255,-33.42155,-35.70246,-37.420013,-46.70111,-34.178967,-37.297005,-43.572884,-43.36322,-46.26781,-48.06663,-49.37452,-44.38591,-47.68992,-55.226597,-53.533283,-57.30242,-58.721092,-58.851208,-59.6966,-58.675426,-58.821312,-59.743935,-60.635715,-59.874245,-61.15773
9248,False,-32.43464,-30.024174,-36.80034,-39.043396,-40.759895,-26.053768,-30.818377,-32.28309,-36.25924,-38.965107,-38.562588,-31.617039,-38.18551,-40.734314,-41.15885,-44.166416,-46.20676,-49.756565,-45.662575,-47.973335,-53.69973,-51.690773,-57.999374,-59.22885,-60.0795,-59.976738,-59.616398,-59.683548,-61.92553,-60.674442,-58.76945,-61.7001
9280,False,-33.42323,-30.998707,-35.226257,-40.537567,-37.227005,-32.910446,-31.722166,-31.806118,-39.21986,-40.764587,-40.50604,-30.03326,-38.330414,-45.25264,-45.436577,-44.042725,-45.160164,-51.405487,-46.96572,-49.857746,-53.326706,-53.96719,-58.494305,-58.759804,-59.822292,-58.777954,-56.96707,-59.95539,-62.57386,-62.166782,-59.347687,-60.292862
9312,False,-29.907959,-32.28936,-36.07625,-37.068974,-35.43347,-30.602617,-33.447178,-32.933434,-36.40684,-39.402626,-40.664288,-28.777763,-39.192757,-42.62949,-42.773857,-47.88822,-49.325718,-47.612152,-44.915314,-47.919746,-54.914345,-54.315895,-57.18602,-57.603954,-58.182884,-59.88602,-56.229076,-58.451763,-61.80348,-62.641426,-60.488567,-59.97475
9344,False,-34.08563,-29.55972,-32.10369,-36.034637,-37.561447,-24.61509,-28.706993,-29.17381,-38.623333,-41.726994,-41.230755,-32.67446,-40.23221,-42.979397,-42.88173,-44.69024,-46.70259,-48.470882,-45.417107,-49.968075,-54.39974,-53.196564,-60.6332,-60.249306,-58.147663,-60.817932,-59.621628,-59.927765,-60.4184,-60.456078,-58.663906,-60.32521
9376,False,-27.701265,-29.751404,-33.637257,-35.215954,-35.88957,-24.107979,-29.498352,-30.710499,-40.895355,-42.94947,-46.92823,-29.01395,-34.08596,-45.48105,-49.02381,-45.25949,-46.205826,-50.91637,-45.11192,-47.168335,-55.138924,-54.426495,-57.42159,-57.11634,-60.28658,-61.382782,-59.636158,-61.00509,-62.245125,-60.530582,-59.353565,-62.170124
9408,False,-29.597197,-26.357784,-34.347427,-39.779373,-38.38468,-21.448895,-28.443182,-33.978455,-38.324806,-38.94793,-44.069523,-33.733906,-41.09088,-47.569305,-47.139313,-41.393715,-42.113262,-49.436806,-45.426563,-49.415306,-54.783405,-55.278755,-58.745426,-57.36399,-58.56853,-59.740147,-55.839806,-58.793186,-61.528336,-61.270332,-59.304104,-61.219055
9440,False,-29.29471,-31.46987,-30.798304,-27.448761,-28.244703,-24.76367,-28.013771,-23.987473,-29.72832,-34.408813,-29.36058,-26.186386,-26.729332,-30.666435,-31.37805,-28.352224,-32.314754,-36.898445,-38.92628,-45.457542,-44.11758,-46.13094,-46.670578,-51.503597,-54.59984,-53.456627,-53.202553,-55.45987,-54.412495,-56.24996,-57.510742,-58.113747
9472,False,-27.280128,-27.378138,-33.745857,-28.744091,-29.832127,-24.130081,-30.011919,-28.145628,-34.31848,-37.33788,-35.479492,-29.995165,-35.096237,-37.952827,-40.60447,-35.79979,-41.0505,-46.29448,-42.930847,-45.524944,-50.58287,-50.236206,-54.483646,-56.53318,-56.939934,-58.16969,-57.570885,-58.992844,-59.53788,-61.591057,-58.745247,-61.19249
9504,False,-34.223785,-32.414635,-35.232086,-32.08219,-31.345478,-27.122877,-31.92136,-30.940073,-38.524746,-42.81134,-38.330376,-24.72717,-34.53812,-38.390446,-42.905304,-42.02389,-44.760963,-49.216034,-42.495186,-46.59386,-52.754395,-55.107803,-55.10086,-57.67045,-58.818596,-57.969864,-59.74569,-60.481117,-60.999947,-61.269974,-58.15413,-61.435642
9536,False,-30.038094,-29.002728,-32.310387,-36.71785,-35.698563,-29.059202,-33.075706,-35.37186,-37.246212,-42.66579,-38.1864,-26.14628,-35.538555,-44.252377,-48.47637,-47.111477,-46.94993,-49.669533,-44.675575,-48.327557,-55.76975,-54.448513,-57.584908,-55.895546,-57.65606,-57.91474,-58.082447,-59.13727,-61.239147,-62.14773,-59.408554,-60.549522
9568,False,-31.761074,-34.83487,-35.985607,-35.74996,-34.47354,-25.06945,-32.2665,-37.319653,-43.249706,-44.719063,-42.561115,-31.575975,-35.597153,-45.035156,-46.85348,-45.860664,-47.404484,-50.27708,-46.88524,-50.066933,-53.829884,-55.111156,-56.615326,-57.928535,-59.20464,-61.590122,-55.902477,-59.09786,-62.845375,-63.234093,-58.897125,-60.991253
9600,False,-31.284405,-30.319202,-34.92727,-37.637474,-35.96671,-28.609066,-33.612286,-37.966713,-37.923634,-38.455463,-37.273426,-27.54241,-35.13643,-42.38117,-42.84552,-45.324135,-47.106167,-50.996635,-46.67747,-51.27677,-53.947277,-54.11972,-56.882442,-58.206577,-58.410904,-58.985935,-58.91735,-61.249794,-61.644615,-61.18901,-59.440914,-61.89782
9632,False,-28.223843,-30.584925,-36.712143,-37.047256,-32.769375,-27.842476,-32.269855,-32.63966,-38.716164,-39.72451,-40.706764,-27.863245,-35.27644,-43.317444,-48.81281,-43.95063,-47.829422,-51.58677,-49.598877,-52.296387,-54.919163,-53.111782,-54.1585,-59.513264,-59.207466,-59.527775,-59.108,-61.329956,-62.599037,-61.537567,-59.714184,-61.63389
9664,False,-29.055267,-30.140078,-37.52049,-36.12146,-35.673157,-32.891766,-35.496876,-35.514465,-37.394478,-39.31897,-38.871773,-28.381516,-35.537098,-47.483032,-47.26615,-43.915638,-44.29003,-51.063034,-48.199318,-49.887234,-52.844715,-51.20451,-56.208225,-58.11688,-58.926235,-59.574814,-60.62558,-61.790585,-62.400963,-61.82335,-60.65765,-62.686577
9696,False,-28.871563,-29.512987,-37.976387,-36.316612,-32.72268,-26.38998,-29.982056,-29.58193,-39.071495,-42.01031,-39.13339,-29.81122,-36.98858,-47.509846,-47.10002,-42.928894,-45.47709,-52.525,-42.328907,-44.01196,-53.884056,-51.04488,-59.838524,-57.970642,-58.484406,-59.056892,-57.64833,-59.295837,-62.355995,-60.438797,-60.090107,-62.14805
9728,False,-29.071667,-29.301298,-35.392372,-37.933716,-33.563133,-28.70951,-31.491594,-31.896069,-39.782578,-42.674156,-38.71019,-28.160887,-35.12294,-46.052723,-45.47197,-46.222843,-48.168777,-49.197105,-44.675823,-47.571716,-52.49585,-54.70467,-60.271255,-61.64131,-60.709633,-60.753754,-60.09684,-60.013138,-63.15695,-61.953407,-60.26436,-60.28193
9760,False,-31.079994,-31.415874,-34.308506,-36.855103,-32.397026,-30.445549,-36.36579,-38.593716,-36.918793,-37.833656,-37.824547,-25.409319,-34.609516,-47.532234,-45.64521,-46.91427,-50.203266,-48.947792,-45.5635,-50.059372,-53.07666,-51.89894,-57.344547,-61.567986,-61.100014,-60.03016,-56.875248,-59.42104,-62.370075,-60.63557,-59.65534,-61.678978
9792,False,-28.715103,-29.639616,-38.21915,-40.60391,-32.105156,-30.606873,-36.27059,-34.453156,-38.712723,-41.440617,-37.496876,-25.066092,-35.401657,-45.189255,-43.071533,-45.150627,-47.728592,-48.49548,-47.110634,-51.453445,-54.462658,-50.127663,-55.944313,-59.953964,-60.031914,-59.848427,-57.926945,-60.04496,-61.138115,-60.30549,-60.703564,-61.54343
9824,False,-28.451591,-32.19731,-30.930262,-36.838993,-33.74694,-21.35381,-27.515118,-27.998158,-36.945606,-40.51504,-42.009354,-26.552166,-35.56173,-44.390633,-46.892723,-48.93015,-50.886955,-47.647423,-41.1045,-43.900494,-53.771328,-54.207073,-58.281055,-59.610973,-60.217247,-57.519287,-57.948723,-58.382458,-61.813705,-61.9801,-59.828705,-60.56904
9856,False,-28.709385,-29.119246,-33.192818,-36.718025,-30.621824,-24.884926,-30.203371,-30.722847,-37.65789,-40.171104,-43.491577,-27.690254,-35.986603,-42.873016,-43.598473,-43.20326,-46.40473,-50.315212,-48.547348,-49.632183,-54.727306,-55.023113,-58.107014,-56.757195,-58.139935,-58.25031,-59.00553,-58.800064,-61.405506,-60.53071,-59.574547,-62.23758
9888,False,-26.923086,-30.009846,-34.05539,-35.87994,-32.033623,-20.524868,-28.827307,-32.708553,-41.159866,-43.686104,-38.432716,-25.314846,-36.29758,-44.057602,-44.153244,-44.873447,-48.175842,-49.22701,-46.840256,-49.354652,-52.767986,-54.133095,-56.127567,-57.50294,-58.60289,-60.380875,-60.04486,-59.743633,-61.54486,-60.760914,-58.88452,-60.73478
9920,False,-28.727715,-31.526295,-37.69619,-38.98443,-32.798126,-26.801012,-33.26445,-31.973703,-37.673233,-38.418518,-40.360718,-33.30256,-39.149887,-43.635536,-47.538498,-45.01779,-48.231285,-49.308434,-46.92251,-49.64247,-56.867672,-54.99519,-55.601883,-57.615524,-59.690823,-59.90483,-57.14142,-59.170563,-61.678158,-61.93646,-58.396553,-61.070946
9952,False,-28.268131,-29.93666,-32.414,-38.388756,-33.11996,-32.278385,-32.195507,-31.615545,-38.3858,-40.59807,-39.948902,-28.509888,-37.85483,-42.258648,-42.95107,-43.01151,-43.929882,-45.842228,-45.17773,-48.942764,-52.798504,-54.598335,-54.982815,-57.00387,-55.12397,-54.628654,-54.81695,-48.71768,-45.38025,-45.328335,-48.510002,-49.646793
9984,False,-27.957943,-29.006186,-31.348011,-22.722528,-25.612097,-27.30754,-26.140673,-21.443455,-26.102057,-32.71639,-26.612967,-22.157507,-23.833189,-21.241896,-22.564434,-19.468767,-22.573528,-25.327261,-28.707933,-34.74654,-29.23731,-28.504498,-27.977724,-30.104736,-26.96318,-24.917774,-29.572008,-23.71902,-18.13826,-18.940672,-22.966118,-23.577568
