timestamp,faulty,band_0,band_1,band_2,band_3,band_4,band_5,band_6,band_7,band_8,band_9,band_10,band_11,band_12,band_13,band_14,band_15,band_16,band_17,band_18,band_19,band_20,band_21,band_22,band_23,band_24,band_25,band_26,band_27,band_28,band_29,band_30,band_31
0,True,-26.81859,-31.025848,-29.983768,-36.912537,-37.731,-36.343246,-42.460484,-45.941017,-45.012478,-42.630455,-46.194374,-43.105385,-43.348583,-43.48781,-45.099674,-45.523014,-46.836433,-49.304367,-51.931225,-54.74384,-52.773823,-49.844074,-53.461914,-55.25039,-57.59223,-58.051167,-58.91367,-59.53379,-59.482986,-62.075844,-63.863064,-64.06018
32,True,-22.814987,-27.704575,-28.44907,-31.910057,-35.8421,-32.019135,-35.777992,-39.7462,-38.394768,-39.93458,-39.14947,-39.482468,-40.12155,-43.378696,-40.140137,-42.798996,-44.37654,-47.71881,-49.559902,-51.012154,-50.332283,-48.742867,-50.49874,-53.272957,-55.332188,-57.1605,-57.535625,-58.33862,-61.43669,-64.10327,-67.96917,-68.7728
64,True,-24.749577,-27.082243,-27.95567,-31.854939,-32.904198,-31.70757,-37.25444,-40.55893,-37.92256,-39.35732,-38.418274,-42.301376,-42.03068,-41.43498,-42.5293,-45.875854,-46.540874,-46.516205,-51.59924,-51.752224,-49.44376,-49.870926,-51.856884,-54.761642,-56.24253,-57.44609,-57.85438,-60.425907,-63.88306,-65.95495,-68.13,-68.05855
96,True,-26.040184,-27.572128,-28.735107,-32.05033,-34.196762,-33.07505,-39.76886,-36.68405,-34.49562,-38.329193,-40.977993,-40.15767,-36.968864,-40.449432,-39.448254,-44.424026,-47.000813,-47.421574,-47.693844,-50.653072,-48.775497,-49.489674,-51.976044,-54.342888,-55.21706,-55.923733,-57.705254,-59.343075,-62.702324,-63.63043,-67.20687,-68.90512
128,True,-21.743797,-26.397764,-28.88915,-31.27823,-33.304104,-31.762428,-39.067722,-41.316433,-38.777374,-37.59747,-38.760048,-42.691254,-42.052574,-42.476955,-42.874607,-42.38545,-51.235752,-47.98565,-46.79544,-47.895477,-49.493374,-50.98696,-52.044983,-54.86226,-57.650803,-57.43553,-58.833656,-62.36345,-64.632225,-64.350174,-67.628784,-68.7021
160,True,-28.455826,-32.744637,-27.082157,-32.97145,-37.691006,-39.893116,-39.85185,-40.69371,-35.368935,-38.54338,-41.467712,-40.982048,-43.120934,-42.12379,-42.17431,-44.149956,-45.121933,-48.794357,-48.595943,-48.577354,-48.89026,-52.731575,-53.34706,-54.71414,-56.12818,-56.304817,-57.480698,-59.42589,-63.685966,-64.46998,-66.908676,-70.03823
192,True,-27.690174,-27.603071,-25.450308,-29.90532,-34.648308,-31.574497,-39.54151,-38.628357,-35.92105,-36.307278,-41.8952,-41.53115,-40.6245,-43.12695,-40.787415,-44.361073,-44.204514,-44.856407,-49.109398,-51.426853,-51.21798,-51.0376,-52.133297,-55.333878,-56.083263,-55.637184,-58.102802,-60.47429,-57.465397,-55.941357,-60.329254,-61.174156
224,True,-24.422867,-31.528439,-28.840534,-33.826157,-29.76064,-27.918053,-34.070442,-28.16479,-28.947426,-34.972435,-37.704815,-37.0352,-35.516296,-35.93042,-34.862717,-33.41906,-27.715347,-31.48614,-40.53917,-40.247917,-41.60141,-43.591667,-41.020042,-43.71182,-43.868294,-40.68921,-36.31619,-34.146793,-27.52863,-28.089794,-31.987404,-33.065063
256,True,-22.74488,-28.271606,-25.397179,-32.363796,-32.948715,-30.73262,-36.758156,-38.023468,-35.67016,-36.185097,-38.296684,-40.418278,-44.013046,-41.95273,-40.39391,-44.221275,-41.761417,-44.749977,-47.83657,-48.678432,-47.935467,-47.79461,-50.78915,-52.984085,-50.439106,-52.27543,-47.709206,-48.404526,-43.024593,-44.281967,-47.230625,-48.006344
288,True,-23.991814,-27.182316,-29.184713,-30.448523,-32.742252,-34.864487,-42.67856,-38.463173,-34.159096,-36.09718,-39.760582,-40.709694,-42.52307,-45.488304,-40.930946,-41.730034,-44.95359,-47.44069,-50.89123,-48.663826,-48.386974,-50.088024,-52.68497,-53.490585,-52.339752,-55.765377,-54.357178,-55.367874,-48.691746,-48.63106,-52.45201,-54.819946
320,True,-29.013826,-25.779764,-28.59792,-28.250572,-32.922287,-31.269043,-36.301704,-41.000294,-40.79573,-38.79977,-39.44043,-41.2318,-40.30813,-41.755825,-39.76773,-42.688904,-43.56256,-45.554047,-46.994278,-50.134476,-48.806805,-49.15908,-52.86232,-54.615326,-55.049328,-56.089127,-54.17463,-55.78754,-55.816544,-55.09725,-58.857517,-59.891975
352,True,-23.11692,-25.255392,-26.587345,-29.053856,-34.40781,-32.947933,-36.607983,-41.01871,-41.038193,-40.5297,-44.564556,-41.153618,-42.118744,-45.98019,-39.935707,-42.877815,-47.368393,-47.73165,-48.772923,-47.88979,-48.91026,-50.722767,-53.90865,-55.00911,-53.898663,-54.39896,-58.63567,-58.2694,-55.64602,-58.38099,-62.878822,-62.504906
384,True,-20.902689,-24.742392,-27.500443,-32.29825,-35.46197,-32.64225,-37.387154,-40.85402,-38.895355,-41.276173,-41.131546,-40.58306,-43.51221,-41.358047,-38.02973,-41.54605,-45.63776,-48.089558,-46.616863,-51.80489,-52.4656,-50.383984,-51.679436,-52.915695,-56.80008,-57.104004,-57.275158,-58.9155,-60.313362,-61.371418,-65.19072,-66.22875
416,True,-23.6133,-32.317703,-28.95488,-33.169716,-33.90724,-30.685875,-34.98703,-40.666958,-37.214832,-38.877964,-39.796265,-40.298004,-42.228333,-41.836975,-41.49538,-45.502354,-46.054764,-46.626015,-48.868103,-50.88425,-49.69021,-48.919296,-51.358208,-53.317078,-54.132076,-55.205273,-58.29964,-59.218727,-59.91176,-63.502365,-65.201096,-66.13736
448,True,-27.303724,-28.276731,-27.680676,-30.663818,-32.747417,-33.42605,-40.134525,-37.294445,-35.799698,-36.016182,-42.35823,-41.27044,-44.364777,-42.126194,-40.50463,-44.602036,-47.90576,-48.019897,-48.485672,-49.403194,-49.807243,-48.11727,-52.423058,-52.727974,-55.06361,-57.113525,-57.521454,-59.670948,-62.81965,-63.99626,-65.84046,-68.81742
480,True,-28.28682,-26.632307,-28.19397,-31.97396,-33.487526,-33.549973,-40.387337,-36.59433,-33.960926,-37.63955,-41.153965,-43.495674,-42.593193,-40.596233,-40.09569,-45.08864,-48.028103,-45.326138,-47.89147,-49.21459,-50.372536,-51.15404,-53.370213,-53.294567,-54.474586,-55.871616,-58.94326,-59.268738,-61.398094,-64.539246,-66.32629,-68.22055
512,True,-23.201557,-25.43259,-28.896044,-31.102943,-33.905365,-32.035133,-36.151615,-36.65809,-38.450203,-39.090706,-42.79068,-40.918007,-42.47142,-40.293102,-42.80811,-44.168915,-46.493626,-47.857098,-48.966103,-51.980244,-49.233517,-50.11682,-52.943264,-54.46569,-55.24033,-57.538605,-58.022614,-59.588333,-61.742996,-65.021454,-66.995575,-69.3784
544,True,-27.581573,-29.205797,-26.812746,-31.24368,-35.41063,-34.081665,-40.980076,-39.407467,-38.290302,-37.496265,-43.474773,-42.248722,-41.89886,-39.57305,-41.16301,-42.876587,-46.468956,-47.31373,-48.613686,-52.33272,-52.174114,-50.72306,-52.51204,-53.996056,-54.658577,-56.85653,-58.407436,-58.222763,-62.055492,-62.757317,-66.77982,-67.41036
576,True,-22.213623,-27.706837,-27.986795,-31.579224,-33.77993,-32.2087,-38.134663,-38.506516,-40.673668,-43.16297,-42.61112,-43.07457,-44.253487,-42.895355,-39.818985,-43.76832,-46.161674,-48.69907,-46.498474,-48.29903,-50.497837,-49.653603,-51.79706,-53.029057,-54.7831,-56.47768,-57.72731,-60.191498,-62.011314,-64.694084,-66.40336,-67.91734
608,True,-21.58085,-28.338783,-28.051758,-30.148151,-34.206787,-37.166065,-41.548996,-38.75039,-37.66472,-39.514267,-43.63009,-44.572388,-42.13471,-44.394257,-42.322422,-43.396866,-43.622402,-48.12744,-47.741714,-49.980194,-50.504272,-52.431374,-54.169903,-55.63473,-55.50623,-55.74877,-58.045288,-59.75758,-61.721592,-65.31529,-65.435974,-68.599304
640,True,-25.536423,-26.860062,-27.022812,-29.074642,-31.837385,-31.215525,-40.97251,-37.063618,-35.105804,-37.25905,-38.56168,-38.79785,-39.060116,-42.958405,-42.529217,-45.1753,-46.442734,-47.70421,-47.31555,-48.200436,-50.80192,-50.313408,-52.38554,-56.074394,-57.351006,-56.54834,-59.22888,-60.757294,-63.839043,-65.258415,-67.82091,-68.73865
672,True,-27.212725,-26.954449,-27.194536,-30.89577,-34.451443,-31.579472,-37.07845,-36.64392,-36.3458,-38.76916,-42.080032,-41.398754,-43.305557,-41.771107,-44.802586,-45.247578,-45.242348,-49.090256,-48.41583,-50.48989,-51.702534,-50.165443,-52.187393,-55.336136,-54.920006,-57.145706,-57.92611,-59.898132,-62.704544,-64.58787,-66.54784,-69.3036
704,True,-23.457256,-23.922264,-30.478037,-32.3598,-36.947334,-34.864635,-38.76711,-36.739456,-35.98808,-38.088078,-39.42443,-39.339478,-41.854816,-40.86471,-41.032887,-43.72798,-42.860588,-46.970734,-49.696907,-52.802452,-50.219414,-50.820156,-51.670975,-52.95147,-53.960884,-56.32849,-59.203487,-61.061005,-65.38382,-66.31761,-66.937355,-69.32885
736,True,-24.863365,-29.67641,-24.504227,-30.660551,-36.14943,-36.438,-39.139473,-37.880352,-38.180584,-37.335995,-43.87852,-39.860886,-41.64028,-42.19572,-41.092106,-44.030113,-49.21254,-47.963795,-48.587936,-48.87088,-49.640617,-50.90061,-53.973297,-54.48722,-55.57722,-57.154144,-58.761448,-60.6665,-61.581947,-62.53926,-65.89201,-67.291794
768,True,-26.801565,-24.280857,-28.928642,-36.059834,-36.17903,-33.707214,-38.160465,-38.689358,-38.830154,-39.11496,-44.72605,-43.925076,-42.177322,-44.063576,-45.141758,-45.319977,-45.328438,-46.096043,-46.16783,-50.670555,-48.214706,-49.660686,-52.16614,-54.090237,-54.925,-57.13524,-57.29325,-52.62423,-51.73584,-51.394096,-51.5284,-54.61621
800,True,-23.864477,-27.268925,-24.724297,-30.935291,-33.98714,-33.42422,-37.44768,-36.585506,-34.858116,-38.435146,-42.417404,-38.622524,-39.796852,-42.91369,-40.269875,-44.817047,-46.11409,-46.39402,-49.096184,-50.558563,-50.638626,-50.45725,-55.087017,-57.09565,-55.962814,-57.376957,-57.12079,-58.83056,-61.220642,-64.597206,-64.60684,-66.106155
832,True,-26.883059,-25.956776,-30.062286,-31.411255,-32.359142,-34.901993,-37.858616,-36.694344,-37.392147,-40.4414,-40.353348,-40.983673,-40.248817,-44.89705,-39.79198,-44.440613,-47.094696,-47.777245,-49.513683,-48.03497,-48.24701,-48.668003,-50.536964,-54.89057,-55.40697,-55.701946,-57.90607,-60.101532,-61.653328,-64.092804,-65.77187,-68.69252
864,True,-28.507326,-29.658518,-26.015844,-32.99196,-36.79951,-35.056046,-37.01694,-40.041817,-37.359337,-38.835537,-43.475727,-43.525692,-39.94803,-40.503254,-40.200768,-43.492004,-44.91166,-46.765038,-49.095306,-48.700684,-50.02321,-51.359905,-52.202805,-53.58262,-55.437836,-56.663876,-56.535645,-58.307907,-60.652283,-63.16397,-66.91203,-68.06191
896,True,-27.099436,-29.88721,-26.877947,-27.69482,-31.122086,-34.222385,-40.890045,-37.551468,-35.60797,-37.15547,-40.82818,-42.025497,-41.265568,-44.116882,-42.422806,-43.334175,-43.518486,-45.89243,-47.75914,-49.358604,-49.632217,-49.896156,-52.48653,-53.86555,-54.28513,-56.157578,-59.16294,-58.857864,-63.343834,-65.07781,-67.824524,-69.26003
928,True,-21.96679,-22.452528,-25.824163,-31.359566,-33.710186,-35.73508,-34.552544,-37.08945,-34.731537,-38.456516,-42.11586,-41.48446,-41.603703,-44.602818,-42.406204,-45.90565,-46.46151,-49.86237,-48.98863,-51.3011,-50.66696,-49.235798,-52.85517,-53.75894,-53.98858,-56.133915,-57.50631,-58.229187,-61.633247,-64.163536,-65.231865,-69.14634
960,True,-27.184536,-27.846352,-29.075165,-32.206333,-32.279427,-32.80265,-39.14676,-39.28502,-35.623642,-38.85579,-40.43537,-40.409836,-40.91465,-44.4645,-41.7634,-45.110687,-45.88343,-47.66562,-50.148834,-50.686646,-50.841072,-49.129593,-52.882698,-54.588768,-53.806007,-56.458286,-57.889446,-59.3547,-61.873707,-64.624794,-64.98497,-67.633224
992,True,-24.38631,-28.626253,-27.996302,-32.76252,-33.156197,-34.029396,-38.910213,-38.5458,-35.796665,-44.745964,-38.973843,-40.645985,-42.132153,-42.27489,-42.678753,-43.636566,-46.462063,-45.587784,-47.00293,-49.40957,-49.8065,-50.07939,-52.95599,-53.510548,-54.2761,-57.26036,-58.56517,-59.67399,-64.866005,-65.04007,-67.80637,-68.32797
1024,True,-25.106241,-27.769218,-27.733585,-30.781925,-32.511917,-35.703766,-38.871483,-37.949642,-38.824688,-40.93117,-42.57795,-40.626774,-40.39441,-42.275497,-42.150036,-45.34021,-45.396576,-46.082874,-47.136757,-50.205162,-50.19684,-51.682972,-53.02346,-55.92016,-56.25036,-56.65171,-56.388596,-58.221973,-61.95157,-65.207184,-67.15889,-70.17374
1056,True,-27.410872,-26.97966,-28.403732,-30.066826,-34.051178,-35.83894,-39.357265,-37.224564,-38.53797,-40.56273,-39.761795,-42.797894,-45.935356,-44.691315,-43.1996,-47.509125,-45.98915,-43.51207,-48.071335,-49.956505,-51.328396,-51.294685,-53.581894,-52.829002,-56.904587,-56.79375,-58.09481,-58.70957,-61.699577,-64.69754,-66.12006,-69.816605
1088,True,-28.250847,-23.896868,-26.334497,-29.570572,-30.803818,-34.016346,-35.89078,-38.55872,-35.55083,-38.87443,-40.0496,-39.94702,-40.77637,-41.058426,-41.319824,-42.94217,-48.202446,-49.52223,-49.113083,-50.377678,-48.08812,-52.528946,-52.743145,-52.767902,-54.891212,-55.501667,-55.39096,-57.74151,-60.736843,-63.844986,-65.925896,-68.018005
1120,True,-27.598816,-28.103817,-29.54439,-30.050985,-31.806372,-35.117058,-35.6643,-36.05485,-31.847015,-38.856056,-41.408257,-41.19471,-41.10878,-40.238525,-40.13502,-42.88427,-45.07437,-44.96515,-46.66824,-48.22288,-48.904743,-49.641273,-51.183105,-53.372116,-53.865658,-55.68225,-58.366467,-59.670975,-61.577797,-63.41167,-66.60605,-67.66034
1152,True,-26.675987,-24.131725,-27.881098,-30.361942,-39.711338,-33.78475,-40.883595,-36.10738,-37.8637,-39.30527,-43.261368,-43.91152,-42.1747,-41.1709,-41.939236,-43.769566,-42.479485,-44.644733,-48.344997,-52.245068,-50.262436,-51.037743,-54.004623,-55.124546,-54.907627,-55.30442,-56.490902,-59.879528,-62.67931,-64.740135,-67.00156,-67.69509
1184,True,-28.064735,-29.505587,-31.112907,-29.375343,-33.078587,-31.019676,-34.3046,-37.43263,-39.189114,-44.04459,-43.554234,-43.46487,-44.288822,-42.84838,-44.634148,-46.41518,-44.310852,-47.466354,-49.87877,-49.61566,-50.70626,-49.944366,-52.187904,-57.770996,-56.168613,-57.68534,-58.346233,-58.77823,-61.726547,-65.610985,-65.59106,-68.26175
1216,True,-25.40134,-25.759314,-30.056015,-33.02346,-35.818626,-31.050953,-36.02772,-38.61053,-37.220432,-38.6243,-39.876755,-39.675625,-41.101017,-42.49098,-42.389923,-46.364555,-47.8757,-46.418133,-48.760994,-49.91848,-49.16287,-50.294212,-54.19525,-54.796555,-55.86576,-55.085846,-57.26094,-59.97288,-60.677956,-65.29173,-66.78075,-68.13893
1248,True,-23.857162,-27.191734,-33.09073,-34.2104,-31.939308,-34.401737,-37.300392,-40.20597,-37.61217,-41.206112,-41.433014,-41.13594,-41.153282,-40.77228,-42.42128,-47.21027,-49.37109,-49.600037,-51.372257,-48.536324,-49.234524,-50.36938,-52.71877,-52.933067,-55.476032,-56.258514,-59.425198,-60.33996,-62.204826,-64.75875,-67.41998,-69.78135
1280,True,-24.51051,-26.63984,-30.090435,-33.122467,-33.435665,-36.641876,-38.85224,-38.25252,-37.468075,-40.617355,-41.508255,-38.478096,-41.047432,-42.944885,-43.86709,-45.032803,-45.13169,-48.62944,-53.928505,-52.461475,-48.386368,-49.35396,-52.14984,-53.84375,-53.531982,-57.18102,-59.806526,-61.13975,-62.91796,-66.243904,-67.763916,-69.36458
1312,True,-22.344057,-27.472876,-31.502378,-32.251972,-32.018284,-35.726875,-38.980175,-41.164623,-36.857384,-40.432133,-41.420013,-38.630455,-41.0888,-39.570892,-40.495308,-43.71276,-43.9607,-49.25261,-50.196655,-52.26165,-51.172417,-50.26535,-51.828773,-53.336777,-53.2381,-53.957462,-55.14528,-59.248196,-61.095673,-65.1311,-66.36409,-68.46908
1344,True,-22.028141,-28.677034,-32.233044,-33.43695,-32.126575,-34.71712,-34.902283,-38.505634,-34.8506,-37.658188,-41.942844,-40.522327,-39.1904,-42.26061,-42.37265,-45.07022,-46.915146,-47.33882,-47.80242,-49.732956,-49.69933,-50.7909,-52.058826,-53.59404,-54.95021,-56.834774,-56.69745,-57.2467,-62.57068,-64.31807,-66.65923,-67.70406
1376,True,-27.053375,-29.009575,-25.485323,-32.164024,-36.174385,-28.175354,-34.915348,-35.51513,-34.954575,-36.68975,-40.19844,-44.40437,-42.272907,-40.67606,-41.430412,-41.835876,-44.187614,-47.15546,-48.814407,-50.30838,-49.73649,-50.85014,-53.268677,-54.005047,-54.304714,-54.7539,-57.16371,-59.958935,-62.293835,-64.24536,-68.59559,-68.98391
1408,True,-21.532452,-28.55135,-28.454926,-31.954279,-35.48694,-31.44903,-38.40519,-39.65961,-36.325157,-38.00175,-41.510048,-40.591873,-37.62079,-40.63747,-40.85788,-42.039814,-45.04042,-44.602432,-46.498943,-48.63913,-48.813004,-48.255657,-50.33659,-54.16565,-55.234184,-57.18449,-57.969265,-57.78484,-61.031807,-64.72276,-67.80389,-68.59623
1440,True,-22.465126,-26.128994,-28.255703,-33.6948,-31.210045,-33.532352,-39.13619,-38.24919,-37.96014,-39.314915,-39.12998,-41.465714,-42.49491,-40.590508,-41.238827,-42.14321,-46.0099,-45.19352,-46.59151,-50.675713,-49.141235,-50.011593,-51.875175,-53.696335,-55.823437,-57.95292,-57.49917,-58.500248,-62.37786,-65.151726,-67.93952,-69.48465
1472,True,-25.47446,-26.984684,-27.55985,-31.731476,-33.42436,-33.440815,-35.692085,-36.66203,-34.786648,-38.583637,-42.318558,-40.821518,-41.75209,-41.788948,-43.204113,-43.949738,-46.310875,-45.62651,-47.894043,-47.61066,-50.024666,-52.62373,-53.87165,-54.525887,-55.013775,-56.334457,-58.178024,-59.765884,-62.521095,-62.726383,-66.38595,-68.501274
1504,True,-23.661888,-26.139885,-27.38401,-32.224297,-34.07503,-35.387787,-39.73422,-40.57859,-36.347824,-35.03815,-40.555172,-42.28374,-41.24916,-41.592224,-39.900555,-44.368927,-47.87708,-48.44513,-50.503716,-50.84537,-49.88033,-50.30016,-53.287617,-54.81089,-55.41799,-57.152668,-59.02353,-59.360443,-62.083946,-64.273926,-66.68152,-67.86849
1536,True,-28.058157,-25.653858,-28.507984,-31.495512,-32.820824,-36.43929,-37.43838,-36.08253,-38.445107,-41.04505,-47.34848,-40.758453,-40.057785,-40.96567,-43.441906,-43.94276,-45.794167,-46.224674,-48.945847,-49.917458,-52.061573,-49.532337,-52.019814,-53.029106,-53.190857,-58.41693,-59.44639,-59.35516,-61.409668,-65.15751,-67.555305,-69.78879
1568,True,-22.826614,-25.41482,-26.162489,-32.071636,-32.588734,-33.44558,-36.813354,-35.513603,-36.06952,-39.68278,-39.685562,-40.19392,-41.518284,-42.38511,-42.76397,-40.55347,-43.751682,-46.775276,-48.626358,-48.22803,-51.903362,-47.89245,-50.888153,-53.293518,-56.61125,-58.227955,-58.95948,-60.26394,-62.61873,-65.18831,-68.19358,-69.10191
1600,True,-24.392082,-28.569572,-28.058584,-32.28981,-33.638275,-30.650642,-36.30439,-36.607525,-31.749899,-38.904594,-41.163654,-42.757004,-39.199604,-41.073284,-41.92583,-45.084106,-47.165123,-48.622417,-49.406517,-51.188736,-49.9758,-49.309402,-54.09134,-55.235348,-55.592903,-56.586113,-57.890858,-57.943073,-60.691166,-65.51732,-67.92005,-67.200836
1632,True,-24.774263,-30.483955,-33.361717,-33.046844,-34.81162,-33.67599,-37.482964,-38.482117,-34.864193,-37.612503,-41.06353,-41.443977,-41.0579,-40.0454,-44.15164,-45.670506,-48.04749,-47.871956,-47.540337,-48.61331,-50.600433,-49.932793,-52.86963,-54.71502,-56.51073,-56.913258,-58.25814,-60.607574,-61.076485,-63.97333,-66.36878,-69.697975
1664,True,-25.291655,-27.529757,-28.24898,-30.176579,-30.702461,-34.052853,-41.47255,-38.842274,-35.386185,-40.152985,-41.02179,-40.235332,-41.863914,-40.462852,-41.970654,-43.15278,-46.76773,-47.021736,-46.429424,-48.99034,-50.167038,-52.42588,-54.65011,-55.695,-55.002026,-57.804855,-58.496326,-59.10502,-61.918762,-63.191814,-67.25213,-68.20475
1696,True,-24.5543,-27.792933,-27.961052,-29.232882,-36.37935,-34.078682,-38.37018,-38.474064,-37.89759,-40.484943,-43.30416,-41.352005,-41.8022,-39.98664,-41.626266,-44.32202,-46.00929,-45.758347,-46.92478,-48.96125,-49.486813,-52.23608,-54.514217,-56.00138,-56.39202,-56.21,-56.91266,-58.49301,-62.784725,-64.80066,-65.980255,-69.09177
1728,True,-21.967695,-29.617466,-29.499619,-29.486277,-32.361866,-33.75672,-37.5911,-38.036877,-34.48835,-42.439877,-42.678688,-38.655563,-44.66301,-41.26284,-43.375553,-45.180798,-45.90721,-48.045883,-48.363262,-49.21132,-47.956215,-49.71393,-53.61814,-52.751003,-54.043762,-56.74831,-60.044823,-58.026356,-61.76687,-63.43524,-67.04808,-68.66189
1760,True,-22.919933,-28.114029,-29.140324,-35.67092,-33.67696,-31.783714,-34.200195,-36.241512,-34.29898,-40.558056,-44.03324,-42.073242,-43.520897,-42.090588,-42.601032,-43.924824,-46.475693,-45.79181,-47.056812,-48.26199,-50.255768,-48.886646,-54.296783,-55.391315,-57.429462,-57.115555,-58.19475,-58.276222,-62.304108,-64.94723,-67.72172,-69.89084
1792,True,-23.206684,-29.488333,-29.87513,-31.921852,-33.518436,-31.363472,-36.275677,-37.05824,-34.477997,-38.77024,-39.3432,-41.31689,-36.88308,-40.20392,-43.1541,-44.7334,-46.12123,-45.805573,-50.480957,-51.887978,-52.007263,-50.99491,-54.559383,-55.656467,-55.942947,-56.007885,-58.14625,-59.020424,-63.248344,-65.51561,-66.827,-69.224594
1824,True,-24.198427,-29.438808,-29.001556,-31.021935,-32.912445,-31.977837,-39.02651,-43.40259,-40.970474,-38.099674,-39.283195,-37.29665,-38.908978,-38.959343,-41.23344,-46.46985,-46.318016,-49.14113,-46.78597,-48.833733,-50.380024,-51.340786,-53.85248,-53.427017,-54.244667,-54.98555,-59.073757,-60.244347,-63.339684,-65.29621,-67.69183,-69.97977
1856,True,-23.75084,-28.464134,-29.2905,-29.268517,-32.356186,-33.032917,-37.03116,-38.356773,-35.335392,-40.20726,-39.59316,-42.241966,-42.36771,-42.075302,-41.448956,-43.589264,-43.947037,-47.22825,-47.480843,-50.058918,-52.76365,-50.822525,-54.69005,-55.46553,-55.726658,-58.891327,-59.291805,-57.022938,-61.252113,-63.28947,-66.07715,-68.15152
1888,True,-24.538567,-26.686766,-29.307217,-34.385246,-34.401222,-31.931633,-38.38465,-41.36826,-38.886135,-39.60585,-45.60896,-40.352715,-39.286766,-42.059906,-41.443817,-45.21089,-44.295647,-44.090294,-46.59741,-49.157215,-50.891632,-52.17137,-52.283127,-53.09474,-54.511948,-57.47955,-58.305874,-59.158356,-62.263966,-64.598206,-66.987,-68.14167
1920,True,-24.988354,-27.867735,-30.308632,-31.536741,-34.358402,-35.253582,-38.729183,-35.5511,-34.679024,-41.35204,-43.58187,-42.057613,-37.960213,-39.476818,-41.78547,-46.23083,-46.58531,-47.27779,-47.91014,-50.40703,-49.832706,-49.56221,-51.816742,-54.071274,-55.186478,-54.999218,-57.150024,-57.715263,-63.184914,-65.36093,-67.88838,-69.631485
1952,True,-23.80235,-27.87363,-30.942547,-32.00844,-37.739605,-34.512848,-36.50263,-37.81397,-37.598843,-39.844845,-41.55272,-41.94644,-46.615654,-45.316826,-45.13043,-45.791092,-46.996025,-46.442966,-49.601326,-52.021484,-51.28513,-52.777004,-52.22142,-54.690506,-56.033703,-56.451195,-58.99509,-58.912025,-63.134186,-66.50481,-67.27933,-69.61755
1984,True,-25.8709,-32.255924,-27.538263,-28.040438,-31.934284,-33.411785,-38.820427,-40.776222,-39.526222,-40.01317,-39.50422,-42.876587,-42.1168,-43.84873,-45.881306,-43.65943,-44.35018,-43.61603,-46.411423,-49.76758,-50.110046,-52.42196,-54.75264,-54.312973,-55.138515,-56.470737,-57.792343,-58.884697,-63.227085,-64.66342,-67.80301,-68.64142
2016,True,-22.499691,-26.898552,-28.778858,-29.430046,-33.428787,-29.574299,-34.56194,-40.6851,-39.509686,-42.899303,-44.229294,-42.97856,-41.46045,-42.874046,-46.110573,-46.345234,-42.93951,-46.679455,-47.05952,-47.691048,-51.10702,-52.578293,-54.55179,-54.928207,-55.3915,-57.216072,-57.778557,-59.116016,-63.42697,-65.4156,-66.25666,-68.66353
2048,True,-22.5016,-28.87778,-27.572517,-29.857372,-36.847343,-32.532215,-37.719196,-41.256798,-37.712696,-41.53126,-45.888214,-42.31943,-40.319973,-41.76588,-44.315956,-46.317375,-44.8843,-46.470295,-47.83533,-52.05316,-49.09311,-52.665974,-53.714035,-54.4622,-53.078415,-55.781437,-58.25614,-59.32914,-65.01677,-65.19981,-67.94146,-69.43677
2080,True,-25.048285,-32.38301,-30.45963,-31.962704,-34.989185,-36.71164,-38.98567,-38.67004,-37.23501,-38.90678,-38.301662,-42.10462,-41.124287,-41.60345,-38.289368,-41.758102,-43.696526,-47.223137,-48.049885,-49.265842,-50.40298,-50.306206,-50.781628,-54.798523,-54.49131,-57.277397,-59.60798,-60.212776,-62.809326,-64.52669,-66.93483,-68.18631
2112,True,-26.077585,-25.0428,-26.203184,-30.196846,-29.41519,-31.160765,-40.995693,-39.3523,-36.22875,-37.979305,-41.49991,-41.672256,-41.65828,-40.55086,-47.96157,-47.359577,-46.410328,-51.858246,-51.641827,-51.746235,-51.625713,-49.188408,-51.998215,-56.579433,-55.22923,-55.688175,-58.50126,-59.52182,-61.309723,-64.77214,-66.4856,-69.316826
2144,True,-23.615732,-28.42229,-30.009577,-34.76806,-32.4475,-34.40845,-36.596363,-38.24162,-34.886906,-37.24994,-39.80129,-43.315155,-43.765617,-43.88595,-42.421593,-43.828552,-44.426582,-48.25026,-49.301586,-49.033108,-51.308655,-50.829155,-52.50767,-53.36657,-55.062965,-56.005894,-57.578987,-59.272583,-63.43786,-65.129074,-67.08414,-68.49794
2176,True,-22.1166,-27.604734,-25.060701,-31.504679,-35.27762,-32.244026,-35.806786,-37.037563,-35.977142,-39.77223,-40.64286,-42.45138,-43.64074,-41.404232,-40.42955,-44.042084,-45.891937,-47.15277,-47.467323,-50.01419,-51.827133,-51.53532,-53.56903,-54.505074,-51.55685,-54.543453,-58.315834,-58.77287,-64.45676,-64.424866,-66.218796,-69.86757
2208,True,-24.243942,-30.239122,-26.463717,-30.51569,-38.08214,-33.57239,-40.65873,-41.146194,-37.844646,-35.909187,-39.065586,-38.919346,-39.395584,-43.786095,-40.884293,-41.686165,-44.830338,-46.472755,-48.456997,-53.423454,-53.280434,-52.579132,-52.351334,-55.375004,-55.365036,-55.440872,-56.41403,-58.352562,-61.53326,-65.27304,-68.85204,-69.268234
2240,True,-23.450752,-27.312948,-27.382462,-28.793333,-33.445137,-35.33544,-38.295082,-35.983467,-34.3683,-36.979305,-40.82571,-40.12645,-40.659027,-40.513985,-40.93393,-42.57863,-42.948982,-45.330868,-48.43714,-51.376194,-51.007977,-53.517223,-55.932713,-54.412376,-53.710552,-56.29362,-58.788963,-60.14877,-61.258392,-64.74409,-67.41794,-67.71644
2272,True,-25.627424,-27.179085,-27.948841,-31.478245,-32.358967,-32.558807,-39.03216,-38.894775,-35.00188,-39.273373,-40.162106,-41.908203,-43.20782,-42.457638,-43.814095,-44.911346,-44.084812,-46.506763,-46.742325,-48.98129,-48.109818,-50.766216,-53.399845,-53.972473,-54.7939,-55.929832,-59.99225,-58.99047,-62.874622,-64.72177,-67.70514,-68.937164
2304,True,-22.173985,-26.239677,-28.51057,-29.382689,-32.858215,-34.911587,-34.659424,-38.27761,-37.332283,-38.84977,-43.297913,-43.21951,-40.9942,-40.51747,-42.44181,-44.64747,-40.706497,-44.27795,-49.27954,-48.28539,-49.195473,-50.21336,-51.155785,-53.348907,-56.430153,-55.83954,-56.423813,-58.878613,-62.477573,-65.07804,-67.62823,-68.918205
2336,True,-26.926432,-28.28332,-25.748644,-31.938211,-32.979244,-30.934444,-35.43369,-37.37898,-35.756016,-38.08355,-37.293415,-42.557503,-45.596283,-40.92791,-41.595234,-44.26644,-47.172848,-44.421875,-47.76138,-50.75528,-49.036438,-49.02885,-49.904266,-53.5301,-55.96184,-58.35953,-58.40962,-61.17041,-60.658737,-64.764366,-67.863785,-68.92125
2368,True,-26.770819,-28.572819,-30.830061,-28.654192,-31.035141,-32.0729,-39.32971,-37.774323,-36.909954,-35.5052,-39.798397,-38.61801,-39.689404,-41.81958,-45.967274,-42.33937,-44.19683,-48.82233,-48.211346,-50.123512,-49.195854,-51.100723,-52.767387,-53.576965,-55.838676,-57.391754,-57.524414,-58.71238,-61.48443,-64.81666,-66.98291,-67.52704
2400,True,-23.145603,-26.168005,-28.89572,-27.904366,-35.15275,-33.631435,-36.917553,-35.260025,-36.58999,-37.741276,-42.273067,-39.671772,-40.235905,-38.68949,-42.74847,-44.14282,-43.173218,-46.835728,-48.203278,-48.981766,-51.21042,-50.102295,-52.584457,-54.003677,-55.612274,-56.505783,-58.432716,-58.972622,-61.472084,-64.24412,-67.51018,-69.46306
2432,True,-24.025574,-25.604126,-29.077312,-29.64322,-34.240807,-35.497124,-36.878036,-36.859695,-34.73239,-38.713795,-40.87974,-42.79802,-43.426254,-43.066006,-40.21805,-44.52682,-41.96123,-45.37429,-48.480145,-48.705544,-52.064053,-48.898857,-52.676792,-55.814976,-55.20362,-56.47666,-56.2947,-58.956116,-61.560493,-64.0445,-66.45364,-69.28382
2464,True,-24.267443,-22.476578,-29.090605,-33.227505,-36.251442,-34.302795,-39.523956,-39.964714,-36.383396,-37.42786,-47.259487,-42.995228,-41.947754,-44.26284,-45.526127,-44.55565,-46.00007,-49.42877,-49.497776,-52.1728,-53.55145,-51.331116,-55.575417,-56.71784,-55.784077,-57.423855,-58.391033,-57.279137,-61.216866,-64.74662,-67.61788,-67.7865
2496,True,-26.107841,-28.697796,-26.802387,-27.980694,-33.790833,-32.953266,-37.176884,-39.406933,-39.261726,-36.398094,-41.47898,-40.97798,-42.70262,-36.827976,-42.055897,-45.05468,-45.668568,-45.130554,-48.614334,-51.47992,-50.05962,-51.274246,-51.97559,-56.24154,-55.902023,-55.848198,-58.86165,-57.357376,-63.368484,-65.15777,-67.366165,-68.23415
2528,True,-24.882887,-27.183376,-29.728403,-30.546867,-37.509537,-32.534664,-40.291756,-37.421844,-39.085033,-37.531322,-43.14259,-41.403152,-39.74942,-40.73231,-42.006763,-45.52636,-45.84247,-48.26654,-47.48756,-49.421043,-51.791054,-51.46458,-51.61154,-53.486893,-57.665375,-59.222534,-60.63519,-60.2562,-61.836124,-64.36977,-68.34451,-69.73702
2560,True,-26.939966,-29.441015,-27.204807,-28.570879,-32.166195,-33.89147,-34.94791,-37.569134,-37.71402,-40.64766,-41.63627,-41.633076,-44.44055,-39.093967,-45.730473,-47.75882,-46.118446,-48.303894,-46.4753,-48.77607,-50.6671,-50.265812,-52.421955,-54.56301,-53.77947,-57.32863,-58.105007,-58.006935,-62.263535,-65.238594,-68.62198,-68.9839
2592,True,-25.203085,-25.776974,-29.301582,-31.388357,-35.74504,-35.553974,-39.952694,-37.208565,-38.05647,-39.39357,-39.81159,-43.30038,-44.249443,-43.885914,-41.88939,-44.98032,-46.019882,-50.637405,-51.267696,-48.761726,-49.709686,-50.68643,-53.162346,-55.628643,-56.166134,-57.913277,-57.360207,-60.85951,-63.98575,-63.949593,-67.35641,-67.69733
2624,True,-26.726078,-30.602396,-25.58111,-32.46442,-31.897661,-33.493713,-37.30553,-37.871502,-36.54318,-37.084274,-42.069454,-44.621273,-41.511147,-41.379555,-42.02538,-44.909767,-45.97573,-47.15214,-46.33941,-50.187107,-50.200657,-48.72015,-51.523735,-53.99801,-55.693924,-56.728577,-57.73944,-59.86448,-60.99563,-63.881413,-67.48456,-69.67171
2656,True,-24.21811,-22.587433,-26.856663,-33.744007,-31.983816,-32.446045,-35.8415,-37.731937,-34.57345,-41.631615,-39.593426,-39.72262,-41.44548,-42.23141,-42.446938,-44.507072,-46.69777,-46.607395,-48.168335,-49.176483,-50.429794,-51.22841,-53.704338,-53.90511,-54.554897,-57.865025,-59.305363,-61.0498,-62.16959,-65.95113,-67.79759,-68.96862
2688,True,-29.090624,-27.208084,-26.287666,-27.68936,-32.059532,-34.209557,-37.39897,-36.99802,-33.796078,-39.25049,-40.85456,-38.48995,-40.461243,-43.57092,-42.91952,-45.222557,-44.46267,-46.00659,-47.96042,-50.329308,-51.39412,-53.631702,-51.976097,-53.217064,-56.76251,-57.514626,-58.461994,-60.877834,-62.167507,-65.37477,-67.978905,-68.66105
2720,True,-26.127087,-25.559765,-27.641685,-31.58759,-32.652035,-34.24611,-35.875515,-42.262077,-39.084633,-39.81501,-39.796402,-40.821896,-39.957054,-42.286587,-44.766956,-45.55239,-45.448418,-48.606277,-47.76754,-49.167816,-50.844994,-53.605583,-54.474037,-57.36658,-54.66867,-56.019524,-57.239613,-58.375202,-62.58616,-64.1298,-65.67847,-67.13695
2752,True,-24.591074,-24.418943,-27.595047,-32.520752,-32.659756,-30.148655,-35.794323,-38.557926,-33.839027,-38.08426,-42.04872,-42.57286,-39.04188,-38.68112,-41.142426,-44.49813,-47.630955,-47.182106,-48.681328,-50.192764,-49.572903,-50.33897,-51.963104,-53.627357,-55.655727,-58.00188,-58.257828,-59.54138,-63.74579,-66.38908,-68.31524,-69.81776
2784,True,-26.758026,-28.805285,-27.262457,-28.801594,-36.541866,-32.164227,-35.56764,-33.14065,-34.716244,-41.61442,-43.8188,-43.98289,-45.442055,-43.06463,-45.225517,-45.352882,-44.569405,-46.830017,-49.370823,-48.84436,-49.170593,-50.067192,-52.420612,-55.25334,-57.97219,-58.27061,-58.59401,-60.201622,-63.007446,-66.02111,-67.52999,-68.14292
2816,True,-24.326336,-34.44039,-26.48308,-27.209578,-33.587463,-33.388504,-36.71418,-35.594135,-37.7051,-39.273045,-40.010548,-41.73422,-42.550606,-42.112957,-43.015667,-43.602413,-44.844013,-48.514,-47.431164,-49.296402,-47.99771,-51.579556,-53.571285,-55.26294,-55.228157,-56.577583,-59.053383,-59.510437,-61.291904,-62.892403,-66.47067,-69.0553
2848,True,-25.691622,-30.058334,-26.953606,-27.572933,-31.463594,-32.48378,-40.188133,-40.78339,-40.339237,-40.15884,-45.611893,-43.743896,-39.662205,-42.256294,-44.68386,-44.135708,-44.25303,-46.460682,-48.117752,-51.0151,-50.22912,-49.733856,-52.649406,-52.71172,-54.258686,-56.735336,-57.924274,-58.874374,-62.372925,-66.11938,-67.41579,-69.341324
2880,True,-27.973389,-28.334103,-25.665852,-28.365753,-30.964542,-32.23308,-37.76059,-38.023277,-38.274258,-39.16641,-40.514828,-41.488327,-43.471317,-42.304348,-45.696594,-45.81385,-44.669167,-45.922665,-46.64028,-51.162,-50.665215,-51.868587,-53.52096,-52.83764,-54.68492,-57.05076,-58.14361,-61.239147,-62.104897,-64.92996,-65.367615,-69.5053
2912,True,-27.950056,-26.069363,-25.144325,-32.453484,-31.22733,-33.596214,-36.1923,-39.327633,-35.98602,-39.159042,-39.00574,-40.408623,-39.16377,-40.16108,-45.341724,-44.128304,-47.371525,-48.429295,-50.661526,-49.658703,-52.723927,-52.60685,-53.152786,-54.035282,-54.213364,-57.315525,-58.379463,-61.31366,-64.34564,-65.23543,-66.658966,-68.69195
2944,True,-25.850985,-23.90682,-27.035519,-32.60033,-31.12417,-31.44579,-40.13504,-37.83732,-37.091305,-40.90412,-39.362514,-41.069256,-40.104744,-41.603767,-40.63272,-44.183464,-45.40783,-47.156734,-51.18908,-50.62765,-53.778194,-52.68376,-52.011684,-53.84409,-55.762234,-57.901463,-59.87299,-59.72053,-62.44835,-67.13526,-67.111885,-68.8268
2976,True,-32.015823,-30.664093,-31.772217,-34.473732,-32.3574,-35.15954,-38.13572,-37.94922,-36.646164,-36.88495,-39.964684,-43.05146,-40.627686,-40.681797,-42.82556,-44.345238,-46.230392,-45.76242,-49.05354,-49.00811,-50.145817,-50.945503,-53.710724,-52.59447,-55.67095,-55.010963,-57.206707,-58.77439,-62.937424,-64.64323,-67.07732,-68.05202
3008,True,-24.700462,-29.300335,-26.086727,-27.202255,-34.86403,-33.490402,-35.73157,-37.971992,-36.562347,-40.035065,-41.128426,-38.968075,-39.600372,-44.00578,-46.597267,-46.857964,-46.089317,-44.841286,-47.601097,-48.12805,-48.647556,-48.114132,-54.00044,-53.77955,-52.808907,-56.287445,-57.594772,-59.264084,-61.885582,-65.05288,-67.61733,-68.397095
3040,True,-25.660809,-24.733953,-27.939398,-33.335396,-34.91696,-32.913494,-34.095055,-34.263252,-31.642696,-39.773117,-43.47718,-39.596024,-39.79877,-43.42989,-42.92224,-45.03084,-47.377895,-47.239376,-48.723595,-49.882217,-49.02842,-51.587658,-52.382282,-52.870407,-53.518963,-56.451187,-59.07646,-58.815704,-61.48571,-64.75283,-67.68105,-68.360054
3072,True,-25.955555,-28.778715,-28.269968,-31.150402,-30.134724,-32.47048,-38.20783,-38.030083,-38.740276,-36.866634,-43.581535,-37.58062,-40.557045,-39.840492,-40.95096,-43.768593,-46.817787,-48.93518,-48.213097,-47.468685,-51.13445,-50.457558,-51.920975,-54.870102,-54.41519,-56.979908,-59.26803,-59.85608,-62.871918,-64.72426,-67.5106,-68.297966
3104,True,-23.604479,-22.77472,-28.355043,-28.784407,-31.64619,-35.911484,-38.498264,-39.116024,-36.521088,-36.915154,-44.005806,-41.99915,-38.340084,-41.093945,-42.502365,-44.245262,-45.20507,-50.45809,-46.32698,-49.008976,-51.57349,-50.87416,-51.10329,-54.968906,-55.78106,-57.83913,-58.125854,-58.278786,-61.042313,-64.59186,-67.324844,-67.98043
3136,True,-23.399675,-26.772959,-29.691555,-35.75703,-33.784733,-33.1599,-34.998547,-38.977245,-36.174175,-38.90053,-41.566715,-42.4842,-40.27717,-42.075386,-42.917763,-44.67108,-42.9158,-44.54551,-46.94109,-48.515324,-52.24693,-54.191353,-53.66081,-55.913986,-55.846657,-56.613495,-57.637894,-60.173622,-63.349648,-65.58548,-67.01507,-68.76492
3168,True,-22.97456,-24.857529,-27.791616,-28.320902,-32.01959,-32.140697,-39.20469,-35.88917,-34.215096,-37.770176,-40.144352,-43.104126,-43.30999,-42.348934,-43.04107,-44.084297,-45.141228,-46.437675,-50.601254,-52.536057,-52.095074,-51.236843,-52.218674,-53.037743,-53.827328,-57.455025,-58.61683,-59.132286,-61.53518,-66.43998,-68.10002,-68.69823
3200,True,-21.917837,-25.102318,-29.164253,-31.1932,-36.36599,-36.754692,-41.690605,-40.577003,-38.426052,-41.594387,-41.806213,-43.781982,-43.063885,-43.608635,-42.83218,-45.091957,-47.240456,-46.469864,-52.535725,-50.996098,-48.863316,-49.25629,-52.28306,-56.381317,-54.62975,-56.53808,-59.722923,-60.74823,-61.27209,-66.68281,-68.54512,-69.267075
3232,True,-22.115196,-23.46841,-30.616396,-32.824074,-34.782894,-34.639698,-39.261322,-41.90061,-38.21255,-36.79557,-41.01635,-39.544655,-40.818142,-41.54049,-40.155876,-42.800373,-45.801357,-46.65741,-46.096252,-49.88106,-51.829586,-51.41716,-52.11064,-56.424313,-54.393745,-55.834614,-57.482506,-58.762764,-61.75927,-64.4969,-67.63571,-68.8818
3264,True,-26.09834,-26.523602,-29.145004,-31.073835,-35.801884,-32.743103,-40.24021,-36.004017,-34.730045,-37.71027,-43.06435,-41.747154,-44.6768,-43.73301,-42.92151,-46.110233,-43.894295,-48.662186,-47.7865,-50.419174,-51.421185,-49.113724,-53.03637,-52.49312,-53.09552,-56.410477,-58.22274,-59.31356,-62.66387,-65.27298,-68.30899,-69.23762
3296,True,-28.546734,-28.62379,-28.712538,-30.38816,-33.245274,-34.08574,-42.97161,-39.411217,-39.755657,-39.53057,-40.26337,-39.82611,-41.931385,-45.245064,-42.503098,-45.099205,-47.14951,-47.8635,-47.845985,-49.519638,-48.876858,-49.475487,-52.359524,-53.778133,-54.59069,-56.743664,-59.948586,-58.49175,-62.43343,-64.76605,-67.514656,-68.40201
3328,True,-25.161617,-24.252003,-29.95179,-33.600136,-29.980745,-33.59408,-39.04195,-36.752144,-36.403,-37.804253,-40.29564,-42.20746,-39.326378,-44.220337,-43.480965,-46.943108,-47.021706,-47.948334,-47.720333,-47.988167,-49.538593,-49.11788,-51.295723,-56.41554,-56.017296,-55.767,-58.71409,-59.990738,-62.22756,-64.88801,-66.88886,-68.38849
3360,True,-24.677658,-24.606262,-29.736689,-33.61031,-32.60065,-31.354752,-34.386616,-41.37817,-40.145416,-37.817818,-41.17106,-40.27394,-40.877247,-43.099556,-45.8865,-44.864883,-46.40591,-49.086212,-49.112732,-53.533066,-51.30577,-48.959152,-52.395393,-54.564987,-54.065216,-55.447536,-59.050148,-60.003372,-63.650227,-64.582214,-68.24401,-70.061485
3392,True,-23.454855,-29.177092,-25.269577,-28.6862,-32.16307,-30.517778,-35.25295,-39.163998,-36.3092,-37.011303,-40.54455,-42.521687,-41.15814,-41.004745,-46.60015,-49.704815,-49.433537,-48.83946,-49.01097,-49.497906,-50.713135,-52.141453,-51.326527,-52.46561,-55.22413,-56.9506,-57.0186,-59.7727,-61.944046,-64.25263,-65.453094,-70.168236
3424,True,-27.003067,-25.881357,-29.005783,-37.063965,-35.235916,-31.10962,-38.094486,-38.554832,-39.981678,-37.980713,-43.161816,-39.201218,-40.4719,-38.40953,-42.751945,-47.29506,-47.797012,-45.147896,-47.374252,-48.46249,-48.865627,-51.491093,-52.805294,-54.672302,-54.961708,-56.164364,-58.00114,-59.667023,-63.928574,-66.47865,-66.001465,-68.10779
3456,True,-24.842724,-29.289917,-32.04287,-33.680183,-33.208828,-31.78054,-37.70523,-39.05807,-35.86584,-38.734,-44.132484,-42.123116,-38.944614,-39.50072,-43.67103,-44.14779,-47.002968,-46.834812,-49.70911,-49.191128,-50.135857,-51.049667,-52.78784,-53.732533,-55.796974,-55.721695,-56.341736,-59.345375,-63.162495,-64.863556,-66.22634,-68.56059
3488,True,-21.87992,-29.01326,-30.537067,-37.344948,-35.819466,-35.71907,-37.46235,-41.413425,-37.498566,-36.489338,-41.610203,-44.13746,-41.64457,-39.253777,-41.814583,-46.322777,-46.139915,-46.685596,-47.763924,-49.478676,-51.28717,-49.16207,-52.899117,-54.06435,-55.493713,-56.11027,-58.02494,-58.745693,-63.80549,-64.8737,-66.73261,-69.235565
3520,True,-22.337193,-23.042252,-29.33422,-30.809671,-35.150482,-31.241215,-36.570126,-39.299583,-36.40167,-36.807167,-41.379093,-41.72545,-40.74292,-40.697952,-44.90094,-44.660133,-46.40296,-47.978783,-51.004814,-50.91694,-51.071743,-52.87054,-53.99023,-53.77041,-55.115845,-57.053837,-60.546196,-60.446014,-64.34936,-65.32834,-66.73583,-68.84772
3552,True,-27.39592,-27.535746,-25.287453,-35.416267,-33.418827,-34.37661,-37.32758,-35.995033,-37.68379,-39.83915,-40.465385,-41.81885,-41.03354,-40.28433,-43.44788,-43.921196,-46.329174,-47.12227,-48.509865,-50.091137,-48.42014,-50.775948,-53.905884,-54.996162,-57.748417,-57.081444,-57.439026,-61.026062,-63.271233,-66.797005,-68.865036,-70.5287
3584,True,-23.791496,-23.267498,-29.276915,-32.690025,-37.881477,-33.931755,-38.647034,-38.174877,-37.886475,-39.05154,-43.620247,-41.760437,-40.16091,-39.358414,-43.092537,-45.27096,-45.957127,-45.821884,-47.24655,-50.3899,-50.011604,-49.364746,-54.946564,-56.159153,-57.363068,-57.951374,-58.12328,-60.71193,-63.289528,-66.551125,-66.5154,-68.811485
3616,True,-26.653536,-27.198507,-25.198452,-29.583426,-34.60536,-32.719185,-37.109417,-39.075905,-35.969753,-39.714424,-42.54608,-45.372246,-41.82801,-41.646523,-41.395905,-43.42566,-44.025352,-48.40088,-46.958183,-49.697453,-49.78685,-53.04824,-54.297985,-54.547523,-54.881004,-56.985325,-59.61195,-60.63318,-62.478096,-64.16524,-67.694084,-69.37001
3648,True,-28.061106,-26.221882,-23.561571,-30.625675,-31.857779,-31.151846,-36.488575,-35.587364,-34.453205,-38.985954,-43.115868,-41.985035,-38.771355,-40.229324,-45.108646,-45.160088,-45.795113,-47.90013,-47.679268,-49.746964,-51.9812,-51.911957,-53.178593,-54.585537,-54.890366,-54.632854,-57.541332,-60.61272,-61.886475,-63.26232,-66.12174,-68.154106
3680,True,-26.05449,-29.01127,-30.825722,-30.928509,-35.11902,-31.51305,-39.35514,-42.237923,-34.74316,-36.710987,-42.187695,-41.474678,-42.699112,-41.486263,-41.582912,-45.8729,-45.110508,-45.442574,-49.798946,-51.101154,-49.058334,-49.200363,-52.56801,-53.081787,-53.58265,-55.445763,-58.883858,-59.342846,-61.701653,-63.31841,-65.98825,-68.42363
3712,True,-32.980553,-27.860722,-29.690708,-32.08079,-32.06925,-36.854282,-38.510017,-37.957058,-35.91339,-39.71247,-42.419926,-38.76087,-40.576473,-41.128662,-44.073044,-45.083046,-45.50398,-49.298054,-49.395996,-49.366566,-51.33758,-50.497505,-53.164543,-55.325603,-53.13581,-55.12596,-56.97285,-58.700657,-63.686646,-63.143612,-66.55551,-68.23306
3744,True,-22.920502,-25.814495,-30.658623,-34.058414,-32.656254,-34.27145,-37.472122,-35.945045,-34.995693,-38.96975,-41.654472,-42.30773,-42.67605,-42.2948,-42.460217,-44.378166,-45.35675,-44.98087,-47.996593,-48.86193,-48.480278,-50.09352,-52.085365,-53.200172,-54.769615,-57.50164,-57.114674,-59.795044,-63.10658,-65.71194,-65.98794,-67.52817
3776,True,-25.532585,-28.089884,-32.240883,-30.346586,-33.062683,-37.752003,-40.144783,-37.434296,-38.35515,-40.56662,-43.22968,-39.481342,-43.15049,-42.161526,-45.30728,-45.3163,-46.207294,-47.417297,-47.557648,-48.991776,-49.370327,-50.66976,-52.41056,-53.41568,-54.26013,-56.244987,-57.48665,-59.548355,-61.935417,-64.85683,-67.74703,-69.81719
3808,True,-26.890594,-28.280916,-32.339054,-30.490082,-32.894215,-32.070766,-37.94598,-39.72935,-38.699825,-38.878635,-40.3863,-40.963028,-40.628704,-39.09476,-45.59738,-46.391273,-46.495018,-46.85933,-45.846916,-49.680145,-50.55384,-51.479458,-52.69313,-54.6556,-56.54955,-56.379906,-58.112698,-59.26178,-61.697975,-64.873215,-66.1284,-67.550705
3840,True,-26.241428,-29.997082,-29.782127,-32.886578,-35.969917,-31.094492,-38.682526,-39.08913,-33.542564,-35.121563,-42.302135,-41.77458,-41.6468,-40.394127,-43.11383,-47.863804,-47.919144,-48.47271,-52.665657,-51.252956,-50.26394,-50.108932,-52.77876,-54.640503,-53.87873,-58.27532,-58.487034,-58.438545,-62.64153,-64.76076,-68.02718,-69.6969
3872,True,-23.488163,-26.847294,-28.172962,-30.658394,-33.308144,-29.336037,-38.373512,-39.898975,-34.65457,-39.905052,-38.87526,-42.157043,-43.37059,-40.237152,-43.31983,-46.761276,-46.597706,-46.91118,-49.453514,-48.132023,-49.18442,-53.399597,-53.97163,-54.497456,-54.270092,-57.466587,-58.05773,-58.817284,-62.252613,-64.15514,-66.78241,-69.11725
3904,True,-26.589619,-23.809565,-24.551403,-31.884422,-32.51165,-30.778446,-36.72041,-37.619648,-38.04468,-40.463448,-41.63949,-40.14816,-42.2844,-42.324715,-44.61462,-45.40606,-44.536224,-47.564888,-47.97367,-50.999943,-49.112007,-51.14462,-55.75739,-55.483494,-54.27588,-55.954548,-58.449364,-58.035236,-60.837982,-64.396065,-68.22737,-70.061874
3936,True,-24.591806,-25.867981,-25.436756,-29.244883,-34.86044,-32.917637,-37.336555,-35.974052,-35.114098,-37.57958,-41.982124,-41.018166,-39.59426,-41.925026,-45.326637,-45.96573,-46.545147,-45.38612,-46.79566,-52.308178,-52.459816,-50.699562,-53.988136,-54.435997,-55.132908,-57.21115,-57.72026,-59.646473,-61.383404,-65.522705,-66.63128,-68.89069
3968,True,-25.12682,-26.783672,-28.911964,-35.354298,-34.703754,-34.208286,-37.891903,-36.730087,-38.540806,-41.404922,-42.27335,-41.4834,-41.48998,-39.902668,-42.933674,-42.486496,-47.224495,-47.733513,-46.90828,-51.447067,-51.095867,-50.68321,-52.318596,-53.806435,-54.17893,-56.942894,-57.09061,-58.849274,-62.42816,-66.76372,-66.80403,-68.545715
4000,True,-23.903793,-26.255552,-29.274075,-32.781105,-31.939466,-30.30822,-35.368683,-37.0834,-39.149166,-37.57581,-39.562996,-39.821007,-41.274853,-40.18318,-44.715252,-44.036324,-45.10968,-46.0725,-48.80571,-51.19632,-50.11487,-50.901627,-52.267662,-54.18416,-55.461685,-56.610374,-57.059555,-57.977493,-62.452393,-66.71837,-66.85184,-68.58214
4032,True,-25.328995,-24.548452,-30.23061,-31.778776,-35.87133,-31.632694,-35.123756,-36.589016,-34.322216,-37.502678,-41.1058,-40.91716,-41.641964,-41.62243,-45.028553,-47.32795,-44.717476,-44.516495,-47.30908,-52.183327,-51.058388,-49.94628,-50.889336,-54.5879,-53.97066,-57.405746,-58.343678,-59.33664,-62.684235,-64.23088,-67.972755,-69.1959
4064,True,-24.128237,-25.367676,-29.231527,-29.27018,-33.67814,-35.65772,-40.45388,-37.15442,-37.703613,-38.49943,-39.84936,-41.805706,-40.503838,-41.657795,-42.028904,-44.61046,-47.993126,-45.0411,-50.161224,-49.3264,-49.98166,-50.35166,-50.686646,-52.209236,-54.69091,-56.96534,-58.28029,-60.489853,-62.18129,-64.37332,-66.27414,-68.487816
4096,True,-28.50961,-30.0447,-29.514055,-32.068344,-31.802195,-34.843815,-36.098984,-37.447323,-38.576576,-43.479733,-44.00141,-41.29109,-36.57806,-41.6643,-41.35579,-43.220825,-45.48626,-45.69681,-49.018677,-48.65235,-49.787292,-49.771477,-50.60322,-53.06459,-53.811817,-56.645126,-56.262897,-59.641037,-63.078537,-64.85366,-67.14732,-68.46763
4128,True,-22.771004,-29.724245,-30.277287,-31.276503,-30.00932,-33.25271,-35.838356,-38.787445,-38.553677,-39.501858,-42.50223,-39.586357,-39.57519,-40.89226,-43.407074,-46.59035,-47.27964,-48.65519,-49.88264,-50.791626,-49.027557,-50.572083,-49.712997,-53.306366,-54.699055,-55.973583,-58.27572,-58.25798,-61.992897,-64.95078,-66.38049,-67.36985
4160,True,-23.393654,-23.957243,-28.866814,-32.358364,-34.081123,-32.37451,-39.757362,-38.7108,-36.446903,-37.944893,-37.83386,-43.167206,-42.077656,-42.227024,-45.548553,-45.299835,-45.014652,-47.96577,-49.540276,-50.94543,-50.83142,-50.56598,-51.223747,-53.577766,-54.104584,-55.64476,-56.270348,-57.510788,-63.377754,-64.482834,-67.22631,-69.43434
4192,True,-27.496727,-25.130123,-25.343704,-30.00716,-39.19226,-38.006836,-39.13221,-40.834423,-39.098846,-40.68657,-40.30822,-40.358284,-41.173027,-40.661526,-44.246944,-46.45468,-47.54737,-48.603798,-47.188354,-49.66801,-50.569664,-51.47236,-52.008575,-53.167767,-55.981476,-55.432835,-57.213024,-58.949818,-62.634514,-63.921734,-66.753624,-69.56029
4224,True,-25.045794,-27.315102,-27.90472,-29.228024,-29.82622,-33.966194,-37.903217,-37.44456,-39.762806,-39.928516,-41.27594,-39.05059,-42.960136,-45.237392,-43.472637,-45.996765,-46.113503,-45.622578,-50.031925,-54.548706,-51.355743,-48.506195,-53.12715,-53.58959,-54.00301,-56.00041,-57.35623,-58.956356,-62.54961,-63.246387,-67.04978,-67.52211
4256,True,-23.973177,-28.725386,-26.991161,-28.432186,-32.36606,-32.196255,-39.526115,-38.983734,-36.71761,-39.162155,-44.32121,-41.77107,-38.6717,-41.07409,-43.713383,-44.75508,-44.742733,-47.064686,-48.465046,-50.114914,-49.528336,-50.37311,-52.118073,-54.35759,-55.577477,-55.102806,-59.50997,-58.58848,-60.955486,-64.11133,-65.923454,-69.398895
4288,True,-27.113869,-26.60015,-25.981651,-27.989838,-30.87372,-30.794834,-38.825413,-39.234222,-35.0348,-37.831577,-39.967075,-42.652893,-42.50119,-41.29835,-47.337074,-49.379044,-45.781334,-46.69712,-46.81889,-49.57396,-50.85621,-50.59404,-52.2053,-52.770355,-56.001846,-58.7731,-57.32802,-57.927948,-61.059837,-63.04266,-66.20259,-68.39273
4320,True,-28.526562,-26.536,-28.93502,-31.914865,-34.874264,-35.778355,-40.19798,-41.783463,-43.153423,-43.72902,-40.70095,-38.641186,-37.020115,-40.357517,-46.15641,-47.424187,-44.950184,-46.569847,-48.831963,-50.457195,-50.999573,-51.366844,-53.0223,-55.26217,-56.28496,-55.97661,-57.70733,-58.93113,-61.203087,-64.18911,-67.131615,-70.022545
4352,True,-27.052814,-26.515894,-30.661442,-31.794098,-35.65911,-35.08994,-36.4035,-34.556908,-35.059437,-40.20722,-39.1475,-39.79032,-39.773552,-41.686165,-45.346573,-44.20285,-46.88923,-49.014545,-46.18493,-49.80735,-50.21946,-51.46885,-53.23412,-54.077698,-54.468693,-55.436348,-56.95402,-57.885406,-61.407127,-64.09632,-66.84125,-68.71332
4384,True,-23.033276,-23.056206,-29.44256,-31.63536,-37.590046,-33.7401,-40.13165,-41.24197,-37.906452,-37.106266,-39.496872,-43.662598,-43.49018,-41.540237,-42.50101,-44.383427,-44.1397,-47.146378,-46.033497,-50.665928,-48.425262,-49.185127,-54.425903,-56.384777,-53.30307,-56.24023,-59.04875,-61.85887,-62.836166,-65.040886,-67.02513,-70.01649
4416,True,-22.56563,-29.296572,-31.723526,-32.073143,-32.763016,-35.62489,-38.573097,-40.725708,-40.446186,-39.87822,-42.879097,-40.365005,-39.261425,-43.719196,-42.708366,-44.387722,-44.43297,-46.054558,-47.639233,-51.118378,-50.64385,-54.845314,-53.180702,-53.57079,-54.894047,-55.717308,-58.008423,-59.695442,-62.429348,-65.5509,-67.74134,-67.63445
4448,True,-25.88976,-27.002167,-27.934381,-27.6766,-31.22613,-34.191147,-35.957798,-37.47202,-35.511696,-39.82777,-42.875595,-42.27753,-40.814743,-41.53027,-43.327713,-44.34918,-47.131084,-46.41725,-47.40042,-50.444,-50.441757,-49.928593,-52.036705,-52.810226,-54.091988,-53.894127,-58.804775,-58.165585,-62.259964,-65.248405,-67.57086,-69.60934
4480,True,-24.436153,-29.069311,-25.85356,-31.693136,-33.188538,-35.341934,-40.308197,-37.236668,-33.516045,-42.530857,-43.329903,-40.98938,-38.99508,-41.60148,-45.050236,-45.328323,-43.94948,-45.113457,-47.961735,-49.90796,-49.77589,-50.967155,-54.245644,-53.131126,-56.120304,-56.464134,-59.13107,-59.99745,-63.221546,-65.28103,-66.844604,-69.27543
4512,True,-27.024715,-30.449871,-32.634567,-31.08686,-34.134842,-32.60794,-39.023643,-39.26405,-35.26026,-41.271873,-40.533752,-40.673733,-39.385754,-39.62315,-43.15289,-44.766037,-45.612988,-47.48931,-50.23864,-49.533897,-50.43732,-51.098248,-53.829712,-54.345215,-54.621277,-54.895588,-58.212315,-57.59253,-60.622772,-64.951416,-66.504585,-68.666275
4544,True,-26.288874,-28.777464,-32.36983,-31.715925,-35.376507,-33.01193,-38.370995,-38.783264,-38.101284,-39.74915,-39.26881,-44.693394,-41.311382,-40.945015,-41.878506,-44.894257,-44.52187,-46.844032,-48.530483,-50.457962,-51.012424,-49.785084,-53.68522,-53.797234,-55.495113,-56.35084,-58.558388,-58.19513,-61.985775,-64.879654,-68.7035,-68.283066
4576,True,-21.029858,-24.762049,-30.9916,-33.866264,-32.519108,-37.611584,-37.798565,-37.00528,-42.405968,-39.96529,-43.929005,-44.640697,-42.24446,-42.225056,-45.300747,-45.93969,-47.342533,-46.943096,-48.34299,-48.785988,-49.475,-51.75697,-53.82246,-55.394577,-53.693153,-57.150986,-59.99247,-57.84739,-62.070698,-65.94862,-67.44623,-68.457596
4608,True,-25.3409,-24.882492,-26.76215,-29.205235,-32.948185,-33.80593,-37.49435,-39.164467,-40.569683,-42.101456,-42.922894,-39.277885,-40.14389,-40.563896,-49.677002,-46.624603,-49.98677,-50.81845,-45.339935,-49.00602,-50.396973,-49.95108,-50.923615,-54.536087,-55.056305,-57.105755,-57.111874,-57.912132,-63.28878,-65.119705,-66.525795,-68.18192
4640,True,-22.599453,-30.102556,-30.085657,-33.658794,-35.046402,-32.620373,-37.083317,-37.99327,-39.4572,-40.40537,-39.492123,-41.387447,-41.20605,-40.875404,-42.504684,-46.731422,-48.07136,-47.200016,-48.191124,-51.707626,-49.755077,-50.469555,-53.525505,-54.59818,-53.242508,-56.38783,-58.09204,-58.65768,-63.403526,-64.642136,-67.065186,-68.53156
4672,True,-25.036013,-32.756416,-28.591457,-31.161997,-34.41742,-30.794178,-38.142586,-37.57605,-37.167522,-37.5932,-40.237564,-42.72858,-41.64371,-40.45391,-42.314537,-45.52613,-47.729115,-48.974594,-49.408016,-49.57985,-50.997295,-52.17255,-53.72061,-53.934517,-55.48121,-56.67092,-57.561115,-59.435333,-61.37869,-64.804955,-65.55711,-68.358925
4704,True,-22.70565,-24.059555,-26.54704,-31.02921,-34.855446,-32.5946,-38.796783,-40.578964,-37.774765,-40.012802,-42.2744,-41.029083,-41.20336,-42.053574,-42.638786,-47.20363,-43.77729,-46.957798,-49.90326,-49.28537,-50.57498,-53.55057,-55.304398,-53.617874,-54.68859,-56.72041,-58.373814,-59.17932,-62.93084,-64.46629,-67.38169,-69.14089
4736,True,-23.820923,-21.942924,-27.392185,-31.916641,-34.368267,-34.930634,-42.238583,-36.609352,-35.027927,-39.990364,-42.852955,-41.79104,-39.531246,-40.708755,-41.388554,-45.94164,-46.90645,-44.764217,-48.584503,-50.990406,-49.86618,-48.973957,-51.109127,-53.759842,-55.136864,-57.1027,-56.58171,-58.342606,-62.81594,-64.380905,-67.25165,-68.540665
4768,True,-27.07324,-25.2099,-29.340403,-32.177162,-34.53194,-30.937014,-35.779423,-39.801064,-39.671436,-37.357418,-40.242954,-41.76702,-43.00054,-40.85276,-45.09325,-43.83425,-44.44578,-45.094788,-46.360367,-48.39196,-48.77617,-50.35148,-53.46544,-53.93364,-55.45961,-58.005516,-58.406445,-57.899536,-60.52286,-64.64641,-66.65103,-69.099045
4800,True,-26.155054,-26.670744,-26.11371,-30.54415,-34.965218,-34.741398,-35.705276,-40.20671,-35.83132,-38.14821,-43.257984,-43.984154,-39.69516,-40.261803,-40.152126,-45.053207,-45.41197,-45.353756,-46.44719,-49.00695,-50.353428,-50.48085,-51.186405,-52.70996,-56.837257,-55.50919,-56.414513,-59.146507,-60.950325,-63.933147,-65.706375,-68.01521
4832,True,-23.186874,-30.59186,-28.415745,-31.481358,-35.046112,-37.26983,-37.471725,-36.51215,-39.61458,-43.700336,-42.557083,-41.180134,-39.92596,-41.933575,-40.92655,-42.899345,-45.46031,-47.982796,-52.14295,-48.747234,-49.642,-50.04511,-51.502922,-53.709167,-52.030277,-56.194542,-59.10433,-60.406498,-63.233418,-65.07346,-67.41593,-68.70878
4864,True,-24.537518,-26.408216,-25.900152,-32.31426,-34.01855,-36.362972,-36.641594,-38.858994,-37.67668,-37.83002,-41.56781,-41.67986,-38.788788,-40.155224,-42.60061,-43.50663,-44.104607,-47.06871,-49.479347,-47.536655,-49.381367,-50.754326,-52.707096,-54.22996,-55.48305,-57.064682,-60.805058,-60.23133,-63.269882,-65.86532,-67.19947,-69.07395
4896,True,-24.752455,-25.915983,-28.62585,-33.016823,-34.52593,-33.53219,-41.216564,-38.777596,-34.846004,-37.782112,-41.716187,-39.892128,-39.619133,-42.75215,-43.327072,-46.28067,-46.57901,-49.97632,-48.203568,-50.07046,-49.041206,-50.13227,-50.72296,-54.038128,-54.305843,-57.18798,-60.24529,-60.16667,-63.602833,-63.91674,-67.05914,-68.71837
4928,True,-23.53735,-24.529371,-26.536963,-30.482035,-36.827503,-36.076374,-37.35166,-39.92228,-34.94437,-39.666428,-38.752903,-40.532055,-38.669415,-40.83267,-38.99215,-44.16018,-44.75025,-45.869614,-47.596405,-50.838997,-50.43117,-50.047523,-53.942715,-54.481846,-55.759598,-58.050163,-59.4682,-59.51447,-63.480816,-65.73062,-66.38051,-67.72789
4960,True,-26.28629,-26.382221,-27.771893,-34.56666,-33.23137,-33.23917,-38.714012,-37.912426,-40.2993,-36.732376,-40.55324,-42.506584,-40.944527,-43.95225,-41.809357,-44.16739,-44.293243,-46.757683,-46.19409,-49.18354,-49.068886,-51.189697,-51.579517,-54.139404,-54.35576,-55.89504,-58.510513,-60.88116,-62.788147,-66.385796,-66.74475,-68.34924
4992,True,-26.49094,-32.304043,-30.691734,-29.916103,-35.314533,-32.576096,-37.5368,-42.17701,-38.861977,-38.162838,-43.378582,-43.42405,-40.495094,-39.74507,-41.799847,-43.451344,-44.997116,-49.405155,-49.695927,-50.659176,-48.881794,-50.34538,-52.983517,-51.865707,-52.9224,-57.404686,-58.17719,-60.415398,-63.102295,-65.20426,-68.23503,-68.95207
5024,True,-22.756031,-24.706524,-33.013283,-33.31883,-31.95037,-32.275345,-37.264732,-40.67421,-39.05462,-41.42347,-39.89264,-39.9652,-40.540237,-41.290657,-40.607952,-43.058895,-44.62067,-45.77845,-49.15613,-50.57146,-50.464157,-52.092865,-52.984932,-55.719013,-55.393444,-58.231827,-58.042416,-59.420357,-60.665707,-65.40271,-68.272964,-69.43149
5056,True,-23.629438,-24.54863,-31.77822,-30.978569,-26.280495,-29.117596,-36.280663,-39.20014,-34.849648,-39.655975,-42.887245,-42.15767,-41.185528,-40.266415,-42.630383,-44.826477,-44.693188,-46.32141,-48.557343,-48.88076,-52.402115,-50.471806,-50.17875,-54.016235,-54.99166,-56.775673,-57.056534,-60.08216,-61.89145,-63.663475,-67.078575,-68.36948
5088,True,-23.763401,-23.356836,-29.99624,-32.33666,-31.328808,-33.571598,-38.472496,-40.178246,-36.30126,-36.543633,-39.65303,-39.85868,-42.200912,-44.41436,-41.883446,-43.545006,-45.56061,-43.375607,-46.431087,-51.464752,-50.837994,-51.469734,-53.624603,-54.52856,-56.309963,-55.81108,-57.793396,-58.29804,-62.952682,-64.65655,-65.64848,-67.61885
5120,True,-22.537062,-25.758762,-30.574501,-33.47944,-35.278427,-33.09205,-38.20359,-41.82554,-35.730484,-39.12923,-40.97422,-43.476048,-40.68834,-43.705006,-41.71824,-43.59444,-44.480625,-45.67051,-47.213596,-48.893448,-50.240547,-50.219517,-52.596634,-53.970203,-53.403366,-55.552063,-59.305424,-58.82828,-60.7476,-63.67919,-67.32161,-69.85384
5152,True,-23.407585,-34.217888,-31.918568,-31.662767,-32.849136,-31.211803,-37.532608,-36.578693,-33.383575,-38.671505,-41.287502,-42.19716,-45.211758,-43.37109,-40.171394,-44.58187,-46.87531,-48.53912,-47.454456,-49.50422,-50.199707,-51.059395,-52.82412,-55.234497,-54.66135,-55.06556,-58.88195,-58.35775,-60.21563,-63.190914,-66.795944,-68.373505
5184,True,-24.672338,-27.133963,-31.034048,-33.001564,-35.744156,-29.657623,-33.115253,-37.512474,-33.04858,-38.842365,-41.25362,-41.64967,-41.551666,-43.162895,-44.12877,-46.377712,-45.46122,-48.16957,-49.18518,-49.96134,-51.807667,-51.522423,-53.828396,-53.87752,-56.783222,-57.314995,-58.216103,-59.69171,-61.360252,-63.414997,-66.673454,-69.81806
5216,True,-28.125563,-29.318005,-29.755495,-31.621847,-33.709225,-31.805689,-36.249077,-34.782867,-32.807713,-42.95089,-42.527153,-39.016766,-37.223694,-41.082672,-41.21312,-43.268852,-46.04042,-47.16045,-51.198647,-49.690155,-50.78505,-50.124535,-51.512886,-54.086323,-54.576447,-56.7164,-58.505016,-59.24149,-62.831158,-65.30223,-67.12224,-68.164505
5248,True,-22.093533,-24.390078,-31.84575,-28.228706,-32.304913,-34.69981,-34.88119,-36.57008,-36.965775,-41.87729,-40.56948,-43.921326,-45.827248,-42.04428,-42.251778,-44.692863,-47.842537,-45.852043,-46.01933,-50.20723,-50.794712,-50.180145,-52.448677,-53.258213,-54.636757,-56.165718,-57.1416,-58.64579,-61.085808,-65.8031,-67.993935,-68.791214
5280,True,-21.81208,-26.961967,-32.27752,-31.496445,-31.40073,-33.67296,-36.480286,-39.102203,-39.337795,-38.72036,-39.263855,-41.962814,-41.397537,-39.885674,-43.004726,-44.709503,-46.95944,-47.16275,-48.591774,-49.49836,-50.8008,-52.625256,-54.327816,-54.53735,-56.05976,-58.395428,-57.16503,-57.040947,-61.765903,-64.51824,-67.304886,-69.41513
5312,True,-21.935537,-28.03419,-25.945099,-29.3977,-34.311096,-37.497383,-42.81681,-39.205765,-38.13591,-38.62383,-40.350266,-42.43526,-41.52248,-40.844196,-43.561234,-45.025715,-44.791813,-45.561546,-49.23449,-49.23077,-51.11784,-53.353867,-54.767326,-54.55619,-54.81277,-56.312897,-58.572403,-61.177616,-62.8915,-63.958626,-65.60584,-68.22869
5344,True,-24.390308,-27.044928,-26.91547,-33.869698,-33.378796,-31.683084,-39.038536,-40.10923,-36.34535,-36.254013,-41.54804,-40.94019,-40.87521,-41.032948,-45.86002,-47.49262,-46.016087,-46.492786,-46.83207,-49.4728,-48.295532,-47.62931,-51.6482,-55.08927,-56.48493,-57.308125,-58.83365,-61.035133,-64.906265,-66.05843,-67.806656,-68.85167
5376,True,-30.961226,-28.40474,-27.30251,-32.136475,-31.335445,-29.835842,-37.93005,-38.85458,-39.96356,-41.654095,-43.274345,-40.680614,-38.520935,-42.26942,-41.224983,-45.61328,-46.01574,-47.03039,-48.536583,-49.427834,-51.30886,-51.628227,-53.554947,-56.530563,-56.831646,-55.98636,-57.6889,-58.9994,-61.449924,-64.13233,-66.40108,-68.02549
5408,True,-28.419376,-30.170116,-32.30661,-33.88081,-34.908955,-29.711887,-35.546993,-42.029568,-40.336296,-41.399742,-41.00725,-39.399,-42.88674,-44.05639,-43.085953,-44.24126,-45.308132,-47.628548,-48.263744,-50.000286,-50.54607,-52.496346,-54.69874,-54.66686,-53.353645,-56.730156,-60.469967,-59.049065,-60.877018,-64.43566,-66.10725,-67.81732
5440,True,-29.262522,-27.808752,-27.143566,-29.414454,-34.181408,-38.17351,-39.331955,-38.168243,-36.305393,-41.848915,-39.817093,-41.247597,-41.61085,-43.74182,-45.67467,-44.495182,-45.157887,-46.61515,-46.70085,-48.270752,-51.021255,-49.314125,-53.2025,-55.042957,-55.962673,-57.058125,-58.048477,-59.23761,-62.929855,-62.911026,-67.31598,-68.099945
5472,True,-29.372063,-30.22105,-27.768162,-30.322397,-31.78175,-31.708555,-38.160774,-37.861755,-39.151825,-40.49681,-38.996456,-39.44814,-40.380836,-41.38742,-43.465736,-47.177906,-44.036655,-46.969296,-49.311146,-49.906574,-49.15515,-51.36911,-52.98674,-53.80053,-55.060368,-56.792908,-57.81313,-58.299133,-63.318783,-65.03787,-68.580246,-69.58311
5504,True,-26.300524,-28.22588,-32.835026,-31.77488,-34.14811,-32.520844,-35.576675,-35.583694,-36.411945,-41.2291,-41.45633,-42.598896,-41.802135,-41.14489,-42.31771,-44.64855,-47.37146,-47.18978,-49.369183,-50.681297,-50.52555,-50.053864,-54.974255,-55.358814,-54.714504,-56.430374,-56.82049,-60.54863,-61.99128,-65.458664,-66.7277,-68.320854
5536,True,-23.252132,-29.011772,-27.896158,-31.618795,-33.575413,-31.087845,-38.572052,-37.98899,-34.505123,-37.78376,-45.247795,-43.895477,-43.28057,-43.36727,-43.449265,-41.564064,-46.60109,-44.329605,-48.124393,-47.70643,-49.456085,-50.288982,-54.20454,-55.5747,-55.318977,-56.376797,-58.54934,-61.598896,-62.842617,-64.63025,-67.35204,-68.23775
5568,True,-25.696178,-27.344503,-26.202114,-32.511406,-38.119724,-36.003674,-39.295113,-40.403103,-35.93318,-38.168106,-40.943798,-40.00982,-39.86489,-43.123688,-41.514954,-47.344555,-46.110237,-44.210754,-47.36544,-51.953957,-51.524776,-53.70627,-53.088833,-54.558563,-56.08215,-57.67746,-58.780296,-60.196663,-64.33826,-66.184326,-67.19929,-69.569695
5600,True,-25.058907,-22.841915,-27.015417,-31.674917,-32.895412,-29.809128,-37.71309,-38.88051,-39.127518,-41.74691,-42.988792,-43.901287,-41.94012,-45.030155,-39.914494,-43.528175,-48.12325,-46.493134,-48.67714,-54.063705,-51.918633,-51.03586,-52.88241,-53.526134,-55.22339,-57.586575,-60.061485,-61.951084,-64.29526,-65.87881,-67.64626,-69.032295
5632,True,-25.459675,-30.790758,-27.35876,-32.640003,-33.730083,-31.390575,-41.5375,-38.883266,-32.883972,-40.23292,-40.45294,-41.503506,-43.99804,-38.719326,-39.899734,-43.435574,-45.82177,-48.246437,-49.68031,-48.60402,-52.007072,-52.33421,-54.028492,-54.039642,-54.43431,-58.619495,-61.126537,-62.523952,-62.360844,-64.5359,-67.26828,-69.161545
5664,True,-22.277452,-30.268888,-29.790302,-32.00485,-34.599384,-31.61875,-35.037262,-34.528236,-33.945335,-40.072395,-41.66671,-41.366306,-42.897484,-41.551838,-43.146328,-44.042007,-44.081875,-46.67246,-46.912758,-50.767265,-50.829582,-51.98677,-51.738228,-53.438602,-53.871937,-57.40389,-56.830467,-58.440136,-61.83031,-63.81332,-65.93431,-68.37004
5696,True,-31.168026,-29.7398,-31.052711,-32.934105,-28.766861,-28.344343,-32.4838,-27.190535,-29.153767,-34.598698,-33.399864,-33.248337,-34.583813,-38.85564,-35.029285,-32.436386,-27.252634,-31.514704,-40.476326,-41.83206,-42.707138,-43.19676,-41.6101,-43.32309,-43.26641,-40.421806,-37.759155,-32.52681,-27.167208,-26.602152,-30.10309,-31.615318
5728,True,-26.686485,-27.7231,-29.10301,-27.200493,-33.31114,-28.272955,-37.74914,-33.21036,-32.64601,-38.29771,-41.862022,-36.79427,-39.856274,-39.798923,-39.879116,-40.68785,-41.77543,-44.707184,-46.12496,-47.90587,-47.946373,-49.547104,-51.473316,-52.37206,-52.79052,-51.23274,-48.87981,-46.06269,-43.00025,-44.26927,-46.49447,-48.441044
5760,True,-22.041674,-24.864283,-28.695171,-28.964853,-34.055412,-33.583523,-35.58811,-38.100563,-36.206932,-37.244125,-42.202267,-42.03959,-42.11899,-40.252213,-43.22617,-45.326134,-47.089165,-48.383797,-47.44352,-49.01434,-48.837986,-48.47248,-52.93801,-53.209404,-52.301655,-53.617897,-54.998325,-52.9035,-49.357513,-48.786503,-51.541344,-54.76008
5792,True,-28.319033,-25.496887,-30.327362,-32.567238,-34.366013,-31.458622,-32.866272,-35.814957,-34.22445,-35.025772,-40.04455,-39.01361,-40.083992,-42.153503,-43.1887,-44.872383,-43.29725,-46.56193,-47.096954,-50.087208,-49.97435,-50.7667,-52.511375,-54.19945,-54.288902,-55.45332,-54.873085,-56.487232,-54.44335,-55.8937,-58.604378,-59.253048
5824,True,-22.821486,-28.488771,-29.69056,-34.8014,-37.80564,-32.62281,-38.00473,-38.821304,-35.736435,-38.98996,-38.227615,-38.777565,-39.235794,-43.711697,-43.19649,-47.167007,-45.39023,-46.00232,-46.820015,-46.98862,-50.094223,-51.483788,-53.980415,-53.95581,-53.55552,-54.73832,-57.571243,-58.78402,-57.45333,-59.738766,-61.133083,-61.580338
5856,True,-22.119696,-25.029089,-29.106125,-34.824245,-34.555965,-33.4607,-38.61495,-40.630135,-38.143223,-36.17687,-39.861,-38.6161,-37.307648,-39.12314,-42.153954,-45.006744,-47.034763,-46.36732,-49.55918,-47.820225,-50.618725,-51.773956,-53.0146,-53.841614,-54.107605,-56.74092,-57.75789,-59.246944,-60.859333,-61.7436,-63.88433,-65.53326
5888,True,-25.347828,-24.968794,-27.262724,-30.033867,-30.198214,-34.712147,-39.821728,-36.134632,-35.994564,-36.10864,-41.854,-41.2998,-39.873486,-39.87255,-43.464603,-44.7609,-41.84431,-46.050972,-48.404316,-49.358192,-50.55794,-50.245483,-52.665,-55.580822,-55.933136,-54.894226,-57.568363,-58.75534,-57.91664,-62.982155,-66.20849,-67.97553
5920,True,-25.001192,-29.585808,-27.474594,-29.141998,-31.168095,-32.04992,-38.210796,-38.089653,-38.674236,-40.284256,-41.974277,-38.493484,-38.162407,-38.8299,-42.734863,-43.423492,-44.75908,-47.653244,-51.104996,-49.644585,-49.668278,-52.095177,-52.001728,-54.712982,-56.43428,-57.984737,-58.295853,-58.05666,-61.631844,-64.28988,-67.74045,-68.16234
5952,True,-26.204601,-28.075623,-26.109768,-29.487684,-34.44222,-33.24425,-38.988667,-40.492058,-38.304756,-37.43116,-43.05803,-40.49513,-39.255753,-40.897106,-41.563026,-44.645187,-45.276302,-49.11289,-49.841694,-49.723434,-50.98851,-51.77801,-55.29361,-54.49349,-53.70314,-55.91377,-58.505463,-59.8273,-61.36292,-63.149612,-65.988625,-68.60158
5984,True,-26.038193,-24.456034,-25.519115,-30.41135,-34.36487,-33.150402,-36.991848,-39.029095,-36.85928,-40.679863,-40.044685,-38.873123,-39.639442,-39.39903,-42.92206,-43.391884,-46.021076,-48.151176,-48.525005,-48.6259,-49.491768,-49.10264,-54.102592,-55.20816,-54.917007,-56.051525,-59.15314,-59.306644,-61.8889,-64.49915,-67.179115,-67.48242
6016,True,-24.044262,-26.443148,-26.372232,-30.547325,-37.120075,-31.636255,-35.3099,-43.135963,-38.154522,-35.004055,-38.533722,-41.806965,-42.902237,-40.749565,-39.532085,-44.10715,-43.85992,-45.618103,-47.02629,-49.42545,-52.034145,-50.55085,-52.718166,-54.685093,-55.81585,-56.79576,-59.254765,-59.408897,-61.68215,-63.58006,-67.57255,-70.01967
6048,True,-24.740725,-25.992275,-25.090883,-28.130234,-37.281796,-36.313206,-40.489113,-39.47742,-38.51585,-38.390724,-43.22496,-42.624886,-42.186203,-42.07344,-46.26923,-46.37541,-43.223576,-45.78035,-47.091667,-50.48803,-49.42566,-50.628235,-52.267166,-54.99505,-54.10662,-56.44701,-57.882202,-61.685234,-63.27922,-63.118042,-66.0775,-69.03088
6080,True,-25.744913,-28.427353,-28.099773,-29.856241,-36.780754,-33.866066,-40.17843,-38.157143,-37.27461,-39.580708,-44.529327,-42.91671,-41.42724,-40.830307,-42.784515,-44.97628,-44.56114,-48.61492,-50.08488,-51.014656,-49.274536,-48.168636,-52.963997,-53.764732,-55.032143,-57.709538,-59.678642,-60.344578,-61.939842,-64.07963,-66.525314,-68.428505
6112,True,-25.371035,-29.727499,-28.565691,-30.586887,-33.155655,-33.71398,-35.380787,-39.015053,-38.968513,-41.277145,-41.31659,-38.05916,-40.197025,-39.473133,-41.818474,-47.483868,-44.32157,-47.519375,-48.50869,-47.40383,-49.95367,-52.310135,-50.996933,-52.32396,-53.557396,-54.259068,-57.00493,-58.193012,-60.993187,-65.15249,-67.875656,-68.03133
6144,True,-28.500536,-26.959293,-32.272633,-30.40392,-32.089912,-33.187576,-40.2891,-36.89773,-35.021637,-36.952847,-36.984196,-37.811836,-40.6711,-42.253082,-42.796993,-44.250378,-45.544914,-47.48302,-48.22973,-49.041985,-51.00239,-52.15942,-54.222454,-53.69706,-54.3863,-56.370712,-59.848442,-60.36888,-61.742992,-65.19065,-66.86864,-68.64724
6176,True,-26.891165,-22.413246,-27.409765,-28.588808,-36.679993,-30.994013,-37.142548,-37.78194,-36.866234,-40.759068,-39.02418,-39.644436,-41.2973,-39.24611,-43.53633,-45.80346,-47.23027,-49.718773,-51.70632,-53.53174,-51.87473,-49.830097,-53.004856,-53.667446,-55.636536,-57.007843,-58.19525,-61.642616,-62.15322,-64.58851,-67.240974,-69.77579
6208,True,-27.916016,-28.248981,-26.350613,-27.56859,-31.8208,-32.442844,-37.753685,-36.725277,-35.77532,-36.268166,-40.448917,-42.339016,-41.31112,-40.74308,-41.998543,-45.116077,-45.366325,-46.02779,-46.652874,-49.41725,-51.54756,-51.945084,-51.656628,-54.27235,-53.69697,-55.83812,-58.97678,-62.26444,-63.028946,-65.46732,-66.731026,-67.646576
6240,True,-29.510735,-31.670944,-26.628626,-29.986208,-35.027546,-33.74519,-37.91578,-38.531677,-37.39885,-40.77304,-41.02482,-39.517437,-39.73987,-42.054752,-42.937904,-44.829185,-45.19336,-48.518677,-49.967346,-49.02485,-50.724083,-49.90734,-53.133472,-53.550114,-53.18403,-55.24956,-58.04396,-58.501778,-60.525604,-62.86913,-64.50967,-65.18055
6272,True,-28.11277,-32.538982,-31.778002,-31.952694,-33.396545,-31.003706,-38.184746,-39.664886,-38.910194,-38.40804,-41.543633,-39.589382,-39.74313,-41.716904,-41.943436,-44.01411,-44.962616,-48.009293,-47.128716,-49.810844,-51.169594,-51.03817,-53.331787,-52.972076,-54.87848,-54.508606,-56.5202,-53.898674,-53.876785,-56.56597,-57.56305,-58.13395
6304,True,-27.634426,-30.962578,-30.75095,-33.85305,-31.465761,-33.285587,-33.553406,-38.201584,-34.886135,-38.410492,-41.47448,-40.823288,-45.92014,-43.610535,-45.363308,-48.61812,-48.955734,-49.952736,-49.816498,-53.614,-50.79575,-50.412487,-52.80207,-52.207253,-54.137955,-55.461967,-55.97748,-57.405,-60.891907,-63.933033,-65.72229,-67.21105
6336,True,-23.549559,-26.999886,-27.402327,-27.76495,-33.25545,-31.247961,-40.696518,-40.68863,-42.82532,-41.353386,-41.193,-38.043575,-39.96817,-39.340904,-40.284023,-46.59716,-46.466255,-48.674446,-48.39769,-50.003334,-50.74803,-48.99984,-52.81024,-54.15551,-54.117012,-56.411785,-57.94226,-58.54616,-61.814514,-64.64185,-67.31915,-68.706955
6368,True,-26.578228,-26.404167,-30.166208,-30.677336,-33.03704,-34.08162,-38.104095,-39.666847,-37.613598,-37.62383,-38.725166,-43.75833,-41.183464,-40.672794,-43.22885,-48.565502,-47.795483,-50.618015,-47.644333,-49.826702,-50.780354,-47.383194,-51.766323,-53.28701,-54.546284,-57.15118,-56.900658,-60.727127,-63.225883,-64.80672,-66.44181,-68.71983
6400,True,-28.89378,-28.518393,-28.739536,-30.872353,-35.794815,-33.76322,-38.299385,-37.49679,-35.270123,-37.06157,-39.426224,-40.157394,-41.935944,-40.423134,-41.18801,-43.58484,-46.817287,-50.009304,-49.128384,-47.501873,-52.295807,-50.84928,-52.75816,-55.577694,-54.974823,-56.774063,-58.775654,-59.78633,-62.58731,-64.389465,-66.830734,-68.875084
6432,True,-24.153872,-26.494503,-26.241123,-31.213509,-29.675638,-30.578222,-37.917114,-38.365906,-35.193237,-39.797337,-39.4437,-39.533325,-40.478767,-41.70258,-41.499767,-43.559654,-47.694393,-49.188427,-46.770935,-48.679596,-50.99209,-50.67183,-52.980045,-53.18458,-52.497215,-55.9749,-59.412125,-59.589592,-61.36188,-64.527,-67.78796,-69.053246
6464,True,-25.94433,-28.678076,-24.585423,-27.03925,-35.63961,-33.42912,-36.79691,-39.667923,-36.709934,-38.105732,-39.702206,-41.093452,-39.223965,-41.31475,-39.280792,-43.738785,-43.500484,-44.04885,-47.860813,-51.92742,-51.61089,-50.793377,-52.407322,-53.712086,-54.749237,-56.525845,-59.9496,-60.032444,-61.523636,-63.31341,-68.360954,-69.10025
6496,True,-27.20448,-27.802044,-31.067501,-30.941477,-33.52805,-33.507248,-35.454033,-38.77073,-38.031265,-39.842815,-41.660744,-40.88341,-41.671787,-43.309856,-42.834698,-44.046024,-47.401352,-49.292915,-45.90358,-49.280186,-51.013714,-50.95603,-52.496605,-53.825058,-55.965633,-57.098103,-58.83595,-59.119606,-63.68393,-64.51306,-67.722885,-69.796524
6528,True,-23.695469,-24.779036,-25.228216,-31.615715,-35.228733,-33.50433,-37.79465,-34.29487,-36.0129,-39.978897,-38.757965,-42.36863,-41.12693,-42.637943,-41.884476,-46.74517,-50.79927,-50.784794,-51.193726,-52.14371,-49.349995,-50.626865,-52.123684,-54.035114,-55.914883,-56.827396,-57.938232,-59.701122,-61.73351,-64.00211,-65.761345,-70.08495
6560,True,-23.35693,-27.085503,-27.972496,-29.492807,-34.85185,-33.591328,-36.730064,-35.010197,-34.85535,-37.13224,-40.596508,-46.200157,-40.20943,-40.787655,-42.04063,-44.073124,-45.55797,-46.7788,-50.45694,-50.599403,-50.771133,-50.923653,-51.46973,-54.86335,-54.74771,-56.53804,-58.418877,-58.50393,-62.060413,-64.710556,-67.52671,-69.042
6592,True,-22.723988,-24.190365,-24.789108,-28.932106,-33.180458,-34.31523,-37.81242,-38.674538,-37.12924,-38.16564,-42.86678,-41.92352,-38.541725,-41.965748,-41.297108,-44.49585,-46.84445,-47.680935,-48.51318,-52.78353,-53.817497,-51.25344,-53.010944,-54.023308,-55.220123,-55.97584,-58.92343,-60.046707,-61.801964,-62.97703,-66.58142,-69.27409
6624,True,-23.81036,-22.04482,-25.887415,-28.95157,-35.96081,-33.79166,-37.789833,-37.051853,-33.071796,-39.343357,-41.7886,-39.693466,-39.04755,-41.791805,-42.156254,-45.040543,-47.4925,-49.72493,-49.989372,-50.874332,-49.80153,-50.76323,-52.639618,-55.90336,-55.38301,-55.918365,-57.077835,-59.30626,-62.48596,-65.21164,-67.63146,-68.76745
6656,True,-23.075241,-26.374512,-26.041983,-29.412882,-31.09098,-32.689583,-40.325245,-39.39171,-35.320328,-39.150967,-44.604233,-36.440647,-41.15184,-45.786194,-44.14476,-43.786324,-46.45361,-46.45298,-47.994507,-51.70837,-52.699715,-50.511074,-53.02735,-53.26872,-54.02958,-57.85233,-57.311348,-57.96906,-62.3811,-66.21481,-67.056854,-68.93878
6688,True,-24.69035,-31.378601,-32.776924,-30.624462,-32.466877,-29.700945,-37.31659,-40.487778,-38.97058,-37.74823,-40.404892,-41.660492,-43.659744,-41.702316,-43.49262,-44.848194,-45.723206,-45.669563,-47.98881,-51.047615,-49.875713,-51.60314,-51.896248,-54.02913,-55.512962,-56.549896,-56.770584,-57.187607,-61.85574,-64.48253,-67.598175,-68.35506
6720,True,-21.9683,-25.760406,-26.340103,-30.383957,-39.52263,-36.68193,-37.966873,-40.59281,-35.550724,-39.881905,-43.763958,-42.116005,-38.369133,-39.0756,-40.53061,-42.615623,-43.947304,-46.995083,-48.921806,-50.891014,-52.096897,-51.23203,-52.582924,-53.35919,-56.344757,-55.51079,-57.443222,-61.44116,-61.806892,-65.36009,-67.61947,-68.33197
6752,True,-23.189688,-25.552242,-28.489931,-31.566038,-35.552048,-33.85903,-36.4731,-40.162132,-38.930923,-40.23722,-46.890343,-41.88169,-39.07845,-39.872112,-40.05295,-44.10175,-45.199184,-48.217384,-50.072636,-49.815025,-49.636784,-52.615223,-52.565598,-52.74149,-53.819805,-54.3362,-56.63467,-60.201637,-64.15824,-66.49549,-67.30613,-70.49925
6784,True,-31.009914,-26.829903,-24.537827,-28.683952,-33.035683,-32.43034,-35.077003,-35.973755,-36.42344,-40.91633,-38.855392,-40.47072,-40.09996,-38.62522,-38.7748,-37.811844,-36.010986,-40.047626,-45.548866,-48.23524,-49.992718,-48.736767,-50.24273,-50.734596,-50.353073,-47.257214,-49.84123,-42.380615,-38.462036,-40.905396,-41.849476,-41.910515
6816,True,-29.024837,-28.13818,-29.133112,-31.025324,-31.19259,-23.944363,-31.187382,-30.365414,-31.084196,-36.003696,-36.721264,-36.779453,-40.008614,-38.65936,-34.29027,-35.331367,-30.144918,-34.43184,-42.43019,-43.828125,-41.57415,-43.365536,-44.941727,-45.437145,-44.12211,-41.41205,-40.455227,-35.81783,-33.479904,-35.25254,-36.143547,-34.616962
6848,True,-25.806114,-27.002527,-30.085829,-33.970863,-35.408417,-29.732378,-36.305374,-35.949017,-35.334618,-40.79681,-41.937336,-38.394913,-37.02349,-40.518913,-42.658882,-42.098923,-42.80664,-45.615273,-47.331814,-49.23706,-50.16268,-49.516464,-50.263935,-53.549713,-53.58826,-53.833214,-53.025528,-51.25944,-46.928425,-47.601833,-50.388638,-49.088
6880,True,-20.76621,-27.94233,-25.311892,-31.180397,-33.089592,-28.80316,-35.45631,-36.04914,-35.272327,-41.87652,-38.382637,-40.593624,-40.43116,-39.732235,-39.71011,-43.104454,-47.05479,-48.888325,-48.91275,-48.59991,-50.81886,-48.683075,-53.682663,-55.550377,-56.12419,-55.257782,-55.61569,-55.519936,-51.79468,-52.940475,-56.170723,-56.693542
6912,True,-24.255688,-30.123325,-31.4377,-29.1807,-32.096863,-36.347748,-42.047962,-43.730904,-39.428482,-38.37116,-40.601,-40.306892,-41.14743,-41.36356,-39.948925,-43.99285,-43.61818,-43.27661,-47.86924,-51.3327,-51.614563,-51.57268,-54.432354,-53.889153,-52.472248,-55.702248,-57.591873,-56.718765,-55.821404,-57.637695,-59.372765,-60.683815
6944,True,-24.46208,-30.103012,-28.521786,-29.643322,-32.296432,-33.482643,-38.54659,-35.9907,-33.709503,-41.099945,-40.852516,-42.4815,-43.128586,-43.798027,-44.47209,-42.444275,-46.029762,-46.88115,-48.965145,-50.10822,-50.62244,-51.497963,-54.2511,-53.888084,-54.464386,-55.684982,-56.61036,-57.860474,-58.293175,-59.91951,-62.257965,-64.20291
6976,True,-26.625269,-25.429958,-28.62741,-33.60172,-35.74262,-30.305426,-34.83494,-36.362858,-34.487213,-39.580776,-39.307133,-39.583694,-40.72035,-41.06833,-41.68037,-44.537186,-48.54284,-46.637352,-47.473606,-49.88133,-49.13959,-51.227814,-53.640694,-54.636276,-55.54127,-56.39306,-57.5194,-58.08212,-62.08773,-63.3133,-65.12681,-66.31903
7008,True,-22.214104,-24.136297,-29.475624,-30.300446,-34.206333,-33.226116,-35.483547,-35.466827,-35.32964,-39.148045,-40.23453,-41.077923,-41.897568,-40.028526,-41.882355,-42.936363,-43.12073,-46.27137,-47.437077,-49.879875,-51.936832,-52.622536,-55.15721,-53.419243,-54.710636,-56.4684,-58.728363,-61.299538,-62.51307,-62.338097,-65.70256,-66.95441
7040,True,-25.322714,-29.260778,-25.425089,-29.638308,-33.58667,-35.77612,-37.064587,-38.87155,-35.444656,-40.265465,-40.61121,-40.92476,-40.293427,-44.234196,-43.068687,-45.3262,-44.05199,-46.398502,-47.85784,-51.079033,-49.321648,-51.589897,-51.632446,-55.296093,-55.792236,-56.209263,-57.8195,-58.87509,-62.993507,-64.69318,-66.35995,-67.17116
7072,True,-23.354858,-25.551197,-26.02522,-30.601719,-31.991634,-33.07903,-40.556522,-38.23946,-36.2685,-41.958862,-42.553448,-38.20319,-41.550354,-41.25113,-39.6455,-44.09835,-46.55762,-46.357803,-49.579407,-51.266838,-52.192745,-51.513702,-53.2395,-53.62276,-55.315357,-57.503857,-57.9373,-60.20455,-62.837593,-64.69302,-67.05524,-68.54038
7104,True,-21.706501,-25.93746,-27.24939,-31.220255,-34.61097,-32.074413,-39.858196,-44.76477,-38.031757,-37.056126,-39.9558,-39.714745,-41.106987,-41.790123,-43.518867,-44.605537,-43.720974,-46.72119,-48.75797,-52.826218,-49.155457,-50.96191,-53.574085,-52.789223,-54.03775,-56.2921,-58.17512,-58.494,-62.72338,-65.760864,-67.29773,-69.48192
7136,True,-24.77908,-24.951527,-25.505096,-31.437077,-36.76268,-32.64208,-42.023956,-42.96879,-37.337624,-40.142494,-44.120808,-41.8702,-45.00986,-43.96404,-41.294678,-43.49732,-45.007866,-46.64254,-49.251423,-48.974335,-50.48966,-49.499847,-51.99316,-54.43145,-55.207993,-57.387215,-56.34407,-58.648457,-61.792797,-63.014736,-66.15776,-69.30276
7168,True,-24.403908,-24.057894,-32.44167,-35.678204,-34.175213,-32.185547,-36.908318,-36.777206,-35.35869,-39.907917,-44.948227,-45.32831,-41.024517,-41.0741,-42.632904,-45.07765,-48.188965,-46.669865,-47.4907,-50.735706,-53.26414,-50.370186,-53.028404,-53.094715,-53.10339,-58.588047,-56.818256,-58.881016,-62.573452,-65.66936,-66.80973,-67.68725
7200,True,-25.70823,-26.482815,-28.275364,-29.620548,-35.41662,-35.773674,-37.871395,-39.704826,-37.347282,-38.031967,-39.463158,-41.21768,-39.27154,-40.08368,-41.37288,-46.526295,-46.943096,-47.4791,-51.205708,-47.425125,-49.753258,-49.40766,-53.113003,-53.35556,-55.828583,-54.82791,-56.14131,-57.59035,-61.74536,-64.99625,-67.70801,-67.93041
7232,True,-22.412533,-26.591667,-28.052372,-29.232786,-35.540943,-33.009712,-38.84801,-38.155598,-36.30315,-40.85727,-41.676136,-41.481903,-42.985806,-40.235847,-41.906525,-47.07374,-48.680607,-48.15283,-50.052624,-48.167004,-52.31909,-53.507557,-52.83663,-53.938335,-55.614086,-57.84169,-58.414665,-57.93224,-61.334366,-65.81573,-68.381134,-70.39372
7264,True,-21.295721,-23.596228,-23.499662,-28.351744,-33.010944,-32.69181,-37.54086,-40.37068,-33.065002,-38.69187,-40.360256,-39.25757,-40.477978,-41.718273,-41.386734,-43.897358,-44.356277,-47.646248,-49.18598,-49.846653,-49.21315,-51.96506,-53.155113,-55.144394,-56.3167,-55.970226,-57.68177,-58.822826,-63.514023,-65.50696,-65.58437,-68.802345
7296,True,-21.770847,-26.472927,-27.552996,-29.698866,-31.846573,-32.30918,-39.29485,-40.157036,-40.713272,-40.338486,-40.426632,-37.88932,-38.570885,-40.60753,-43.065777,-43.8138,-42.630577,-46.04281,-50.47066,-52.94338,-52.82077,-49.72405,-52.938786,-53.9618,-55.428978,-56.06803,-57.04226,-59.713577,-62.611908,-66.0015,-66.83077,-67.548874
7328,True,-25.410402,-24.50984,-30.376904,-29.797976,-32.129917,-30.32996,-37.022957,-38.751427,-35.736176,-39.168476,-42.62011,-42.120445,-41.048756,-41.600452,-41.0512,-44.380333,-46.454964,-49.071968,-49.371246,-49.239212,-49.929947,-50.348457,-53.961006,-53.862877,-51.38516,-55.066704,-57.220898,-59.661583,-62.86097,-63.335213,-64.78638,-66.45824
7360,True,-27.000048,-28.261814,-32.2558,-34.277794,-32.918633,-31.43936,-39.345993,-38.818695,-35.757507,-39.98382,-36.671276,-41.36579,-41.872845,-43.303013,-43.82151,-43.021713,-43.355087,-46.90227,-49.4667,-48.7628,-49.525333,-48.029045,-51.406254,-54.70437,-55.16367,-56.041122,-54.931114,-53.766533,-54.92188,-52.07818,-53.619873,-56.730732
7392,True,-25.51065,-29.126074,-27.5131,-29.846348,-35.746025,-38.15694,-39.39563,-37.696945,-35.341354,-40.449177,-39.28295,-42.47052,-41.429123,-41.259197,-42.054085,-45.7423,-45.55587,-47.84969,-49.09792,-47.95391,-48.790314,-49.208427,-51.71341,-53.98517,-53.322483,-55.06369,-56.85928,-59.74636,-61.602913,-62.44141,-62.850174,-66.76475
7424,True,-23.40932,-28.262142,-30.630724,-30.586626,-31.922453,-34.862152,-39.07556,-35.03823,-35.60086,-40.192886,-41.93497,-38.28897,-38.63319,-42.79272,-39.758667,-42.818638,-46.464233,-47.09394,-44.98893,-50.18211,-48.599342,-49.41994,-53.972412,-55.5343,-53.522934,-57.108368,-57.985657,-60.007824,-62.740063,-63.15189,-66.23445,-67.90414
7456,True,-20.86633,-27.733538,-30.017296,-31.29493,-31.630852,-31.996927,-37.51332,-40.55108,-42.168957,-41.071163,-41.929176,-41.88375,-42.74931,-41.088833,-39.324295,-42.497047,-47.99539,-48.444206,-46.82043,-50.44848,-49.951614,-49.645897,-52.096848,-56.231556,-53.167374,-55.52988,-58.03504,-59.011925,-63.190464,-63.353214,-66.69759,-68.96662
7488,True,-23.037987,-23.048878,-29.88037,-26.651793,-28.751505,-32.896374,-35.94632,-37.494324,-37.878414,-41.167835,-43.17524,-43.83288,-41.308174,-41.561264,-45.532604,-47.472263,-46.30743,-48.632965,-49.275024,-51.549873,-50.319996,-49.581905,-52.72415,-53.84724,-53.52898,-54.53569,-60.369675,-61.152824,-62.57179,-64.80057,-66.899445,-67.30824
7520,True,-25.538628,-26.030037,-30.01333,-33.165524,-35.187798,-32.399582,-35.762512,-36.592834,-34.497875,-40.488377,-44.52612,-39.733753,-40.674294,-39.897896,-40.943188,-46.75991,-46.56124,-47.43434,-50.606117,-49.295235,-48.968117,-50.156055,-52.489258,-53.238815,-54.023483,-57.794296,-57.512566,-59.40199,-62.313465,-64.34407,-66.14577,-67.676865
7552,True,-25.935362,-29.681921,-26.884068,-29.41251,-33.546684,-30.850834,-35.96207,-38.383522,-34.451557,-39.909256,-43.681644,-42.16411,-42.239796,-42.83411,-41.689724,-46.63311,-44.88544,-46.662422,-47.378227,-47.583443,-47.91938,-49.81468,-51.168922,-54.147392,-57.02751,-57.33571,-57.893112,-61.196445,-63.759693,-65.496895,-65.92465,-68.08825
7584,True,-24.396183,-25.313396,-26.959665,-26.237267,-33.41983,-31.256723,-36.86438,-39.348484,-37.38876,-41.435593,-43.865227,-43.326973,-42.889957,-40.80165,-41.88598,-45.78837,-46.485672,-45.11204,-48.57635,-49.673126,-49.59343,-48.3141,-51.82312,-52.144375,-53.788868,-56.33655,-56.176727,-58.39079,-61.928047,-64.45178,-66.5318,-68.545746
7616,True,-24.59604,-28.769482,-28.97867,-28.788671,-34.890728,-35.819912,-38.349693,-37.488895,-38.65089,-41.510582,-39.97598,-43.167404,-39.49128,-40.89855,-45.233093,-43.80899,-43.84491,-44.66,-47.462807,-48.878967,-49.928368,-50.495342,-52.718536,-52.817543,-55.321312,-56.550083,-57.89503,-60.171947,-62.539604,-64.34739,-67.33958,-68.71972
7648,True,-26.487608,-25.69029,-28.17762,-31.647614,-32.554985,-32.94157,-36.972145,-38.459297,-37.230125,-37.765507,-42.453876,-43.5145,-44.340843,-43.412872,-42.734837,-43.30429,-42.001476,-44.884926,-48.1028,-47.597996,-48.33874,-49.798355,-52.812363,-54.877224,-55.31829,-56.328197,-59.36654,-60.767063,-62.857605,-63.871365,-65.89468,-69.22345
7680,True,-24.973356,-25.609337,-27.762777,-32.578438,-32.645844,-36.16251,-38.168934,-34.93007,-35.953392,-39.63892,-44.92804,-40.602043,-40.79505,-43.525463,-44.478615,-47.196404,-46.51921,-45.59671,-47.37221,-49.08419,-49.34566,-49.699955,-52.645565,-53.41223,-53.37643,-57.1628,-59.651344,-58.908653,-62.159023,-65.25505,-68.17044,-68.895
7712,True,-27.365513,-28.99291,-27.8982,-30.138237,-37.34025,-32.827354,-38.050377,-37.64728,-34.418472,-42.185474,-43.76402,-41.566586,-39.552338,-40.96221,-41.36978,-42.166473,-43.46678,-45.99276,-47.67303,-50.518417,-51.302715,-50.98087,-51.725296,-53.789715,-55.454926,-56.85334,-58.68463,-59.525146,-62.634205,-65.39114,-69.44834,-67.32138
7744,True,-24.107714,-26.633324,-28.07643,-31.738903,-36.825127,-34.564262,-36.781536,-36.681095,-36.97245,-42.059265,-40.452465,-39.654953,-42.21685,-43.618935,-41.16488,-44.8323,-45.5777,-47.729855,-49.384247,-48.385178,-47.92811,-49.557312,-52.745766,-53.717575,-54.605156,-57.811165,-57.458305,-57.357883,-60.486046,-63.721146,-66.59478,-69.34421
7776,True,-22.419157,-25.26764,-31.540302,-34.330795,-36.62939,-35.02504,-41.141006,-37.55867,-32.860638,-39.92313,-38.608795,-44.421844,-41.283028,-44.35679,-45.677837,-45.832245,-44.750572,-48.004528,-45.79103,-50.686718,-49.12835,-52.229538,-52.778748,-52.818344,-54.17331,-55.149803,-58.489765,-57.649773,-62.1744,-65.0758,-66.36455,-69.36313
7808,True,-23.367884,-29.645695,-26.214314,-32.48597,-32.619785,-32.832943,-37.95569,-36.59606,-37.975403,-38.816605,-39.375534,-39.641415,-40.61829,-43.153057,-38.703743,-43.805733,-51.466106,-48.818657,-50.471367,-50.02472,-47.422363,-49.960594,-53.278904,-54.367527,-55.78927,-57.82621,-57.760384,-59.18245,-61.18662,-63.544098,-66.24797,-68.25523
7840,True,-27.749481,-26.468657,-26.00854,-30.587437,-38.201786,-30.95119,-39.362263,-39.036636,-38.53725,-39.466892,-40.655136,-39.938576,-39.852516,-44.62024,-43.670845,-45.014633,-46.848274,-44.873695,-50.067276,-49.71978,-51.00596,-50.412018,-52.048985,-52.60162,-54.723248,-55.93887,-57.299038,-57.993286,-61.6114,-65.1315,-67.709404,-68.337265
7872,True,-26.145027,-28.602795,-29.281466,-30.43578,-34.48154,-28.847153,-35.17494,-30.157316,-32.058334,-34.636497,-39.21953,-36.75033,-38.25785,-38.03535,-34.49571,-31.383816,-27.87692,-32.301765,-40.49788,-41.368805,-43.080994,-41.616558,-42.609463,-46.530872,-43.686867,-41.39902,-37.199142,-36.509827,-28.19136,-26.947666,-30.946053,-33.36546
7904,True,-20.733528,-24.947628,-24.417778,-30.33685,-35.597366,-33.65892,-37.53247,-31.088163,-30.483643,-40.78273,-41.652977,-37.92771,-38.947037,-39.46207,-42.277584,-40.385223,-39.335297,-41.895603,-46.217438,-46.874702,-45.137997,-46.589546,-48.364456,-53.134422,-51.511955,-50.117554,-45.465282,-46.0627,-40.924553,-42.131084,-43.866226,-44.959354
7936,True,-26.8859,-26.06077,-27.15733,-29.729326,-37.232544,-32.570396,-33.837463,-36.932186,-33.38836,-38.153996,-39.35925,-40.20323,-40.109882,-42.700657,-39.277634,-42.0661,-43.374172,-43.52658,-47.214493,-47.526814,-49.18325,-51.283592,-51.984653,-54.304703,-52.02719,-55.46928,-54.273567,-55.024834,-48.4164,-47.69781,-51.775093,-54.241196
7968,True,-26.372242,-23.844336,-29.292505,-30.137093,-36.190144,-33.423508,-38.075176,-40.710815,-33.33034,-37.995564,-42.067856,-41.116566,-41.464046,-43.39207,-40.91406,-41.960167,-42.674828,-45.340813,-46.14917,-47.390182,-47.93068,-48.988804,-52.464096,-53.20198,-55.13124,-55.522964,-53.84953,-55.27481,-53.85518,-54.64427,-59.21501,-59.030106
8000,True,-26.717,-27.625723,-23.6777,-29.405418,-33.64726,-31.321434,-39.589264,-38.90072,-38.098194,-41.37684,-43.615448,-40.15392,-39.981647,-41.623825,-43.06576,-41.452137,-43.76323,-46.214104,-49.47571,-48.81897,-51.92852,-51.75448,-52.94335,-56.411266,-56.276512,-57.32468,-56.06974,-57.616898,-56.457653,-58.569115,-62.67549,-62.25354
8032,True,-24.666025,-28.885698,-28.111639,-33.38055,-35.97535,-31.636265,-37.418175,-38.68013,-38.432247,-41.987247,-40.15027,-41.550514,-40.498222,-42.502426,-40.709274,-44.41517,-44.83255,-46.174927,-48.016045,-48.12027,-48.484123,-50.366432,-54.08237,-55.3245,-55.105446,-57.49885,-57.46116,-59.48722,-60.09634,-60.304684,-64.25221,-64.78407
8064,True,-29.026245,-27.425272,-29.015902,-29.297539,-31.240898,-34.379128,-42.340973,-36.68175,-38.617863,-40.868298,-41.785477,-41.35113,-42.54147,-42.841698,-44.32171,-45.294018,-44.67093,-45.363735,-48.19197,-49.90187,-50.616295,-50.74681,-51.845543,-54.51982,-54.99867,-58.091537,-59.71188,-59.443268,-60.979248,-62.507874,-65.53554,-66.90883
8096,True,-26.279734,-25.390108,-30.257196,-30.624496,-35.02848,-33.80776,-40.001114,-42.132416,-36.975407,-37.978607,-41.17933,-43.546272,-40.5233,-42.59153,-42.635513,-44.32783,-41.16471,-45.251575,-46.529728,-49.11863,-50.280037,-51.082226,-51.95198,-53.653755,-53.97708,-56.967636,-58.69303,-59.75439,-62.063393,-65.12175,-67.44672,-69.10441
8128,True,-23.458841,-24.917488,-30.232523,-30.914211,-33.35594,-33.31386,-38.404766,-36.535603,-35.86196,-41.832996,-41.68577,-40.346355,-42.689148,-42.457737,-42.75631,-43.58747,-43.997383,-47.3413,-46.909794,-47.257202,-49.660698,-50.205948,-51.18303,-52.169167,-53.434288,-55.959488,-57.67275,-59.673912,-62.94809,-63.573765,-65.52798,-67.99172
8160,True,-22.635756,-29.828308,-27.985188,-32.725285,-36.22515,-34.521305,-38.25069,-41.68097,-37.78461,-37.211346,-39.65039,-39.7813,-41.233517,-41.818497,-40.23884,-47.28704,-47.79917,-48.789272,-50.64239,-48.964897,-50.473118,-51.26309,-54.504486,-53.333916,-53.665375,-57.281967,-57.862457,-59.80417,-62.782475,-62.494053,-68.28742,-67.80527
8192,True,-25.035908,-30.634037,-29.179943,-30.705334,-37.993114,-40.722042,-38.18102,-38.229828,-40.04562,-41.43683,-43.738705,-43.83488,-43.336903,-42.860397,-43.479332,-43.207275,-44.03295,-46.464104,-46.619934,-47.92995,-50.76715,-50.161095,-53.756298,-54.576687,-55.766563,-56.56364,-59.430355,-60.17112,-62.687157,-65.276886,-65.44477,-67.5209
8224,True,-27.210014,-27.401402,-29.907015,-32.219357,-35.835243,-34.031082,-35.54707,-36.30882,-36.07124,-38.377193,-42.32224,-41.348785,-44.198692,-43.24243,-39.12978,-42.46736,-45.527336,-46.292233,-49.677353,-48.893238,-49.413204,-50.969383,-52.563766,-52.830048,-53.775803,-55.99613,-57.361065,-58.50608,-63.097706,-65.27198,-68.359184,-69.69667
8256,True,-27.835121,-26.163845,-26.682796,-31.742943,-35.73539,-30.669813,-39.294838,-39.307587,-38.17289,-41.07163,-40.60718,-41.272007,-39.429447,-40.48037,-40.156624,-44.536003,-44.91559,-48.605923,-53.409153,-49.481815,-50.81329,-51.385124,-51.40429,-54.0395,-54.926064,-54.87589,-57.7759,-59.00714,-61.69229,-64.20231,-67.64226,-69.35044
8288,True,-22.220852,-22.56813,-25.320625,-31.9931,-33.520607,-31.01407,-36.288227,-37.150887,-33.81015,-41.42593,-45.14587,-40.285362,-40.86222,-41.01268,-41.358795,-44.05485,-46.342354,-47.862,-50.12832,-51.37772,-50.554337,-51.669098,-54.02399,-54.225826,-54.687195,-57.25396,-57.83081,-58.667595,-63.957077,-65.45575,-68.61665,-69.60849
8320,True,-27.828882,-27.853395,-27.08028,-29.265274,-29.551811,-32.25408,-34.880924,-36.63736,-36.85513,-40.455627,-45.93879,-42.914143,-41.051502,-42.402744,-39.875153,-44.15982,-46.512722,-49.024307,-47.132336,-50.70576,-49.73492,-51.867226,-54.16811,-55.39395,-55.485477,-56.60939,-58.353645,-56.71684,-62.315197,-63.88809,-65.347946,-68.68976
8352,True,-23.727192,-26.736187,-28.258259,-30.64495,-32.5948,-33.059753,-37.026913,-36.193905,-35.174244,-40.612637,-41.195374,-40.913963,-42.172817,-42.68974,-41.087708,-43.868126,-44.00007,-45.802757,-49.11112,-49.545403,-49.479973,-50.02709,-52.29042,-54.270016,-55.490166,-57.355125,-59.177975,-59.949394,-62.62524,-65.92333,-67.13251,-67.74486
8384,True,-24.260048,-26.88837,-29.119797,-30.92539,-32.609295,-32.07437,-39.2476,-37.735085,-37.60798,-40.534252,-39.32933,-39.475613,-39.61004,-40.809845,-43.70527,-44.17334,-46.524563,-46.799488,-51.22763,-49.637524,-51.332607,-50.650932,-53.594826,-53.296284,-54.74305,-55.564304,-59.24209,-59.595245,-63.39142,-65.11221,-67.084,-67.586
8416,True,-25.965929,-25.704748,-27.289078,-28.63945,-31.538527,-39.399857,-38.278175,-36.546955,-35.977684,-38.42997,-42.68976,-41.884518,-41.20523,-40.96092,-41.849617,-46.588383,-46.940086,-50.02138,-47.64528,-48.266243,-48.37069,-50.26621,-53.19506,-53.532135,-53.64627,-56.666748,-56.33678,-54.31771,-53.325333,-53.08972,-53.70433,-56.491478
8448,True,-24.644676,-28.631618,-24.81705,-28.286999,-32.073563,-31.343424,-35.994312,-39.248497,-37.666958,-40.163734,-39.754898,-40.07905,-40.132603,-41.871254,-41.74263,-42.44896,-44.570175,-45.22997,-50.614487,-48.16202,-50.190586,-49.57573,-53.05548,-52.97243,-52.921635,-56.30995,-56.10851,-56.304787,-57.32475,-59.239384,-58.304626,-62.572247
8480,True,-24.798172,-22.712505,-26.440052,-29.878428,-30.970602,-30.609777,-37.718296,-41.69184,-35.736294,-36.377853,-41.26919,-42.742645,-40.85312,-41.131397,-42.28069,-43.233124,-45.943993,-46.324165,-47.439426,-48.66445,-48.660942,-48.858437,-52.796497,-54.312855,-53.703415,-56.400585,-57.276287,-58.43204,-60.321583,-64.461426,-65.76997,-68.58545
8512,True,-24.159983,-27.81815,-28.872234,-31.35267,-36.04207,-33.290016,-38.070496,-38.078533,-38.444725,-41.830997,-39.887276,-38.750347,-42.344505,-40.78347,-40.01827,-42.826694,-45.05385,-50.160095,-51.341362,-52.326694,-50.097546,-49.721214,-54.73587,-57.279663,-54.344784,-54.64933,-56.35716,-58.77957,-61.35454,-65.34215,-66.01152,-69.35151
8544,True,-22.924866,-27.825804,-27.659897,-30.229856,-31.236975,-35.63572,-36.472813,-35.67424,-36.71537,-41.711113,-43.353424,-39.44737,-43.154457,-42.166725,-44.137634,-43.22514,-45.704193,-48.864918,-49.959328,-51.43396,-50.90179,-49.22937,-52.579445,-55.200428,-54.88066,-55.35069,-57.900524,-60.62015,-62.447628,-65.20095,-68.02661,-68.79759
8576,True,-27.220161,-26.846914,-31.902514,-30.850807,-35.874073,-36.256863,-41.971825,-39.627422,-36.695896,-39.599,-41.280613,-39.62362,-42.620777,-40.98349,-42.427032,-44.09906,-45.18259,-49.966206,-48.039215,-49.278015,-49.785988,-51.31163,-52.27604,-53.61817,-56.113922,-57.056183,-58.155968,-57.764076,-61.839046,-65.80646,-68.368645,-70.260666
8608,True,-23.248047,-27.967127,-28.835335,-27.030088,-33.313927,-31.47744,-39.758194,-37.659134,-37.012215,-38.869232,-41.09751,-38.092216,-41.017662,-44.948944,-44.459576,-44.504837,-49.042397,-49.122585,-47.721985,-50.038017,-50.265316,-52.29309,-53.46071,-54.731373,-55.0539,-55.77083,-57.904053,-60.34535,-62.36003,-65.695755,-69.21792,-69.81305
8640,True,-25.668879,-26.686325,-31.564617,-35.577324,-34.120525,-32.65846,-38.325394,-37.700523,-39.619766,-37.981487,-42.98206,-46.180035,-43.765358,-43.225246,-43.85796,-42.301632,-43.05588,-48.157547,-48.78321,-52.227943,-53.22956,-50.726585,-51.107746,-53.45882,-53.545227,-56.143402,-57.418972,-60.410465,-62.720333,-65.43973,-67.40832,-69.2021
8672,True,-27.008677,-31.611824,-28.817122,-34.22647,-34.311264,-34.11776,-36.010796,-37.87034,-34.413242,-38.18654,-39.973324,-42.95305,-40.794174,-45.190216,-40.66794,-43.481903,-48.313976,-47.491512,-48.673088,-51.98311,-52.97184,-50.180878,-50.590797,-54.90621,-56.049706,-57.94213,-57.45761,-60.21702,-62.975998,-64.76245,-68.21524,-68.670685
8704,True,-29.983023,-30.423079,-27.882343,-29.580463,-32.93223,-33.42018,-37.604797,-38.53513,-35.226475,-39.589085,-41.89646,-41.009293,-40.938614,-41.096073,-42.590862,-44.968838,-46.251102,-47.385902,-46.363598,-51.885498,-50.120453,-49.605297,-51.450874,-52.621765,-54.32516,-57.47328,-59.31642,-59.776096,-61.921345,-66.86959,-68.05704,-69.35274
8736,True,-21.708416,-28.625051,-34.28666,-31.844387,-32.40916,-31.903133,-35.69567,-38.888794,-38.256157,-41.342243,-42.444096,-39.899677,-41.23625,-41.999977,-41.572334,-45.36387,-44.95175,-49.184242,-47.64368,-51.07792,-52.7783,-48.97026,-52.426414,-53.35634,-54.227425,-55.601486,-57.66799,-58.204544,-62.314087,-65.11415,-66.95167,-68.13918
8768,True,-25.10827,-27.588816,-25.585655,-29.535416,-33.497776,-34.84534,-40.00276,-45.535294,-39.512497,-39.357025,-42.399475,-42.2687,-41.959427,-43.089787,-43.644062,-45.783543,-44.02943,-46.611984,-50.502853,-48.68233,-47.875496,-48.676525,-50.503815,-53.258663,-54.47607,-56.234222,-58.53112,-58.90711,-63.059937,-64.16411,-66.60274,-68.05095
8800,True,-20.812374,-28.229351,-30.001715,-30.911333,-35.394424,-34.45494,-43.407867,-38.638866,-39.991787,-41.343884,-42.810802,-42.759724,-40.76162,-43.22625,-39.854748,-43.227657,-45.222145,-45.565605,-47.046448,-48.72882,-49.32791,-50.194622,-51.17698,-54.70606,-54.90763,-56.167072,-57.13476,-59.126328,-63.10721,-65.12508,-67.13706,-69.179665
8832,True,-24.098003,-30.717052,-31.016602,-32.754093,-35.969105,-34.403866,-39.00776,-40.49503,-38.60502,-39.852028,-42.200413,-43.586956,-44.19088,-42.28121,-42.97617,-44.89386,-44.00666,-45.542377,-47.448967,-51.424175,-49.65815,-49.76499,-52.292675,-53.87864,-54.658657,-55.050163,-57.088432,-59.19138,-61.44748,-65.82962,-68.43876,-69.14079
8864,True,-24.162855,-27.39466,-24.522608,-28.02324,-37.52745,-33.641716,-37.560196,-36.17034,-36.375328,-39.079773,-43.09118,-41.80361,-38.908318,-41.06066,-43.42178,-45.209923,-45.462616,-47.666954,-49.32329,-48.53678,-49.117374,-51.662033,-54.49198,-54.64455,-54.988396,-56.82179,-57.91725,-60.228344,-62.899185,-63.024773,-66.05717,-69.178375
8896,True,-21.825655,-27.672178,-25.383242,-32.36398,-34.988655,-33.315323,-38.90451,-39.733013,-37.923653,-42.59977,-44.09404,-42.02144,-43.096573,-43.196888,-40.88226,-44.73856,-45.155636,-47.0619,-49.249237,-51.529564,-53.205036,-50.97103,-53.23993,-53.705498,-54.37861,-55.76161,-58.141228,-59.3658,-60.94239,-63.803192,-65.11832,-69.13556
8928,True,-28.31786,-26.022976,-27.857304,-32.219646,-35.558636,-30.033228,-36.120255,-37.9863,-35.547203,-40.3367,-42.73694,-40.596104,-43.246826,-44.505775,-42.28832,-41.629253,-43.292915,-49.48614,-49.769917,-51.568527,-52.715347,-52.14935,-52.58188,-52.48671,-53.72265,-56.285213,-58.118073,-58.0831,-63.420418,-65.49628,-67.9128,-69.0069
8960,True,-25.309717,-29.572266,-26.430368,-37.197556,-35.648468,-31.39919,-33.97446,-38.467888,-37.7437,-40.883068,-38.79064,-42.156044,-41.26328,-45.501553,-40.904633,-45.154438,-43.310127,-45.792336,-50.277344,-49.46801,-51.296192,-52.38845,-53.247875,-55.80811,-54.965286,-53.526688,-58.738884,-56.894295,-50.810562,-53.629456,-55.629524,-55.269844
8992,True,-24.276897,-27.41849,-29.359179,-30.523539,-27.110102,-26.296822,-31.20147,-29.816496,-31.80171,-34.370754,-33.986237,-32.529297,-35.251507,-38.387722,-36.92543,-32.434967,-28.511152,-32.427128,-40.77353,-42.89843,-43.58147,-41.89798,-44.327274,-47.069622,-42.558407,-37.295338,-36.972996,-33.709675,-28.243238,-32.063797,-33.81709,-33.472904
9024,True,-21.585024,-26.216145,-30.44954,-33.719837,-29.992771,-28.201084,-38.98172,-37.64512,-36.1094,-42.894245,-42.3631,-37.921963,-42.239147,-43.993866,-45.197563,-41.87919,-43.69256,-46.33851,-47.136044,-48.29874,-49.142723,-49.112732,-50.66571,-52.740784,-53.403755,-53.63849,-51.124058,-48.494686,-42.863457,-46.297676,-47.54732,-47.86232
9056,True,-23.2785,-30.172462,-29.001518,-31.84105,-34.642223,-29.91533,-36.98712,-35.81623,-36.384033,-40.433075,-41.738377,-38.60048,-37.70274,-44.275513,-42.963737,-42.661095,-45.15856,-45.227013,-47.860798,-50.161823,-51.739998,-49.25733,-51.169933,-53.455284,-55.491592,-55.133305,-55.199768,-54.58883,-50.457985,-51.384895,-53.783035,-54.945026
9088,True,-22.029167,-24.941566,-28.367165,-34.578285,-38.137413,-33.528885,-34.6068,-34.495464,-34.44085,-40.74362,-39.583206,-39.5649,-44.73669,-42.15898,-43.430542,-44.4982,-46.67999,-44.672256,-47.05477,-51.205368,-50.48099,-50.581245,-53.924088,-52.695423,-53.50863,-54.843605,-55.9924,-55.964813,-53.68772,-57.004265,-57.695255,-58.776352
9120,True,-27.481476,-27.682945,-29.533276,-31.803326,-32.556454,-33.353447,-37.965595,-39.319645,-38.793198,-42.434753,-44.037918,-38.80399,-38.579533,-43.399185,-41.94696,-47.038437,-46.133312,-44.954777,-47.289093,-49.10963,-51.133194,-49.876236,-52.788246,-55.16845,-55.54904,-56.044823,-57.373367,-57.851337,-57.953876,-59.548424,-61.715847,-62.939163
9152,True,-23.438738,-24.863873,-28.739298,-28.664902,-34.96842,-35.068447,-41.83416,-40.265385,-40.16086,-40.06659,-43.38794,-43.72862,-39.41237,-41.80118,-40.505756,-45.48765,-46.71213,-45.571384,-48.589386,-49.734016,-51.71339,-49.54935,-51.56521,-54.755955,-55.77334,-57.28897,-57.940933,-60.164856,-60.29663,-61.320496,-64.21655,-65.59565
9184,True,-21.63954,-28.973358,-26.39954,-30.751486,-36.1777,-36.89107,-38.76309,-34.394867,-33.803436,-41.492268,-43.035774,-41.163055,-39.905354,-40.48126,-40.264282,-42.45156,-46.19747,-47.7644,-49.369125,-52.6936,-48.350567,-49.76455,-51.144863,-54.803238,-54.405296,-55.160843,-58.122086,-59.451683,-60.17345,-63.689342,-66.46987,-67.314384
9216,True,-25.329155,-25.918995,-26.481808,-31.76172,-32.149067,-35.342937,-34.602467,-36.546833,-37.813747,-37.26295,-41.24375,-40.150307,-39.835228,-43.380363,-42.726723,-43.57159,-45.0366,-46.42132,-50.974968,-50.664215,-48.340782,-51.232178,-53.624973,-54.55444,-56.257835,-57.78473,-59.13768,-58.6723,-62.46367,-64.87417,-66.51566,-69.56016
9248,True,-27.281162,-25.97479,-27.806007,-33.18772,-35.59462,-34.430855,-39.10784,-37.132915,-36.89276,-40.570072,-40.22409,-39.52794,-40.309177,-43.97417,-45.151783,-47.426456,-46.174538,-49.2594,-50.290115,-50.498856,-48.79768,-48.63939,-53.89607,-56.311356,-56.03319,-56.421627,-57.72965,-59.100266,-59.952923,-64.483,-67.66397,-67.39231
9280,True,-25.990751,-26.312874,-26.108444,-35.220028,-36.806103,-35.126278,-41.152233,-37.168526,-39.26645,-41.40776,-39.946476,-40.53485,-42.317066,-46.431183,-45.43544,-44.22417,-44.52824,-49.24211,-46.788464,-51.652153,-51.400238,-50.61884,-53.752686,-53.956917,-55.900784,-56.083828,-58.183815,-57.8003,-62.020344,-63.49874,-66.1728,-67.98615
9312,True,-24.070324,-24.518091,-27.142584,-30.86203,-37.163784,-31.560335,-38.835682,-37.63807,-35.78539,-38.089386,-42.073143,-43.65258,-45.48023,-44.05368,-41.65998,-45.00454,-44.130993,-47.394085,-51.787643,-51.522945,-49.24353,-48.53529,-51.58132,-52.526096,-54.070602,-55.21219,-57.331055,-60.857155,-63.193913,-64.76287,-67.4465,-68.86369
9344,True,-25.540573,-22.206032,-25.52617,-30.060368,-31.425014,-34.220337,-36.239323,-38.52482,-34.9442,-43.30282,-39.982796,-37.688763,-41.95127,-46.22216,-44.875458,-43.20025,-44.986366,-47.171494,-47.017387,-48.297318,-49.59149,-50.96,-54.628407,-52.14462,-56.387947,-57.575268,-58.38058,-60.153522,-61.980816,-65.43196,-65.92528,-68.16558
9376,True,-24.4118,-24.480911,-29.13106,-33.32713,-35.838917,-32.34798,-35.859856,-39.64595,-40.790787,-38.849358,-43.135685,-42.391876,-43.13532,-46.63036,-41.33781,-44.001305,-46.447086,-50.303574,-47.503815,-50.58598,-51.167274,-51.27449,-51.716904,-52.418438,-54.511307,-56.162697,-57.94416,-60.114254,-62.112434,-62.884846,-66.92279,-68.034775
9408,True,-24.10988,-24.682695,-33.079224,-35.439297,-30.298632,-33.054184,-37.706833,-37.97742,-38.213776,-41.176037,-40.24034,-40.232407,-41.094154,-43.032413,-45.24347,-44.9033,-48.891342,-47.18801,-46.00174,-48.824955,-50.296665,-52.085625,-52.153824,-53.538555,-54.22399,-56.83945,-58.483253,-59.471546,-61.57606,-65.06954,-66.47335,-67.98397
9440,True,-24.344078,-25.705212,-27.044174,-24.988195,-35.168312,-32.673958,-41.5716,-39.66997,-40.799503,-42.18515,-43.12159,-40.957077,-39.833797,-42.67547,-43.893948,-44.119347,-46.054684,-48.56109,-49.530735,-48.68978,-50.973938,-51.7249,-51.902252,-55.656696,-54.894043,-57.231964,-57.432858,-59.25377,-60.31916,-62.620575,-67.21387,-70.5119
9472,True,-20.901695,-25.898876,-26.563196,-30.943733,-32.193104,-34.48767,-40.386536,-39.691357,-38.12086,-42.98491,-41.43837,-40.44624,-37.8172,-44.38181,-43.408737,-45.62265,-45.75148,-48.19258,-49.8136,-49.814243,-52.11796,-49.94919,-51.93865,-53.84186,-53.829567,-55.798164,-56.86847,-58.46861,-61.15043,-63.914192,-67.82807,-69.764854
9504,True,-22.725937,-26.390827,-25.826666,-31.927774,-31.500122,-31.53849,-38.863186,-43.474255,-40.35711,-38.936897,-43.645153,-42.33011,-41.310913,-44.23966,-38.7686,-43.1805,-45.10338,-47.79928,-47.469425,-50.229942,-49.99409,-50.775467,-52.044125,-54.426533,-55.607773,-56.15315,-56.40038,-58.931293,-61.35763,-65.4791,-67.96274,-67.92457
9536,True,-26.96863,-26.326927,-26.77724,-28.541697,-33.084618,-35.877895,-38.366364,-40.04313,-37.414215,-37.548958,-40.61739,-40.792282,-42.58553,-43.049156,-43.912235,-42.61447,-43.369045,-49.53291,-48.721893,-49.50453,-50.654472,-50.29695,-51.591766,-54.717247,-54.929768,-56.17289,-53.698997,-51.405415,-53.01811,-52.511696,-52.71671,-55.80725
9568,True,-21.507196,-21.369047,-26.160633,-29.766624,-31.098495,-32.10067,-38.36055,-35.510628,-36.44366,-37.534424,-42.771564,-41.024292,-41.282288,-43.741116,-43.105167,-45.822758,-45.90611,-46.52523,-49.463993,-48.567482,-50.924576,-51.341175,-52.168655,-54.221134,-56.025356,-56.44405,-56.247555,-57.809288,-62.582928,-62.491013,-64.49592,-68.63121
9600,True,-25.816519,-25.039446,-28.164349,-31.026577,-33.09987,-34.41638,-41.191734,-40.82844,-34.2046,-38.37499,-42.065193,-42.77882,-42.107025,-43.96343,-42.33961,-42.26357,-45.495052,-47.910694,-48.72341,-47.789825,-49.361656,-48.898468,-52.73531,-54.526096,-55.89144,-56.43375,-58.434334,-60.444332,-63.809006,-63.709824,-66.94165,-69.29273
9632,True,-26.853954,-27.367626,-27.38209,-33.36027,-33.67375,-29.987999,-38.9851,-38.19468,-34.980007,-37.515827,-36.489826,-40.386257,-43.251335,-42.650444,-43.132786,-45.403957,-46.749603,-46.531796,-48.27616,-48.912754,-51.302757,-53.084328,-53.114883,-54.67201,-56.00921,-57.40586,-56.357483,-59.645763,-63.443832,-65.13619,-67.45304,-69.017746
9664,True,-24.103916,-30.793993,-32.428223,-33.41843,-29.196106,-29.291838,-36.88741,-36.963203,-35.764107,-41.563797,-42.563416,-42.3776,-40.720596,-42.046795,-44.8485,-45.20514,-46.590935,-45.20783,-46.148598,-49.838875,-50.2664,-49.837917,-54.175102,-53.74203,-55.70389,-56.78026,-59.130817,-58.335274,-61.239147,-63.783134,-67.0514,-68.631775
9696,True,-23.460482,-27.536774,-31.69134,-34.83246,-33.426884,-30.530273,-39.00355,-37.843746,-37.077316,-39.095284,-42.139015,-42.47786,-38.022366,-40.97631,-39.88408,-44.187866,-45.733208,-47.34686,-51.84841,-52.38134,-50.729553,-52.610703,-52.4399,-53.05255,-55.306164,-54.136234,-56.521496,-60.02499,-61.74284,-63.400726,-66.18776,-68.450325
9728,True,-26.034737,-26.48642,-26.101645,-29.886341,-34.327423,-38.418484,-37.142685,-37.571655,-37.14523,-38.265324,-41.526,-43.55845,-40.184826,-40.807587,-42.23556,-43.489502,-46.96522,-46.304493,-46.24312,-49.642975,-53.49739,-52.387714,-52.55367,-52.76877,-55.887264,-56.096107,-57.59447,-60.73461,-62.41179,-65.12854,-66.91405,-69.14672
9760,True,-25.679085,-24.685719,-27.054237,-28.902199,-31.4179,-32.267612,-33.15558,-36.55826,-31.664673,-39.00391,-44.724953,-43.4918,-42.578888,-43.036186,-43.659813,-45.662098,-48.46978,-48.428936,-47.499355,-47.339966,-49.312134,-50.71915,-52.750443,-52.362778,-54.26169,-56.32128,-56.898674,-59.7415,-62.5889,-63.663277,-66.60751,-67.99993
9792,True,-20.727612,-26.54989,-28.305357,-30.115093,-30.296278,-30.991924,-36.19764,-34.158234,-34.53402,-40.594,-46.32451,-41.41438,-40.043606,-41.29291,-40.277138,-45.046974,-46.673264,-48.331314,-49.665432,-52.883755,-49.846577,-50.921673,-53.81871,-53.100605,-55.030537,-58.389397,-58.282135,-60.255833,-62.750732,-64.97552,-66.16988,-68.67844
9824,True,-20.689991,-23.465385,-31.821596,-29.413136,-34.979015,-41.617702,-39.66366,-37.98174,-37.54505,-41.67269,-40.6025,-42.49969,-41.501408,-40.733574,-43.72755,-42.437496,-45.610252,-48.012028,-48.741478,-49.819645,-49.985966,-47.851936,-52.50471,-53.53764,-55.302727,-58.054222,-57.610878,-59.831905,-63.154617,-64.74137,-66.978424,-68.576515
9856,True,-27.922918,-26.802681,-26.723427,-29.07984,-35.234444,-31.718348,-35.853523,-37.557518,-37.108776,-38.38469,-39.590637,-41.899994,-43.916176,-44.220108,-41.40779,-44.296986,-44.18825,-47.306255,-52.33638,-51.35996,-50.382133,-49.95955,-51.651405,-52.93913,-55.250683,-55.771576,-57.05187,-59.21615,-63.152958,-64.61824,-68.22321,-67.610245
9888,True,-27.283562,-29.224073,-27.767944,-33.340424,-34.39395,-32.852604,-38.00801,-39.47832,-36.637157,-39.720066,-45.22354,-41.259136,-43.486515,-41.202644,-45.99289,-44.329124,-43.873177,-45.751896,-47.186874,-47.149334,-49.455933,-47.51972,-52.349403,-53.490837,-55.901123,-57.916565,-58.99385,-57.940212,-60.849785,-64.47636,-67.4891,-68.89383
9920,True,-23.63567,-26.867672,-30.538996,-32.901012,-34.152245,-32.178135,-34.676956,-34.984985,-37.704025,-44.02199,-44.667164,-40.783104,-39.900833,-44.086464,-42.423126,-45.60387,-46.42387,-48.335564,-47.6958,-49.95101,-48.78637,-47.306767,-52.99168,-55.999054,-55.218002,-55.318504,-58.511414,-59.56886,-63.149,-64.3745,-65.59869,-68.57258
9952,True,-27.871704,-27.173576,-28.146732,-33.46005,-37.030853,-32.713,-37.066223,-39.992893,-36.240574,-38.700993,-39.36146,-41.71557,-43.2694,-42.962624,-44.62606,-46.759575,-44.657814,-49.888268,-49.642178,-49.45253,-50.237953,-51.104164,-53.610207,-53.470673,-56.23451,-57.53871,-58.872787,-58.04937,-62.238426,-64.13237,-67.159645,-69.107475
9984,True,-22.735884,-22.829853,-29.576693,-32.280075,-31.99733,-34.302895,-38.327873,-40.03678,-36.188942,-40.604042,-38.437557,-41.272377,-41.53389,-40.909744,-40.21882,-44.33226,-49.157673,-48.18529,-48.419815,-49.318928,-50.932487,-49.74461,-52.90349,-54.55141,-56.187393,-56.53561,-57.61782,-59.5019,-62.530537,-64.82527,-65.29637,-66.632996
