timestamp,faulty,band_0,band_1,band_2,band_3,band_4,band_5,band_6,band_7,band_8,band_9,band_10,band_11,band_12,band_13,band_14,band_15,band_16,band_17,band_18,band_19,band_20,band_21,band_22,band_23,band_24,band_25,band_26,band_27,band_28,band_29,band_30,band_31
0,False,-27.491953,-31.509022,-34.530212,-34.289425,-32.56143,-38.090145,-43.487045,-44.19081,-47.372612,-45.554028,-41.52839,-43.20211,-50.40084,-45.763287,-45.664536,-44.40912,-46.114235,-50.43436,-54.03148,-53.501366,-53.19714,-52.31644,-55.64351,-56.919518,-59.020115,-60.92304,-60.71479,-63.31532,-62.931065,-64.15153,-64.115074,-64.66617
32,False,-24.443827,-28.836918,-26.862446,-31.060484,-35.070427,-34.348927,-37.891556,-41.510223,-37.95666,-36.617493,-41.829266,-40.508457,-42.188377,-46.390198,-43.714962,-42.363033,-45.00685,-49.52866,-49.49505,-50.449795,-51.204037,-51.39273,-53.60891,-58.194767,-59.36496,-59.570183,-63.455196,-64.57772,-66.497604,-68.14454,-71.58868,-71.28482
64,False,-24.212177,-27.016228,-33.399937,-29.22332,-29.88221,-32.64818,-39.040276,-37.561337,-40.390648,-39.19895,-39.61806,-39.048912,-42.139816,-43.81946,-42.47831,-45.473637,-45.90259,-49.39507,-50.122597,-51.77861,-52.60009,-51.853127,-53.761818,-57.176517,-59.14849,-61.90361,-63.493088,-64.79298,-66.95264,-69.36939,-72.044716,-72.49039
96,False,-27.951511,-27.500895,-28.911695,-27.400133,-28.070305,-32.991543,-37.937275,-38.999687,-38.63517,-40.180927,-39.727444,-41.157944,-40.853523,-43.874466,-45.457233,-44.14644,-45.86552,-45.522575,-48.53318,-51.356655,-51.216133,-51.538815,-56.602066,-57.662086,-59.16256,-59.45127,-62.53365,-64.56939,-66.70683,-67.75693,-71.65492,-71.711266
128,False,-22.832003,-29.748297,-29.387814,-28.521309,-30.683796,-37.11061,-34.976906,-35.217888,-38.286453,-39.676334,-41.627747,-43.26552,-42.5624,-44.75946,-40.142906,-43.93307,-48.1046,-47.279198,-48.304077,-52.106594,-54.241444,-53.237778,-54.264927,-55.599094,-58.066753,-58.932617,-61.070007,-62.671204,-67.634285,-70.34732,-70.573875,-72.2249
160,False,-24.581367,-29.187054,-28.728926,-26.982891,-27.600832,-37.021137,-39.89431,-38.656666,-35.600212,-40.43087,-46.602333,-43.567127,-47.091248,-46.067886,-43.341713,-45.106544,-46.219017,-48.18977,-51.237724,-52.1324,-54.276775,-54.04525,-54.728676,-56.927155,-56.352825,-59.12835,-62.47757,-64.38336,-66.902336,-69.66731,-71.24637,-70.56793
192,False,-25.424702,-27.600672,-27.459906,-29.074718,-25.798635,-34.259476,-36.767746,-36.00286,-36.90245,-40.243065,-40.082634,-41.406895,-46.444668,-42.875954,-41.679577,-42.906914,-45.72171,-49.333862,-50.392307,-49.954002,-49.531246,-53.023582,-55.28042,-57.546425,-56.632492,-58.192192,-62.568863,-63.857098,-64.10936,-61.74546,-64.455,-66.47837
224,False,-25.28246,-27.96853,-28.390657,-23.815437,-26.56282,-30.461103,-24.600903,-21.26691,-27.137938,-33.304237,-28.587227,-23.256865,-23.867863,-21.63853,-22.29126,-19.015806,-21.403622,-24.475405,-29.157866,-35.555626,-29.264385,-28.21697,-27.470463,-30.319555,-26.793499,-24.718098,-29.282982,-24.004097,-17.875547,-18.414299,-22.565758,-23.379305
256,False,-25.460594,-27.602987,-27.712475,-25.246649,-27.546837,-25.60832,-33.734604,-29.562813,-33.058296,-35.729717,-35.30224,-35.82005,-30.957207,-31.292982,-33.511086,-29.982836,-33.842995,-39.095734,-37.554478,-43.521667,-40.87889,-39.482044,-42.45703,-44.95428,-40.09788,-36.63839,-37.555153,-37.227123,-32.73098,-33.738934,-38.34001,-41.510574
288,False,-26.324472,-28.63731,-27.271349,-29.368837,-32.109554,-32.75254,-35.261486,-32.7959,-35.80563,-42.21642,-38.644745,-37.803894,-39.460903,-35.330036,-38.357254,-38.089146,-40.424942,-43.868607,-43.324657,-46.779915,-44.036163,-43.770683,-45.003677,-48.597183,-46.604458,-40.37836,-42.438835,-42.450924,-38.24912,-38.918476,-46.131817,-47.78392
320,False,-27.514975,-29.680883,-30.100899,-31.222431,-30.272213,-34.803024,-37.15602,-35.301605,-36.762264,-39.713985,-39.62955,-40.90134,-41.61444,-40.1232,-40.113026,-38.83469,-40.178734,-47.376434,-49.98384,-48.398018,-46.559845,-42.868843,-48.76019,-50.88006,-49.439262,-46.049923,-46.480488,-46.730316,-42.343597,-42.91107,-50.11137,-51.877632
352,False,-21.951118,-27.102129,-29.280006,-31.222746,-31.181099,-36.71765,-37.51104,-35.14364,-38.807915,-39.768898,-40.759895,-42.071747,-42.139973,-43.135715,-42.70928,-42.582497,-43.919712,-46.330532,-47.807655,-49.984787,-47.95542,-46.76008,-51.524998,-52.21662,-52.490273,-49.343597,-49.984325,-48.420654,-46.707687,-47.285088,-55.79485,-57.536297
384,False,-24.160809,-24.115028,-25.901382,-30.881254,-30.496672,-35.421963,-35.446804,-36.576313,-38.126865,-43.001434,-40.788406,-40.732597,-43.80803,-44.05477,-40.486946,-42.827515,-45.23007,-49.533096,-49.76013,-50.76902,-50.546078,-49.77301,-51.88992,-54.20665,-55.886272,-53.824333,-53.897842,-54.351803,-50.84951,-52.989227,-59.613075,-62.068306
416,False,-25.637663,-29.885471,-29.64853,-29.474161,-30.596846,-37.257095,-37.65468,-40.354076,-37.240013,-44.629036,-47.747604,-43.15523,-43.38761,-41.24778,-45.492153,-46.436287,-43.351143,-46.285324,-47.27619,-49.003654,-48.61901,-52.928005,-55.220016,-56.071285,-55.933617,-56.8805,-57.79358,-57.4321,-53.683514,-56.379967,-63.620647,-65.169495
448,False,-29.910404,-27.926357,-34.10667,-29.482157,-29.371742,-34.673885,-34.487488,-35.27271,-36.04977,-39.65089,-44.77394,-44.247116,-44.39415,-42.835804,-45.817177,-47.584183,-47.847042,-49.980118,-50.214767,-49.83769,-50.42644,-53.516098,-54.079327,-56.197716,-58.796875,-57.078472,-59.196617,-60.197292,-58.056892,-60.008224,-66.07259,-69.36765
480,False,-22.212994,-28.452776,-25.123108,-32.61605,-32.746292,-35.321194,-39.933327,-39.07518,-39.382156,-40.806313,-42.623253,-42.70834,-43.935314,-45.94473,-44.34665,-46.004604,-47.692356,-47.961384,-49.107826,-51.73122,-53.079674,-52.39822,-53.933052,-56.28487,-58.26506,-59.93279,-59.805176,-63.247536,-62.33886,-64.607155,-70.22452,-70.479965
512,False,-22.961672,-29.065914,-29.804575,-28.712824,-32.62887,-35.34086,-37.760155,-37.209442,-36.26798,-39.297806,-39.74499,-42.10232,-44.25057,-43.549683,-45.15773,-43.234,-44.02394,-46.190414,-45.78015,-49.043434,-52.890186,-54.38958,-54.188255,-56.211365,-58.431656,-61.59749,-61.5111,-63.84205,-64.3218,-66.95381,-69.7998,-71.38054
544,False,-24.459478,-30.721935,-28.374006,-29.57964,-32.26247,-34.75019,-33.068413,-37.91145,-38.827602,-39.64188,-40.936165,-39.93776,-40.844208,-40.76528,-42.748093,-42.158104,-44.609486,-47.809135,-49.258575,-54.302704,-51.8723,-51.213398,-54.906536,-57.063843,-59.676872,-59.600067,-61.204533,-64.28882,-65.60179,-68.807076,-70.26381,-69.72253
576,False,-21.941555,-25.142937,-25.684582,-27.488445,-32.903904,-34.01624,-35.674942,-43.338676,-41.040924,-44.08632,-43.64836,-42.679085,-43.984127,-44.002834,-43.463264,-42.802322,-46.561703,-47.833084,-48.59219,-50.843033,-51.89741,-54.486588,-54.139404,-56.66399,-58.64986,-59.07078,-61.692387,-63.30038,-67.7533,-68.811356,-71.067245,-72.49969
608,False,-22.597454,-23.791794,-29.571314,-31.469666,-34.977516,-37.763725,-39.021328,-40.46749,-39.893147,-41.284912,-43.77873,-41.466774,-42.4567,-40.817406,-40.859238,-46.42544,-48.329617,-49.29045,-51.386963,-48.489105,-51.393692,-54.80802,-55.52181,-55.24687,-58.798336,-60.683678,-62.191906,-63.201214,-67.83275,-69.01299,-70.0872,-71.013466
640,False,-21.669899,-24.089516,-26.319714,-29.348358,-30.459126,-34.361633,-41.055916,-37.443027,-34.70323,-41.26966,-40.881878,-40.659485,-45.106956,-43.2041,-42.661686,-45.43247,-49.167843,-50.041004,-49.394077,-53.7652,-51.74042,-51.884098,-54.861176,-56.731895,-58.434204,-60.889645,-60.37632,-64.09286,-67.02539,-67.94867,-70.19288,-71.068726
672,False,-24.485374,-26.939848,-27.008554,-28.622143,-31.789743,-38.04463,-38.345333,-37.104465,-37.026917,-43.161144,-42.33631,-43.61406,-47.68338,-44.428436,-40.022926,-41.416683,-45.88533,-48.230026,-50.3651,-51.477386,-51.30425,-51.81137,-56.370007,-58.279045,-57.639046,-58.874554,-60.24952,-62.741886,-67.55838,-69.20336,-70.62892,-70.858246
704,False,-25.972416,-26.030008,-23.343578,-29.935572,-32.84225,-36.79749,-36.255913,-38.960495,-37.89276,-41.904648,-45.56099,-42.42443,-44.081326,-46.512726,-45.33308,-44.1397,-48.900627,-50.49299,-50.439545,-50.449333,-50.439472,-52.042217,-55.427635,-58.949432,-59.72507,-60.189587,-61.019882,-63.656693,-67.83374,-69.200386,-70.42006,-70.66224
736,False,-24.865334,-25.60603,-25.34982,-29.26912,-29.829609,-34.661095,-38.66464,-35.327114,-36.509014,-41.811806,-42.027153,-39.665276,-40.840168,-45.256676,-45.546288,-43.75589,-43.68766,-46.737904,-50.12784,-52.37223,-50.958958,-53.90431,-55.326992,-59.147552,-57.330456,-59.65462,-62.669136,-62.976456,-67.69168,-69.42122,-71.38963,-71.62653
768,False,-26.822845,-27.46106,-26.369122,-23.365864,-24.89752,-28.975742,-28.91964,-24.64452,-28.058971,-35.447903,-29.336258,-27.76203,-25.495787,-30.10911,-32.05292,-27.497604,-31.499107,-36.576935,-40.22818,-44.289146,-42.877678,-45.638775,-44.81194,-49.645008,-51.85919,-53.766357,-54.226185,-57.43724,-51.79802,-54.23931,-58.91436,-61.38803
800,False,-23.613865,-24.694254,-28.640497,-24.843445,-28.675234,-29.27965,-35.355778,-31.207125,-34.87178,-41.020416,-35.74773,-34.478676,-35.071484,-36.442726,-41.3484,-37.49497,-42.395645,-46.389175,-47.89512,-51.94819,-54.227215,-53.01664,-52.466515,-56.974724,-56.848602,-57.08836,-61.521942,-63.84522,-62.54059,-65.80705,-67.72482,-69.44394
832,False,-27.153461,-25.276175,-28.667995,-30.171604,-30.929035,-31.865242,-39.614937,-33.447983,-36.133705,-41.238636,-39.837513,-39.687965,-39.033943,-39.95202,-45.871998,-43.384518,-47.185112,-50.24327,-48.798935,-51.624218,-52.00181,-54.394726,-55.377544,-56.030754,-57.744675,-58.444157,-61.807518,-62.52082,-64.94319,-67.71687,-70.10085,-71.64288
864,False,-25.610332,-26.73895,-25.635836,-27.246504,-31.382683,-35.500366,-38.59655,-39.18434,-40.104595,-42.720493,-41.316113,-41.87557,-42.263756,-41.062016,-43.293842,-41.758476,-46.95807,-51.54245,-49.249226,-49.840984,-50.84675,-53.807137,-54.680984,-56.88964,-56.29119,-58.570404,-59.865402,-61.746334,-65.93003,-68.453735,-70.46061,-70.45317
896,False,-26.390116,-31.651785,-27.7714,-29.853933,-30.140919,-33.49045,-36.23139,-37.15483,-39.341187,-48.41964,-44.434982,-41.29038,-40.640755,-44.756927,-44.08658,-44.072838,-46.99391,-49.668655,-52.079357,-54.31701,-51.81602,-52.57149,-55.832214,-58.13627,-57.736988,-59.956852,-61.49145,-62.794075,-65.07414,-68.43322,-68.57398,-70.56653
928,False,-23.534744,-29.535162,-26.98418,-30.554764,-33.52105,-34.058357,-37.34915,-39.835068,-35.556866,-41.46204,-39.12193,-42.235985,-41.435604,-42.46424,-44.54271,-43.89114,-46.740604,-48.50449,-49.366528,-52.295555,-52.365364,-53.028336,-55.173637,-55.533554,-57.396275,-60.00585,-62.251667,-62.958546,-65.06319,-69.05994,-71.10892,-71.78911
960,False,-23.880102,-26.803715,-29.239084,-30.510168,-35.15281,-34.735928,-36.403576,-39.97117,-39.009632,-38.724236,-39.787056,-40.13437,-45.500904,-41.640404,-42.893654,-42.552917,-46.079628,-49.267784,-50.33607,-49.830364,-49.293335,-52.161922,-54.321457,-56.976295,-57.67666,-57.89728,-60.09881,-62.572212,-67.792274,-69.37583,-69.54604,-71.76833
992,False,-21.854046,-26.755932,-29.808743,-31.476067,-33.01673,-31.450472,-34.742844,-33.85645,-35.747925,-38.54005,-41.08048,-40.186123,-42.307507,-43.54374,-43.36704,-44.782036,-47.841434,-49.043613,-49.80694,-51.03618,-50.25232,-50.960155,-52.77452,-55.365555,-58.338722,-58.88626,-61.57097,-64.6379,-68.80196,-70.221085,-71.33001,-71.58506
1024,False,-28.616259,-31.02826,-33.2359,-29.907085,-30.943325,-31.766666,-35.460697,-39.23474,-40.61823,-38.974163,-44.61525,-42.4965,-45.873943,-42.75066,-43.291534,-46.682735,-48.616367,-49.31257,-50.585094,-48.30044,-50.029556,-53.321644,-54.78451,-55.284023,-57.178894,-59.00087,-61.66339,-64.11406,-67.37113,-68.91081,-69.61961,-71.43633
1056,False,-21.888666,-29.50459,-31.192663,-31.447733,-33.181675,-34.40802,-38.82425,-38.71856,-37.840202,-39.57879,-46.114372,-43.6311,-42.831573,-45.605408,-41.560055,-43.58109,-47.36206,-48.343704,-49.132465,-50.88128,-51.77725,-52.44027,-54.64907,-55.4161,-58.343395,-59.922356,-62.02925,-64.17125,-67.42627,-68.41046,-71.76473,-71.34176
1088,False,-24.35074,-26.679373,-24.867563,-29.577625,-30.704203,-28.78988,-34.771366,-39.76986,-41.2225,-39.84662,-39.10655,-42.511208,-40.354927,-43.9917,-46.23949,-46.719246,-46.019817,-50.028305,-50.14498,-48.69533,-49.763603,-51.62095,-54.496178,-57.8442,-58.191143,-59.860783,-61.95852,-64.27418,-65.451805,-69.079636,-70.29675,-70.14495
1120,False,-21.065157,-28.039906,-31.313377,-31.0941,-32.097977,-31.956074,-39.968132,-39.44155,-37.108192,-42.103218,-43.488384,-42.381363,-41.95748,-45.31387,-42.97409,-44.89383,-45.88043,-49.003597,-49.725895,-50.0193,-48.159584,-52.415447,-55.36589,-55.13268,-56.62919,-59.300293,-61.77861,-64.69889,-66.482475,-67.894325,-71.60964,-71.676
1152,False,-21.739994,-28.267185,-25.737658,-30.799057,-30.203934,-30.803383,-36.108395,-37.86165,-34.481186,-40.10599,-45.858887,-41.991684,-38.864143,-39.869762,-42.421497,-47.211998,-50.538734,-49.911438,-49.510937,-51.451687,-51.63189,-51.338753,-56.354424,-57.233906,-56.33244,-60.41787,-63.36438,-65.58768,-66.9491,-70.9325,-71.6035,-71.65585
1184,False,-24.72414,-26.436014,-27.002365,-30.972492,-30.202206,-34.3669,-33.14513,-37.01877,-38.46968,-38.979366,-44.355183,-39.54596,-40.592026,-41.160168,-46.100098,-48.504944,-49.38469,-52.866463,-51.574844,-50.688454,-52.276535,-54.201584,-54.36922,-56.084118,-58.13971,-60.769123,-62.620872,-64.28559,-66.36871,-68.533485,-71.89118,-72.49666
1216,False,-22.123098,-26.812212,-27.908133,-33.474052,-34.89852,-33.703228,-38.190544,-37.705536,-33.660583,-41.546482,-38.973324,-42.065826,-40.256676,-43.781593,-48.71247,-45.659065,-47.122925,-49.34571,-50.7904,-51.991177,-52.374565,-51.41104,-53.97511,-58.24665,-59.20278,-60.125122,-60.9797,-63.5082,-65.47275,-68.7047,-70.16537,-70.463165
1248,False,-24.62093,-29.936752,-28.309896,-30.442814,-31.890331,-32.145554,-34.197968,-35.521065,-35.423477,-36.70675,-45.29451,-42.401352,-39.80169,-43.49176,-44.22061,-45.04536,-45.001343,-50.619553,-53.177193,-51.239475,-51.46103,-53.078876,-54.59271,-56.74092,-58.336723,-59.64498,-61.668056,-62.41854,-67.120735,-67.30809,-68.68325,-71.5842
1280,False,-23.420305,-29.455948,-27.991657,-32.127083,-32.783398,-35.188995,-36.85745,-35.560604,-33.99115,-40.27103,-42.982674,-47.396122,-45.40381,-42.299263,-43.06973,-46.700912,-45.553703,-47.273212,-49.440376,-51.546295,-50.3612,-53.27098,-53.50963,-55.399242,-58.93593,-59.76723,-62.028255,-59.556618,-57.995033,-57.279,-59.94829,-59.841366
1312,False,-25.903902,-26.522467,-28.684748,-22.74164,-25.596146,-26.855438,-24.217817,-21.129948,-26.208418,-33.741688,-27.521688,-23.397346,-23.305618,-21.253683,-22.462065,-18.867916,-21.77185,-24.706665,-28.705189,-34.75725,-29.15422,-27.840185,-27.288675,-30.330236,-26.39672,-24.185677,-28.615364,-24.127205,-17.511395,-18.31718,-22.378204,-25.370525
1344,False,-20.96451,-25.932734,-28.498058,-25.397064,-25.312935,-29.090149,-35.34859,-28.144714,-34.23813,-40.134827,-36.97175,-33.859543,-30.557318,-31.715338,-33.969284,-31.620312,-34.826706,-39.689396,-38.16007,-42.6934,-42.259743,-39.76403,-42.252357,-44.886955,-40.25988,-37.238422,-38.156563,-37.525093,-33.25237,-34.21314,-38.896187,-42.567223
1376,False,-25.222265,-29.350342,-27.428509,-26.945538,-31.132935,-35.902153,-37.301926,-31.433249,-34.274147,-41.44888,-41.261826,-41.023216,-39.202152,-34.911697,-38.662292,-38.103977,-41.900333,-44.21981,-43.821636,-48.679447,-45.70908,-44.14478,-45.93473,-47.459076,-46.4193,-40.29566,-41.80662,-43.80462,-38.889584,-39.70346,-44.937267,-47.913544
1408,False,-23.275755,-24.88611,-28.847652,-30.587997,-32.055508,-32.419262,-38.213886,-37.84324,-36.36921,-42.792114,-43.299175,-40.794594,-40.137077,-40.102295,-42.28352,-39.503983,-42.649704,-45.024914,-44.14026,-49.269405,-48.339977,-44.42282,-48.67961,-50.377785,-50.11431,-46.892548,-46.30008,-46.22895,-42.50846,-42.88551,-49.438133,-52.659706
1440,False,-24.92783,-30.752457,-27.247013,-32.22549,-32.651627,-32.53762,-36.29602,-35.48441,-36.22271,-39.585747,-40.93626,-43.072887,-45.340694,-44.40302,-46.493835,-43.61187,-46.368317,-47.755886,-46.923897,-49.617508,-47.676678,-48.812813,-51.791153,-54.01761,-52.383926,-47.674416,-48.484184,-48.194336,-46.657337,-46.53985,-55.4932,-58.356842
1472,False,-23.508087,-28.739271,-32.986588,-35.37586,-35.74224,-38.300632,-39.393204,-37.43772,-36.82286,-41.517494,-43.481575,-41.615074,-41.352306,-44.446964,-41.59336,-44.243412,-47.475304,-48.30478,-49.402695,-52.059093,-54.414185,-50.99415,-52.605206,-54.667404,-54.704533,-53.691753,-53.881294,-53.50578,-51.46435,-52.963528,-59.20759,-61.98276
1504,False,-21.90152,-27.787073,-30.379274,-33.554386,-34.353516,-37.282158,-48.22012,-40.60408,-38.01353,-38.605206,-40.949028,-42.278614,-41.55336,-42.41608,-43.26207,-42.99492,-46.20954,-47.474426,-49.87648,-51.950344,-52.391415,-52.552444,-55.16059,-55.25661,-57.088135,-54.03935,-55.651627,-56.414246,-52.34124,-55.876945,-63.000927,-65.322296
1536,False,-23.908482,-27.596014,-28.799055,-33.40279,-31.588545,-33.957405,-38.7402,-38.76333,-40.764805,-42.509598,-39.577263,-43.41831,-43.317055,-45.69324,-40.41121,-42.858856,-46.930733,-46.026157,-49.060898,-51.63437,-51.016407,-51.7939,-54.63944,-55.360607,-57.187847,-57.20634,-58.337257,-60.978966,-58.27213,-60.162323,-65.20701,-67.898926
1568,False,-22.974632,-25.411186,-26.912674,-32.421387,-34.71705,-35.18167,-38.35352,-38.88776,-33.121323,-37.57758,-40.333817,-39.696095,-41.191555,-46.16192,-44.282574,-46.14603,-47.99709,-49.771233,-48.662304,-50.077778,-50.720943,-52.213707,-54.19378,-56.27317,-57.828857,-58.94874,-58.799786,-62.113342,-62.162712,-63.25525,-68.62222,-68.23015
1600,False,-26.925404,-28.337662,-32.753494,-34.56714,-32.55084,-34.499928,-39.496456,-40.242302,-36.800087,-38.81098,-40.52865,-39.38133,-43.9353,-46.27647,-43.35733,-42.32803,-45.335697,-48.2823,-49.12804,-51.751003,-52.217285,-52.681942,-53.793106,-55.854492,-56.366264,-58.271667,-61.841145,-62.4723,-63.464836,-66.00789,-69.839355,-70.42559
1632,False,-23.859663,-32.12337,-32.43067,-33.383762,-32.791557,-38.630287,-39.841034,-39.15933,-37.457897,-41.75465,-41.0457,-41.067398,-42.172913,-42.537567,-44.17637,-47.186924,-45.96795,-48.552177,-48.19956,-48.646683,-51.866463,-53.05645,-55.101112,-55.798042,-56.512627,-59.548683,-61.53125,-61.744034,-64.017715,-65.560585,-68.86551,-70.20329
1664,False,-26.262745,-31.322021,-26.504215,-30.875597,-32.77406,-33.563496,-35.94855,-37.753708,-39.379383,-40.9164,-44.140965,-43.889732,-42.945766,-47.323833,-43.822807,-44.212666,-43.163177,-45.59114,-50.17337,-50.599915,-52.131023,-52.33746,-53.98888,-56.494694,-56.63833,-58.721584,-61.770737,-63.088745,-65.09779,-67.459404,-69.94649,-70.97461
1696,False,-22.908094,-27.822083,-26.63462,-32.41943,-33.16234,-31.81986,-34.06737,-35.99858,-34.91892,-39.253128,-40.567604,-40.514687,-42.797264,-45.11845,-43.229298,-45.64512,-44.22605,-48.300266,-51.384384,-51.868088,-51.80863,-50.716114,-54.4656,-57.160683,-57.073593,-58.713345,-60.41496,-63.071285,-66.75252,-69.31265,-69.248436,-70.04155
1728,False,-25.092335,-30.825388,-28.236607,-31.290648,-33.90478,-34.764744,-38.03034,-38.650738,-40.52324,-42.036972,-46.003227,-41.64538,-41.186485,-42.418106,-44.1647,-45.20868,-46.18032,-46.752586,-50.65483,-51.037136,-53.477165,-52.183754,-54.03562,-56.18927,-56.865345,-59.53262,-62.03001,-63.28861,-66.22317,-68.50644,-70.19333,-71.36171
1760,False,-23.877163,-26.4282,-28.446442,-31.14333,-33.77295,-37.32031,-39.63676,-42.679523,-41.109615,-38.777206,-42.36582,-44.068993,-44.438305,-43.863663,-42.66124,-45.05878,-48.080055,-48.987484,-48.222015,-51.20936,-52.018475,-52.510933,-53.780018,-56.093716,-56.258236,-59.19949,-60.545116,-64.497734,-67.57176,-69.980865,-70.15946,-71.29486
1792,False,-24.146006,-29.12045,-31.506485,-32.163845,-33.71032,-35.593323,-39.01156,-43.887527,-42.325512,-41.574226,-41.469444,-43.475952,-41.620934,-43.24166,-44.80092,-47.9167,-49.173233,-50.189247,-48.383812,-53.27279,-53.414703,-52.269913,-55.99414,-58.039383,-56.151695,-58.832085,-61.645275,-63.829506,-67.83337,-71.204544,-71.195175,-69.91131
1824,False,-22.83506,-28.261087,-33.01653,-33.725975,-34.808136,-32.240047,-38.67982,-37.390385,-39.654636,-38.38058,-41.17779,-44.257378,-42.10779,-44.506447,-44.497208,-45.17906,-49.232525,-47.104935,-49.5913,-53.97841,-51.53728,-52.19644,-53.53876,-56.253273,-58.861694,-58.94767,-59.90089,-65.074036,-68.00969,-68.50709,-70.96187,-70.93882
1856,False,-26.140692,-28.998161,-30.747396,-34.973198,-34.873085,-36.836086,-35.8392,-35.498676,-36.820515,-42.657326,-40.006176,-37.321228,-37.173264,-40.517937,-40.043297,-39.125313,-41.032177,-46.624752,-50.18097,-51.405148,-52.92049,-54.630188,-55.01033,-56.078873,-58.711338,-60.30687,-61.931477,-62.9429,-64.600815,-66.43012,-69.67881,-69.16373
1888,False,-30.29209,-29.536263,-28.582266,-25.760674,-27.717247,-28.515501,-31.013355,-24.709509,-29.621754,-36.694427,-29.203888,-29.342215,-27.747757,-30.503353,-32.4454,-28.771496,-33.55823,-38.928165,-38.10681,-44.43653,-42.929504,-45.372856,-46.00223,-49.962837,-53.536762,-55.084404,-55.95205,-57.612633,-55.316772,-57.133274,-61.2947,-63.131844
1920,False,-21.303158,-24.954252,-27.570034,-28.794876,-27.583302,-30.796747,-36.134754,-30.919855,-32.83524,-41.13258,-38.44964,-40.65209,-35.906643,-38.04178,-39.877453,-38.003353,-41.938507,-46.748222,-47.569843,-51.915527,-52.477077,-52.209457,-53.63185,-57.833267,-57.253082,-59.09366,-61.49491,-61.866936,-65.05663,-66.79953,-68.590485,-69.80262
1952,False,-22.571377,-30.612335,-28.446005,-27.790264,-33.71393,-34.201744,-34.861572,-35.4588,-35.55103,-38.426792,-39.482998,-41.7347,-39.421776,-39.06407,-44.163406,-40.811573,-43.297558,-45.892014,-49.841652,-50.07289,-52.519955,-52.81565,-55.125446,-58.37055,-58.292446,-59.431946,-60.530354,-62.033657,-64.61326,-68.54576,-70.30521,-71.57433
1984,False,-25.564243,-33.5562,-29.771435,-32.89525,-36.04527,-38.73774,-38.00324,-35.013615,-35.098236,-43.266205,-46.99671,-43.125946,-40.713203,-40.015274,-42.618095,-45.82717,-46.095734,-46.96981,-47.965576,-50.113937,-52.87571,-53.310287,-56.571556,-56.855167,-58.7175,-59.42799,-60.831596,-62.11147,-66.500626,-68.450134,-70.544846,-68.965675
2016,False,-25.307379,-28.787941,-29.002434,-30.483124,-29.185303,-35.42484,-37.156345,-38.202442,-38.869022,-38.94231,-43.68814,-43.577225,-43.061237,-43.887413,-44.51538,-46.26553,-47.875175,-49.59014,-49.370045,-53.70021,-49.912663,-53.741302,-56.104195,-56.61722,-57.730183,-59.214592,-62.660324,-62.504684,-68.46224,-68.43078,-71.11053,-71.43463
2048,False,-26.528519,-29.4357,-26.249865,-28.462868,-31.428139,-34.624035,-37.888725,-40.801395,-39.272526,-40.21176,-41.026802,-45.92962,-46.906433,-46.83457,-45.04017,-45.33714,-43.00142,-46.483917,-50.640186,-52.62149,-53.789337,-55.164665,-54.846237,-56.873444,-57.832237,-58.957222,-62.72676,-64.38509,-67.089096,-70.26901,-72.01298,-71.547714
2080,False,-23.392979,-27.705837,-28.83823,-29.927662,-33.72548,-33.475155,-37.491753,-39.117687,-40.323097,-38.96378,-45.956608,-44.99371,-41.950474,-45.23654,-41.857666,-44.884335,-50.359097,-50.70023,-50.076874,-52.12547,-54.508022,-56.83105,-55.482502,-56.62436,-57.4581,-59.36119,-61.274258,-63.69453,-68.27421,-71.15456,-69.652115,-72.282684
2112,False,-22.836782,-28.867287,-31.212715,-33.098873,-34.546303,-35.93116,-36.914288,-37.42321,-41.884903,-41.247314,-44.383625,-44.825436,-42.705963,-43.08245,-44.859386,-45.83708,-45.768364,-49.24772,-50.572975,-53.36916,-53.025303,-52.138973,-55.9888,-57.060577,-57.42726,-59.022327,-62.19791,-65.64599,-68.36,-70.49373,-71.15599,-71.588135
2144,False,-24.631216,-28.46442,-30.204403,-29.700207,-31.62238,-32.856773,-35.656906,-40.693527,-42.271988,-43.263268,-42.393803,-41.331245,-43.686836,-42.102936,-43.583187,-44.03997,-47.32415,-47.984055,-51.483994,-53.157253,-53.362183,-53.78941,-55.342068,-56.532513,-58.495747,-60.295357,-62.536777,-64.60898,-67.95502,-70.62245,-70.253174,-71.14809
2176,False,-26.445417,-30.248549,-30.251389,-32.07907,-31.822601,-33.973537,-37.92027,-37.99369,-39.61406,-41.348366,-38.211853,-43.070812,-43.76774,-44.42904,-41.960278,-45.503326,-47.345978,-49.57407,-49.56169,-51.23795,-54.971485,-55.93318,-56.55422,-59.69799,-59.982906,-62.109676,-61.26471,-62.599834,-67.80955,-69.079926,-69.82894,-71.88439
2208,False,-24.057913,-25.711441,-26.031334,-30.184399,-31.762579,-30.139418,-37.75718,-37.974655,-37.46972,-43.378468,-45.373806,-42.438564,-41.90888,-45.38294,-46.276913,-46.935577,-47.477093,-50.167652,-52.16369,-55.094738,-54.151382,-53.010715,-56.158302,-59.537773,-59.518322,-62.51261,-63.88819,-64.73206,-67.52901,-69.60926,-70.18517,-71.02709
2240,False,-24.059006,-24.703854,-29.728207,-32.57984,-36.48103,-33.631824,-35.21984,-37.075874,-35.28203,-40.958256,-46.21088,-41.42753,-41.33763,-42.989616,-43.177208,-44.674553,-47.173306,-48.15168,-51.46913,-50.265076,-51.070324,-52.411503,-54.72461,-56.28201,-58.21866,-60.836952,-62.140083,-63.968918,-68.174545,-68.98798,-71.49737,-70.85919
2272,False,-26.933222,-27.273865,-29.08665,-30.881466,-33.320446,-35.407295,-36.418476,-36.830963,-37.78413,-41.166687,-44.068115,-42.80808,-46.81936,-45.149464,-41.562744,-45.57852,-47.03299,-49.880085,-49.057335,-54.31785,-54.778637,-54.52655,-55.402905,-57.03136,-57.52531,-59.793694,-61.69809,-64.785995,-68.108,-69.16596,-70.33009,-71.97629
2304,False,-24.521545,-27.611916,-24.9615,-28.244144,-37.40814,-35.630604,-34.523636,-37.79775,-39.477116,-40.787834,-41.91505,-42.034225,-45.688538,-43.70038,-41.916946,-45.95256,-46.439957,-48.657578,-53.161854,-51.498447,-52.654068,-55.48174,-56.38672,-55.477943,-58.1579,-59.766403,-60.9439,-62.55982,-65.54373,-67.97154,-70.33668,-70.57775
2336,False,-24.966805,-32.079235,-28.749767,-32.51716,-36.08502,-37.54132,-36.703884,-35.87596,-35.484814,-39.858166,-39.760315,-41.05491,-47.801888,-46.04268,-43.52346,-45.56037,-45.553978,-49.38583,-48.439835,-51.150497,-52.55809,-52.357273,-56.13464,-57.102196,-58.90062,-62.087498,-62.17888,-64.12584,-66.05018,-67.69222,-70.21659,-70.23095
2368,False,-24.146828,-28.270834,-29.07427,-28.808477,-31.38727,-32.296253,-34.25079,-39.49267,-38.151478,-38.871025,-40.325924,-43.144245,-43.32836,-45.540714,-45.21677,-45.769646,-49.33401,-52.711353,-51.81214,-52.881523,-51.65883,-52.94548,-57.306244,-57.765167,-59.235054,-59.54828,-60.39381,-62.246902,-65.78328,-67.70355,-70.00418,-71.364204
2400,False,-22.275223,-29.981468,-29.170416,-32.281765,-32.091763,-32.34158,-38.046688,-36.732616,-35.58111,-39.547695,-45.583454,-44.663624,-40.16186,-42.125492,-45.10584,-47.119602,-45.782516,-51.594944,-50.136932,-52.482563,-51.972847,-54.146465,-55.315052,-59.37819,-59.19664,-59.50323,-61.569958,-63.797318,-64.93748,-67.11217,-70.31715,-71.11026
2432,False,-19.128738,-24.162752,-28.030727,-29.603327,-30.861473,-31.50071,-26.961903,-24.46848,-30.149595,-36.43848,-29.288828,-25.297153,-24.918629,-24.101267,-24.476786,-21.544142,-23.42066,-26.939974,-32.48791,-38.636017,-32.405563,-31.798294,-30.181671,-33.47653,-29.794428,-28.022535,-31.704844,-26.34761,-20.523445,-20.701752,-25.906065,-26.238268
2464,False,-25.84842,-27.074936,-25.286406,-23.605555,-28.60821,-29.599571,-32.013763,-26.111277,-31.769302,-37.93287,-31.025,-29.920631,-29.906208,-25.898401,-29.60699,-26.300688,-30.833202,-34.142654,-32.62898,-37.922493,-35.445644,-32.895027,-34.616932,-37.16185,-33.740334,-30.682297,-35.009857,-31.96008,-26.268244,-27.39944,-31.275177,-32.40471
2496,False,-24.04385,-25.792053,-27.811169,-25.067787,-28.675137,-31.668274,-39.317135,-33.777023,-34.896473,-40.536846,-38.534542,-37.198383,-34.970398,-33.20892,-36.094273,-37.176537,-37.827087,-43.72055,-43.277412,-47.736073,-44.923283,-41.602005,-45.744705,-47.5898,-45.153004,-39.083458,-40.266098,-41.267643,-37.857834,-38.42789,-44.334755,-45.992165
2528,False,-22.9604,-29.722614,-30.545238,-31.337088,-32.52422,-33.768627,-38.232666,-36.30485,-35.753407,-40.88897,-41.896454,-40.331707,-40.02349,-39.47634,-40.01282,-37.616245,-40.423767,-44.24977,-47.44226,-49.04619,-47.45339,-45.193672,-48.003967,-49.902836,-49.240807,-44.02294,-44.06389,-43.55566,-39.51822,-41.071136,-48.41652,-51.732193
2560,False,-25.896572,-26.258,-28.671486,-29.160751,-33.028194,-37.589546,-36.64325,-35.53805,-35.22158,-41.371655,-43.953705,-43.22884,-41.20063,-44.98093,-42.296543,-42.392654,-45.324768,-45.47139,-46.70887,-49.964252,-46.210625,-46.89567,-49.9548,-52.611565,-51.17962,-46.882935,-46.901737,-47.57563,-45.878426,-45.606617,-52.78991,-56.15658
2592,False,-21.999657,-28.204422,-31.240376,-31.640947,-30.948017,-32.21881,-36.538746,-37.858513,-31.540892,-37.72201,-42.35207,-38.23412,-38.79119,-40.45994,-41.670998,-40.651478,-45.42958,-46.066193,-46.422005,-50.698692,-51.734818,-48.703377,-52.669186,-53.197136,-53.631752,-51.999554,-54.134388,-51.240105,-49.317596,-50.901817,-57.929733,-60.759926
2624,False,-21.904543,-26.805206,-28.016834,-32.349545,-34.587387,-31.529701,-36.91098,-39.947895,-33.39731,-38.211563,-42.135155,-41.03376,-44.089188,-43.745224,-44.521786,-42.637028,-47.907658,-49.435806,-49.002068,-51.43696,-51.36568,-51.960693,-53.267002,-55.30735,-57.15971,-54.44153,-55.17663,-55.162308,-51.294693,-54.346153,-61.393723,-63.59911
2656,False,-21.026316,-30.037952,-28.58749,-28.985645,-32.20238,-35.988228,-38.56399,-37.852055,-37.28712,-42.230026,-39.532986,-43.853424,-45.590652,-42.3936,-47.655224,-45.38086,-46.6638,-50.051804,-52.11081,-50.52963,-50.17669,-51.801697,-53.56595,-55.925392,-56.639458,-57.47622,-58.950348,-61.212967,-56.238308,-58.9288,-64.318,-67.8817
2688,False,-22.441319,-26.435347,-26.47556,-28.93427,-38.965324,-36.952404,-38.52537,-38.111847,-38.036064,-41.835293,-43.53679,-44.300934,-41.8643,-45.016743,-47.55917,-45.170593,-45.76844,-48.25408,-48.910973,-56.34583,-55.41162,-52.118816,-53.44866,-56.08188,-58.021606,-58.350357,-61.473907,-61.54818,-60.664803,-62.7246,-68.86379,-69.37529
2720,False,-22.782164,-34.939503,-28.706207,-29.58266,-35.326363,-36.232437,-37.009712,-38.33621,-36.58014,-40.096127,-42.83779,-42.162193,-42.638786,-44.214092,-45.83738,-45.89626,-49.24621,-49.452877,-49.57642,-51.908268,-53.32149,-52.782207,-54.962555,-57.118233,-57.541714,-58.40251,-61.362984,-63.904373,-62.961655,-63.93549,-70.01937,-71.08885
2752,False,-25.236425,-29.614088,-32.473984,-33.27452,-40.305542,-38.87584,-36.379333,-39.937378,-40.35469,-38.43386,-42.214756,-41.526676,-41.984962,-47.03676,-44.333817,-49.987816,-47.453354,-47.861237,-48.301094,-51.4571,-55.203987,-57.499584,-57.093502,-57.393044,-58.482704,-60.032288,-63.02885,-63.812126,-65.92383,-66.964325,-69.63553,-72.305954
2784,False,-21.155264,-26.806776,-27.566565,-31.974352,-36.428246,-33.573494,-38.601475,-35.17141,-41.62775,-46.10576,-42.686802,-41.998592,-45.345913,-46.845566,-45.035255,-47.046566,-47.745796,-50.30391,-49.417328,-54.81655,-52.37831,-53.508797,-57.505074,-57.513016,-58.246876,-59.9133,-62.96137,-63.408512,-66.48966,-67.23531,-70.1533,-71.48692
2816,False,-26.509083,-27.829987,-26.827698,-30.258848,-31.90056,-34.67227,-35.705223,-37.753418,-38.59883,-41.12093,-40.255436,-44.42221,-44.088596,-45.65991,-41.746067,-43.78531,-47.23036,-49.798866,-50.87955,-52.77534,-51.014786,-53.900932,-56.014706,-56.8207,-57.774475,-58.94287,-62.292862,-64.98211,-67.27254,-68.11454,-70.2454,-70.900635
2848,False,-24.27497,-30.83253,-30.00538,-32.36548,-36.6594,-34.70492,-36.590668,-36.646015,-36.86219,-38.50655,-42.354847,-40.89852,-41.572308,-43.815723,-44.125847,-47.635254,-49.581734,-49.31682,-51.09897,-53.16338,-53.76562,-56.276085,-54.139244,-56.834625,-58.13343,-60.331364,-61.687244,-63.452396,-67.39557,-69.79415,-71.10339,-71.3783
2880,False,-22.498495,-29.261734,-26.906132,-29.42623,-34.557472,-37.114788,-40.144634,-34.81272,-35.69712,-40.713837,-40.61234,-41.447342,-40.399933,-45.30314,-45.750328,-48.660286,-47.063873,-49.753418,-50.92366,-53.585663,-54.135967,-51.29746,-55.641273,-58.669033,-59.65702,-61.1199,-62.258434,-62.627674,-65.960014,-68.633835,-70.89736,-71.328995
2912,False,-20.913548,-26.158934,-29.204863,-28.718388,-31.921606,-34.992035,-38.89368,-36.260326,-37.03522,-37.35448,-37.504333,-44.573433,-43.217117,-41.36405,-45.12803,-43.461563,-46.565166,-47.998676,-49.757534,-51.548393,-53.312996,-53.475586,-55.69584,-59.193077,-58.198887,-61.16989,-65.235916,-64.349915,-66.63255,-70.295074,-71.59241,-71.60641
2944,False,-25.068913,-29.326456,-29.247566,-29.453987,-32.44415,-36.114037,-40.176224,-39.926006,-33.75547,-38.405865,-38.518574,-40.840622,-41.348175,-44.822117,-45.867046,-46.82075,-44.43018,-46.355637,-50.776047,-53.301865,-52.154366,-53.76903,-54.967735,-55.595203,-57.91391,-61.889416,-62.659454,-63.806805,-67.014725,-69.40748,-70.89778,-70.755806
2976,False,-23.504646,-28.945595,-27.8547,-29.73325,-28.609236,-33.114464,-30.257717,-27.376274,-32.16458,-35.80502,-32.356945,-30.03529,-27.501427,-32.251514,-31.418467,-29.070282,-32.644737,-38.200573,-41.410088,-47.86407,-45.759773,-47.080196,-45.754696,-51.960617,-54.912254,-55.35234,-56.428066,-59.736027,-54.86382,-56.21374,-62.011818,-62.368587
3008,False,-25.36211,-29.080545,-25.58183,-26.794067,-31.768396,-33.56287,-34.989807,-28.142036,-32.90448,-38.16817,-33.08437,-33.562912,-35.522694,-34.84505,-38.525448,-33.73272,-39.738243,-45.94355,-45.009315,-48.421803,-49.22946,-49.397358,-50.762505,-55.566063,-56.68261,-55.78337,-59.22589,-60.98787,-60.157715,-63.932648,-66.46416,-68.163506
3040,False,-22.311935,-29.59571,-28.748707,-30.326553,-32.023453,-31.259048,-36.53132,-37.026756,-37.303513,-44.612923,-42.969837,-39.334835,-38.50252,-39.200077,-38.525024,-43.06273,-45.49556,-46.68304,-48.410816,-49.997055,-52.537758,-52.14192,-57.382008,-57.293926,-56.654858,-60.010105,-63.14183,-64.628586,-66.29024,-67.95416,-70.79089,-70.879486
3072,False,-22.255291,-27.016884,-30.914036,-32.080795,-33.37987,-33.61329,-36.314243,-35.83334,-36.29394,-39.10475,-39.731613,-40.71221,-41.90589,-41.981167,-42.78196,-44.403114,-47.126915,-49.440933,-47.458794,-52.84221,-54.78183,-55.946716,-55.4699,-54.79577,-57.801704,-59.928192,-60.918636,-63.466297,-65.626205,-67.64441,-69.07718,-70.87418
3104,False,-19.034597,-29.438868,-30.15903,-27.88802,-34.580444,-35.409683,-40.306034,-36.345203,-36.859795,-40.197136,-40.367718,-41.230072,-40.282433,-43.72337,-42.615746,-44.181625,-48.561783,-48.160957,-49.5524,-52.586655,-51.200897,-52.23043,-55.724377,-58.176422,-56.860184,-58.94776,-62.409138,-64.594,-65.98338,-68.30565,-70.786095,-70.986435
3136,False,-22.408743,-27.458582,-33.145805,-32.19501,-33.790993,-37.477547,-40.117054,-37.015938,-36.78016,-40.45435,-42.311726,-42.549194,-42.361,-44.83999,-41.365784,-41.901726,-47.75662,-49.20848,-49.007523,-51.685303,-50.830456,-49.592567,-53.803616,-57.24039,-60.98815,-61.00318,-61.923237,-64.59726,-66.800285,-67.76051,-72.71101,-70.93298
3168,False,-17.97515,-29.496372,-24.875757,-27.696112,-34.072098,-33.032364,-37.022713,-40.983055,-37.045956,-36.7315,-43.579697,-41.84858,-42.720787,-43.169632,-42.553005,-45.044514,-46.62259,-50.61818,-55.147076,-52.014923,-51.69288,-51.642956,-56.256275,-56.793312,-59.399437,-60.71939,-63.14675,-63.013935,-66.51551,-69.685104,-70.64841,-70.79528
3200,False,-24.03884,-24.734932,-28.408382,-29.290047,-33.14175,-36.00897,-36.73576,-37.413857,-38.425846,-43.80208,-43.895226,-43.931767,-41.94941,-43.32319,-44.835114,-46.90752,-49.290886,-49.188457,-51.70122,-54.675888,-53.287052,-53.986515,-56.136215,-57.154804,-58.569305,-59.407806,-63.628994,-64.10796,-66.87354,-68.25582,-70.56268,-71.08718
3232,False,-24.859907,-28.53243,-28.067867,-30.291529,-33.98437,-34.96776,-38.07358,-38.127533,-39.98506,-45.965096,-46.60869,-44.36676,-42.82451,-44.6307,-46.039146,-46.72379,-48.42722,-50.171696,-52.301773,-53.20093,-53.63413,-53.881065,-55.506596,-58.608704,-59.35231,-59.323063,-62.129517,-63.918167,-68.25566,-69.50056,-70.55339,-70.66064
3264,False,-24.632475,-27.281275,-28.056435,-27.786882,-31.849348,-35.71974,-40.46339,-37.47127,-36.369064,-37.565094,-41.3624,-40.417362,-39.121944,-42.59513,-47.909645,-49.21723,-46.083313,-48.17097,-48.955017,-54.563713,-57.100327,-52.621445,-53.625492,-54.822197,-58.05046,-61.2163,-62.14075,-64.040665,-67.19199,-67.130394,-68.91821,-69.526245
3296,False,-23.232845,-27.610924,-27.637787,-32.783203,-32.013527,-30.19307,-36.359764,-41.770935,-37.608902,-40.58892,-41.969177,-41.739105,-43.233284,-43.235283,-43.202568,-44.377434,-46.780937,-49.43145,-51.003036,-51.980362,-53.973965,-55.93962,-57.50059,-56.827255,-57.961926,-58.473186,-61.721016,-63.844193,-66.409164,-67.86253,-69.23801,-70.75727
3328,False,-25.627533,-26.76748,-29.482973,-31.277542,-34.130898,-33.367966,-37.87366,-42.34626,-40.59511,-37.57729,-40.99395,-42.65734,-40.70304,-42.843765,-41.042343,-43.184315,-50.391182,-47.65203,-51.633224,-50.26538,-52.40753,-54.215504,-56.18906,-56.52043,-57.831024,-60.576366,-62.39605,-64.95656,-67.795555,-68.94436,-69.80275,-71.28623
3360,False,-18.940117,-25.198385,-31.758053,-27.471626,-28.770706,-33.114517,-37.383156,-43.979675,-40.639835,-38.277493,-44.293255,-45.228928,-41.28502,-41.978455,-40.718193,-44.385777,-47.176796,-48.357185,-52.835014,-52.649643,-52.155846,-52.816616,-54.21057,-56.49574,-58.17386,-60.499683,-62.992065,-64.218475,-67.38817,-67.938225,-69.3586,-71.07802
3392,False,-19.54875,-26.959644,-32.52961,-29.641562,-31.877396,-36.94246,-38.734257,-39.34319,-39.771503,-40.20687,-44.2182,-43.540474,-40.749657,-40.1065,-43.65976,-46.337204,-48.880737,-49.336857,-50.80735,-52.486954,-52.400703,-53.840576,-55.534386,-56.401134,-57.88926,-59.553993,-62.977795,-64.6866,-66.74921,-68.09937,-70.95048,-72.18415
3424,False,-17.963455,-25.561762,-26.131557,-27.043556,-34.16584,-34.48909,-37.93735,-42.84478,-39.51349,-39.699226,-43.44948,-42.318306,-45.01762,-45.167957,-45.554382,-45.96325,-49.23325,-48.26982,-50.46231,-50.760914,-52.41967,-53.75063,-56.164955,-55.632015,-58.99993,-61.983967,-62.84441,-65.226105,-67.619774,-68.22604,-71.14153,-72.75709
3456,False,-21.151585,-30.359898,-29.69543,-33.233036,-35.86247,-33.61472,-35.650764,-41.69837,-38.952442,-39.81071,-40.11802,-45.75239,-40.821884,-42.6224,-44.91203,-49.56413,-48.666473,-50.726448,-49.21895,-52.17193,-52.744705,-53.233414,-56.954594,-55.90624,-57.789246,-58.853218,-61.64971,-62.889057,-67.45271,-68.11183,-69.51507,-70.544395
3488,False,-23.997349,-29.368637,-27.462818,-31.069454,-33.53549,-31.467613,-36.142193,-40.396008,-36.66596,-42.639435,-45.149708,-45.16573,-43.019444,-43.059387,-45.105705,-44.5279,-47.160637,-46.79184,-49.24569,-54.329067,-54.156372,-52.79186,-56.13212,-56.430893,-56.411915,-59.56595,-62.702026,-64.64132,-66.325775,-69.08566,-71.52335,-70.995926
3520,False,-24.236269,-30.190306,-28.764404,-26.344048,-29.17161,-31.15534,-26.410616,-23.706034,-27.66799,-32.808384,-29.598207,-24.137594,-24.576883,-23.78665,-23.732225,-20.243246,-22.652712,-26.102161,-31.522987,-37.423573,-31.740185,-31.245699,-29.522205,-32.392746,-28.96866,-27.19021,-30.974049,-25.778912,-19.758604,-19.958689,-25.66436,-26.343773
3552,False,-21.292633,-28.728489,-25.547344,-22.991917,-28.085484,-28.845436,-32.70908,-25.908516,-31.272211,-37.558506,-31.148088,-30.30882,-30.941162,-26.426413,-29.862394,-27.117523,-31.513597,-35.65101,-33.78191,-38.647896,-36.328873,-33.941685,-35.85741,-37.86575,-34.981434,-31.922302,-35.889885,-32.877583,-27.217903,-28.548225,-32.561146,-34.371056
3584,False,-21.654957,-27.77444,-29.740313,-25.915615,-31.365728,-32.95852,-36.77723,-30.58975,-35.147137,-40.691742,-39.448425,-35.852627,-33.209156,-33.56422,-36.279854,-36.18473,-38.267006,-42.159008,-41.45288,-46.165318,-44.356102,-42.053795,-44.978176,-46.122734,-44.534607,-38.99853,-39.991463,-41.304302,-37.73498,-38.539433,-44.90549,-46.477833
3616,False,-17.666767,-25.434341,-26.826284,-31.475412,-36.936882,-34.7784,-34.15855,-34.963776,-37.891773,-39.834587,-40.135506,-40.03044,-38.80442,-39.016823,-40.720215,-38.27695,-41.327698,-44.483334,-46.928223,-48.725014,-48.526604,-44.82678,-47.98983,-49.848198,-49.822308,-43.84291,-43.743423,-43.107723,-39.487408,-41.12722,-48.450394,-50.471745
3648,False,-23.326324,-28.558365,-27.355408,-30.77309,-31.305103,-33.399414,-37.447994,-41.3604,-39.25449,-38.983467,-41.744644,-42.355186,-40.518414,-41.990032,-41.812557,-41.649307,-45.935856,-45.993675,-44.406136,-47.593826,-46.897606,-48.186676,-50.470333,-52.604874,-52.520256,-46.283947,-46.865944,-47.767673,-46.634125,-46.097492,-53.00014,-56.31958
3680,False,-23.34237,-31.461237,-32.209972,-28.266714,-30.340454,-33.005726,-33.860813,-35.080814,-34.878784,-40.55458,-38.127876,-40.867897,-42.718586,-40.73262,-44.18003,-44.83133,-46.03929,-45.86601,-50.644753,-50.368095,-48.58387,-49.3192,-53.095516,-53.809055,-54.0554,-53.301018,-53.624275,-50.55426,-49.05227,-51.244427,-58.169575,-60.261517
3712,False,-17.97834,-24.539936,-26.929657,-30.427973,-36.92711,-34.00148,-38.20482,-39.148853,-39.748615,-43.00903,-39.84552,-41.48324,-42.4925,-44.69921,-43.80081,-48.546013,-46.18801,-48.45112,-50.17946,-50.408726,-52.311623,-51.512016,-52.75473,-51.639122,-54.018078,-54.51817,-54.789433,-54.168797,-51.44337,-55.30525,-60.615105,-64.35981
3744,False,-22.267014,-28.79816,-29.96614,-32.434723,-34.318096,-33.510674,-36.81751,-38.52041,-38.57815,-40.561264,-39.536217,-41.395027,-44.766193,-41.800877,-43.436832,-44.20533,-45.26106,-49.079136,-50.045925,-51.401314,-51.91694,-52.373253,-55.52994,-55.043636,-55.52383,-56.860336,-58.451595,-60.261078,-57.63439,-59.349102,-65.84779,-69.19549
3776,False,-20.465569,-28.770752,-26.727718,-28.022854,-32.858673,-36.35537,-36.731583,-38.74183,-35.21264,-39.820023,-39.171703,-45.024704,-41.918396,-44.599133,-44.27914,-41.963825,-49.618866,-49.308567,-49.156998,-50.51291,-53.111176,-53.020943,-54.316307,-55.922096,-56.809277,-58.335274,-60.08204,-60.753094,-60.157974,-63.01361,-69.12625,-71.28482
3808,False,-27.57949,-30.97372,-31.870401,-28.259476,-33.58815,-36.91155,-36.4943,-40.655636,-36.581554,-38.999855,-41.56519,-40.629738,-42.67879,-45.024544,-39.663166,-44.958935,-48.934013,-49.86282,-49.967133,-50.689674,-54.27495,-55.491913,-55.745598,-56.38597,-57.034245,-59.93357,-61.482796,-63.75065,-63.851776,-66.03035,-71.16023,-70.78992
3840,False,-21.656284,-29.38485,-29.381035,-28.986187,-32.67987,-35.474392,-36.36233,-42.64195,-40.08604,-44.733704,-45.67245,-46.640594,-43.595467,-42.635235,-40.8371,-44.76304,-47.641777,-49.98919,-49.101974,-52.520493,-53.807785,-56.410515,-55.238007,-56.691936,-59.99434,-59.530907,-62.623474,-63.853306,-65.163086,-68.12788,-71.344086,-71.271774
3872,False,-24.365168,-28.218288,-27.880444,-27.098316,-31.58937,-33.1881,-37.80003,-40.536835,-41.894333,-40.454536,-43.975075,-47.948498,-43.91101,-44.919655,-41.85806,-43.590157,-47.78046,-47.24362,-51.38958,-52.733593,-52.885242,-54.37675,-55.4295,-56.0772,-57.798466,-61.12839,-63.149567,-63.842834,-67.41023,-68.659424,-71.05903,-70.109924
3904,False,-20.013905,-29.36367,-28.602331,-31.33338,-34.780087,-37.195095,-40.73361,-45.541,-40.605717,-38.584206,-43.531837,-44.85556,-44.851868,-41.68023,-45.067677,-46.27368,-47.441143,-48.48133,-48.558727,-50.84658,-52.594494,-54.8591,-55.189827,-56.687332,-59.049217,-60.712982,-63.083187,-64.169815,-65.0887,-68.64125,-71.56892,-71.29455
3936,False,-21.840977,-28.571297,-27.705133,-30.924158,-33.67726,-33.151253,-36.587143,-39.976673,-36.252117,-38.767933,-40.699577,-41.499123,-43.58229,-44.63062,-41.187775,-44.337906,-44.02204,-48.301895,-49.675632,-52.974876,-51.39379,-54.82132,-57.171436,-57.93192,-58.989605,-61.319115,-63.400272,-63.28863,-66.70124,-70.32177,-70.90564,-70.38178
3968,False,-23.652012,-25.09377,-24.705599,-26.336304,-32.776066,-35.237106,-39.725647,-40.36151,-36.858543,-40.63284,-40.10852,-41.535,-47.134262,-49.801476,-47.07726,-46.17641,-48.50814,-51.21578,-52.18344,-51.312126,-52.06523,-52.10794,-55.13227,-56.594425,-58.76201,-60.545845,-61.699783,-63.260765,-68.903725,-69.67933,-69.82284,-70.40787
4000,False,-25.416842,-29.820368,-27.68169,-28.283047,-36.154057,-36.962753,-35.927692,-41.91303,-39.389606,-38.696262,-41.439342,-41.71768,-42.9664,-45.576023,-44.47927,-46.952824,-48.043022,-50.14607,-49.849083,-51.47679,-52.18785,-52.256336,-54.804253,-57.204796,-59.771812,-60.513077,-61.847343,-63.396915,-66.81065,-69.7842,-71.304405,-70.49678
4032,False,-25.424145,-25.3736,-25.860573,-29.780416,-32.950157,-35.454346,-40.381424,-38.92013,-35.67646,-37.46295,-41.857372,-43.002045,-43.05405,-46.793156,-44.536724,-47.550797,-48.021744,-49.528484,-50.79142,-53.258614,-53.029877,-53.399986,-55.216347,-57.410046,-60.352894,-61.328426,-63.3078,-64.90502,-65.85655,-68.97901,-69.37362,-70.80148
4064,False,-20.9603,-28.47659,-27.947186,-27.121517,-30.193733,-31.75479,-33.851254,-29.203568,-34.194912,-38.322197,-35.219826,-30.701647,-29.613274,-34.578873,-33.89303,-31.891754,-34.890896,-39.813835,-44.830494,-49.908455,-48.230328,-48.988968,-48.095657,-51.920853,-54.93288,-57.77712,-57.9729,-60.78228,-57.486107,-58.885124,-64.231346,-63.989754
4096,False,-23.514732,-25.450134,-27.082264,-25.508993,-28.635288,-29.123657,-33.495384,-26.927132,-31.943407,-37.072136,-32.07505,-32.805916,-31.1857,-31.944393,-35.39106,-31.215801,-38.116764,-43.03443,-43.159523,-47.177692,-46.745193,-47.957214,-49.536114,-53.498608,-55.768227,-56.33066,-57.468334,-58.961216,-55.757107,-59.14715,-64.13614,-65.609085
4128,False,-26.144361,-27.941772,-26.636574,-33.643597,-34.95103,-34.697826,-36.050583,-34.181168,-35.32721,-40.285496,-38.179356,-41.32647,-36.47858,-35.696445,-40.371925,-41.909023,-43.86722,-47.088474,-45.695644,-52.632095,-53.844868,-53.088676,-56.131393,-57.006992,-57.9285,-59.13504,-62.529243,-64.8049,-65.52103,-68.19409,-69.8231,-70.37851
4160,False,-27.474072,-30.488043,-26.904667,-29.473557,-33.676144,-33.23957,-35.66055,-37.841503,-38.31454,-39.0092,-39.97843,-41.3525,-41.002483,-40.94783,-45.01074,-44.08144,-47.392063,-47.08729,-49.464397,-53.397873,-52.390755,-52.675076,-54.036324,-58.25383,-59.9862,-59.786552,-61.351284,-63.732765,-66.241905,-70.23659,-70.517075,-69.72053
4192,False,-25.191133,-27.34843,-30.313065,-31.905846,-32.155296,-33.935303,-39.643387,-39.755936,-44.911697,-41.081474,-40.10798,-39.275154,-41.158867,-43.36685,-44.90227,-46.55783,-46.064762,-48.281322,-49.65825,-50.921497,-50.9671,-52.381424,-54.164856,-57.433067,-59.075375,-60.74189,-64.24953,-65.64632,-65.857834,-69.21184,-71.01197,-72.75766
4224,False,-26.470722,-27.47152,-29.366077,-26.775146,-35.360085,-36.541515,-38.17509,-41.27301,-42.90407,-42.12799,-45.558853,-44.292564,-42.21646,-42.5642,-46.167034,-45.06456,-48.003197,-48.911156,-49.962364,-56.53912,-55.84173,-53.55278,-54.375233,-58.12474,-58.46426,-60.673378,-62.730698,-64.04611,-63.774128,-69.70412,-68.72876,-69.44859
4256,False,-27.473286,-29.568003,-29.207127,-28.263767,-33.12449,-34.726906,-36.24947,-39.96033,-35.71475,-38.6936,-44.18672,-48.386158,-45.071712,-43.25712,-42.657085,-44.448856,-46.439495,-48.00987,-51.196762,-52.8761,-54.193016,-53.766647,-55.040947,-57.736717,-57.507576,-58.000107,-60.94062,-63.71626,-65.50263,-69.79251,-72.11625,-70.51129
4288,False,-21.000843,-28.94311,-29.571335,-27.805159,-35.38654,-35.107426,-34.881,-38.84651,-38.41572,-42.756504,-40.84031,-39.290443,-39.794605,-47.105774,-44.774548,-44.48523,-47.955513,-49.387993,-49.957428,-51.056725,-52.229942,-53.64336,-56.59202,-56.07801,-57.619453,-59.816566,-60.869278,-62.381783,-65.23531,-69.35448,-71.109604,-71.88888
4320,False,-28.943233,-28.577076,-30.476713,-29.930992,-32.940285,-33.648308,-35.13453,-37.986874,-38.174828,-42.56314,-36.264427,-42.922173,-43.33721,-42.501713,-42.92449,-46.12072,-47.779762,-49.840984,-50.222656,-50.933628,-50.91576,-53.354385,-55.766903,-55.71464,-56.441223,-59.004395,-62.25637,-64.4263,-65.483734,-69.52366,-70.31905,-70.401344
4352,False,-22.445976,-25.673103,-25.634268,-27.87935,-30.157314,-34.697426,-38.688663,-36.70037,-35.129734,-39.38113,-40.96935,-43.248802,-40.368904,-43.50368,-48.556217,-46.593407,-47.845238,-48.46701,-47.245148,-51.133926,-53.21652,-54.726265,-55.188732,-57.869152,-57.762276,-58.588387,-63.420815,-64.659164,-67.53982,-68.63832,-70.44816,-70.76316
4384,False,-23.926407,-28.478405,-30.522415,-30.534513,-34.62457,-36.576393,-38.39588,-39.567154,-35.052673,-34.39858,-42.60591,-41.68636,-44.420372,-42.81914,-41.595764,-45.532394,-45.34144,-49.04787,-49.870243,-52.08679,-51.258003,-51.376575,-55.361324,-55.34379,-58.330322,-59.50093,-61.202972,-61.318054,-64.626816,-68.535706,-70.60565,-70.59587
4416,False,-20.767849,-27.262575,-28.454676,-29.098644,-34.321312,-34.15187,-34.95022,-38.716427,-37.27837,-37.98328,-37.520134,-39.36663,-41.546627,-45.144638,-43.657112,-45.514374,-45.621063,-47.523884,-49.968792,-52.92935,-52.52132,-52.194675,-57.410625,-57.626785,-59.09649,-60.7066,-62.191063,-61.92963,-66.0297,-69.16568,-68.66048,-71.23626
4448,False,-22.712051,-28.232424,-29.141836,-30.439585,-33.00246,-34.65111,-39.959255,-39.683605,-40.930313,-42.888393,-42.578312,-44.17562,-42.738457,-44.640877,-44.220234,-44.071976,-47.224842,-47.23207,-48.120583,-53.234253,-52.707146,-53.892303,-55.243107,-56.903282,-59.91138,-61.085968,-64.13884,-62.85524,-66.237656,-68.081345,-70.135605,-71.075714
4480,False,-23.810509,-29.708553,-27.020514,-28.946976,-34.278774,-36.917316,-40.90648,-39.77051,-38.595097,-39.81156,-39.006424,-42.585922,-40.720573,-45.82807,-48.873173,-45.55141,-47.291,-49.401176,-49.91015,-52.0962,-52.77266,-54.118523,-53.09533,-56.086243,-57.502815,-59.04201,-61.794796,-62.599358,-65.88243,-68.808945,-70.68349,-70.70355
4512,False,-25.015944,-29.793303,-29.803684,-34.75386,-34.664375,-37.32383,-38.046318,-37.640232,-38.821842,-38.36907,-45.55665,-44.964947,-40.2598,-44.609177,-45.294056,-46.792877,-45.76806,-49.471886,-49.639126,-52.42624,-53.423077,-52.259613,-54.5068,-58.30736,-57.684998,-59.054604,-62.93358,-64.36336,-67.445595,-69.212425,-71.18922,-70.833664
4544,False,-23.899307,-30.425797,-27.462715,-31.402115,-33.891094,-35.72785,-39.136154,-40.96327,-38.929123,-40.091976,-41.34249,-40.122017,-40.0705,-41.710785,-42.453312,-44.554134,-45.44049,-47.76932,-52.61638,-52.328953,-52.107857,-53.86843,-55.714188,-57.47168,-60.31361,-60.454414,-62.01429,-63.667545,-68.36925,-69.131836,-70.37288,-71.032745
4576,False,-25.567345,-24.849684,-30.500534,-31.034256,-32.29492,-32.144615,-39.138733,-37.84102,-37.084206,-36.575302,-39.364414,-43.604675,-41.750866,-44.39558,-47.092964,-46.07174,-45.625465,-48.541634,-50.484627,-53.463997,-52.525787,-50.837196,-54.21602,-58.357803,-58.121372,-61.041283,-63.50247,-64.856255,-67.84978,-70.245735,-70.01082,-72.344185
4608,False,-27.572113,-29.421848,-28.31451,-26.358984,-28.530952,-33.048096,-28.12252,-26.335714,-29.607618,-33.55824,-31.9049,-26.7398,-25.742783,-25.101627,-25.580568,-22.536385,-24.80318,-28.321915,-34.08543,-39.351788,-34.03481,-33.381268,-31.925285,-35.14462,-31.379854,-29.669321,-33.157097,-27.585163,-22.049788,-22.346716,-26.837914,-27.374193
4640,False,-26.18314,-28.168118,-27.70071,-25.025213,-26.925268,-27.247768,-30.65709,-24.045933,-29.209997,-33.983204,-30.657536,-29.437597,-29.562553,-25.07839,-27.716513,-25.075256,-29.429941,-31.971037,-31.800934,-37.093987,-33.883625,-31.000202,-32.772987,-34.853664,-32.035038,-29.344372,-33.399414,-29.926512,-24.380775,-25.468376,-29.271076,-30.010233
4672,False,-21.484938,-28.921833,-30.092712,-27.78056,-31.19598,-31.899471,-34.0679,-32.45223,-33.330334,-36.29839,-36.025234,-34.947403,-32.5925,-32.66748,-36.634537,-36.59982,-36.782967,-41.92463,-42.602238,-47.228264,-44.509293,-41.06263,-44.62729,-46.965073,-43.847908,-39.324696,-40.350185,-40.829693,-36.828476,-38.135525,-44.2675,-45.42456
4704,False,-23.26286,-26.062443,-30.051594,-32.782906,-29.970667,-34.095463,-36.332623,-36.78381,-37.934822,-39.963863,-38.188496,-40.199314,-41.879997,-43.964355,-42.52672,-39.38078,-40.994167,-44.14305,-46.27082,-49.45286,-48.86412,-45.06967,-46.665413,-48.74404,-49.385586,-43.893772,-43.445988,-43.35306,-39.808254,-40.917366,-48.219032,-51.274643
4736,False,-21.47358,-27.937092,-27.749725,-29.09851,-30.299511,-35.05555,-36.70076,-37.28746,-35.732925,-38.573746,-39.938465,-42.88046,-42.951706,-41.23715,-43.56636,-43.21215,-45.148018,-45.552658,-45.94947,-52.929996,-46.187523,-45.44579,-51.226467,-51.18601,-50.998817,-47.278465,-46.986855,-47.71673,-45.780617,-45.543972,-51.450268,-54.64721
4768,False,-24.437424,-27.884792,-30.381123,-28.529436,-32.47765,-34.65269,-39.90001,-36.06953,-34.727856,-39.05538,-40.62271,-40.02872,-41.791542,-37.331787,-43.92984,-46.45927,-44.983364,-45.989857,-44.781384,-51.343193,-52.551033,-49.64516,-51.34096,-52.84511,-54.525826,-51.06362,-52.474,-51.141884,-48.563824,-50.674435,-57.78186,-59.60025
4800,False,-23.13446,-30.30549,-24.290848,-31.115017,-34.199997,-32.147903,-36.699665,-37.137188,-38.360195,-41.85582,-40.040504,-42.674603,-42.865738,-43.88279,-44.601776,-43.34873,-43.661617,-47.570694,-49.14248,-48.482777,-51.853394,-52.686836,-53.18965,-54.008976,-56.009445,-54.624104,-55.898643,-54.563137,-52.104267,-55.144913,-60.99547,-64.45607
4832,False,-20.234287,-27.845192,-27.85522,-31.13222,-34.18096,-37.41803,-37.523026,-37.441906,-37.16657,-36.75327,-39.205544,-42.331905,-43.82915,-41.55258,-41.594906,-43.282616,-45.192696,-48.725243,-49.996574,-50.262825,-50.88748,-51.7333,-54.17266,-58.12382,-56.333862,-55.907898,-59.99338,-60.149616,-56.387016,-58.408035,-65.29363,-68.96559
4864,False,-21.297935,-29.925865,-31.538727,-31.896303,-34.045166,-31.815151,-36.704056,-39.250103,-40.272415,-38.88219,-39.563305,-42.79664,-42.514587,-45.144783,-46.143326,-44.896034,-44.094234,-47.147106,-50.0094,-52.562744,-51.084156,-52.443283,-55.677513,-56.160885,-56.619717,-58.099205,-59.558483,-61.943245,-60.55016,-62.305893,-65.64555,-69.297905
4896,False,-25.522835,-25.482786,-26.619938,-29.776392,-33.512093,-35.093483,-35.700577,-38.663876,-36.076897,-39.819237,-43.59881,-42.20452,-42.124817,-41.86103,-43.28312,-45.708256,-49.416824,-51.61454,-50.02287,-54.37709,-50.823982,-52.107117,-53.20392,-56.48222,-57.85631,-57.914738,-60.60162,-63.265892,-64.83201,-67.10877,-71.44282,-69.97176
4928,False,-23.477991,-27.081652,-32.69984,-33.558086,-31.12467,-33.917694,-36.682564,-39.715553,-36.641785,-38.187626,-39.571125,-40.915985,-41.92615,-43.488533,-47.615715,-49.579506,-47.318527,-48.680145,-51.86698,-51.888916,-51.768738,-52.31388,-53.641262,-57.047592,-57.958214,-59.093925,-61.7097,-64.8752,-65.086296,-67.61626,-70.46407,-71.99017
4960,False,-27.241373,-28.34235,-34.514904,-31.072714,-32.45195,-35.59737,-37.744884,-41.563457,-41.0484,-43.03843,-40.599575,-42.113045,-41.869324,-43.59192,-45.86548,-46.788654,-46.14794,-48.905487,-49.24767,-50.11681,-50.79789,-52.698547,-57.19277,-58.587875,-58.558544,-60.329365,-63.882347,-63.3155,-65.54694,-67.999115,-71.811615,-72.418945
4992,False,-23.202456,-27.81561,-30.60398,-34.216324,-37.242847,-36.551964,-36.908157,-43.823452,-39.366085,-37.94555,-43.303337,-41.292244,-41.645256,-42.34003,-43.61949,-45.893215,-46.728058,-48.339462,-49.459015,-51.06838,-53.84919,-53.573257,-55.756653,-57.66495,-58.466606,-62.191357,-62.98233,-63.910355,-66.794754,-70.75663,-70.37523,-71.53207
5024,False,-25.937946,-24.84948,-29.269238,-31.638739,-37.227966,-39.72709,-37.75386,-40.306416,-39.76734,-41.027023,-43.056988,-46.368355,-43.00106,-44.07959,-44.600456,-43.768353,-49.076653,-50.321022,-49.375633,-50.111122,-52.838093,-52.695717,-55.55592,-57.469765,-60.869804,-60.290253,-60.499325,-63.93501,-67.78226,-69.493835,-69.82112,-72.11726
5056,False,-27.851025,-28.639744,-29.383823,-28.59936,-35.47519,-37.33899,-37.665474,-38.1326,-41.13104,-41.884583,-40.702904,-41.448055,-44.814224,-46.060432,-42.749996,-42.133846,-46.439953,-46.54491,-49.397263,-51.127655,-52.856617,-54.425484,-57.06835,-55.078278,-57.358704,-59.808517,-62.787308,-62.79898,-65.71464,-69.113014,-70.35241,-72.27854
5088,False,-20.993814,-27.354643,-33.696632,-31.768587,-33.27738,-33.71488,-40.007866,-36.242035,-36.334282,-39.419037,-41.38464,-42.093506,-41.176144,-42.97332,-41.32045,-44.383568,-46.730732,-46.84939,-47.59217,-51.09798,-53.945404,-54.56917,-57.196358,-60.50705,-60.00485,-59.750214,-62.459343,-65.5855,-66.0671,-67.962875,-71.35642,-71.905205
5120,False,-21.905592,-30.689724,-25.981281,-28.72047,-34.65014,-32.110462,-35.001457,-38.45521,-39.710808,-41.7546,-37.8946,-41.4729,-45.078735,-43.778652,-42.368946,-44.578167,-49.047337,-47.051697,-50.39228,-54.06975,-52.61335,-50.480713,-55.786026,-59.09534,-61.64309,-62.144188,-61.105343,-63.503204,-68.473045,-69.74793,-71.61557,-71.35089
5152,False,-22.651737,-29.981983,-25.42116,-30.56885,-32.423283,-35.491375,-33.74563,-31.738716,-35.316216,-40.7518,-37.55614,-33.997654,-33.67331,-37.64334,-36.078075,-34.283585,-36.97807,-42.455807,-45.85795,-51.78099,-49.88392,-50.65262,-50.50427,-55.68644,-58.294975,-58.429497,-59.58153,-64.637436,-59.99718,-61.071945,-66.86,-67.88549
5184,False,-21.570652,-27.670393,-27.762049,-28.405512,-29.293291,-27.947855,-30.266169,-25.118744,-30.04808,-35.091988,-29.350925,-30.489437,-30.665075,-30.970299,-33.584866,-30.063372,-35.161697,-40.866913,-40.997597,-45.89672,-44.290615,-47.312973,-47.26867,-52.763138,-55.50885,-55.171295,-56.804615,-60.461998,-54.386063,-56.967728,-62.381752,-64.21363
5216,False,-22.267496,-26.10276,-26.800095,-32.1576,-32.78687,-35.101402,-42.430576,-31.875822,-34.556797,-38.433308,-40.713745,-40.74764,-36.53218,-36.047356,-41.273045,-41.601997,-44.206066,-45.86723,-45.935165,-50.18867,-50.542393,-52.937317,-54.236977,-57.216705,-56.97162,-59.85578,-61.351357,-62.3813,-65.01655,-66.96602,-70.457886,-69.73799
5248,False,-23.204977,-30.224371,-31.913563,-31.392189,-32.513596,-35.09765,-40.80277,-38.535038,-39.12972,-41.66581,-41.530983,-43.40744,-40.39555,-38.444122,-44.87113,-45.98922,-44.915424,-48.22163,-49.94549,-54.35043,-53.682304,-53.516315,-57.085983,-57.548695,-58.88193,-59.022423,-61.015656,-63.92759,-65.42554,-68.70747,-71.023476,-70.772446
5280,False,-19.201162,-25.01233,-31.414087,-33.70458,-32.02117,-35.415134,-38.619476,-37.70751,-39.11999,-44.578,-43.497215,-44.742386,-45.36066,-43.92273,-44.019997,-44.34467,-46.927643,-48.856888,-50.042034,-51.22124,-54.086918,-54.161114,-56.024837,-58.91325,-58.900776,-60.364944,-63.375305,-64.1747,-67.78718,-70.22403,-69.75301,-71.932915
5312,False,-20.02553,-27.8586,-26.944668,-29.138805,-37.011486,-36.470306,-35.4602,-36.50564,-35.344086,-39.34947,-42.745796,-39.370106,-40.224667,-41.965595,-43.115726,-44.900665,-46.82245,-45.92816,-49.194027,-51.00773,-53.05792,-53.46567,-53.63945,-56.271687,-59.38383,-60.843613,-63.019066,-63.769794,-68.573845,-69.03935,-70.98027,-70.49226
5344,False,-23.419868,-27.273811,-33.18307,-36.057114,-33.258614,-34.68084,-38.32309,-37.374737,-37.664948,-41.82128,-40.89054,-40.1725,-45.39164,-44.30347,-44.109856,-47.635693,-47.057823,-47.288532,-47.753468,-52.467083,-52.039703,-54.2251,-54.41685,-56.787384,-56.558,-59.261684,-61.99911,-64.17792,-65.59893,-69.60082,-72.0541,-71.78747
5376,False,-22.304344,-27.735634,-26.945288,-28.843468,-31.506197,-35.98258,-37.444565,-35.662735,-40.889084,-44.715652,-43.030125,-41.900192,-43.95629,-42.06573,-43.693893,-46.33642,-45.96209,-48.715347,-51.328934,-53.00099,-52.32512,-54.864555,-57.198032,-57.914513,-59.339733,-61.517525,-62.594296,-65.17045,-67.44702,-68.56234,-69.88329,-70.37894
5408,False,-21.947062,-28.62219,-29.387636,-32.280422,-31.55626,-36.592155,-38.47003,-42.793755,-40.68859,-37.304077,-40.735863,-43.78771,-44.35756,-45.79783,-45.596485,-47.520638,-45.76212,-49.379505,-48.119156,-49.959263,-52.8889,-52.922997,-56.190697,-56.70757,-57.951103,-60.519936,-62.862453,-64.42672,-67.44876,-70.913635,-71.34002,-71.23478
5440,False,-22.769163,-29.206844,-27.146519,-30.290203,-36.437527,-37.959095,-39.15998,-38.490227,-38.926777,-40.89029,-37.23556,-44.62768,-44.15539,-47.338913,-45.456577,-46.89791,-47.449135,-51.925064,-51.51017,-52.358353,-53.17325,-52.088844,-55.52772,-57.638927,-58.01777,-61.33999,-62.3325,-63.869316,-67.9703,-70.10132,-69.821846,-70.176025
5472,False,-21.860527,-29.618935,-28.22582,-29.942148,-32.56807,-36.187847,-41.58307,-38.93412,-41.9286,-41.13649,-43.275646,-40.58696,-42.715668,-45.237385,-45.12499,-46.527122,-46.20616,-48.527214,-51.319885,-53.382774,-50.958706,-56.201748,-56.337738,-56.439358,-60.351048,-61.57872,-62.606388,-64.5123,-66.20294,-70.12603,-71.85278,-71.733986
5504,False,-22.167946,-30.142704,-28.859522,-29.778496,-33.433537,-34.616177,-39.89701,-39.62119,-39.050335,-41.60411,-42.22621,-45.866108,-42.39639,-43.85187,-44.33249,-45.192924,-48.58204,-52.22718,-53.70348,-52.885674,-53.343426,-53.34518,-55.677803,-56.658955,-59.44317,-62.387154,-63.13921,-65.23571,-68.25965,-70.02877,-72.45969,-70.16486
5536,False,-20.92485,-27.557392,-30.147417,-32.361835,-31.42817,-35.06332,-38.96329,-36.375042,-38.822136,-38.498676,-39.274803,-40.05135,-41.056465,-45.31897,-44.341644,-48.04107,-47.200096,-48.37339,-48.991222,-52.10258,-53.894783,-54.404648,-55.608696,-55.178417,-57.47007,-58.928486,-62.377136,-66.51953,-67.78838,-68.18941,-71.05931,-72.58355
5568,False,-22.069292,-26.300327,-28.314651,-29.308483,-32.62753,-35.258163,-38.986076,-37.550877,-35.667866,-39.564747,-39.834114,-43.7956,-41.30003,-49.204094,-47.562847,-45.288452,-50.77358,-50.338245,-51.253983,-51.362003,-51.902637,-51.19343,-55.22892,-57.652645,-58.05497,-59.240803,-62.905575,-64.9169,-69.90606,-69.07107,-70.25454,-71.55657
5600,False,-27.105036,-29.922564,-33.508163,-36.06997,-32.76986,-35.833084,-39.930977,-39.01503,-35.26936,-38.377796,-43.96673,-42.078327,-44.192486,-45.653336,-43.16643,-46.49833,-49.332687,-49.55152,-50.526573,-52.340942,-53.177002,-55.40406,-55.143166,-58.245354,-58.076023,-60.958115,-62.441715,-63.434013,-67.31411,-69.6602,-71.511444,-70.72563
5632,False,-23.82549,-24.001806,-30.113089,-30.529285,-35.169937,-35.7005,-39.876183,-39.266068,-38.8432,-37.27291,-43.320866,-41.109142,-41.65792,-44.125324,-42.408024,-45.234432,-49.14844,-50.4327,-50.814934,-53.36367,-54.148823,-55.31598,-54.889866,-58.563324,-59.138863,-60.724316,-62.955734,-63.811012,-65.62292,-67.09918,-68.30814,-69.94794
5664,False,-25.75579,-27.074327,-26.899693,-28.575077,-29.790363,-36.127026,-39.34954,-39.759598,-37.707245,-41.60888,-46.854015,-45.050186,-42.870644,-41.5512,-43.759098,-46.828506,-47.83125,-48.745903,-52.232964,-52.049133,-52.76791,-53.373604,-55.288082,-56.834732,-57.08426,-59.39427,-63.825806,-65.81134,-67.90646,-68.87106,-69.62253,-69.91772
5696,False,-21.658926,-27.511154,-27.907007,-27.944534,-31.53574,-35.7054,-35.933952,-32.899963,-36.444683,-37.733734,-38.02688,-33.20336,-32.852787,-33.01285,-32.801964,-29.970037,-31.738178,-36.07611,-42.10904,-46.455673,-42.68239,-41.885193,-40.670834,-44.291096,-40.265217,-38.794437,-41.657185,-35.433598,-30.121578,-30.562819,-34.18329,-35.466675
5728,False,-20.799425,-27.976759,-26.74881,-22.751074,-25.438633,-26.077095,-26.793633,-22.265284,-27.570276,-33.956055,-27.317184,-25.282074,-25.880402,-22.64744,-24.35335,-20.913792,-24.28592,-26.826817,-28.923872,-34.6592,-29.948963,-28.053663,-28.640938,-31.173992,-27.869473,-25.485476,-29.81897,-25.448381,-19.581917,-20.502684,-24.24738,-25.55989
5760,False,-22.742975,-28.947357,-26.293154,-25.306513,-28.727203,-30.7533,-36.398,-29.73031,-34.0233,-36.42567,-35.78675,-35.13352,-32.913822,-34.515755,-36.89317,-32.50296,-34.87456,-40.710297,-41.89194,-46.70012,-44.091026,-40.69689,-43.515625,-46.013775,-42.550625,-38.577305,-38.49086,-38.925278,-35.079353,-36.368397,-41.298084,-44.667877
5792,False,-23.18921,-29.2813,-31.975973,-30.637629,-31.984997,-31.605043,-34.84353,-34.628113,-36.639908,-39.424637,-39.99723,-38.774258,-38.73983,-40.012337,-41.097183,-40.246986,-40.566296,-43.61278,-43.746674,-47.534424,-47.148254,-44.81446,-46.524246,-48.093258,-48.86177,-42.234264,-41.884453,-43.365406,-39.270367,-40.437424,-46.96718,-49.374195
5824,False,-23.189957,-28.850807,-28.652359,-32.79895,-36.20598,-35.84721,-38.74362,-37.47593,-37.867558,-36.139156,-43.404804,-43.662533,-42.280975,-40.979733,-43.216927,-40.44915,-44.471443,-45.75112,-45.58837,-51.098515,-45.86676,-45.62554,-49.480194,-51.44069,-50.6835,-46.994118,-47.38709,-48.13729,-44.03856,-44.504547,-50.750328,-54.09236
5856,False,-24.59567,-27.932297,-31.02628,-31.985382,-31.340912,-33.10283,-38.373272,-38.09903,-39.656464,-40.121223,-41.178055,-43.32687,-41.037334,-39.829628,-43.525993,-47.136932,-48.827766,-46.019234,-47.959423,-48.66096,-51.12113,-49.412495,-54.715504,-53.73569,-54.463432,-50.131622,-50.61499,-49.44152,-47.432858,-48.46972,-56.39481,-59.130997
5888,False,-26.793793,-28.634281,-27.820337,-28.717873,-34.715076,-31.525856,-37.15697,-40.87503,-36.25463,-38.946377,-45.16041,-40.99722,-42.22683,-41.555946,-42.986694,-45.680634,-43.713264,-45.928425,-49.53061,-50.902664,-49.335514,-50.658756,-52.650295,-53.1588,-54.219852,-52.563534,-53.79695,-55.266106,-50.681007,-53.712486,-60.238605,-62.522285
5920,False,-26.307373,-28.530338,-28.76725,-30.9366,-31.48882,-38.648697,-38.94807,-40.959274,-37.64693,-41.714767,-42.793278,-39.468952,-42.48612,-42.42221,-44.730217,-47.699203,-46.368103,-49.72647,-51.920883,-50.812492,-52.118893,-52.382988,-54.19289,-56.121822,-56.973083,-55.421444,-58.138508,-57.92582,-55.6711,-59.321617,-64.45443,-65.3137
5952,False,-25.050041,-31.973804,-27.565592,-29.010517,-36.91052,-38.529953,-41.366646,-39.94865,-37.778545,-39.859604,-44.211166,-41.92331,-41.945503,-43.742107,-43.65062,-46.40748,-46.173397,-48.943104,-47.672462,-51.217346,-54.034508,-54.69291,-53.78235,-56.769196,-57.03286,-57.07055,-60.494507,-62.1709,-59.934216,-61.238235,-65.77133,-68.48352
5984,False,-23.63694,-27.345192,-29.50989,-29.815588,-33.434223,-34.5206,-36.87266,-38.98446,-40.72824,-41.055397,-45.7995,-40.549835,-40.972,-43.25562,-43.34791,-46.020264,-48.407932,-52.215683,-51.46502,-52.335854,-51.694344,-51.708275,-54.794422,-56.971626,-58.02771,-58.7751,-59.098602,-61.751114,-64.00968,-66.467926,-70.27707,-70.46072
6016,False,-25.351921,-34.689022,-29.804964,-29.985813,-35.482143,-35.78649,-35.76052,-42.214478,-40.039406,-40.670105,-43.954483,-42.525692,-44.213783,-43.10453,-42.770214,-46.728714,-47.08218,-48.035194,-48.436043,-50.635715,-53.28314,-55.356632,-56.431408,-57.034702,-58.31181,-60.184097,-61.291077,-63.766235,-64.96419,-66.71467,-70.20293,-70.330986
6048,False,-27.89758,-27.874458,-27.644175,-29.463673,-32.676853,-37.04985,-38.77198,-37.385963,-37.29075,-41.90528,-38.446785,-42.49846,-42.35089,-43.41147,-46.802498,-46.85108,-46.664715,-49.53749,-49.238365,-51.152004,-52.28777,-53.262383,-56.752464,-57.885857,-57.349545,-59.735146,-60.473896,-63.807224,-65.56673,-67.75424,-68.02828,-72.44588
6080,False,-27.330147,-28.545294,-28.231382,-32.044556,-33.101967,-35.454163,-42.186317,-39.016357,-40.52922,-37.34523,-42.201584,-45.564163,-42.579338,-40.1618,-41.81054,-43.097347,-46.57052,-49.520775,-50.360943,-51.496483,-52.50929,-52.35567,-55.743122,-53.880623,-57.158096,-58.788265,-62.25209,-62.189713,-64.8435,-67.64625,-68.82794,-70.41446
6112,False,-23.348728,-28.82751,-32.53549,-32.92311,-33.019417,-35.10444,-41.353363,-38.360756,-41.82862,-42.819984,-44.3655,-45.25543,-44.16342,-47.81636,-44.49901,-45.643074,-47.189632,-46.62788,-48.766975,-50.44876,-52.168503,-56.0858,-55.973953,-54.98005,-56.68571,-60.389675,-60.917927,-62.631794,-65.06984,-68.26547,-70.37592,-71.45453
6144,False,-23.93528,-26.79892,-22.335934,-27.433964,-35.00821,-36.100212,-38.928204,-38.150078,-42.410065,-38.28507,-42.05075,-44.95388,-41.561195,-42.675587,-45.40326,-47.265457,-48.111008,-47.398445,-49.71233,-52.1736,-51.35585,-53.260952,-54.49935,-55.515213,-58.435368,-58.808838,-62.068325,-63.970448,-64.95069,-67.45877,-71.3241,-71.416985
6176,False,-22.5677,-27.70953,-27.548203,-30.212461,-34.990032,-37.64117,-35.641434,-35.94971,-37.733788,-43.33632,-45.31469,-45.978474,-42.517838,-40.877037,-43.37788,-45.950283,-48.80768,-47.437904,-49.603638,-52.563442,-50.807716,-55.202103,-57.947998,-57.061928,-58.099903,-60.16378,-61.190804,-64.63836,-65.58875,-67.565765,-69.65036,-71.20764
6208,False,-23.652342,-26.78402,-29.26828,-29.51279,-30.865726,-38.58505,-39.930897,-36.74561,-37.926838,-40.276024,-38.39583,-38.016556,-41.41512,-43.69843,-41.09974,-44.327255,-46.19591,-48.1612,-49.302887,-51.15019,-52.05285,-53.094944,-54.620358,-57.428757,-57.17945,-59.50602,-62.54658,-64.247856,-64.901054,-68.44552,-70.08536,-71.2743
6240,False,-23.943005,-24.182013,-24.563501,-24.02934,-27.683216,-32.418022,-34.062,-30.984997,-33.37698,-38.801567,-36.70855,-33.224113,-32.16841,-35.74557,-35.70682,-33.827225,-36.23162,-42.016186,-45.909767,-49.547886,-50.030357,-50.424213,-49.601635,-53.715748,-57.5176,-58.67383,-61.874847,-61.876316,-59.906487,-61.355293,-62.641685,-66.89806
6272,False,-23.646345,-22.611496,-24.896988,-24.860123,-26.45341,-27.019173,-31.771378,-24.678242,-28.794857,-33.46689,-29.808693,-30.851757,-29.663237,-32.22463,-34.769753,-30.128784,-35.675987,-39.949997,-41.683407,-45.3244,-44.866528,-45.61771,-47.16568,-52.38048,-55.474495,-54.586163,-56.79364,-57.46173,-56.466118,-59.01402,-61.137238,-64.34821
6304,False,-20.390404,-25.981201,-28.904943,-30.519884,-31.533396,-31.443232,-38.927483,-34.28954,-38.45144,-36.738644,-36.046577,-40.040268,-35.76756,-38.02245,-41.666355,-41.00199,-42.633125,-46.598793,-49.226257,-50.16972,-53.184822,-52.13523,-54.312523,-56.678215,-58.28567,-59.36022,-61.379757,-64.6821,-65.5565,-66.68796,-68.81517,-70.10951
6336,False,-23.024817,-23.609886,-22.508507,-28.889608,-30.920033,-32.800594,-41.75871,-36.10085,-37.05066,-36.02481,-38.883625,-41.194576,-41.78395,-41.240543,-40.807148,-41.08069,-45.00122,-46.112904,-49.12674,-50.80986,-55.54393,-55.56469,-54.76441,-56.248528,-60.436092,-60.89328,-62.55991,-64.24245,-68.17852,-68.54204,-70.60485,-71.23622
6368,False,-22.335907,-27.144146,-29.07111,-29.157364,-28.688385,-29.50532,-33.39155,-37.351463,-40.577694,-40.65789,-40.27306,-42.021225,-43.015,-41.92825,-43.071056,-46.629898,-47.28613,-47.069836,-46.768982,-50.25538,-53.899418,-53.041946,-53.947483,-55.863842,-57.968765,-60.97563,-62.507153,-62.298107,-67.282845,-68.990524,-69.52834,-71.74982
6400,False,-24.337112,-29.55949,-27.80378,-30.3863,-30.975237,-31.25108,-36.84046,-38.335167,-40.26945,-42.188457,-41.388733,-43.2678,-41.25339,-43.196045,-45.12693,-46.592308,-49.010006,-50.700527,-49.383564,-52.953815,-54.29271,-54.101048,-56.784115,-56.989193,-59.565693,-59.872993,-63.582462,-67.71887,-67.81433,-68.47041,-71.47046,-71.69061
6432,False,-26.569443,-28.20559,-25.993595,-28.47451,-24.992569,-30.56615,-39.777836,-36.65971,-37.741093,-36.49753,-39.118576,-42.62167,-45.340694,-46.150127,-42.931717,-45.883636,-49.838367,-50.561108,-48.76413,-50.84594,-50.951912,-54.85006,-57.456287,-58.791046,-59.037354,-59.856125,-63.508663,-65.65485,-67.32092,-69.716934,-71.29562,-72.1776
6464,False,-28.964022,-25.418716,-26.441584,-28.581741,-31.543491,-34.32958,-32.53653,-37.26751,-39.088646,-40.54243,-41.36147,-42.88582,-42.16062,-43.573822,-40.580425,-44.560402,-45.34404,-47.025887,-49.22158,-48.910515,-51.38477,-55.060913,-55.38005,-55.964245,-58.09366,-58.742085,-63.73209,-65.52795,-67.15005,-67.93235,-68.55777,-72.43424
6496,False,-26.090153,-26.01818,-28.961853,-32.9305,-30.599031,-35.410496,-40.19915,-40.617203,-36.60799,-37.55807,-40.330048,-38.561832,-41.0282,-44.49402,-42.96235,-41.87033,-46.4216,-45.758896,-47.072792,-50.236454,-52.91806,-53.710037,-55.263783,-56.856934,-58.912376,-60.95115,-62.734413,-63.790817,-66.965416,-69.27899,-70.27208,-71.23238
6528,False,-24.821545,-25.824509,-28.97527,-27.97826,-27.974506,-34.8031,-40.313625,-36.94818,-36.51629,-39.358456,-39.723095,-42.13288,-41.57166,-42.351017,-42.68394,-44.96852,-46.30098,-48.9788,-49.808407,-52.4542,-52.186577,-50.665184,-55.336975,-58.08441,-57.820797,-58.939777,-63.15763,-63.389126,-66.836555,-68.352135,-70.169014,-71.659676
6560,False,-19.857227,-22.073486,-29.21083,-32.036835,-29.551952,-34.810627,-36.56574,-38.504036,-39.81398,-42.002144,-43.157845,-44.009705,-43.728706,-43.671776,-44.1066,-43.43986,-46.660927,-46.299217,-50.11629,-52.146946,-51.774246,-54.127697,-56.18653,-55.029907,-59.13492,-60.20634,-64.215866,-63.64149,-66.47765,-69.059044,-70.84342,-71.3862
6592,False,-23.221457,-26.855827,-28.716587,-33.501835,-33.142582,-32.37026,-37.255234,-43.528046,-39.593483,-39.809113,-45.27212,-45.910587,-42.505585,-44.565205,-42.53076,-43.828484,-50.302467,-50.666527,-51.38659,-49.7547,-51.452217,-55.97734,-56.04444,-56.52227,-59.059986,-60.904602,-62.657417,-63.847977,-68.02736,-70.12408,-71.920105,-71.53143
6624,False,-22.913511,-23.213585,-26.103813,-29.189768,-32.784973,-32.60075,-34.956875,-36.845142,-36.338234,-41.81753,-44.053898,-40.246376,-42.197536,-42.944607,-44.70085,-43.622917,-45.454384,-51.89103,-53.050285,-51.863495,-51.77565,-53.3247,-54.66621,-58.132835,-59.199635,-60.88869,-62.296425,-64.22967,-65.96265,-69.2241,-71.79554,-71.09557
6656,False,-21.384142,-30.098818,-29.894932,-31.252058,-29.347456,-32.44531,-37.55584,-36.17626,-35.586544,-38.11504,-42.109562,-41.66924,-42.752983,-43.89866,-40.89438,-42.922768,-48.50776,-48.810005,-50.223583,-51.641808,-51.275917,-51.45938,-56.45665,-58.112736,-59.32898,-59.3568,-61.91647,-64.909424,-67.3405,-69.635666,-70.007645,-70.36408
6688,False,-29.687384,-31.327038,-29.112743,-33.508118,-33.503227,-35.176315,-41.595764,-39.66153,-40.593903,-40.451332,-44.606377,-43.637985,-41.260063,-42.68143,-45.39595,-47.734604,-48.11851,-50.64501,-49.6065,-49.862675,-51.519337,-53.309437,-55.232986,-59.376255,-59.381294,-60.19695,-62.611244,-65.11644,-66.01182,-68.33232,-68.93923,-70.30965
6720,False,-19.14659,-28.484787,-25.225027,-31.4513,-36.58253,-33.072487,-38.690765,-36.81254,-36.607113,-43.17665,-45.521263,-45.230442,-43.280785,-44.226948,-44.10305,-44.604904,-45.575996,-48.322266,-50.589523,-52.643223,-51.59638,-55.024612,-53.45649,-55.73169,-58.137726,-61.22478,-63.093536,-65.160965,-67.33981,-68.76233,-70.37668,-71.397446
6752,False,-24.047834,-27.133047,-29.117573,-34.386585,-31.570507,-30.351608,-35.942684,-40.46562,-40.123817,-36.684525,-40.66456,-40.664307,-41.015785,-46.49967,-46.572872,-48.307022,-45.777775,-46.378227,-49.731148,-50.372486,-51.97075,-54.082176,-55.397526,-55.579014,-57.921413,-61.322723,-64.23348,-65.27814,-65.69624,-67.46267,-70.06278,-71.37844
6784,False,-20.40767,-27.767021,-25.820234,-21.35602,-26.641005,-30.977192,-26.0457,-21.410458,-26.56494,-32.29564,-27.805235,-23.29266,-23.058062,-21.726858,-22.41055,-18.807331,-21.619337,-24.690302,-29.425495,-35.71501,-29.267792,-28.116661,-27.375084,-30.054932,-26.725624,-24.825779,-28.500565,-23.993675,-18.038885,-18.348665,-23.72532,-24.82215
6816,False,-25.364304,-26.032293,-28.245228,-27.13009,-29.94419,-26.776505,-31.716406,-29.085968,-34.781044,-38.732,-32.99612,-34.028355,-31.305305,-30.365646,-32.706398,-30.167778,-34.646782,-38.606647,-36.36761,-43.037376,-40.435234,-37.349724,-40.40632,-43.501472,-39.577812,-36.625404,-37.569565,-36.746502,-31.775406,-33.045486,-37.071495,-38.990814
6848,False,-27.274754,-27.783749,-26.37379,-27.026224,-29.74908,-32.886116,-36.769703,-33.176636,-36.533123,-35.682297,-37.994408,-38.589806,-37.26461,-35.46265,-38.923496,-37.790806,-39.05452,-43.69753,-43.840237,-47.979134,-45.90265,-43.15345,-46.127296,-47.89269,-46.452847,-39.93302,-40.792175,-43.33458,-38.16633,-38.903183,-45.53692,-47.23922
6880,False,-28.92741,-28.78686,-31.360165,-30.674086,-30.596235,-31.61133,-37.723244,-34.395203,-39.528294,-41.01997,-37.42903,-42.49376,-40.70957,-38.926445,-40.110226,-39.162724,-42.081284,-46.179752,-49.56012,-49.794952,-47.042625,-43.96002,-48.287857,-50.80098,-49.662933,-46.250977,-46.1196,-45.030167,-41.957573,-42.980812,-49.553513,-52.59031
6912,False,-22.848528,-29.688625,-25.975529,-28.387682,-31.614086,-38.995956,-37.21395,-38.43266,-41.760483,-42.166634,-41.72618,-41.797756,-37.93032,-40.424324,-44.654068,-44.08895,-43.509823,-45.37895,-47.185677,-51.630955,-49.616425,-47.88839,-52.128483,-51.814556,-52.312546,-47.323265,-48.32447,-47.719723,-46.02658,-46.28,-54.647808,-56.923073
6944,False,-21.861908,-25.845976,-27.434853,-30.815582,-30.772198,-33.98603,-38.431416,-37.669376,-35.87398,-36.45886,-42.218407,-45.41867,-41.021366,-41.443714,-43.05056,-43.733257,-45.426006,-47.897472,-50.957985,-51.996403,-50.2106,-50.435684,-53.56974,-56.238384,-54.79269,-53.736122,-54.733845,-52.61492,-50.098667,-53.544785,-60.189518,-62.052692
6976,False,-26.193237,-27.886887,-26.318623,-31.94769,-34.373627,-35.018867,-36.93974,-38.79899,-37.382446,-41.298454,-41.028297,-41.002594,-40.66987,-42.999588,-43.188282,-46.060425,-46.381268,-48.125496,-47.683254,-51.933723,-51.12354,-51.591248,-55.19835,-56.372513,-55.242355,-54.920677,-55.911907,-55.691193,-52.987534,-56.07471,-62.311535,-64.81555
7008,False,-25.503956,-26.921112,-29.610348,-30.181705,-33.802574,-35.850536,-38.827175,-40.908264,-35.75215,-38.321552,-44.366726,-44.486076,-44.343372,-44.226955,-41.844543,-43.354336,-46.858826,-48.89683,-48.214302,-52.06928,-50.31101,-53.371826,-56.02495,-54.389305,-57.994156,-56.847977,-59.189285,-61.77315,-58.283916,-59.66204,-65.13441,-68.89966
7040,False,-24.702438,-27.302675,-28.053562,-29.35053,-33.999557,-32.450134,-37.313152,-39.95463,-37.45254,-38.911728,-41.44104,-43.875122,-45.430878,-43.39764,-44.806637,-44.943623,-45.95804,-47.341858,-47.561993,-50.729984,-50.524498,-53.218338,-54.737934,-56.74952,-58.152428,-57.97257,-58.201614,-61.502796,-59.774647,-62.61215,-68.93181,-71.145294
7072,False,-25.120064,-32.71117,-28.417297,-29.031008,-33.738174,-33.745388,-36.24521,-37.62601,-37.992645,-41.968914,-42.744884,-42.18013,-41.21891,-42.33927,-44.61783,-45.021225,-45.7949,-46.301384,-49.8338,-51.285587,-52.7323,-54.73486,-56.101192,-58.465405,-59.648033,-57.87329,-59.45574,-63.38509,-63.86766,-66.49169,-70.37785,-71.56229
7104,False,-22.749584,-25.695822,-30.199085,-29.821054,-30.500736,-33.97074,-39.65016,-39.75866,-38.705147,-42.223373,-38.120712,-39.804195,-42.79699,-47.794136,-45.403614,-44.731842,-46.966583,-52.588387,-50.83194,-52.446156,-54.571995,-56.72905,-56.047775,-56.58585,-56.101833,-60.912025,-61.673943,-63.07406,-65.49032,-68.01026,-70.86966,-70.58395
7136,False,-30.801266,-27.467014,-26.331503,-29.57756,-33.939888,-34.52337,-38.04799,-36.222015,-38.041428,-39.185978,-43.005085,-43.847458,-45.12874,-44.097256,-41.997482,-42.6858,-48.263794,-49.331047,-49.717224,-53.179222,-53.181206,-52.54425,-53.051395,-57.45704,-58.180893,-60.15564,-62.05042,-64.5242,-65.55174,-69.1357,-70.295044,-70.939224
7168,False,-24.525848,-28.968008,-31.26876,-31.851072,-33.287292,-33.149563,-33.69431,-36.487385,-41.02409,-39.833828,-40.089878,-39.85408,-41.73494,-41.443993,-41.421852,-44.801258,-43.3902,-47.402836,-50.365025,-50.64103,-52.002434,-51.884636,-53.53716,-56.94433,-57.23702,-58.73787,-62.218735,-65.274345,-67.336784,-68.47556,-72.08706,-72.33462
7200,False,-26.85359,-28.367994,-33.25904,-29.274559,-29.730513,-32.820087,-37.062294,-40.37107,-41.65163,-42.06358,-42.096256,-45.145004,-41.540848,-46.077976,-43.23298,-46.293694,-47.20279,-47.656284,-50.119446,-53.50138,-53.13846,-54.026314,-55.700554,-60.824974,-60.01289,-61.262165,-63.04508,-65.108894,-67.56618,-68.834366,-70.66936,-71.6037
7232,False,-24.266417,-27.245495,-27.948668,-28.911274,-32.24405,-35.22023,-36.56659,-38.787903,-37.130856,-41.316933,-43.930813,-42.3583,-41.05139,-43.902733,-44.074547,-47.362396,-46.66333,-47.9928,-49.292084,-52.604057,-53.585373,-53.916214,-55.799347,-57.14821,-60.456463,-60.70337,-62.52944,-65.3785,-67.760056,-69.17504,-70.87314,-70.884254
7264,False,-23.40681,-29.775509,-29.990505,-30.305845,-33.77851,-34.4332,-38.49012,-37.233208,-35.562866,-40.155457,-43.643112,-44.351036,-40.84616,-46.08597,-48.71219,-45.08998,-45.1027,-49.399925,-52.427704,-53.23988,-53.571457,-52.968414,-54.33837,-57.60193,-59.51838,-60.00719,-63.73269,-66.057625,-68.331024,-69.87848,-70.71473,-71.52275
7296,False,-23.91418,-28.215647,-29.31046,-32.91733,-33.27131,-33.116,-36.830803,-40.241657,-35.922817,-44.26638,-40.436264,-41.254288,-42.761215,-42.75846,-41.951336,-44.12315,-46.178123,-50.16214,-50.320045,-51.44116,-52.81786,-55.183735,-55.93693,-56.283535,-58.93577,-60.486565,-62.375736,-64.55301,-67.94074,-69.646904,-71.79437,-71.64336
7328,False,-20.768482,-25.840004,-30.85999,-28.024242,-29.035522,-28.447586,-28.378077,-24.47047,-28.28231,-35.06885,-29.196789,-26.35933,-25.903418,-30.204678,-31.916862,-27.887558,-30.925495,-36.208916,-39.792114,-45.201344,-43.52653,-45.633583,-44.984818,-48.988945,-53.190414,-55.024323,-55.74466,-59.010468,-52.73387,-55.06441,-57.421043,-61.685375
7360,False,-23.135628,-26.42195,-26.18254,-25.649456,-27.670763,-29.231125,-36.14234,-31.257124,-37.431812,-37.001095,-34.588684,-35.237324,-36.34777,-37.05975,-39.619858,-35.85194,-41.85757,-46.119095,-46.999176,-51.57339,-51.78288,-51.825146,-54.50416,-57.5388,-56.802692,-59.475655,-62.192684,-64.30406,-63.33557,-66.003044,-68.6638,-71.02677
7392,False,-23.288774,-26.920843,-24.90813,-28.189394,-33.97017,-34.41861,-36.71172,-31.494677,-34.906193,-41.748764,-43.82915,-41.68205,-38.823433,-36.7568,-41.6507,-44.01935,-46.104897,-46.5687,-49.516033,-51.80696,-52.431915,-51.381004,-54.420303,-57.152145,-58.602604,-61.81771,-61.72959,-64.98682,-66.45135,-68.27735,-71.71161,-71.64752
7424,False,-22.55212,-23.137562,-30.536636,-30.821804,-31.833002,-32.13844,-35.894363,-37.150543,-40.97595,-40.095676,-40.29592,-42.141006,-40.864357,-40.927505,-46.18616,-46.91117,-48.08297,-50.7543,-50.93834,-50.74608,-52.429253,-56.316574,-54.257053,-58.121048,-59.29206,-60.867878,-61.823505,-64.727715,-67.14476,-70.0123,-71.55128,-71.42499
7456,False,-29.080675,-33.88568,-28.931149,-31.294415,-31.943096,-36.183037,-37.592995,-37.92315,-38.444527,-36.009518,-42.46247,-43.59543,-42.838066,-42.890747,-47.29977,-45.7817,-48.369987,-46.826187,-49.494926,-52.79161,-54.1192,-54.761917,-54.305874,-55.84972,-57.777893,-59.833904,-62.279453,-65.25834,-67.03307,-69.55939,-70.59446,-70.417496
7488,False,-24.157383,-27.61969,-28.83111,-30.522614,-30.375645,-33.764683,-34.6894,-35.797596,-37.41535,-39.884666,-44.102905,-43.52221,-42.857937,-45.04671,-43.304466,-44.39811,-46.305786,-46.189316,-48.52471,-52.97069,-53.610912,-52.397522,-57.302326,-57.907074,-56.488228,-60.135094,-62.39237,-62.69516,-67.01675,-71.02352,-71.93857,-70.55678
7520,False,-23.400063,-26.715416,-26.972282,-28.887722,-34.314056,-36.778187,-38.535698,-36.533974,-39.052006,-40.774063,-39.985195,-41.873688,-45.57941,-44.530582,-47.504128,-45.487823,-49.090237,-47.00482,-49.184765,-51.6058,-52.10142,-51.36142,-54.258453,-57.29311,-59.893627,-60.857693,-61.98876,-65.268074,-67.36962,-68.87486,-70.028564,-71.45745
7552,False,-23.038067,-26.853725,-30.90622,-34.134678,-36.653667,-32.81539,-35.99418,-41.442184,-37.511494,-39.175602,-41.60605,-41.26924,-43.26677,-44.80083,-44.849014,-45.380264,-50.369858,-49.357662,-51.65986,-52.186752,-52.63283,-51.74969,-53.29931,-57.883728,-60.110725,-61.750687,-62.54821,-64.32506,-67.57001,-68.322556,-69.164635,-71.52739
7584,False,-25.374989,-33.28879,-32.638973,-33.297363,-35.51948,-37.730705,-37.45647,-41.205414,-41.34121,-39.613453,-41.01097,-41.84021,-44.346676,-45.494186,-45.23809,-46.72936,-47.925354,-47.645435,-49.115776,-53.641125,-53.97004,-53.78441,-55.930058,-55.069637,-59.687695,-62.234123,-62.864872,-66.516914,-68.20817,-69.47285,-69.74417,-70.65574
7616,False,-23.97671,-31.067057,-25.271376,-28.165771,-33.609924,-35.942474,-38.135017,-38.42669,-37.168156,-41.113724,-40.51662,-43.41649,-41.95002,-42.147602,-47.385975,-46.4709,-48.587605,-48.571247,-52.207886,-54.299034,-53.52394,-55.428215,-55.938305,-58.490456,-59.19981,-61.027775,-63.347683,-65.162476,-67.10445,-69.95549,-70.50373,-72.29226
7648,False,-27.085178,-27.49427,-28.280466,-33.158287,-32.603157,-34.934887,-36.45039,-37.631256,-39.162605,-40.60793,-39.991272,-42.320854,-42.385178,-41.68797,-46.183018,-45.708347,-46.857914,-50.376534,-50.29758,-51.328144,-50.304165,-53.501717,-56.108395,-57.50699,-57.96814,-58.601456,-61.98849,-63.74341,-66.59555,-68.769775,-71.47118,-72.573975
7680,False,-22.647655,-25.866348,-27.481796,-32.11448,-32.868153,-35.891273,-38.813614,-37.88725,-37.181557,-43.5372,-41.189445,-39.143673,-46.08361,-42.899456,-43.068775,-45.31205,-48.455387,-49.84584,-50.00094,-52.59506,-53.141132,-52.44888,-54.319603,-56.181736,-58.360844,-60.202793,-61.293453,-63.84826,-66.64958,-67.66491,-70.819855,-72.23603
7712,False,-24.135262,-24.491835,-25.965364,-30.734911,-34.888126,-40.0111,-38.657097,-37.56231,-41.657978,-41.662262,-44.209248,-44.350334,-41.52742,-42.787537,-44.724564,-49.167286,-45.93027,-47.060432,-49.13092,-54.563297,-52.39039,-51.473522,-55.890503,-57.236004,-57.60634,-57.91286,-61.104336,-63.707825,-66.2349,-68.63362,-71.21852,-71.34897
7744,False,-23.16801,-28.108273,-28.735449,-29.250835,-33.599888,-36.292282,-36.0247,-35.995388,-35.068745,-39.150524,-40.40424,-43.499187,-42.42224,-43.19573,-45.28428,-45.78341,-48.104424,-47.45109,-50.346466,-51.78955,-53.799404,-53.104748,-55.22464,-60.308643,-59.390526,-59.46184,-60.745483,-62.629017,-65.94847,-70.85699,-70.44337,-72.019775
7776,False,-28.160164,-25.33216,-26.299572,-30.866594,-33.285664,-35.165604,-36.21985,-37.8208,-34.7826,-40.961033,-41.393776,-42.35144,-41.853424,-41.043285,-44.329765,-49.208942,-49.32522,-49.27732,-50.44151,-50.815655,-53.962288,-55.274235,-56.354145,-57.175415,-58.154037,-60.411205,-62.41981,-65.45058,-66.20444,-69.595,-70.46145,-71.511444
7808,False,-23.3286,-29.457264,-26.707142,-30.251583,-35.252396,-34.226196,-37.576588,-42.29444,-41.81557,-42.245102,-40.14729,-41.483234,-42.069374,-43.282936,-46.371353,-45.6424,-48.1929,-49.69033,-51.222122,-49.37362,-52.406082,-54.25042,-56.74401,-57.397728,-57.176075,-60.82342,-64.15101,-65.786316,-67.64654,-69.44318,-71.34996,-71.794914
7840,False,-24.903313,-27.40925,-26.577896,-28.92249,-34.06197,-38.114933,-37.88794,-41.93764,-39.893936,-40.877567,-40.01922,-43.81302,-43.86611,-44.17786,-44.64997,-47.36221,-46.98796,-48.416214,-48.841778,-51.724182,-52.85677,-53.601803,-57.07553,-58.114433,-58.97473,-61.776405,-64.04907,-65.33698,-67.06007,-69.750755,-70.79866,-70.30078
7872,False,-22.515905,-26.427197,-26.999083,-29.10004,-33.419613,-32.970818,-27.886316,-26.015556,-30.456387,-36.090458,-33.587124,-27.547459,-26.495077,-26.45072,-26.38254,-23.369884,-25.51237,-29.395424,-34.87247,-40.672184,-35.233368,-34.29354,-32.807365,-35.922665,-32.440994,-30.798595,-33.87854,-28.51105,-22.967392,-23.132957,-28.25304,-28.690023
7904,False,-22.277681,-29.596142,-29.64217,-25.644932,-29.608736,-26.245037,-28.776524,-22.840555,-28.995502,-35.971382,-29.100302,-28.294823,-28.25502,-24.379023,-27.083687,-23.926268,-28.366854,-31.271,-31.190563,-36.52899,-33.29164,-30.177366,-31.704771,-33.905445,-31.149437,-28.333378,-32.58103,-28.957205,-23.46102,-24.530602,-28.530304,-29.233503
7936,False,-22.172184,-33.180088,-28.095333,-30.274338,-31.09747,-31.540752,-38.52362,-32.54327,-36.10147,-39.572247,-36.244087,-34.844917,-33.325027,-32.525,-35.822174,-36.03474,-38.28131,-42.062794,-41.61109,-46.806168,-45.559498,-41.35861,-44.781,-47.27742,-44.52411,-39.502716,-39.80863,-39.929695,-36.618217,-37.678658,-43.571133,-45.582024
7968,False,-25.44551,-28.025505,-27.927397,-27.078878,-30.525585,-38.009163,-39.37132,-35.417625,-34.824963,-39.827393,-42.373726,-39.767296,-40.517723,-39.51489,-41.022385,-39.227646,-40.645447,-43.282375,-44.849922,-48.543835,-47.606014,-44.27895,-47.77893,-49.925644,-48.926395,-43.639854,-43.111385,-42.96354,-39.66576,-41.39504,-48.333378,-50.91473
8000,False,-20.693893,-28.316452,-30.244886,-33.39062,-35.309483,-36.04342,-37.628265,-38.44002,-40.34543,-41.24802,-39.096874,-42.7612,-38.491302,-39.02942,-43.455338,-41.60205,-45.503597,-44.838108,-45.196613,-48.55983,-47.87785,-46.613163,-51.031754,-52.84933,-51.499878,-47.368282,-46.63224,-47.841187,-45.689636,-45.55732,-51.66823,-55.322823
8032,False,-26.874247,-28.07604,-30.108147,-31.82428,-32.410065,-30.540329,-36.01803,-33.80067,-36.826347,-39.82332,-44.551483,-42.210503,-45.664345,-40.96285,-41.828743,-48.172844,-45.74597,-46.330345,-46.20616,-49.955235,-52.44912,-48.849396,-53.073112,-53.800713,-55.28668,-52.062183,-52.962463,-50.463593,-48.449783,-51.12476,-57.95725,-59.762978
8064,False,-19.798325,-30.272778,-27.403898,-31.584724,-33.16,-33.070015,-34.72158,-37.57646,-38.412434,-40.001316,-38.92181,-44.51633,-42.09474,-43.380165,-45.695744,-45.272324,-44.723415,-48.29209,-47.636734,-49.985527,-50.377293,-50.526527,-51.22181,-53.406075,-56.724632,-53.84558,-54.56634,-54.528282,-51.005928,-53.91807,-60.68561,-62.94336
8096,False,-26.349327,-32.25557,-31.318415,-29.452015,-29.475824,-34.224075,-35.92582,-37.596596,-35.202896,-42.64822,-42.50737,-38.046303,-41.055836,-45.295265,-43.2016,-45.38326,-49.24125,-49.618877,-48.93543,-51.839214,-53.504845,-53.583908,-53.62583,-56.144676,-56.114956,-55.22997,-58.424355,-58.525726,-56.325607,-58.30147,-64.19844,-66.754684
8128,False,-20.381077,-24.563107,-25.054169,-27.262367,-33.119675,-36.11733,-36.224197,-39.486713,-40.30384,-41.075104,-41.13128,-44.917725,-46.050873,-45.224045,-44.84817,-47.30663,-46.625057,-45.777725,-47.85556,-52.483612,-54.776386,-52.70047,-55.657024,-55.90931,-58.1109,-58.45047,-59.349,-60.090324,-61.012154,-62.664333,-67.52686,-69.5839
8160,False,-25.006966,-28.72417,-26.11221,-31.321733,-33.534206,-35.33667,-37.271496,-38.82299,-40.56649,-44.31253,-42.23371,-40.57315,-41.40011,-47.76447,-44.300694,-44.37702,-45.7658,-48.067482,-50.641624,-52.70372,-52.5412,-54.733925,-56.416058,-58.188774,-57.988045,-57.495567,-59.359077,-61.84308,-64.04741,-65.22893,-69.21395,-70.358665
8192,False,-24.470047,-26.868835,-28.776827,-28.743877,-30.753693,-36.26663,-37.9444,-41.740417,-43.903244,-42.846977,-41.845085,-41.540455,-42.027657,-45.7983,-42.344444,-42.964703,-48.094692,-49.52831,-49.33738,-51.649952,-51.785934,-51.37425,-56.115295,-57.385796,-58.95557,-60.198,-60.98063,-64.179146,-63.476486,-66.442345,-69.917206,-70.40837
8224,False,-20.873137,-29.328127,-29.565361,-29.761414,-27.610767,-32.070995,-38.6599,-37.01052,-41.900745,-45.65461,-47.158695,-43.47104,-43.696793,-43.34706,-43.223526,-44.39724,-48.29668,-49.264797,-51.387398,-49.986504,-53.23334,-54.810425,-57.319305,-58.88996,-58.610912,-59.609165,-62.845245,-64.80723,-67.50702,-68.98963,-70.22931,-72.937584
8256,False,-20.289299,-24.831972,-27.749636,-29.744041,-33.10352,-34.992676,-37.96641,-37.306725,-35.796288,-39.821106,-45.01739,-43.51402,-49.10892,-45.439144,-41.9748,-43.868637,-48.877342,-50.81984,-48.091805,-52.048904,-56.1272,-51.2855,-54.486176,-60.12779,-59.989685,-60.764267,-62.73668,-64.98007,-66.703606,-69.05337,-71.202484,-72.24149
8288,False,-21.737278,-27.946571,-29.39574,-30.267572,-35.685936,-36.29763,-40.092922,-37.740295,-39.86956,-41.95505,-41.508354,-44.917717,-43.424095,-43.496128,-46.645966,-46.30499,-46.02648,-49.65989,-49.979015,-51.215675,-51.815018,-53.112774,-56.199665,-57.21911,-59.11449,-59.875443,-62.646965,-64.0001,-66.39581,-68.03862,-71.26094,-71.617485
8320,False,-23.570038,-24.846252,-29.865206,-30.561266,-34.132977,-37.590076,-35.920826,-37.26664,-40.497055,-43.638046,-42.7598,-44.543007,-40.86704,-42.09108,-43.457283,-46.935062,-45.419632,-50.171272,-51.692196,-49.90288,-53.987694,-54.580006,-58.771175,-57.130447,-59.02618,-59.845047,-60.389427,-63.175186,-68.41846,-68.28166,-71.194565,-72.09727
8352,False,-26.626915,-26.353657,-29.257645,-29.201668,-33.04631,-34.328266,-37.08322,-39.644558,-41.479298,-42.60071,-40.50468,-42.467514,-43.391724,-44.500317,-43.287235,-48.64585,-50.638107,-46.870747,-49.20898,-52.759304,-51.450447,-51.713425,-54.73905,-58.584213,-59.065968,-60.51775,-61.98536,-63.33113,-67.240295,-70.13185,-71.055084,-72.97828
8384,False,-24.877968,-28.42234,-28.919657,-29.803204,-31.922714,-35.27082,-39.38706,-36.55184,-36.979576,-38.827858,-40.01276,-40.251923,-42.134995,-44.722668,-43.485332,-46.665237,-51.112396,-49.182037,-53.15203,-54.697956,-55.240753,-53.568253,-54.561275,-56.016876,-59.72296,-62.82525,-63.448505,-64.186966,-66.14519,-68.44371,-71.04643,-72.567894
8416,False,-27.512083,-32.331306,-31.413315,-32.571888,-34.717567,-29.561771,-38.046726,-40.701996,-37.35843,-39.752632,-39.185852,-39.56851,-40.8404,-44.043655,-41.955383,-43.39655,-46.790573,-48.12578,-50.655903,-52.960667,-52.467876,-52.546165,-54.458748,-57.386547,-58.66236,-60.954315,-62.774963,-64.48979,-67.56463,-69.382545,-69.75577,-72.55505
8448,False,-27.935583,-27.407331,-30.427612,-26.940731,-27.345926,-29.441769,-29.747688,-23.982248,-26.35231,-34.23155,-28.104412,-27.53365,-26.976994,-29.892048,-29.96696,-27.166142,-32.042664,-36.299614,-38.96319,-44.221382,-42.29631,-45.281326,-45.34615,-50.35766,-51.58271,-53.960423,-55.235992,-58.332954,-54.701553,-55.346367,-60.3664,-61.626617
8480,False,-19.875778,-26.168804,-26.94622,-26.980219,-29.038246,-31.376755,-38.056503,-32.92012,-33.847702,-37.368847,-36.001133,-37.060776,-35.89321,-38.731987,-41.901836,-37.285797,-41.699066,-45.108486,-50.733604,-51.064457,-52.500534,-52.415623,-54.925934,-55.131145,-58.03953,-57.864304,-59.60486,-62.752247,-64.59534,-67.840866,-68.38541,-69.477295
8512,False,-22.122328,-29.115795,-27.724073,-31.265066,-33.83728,-36.262413,-37.326427,-36.968834,-38.972458,-40.52591,-42.97367,-40.983147,-38.68343,-37.559063,-43.462643,-44.4889,-46.718258,-48.910202,-48.574905,-54.55661,-53.389416,-53.008442,-55.363503,-57.403675,-57.934578,-60.137833,-61.449303,-63.3168,-65.855965,-68.52382,-69.41084,-70.22497
8544,False,-22.64722,-27.332838,-31.814558,-32.13487,-32.93332,-37.379417,-37.877663,-38.881756,-36.584965,-40.711906,-41.968884,-41.894127,-45.470436,-44.057384,-46.364628,-46.217125,-47.70082,-49.550545,-51.32772,-51.93563,-55.57398,-54.393394,-55.08387,-58.04492,-60.00145,-59.14279,-62.44318,-63.852226,-65.393456,-69.32892,-71.37925,-71.41536
8576,False,-27.05045,-27.413904,-31.52663,-36.0698,-35.086838,-37.217518,-36.848373,-37.547096,-37.04892,-40.814148,-39.28976,-42.03203,-44.449043,-46.673836,-47.789593,-44.585648,-45.90486,-49.681847,-48.088818,-51.59057,-52.200512,-52.765217,-56.083447,-57.811028,-58.17778,-59.955032,-62.412544,-63.712994,-65.88381,-68.63827,-71.980194,-71.91675
8608,False,-26.094654,-30.130365,-30.030502,-31.587067,-31.780289,-32.387173,-37.458782,-40.003807,-38.80475,-43.439064,-41.030384,-38.55449,-43.15499,-45.879444,-46.409622,-47.17846,-50.337135,-51.62587,-49.250183,-52.466095,-52.209953,-53.900276,-55.96437,-57.23698,-57.5315,-61.074394,-62.504787,-63.38549,-65.90142,-67.79805,-69.60151,-71.97003
8640,False,-20.115067,-27.082073,-25.138618,-30.448956,-36.536602,-35.428837,-35.810715,-37.780144,-38.691845,-41.70782,-44.904068,-42.28459,-42.906654,-44.013542,-42.811363,-44.28791,-48.652225,-49.855576,-52.24441,-51.855927,-52.458015,-53.749046,-56.81546,-58.672108,-58.287308,-62.658066,-63.501404,-63.44099,-66.75849,-69.12074,-69.6352,-71.33929
8672,False,-22.673132,-27.759651,-32.546127,-31.753313,-31.76842,-31.558334,-37.391365,-41.133034,-41.816517,-41.099094,-45.757122,-45.12846,-43.031937,-43.625965,-46.004482,-46.849995,-48.92955,-51.072292,-51.855957,-53.07489,-54.121624,-56.43446,-57.28008,-59.15856,-59.564377,-61.66843,-62.30801,-66.09038,-67.62752,-69.559814,-71.28693,-71.08513
8704,False,-19.711517,-28.152914,-30.375824,-31.192896,-34.78008,-33.26067,-35.58831,-38.989643,-37.95231,-38.34499,-42.40332,-45.932346,-44.450615,-47.36943,-44.750233,-44.979492,-47.462273,-49.156136,-50.83789,-52.917267,-51.72739,-52.45066,-56.463913,-56.108192,-58.03612,-60.597534,-62.754425,-63.96961,-66.060455,-69.386566,-70.24092,-70.6615
8736,False,-24.205406,-29.2941,-26.062405,-29.442854,-31.353275,-33.15222,-32.808525,-36.893185,-41.709175,-43.774036,-42.59897,-43.714565,-44.249344,-43.06672,-46.61259,-50.036503,-46.33011,-49.42077,-52.14626,-51.603073,-51.92987,-50.04675,-54.36653,-56.689335,-57.919888,-58.640953,-61.626617,-65.45208,-66.95057,-69.97632,-69.98257,-71.27985
8768,False,-25.73393,-32.873055,-29.98051,-33.595615,-34.10295,-35.852882,-39.24536,-37.857635,-38.702568,-39.05343,-43.061554,-42.318436,-44.91568,-44.829464,-44.85155,-46.469315,-48.02027,-52.27778,-51.39946,-52.44057,-55.62078,-53.463856,-56.16939,-57.65018,-57.620415,-59.303986,-63.040596,-64.09705,-66.60333,-67.989624,-70.79319,-71.07434
8800,False,-24.832119,-32.022507,-30.15989,-35.06343,-35.111603,-35.04412,-39.0716,-37.92649,-36.16939,-42.781025,-40.425644,-41.431053,-42.788414,-43.76268,-43.205532,-45.064163,-46.858406,-50.341854,-51.95952,-52.87829,-52.470093,-54.682068,-58.397522,-57.997723,-56.664154,-58.874718,-62.46374,-62.32953,-66.10221,-68.68164,-70.09086,-70.02989
8832,False,-23.1329,-27.841412,-28.634901,-27.663147,-32.8524,-36.848618,-40.29191,-37.73337,-39.140114,-39.121414,-42.43924,-45.56048,-42.471027,-45.24061,-43.992264,-44.045082,-49.30181,-50.107914,-51.0524,-50.55532,-53.46292,-54.030632,-57.82915,-58.575745,-56.60282,-58.79219,-62.121925,-63.56605,-67.751015,-69.7844,-71.15913,-71.8448
8864,False,-22.471855,-26.601974,-28.05073,-31.156338,-32.850517,-35.045258,-38.63664,-40.958282,-38.223946,-39.352505,-39.50523,-41.408775,-39.690506,-43.033653,-44.44776,-47.96459,-50.264267,-48.643463,-47.454956,-51.15664,-53.917347,-53.464447,-56.45676,-59.703026,-60.616333,-60.973988,-62.464787,-64.07774,-66.846375,-69.80725,-70.86222,-71.43811
8896,False,-27.63311,-30.418297,-27.892914,-29.632523,-34.4337,-36.165283,-38.95582,-38.49106,-37.792862,-42.506546,-46.583023,-45.308075,-43.568214,-47.878838,-47.624405,-47.07245,-49.46384,-50.20536,-51.659805,-53.454346,-52.332275,-53.367977,-54.90773,-57.72262,-57.58804,-60.71019,-62.303467,-63.063652,-66.9492,-71.59615,-70.87012,-71.399826
8928,False,-19.812405,-26.112251,-27.752728,-32.279423,-33.954502,-31.888285,-34.859917,-41.2546,-39.527626,-44.57931,-42.731167,-41.84755,-44.490364,-45.6196,-45.655857,-44.902004,-48.211212,-50.167465,-50.53288,-52.443356,-51.39793,-53.284615,-56.207954,-55.96692,-56.624252,-61.415268,-62.398605,-63.260918,-67.87862,-71.645645,-71.87134,-71.3306
8960,False,-23.733633,-29.653807,-27.648117,-31.53157,-37.180164,-36.451283,-35.82167,-36.57612,-37.567192,-39.186775,-42.49463,-44.429207,-44.466446,-46.439507,-44.589558,-45.227814,-47.318996,-47.808,-51.033577,-51.5032,-51.48304,-51.431946,-55.11692,-57.041817,-58.49578,-60.331707,-61.28103,-59.874744,-58.21145,-57.895897,-64.91172,-62.9884
8992,False,-22.934916,-27.105988,-30.371342,-24.087872,-25.7877,-28.015968,-24.800299,-20.758102,-25.56937,-35.063194,-28.795546,-23.346096,-22.676533,-21.306728,-22.170256,-19.08211,-21.721571,-24.822035,-28.606049,-34.933056,-29.247751,-27.674335,-26.81327,-30.004173,-26.324093,-24.409962,-28.321783,-23.9571,-17.616089,-18.156395,-23.5792,-26.919304
9024,False,-24.584808,-28.957611,-24.010107,-25.216467,-29.554853,-31.667652,-36.354145,-28.760454,-33.61805,-37.78469,-34.383644,-33.368134,-30.257595,-31.77267,-32.9519,-29.941761,-35.399933,-40.028652,-38.135826,-44.36473,-42.506123,-39.515358,-42.183704,-44.625496,-40.322845,-37.4749,-38.12666,-37.134804,-33.700634,-34.724987,-39.484917,-41.177486
9056,False,-25.73491,-28.723404,-28.93099,-32.00105,-36.20411,-35.112736,-40.616806,-31.324654,-34.39593,-43.04991,-41.464874,-39.61451,-37.48726,-34.794853,-38.89954,-38.291756,-40.56412,-43.808975,-43.774323,-48.183907,-45.43107,-43.897934,-45.86583,-48.154064,-47.17466,-40.3511,-41.194366,-43.53794,-38.723446,-39.60173,-45.099747,-47.7284
9088,False,-23.560354,-28.885365,-27.250443,-27.8424,-31.673452,-31.27649,-40.15252,-39.055553,-36.993713,-41.32042,-40.015034,-39.514175,-40.94478,-38.40214,-39.398357,-39.60896,-42.21846,-47.594223,-48.890648,-48.3228,-48.32061,-45.60563,-49.07361,-50.621418,-50.754246,-46.665955,-46.286068,-45.507313,-41.917908,-43.0895,-50.259975,-52.696716
9120,False,-22.59182,-28.98536,-27.270046,-31.83136,-33.445755,-33.116203,-36.8333,-40.392143,-39.691162,-39.35507,-41.48699,-44.129265,-43.88807,-43.14969,-44.74305,-46.142906,-45.25802,-44.99003,-47.00386,-49.056473,-48.764137,-48.53373,-52.463997,-53.00551,-51.435875,-49.043068,-49.491695,-47.882973,-46.738277,-47.212086,-55.012417,-58.286205
9152,False,-30.018932,-26.554174,-29.440018,-28.984077,-35.487057,-35.222145,-37.987278,-34.94909,-37.63775,-38.802044,-38.62403,-43.678535,-45.4499,-43.105244,-43.473175,-42.85686,-47.658035,-49.891808,-48.830143,-50.659225,-51.73946,-52.03739,-52.877724,-54.64032,-55.85165,-54.31187,-55.226112,-53.295868,-50.62595,-53.335682,-60.057354,-62.55306
9184,False,-19.853481,-32.13511,-28.43378,-31.554735,-32.32733,-32.901665,-34.994995,-35.299603,-35.130753,-38.27569,-39.880882,-38.21042,-45.415253,-46.752888,-43.940628,-44.589195,-47.344124,-47.35428,-50.89836,-50.622276,-51.57497,-51.811806,-53.52514,-55.708126,-56.890068,-54.59993,-57.086746,-56.714436,-54.16466,-57.21796,-62.2222,-65.52941
9216,False,-18.453678,-26.084473,-29.761374,-31.51025,-34.509903,-38.05803,-40.774723,-33.92588,-33.16392,-40.847404,-45.57395,-44.07463,-42.579315,-45.205544,-44.10152,-43.7892,-47.48921,-50.694153,-50.661255,-51.15847,-51.659348,-52.923035,-55.168686,-57.104286,-57.963753,-57.828346,-61.37976,-62.306385,-58.004753,-59.41879,-65.08267,-68.426865
9248,False,-22.605188,-25.85142,-29.233032,-33.825027,-37.224567,-32.856148,-36.191605,-37.51098,-40.00902,-42.08812,-40.69275,-40.802902,-40.783813,-42.37625,-44.248558,-42.257725,-45.481487,-48.835487,-52.85696,-53.35423,-50.84936,-53.753784,-58.240833,-56.66361,-59.214443,-58.159042,-60.113823,-60.522846,-61.324726,-64.32822,-68.66932,-70.01959
9280,False,-22.43657,-24.15241,-29.086174,-30.048824,-35.27899,-31.818863,-38.770424,-40.49196,-35.745377,-39.60282,-42.40492,-40.43905,-42.359463,-41.537804,-44.716686,-44.419247,-44.365097,-46.86426,-51.229065,-52.949123,-53.78141,-55.167904,-56.233654,-54.650703,-56.57515,-59.389248,-61.92405,-63.103405,-63.456894,-65.16075,-69.79722,-70.96875
9312,False,-22.223368,-27.035152,-24.182327,-26.394718,-34.84142,-36.45491,-40.583347,-42.52962,-43.509655,-41.049088,-42.71045,-40.144215,-42.27591,-42.76369,-44.14295,-44.36253,-46.090935,-48.713486,-51.82951,-53.744102,-52.05133,-51.7017,-57.218925,-57.426796,-58.273396,-59.000397,-61.037785,-64.32483,-67.12241,-66.843315,-69.232635,-70.29455
9344,False,-23.953999,-29.715204,-32.45157,-34.178635,-31.379549,-33.024826,-38.711105,-38.347343,-39.365643,-41.005928,-38.594143,-42.327232,-46.42032,-45.150093,-44.783844,-48.650917,-46.02778,-48.457542,-50.77008,-51.676033,-53.022915,-51.300243,-55.014843,-58.871998,-59.024307,-58.94233,-62.523674,-63.78607,-65.73333,-68.02648,-70.28266,-71.18309
9376,False,-22.855484,-31.147635,-31.527517,-35.45074,-33.22637,-31.671265,-31.626036,-34.325966,-36.051205,-43.204594,-43.247894,-44.920723,-42.75906,-43.27444,-45.359,-43.32474,-46.687195,-49.480778,-51.151463,-53.210365,-51.642834,-52.043907,-55.346542,-57.90257,-58.69407,-60.729164,-62.65599,-62.40105,-65.367355,-69.11334,-70.75659,-71.499374
9408,False,-23.834068,-30.150448,-27.959118,-28.44986,-31.227665,-34.222664,-37.555798,-36.287113,-35.63294,-41.5679,-47.186028,-44.66823,-39.254192,-42.325264,-45.158737,-45.267338,-47.965565,-49.79557,-49.84371,-50.339706,-53.168377,-55.207535,-53.712616,-57.251698,-59.062202,-58.5285,-61.736946,-62.925453,-66.10818,-70.83304,-70.98816,-71.100845
9440,False,-22.31213,-31.460741,-30.380056,-28.892323,-34.774796,-33.72651,-38.919292,-39.57994,-37.571327,-40.119205,-44.21905,-46.938877,-39.782997,-44.06336,-44.98899,-46.9825,-47.10012,-48.041786,-50.600677,-51.307545,-50.635983,-52.282238,-55.17166,-57.552513,-58.494415,-60.82617,-62.1215,-63.69995,-66.763275,-70.24909,-72.155396,-71.1783
9472,False,-22.975609,-31.767536,-29.017412,-33.6183,-33.090538,-34.76523,-39.11075,-41.315,-38.89433,-40.90467,-40.732555,-43.096138,-40.514492,-42.855343,-47.0895,-44.609924,-46.349525,-49.750565,-51.59601,-53.46027,-51.87831,-52.326767,-53.517685,-59.138622,-57.84132,-59.202503,-60.933212,-64.93242,-66.92934,-69.77252,-71.520195,-70.86148
9504,False,-22.78806,-27.531729,-28.688936,-30.277042,-30.42288,-31.83606,-36.411858,-39.086758,-39.719387,-41.64051,-41.950745,-40.95816,-42.369976,-43.908382,-44.58734,-42.821396,-42.95156,-46.026833,-50.81414,-50.075817,-54.482567,-54.003483,-56.58687,-57.469482,-57.068184,-61.491463,-63.53698,-65.01944,-67.433075,-69.727196,-69.79538,-71.58221
9536,False,-27.56969,-31.858257,-25.463821,-25.698423,-24.65234,-29.286673,-29.070112,-23.655586,-29.017553,-34.24549,-29.165997,-28.31033,-25.93885,-29.342787,-31.597864,-27.475445,-30.512218,-35.634453,-39.1269,-44.486958,-44.436802,-46.93258,-45.3696,-49.00374,-55.064476,-54.585743,-54.981148,-57.16522,-54.747246,-55.757164,-59.83515,-61.569946
9568,False,-21.07424,-26.478088,-27.155651,-25.777597,-28.082514,-31.135843,-34.181538,-30.845087,-35.25659,-38.457764,-35.74116,-35.93965,-33.680607,-36.672073,-39.59576,-37.1844,-42.104473,-46.470856,-48.646965,-48.419323,-50.056877,-52.202686,-53.44301,-56.79905,-58.324505,-57.831635,-61.378094,-61.993412,-64.68898,-66.61394,-69.731316,-69.22713
9600,False,-23.213415,-27.839947,-33.51362,-30.912766,-33.361763,-32.81352,-40.205425,-36.243885,-35.270554,-38.003075,-40.6829,-41.991768,-40.182415,-36.164078,-45.361847,-45.248646,-46.225586,-46.80988,-49.31939,-50.09973,-50.821533,-51.15397,-54.368366,-57.970314,-58.502735,-60.73856,-61.87376,-62.765022,-66.643036,-69.26449,-70.793106,-71.41556
9632,False,-22.39352,-28.333588,-28.380829,-27.010183,-32.051964,-35.249043,-38.77568,-38.09154,-36.74797,-41.045338,-40.976852,-43.04666,-44.042793,-42.991062,-41.9771,-43.86803,-47.53643,-47.412277,-49.577095,-52.847374,-51.102314,-51.225285,-55.436253,-56.58029,-57.642395,-60.633095,-64.076035,-65.94001,-68.86844,-70.482544,-71.32584,-71.931046
9664,False,-20.096405,-25.828037,-28.579893,-30.30882,-33.68008,-33.150513,-40.75836,-39.848972,-37.340515,-38.275436,-41.42253,-43.211536,-42.884136,-44.635082,-46.289,-46.0993,-46.099323,-48.600773,-48.842934,-51.643517,-54.93944,-54.249363,-54.55933,-57.075848,-59.508705,-61.167747,-62.28753,-63.835854,-67.36123,-69.23098,-70.41248,-70.382416
9696,False,-22.864199,-30.984203,-34.02577,-33.902153,-32.742287,-34.4488,-36.501434,-36.73223,-40.485657,-38.912014,-40.1355,-43.66781,-42.3733,-43.924294,-45.728184,-46.559162,-47.63138,-49.172707,-46.857613,-52.279274,-53.909416,-52.342926,-54.073444,-56.4133,-60.49873,-60.74715,-61.88188,-62.964874,-66.653076,-70.30782,-71.04232,-70.78567
9728,False,-19.423746,-29.566406,-31.252584,-30.97729,-34.34338,-36.68147,-35.044106,-40.49812,-41.652992,-43.592033,-44.237816,-43.378567,-41.862656,-44.31026,-43.608932,-46.150936,-47.68221,-49.450676,-49.170486,-49.288948,-53.01197,-53.000755,-55.54203,-58.799507,-57.925762,-60.75473,-61.182884,-62.881893,-67.02821,-68.87374,-71.119446,-71.00448
9760,False,-25.270452,-30.748327,-29.955822,-28.53666,-34.706985,-35.376705,-36.588757,-35.58333,-38.396038,-43.64466,-42.268936,-40.858532,-43.07571,-43.841583,-42.53865,-44.557327,-45.271614,-48.956944,-50.649704,-53.46441,-53.30847,-53.497894,-55.06487,-57.00134,-58.32197,-60.723957,-61.397266,-64.898865,-67.35955,-68.33034,-68.86507,-70.54892
9792,False,-22.269228,-30.656977,-32.27397,-32.441784,-35.0917,-37.274265,-40.0285,-40.42668,-38.417313,-41.0582,-38.354527,-43.026775,-40.751015,-40.96496,-41.392437,-45.863956,-47.404156,-51.68248,-51.52604,-54.36453,-52.88658,-54.330612,-56.792633,-59.328117,-60.028576,-61.198586,-61.601048,-65.024124,-66.076645,-66.67794,-70.355385,-71.51812
9824,False,-22.706154,-33.703876,-31.069736,-32.266613,-32.870422,-30.205242,-38.62651,-35.821213,-32.880264,-39.510468,-40.61909,-42.21682,-45.02379,-47.813637,-45.378536,-43.59874,-46.284985,-48.031673,-48.82906,-52.31624,-52.728233,-54.252335,-56.42195,-56.31184,-58.450947,-62.844334,-63.332424,-63.88836,-66.53848,-69.499855,-72.30802,-71.39578
9856,False,-26.41362,-31.948908,-32.39585,-37.039097,-39.379868,-34.819603,-36.12382,-42.76763,-41.427235,-43.094948,-46.10899,-44.49068,-43.85078,-43.218666,-40.28492,-46.9665,-55.570675,-52.057137,-51.246742,-54.116234,-54.233185,-53.556725,-55.095196,-59.02912,-59.68687,-60.311646,-62.45808,-62.734722,-66.47113,-68.92504,-72.58679,-71.952644
9888,False,-24.6537,-27.193048,-30.467896,-33.46273,-30.83845,-36.374744,-35.87254,-41.04122,-38.17986,-40.764713,-38.946304,-43.04419,-42.409977,-42.48207,-42.22941,-45.152184,-46.48878,-47.39589,-50.35293,-53.15052,-51.818687,-52.523438,-55.843437,-60.839645,-58.729546,-59.65094,-62.36979,-63.108055,-67.85565,-69.0076,-71.514786,-71.42791
9920,False,-20.251085,-26.810783,-29.268002,-30.130157,-34.41089,-35.66894,-34.8416,-35.936855,-38.07006,-38.369534,-42.5003,-43.10061,-42.22153,-43.292267,-44.832283,-44.631874,-47.150036,-49.674576,-50.75043,-52.28681,-54.404976,-53.910286,-56.690136,-57.130623,-59.469868,-61.132645,-62.271954,-64.774826,-67.29733,-68.552124,-71.599335,-71.80935
9952,False,-20.299736,-30.12437,-27.485413,-29.794453,-31.937714,-35.760544,-36.87652,-38.990517,-35.75195,-38.097813,-44.10176,-44.881958,-43.729248,-43.337196,-47.42276,-46.70212,-46.50685,-47.895386,-50.82928,-52.7169,-52.925583,-52.832447,-58.043484,-57.325443,-58.71566,-61.203163,-61.790543,-64.79391,-68.50519,-70.125015,-71.660446,-72.59605
9984,False,-19.93954,-29.18491,-31.2247,-30.028122,-30.381031,-32.968018,-35.840057,-40.633106,-39.28846,-45.57406,-46.218338,-47.117485,-43.653526,-45.621727,-43.57275,-45.01694,-45.984077,-48.346935,-48.60821,-52.080643,-52.152134,-52.729942,-55.74716,-56.25887,-58.044456,-59.186005,-60.85812,-65.14838,-66.03044,-69.658844,-70.18683,-71.91019
