timestamp,faulty,band_0,band_1,band_2,band_3,band_4,band_5,band_6,band_7,band_8,band_9,band_10,band_11,band_12,band_13,band_14,band_15,band_16,band_17,band_18,band_19,band_20,band_21,band_22,band_23,band_24,band_25,band_26,band_27,band_28,band_29,band_30,band_31
0,False,-27.23727,-25.58365,-29.744795,-37.613052,-41.831757,-39.880375,-42.85345,-44.77798,-40.505424,-43.06611,-42.649963,-46.18123,-48.92819,-45.645752,-55.34704,-53.19394,-51.834824,-49.015945,-49.681595,-50.96566,-52.173523,-53.36759,-56.327393,-59.758774,-59.672817,-64.09099,-60.523888,-65.90309,-66.34294,-68.4602,-69.34256,-71.60783
32,False,-23.340527,-25.003883,-26.011295,-33.249775,-37.152218,-35.903687,-36.819263,-42.622063,-39.961143,-43.216187,-42.949314,-42.11025,-42.008358,-43.083076,-42.559814,-42.514275,-45.23087,-47.046677,-47.145798,-50.42704,-49.38097,-51.554092,-51.451054,-54.632523,-56.521957,-56.258247,-59.75003,-59.44282,-64.534294,-66.20476,-67.38524,-68.89083
64,False,-25.701115,-29.368277,-25.706312,-29.060638,-33.7363,-36.627815,-38.341183,-40.47503,-40.12228,-42.670998,-40.488907,-40.84751,-44.372105,-44.730663,-45.796547,-46.297997,-45.348812,-48.42498,-48.34879,-50.249268,-51.92596,-51.13222,-51.391315,-53.395786,-53.51143,-56.557423,-58.542244,-59.333656,-63.190044,-64.28247,-68.6065,-70.5408
96,False,-26.676521,-29.538729,-29.248907,-33.97184,-36.384045,-38.073086,-37.804893,-38.147686,-36.413185,-39.975914,-42.027378,-42.56413,-44.346207,-43.330772,-42.944645,-44.86115,-45.426117,-48.743454,-51.144638,-50.989323,-51.94513,-51.157566,-53.478043,-56.372986,-55.184998,-60.071835,-60.10154,-59.978672,-61.960945,-64.6226,-67.50438,-68.299194
128,False,-25.437595,-30.256289,-25.251474,-31.169483,-33.093464,-36.85045,-37.308266,-37.610355,-36.614906,-37.724888,-44.59612,-39.55522,-42.192566,-42.038673,-44.046368,-43.825115,-45.9313,-46.658035,-47.2183,-47.266747,-50.50651,-53.05096,-53.3304,-54.44099,-56.821777,-58.50261,-58.599625,-61.395905,-65.93657,-66.5076,-69.04416,-69.56767
160,False,-25.403921,-30.469265,-28.256603,-30.780432,-35.868103,-37.460922,-39.406578,-39.69546,-37.795788,-40.359108,-41.68775,-43.684647,-40.757465,-44.440887,-47.725845,-46.824554,-46.046413,-46.21509,-50.61741,-51.767387,-49.587673,-51.03821,-53.64363,-53.225067,-56.45487,-57.113815,-59.95018,-60.949245,-65.12996,-65.20142,-67.972,-70.948326
192,False,-22.874817,-26.654076,-27.923199,-29.281418,-33.842655,-34.972332,-37.9886,-36.209908,-39.16954,-41.170944,-44.585716,-43.495033,-42.122135,-43.6755,-45.17243,-45.779095,-48.22608,-48.755726,-50.013184,-49.24751,-51.524406,-50.27133,-53.921425,-55.90431,-54.96964,-57.68663,-58.999084,-59.982834,-63.46573,-65.64946,-67.17272,-69.227875
224,False,-23.821676,-29.135864,-28.994705,-30.06839,-35.068417,-36.93913,-42.297157,-40.1041,-33.77951,-44.469143,-50.66362,-44.240513,-41.20565,-42.617115,-40.57296,-42.667076,-46.239494,-48.931267,-48.647964,-49.596714,-49.710297,-50.987667,-52.589146,-55.30292,-56.357033,-57.343513,-57.80339,-60.74537,-62.60215,-66.37226,-68.080666,-69.33429
256,False,-24.02079,-26.650543,-27.231766,-31.627224,-36.097187,-33.82869,-35.019844,-36.619446,-39.894184,-45.126575,-41.981007,-41.057045,-43.091183,-42.616886,-40.363163,-45.217457,-48.604492,-49.031734,-50.877705,-50.869278,-50.050434,-49.464222,-51.907486,-53.415863,-55.44346,-57.50397,-58.045277,-60.656067,-61.92182,-64.062454,-66.17499,-70.416916
288,False,-22.273998,-26.638792,-25.586798,-31.335318,-30.808657,-32.713375,-39.46053,-40.41491,-36.869217,-36.107883,-43.47383,-41.409794,-39.825817,-44.15007,-47.01658,-47.02362,-47.787327,-45.03662,-45.898438,-50.136963,-49.107506,-51.566902,-53.447037,-54.681755,-56.5802,-56.585068,-56.570297,-59.274696,-64.67981,-66.23151,-68.422554,-70.77294
320,False,-29.382114,-31.089272,-30.712196,-31.246298,-30.469782,-33.891132,-38.71327,-41.07081,-38.647175,-37.45992,-41.30367,-39.37958,-42.122246,-44.716568,-45.608864,-44.6128,-49.215805,-50.17343,-47.67805,-49.39684,-51.18889,-51.403156,-52.547623,-55.538544,-56.510902,-56.68345,-59.344425,-60.923576,-62.123756,-66.45534,-69.00528,-71.323135
352,False,-24.74892,-28.06504,-29.836359,-26.323883,-28.045881,-28.80025,-23.71608,-21.177448,-27.069515,-33.265545,-27.986658,-23.189287,-23.206232,-21.216644,-21.929432,-18.697676,-21.337585,-24.52575,-29.454763,-35.929516,-29.414976,-28.70574,-28.015177,-29.583,-26.80459,-25.524427,-28.338821,-24.336048,-17.512436,-18.213871,-24.8036,-26.249056
384,False,-24.293432,-28.759293,-29.657543,-26.998535,-29.676058,-27.290123,-32.54391,-29.378557,-33.50949,-37.87739,-33.823776,-32.14265,-31.40633,-28.738768,-32.03488,-29.220455,-34.267284,-39.395702,-36.563236,-41.27062,-40.069195,-37.674374,-41.738228,-42.789772,-39.465656,-36.770836,-38.073036,-36.229553,-31.560722,-33.023384,-37.498062,-39.231335
416,False,-22.847307,-27.272274,-27.25215,-27.99183,-33.105843,-34.07653,-37.158665,-33.12797,-34.506508,-38.84222,-40.71289,-39.819256,-38.401405,-33.82704,-38.127296,-37.204346,-40.030785,-43.419415,-41.488113,-48.757088,-45.674088,-42.92549,-45.654137,-47.182423,-46.566246,-39.39194,-41.308136,-42.88904,-37.57941,-39.632687,-44.955887,-46.291603
448,False,-26.224495,-29.6076,-26.695547,-29.634592,-33.531834,-34.610363,-36.944317,-38.138397,-39.044216,-41.460983,-42.28023,-38.822544,-39.171883,-42.53379,-42.540543,-36.851063,-39.17123,-42.966003,-46.441883,-48.83644,-47.18695,-43.90811,-47.50788,-49.497597,-49.395752,-45.123466,-45.56443,-45.97147,-41.615334,-43.15817,-49.920074,-52.28186
480,False,-24.5178,-24.630949,-25.546028,-27.930855,-30.725613,-35.488136,-39.157,-37.605354,-37.785324,-39.984524,-38.28624,-39.790653,-43.12757,-42.637993,-44.413498,-42.266838,-45.937225,-45.177464,-45.279144,-51.312088,-47.69766,-46.91588,-50.169773,-50.169147,-51.268612,-48.05858,-47.81025,-47.924076,-46.814117,-47.443104,-54.781616,-56.064068
512,False,-24.71231,-24.416222,-27.292032,-30.74456,-32.721626,-34.571968,-38.618233,-40.64904,-40.585094,-40.466923,-41.174892,-39.766563,-40.70176,-41.741684,-45.03276,-47.48719,-44.908813,-46.264835,-48.116524,-49.03383,-50.308933,-47.412838,-51.89421,-52.454323,-53.508686,-51.464993,-53.006477,-51.932793,-49.011337,-51.811203,-59.50088,-61.797073
544,False,-27.077442,-26.292421,-28.019348,-28.504929,-35.20122,-33.603035,-35.23607,-39.582016,-37.18785,-37.02461,-41.107864,-38.936974,-41.44216,-41.78377,-41.00708,-43.635635,-47.237053,-48.93452,-49.717934,-51.4693,-51.321484,-47.87888,-50.439827,-55.532246,-55.483395,-54.946213,-55.49522,-56.25765,-51.789936,-56.120384,-62.047028,-63.508423
576,False,-27.122677,-28.296984,-28.658382,-30.056442,-33.22746,-32.22508,-38.58856,-37.010353,-34.921867,-42.130016,-42.21951,-40.353302,-38.751568,-43.975235,-42.33268,-44.228844,-45.331062,-45.03917,-44.692535,-49.145638,-51.06911,-51.77359,-55.275146,-57.01695,-58.762222,-56.38774,-58.44426,-57.597736,-56.33816,-58.99051,-64.314415,-69.156425
608,False,-24.595886,-29.238022,-30.387308,-31.763346,-30.637852,-35.57262,-39.4466,-39.556282,-43.575066,-42.573463,-40.677635,-41.363026,-42.152855,-43.991604,-44.567223,-43.257957,-46.563793,-48.569065,-49.027176,-49.289474,-50.26209,-47.99345,-50.308876,-54.050404,-55.51096,-56.55873,-57.072357,-61.59025,-59.994072,-63.179325,-69.02519,-69.07934
640,False,-21.797539,-29.277563,-27.754082,-30.767406,-34.32992,-34.823055,-36.897274,-40.46831,-38.528084,-43.54286,-40.699272,-44.06009,-39.890045,-41.242676,-44.714302,-41.98656,-42.983494,-49.288338,-46.966328,-50.063866,-51.947216,-52.0375,-53.152164,-56.16182,-56.144238,-57.63652,-59.558353,-60.415916,-62.45864,-65.01886,-68.8336,-71.49524
672,False,-23.110199,-26.757172,-24.625534,-27.275946,-33.880287,-36.773106,-40.485157,-40.169548,-39.850056,-46.829323,-40.978756,-40.070644,-40.240044,-41.05589,-43.60062,-46.176697,-48.072285,-46.65619,-46.826344,-47.449066,-49.915016,-52.20333,-54.46988,-57.031616,-57.032604,-57.86801,-59.12435,-59.54138,-62.577168,-65.331024,-67.843666,-71.22252
704,False,-26.840303,-25.420414,-27.214949,-30.528677,-34.58716,-35.835518,-40.18803,-39.25501,-35.00905,-43.161552,-39.964603,-41.076668,-39.155243,-44.80818,-42.768116,-44.614597,-47.29885,-48.21817,-49.9992,-50.349243,-51.478542,-50.860825,-52.024403,-55.438972,-55.901447,-57.423634,-59.130627,-61.3089,-63.793472,-65.95236,-69.31799,-70.22208
736,False,-25.732094,-27.208893,-29.580896,-31.4256,-35.341496,-37.49599,-41.51106,-38.030075,-34.29492,-37.741352,-42.804726,-43.090244,-39.112907,-41.474144,-41.855885,-45.564285,-48.097668,-48.109062,-48.904488,-53.269913,-48.495705,-49.65038,-52.734932,-53.133415,-58.034878,-57.777935,-55.951366,-60.288017,-62.985672,-67.18741,-69.04444,-69.36934
768,False,-20.830292,-25.108507,-23.260078,-29.998894,-33.91313,-34.661804,-37.418743,-38.810925,-40.276295,-43.757797,-38.663574,-37.788654,-43.838825,-43.895164,-41.414764,-44.861794,-47.914505,-49.05049,-47.824776,-51.48735,-50.978546,-48.354164,-52.60439,-55.08061,-55.179276,-57.073006,-57.35919,-59.24911,-64.339294,-65.2789,-68.12216,-69.86469
800,False,-24.592838,-26.891289,-26.242659,-31.771048,-31.777449,-36.969948,-40.121063,-36.89385,-35.845867,-39.430164,-40.395966,-38.827698,-42.624584,-42.85649,-45.550465,-46.980965,-44.443783,-47.393196,-49.170555,-50.70711,-50.642487,-49.76954,-51.626114,-54.03624,-57.20272,-57.92469,-57.439636,-59.76384,-62.411896,-65.60786,-68.34914,-68.71763
832,False,-23.202618,-30.263674,-27.139433,-27.161982,-31.931627,-38.11941,-39.08177,-36.597687,-35.716457,-42.17836,-40.629845,-44.28894,-45.33055,-41.216614,-43.94815,-45.34653,-46.400505,-46.09762,-49.693073,-51.111534,-50.313076,-51.401093,-53.236423,-56.130234,-55.370544,-56.30625,-58.544582,-60.068832,-63.946327,-67.56503,-68.9873,-69.23958
864,False,-22.883057,-27.953945,-29.736832,-29.121828,-34.44691,-35.277008,-36.361763,-38.882645,-37.844044,-42.80313,-40.57609,-41.748505,-43.789963,-44.15253,-44.95388,-43.037067,-45.573296,-47.305378,-47.553867,-48.180443,-50.25415,-51.178555,-52.565098,-55.529827,-55.362286,-56.48981,-57.42257,-60.30497,-64.92356,-67.3299,-68.65133,-70.43427
896,False,-22.839218,-26.301743,-24.982712,-26.62704,-27.462484,-30.44006,-29.418968,-24.67749,-28.391727,-33.722324,-29.70169,-27.32965,-26.67876,-31.791307,-32.791473,-28.067013,-30.51849,-36.568367,-40.025543,-45.49402,-44.779472,-45.553516,-44.16412,-49.69454,-53.33858,-53.559654,-54.372185,-56.62094,-51.420143,-53.408222,-59.127293,-60.115906
928,False,-23.680626,-26.641645,-27.597906,-27.15421,-27.363014,-30.174019,-34.96893,-31.276104,-35.2946,-38.592728,-35.383755,-35.009712,-35.232384,-34.696415,-39.02305,-35.563396,-40.523598,-45.316338,-46.64629,-49.48992,-49.744522,-51.30358,-53.471836,-55.418137,-56.130646,-57.620792,-57.97476,-59.6734,-60.36338,-63.65705,-65.5319,-67.12457
960,False,-24.594524,-27.955988,-25.38247,-30.74423,-30.448925,-29.52806,-38.81283,-36.58827,-38.4438,-38.322758,-40.074806,-40.43119,-38.455,-38.261227,-39.55278,-40.487236,-44.47048,-46.8546,-47.30693,-48.83081,-48.376194,-51.918633,-52.7576,-53.87625,-55.86061,-58.560555,-59.139015,-61.527077,-64.574524,-65.8035,-69.11493,-70.93822
992,False,-22.948341,-27.936176,-23.597286,-30.235384,-36.409737,-36.01772,-41.07608,-37.767582,-37.909397,-42.946945,-41.17895,-38.104202,-39.432842,-43.47179,-41.05018,-43.357525,-45.49253,-49.306503,-47.8912,-49.1004,-50.92,-50.25802,-54.76317,-54.559917,-57.404217,-57.893063,-60.204544,-61.69336,-64.264786,-66.82905,-69.8755,-70.415474
1024,False,-23.960213,-29.121668,-27.937906,-31.970358,-33.22279,-35.512604,-39.289948,-36.61962,-36.162228,-44.24454,-45.0093,-39.52462,-39.569946,-42.19776,-43.714676,-43.811108,-47.25596,-46.295376,-46.748894,-52.009468,-52.5025,-52.24758,-54.943283,-56.163643,-57.263927,-59.9828,-60.130287,-61.20011,-65.628624,-68.33251,-69.98799,-69.81078
1056,False,-22.904736,-27.056149,-24.720089,-33.983162,-33.76016,-33.513924,-39.24916,-36.836296,-32.78252,-41.63033,-42.615246,-39.937164,-39.726513,-38.48846,-42.23873,-43.59735,-49.55857,-46.398705,-48.815956,-52.318874,-51.96736,-50.320896,-53.253227,-53.89731,-57.664993,-58.63819,-61.21372,-61.293045,-63.794514,-66.91931,-69.97846,-70.237724
1088,False,-25.649925,-27.658108,-25.861692,-29.464827,-31.888157,-35.693504,-36.816334,-38.204823,-37.408146,-38.720486,-40.347687,-44.377968,-41.07823,-41.467567,-43.99834,-44.029613,-45.33419,-48.145485,-49.71481,-52.513016,-48.78485,-49.970894,-52.00171,-57.17811,-57.314472,-57.23548,-58.33365,-60.691242,-62.74397,-64.892075,-69.21152,-70.9147
1120,False,-21.577366,-29.806496,-30.831223,-32.092342,-34.18973,-35.55429,-39.139755,-37.22011,-36.379135,-41.292877,-41.350918,-40.34085,-40.50478,-42.75309,-42.993294,-46.852345,-46.85093,-49.02156,-47.672955,-50.551765,-53.3832,-53.877583,-54.176716,-55.69671,-55.632763,-59.784096,-61.33039,-63.32592,-65.45897,-67.268074,-69.53923,-70.83326
1152,False,-24.342089,-26.305456,-22.356926,-27.795904,-32.853516,-37.42004,-40.41001,-39.614395,-36.70922,-39.1691,-40.058647,-39.8421,-43.209335,-44.185333,-41.114693,-44.9226,-47.243965,-49.951958,-49.012035,-51.974365,-51.197517,-50.832405,-53.522953,-57.75508,-57.811256,-58.61133,-59.53085,-61.313282,-65.955284,-66.635826,-69.73705,-70.46976
1184,False,-24.167212,-25.62233,-25.483286,-27.930809,-31.456715,-37.618797,-40.066547,-36.133064,-38.274887,-43.312332,-39.5696,-41.082108,-38.129333,-42.250397,-45.662308,-45.90531,-45.845753,-46.907482,-48.15371,-52.12168,-51.32366,-52.30519,-55.33852,-55.198242,-56.111942,-58.17972,-59.62172,-60.82585,-64.29932,-66.084816,-69.422844,-70.91974
1216,False,-20.938585,-25.66151,-28.422611,-33.229244,-31.588228,-32.769905,-41.634182,-40.010155,-35.717903,-39.686867,-41.56504,-39.614056,-42.972103,-43.848114,-41.774998,-42.16286,-44.603115,-47.032997,-48.996803,-51.387756,-49.639492,-49.490627,-54.583477,-55.48027,-56.81866,-57.202065,-59.264606,-59.87764,-63.826622,-64.97015,-69.493805,-70.879166
1248,False,-20.512695,-31.566986,-28.58171,-30.836262,-36.36711,-35.538677,-36.394512,-38.836937,-38.900112,-39.332195,-40.970135,-41.69361,-39.492615,-42.471725,-41.151436,-44.337177,-46.266136,-46.72463,-47.498306,-51.579174,-51.590088,-52.733845,-55.168938,-55.482956,-56.76703,-57.29119,-58.601494,-60.414448,-64.30947,-65.20944,-68.587776,-71.47282
1280,False,-22.958614,-26.030853,-29.273756,-30.608065,-31.887026,-37.72284,-37.46975,-40.131454,-34.706028,-40.873447,-41.90807,-38.350494,-41.991356,-42.951965,-43.970127,-43.977455,-44.893112,-51.030594,-49.846832,-51.621494,-50.068367,-50.51361,-52.805244,-53.550625,-55.340622,-58.00432,-59.727764,-61.059437,-64.04092,-65.70754,-67.84356,-69.89837
1312,False,-25.85999,-31.337015,-26.62429,-27.419174,-32.709457,-38.414444,-36.955677,-37.762447,-40.046276,-42.914345,-43.017563,-43.124084,-42.748894,-44.517403,-43.52241,-46.60987,-47.723213,-49.01821,-49.920456,-51.349297,-50.62024,-53.800373,-55.569412,-55.00556,-54.69181,-58.26258,-59.736816,-59.35244,-64.27691,-66.45018,-67.93743,-69.21346
1344,False,-23.00393,-27.286646,-29.402111,-31.692398,-37.740765,-37.588196,-37.418007,-40.206886,-35.216637,-38.944378,-45.901012,-43.0492,-43.057793,-44.92144,-45.62605,-46.906773,-47.50389,-45.175995,-48.37997,-50.9657,-49.3,-49.746162,-54.005505,-55.523575,-57.3978,-60.566746,-59.66393,-59.403587,-62.920067,-67.16834,-69.33783,-69.130455
1376,False,-22.295311,-28.791645,-28.22456,-29.384787,-32.5315,-37.35408,-39.053925,-40.34817,-39.06951,-40.012802,-40.865425,-44.319782,-42.157578,-42.944874,-43.735916,-43.23156,-45.190884,-46.602325,-50.942654,-49.538628,-52.1922,-52.104725,-54.516293,-55.54995,-59.19741,-56.876034,-58.550125,-60.793045,-63.073128,-66.461784,-68.376434,-70.037415
1408,False,-22.491758,-27.802464,-23.817928,-29.752823,-33.999157,-35.76076,-37.712708,-39.1663,-37.36413,-40.26306,-42.494255,-40.01018,-43.172546,-45.652164,-42.61215,-45.00734,-44.191288,-47.526825,-49.166416,-50.365883,-50.546455,-49.39366,-52.421665,-55.87572,-57.795315,-59.490486,-60.342163,-60.637608,-65.30518,-66.98902,-69.879135,-71.03903
1440,False,-21.617435,-28.509705,-27.634197,-23.754349,-27.207354,-30.389788,-25.19618,-22.387266,-25.978119,-32.934765,-27.172497,-22.901638,-23.455803,-21.65679,-22.600565,-19.552835,-22.368917,-25.439564,-30.197922,-35.608086,-29.378042,-28.080542,-27.254322,-30.807657,-27.24746,-25.306433,-29.757156,-25.393398,-18.201412,-18.498686,-23.084173,-27.370544
1472,False,-23.347273,-25.417253,-26.541847,-23.866562,-25.853825,-26.973713,-35.094532,-29.98129,-34.705307,-38.650616,-33.734764,-31.188185,-31.871386,-30.325739,-32.95759,-30.264458,-34.67492,-39.543755,-37.43033,-40.958496,-40.11415,-36.892666,-40.861813,-42.5035,-39.120495,-35.25787,-37.525234,-36.613483,-31.70868,-32.432663,-36.38858,-38.890816
1504,False,-21.778458,-30.118599,-23.940765,-26.188307,-26.521608,-30.283688,-38.84513,-33.539177,-35.426155,-42.503235,-39.495445,-39.872974,-40.00844,-35.02106,-39.419033,-35.930313,-39.882782,-42.8553,-43.682518,-47.251335,-44.369812,-44.002335,-46.32051,-47.512405,-45.686436,-39.313496,-41.117283,-42.886692,-38.310402,-38.873985,-44.30017,-45.85228
1536,False,-25.788303,-28.906311,-30.34649,-29.181458,-30.974762,-33.70281,-36.420593,-35.459293,-36.234047,-39.447517,-40.011196,-39.50638,-40.479782,-39.74031,-40.284313,-39.58065,-40.883793,-44.359756,-46.75551,-50.047127,-49.121937,-42.429398,-47.476685,-50.638462,-50.366077,-45.302696,-45.614227,-44.795155,-41.466366,-42.70161,-48.440125,-51.703156
1568,False,-24.849483,-23.191795,-24.38156,-28.203,-31.494576,-35.2581,-36.732178,-36.855614,-39.15336,-44.072952,-43.35634,-39.27765,-39.905006,-42.45541,-43.650875,-41.84595,-44.65554,-46.841568,-46.50447,-51.358,-48.60309,-46.449795,-47.901043,-50.81545,-51.64297,-47.063683,-47.515724,-47.73344,-47.619835,-47.44915,-53.4725,-56.098167
1600,False,-23.474316,-29.137403,-24.04009,-29.496538,-32.996822,-31.869167,-33.513226,-38.956326,-39.76142,-43.99341,-40.66595,-40.953312,-40.369713,-42.58587,-45.272385,-43.805004,-42.5527,-49.60038,-47.995583,-49.922234,-51.489113,-47.33413,-49.230495,-51.399063,-53.554554,-52.2825,-52.458424,-51.94455,-49.53194,-50.733524,-57.601204,-60.930016
1632,False,-23.36855,-25.329264,-25.936298,-29.626753,-34.246822,-36.377716,-39.733055,-38.240097,-37.52192,-40.05813,-40.19657,-44.876465,-41.561523,-39.786777,-41.97495,-44.33602,-46.31903,-49.920403,-50.381245,-49.26653,-50.139732,-51.733593,-52.05665,-52.082245,-55.690643,-54.33297,-55.2481,-55.465942,-52.313328,-55.20636,-61.24191,-62.75525
1664,False,-26.113995,-28.004549,-25.258368,-30.61823,-36.51335,-37.834198,-38.590412,-36.31852,-34.8352,-40.94661,-42.185074,-38.678684,-39.60994,-41.499763,-40.613174,-42.238194,-46.826027,-49.449036,-51.788437,-48.947483,-48.305798,-49.632145,-51.108917,-55.015064,-57.99687,-56.735313,-56.84566,-57.98922,-58.105713,-58.504036,-63.14093,-68.407585
1696,False,-27.596008,-28.213318,-28.300512,-32.522205,-32.935917,-36.582027,-40.532776,-39.162,-38.225094,-40.471306,-39.431618,-43.4473,-42.353443,-41.695934,-42.41931,-43.24778,-45.745144,-47.257572,-49.994946,-53.688362,-50.242268,-50.56194,-52.8349,-54.772724,-56.976414,-57.91496,-59.468616,-59.916245,-61.054596,-62.896824,-68.58684,-69.21443
1728,False,-24.027458,-26.42456,-28.604988,-32.301285,-31.114786,-32.579132,-34.92394,-37.264282,-38.283974,-40.81087,-40.664555,-42.17558,-41.52348,-42.06673,-45.615574,-43.938324,-45.59707,-46.611954,-48.819435,-51.623363,-50.61182,-50.92154,-52.629456,-54.892212,-56.4293,-54.782776,-57.6352,-62.292854,-62.749096,-64.26499,-68.31916,-70.210464
1760,False,-28.113811,-26.08355,-25.457296,-28.700705,-35.866974,-33.78356,-35.760406,-36.559254,-34.370724,-39.229393,-38.14827,-43.22645,-42.678528,-42.957672,-43.576397,-44.117844,-47.86463,-48.077507,-47.77466,-50.800663,-52.091366,-51.842953,-54.84626,-55.78058,-54.52278,-55.58812,-59.63864,-61.820774,-64.65406,-65.859,-67.384995,-69.0289
1792,False,-25.985268,-25.01282,-28.68373,-31.24079,-37.569176,-33.561398,-36.127335,-38.898308,-36.96212,-42.610603,-44.315346,-42.858906,-43.858383,-43.984455,-42.49164,-43.81517,-45.66454,-48.062927,-47.34629,-51.66587,-51.30056,-51.618923,-53.589252,-56.27212,-54.955864,-57.40258,-58.97946,-59.186764,-61.62314,-64.38992,-67.63595,-69.98998
1824,False,-24.177187,-27.84285,-28.656796,-29.46503,-34.1499,-33.467735,-37.430717,-40.394863,-35.884106,-42.314297,-46.17807,-44.262238,-43.13828,-41.715652,-43.89267,-44.653282,-46.942955,-48.163666,-50.86941,-50.436626,-51.130543,-51.95849,-54.60965,-55.416855,-56.933823,-57.90139,-57.714867,-59.22468,-61.236687,-64.3093,-67.414116,-70.145256
1856,False,-26.362633,-28.749966,-27.782717,-29.561197,-33.10788,-33.291283,-37.077427,-38.79942,-35.79655,-40.080894,-41.8527,-41.28512,-40.865723,-44.67904,-43.722664,-46.335365,-46.858795,-46.860527,-49.10068,-50.513138,-50.948605,-51.61357,-54.046745,-55.78512,-55.643227,-59.1166,-61.193916,-61.640923,-63.1108,-65.92142,-67.345184,-69.30061
1888,False,-28.767632,-29.161362,-24.187975,-29.355085,-32.822258,-32.47253,-38.366764,-37.95868,-35.05901,-37.55594,-38.896133,-43.713966,-42.822918,-42.083263,-43.30826,-46.34017,-45.898613,-49.30624,-50.585266,-51.193356,-51.536793,-51.494286,-53.88382,-55.850754,-57.781048,-58.23201,-60.503952,-60.772804,-62.955177,-66.734764,-68.989395,-69.46049
1920,False,-26.490057,-28.366545,-25.105078,-31.404411,-33.287483,-32.41616,-35.448563,-36.813194,-37.15078,-42.65936,-39.840454,-43.51324,-44.63011,-43.273407,-42.10793,-44.982967,-44.857464,-49.17345,-50.46276,-53.99417,-52.141117,-52.749744,-52.742496,-55.259518,-57.365776,-58.24286,-59.278965,-60.32473,-63.334953,-66.44965,-69.30425,-69.060196
1952,False,-25.778347,-25.628315,-26.960573,-30.832302,-33.244686,-34.494553,-36.80982,-37.61709,-37.27864,-42.78959,-42.358368,-41.73757,-41.348953,-43.50443,-45.46972,-45.307507,-47.39328,-50.18245,-49.492607,-51.536488,-49.8822,-52.481995,-56.249638,-54.496197,-55.11824,-57.2872,-59.401634,-59.38803,-63.64955,-67.36656,-68.565506,-69.44872
1984,False,-26.104969,-30.195036,-28.823317,-27.535938,-28.680555,-29.514883,-31.284018,-24.742626,-29.890202,-34.210064,-29.603064,-28.567324,-26.024101,-30.546005,-29.992798,-27.35264,-30.893486,-36.27026,-39.886456,-43.895393,-43.319466,-44.96716,-43.61755,-48.987312,-52.682034,-52.73184,-54.01542,-56.3617,-53.42924,-55.520752,-57.39687,-61.527
2016,False,-26.772596,-27.140636,-29.601254,-24.566376,-30.619682,-28.506218,-33.568527,-31.639797,-34.130653,-35.62882,-34.644054,-34.8418,-36.23655,-36.20395,-39.6831,-35.324524,-40.841465,-47.24577,-46.599174,-49.62538,-51.362846,-50.900265,-52.704353,-54.17086,-53.63995,-55.754265,-58.926167,-59.127754,-60.255856,-64.33517,-65.94481,-68.0617
2048,False,-22.79103,-26.804274,-27.843147,-29.560583,-33.376072,-36.47084,-38.552227,-32.92143,-33.33095,-40.23188,-38.994442,-36.923103,-37.197727,-36.395466,-40.558144,-42.47886,-44.743393,-46.503582,-45.941338,-50.66353,-52.644676,-53.806835,-55.429306,-56.0839,-56.860928,-56.300148,-59.707214,-59.307983,-63.05937,-65.49607,-68.351456,-69.84062
2080,False,-23.150084,-29.434143,-30.94496,-34.128105,-35.621002,-35.96996,-38.41773,-36.913086,-36.221577,-38.817947,-41.811455,-40.18773,-41.067207,-45.04663,-42.45936,-45.91429,-47.922546,-47.657784,-46.10054,-50.4765,-50.052193,-52.04109,-55.347675,-54.69082,-56.066406,-58.861534,-59.067184,-59.699245,-62.99996,-65.24301,-67.362526,-70.41884
2112,False,-26.752586,-27.865541,-27.092133,-28.318308,-35.626858,-34.04142,-40.028404,-41.07345,-38.39486,-38.28667,-42.17521,-42.001553,-43.161263,-43.71927,-41.70342,-43.92663,-44.001904,-46.56169,-47.41446,-51.481094,-52.438084,-51.929623,-53.26657,-55.736103,-57.126045,-56.84801,-59.357395,-59.700886,-64.51501,-67.092354,-67.01058,-69.822525
2144,False,-25.806831,-29.10344,-29.013382,-30.93547,-31.976002,-35.65756,-39.95624,-38.435444,-37.682198,-40.63247,-38.178284,-39.345325,-39.310917,-41.48766,-43.245857,-45.6085,-47.72828,-47.56374,-49.6952,-49.60147,-51.75758,-52.98473,-54.104954,-56.22742,-55.706886,-58.232872,-60.181408,-59.06954,-63.626472,-66.51415,-68.10632,-68.42574
2176,False,-27.825098,-28.033024,-29.2017,-31.355942,-33.869976,-34.358246,-38.56398,-38.5769,-37.461464,-44.33934,-42.637154,-42.166523,-42.37667,-45.42519,-45.80734,-44.464684,-46.712833,-48.237206,-46.907166,-49.290947,-50.53086,-52.090855,-54.50141,-56.07345,-54.52387,-56.22159,-59.020725,-59.87331,-63.203568,-66.16761,-67.55294,-70.882805
2208,False,-25.585129,-24.742376,-27.566576,-30.022594,-34.10122,-36.997776,-36.848904,-39.344154,-38.82049,-39.226593,-38.95079,-38.822624,-41.52571,-41.85473,-43.08599,-45.432518,-45.17197,-47.65673,-47.912144,-52.503525,-48.821434,-52.1688,-53.88016,-55.097992,-55.76146,-56.921196,-58.956406,-60.64543,-64.0279,-66.68063,-69.792564,-69.38556
2240,False,-23.991116,-26.606314,-28.383417,-30.59807,-29.167301,-33.68629,-39.430508,-41.074112,-39.69195,-40.828407,-42.549606,-44.903294,-42.26103,-42.17251,-43.13046,-44.8124,-47.784378,-46.770687,-49.11856,-49.620457,-50.234245,-53.107662,-52.108696,-54.7134,-55.52826,-56.464615,-56.428093,-59.887596,-62.861343,-66.72148,-68.729774,-70.75578
2272,False,-23.458355,-28.904251,-27.212818,-32.241867,-33.82601,-37.404907,-41.309036,-36.61141,-35.900963,-41.384583,-43.20915,-39.608913,-46.371197,-43.684536,-43.022034,-45.801575,-46.74221,-48.280293,-48.496895,-49.38797,-51.925476,-52.45511,-56.123566,-56.50223,-57.444824,-55.927563,-57.644764,-59.553776,-63.121677,-66.1694,-68.55168,-70.07659
2304,False,-25.989468,-28.289263,-26.977638,-29.931313,-34.976994,-37.320396,-38.73254,-36.86927,-35.461315,-41.551834,-41.10304,-43.510963,-43.017326,-43.233772,-42.811348,-45.290646,-46.315044,-47.11556,-46.37892,-51.027103,-54.223167,-51.85938,-52.90476,-54.336792,-56.048702,-57.345814,-59.31431,-60.593002,-63.87752,-65.69116,-68.53985,-69.22188
2336,False,-23.266603,-28.2654,-28.6114,-31.181898,-31.675064,-34.207542,-36.594322,-39.47815,-38.206375,-41.106026,-40.910683,-44.410496,-41.28778,-41.982742,-40.62793,-42.019352,-42.088463,-44.106804,-50.140976,-51.965668,-54.225292,-51.464348,-54.054253,-55.311466,-56.888863,-55.88134,-58.157467,-59.409378,-62.952393,-66.46365,-68.517204,-69.33508
2368,False,-25.535276,-28.76337,-25.983044,-30.645893,-30.71349,-35.638966,-38.988224,-40.56362,-37.15844,-39.492348,-42.843975,-44.125217,-42.107735,-44.530815,-44.48353,-45.18673,-44.292377,-46.71789,-47.775665,-49.53339,-49.356594,-50.895485,-52.4495,-55.759434,-56.741127,-56.69603,-58.079754,-61.119324,-63.919624,-66.53894,-67.88659,-69.075
2400,False,-27.736809,-28.8861,-28.38312,-30.416735,-33.05414,-37.94725,-35.26194,-37.90159,-37.58524,-39.103287,-37.118496,-40.40565,-41.555893,-42.147003,-42.27961,-45.380325,-48.672596,-49.046112,-53.12081,-52.63315,-49.879307,-49.22317,-52.70883,-54.79023,-56.146637,-57.479443,-60.59002,-59.915764,-64.137665,-65.82147,-67.90481,-68.83234
2432,False,-21.322182,-25.906906,-24.187492,-32.50611,-36.10273,-37.64441,-39.19329,-38.215336,-43.14216,-40.37686,-41.492687,-42.33095,-44.89914,-42.18742,-42.995026,-43.569733,-44.81785,-46.738937,-49.85674,-51.000023,-50.610275,-51.06553,-55.84169,-54.989315,-55.877113,-55.573257,-60.639954,-63.415977,-64.4123,-63.721348,-67.17192,-70.30639
2464,False,-24.009096,-25.007278,-31.602005,-31.134584,-32.634132,-33.312656,-39.797882,-39.62155,-39.408474,-40.29453,-42.789955,-42.794533,-43.473175,-42.17623,-42.56188,-44.35696,-46.234547,-49.40886,-49.197407,-50.09517,-50.770454,-51.796783,-51.6658,-55.69321,-56.08403,-57.021107,-61.431736,-61.710564,-64.83657,-65.72534,-67.7661,-69.94744
2496,False,-28.012455,-26.274921,-26.155622,-27.888868,-32.202698,-31.803734,-36.994728,-36.218327,-37.79016,-38.06957,-43.040474,-43.610023,-41.32164,-41.893024,-44.003635,-45.83769,-44.732723,-46.289314,-48.969555,-51.42462,-51.836773,-50.991024,-52.549347,-55.70355,-55.919434,-57.87031,-58.2189,-58.94209,-62.681164,-65.418335,-68.72418,-69.684784
2528,False,-23.640745,-28.294987,-27.023075,-23.791067,-26.88037,-28.1461,-25.295269,-21.720558,-26.716507,-32.21669,-28.191395,-22.834227,-22.78362,-21.4458,-22.014198,-18.786638,-21.410086,-24.575787,-29.891367,-35.542034,-29.34413,-28.244078,-27.932266,-29.857283,-26.746817,-25.303246,-29.376047,-24.615597,-18.216797,-19.127733,-23.468155,-25.18629
2560,False,-27.692394,-24.772856,-25.008059,-25.983183,-29.115494,-27.290531,-33.091827,-28.16057,-32.921005,-36.63729,-33.76306,-31.96194,-31.061562,-29.599838,-32.280636,-29.236776,-34.23745,-39.209934,-36.354797,-41.231518,-39.873547,-37.00857,-40.454567,-41.94237,-38.767212,-36.457447,-37.74373,-36.01342,-31.454638,-32.88517,-37.74445,-39.497448
2592,False,-25.355911,-32.198334,-33.06641,-33.16894,-34.46985,-31.306843,-33.62349,-33.83179,-35.608257,-38.40297,-39.481976,-41.83532,-37.40301,-34.224506,-38.115036,-38.63891,-40.300423,-43.625732,-42.172985,-46.059574,-44.771385,-43.69396,-45.905117,-46.644135,-45.844074,-39.531,-40.95169,-42.541954,-37.40232,-38.89179,-44.705357,-47.2585
2624,False,-29.242403,-25.359253,-26.688204,-27.080555,-29.32968,-33.370808,-39.869682,-38.3231,-36.867622,-40.29575,-41.387833,-39.793026,-40.173946,-42.139606,-43.377857,-40.068863,-42.566105,-45.710114,-46.630646,-49.032196,-48.262962,-42.950066,-47.821205,-48.464542,-50.70433,-45.19658,-45.25719,-44.931953,-41.1985,-42.821297,-49.186592,-51.50937
2656,False,-21.259125,-24.712774,-23.953838,-28.637836,-35.10736,-34.36355,-39.771782,-38.514812,-38.062717,-42.823235,-41.611958,-41.18033,-43.37651,-41.951813,-40.5944,-41.49304,-44.80061,-44.30264,-45.300407,-48.075684,-46.560944,-46.323048,-51.02097,-52.185665,-51.281837,-47.96615,-47.490425,-47.66953,-47.5618,-47.654808,-53.72844,-56.64482
2688,False,-25.11387,-29.110409,-30.389355,-31.452972,-32.924,-36.28459,-39.611446,-37.631767,-37.015083,-44.907036,-40.458015,-40.80281,-41.37522,-42.768284,-43.52657,-44.12485,-44.746826,-45.961205,-45.55431,-50.25647,-50.446705,-50.012897,-51.48983,-52.43889,-54.407516,-53.009907,-53.001713,-52.873802,-49.24433,-50.57241,-59.21998,-60.535336
2720,False,-26.12878,-28.234402,-29.753656,-30.66003,-32.86016,-36.012848,-36.714817,-35.662468,-35.14109,-40.00506,-40.915787,-39.352676,-43.257225,-44.66365,-42.130608,-41.124985,-46.102978,-46.90269,-49.639126,-50.14624,-50.873,-52.296745,-52.808487,-54.66434,-55.525658,-55.41427,-54.927746,-55.54606,-52.08377,-55.203888,-61.72962,-63.49789
2752,False,-23.30557,-30.618229,-27.203722,-27.647705,-32.73963,-32.98276,-37.17652,-38.206276,-36.34774,-41.6374,-41.322746,-41.85709,-42.574867,-41.530148,-45.58699,-44.166874,-46.743248,-46.147076,-46.66263,-50.370556,-48.915485,-51.042656,-54.82068,-54.922447,-57.17344,-57.003777,-57.07837,-58.84417,-58.26,-59.656063,-64.06789,-67.50198
2784,False,-22.291166,-25.347687,-25.358429,-27.824352,-33.698067,-35.01743,-39.03164,-37.57961,-39.487984,-42.046146,-46.446808,-42.803005,-42.78653,-45.087147,-43.439438,-43.51025,-47.481174,-46.296463,-48.856148,-50.759094,-50.83831,-51.760822,-54.487156,-53.41918,-55.542023,-57.94359,-58.308914,-59.160477,-60.733982,-63.48519,-67.58572,-67.760895
2816,False,-23.687248,-29.364582,-26.036781,-28.011866,-34.915215,-35.33251,-39.85529,-39.543102,-38.2189,-39.588223,-42.826057,-41.57805,-43.85017,-46.321396,-43.80513,-45.27249,-44.423782,-45.215813,-48.321568,-52.469727,-51.288773,-52.558857,-55.249363,-53.98813,-54.662468,-57.574165,-57.734867,-61.63093,-61.953392,-63.39583,-67.58569,-69.132355
2848,False,-23.952806,-25.754967,-26.486338,-30.320414,-35.02685,-37.001244,-37.443058,-41.654037,-40.27366,-43.565487,-43.026886,-42.079964,-41.49112,-42.62726,-43.15775,-40.8082,-46.10027,-49.57365,-49.984966,-51.01532,-51.192852,-52.30802,-53.811363,-54.94525,-54.99356,-58.47313,-59.19896,-60.64472,-62.917168,-64.865654,-67.85263,-69.47488
2880,False,-22.779982,-29.423439,-27.943905,-31.862776,-32.41693,-35.886723,-36.611115,-40.348835,-36.354424,-39.42137,-48.196342,-44.69568,-43.622227,-42.87922,-41.997597,-43.600597,-47.274746,-47.319626,-48.30422,-50.574158,-51.453457,-49.883667,-53.370552,-55.22425,-55.86203,-57.322,-59.328377,-60.013306,-63.004284,-64.28536,-68.60127,-70.38708
2912,False,-24.107769,-24.454544,-26.523523,-32.764473,-31.75674,-37.39565,-38.89857,-41.215954,-38.577106,-39.77989,-46.002213,-45.838127,-43.043396,-44.625412,-44.784836,-43.69805,-46.906094,-48.639755,-49.20088,-48.836193,-50.450043,-52.785667,-52.49475,-56.67492,-54.59889,-57.089622,-58.333084,-59.696598,-63.25212,-65.56989,-68.08973,-69.54469
2944,False,-27.216959,-27.02593,-24.72105,-29.443134,-33.373093,-33.80528,-36.833595,-37.32615,-37.849285,-41.03725,-43.04483,-42.478477,-40.862793,-42.024605,-45.019115,-46.562057,-44.911083,-44.4349,-49.06266,-49.084602,-48.40094,-50.406853,-54.644794,-56.531998,-56.44116,-57.720837,-58.16084,-58.258934,-62.71038,-64.56118,-68.153694,-69.25851
2976,False,-23.80904,-27.694935,-27.160244,-30.238495,-34.497856,-34.854206,-35.260117,-39.96219,-38.98657,-40.37275,-45.42138,-37.17896,-39.938576,-42.684296,-40.66662,-44.482033,-48.23436,-47.402634,-46.507385,-48.063942,-48.63413,-51.509315,-53.736137,-53.42817,-56.859543,-56.342945,-59.119152,-60.140095,-63.648014,-66.344604,-69.42807,-70.48913
3008,False,-24.235611,-28.498806,-31.542322,-29.66775,-30.98877,-37.77026,-35.965748,-35.650467,-37.50524,-38.706192,-43.29761,-41.111893,-40.516045,-44.82885,-42.67376,-45.76219,-50.486137,-49.730408,-50.08724,-51.236755,-53.936367,-51.97619,-53.656837,-56.3068,-57.34172,-57.32075,-60.30194,-59.404167,-64.3775,-65.94429,-68.00032,-69.1099
3040,False,-25.736656,-28.58698,-25.59029,-30.479599,-35.656075,-37.102474,-41.012173,-40.006752,-36.725784,-39.4485,-40.965866,-41.31485,-39.99107,-42.352375,-45.493217,-44.62641,-45.132477,-45.866093,-49.8731,-47.75578,-49.14526,-50.335464,-52.44483,-54.14925,-55.85176,-56.418503,-60.048195,-61.24211,-63.06649,-66.09678,-68.193695,-69.82439
3072,False,-23.577717,-26.365015,-29.448221,-30.759535,-28.523857,-31.554985,-30.028538,-23.219837,-28.106628,-34.79258,-29.819752,-27.714312,-26.271954,-28.942736,-30.08799,-27.705341,-31.863699,-36.12105,-40.21013,-45.937714,-42.936417,-44.982105,-43.113407,-48.145615,-50.974266,-52.953323,-55.887054,-56.322357,-51.316284,-53.37844,-59.977142,-60.604736
3104,False,-24.165989,-27.006433,-27.306347,-27.807276,-28.648506,-30.857658,-37.63797,-32.239273,-34.9679,-38.47965,-34.443726,-35.892467,-35.56107,-36.0152,-39.248466,-33.766865,-39.347168,-44.726025,-45.779,-47.62674,-49.03501,-49.16567,-51.79064,-53.004765,-53.70986,-56.546703,-58.71821,-60.596077,-59.115158,-62.7195,-65.980896,-68.62509
3136,False,-28.43636,-28.08203,-28.78674,-30.133018,-31.955793,-33.641884,-37.479797,-33.38319,-34.161266,-38.034317,-39.836987,-38.300835,-39.086956,-34.36321,-44.128532,-42.740196,-44.78428,-46.64348,-48.551132,-49.010033,-51.909714,-51.467022,-53.03537,-54.121777,-56.339756,-57.556664,-59.682823,-60.184586,-61.289677,-66.047775,-68.07092,-69.706795
3168,False,-27.722185,-30.133688,-26.511919,-31.625523,-35.89022,-35.85536,-38.85802,-37.883633,-39.561363,-42.357536,-41.55205,-39.845062,-40.420994,-38.847115,-39.5837,-41.946583,-43.522995,-47.04171,-49.19873,-50.78067,-52.604034,-52.22695,-52.22939,-55.39746,-55.508125,-57.426453,-60.096203,-63.79049,-64.86841,-65.939285,-69.568794,-69.35113
3200,False,-24.042236,-26.715162,-28.820581,-32.247955,-35.590237,-39.325146,-39.88911,-39.750282,-39.6867,-43.316414,-42.044086,-43.044376,-39.17228,-38.542446,-39.655716,-44.489002,-46.173225,-47.203564,-47.466743,-49.30105,-51.328728,-51.434513,-53.647743,-56.03417,-55.513386,-57.248615,-60.525787,-62.910843,-64.419174,-66.24154,-68.64894,-70.7695
3232,False,-24.295065,-26.050787,-26.29253,-30.978912,-33.902122,-32.454628,-36.86501,-36.583755,-39.62123,-42.1304,-43.116535,-41.635624,-41.65477,-42.273426,-42.532387,-46.05464,-46.32804,-48.47059,-49.5249,-49.949608,-49.736908,-50.299286,-52.917706,-56.98548,-59.15551,-60.128956,-60.443657,-61.337048,-64.187256,-65.486115,-67.98575,-70.356735
3264,False,-24.587563,-29.287819,-27.751926,-32.67954,-35.060673,-34.270226,-37.863262,-35.836227,-36.380035,-43.534576,-40.92451,-40.36255,-39.437717,-40.812893,-41.54915,-43.28808,-44.883392,-47.923626,-46.348877,-49.88184,-50.37995,-50.55493,-54.288033,-55.83078,-56.87835,-57.947865,-60.392174,-62.620476,-64.77228,-67.57721,-69.833595,-70.94814
3296,False,-23.046345,-28.199383,-25.570862,-27.534328,-34.70163,-35.19023,-37.870285,-36.69832,-40.7333,-41.185158,-47.091248,-46.616013,-41.66182,-41.446037,-41.918488,-42.377377,-43.67247,-49.048443,-50.198143,-50.661922,-50.9273,-50.94594,-54.048115,-55.73229,-56.53859,-58.801826,-59.766205,-60.44695,-64.483635,-67.46625,-67.960594,-69.96989
3328,False,-23.98329,-26.94345,-28.467007,-31.14786,-34.633453,-33.870617,-36.23796,-39.116245,-41.594925,-42.529522,-42.83754,-44.918346,-42.315598,-42.590603,-43.152996,-44.42906,-46.65753,-47.004585,-48.68714,-51.496414,-52.044044,-52.47475,-54.50064,-54.963776,-57.330887,-58.109623,-59.683033,-60.5821,-62.257656,-65.11792,-68.52647,-69.81882
3360,False,-22.365517,-24.962004,-30.222778,-36.533943,-32.477974,-31.233644,-37.74272,-40.40164,-37.707474,-40.560375,-40.048546,-41.739365,-45.160137,-45.10256,-43.012386,-44.36061,-46.451996,-49.23938,-51.92928,-53.465073,-51.030014,-51.7687,-54.73564,-54.538197,-56.492622,-57.990463,-58.702682,-59.39549,-64.35657,-65.38229,-67.56417,-69.92334
3392,False,-25.47491,-22.804167,-25.381853,-31.302353,-33.662327,-38.939728,-40.102467,-40.388596,-36.272255,-39.601597,-43.835278,-39.187386,-42.793995,-43.884354,-42.414146,-44.497826,-47.41127,-49.475132,-46.73164,-49.093098,-49.74669,-50.7477,-54.466476,-55.73581,-55.545197,-58.11074,-59.109703,-58.230682,-63.412823,-66.965164,-68.80685,-70.89381
3424,False,-21.227688,-27.152195,-28.745537,-33.206917,-31.065271,-33.764843,-41.166935,-37.179825,-35.45498,-38.488167,-43.685112,-42.541542,-41.027412,-40.86397,-42.894394,-43.886112,-47.998985,-49.258575,-47.302853,-50.67926,-51.584015,-52.41295,-53.13818,-55.0954,-55.469738,-58.543533,-59.085945,-60.521454,-63.93747,-67.559425,-68.080505,-69.43803
3456,False,-22.96967,-31.24596,-28.47044,-32.01301,-29.640606,-32.51675,-40.356792,-39.68921,-42.054794,-39.875957,-40.911064,-41.156822,-40.811867,-41.96217,-42.16541,-43.69439,-45.270306,-48.039253,-48.681377,-51.14978,-52.439148,-52.172775,-53.85187,-53.695965,-54.953163,-57.87044,-59.187088,-60.19621,-64.79439,-66.68471,-68.5076,-69.044174
3488,False,-21.784735,-27.745525,-28.313747,-31.52341,-31.500801,-38.081944,-40.79302,-37.221558,-38.058582,-42.386086,-40.66563,-37.966793,-43.924274,-44.66529,-42.970806,-44.55941,-46.002106,-45.845314,-47.406136,-50.809254,-50.594383,-48.53867,-53.324913,-54.557884,-54.171032,-56.660965,-58.608833,-61.08008,-64.34466,-65.09107,-68.36685,-70.81014
3520,False,-26.742762,-27.59783,-25.56393,-31.042788,-34.503654,-34.987194,-36.79664,-41.044548,-38.199276,-43.01818,-44.44741,-42.921707,-43.975594,-44.67112,-41.35655,-44.313957,-44.312515,-44.405823,-48.71063,-50.95985,-52.028107,-50.78255,-54.944794,-56.36848,-56.09219,-57.40795,-60.25241,-60.286694,-64.42298,-66.18451,-69.62425,-70.18031
3552,False,-24.73758,-30.006573,-32.311382,-31.417768,-33.07735,-39.033443,-38.00644,-37.93729,-36.951496,-40.802074,-44.901344,-41.51289,-39.61644,-46.83603,-43.719997,-43.929985,-48.22107,-47.14781,-48.511864,-51.083584,-50.85356,-51.375538,-52.419304,-55.085224,-55.366745,-58.699856,-59.65628,-59.596733,-63.70198,-65.79578,-67.11797,-69.97652
3584,False,-25.674091,-27.327032,-29.789413,-31.992065,-32.393574,-35.99028,-39.195374,-39.036957,-33.92622,-37.24983,-43.980824,-39.056355,-38.821266,-44.341103,-41.00626,-44.021942,-47.21787,-48.333546,-49.491394,-50.938423,-50.37386,-52.065693,-52.097897,-54.52301,-54.166534,-57.002014,-59.238083,-60.05282,-62.698624,-66.107765,-68.836845,-70.35449
3616,False,-27.606842,-26.052969,-28.973434,-27.797256,-32.673275,-33.12678,-30.457096,-29.415876,-32.26374,-37.873898,-35.62372,-29.329777,-29.230879,-28.69471,-29.009586,-26.297379,-28.124428,-31.936481,-38.1099,-43.545322,-37.883614,-37.634212,-36.373142,-38.92661,-36.204895,-34.539448,-37.499653,-31.614,-25.978588,-26.23863,-31.261492,-31.548767
3648,False,-24.238634,-25.863474,-26.798021,-24.588594,-26.51981,-26.651089,-26.991856,-22.814377,-28.233547,-36.401714,-29.527409,-26.182472,-26.163504,-22.864315,-25.289639,-22.226402,-25.964956,-28.79367,-30.628868,-36.03236,-31.1972,-29.30548,-30.155794,-31.884052,-29.699017,-27.225994,-31.246702,-27.761995,-21.480167,-22.277029,-26.527359,-26.878931
3680,False,-26.490953,-28.803423,-27.986145,-29.927734,-30.476854,-34.1128,-35.61335,-29.541052,-33.971474,-39.3631,-35.82752,-35.223873,-33.63848,-32.26207,-33.379063,-33.60374,-35.116257,-39.725548,-41.75244,-47.43801,-44.070724,-41.941025,-44.321712,-45.602337,-43.989174,-38.349907,-38.413166,-39.092648,-35.798706,-36.098225,-42.047905,-45.354748
3712,False,-24.242556,-27.93552,-26.222755,-28.59802,-30.443962,-36.696297,-38.210297,-34.210144,-33.933758,-37.37052,-40.395393,-37.2765,-38.607063,-40.444183,-39.006516,-37.22399,-40.124546,-41.066826,-43.051838,-47.811768,-46.96627,-45.594593,-47.533493,-49.037903,-48.217598,-41.675827,-42.430134,-44.03157,-39.23121,-40.80811,-46.466537,-49.914154
3744,False,-24.449623,-27.003952,-29.425755,-31.184599,-32.40735,-35.221134,-36.65386,-37.97758,-36.494854,-39.064705,-41.982437,-41.961063,-37.14029,-36.524986,-39.65699,-39.921844,-43.85536,-46.777973,-45.503998,-49.313526,-48.3274,-47.65068,-49.641975,-50.262455,-49.924217,-46.23752,-46.13977,-49.018253,-45.35288,-45.80686,-51.703735,-55.27466
3776,False,-23.302221,-27.246708,-26.096231,-30.911251,-33.48981,-36.37557,-40.72027,-37.757996,-36.81749,-37.83365,-38.15335,-41.853325,-41.808357,-38.95707,-43.25817,-45.270523,-47.540092,-46.189457,-46.482235,-47.737125,-49.484447,-47.633,-48.853645,-50.92789,-53.67618,-50.4409,-51.366806,-51.17927,-47.495743,-49.370216,-57.35149,-60.78625
3808,False,-24.889853,-27.153416,-25.01704,-28.727076,-33.79489,-38.38966,-38.044975,-37.35846,-38.42241,-39.115597,-41.25418,-40.384125,-42.220367,-44.288403,-42.07981,-41.78852,-46.46221,-49.035774,-47.704224,-48.722557,-48.706245,-49.16398,-51.730618,-52.069046,-55.41413,-55.57023,-54.174324,-54.449406,-50.294724,-52.05967,-59.362152,-62.33136
3840,False,-22.710855,-24.458626,-26.675793,-30.447147,-33.935658,-37.7516,-38.311317,-38.367172,-41.483536,-45.22059,-44.00816,-43.33667,-42.077362,-41.14182,-41.04258,-42.549538,-43.357548,-45.665703,-47.079082,-50.984035,-51.948704,-51.961285,-53.43702,-56.67955,-56.638836,-56.0091,-54.86477,-55.492115,-57.166603,-59.14659,-63.278847,-66.86221
3872,False,-25.801834,-26.204283,-27.72912,-32.307224,-34.845154,-35.44903,-36.896538,-37.609684,-34.84993,-38.676086,-41.917934,-42.37416,-41.72753,-40.933174,-39.08975,-43.524147,-46.908844,-47.92767,-48.811447,-51.135376,-53.26178,-51.75962,-53.296646,-54.333763,-55.833416,-56.179794,-58.73196,-58.94232,-59.93607,-62.014694,-66.17181,-68.14589
3904,False,-23.050396,-24.035858,-27.566631,-29.737131,-32.631786,-35.822926,-39.194572,-35.47046,-36.439854,-39.98243,-42.516502,-41.909252,-40.226627,-40.926136,-38.395878,-43.123203,-47.756622,-48.920746,-50.842594,-51.021255,-51.323334,-50.13292,-53.183044,-54.96612,-56.867615,-58.759674,-60.197758,-61.29071,-61.970768,-64.30205,-68.19279,-69.21943
3936,False,-25.396578,-28.229437,-28.869087,-30.880583,-30.088196,-35.17957,-36.520714,-37.114845,-37.125114,-39.283302,-42.722244,-40.277916,-42.49817,-39.37249,-38.991398,-43.207035,-43.470055,-46.72462,-49.60121,-50.6579,-51.619553,-50.83323,-53.872055,-55.04124,-55.40462,-58.607117,-60.13241,-60.615154,-62.052284,-64.518845,-67.11718,-69.541046
3968,False,-25.326002,-29.988192,-32.301067,-30.659828,-33.987686,-36.144318,-39.829308,-43.03302,-39.418842,-41.978474,-40.625614,-40.23224,-37.79287,-40.732033,-42.655186,-44.536423,-46.251663,-45.106293,-47.88027,-49.52425,-50.55695,-51.541298,-53.783615,-54.306034,-54.323803,-57.741913,-59.325813,-62.040993,-62.258793,-65.49563,-68.003204,-71.05754
4000,False,-24.112902,-31.26791,-28.61228,-31.412907,-35.772785,-32.794247,-37.44033,-37.499966,-36.48722,-43.389935,-42.46912,-42.679104,-42.168243,-46.318512,-47.195034,-46.03874,-45.756573,-46.924202,-45.273434,-49.871796,-50.990112,-51.687065,-55.423584,-54.512894,-56.011463,-57.483765,-59.65677,-61.563915,-63.369366,-66.76532,-67.60928,-68.90136
4032,False,-27.58868,-25.760624,-23.327183,-26.030876,-32.68896,-35.100044,-40.27147,-40.550507,-39.85197,-38.36308,-39.81976,-39.970863,-38.944466,-43.07796,-39.214672,-42.79394,-46.87887,-45.433792,-47.323666,-52.630085,-50.444126,-50.25074,-52.67448,-54.955097,-56.11255,-58.55149,-59.05124,-59.63011,-62.93346,-65.0481,-67.785835,-69.22374
4064,False,-27.12943,-28.426401,-34.901485,-36.048176,-31.940863,-33.520103,-35.35439,-37.070965,-34.76503,-39.655193,-43.214756,-42.303658,-44.540657,-45.26142,-43.47283,-44.994804,-43.77973,-45.469887,-49.11843,-51.981697,-50.99295,-51.61854,-53.174557,-54.38898,-56.686333,-57.533997,-59.38827,-61.576923,-63.5276,-65.924164,-68.308846,-71.00749
4096,False,-24.96874,-25.64112,-31.2494,-33.43887,-32.51437,-32.70478,-34.482533,-40.216503,-37.653,-41.065956,-42.67271,-41.38351,-42.8505,-43.13923,-43.098984,-46.246162,-47.99331,-50.999596,-47.530598,-50.471863,-52.523224,-53.12532,-53.8191,-52.513718,-55.709526,-59.62543,-58.325066,-58.74233,-64.0247,-67.46805,-70.092735,-69.579575
4128,False,-21.465912,-21.871988,-26.899244,-28.803684,-33.375946,-31.766489,-38.806126,-42.783882,-39.430504,-41.542603,-41.013607,-40.967392,-40.867653,-41.311836,-40.575356,-41.596428,-45.23555,-48.770782,-49.757114,-50.876495,-50.319183,-49.917812,-53.256687,-53.69306,-56.10164,-57.53721,-59.15918,-60.957306,-64.19409,-65.00197,-69.1496,-71.08601
4160,False,-24.587837,-27.252018,-25.206968,-27.154415,-29.510324,-33.9746,-32.912212,-30.230368,-33.782787,-41.665783,-37.300728,-32.703896,-32.81775,-35.483192,-34.703106,-32.59858,-36.190002,-40.29902,-46.04319,-48.832466,-48.39572,-49.474304,-47.599403,-51.989838,-58.122307,-56.735874,-56.643833,-59.41942,-57.451,-59.1587,-62.53131,-65.39357
4192,False,-24.306477,-26.307413,-25.734337,-26.660862,-27.842665,-29.005196,-33.27061,-25.559559,-28.809498,-37.18245,-30.113876,-30.612438,-31.57964,-32.71242,-33.909805,-30.003958,-35.92716,-41.069885,-41.330208,-45.25444,-45.44822,-45.849285,-46.57902,-51.960835,-53.26488,-53.54851,-55.546272,-58.439793,-53.880314,-56.933426,-61.23828,-64.13196
4224,False,-25.2984,-26.962091,-22.674759,-28.99545,-29.42769,-30.563023,-39.73093,-31.044518,-34.435623,-40.364384,-36.585583,-35.324482,-35.092003,-36.871513,-40.819397,-40.315453,-44.54374,-44.209213,-46.484337,-50.374683,-51.11422,-51.2641,-54.15545,-55.25119,-55.41651,-56.640762,-58.619766,-62.203785,-62.69835,-64.602425,-68.09435,-68.46032
4256,False,-22.024502,-26.255962,-29.116919,-28.536177,-29.106121,-33.424057,-36.968307,-36.049587,-37.276035,-45.87967,-42.686996,-40.43374,-39.14307,-41.046707,-41.58268,-40.844494,-42.26273,-47.084408,-48.504616,-51.02099,-49.946423,-50.155453,-53.168034,-54.508736,-56.29848,-57.709408,-59.812897,-60.861786,-62.496204,-66.86135,-68.72836,-69.92547
4288,False,-22.380476,-25.702677,-28.554623,-31.11969,-33.87997,-35.926567,-38.325607,-39.900043,-41.196423,-42.167503,-42.22799,-41.205208,-37.79847,-41.196465,-41.501465,-42.670906,-45.532986,-47.821236,-49.021805,-51.514275,-52.568356,-52.16179,-51.13006,-52.495655,-53.733704,-56.740704,-59.678886,-62.902985,-64.05286,-67.31277,-68.62172,-70.47381
4320,False,-22.823841,-24.181059,-28.25672,-32.11205,-35.35846,-36.304535,-38.713585,-39.140938,-37.513287,-37.86918,-40.83019,-42.160496,-38.208187,-42.54152,-40.9517,-45.237175,-46.562813,-46.279,-47.69697,-51.665695,-48.896156,-50.622307,-52.67716,-55.622528,-54.485474,-59.70571,-60.191654,-60.47837,-63.2966,-65.17595,-70.32878,-70.40271
4352,False,-22.238066,-28.273737,-30.8795,-32.062405,-28.706154,-30.591295,-34.84257,-38.521515,-38.983707,-41.907417,-41.92058,-44.154774,-41.50086,-43.733067,-40.175556,-44.323486,-47.700134,-46.557888,-47.73888,-53.17509,-51.354904,-49.62395,-50.93026,-53.143154,-56.03341,-59.13392,-58.859123,-59.221146,-64.26639,-65.90839,-68.89057,-70.00261
4384,False,-24.502832,-29.863293,-28.749401,-35.515797,-32.209095,-33.15376,-38.927814,-38.175087,-38.15719,-43.44223,-46.59987,-47.14075,-42.584442,-41.653904,-42.25299,-42.399208,-46.139587,-50.407066,-47.126396,-49.692253,-48.628902,-50.167274,-53.113285,-52.58627,-55.27955,-58.10217,-58.46781,-61.826027,-63.89353,-65.617485,-67.5572,-68.876045
4416,False,-22.084272,-26.545856,-25.256798,-31.401434,-32.29448,-33.87307,-35.989845,-37.180412,-38.743126,-38.7292,-40.803368,-46.9717,-41.600533,-42.624306,-43.619957,-42.3354,-44.17442,-47.279125,-47.176903,-50.845722,-51.355812,-48.547623,-52.546097,-54.154373,-57.394676,-59.31035,-58.325165,-59.264366,-63.17661,-63.95512,-67.25806,-69.11643
4448,False,-25.918943,-27.683933,-26.148235,-34.541164,-32.54197,-35.13847,-37.901844,-34.803356,-36.99357,-40.65674,-41.464714,-41.962387,-41.222588,-37.650505,-40.05912,-44.206802,-48.32881,-48.81801,-51.53358,-51.076912,-51.475243,-52.209373,-55.41291,-53.967865,-54.178505,-57.75597,-59.526447,-60.585106,-64.36639,-65.55108,-67.18293,-68.99113
4480,False,-23.966742,-28.285532,-30.348246,-32.554825,-32.648502,-34.466778,-38.31134,-37.12662,-36.76246,-42.19348,-41.23087,-41.43821,-43.160606,-39.958454,-42.979733,-42.512924,-45.383068,-48.036766,-49.080357,-53.658413,-51.245773,-49.23858,-53.312496,-55.316467,-54.815983,-58.08964,-59.74689,-60.647453,-64.440186,-66.86529,-68.54254,-70.20049
4512,False,-28.333633,-27.346249,-27.824764,-31.440727,-33.29708,-37.737305,-36.452698,-38.236877,-36.15879,-39.272762,-38.093834,-40.08894,-40.49509,-43.14858,-40.02323,-45.802094,-48.13027,-48.44349,-50.704697,-51.460587,-51.41977,-50.38523,-51.637306,-54.460392,-54.722855,-58.007236,-60.383743,-59.975323,-62.29227,-66.33609,-68.769684,-70.66763
4544,False,-23.991377,-27.911549,-31.355324,-29.285713,-32.42886,-34.6522,-34.097122,-36.634144,-34.45706,-41.288113,-43.48127,-42.238804,-40.85117,-40.534916,-41.506275,-45.062286,-49.119743,-47.65478,-48.854164,-49.405373,-50.202827,-53.007233,-53.538292,-56.23519,-56.33322,-59.520294,-59.700775,-61.3615,-62.251953,-66.15056,-69.39876,-71.075905
4576,False,-22.038843,-26.288738,-30.353699,-32.37806,-32.521244,-36.18791,-35.43615,-37.90891,-39.595474,-40.81982,-40.7131,-38.31911,-42.4551,-41.286705,-42.802437,-45.734077,-46.64993,-49.481045,-47.74998,-47.826313,-50.307713,-51.37496,-52.121964,-55.163536,-55.46187,-55.990784,-59.11786,-60.23088,-64.89848,-66.125916,-68.37787,-70.275116
4608,False,-24.726841,-28.029406,-27.05982,-29.994688,-32.477245,-35.0219,-40.158268,-40.648537,-42.349777,-39.292244,-42.36816,-39.95055,-39.791523,-46.360374,-44.57516,-45.133247,-46.597195,-47.949913,-46.177437,-48.969845,-49.71499,-51.05125,-55.43739,-54.167625,-54.51496,-58.400932,-57.770046,-60.544735,-63.769283,-66.14254,-68.77795,-70.520775
4640,False,-21.726105,-26.979874,-26.476213,-31.378399,-33.268017,-37.29587,-37.432384,-38.56254,-41.85121,-42.162,-42.726234,-41.897896,-41.509266,-41.54425,-41.77025,-43.641933,-45.70845,-46.495174,-48.683834,-51.115227,-51.663113,-49.95598,-51.410378,-55.71934,-57.066536,-57.34995,-59.523598,-60.84928,-63.877525,-66.64621,-68.986496,-70.24841
4672,False,-21.64749,-26.967274,-27.509153,-27.53267,-32.61583,-37.220654,-35.959423,-36.03334,-38.266804,-40.60943,-41.771183,-40.894962,-40.155315,-44.92882,-40.08548,-44.395218,-48.572258,-46.615784,-47.35723,-51.801598,-49.1085,-52.364227,-54.623123,-55.68152,-58.24283,-59.09779,-59.154415,-62.03783,-63.751945,-65.97374,-67.85569,-68.762054
4704,False,-23.927479,-27.888,-25.560682,-29.901009,-34.390987,-33.05719,-34.122265,-34.350914,-34.927353,-40.52454,-37.875416,-34.715916,-33.22292,-32.74968,-32.284676,-30.254902,-31.977484,-36.057377,-42.581543,-46.77423,-42.82972,-42.61344,-41.25801,-44.332207,-41.206432,-39.940025,-42.980858,-36.37077,-30.822706,-30.622723,-36.625374,-37.53117
4736,False,-29.905386,-28.98756,-26.807713,-25.940683,-27.189777,-27.230265,-26.470798,-22.605104,-28.07297,-33.155304,-27.234507,-25.08276,-25.213856,-21.911194,-23.424864,-20.291893,-23.783152,-26.490385,-29.20746,-35.135143,-30.18677,-28.403797,-28.521843,-30.842667,-28.086246,-25.835657,-30.424114,-26.434738,-19.658043,-20.05344,-25.262774,-25.640776
4768,False,-22.328297,-28.903416,-34.605488,-29.730436,-30.238342,-33.31643,-38.66359,-31.780836,-35.189995,-37.77576,-38.964363,-35.83243,-32.286217,-32.079712,-34.85316,-32.793087,-35.934986,-42.064255,-40.098595,-44.145134,-43.589676,-41.117058,-42.803265,-45.7603,-42.910194,-38.74888,-39.379906,-39.155228,-35.35298,-35.863613,-41.172318,-43.93348
4800,False,-21.951084,-27.539427,-28.784216,-32.321274,-33.263477,-36.62312,-35.581947,-32.638973,-36.296917,-38.970745,-36.87191,-36.99452,-37.132267,-40.17478,-40.579308,-38.8628,-40.628403,-44.64817,-44.683186,-48.16795,-46.38376,-44.692505,-45.575996,-48.419323,-48.043434,-41.196632,-42.17241,-43.720264,-38.777775,-40.17311,-45.206924,-49.010803
4832,False,-24.022217,-25.923777,-26.11621,-29.72451,-32.802444,-35.06044,-36.32233,-34.55032,-32.971428,-36.674774,-38.319244,-37.277565,-36.327435,-40.320717,-43.54237,-40.764626,-43.889275,-44.902145,-44.243507,-49.95171,-48.779396,-47.36115,-49.830215,-49.520954,-49.079174,-46.32507,-47.605785,-49.021355,-44.14864,-44.564365,-50.47081,-54.771408
4864,False,-27.635633,-32.09598,-29.798918,-31.240887,-34.29988,-32.14393,-35.47283,-40.14414,-41.9904,-39.904896,-42.882385,-43.201614,-38.457867,-40.206276,-41.31973,-43.573517,-46.0599,-47.2628,-46.240746,-51.792114,-50.50676,-49.64138,-51.623272,-53.087006,-53.490326,-50.405956,-50.569324,-50.55816,-47.74429,-48.92169,-56.548645,-59.522827
4896,False,-21.982197,-27.551968,-26.154268,-30.399517,-30.836346,-35.53951,-42.215744,-39.19507,-34.94163,-38.46564,-41.548573,-44.785503,-42.495956,-44.03073,-42.73893,-43.327957,-46.804005,-47.924545,-46.873848,-48.97213,-52.8336,-51.070923,-50.89108,-52.637638,-54.512764,-54.093243,-54.466213,-55.722828,-49.119717,-51.11999,-59.018993,-61.981247
4928,False,-29.497461,-28.842113,-26.578957,-33.18641,-33.59138,-36.487736,-36.12335,-38.520393,-36.823154,-36.085503,-40.566208,-42.616367,-43.5556,-44.84928,-43.216103,-43.26335,-43.680313,-50.075188,-49.327244,-48.00575,-49.572887,-51.754707,-53.599342,-53.32039,-55.487694,-56.291813,-56.10697,-56.881634,-54.77339,-57.843147,-63.96678,-65.36945
4960,False,-28.462517,-31.12609,-30.589535,-33.30341,-31.530949,-33.54789,-37.092415,-37.847824,-40.146107,-44.59167,-41.927853,-44.094387,-44.468086,-45.964085,-42.77639,-45.881214,-47.86093,-48.110806,-48.380985,-48.490646,-50.500355,-50.572304,-53.518135,-54.602795,-55.404934,-56.26795,-57.329742,-59.910526,-59.43638,-60.819572,-64.69373,-67.328125
4992,False,-24.541035,-26.350737,-35.424107,-35.10788,-35.29507,-34.47246,-37.887383,-39.35562,-42.4068,-45.200188,-39.89667,-39.90129,-45.56931,-43.309917,-43.620697,-45.09781,-46.157906,-46.970406,-48.240032,-48.394135,-47.90327,-50.600784,-54.08767,-54.57409,-57.058407,-58.94196,-60.919434,-59.49753,-61.20179,-63.814026,-68.6962,-69.680725
5024,False,-22.154886,-26.288166,-29.477423,-29.839094,-33.529617,-37.540363,-39.41811,-39.01557,-40.660576,-41.3262,-41.1676,-44.3607,-41.945415,-47.992203,-42.80161,-45.488503,-46.482197,-44.719334,-45.376152,-51.071213,-51.63231,-50.417484,-54.350376,-56.86415,-55.71675,-58.03286,-61.648502,-61.80571,-61.16765,-63.079025,-67.68595,-70.0543
5056,False,-23.44406,-27.4999,-30.004814,-27.357866,-30.651604,-36.217495,-38.38114,-38.461678,-38.35172,-41.5166,-43.555714,-43.24396,-41.78929,-44.07534,-41.0395,-45.306126,-43.386215,-44.09178,-48.105186,-49.94871,-50.93656,-49.763176,-54.294716,-57.097847,-55.810555,-54.978653,-58.935047,-60.428513,-62.8775,-65.7919,-69.52025,-69.25018
5088,False,-21.827389,-24.301785,-28.052696,-29.863232,-32.725212,-36.896976,-36.915184,-38.07341,-37.48759,-38.875484,-39.39673,-40.06704,-42.550945,-42.613926,-43.665375,-43.107887,-45.917286,-49.63883,-49.76645,-48.18963,-50.01974,-50.73496,-51.803284,-54.98989,-57.832027,-57.78049,-58.275867,-60.260258,-64.42044,-66.480095,-68.38805,-68.96645
5120,False,-23.869667,-30.113853,-30.200077,-33.4649,-30.68745,-33.922096,-38.231514,-35.716194,-35.291885,-38.856728,-41.60624,-41.007595,-43.61622,-43.607742,-42.834427,-44.822594,-47.123856,-49.129333,-50.457207,-50.109753,-52.186134,-51.568913,-52.3167,-55.479504,-56.08654,-56.769352,-58.787727,-60.442753,-62.887287,-65.82932,-68.06692,-70.22796
5152,False,-23.45318,-26.05778,-31.76284,-29.254269,-34.423405,-39.56781,-39.210327,-37.66694,-41.165928,-38.399986,-42.63259,-39.20254,-40.51081,-41.496433,-41.5802,-46.931824,-47.73385,-47.54352,-47.02587,-50.735477,-51.924862,-49.727028,-54.332993,-56.79379,-56.376778,-57.024696,-59.055023,-59.232887,-63.427185,-65.80749,-69.02655,-71.01702
5184,False,-23.466509,-31.168472,-29.472427,-34.061886,-35.109856,-33.147854,-36.08034,-38.279804,-37.064667,-41.093895,-43.36834,-40.51551,-42.00398,-43.753227,-41.3113,-43.70703,-43.615532,-46.536156,-49.663616,-51.12829,-51.355232,-51.938606,-56.380238,-56.074135,-57.173992,-57.210804,-60.335003,-61.456703,-64.99872,-65.721115,-67.94709,-70.50816
5216,False,-23.262367,-30.328411,-25.697405,-31.063023,-32.02503,-34.033108,-37.962437,-39.38586,-37.22587,-40.90153,-39.180656,-43.14643,-43.750767,-44.302692,-42.13626,-43.508957,-46.47263,-49.10185,-48.825867,-49.504627,-51.086277,-49.256863,-54.459286,-55.946236,-55.88864,-57.881012,-59.96843,-60.567413,-63.95767,-67.720726,-69.98902,-70.139305
5248,False,-24.234798,-24.071651,-27.45782,-27.89255,-31.05216,-31.427525,-33.36874,-30.809044,-32.189392,-41.708164,-34.713634,-32.00611,-32.23557,-35.589924,-34.701294,-32.78364,-36.484093,-41.947372,-45.991104,-48.305046,-47.460728,-47.80661,-47.625984,-51.77005,-54.61795,-55.377617,-56.23537,-60.13695,-58.26174,-60.47432,-63.033417,-65.857506
5280,False,-26.651604,-24.009544,-24.035292,-27.329998,-28.981249,-29.075811,-32.754242,-27.033894,-30.494387,-37.79003,-30.188663,-30.41513,-31.076662,-31.852465,-33.877216,-30.144089,-36.370667,-41.74231,-42.60189,-45.381428,-44.058613,-45.57314,-47.443993,-52.095055,-52.435356,-54.4899,-56.54196,-57.65618,-54.264236,-57.45979,-61.418415,-63.811867
5312,False,-25.041475,-26.105278,-27.635038,-27.826206,-30.474659,-34.16541,-36.175392,-36.585167,-38.132637,-39.203564,-36.07143,-37.10938,-37.411274,-35.910908,-41.255333,-40.041748,-41.034348,-46.6855,-47.46105,-50.18238,-51.97382,-51.007835,-53.556557,-55.024902,-55.338932,-57.266773,-58.920918,-61.249596,-62.93119,-64.39805,-66.24032,-69.06706
5344,False,-25.035322,-27.837305,-27.620914,-33.736923,-37.68398,-37.0145,-36.61872,-36.043205,-37.661907,-37.54806,-39.416286,-44.370045,-39.764717,-38.309216,-40.53617,-41.689476,-44.510887,-44.819504,-46.243786,-50.080788,-49.9498,-49.70559,-52.119976,-55.934456,-56.8267,-56.984375,-58.281937,-59.610218,-63.160225,-66.22284,-68.72589,-71.12449
5376,False,-24.993105,-26.484488,-27.822445,-33.219944,-30.845823,-35.285316,-37.74736,-35.593414,-36.219147,-40.855232,-37.21004,-41.65088,-39.349907,-40.580177,-43.390217,-44.030533,-44.67356,-49.10541,-49.006943,-51.0714,-49.427734,-50.169453,-54.0278,-55.544037,-57.281654,-58.883533,-60.817345,-59.896946,-63.17891,-66.09697,-68.356125,-70.11056
5408,False,-26.39879,-28.971937,-26.129047,-32.02964,-33.77469,-37.09252,-42.295322,-42.860237,-40.94764,-39.818455,-43.097084,-44.82723,-43.53968,-43.378254,-44.497536,-45.873432,-45.916157,-50.06964,-50.73446,-53.910717,-52.43673,-50.449944,-52.7562,-55.245743,-55.637764,-57.560707,-60.64362,-61.265007,-63.956276,-67.16029,-68.98406,-69.99794
5440,False,-25.153828,-30.994564,-31.034283,-33.413918,-29.365437,-31.18364,-35.866447,-37.697502,-33.584656,-37.74932,-38.388893,-40.745613,-39.081696,-41.868114,-44.867443,-45.720364,-45.08988,-45.997414,-49.495316,-48.570564,-52.09462,-50.382927,-51.868855,-55.30491,-56.104427,-58.11791,-57.148243,-59.82837,-61.963634,-64.32426,-67.05432,-69.69983
5472,False,-22.037638,-26.246984,-29.54012,-31.463676,-31.998505,-34.18682,-38.10312,-42.962868,-37.044846,-36.822018,-40.562424,-41.655006,-41.501194,-43.853268,-42.643356,-44.088837,-45.526318,-48.698105,-48.751774,-49.241173,-48.709312,-49.916157,-51.885185,-56.947018,-56.541824,-58.039627,-60.76759,-61.52451,-62.295033,-65.38486,-67.49282,-68.64581
5504,False,-25.261728,-31.28032,-29.535265,-32.72026,-37.505375,-36.633564,-37.821926,-38.947952,-34.011627,-38.481426,-41.65458,-42.367416,-39.39836,-42.24916,-46.897984,-46.23241,-44.51939,-46.431732,-49.246025,-49.506096,-47.742577,-50.247765,-52.617157,-56.23995,-55.430878,-55.865578,-58.251896,-57.31015,-63.345573,-65.24846,-67.5554,-68.35394
5536,False,-30.515802,-27.26941,-30.43583,-33.087017,-35.64175,-34.225582,-40.740032,-40.479187,-37.579727,-40.149876,-38.64209,-39.540936,-41.877552,-42.06508,-40.295135,-41.59624,-46.514526,-48.29438,-50.463753,-52.10813,-51.30653,-50.658127,-53.87733,-54.457954,-54.586033,-57.843708,-58.23574,-58.386135,-64.15669,-66.72738,-68.041824,-70.41999
5568,False,-27.79929,-29.312685,-26.374977,-31.711124,-36.519733,-35.871346,-38.451256,-38.377518,-34.92119,-41.76678,-41.47969,-40.3527,-42.0768,-42.77399,-44.919228,-43.164402,-44.893913,-48.533607,-47.73883,-50.238274,-48.678078,-53.098297,-55.571037,-54.592216,-56.169205,-58.384674,-60.35807,-60.88108,-63.777763,-68.616936,-69.308075,-69.85192
5600,False,-23.580769,-24.363445,-25.757921,-32.230324,-31.255455,-35.28627,-38.241764,-37.933014,-37.849586,-39.451073,-43.891834,-38.062138,-41.61495,-44.39613,-42.557594,-42.940884,-42.96456,-47.65992,-49.795578,-50.532433,-50.027122,-50.168606,-52.71083,-54.05297,-55.1973,-59.968678,-59.11445,-59.959503,-63.623272,-65.674355,-68.910095,-71.52813
5632,False,-23.165009,-29.57424,-24.941166,-29.914875,-29.254982,-32.351627,-36.513905,-37.89558,-38.19964,-41.990402,-44.14957,-43.090366,-42.86798,-43.441833,-43.77192,-44.049286,-47.741703,-48.284103,-47.257072,-51.080936,-49.761,-50.361115,-54.52408,-53.571182,-55.969666,-58.20381,-59.420773,-61.344963,-62.923985,-66.12458,-68.02062,-69.98374
5664,False,-21.400143,-31.10797,-26.768036,-31.969545,-32.38256,-33.365215,-35.03557,-36.978886,-34.52347,-43.88741,-45.34778,-42.23961,-39.02857,-40.67719,-43.02543,-43.570107,-46.609467,-46.98649,-46.738773,-50.08384,-50.186802,-51.066597,-52.60036,-54.946236,-58.36332,-56.95837,-58.466343,-58.449333,-63.398506,-66.64053,-69.16062,-70.39573
5696,False,-21.687065,-29.757349,-30.183472,-33.879837,-31.6786,-35.59578,-41.929054,-38.985146,-37.78784,-39.423904,-45.01839,-40.98347,-43.202343,-43.262615,-41.96297,-43.375687,-46.1193,-46.648636,-47.721664,-50.50343,-49.263878,-50.915794,-53.062397,-54.708015,-55.721855,-57.00714,-58.22841,-59.382305,-64.66008,-64.924835,-68.27848,-69.93435
5728,False,-24.526428,-26.465508,-28.40336,-32.27319,-32.93099,-38.17681,-40.54932,-37.011658,-35.677258,-39.09529,-40.496025,-40.371647,-41.272243,-45.73359,-43.54387,-45.326458,-48.81597,-52.19648,-49.364098,-49.71196,-47.973343,-49.73276,-53.23178,-56.338085,-56.85636,-57.424423,-59.642624,-61.29377,-63.421513,-67.04101,-68.999115,-70.82242
5760,False,-24.831276,-26.194496,-27.867708,-29.33786,-36.338913,-35.329777,-37.69317,-38.58664,-39.16182,-38.944973,-39.01063,-40.5574,-40.744595,-41.52688,-45.253952,-44.424324,-46.371933,-46.75888,-48.32075,-53.92969,-52.389984,-51.865086,-52.76854,-54.59384,-56.42973,-58.320904,-60.02316,-61.225395,-65.14084,-65.285,-68.71715,-70.52803
5792,False,-27.277077,-27.99494,-27.898752,-29.545204,-31.321869,-32.308254,-33.392864,-32.419594,-32.12318,-37.59446,-37.261837,-33.540577,-31.55753,-31.827724,-31.848066,-29.020634,-31.047611,-35.052208,-41.484886,-45.81673,-41.33903,-41.218533,-39.825436,-43.58249,-39.550995,-38.00679,-41.851288,-35.288956,-29.477041,-30.32158,-34.62301,-36.359306
5824,False,-24.28312,-27.450838,-27.315252,-23.030003,-26.033823,-27.22155,-25.86428,-21.948166,-26.950916,-33.911842,-27.61449,-25.348728,-24.784678,-22.265,-24.010096,-20.627222,-24.317783,-26.672285,-29.360569,-35.366493,-30.162666,-28.530863,-28.703539,-31.27781,-28.007658,-25.71122,-30.87407,-26.872854,-19.647621,-20.442692,-25.17038,-28.257591
5856,False,-23.654337,-27.77271,-28.824059,-26.656815,-27.990396,-29.99397,-33.633076,-31.82346,-35.85787,-38.44506,-37.46101,-35.656914,-32.38415,-33.95744,-35.49004,-32.65295,-35.82929,-40.48034,-43.038208,-44.94088,-40.671387,-39.55341,-43.304935,-46.24079,-43.0275,-38.402477,-39.238472,-39.46176,-35.239117,-35.773487,-42.25088,-44.419525
5888,False,-22.477879,-26.301056,-28.394619,-29.809721,-29.858591,-33.51015,-38.68589,-33.35798,-34.608105,-41.510983,-44.695107,-42.319,-39.99085,-39.97487,-40.50206,-37.332527,-40.518795,-43.242104,-43.379063,-47.74028,-45.30001,-45.138412,-46.197227,-48.65254,-48.32336,-41.43894,-42.07084,-43.459587,-39.15953,-40.225197,-45.23809,-48.290344
5920,False,-23.757862,-28.508514,-26.2628,-27.992594,-31.867146,-33.73475,-35.909164,-37.594875,-36.64483,-43.103848,-39.838875,-39.634712,-37.7718,-39.807438,-41.338085,-39.691284,-43.335297,-45.38749,-47.13201,-50.01719,-47.688515,-45.39836,-48.1363,-50.70507,-49.52892,-45.845562,-46.62905,-48.96913,-44.77883,-44.708626,-50.214024,-55.11456
5952,False,-19.832703,-26.153168,-30.245237,-33.096497,-32.61727,-31.26209,-35.258606,-36.174274,-36.956806,-39.344566,-46.22608,-47.33033,-47.915833,-41.703102,-39.65081,-43.224663,-44.120106,-45.062008,-45.933872,-51.21615,-49.862724,-48.2336,-51.270145,-53.427814,-52.520565,-50.508896,-50.550438,-49.993126,-48.094536,-48.94877,-56.854355,-59.148346
5984,False,-22.65577,-26.639904,-25.480305,-30.76841,-33.82761,-34.482605,-38.446587,-38.18177,-38.224934,-39.646553,-43.278427,-44.43079,-39.81269,-42.07395,-41.876427,-46.168358,-42.41661,-46.543194,-47.38945,-48.760372,-49.008003,-51.42834,-50.43084,-51.78058,-53.108215,-52.356487,-53.470917,-54.3469,-50.04741,-51.297016,-59.14719,-61.17939
6016,False,-21.909437,-27.128902,-25.706854,-30.078556,-32.672485,-38.408882,-41.932228,-39.841072,-37.2232,-41.449738,-41.717266,-42.548927,-43.77408,-41.872887,-44.25863,-44.802193,-44.965736,-46.541077,-48.17157,-50.964035,-52.869144,-52.394463,-52.847168,-54.644257,-54.748577,-54.69917,-57.473522,-58.46333,-56.62661,-58.427513,-62.22378,-65.778824
6048,False,-23.055992,-29.95144,-26.22444,-31.198044,-31.12529,-36.060257,-41.977005,-42.089767,-42.951393,-44.81781,-43.66323,-42.12935,-42.020073,-40.71005,-43.158474,-45.051403,-46.13251,-48.2078,-48.675583,-51.010834,-49.429688,-51.083397,-53.153587,-53.626095,-54.906776,-57.62345,-57.332146,-59.220295,-58.713642,-61.147636,-65.287,-68.596054
6080,False,-21.32571,-25.815865,-27.822054,-29.19628,-33.186024,-33.770718,-36.988342,-39.4039,-36.28408,-41.057934,-41.982666,-39.256176,-43.582615,-44.530388,-41.743988,-42.9579,-46.061447,-48.255047,-48.661606,-50.181267,-51.67688,-52.112255,-52.326317,-53.6257,-54.354168,-56.912148,-57.639736,-60.730354,-60.582138,-63.44099,-68.47012,-71.06474
6112,False,-22.53106,-28.15098,-28.253632,-31.48439,-33.42838,-33.792778,-37.929108,-36.434116,-37.225506,-39.053444,-41.77043,-37.758972,-44.29506,-44.786926,-45.493336,-44.95241,-46.76649,-48.0516,-48.983627,-48.547863,-51.094765,-53.448517,-54.090157,-53.49909,-54.2144,-57.21142,-60.18829,-59.64767,-62.98123,-65.38639,-68.966545,-71.33917
6144,False,-22.90401,-26.390816,-30.478573,-33.252148,-29.356518,-31.57794,-37.51556,-38.22967,-37.90809,-41.465782,-43.875397,-40.74583,-43.451668,-42.869415,-40.935806,-44.205708,-46.825542,-50.140152,-47.361267,-48.57136,-49.434593,-52.44512,-54.178616,-57.156143,-56.365963,-57.997303,-59.554058,-60.62172,-63.615307,-66.63179,-67.761375,-69.80179
6176,False,-19.968912,-27.871046,-26.109846,-32.092968,-35.24867,-35.836147,-37.244797,-36.527294,-37.381233,-41.6475,-40.223732,-40.865932,-43.168568,-45.028385,-45.12583,-47.60885,-46.169273,-47.366444,-48.62762,-50.09891,-49.71032,-51.40606,-53.33922,-54.526787,-57.703743,-58.000988,-61.278008,-62.641365,-65.026695,-65.843346,-68.30986,-69.128494
6208,False,-24.945,-26.738024,-26.854689,-30.480774,-37.86552,-32.39372,-37.043167,-40.815434,-40.007095,-42.128006,-39.97025,-43.6484,-44.524483,-43.474583,-44.27286,-45.672802,-46.850643,-46.635986,-47.841476,-50.803318,-51.078506,-51.26556,-52.02883,-53.367332,-57.374786,-59.655212,-60.386726,-61.61875,-63.073044,-66.42212,-68.033295,-70.73887
6240,False,-25.600729,-27.29874,-22.342949,-27.172249,-33.290203,-31.778929,-39.063725,-39.00845,-36.228455,-41.489483,-44.692516,-38.914726,-42.076263,-44.876575,-42.94132,-43.435207,-47.05208,-48.064575,-50.253277,-49.7735,-50.934517,-50.661537,-52.350357,-53.680492,-54.797226,-57.78513,-58.389877,-61.389168,-65.455536,-66.82917,-70.307976,-71.394936
6272,False,-20.306932,-30.680353,-30.291739,-34.129196,-32.009113,-37.497265,-38.770775,-42.787605,-38.183445,-39.792633,-42.549343,-41.695564,-43.110954,-46.168907,-44.643578,-44.665565,-44.981953,-46.38559,-49.624287,-50.89351,-50.835762,-51.043755,-52.975494,-54.29748,-54.76574,-58.11291,-59.4269,-58.905315,-62.170708,-66.97162,-69.24305,-69.648254
6304,False,-21.980835,-26.880135,-26.84716,-31.764727,-33.30504,-35.322014,-39.10341,-37.67397,-32.831085,-38.356255,-40.402946,-42.46677,-41.92762,-43.95254,-41.698895,-45.01707,-45.872444,-46.664295,-48.76181,-48.12612,-50.647224,-50.816277,-50.794342,-55.402893,-55.370102,-56.315952,-58.203655,-60.210815,-64.8348,-66.46367,-68.83346,-70.57291
6336,False,-24.706825,-29.163246,-27.479103,-31.751478,-28.887737,-32.870148,-35.777554,-33.08819,-33.257538,-39.266506,-38.60693,-33.17295,-33.887764,-36.875965,-36.205563,-34.177597,-37.050446,-42.395065,-45.901646,-49.10981,-50.054886,-50.757668,-51.16859,-53.31303,-53.751064,-57.79178,-59.216305,-60.938534,-59.388115,-61.282562,-66.38784,-66.8864
6368,False,-22.625864,-27.291042,-28.992594,-31.06743,-26.98008,-28.96376,-30.767239,-25.898417,-30.447866,-34.116096,-28.518993,-28.57092,-28.808426,-29.765072,-32.627186,-29.330923,-34.925488,-39.605835,-41.261536,-47.290535,-45.457245,-45.92269,-46.57116,-52.315937,-52.731064,-53.85664,-56.010937,-56.786327,-52.80348,-55.75293,-61.941223,-62.97644
6400,False,-27.12986,-28.65821,-25.101227,-27.637987,-32.137543,-32.609364,-40.210663,-33.02338,-34.756836,-39.895664,-40.61853,-39.488426,-34.447773,-40.80894,-41.808617,-40.047935,-44.499622,-45.04943,-45.789738,-49.626354,-51.23169,-50.283886,-53.212708,-56.055374,-56.225388,-58.178486,-59.331116,-60.693756,-64.719,-66.27588,-68.58543,-68.53946
6432,False,-19.75824,-22.15318,-25.270336,-29.52193,-32.15071,-36.971786,-38.73094,-34.748463,-37.441254,-42.08166,-43.49189,-39.42145,-40.380043,-40.77556,-42.205044,-43.7384,-44.79586,-45.673996,-48.377575,-48.899574,-51.621048,-50.151314,-53.920082,-54.64309,-55.41178,-56.83564,-57.93053,-59.265102,-64.323784,-66.84112,-68.57679,-70.62449
6464,False,-21.600542,-29.686394,-31.11145,-29.41629,-33.42709,-38.640034,-35.838863,-38.743065,-38.496967,-39.1267,-44.31926,-41.122566,-41.718082,-41.14159,-42.986557,-44.601685,-46.67393,-46.90587,-48.895203,-48.734974,-50.30396,-52.01952,-54.185158,-55.59477,-56.78946,-57.836185,-60.87819,-62.877575,-65.47832,-66.75028,-68.561775,-70.60477
6496,False,-23.767168,-25.934956,-30.37888,-29.17472,-32.402195,-36.40651,-38.997925,-37.80518,-38.138496,-39.67137,-38.22037,-42.001236,-41.898903,-42.209534,-41.91051,-45.937134,-46.636932,-49.216045,-52.08764,-51.839275,-51.34484,-52.939438,-54.512337,-54.17267,-54.745823,-57.962727,-60.367363,-61.971798,-63.76583,-66.4811,-68.07373,-69.22502
6528,False,-22.726696,-29.075233,-27.85009,-29.125202,-32.109116,-34.652332,-38.415543,-43.453705,-35.439075,-38.758904,-42.570656,-40.59122,-40.53994,-42.33104,-41.680874,-45.62632,-46.90994,-45.782906,-49.946857,-50.951736,-52.57156,-53.19813,-54.008183,-56.26265,-57.300945,-57.905598,-60.71865,-60.16934,-64.39316,-67.33244,-69.9864,-70.53115
6560,False,-24.653984,-27.401535,-24.414824,-32.36947,-34.465626,-34.180565,-36.07093,-39.065544,-38.558792,-40.306824,-40.64109,-41.832687,-39.8369,-45.57978,-41.482883,-40.916866,-43.704144,-45.085278,-50.211205,-51.820053,-50.52851,-52.183784,-54.960613,-56.23859,-57.226757,-58.02713,-60.005817,-60.743256,-62.83945,-67.02613,-68.217445,-69.14519
6592,False,-25.73387,-26.75667,-25.124063,-29.59299,-35.532356,-35.088245,-38.755104,-38.826157,-38.8843,-41.225033,-46.53672,-42.8408,-39.613052,-42.221676,-41.795532,-44.856983,-46.34806,-45.84861,-47.828392,-50.49513,-51.64265,-50.271233,-53.239166,-56.117897,-54.54434,-57.913063,-60.178833,-59.84611,-64.99711,-66.98561,-69.305855,-69.645035
6624,False,-21.806091,-25.469084,-24.40713,-32.95465,-34.353138,-38.38923,-37.436153,-34.880516,-40.391647,-40.914726,-42.434086,-42.037792,-39.664406,-43.23855,-44.860836,-48.4683,-46.43122,-48.89606,-49.023777,-49.54157,-49.24495,-50.02136,-52.08548,-53.565804,-55.99691,-57.562943,-60.24572,-59.817547,-61.563248,-65.425354,-69.314804,-70.149
6656,False,-23.455027,-26.959274,-30.849897,-33.553253,-33.967026,-34.74932,-37.784416,-38.11567,-38.078697,-39.182114,-39.990902,-37.6919,-42.79606,-42.36331,-42.145382,-43.613132,-45.54508,-45.248253,-48.104214,-51.57047,-50.158993,-49.52473,-51.553196,-54.219414,-55.156845,-57.631012,-58.065792,-62.687233,-62.329098,-65.73302,-68.758,-69.33489
6688,False,-21.145512,-27.956478,-26.368216,-32.91466,-37.765182,-38.42813,-39.15416,-35.174244,-34.81849,-40.45189,-41.939713,-40.0495,-43.64482,-42.918934,-43.139595,-45.570377,-49.699745,-44.838722,-46.693768,-52.086464,-52.63304,-50.71922,-54.100246,-55.13247,-53.414158,-55.531982,-58.990288,-61.806725,-65.52711,-67.816025,-68.78083,-69.49751
6720,False,-25.501644,-29.868263,-28.163805,-29.221289,-32.883118,-36.16731,-35.112137,-36.350197,-34.85684,-40.510983,-39.04147,-41.332054,-43.008457,-44.247375,-40.72081,-43.542915,-45.13572,-47.640717,-48.40516,-51.662106,-50.79422,-51.68759,-52.403683,-53.86731,-54.538605,-57.3613,-58.747887,-61.01322,-65.59999,-67.01829,-70.014824,-70.4032
6752,False,-23.32513,-26.867302,-30.475441,-28.819279,-31.455576,-34.725166,-37.572834,-40.87552,-37.068546,-37.690285,-39.10626,-41.356472,-42.788765,-47.015156,-40.93335,-40.28009,-45.305878,-48.846745,-48.355995,-51.6571,-52.283295,-53.873245,-54.181572,-54.484333,-56.127113,-58.44446,-58.43815,-59.8375,-62.26595,-65.89817,-68.92335,-68.346115
6784,False,-18.340885,-25.494068,-29.942167,-32.189995,-34.153076,-35.777573,-36.819855,-37.875515,-33.17218,-39.666756,-45.798904,-43.967422,-42.306335,-46.403408,-41.0194,-43.730984,-43.704548,-45.144608,-48.933277,-49.077965,-49.679756,-53.075443,-56.215992,-55.28939,-55.644817,-57.339844,-60.309795,-61.632645,-67.010254,-67.31427,-69.974236,-71.24863
6816,False,-25.501808,-30.711227,-25.757908,-27.28202,-32.987576,-35.950874,-37.254906,-40.636444,-38.008842,-39.151924,-39.230984,-43.19779,-42.110504,-42.88113,-45.12619,-43.018845,-45.286846,-48.98017,-47.508835,-50.930195,-49.098434,-50.5307,-54.93792,-55.962738,-55.016575,-57.756542,-61.075382,-61.774727,-64.334694,-65.830505,-69.32747,-70.36462
6848,False,-24.13534,-29.424456,-27.805185,-30.799473,-31.864105,-35.21223,-37.593853,-42.268234,-36.63066,-40.73868,-43.50491,-40.58884,-42.48316,-41.626396,-40.951267,-43.623158,-46.329975,-48.14781,-49.832058,-50.14289,-50.461914,-52.294964,-54.285835,-55.660088,-57.865883,-58.355736,-59.733845,-61.730656,-64.1719,-66.10518,-69.00765,-70.60956
6880,False,-23.856792,-27.286196,-28.537617,-29.367393,-33.237633,-37.044693,-33.139423,-30.988163,-33.061935,-36.743664,-35.533043,-31.641724,-31.074102,-30.821096,-30.156458,-27.83216,-29.715824,-33.3436,-40.006863,-45.37915,-39.96036,-39.96207,-38.90017,-41.63973,-37.738262,-36.699432,-39.442947,-33.574837,-27.598629,-28.870106,-33.49752,-34.74174
6912,False,-24.321165,-30.288048,-26.337807,-25.892431,-29.613071,-26.781502,-26.212936,-22.764313,-28.00245,-32.362846,-26.443008,-25.321121,-25.754707,-22.078442,-24.156994,-21.111801,-24.768799,-27.16874,-30.203297,-35.36072,-30.494972,-28.414011,-29.506943,-31.219137,-28.46303,-26.287445,-30.100737,-26.20717,-19.820574,-21.094847,-25.905912,-28.261673
6944,False,-24.388878,-30.619656,-28.330805,-27.244673,-29.389307,-30.483128,-33.51394,-31.587276,-36.492638,-39.02044,-36.18746,-34.36571,-31.923618,-32.76212,-35.43847,-32.100426,-35.01958,-39.93188,-40.790337,-46.099377,-43.725773,-40.26718,-44.804977,-46.343666,-43.637234,-38.765427,-38.990707,-39.08727,-35.44336,-36.416077,-43.705353,-45.00605
6976,False,-24.567556,-27.219604,-27.899103,-30.891998,-34.65626,-36.575653,-36.52674,-32.74245,-32.766396,-39.60828,-40.699387,-40.418415,-39.752567,-40.788807,-40.33678,-37.23412,-38.301052,-41.665913,-44.638744,-48.50798,-46.05355,-44.987778,-46.49845,-48.14148,-48.997803,-42.131737,-42.767776,-43.875465,-39.18165,-40.80652,-46.42496,-48.484825
7008,False,-23.839865,-28.060604,-26.894114,-28.582783,-36.15115,-36.99501,-36.629066,-34.679234,-37.729683,-42.592766,-43.149406,-41.685482,-41.868763,-42.324863,-44.439796,-43.17104,-43.729057,-44.462387,-49.101395,-48.470325,-45.34556,-46.547413,-49.21905,-49.526398,-49.25083,-46.94764,-46.00792,-48.12996,-44.379875,-45.297417,-51.82753,-55.272217
7040,False,-24.924585,-26.448908,-29.949242,-31.450733,-31.65181,-34.422153,-37.328117,-39.918823,-37.523304,-36.39907,-39.774136,-39.45968,-39.106773,-44.360672,-42.55064,-44.51653,-45.041748,-45.81551,-46.186203,-47.965435,-48.909756,-48.370346,-49.96494,-53.38832,-52.628723,-49.867893,-50.580658,-50.337124,-47.194553,-49.042377,-57.800045,-59.577007
7072,False,-24.33667,-27.875368,-30.218338,-33.03319,-34.26701,-36.633457,-43.069206,-38.314404,-38.452293,-40.974403,-39.341537,-40.404137,-42.490192,-43.44929,-41.40938,-42.29515,-40.736214,-46.328873,-45.492367,-48.719326,-49.977726,-53.9341,-53.892693,-53.89944,-54.096863,-53.444687,-54.56131,-55.47374,-49.696217,-51.91565,-59.884346,-61.938854
7104,False,-23.91047,-31.836052,-27.215307,-29.678259,-36.73979,-36.219906,-39.81938,-38.09767,-36.77305,-45.413265,-42.44593,-43.25029,-41.03637,-44.305855,-42.492523,-46.153847,-45.12129,-46.1347,-46.60594,-49.528885,-49.42471,-48.424423,-51.34716,-54.190006,-55.841007,-55.186085,-56.862404,-57.869373,-56.70584,-59.56505,-63.075947,-65.13377
7136,False,-22.595587,-24.943674,-25.427616,-31.627777,-33.147297,-39.995655,-34.57659,-38.392223,-39.927113,-40.94179,-39.214912,-44.48261,-43.799583,-44.08909,-43.487534,-47.977642,-45.923176,-49.08889,-49.42654,-50.91079,-51.488136,-51.09832,-52.124424,-53.00267,-55.88392,-56.245823,-56.839237,-58.53703,-58.430923,-60.47055,-65.76656,-68.07249
7168,False,-24.361576,-27.599714,-27.939875,-32.189857,-36.012123,-34.38909,-39.072014,-39.05792,-37.556404,-38.00746,-43.228844,-46.612392,-43.446144,-43.567,-44.73593,-45.518005,-45.18335,-45.187077,-47.73651,-50.07256,-52.124516,-49.76412,-53.469013,-56.688316,-58.97074,-58.45036,-59.144188,-59.798317,-61.24469,-63.580914,-67.71186,-69.67876
7200,False,-23.525154,-30.144884,-29.348429,-33.292408,-36.53227,-39.146496,-36.248837,-40.698284,-38.803516,-42.216515,-41.559746,-42.70037,-44.47248,-43.683094,-44.1987,-44.989746,-44.872993,-47.472992,-48.457546,-51.544823,-50.159096,-54.568016,-54.145836,-54.958435,-55.268726,-57.769264,-60.327904,-60.625122,-62.267002,-62.882507,-67.447174,-69.16671
7232,False,-23.308678,-28.112648,-27.264832,-33.083576,-34.905823,-34.75888,-35.85354,-37.787495,-33.463604,-39.131424,-42.858524,-43.153667,-41.202133,-43.056526,-42.403202,-45.627647,-46.128048,-49.397583,-49.99675,-51.318085,-51.012043,-51.71338,-53.252033,-53.44461,-56.446804,-58.766117,-61.342384,-59.450954,-63.50546,-66.48169,-67.718,-70.80128
7264,False,-25.964106,-27.80449,-29.760735,-33.30081,-36.049408,-35.61393,-37.710354,-42.47965,-36.877197,-40.899815,-41.467724,-45.636345,-42.541733,-45.899918,-45.803284,-46.85872,-45.62188,-45.99379,-48.03309,-50.73175,-49.052864,-50.28715,-53.225666,-54.65152,-54.94245,-56.492268,-58.526703,-59.087997,-63.049656,-65.03835,-68.48527,-69.97159
7296,False,-24.06842,-24.891983,-25.791046,-31.468956,-34.012253,-33.348488,-35.984245,-36.762367,-37.68477,-39.164597,-41.427303,-40.357643,-42.560432,-41.049706,-43.17551,-46.413902,-47.6671,-47.24891,-47.709892,-48.99023,-51.57867,-52.718063,-53.182262,-54.985115,-55.746674,-56.093285,-58.1389,-60.770866,-64.22568,-65.58145,-67.668335,-68.64906
7328,False,-26.900589,-27.337408,-26.085247,-30.118048,-29.76921,-34.06272,-39.62196,-36.555565,-38.13718,-41.31918,-44.812477,-40.918907,-41.98237,-41.70587,-41.03749,-44.91694,-49.349007,-49.9391,-49.661476,-51.002663,-53.46407,-51.40833,-51.952385,-54.198917,-54.82704,-57.33473,-59.05049,-60.459854,-61.63147,-65.11146,-67.79219,-69.96977
7360,False,-23.739925,-28.852707,-28.02319,-30.193537,-35.206886,-35.380135,-38.591343,-38.282112,-38.880836,-39.871407,-42.404793,-40.389954,-41.294846,-43.258728,-41.50918,-44.823376,-46.89,-48.022064,-48.632973,-48.909153,-51.695267,-52.755707,-52.08159,-56.465473,-56.942192,-56.555294,-59.046295,-59.483704,-64.39255,-65.72913,-67.296844,-69.66369
7392,False,-21.658646,-23.254787,-30.721056,-29.970776,-37.94085,-31.143673,-34.75995,-41.02334,-41.176643,-38.954987,-38.779,-40.233685,-42.009907,-43.70008,-42.006653,-44.59411,-47.24057,-50.009796,-49.779823,-49.99675,-49.469227,-50.602646,-53.134174,-56.209446,-55.383827,-60.48822,-60.348694,-60.104145,-63.64463,-65.5023,-69.46445,-70.00163
7424,False,-26.959148,-27.260834,-25.518219,-32.39281,-37.026257,-36.362648,-39.00557,-35.73334,-37.67574,-41.484245,-40.38185,-39.049225,-38.239483,-40.288662,-39.597374,-39.077854,-41.98961,-45.217163,-47.037178,-48.920395,-51.01407,-51.386,-53.390686,-56.126934,-56.089394,-57.97373,-59.5005,-60.37272,-61.906242,-63.835884,-67.308975,-69.06378
7456,False,-25.606499,-27.858246,-28.753597,-29.042866,-27.706665,-29.34319,-30.985672,-23.428299,-27.71507,-34.5624,-29.192787,-28.340586,-27.491129,-30.426352,-31.871399,-28.166382,-32.88552,-36.885857,-39.351173,-43.097683,-43.686996,-45.38902,-43.73886,-49.435623,-52.14041,-54.095478,-55.951557,-57.0588,-52.60714,-55.136383,-59.070465,-61.31901
7488,False,-23.487246,-26.086542,-25.431288,-28.668058,-33.6818,-31.954832,-36.388916,-33.253006,-35.693417,-40.05555,-38.23273,-36.66487,-34.629826,-37.02746,-39.089943,-37.970707,-42.216114,-45.72363,-46.241913,-48.580948,-49.52494,-50.928116,-52.80799,-54.042034,-54.909943,-56.71527,-57.412468,-60.98675,-62.65469,-65.08643,-66.555855,-70.47738
7520,False,-26.558247,-27.762432,-26.265911,-30.027454,-31.579777,-32.699074,-39.51829,-33.417282,-36.165585,-40.487656,-40.430595,-40.318867,-40.139946,-41.62621,-45.368305,-44.514404,-45.683434,-46.79836,-47.004734,-49.09536,-50.784794,-49.493484,-50.719913,-55.525127,-56.231674,-59.076508,-58.420296,-60.485306,-62.170494,-65.48282,-68.4987,-68.09263
7552,False,-23.628933,-27.663528,-28.6208,-29.637108,-31.992844,-34.422195,-38.235764,-36.328247,-39.02459,-40.673775,-42.482162,-42.292934,-40.39864,-42.97104,-42.27478,-41.18733,-43.943077,-45.079346,-46.06011,-50.286507,-50.277534,-52.43256,-52.893837,-55.940662,-58.27888,-57.79844,-60.713306,-62.29708,-63.538895,-65.19496,-66.60972,-69.02026
7584,False,-27.481323,-28.366432,-25.387028,-31.197607,-35.339935,-33.67561,-38.0422,-39.60038,-38.51445,-39.20685,-42.737152,-40.96029,-41.013702,-42.529655,-44.25495,-46.237312,-45.205364,-47.329224,-50.716988,-50.598064,-51.23573,-50.666584,-53.886658,-55.63557,-56.188145,-57.927917,-59.73793,-60.42527,-62.795544,-65.389565,-67.89293,-69.740036
7616,False,-21.411812,-28.124659,-29.24429,-29.510763,-32.2034,-33.236435,-37.189865,-40.077087,-37.042,-39.379696,-42.517815,-43.27449,-42.36156,-42.4245,-43.07137,-44.37155,-45.913284,-45.935616,-48.44644,-50.288345,-50.726387,-50.055748,-53.81179,-55.080788,-53.95205,-58.13185,-58.293365,-60.74318,-64.44728,-65.49219,-68.221985,-69.44033
7648,False,-23.41771,-25.08526,-26.948698,-31.042622,-35.647354,-36.51218,-38.560577,-36.47142,-34.06313,-38.385845,-41.18012,-42.42991,-41.079144,-45.571957,-41.726566,-43.908752,-47.660984,-47.744553,-47.667652,-52.317017,-52.091866,-52.005653,-53.402847,-57.08454,-56.102707,-57.835762,-59.09178,-59.792046,-61.442455,-65.68203,-67.34226,-70.03986
7680,False,-25.585443,-26.656116,-27.718777,-31.720713,-36.565063,-42.01944,-41.43142,-35.641647,-35.49263,-47.481136,-42.90283,-39.058937,-42.76932,-44.989967,-44.22988,-42.49521,-45.515713,-48.314663,-46.723408,-48.279327,-50.668846,-50.605484,-53.398838,-54.741173,-56.682926,-58.37993,-60.54332,-61.088478,-63.272987,-64.042015,-68.164276,-70.13625
7712,False,-22.930237,-27.096903,-28.707035,-34.597862,-36.662582,-33.839737,-36.561195,-39.184097,-35.94974,-40.405445,-42.530777,-40.5748,-42.206123,-42.895084,-44.847656,-43.603268,-45.040443,-47.60462,-47.686546,-50.830193,-50.05102,-50.859467,-55.530296,-58.94877,-58.621143,-58.833195,-58.615055,-58.65322,-64.02133,-66.30342,-68.96367,-68.879425
7744,False,-22.484667,-21.435587,-26.412535,-31.839388,-31.69938,-33.35416,-33.841785,-37.261112,-35.71788,-38.51061,-43.055424,-45.411728,-42.35895,-44.18373,-44.978897,-43.657745,-46.728027,-48.70053,-50.113846,-50.21295,-52.552357,-54.34252,-56.31179,-56.195618,-57.07535,-57.653355,-58.82393,-59.407814,-62.10995,-66.33929,-69.20121,-69.025345
7776,False,-24.864689,-26.077682,-30.554893,-30.480656,-30.865108,-39.30258,-36.95148,-36.988884,-35.87899,-38.563988,-44.367767,-42.10795,-45.10025,-45.84323,-44.46121,-45.099373,-47.01395,-46.929802,-49.94629,-51.171112,-51.65908,-49.872345,-55.25011,-56.978874,-54.83616,-58.226303,-58.59505,-60.546906,-62.88487,-64.485565,-68.95461,-69.27889
7808,False,-22.472256,-23.814085,-24.506779,-27.346981,-35.276066,-36.111732,-39.5336,-38.1725,-36.613857,-39.91791,-39.74431,-39.379265,-41.523422,-43.728104,-40.85853,-42.464336,-45.670105,-45.520863,-48.968628,-49.0821,-51.148346,-51.71966,-54.050694,-54.520535,-55.367203,-58.611908,-57.9689,-59.36146,-63.281742,-65.212364,-68.51154,-69.863754
7840,False,-21.732931,-25.671066,-31.594604,-28.939297,-31.636452,-36.62551,-37.277218,-40.488316,-41.084805,-40.356678,-41.2363,-44.31854,-42.04664,-40.89253,-45.990658,-43.13667,-45.83584,-49.058193,-50.24143,-51.013443,-51.91304,-51.852432,-56.316338,-55.954037,-56.2706,-59.47251,-60.003456,-60.67475,-64.98687,-65.53859,-68.67614,-69.0557
7872,False,-22.37138,-26.811531,-25.1702,-29.920212,-34.291504,-37.737293,-36.12981,-38.01995,-39.10971,-41.7586,-42.04452,-43.417557,-44.384186,-43.450462,-46.209106,-45.189632,-46.339855,-46.716537,-47.36368,-50.06977,-51.805134,-50.804222,-54.075577,-55.735863,-55.732376,-56.66574,-59.098755,-59.81853,-63.45266,-65.551346,-68.50069,-69.04236
7904,False,-25.472244,-30.095558,-26.277735,-30.353306,-35.15576,-36.971813,-37.230015,-37.40065,-38.460773,-41.95813,-42.33947,-41.553093,-43.97945,-45.047077,-42.993935,-47.75434,-50.19902,-50.684303,-48.450317,-49.80999,-49.231472,-51.116913,-54.092278,-56.53016,-57.322697,-57.61513,-58.76886,-60.923553,-65.07165,-66.398,-68.479576,-69.28529
7936,False,-22.90054,-24.034779,-28.614199,-31.907549,-35.73295,-33.99792,-36.804173,-37.285732,-34.217113,-40.90347,-38.578056,-42.262527,-43.32796,-42.617268,-41.92873,-46.346542,-47.50525,-48.929802,-48.674564,-49.705715,-52.25917,-49.899258,-53.462547,-56.648483,-56.96215,-59.397923,-59.98312,-60.530796,-64.255974,-66.16269,-68.21785,-69.24234
7968,False,-21.372696,-29.286118,-28.709923,-33.27987,-34.059765,-36.20906,-34.24429,-33.161396,-37.70601,-38.950047,-39.38224,-34.017406,-34.40182,-34.228367,-34.230885,-32.070038,-33.47149,-37.32792,-43.257996,-47.37968,-44.255745,-43.718895,-42.62731,-46.218643,-42.584442,-42.02446,-43.55635,-38.57365,-32.324375,-32.897236,-39.32183,-41.727757
8000,False,-21.720783,-28.231754,-29.049158,-22.511654,-26.53877,-27.885263,-26.132175,-21.360344,-26.978758,-33.61812,-26.908272,-24.447794,-24.469511,-21.54785,-23.328173,-20.087881,-23.33879,-25.731676,-29.157667,-34.971306,-29.759785,-27.800026,-28.156109,-30.453224,-27.820303,-25.883482,-28.810503,-25.600874,-18.723877,-19.566023,-24.826843,-28.480618
8032,False,-23.328981,-28.28965,-28.565836,-27.447596,-28.743172,-30.47303,-33.19259,-29.887032,-34.665417,-38.73445,-36.45154,-35.55806,-31.297943,-33.10266,-36.181236,-31.350527,-35.449196,-39.646942,-41.00032,-46.064125,-43.86921,-39.021736,-43.365883,-46.62757,-42.370285,-39.01181,-38.557697,-38.88186,-35.049934,-36.306717,-41.650692,-43.05358
8064,False,-24.639202,-28.340147,-26.735325,-30.652885,-33.25141,-29.631498,-33.029312,-32.374405,-37.37796,-39.825832,-36.743942,-39.21628,-41.290077,-39.269173,-39.973297,-37.154804,-39.398865,-44.62406,-46.32228,-48.109077,-47.71374,-44.310528,-45.625298,-49.342094,-48.255844,-42.095512,-43.02009,-43.738235,-38.492218,-40.03994,-45.571754,-48.603382
8096,False,-23.082325,-27.177515,-27.735153,-30.530031,-32.109596,-33.444016,-38.052753,-38.981358,-37.005585,-40.287773,-41.563667,-39.700207,-40.664345,-41.497616,-39.424557,-39.03919,-43.324005,-43.712753,-45.42666,-49.92502,-46.771675,-44.2072,-48.92796,-50.626305,-50.185013,-46.478687,-46.641903,-49.46821,-42.995384,-44.07467,-50.48507,-54.71497
8128,False,-21.935442,-25.532673,-27.757614,-32.57502,-31.851765,-34.20818,-42.02837,-36.6251,-37.106453,-41.542328,-42.03596,-40.821625,-42.9064,-42.093624,-43.889725,-44.04474,-45.545544,-46.00911,-44.882164,-49.97034,-49.275055,-45.56109,-50.714348,-53.03811,-52.91574,-49.695663,-51.529255,-49.961033,-47.589996,-48.87501,-56.95278,-58.215183
8160,False,-27.993065,-24.833767,-26.910059,-33.081284,-38.786366,-35.21153,-37.892044,-35.79742,-38.94217,-39.516922,-40.653915,-43.620037,-42.380047,-43.88952,-40.843586,-40.633522,-44.849644,-44.94583,-47.457764,-49.04449,-48.8908,-48.51484,-51.01284,-54.61014,-56.40103,-53.2558,-52.69404,-53.229134,-49.673492,-52.09824,-60.468765,-62.51712
8192,False,-21.241562,-26.929749,-28.61254,-30.996536,-33.044426,-33.310333,-33.898735,-35.389984,-33.383385,-38.208424,-40.822796,-43.27333,-42.31511,-40.496693,-40.480453,-42.890694,-45.945503,-47.289124,-51.361206,-51.762615,-49.564453,-49.825344,-53.54004,-55.94923,-55.071762,-57.55238,-57.038235,-56.23672,-56.71933,-58.727604,-62.44742,-67.039276
8224,False,-23.185556,-28.62777,-27.944767,-31.65639,-35.202583,-33.25441,-35.69044,-39.99107,-39.118904,-43.1711,-43.965767,-43.934128,-45.926975,-41.847023,-39.333813,-43.785,-47.461243,-48.379936,-51.040565,-47.160915,-50.14855,-48.878326,-53.46775,-54.42896,-54.40709,-57.118744,-57.39082,-58.969254,-58.598167,-61.717903,-65.2799,-70.03608
8256,False,-25.957115,-28.44166,-28.260115,-30.206745,-32.72694,-33.011223,-36.300262,-36.598263,-36.657986,-40.413002,-39.287895,-41.57623,-44.699875,-44.810555,-42.330406,-45.525036,-44.4496,-46.90817,-48.59436,-51.745316,-52.520943,-52.659164,-53.908768,-55.08487,-54.101112,-57.006195,-57.468525,-58.455025,-59.671192,-62.954056,-67.53457,-69.54596
8288,False,-24.789173,-26.42293,-28.693626,-31.456036,-32.025246,-35.146564,-36.601246,-35.225594,-36.278606,-39.11087,-44.2614,-45.418087,-44.992657,-44.53003,-38.385242,-43.156418,-47.93385,-49.71482,-49.74024,-51.61393,-50.697826,-52.789246,-53.526882,-55.221962,-54.562054,-57.327187,-58.71209,-61.192783,-64.628006,-65.045586,-68.535835,-70.40051
8320,False,-23.872383,-25.606432,-28.676556,-32.2608,-35.813778,-34.9772,-43.38717,-40.33403,-39.282276,-40.24973,-37.402863,-41.337784,-42.939228,-43.636986,-43.053535,-44.641666,-49.36459,-51.376896,-47.21354,-49.61514,-51.212345,-52.64087,-52.485397,-53.897854,-56.26074,-58.160995,-58.725742,-60.260273,-64.97305,-65.35002,-68.45166,-70.65026
8352,False,-24.41452,-24.792465,-22.71165,-30.149767,-30.844124,-34.68303,-37.347237,-40.729847,-38.400723,-40.006824,-41.790943,-42.47694,-42.942425,-44.810715,-40.795288,-45.424454,-47.280308,-47.632835,-49.44667,-50.556065,-50.433342,-49.934464,-53.679657,-55.65947,-57.762905,-57.98755,-59.255905,-62.06657,-63.00797,-65.88787,-68.56381,-70.48964
8384,False,-24.527138,-31.664669,-24.538973,-31.436892,-30.097515,-33.377136,-35.48787,-40.110363,-38.551453,-39.496338,-39.148643,-41.042145,-42.523537,-45.613903,-42.656067,-47.637886,-45.78254,-46.924328,-49.264088,-51.358383,-50.50286,-51.03796,-53.80677,-55.520355,-55.86973,-57.75054,-61.116833,-61.07975,-64.34798,-65.99541,-69.25205,-70.6759
8416,False,-23.477135,-26.93731,-27.11325,-28.039997,-29.464691,-35.046543,-38.73887,-37.579914,-38.862747,-42.722885,-44.326168,-43.034935,-42.78902,-44.445515,-42.288097,-44.5979,-48.694466,-47.39689,-48.285446,-52.38077,-52.981167,-52.552647,-53.62742,-55.26154,-54.823624,-57.423054,-59.910408,-60.807297,-64.61134,-66.90392,-69.36251,-71.49499
8448,False,-23.78524,-26.604881,-28.04061,-27.84977,-33.256012,-37.70922,-38.12446,-37.235397,-38.885265,-38.971687,-40.12947,-40.292328,-41.38571,-42.27635,-41.5504,-46.637,-46.410736,-47.8186,-48.364235,-50.081886,-50.239212,-50.57341,-53.35297,-54.44826,-55.649754,-57.689003,-59.405384,-59.73175,-63.65509,-67.00503,-68.73858,-70.713936
8480,False,-24.275951,-28.22092,-31.756155,-33.881268,-39.04377,-39.652954,-39.951813,-37.54044,-37.427994,-40.61679,-41.55504,-44.15449,-41.192505,-43.68608,-42.479855,-47.264893,-47.646465,-48.112106,-48.564194,-52.128468,-53.74046,-53.302006,-53.87973,-56.07477,-57.641964,-59.49443,-59.8433,-61.286087,-63.29433,-66.43824,-68.811424,-68.51166
8512,False,-24.225256,-24.407644,-27.027424,-28.9776,-28.821404,-36.525303,-38.1558,-35.753708,-34.765568,-37.39828,-39.877724,-39.602886,-37.740463,-38.668068,-40.846844,-37.288677,-40.806576,-44.690758,-48.1004,-50.06056,-52.95822,-49.968735,-51.7589,-54.665276,-56.675705,-59.437046,-58.54999,-60.30775,-62.000233,-64.33091,-66.27248,-69.33217
8544,False,-23.846512,-27.744715,-26.297733,-27.274128,-27.016144,-28.396502,-30.557327,-24.153357,-29.166899,-32.985928,-28.285294,-28.929218,-28.39584,-30.229176,-31.882086,-28.200647,-33.710445,-37.855415,-38.93048,-44.64142,-42.929535,-44.3686,-44.907997,-50.052685,-50.714336,-53.582996,-55.238174,-56.956223,-51.488895,-54.833633,-58.421894,-62.43235
8576,False,-24.478819,-29.79137,-24.645357,-29.556667,-29.66278,-28.443905,-35.592712,-34.556797,-35.857212,-38.55262,-36.69322,-37.19719,-33.10885,-37.447243,-40.73201,-38.862213,-40.765766,-45.848866,-47.230057,-51.40364,-51.983063,-52.73213,-53.39628,-54.510628,-55.362545,-56.847748,-59.846577,-60.899166,-62.228752,-64.74988,-68.26147,-69.80371
8608,False,-27.184288,-29.711378,-31.484251,-30.110146,-30.406235,-33.10207,-37.632042,-35.925762,-36.176918,-39.1776,-39.132515,-37.25037,-39.043934,-37.07664,-41.694374,-42.4825,-46.48992,-45.165398,-44.23938,-51.64639,-53.53035,-52.277557,-54.393143,-57.27917,-56.324203,-58.81037,-59.925957,-62.242607,-63.695824,-66.00375,-69.28524,-69.62871
8640,False,-25.266151,-26.965332,-27.168346,-32.80687,-33.499485,-33.45429,-33.84024,-39.1428,-39.246265,-41.04975,-41.85572,-39.298817,-43.951996,-43.06603,-40.88801,-42.88799,-48.479656,-50.083412,-49.93567,-49.175037,-49.198307,-50.814102,-55.948685,-56.516045,-56.937138,-57.929955,-60.08734,-61.74061,-64.13646,-68.062454,-68.97271,-70.61212
8672,False,-21.546213,-27.937899,-26.440039,-32.038353,-34.59639,-33.268017,-34.641586,-42.503326,-40.407562,-41.15978,-44.71563,-42.22328,-42.95164,-46.008778,-45.610397,-46.04376,-46.67312,-44.37172,-46.213356,-51.93487,-50.93638,-50.017303,-54.580406,-55.51716,-57.889084,-58.516422,-59.357723,-60.41829,-63.021927,-66.611496,-68.145874,-69.45892
8704,False,-21.934998,-27.459242,-32.11893,-32.20874,-34.156624,-33.55581,-35.5375,-37.385674,-40.15776,-44.116703,-44.463467,-44.0604,-42.113556,-41.102623,-40.60123,-44.71971,-46.641087,-49.049892,-49.62628,-50.94896,-50.815815,-50.96238,-54.85254,-56.67331,-58.20978,-57.10838,-60.27694,-62.094566,-64.82262,-67.46796,-69.39111,-69.39825
8736,False,-27.459507,-24.367863,-25.720238,-31.911089,-33.31019,-37.49043,-37.373024,-38.417885,-40.322327,-43.72175,-43.843323,-39.64554,-40.207634,-43.71644,-43.321564,-45.146095,-48.042812,-46.245213,-47.938786,-49.742546,-51.44897,-51.74724,-54.56348,-54.75092,-55.968395,-58.17288,-57.6985,-60.111294,-64.0621,-65.51377,-68.86751,-69.57743
8768,False,-25.22039,-27.68164,-26.105774,-30.054731,-34.77402,-34.05327,-35.320507,-34.313263,-34.657143,-42.933865,-37.88674,-39.3842,-40.170715,-45.404266,-42.826782,-43.28615,-46.23569,-49.423523,-48.6743,-49.37971,-51.32999,-50.639275,-52.586983,-54.91995,-54.637352,-57.963833,-58.70417,-58.44366,-63.781223,-66.95243,-68.61158,-70.84186
8800,False,-23.628815,-25.731161,-30.599165,-36.04132,-31.0872,-35.054813,-40.382088,-39.20427,-38.88134,-42.65516,-42.387005,-41.429398,-42.580444,-43.97957,-43.79778,-43.49567,-45.857117,-48.34218,-50.951313,-51.798965,-52.19364,-51.274986,-53.187027,-56.770245,-57.077904,-57.639977,-57.438713,-59.512527,-61.95183,-65.45086,-67.82572,-68.55249
8832,False,-26.424564,-27.936817,-29.652594,-32.370373,-36.993786,-35.92325,-36.73691,-38.26942,-37.388096,-41.03216,-42.14431,-39.973686,-37.979633,-42.559616,-40.731445,-44.435013,-46.904163,-47.078247,-48.81905,-48.298683,-51.691204,-51.8332,-54.034256,-54.263935,-56.33249,-57.606018,-59.171238,-60.284264,-62.28708,-66.24671,-67.95569,-69.0203
8864,False,-25.348206,-28.804367,-26.08343,-30.105247,-35.629852,-37.378853,-39.89257,-37.93402,-35.082325,-37.52936,-41.600307,-40.449467,-42.469006,-43.03913,-40.643177,-44.061615,-47.602306,-51.032486,-50.450665,-51.208252,-52.3246,-52.49061,-55.152527,-55.708992,-57.298946,-58.75598,-59.705315,-61.813946,-63.432648,-67.005615,-68.35831,-70.18538
8896,False,-19.958822,-27.526236,-27.100597,-33.756165,-31.65966,-33.041527,-35.601456,-37.46234,-37.356308,-41.954155,-41.983242,-39.502007,-41.918545,-42.774525,-41.182552,-44.550594,-45.223648,-50.619766,-47.52449,-50.26336,-52.648438,-51.39687,-53.16664,-55.66248,-56.11527,-58.151558,-59.252563,-61.491257,-65.368065,-66.68112,-67.235016,-69.74161
8928,False,-24.90757,-26.776066,-27.472313,-34.5924,-35.40972,-33.916904,-37.243404,-40.548306,-35.69999,-36.168083,-42.917847,-38.238235,-38.441597,-43.759056,-41.309967,-43.135952,-44.50096,-45.78342,-52.58843,-52.18716,-51.302338,-51.75716,-54.391174,-57.5452,-55.404152,-57.056103,-58.91813,-60.7025,-64.34347,-67.37347,-68.43957,-70.47504
8960,False,-26.683702,-29.734201,-25.932087,-32.24772,-35.209,-34.817253,-34.402206,-36.003757,-34.203,-40.215263,-43.81642,-41.85245,-43.10878,-40.521202,-42.979706,-47.92392,-46.72999,-47.11548,-49.982986,-51.14895,-51.840668,-52.24096,-53.87341,-55.035767,-57.198555,-59.655243,-60.022274,-60.15661,-63.085648,-66.90124,-69.52036,-70.561775
8992,False,-23.152391,-28.219328,-26.176228,-27.718946,-30.400215,-35.130432,-37.55945,-37.129807,-33.22097,-36.795498,-39.64383,-39.659317,-42.74046,-46.603207,-41.17724,-44.165577,-44.677734,-48.40632,-51.43967,-51.387253,-48.808754,-49.897213,-53.959843,-54.6987,-56.0912,-58.36935,-60.83912,-61.870007,-64.90176,-65.58043,-69.24401,-70.29138
9024,False,-24.36611,-30.144388,-30.81275,-31.933916,-32.674515,-37.606285,-38.70981,-38.892414,-40.046265,-37.71341,-38.902134,-41.691956,-42.15338,-42.49445,-41.644554,-46.428963,-49.814053,-46.134266,-47.492775,-50.818794,-52.856773,-53.82933,-54.61615,-54.7778,-56.594704,-56.767544,-61.35109,-62.12517,-63.775078,-66.161125,-69.40182,-70.714615
9056,False,-22.831093,-28.03092,-27.491009,-32.366196,-32.76046,-33.432377,-35.958412,-35.77642,-42.09997,-41.35143,-43.223618,-44.589485,-44.80816,-45.72223,-42.42988,-45.941986,-47.056282,-46.831356,-49.415592,-52.17212,-53.03734,-52.05913,-52.968845,-54.131798,-56.44417,-58.30694,-58.442825,-59.75418,-63.438915,-67.0202,-68.64747,-70.34544
9088,False,-27.82026,-26.212166,-29.889238,-25.211027,-27.454288,-28.07589,-24.591389,-22.06437,-26.677923,-34.383366,-27.410969,-23.268566,-23.031084,-21.368713,-22.219706,-18.84322,-21.47664,-24.37525,-29.58601,-35.066544,-29.26167,-28.189678,-27.704567,-30.087868,-27.047445,-25.172338,-28.230822,-23.877613,-17.581018,-18.435688,-23.350687,-23.346176
9120,False,-26.441425,-28.929274,-26.47968,-26.304676,-28.610113,-28.941853,-33.683895,-30.642338,-34.982353,-39.583923,-33.11905,-31.141186,-29.873207,-29.886435,-32.54647,-29.333038,-34.067795,-38.161736,-37.235962,-42.26277,-41.24518,-38.135742,-41.640743,-43.355194,-39.60223,-37.106747,-37.82855,-36.33979,-31.658144,-33.23263,-37.221207,-39.635483
9152,False,-22.690117,-27.525385,-27.64435,-29.143356,-29.949255,-32.939358,-36.290222,-32.983406,-33.31331,-37.115776,-38.097443,-39.119743,-37.871674,-34.64484,-36.521782,-37.29274,-40.645123,-43.599968,-44.70869,-48.47265,-45.900154,-43.481773,-45.146645,-48.800117,-47.13204,-40.32653,-42.366272,-43.227684,-38.26856,-39.530556,-44.701576,-48.11378
9184,False,-24.54221,-27.390469,-27.027115,-27.742918,-30.257967,-36.923958,-38.05265,-35.833344,-36.2261,-41.225983,-38.762104,-39.039684,-40.89253,-41.615784,-41.090588,-37.905933,-39.51575,-44.124924,-44.993267,-50.26096,-47.747757,-43.537735,-47.872944,-49.50653,-50.23803,-46.072746,-46.66179,-46.075993,-40.977074,-42.253967,-49.440495,-52.320045
9216,False,-23.214108,-27.47674,-26.695656,-29.13641,-34.930374,-35.783646,-40.200546,-34.424812,-35.05842,-41.48373,-44.82159,-43.59308,-42.444588,-40.262638,-39.867462,-43.953167,-46.02756,-47.03164,-45.311317,-49.86038,-46.424713,-48.507847,-48.967495,-52.143497,-51.624214,-47.99125,-48.42778,-48.377842,-46.619682,-46.773945,-54.835327,-57.55982
9248,False,-24.447021,-27.340786,-29.72194,-30.435394,-30.32883,-35.48012,-41.08183,-37.005394,-33.3435,-40.39141,-40.987934,-40.162506,-44.52991,-43.842506,-39.020096,-41.798424,-42.983173,-46.6811,-48.63442,-51.88514,-50.193428,-48.93782,-51.243988,-52.511993,-53.275864,-54.10728,-53.698776,-51.879078,-49.32882,-52.485012,-60.125664,-61.077023
9280,False,-22.182247,-27.180538,-28.359222,-32.353596,-34.120872,-38.80435,-41.04573,-39.02285,-36.963867,-40.39206,-43.450768,-41.609573,-42.430477,-42.758102,-42.41724,-43.0357,-45.781216,-46.282925,-47.736034,-50.157314,-49.278835,-50.015644,-53.901543,-55.418083,-54.242615,-54.814163,-54.678658,-54.477898,-52.140728,-55.620213,-61.357647,-64.03695
9312,False,-22.794592,-29.352211,-27.696163,-33.96845,-34.011547,-35.768257,-37.30612,-38.42872,-37.87272,-37.719555,-40.447865,-38.705486,-39.927155,-44.642387,-42.764164,-42.094948,-48.1963,-47.10314,-45.388306,-49.327778,-49.96849,-50.568687,-53.286194,-53.36639,-55.030754,-55.216927,-55.927425,-59.542473,-58.018173,-59.095413,-63.14392,-67.76546
9344,False,-26.015738,-31.18147,-26.685087,-26.471489,-33.85716,-39.813705,-41.02402,-35.988327,-40.033264,-41.295044,-39.41604,-38.837353,-42.88408,-42.114483,-42.83346,-44.52472,-46.397316,-46.33374,-49.75693,-51.69204,-50.06252,-52.09024,-54.602642,-55.352356,-57.767445,-57.44403,-58.610477,-60.481953,-58.532883,-61.59687,-67.128296,-68.255135
9376,False,-25.568115,-28.831165,-27.487896,-30.107996,-32.12666,-33.988815,-36.762016,-38.70773,-36.15741,-37.90734,-43.398453,-42.095535,-44.103565,-44.56569,-42.791843,-42.995026,-46.96949,-49.08045,-48.803333,-49.950516,-51.326614,-49.628216,-52.172123,-55.656715,-55.60324,-58.186146,-59.666157,-59.436726,-61.781143,-64.30754,-67.40907,-69.21443
9408,False,-23.094473,-28.681503,-25.315113,-28.106174,-35.75332,-36.907597,-38.143505,-37.13489,-39.251778,-44.303215,-40.08312,-41.436596,-43.968006,-43.96276,-40.80642,-43.405727,-46.66424,-46.68425,-47.38686,-52.41931,-50.44639,-50.840767,-53.746834,-54.716778,-56.136177,-57.425453,-59.768555,-60.165207,-64.354515,-65.85885,-67.44589,-69.808815
9440,False,-25.826698,-30.766136,-28.885145,-28.710579,-33.181656,-34.46679,-37.381252,-42.95248,-36.628128,-38.434,-42.063824,-38.96862,-38.081795,-43.029446,-41.273224,-42.331917,-44.767857,-45.96891,-49.28746,-51.22129,-51.17084,-49.46559,-55.81977,-56.257004,-56.352634,-57.45296,-59.601402,-61.055595,-63.844448,-66.36824,-68.26108,-70.72006
9472,False,-27.146908,-28.325195,-31.391876,-31.779423,-32.287323,-33.775063,-40.523872,-36.51181,-39.2378,-43.858982,-40.569607,-42.039875,-43.30559,-45.08574,-40.4669,-43.3276,-47.719086,-46.789776,-49.275204,-51.92924,-50.844444,-48.403774,-52.343285,-57.410538,-57.660793,-57.870354,-60.007072,-61.540787,-63.43377,-67.88722,-68.178535,-71.15058
9504,False,-28.658636,-26.910885,-26.079323,-27.602713,-32.11597,-36.303436,-41.694393,-41.995106,-38.11754,-41.80554,-42.237404,-43.424915,-41.080536,-42.84721,-43.853054,-44.662495,-47.002945,-46.130394,-47.97165,-49.982227,-49.598255,-50.355076,-52.37256,-56.62306,-58.745422,-56.604725,-57.54067,-59.792458,-65.24621,-66.67178,-68.52626,-70.42943
9536,False,-23.840544,-27.590105,-24.255192,-28.542458,-31.909218,-36.429688,-40.61203,-39.096115,-37.50609,-38.79137,-42.778893,-42.46014,-43.520844,-44.053806,-40.290855,-43.456425,-46.986885,-46.6858,-48.624603,-50.744987,-51.498978,-50.45553,-51.476788,-56.590176,-56.738426,-56.3624,-60.257545,-60.647705,-64.59293,-65.61558,-67.90374,-70.97621
9568,False,-25.85765,-28.07622,-26.252571,-28.432028,-32.836147,-33.78762,-36.01172,-41.327763,-35.747776,-36.449154,-41.811394,-40.76189,-41.47263,-43.616196,-38.805656,-42.646667,-47.457508,-46.695793,-46.99812,-50.861923,-52.86469,-51.02223,-53.741127,-55.865547,-56.583332,-58.901016,-58.101,-60.281982,-63.54891,-65.7505,-67.448715,-70.0461
9600,False,-22.88713,-29.10795,-24.625118,-30.881662,-36.755356,-36.60793,-37.543198,-38.553802,-35.32383,-38.947784,-43.216835,-40.07814,-44.82036,-43.262768,-42.037674,-45.331005,-45.67044,-48.32258,-50.681606,-50.353504,-50.054,-51.593636,-53.982285,-55.519962,-55.80989,-57.648026,-59.80407,-57.53979,-62.79921,-67.44387,-67.92378,-70.26385
9632,False,-24.603287,-28.604967,-27.135592,-27.63926,-27.31464,-29.200657,-31.887554,-24.574982,-28.822548,-33.03245,-28.827892,-27.920311,-27.194586,-29.95655,-29.899544,-27.131554,-31.284111,-35.978264,-40.080242,-45.45773,-43.441883,-44.410767,-43.478523,-49.71019,-51.67683,-53.20332,-54.93755,-57.793327,-51.102215,-53.572918,-57.703022,-59.872456
9664,False,-25.282614,-29.600101,-26.118443,-27.98386,-30.167982,-32.041492,-38.21877,-30.61052,-35.440887,-40.5533,-38.058167,-37.181744,-37.09983,-37.612648,-39.46741,-35.41559,-39.645805,-45.901398,-47.33998,-49.07595,-50.305805,-49.645805,-53.502003,-53.97827,-54.758728,-56.196136,-56.806076,-59.834026,-59.992756,-63.918198,-67.11002,-68.479774
9696,False,-22.88375,-28.354729,-26.106894,-29.582333,-31.411001,-32.001976,-38.78344,-33.09028,-34.725506,-39.50349,-41.94958,-39.64515,-39.560703,-37.494083,-40.686527,-41.704372,-45.94861,-46.84837,-47.756744,-51.565384,-49.48201,-50.853672,-51.89959,-54.76131,-55.624805,-58.048916,-59.222664,-60.27288,-62.62416,-65.54085,-68.501785,-69.939415
9728,False,-23.015835,-26.158545,-26.682413,-30.395613,-33.306152,-34.372578,-38.076668,-37.427715,-32.673935,-36.625393,-47.346077,-40.81774,-40.782036,-42.078743,-40.523346,-43.149796,-43.41831,-46.3831,-48.70342,-50.4829,-51.957012,-50.066418,-53.31303,-55.5236,-57.494797,-57.869297,-59.27762,-59.298206,-62.94022,-66.0672,-68.76909,-71.380424
9760,False,-23.068666,-27.014854,-25.667416,-30.10082,-35.487293,-34.410004,-37.966248,-38.642918,-37.42773,-41.51426,-42.427727,-39.18266,-42.102257,-41.300087,-44.144524,-44.067688,-45.56389,-46.242386,-48.292244,-52.09093,-51.244545,-52.36386,-54.794727,-55.1891,-54.604393,-58.232986,-58.358864,-62.32219,-64.92288,-66.10679,-67.90898,-69.92552
9792,False,-24.310274,-25.295673,-22.524925,-26.823462,-33.388844,-35.682663,-40.169567,-39.44488,-37.533405,-42.620396,-42.75732,-44.47171,-40.374947,-43.186245,-44.690727,-44.017216,-46.61824,-48.422657,-49.86805,-49.31992,-53.690315,-54.04259,-53.054848,-52.923122,-55.29866,-59.35076,-58.930973,-60.544678,-65.664604,-65.92897,-67.66997,-69.610176
9824,False,-22.009945,-27.358244,-28.232834,-34.178215,-36.63769,-35.83477,-38.415028,-40.00289,-37.25772,-41.148968,-38.891914,-42.852997,-43.496056,-41.932877,-43.53324,-45.876736,-47.01414,-46.33777,-50.84353,-51.35637,-52.84993,-49.63917,-54.034096,-58.09036,-56.083153,-57.83542,-59.82473,-59.069397,-62.495277,-65.12589,-69.03962,-68.79996
9856,False,-21.39262,-29.843004,-31.11743,-35.35607,-37.215187,-39.863792,-42.60836,-41.621643,-40.549385,-42.09548,-42.118374,-39.023617,-38.267178,-39.995064,-43.27491,-42.5519,-45.811226,-49.367737,-49.418068,-53.490234,-49.931034,-51.726337,-52.291992,-55.17386,-56.19635,-59.26461,-60.2227,-61.19833,-63.177265,-65.10888,-67.589355,-68.71359
9888,False,-28.118717,-32.473,-26.979462,-29.239128,-34.81244,-37.69934,-40.941948,-38.964714,-39.823586,-40.908684,-43.226017,-40.375664,-44.547157,-43.656647,-45.537216,-45.517555,-44.219963,-46.282097,-49.578606,-50.207005,-51.601337,-50.81146,-53.360275,-56.355453,-56.2043,-58.418385,-58.500748,-61.143528,-64.67671,-65.408264,-69.22181,-71.27303
9920,False,-23.226755,-30.246689,-25.382,-27.99113,-34.485672,-35.114674,-38.521,-35.649544,-39.392742,-41.90231,-42.18261,-42.03122,-41.991302,-43.16729,-41.6364,-42.201813,-45.206337,-45.060753,-49.457527,-49.334877,-54.604546,-49.60427,-50.99553,-55.225647,-58.978012,-59.094234,-59.42568,-59.578377,-65.14348,-67.09567,-68.38765,-69.2275
9952,False,-22.073551,-24.94808,-26.387962,-29.07955,-32.002583,-33.979774,-38.962173,-39.188347,-37.929756,-40.322304,-41.91952,-42.019028,-40.96881,-42.55087,-40.74047,-45.078426,-48.143883,-47.623848,-48.514877,-50.636044,-53.441196,-52.794495,-53.92439,-56.399338,-57.890884,-59.0918,-58.3451,-59.17921,-63.72174,-68.32862,-70.130066,-69.14381
9984,False,-24.502203,-27.409359,-28.607664,-30.233686,-35.698307,-38.197342,-41.078587,-42.081905,-40.319553,-41.115562,-44.042225,-41.845497,-39.09531,-41.392635,-40.92518,-42.34644,-47.139507,-48.6545,-48.04218,-49.88099,-51.641396,-53.309788,-54.400745,-56.03807,-54.8311,-57.453545,-61.101677,-60.611046,-64.949165,-65.89319,-68.73282,-70.25187
