timestamp,faulty,band_0,band_1,band_2,band_3,band_4,band_5,band_6,band_7,band_8,band_9,band_10,band_11,band_12,band_13,band_14,band_15,band_16,band_17,band_18,band_19,band_20,band_21,band_22,band_23,band_24,band_25,band_26,band_27,band_28,band_29,band_30,band_31
0,True,-31.972767,-33.859386,-38.494564,-37.614998,-31.198635,-35.62113,-36.301422,-38.285995,-36.642776,-29.644526,-38.921238,-48.776966,-46.534386,-46.144756,-50.14,-56.056656,-52.191334,-50.49946,-53.142532,-54.48145,-53.576126,-55.715355,-59.484703,-60.625633,-60.594173,-60.79322,-59.14133,-54.88627,-53.170998,-53.436943,-54.777588,-60.580658
32,True,-26.239536,-25.444378,-36.176067,-35.301514,-27.980637,-31.551188,-34.642975,-39.704365,-40.183914,-33.854347,-44.983448,-45.11104,-46.05721,-44.129585,-47.164764,-47.439545,-47.068848,-51.024742,-53.573956,-54.879044,-56.462814,-57.30177,-59.78176,-58.70137,-58.04516,-59.253117,-58.006897,-60.433037,-60.893143,-61.3697,-60.022987,-60.55653
64,True,-26.508848,-27.081118,-33.9976,-34.492012,-26.101694,-35.806793,-39.690178,-40.63536,-41.405354,-31.543596,-38.066956,-46.156013,-45.29154,-44.40147,-47.846268,-46.13258,-48.86961,-51.511536,-52.85936,-52.87331,-53.835022,-55.98211,-57.71423,-56.59822,-57.665863,-59.687782,-55.14578,-57.141647,-62.21083,-60.712437,-59.736755,-61.79401
96,True,-28.503448,-29.360876,-40.538044,-33.81427,-27.066858,-33.6205,-37.597626,-39.220234,-34.41346,-22.682499,-30.989931,-43.75868,-41.740738,-41.904,-45.330563,-47.82812,-49.66472,-51.957947,-54.609024,-55.4081,-53.57273,-53.96658,-57.470535,-57.50425,-56.4624,-58.959103,-57.35682,-59.181465,-58.89366,-59.873425,-60.118183,-60.964645
128,True,-27.370586,-26.598873,-36.330944,-34.90475,-25.841434,-31.618616,-34.374603,-40.304512,-36.028625,-27.454672,-37.63903,-43.725986,-42.7951,-46.868702,-50.566883,-49.464054,-48.24358,-49.77995,-52.73071,-54.250015,-53.051838,-54.843403,-57.89244,-57.078667,-57.204517,-59.415546,-56.694748,-58.63714,-59.863087,-59.90937,-60.51764,-60.813824
160,True,-25.668707,-29.10785,-38.40857,-35.462795,-27.916332,-33.022614,-36.28813,-42.884365,-38.873722,-32.756237,-38.679012,-46.55371,-43.46655,-43.11686,-44.911827,-50.51289,-46.617046,-49.434513,-52.738663,-55.33571,-54.517155,-57.317688,-58.59218,-56.760334,-56.903893,-57.516724,-58.293686,-59.440567,-58.83079,-60.35713,-61.481216,-60.9342
192,True,-30.290577,-31.647968,-31.880323,-32.747833,-26.665924,-35.54566,-39.83339,-42.480965,-36.11695,-24.689558,-35.119015,-42.649097,-41.91179,-43.28537,-44.626083,-47.08084,-45.52337,-47.7708,-54.863926,-54.48024,-55.003624,-56.368526,-57.72819,-56.749313,-57.016243,-60.170746,-58.018585,-59.681744,-58.84649,-59.476433,-58.753544,-58.98233
224,True,-28.349857,-28.654068,-33.551956,-33.890003,-26.959877,-33.05799,-37.443382,-41.25898,-35.96438,-25.165815,-36.032642,-43.848076,-41.71423,-44.175934,-45.87917,-47.06151,-46.0214,-48.22883,-53.606106,-53.31572,-54.58052,-54.207153,-56.051693,-56.984764,-57.214493,-57.148026,-56.9667,-58.644905,-59.53741,-59.772984,-59.99794,-62.850204
256,True,-32.62393,-31.901999,-35.977184,-34.45133,-30.125683,-33.571465,-37.408817,-40.66709,-35.233875,-20.050182,-29.531261,-41.08408,-40.64674,-47.665123,-48.493393,-49.284653,-50.2023,-51.936737,-53.714897,-52.22801,-52.8401,-53.518227,-57.82784,-57.24709,-58.336315,-58.045288,-56.07387,-57.87593,-59.783417,-58.900986,-57.538265,-59.74907
288,True,-29.723475,-32.32782,-34.811466,-35.507767,-28.624537,-34.033154,-38.171684,-40.50348,-35.9553,-26.008139,-35.35932,-45.322147,-43.302185,-46.082306,-48.019043,-49.344368,-46.634064,-51.003746,-52.6367,-52.767357,-56.29721,-55.036568,-57.91546,-57.523113,-57.634567,-58.943752,-56.31306,-57.679108,-59.791622,-59.3754,-59.43412,-60.107098
320,True,-26.79723,-28.625343,-34.62221,-34.38994,-30.270329,-34.72316,-37.799896,-39.803444,-40.06599,-34.342525,-39.86737,-45.827217,-43.72639,-42.962425,-47.084908,-48.820995,-46.97502,-49.643463,-52.017235,-54.74834,-54.722366,-55.637352,-55.419773,-56.605186,-57.2316,-57.680607,-55.510094,-59.306698,-59.640575,-60.81465,-61.050903,-59.387352
352,True,-26.715256,-28.946474,-36.258625,-35.260372,-29.512777,-33.930824,-35.357452,-36.126183,-36.540104,-31.536415,-42.674564,-45.78156,-45.056377,-40.81849,-43.224163,-48.210735,-44.590973,-47.617302,-51.83756,-53.113865,-53.474064,-56.680344,-55.448193,-57.604595,-57.79934,-56.982952,-56.93851,-59.411034,-60.76718,-61.118073,-59.53485,-57.718834
384,True,-29.693333,-30.715977,-35.62173,-35.58644,-28.892519,-34.42282,-35.333122,-34.9392,-39.609634,-28.103409,-37.451004,-44.03627,-43.786316,-45.71825,-47.638203,-47.73312,-47.375877,-48.850723,-52.180115,-52.901627,-53.10499,-53.51402,-55.84477,-58.51547,-55.892372,-56.70719,-57.55322,-59.322,-58.562717,-59.19613,-59.919487,-59.871323
416,True,-32.136818,-32.897747,-39.12644,-34.829754,-25.087486,-31.96167,-36.80088,-37.864082,-36.893536,-27.120802,-38.113518,-46.05141,-46.259808,-44.26825,-46.528248,-50.72233,-46.86499,-46.719402,-52.153564,-56.009247,-54.200844,-52.70226,-57.616077,-58.036514,-57.37514,-57.13777,-56.661583,-58.98334,-60.40377,-61.072212,-60.865707,-61.949684
448,True,-28.635752,-31.044136,-34.417854,-30.716429,-22.871752,-31.603722,-34.706787,-36.0679,-37.979576,-26.66793,-35.56855,-47.17661,-47.444153,-46.061382,-46.728638,-48.792385,-47.333847,-48.812565,-51.948986,-53.15557,-53.348293,-52.96152,-58.60165,-59.806915,-58.89068,-60.05809,-57.356926,-59.61804,-61.216057,-61.23737,-58.59831,-60.644093
480,True,-26.609062,-32.190994,-36.62872,-32.741386,-27.596872,-35.268177,-35.296524,-34.712814,-36.714523,-25.675438,-35.62413,-45.14557,-46.834946,-44.553104,-45.457073,-50.087925,-46.350418,-50.098534,-51.621914,-52.079536,-55.001984,-55.38864,-56.431393,-58.86278,-58.0192,-57.891964,-56.38806,-56.73596,-59.7698,-61.21702,-59.100067,-61.417164
512,True,-25.415733,-26.568773,-34.993904,-31.127815,-23.888208,-32.41117,-35.120983,-35.836662,-36.280693,-24.694326,-35.142456,-46.469627,-43.827328,-43.868988,-46.46685,-52.798008,-46.79737,-49.414566,-53.584396,-54.32739,-53.92186,-56.733326,-58.20795,-58.805405,-59.2877,-57.703674,-56.128357,-59.89833,-61.737232,-59.551373,-59.323734,-59.732544
544,True,-28.186281,-26.813948,-35.799557,-32.647213,-26.177778,-34.65816,-36.68706,-37.276493,-39.236645,-30.903362,-40.5795,-47.94963,-45.763527,-45.751324,-49.051495,-48.165936,-47.380676,-50.66391,-52.260494,-54.107468,-56.032593,-55.596275,-59.071423,-58.392,-57.43628,-58.40568,-57.944077,-59.5047,-60.312668,-60.585747,-61.231705,-60.142624
576,True,-28.71517,-30.658014,-36.043797,-36.5635,-34.044422,-34.41753,-35.89249,-37.34879,-35.270737,-26.381874,-36.60985,-48.161438,-46.814163,-43.782597,-45.03804,-50.15451,-46.946102,-48.32516,-52.04706,-52.86873,-53.40544,-55.222855,-57.54812,-57.08805,-56.500706,-57.835354,-56.978424,-59.44531,-59.45446,-60.221844,-58.69717,-62.541843
608,True,-26.673645,-24.880495,-32.859898,-31.110912,-24.714079,-33.644608,-37.654476,-40.293293,-37.99683,-25.307245,-35.72131,-45.98686,-43.267666,-41.26786,-44.89262,-48.235798,-48.189117,-49.064026,-51.81353,-54.662876,-55.089878,-58.2491,-57.927887,-58.878727,-58.718163,-61.636013,-59.93156,-59.50169,-59.255527,-60.26186,-59.471443,-60.12916
640,True,-27.749826,-26.91809,-33.95046,-31.73782,-26.065899,-31.890688,-37.57324,-42.69817,-34.936977,-25.332489,-36.54196,-43.91731,-42.777615,-46.109344,-49.426693,-50.245018,-47.082024,-47.34016,-50.81418,-53.88291,-55.420364,-58.43775,-58.18777,-59.16533,-58.87858,-59.553955,-58.568436,-59.555946,-59.968536,-59.052006,-59.2913,-59.021183
672,True,-25.358315,-27.290295,-35.71086,-32.936176,-23.403414,-33.138817,-38.518085,-43.362144,-39.465633,-35.667393,-45.20124,-48.535873,-46.520496,-41.90125,-45.08842,-48.876873,-50.14408,-51.389957,-55.040627,-53.47328,-52.051014,-54.665314,-58.52581,-59.237488,-58.602734,-59.02446,-57.04407,-58.96913,-60.79292,-60.510616,-60.56816,-59.693436
704,True,-25.080397,-26.80792,-33.195164,-33.257805,-26.71997,-33.169716,-36.603683,-39.2631,-39.50586,-32.191113,-41.553093,-46.696815,-43.802017,-45.562416,-47.89258,-50.965736,-51.22007,-51.007034,-53.556004,-57.808502,-56.226368,-58.448196,-58.160225,-57.334343,-57.14207,-57.35417,-60.781654,-60.38094,-60.689774,-59.637962,-59.149857,-61.027866
736,True,-28.707932,-29.097279,-36.224865,-34.09652,-28.558466,-30.21203,-34.411304,-40.95673,-35.044968,-24.410175,-36.10069,-43.811245,-39.422783,-45.595074,-48.189693,-53.08807,-43.563942,-45.9405,-52.01523,-53.912346,-54.924564,-56.377747,-56.573864,-58.945908,-58.15538,-59.52144,-58.871136,-58.84621,-59.438072,-60.433315,-59.18872,-60.35381
768,True,-24.588253,-23.169172,-34.82716,-32.428326,-24.82604,-30.806837,-35.91834,-41.227463,-34.89991,-24.68211,-35.560043,-43.837524,-42.236248,-46.29599,-48.070263,-49.797215,-45.23363,-46.26682,-53.95527,-52.982452,-52.575165,-53.972115,-59.10755,-59.061203,-57.288094,-59.08454,-58.93152,-60.234722,-60.894352,-60.09598,-58.697845,-59.94534
800,True,-26.32057,-31.977968,-34.64748,-35.644234,-29.11264,-34.82476,-38.378643,-42.06474,-36.168995,-25.29931,-33.59385,-44.83833,-42.020622,-44.185493,-47.08219,-51.458744,-47.069416,-51.022163,-54.92069,-53.627888,-57.241318,-58.361927,-55.953407,-57.25857,-57.786297,-58.053757,-56.596333,-58.33716,-60.16284,-61.54308,-60.116493,-59.460632
832,True,-26.346909,-26.483957,-33.766678,-35.609325,-31.485287,-32.636528,-36.79229,-41.153942,-34.596035,-21.386347,-31.999846,-45.147556,-41.550674,-44.698067,-46.03389,-50.65442,-45.1174,-47.45739,-51.91072,-53.839905,-53.41823,-55.64511,-57.341427,-57.540062,-57.76674,-57.031445,-56.853428,-58.484337,-61.561855,-61.018063,-60.852028,-61.267715
864,True,-28.6077,-30.723965,-34.708485,-31.905882,-24.113941,-32.071003,-36.29276,-41.25898,-36.41475,-23.276083,-34.30535,-42.988174,-41.046368,-46.017036,-48.274925,-51.599274,-43.312687,-46.171906,-52.933792,-53.95245,-53.564682,-55.40271,-56.318012,-57.13278,-56.972485,-59.729317,-59.452015,-60.00175,-58.167297,-59.84777,-61.043186,-61.576824
896,True,-30.071497,-29.256227,-34.37372,-36.1145,-28.901306,-33.085346,-36.889374,-40.374275,-33.435913,-22.453777,-33.8431,-44.264927,-42.39281,-47.500244,-48.287155,-47.03348,-45.35541,-48.178963,-54.403008,-57.01329,-53.938046,-54.07621,-56.14578,-58.86352,-57.199917,-57.995056,-59.063953,-60.452675,-60.02567,-59.02001,-59.473732,-61.03737
928,True,-29.813805,-26.242971,-33.230556,-32.67984,-23.713886,-33.04023,-37.494198,-39.312923,-36.843704,-25.441769,-36.599113,-43.769398,-43.001514,-41.466682,-45.291615,-51.96066,-46.317398,-49.108383,-54.33777,-54.902145,-55.373283,-55.166336,-58.073776,-59.70844,-55.73051,-59.086502,-58.067154,-59.13022,-59.191074,-60.445618,-60.42856,-61.32976
960,True,-26.967419,-26.485365,-34.626175,-32.745136,-25.097172,-33.388268,-37.422066,-40.546257,-34.738503,-20.970945,-32.018322,-45.42172,-46.827507,-39.481155,-42.1901,-51.148354,-45.409397,-47.661484,-51.947624,-53.81603,-53.325645,-55.46685,-59.885956,-60.04652,-58.16211,-58.139236,-57.16257,-60.370445,-60.182606,-60.752834,-60.360718,-61.71785
992,True,-28.362806,-29.290445,-34.228157,-32.218033,-28.411594,-34.76092,-37.752434,-39.90885,-35.0486,-20.51353,-30.99936,-45.94444,-46.240974,-46.37342,-47.218582,-49.527786,-48.225853,-51.303936,-55.581966,-55.062622,-53.83972,-56.161728,-57.10823,-57.63797,-58.345,-58.996216,-57.0533,-59.919342,-60.252113,-61.68773,-60.382786,-60.40323
1024,True,-28.835527,-26.555477,-33.648308,-29.866505,-24.102562,-31.59189,-34.898457,-38.063908,-34.772026,-21.352451,-31.622208,-45.40339,-42.15109,-48.66714,-50.902893,-48.867188,-45.904694,-48.696342,-55.196587,-54.7455,-55.347157,-55.8516,-57.730003,-58.00108,-58.111897,-58.887672,-57.136124,-59.073074,-60.885983,-60.48065,-59.94492,-62.47425
1056,True,-30.664505,-28.277227,-33.664745,-34.62072,-28.336147,-31.48182,-36.35798,-40.482986,-31.04734,-20.39033,-33.509552,-45.36943,-43.37309,-44.976166,-48.58893,-50.10189,-44.585907,-47.487236,-54.30027,-53.217247,-55.429085,-56.823826,-55.148247,-59.092766,-57.687305,-57.144184,-55.84857,-57.97926,-59.969902,-60.028618,-59.512386,-62.01048
1088,True,-24.914082,-28.478796,-34.90979,-31.099384,-22.109676,-32.935333,-37.024826,-38.44652,-31.708527,-19.812136,-31.852722,-42.174026,-42.735233,-45.524673,-48.819305,-48.60321,-44.233963,-45.82893,-54.00676,-52.66681,-54.16769,-55.341232,-58.11152,-59.526043,-58.627705,-58.547447,-57.069088,-59.882626,-60.889668,-59.30847,-59.775635,-61.391563
1120,True,-26.86226,-26.575644,-31.38573,-33.698208,-27.877602,-33.691975,-38.350815,-40.872116,-34.769173,-22.737038,-34.029682,-43.734962,-43.473732,-45.340523,-47.458534,-51.27513,-47.705444,-48.416462,-52.776093,-54.042477,-54.8863,-54.336548,-55.82161,-58.813698,-57.994553,-58.59775,-57.292946,-59.13654,-59.81072,-61.636272,-60.197,-61.79122
1152,True,-27.682364,-28.903881,-34.02036,-34.169125,-29.13762,-35.098705,-40.46621,-43.30029,-35.270363,-21.383722,-31.114882,-48.72254,-47.85134,-45.399742,-48.32196,-50.59304,-44.57959,-46.47121,-51.947662,-54.342934,-55.20896,-55.71552,-57.206974,-60.00203,-59.14061,-56.508217,-58.40273,-59.049015,-60.026894,-60.262066,-58.977295,-61.5521
1184,True,-25.390694,-26.563686,-34.92187,-31.773653,-24.2985,-33.83799,-38.40323,-40.480366,-36.96348,-25.024143,-35.47354,-46.509293,-44.087658,-47.59517,-48.180466,-50.61958,-47.566353,-48.772625,-51.8284,-52.533833,-54.224606,-56.06472,-55.624786,-57.63216,-58.65227,-58.162216,-57.573685,-58.76989,-60.025795,-58.69457,-59.958183,-60.624527
1216,True,-28.574087,-27.93066,-32.079376,-34.289146,-30.515339,-36.822952,-40.60863,-42.260643,-39.357777,-31.381836,-38.40866,-45.14672,-44.377357,-46.966724,-48.82834,-49.581112,-50.570175,-52.01477,-53.48252,-52.666695,-56.4061,-56.92025,-56.94975,-56.806545,-55.741962,-57.985058,-55.959915,-58.37608,-59.66854,-61.543774,-60.404747,-60.845833
1248,True,-25.482285,-28.446426,-32.416588,-31.738398,-24.64573,-34.458694,-39.99731,-44.079113,-35.230488,-29.057755,-40.27751,-46.84654,-46.38344,-45.2246,-47.382164,-51.824074,-49.233967,-53.494648,-54.19258,-53.7322,-55.47308,-54.586796,-56.47879,-60.344154,-58.012856,-58.35689,-57.09764,-58.267365,-60.087982,-61.07859,-58.95273,-60.302925
1280,True,-25.735596,-26.480255,-32.401295,-34.94412,-29.045639,-35.063335,-39.0376,-42.036366,-35.546707,-28.420212,-39.52485,-44.21965,-41.454597,-47.818268,-48.758575,-53.306625,-44.922783,-46.66309,-52.3097,-55.47551,-56.650383,-56.23062,-55.985493,-58.081238,-56.910595,-59.10381,-58.16224,-59.95035,-61.648186,-60.495075,-59.782413,-61.737442
1312,True,-26.644938,-26.08632,-34.67727,-34.282917,-28.838215,-32.222694,-35.955208,-40.48328,-37.765858,-31.727913,-42.627365,-43.286877,-42.500862,-44.35966,-47.008877,-49.593513,-46.98851,-50.36829,-52.130875,-54.95926,-54.780823,-56.839844,-56.77282,-58.77726,-59.051647,-59.297695,-58.019615,-60.25034,-60.2923,-59.915283,-60.143913,-61.121162
1344,True,-28.915255,-29.327147,-36.739155,-32.744564,-27.349327,-34.205936,-36.878113,-37.945534,-38.829655,-31.032017,-37.513832,-42.43736,-42.148506,-45.58889,-46.36274,-49.47319,-47.17728,-49.666267,-55.48108,-55.262264,-55.32849,-57.16919,-56.341087,-58.328186,-57.312126,-58.725544,-58.657127,-57.96714,-60.371536,-59.069866,-59.208183,-62.64837
1376,True,-30.107811,-29.542027,-37.88677,-35.063282,-30.643549,-35.126225,-37.502483,-39.644104,-38.475,-29.96143,-37.68169,-44.27543,-40.55342,-44.33209,-49.594658,-48.46991,-46.254078,-51.00126,-53.384724,-54.334328,-56.904064,-58.8868,-58.662838,-59.39781,-57.23445,-57.85614,-56.892006,-58.569695,-59.900974,-60.502495,-60.955563,-63.229084
1408,True,-27.856182,-29.666046,-32.637047,-30.736105,-25.30146,-35.04281,-38.606003,-39.551395,-34.338127,-25.130878,-33.60805,-45.82286,-43.88632,-44.6451,-44.01954,-50.25036,-46.566826,-51.275597,-54.43708,-53.46466,-54.96552,-57.68723,-57.830006,-58.26322,-58.056416,-59.907993,-57.066387,-60.14882,-61.15522,-59.73735,-60.670162,-62.20074
1440,True,-24.655998,-25.323566,-34.30974,-34.688393,-29.238596,-32.15548,-37.603413,-40.906567,-35.475594,-27.842789,-37.2312,-41.025883,-40.35167,-45.084785,-46.106777,-53.22227,-47.187347,-48.8417,-51.79972,-55.860867,-54.129944,-57.142708,-58.157143,-57.529198,-56.203236,-56.646275,-55.713802,-60.32363,-60.536766,-60.97008,-61.16957,-60.747753
1472,True,-25.152138,-25.509083,-34.695747,-33.234467,-28.181156,-33.41299,-36.830555,-37.921528,-37.735416,-34.406124,-42.07069,-44.903755,-47.597427,-44.756817,-48.62869,-50.517212,-49.6074,-49.709583,-51.665253,-53.887333,-53.970276,-55.89669,-59.310726,-57.382202,-57.43503,-58.501724,-57.66373,-60.092655,-59.519314,-59.770767,-61.01555,-60.206497
1504,True,-28.0287,-33.23709,-33.58711,-31.901724,-24.823763,-35.09659,-38.687668,-40.079475,-32.858807,-25.481316,-37.795425,-43.63127,-42.808533,-42.051777,-47.308365,-51.572678,-46.759335,-50.032387,-53.27065,-53.896637,-55.330154,-54.219353,-55.24865,-59.10841,-57.155174,-57.344574,-58.164726,-59.072784,-61.05736,-60.769547,-60.84869,-60.277924
1536,True,-26.654797,-27.911823,-34.129845,-32.617115,-29.708515,-36.45947,-35.647766,-34.56059,-35.160606,-26.720707,-36.94465,-49.532528,-47.69678,-47.948704,-48.6146,-50.454582,-45.86842,-51.40465,-53.941235,-58.124218,-56.09154,-57.283855,-57.661133,-58.337036,-58.58268,-60.41739,-57.547157,-59.290817,-61.799107,-59.237625,-60.361706,-61.299637
1568,True,-27.996979,-28.109522,-32.05508,-31.997316,-26.330425,-35.350346,-36.43782,-36.68386,-36.815445,-30.237385,-40.60142,-46.86974,-46.80128,-45.60578,-48.45864,-50.612656,-46.398396,-48.31099,-52.71187,-55.462345,-55.997887,-56.41769,-58.016815,-59.75926,-58.449665,-60.183987,-55.275692,-58.652454,-59.347626,-60.993427,-62.38674,-60.27628
1600,True,-27.32639,-25.997932,-33.297363,-33.90619,-30.987188,-33.760017,-35.26278,-36.703926,-38.754562,-35.390884,-42.606182,-43.669388,-41.958088,-46.78176,-48.345398,-52.111183,-47.528084,-50.068466,-53.129276,-54.61832,-55.860855,-55.981632,-57.1302,-58.750237,-58.7967,-60.760918,-58.374638,-59.895687,-60.27469,-60.364956,-60.624905,-62.06812
1632,True,-25.620197,-26.4676,-32.912754,-35.71594,-31.103544,-32.628273,-35.44887,-37.335938,-37.10406,-30.22624,-39.960514,-46.44779,-47.861195,-42.497787,-45.615738,-50.46142,-42.631,-45.093502,-51.921165,-53.918762,-54.749447,-55.427975,-58.002453,-57.143448,-57.778984,-56.804016,-55.730175,-59.360546,-59.57954,-61.429817,-62.44455,-62.189957
1664,True,-27.138527,-26.056501,-33.840786,-31.023798,-23.213852,-33.5637,-38.96865,-40.53166,-38.081924,-25.482769,-35.399506,-45.302475,-44.17879,-40.943493,-44.15613,-49.33436,-45.91494,-48.731823,-54.47074,-56.468422,-56.84145,-56.861046,-59.284992,-60.087646,-59.436516,-60.21486,-57.283745,-58.852356,-58.923836,-60.02233,-60.710327,-62.158974
1696,True,-25.77423,-26.69447,-32.92567,-31.93351,-28.778677,-33.181427,-37.23893,-40.86702,-35.036263,-25.336916,-35.573544,-46.417564,-46.310997,-45.132793,-47.857494,-49.624332,-48.18834,-49.63302,-54.897537,-55.71488,-56.962437,-55.37757,-58.004715,-56.590508,-58.69683,-59.20811,-57.86548,-59.177204,-60.792004,-61.63117,-60.59139,-59.529366
1728,True,-30.132042,-31.413548,-36.590942,-32.11011,-26.429712,-32.531654,-34.857937,-39.44608,-39.5311,-29.910038,-39.42443,-45.008385,-44.262215,-43.47705,-49.00498,-49.127422,-47.573975,-49.6484,-55.30174,-55.24974,-55.108566,-56.30004,-58.67257,-60.38019,-58.802147,-58.257504,-58.7615,-60.300438,-61.919456,-61.821335,-60.443424,-63.08757
1760,True,-26.983196,-32.148506,-37.10652,-33.00116,-26.860952,-34.454838,-38.64335,-43.902813,-40.7388,-29.738918,-38.500313,-44.152485,-43.525055,-46.330795,-48.65566,-46.94548,-48.963905,-51.71593,-54.129807,-55.273743,-55.43661,-56.326466,-56.699375,-56.868668,-55.26327,-57.670563,-56.343513,-57.946976,-59.53997,-62.49627,-61.20582,-62.704872
1792,True,-26.74285,-25.889717,-35.027954,-34.081703,-29.816828,-32.461735,-36.105137,-38.995216,-36.221004,-27.301987,-40.319893,-43.91445,-42.866096,-44.740715,-48.072754,-51.731636,-50.974228,-52.85312,-53.02656,-57.050247,-57.842197,-56.975067,-56.985596,-57.813133,-56.27067,-59.525597,-59.10267,-60.405125,-61.10485,-60.333717,-59.254105,-60.985947
1824,True,-29.513306,-29.783447,-36.17491,-32.204563,-24.777546,-32.942795,-36.67526,-38.620163,-36.440445,-30.841908,-38.768154,-41.718674,-38.97349,-43.501873,-49.515606,-50.56942,-50.253662,-51.305954,-52.423824,-52.244358,-55.35163,-53.98998,-56.573647,-59.36001,-58.001022,-59.203968,-58.894047,-59.200264,-63.073456,-60.211563,-58.886063,-61.39784
1856,True,-26.195314,-30.663874,-35.59613,-31.331703,-25.828875,-34.04573,-36.43081,-37.690414,-36.590004,-28.83094,-38.29625,-43.219723,-41.7186,-46.365658,-49.009796,-50.11454,-45.855595,-48.711376,-55.825924,-56.89054,-56.542366,-54.899235,-57.57022,-58.30725,-56.16207,-58.28703,-56.687935,-57.402184,-59.213493,-61.43466,-60.548893,-60.971294
1888,True,-27.518665,-26.27012,-35.19368,-33.486748,-28.579128,-34.978542,-36.91031,-37.76026,-37.937805,-31.099756,-43.40699,-42.349037,-40.23422,-43.711933,-45.71045,-48.802074,-46.73376,-48.58778,-53.807022,-53.425137,-55.139793,-55.00756,-59.841095,-59.85084,-58.511677,-58.683514,-57.011723,-58.54607,-58.99637,-60.09544,-59.696392,-60.207443
1920,True,-30.112892,-29.09151,-34.03295,-32.358444,-25.369286,-31.896938,-35.17405,-37.237076,-36.17393,-25.803587,-36.815792,-44.48353,-43.541393,-43.688816,-45.939873,-51.155365,-47.10211,-48.348328,-56.269382,-56.133705,-56.449516,-57.061844,-57.44663,-58.286285,-57.946396,-59.159336,-57.668564,-58.963245,-59.380074,-61.324867,-59.412086,-61.965683
1952,True,-28.44495,-28.324148,-35.889896,-32.95586,-29.50532,-33.3497,-36.59004,-41.59327,-36.437088,-24.163637,-34.03526,-43.557884,-40.08346,-44.531357,-46.107216,-49.273582,-47.308838,-49.214672,-54.42737,-55.864597,-56.79472,-55.49469,-56.639977,-57.394707,-57.96209,-60.879585,-58.762913,-59.993176,-60.232864,-60.034126,-59.926445,-61.10099
1984,True,-29.043028,-28.399841,-35.394127,-30.634499,-23.612053,-35.747803,-37.0971,-38.22717,-38.126842,-27.42379,-35.764698,-42.348846,-42.515606,-45.012363,-49.07431,-47.180504,-46.406082,-49.12411,-54.157413,-54.96243,-55.368557,-55.66806,-56.28602,-58.587055,-56.025806,-57.826057,-57.350082,-58.28548,-59.121166,-60.2901,-58.345963,-60.699383
2016,True,-27.45393,-30.801537,-39.03814,-33.933628,-28.259678,-36.034344,-35.198414,-35.27758,-35.501717,-29.886723,-43.15088,-42.083847,-40.498867,-48.22161,-49.92047,-50.852898,-49.224552,-49.81254,-54.229053,-54.482346,-53.36699,-54.403725,-57.224113,-56.782036,-58.349308,-59.549946,-56.88223,-60.97672,-60.873207,-59.81455,-58.588043,-61.818256
2048,True,-29.739647,-32.080425,-33.238403,-33.445957,-26.3278,-34.194542,-37.4525,-40.997185,-39.187767,-30.383884,-40.69713,-45.07986,-44.63926,-45.46741,-54.218063,-49.727646,-50.42065,-50.44535,-52.315742,-55.74298,-55.132423,-56.750866,-58.018394,-59.214584,-56.72191,-58.740738,-57.46444,-60.209335,-60.093483,-61.414284,-60.454468,-60.65293
2080,True,-27.693768,-29.584259,-34.81023,-33.542503,-25.888426,-35.82068,-40.648964,-42.77113,-38.30206,-26.578714,-36.6399,-43.2023,-44.71505,-48.09456,-49.751835,-50.515713,-50.865208,-54.65744,-53.748146,-52.743713,-54.873207,-55.736565,-58.34412,-58.22991,-58.87114,-58.93204,-57.85643,-58.73314,-60.232166,-59.874615,-59.676247,-61.729908
2112,True,-27.150234,-27.88921,-33.14779,-32.393826,-28.904646,-33.45571,-37.57547,-42.01732,-35.073517,-23.90799,-35.35396,-41.870255,-42.634396,-41.02404,-45.79538,-48.873146,-49.591568,-52.2218,-53.559326,-55.697903,-54.563667,-55.29515,-60.00845,-58.92029,-57.31316,-57.83249,-55.086693,-59.30881,-59.314545,-58.341537,-60.335087,-60.30838
2144,True,-28.995943,-27.607214,-32.154392,-30.046652,-25.08186,-34.568718,-37.918877,-40.29381,-37.78085,-31.212416,-38.209557,-42.33812,-43.07753,-43.307617,-46.22377,-50.08955,-48.84208,-49.848495,-52.849037,-55.04244,-57.12483,-58.783516,-57.676052,-57.9225,-59.721855,-58.467674,-56.664757,-59.65193,-58.874847,-60.995403,-59.663563,-60.307495
2176,True,-26.477968,-25.92506,-35.407177,-34.000862,-30.796005,-33.28888,-37.716637,-39.48956,-37.550137,-28.69653,-36.64723,-42.874447,-43.54597,-45.43552,-48.105537,-50.43833,-48.78409,-50.181465,-51.595825,-57.294533,-57.525692,-57.447617,-55.303463,-57.006588,-56.38317,-58.021896,-58.03204,-59.426266,-59.357407,-60.16834,-60.791187,-60.73066
2208,True,-30.69083,-33.081547,-34.52842,-32.00792,-30.593124,-33.56208,-37.65639,-46.534634,-41.27239,-32.345642,-39.295948,-47.102333,-44.712215,-43.43964,-47.498966,-50.80333,-47.499733,-48.949467,-50.53041,-52.966694,-54.331352,-56.25286,-58.982857,-56.422073,-55.227047,-58.423393,-57.746014,-58.26371,-58.499268,-59.321648,-59.3309,-60.543346
2240,True,-26.18882,-25.714672,-33.506065,-31.793118,-27.428944,-34.356762,-38.66715,-42.727882,-37.55421,-27.174177,-37.345097,-45.903126,-46.26059,-47.868935,-49.132423,-49.998928,-42.030556,-44.829792,-53.94387,-54.14064,-54.343815,-55.427208,-57.26675,-57.37699,-57.216297,-59.886055,-59.71088,-60.48731,-59.840794,-59.385315,-60.13807,-61.356888
2272,True,-27.221851,-27.542887,-33.839767,-30.076254,-25.645271,-35.539906,-39.340683,-41.98627,-37.69446,-24.476093,-33.701817,-41.948097,-43.73561,-45.749252,-47.468925,-49.2128,-48.753838,-51.18925,-52.22693,-55.74984,-55.617832,-57.81967,-58.047947,-59.29323,-59.57077,-58.3169,-57.811512,-59.82292,-59.147434,-59.904663,-60.306297,-61.050392
2304,True,-28.39312,-29.517574,-32.67383,-31.673466,-24.569635,-34.184998,-38.58436,-41.27396,-36.17417,-22.611864,-33.234386,-43.117943,-43.22728,-44.106346,-47.286217,-50.67801,-49.432076,-51.192528,-52.76827,-53.20974,-53.89399,-55.902443,-56.482395,-60.29587,-59.52987,-58.135128,-57.174118,-59.21684,-59.704285,-61.239883,-59.751587,-61.273354
2336,True,-27.055456,-27.826923,-33.329414,-33.147022,-25.738985,-34.183304,-37.05524,-38.646744,-36.471428,-26.697453,-34.882942,-43.899178,-41.89033,-45.68923,-46.97648,-52.1812,-44.651245,-46.492615,-52.807274,-53.734848,-54.459023,-57.254288,-55.75027,-57.76454,-60.703274,-59.569668,-57.883957,-60.631775,-58.40662,-59.925327,-58.86596,-61.02569
2368,True,-31.030695,-30.406555,-36.15075,-35.139324,-29.135693,-32.899582,-36.521408,-39.130836,-37.00412,-30.094183,-36.251305,-40.597237,-39.729942,-46.95434,-47.41897,-49.27852,-46.60772,-49.120987,-56.061302,-55.849083,-58.010696,-59.88772,-59.105057,-56.52676,-57.019466,-58.35147,-57.133537,-58.83098,-59.912815,-59.839703,-60.178513,-60.998383
2400,True,-27.280596,-28.644875,-36.667904,-32.754498,-26.36641,-34.188034,-36.727097,-40.31543,-37.292732,-30.258825,-38.99221,-44.653797,-43.274384,-45.88861,-47.13917,-49.21455,-47.847153,-49.600105,-52.460022,-55.044117,-56.189922,-56.47805,-57.973984,-60.442284,-59.047478,-57.18401,-58.242775,-59.847073,-59.60449,-59.89452,-59.709183,-62.064514
2432,True,-28.902151,-26.67249,-34.625317,-34.87155,-29.132381,-33.095657,-34.7733,-37.70073,-39.009758,-34.87856,-40.18025,-45.088657,-42.301598,-44.86104,-48.423927,-52.24918,-47.53002,-49.789024,-53.97281,-56.017803,-55.748974,-54.91966,-56.369015,-58.355537,-58.416996,-58.857952,-55.472393,-58.634014,-58.102856,-58.994144,-59.141876,-60.821915
2464,True,-29.692163,-29.81474,-34.993256,-33.193863,-28.26544,-35.337376,-38.285255,-38.9021,-35.342915,-29.39707,-41.23918,-46.899055,-44.12895,-41.35591,-43.400936,-49.346756,-48.340652,-49.201847,-52.41861,-54.74323,-54.088055,-54.251015,-57.282467,-59.31443,-58.19525,-58.66688,-56.13984,-59.578533,-61.63448,-60.510605,-60.409473,-58.92552
2496,True,-33.082577,-29.836588,-32.251358,-32.386337,-26.181059,-32.56888,-36.269016,-39.417328,-38.293053,-29.003056,-38.075546,-44.294468,-42.963493,-43.32129,-45.209656,-50.87716,-45.543434,-48.705696,-51.044575,-53.68473,-54.854965,-54.493584,-58.633957,-58.916092,-57.276096,-58.9254,-58.40281,-58.709854,-60.011093,-62.096268,-60.890305,-60.950554
2528,True,-26.478985,-26.221523,-32.217575,-33.66095,-28.275032,-31.655615,-37.232258,-37.904278,-37.484447,-27.86155,-35.381714,-44.045,-41.727036,-44.035755,-49.497482,-49.444435,-44.42419,-47.370956,-53.677105,-58.470436,-55.473,-56.179214,-56.541767,-57.158905,-57.939117,-59.23393,-58.629642,-59.437466,-59.095642,-60.0071,-60.892258,-62.627148
2560,True,-28.275589,-30.68283,-37.860146,-33.677944,-27.247305,-34.221107,-38.22553,-43.6587,-38.92121,-31.794392,-41.38226,-44.6457,-42.62611,-43.488472,-46.233845,-48.802902,-46.9983,-50.47318,-53.485924,-53.299706,-56.430096,-56.561207,-58.333435,-59.55278,-59.71367,-59.546494,-58.111275,-59.696888,-59.747795,-60.056465,-60.893867,-60.95423
2592,True,-31.65161,-36.056427,-35.03256,-31.431286,-25.203913,-34.368557,-38.216335,-40.771507,-34.843185,-29.911844,-43.154263,-45.64657,-41.282738,-40.448936,-44.20704,-47.959023,-47.275295,-49.709015,-52.806602,-53.33185,-54.113823,-54.538338,-56.983498,-58.476315,-57.74803,-58.43765,-56.94408,-58.991478,-60.19037,-60.855545,-60.058624,-59.953007
2624,True,-25.293314,-24.976059,-33.608685,-32.918083,-24.84051,-33.59295,-38.72979,-44.526955,-35.15713,-26.268429,-34.29187,-45.078983,-44.966335,-45.23265,-48.028904,-48.824924,-47.463417,-49.22556,-55.64254,-54.65046,-55.38605,-53.96737,-57.88054,-58.774952,-58.15565,-60.891,-58.2808,-58.12324,-60.78283,-60.627495,-60.158516,-62.20757
2656,True,-30.350697,-28.713015,-33.617695,-33.32061,-28.483284,-34.310486,-38.889767,-42.869026,-38.23097,-33.50472,-40.712822,-43.123837,-46.067772,-46.537975,-47.982727,-51.99353,-46.700268,-48.83905,-54.499138,-55.685543,-55.580154,-54.6764,-56.522858,-58.373123,-58.620537,-60.441853,-57.91304,-57.941444,-60.05374,-60.904713,-59.82012,-61.72032
2688,True,-24.445333,-25.871098,-34.650967,-31.09543,-24.654425,-34.43864,-37.25208,-42.90716,-38.041576,-31.45318,-39.28235,-44.380287,-47.159405,-47.13405,-50.236557,-49.625008,-43.141476,-44.332676,-54.24366,-52.354477,-55.402855,-55.696278,-56.95143,-58.313293,-56.736217,-58.765602,-57.197235,-58.965282,-59.315834,-61.0568,-60.02758,-60.629772
2720,True,-27.332718,-26.443562,-32.546173,-33.07258,-28.337488,-32.474133,-36.940796,-42.225147,-35.416687,-28.754795,-38.677532,-46.01641,-44.1343,-42.596428,-46.83217,-50.973106,-41.947292,-44.384876,-52.899124,-53.638454,-54.872025,-54.383526,-58.646297,-58.46964,-58.70604,-57.75325,-54.81207,-59.276585,-59.73073,-60.210075,-58.83796,-62.118553
2752,True,-29.379368,-29.238087,-35.23217,-33.73936,-29.22755,-33.945915,-38.498825,-44.276253,-39.73133,-32.336205,-40.146503,-47.445724,-46.816505,-49.033417,-48.63513,-48.9267,-45.60592,-47.064926,-52.105812,-55.069447,-53.220184,-53.89026,-58.24166,-57.97789,-56.96833,-59.348087,-58.019127,-60.17462,-59.738525,-60.472946,-58.95587,-60.05356
2784,True,-27.074936,-28.247099,-38.080353,-33.053356,-27.057276,-35.65249,-38.7568,-44.888367,-36.833008,-26.35065,-37.18537,-46.91259,-45.60559,-46.77027,-48.41421,-49.406017,-44.701782,-47.74097,-51.562256,-54.84233,-54.307335,-54.32167,-59.61544,-59.26433,-56.454445,-59.718727,-56.76001,-60.128426,-61.108074,-60.52519,-58.84934,-60.54655
2816,True,-28.978394,-31.041174,-35.60307,-31.430685,-25.623875,-33.41492,-37.798832,-41.776,-33.818493,-21.304235,-33.097042,-46.66498,-45.53288,-47.215305,-46.206554,-49.171783,-45.424805,-46.68955,-52.902092,-53.132538,-54.217964,-55.027664,-57.75364,-58.490517,-58.2933,-59.66351,-58.013123,-59.634468,-60.148895,-61.51554,-59.885983,-60.294895
2848,True,-27.349407,-27.036114,-34.313896,-30.947897,-24.209435,-31.854275,-37.265236,-43.090004,-33.703518,-21.34311,-32.757782,-42.78424,-42.89608,-45.73455,-48.337387,-49.504486,-49.00095,-51.096184,-53.70906,-54.949165,-55.21238,-56.528473,-57.532524,-58.337013,-59.13115,-59.374126,-56.45283,-59.119095,-59.838394,-61.360912,-60.52478,-61.48011
2880,True,-32.643375,-32.472466,-33.973164,-33.176426,-27.681057,-34.1962,-38.802113,-43.82894,-40.678753,-29.383316,-37.89699,-46.605133,-45.35308,-45.996975,-47.74942,-52.107918,-49.127403,-49.835793,-52.96204,-54.811665,-54.771942,-55.69195,-59.6071,-56.892982,-58.018665,-59.932465,-58.631218,-59.771824,-62.329605,-62.08736,-60.72185,-60.711716
2912,True,-29.20535,-29.465511,-34.75396,-33.141994,-27.286034,-36.237083,-38.083183,-41.544014,-36.962944,-29.06581,-37.650036,-43.954235,-44.749832,-48.464684,-50.32372,-48.905064,-43.085903,-48.463177,-52.841793,-53.182747,-56.11382,-54.28558,-59.216114,-57.234734,-56.74569,-60.427666,-57.91145,-59.281,-59.591404,-60.157112,-59.020546,-61.318375
2944,True,-29.67077,-28.463398,-34.020874,-31.67331,-25.08373,-34.55779,-38.08504,-41.622437,-34.867767,-21.714546,-32.810955,-45.440212,-43.496117,-48.230873,-49.34481,-49.83339,-43.3959,-46.71379,-52.6403,-54.683197,-57.25676,-57.861668,-58.001286,-58.783455,-59.50927,-56.695026,-55.348,-58.530777,-60.068947,-60.76104,-60.933872,-61.474033
2976,True,-27.019947,-30.69218,-35.1055,-34.972202,-28.070593,-34.49493,-40.30741,-39.926132,-35.946133,-23.753338,-33.405777,-41.60466,-40.71624,-45.691635,-50.60848,-48.814854,-44.834396,-46.292534,-52.95235,-55.7971,-56.171356,-54.00965,-55.579056,-59.83418,-58.904358,-60.5089,-57.89265,-60.67479,-61.68998,-59.751648,-60.144386,-62.03849
3008,True,-28.121887,-29.609398,-37.333645,-32.48464,-25.239792,-37.504646,-38.69946,-41.4312,-35.065838,-23.216475,-35.095753,-43.262524,-42.956577,-43.511955,-44.592567,-47.890083,-44.27332,-47.7017,-52.83659,-53.26404,-55.896336,-55.792534,-59.422302,-58.607895,-60.380074,-60.039482,-57.28499,-59.28356,-61.260418,-60.08804,-60.077415,-60.945946
3040,True,-31.235344,-31.127264,-31.859377,-34.92698,-29.694466,-38.128765,-40.59597,-44.606552,-37.701183,-24.119062,-34.05149,-43.850662,-41.951744,-44.86251,-46.329636,-48.30558,-48.780254,-50.64033,-54.326134,-54.686718,-56.728226,-56.630875,-57.86608,-56.687057,-58.58566,-59.54014,-57.977585,-58.906372,-61.41539,-60.74946,-58.66897,-60.061165
3072,True,-31.118534,-28.305271,-35.399258,-33.169838,-27.985508,-36.734444,-36.72826,-37.873825,-37.871906,-34.70555,-40.403732,-42.791218,-41.89853,-45.670746,-46.75943,-50.37629,-44.017204,-46.843887,-51.675102,-54.008274,-53.526398,-54.513927,-56.726913,-59.72526,-57.617302,-59.30977,-56.418297,-57.23795,-59.879456,-59.284187,-59.158752,-61.65892
3104,True,-28.148796,-27.972239,-35.097492,-32.53459,-24.388763,-34.93134,-39.784397,-41.21234,-36.918686,-26.543926,-38.394962,-42.752846,-40.193897,-44.1047,-46.026882,-50.150646,-47.081013,-48.116386,-55.267998,-53.023075,-53.78055,-54.4594,-57.91836,-59.02174,-58.60882,-59.164944,-58.13015,-60.141712,-60.457344,-59.859344,-58.44619,-58.58776
3136,True,-30.23671,-30.787437,-30.918962,-32.093613,-28.859118,-32.48724,-35.762093,-38.17136,-36.24182,-29.430983,-37.566074,-44.866825,-41.93722,-47.93621,-48.828156,-48.94808,-43.01938,-45.958534,-52.307175,-51.789665,-53.15484,-55.811096,-56.918648,-57.21703,-56.568684,-58.69735,-58.66256,-59.690228,-61.95749,-61.313595,-60.583496,-59.16854
3168,True,-30.484755,-30.652596,-33.620102,-31.593822,-25.279558,-39.312195,-39.724533,-40.293804,-38.936275,-32.297817,-40.136787,-46.07647,-45.65873,-49.02719,-50.131836,-50.06372,-45.870323,-48.149075,-53.81108,-54.0482,-53.85658,-56.028336,-58.108562,-59.58432,-58.474167,-59.707302,-57.556793,-59.02077,-60.715145,-59.4244,-58.694496,-61.645287
3200,True,-28.583803,-27.212696,-35.196472,-32.799053,-27.122807,-37.197765,-39.537212,-41.169662,-36.35818,-23.979675,-34.370068,-41.395573,-46.434586,-46.368446,-47.693077,-48.816353,-43.729332,-45.360687,-54.642635,-56.355026,-55.05786,-56.23195,-57.931725,-57.86138,-58.901054,-60.494164,-57.89135,-61.39084,-61.065617,-61.123432,-59.9196,-59.89421
3232,True,-29.206974,-30.928776,-31.206465,-31.12751,-26.892357,-32.3522,-36.771194,-39.016415,-37.149475,-26.809639,-38.964783,-44.45118,-42.489246,-46.529915,-47.905617,-48.731,-46.86638,-48.320953,-53.297066,-54.29134,-54.25078,-53.83812,-58.33152,-56.865746,-57.422405,-58.86019,-57.971283,-60.651188,-60.064842,-61.226532,-59.89458,-61.1438
3264,True,-31.409855,-29.563448,-34.57643,-31.042574,-25.372482,-32.872272,-36.07852,-40.12114,-36.447056,-28.132408,-37.039303,-44.000286,-45.09944,-45.165688,-48.60647,-47.609604,-46.644165,-50.790447,-52.72991,-55.37007,-56.314083,-56.097176,-57.514236,-56.809395,-57.89885,-57.6247,-59.074097,-60.628452,-60.726357,-59.95732,-59.797024,-59.924923
3296,True,-31.546762,-31.527708,-36.52065,-32.010464,-25.834589,-34.409775,-37.718197,-40.98627,-37.92498,-29.61763,-38.73243,-46.828636,-46.883606,-45.292313,-47.53757,-49.115517,-51.36753,-50.610947,-54.943604,-55.115124,-53.83113,-55.340668,-60.29858,-57.8351,-56.457615,-60.661667,-54.515106,-58.716167,-60.177208,-61.135956,-58.747326,-60.634552
3328,True,-29.67781,-28.095558,-34.62081,-33.239246,-28.113003,-34.88504,-38.665604,-43.59046,-37.0565,-25.984161,-36.19185,-45.352283,-45.863792,-43.514057,-46.89498,-50.24721,-44.4128,-47.06244,-54.273132,-53.14279,-58.008694,-57.55394,-59.150826,-59.244934,-57.13832,-60.043533,-57.1732,-59.269363,-59.73664,-61.29292,-59.077866,-60.09728
3360,True,-29.784763,-30.30619,-31.979029,-31.784609,-28.461838,-35.25452,-37.585278,-40.519444,-32.7349,-22.536772,-34.091923,-43.01353,-42.744316,-44.431305,-48.937305,-47.284645,-43.97915,-47.57935,-55.66559,-57.366722,-52.179596,-54.00179,-55.806374,-57.784405,-58.58959,-57.381042,-56.612373,-58.52209,-59.921402,-59.12625,-59.824047,-60.356476
3392,True,-32.103977,-30.563852,-32.547775,-31.241596,-27.011501,-34.496353,-37.856422,-41.227917,-34.41088,-23.288506,-35.503574,-44.449253,-43.76978,-47.80619,-51.44173,-50.89836,-45.674397,-47.777092,-54.214348,-53.626026,-54.05884,-56.66626,-57.64601,-58.486076,-58.41748,-59.924778,-59.714844,-59.480484,-58.432495,-59.02094,-60.20459,-60.79045
3424,True,-29.834236,-30.159706,-34.383846,-31.427706,-25.842594,-34.291885,-36.41113,-37.973675,-39.114983,-28.52063,-37.556396,-47.53145,-44.805687,-44.68836,-48.928524,-50.519875,-46.934975,-50.5075,-52.838974,-54.98265,-55.50988,-56.699577,-57.766632,-55.616768,-57.34474,-60.79737,-57.316208,-57.153122,-58.669857,-59.30185,-58.737415,-61.178596
3456,True,-31.477575,-31.77589,-33.35815,-34.626244,-29.183035,-38.0387,-40.33037,-44.03166,-38.648926,-33.4797,-41.691193,-46.202847,-42.895893,-43.62286,-46.609234,-50.66805,-46.752083,-51.445724,-51.144028,-56.638035,-54.821896,-55.327713,-57.557865,-58.90075,-59.20781,-58.395744,-58.898144,-58.853233,-59.915863,-60.508812,-59.4778,-60.805855
3488,True,-32.472885,-31.42504,-32.21056,-35.956287,-32.35954,-34.243324,-38.01668,-42.177406,-37.366074,-27.992222,-39.064922,-44.043274,-41.309387,-46.866837,-50.919907,-48.67702,-44.049644,-46.14948,-53.522995,-55.29241,-56.300293,-55.426224,-55.13257,-58.155243,-58.544006,-58.10151,-58.8139,-59.744186,-61.101463,-59.887005,-59.09798,-60.500977
3520,True,-26.046719,-29.133799,-33.33545,-32.340084,-26.086416,-35.666386,-39.173447,-41.79081,-36.36325,-23.318806,-33.136604,-45.805088,-42.26385,-42.320015,-46.854332,-50.270176,-49.463142,-50.823677,-53.03257,-55.23926,-54.218094,-55.841835,-56.218925,-56.44524,-58.56905,-59.313244,-56.608032,-59.731136,-60.671257,-60.5029,-61.230797,-61.488873
3552,True,-28.367615,-26.189,-29.751566,-32.576176,-28.419174,-37.38708,-40.5757,-42.201477,-35.03309,-21.979076,-31.679577,-41.99746,-39.50825,-46.390476,-49.520916,-48.619667,-43.523964,-45.643196,-54.11756,-55.53867,-53.601913,-54.159927,-56.989166,-58.760265,-59.891266,-60.352142,-57.757114,-58.982906,-59.71216,-61.974945,-59.553635,-61.236404
3584,True,-28.710348,-28.853796,-32.69069,-36.50296,-30.686138,-35.22409,-38.16074,-42.610115,-33.711647,-21.55682,-32.768734,-42.81618,-40.895447,-43.200603,-48.598026,-51.54985,-47.37113,-50.112755,-55.015244,-53.794765,-54.44876,-54.060905,-57.433746,-56.938736,-58.80918,-58.046165,-59.076073,-61.2018,-58.45831,-60.38781,-58.819042,-60.636105
3616,True,-28.180485,-31.373644,-36.442734,-33.132206,-29.57425,-33.921925,-37.181076,-40.02512,-38.693523,-29.957127,-37.933807,-45.55867,-40.80753,-43.94604,-49.53475,-51.80362,-45.882168,-46.586784,-55.05168,-56.48628,-54.503624,-55.80146,-57.963715,-59.13179,-60.082314,-57.852844,-57.73743,-61.21723,-60.36017,-61.25834,-60.93032,-61.227745
3648,True,-28.552706,-29.810009,-36.305107,-33.68647,-29.433414,-35.82879,-39.77716,-43.56245,-42.48091,-29.48238,-36.636143,-42.541702,-38.659855,-46.81407,-49.36046,-50.097473,-45.26448,-47.942192,-53.695904,-53.031845,-53.127327,-55.06336,-57.437828,-60.285484,-59.453007,-58.75616,-58.171402,-58.94998,-59.526474,-58.988914,-58.45059,-59.50154
3680,True,-29.028913,-29.313736,-34.390125,-34.215256,-27.881643,-35.684612,-41.0276,-43.971542,-39.71678,-29.881638,-38.695087,-43.678364,-41.16917,-46.119247,-49.345467,-47.5869,-46.834343,-48.531548,-54.329395,-52.76169,-57.973293,-56.141045,-58.99015,-58.226658,-57.63971,-57.17442,-56.656727,-58.11294,-60.324005,-59.92665,-59.174065,-60.202255
3712,True,-28.353516,-32.13077,-33.71408,-32.77278,-28.40421,-35.806953,-37.996933,-40.949493,-35.874,-24.044485,-35.664303,-46.867325,-45.30523,-46.467453,-49.10448,-49.75753,-47.490875,-48.032433,-51.800198,-55.075073,-54.46637,-55.137142,-58.107353,-57.509552,-57.505142,-59.954296,-57.17293,-60.13483,-59.714714,-61.39991,-59.85353,-60.5961
3744,True,-33.31972,-33.47916,-32.30652,-32.808617,-29.646656,-42.534035,-41.88904,-44.844414,-37.12395,-24.949331,-34.93531,-43.86116,-44.726387,-44.373444,-47.410282,-48.152386,-45.29661,-48.186142,-54.493965,-53.792534,-54.984505,-55.5038,-56.953384,-58.810963,-59.06689,-59.3467,-58.781044,-58.457214,-59.535072,-56.454926,-59.172966,-61.571266
3776,True,-28.86644,-30.485653,-33.05156,-36.385048,-32.436596,-36.512875,-38.914772,-43.28787,-32.255054,-19.31804,-31.121384,-46.23953,-44.439568,-43.995552,-47.55949,-50.708202,-48.48555,-50.28685,-51.76258,-54.920692,-55.440186,-56.389503,-57.54437,-60.270157,-57.51757,-58.36695,-57.657837,-59.47812,-60.487843,-54.151863,-58.21795,-61.31027
3808,True,-26.264744,-30.374144,-34.81419,-33.966957,-29.86143,-34.43356,-39.94006,-43.861866,-38.76912,-23.347723,-33.97682,-46.719223,-44.975086,-47.236015,-51.38125,-50.175816,-42.350315,-44.90418,-54.602337,-53.91816,-53.723717,-54.955627,-58.078,-56.7596,-57.589233,-59.931797,-58.257908,-59.61135,-60.08877,-56.131954,-59.641838,-61.078995
3840,True,-27.242048,-33.963226,-37.451256,-35.717236,-30.525429,-37.44848,-40.200317,-47.183975,-38.14309,-22.870972,-31.569519,-44.915432,-45.342606,-43.119007,-49.76801,-52.422718,-45.271088,-47.963528,-54.38704,-54.821922,-53.921276,-52.318993,-57.73933,-61.36811,-58.164745,-57.22486,-56.467327,-59.162388,-59.475727,-60.01253,-60.501194,-61.518005
3872,True,-30.318966,-30.606602,-35.597633,-35.544437,-29.346493,-38.31414,-42.293987,-42.10947,-36.429955,-22.291965,-32.08278,-46.412704,-46.626534,-44.097954,-46.394897,-50.043068,-46.936172,-50.57972,-52.911575,-53.85833,-51.88446,-55.504005,-60.27813,-60.321938,-57.065468,-57.15146,-57.387775,-60.001167,-60.515514,-60.583626,-61.72669,-61.970787
3904,True,-33.171318,-32.18974,-30.953598,-33.212814,-32.81945,-37.86694,-40.76458,-40.646523,-38.06687,-24.444284,-33.94985,-46.15539,-46.00815,-47.12595,-48.08461,-52.70466,-45.476685,-48.405422,-52.84739,-54.973526,-53.9722,-56.25495,-54.860214,-58.105488,-58.35043,-60.318962,-58.109318,-60.21199,-60.772125,-60.69755,-61.475975,-60.71441
3936,True,-36.139744,-30.216976,-31.471788,-32.45456,-27.523172,-38.311424,-40.09793,-43.512245,-39.00198,-29.505268,-40.806614,-47.5631,-44.635307,-44.783665,-47.294968,-48.077564,-48.464584,-50.30607,-55.37422,-56.55842,-55.829033,-57.05243,-57.08549,-58.08281,-56.504173,-57.097717,-57.378822,-59.14976,-60.441223,-60.327076,-61.11802,-62.02205
3968,True,-27.091236,-28.295818,-33.526554,-33.794704,-30.036263,-37.75353,-42.07309,-44.354,-37.46071,-26.321829,-36.839985,-43.557266,-43.440033,-43.69731,-46.970848,-48.0554,-45.961502,-49.43805,-54.060905,-54.941643,-54.466156,-56.742233,-56.985836,-58.546352,-56.89474,-58.068657,-54.982285,-60.05751,-60.14695,-61.64246,-60.280846,-61.140076
4000,True,-29.338152,-30.253342,-36.889168,-33.347923,-26.939909,-35.86669,-39.485355,-44.365444,-36.566414,-25.188162,-35.457928,-41.442307,-39.920277,-46.28862,-47.974476,-48.7413,-45.780205,-50.23583,-53.03901,-54.1832,-53.713757,-54.81796,-59.887283,-60.104324,-57.976166,-58.760216,-56.024406,-59.933884,-60.98959,-60.613636,-60.1044,-61.527832
4032,True,-30.4298,-29.492826,-35.702538,-31.893536,-25.391119,-37.532185,-39.456337,-39.33972,-37.345406,-26.23108,-35.51723,-42.034782,-40.568398,-44.075962,-45.802315,-47.19042,-46.41839,-49.886436,-52.52457,-54.95607,-54.04993,-56.224934,-57.649765,-56.4871,-57.090305,-57.76636,-57.38607,-59.85081,-60.59525,-61.23995,-59.94306,-62.023735
4064,True,-30.018347,-29.501915,-35.392082,-35.130913,-30.190077,-40.38334,-39.90567,-37.422882,-35.46253,-24.960909,-35.33561,-41.673847,-41.174507,-42.853054,-42.02534,-39.534977,-38.407677,-42.790627,-51.40747,-51.672745,-52.55896,-51.374245,-51.59572,-53.948105,-53.58347,-51.514297,-50.259285,-46.12619,-39.24476,-36.694386,-39.987263,-42.390373
4096,True,-29.41932,-30.322712,-32.367992,-30.602066,-25.137676,-30.91476,-33.318356,-30.182638,-29.296217,-18.843208,-30.110434,-35.303352,-35.559544,-37.30448,-37.760113,-34.541317,-30.55482,-34.582363,-44.665684,-45.06413,-42.87874,-43.82644,-43.316288,-45.869164,-45.14763,-43.491913,-37.467373,-35.878365,-31.982573,-30.787535,-32.93628,-35.093777
4128,True,-27.370825,-33.588776,-35.105507,-35.64157,-28.606007,-32.109444,-36.32752,-37.13638,-31.898407,-20.441475,-32.09496,-41.244587,-38.52144,-45.80334,-47.4254,-47.53991,-44.119072,-45.56231,-47.450157,-49.30446,-53.566837,-54.49905,-52.95454,-54.6105,-52.29645,-54.021286,-50.158314,-50.21592,-46.946033,-47.400303,-49.145313,-50.666218
4160,True,-29.007423,-29.863825,-33.73035,-33.75928,-29.52541,-36.494377,-38.680473,-38.74172,-31.899462,-21.620214,-33.923862,-41.52793,-39.487247,-43.095734,-46.657223,-46.840664,-41.77529,-44.2013,-53.311535,-53.64143,-53.554234,-53.461384,-57.059498,-57.436928,-57.854218,-56.57951,-54.130424,-55.173935,-52.023464,-52.081665,-54.611095,-55.487007
4192,True,-30.157106,-26.283665,-32.696415,-32.49532,-27.76947,-36.50081,-39.053616,-42.043575,-36.40325,-32.89901,-41.48878,-42.423492,-41.48429,-44.850357,-46.090717,-50.794067,-38.602413,-42.566513,-54.91658,-56.142803,-54.679455,-53.605785,-56.85644,-55.7412,-55.98964,-56.853683,-57.02771,-56.57623,-55.88211,-57.18358,-57.92088,-58.60393
4224,True,-27.336378,-26.963837,-33.67351,-32.82551,-29.133738,-34.19833,-38.001915,-41.480785,-38.846237,-29.244953,-37.706173,-43.695984,-43.77161,-42.46036,-45.154236,-47.493134,-46.9597,-50.220493,-55.85507,-55.391365,-55.707623,-54.57912,-59.44096,-56.70084,-55.928913,-58.263264,-56.336308,-58.3538,-57.35174,-59.020138,-59.07774,-61.14468
4256,True,-30.100622,-28.845003,-35.680443,-33.0366,-27.7618,-34.09829,-38.820538,-42.982666,-34.65971,-27.587797,-40.278248,-45.12686,-44.35198,-45.061153,-49.85304,-50.642925,-47.068222,-50.465626,-53.64935,-55.16131,-55.000988,-56.690483,-58.286552,-57.88427,-56.177795,-58.96797,-56.648174,-57.864857,-59.198296,-58.86854,-59.135,-62.209873
4288,True,-27.179129,-27.763937,-33.278633,-31.779615,-25.599249,-36.031994,-39.934135,-42.89012,-36.33699,-29.351479,-42.081703,-47.94162,-48.36504,-44.094154,-47.373398,-47.293983,-47.644672,-50.92141,-53.28035,-53.820747,-54.29467,-53.59293,-55.206085,-56.82587,-55.9539,-57.440777,-56.885468,-59.213604,-59.89489,-61.66941,-59.71637,-59.47548
4320,True,-30.489613,-29.91874,-31.612036,-31.792648,-26.433962,-34.942364,-37.84619,-44.051445,-33.574833,-22.695175,-33.63789,-46.626816,-42.495613,-47.889217,-50.870865,-50.617413,-49.44069,-50.51448,-49.716434,-53.616272,-53.758694,-54.335346,-56.63563,-55.66456,-56.672474,-59.115597,-57.287086,-60.655342,-59.45674,-61.043964,-59.735836,-61.78406
4352,True,-30.520348,-29.482088,-33.166656,-34.042316,-31.433594,-32.709705,-36.67671,-42.938293,-31.585136,-19.53973,-32.54098,-46.422405,-44.49408,-46.074127,-48.89864,-50.723263,-45.36899,-47.91157,-52.821434,-54.797253,-54.212143,-54.519905,-57.297813,-58.57351,-59.176594,-58.27736,-57.318615,-58.854538,-59.4877,-60.944714,-59.475418,-62.018692
4384,True,-27.976294,-27.00937,-27.370512,-31.19286,-25.844002,-32.152557,-36.185802,-38.32761,-35.957386,-26.924252,-35.437805,-44.7229,-46.87522,-43.77865,-45.830986,-49.324776,-47.28005,-48.06363,-51.545788,-54.885326,-55.08163,-57.38002,-57.73314,-58.270374,-56.871162,-58.005527,-58.37185,-59.975185,-61.236885,-61.122974,-59.63928,-61.47328
4416,True,-30.008389,-28.707142,-28.717833,-29.008827,-27.226006,-33.689476,-35.223488,-36.78308,-31.176317,-21.264091,-32.5765,-44.670906,-45.666233,-42.83805,-44.61959,-48.631996,-44.548985,-48.209187,-51.45198,-53.231964,-54.35469,-54.48212,-58.267227,-57.526493,-58.250965,-59.49039,-57.396584,-60.2833,-59.915127,-61.086983,-61.03214,-60.10763
4448,True,-30.843945,-29.202934,-30.558197,-33.761497,-28.83069,-31.987154,-34.854435,-39.388794,-37.72989,-28.091202,-34.668175,-44.78424,-44.135708,-44.559967,-46.847816,-52.717308,-46.51123,-50.10565,-51.802635,-53.221573,-53.76034,-54.71044,-58.63848,-57.46472,-57.852135,-60.09487,-57.716595,-60.77945,-58.833748,-60.832558,-60.676327,-61.96861
4480,True,-27.448406,-31.331707,-34.273705,-34.782307,-31.89309,-32.169163,-35.46372,-36.342422,-33.273937,-27.384127,-36.52168,-43.4457,-43.616947,-45.510406,-47.787376,-52.623466,-46.39421,-49.968243,-54.09944,-54.321217,-53.547737,-56.36753,-57.288548,-58.152466,-56.932,-57.27341,-56.820087,-58.42266,-60.726505,-60.38745,-58.625023,-61.37279
4512,True,-32.95464,-31.178625,-36.810463,-34.22782,-32.5309,-32.445038,-35.279716,-39.236057,-37.2557,-25.308578,-36.149857,-45.607353,-43.732918,-46.305702,-49.06195,-49.783073,-47.085537,-50.40236,-53.19794,-54.874626,-53.939262,-56.049072,-56.627888,-59.104347,-57.813488,-59.407536,-58.13392,-59.37124,-61.450138,-60.532677,-58.128876,-61.435143
4544,True,-28.811909,-29.959587,-34.544445,-30.372845,-25.088987,-35.303734,-35.448517,-35.25043,-34.822662,-24.303452,-35.008854,-43.62256,-41.856964,-42.8993,-44.60173,-48.069004,-47.95163,-50.804867,-53.03219,-52.862274,-53.117004,-54.902428,-60.436325,-59.046173,-57.620995,-60.406837,-56.36156,-60.034065,-61.80656,-60.25305,-60.70491,-62.10029
4576,True,-28.917864,-32.17496,-35.375374,-33.63445,-28.932154,-32.70131,-36.42295,-38.265602,-34.988976,-31.717646,-42.496815,-43.69433,-42.209,-46.90152,-50.295864,-50.53116,-49.22608,-51.272194,-52.9611,-52.923332,-53.302094,-54.73818,-54.762573,-59.86635,-58.562874,-59.189533,-56.488953,-58.731457,-60.55687,-60.35187,-61.034126,-61.043438
4608,True,-32.17696,-29.322433,-32.39115,-35.282036,-26.842916,-34.95082,-37.63646,-40.982613,-38.63918,-26.644857,-36.640717,-47.669903,-44.269386,-43.019394,-46.45736,-48.283173,-45.109,-48.05973,-52.339676,-52.667282,-53.942665,-53.8136,-56.01509,-58.75103,-56.1162,-55.96315,-54.25113,-52.81368,-52.97998,-51.580704,-52.42095,-52.994217
4640,True,-26.506594,-31.448025,-33.304512,-35.639847,-31.341785,-32.459805,-35.69323,-37.760906,-33.367752,-22.91377,-36.742958,-45.500034,-41.169975,-43.960693,-47.23427,-49.846916,-47.046753,-50.476616,-53.671432,-56.581474,-55.677437,-57.674526,-57.665474,-59.74494,-57.457752,-57.203976,-58.63558,-58.90223,-58.463432,-59.481907,-58.69959,-60.211212
4672,True,-31.99635,-30.801126,-35.026443,-33.647915,-28.482838,-40.239212,-39.576485,-41.975082,-32.58744,-20.574677,-32.874386,-42.82998,-40.203186,-47.975807,-50.013992,-52.973763,-45.713585,-48.729782,-57.17016,-55.74905,-54.57184,-56.623207,-54.67916,-56.977783,-59.48139,-57.755543,-56.310047,-61.027966,-62.087536,-59.69681,-59.87122,-60.95089
4704,True,-31.424725,-31.048433,-32.971664,-29.873724,-24.626787,-36.08969,-38.298325,-39.796852,-39.123512,-27.690336,-35.668903,-45.51092,-43.91419,-47.125492,-49.374786,-51.43938,-48.597046,-53.00531,-55.265343,-54.303024,-54.27887,-57.289864,-58.07422,-59.580883,-59.274155,-59.373383,-58.187233,-60.82346,-60.986027,-60.263092,-60.137753,-62.99166
4736,True,-29.494999,-32.347168,-35.053375,-35.06433,-28.995098,-33.799625,-35.88072,-37.916218,-36.82426,-30.135115,-40.44043,-43.48886,-44.04152,-45.20942,-47.244114,-50.634457,-45.870995,-50.943947,-54.039402,-54.965332,-56.549202,-57.279747,-57.041145,-59.143528,-58.29973,-58.608063,-57.253155,-59.62919,-61.53696,-60.057186,-59.71527,-61.25968
4768,True,-28.384703,-29.636768,-34.51157,-32.83222,-26.780151,-33.583378,-36.135906,-38.682938,-36.423107,-30.939735,-41.9345,-43.710693,-42.32972,-43.266697,-46.469387,-52.97029,-44.390907,-46.618477,-53.50655,-57.259895,-52.549282,-55.522884,-57.711033,-59.13548,-58.411427,-60.37367,-57.41546,-59.355118,-59.776802,-59.02039,-61.21898,-61.733932
4800,True,-33.642544,-32.621407,-34.723915,-31.299364,-26.262077,-33.77028,-37.51119,-43.3398,-34.358974,-31.347103,-39.483265,-43.71994,-45.263844,-46.475357,-49.005047,-48.40262,-47.756237,-50.070747,-54.484657,-55.20053,-54.554016,-55.60555,-57.097115,-58.164314,-57.072697,-57.296913,-57.047787,-58.414307,-59.88428,-60.332752,-60.431793,-62.17507
4832,True,-30.252016,-29.857784,-33.020416,-30.444529,-26.069372,-35.271732,-38.904175,-43.794846,-35.114853,-28.707119,-38.299667,-42.4924,-42.5176,-43.97857,-47.841385,-48.703903,-48.275047,-48.42328,-51.147007,-55.663498,-54.825016,-56.125732,-56.869583,-57.92166,-57.50744,-58.829365,-58.130917,-59.205303,-60.01038,-61.885117,-60.8349,-61.923046
4864,True,-28.711376,-29.240389,-37.137024,-30.767532,-24.678673,-34.577404,-37.366215,-40.175774,-31.77994,-20.439434,-32.854313,-47.26935,-48.001865,-46.30687,-46.606365,-49.61929,-48.170677,-49.312534,-52.916912,-55.05466,-56.419197,-55.748756,-56.952003,-58.231377,-57.015686,-58.579132,-57.406975,-58.202366,-58.887897,-60.82086,-59.944374,-60.920124
4896,True,-32.664303,-33.472828,-34.41809,-35.339428,-31.762686,-35.339046,-38.117325,-40.969463,-35.59597,-24.918634,-37.309204,-43.637463,-44.269863,-47.94592,-47.579685,-49.227478,-49.095078,-51.487816,-52.26192,-52.29761,-56.143818,-55.91919,-56.44696,-58.97791,-58.34946,-57.927315,-58.19418,-60.142475,-61.38043,-61.61617,-60.641617,-60.517864
4928,True,-29.199245,-30.69872,-30.840755,-32.00105,-28.936825,-36.649582,-39.921696,-44.419727,-41.790916,-30.089798,-40.7962,-47.47078,-48.61996,-46.297726,-47.075916,-50.19638,-49.086655,-51.907463,-54.53437,-53.713726,-54.122387,-55.097347,-57.266712,-56.36695,-56.97552,-58.351257,-56.933857,-57.974976,-59.77134,-60.922646,-60.388027,-61.48264
4960,True,-31.81158,-28.935043,-32.701874,-32.943172,-28.72665,-33.312687,-37.62986,-45.538055,-33.521214,-26.908644,-39.182102,-47.25655,-47.543415,-44.543373,-47.205727,-50.204437,-44.820602,-47.581345,-53.09648,-53.73134,-55.452766,-55.55689,-56.211643,-57.82722,-56.189163,-56.941895,-56.86872,-58.07524,-58.281906,-62.127876,-60.94152,-61.677544
4992,True,-29.34858,-29.816866,-34.141266,-32.7053,-27.176468,-34.77363,-37.25317,-38.687454,-36.773563,-29.786291,-36.816685,-44.702866,-43.45504,-44.854046,-48.06255,-51.699684,-46.415253,-49.966743,-52.580025,-54.69957,-55.8847,-55.292114,-56.841755,-58.294823,-58.05952,-58.427433,-57.787918,-59.5381,-59.46698,-60.243282,-59.762253,-60.04342
5024,True,-33.49192,-31.444054,-37.91373,-32.67183,-27.498222,-34.355606,-38.436756,-43.93478,-37.36712,-28.719055,-37.15202,-43.568085,-42.36435,-45.92119,-50.11765,-50.062256,-49.11348,-52.310158,-54.76135,-52.891846,-56.97567,-57.729424,-57.097153,-57.726154,-58.83928,-60.2088,-59.214706,-58.340572,-61.035667,-60.648674,-60.718742,-62.477474
5056,True,-27.929054,-30.755966,-35.213398,-32.132713,-25.734026,-34.438522,-37.82872,-37.354347,-31.463234,-21.961014,-34.390694,-43.015274,-44.528694,-45.91461,-47.89801,-49.048313,-48.160053,-51.022495,-55.06131,-55.245598,-55.673824,-58.2478,-59.559593,-57.51172,-58.290615,-61.320705,-59.895042,-59.87561,-59.486816,-60.04151,-59.0958,-60.972168
5088,True,-25.52685,-26.745777,-34.192127,-33.454624,-28.924492,-34.378067,-35.7307,-37.008297,-32.81455,-25.14854,-39.971954,-43.767204,-41.11778,-47.250122,-49.53959,-52.17524,-46.3611,-50.293423,-54.775116,-55.646667,-53.60219,-55.319103,-58.818172,-58.66223,-57.284897,-61.24758,-58.52771,-59.358078,-61.33426,-57.992355,-58.609577,-61.30087
5120,True,-29.792957,-30.230759,-36.417355,-30.622269,-23.004267,-33.118656,-38.88514,-39.547684,-34.046745,-25.171959,-35.62243,-46.666702,-44.13487,-44.91543,-47.68549,-47.26154,-45.41964,-48.573906,-54.831432,-55.593716,-52.726498,-55.17633,-55.674763,-58.651714,-58.94149,-59.56366,-57.705593,-59.52774,-61.532654,-60.97258,-59.49047,-60.708675
5152,True,-30.230818,-29.276684,-31.570225,-34.957966,-31.186203,-34.939873,-37.12652,-38.80444,-34.315346,-25.339378,-37.609287,-43.18963,-43.158985,-41.98023,-46.32429,-46.877113,-45.009857,-48.168648,-53.962296,-54.728893,-55.948124,-56.307266,-56.643635,-57.05618,-59.49746,-60.70507,-56.82325,-58.918705,-60.83086,-60.090748,-59.312252,-61.51051
5184,True,-29.477041,-28.406189,-32.909664,-33.75054,-29.2544,-30.49998,-33.268288,-27.71288,-31.160376,-28.85722,-35.205086,-34.09839,-36.781986,-35.997787,-34.01566,-31.151579,-28.355865,-32.18445,-42.019157,-42.481705,-43.85888,-43.49209,-42.683903,-46.175735,-43.803555,-40.297005,-36.596252,-32.928642,-29.208803,-32.195286,-34.286762,-34.517662
5216,True,-31.486748,-29.095201,-31.266668,-34.05158,-29.029778,-31.04089,-37.674644,-35.536003,-31.11258,-21.065418,-33.236435,-40.630993,-41.029797,-41.263054,-43.18787,-46.658524,-41.70852,-46.899956,-49.23806,-51.85573,-51.39746,-50.98108,-52.703156,-56.138134,-53.38272,-52.46059,-48.16635,-47.80415,-43.468204,-45.495865,-46.89533,-46.76466
5248,True,-29.473198,-30.850954,-32.01964,-32.71257,-31.650223,-34.19824,-36.136574,-37.488533,-36.483307,-25.326519,-34.632183,-44.41969,-45.291237,-44.71613,-45.626747,-47.031788,-46.291237,-46.97496,-52.130737,-54.764244,-52.68047,-53.660625,-55.408897,-58.167305,-55.590576,-56.926483,-54.848137,-55.005234,-50.849728,-51.085846,-53.056007,-53.771435
5280,True,-30.766666,-31.948017,-33.070942,-31.982058,-27.120935,-34.135963,-39.297386,-43.590355,-38.34265,-30.416777,-42.002533,-41.171494,-41.141857,-43.879128,-49.01191,-46.379463,-45.132378,-49.595966,-53.558403,-54.00297,-53.774307,-55.660942,-56.419006,-56.04226,-55.120853,-57.438606,-55.61464,-56.064247,-53.69619,-53.790543,-55.64249,-57.023155
5312,True,-27.565613,-29.717052,-33.0422,-32.66834,-28.524372,-35.093903,-37.519714,-40.655212,-37.21813,-29.985275,-38.12364,-44.55698,-45.359226,-43.778732,-46.758465,-50.489952,-44.069794,-48.122864,-55.9057,-57.563324,-56.806915,-55.241505,-56.893547,-59.587402,-57.46445,-59.373665,-57.30825,-58.187824,-55.486835,-57.314182,-58.15742,-58.64009
5344,True,-31.357298,-33.094746,-35.30592,-34.347767,-29.409584,-34.816105,-37.212223,-39.56739,-36.79654,-26.866802,-35.754227,-44.371735,-44.182877,-43.48674,-47.963516,-48.947784,-46.9969,-50.424637,-53.02797,-55.16925,-55.04221,-54.71815,-56.36559,-57.292686,-57.967575,-58.207165,-57.60211,-59.752647,-58.672455,-59.191265,-58.439983,-61.208668
5376,True,-26.96722,-32.113678,-36.098515,-32.66047,-27.865566,-35.33473,-40.247185,-44.619083,-36.78944,-27.962696,-37.96441,-43.73424,-45.27249,-46.956383,-46.001175,-48.506554,-44.064636,-46.755943,-53.348618,-53.080444,-54.74602,-56.08519,-57.200855,-58.596718,-59.455105,-58.607784,-57.196125,-58.95102,-58.127922,-60.214153,-60.734093,-61.054688
5408,True,-29.794577,-33.497143,-39.09401,-35.342224,-30.766552,-35.44239,-39.830914,-42.527943,-32.685455,-24.456072,-37.733196,-41.8216,-42.3564,-46.06482,-47.148384,-49.050617,-44.87111,-46.53592,-53.717278,-54.54985,-55.057854,-54.24646,-55.50345,-58.609196,-60.254196,-59.032635,-58.255547,-59.941334,-59.26874,-61.004875,-60.971237,-61.576786
5440,True,-27.820608,-30.974197,-35.571068,-30.954155,-24.19462,-36.610687,-38.853638,-39.906963,-33.36776,-26.343197,-36.747143,-46.848953,-47.173706,-44.87683,-49.6556,-51.87745,-46.472034,-48.732704,-52.757347,-55.964157,-53.64002,-54.33239,-61.015644,-59.07129,-57.64503,-59.01738,-57.908726,-58.67571,-59.07254,-60.10803,-61.441116,-61.89042
5472,True,-29.627415,-33.663162,-34.04835,-32.856617,-29.611664,-35.189983,-37.977455,-44.548264,-33.738632,-26.803951,-37.41289,-45.214252,-45.14437,-45.438023,-48.373455,-48.535538,-46.27508,-50.649292,-54.37696,-54.905895,-54.39941,-54.449562,-57.85919,-58.511826,-57.872562,-58.386288,-56.220222,-59.7018,-60.366016,-59.72844,-60.25353,-62.589447
5504,True,-28.497627,-31.730038,-34.189365,-31.095207,-25.587854,-36.704437,-39.0476,-44.28469,-33.95394,-30.01685,-42.051308,-45.25219,-46.11669,-44.246746,-47.7026,-47.544025,-44.939285,-49.416733,-55.23683,-51.99962,-55.92144,-56.78232,-56.961018,-59.660294,-57.694645,-58.857216,-57.81609,-60.048737,-59.149933,-60.367218,-60.721306,-62.94723
5536,True,-24.626148,-25.399721,-32.47205,-31.80627,-27.752312,-35.423218,-36.54912,-40.084835,-37.408024,-27.480915,-36.340984,-45.22165,-42.89787,-44.76704,-47.11218,-49.622353,-49.588028,-51.776142,-52.124043,-54.78772,-56.02873,-57.353096,-60.717926,-58.702286,-57.652798,-58.28607,-57.66437,-60.994305,-61.52581,-62.746796,-59.34792,-61.044
5568,True,-30.238201,-30.792076,-37.14011,-34.338463,-28.57543,-34.893124,-37.169918,-41.040455,-38.091423,-29.51012,-40.961617,-44.606255,-42.212543,-42.66626,-47.326584,-51.19547,-43.702003,-46.582294,-52.325325,-52.092606,-56.352077,-55.686222,-56.233707,-57.787174,-58.215828,-57.805973,-59.063908,-59.79738,-58.56021,-60.481575,-60.322422,-62.132874
5600,True,-29.196701,-31.419094,-38.430183,-34.717915,-30.24906,-34.800495,-38.14566,-42.778038,-33.766544,-27.188341,-40.291897,-45.26702,-43.38439,-45.484028,-47.695015,-49.7135,-48.048584,-50.593296,-53.381546,-54.86418,-55.115524,-53.20042,-57.158623,-58.552345,-59.043842,-58.24619,-57.289257,-59.899944,-61.06897,-61.427635,-60.84182,-61.186317
5632,True,-28.782007,-26.871899,-34.195515,-33.279305,-25.737831,-35.046288,-39.267647,-45.014767,-36.22062,-28.192396,-39.39605,-46.337547,-45.30455,-47.68299,-48.19954,-45.076107,-44.319397,-47.994,-53.417343,-53.989826,-56.37255,-55.48906,-57.333313,-58.132763,-58.809467,-58.054245,-58.148212,-59.430824,-60.252415,-61.56459,-60.91612,-61.418186
5664,True,-25.967894,-29.822605,-32.53465,-33.780476,-31.92769,-39.199154,-42.424694,-43.288643,-39.31326,-32.72741,-39.461063,-43.137558,-38.896477,-44.316833,-48.68538,-48.52923,-43.42118,-48.38791,-51.631645,-54.37292,-55.9652,-54.195282,-56.75873,-58.074005,-57.884605,-58.387314,-57.24106,-60.01997,-60.420994,-61.903538,-60.865837,-61.785408
5696,True,-25.944122,-27.351875,-34.650574,-30.861311,-25.905113,-35.474297,-39.559906,-41.579056,-33.998524,-26.690207,-40.14083,-46.168907,-44.221634,-43.62892,-47.203163,-47.699287,-42.340515,-47.25893,-53.117805,-55.321808,-54.596027,-53.64646,-56.989532,-55.70044,-54.658566,-57.8801,-54.647797,-55.231316,-54.90595,-54.025375,-54.48332,-56.083775
5728,True,-30.315886,-28.500063,-31.954147,-31.274984,-30.020672,-38.302254,-41.079082,-42.032654,-32.93138,-24.003292,-35.247738,-43.285957,-41.170784,-43.956436,-45.083595,-47.539894,-43.114296,-46.330673,-51.77004,-53.013348,-54.26044,-54.31328,-56.80657,-57.78749,-59.650364,-59.54148,-58.467567,-58.27491,-57.78793,-58.193405,-58.462757,-59.643623
5760,True,-28.780209,-33.66977,-35.595547,-33.317978,-27.932106,-37.38048,-38.483578,-41.886196,-32.994022,-26.015942,-37.389023,-43.812557,-43.31217,-43.47443,-45.878838,-50.044827,-44.657673,-48.407883,-52.448505,-55.266693,-56.170837,-56.771015,-57.8064,-55.920597,-55.783134,-60.05537,-59.886513,-61.44674,-58.622852,-58.908073,-59.295425,-61.477924
5792,True,-30.652487,-29.951763,-38.286964,-34.130497,-27.628672,-33.23005,-36.63051,-43.30862,-33.411606,-22.431946,-34.74608,-45.021282,-41.27825,-45.11058,-50.233215,-54.77826,-43.03944,-46.79068,-52.93161,-54.266113,-55.851818,-56.1998,-58.682446,-57.818794,-57.99065,-59.39602,-59.702206,-60.431026,-60.36121,-56.996796,-59.69646,-60.31494
5824,True,-31.851685,-31.229984,-36.214508,-36.180893,-33.24412,-33.623497,-36.239677,-41.162354,-41.86397,-29.747063,-39.864773,-45.603962,-43.63113,-43.377956,-47.056473,-50.134274,-46.57947,-49.325386,-54.59272,-55.004192,-56.74212,-58.388298,-57.841415,-58.394295,-58.613625,-58.038696,-58.1472,-59.236893,-61.0539,-57.704388,-58.512577,-61.12403
5856,True,-26.490387,-27.33309,-33.10339,-31.920456,-26.841537,-34.34527,-37.048306,-40.137,-35.173344,-27.692158,-41.192932,-44.05821,-43.35178,-45.045048,-49.687504,-50.215195,-46.36349,-50.761993,-54.740253,-53.192604,-55.044067,-56.36526,-57.846573,-58.30755,-59.332108,-60.47528,-58.261456,-60.56645,-60.36192,-60.79444,-59.722294,-60.970818
5888,True,-28.302917,-30.688995,-33.78839,-34.670895,-32.890766,-33.996933,-37.911736,-46.11817,-35.896317,-27.72454,-36.579597,-46.204094,-42.504105,-45.519714,-49.754566,-49.804443,-42.91195,-47.814327,-51.95716,-52.091297,-54.035954,-55.507362,-56.550682,-56.115417,-56.946518,-58.89241,-59.13637,-58.90914,-60.12696,-62.076534,-61.990067,-60.42756
5920,True,-28.311058,-28.786545,-36.323074,-33.232346,-25.973661,-32.28018,-37.415363,-35.375793,-38.077312,-28.087101,-37.685703,-46.217686,-45.65036,-48.766003,-50.107697,-51.483505,-43.627586,-46.790886,-53.495632,-52.606667,-54.21011,-57.115765,-57.644157,-58.965992,-59.142605,-58.65194,-56.968197,-60.264717,-61.23869,-61.671707,-61.086586,-61.087288
5952,True,-33.104244,-34.697414,-33.590633,-33.196625,-27.477274,-34.37848,-37.26474,-39.870842,-29.57537,-22.129807,-36.715477,-46.119274,-47.050175,-46.321217,-47.115562,-46.14691,-43.370262,-48.96132,-54.63777,-53.60476,-54.57983,-54.66173,-58.16487,-59.405014,-58.959846,-58.78172,-56.655125,-58.89264,-60.036163,-61.46015,-60.729843,-59.891125
5984,True,-30.826834,-31.829754,-33.46943,-33.548187,-30.2482,-34.227303,-38.398037,-46.184612,-37.021065,-27.608597,-36.492317,-42.29171,-42.26887,-43.969227,-46.12936,-48.120308,-44.83169,-48.23216,-52.828632,-54.385456,-55.607906,-56.28853,-59.335777,-60.40066,-58.909573,-60.584076,-58.39122,-59.570507,-60.953136,-60.742844,-59.184235,-60.68061
6016,True,-23.84165,-24.504158,-33.505436,-34.468563,-29.561321,-34.656403,-35.057793,-37.558945,-29.348568,-22.445293,-37.060734,-42.979935,-45.257034,-47.216667,-50.04685,-49.714924,-49.02498,-52.826027,-49.74794,-51.794975,-54.613243,-55.83973,-58.58142,-57.119804,-58.116844,-57.940643,-58.229355,-59.90142,-60.57301,-59.939045,-60.0084,-59.976486
6048,True,-28.888676,-29.092339,-36.55659,-32.618702,-26.19359,-33.875774,-35.680637,-39.596107,-34.59511,-27.009468,-39.948753,-45.615044,-44.45157,-45.512444,-46.481518,-51.700684,-40.912586,-45.035698,-51.65802,-52.82444,-52.961708,-57.22335,-59.098167,-57.876007,-56.55951,-58.235535,-58.78884,-60.120377,-59.446796,-61.382233,-59.541286,-60.018612
6080,True,-28.517677,-26.1046,-31.524181,-33.64692,-27.501581,-34.617317,-37.276917,-41.14013,-34.096966,-27.507029,-40.562077,-44.164413,-45.30686,-48.97804,-50.850204,-50.568687,-45.622345,-50.142418,-54.101562,-54.383472,-54.777893,-54.689514,-56.67804,-60.14157,-56.95854,-57.413628,-56.758835,-59.721294,-62.0996,-59.866768,-59.731632,-61.478367
6112,True,-30.370071,-30.876347,-34.43298,-32.76217,-30.091785,-32.37773,-36.045956,-40.281178,-39.58232,-31.848824,-37.787254,-44.91932,-47.592064,-40.381336,-45.29956,-48.817577,-45.406246,-49.521183,-51.73861,-52.567802,-53.83911,-54.3452,-58.39832,-59.93421,-56.69126,-58.677753,-58.370323,-60.34008,-60.96821,-62.497307,-61.524117,-61.86174
6144,True,-30.979778,-29.19338,-36.233303,-32.075798,-25.062634,-34.081814,-38.55179,-42.34219,-37.165874,-30.2756,-40.995144,-43.21119,-42.55487,-45.058384,-49.374153,-48.99315,-45.353004,-51.036613,-53.23417,-55.108368,-54.557114,-56.521797,-56.01093,-58.91533,-57.012688,-59.887615,-58.078407,-59.419895,-60.796513,-59.95037,-60.894398,-62.30542
6176,True,-29.297426,-32.31082,-32.35219,-30.486332,-23.444256,-32.810574,-35.763966,-37.1038,-33.535614,-24.568916,-35.982727,-43.04771,-41.49187,-44.343582,-46.49927,-50.17811,-46.38723,-50.20199,-52.10342,-52.514706,-53.745094,-55.17594,-57.64292,-58.474007,-55.258904,-58.529514,-58.657936,-60.195145,-59.438496,-60.48951,-59.234257,-61.978714
6208,True,-30.893105,-31.664465,-33.839424,-31.916538,-27.0466,-33.253464,-36.797935,-41.682747,-32.893837,-24.869347,-36.516186,-42.861958,-39.503857,-40.806217,-44.201477,-49.510147,-42.827225,-47.753677,-53.279915,-53.526722,-53.239494,-55.179325,-57.598022,-59.250217,-54.178394,-57.164577,-57.317623,-59.365158,-59.000023,-61.471092,-59.14412,-59.69919
6240,True,-29.594692,-29.56602,-33.337082,-32.00377,-25.446575,-32.81849,-37.93977,-43.958782,-37.598946,-27.161545,-36.46171,-44.967667,-42.43462,-42.230602,-45.944992,-49.19598,-41.531452,-46.99897,-54.14385,-54.278984,-54.725834,-57.27551,-58.691628,-57.686363,-54.585037,-56.618217,-57.077675,-58.736977,-58.851784,-60.385757,-59.989067,-59.66659
6272,True,-28.33751,-31.41211,-34.340836,-32.277878,-27.138374,-31.08163,-32.80992,-28.464586,-31.560984,-35.714878,-34.717487,-34.947735,-37.74951,-39.419815,-35.29547,-32.275574,-28.643414,-31.90416,-41.3377,-42.95124,-44.395798,-44.534702,-44.675194,-45.455418,-42.637833,-39.495888,-39.274246,-35.335304,-30.428408,-31.677713,-35.07126,-34.160778
6304,True,-27.80739,-31.013575,-34.805904,-31.46905,-28.055065,-32.952496,-35.76539,-37.03557,-36.97393,-32.896305,-37.18979,-38.905605,-38.993343,-42.18813,-47.20665,-46.526527,-41.660248,-44.338654,-47.778732,-51.42478,-51.142536,-50.5156,-54.6143,-54.551395,-54.56078,-50.746384,-50.68792,-48.995087,-45.6539,-44.977524,-47.975727,-46.9313
6336,True,-30.468092,-33.286938,-34.245564,-32.51724,-26.434725,-34.42181,-37.092045,-38.35384,-32.913124,-27.798464,-36.640923,-43.52096,-41.477295,-43.381477,-45.739742,-47.681946,-44.67906,-47.274914,-49.638832,-49.286175,-51.414886,-51.812492,-56.413307,-57.421535,-56.76857,-55.18651,-56.03151,-54.86719,-49.169456,-48.820885,-53.37618,-52.90284
6368,True,-27.353031,-30.453339,-33.33044,-31.490591,-26.980942,-34.075905,-39.06288,-41.8399,-34.05185,-27.04551,-37.78287,-44.48572,-44.397453,-44.97016,-45.58146,-49.29853,-41.27968,-45.554764,-54.291298,-53.665123,-51.562008,-53.232174,-57.901886,-58.17193,-56.95236,-55.171654,-55.40111,-56.00406,-53.995995,-53.95488,-56.04984,-57.01899
6400,True,-27.070091,-30.29907,-33.621185,-33.543144,-29.22878,-33.550182,-35.979736,-40.995644,-36.556946,-26.171389,-37.159584,-41.632263,-40.76815,-41.909027,-45.612316,-48.964005,-45.668297,-49.092197,-54.861443,-53.254128,-53.09075,-55.422096,-57.72191,-58.5438,-56.083496,-59.06534,-56.15445,-58.23412,-56.431828,-57.280304,-58.98504,-58.998604
6432,True,-25.472383,-25.783083,-31.561644,-31.510193,-27.002466,-34.51165,-38.812004,-42.810017,-32.567173,-24.457409,-39.22377,-44.112015,-41.954235,-42.342113,-44.487858,-49.309685,-45.61352,-49.040607,-52.999855,-57.560135,-55.163708,-55.84552,-56.699463,-56.176003,-58.09507,-58.80126,-57.598972,-59.109272,-59.93401,-59.533394,-61.143757,-59.57112
6464,True,-23.905191,-25.060244,-32.35257,-33.57852,-27.709608,-34.62505,-37.823856,-38.198246,-30.645035,-22.04626,-38.077118,-44.207718,-45.783485,-40.561935,-44.975258,-48.972286,-45.320362,-50.487385,-52.06734,-53.22847,-54.285942,-54.851955,-60.185646,-57.992813,-59.500404,-59.84486,-58.35434,-59.914364,-59.071304,-59.903072,-60.819534,-61.010155
6496,True,-28.154556,-31.45625,-35.6498,-32.71402,-29.530388,-34.00552,-36.38242,-39.736374,-35.92361,-26.14232,-37.67096,-43.373558,-43.78735,-42.990475,-45.87608,-51.23333,-47.441055,-48.11215,-51.23539,-53.730255,-53.984188,-54.160595,-57.210926,-57.75692,-57.212204,-58.964485,-57.887196,-59.459995,-59.20879,-61.226635,-60.06083,-60.300858
6528,True,-26.536156,-28.340881,-37.599297,-34.615204,-28.662918,-33.71406,-35.748558,-36.482845,-38.09572,-30.843973,-40.930702,-40.706257,-41.34863,-44.564552,-48.311348,-49.82795,-44.03984,-47.955036,-52.339634,-53.100452,-55.228504,-57.16456,-58.73214,-58.353767,-57.42772,-57.876045,-56.562447,-59.58802,-62.37754,-61.425003,-59.941673,-60.94028
6560,True,-23.015089,-30.316446,-33.56452,-31.281582,-27.99847,-34.468945,-34.605415,-36.461864,-37.316093,-28.071503,-37.21106,-46.066902,-49.68271,-48.296696,-48.674362,-48.008965,-43.404884,-48.19983,-52.257637,-54.102005,-52.21914,-55.485996,-57.47707,-56.030075,-56.816364,-57.359413,-58.97377,-60.505653,-62.352676,-62.53277,-60.08249,-59.32928
6592,True,-26.951267,-29.123468,-35.178825,-34.816795,-28.141668,-35.332542,-35.63815,-34.927868,-33.53907,-24.812576,-39.24113,-43.27765,-43.019196,-48.793682,-48.075943,-51.13297,-44.680714,-48.22605,-53.00011,-53.087086,-53.983463,-54.842583,-57.853973,-60.370476,-58.267746,-57.814987,-57.13118,-59.33928,-60.76691,-60.93499,-60.909523,-62.16379
6624,True,-25.929033,-31.057137,-33.817448,-31.308117,-26.89647,-34.366653,-36.33718,-36.455044,-35.522713,-25.45097,-37.24193,-45.472275,-44.76985,-43.133675,-48.84643,-52.982582,-46.83188,-47.97302,-52.310184,-52.594177,-55.187283,-56.083942,-55.989265,-58.813324,-56.047188,-56.235065,-58.03501,-58.176826,-58.120148,-59.684555,-58.18211,-60.0238
6656,True,-26.992798,-32.88812,-40.492023,-34.98004,-27.525639,-34.027985,-34.77215,-35.294525,-36.477245,-30.750692,-39.49567,-44.23517,-43.15807,-47.109367,-47.54621,-47.518047,-48.848824,-50.970654,-51.163544,-53.619804,-55.28505,-59.204754,-58.764977,-56.985596,-58.74069,-60.46774,-57.98939,-59.72206,-60.748516,-59.940178,-58.94613,-61.314972
6688,True,-25.675543,-31.019392,-39.45451,-33.42919,-27.526875,-32.947205,-36.580166,-39.590687,-35.34745,-26.482344,-36.18141,-46.01114,-44.41088,-42.98035,-47.168755,-50.643036,-44.276844,-47.936214,-50.873642,-51.669136,-55.894646,-56.60255,-56.968903,-57.365196,-56.998173,-57.01085,-58.181995,-59.59477,-59.86479,-60.523792,-60.75894,-61.091095
6720,True,-29.991272,-31.336176,-32.708786,-30.5713,-26.589287,-35.877438,-37.010838,-37.963207,-34.944366,-23.393858,-34.655567,-44.160275,-45.85228,-43.610962,-48.605186,-48.574837,-43.611794,-46.84552,-50.864708,-53.844753,-54.672363,-54.84978,-58.559345,-59.064445,-58.644882,-60.29575,-59.478493,-58.75328,-60.548855,-60.79546,-58.602947,-61.344868
6752,True,-28.376785,-31.792656,-33.104652,-34.30983,-29.564716,-36.27497,-38.16566,-41.980206,-42.468914,-31.826925,-37.772728,-45.0897,-42.56485,-47.806465,-47.44778,-50.146553,-42.632378,-47.43115,-53.573223,-55.011543,-55.123386,-54.563557,-56.75075,-57.446053,-57.55584,-58.418392,-59.62047,-59.755253,-60.17215,-60.554523,-59.774178,-61.729134
6784,True,-24.816525,-27.334192,-32.10184,-30.923307,-28.6034,-33.17825,-35.876343,-37.24198,-33.143288,-25.764818,-34.389896,-43.960884,-41.72673,-47.442932,-48.413765,-51.533474,-45.335697,-47.649773,-53.447876,-55.102936,-54.413834,-54.27341,-56.967663,-58.458363,-58.92323,-58.032448,-57.54679,-59.504005,-59.129986,-59.81328,-59.19808,-60.29453
6816,True,-27.659145,-31.111835,-34.717815,-32.434708,-29.05355,-34.745514,-35.61792,-40.301857,-28.808891,-22.76623,-33.51994,-40.820297,-37.801937,-45.54406,-45.221313,-50.14176,-45.256836,-47.84059,-52.897396,-55.345608,-53.230164,-53.215183,-55.099556,-55.216976,-56.672638,-56.404663,-54.095848,-52.958412,-52.810715,-51.59091,-52.86879,-55.018906
6848,True,-24.33055,-29.824154,-37.1128,-32.238087,-27.245682,-34.77075,-35.56351,-36.7103,-31.955767,-26.910353,-40.183434,-44.830406,-42.915348,-45.72248,-48.77896,-49.506752,-42.682728,-47.756065,-53.919174,-55.138477,-58.0769,-57.986263,-58.608585,-56.9824,-57.03076,-56.59086,-58.59208,-58.690964,-59.670403,-59.308174,-58.5626,-59.302055
6880,True,-24.857346,-26.820747,-36.554565,-31.281511,-24.742926,-36.222755,-39.06613,-41.930508,-31.338478,-23.070108,-35.015522,-42.766937,-40.54679,-46.575447,-48.36589,-47.635963,-43.988033,-48.071075,-52.117188,-53.729286,-54.480442,-54.578266,-57.888027,-58.59584,-57.307922,-58.395065,-57.28791,-59.737854,-58.35595,-59.434296,-58.278652,-58.862923
6912,True,-25.332535,-28.710405,-34.84896,-34.477886,-27.792006,-32.228924,-36.68409,-40.20222,-33.38851,-28.599531,-37.22609,-44.026253,-41.649014,-44.694817,-46.351147,-53.182964,-45.58115,-49.187298,-53.81739,-55.57613,-53.4581,-55.008125,-58.238228,-57.030453,-56.102325,-56.59848,-55.68533,-59.108994,-57.75704,-59.293274,-58.260902,-59.094482
6944,True,-25.858877,-29.999397,-35.567123,-34.312817,-29.663973,-33.184494,-36.468494,-38.349495,-34.343105,-25.9476,-35.321014,-40.733917,-38.07169,-44.409195,-47.106167,-48.902267,-40.734676,-46.520752,-52.274704,-52.786694,-52.5084,-53.85365,-56.43013,-57.118298,-57.38171,-59.57933,-57.85823,-58.542862,-59.374084,-61.0064,-61.02307,-60.766365
6976,True,-24.633503,-27.636358,-35.675934,-32.249683,-28.611334,-34.85578,-37.139717,-40.48264,-31.85801,-23.635033,-33.918633,-47.958027,-45.13639,-40.51165,-47.227703,-49.856865,-45.211407,-50.73904,-54.95012,-57.01437,-54.760593,-54.57279,-56.381283,-58.29721,-58.508873,-59.474964,-58.766266,-59.47484,-59.573383,-59.68382,-61.000137,-61.294247
7008,True,-26.12504,-31.70928,-35.933926,-34.04897,-26.785458,-31.694008,-36.286884,-39.66074,-33.74648,-24.912834,-35.14293,-47.26172,-44.820827,-47.08387,-47.97533,-50.638615,-44.258457,-47.164692,-52.192833,-53.42005,-54.577354,-56.196213,-58.35309,-58.47339,-58.32336,-58.765163,-59.0823,-58.476254,-59.517296,-59.36894,-58.888145,-60.53928
7040,True,-24.825394,-28.391998,-33.714783,-35.065643,-29.757593,-33.508728,-34.44813,-34.596382,-31.388424,-23.943928,-38.078003,-42.936226,-41.779766,-43.474274,-44.52343,-49.65792,-44.795433,-49.719845,-52.044357,-53.23803,-53.008175,-55.005943,-55.240425,-55.651314,-56.893982,-58.293724,-56.500317,-59.72717,-59.675804,-61.358383,-60.9077,-60.55611
7072,True,-28.024181,-27.703066,-37.733936,-33.656,-25.747137,-34.448288,-36.766624,-36.50065,-33.702957,-26.675253,-39.14557,-42.89647,-47.462418,-45.072117,-49.26014,-48.600456,-45.706787,-49.432877,-50.379025,-52.96479,-55.247116,-57.527267,-56.541344,-56.86359,-57.04681,-56.83129,-54.565277,-56.718666,-60.027878,-59.244896,-59.637115,-59.688416
7104,True,-26.031807,-31.204264,-34.13838,-33.54986,-27.84376,-35.21031,-35.384594,-35.60087,-36.019905,-27.816967,-41.439896,-43.35043,-43.460003,-40.825726,-48.788105,-50.04889,-44.601593,-48.566303,-55.341316,-55.137703,-53.263878,-53.807213,-56.670536,-58.224087,-58.207504,-58.358494,-57.23472,-59.106422,-59.656277,-60.683884,-59.15852,-60.878925
7136,True,-26.949665,-31.442383,-37.050888,-32.826427,-26.678337,-32.31338,-34.081795,-36.316154,-33.46029,-23.920794,-35.585743,-45.597282,-45.22908,-44.621628,-46.601845,-49.996887,-44.185757,-48.131317,-51.420193,-53.51887,-54.888454,-53.72754,-58.76862,-57.604748,-59.365383,-60.690083,-58.070415,-59.067818,-59.62807,-60.263485,-58.994263,-59.778233
7168,True,-28.674713,-27.951366,-33.32533,-34.469894,-28.18565,-34.11581,-36.18761,-36.5657,-39.01304,-31.314873,-36.872303,-44.952663,-44.596146,-47.37637,-51.510674,-52.81865,-43.723824,-47.08725,-52.53839,-52.673794,-55.880466,-57.390953,-58.376812,-57.567844,-58.377117,-59.340267,-56.659756,-58.973694,-59.026302,-61.558285,-60.533325,-60.52466
7200,True,-29.934677,-30.363152,-36.451527,-30.896755,-23.4656,-33.837173,-35.62659,-35.690357,-36.093945,-27.096138,-40.0165,-43.060017,-42.072636,-45.466076,-47.57502,-49.360054,-41.154953,-46.251225,-51.917854,-52.782978,-54.49394,-56.44557,-58.48156,-59.09523,-57.54633,-58.440556,-55.8733,-58.466675,-61.727066,-61.48224,-60.029987,-60.83385
7232,True,-26.174326,-26.88465,-33.965546,-33.39837,-28.146675,-36.32439,-37.034874,-35.98455,-33.815235,-23.405552,-33.462826,-43.2152,-43.99757,-45.20574,-49.296288,-50.875145,-45.80204,-48.23668,-55.054363,-55.38215,-54.793976,-57.509605,-61.186405,-59.356247,-58.759926,-58.772892,-55.843372,-58.40983,-59.760963,-60.797653,-59.060417,-59.811417
7264,True,-25.85352,-29.902727,-35.172504,-34.681725,-29.124878,-34.548965,-36.731415,-38.428196,-32.13372,-24.606686,-36.34732,-43.06602,-43.032036,-45.67137,-49.507793,-52.255367,-45.919617,-48.391144,-53.70929,-54.84043,-53.096806,-54.4254,-57.0916,-57.63226,-59.92468,-58.032436,-56.04217,-58.33002,-59.855698,-60.718254,-60.282997,-60.4113
7296,True,-25.673798,-28.924793,-35.907948,-33.86087,-29.428051,-35.4304,-35.53363,-33.555443,-31.495014,-22.504671,-33.884617,-41.386765,-40.66599,-47.085285,-48.678265,-48.964924,-46.56253,-49.904915,-52.140846,-54.648163,-55.579792,-55.329437,-58.766487,-57.397636,-58.33452,-58.90411,-57.082817,-57.572853,-59.709106,-60.964188,-60.45195,-60.282623
7328,True,-28.258022,-28.663418,-32.76524,-34.18866,-29.588339,-35.836033,-38.26111,-38.662975,-36.833824,-30.423393,-39.139236,-44.655308,-42.897167,-42.2872,-47.922256,-48.626003,-44.964314,-49.126495,-49.992313,-52.66487,-54.79367,-55.141052,-56.451393,-56.9154,-57.504303,-59.708977,-56.799164,-58.477654,-60.308395,-61.381096,-59.353683,-62.268604
7360,True,-29.162405,-34.62652,-32.039932,-29.528515,-25.780876,-33.756763,-35.5655,-31.793701,-31.965355,-28.043726,-37.70123,-34.565666,-35.928493,-37.706787,-35.6324,-32.546036,-29.673624,-33.184017,-42.928806,-44.8573,-47.544044,-45.346497,-45.727226,-44.63262,-44.96078,-42.470535,-40.89547,-34.61775,-30.023556,-32.21491,-33.976254,-34.37417
7392,True,-26.1198,-27.427397,-34.402752,-33.006878,-29.119871,-28.940325,-35.855545,-35.832355,-31.158413,-27.28881,-38.002037,-37.50545,-41.498375,-43.554195,-44.904026,-44.660053,-38.382404,-42.407753,-47.755238,-50.404,-46.743732,-47.992672,-51.61301,-52.53302,-51.907166,-49.728867,-49.389122,-45.270844,-41.205517,-42.606678,-42.39527,-41.966587
7424,True,-27.658627,-27.422916,-33.947815,-31.20939,-28.475225,-33.68919,-36.262806,-41.322178,-31.24862,-22.47892,-33.97015,-44.82237,-42.587273,-41.93643,-46.082005,-47.51304,-46.095062,-48.08785,-53.759632,-53.49117,-50.852436,-51.028107,-54.38242,-56.33716,-55.262077,-56.15918,-54.299606,-53.235325,-47.673183,-48.936005,-51.707516,-50.900036
7456,True,-27.88205,-28.637018,-34.07637,-32.341217,-27.736366,-36.18172,-39.849163,-41.88988,-35.02615,-27.294596,-38.587395,-45.13826,-42.400833,-45.81386,-48.584404,-46.91608,-46.63994,-48.888546,-52.8136,-55.22354,-54.608253,-53.237247,-55.242874,-57.147373,-55.192585,-55.767517,-56.88588,-55.84007,-52.250313,-53.340034,-55.985878,-57.538662
7488,True,-25.886116,-28.127285,-35.4355,-32.956573,-26.947304,-36.50699,-38.39474,-41.128864,-31.785793,-23.891638,-36.21581,-41.09367,-42.595894,-43.332733,-45.349457,-48.965263,-45.370003,-47.646645,-51.677494,-54.980145,-55.680786,-57.196384,-57.527252,-59.260323,-59.770107,-57.602715,-56.90531,-56.56241,-55.686104,-57.39324,-58.13188,-60.283463
7520,True,-27.919558,-29.944323,-35.407158,-31.650478,-27.114431,-32.269238,-36.462288,-41.71371,-30.767918,-24.680569,-39.754013,-44.607586,-43.76926,-41.870255,-45.85472,-48.167423,-45.823112,-48.845787,-53.452515,-54.467754,-55.244324,-54.464134,-56.78933,-55.858696,-56.160316,-58.4555,-57.627373,-57.88478,-59.589424,-59.72711,-58.330063,-59.70397
7552,True,-23.933266,-31.515442,-35.343506,-32.261654,-26.51269,-33.743523,-35.916496,-39.87063,-33.62319,-28.585022,-39.654953,-45.45475,-46.3653,-42.65464,-44.803032,-49.666004,-43.603424,-46.99922,-51.396294,-53.358837,-53.28399,-54.078583,-55.16327,-56.027203,-56.038036,-57.017097,-56.867985,-58.07796,-60.62976,-59.91009,-58.439568,-59.714058
7584,True,-25.007963,-25.949177,-36.26605,-32.226463,-27.466522,-33.260887,-35.46103,-36.78297,-35.43573,-30.17597,-38.76417,-42.119137,-41.34305,-45.55019,-45.386616,-46.93634,-46.63897,-48.557228,-52.527348,-52.251335,-55.592884,-57.66601,-56.9003,-56.17112,-56.211823,-56.15461,-57.234024,-58.602734,-60.02958,-60.71643,-58.59304,-58.91747
7616,True,-31.124294,-29.980022,-33.89467,-30.787804,-23.790262,-35.019764,-37.46295,-37.087467,-34.845917,-26.12344,-35.776215,-45.938572,-45.35315,-43.56904,-48.35606,-49.36161,-42.793648,-46.14472,-52.676003,-54.181076,-56.114124,-56.10323,-57.911114,-56.69678,-53.930584,-58.932034,-56.361656,-59.813557,-59.44454,-59.874226,-58.13801,-60.563282
7648,True,-26.90701,-29.981096,-34.11098,-29.701382,-24.635,-34.20111,-37.320515,-40.724777,-39.054977,-30.123262,-38.77455,-46.138443,-43.86624,-44.230083,-47.17531,-46.02074,-44.865982,-46.108013,-51.979885,-53.893997,-56.28449,-57.20537,-55.85607,-57.42283,-60.23128,-60.70189,-56.492634,-57.771206,-60.111137,-61.212486,-59.749184,-61.2638
7680,True,-27.771017,-31.572123,-36.784966,-38.21007,-35.52794,-34.822273,-35.914658,-36.023476,-35.69249,-30.621017,-39.21815,-46.48709,-47.147823,-43.67043,-45.170013,-50.30921,-43.832317,-45.356003,-52.10646,-53.403564,-54.54983,-55.370865,-56.447468,-56.834007,-55.89869,-56.591675,-56.28073,-58.497334,-60.677734,-59.771725,-58.80012,-60.325527
7712,True,-24.186115,-24.72991,-34.8964,-32.809513,-26.566942,-31.067553,-34.880566,-40.16263,-37.61094,-27.725147,-36.26232,-44.77766,-44.655785,-42.9329,-45.691776,-48.20429,-42.971916,-45.442486,-52.55616,-54.187675,-55.415977,-57.027695,-59.187187,-58.62226,-57.620697,-57.32763,-58.309555,-58.57462,-60.25131,-60.85362,-59.538044,-62.150932
7744,True,-27.188005,-31.601954,-35.162014,-33.521336,-29.866331,-32.890083,-36.686707,-38.43664,-30.576195,-23.81756,-36.145027,-43.160076,-45.285004,-45.986794,-49.765583,-49.713066,-47.423363,-48.86578,-50.52707,-52.290916,-52.87474,-55.0652,-56.32012,-57.13553,-56.387714,-56.81405,-56.372833,-58.91607,-60.74551,-60.81747,-59.22886,-59.73719
7776,True,-27.314074,-30.8146,-35.95681,-33.498264,-27.4035,-33.56801,-35.99875,-38.860085,-35.645164,-26.450943,-37.93051,-42.707336,-44.080887,-43.047832,-46.08908,-49.829594,-44.543655,-46.584553,-52.675888,-55.09947,-54.822113,-52.837276,-54.457207,-57.26225,-56.453663,-59.028873,-56.32493,-58.396492,-58.70835,-61.204334,-60.7066,-61.39946
7808,True,-26.198193,-25.484324,-35.41716,-35.22795,-32.317852,-35.513645,-37.892376,-40.156433,-34.53923,-28.90136,-37.711708,-42.238903,-41.595528,-43.09094,-47.83378,-48.911396,-42.908405,-45.193085,-49.478615,-53.011986,-54.55744,-56.05659,-58.62892,-59.07968,-57.610012,-58.70788,-58.043102,-59.850998,-60.39997,-61.874977,-61.292557,-60.54135
7840,True,-25.14375,-26.100372,-34.32309,-33.681404,-27.64364,-34.042934,-37.47141,-41.637688,-34.19339,-29.721565,-41.051556,-43.83652,-41.087242,-44.886417,-47.607285,-48.356712,-48.684,-50.66418,-49.742054,-51.629543,-53.78111,-54.697304,-59.17847,-58.18426,-58.042397,-59.049778,-57.14982,-59.211823,-60.397095,-60.647923,-59.39518,-61.544777
7872,True,-29.401154,-31.316448,-33.00161,-30.62061,-25.359404,-31.88082,-36.562508,-43.07033,-32.281822,-26.688726,-37.211685,-43.723152,-39.97712,-41.43822,-45.03511,-50.391266,-46.232983,-48.57094,-53.7358,-53.037437,-53.189007,-56.297836,-57.95767,-59.48741,-58.602005,-60.673294,-56.856987,-58.1045,-58.97814,-59.519913,-59.09018,-61.276978
7904,True,-24.913326,-26.400661,-32.12401,-34.235588,-28.936777,-33.622746,-36.689575,-42.11064,-28.864658,-22.994911,-38.92183,-42.7655,-39.499218,-45.494278,-49.64923,-47.052975,-43.08281,-49.36978,-53.660336,-53.766335,-56.120575,-55.958878,-56.610962,-57.05471,-58.284515,-58.00965,-55.79014,-52.78797,-53.25346,-51.651424,-52.744904,-55.676544
7936,True,-27.804365,-27.21997,-33.38063,-34.513847,-27.952042,-31.921825,-37.188778,-44.324287,-33.44458,-24.760197,-37.15128,-41.752186,-40.922157,-46.66727,-46.776917,-48.65661,-45.768467,-47.63127,-54.350983,-54.736023,-53.333595,-54.340965,-58.388424,-58.24459,-56.060402,-56.798164,-56.48021,-58.946384,-58.401833,-61.06186,-59.55754,-59.92404
7968,True,-26.4116,-28.78627,-33.703686,-32.448784,-28.357433,-35.720222,-37.03161,-38.93274,-33.250774,-26.118591,-39.651608,-42.01851,-40.917076,-46.520267,-51.45877,-47.029785,-47.71702,-51.286827,-53.582527,-53.391853,-55.250362,-55.76377,-56.22081,-57.799995,-57.239655,-58.498096,-57.989563,-58.89247,-59.269257,-60.815235,-58.933052,-60.847534
8000,True,-26.895359,-25.352036,-33.32542,-34.241642,-29.071754,-34.04489,-36.69291,-41.005875,-36.734577,-24.83988,-33.469738,-43.196026,-43.418617,-46.147503,-46.972923,-48.81504,-44.353252,-46.465294,-52.258034,-54.607586,-54.75243,-55.365364,-57.167377,-58.49214,-57.889435,-59.870537,-56.71424,-58.36286,-59.663006,-59.168297,-60.207005,-62.42207
8032,True,-30.262804,-31.231602,-32.399315,-30.635746,-26.407814,-33.23477,-36.283478,-37.03164,-33.708263,-23.93937,-33.346676,-44.279243,-44.00957,-45.06347,-47.061306,-50.397797,-43.891453,-46.220436,-54.84076,-54.81142,-52.249485,-55.625565,-55.63922,-58.75618,-57.05516,-58.467384,-56.37434,-60.72551,-60.97471,-61.095566,-57.577347,-61.729004
8064,True,-23.672844,-24.47668,-36.341087,-35.307217,-31.205494,-35.91719,-37.717022,-39.643803,-36.646545,-30.168457,-36.701736,-47.473454,-41.993023,-42.846657,-45.925804,-47.40017,-42.245884,-44.138687,-54.464226,-55.598713,-53.43166,-57.86726,-56.431892,-59.57638,-57.417606,-58.632515,-56.52896,-60.445858,-61.99326,-59.367073,-59.31309,-61.005627
8096,True,-30.31272,-30.984945,-32.168167,-33.39266,-27.541056,-35.763287,-37.20814,-38.037094,-37.89267,-28.105995,-36.891407,-45.928493,-45.7752,-40.183258,-43.3851,-46.43776,-45.41194,-46.539345,-51.197834,-52.729794,-55.335125,-56.07306,-54.901142,-58.328255,-59.03454,-59.030334,-58.086643,-60.736694,-59.587814,-60.241695,-59.64256,-60.82348
8128,True,-23.510643,-26.722939,-35.6003,-32.169342,-27.933811,-36.499844,-35.196167,-35.003635,-39.18835,-31.124037,-37.548595,-45.197876,-46.064026,-47.171875,-49.385704,-49.361134,-43.56306,-45.97329,-52.02092,-53.58768,-55.27925,-52.47267,-56.92658,-58.006092,-58.422207,-59.72342,-55.934525,-58.940163,-59.919235,-61.698753,-61.157284,-59.96079
8160,True,-26.660948,-28.866547,-37.401627,-32.343506,-26.965588,-33.13927,-36.56837,-37.653793,-39.16916,-29.845001,-36.313484,-44.071,-43.13751,-43.37299,-49.85415,-48.977016,-46.01525,-50.124634,-52.59638,-53.900414,-56.622715,-55.892868,-57.071987,-59.952335,-59.125313,-57.879128,-56.358925,-59.28283,-59.82308,-61.34651,-61.920135,-60.484474
8192,True,-25.066359,-26.82946,-37.133392,-31.776316,-25.88361,-35.78292,-35.116547,-34.23956,-39.608547,-33.17798,-38.964745,-44.782234,-44.1091,-48.896046,-50.357037,-50.957893,-44.470272,-48.682804,-55.976887,-55.80526,-54.607906,-56.37832,-58.77073,-59.121452,-57.356125,-60.475124,-57.28676,-58.947098,-58.644405,-60.418568,-61.24917,-60.75655
8224,True,-26.658232,-26.437859,-31.192522,-31.44079,-26.46062,-35.706364,-37.16663,-36.437634,-35.64873,-24.769634,-33.603542,-40.136765,-46.0927,-43.29956,-46.075768,-46.313038,-42.44088,-47.39457,-51.799374,-53.50917,-57.353764,-58.80877,-58.682617,-57.22822,-57.95776,-58.50425,-58.30805,-60.181747,-59.544697,-61.016197,-60.447525,-60.9243
8256,True,-26.138775,-26.198792,-33.30609,-32.360386,-27.951668,-35.018738,-36.580738,-39.015522,-33.678085,-26.79263,-34.958267,-45.25639,-46.85043,-42.4925,-44.548664,-47.677418,-45.476643,-49.31879,-53.884396,-52.487473,-55.301674,-55.038258,-56.228973,-56.6794,-56.90822,-56.824104,-57.765488,-59.28879,-58.745045,-61.562725,-61.337933,-62.211346
8288,True,-27.925598,-28.739574,-35.31752,-31.351316,-23.586119,-33.802063,-37.650833,-41.55986,-39.840275,-29.288874,-36.29264,-43.52386,-43.16219,-42.516968,-44.149178,-48.337265,-45.947758,-49.65026,-55.501434,-55.227455,-54.03459,-55.221565,-57.08292,-57.59082,-57.050156,-58.5277,-56.66779,-59.318535,-58.521915,-61.644436,-59.964684,-61.821564
8320,True,-28.517115,-31.287405,-34.361416,-33.894264,-27.731512,-36.30355,-37.537067,-39.0851,-36.91041,-31.624071,-37.847572,-43.68034,-42.327988,-41.05863,-42.007553,-50.9194,-45.200024,-48.121014,-55.552788,-53.407154,-52.285027,-54.076454,-57.29027,-56.891235,-57.26226,-57.526203,-56.352993,-58.131775,-60.17149,-62.067486,-59.235138,-61.498245
8352,True,-28.390789,-28.075945,-31.130789,-33.378128,-28.396837,-33.218513,-37.4818,-39.202087,-38.13393,-27.290556,-36.413452,-43.227425,-40.88547,-44.954853,-47.533653,-50.108704,-45.75792,-48.604637,-55.01385,-51.992935,-53.99173,-54.429512,-58.41311,-59.43878,-57.589897,-58.337624,-58.893135,-58.768772,-58.94948,-60.27004,-59.47911,-61.537827
8384,True,-24.075665,-25.241127,-35.676834,-30.719925,-25.18523,-35.781883,-38.83504,-40.974503,-37.279865,-27.832327,-34.61674,-43.395363,-41.225388,-43.80181,-47.482265,-49.714245,-48.99885,-50.293327,-52.966743,-54.663902,-55.513557,-55.34006,-56.216637,-58.93689,-58.71105,-59.095947,-56.673546,-58.822746,-59.447002,-58.69908,-59.159664,-61.66278
8416,True,-26.054289,-28.153034,-36.69065,-34.331604,-28.26101,-34.8687,-37.979847,-39.970585,-35.57015,-30.20045,-39.62217,-43.484802,-42.004196,-40.300407,-42.891026,-51.41241,-45.57495,-48.668396,-51.97128,-52.53984,-53.218723,-53.03118,-57.313004,-61.116478,-57.736443,-56.195065,-57.315907,-59.26811,-58.506653,-60.03473,-60.18372,-62.10173
8448,True,-24.663145,-26.51252,-33.589127,-32.75692,-26.479713,-35.40623,-38.372875,-41.467796,-39.997524,-32.592518,-39.826504,-42.789436,-42.229496,-42.236286,-45.295746,-48.877693,-43.48225,-45.356346,-51.78102,-54.073948,-54.230694,-55.533707,-56.29712,-61.053585,-59.519737,-58.235863,-57.92031,-59.033104,-60.317734,-60.99964,-59.604332,-58.119713
8480,True,-25.326406,-24.960903,-34.498013,-32.071,-26.34914,-33.831947,-35.91168,-37.957493,-37.06001,-31.839827,-38.067383,-41.954414,-40.649525,-44.505272,-47.902252,-51.28399,-47.724655,-49.56232,-53.59742,-53.352386,-54.280746,-55.735058,-57.585773,-57.33698,-57.81444,-58.210163,-57.403755,-58.21323,-60.20828,-60.67307,-60.355927,-58.97495
8512,True,-26.057663,-28.69237,-36.42679,-32.5753,-28.512276,-33.430878,-36.009422,-36.941086,-40.13552,-29.008684,-36.288334,-42.10842,-42.580055,-45.693058,-47.32023,-49.204365,-44.885796,-46.45281,-51.047558,-51.623474,-54.94627,-54.459534,-55.97259,-57.4856,-55.74391,-57.209606,-57.618332,-59.400364,-59.225063,-60.275368,-58.833622,-60.613686
8544,True,-28.43704,-27.511427,-34.613728,-33.473133,-25.829075,-34.48036,-37.849987,-40.074028,-37.161213,-34.02245,-40.855858,-43.78632,-42.658237,-46.954475,-48.70906,-50.55018,-44.17091,-46.53131,-52.446426,-54.144917,-54.848267,-55.893154,-57.48815,-58.300816,-56.738396,-59.157158,-58.223186,-59.822838,-59.639454,-60.620914,-59.830227,-59.41207
8576,True,-26.341303,-27.01926,-36.2299,-36.849846,-30.656277,-33.63459,-34.21111,-35.363506,-41.060184,-30.135586,-35.9914,-42.95734,-42.620434,-47.339836,-47.664833,-48.515667,-47.59666,-50.295864,-54.251472,-56.3846,-54.347645,-55.479332,-57.362255,-55.889454,-56.711082,-57.952538,-57.119072,-59.005707,-59.638023,-61.792988,-59.169773,-59.164654
8608,True,-26.190374,-26.252697,-34.41608,-34.307873,-28.365765,-36.149868,-40.65383,-42.895042,-43.09749,-27.605267,-35.91771,-43.256897,-42.935787,-46.629753,-45.825455,-51.399975,-46.582905,-48.344276,-55.275158,-55.827236,-57.15965,-55.714703,-57.185036,-57.241573,-57.34413,-58.43247,-56.63938,-59.636303,-60.518665,-61.040844,-59.034634,-61.302868
8640,True,-26.790972,-25.391754,-32.633568,-29.898014,-30.502148,-33.008465,-34.563614,-36.945423,-41.119465,-33.45341,-38.536983,-46.26636,-47.718502,-44.647934,-43.93932,-50.39978,-48.733086,-50.27477,-55.897873,-53.911896,-53.88043,-55.109867,-57.677475,-56.72829,-56.9591,-58.560005,-56.43463,-58.678764,-58.27496,-61.256516,-61.235725,-60.93851
8672,True,-28.715696,-31.682964,-35.005997,-34.294094,-30.36398,-34.96102,-36.29969,-37.21234,-39.900326,-33.18865,-38.14923,-40.67925,-41.752045,-49.593334,-48.86217,-52.744545,-44.933098,-46.818027,-54.238914,-55.169315,-54.322872,-55.565857,-59.410637,-59.70407,-59.261593,-60.48945,-58.003746,-58.898624,-60.575676,-60.888542,-60.79101,-60.56533
8704,True,-26.895,-29.628841,-35.917656,-35.01915,-31.055222,-37.291016,-39.238384,-38.363117,-38.149933,-33.196594,-39.444103,-46.26583,-47.12524,-44.34852,-46.861244,-49.703297,-40.81325,-42.84291,-52.785107,-55.709717,-54.780807,-55.303925,-55.34557,-56.380127,-54.562546,-57.97815,-57.06867,-58.99376,-60.716652,-60.6917,-58.911728,-62.07182
8736,True,-24.862614,-25.372126,-38.09362,-33.62335,-28.570858,-32.739494,-37.33123,-43.246635,-38.580803,-33.08536,-40.967598,-41.632805,-43.13936,-43.805336,-44.60239,-47.713203,-45.909264,-49.200115,-52.811695,-54.52115,-55.74405,-55.243717,-56.00593,-59.881012,-55.77159,-57.314816,-58.251186,-59.277187,-60.144867,-61.73886,-61.582912,-60.483665
8768,True,-24.96806,-28.735228,-35.383945,-34.83849,-28.758797,-34.91082,-38.03836,-38.98633,-36.01042,-29.064686,-36.553864,-41.704323,-44.660614,-46.869465,-47.99923,-49.26953,-46.763634,-48.747314,-51.221344,-54.562477,-52.068344,-53.979076,-55.547924,-54.537712,-55.59687,-58.37693,-56.670113,-57.487946,-58.376354,-61.05699,-58.307003,-60.17628
8800,True,-29.042011,-29.753407,-32.587658,-32.169453,-27.142298,-33.62872,-36.795113,-38.57495,-37.73935,-31.672958,-39.462223,-43.776978,-43.953865,-47.893036,-49.50081,-51.047817,-48.084274,-49.722305,-52.15614,-53.976345,-53.694374,-54.039463,-58.46748,-57.9774,-57.512573,-58.184315,-57.827087,-59.779266,-60.91002,-60.41554,-59.950832,-59.74605
8832,True,-25.77584,-26.334307,-33.51701,-31.94874,-27.579716,-36.63113,-39.918625,-40.715122,-39.11792,-25.526001,-32.78926,-44.29642,-46.278835,-47.35618,-48.906994,-47.295143,-43.272976,-45.38462,-53.347763,-57.044712,-55.141,-57.036987,-57.1131,-57.7613,-56.64811,-58.626907,-58.796154,-59.675903,-60.68535,-62.847282,-60.422016,-60.74698
8864,True,-28.680977,-31.55753,-32.71627,-32.205044,-25.989885,-34.651287,-38.640404,-42.49687,-38.371834,-29.980911,-36.064274,-42.50902,-40.87336,-44.559715,-49.439575,-52.071106,-49.75933,-50.645844,-54.217674,-53.33263,-57.38178,-59.9181,-59.360817,-60.184998,-57.581707,-58.176567,-56.971527,-59.32244,-61.06394,-62.21964,-59.329433,-61.410683
8896,True,-31.957148,-30.489388,-35.971382,-31.041233,-24.164248,-36.410576,-38.393845,-40.123306,-34.571606,-28.736193,-39.51169,-47.951244,-46.91471,-43.067192,-48.899323,-52.199623,-44.295296,-45.04997,-55.528122,-53.563942,-53.713623,-55.788418,-58.105156,-58.157288,-56.629105,-57.793087,-55.62664,-61.683582,-59.438217,-59.067276,-59.605175,-60.454834
8928,True,-27.344961,-25.915327,-36.384155,-32.3503,-26.45016,-33.15396,-39.073616,-43.640827,-44.61946,-28.533932,-36.361156,-40.661045,-39.559998,-48.317894,-48.089478,-48.613106,-41.12473,-42.64959,-52.25463,-55.05058,-55.00553,-54.856667,-59.75171,-58.490387,-56.761757,-57.31266,-59.875355,-59.578545,-59.63456,-60.68734,-60.41344,-61.37159
8960,True,-27.74063,-28.024105,-31.11851,-31.627504,-25.375633,-33.45861,-36.511837,-40.97287,-38.96663,-23.70712,-31.279554,-43.716335,-40.44079,-45.484127,-48.570133,-49.59065,-45.358727,-49.234615,-56.780514,-57.53448,-55.084576,-56.087975,-56.498245,-57.328945,-56.898376,-59.156593,-58.195133,-59.03254,-60.252472,-62.272263,-59.184284,-60.134773
8992,True,-27.548523,-27.835043,-35.933426,-32.091995,-24.94076,-37.610317,-40.53484,-40.467155,-36.983227,-25.579634,-33.946136,-42.51661,-40.359097,-46.04433,-47.183395,-46.755646,-48.843693,-50.955845,-56.9309,-54.761757,-56.698784,-56.446075,-59.644447,-57.606888,-58.206936,-59.826694,-55.326263,-61.414913,-60.76551,-61.326412,-59.706535,-61.317978
9024,True,-27.790873,-28.23973,-35.15549,-32.713257,-27.545607,-36.797253,-39.601578,-42.546482,-39.987633,-27.90863,-35.91778,-43.57702,-42.67757,-50.497494,-50.04803,-48.65851,-45.969864,-48.50735,-55.14315,-55.549652,-53.259033,-53.713554,-55.7617,-59.740288,-58.2779,-60.564743,-59.589127,-60.5812,-60.836304,-59.179836,-58.849903,-60.327343
9056,True,-28.959538,-28.834522,-34.753487,-34.34023,-29.077648,-36.388695,-38.83359,-40.662155,-39.02014,-36.751858,-43.699627,-44.31935,-43.63083,-48.57537,-50.10138,-46.61922,-45.451477,-49.09822,-56.15625,-54.405037,-54.23151,-54.812943,-58.58024,-60.234356,-60.612305,-61.026535,-58.881954,-60.765118,-60.573544,-61.25044,-61.433834,-59.825096
9088,True,-29.786076,-30.608967,-35.316437,-33.940144,-29.975872,-36.10455,-39.366066,-43.32563,-37.74887,-37.1372,-40.48464,-42.624603,-40.647163,-48.43815,-49.82962,-48.590225,-46.077915,-49.67002,-52.772102,-52.25853,-53.06499,-53.753086,-60.89062,-56.6519,-56.736988,-58.930275,-56.39231,-59.23245,-60.323013,-61.29436,-59.584427,-61.53141
9120,True,-27.51352,-28.898415,-33.658794,-34.858963,-30.198761,-36.701054,-40.09174,-43.213654,-36.548023,-33.02489,-39.656986,-44.83128,-41.03055,-48.993855,-50.888138,-47.54799,-44.37653,-45.080647,-54.300686,-52.79549,-54.780464,-54.181953,-57.62203,-58.44553,-57.716797,-58.562794,-57.040024,-59.554466,-58.441826,-60.185238,-58.74004,-61.362377
9152,True,-28.287407,-29.990078,-33.718876,-34.082413,-29.404816,-38.26954,-39.865314,-40.572945,-34.921127,-26.21029,-34.957424,-45.098045,-42.012096,-41.540466,-43.209953,-46.50283,-47.443443,-51.935577,-56.758163,-53.92569,-54.969677,-57.099113,-57.626072,-57.769913,-58.02833,-58.811737,-57.11869,-58.650986,-59.462315,-60.664574,-59.98377,-62.8748
9184,True,-29.030859,-28.499596,-33.870323,-36.14556,-30.527687,-33.832718,-37.286118,-43.0692,-35.92612,-23.031034,-30.394945,-45.911545,-44.63348,-41.24919,-44.87557,-49.409103,-42.706295,-45.321995,-53.808746,-53.991604,-54.09679,-54.701454,-57.359093,-57.582153,-57.330624,-60.20933,-56.522346,-58.57715,-60.40841,-61.09178,-61.032223,-61.955086
9216,True,-29.354982,-31.644917,-33.89559,-31.183918,-27.469517,-33.817745,-38.67096,-41.677856,-38.1986,-25.006649,-31.90285,-46.80267,-47.511753,-47.10511,-46.749664,-51.17241,-48.585503,-50.28756,-53.799168,-56.126045,-52.897625,-55.25274,-57.230164,-58.588898,-56.606308,-59.95858,-58.447193,-59.36209,-59.912224,-60.265926,-59.59847,-63.411446
9248,True,-28.939114,-30.15615,-31.182508,-34.10267,-30.575363,-35.40456,-36.5772,-36.38375,-37.850754,-30.75897,-39.35447,-43.786827,-43.464832,-46.1249,-46.98777,-47.323013,-46.5158,-50.118156,-53.226852,-55.170547,-56.04776,-57.77142,-55.780697,-60.345974,-58.345757,-59.42982,-58.39984,-60.181274,-60.037823,-59.307865,-59.47493,-62.500374
9280,True,-27.41606,-27.936882,-37.320168,-33.371006,-30.416294,-34.973892,-38.525284,-43.194366,-40.620132,-30.124142,-38.43214,-47.675888,-43.56409,-48.534325,-48.972885,-47.233295,-46.806244,-49.52969,-52.68534,-54.88466,-56.231415,-55.303482,-55.825764,-57.900307,-56.68781,-58.67813,-57.956573,-59.586395,-60.151592,-60.06549,-59.15299,-61.463135
9312,True,-27.960499,-32.931934,-35.170235,-32.82618,-28.520918,-35.072968,-39.78262,-42.53486,-38.22694,-31.922586,-36.61054,-44.275417,-47.444492,-44.34996,-46.07826,-49.18228,-46.502007,-49.76055,-51.27718,-53.12901,-54.922432,-53.987164,-55.756527,-57.248837,-57.236614,-57.97467,-58.343483,-58.49135,-59.345375,-59.783745,-58.535957,-62.107414
9344,True,-27.295053,-28.565582,-36.346935,-30.52448,-26.728283,-34.246307,-35.438057,-37.90805,-41.132423,-28.166386,-34.67068,-43.234447,-42.565063,-47.069164,-49.59808,-52.519096,-47.84157,-50.34928,-54.838696,-53.98115,-56.24094,-54.963207,-56.092926,-56.45731,-57.873913,-60.466732,-56.617294,-60.059196,-60.358513,-59.510765,-58.511505,-62.466084
9376,True,-27.486753,-28.81134,-36.40683,-32.74295,-29.011099,-35.3912,-38.753616,-40.56344,-40.83747,-30.174377,-36.08059,-44.911713,-42.371372,-49.71547,-50.564842,-50.531048,-46.33865,-48.338326,-55.541935,-55.101093,-56.442684,-58.00423,-56.516068,-58.12738,-58.000443,-58.143646,-57.90148,-58.46949,-61.53444,-61.433098,-60.215473,-61.1036
9408,True,-26.664543,-28.018463,-36.49802,-35.65438,-32.527218,-37.11123,-39.381718,-41.619053,-35.58063,-22.777744,-31.274078,-40.301987,-40.97321,-46.527016,-46.892258,-45.830315,-44.381187,-45.659412,-53.769867,-53.42596,-56.119446,-54.993366,-58.358437,-58.83154,-56.993156,-57.67445,-57.805016,-60.41401,-61.337173,-59.67135,-59.844475,-62.53479
9440,True,-27.228659,-28.870745,-36.24234,-34.45176,-32.135414,-33.28352,-36.83944,-40.619354,-38.833046,-27.18196,-33.74117,-42.90379,-41.96468,-43.721474,-45.313248,-48.681217,-45.1722,-47.011414,-52.56771,-55.041805,-54.49657,-55.24604,-55.88049,-58.89216,-58.701782,-58.70954,-57.826,-59.40097,-62.737335,-61.7446,-60.834488,-62.514664
9472,True,-26.287,-34.184586,-36.056404,-31.77618,-25.86175,-35.23309,-39.686516,-43.25357,-38.26269,-28.33375,-36.86812,-44.240376,-42.35823,-43.868896,-48.83617,-50.97509,-46.9632,-50.129147,-55.24093,-54.320045,-55.68561,-56.151054,-59.70888,-59.123665,-57.64888,-59.387154,-57.643494,-60.028534,-61.934494,-61.904755,-61.136204,-62.474724
9504,True,-25.27491,-28.882505,-35.562645,-35.404476,-31.123793,-33.550632,-37.000153,-40.152893,-39.412502,-33.003582,-38.26396,-42.011787,-40.293755,-45.612267,-49.941467,-51.108356,-46.16051,-48.492844,-53.93627,-53.731647,-54.20604,-55.25232,-55.018925,-57.873768,-57.740116,-58.755974,-58.96472,-60.807533,-60.194733,-60.9467,-58.915512,-62.16349
9536,True,-31.31726,-30.584167,-33.616104,-31.319849,-23.398228,-33.452915,-37.433083,-42.42605,-39.431694,-28.315897,-35.232307,-41.7381,-41.008965,-46.812614,-47.932983,-47.512283,-45.83134,-47.354324,-54.892937,-55.27278,-55.084858,-55.75402,-55.37082,-57.87433,-57.148582,-57.7898,-57.1148,-59.045296,-60.337925,-61.906517,-61.500572,-60.372356
9568,True,-24.782719,-28.744774,-33.4428,-34.29725,-30.94207,-34.917446,-37.617332,-37.758896,-35.87752,-31.539104,-38.872677,-43.715687,-39.5395,-46.59447,-47.266735,-46.830986,-44.836445,-47.151566,-57.08574,-56.25755,-53.44187,-54.93402,-57.21462,-57.80151,-57.768135,-59.012337,-58.69774,-59.518894,-60.372257,-62.4225,-59.37775,-60.302025
9600,True,-27.317482,-29.3288,-36.291603,-33.4706,-28.991623,-35.463936,-39.57143,-44.639084,-39.546486,-33.694527,-42.941498,-43.40798,-40.513226,-43.086243,-46.52514,-49.09694,-44.863567,-46.87982,-53.696068,-53.728073,-56.07094,-57.564583,-59.918674,-60.644665,-58.163754,-59.83166,-57.644253,-58.941727,-61.1567,-61.4422,-60.06187,-60.907524
9632,True,-27.539234,-28.1701,-31.81725,-31.378468,-24.631794,-31.728737,-36.87054,-42.63587,-37.564816,-30.698833,-37.989105,-46.932903,-42.13297,-43.266888,-45.851562,-47.90042,-43.086945,-45.250046,-51.2314,-53.77049,-52.792976,-55.432682,-59.3536,-59.248833,-58.081787,-61.058907,-59.27444,-59.638443,-59.91066,-59.833035,-60.36425,-61.936714
9664,True,-24.949324,-28.712675,-33.941833,-35.934,-28.758974,-33.03848,-37.17817,-41.870766,-39.62644,-32.429913,-41.518692,-41.67167,-40.482117,-41.697803,-44.076786,-51.490097,-43.33999,-44.637722,-55.932953,-53.530464,-54.055977,-56.871178,-58.35144,-58.63352,-57.267967,-59.23899,-57.14736,-59.808342,-61.088425,-60.05651,-57.71649,-61.437897
9696,True,-29.494295,-28.36502,-35.888157,-32.93569,-25.697596,-36.48533,-39.3548,-40.58134,-39.468746,-35.88043,-42.650814,-45.524334,-43.165024,-45.014412,-48.15545,-47.656635,-47.04608,-50.39235,-55.837654,-56.534096,-53.761234,-53.533207,-56.841007,-57.559414,-58.55362,-58.319668,-57.88845,-59.524883,-61.46624,-60.234917,-59.469826,-61.43982
9728,True,-29.143616,-30.21189,-36.88898,-33.46231,-28.321045,-34.289948,-36.680687,-37.400375,-39.313766,-27.483461,-36.61681,-49.187775,-45.332726,-44.792633,-46.607136,-48.066544,-47.641357,-49.036087,-51.864773,-54.065407,-53.56021,-52.597427,-58.313164,-57.2213,-59.480347,-59.05348,-57.40089,-60.016083,-60.23842,-59.608173,-58.696613,-60.775986
9760,True,-28.636707,-29.99056,-37.925636,-33.879208,-29.51171,-37.835358,-39.800964,-38.746677,-40.13618,-26.67213,-32.463295,-44.077805,-47.203285,-49.807106,-51.51945,-52.790787,-49.88211,-49.256622,-51.60888,-54.99004,-55.454105,-55.01864,-56.070404,-58.442627,-59.03866,-57.898552,-57.594715,-60.83029,-59.996986,-61.784767,-62.275932,-61.001755
9792,True,-31.516077,-32.569546,-39.88353,-30.928022,-24.33442,-34.4502,-38.128944,-39.00497,-40.890045,-31.160376,-37.167953,-42.643528,-42.39344,-42.658314,-46.146454,-49.10161,-41.478676,-43.34421,-50.991688,-56.39564,-55.208492,-55.24174,-56.237827,-57.7575,-56.102318,-59.063053,-59.703487,-60.077614,-60.683075,-61.811226,-60.268482,-61.43164
9824,True,-30.855171,-33.20376,-36.19458,-31.898788,-26.203281,-34.40989,-38.019062,-40.741127,-38.763226,-25.92325,-34.326088,-46.058804,-43.831924,-44.924477,-45.21149,-46.060036,-43.506348,-45.68603,-54.78405,-58.732075,-56.98918,-58.169518,-55.810616,-57.05249,-57.65543,-57.411064,-57.868156,-59.208336,-59.988747,-61.792442,-60.434677,-61.565952
9856,True,-26.865543,-28.522438,-32.610218,-34.20174,-29.593948,-33.335415,-36.29388,-40.1922,-36.126717,-27.498724,-36.21238,-45.98114,-48.11726,-46.771614,-48.89884,-49.8936,-47.885315,-50.816566,-52.50727,-57.187088,-57.030945,-56.590305,-59.61528,-58.807426,-58.50532,-60.718403,-59.531815,-61.077614,-61.168,-62.307987,-61.203075,-61.78564
9888,True,-29.256239,-29.71795,-32.07741,-32.73768,-28.211685,-35.490425,-38.933853,-43.16215,-38.542526,-28.792732,-35.175278,-47.51998,-48.2004,-44.793907,-47.987312,-49.08256,-46.648136,-47.691975,-54.556747,-54.706837,-55.858772,-58.241295,-57.848534,-58.8182,-56.63412,-57.66236,-57.927395,-58.48751,-61.679996,-61.594788,-60.86067,-60.966858
9920,True,-27.200224,-27.508448,-33.290363,-33.15166,-27.162693,-36.228687,-39.47227,-43.24673,-40.113354,-30.521652,-36.78064,-43.46582,-42.27816,-48.729355,-48.316463,-48.201363,-48.296623,-48.890514,-53.2313,-54.81151,-52.172718,-55.182156,-56.056328,-58.096825,-58.263546,-60.081398,-59.61597,-60.11816,-61.11227,-59.64651,-59.07234,-61.84
9952,True,-25.724518,-25.86817,-38.195972,-32.776844,-25.689587,-35.150368,-37.93749,-41.519142,-35.708652,-25.479492,-31.736416,-47.143078,-47.084484,-42.816353,-44.409508,-49.67985,-46.062923,-48.043026,-53.965496,-53.586243,-56.375305,-56.59466,-59.206142,-59.105095,-58.198486,-61.316673,-57.808453,-60.316334,-61.060886,-59.228825,-60.20071,-62.05347
9984,True,-32.200294,-30.999708,-31.289204,-29.963457,-26.271511,-36.2262,-39.115047,-41.084663,-36.951794,-28.219078,-36.96732,-42.12993,-41.643925,-45.903122,-47.48087,-49.004562,-45.060463,-47.730846,-54.285625,-54.314728,-56.300014,-55.257942,-57.03499,-59.498528,-59.036224,-58.645023,-58.955826,-59.652668,-61.67589,-61.18223,-60.024277,-60.087856
