timestamp,faulty,band_0,band_1,band_2,band_3,band_4,band_5,band_6,band_7,band_8,band_9,band_10,band_11,band_12,band_13,band_14,band_15,band_16,band_17,band_18,band_19,band_20,band_21,band_22,band_23,band_24,band_25,band_26,band_27,band_28,band_29,band_30,band_31
0,False,-30.65348,-34.919456,-25.797865,-27.665594,-32.31921,-38.089123,-40.280346,-41.90101,-39.949474,-40.623405,-41.692474,-42.298096,-40.85698,-40.902233,-44.31527,-43.449974,-44.933094,-43.495377,-47.151257,-51.97241,-49.391197,-46.64371,-47.553688,-51.24041,-50.095078,-44.89695,-43.89106,-47.31391,-42.99949,-42.711445,-49.271626,-52.265697
32,False,-22.39115,-27.543396,-28.339996,-27.817163,-29.22658,-36.258358,-35.733875,-35.55118,-39.082497,-42.64793,-39.726707,-37.547916,-41.796104,-40.767807,-41.093697,-38.853756,-40.9285,-42.414974,-44.52932,-45.358383,-45.513817,-43.273674,-47.588768,-49.28582,-48.098637,-45.268093,-44.501755,-45.14002,-43.267292,-44.163475,-48.245995,-52.32463
64,False,-23.58121,-28.588144,-25.577223,-26.249544,-32.570553,-35.266327,-38.03221,-36.218,-37.7602,-40.01324,-42.18564,-41.522793,-42.77759,-42.346745,-42.607113,-44.364662,-44.609013,-42.715282,-43.85037,-49.24243,-47.5316,-47.143127,-51.69327,-54.372658,-51.794933,-48.745857,-48.937218,-47.63721,-46.96955,-48.257374,-52.814682,-56.468884
96,False,-23.894958,-28.910131,-29.496367,-30.00481,-29.125504,-29.286236,-40.78721,-37.322998,-35.450245,-37.79349,-40.116734,-43.40957,-39.010254,-40.634632,-41.73264,-44.682358,-45.46278,-45.445168,-46.781937,-50.157944,-48.785347,-49.75386,-52.555763,-53.094612,-53.485455,-52.749134,-52.855488,-52.641846,-50.93006,-52.46614,-57.891266,-62.209682
128,False,-22.989809,-29.193285,-29.80603,-32.32671,-33.00332,-34.43579,-41.171425,-38.20673,-38.98631,-40.688896,-40.33309,-41.93489,-41.955112,-40.9039,-44.073364,-44.1485,-46.311592,-46.873764,-45.312046,-48.59486,-49.810257,-51.421703,-52.90144,-53.510086,-53.46563,-54.1457,-54.644722,-54.786068,-55.09095,-55.55048,-60.878216,-65.688324
160,False,-22.713587,-31.09974,-27.384521,-32.47798,-33.97169,-35.805664,-36.944614,-36.423714,-34.87125,-41.099815,-39.92454,-37.514236,-40.42684,-40.6945,-42.615376,-41.638355,-44.505096,-47.18834,-44.781567,-48.11934,-49.49092,-50.30352,-52.768105,-53.424957,-54.716072,-55.421337,-55.651398,-59.671616,-58.687702,-58.75026,-65.34391,-68.446106
192,False,-22.681658,-28.79496,-25.80732,-27.926414,-31.974373,-34.283382,-37.74684,-36.86953,-41.01816,-42.05969,-40.44701,-42.771416,-42.706623,-42.48398,-42.356438,-43.573776,-46.09776,-46.38603,-45.84158,-50.01053,-50.83326,-53.51342,-55.27102,-53.981823,-54.835285,-56.430607,-56.73549,-58.38304,-61.58913,-62.748623,-66.77191,-68.29239
224,False,-24.645023,-28.087383,-29.010756,-32.777714,-31.627466,-35.277077,-37.720764,-36.403103,-40.157852,-40.705906,-39.914352,-40.70274,-41.989895,-42.607124,-44.20464,-45.02082,-45.707165,-48.264038,-48.713737,-48.665565,-51.138824,-48.62387,-51.610603,-54.12701,-54.359554,-56.841717,-56.935314,-58.24387,-61.560524,-63.872215,-66.52283,-69.610794
256,False,-21.495192,-24.962032,-25.463673,-30.111176,-33.78613,-34.547306,-36.862568,-34.599808,-33.79859,-38.76183,-41.419865,-39.024673,-41.89262,-43.24286,-45.30934,-45.930824,-43.1674,-45.349117,-46.229843,-50.991417,-50.036324,-50.59343,-52.970512,-53.979362,-55.04778,-57.156227,-58.969196,-57.54978,-62.387627,-64.89182,-66.86722,-69.28822
288,False,-23.815012,-30.281351,-28.385942,-30.407417,-31.921242,-34.248116,-37.241356,-39.914967,-38.64692,-39.06756,-39.27771,-39.44202,-42.140266,-42.6825,-42.04096,-44.76159,-45.37365,-47.949604,-51.06156,-51.01755,-48.126698,-47.98901,-52.17026,-54.086784,-56.0955,-57.254494,-60.67484,-61.57422,-62.618237,-65.29478,-68.24811,-69.69569
320,False,-24.51426,-28.513004,-27.899769,-28.33244,-30.987787,-34.455982,-39.080284,-39.647175,-37.543747,-40.558174,-43.538475,-40.87484,-37.819916,-43.30356,-46.220936,-44.313553,-46.130695,-49.623486,-49.508636,-50.43438,-50.509247,-49.810204,-51.720474,-54.929688,-53.095757,-55.725292,-57.868496,-59.682976,-63.983192,-65.92815,-68.5496,-69.84314
352,False,-20.868065,-30.371143,-26.733324,-29.060299,-32.008812,-34.928467,-34.263454,-37.220867,-38.30732,-41.657787,-43.82177,-41.906895,-41.996532,-44.785557,-47.196293,-48.10224,-46.072258,-45.754223,-46.438446,-52.257675,-51.34741,-49.919296,-52.49169,-55.135075,-55.285667,-55.651436,-58.606865,-60.128067,-64.679855,-66.80535,-67.88765,-69.38913
384,False,-22.073421,-27.793036,-26.322535,-28.075974,-31.809917,-33.206055,-34.067863,-37.82689,-43.466606,-40.717827,-39.34233,-40.365692,-46.862457,-47.980095,-42.160088,-44.18922,-45.92124,-47.672173,-47.11165,-48.695675,-51.617527,-50.84355,-52.778133,-55.486908,-55.844566,-56.518055,-58.408775,-58.018948,-63.86591,-65.703766,-67.93437,-70.79054
416,False,-22.179556,-27.460669,-29.65186,-34.403004,-34.043266,-32.155228,-36.611694,-40.20439,-36.052963,-38.288715,-38.417267,-38.97921,-40.864983,-43.253475,-46.548214,-44.340572,-44.45182,-47.44707,-48.955463,-49.804695,-49.52585,-49.155354,-52.924484,-54.67504,-54.416855,-56.12953,-57.984238,-58.756256,-64.1847,-66.42854,-67.8386,-68.82391
448,False,-23.340824,-22.51247,-31.386444,-35.16519,-34.15458,-36.85815,-37.280968,-36.875248,-38.8336,-40.941353,-39.700294,-41.777863,-45.984463,-45.30376,-46.470085,-47.665573,-45.713722,-47.875458,-48.745518,-49.08758,-48.536777,-50.530617,-54.58122,-55.58065,-55.17674,-57.173325,-59.500946,-61.05076,-64.1165,-65.39331,-67.203804,-68.44642
480,False,-24.946014,-29.614048,-26.29301,-26.65857,-30.515278,-33.87349,-31.224813,-27.761967,-31.466082,-38.36469,-36.405006,-30.971703,-30.397038,-38.17328,-35.664,-33.3291,-35.8921,-40.834904,-43.50891,-49.027733,-48.067795,-47.206425,-48.44086,-52.612724,-55.016422,-54.519547,-55.273052,-57.730286,-58.073784,-59.11581,-65.46537,-63.421265
512,False,-21.937466,-22.840204,-27.126482,-27.451704,-29.221416,-30.379408,-34.478447,-27.067501,-31.479712,-36.80387,-32.075966,-32.334457,-32.69275,-34.866016,-37.681126,-33.14386,-39.456852,-42.713257,-43.889374,-47.972862,-47.862125,-47.10721,-49.376034,-54.10797,-56.39761,-55.794403,-56.900562,-58.48087,-58.736977,-61.36477,-64.79136,-66.40229
544,False,-24.433939,-26.39741,-28.746426,-30.991169,-31.535728,-33.322483,-37.73038,-34.94542,-35.83925,-38.952156,-38.327057,-40.678963,-37.92443,-38.48059,-42.028603,-41.561924,-46.383396,-47.618694,-48.43163,-50.595684,-51.177994,-51.634117,-55.34836,-54.194145,-53.819958,-56.680294,-57.243748,-60.458435,-62.08778,-65.66761,-68.6357,-70.70322
576,False,-26.417372,-26.984974,-32.62068,-27.505033,-32.376656,-31.209696,-39.49677,-36.310722,-37.276806,-40.46604,-38.012527,-39.533134,-40.62609,-40.47951,-39.570984,-42.10526,-44.4237,-45.523716,-50.169228,-51.04798,-51.273552,-49.422142,-52.599087,-55.172554,-55.502655,-57.062298,-60.431652,-61.537685,-63.54881,-66.24178,-67.83977,-70.2851
608,False,-23.356268,-27.439705,-29.111872,-26.462078,-33.53966,-35.260365,-37.361454,-36.73595,-38.309082,-40.37307,-43.692936,-37.33631,-42.089367,-44.292206,-43.583504,-44.243164,-43.980976,-48.77685,-48.22268,-49.44007,-49.205624,-50.777775,-55.986008,-56.709972,-57.33899,-56.914787,-59.2799,-59.69966,-62.52707,-67.9099,-68.48846,-69.79764
640,False,-25.284527,-26.583408,-25.808605,-26.891472,-29.489782,-36.6572,-39.957947,-38.937332,-38.812572,-42.096268,-43.16238,-42.98137,-38.269135,-41.553978,-44.926647,-45.198307,-43.218796,-44.68728,-48.12892,-48.224854,-51.62579,-51.688274,-53.394985,-57.06053,-54.352646,-55.99054,-60.532265,-61.459827,-63.29693,-64.84959,-68.45445,-70.05546
672,False,-26.972805,-30.781414,-28.924522,-31.042091,-33.974598,-34.447056,-39.419334,-37.566216,-36.939323,-39.011192,-40.815765,-41.344505,-41.706795,-39.948933,-44.596146,-41.909023,-45.288162,-46.26107,-49.548588,-50.918243,-50.973747,-50.637924,-53.397957,-54.46792,-55.08413,-56.459885,-58.549454,-60.728745,-62.66088,-65.88368,-67.99783,-69.94683
704,False,-23.844088,-27.142864,-27.959087,-30.072521,-37.034546,-35.905174,-38.126186,-38.500114,-37.42988,-41.728554,-39.773296,-40.41344,-42.169678,-44.8481,-46.77568,-45.454277,-45.603596,-46.427322,-48.00634,-49.243465,-51.110603,-49.25109,-53.071693,-52.75148,-55.992165,-57.93123,-57.93753,-60.955948,-62.74382,-64.080986,-68.726494,-69.282555
736,False,-27.518723,-31.096945,-31.39283,-32.166245,-28.990915,-31.472908,-35.763767,-40.273384,-35.573006,-41.39646,-41.2564,-38.829292,-38.7052,-43.220154,-41.31485,-43.50998,-46.512093,-48.549847,-46.797375,-48.215683,-50.113007,-52.226032,-52.69874,-54.70375,-55.912666,-58.50326,-59.384876,-61.178833,-62.70272,-66.11466,-68.54452,-71.57239
768,False,-27.430405,-27.193548,-24.94976,-28.56326,-34.926285,-36.340023,-37.25616,-38.788826,-34.141216,-38.60532,-40.98429,-40.27633,-36.38179,-41.56617,-48.85047,-45.18585,-44.526867,-44.681335,-47.378075,-49.529114,-49.16246,-49.662865,-53.99919,-57.71106,-55.995583,-58.03818,-59.543915,-61.179413,-63.093838,-64.45929,-68.3952,-70.37862
800,False,-22.470161,-27.134161,-30.435917,-31.002987,-31.041576,-32.53168,-36.12697,-39.29895,-34.979343,-41.675686,-40.998734,-40.361816,-39.36109,-41.83793,-45.077282,-49.756184,-46.936043,-46.9301,-45.53717,-49.961777,-48.299137,-49.95081,-53.770973,-55.45678,-57.097786,-59.389946,-60.75889,-60.7942,-63.59203,-66.29722,-68.458664,-70.23196
832,False,-27.665503,-30.48174,-29.257381,-32.84719,-31.638199,-31.468086,-36.991676,-42.6155,-38.155945,-40.401886,-39.47247,-45.69232,-44.374947,-41.9329,-42.65455,-48.26377,-47.708668,-49.286545,-47.926132,-49.40556,-51.494823,-49.341618,-51.36501,-57.449398,-56.767174,-59.42385,-60.056046,-62.052532,-64.05052,-65.99117,-69.32158,-70.31807
864,False,-24.04546,-28.472324,-28.786898,-32.16083,-32.711266,-31.32993,-37.892715,-40.75879,-37.97298,-41.90451,-40.970272,-38.914238,-41.92128,-42.15587,-42.68904,-44.43325,-46.78497,-52.283367,-49.91822,-49.378525,-52.77918,-51.2944,-52.405075,-53.72679,-56.54001,-58.17394,-59.613617,-61.960907,-62.812008,-66.04849,-69.96243,-69.962265
896,False,-27.75489,-26.734678,-29.055248,-32.619343,-34.07237,-34.81136,-38.230015,-40.10967,-36.28164,-38.412674,-41.36046,-40.541145,-41.426353,-42.1726,-45.748844,-42.811058,-46.263653,-46.450607,-49.961067,-51.34182,-48.80458,-49.06369,-51.33496,-55.448437,-57.104115,-59.10259,-59.985023,-60.183826,-64.75459,-67.90444,-68.430984,-69.53105
928,False,-25.916597,-22.547886,-32.06411,-32.38264,-34.116573,-34.90184,-39.215027,-40.39493,-38.407722,-39.338436,-40.856743,-45.046406,-44.483276,-42.213715,-45.512558,-45.337753,-45.741096,-46.576656,-48.255535,-50.969376,-51.284885,-51.054287,-55.51148,-55.59498,-56.831013,-56.596676,-58.270943,-59.12573,-64.17996,-66.2044,-68.40156,-70.617
960,False,-21.655827,-24.248291,-28.298813,-31.70705,-33.41088,-35.93149,-35.410267,-38.09006,-38.138145,-42.097107,-43.633087,-41.462288,-41.98674,-42.270733,-44.944252,-43.873,-43.818924,-45.09343,-48.6754,-50.99396,-50.654686,-51.072693,-55.62346,-57.742504,-56.96075,-58.709686,-59.680206,-61.6721,-64.83486,-67.20245,-69.65279,-69.424255
992,False,-23.391893,-28.495264,-25.902472,-31.046162,-33.57186,-34.9515,-40.008118,-37.173733,-35.95816,-37.120426,-40.95656,-40.296234,-40.18106,-42.544918,-44.4162,-44.72693,-45.82016,-47.212006,-50.924797,-50.841694,-50.006996,-49.837643,-53.404396,-56.11889,-55.83123,-57.547092,-57.816437,-60.869976,-64.92713,-67.96621,-68.34553,-69.47477
1024,False,-26.993639,-27.154064,-27.752363,-24.702541,-28.372595,-30.123215,-25.710928,-22.448574,-27.041883,-32.60637,-28.594912,-23.229532,-23.536732,-22.763903,-23.258877,-20.133726,-22.495483,-25.70801,-30.284128,-36.373325,-30.63884,-30.831347,-29.008749,-31.264818,-28.261787,-26.272408,-30.252495,-25.43268,-19.903692,-19.64626,-23.823483,-23.871197
1056,False,-25.093006,-26.067163,-29.033752,-24.836319,-28.709415,-27.63445,-33.501377,-25.355623,-31.52111,-37.894707,-31.898794,-30.913591,-30.336224,-28.684841,-30.629482,-28.683014,-34.22327,-37.19449,-35.88958,-39.93669,-38.345562,-36.363865,-38.867214,-40.25872,-37.039806,-33.57679,-36.179913,-35.089737,-30.491554,-31.256962,-34.708084,-36.248833
1088,False,-23.7961,-27.871407,-25.41439,-27.52589,-36.336727,-35.016323,-38.64064,-34.024494,-36.5126,-35.434383,-36.908882,-38.06251,-36.730965,-33.415108,-36.394394,-38.724068,-39.367115,-44.076256,-44.89714,-49.49127,-45.916412,-41.306652,-44.62768,-47.03531,-45.556572,-40.10443,-40.854412,-43.216515,-38.182144,-38.007812,-44.24484,-47.04886
1120,False,-25.22972,-26.410923,-27.748796,-29.346333,-33.38216,-34.000988,-37.6254,-36.972862,-35.08015,-39.36554,-37.08015,-38.19323,-40.487843,-42.122017,-40.881237,-39.04594,-40.75995,-44.47911,-46.497543,-47.661636,-49.180965,-46.069237,-48.461567,-47.4868,-47.627335,-44.421913,-44.24158,-46.146606,-42.779007,-43.001015,-48.143288,-52.29488
1152,False,-25.253185,-30.296001,-31.327908,-29.521473,-35.163372,-35.333088,-38.075504,-38.856712,-39.256844,-41.27891,-38.28298,-41.51528,-40.874783,-40.606255,-43.437084,-43.120617,-42.4847,-44.124493,-47.2789,-48.01025,-46.99673,-47.713547,-49.197205,-53.390488,-52.77895,-48.929947,-48.56588,-48.295094,-46.14083,-48.03076,-53.100143,-56.20411
1184,False,-25.59673,-26.947954,-29.828379,-32.64991,-33.76085,-32.843636,-37.085464,-35.595985,-35.83188,-40.794563,-38.92392,-43.839436,-42.809353,-39.388023,-41.386406,-44.62425,-46.884693,-46.57181,-47.772408,-50.217056,-49.249077,-48.743214,-51.00875,-54.127422,-53.086315,-52.32561,-53.54175,-53.50172,-49.742245,-51.279762,-58.041992,-60.929836
1216,False,-26.426586,-27.423405,-27.858019,-28.828382,-34.556408,-29.473677,-36.750572,-38.420006,-37.941246,-41.772236,-39.678913,-38.94652,-43.858864,-39.90969,-43.75612,-42.181267,-44.737915,-49.757343,-50.838585,-52.905544,-51.535217,-49.327488,-52.076164,-55.10029,-53.87308,-53.323856,-54.527584,-56.358482,-54.918823,-55.629658,-61.642647,-66.024124
1248,False,-26.285011,-27.885674,-28.332546,-31.992851,-35.767212,-32.784306,-39.23578,-38.254272,-36.684464,-41.361168,-43.397984,-42.00924,-41.99893,-44.353542,-43.44343,-43.358498,-44.545612,-44.845604,-49.423767,-51.4695,-52.306717,-51.34527,-51.292747,-54.325333,-56.174515,-55.232315,-56.86354,-59.656506,-58.212196,-60.122074,-64.2096,-67.73911
1280,False,-22.971983,-24.689482,-29.116318,-30.709188,-34.508587,-34.04106,-34.632427,-38.031525,-41.554165,-38.915215,-41.28418,-44.67025,-41.211052,-41.714928,-40.090828,-41.275642,-44.183105,-47.024307,-50.44943,-49.09926,-48.676964,-49.859154,-54.074955,-54.45007,-54.393,-57.093323,-57.93757,-59.657078,-59.88293,-63.71039,-66.1927,-67.86881
1312,False,-23.25489,-29.880276,-32.71062,-33.3867,-31.363998,-33.638878,-38.967033,-37.250053,-36.376,-40.208813,-39.65757,-39.739567,-42.132385,-41.865837,-42.303078,-42.148117,-44.730793,-48.3898,-50.83352,-49.52642,-50.91036,-49.379272,-52.395596,-54.577236,-55.6492,-56.98191,-57.865143,-61.011963,-62.934933,-64.12954,-68.08462,-69.12978
1344,False,-20.927565,-26.865349,-29.748137,-31.145056,-32.027412,-37.262413,-40.680943,-40.26422,-33.90459,-37.954746,-43.459072,-40.536423,-41.847862,-40.57033,-42.853626,-45.229797,-45.16334,-46.03293,-47.07436,-48.153034,-51.966064,-50.904484,-51.689888,-55.591843,-56.637886,-56.473713,-57.514423,-60.74769,-64.05098,-66.309105,-67.289536,-69.30558
1376,False,-23.455082,-27.942047,-30.866854,-33.024506,-36.062004,-34.997643,-37.21582,-38.79243,-39.73462,-41.584602,-41.555763,-39.65649,-42.315784,-42.021656,-42.86357,-44.439274,-46.72102,-47.856594,-50.691193,-52.777634,-49.609154,-50.150215,-53.13182,-55.997803,-57.551785,-57.736607,-59.19479,-60.907536,-63.666573,-65.09478,-68.14927,-69.43132
1408,False,-22.771597,-28.957504,-32.489983,-32.38522,-35.612038,-33.355152,-38.51235,-37.556717,-36.900154,-40.26735,-39.701225,-40.176064,-41.800556,-45.912704,-44.04448,-46.19736,-45.654457,-47.237053,-47.133133,-47.70529,-48.551598,-48.713417,-53.11176,-56.043564,-56.4915,-57.492905,-58.53431,-60.2779,-63.475212,-66.62564,-68.70199,-69.35138
1440,False,-23.107832,-26.762972,-29.686115,-27.954771,-31.895054,-36.591976,-40.249332,-38.744217,-36.80599,-41.56218,-41.879135,-39.131428,-39.935555,-40.648605,-42.72167,-43.296715,-44.396896,-46.640785,-49.493782,-50.670773,-49.75453,-50.969116,-53.53884,-55.201736,-57.013798,-59.00263,-58.37142,-61.35476,-63.741783,-66.15192,-69.04034,-69.221565
1472,False,-20.893913,-28.586342,-28.111576,-30.872686,-36.00366,-34.53829,-38.8376,-37.43735,-37.834732,-40.019764,-39.347996,-43.19614,-42.271988,-41.624928,-43.969517,-44.684963,-43.828007,-45.628662,-49.006004,-50.194622,-51.732605,-53.602913,-54.146725,-54.689644,-56.02227,-57.774197,-58.387913,-59.621216,-63.366493,-65.750595,-68.949844,-70.43129
1504,False,-24.965124,-23.711319,-26.224558,-26.597477,-30.974234,-36.738804,-37.51819,-35.656036,-36.38354,-41.35508,-40.02756,-39.05416,-40.99398,-41.79947,-45.890083,-46.651047,-45.02331,-48.763126,-50.805595,-51.6999,-49.994503,-50.641273,-52.492146,-54.66659,-57.492786,-58.25346,-59.631973,-59.539307,-62.35076,-66.439255,-68.29691,-70.39328
1536,False,-25.964607,-26.321491,-29.779858,-33.306232,-36.631607,-36.16109,-37.441963,-38.886303,-39.215313,-38.3824,-41.312233,-40.75195,-40.666447,-41.49239,-43.142204,-43.4378,-41.966278,-44.790398,-49.17514,-49.28255,-51.99831,-51.20236,-52.068695,-56.03451,-56.477142,-57.116055,-59.018753,-60.731384,-64.73685,-67.05194,-67.49168,-69.54463
1568,False,-24.321861,-26.655848,-28.522766,-26.445477,-26.148552,-29.83218,-31.721895,-23.04766,-27.582933,-34.147156,-29.625877,-28.856562,-27.37048,-31.759739,-31.835293,-28.765522,-32.41149,-37.893005,-41.138405,-48.161324,-45.038982,-47.336304,-48.10858,-52.239426,-53.99443,-54.11783,-56.058075,-56.319695,-54.662365,-57.091057,-59.29321,-60.87043
1600,False,-24.50175,-28.674988,-27.476028,-27.09182,-30.162985,-31.554043,-34.206215,-30.000431,-34.73391,-39.121014,-35.954697,-38.424755,-38.870068,-38.50787,-39.47038,-35.799515,-41.279087,-46.032364,-47.595078,-49.54498,-50.71259,-48.958817,-50.545525,-53.198036,-55.45593,-57.710915,-59.108486,-61.83578,-63.01682,-66.81612,-69.07104,-68.51739
1632,False,-24.17486,-28.183233,-38.66603,-33.875656,-29.074898,-32.16183,-40.185238,-35.623535,-35.523354,-40.44494,-39.45526,-39.422943,-39.1783,-38.427242,-41.203415,-42.31123,-43.865646,-48.325764,-47.42289,-50.146423,-50.820995,-48.906193,-53.897457,-52.63239,-54.718178,-58.02359,-59.71901,-59.714283,-63.147682,-65.705215,-69.40849,-68.61053
1664,False,-26.676714,-24.70929,-26.175955,-30.548054,-31.711004,-34.864754,-40.011295,-34.40702,-37.29662,-41.81382,-40.50133,-37.239426,-40.26528,-42.44136,-40.039616,-42.471447,-44.246094,-47.19116,-47.75802,-49.493423,-51.12108,-49.875404,-52.777058,-54.92903,-55.62101,-59.391266,-58.883858,-61.000847,-63.820053,-66.27025,-67.4817,-69.04715
1696,False,-24.419996,-25.732824,-29.573029,-29.075634,-34.50836,-38.800198,-38.353886,-36.321682,-37.669617,-39.986874,-44.179646,-44.49823,-42.874794,-41.070534,-42.176594,-47.263218,-48.58708,-50.27539,-46.915802,-47.886124,-50.108486,-51.537895,-51.524807,-54.903988,-58.490532,-59.211647,-61.028236,-60.529064,-62.667843,-66.27023,-68.70976,-69.26947
1728,False,-25.377396,-26.965647,-25.753002,-27.177689,-31.177471,-33.31123,-40.714493,-39.383118,-38.423843,-41.570328,-41.872086,-41.2984,-38.2186,-39.117577,-43.287754,-47.115562,-45.34317,-46.91768,-46.503414,-49.589325,-50.097115,-53.727577,-54.08243,-53.736122,-54.746937,-59.26126,-59.39301,-61.57605,-64.74909,-67.36637,-69.41559,-69.115456
1760,False,-24.142017,-22.907726,-24.558008,-27.833961,-34.29727,-37.306828,-39.088665,-38.7059,-38.11975,-39.897026,-43.514084,-42.94275,-43.078186,-42.99891,-42.639122,-44.35675,-43.54917,-46.306835,-49.18844,-49.992302,-51.452316,-52.232796,-52.4349,-56.491356,-58.05751,-57.831665,-60.933487,-61.679893,-64.95633,-68.03954,-69.87643,-70.96421
1792,False,-26.349068,-30.63176,-24.552792,-28.009283,-28.83541,-32.726433,-37.878113,-36.681694,-39.106876,-40.29354,-41.089367,-41.177086,-43.041656,-42.6263,-42.276817,-43.90155,-47.30237,-48.472275,-50.010124,-52.338768,-49.550728,-52.13536,-55.849796,-54.314774,-54.548317,-56.67269,-59.119106,-61.41302,-63.100212,-68.29492,-68.76331,-71.002625
1824,False,-23.608284,-29.066992,-30.737873,-29.519287,-31.19362,-38.190887,-39.024178,-41.08349,-37.755005,-40.28631,-41.18392,-39.31489,-38.890118,-40.932613,-43.450737,-44.09961,-44.713116,-51.49798,-52.23996,-47.31012,-49.018524,-50.76418,-54.725033,-56.719032,-55.8927,-58.47634,-59.105534,-60.377537,-62.553566,-67.348114,-68.59398,-69.3297
1856,False,-25.781548,-28.140442,-26.993856,-28.687307,-32.57221,-39.6966,-38.804817,-39.267277,-39.86963,-40.846424,-40.251755,-42.106625,-45.871616,-43.687813,-45.273632,-46.319214,-44.778477,-48.159683,-49.16872,-50.157356,-50.303223,-52.666813,-53.93494,-55.43892,-54.475388,-57.314835,-58.437233,-61.03234,-62.38054,-65.80846,-68.6369,-70.61355
1888,False,-21.295685,-23.72119,-28.415527,-30.958063,-34.33175,-35.99,-39.504143,-39.92058,-36.67273,-38.724133,-39.454597,-39.123863,-42.70512,-44.708824,-42.293793,-44.58101,-44.6491,-48.49991,-50.65329,-49.614716,-49.630592,-48.944748,-53.763165,-55.47493,-56.79058,-58.832184,-60.278896,-60.52441,-62.460915,-64.831985,-67.64567,-70.108505
1920,False,-24.694176,-30.376205,-30.577795,-30.515291,-33.270485,-33.19334,-34.23691,-34.831203,-35.973583,-42.797493,-41.59095,-38.039543,-38.792755,-41.07592,-43.22701,-43.130474,-42.78035,-47.43715,-48.27472,-52.986065,-51.350594,-50.37968,-55.460045,-57.340225,-56.24211,-57.532944,-57.883102,-61.143013,-63.00159,-64.584145,-67.30413,-69.311874
1952,False,-26.242838,-26.956284,-28.188396,-31.746695,-33.86577,-33.827274,-37.918797,-38.888916,-35.15278,-42.101006,-42.118233,-40.677624,-42.143257,-40.63599,-41.314285,-43.928913,-47.404243,-45.59498,-46.384758,-51.687218,-51.924225,-52.28972,-53.16591,-55.585426,-54.911175,-55.43248,-58.071957,-61.85587,-63.137707,-66.27435,-67.362724,-69.449684
1984,False,-25.46167,-29.058655,-27.902008,-29.541952,-32.60869,-34.655983,-40.59061,-39.444805,-34.382423,-37.48274,-42.288536,-40.50089,-43.851322,-42.130543,-42.490547,-44.230186,-44.60764,-47.11498,-46.40389,-50.05266,-49.83772,-50.159103,-53.155525,-54.81653,-54.93657,-58.14492,-58.30397,-61.131817,-63.684345,-65.32269,-68.67832,-71.20321
2016,False,-26.282467,-25.167995,-28.34848,-29.104347,-33.74102,-38.7191,-38.172943,-38.616966,-39.98919,-40.71441,-40.756233,-38.705307,-41.316628,-44.652447,-43.043465,-43.998314,-47.748672,-47.755196,-48.72798,-52.16004,-47.396225,-50.89933,-52.539295,-54.16798,-56.06015,-56.881973,-58.962578,-59.953033,-63.46087,-66.15085,-68.15686,-70.352646
2048,False,-23.286133,-31.84551,-29.614763,-29.821608,-36.55305,-37.883724,-36.24863,-35.826324,-36.027206,-39.487835,-41.893745,-42.085842,-40.556732,-42.966923,-42.891468,-44.83379,-47.02888,-48.769207,-48.02024,-51.2805,-50.215473,-50.543327,-53.0914,-55.22295,-57.160564,-58.07348,-57.65408,-59.136234,-62.862076,-65.37282,-67.439545,-70.79785
2080,False,-27.08651,-29.308765,-29.499306,-31.730888,-33.03308,-33.68714,-38.378464,-42.181046,-37.204185,-41.261726,-41.777557,-41.434193,-43.191826,-42.58203,-43.891865,-44.00992,-46.963234,-46.6709,-48.43885,-51.643597,-51.255386,-51.483704,-52.722546,-55.558033,-56.18859,-59.339188,-59.35329,-60.08173,-64.09065,-67.71013,-69.620125,-70.514824
2112,False,-26.375177,-28.580875,-28.843098,-24.543245,-28.36417,-29.959835,-25.560759,-22.1805,-27.077333,-33.338528,-29.330738,-23.727707,-23.649809,-22.36243,-23.040451,-20.202991,-22.646275,-25.460169,-30.84799,-36.211117,-30.067581,-29.944933,-29.011032,-31.245308,-27.68871,-26.074009,-29.463497,-25.129234,-19.458763,-19.694227,-23.57094,-26.570179
2144,False,-26.174719,-27.394829,-28.186361,-25.10496,-28.905033,-28.733677,-34.24565,-27.1055,-31.10975,-39.734737,-31.914928,-30.724104,-30.650766,-29.953861,-31.817486,-28.673626,-34.375652,-36.622593,-35.77903,-41.21196,-38.70946,-36.47909,-39.996384,-41.297718,-37.471146,-34.39109,-36.21618,-35.305088,-31.161491,-32.06161,-34.711872,-37.979187
2176,False,-25.325935,-29.33769,-32.47905,-26.848124,-31.268461,-38.580185,-41.295563,-31.049746,-34.26658,-42.503014,-39.844864,-36.87549,-36.33703,-37.619934,-39.366234,-39.95849,-42.63118,-44.217472,-44.96983,-47.78658,-44.28002,-40.9724,-45.730385,-47.385082,-45.44639,-40.36335,-40.735596,-42.249153,-39.031548,-38.709312,-43.760826,-46.839607
2208,False,-23.201658,-27.298306,-25.513536,-28.623482,-34.01231,-31.576698,-35.893616,-33.976604,-36.536736,-41.682964,-42.24531,-38.68305,-37.18846,-38.179474,-41.042984,-40.50999,-42.683376,-45.913445,-47.614403,-48.85056,-46.95957,-45.958786,-48.838493,-48.80114,-48.60088,-45.077164,-44.623238,-45.22956,-42.690773,-43.577934,-48.355297,-51.932777
2240,False,-24.595263,-26.511124,-26.901567,-29.272745,-30.683594,-32.847687,-37.365776,-37.400726,-36.56605,-40.95243,-43.23169,-42.056538,-40.576996,-42.175392,-45.459778,-44.8976,-43.87452,-45.111732,-47.641632,-48.931686,-46.680607,-47.321487,-50.644012,-52.836357,-51.60138,-47.96997,-48.12563,-47.39093,-47.43631,-48.610302,-53.08691,-56.795563
2272,False,-22.250788,-29.264343,-29.554047,-30.173897,-34.564438,-32.281025,-36.01632,-36.027607,-40.30462,-41.344177,-39.327995,-43.022495,-40.935253,-39.730877,-45.131435,-42.722076,-44.21112,-48.022877,-46.39155,-48.541943,-51.00008,-50.1961,-52.47717,-53.786156,-52.48629,-51.51167,-53.1239,-54.500755,-50.318275,-52.2079,-57.80635,-61.142754
2304,False,-26.644749,-28.818424,-25.68241,-29.173256,-33.78972,-32.35643,-34.94148,-37.183758,-38.56862,-43.69934,-41.78401,-38.93972,-41.04136,-43.856087,-45.620926,-46.804,-44.836502,-44.39029,-48.198082,-49.604736,-48.411617,-50.01755,-54.108658,-52.001514,-54.256653,-55.385254,-56.334454,-57.17389,-54.08247,-56.155323,-62.41928,-65.261826
2336,False,-25.403515,-27.209167,-26.12783,-31.686043,-31.737007,-33.276077,-35.229706,-36.815834,-38.57175,-39.374702,-41.273655,-40.29018,-41.9475,-43.25222,-41.218895,-40.516224,-41.754795,-47.81569,-47.360672,-50.05068,-48.29222,-47.70011,-52.050053,-56.162918,-56.474586,-56.26074,-58.599392,-60.350056,-58.12715,-60.284916,-65.65527,-67.268166
2368,False,-24.636534,-31.869802,-28.62256,-29.280254,-30.658628,-30.94033,-35.63411,-34.535057,-35.494507,-40.621727,-39.195488,-39.50851,-42.040348,-42.74695,-45.682674,-44.077522,-46.077175,-46.509735,-47.369,-52.433296,-49.802837,-52.94977,-53.623405,-52.887344,-55.026886,-57.735325,-57.83514,-60.505527,-60.991608,-63.470074,-68.23706,-68.66072
2400,False,-23.19869,-27.235924,-27.092066,-28.529564,-32.514656,-33.316216,-33.733826,-38.497894,-35.067574,-40.071747,-41.026382,-41.475292,-40.79334,-43.61736,-44.471,-42.87638,-47.608562,-46.72368,-48.4576,-49.545753,-50.9034,-50.470257,-52.261425,-53.68084,-54.935097,-57.096153,-58.271194,-61.47112,-62.722813,-63.476143,-67.69617,-68.955345
2432,False,-23.91757,-24.337847,-29.242592,-32.499065,-30.793709,-33.86071,-38.42267,-36.881042,-38.555866,-40.182594,-40.754387,-43.108364,-43.344246,-41.79606,-42.18132,-43.249763,-42.6381,-46.783882,-49.299355,-50.846626,-50.493004,-49.98876,-53.638535,-55.23419,-55.463985,-58.776794,-58.9587,-59.881855,-63.018322,-65.428154,-68.40466,-70.46635
2464,False,-22.461996,-25.70604,-26.14436,-24.780174,-32.318264,-34.34557,-39.107098,-41.825214,-35.96225,-39.903755,-39.443954,-39.215065,-41.193333,-43.276924,-42.61969,-46.04403,-45.742207,-45.247505,-48.508545,-52.22757,-50.11673,-51.925766,-53.915897,-55.11695,-55.08984,-59.10536,-60.115696,-61.305943,-64.41034,-64.789566,-68.69897,-69.08894
2496,False,-26.778355,-29.584831,-31.156929,-30.124725,-37.81429,-34.386963,-36.9749,-37.448727,-34.347134,-39.441044,-41.375534,-39.991726,-37.703285,-40.107117,-43.42945,-45.03765,-45.569008,-48.739876,-51.691933,-51.566895,-52.00472,-51.705696,-54.981785,-54.687325,-55.35327,-57.52239,-57.43692,-60.499863,-63.697693,-65.45147,-66.7802,-68.57997
2528,False,-22.487396,-27.394249,-25.837437,-30.520725,-33.06819,-34.998756,-37.379566,-35.858246,-35.4217,-38.68992,-42.288395,-43.546463,-40.82499,-41.38347,-42.820885,-43.44748,-45.45944,-47.07825,-50.274963,-51.727386,-50.203133,-50.151764,-52.292194,-54.673492,-53.98273,-56.181824,-57.472973,-57.780155,-62.679348,-65.12374,-68.533485,-70.69697
2560,False,-24.18373,-25.685307,-25.819008,-28.174036,-32.81072,-31.545277,-34.753788,-40.65521,-37.655243,-36.95226,-40.679173,-40.6798,-43.357605,-42.27373,-45.327724,-43.82606,-45.355507,-46.59164,-50.354713,-53.189198,-52.435516,-50.17576,-54.441242,-56.307076,-56.219193,-57.952366,-59.23993,-62.21337,-63.58932,-65.78806,-69.785675,-70.66257
2592,False,-25.194738,-26.803009,-25.392197,-28.304815,-34.33711,-33.395817,-36.940853,-40.077328,-40.51846,-43.184147,-42.630955,-40.954075,-41.548195,-40.824936,-42.15427,-42.897873,-45.879883,-47.522156,-50.276047,-51.193386,-49.065815,-49.266525,-52.982765,-56.038483,-56.909042,-57.752834,-60.123196,-62.645374,-64.16627,-66.69878,-68.738495,-71.45585
2624,False,-28.307188,-28.49949,-28.709175,-32.48836,-32.343723,-35.598976,-38.931087,-43.47426,-35.97034,-36.289604,-39.361816,-40.14837,-40.32392,-41.730614,-44.64132,-43.453693,-46.92707,-47.12738,-51.800636,-51.24578,-51.43812,-54.291046,-55.20823,-56.07728,-54.525726,-58.453903,-59.805,-61.08378,-62.748394,-67.36223,-69.938385,-70.7501
2656,False,-26.382812,-27.007418,-27.36584,-27.320612,-28.393703,-28.525103,-28.260183,-24.79506,-27.091366,-33.052338,-29.942972,-29.265434,-27.00948,-31.097162,-31.822418,-27.943146,-32.047714,-36.37949,-40.731964,-47.419113,-45.51067,-46.246704,-48.264866,-50.463684,-53.95073,-54.400345,-55.256126,-58.48298,-53.80358,-55.770184,-60.49068,-62.411293
2688,False,-25.050928,-26.06514,-24.469852,-25.92623,-28.750937,-30.631285,-35.800686,-28.44395,-32.595787,-37.196842,-33.191917,-34.14529,-37.145866,-37.31886,-40.251842,-36.02963,-41.70099,-44.993572,-47.024048,-49.98471,-50.028214,-49.556583,-53.041607,-56.214462,-55.59773,-56.54114,-60.090385,-59.55322,-61.52508,-64.404686,-67.814926,-67.628914
2720,False,-24.155626,-26.811579,-28.86574,-31.438705,-29.797855,-31.160782,-33.564445,-33.55445,-34.977474,-38.32253,-42.614956,-39.159042,-38.468636,-43.756638,-44.481293,-42.59561,-44.09861,-46.238808,-46.609608,-48.548386,-51.069836,-48.497772,-54.875072,-56.44846,-54.955654,-56.99518,-59.09306,-60.029224,-60.9637,-64.805786,-68.07054,-70.53706
2752,False,-24.930008,-28.17046,-31.78729,-29.250072,-33.6145,-34.77191,-37.318413,-34.677345,-33.723606,-37.294563,-42.105946,-40.517113,-39.493656,-41.37697,-45.02011,-44.108208,-44.755768,-47.150505,-47.859035,-48.521576,-51.127945,-51.27561,-53.93544,-55.249374,-56.627766,-55.030693,-58.354755,-60.541656,-64.15244,-66.14488,-68.48784,-68.95766
2784,False,-26.836689,-29.019943,-32.534977,-34.44866,-37.42683,-38.615322,-37.147667,-36.775047,-37.364063,-41.767673,-42.9287,-40.79224,-37.95878,-42.672733,-45.808414,-44.073986,-47.30673,-44.81638,-49.24362,-51.562046,-50.77899,-51.54458,-54.8354,-53.545464,-54.92385,-56.871815,-58.808395,-60.018402,-62.566093,-64.714134,-69.263466,-69.36937
2816,False,-30.89278,-29.923817,-29.879713,-27.993849,-30.771687,-34.079544,-37.209717,-37.06659,-37.804634,-40.330563,-40.43885,-41.201347,-42.644157,-44.612038,-43.760685,-43.062702,-45.149857,-47.624207,-48.032097,-49.668846,-50.645744,-52.88459,-53.205322,-54.932594,-57.01507,-57.67254,-59.388462,-60.312366,-64.37799,-65.33839,-68.27649,-69.42016
2848,False,-21.245914,-27.959547,-24.972378,-27.352104,-36.896896,-36.395653,-35.374237,-37.002415,-37.092773,-39.742252,-42.7415,-42.805195,-42.080803,-45.417103,-42.58522,-45.670067,-47.089695,-48.374435,-47.80784,-48.65183,-50.88457,-52.538696,-55.008194,-56.13897,-57.159164,-58.088722,-58.814125,-60.81545,-63.722992,-66.10825,-69.368,-69.81909
2880,False,-21.701967,-27.637117,-27.504606,-28.618975,-33.299194,-33.413586,-38.993996,-37.674732,-37.350166,-41.20388,-43.66887,-41.938175,-44.92724,-42.550255,-41.083645,-44.67633,-48.266533,-48.636665,-47.04724,-49.133446,-49.656784,-50.26966,-53.24589,-56.637444,-56.69713,-57.38295,-59.63295,-61.90071,-63.15497,-65.852325,-68.652054,-70.07852
2912,False,-21.651838,-29.14939,-31.36613,-32.156822,-30.318207,-35.03161,-38.586994,-43.867996,-38.85345,-41.373352,-41.66278,-41.133305,-42.658276,-43.989174,-41.526436,-43.805256,-45.9688,-48.94085,-49.084927,-51.921463,-51.10306,-49.61218,-53.511105,-54.760708,-56.379807,-59.366413,-58.350845,-60.49578,-63.28285,-66.237175,-67.502144,-69.12363
2944,False,-25.597359,-24.536802,-27.797112,-33.315426,-35.357803,-34.6355,-37.03564,-39.867508,-37.58898,-39.927242,-44.835785,-40.32105,-41.728535,-44.390434,-40.626892,-42.442886,-44.181023,-47.08499,-48.74962,-49.70759,-50.406906,-51.377853,-57.583397,-56.873146,-55.607357,-59.4838,-59.104813,-60.858463,-63.80265,-67.33924,-68.40509,-70.74851
2976,False,-19.728283,-27.50468,-30.265572,-31.167925,-35.070995,-34.66284,-35.15422,-38.24181,-38.488007,-39.448742,-39.18039,-38.595318,-39.390007,-43.82831,-43.132,-46.8264,-45.73145,-45.618195,-50.765717,-49.545387,-50.85212,-49.735672,-54.594627,-55.130844,-54.634094,-57.322575,-59.582905,-60.15629,-64.517815,-66.82539,-68.14749,-70.0397
3008,False,-21.08245,-26.351185,-25.894278,-27.352444,-34.338142,-38.787537,-40.552883,-35.988205,-35.53559,-39.45631,-39.885056,-42.233044,-40.54594,-40.328987,-42.885986,-44.74197,-45.19799,-45.327496,-49.39588,-48.552174,-49.80014,-50.81633,-53.784714,-58.155155,-55.731003,-56.829544,-59.392822,-60.82229,-63.673576,-66.11026,-69.67862,-70.8994
3040,False,-21.97484,-27.486067,-27.07302,-32.501305,-29.828539,-33.970493,-37.408287,-38.084644,-37.395664,-40.014618,-38.416626,-42.171654,-42.562508,-42.52529,-43.955276,-43.160458,-46.13863,-46.015984,-51.68119,-52.949417,-49.40254,-50.32475,-54.334824,-54.10109,-54.493984,-57.275314,-60.80826,-60.52393,-64.19999,-66.7326,-68.69822,-70.25998
3072,False,-28.907125,-31.782047,-32.369534,-30.176804,-34.339245,-33.435665,-33.59821,-40.23834,-41.164856,-41.706158,-40.36327,-42.042698,-41.083443,-40.918716,-45.657578,-45.618282,-46.135597,-45.866695,-46.9489,-49.430885,-51.922844,-51.548687,-54.686935,-56.32099,-55.725105,-57.529037,-57.14937,-59.799557,-63.206703,-64.43803,-67.33992,-69.85437
3104,False,-25.447035,-26.022446,-28.675636,-29.652298,-30.167265,-33.99665,-34.77638,-39.021904,-39.841236,-40.76364,-38.459435,-39.44951,-43.841816,-43.392418,-44.310402,-43.472023,-45.020935,-47.59224,-48.878845,-48.824135,-50.117218,-51.22879,-52.899937,-56.77668,-56.499916,-56.067055,-58.755016,-60.60986,-64.91873,-66.25899,-67.42829,-69.44302
3136,False,-21.531609,-29.434132,-29.426516,-31.20047,-33.244434,-32.115284,-37.3022,-34.696167,-38.78474,-41.483803,-41.631454,-37.578587,-42.348846,-44.272507,-44.237656,-43.900024,-44.68672,-48.37303,-52.835636,-54.311623,-51.763107,-52.838837,-53.56222,-53.763466,-56.12457,-57.524155,-59.1161,-58.9609,-63.241592,-65.3555,-67.74247,-70.459076
3168,False,-20.147648,-25.270727,-31.396713,-31.865932,-32.77601,-32.171837,-29.092749,-27.625334,-30.959873,-36.210846,-33.403976,-28.274515,-27.319557,-26.791842,-26.99123,-24.340473,-26.235926,-29.343233,-35.827427,-41.914192,-35.36839,-35.28812,-33.94548,-36.431942,-32.94763,-31.272686,-34.97187,-29.227428,-24.15112,-24.009888,-27.606068,-28.275898
3200,False,-23.34658,-28.292418,-24.724949,-24.48907,-30.128384,-28.255384,-29.901691,-24.17547,-30.582352,-38.041286,-28.667587,-27.9373,-28.111227,-24.860718,-27.351662,-24.1718,-28.638123,-30.964758,-32.03425,-36.37181,-32.53148,-31.562254,-32.780746,-34.168056,-31.404726,-28.834908,-32.86122,-30.213396,-24.535086,-24.746254,-28.210115,-28.887676
3232,False,-21.264677,-30.039536,-26.110992,-27.353785,-29.419498,-33.26002,-36.40139,-31.526665,-34.450333,-37.785477,-37.04842,-34.837524,-34.878254,-33.47067,-35.18356,-35.336555,-36.95161,-40.741943,-41.865738,-46.098137,-45.358276,-40.5324,-44.744576,-45.795063,-43.77174,-39.751278,-39.7911,-41.70249,-37.13591,-36.6571,-42.295727,-44.87801
3264,False,-21.395054,-29.342815,-29.466312,-29.820478,-30.944286,-32.819187,-38.16786,-32.98346,-35.86636,-41.68495,-39.916718,-39.82623,-41.989323,-41.624687,-41.374973,-38.35105,-41.326286,-43.28054,-45.071266,-46.779755,-45.331375,-43.746647,-45.33678,-48.25656,-46.83693,-42.855133,-43.058964,-43.770042,-42.100086,-41.451267,-45.80759,-49.316067
3296,False,-23.79531,-28.160723,-28.084307,-31.261711,-31.757946,-33.58766,-39.316914,-36.957516,-37.03461,-41.881634,-43.268288,-43.85023,-40.38561,-38.470898,-39.81216,-41.231247,-43.435112,-45.00339,-44.73378,-46.616894,-46.405674,-46.95269,-48.26033,-49.832466,-50.750046,-46.79863,-46.705357,-47.544136,-45.742653,-46.700905,-51.672096,-55.473503
3328,False,-24.753618,-30.553827,-29.333538,-32.12137,-32.112274,-33.35284,-38.187744,-36.787315,-36.82342,-39.933174,-45.38407,-40.47178,-40.036827,-40.39835,-41.30058,-41.150337,-43.999496,-47.30951,-46.10344,-48.42264,-47.873734,-47.77954,-48.876183,-51.31126,-51.411053,-50.129463,-51.763363,-53.09261,-47.8358,-50.10872,-56.580967,-59.078552
3360,False,-18.485489,-24.423931,-27.489683,-30.946499,-31.360395,-33.538727,-37.58588,-39.89599,-35.92746,-41.98812,-42.63908,-41.18004,-37.901474,-43.454933,-44.01985,-45.94646,-44.82584,-46.25527,-49.083763,-48.041435,-48.522247,-48.901276,-51.893433,-52.116135,-52.64284,-52.901936,-54.905327,-56.1545,-53.007698,-55.07408,-61.419838,-64.04012
3392,False,-20.874178,-27.197033,-29.812185,-31.055115,-29.145649,-33.365524,-36.705944,-38.03928,-38.52636,-36.93702,-40.717243,-41.731453,-39.521458,-42.945724,-43.628887,-45.75104,-44.030373,-46.58035,-50.714985,-50.89248,-51.485386,-48.26696,-51.043205,-53.661613,-54.311707,-57.069145,-56.018364,-57.27697,-57.413223,-58.972935,-63.85498,-67.21858
3424,False,-23.521294,-24.588816,-27.160051,-29.507256,-33.035297,-33.61125,-40.190804,-39.798122,-40.743324,-39.59529,-38.957832,-42.556816,-44.70276,-45.148426,-46.879517,-44.82738,-43.93444,-47.178024,-47.37141,-47.09433,-50.73175,-48.93665,-49.76828,-53.525845,-56.4069,-58.038807,-58.395218,-59.081882,-59.377388,-61.33686,-65.82037,-68.798225
3456,False,-24.283741,-24.631931,-26.268269,-28.430931,-33.88688,-35.27952,-37.308994,-40.28457,-35.91084,-36.3767,-40.862156,-42.127617,-46.158215,-44.63607,-43.70825,-46.380775,-47.809654,-50.165638,-48.609005,-50.45734,-49.239952,-52.37204,-53.619747,-54.26821,-54.575035,-56.970123,-57.675396,-61.115017,-61.781662,-63.202137,-65.68147,-68.85849
3488,False,-25.271864,-29.730091,-29.800064,-29.223381,-32.219242,-37.00188,-35.833744,-36.495083,-35.214478,-40.50552,-43.63554,-43.442184,-38.738495,-42.639328,-45.246094,-48.73591,-50.85386,-48.646805,-48.647823,-49.794846,-51.431267,-50.88513,-53.6783,-55.36104,-52.751747,-55.299263,-58.047176,-62.070957,-63.58646,-65.1499,-69.28783,-69.470245
3520,False,-22.10077,-25.78709,-27.368511,-30.597225,-33.750885,-32.87107,-37.0684,-35.493607,-35.14182,-38.506104,-38.728966,-43.311382,-42.43535,-44.63942,-44.566006,-46.527245,-48.057827,-48.651337,-49.49898,-49.874954,-51.375954,-50.47538,-51.610905,-53.836536,-55.059868,-57.783554,-56.930984,-59.444016,-63.238083,-65.10756,-68.571075,-69.562805
3552,False,-24.116695,-32.72339,-26.101288,-27.905798,-35.477894,-34.41916,-39.732178,-39.398285,-35.338646,-43.141846,-43.698254,-39.987328,-40.381336,-42.926594,-45.92966,-45.80796,-46.109066,-46.5806,-50.684883,-52.363796,-52.352024,-51.39054,-55.145916,-55.622486,-56.285126,-57.32292,-59.55687,-59.530067,-62.428593,-66.356544,-68.101265,-69.62886
3584,False,-23.283365,-29.128208,-31.38224,-33.48691,-35.66313,-36.624237,-37.256607,-37.66138,-36.97577,-41.10726,-43.628277,-43.86544,-41.560463,-40.562317,-42.351425,-44.43239,-47.017014,-50.47361,-50.203358,-50.551834,-48.32405,-50.062965,-52.350544,-54.753017,-54.91668,-57.65754,-60.08324,-61.346935,-64.857574,-65.49859,-67.566086,-70.172516
3616,False,-21.979609,-28.119905,-29.394472,-33.3132,-36.00766,-31.558752,-34.532986,-37.902214,-37.72097,-38.631653,-39.401306,-42.668575,-42.888855,-42.053017,-42.617897,-43.356785,-46.703102,-46.932827,-48.065266,-49.258102,-50.10064,-52.52708,-52.561256,-54.59178,-56.635075,-57.502674,-59.709435,-59.70442,-63.731865,-67.09824,-70.049194,-72.013626
3648,False,-24.240816,-25.5445,-31.569708,-32.418503,-35.240555,-33.11351,-36.39314,-40.180733,-36.455997,-38.90335,-40.67021,-43.158016,-42.859707,-44.351078,-44.421154,-43.219856,-44.92245,-46.61923,-50.237194,-50.15814,-50.235077,-50.859917,-52.20037,-52.372795,-56.76478,-57.961388,-58.72845,-60.92484,-63.373913,-67.94877,-67.76595,-70.69386
3680,False,-22.321144,-25.50959,-28.387651,-30.560966,-31.617607,-32.791077,-39.59172,-36.921295,-38.640846,-40.730354,-39.469948,-42.298294,-40.922962,-42.492332,-42.174843,-42.46158,-45.435455,-46.74594,-49.577183,-52.584473,-50.825695,-52.224064,-51.6914,-54.60058,-56.937866,-58.326717,-58.81245,-58.871555,-64.57566,-66.34543,-68.11333,-68.95505
3712,False,-23.035192,-25.134747,-26.676537,-29.446476,-31.16992,-31.913372,-32.56183,-27.34734,-30.373194,-36.015385,-35.102966,-31.199867,-29.727535,-35.935307,-36.173115,-33.67822,-35.29034,-40.078793,-44.94153,-49.46714,-47.93894,-48.540817,-49.307365,-52.65821,-55.350605,-57.544044,-58.880466,-58.31638,-57.82692,-60.412716,-63.577385,-66.402885
3744,False,-23.966469,-26.72528,-26.163542,-27.888943,-25.738773,-28.172752,-31.279018,-25.574415,-30.47575,-38.42771,-33.361744,-32.932945,-32.497208,-32.367264,-36.751053,-33.08744,-38.014915,-42.540413,-43.41549,-46.820713,-47.110104,-48.171165,-50.696316,-54.27706,-55.732513,-55.935448,-58.162914,-59.05453,-56.37261,-59.887444,-64.78789,-65.44778
3776,False,-25.008862,-26.540852,-31.040802,-29.391914,-29.813269,-35.260796,-34.606544,-30.116035,-33.679398,-38.93595,-40.8263,-39.404167,-35.343365,-36.056694,-38.226006,-40.170372,-42.834198,-45.90628,-48.90336,-50.464592,-50.768623,-52.380493,-52.850937,-54.13252,-54.80925,-57.634323,-57.95975,-58.900208,-63.575066,-67.618225,-68.90204,-70.32827
3808,False,-22.401154,-27.91341,-27.84354,-30.980093,-33.950974,-34.35353,-40.98226,-37.51767,-37.45673,-40.899204,-40.788567,-46.033722,-41.79953,-40.846542,-40.626854,-43.45776,-44.735245,-45.661205,-48.71162,-50.10435,-52.795403,-51.106934,-52.93762,-54.685143,-55.27773,-58.27665,-60.454834,-60.333675,-63.360107,-66.25888,-68.0904,-69.574356
3840,False,-23.302029,-25.205772,-27.870663,-29.387764,-31.028654,-34.90437,-35.289673,-35.615288,-35.583786,-40.11929,-41.32714,-43.106842,-39.65796,-41.944283,-41.37386,-43.62497,-46.02705,-46.4378,-48.158707,-50.933907,-51.448883,-52.44471,-54.06269,-54.59928,-54.575672,-57.632797,-58.48004,-59.98892,-62.834503,-66.27375,-68.889175,-70.88327
3872,False,-21.872786,-28.261612,-30.073334,-31.96827,-33.13115,-33.068047,-40.847588,-38.018173,-34.166435,-40.621483,-43.162178,-44.05884,-44.451492,-44.23104,-47.353683,-43.64646,-44.746574,-46.898964,-48.367764,-49.569588,-52.74716,-51.887432,-53.0486,-54.8798,-55.891617,-58.11323,-58.778934,-61.924725,-61.891575,-66.01235,-69.06913,-68.75929
3904,False,-24.93603,-28.463299,-30.002625,-31.412373,-35.352787,-34.15782,-36.46724,-36.253487,-36.33674,-39.933777,-42.138893,-41.51394,-40.187073,-40.571297,-43.293175,-42.932262,-46.814556,-47.515587,-46.03424,-48.321037,-49.74453,-49.026356,-52.67921,-54.811134,-57.195858,-58.877457,-59.681023,-60.44491,-62.085934,-66.929054,-67.41597,-69.8058
3936,False,-24.604027,-28.014065,-25.378876,-26.618702,-35.513393,-39.25351,-39.871017,-38.78525,-39.089493,-40.936657,-42.788754,-43.042038,-42.995438,-41.843674,-45.047318,-43.91635,-44.892494,-46.360954,-47.2015,-49.651203,-49.819164,-50.00694,-53.20726,-53.492264,-55.367973,-56.094627,-57.057705,-60.2996,-62.40487,-64.83087,-68.08916,-69.80472
3968,False,-25.12869,-29.425415,-28.44336,-32.698692,-34.772495,-33.81568,-38.143154,-39.63774,-36.105404,-41.27934,-40.910202,-38.82959,-40.95976,-42.1913,-43.588844,-44.420948,-46.329304,-48.739697,-48.365044,-51.71141,-51.24661,-53.03072,-54.05539,-54.856445,-56.999138,-56.48865,-58.05073,-59.8847,-62.311153,-65.90346,-69.255295,-71.12066
4000,False,-23.138798,-25.986656,-28.669022,-31.42208,-29.456562,-32.880722,-36.666573,-35.955418,-37.267918,-39.422703,-44.042084,-42.854904,-40.6336,-39.681034,-41.342922,-45.62919,-45.449806,-47.41139,-47.927773,-48.451725,-51.165337,-48.8324,-51.61393,-53.26243,-56.338455,-56.795734,-57.758846,-58.872063,-62.63092,-66.16914,-68.071205,-69.9505
4032,False,-21.989025,-30.65493,-30.913338,-30.65496,-28.708021,-33.8739,-38.98515,-38.239017,-37.00062,-39.117672,-42.996468,-42.76925,-41.32469,-40.06806,-43.48062,-46.891563,-45.874527,-45.98484,-47.086452,-49.146694,-51.06432,-49.694138,-52.506023,-55.151367,-55.93542,-58.37318,-58.602753,-59.774788,-63.261837,-66.97765,-69.084785,-71.22479
4064,False,-21.086834,-29.673193,-29.929552,-30.984806,-34.962414,-33.133423,-36.348923,-37.23791,-32.981674,-37.97374,-42.80163,-43.70085,-43.60025,-41.99401,-43.758804,-45.121437,-46.08478,-48.43002,-47.18699,-49.030045,-52.59507,-50.302383,-51.575935,-55.57072,-54.791737,-57.358467,-58.891945,-59.28647,-63.757393,-66.55009,-68.751755,-69.92103
4096,False,-22.091648,-29.670467,-29.852757,-27.438942,-30.04738,-33.887783,-36.028706,-40.69515,-39.583313,-43.467117,-49.109543,-43.50458,-39.16635,-41.57644,-44.827038,-41.27995,-45.065155,-51.891968,-51.48452,-50.98648,-49.54927,-50.1701,-53.10177,-55.616802,-56.4544,-58.811092,-58.1202,-61.272587,-64.89023,-66.97044,-70.50775,-68.61746
4128,False,-22.653633,-28.216288,-27.44478,-31.16112,-33.43833,-37.998295,-37.676044,-37.9256,-38.638428,-43.678787,-46.526817,-42.81868,-42.95926,-43.953133,-44.28722,-42.93747,-47.333992,-48.839607,-48.307766,-50.26997,-52.806305,-53.319927,-53.454338,-54.83014,-53.655933,-56.36236,-58.454765,-61.73239,-64.689926,-66.997215,-69.03878,-71.25311
4160,False,-24.406775,-29.029346,-27.244703,-28.897804,-32.928364,-40.929802,-39.967667,-41.428448,-40.892902,-41.023804,-40.303455,-40.88535,-42.560352,-42.841995,-43.97221,-42.181187,-46.963417,-47.56029,-48.138847,-49.345406,-49.238983,-50.902332,-56.17283,-55.438595,-56.6547,-58.78815,-59.974884,-61.29573,-64.224464,-65.98738,-70.39441,-70.21445
4192,False,-26.2646,-27.405703,-25.918732,-27.70425,-35.17521,-34.968143,-38.46525,-34.995148,-38.883377,-42.698982,-40.075737,-41.257454,-41.54549,-43.7828,-43.956562,-43.79227,-45.422806,-47.830635,-48.051163,-50.12213,-50.460136,-51.644478,-54.579792,-53.565746,-56.026188,-57.734104,-60.601524,-61.809204,-65.866005,-66.22828,-67.87373,-69.40096
4224,False,-25.24478,-28.14643,-30.107515,-31.39182,-30.057032,-33.92336,-36.2728,-37.92255,-35.28188,-36.115555,-41.440514,-40.76713,-39.547928,-45.743973,-43.873257,-44.033928,-47.193634,-47.584538,-47.39838,-51.00739,-54.086372,-54.906048,-55.82818,-55.160183,-55.984085,-56.915928,-59.220196,-60.628143,-64.89047,-66.19765,-67.71233,-69.16038
4256,False,-23.290073,-28.618595,-27.3629,-27.785542,-31.124783,-32.635494,-31.249271,-30.68041,-34.098763,-39.42528,-36.35566,-31.090601,-29.998714,-28.824837,-29.7921,-27.166866,-29.088442,-32.621307,-39.042072,-43.574482,-37.894897,-38.746162,-37.45174,-39.68248,-36.11678,-35.451473,-37.942726,-32.238365,-27.296793,-26.66042,-32.056736,-32.709614
4288,False,-23.811104,-28.146244,-26.198536,-23.21617,-28.307953,-30.92349,-29.087116,-23.209515,-28.69732,-34.349674,-28.816288,-27.195553,-26.106735,-23.338022,-25.706924,-22.523144,-26.389227,-28.761337,-30.46291,-35.18363,-31.101944,-30.107185,-30.834835,-32.052788,-29.402706,-27.362202,-30.62124,-27.562145,-22.437174,-22.388208,-26.71562,-27.319128
4320,False,-23.485638,-26.892525,-27.252972,-28.555695,-31.718233,-32.194794,-36.859173,-31.517038,-33.18054,-38.23959,-34.877617,-36.628437,-32.88688,-33.613884,-36.15871,-34.987183,-36.958,-40.72635,-43.763393,-46.78405,-44.87309,-40.973873,-44.689415,-46.272026,-43.28759,-40.016975,-38.94837,-40.24259,-36.698975,-36.197327,-41.943848,-45.717834
4352,False,-23.437382,-27.994621,-27.427004,-31.369896,-32.87891,-36.1193,-36.92158,-35.296394,-37.492203,-41.749413,-39.17931,-44.265663,-41.761593,-42.024376,-42.36696,-40.190968,-42.443295,-44.67333,-45.44695,-48.0862,-46.800022,-44.745476,-47.04878,-48.227913,-49.229088,-43.46225,-42.672226,-43.26559,-41.30111,-40.80593,-46.149464,-50.01472
4384,False,-24.4334,-27.558128,-26.759003,-25.99312,-32.653027,-34.14963,-35.227547,-38.85602,-38.240627,-41.818905,-39.364056,-41.879112,-38.772224,-40.073486,-42.33572,-41.359886,-44.362335,-44.985237,-46.87492,-50.79213,-47.8735,-46.913742,-49.313744,-51.093575,-49.906353,-46.41731,-46.511383,-47.662613,-45.77762,-46.75028,-51.443047,-54.66702
4416,False,-25.496561,-29.409107,-26.76842,-30.143997,-31.892431,-37.62231,-39.66463,-39.84075,-39.40528,-40.81718,-42.720596,-40.583797,-40.229393,-40.579086,-42.014996,-42.969265,-46.525234,-45.56333,-44.647873,-50.016396,-48.388145,-49.245613,-51.36788,-54.02019,-52.536045,-49.748337,-51.083523,-52.15068,-48.405834,-50.466812,-57.298283,-60.085606
4448,False,-23.855055,-27.650959,-28.72119,-30.528103,-32.45517,-32.824566,-38.82384,-35.68509,-35.17462,-37.154556,-37.309273,-38.012737,-39.983044,-41.509544,-44.46096,-47.786594,-45.968853,-47.574596,-46.817215,-50.04826,-48.41295,-49.93027,-51.44739,-53.52163,-54.22445,-54.58014,-55.50891,-54.92237,-52.332336,-54.970737,-61.02013,-64.222244
4480,False,-22.726088,-30.980335,-28.927004,-31.301592,-33.155704,-35.08248,-37.525955,-39.218853,-39.736256,-39.252247,-38.586308,-39.084618,-37.467087,-40.95915,-43.326836,-43.798927,-43.62062,-45.49817,-48.41533,-50.75893,-51.08267,-50.5855,-52.659485,-53.299965,-55.04936,-55.01967,-56.245308,-57.248634,-57.76921,-58.018585,-63.183723,-66.35476
4512,False,-27.131466,-27.331295,-28.099108,-30.984314,-32.58247,-36.255276,-39.673447,-40.478287,-38.555767,-40.13155,-41.90403,-40.19358,-40.38189,-41.59344,-40.913624,-42.081215,-47.22928,-48.967735,-47.5456,-49.554382,-48.8515,-50.83583,-52.944023,-53.869595,-56.627785,-55.88209,-56.367565,-61.08187,-58.63137,-61.583363,-66.77565,-67.89972
4544,False,-26.061214,-27.37516,-26.67887,-29.337528,-31.447094,-32.607567,-36.4362,-34.788162,-37.25391,-39.05241,-42.81731,-40.193558,-39.250572,-42.511147,-48.397194,-44.933247,-45.313393,-51.459343,-49.618717,-51.19827,-49.312958,-49.637245,-51.153046,-54.90047,-56.41873,-55.757614,-57.776215,-59.766777,-63.12509,-64.755844,-67.54741,-69.35355
4576,False,-21.725079,-29.80412,-30.918438,-30.836105,-31.706879,-35.41056,-39.503967,-37.381863,-39.755856,-41.876488,-43.350464,-37.73177,-38.241302,-41.746765,-44.511505,-47.160282,-46.17458,-47.54475,-50.049614,-51.195465,-51.03263,-51.72448,-53.14364,-53.46987,-55.660034,-59.737362,-61.29779,-60.7109,-63.78147,-64.83497,-67.37138,-68.10457
4608,False,-24.713501,-27.24722,-32.56509,-32.209892,-32.343258,-35.355774,-36.516953,-38.51828,-37.00285,-39.639526,-39.831043,-43.7623,-42.075516,-43.63846,-43.34709,-44.438824,-48.69587,-49.16208,-50.747772,-51.99639,-49.04003,-50.23475,-51.01215,-52.778336,-56.857635,-57.12681,-57.90079,-60.999016,-63.952858,-66.3456,-67.7098,-69.24569
4640,False,-22.624924,-27.78714,-31.898823,-31.036139,-32.270958,-38.11931,-38.772854,-37.976357,-34.852493,-40.338493,-41.38095,-41.962322,-43.478313,-45.496964,-45.98179,-43.369026,-44.36457,-47.545784,-50.08638,-49.461117,-49.145073,-52.18246,-53.290977,-56.439583,-57.514458,-58.681145,-56.8302,-60.110573,-63.17364,-66.593704,-68.07263,-69.34365
4672,False,-21.628464,-26.001205,-31.576183,-32.092587,-33.574627,-37.095966,-36.770065,-37.707325,-37.214767,-39.968193,-40.275425,-41.146843,-39.283577,-41.38463,-45.33861,-42.501793,-46.063236,-50.074547,-49.992218,-51.074593,-50.08441,-50.35913,-52.36831,-54.595474,-56.24033,-57.359856,-58.141716,-62.284904,-64.13068,-65.155785,-69.37407,-69.4343
4704,False,-24.976086,-31.072754,-28.658237,-30.295078,-30.401695,-35.964115,-39.24909,-38.40202,-38.39515,-43.177204,-40.75735,-39.664455,-44.790497,-42.394913,-40.9417,-43.5096,-45.587364,-46.43778,-48.71317,-51.10034,-47.876926,-49.559574,-51.095776,-54.08998,-55.76892,-56.339157,-58.882683,-59.379852,-62.70233,-64.55766,-67.89197,-70.25877
4736,False,-23.784723,-24.618444,-26.760714,-32.826763,-33.16527,-34.013176,-37.672264,-40.749393,-35.829727,-41.93932,-42.676083,-46.643105,-41.16934,-41.52676,-46.381626,-45.125423,-43.257427,-49.22711,-49.317455,-49.937225,-52.084534,-50.805336,-53.890785,-54.452,-56.026924,-57.418015,-58.26222,-60.572582,-64.061676,-65.555695,-68.734375,-70.57062
4768,False,-20.930079,-26.605267,-29.17266,-30.819035,-37.86332,-38.445965,-37.41199,-39.656807,-35.695545,-37.647205,-41.78759,-41.854202,-42.87139,-42.06346,-44.826244,-45.72697,-47.173344,-47.252354,-49.36281,-55.562206,-51.55818,-48.04161,-52.212738,-54.245155,-56.279922,-56.624847,-59.3401,-60.451206,-63.175133,-65.71872,-68.451515,-70.178215
4800,False,-22.023281,-26.496592,-27.934084,-30.138815,-31.584585,-35.562065,-35.195763,-32.406975,-34.478107,-40.814682,-38.07357,-35.037937,-34.783287,-36.620888,-37.63539,-35.60792,-38.585205,-43.646767,-47.705463,-50.909027,-49.78806,-49.954906,-51.452362,-53.66529,-55.979862,-58.141766,-58.632584,-60.12435,-60.01397,-61.776924,-66.27807,-68.03554
4832,False,-19.4015,-27.25641,-25.386082,-26.895342,-28.051405,-28.927519,-31.791496,-25.059137,-29.945198,-39.00417,-31.206161,-31.226997,-30.857145,-31.519554,-34.17161,-29.971615,-35.748714,-40.1787,-42.30558,-45.617023,-44.392593,-45.410767,-49.924675,-51.216812,-52.331635,-53.19069,-55.754143,-57.83993,-55.27519,-58.075417,-62.94908,-64.117004
4864,False,-20.546337,-28.473888,-28.989044,-29.036024,-30.428532,-31.790846,-37.70571,-29.854053,-32.18484,-40.043888,-43.160065,-38.756004,-37.235054,-38.789936,-40.936813,-40.756836,-44.636578,-48.04325,-50.92525,-50.88086,-49.730362,-50.66726,-53.580227,-56.990425,-54.34185,-55.43708,-59.008373,-60.291702,-62.887085,-66.78049,-69.16155,-70.176155
4896,False,-21.227314,-29.793417,-30.119602,-28.864592,-29.551403,-30.417755,-36.545166,-35.972363,-36.394714,-40.195656,-40.056057,-39.98543,-42.968235,-42.371906,-42.29175,-44.865646,-45.061333,-47.840508,-51.406128,-52.23603,-52.103783,-51.915432,-56.90148,-56.991898,-55.443382,-58.02088,-61.167774,-60.886917,-63.76352,-66.58021,-69.8497,-70.658394
4928,False,-23.757217,-29.237404,-30.323437,-32.718296,-30.926907,-33.603855,-36.06864,-43.9748,-34.94098,-38.464314,-36.83926,-39.460785,-41.27771,-40.859222,-42.1585,-42.5664,-43.791676,-45.982098,-46.398605,-52.145874,-51.78482,-50.254677,-53.982338,-53.956676,-56.476933,-58.21314,-60.89734,-60.814938,-64.84561,-66.61078,-69.37048,-70.82444
4960,False,-21.347698,-25.320686,-24.990187,-27.01773,-36.108715,-32.722466,-36.031647,-39.141582,-34.348312,-40.47392,-41.62359,-44.33091,-44.993423,-45.225483,-43.5669,-45.79779,-43.299118,-46.270027,-50.205616,-49.642467,-49.134983,-50.014008,-52.992073,-55.246643,-56.98574,-59.435013,-59.18351,-61.636818,-63.888363,-66.4692,-68.47484,-70.19639
4992,False,-27.918673,-28.369034,-29.610676,-31.087988,-38.01229,-35.922894,-38.752415,-35.39122,-37.30675,-43.15891,-39.234035,-46.16909,-44.405006,-43.752327,-47.31806,-46.28143,-47.146706,-48.262558,-49.705284,-51.08584,-49.83631,-51.663483,-52.670895,-55.836235,-56.58693,-59.68777,-59.917637,-61.326412,-64.349,-65.57877,-68.780685,-68.8389
5024,False,-23.47303,-26.793331,-30.969032,-29.954239,-33.870617,-32.932056,-35.6657,-36.614334,-35.656914,-39.39052,-43.795357,-42.96139,-45.67837,-43.742928,-43.666862,-44.605858,-45.799786,-48.172203,-48.84076,-51.632256,-49.98654,-51.619602,-51.94927,-53.99475,-56.05137,-58.720543,-57.605713,-58.03296,-62.738895,-64.49396,-67.4934,-69.09688
5056,False,-21.482306,-26.54977,-29.055994,-32.939697,-33.15851,-33.771782,-33.63773,-36.62766,-38.060482,-42.349133,-47.212124,-43.298565,-41.98295,-43.063168,-40.64292,-44.57703,-46.293835,-47.411457,-51.0811,-52.933712,-52.063183,-51.250175,-52.46318,-53.327003,-54.314156,-55.804802,-59.505363,-60.254215,-62.58604,-66.82513,-69.1513,-69.73231
5088,False,-22.504606,-26.612226,-27.381409,-29.22094,-30.736511,-35.51662,-37.31824,-39.48025,-41.800842,-42.34732,-42.045475,-39.901474,-39.61599,-40.286976,-43.93423,-44.74873,-46.29615,-46.607777,-50.70416,-52.42188,-50.401493,-50.972946,-52.590565,-53.569603,-56.31556,-57.390793,-57.928482,-58.803295,-62.661438,-65.770584,-68.14543,-69.54754
5120,False,-26.187073,-25.119993,-29.429932,-34.558353,-34.274647,-38.560326,-38.940037,-38.82399,-39.115753,-44.005478,-40.592125,-40.356884,-42.945816,-44.216194,-43.285606,-43.48682,-43.589546,-45.596107,-50.27707,-52.54062,-52.5216,-51.342636,-52.24343,-53.09546,-54.758316,-57.366325,-57.99523,-60.201412,-64.290924,-65.77241,-67.50144,-69.24192
5152,False,-21.938246,-30.873848,-29.687078,-28.299183,-32.69106,-36.91377,-36.81706,-38.38726,-35.110744,-38.68644,-39.546844,-40.762207,-43.206886,-45.699993,-42.759365,-45.346535,-45.97488,-49.382854,-49.447216,-51.65161,-50.4433,-50.953964,-51.991074,-52.807903,-55.159782,-54.81414,-57.549515,-60.74404,-64.04474,-65.01786,-67.923065,-69.03258
5184,False,-21.240301,-29.001606,-27.912655,-29.713543,-33.38185,-36.201748,-38.0923,-35.7511,-35.089878,-40.605804,-41.43219,-42.556454,-41.879654,-46.477737,-44.957443,-44.083214,-46.423843,-45.454803,-49.03634,-51.102554,-52.066483,-50.169544,-53.034218,-54.9811,-55.987137,-56.857063,-57.21075,-60.30571,-63.616722,-64.46321,-68.68938,-69.96922
5216,False,-24.339666,-31.373878,-30.31715,-29.953234,-31.787127,-36.32153,-38.468987,-38.33917,-39.41333,-40.715744,-42.39952,-43.47671,-42.355156,-46.11006,-42.942547,-42.82374,-47.271824,-47.764084,-50.383644,-48.8446,-50.655205,-51.597233,-51.757893,-54.278816,-54.053303,-57.041122,-58.033142,-59.74737,-62.668194,-65.062645,-69.04694,-71.779434
5248,False,-24.277351,-29.666235,-29.602592,-32.372757,-34.082886,-32.950073,-37.16859,-39.01511,-39.025074,-41.08426,-45.704483,-43.547195,-46.334145,-43.244213,-44.907005,-46.817608,-50.872986,-47.112213,-48.83543,-48.961697,-49.709137,-50.82014,-50.76474,-53.871346,-54.64029,-56.669582,-58.546432,-60.775818,-63.901783,-65.63937,-68.43247,-69.08788
5280,False,-25.782509,-28.752821,-25.41882,-28.308968,-33.514164,-40.366253,-40.83332,-36.69584,-35.84174,-38.830963,-45.120068,-41.905716,-43.82435,-44.651947,-43.188763,-47.185497,-48.86673,-47.532463,-48.627945,-50.21133,-49.37301,-49.98011,-53.086525,-55.76919,-56.878315,-57.58445,-60.76851,-60.789772,-63.02883,-64.94822,-66.66686,-68.77869
5312,False,-24.099491,-30.298536,-27.300203,-32.27724,-33.972973,-37.967026,-40.102104,-39.50655,-35.46466,-40.06851,-40.23109,-37.100067,-39.527664,-42.7074,-41.844944,-45.249714,-48.368874,-47.32827,-49.906532,-49.440598,-48.4758,-50.595596,-53.28685,-54.54865,-55.567543,-56.23869,-60.251434,-59.91283,-61.591778,-65.226906,-67.02974,-69.31022
5344,False,-25.50069,-30.097279,-27.760578,-30.417244,-32.180897,-34.479187,-34.11731,-32.365883,-35.72693,-38.07109,-36.66925,-33.690746,-33.001137,-32.190895,-32.739395,-30.142925,-31.943268,-35.48133,-42.0183,-46.68332,-41.250412,-42.607365,-41.34018,-43.33383,-40.04814,-39.60071,-41.93842,-35.73385,-30.501516,-30.126328,-36.684105,-37.314445
5376,False,-25.73802,-27.72745,-29.816664,-22.390362,-27.884235,-29.494802,-27.320005,-22.037079,-27.692537,-33.032806,-26.309479,-25.05007,-25.282627,-22.93046,-24.51455,-21.335167,-24.582071,-26.711128,-30.302782,-34.942924,-29.889008,-30.169489,-29.612633,-30.857887,-28.511316,-26.655525,-29.552937,-25.833794,-20.290129,-20.56229,-25.963985,-26.737404
5408,False,-23.54406,-32.670048,-30.30854,-29.23273,-32.120823,-32.635334,-35.982224,-31.520674,-34.645275,-40.11177,-34.454494,-34.022057,-31.297962,-32.26694,-35.50837,-32.586205,-34.318176,-40.50187,-42.513855,-47.051872,-44.973885,-41.52037,-44.993637,-45.83435,-42.31663,-39.26024,-38.55623,-39.59773,-35.520367,-35.648457,-41.310493,-45.079037
5440,False,-25.48159,-30.020512,-31.114635,-30.94538,-30.369324,-35.537807,-37.85909,-34.624043,-36.759266,-39.14826,-37.611145,-41.03294,-40.634544,-39.965023,-41.754356,-39.56087,-42.180565,-45.21877,-45.345978,-48.545185,-47.172894,-46.470608,-46.260895,-48.22682,-47.905193,-43.174706,-42.8433,-43.435936,-40.869698,-40.800163,-46.62703,-50.00692
5472,False,-23.023195,-30.15234,-25.175879,-31.441467,-34.62937,-35.8177,-38.81069,-41.524002,-42.127377,-43.091576,-38.264755,-40.15567,-42.1372,-42.255806,-42.16293,-40.480995,-47.371582,-46.71389,-45.978313,-50.036602,-47.2406,-46.646133,-48.454727,-50.599808,-50.59651,-45.971306,-46.25376,-46.94881,-44.644604,-45.687603,-51.31046,-53.527794
5504,False,-24.248114,-25.710642,-26.535427,-30.328768,-36.75676,-33.993187,-37.70183,-38.55599,-38.470856,-39.917683,-40.914116,-41.098602,-41.143475,-40.08425,-43.318382,-44.511913,-45.612682,-47.259995,-47.434456,-50.837654,-49.86207,-48.3183,-50.843666,-52.27821,-54.773556,-50.120865,-50.6094,-50.98717,-46.73662,-49.44139,-57.28006,-59.431286
5536,False,-23.51868,-28.111034,-27.56586,-33.664993,-34.483025,-33.19641,-35.076164,-36.771866,-33.148586,-37.90419,-45.5323,-41.740055,-39.241543,-41.430626,-43.069,-44.004967,-44.782406,-48.226276,-47.34449,-49.331707,-49.639515,-50.232483,-53.06208,-53.52861,-54.18553,-54.020485,-55.28061,-56.44364,-52.56481,-54.859787,-60.92009,-62.9048
5568,False,-29.393547,-28.004744,-32.650024,-35.04817,-35.55584,-38.78658,-41.533436,-41.95929,-36.614452,-42.191982,-42.72912,-44.435616,-46.328545,-42.490974,-42.337585,-47.059006,-45.881958,-46.069138,-49.859062,-51.035522,-48.2814,-50.366592,-52.722366,-54.53552,-53.68648,-54.99273,-56.073135,-57.74074,-57.315033,-58.478966,-65.21596,-67.47271
5600,False,-26.017563,-28.747347,-28.966465,-32.79965,-34.308254,-36.07536,-40.852036,-39.322266,-35.541977,-37.38581,-41.331097,-42.792206,-41.090416,-38.11342,-42.12715,-44.625465,-43.985985,-47.156315,-49.318634,-50.724174,-49.602413,-50.014683,-52.074566,-52.875824,-54.72156,-56.583847,-56.447903,-60.227592,-58.3968,-60.418495,-65.72255,-69.130226
5632,False,-23.990023,-29.325478,-34.992542,-34.022507,-34.696793,-35.42597,-36.829506,-39.106018,-35.857536,-36.976997,-38.38982,-41.30651,-40.2586,-41.470715,-43.626785,-43.667797,-45.869102,-50.451393,-50.969032,-50.76696,-49.003128,-49.22443,-52.118866,-53.25323,-54.76792,-57.474594,-58.767235,-61.35155,-60.25906,-62.720646,-67.580246,-68.99261
5664,False,-25.785887,-27.65458,-26.945784,-31.054432,-31.42557,-34.21888,-39.01552,-40.13014,-38.930267,-41.238445,-41.0339,-39.765656,-39.78546,-40.18361,-40.131077,-45.868813,-44.55243,-49.8513,-49.828144,-48.955135,-51.323696,-50.21521,-51.944702,-54.64046,-54.266502,-56.45929,-60.637444,-60.87506,-61.766567,-64.11521,-68.46485,-70.55902
5696,False,-25.188398,-28.238956,-29.617897,-31.919785,-35.9479,-36.92491,-37.022335,-37.611904,-37.581963,-39.79371,-41.449875,-40.71076,-42.376312,-40.72737,-43.206295,-43.677082,-47.336586,-49.314465,-50.149822,-51.02672,-50.64943,-50.466034,-52.316666,-55.021973,-56.47098,-57.404842,-59.089233,-59.967796,-61.641506,-64.783394,-66.748856,-68.67418
5728,False,-24.530098,-26.790304,-31.897396,-38.460587,-37.75307,-33.980946,-38.54119,-36.706078,-37.224945,-37.67436,-43.457714,-41.222237,-42.05957,-47.079567,-44.856567,-45.10408,-45.229866,-46.845364,-49.04435,-48.665653,-50.051537,-51.072105,-54.526024,-54.516876,-56.01487,-57.49571,-59.48419,-61.076195,-63.793568,-66.44978,-67.23169,-68.73691
5760,False,-24.486692,-25.133429,-27.509922,-35.172085,-34.690765,-37.2132,-41.94182,-37.37597,-34.91515,-41.7146,-41.1222,-43.490158,-42.659054,-44.174316,-43.46191,-44.57682,-46.392906,-46.308895,-46.64047,-48.765034,-50.15351,-50.595413,-53.400032,-53.923615,-55.839607,-58.074234,-58.163696,-60.305233,-63.858345,-64.57681,-66.86428,-68.34224
5792,False,-27.51272,-25.887125,-29.628504,-31.413609,-32.497078,-34.230846,-36.777615,-36.95976,-37.671444,-41.576653,-40.066547,-43.206974,-42.114906,-43.252827,-45.890766,-43.62783,-45.505806,-46.335606,-50.006557,-52.29652,-51.043648,-51.490646,-53.04455,-54.405426,-56.00565,-58.05127,-58.41691,-60.684196,-63.066578,-65.65493,-67.39756,-70.10089
5824,False,-21.445293,-28.886536,-28.059404,-29.28603,-32.091904,-33.154987,-37.242188,-37.31961,-34.865448,-40.614697,-40.606552,-43.216625,-40.592785,-46.498013,-45.80971,-43.702007,-44.23635,-45.73238,-44.250675,-50.13035,-48.842506,-49.65518,-53.78344,-54.635452,-56.341164,-57.50635,-58.57821,-60.142006,-62.52439,-65.47112,-67.179306,-69.35603
5856,False,-28.465755,-28.774073,-31.074991,-29.645584,-32.52853,-33.415283,-35.0562,-32.930046,-32.801216,-43.829834,-42.510513,-42.96768,-43.46733,-43.86124,-43.172523,-43.178986,-45.85386,-47.734905,-49.122925,-50.424194,-50.025307,-55.31416,-53.497547,-55.10391,-56.129738,-58.341133,-58.301987,-59.539383,-62.684395,-66.67893,-68.43964,-70.07039
5888,False,-25.752514,-27.684372,-24.171482,-28.147852,-36.42166,-34.185642,-34.078262,-32.2958,-33.29585,-37.892345,-37.44163,-35.88165,-35.235394,-38.410954,-38.20389,-37.03135,-39.71889,-44.070927,-46.36147,-50.540604,-50.089916,-51.480583,-53.858456,-55.189545,-57.156887,-57.324024,-58.463154,-60.41853,-60.45112,-62.985962,-66.18213,-68.227585
5920,False,-22.76202,-27.118132,-26.096489,-25.103045,-27.486164,-27.78542,-30.820724,-24.045458,-28.314964,-34.322098,-30.136202,-30.408354,-29.464912,-30.746181,-34.42248,-29.88808,-34.991554,-40.120853,-41.921608,-46.308098,-45.651787,-44.69789,-47.572254,-51.01242,-53.87069,-54.851395,-56.33411,-59.20813,-52.97283,-56.547085,-61.650158,-64.050476
5952,False,-24.744318,-25.564507,-29.369835,-29.64964,-30.609985,-31.894367,-37.99819,-32.54472,-35.713383,-37.838932,-34.564075,-35.467617,-36.625816,-36.947124,-39.046993,-40.552868,-44.776974,-47.1384,-46.85982,-48.792873,-49.269653,-49.434853,-51.20443,-54.17156,-55.20031,-57.89733,-59.20853,-60.87956,-62.30903,-64.55176,-66.5878,-68.71706
5984,False,-24.037083,-24.373127,-30.893131,-34.56044,-35.61032,-34.92856,-38.230232,-38.152817,-37.256325,-38.32725,-37.50608,-37.27546,-39.221424,-46.717033,-45.021477,-44.118614,-47.39758,-46.828316,-47.054596,-49.88587,-50.783363,-51.741516,-53.13083,-53.84449,-54.650475,-59.609512,-58.631557,-59.00745,-62.00654,-65.921776,-67.92516,-68.81927
6016,False,-24.04655,-24.306896,-29.961845,-32.01671,-29.01576,-33.82461,-41.579308,-39.712025,-35.546017,-36.619564,-41.52849,-42.7745,-39.871845,-39.683853,-42.256886,-45.001137,-47.890823,-48.17326,-47.887424,-52.158527,-53.656868,-50.288643,-51.405354,-53.779793,-56.122585,-58.1439,-58.19568,-61.741947,-64.55472,-65.67504,-68.16544,-70.36807
6048,False,-25.940231,-29.050468,-27.594631,-30.348469,-35.934605,-34.950817,-41.97966,-41.090065,-43.438934,-43.79404,-42.215687,-43.273735,-38.900497,-41.43193,-43.597355,-45.63028,-46.59937,-48.827675,-50.13681,-50.368805,-51.984406,-49.736397,-52.73121,-54.61158,-54.84589,-55.85905,-58.59963,-60.517212,-64.52916,-66.32644,-69.58093,-70.200584
6080,False,-25.804445,-25.547867,-25.680824,-29.857151,-37.32901,-36.598377,-41.00392,-36.632545,-36.854485,-40.45298,-42.048332,-42.038704,-41.872868,-42.803856,-46.410553,-46.51719,-46.409283,-47.885036,-47.496258,-47.437977,-50.51723,-51.904865,-52.856476,-54.203354,-57.37059,-56.104836,-58.12239,-59.604267,-63.732075,-67.19372,-67.815384,-69.8214
6112,False,-24.724789,-28.276033,-29.97208,-30.207663,-31.208551,-31.886423,-35.12094,-35.082146,-34.992275,-40.827026,-39.344814,-40.36201,-40.48573,-40.900726,-46.537674,-44.822636,-48.407482,-49.319553,-49.194168,-50.987564,-49.512844,-49.299778,-52.905098,-53.423256,-58.705235,-56.980305,-57.651268,-60.127316,-63.273716,-66.1917,-69.80181,-69.507904
6144,False,-28.245962,-25.348133,-29.08741,-30.583307,-33.170204,-35.478157,-34.436108,-38.580982,-34.888634,-40.18708,-42.647865,-42.204315,-43.5198,-44.767323,-46.07705,-44.83616,-44.83362,-45.55989,-49.19146,-51.442986,-50.188137,-50.572853,-52.32683,-53.46306,-55.01519,-56.945824,-59.818314,-60.869263,-63.74773,-66.39492,-67.13569,-71.283966
6176,False,-21.83716,-32.2519,-27.180326,-31.140388,-34.84324,-33.04747,-37.61644,-45.630486,-36.761177,-38.07245,-42.185,-40.617615,-43.78959,-43.53199,-46.14374,-44.142384,-43.431267,-47.611843,-52.51354,-51.52071,-50.156765,-49.678707,-53.741703,-55.839344,-54.576626,-56.293278,-59.651054,-62.404984,-64.30656,-65.74196,-69.32824,-72.51863
6208,False,-23.333645,-27.573963,-27.284008,-30.228384,-32.45732,-32.991806,-41.085335,-37.624596,-35.070312,-39.868473,-42.547398,-41.088135,-40.83424,-42.14798,-42.77413,-44.93942,-45.91313,-46.80612,-49.372513,-53.625572,-50.421417,-51.68562,-55.365643,-56.525978,-57.051186,-56.627472,-60.016323,-59.78041,-65.42078,-66.421646,-67.67585,-69.31749
6240,False,-26.650574,-29.655266,-27.411917,-30.25187,-33.475067,-32.9508,-36.28228,-35.85639,-37.775505,-40.17178,-41.143528,-47.18718,-45.043655,-43.87281,-43.920597,-45.155453,-46.725197,-47.632378,-50.518017,-50.11225,-50.563946,-51.080635,-54.103157,-55.30517,-55.273956,-57.146217,-58.529224,-60.666603,-62.774807,-66.04554,-68.860886,-70.56839
6272,False,-21.575384,-30.250061,-26.571901,-29.545967,-29.738064,-33.920746,-37.28817,-34.32,-34.653152,-38.568577,-44.63577,-42.285686,-39.875633,-42.09439,-42.92717,-43.895947,-44.01161,-48.383785,-47.155266,-48.7714,-51.190266,-49.024704,-54.049133,-53.838497,-54.331062,-56.991688,-59.625683,-60.586487,-62.65331,-65.45031,-67.52149,-68.938835
6304,False,-22.9823,-25.94551,-29.813768,-27.289658,-34.463963,-29.944574,-30.623165,-36.76731,-39.04264,-40.878696,-37.30191,-41.127323,-42.658318,-41.97289,-43.42814,-45.84894,-45.84002,-48.74386,-49.660896,-49.01096,-51.291534,-52.16842,-51.050858,-54.432228,-56.722176,-58.46003,-59.350388,-61.78128,-62.09843,-66.43001,-68.23153,-68.015205
6336,False,-24.407597,-28.617554,-27.207888,-30.38249,-30.709301,-30.420319,-34.289555,-34.562122,-38.458122,-42.270428,-43.03277,-42.852333,-40.060677,-43.402195,-44.5287,-48.009857,-48.491318,-48.146667,-47.445225,-48.15423,-50.943275,-51.39793,-51.732742,-53.013138,-56.49295,-57.041645,-60.26597,-60.11147,-63.22785,-66.037,-67.52497,-69.80174
6368,False,-25.177862,-29.269955,-27.366146,-32.88577,-35.847393,-35.281,-38.147957,-37.264946,-37.716717,-44.351738,-41.354046,-39.74346,-42.309002,-43.0729,-45.989944,-45.535355,-45.12617,-48.347134,-47.573105,-49.589706,-49.183037,-49.710842,-52.299,-54.063904,-56.70481,-56.241795,-59.578396,-59.96675,-61.68168,-66.00856,-67.70685,-70.01731
6400,False,-23.475925,-24.970205,-27.465038,-30.277578,-35.52179,-37.195488,-38.006145,-36.37844,-41.016445,-40.312405,-39.85812,-45.6211,-43.171,-43.5675,-46.694485,-46.027023,-47.378117,-49.039936,-48.50074,-47.05753,-50.845074,-51.13717,-51.645008,-52.465786,-54.283356,-57.364952,-58.59626,-59.688522,-62.410698,-66.1496,-68.91174,-69.679825
6432,False,-24.091183,-24.8765,-22.771349,-24.732035,-31.868313,-35.614193,-35.589718,-34.366486,-35.098663,-35.665825,-40.07612,-35.23392,-34.184746,-34.091545,-34.491543,-32.51825,-34.138683,-38.001663,-45.26529,-48.431248,-44.18888,-44.072227,-43.857227,-46.03394,-43.15143,-42.71877,-45.26213,-37.74359,-33.03848,-32.81477,-39.132565,-39.366478
6464,False,-23.813246,-28.543987,-24.992172,-24.085463,-30.04815,-28.648863,-26.118038,-21.609879,-26.536644,-32.379105,-26.81261,-24.364979,-24.193401,-21.933887,-23.565472,-20.545141,-23.836628,-26.07238,-29.628181,-35.018326,-29.74302,-28.740353,-28.796556,-30.596073,-27.980497,-26.178797,-29.757256,-24.992464,-19.737795,-20.176521,-25.491571,-25.172733
6496,False,-25.499435,-26.141558,-23.887041,-24.13891,-27.266447,-33.109554,-33.264515,-30.235142,-33.93587,-37.115097,-34.1274,-35.462162,-31.03933,-32.541477,-35.3791,-32.69672,-36.58585,-43.207497,-42.770782,-45.787254,-44.11545,-41.264458,-44.75532,-46.658234,-42.371796,-38.35718,-37.67459,-38.82724,-35.21078,-35.454575,-41.454166,-44.36817
6528,False,-22.85424,-23.791222,-27.387922,-27.3471,-28.373867,-31.401543,-34.11622,-34.821507,-36.469166,-41.481987,-39.66133,-40.70848,-39.23,-40.113605,-40.81443,-40.37175,-43.658676,-45.169357,-45.20453,-48.04669,-44.19527,-43.587955,-46.176155,-48.385273,-47.34059,-42.497925,-42.25023,-42.87303,-40.05883,-40.211395,-45.908997,-49.1829
6560,False,-21.7519,-27.87762,-28.776054,-31.722607,-32.29666,-32.381947,-37.59771,-34.72434,-34.771816,-38.21595,-43.76261,-44.49577,-40.4641,-41.013885,-41.367615,-40.855812,-43.589687,-46.395054,-47.945057,-50.007553,-48.212303,-44.761284,-48.538185,-51.672596,-50.79579,-45.766113,-47.12604,-48.521328,-44.229446,-45.62726,-50.922375,-53.438217
6592,False,-23.874777,-29.196833,-28.334911,-29.262236,-29.50037,-31.90205,-37.843052,-35.187344,-37.390427,-41.611,-43.876385,-41.691635,-39.63525,-41.43442,-40.490532,-42.402275,-44.23338,-45.70916,-46.46321,-49.937393,-52.67646,-48.994694,-49.21886,-52.435394,-51.313858,-49.64834,-50.629673,-51.04429,-47.510063,-50.177517,-56.165115,-58.709213
6624,False,-22.461716,-29.894772,-26.604156,-28.511618,-32.24854,-34.00622,-37.51782,-35.566837,-35.451775,-39.876625,-42.4896,-40.153103,-42.03072,-42.199326,-42.21309,-43.9671,-45.106438,-48.924126,-47.69846,-48.07038,-50.21974,-49.366684,-50.838387,-53.231987,-54.491844,-54.233326,-55.66219,-54.329933,-52.545174,-54.023098,-60.35541,-64.07202
6656,False,-21.984863,-26.013472,-33.993393,-34.75811,-37.724934,-35.196033,-36.17464,-37.352013,-35.259773,-40.244728,-43.25039,-41.65644,-41.053207,-45.601906,-46.830692,-41.739235,-44.022133,-46.570812,-48.528145,-51.622578,-50.15243,-48.50637,-51.20182,-55.12241,-55.370716,-55.90423,-56.83435,-58.57471,-56.563744,-58.94381,-63.96545,-65.794815
6688,False,-24.704802,-27.943783,-29.845718,-33.98168,-29.58853,-34.695496,-36.421448,-37.911793,-39.834892,-41.585472,-40.94608,-43.08915,-41.62651,-47.62075,-47.24946,-44.72643,-43.0626,-46.81084,-50.71076,-52.86859,-52.452335,-50.754234,-51.178913,-52.26403,-55.252953,-57.14852,-57.71286,-58.657578,-60.740948,-61.182896,-65.71754,-67.58177
6720,False,-22.58429,-31.396885,-32.697403,-29.684082,-33.27172,-38.96977,-38.063625,-39.768887,-38.052567,-40.73831,-44.263172,-42.836212,-45.233986,-44.7455,-45.01148,-45.67988,-45.4544,-46.631477,-46.029835,-53.385216,-51.289886,-49.639427,-54.11585,-54.781986,-56.16785,-58.171658,-59.03018,-62.094517,-63.035427,-65.47509,-67.97734,-69.65201
6752,False,-22.882002,-26.358606,-26.434174,-31.87939,-34.21378,-33.263077,-37.893585,-36.66506,-36.01778,-38.303574,-40.890827,-42.68023,-40.624805,-42.13083,-43.103786,-45.71398,-46.01974,-47.053486,-48.153114,-51.539513,-49.860653,-52.228264,-53.54827,-55.39408,-55.246414,-56.879124,-57.960762,-63.105488,-62.18163,-64.945175,-67.869804,-69.99281
6784,False,-24.593113,-29.623146,-30.156876,-29.949211,-33.767868,-34.856243,-38.74832,-38.46433,-42.371895,-41.353302,-40.735134,-41.13602,-39.760643,-41.971474,-44.106842,-44.711052,-46.461967,-46.779903,-46.4341,-50.081505,-50.36575,-51.449562,-53.564075,-53.923187,-55.753128,-58.527493,-60.951683,-62.751766,-62.355923,-65.57568,-67.90045,-70.4946
6816,False,-25.03191,-22.85842,-28.402464,-30.05632,-31.526014,-34.5551,-41.065388,-39.250267,-37.440117,-40.98282,-40.54152,-40.736244,-38.89158,-39.92665,-43.821415,-45.69914,-45.802578,-45.30109,-47.739773,-50.465885,-51.305954,-50.50785,-51.3882,-53.572098,-56.49244,-56.92743,-60.423286,-61.482803,-62.73609,-65.417305,-67.64534,-69.55008
6848,False,-25.495913,-26.105106,-25.547445,-29.425179,-32.851616,-34.648735,-36.24985,-34.746185,-36.21724,-39.561493,-39.76644,-41.67884,-42.709335,-44.916477,-45.78585,-45.26459,-47.306168,-48.23265,-49.474335,-48.213955,-51.087265,-51.984806,-51.572475,-53.336884,-55.567986,-55.621834,-57.633156,-61.36966,-63.227753,-66.04259,-67.22503,-67.91777
6880,False,-23.939537,-30.956379,-28.874672,-29.554873,-33.870422,-31.307034,-36.639412,-40.57476,-43.176376,-40.98556,-39.766773,-42.95214,-41.093945,-41.960693,-41.632393,-42.945534,-47.75976,-47.663696,-48.049065,-49.693382,-50.47821,-50.011295,-52.188103,-54.745518,-57.534874,-60.178104,-59.76595,-59.935005,-62.685696,-64.25721,-67.46414,-70.07733
6912,False,-24.38562,-28.019182,-30.007984,-33.050896,-31.765966,-31.779081,-36.228577,-39.800964,-38.120102,-41.600845,-41.98436,-39.959217,-41.130615,-44.387024,-42.66436,-43.01682,-46.75541,-48.573242,-48.781128,-50.049484,-49.659237,-49.874912,-49.829796,-54.122208,-57.440605,-57.310528,-59.93172,-60.15404,-62.86777,-65.215126,-67.90932,-70.378525
6944,False,-23.594835,-25.958597,-27.193745,-31.068323,-32.12783,-33.169617,-36.910454,-37.583458,-35.790108,-38.45865,-40.44972,-39.671677,-41.536507,-47.136974,-43.854694,-43.568424,-46.175888,-45.399914,-46.151577,-49.20759,-49.634224,-50.066734,-51.11574,-52.62569,-56.457897,-60.73894,-59.737186,-59.85534,-62.797245,-65.352005,-67.4273,-69.43335
6976,False,-23.799322,-30.44936,-28.616735,-29.137537,-30.73371,-36.00186,-32.876373,-32.621075,-33.843235,-39.664574,-37.48734,-33.42755,-35.010487,-39.50195,-38.20784,-35.729153,-38.437847,-44.413105,-46.5328,-50.578667,-50.255108,-49.762352,-50.231205,-51.55281,-54.268944,-57.51921,-57.898285,-61.288727,-60.172253,-61.565376,-65.781166,-66.70646
7008,False,-22.61808,-28.538778,-28.076517,-27.350746,-28.607471,-29.641571,-30.768024,-25.310165,-29.883516,-35.11409,-29.539574,-29.822065,-29.982647,-30.02694,-33.38657,-29.55824,-34.96902,-41.1536,-43.377106,-45.86597,-44.28518,-45.489048,-48.427258,-52.597534,-53.624138,-54.324005,-57.417225,-57.94719,-54.60576,-57.511337,-62.500095,-64.22683
7040,False,-21.457733,-27.449266,-31.332762,-29.685844,-29.250706,-32.810257,-38.669056,-33.073364,-33.809772,-37.26206,-37.139435,-36.139748,-35.683666,-38.94181,-40.655922,-41.410164,-42.70607,-47.702312,-49.378246,-50.407402,-53.86693,-52.904263,-52.74417,-53.586388,-55.17714,-57.93169,-57.709526,-59.949223,-62.325687,-64.82034,-68.54303,-69.56778
7072,False,-24.742338,-26.093071,-27.049839,-29.42738,-28.352184,-29.373968,-34.89245,-36.112484,-37.673553,-38.501846,-39.007652,-40.800014,-42.748547,-41.196144,-41.933006,-43.079933,-46.2857,-46.913315,-46.446938,-51.89283,-52.401703,-54.202694,-52.92479,-55.352726,-56.389122,-58.05153,-59.2619,-60.66712,-64.474686,-66.966286,-69.42845,-70.678
7104,False,-24.779184,-25.536863,-30.579872,-31.73557,-31.244453,-33.43508,-35.670628,-36.72505,-34.88885,-40.23264,-44.540276,-40.94082,-39.795574,-44.49566,-43.329464,-45.97928,-46.405617,-47.96312,-46.528606,-49.734707,-49.535923,-48.82328,-54.887756,-56.98694,-57.820515,-57.54264,-59.230694,-59.75911,-61.188473,-65.10586,-65.97587,-66.31818
7136,False,-23.362305,-26.235992,-28.503122,-30.04316,-31.415785,-34.12799,-35.581627,-37.742977,-37.159485,-41.94622,-40.918144,-38.51696,-42.78827,-42.413136,-43.11476,-47.21089,-46.455734,-47.03006,-47.827335,-50.098625,-51.52226,-51.42604,-51.7012,-54.02523,-56.176926,-57.902534,-59.243843,-62.192467,-63.125443,-65.71502,-69.39405,-70.35918
7168,False,-24.690048,-27.814257,-25.330456,-25.801943,-37.886623,-34.344078,-35.071323,-36.457634,-35.55011,-44.183456,-42.914562,-40.941,-41.42607,-40.177925,-41.162865,-45.272133,-45.82094,-49.40609,-47.411163,-51.758133,-52.42756,-50.51577,-53.430515,-54.878532,-55.213783,-57.372116,-58.146442,-59.720238,-63.56019,-65.65766,-68.10062,-70.08496
7200,False,-26.691368,-26.867237,-27.787828,-28.652729,-31.535027,-34.773235,-38.903816,-37.900284,-36.24134,-40.745605,-41.960785,-41.59677,-42.781425,-43.917652,-44.406666,-46.77891,-45.66127,-47.722404,-48.22298,-49.331936,-53.150986,-50.743565,-53.039856,-55.872368,-56.480804,-57.208908,-57.838955,-59.93141,-64.297905,-65.26605,-68.36908,-70.091965
7232,False,-22.263817,-26.663168,-27.540606,-29.781523,-33.62829,-31.697876,-36.032326,-35.608486,-35.783154,-39.322742,-41.94052,-40.114857,-39.63712,-42.186783,-41.65542,-45.2171,-46.195,-47.780956,-46.62762,-50.7714,-51.79775,-49.377487,-53.18193,-54.31118,-54.984684,-57.93647,-58.77726,-60.61497,-63.685806,-67.05953,-68.11408,-69.26179
7264,False,-25.197582,-26.742296,-26.064795,-27.584135,-32.557964,-31.150726,-35.57918,-38.69008,-38.86066,-39.673565,-42.00954,-43.351482,-42.297714,-42.939865,-43.21267,-45.254433,-45.643734,-47.071056,-49.779224,-48.876823,-50.499462,-49.34975,-53.50285,-56.400303,-55.822075,-57.814175,-58.889984,-60.4414,-63.1044,-64.2027,-64.47026,-65.42626
7296,False,-24.347492,-27.707397,-25.716114,-30.826344,-30.930359,-33.05741,-34.486423,-36.575256,-33.321594,-36.891872,-38.972908,-43.39953,-43.237328,-43.524834,-42.493553,-43.96115,-45.478348,-48.703064,-50.31529,-53.76332,-52.121635,-52.00068,-53.580986,-56.162777,-56.984833,-57.301674,-60.512077,-61.8939,-63.96164,-64.89801,-65.9947,-67.354294
7328,False,-21.34134,-24.848972,-28.374483,-29.729301,-30.372688,-35.64904,-38.40361,-38.013603,-35.4362,-38.64844,-39.140533,-37.573868,-38.225464,-43.173595,-45.767845,-44.571835,-46.82283,-46.457916,-47.539337,-48.092293,-48.27436,-49.955143,-52.51322,-53.096428,-57.194733,-57.553272,-58.279995,-61.776775,-62.82123,-65.253685,-67.5455,-69.03942
7360,False,-23.481861,-24.929218,-28.275818,-27.022968,-36.0368,-35.838417,-37.34727,-39.139854,-37.53075,-38.951466,-44.036865,-44.04373,-45.238426,-43.901134,-43.503517,-44.73248,-45.95553,-46.624878,-46.937828,-50.782795,-52.490574,-50.808605,-50.841846,-54.710197,-56.177757,-59.094463,-59.0091,-61.017365,-63.639465,-65.761604,-67.97625,-68.61756
7392,False,-26.647413,-30.560282,-27.56789,-31.396893,-33.207085,-33.4657,-35.933983,-38.168026,-37.00509,-38.773712,-38.1582,-40.223167,-42.46357,-43.87026,-43.44183,-43.323265,-45.843887,-48.203922,-47.68628,-49.395813,-50.71917,-51.72605,-53.42782,-55.627487,-55.42049,-57.73709,-60.32496,-60.054058,-63.26973,-66.91743,-68.90272,-68.99721
7424,False,-21.01772,-24.753567,-33.772957,-32.274784,-33.714405,-33.918213,-35.491795,-39.782642,-38.32072,-39.748257,-42.36065,-42.900757,-42.61489,-45.079266,-45.08161,-44.706154,-46.154575,-47.02243,-48.15909,-49.61856,-50.641922,-52.834152,-53.005367,-57.6491,-56.218636,-56.76921,-58.445366,-61.508705,-64.19738,-66.35895,-68.83414,-69.83298
7456,False,-24.036901,-27.773058,-30.422123,-27.72053,-33.803085,-35.813175,-37.354618,-36.29464,-36.986496,-42.860138,-42.220875,-42.77642,-42.058563,-42.19609,-42.96747,-47.146603,-48.025116,-47.96814,-48.956116,-48.612602,-52.90855,-52.978264,-53.360497,-54.776146,-55.299435,-57.143482,-60.024742,-61.100117,-63.900295,-65.5502,-68.3132,-69.7603
7488,False,-27.431992,-25.91286,-26.785816,-30.760765,-31.456905,-35.221,-41.394344,-39.10807,-33.384777,-39.14316,-44.495705,-40.68486,-41.89879,-43.350216,-41.2104,-45.65129,-47.924118,-49.714565,-48.454407,-50.731716,-50.813934,-52.347466,-53.254814,-54.263386,-55.37926,-57.837032,-59.097794,-61.807117,-64.23432,-65.30888,-67.18083,-69.58864
7520,False,-22.142853,-25.689066,-30.108843,-32.793766,-32.007572,-35.952938,-38.09853,-36.95288,-35.722965,-39.61274,-42.426445,-40.866467,-40.916325,-41.03004,-42.02746,-41.84132,-42.26378,-44.542595,-47.44253,-49.22869,-47.521187,-50.72659,-51.754612,-53.75447,-53.050224,-53.39727,-53.78804,-48.460506,-44.736557,-45.3973,-50.453304,-50.34572
7552,False,-26.296703,-25.687164,-24.913616,-21.184074,-27.78722,-28.959248,-25.842953,-20.953932,-26.229584,-34.119473,-27.576881,-24.038145,-23.229055,-21.504532,-22.8399,-19.900705,-22.857523,-25.0123,-28.77961,-34.663925,-28.460316,-28.272512,-27.997847,-29.628193,-27.136444,-25.640709,-28.535873,-24.255558,-18.28857,-18.996532,-23.565075,-26.671955
7584,False,-24.311113,-25.01086,-28.301708,-25.895058,-28.31157,-28.663475,-33.658344,-29.018076,-34.000217,-39.637867,-37.73761,-34.80689,-32.139236,-32.110256,-34.85116,-31.368412,-35.48138,-39.329445,-40.98972,-45.30367,-43.4366,-41.811768,-44.31892,-45.180782,-40.860092,-38.24115,-37.291096,-37.3667,-34.5175,-35.03689,-39.235493,-41.976112
7616,False,-23.933147,-27.542412,-28.437775,-28.490261,-28.676817,-30.474756,-38.35502,-30.333145,-33.421036,-40.86737,-39.545464,-37.0045,-37.304276,-35.051502,-39.687183,-41.811188,-45.547485,-46.432957,-45.581726,-47.180706,-47.21979,-45.40279,-46.03475,-47.459087,-47.61001,-42.27407,-42.077175,-43.177887,-40.210976,-39.99596,-44.877045,-47.960835
7648,False,-23.798367,-26.8238,-27.374113,-27.556152,-31.793463,-33.034473,-36.632256,-36.852768,-37.12275,-39.293747,-36.461918,-39.281483,-41.347603,-40.581635,-41.484337,-40.351128,-43.75925,-45.404743,-44.87618,-49.832096,-46.45618,-46.53331,-47.831284,-50.367798,-48.457863,-46.480957,-47.18944,-46.733456,-43.80603,-45.000084,-50.374992,-52.745415
7680,False,-24.756542,-28.325813,-28.912313,-29.714441,-32.141834,-34.710537,-38.244648,-38.646885,-36.740807,-39.549778,-42.921112,-41.08825,-42.02691,-39.751602,-42.14949,-45.195267,-47.574158,-46.938805,-49.16449,-49.672142,-50.2555,-50.401417,-50.614933,-50.851902,-53.18276,-49.920547,-50.274235,-50.19653,-47.564667,-49.082016,-55.79391,-58.680958
7712,False,-27.147818,-26.19324,-31.444075,-31.37412,-33.718075,-36.138596,-37.211937,-36.259533,-35.096176,-43.71984,-43.335705,-44.75092,-42.99526,-39.869236,-42.451744,-46.057323,-43.685852,-47.416855,-48.513584,-51.49193,-51.756104,-51.42987,-51.123005,-53.133186,-52.401756,-52.804943,-53.781,-54.471436,-51.847527,-54.196857,-60.405342,-62.669838
7744,False,-25.716846,-26.568907,-27.760197,-33.14406,-34.996384,-33.931156,-35.73343,-37.3949,-36.139217,-39.51077,-39.92847,-41.76792,-40.98178,-40.190475,-43.140217,-43.73476,-43.723244,-45.568283,-48.03324,-50.58599,-50.304977,-51.08696,-51.92541,-53.361134,-53.342537,-52.93406,-53.05903,-58.021538,-56.805214,-58.185837,-63.884525,-66.312416
7776,False,-24.404572,-25.084389,-27.89568,-29.111032,-33.11587,-31.012907,-33.06006,-39.94524,-40.291183,-45.089783,-44.226585,-44.25678,-40.81389,-40.588364,-43.96849,-41.84528,-44.908947,-49.569847,-48.25543,-50.693455,-50.49856,-52.004623,-52.086735,-53.369644,-55.134895,-55.561737,-55.774616,-58.64176,-57.569485,-59.571342,-64.569565,-67.7693
7808,False,-22.551971,-27.116539,-27.711266,-28.941355,-31.184956,-35.943115,-37.46525,-40.084423,-38.993233,-39.564125,-42.486717,-41.492046,-39.81606,-42.965614,-46.55349,-45.50798,-45.10729,-46.20142,-52.017944,-52.187218,-51.08005,-50.47853,-53.067436,-55.177464,-54.88995,-56.07552,-59.141502,-59.228317,-60.916004,-62.95511,-67.35751,-69.8243
7840,False,-22.630291,-27.873535,-25.023249,-27.68511,-34.28071,-35.84117,-41.479843,-39.694324,-36.122475,-41.56182,-41.150326,-45.31393,-45.673138,-44.59049,-49.357986,-45.271164,-44.41545,-46.4553,-48.806244,-48.71992,-50.393295,-50.967545,-52.430862,-52.764095,-52.96749,-56.48218,-56.36648,-58.46947,-62.963356,-64.92916,-68.3186,-70.37652
7872,False,-21.90734,-30.104439,-28.777195,-28.823854,-34.811867,-33.913662,-40.00669,-40.103836,-37.22089,-37.844624,-41.83336,-40.77191,-43.019352,-42.557434,-45.10025,-46.907314,-47.10379,-46.503254,-48.183884,-49.756813,-51.894234,-51.69133,-51.913357,-55.891045,-56.11348,-56.072296,-58.471813,-61.83565,-62.336533,-65.36824,-68.245384,-70.28408
7904,False,-23.365646,-32.109676,-29.200659,-30.438206,-32.62668,-33.873955,-37.293026,-37.15432,-35.945374,-43.924423,-42.082375,-41.573223,-43.810036,-43.41107,-41.58435,-45.047802,-46.50908,-49.23672,-48.02098,-50.02914,-50.087845,-50.193974,-52.803764,-54.27889,-55.45157,-58.146,-61.321426,-60.57334,-63.185196,-65.45632,-68.070404,-69.76488
7936,False,-23.136116,-30.17167,-28.418213,-31.873325,-35.666298,-34.73166,-40.093468,-34.61004,-37.148415,-42.143406,-45.312977,-40.500202,-41.66886,-43.90238,-41.83393,-45.327435,-46.92747,-47.426987,-49.28533,-49.73946,-50.38496,-50.648598,-52.597256,-54.07768,-54.34858,-56.56425,-58.178078,-61.016964,-63.30351,-65.82297,-66.704544,-69.37254
7968,False,-23.876657,-27.342953,-28.629963,-29.829893,-32.617065,-32.928646,-39.173805,-39.3627,-39.52384,-44.143486,-45.03149,-39.782852,-41.803635,-42.743805,-41.06363,-45.016846,-47.091187,-47.588158,-47.14093,-49.00616,-50.05688,-50.794136,-53.715157,-55.50713,-56.322918,-57.60837,-58.264637,-62.357697,-62.42937,-65.51137,-69.0667,-69.04601
8000,False,-25.6724,-28.390749,-26.025057,-30.677086,-36.308945,-36.63745,-38.259174,-39.41781,-33.137177,-41.852768,-42.12491,-40.990974,-39.039078,-41.446358,-41.545845,-45.89353,-45.174976,-47.37633,-47.752495,-51.311375,-51.34327,-49.968246,-53.76314,-56.427773,-55.428413,-57.557922,-58.703094,-60.00584,-62.307632,-66.29723,-68.122154,-70.16827
8032,False,-21.612947,-27.99608,-27.29216,-28.452646,-32.97383,-34.964943,-36.50635,-37.472008,-37.1109,-38.16657,-41.52137,-42.712,-41.458706,-43.62631,-40.309105,-46.1187,-46.132313,-48.585976,-49.745903,-50.236008,-51.705555,-50.06391,-53.287704,-56.052185,-54.463734,-57.29872,-57.22132,-58.4068,-64.54344,-68.17977,-67.77799,-69.87575
8064,False,-24.49259,-29.034433,-27.647245,-29.796211,-29.894255,-33.55272,-39.701298,-37.97665,-35.788357,-41.269447,-40.93535,-41.194496,-39.40382,-41.706024,-42.25681,-42.34211,-45.495052,-47.781067,-46.61252,-50.0456,-52.740482,-52.22439,-53.918373,-55.14991,-56.272278,-56.754684,-57.826202,-59.898453,-62.515892,-64.86415,-69.28041,-69.09722
8096,False,-24.12746,-27.145363,-28.63251,-26.976315,-28.61784,-29.21243,-28.794804,-23.152082,-27.209396,-37.227596,-30.53069,-29.624123,-27.508104,-29.907547,-31.790062,-28.690979,-33.514545,-38.947365,-41.401085,-47.852974,-45.93168,-46.176888,-46.608524,-50.40708,-54.02349,-53.22142,-55.40747,-56.885452,-55.716988,-57.254005,-61.227257,-62.987827
8128,False,-21.029804,-31.083029,-29.274971,-30.822842,-31.766613,-31.205853,-37.72279,-32.629295,-36.764038,-41.854473,-37.959908,-38.91597,-42.08454,-40.000366,-39.888206,-39.812683,-42.644867,-47.474255,-49.51088,-49.181534,-51.084625,-50.47478,-51.02118,-52.06747,-54.330498,-56.23817,-60.885815,-59.939087,-64.12972,-65.20758,-68.54554,-68.79604
8160,False,-20.89088,-30.353205,-30.608273,-29.390242,-31.841076,-34.220737,-37.02246,-35.844482,-33.156857,-39.284206,-39.552517,-39.011414,-38.422268,-39.45477,-43.806156,-46.14094,-44.857067,-45.945015,-51.772522,-50.59379,-52.09057,-52.999397,-52.967796,-55.62948,-56.43166,-57.147045,-59.932446,-63.143127,-63.241005,-65.16062,-68.00277,-69.76965
8192,False,-21.186089,-31.35525,-31.325914,-32.165035,-33.12737,-35.671448,-39.71286,-37.937294,-34.776695,-40.138756,-40.025173,-41.77463,-42.525047,-41.786026,-45.048084,-45.912857,-44.316345,-46.236687,-48.220325,-48.49051,-51.587276,-51.40953,-51.85576,-52.999805,-54.557594,-57.134445,-59.026306,-59.863197,-64.3645,-65.78016,-67.494255,-69.59327
8224,False,-23.32284,-29.773905,-28.443478,-30.562325,-36.41233,-38.841805,-41.695908,-38.37374,-39.332355,-39.67365,-38.11659,-40.15873,-40.131996,-43.24184,-42.51425,-43.55673,-46.38351,-48.610996,-46.351234,-51.092587,-51.378292,-50.89844,-54.473133,-56.92753,-55.841908,-56.707016,-57.322845,-58.271923,-63.094635,-64.20149,-68.81305,-69.91514
8256,False,-21.956146,-26.615704,-27.814503,-28.601072,-33.75238,-36.1305,-37.834274,-36.61928,-36.238663,-38.602795,-36.642345,-40.794327,-40.022717,-38.855003,-42.11739,-44.457405,-45.743427,-49.165577,-48.594975,-50.31311,-49.920597,-51.088722,-53.04737,-53.372593,-54.213486,-57.07538,-57.166924,-59.47545,-63.187233,-66.04548,-70.27773,-71.026405
8288,False,-26.13985,-26.765337,-25.476387,-27.432869,-36.41043,-39.342083,-39.891968,-39.019188,-36.867886,-38.457676,-40.294243,-40.851418,-42.333176,-42.597748,-43.379665,-45.769287,-46.118942,-46.83407,-48.537895,-49.16961,-49.553696,-49.581837,-52.667137,-56.540314,-55.04892,-56.025997,-57.618225,-57.924118,-64.60488,-67.374535,-68.364746,-70.10267
8320,False,-23.999958,-29.42029,-25.968193,-28.795996,-28.196827,-32.090603,-37.344368,-41.66707,-42.67807,-42.296196,-41.88061,-37.798325,-38.94766,-42.92881,-42.775696,-44.58189,-45.52636,-46.033703,-48.673004,-51.015896,-50.24711,-50.13102,-52.51197,-56.680676,-55.36089,-57.699806,-56.79051,-60.037464,-62.52363,-67.62839,-70.21882,-69.920906
8352,False,-24.707024,-28.788414,-24.90946,-27.928387,-31.247778,-35.366722,-40.541435,-38.23137,-40.386463,-40.17738,-43.274567,-39.504463,-39.765545,-40.089836,-43.114532,-43.755756,-42.843204,-46.182102,-47.867813,-48.863373,-49.270054,-50.20122,-54.391373,-56.26371,-56.317272,-57.85546,-59.177338,-61.4218,-63.134403,-66.21688,-69.1718,-71.18585
8384,False,-24.413544,-28.323593,-32.108387,-35.12739,-32.91922,-34.01375,-36.38722,-38.809444,-35.53164,-41.1679,-41.661457,-40.659813,-37.610516,-41.382412,-44.48726,-45.079582,-44.820877,-49.062237,-48.940758,-48.741875,-49.050907,-49.791916,-54.946777,-55.29787,-57.005497,-57.831337,-58.767033,-62.78521,-64.94987,-66.801765,-69.10331,-69.43879
8416,False,-23.732891,-25.846653,-26.187832,-32.291164,-34.09329,-31.990818,-36.241936,-40.164528,-36.54435,-39.101597,-39.669147,-40.43203,-43.72271,-43.15246,-42.403793,-44.532402,-47.77344,-47.987907,-47.919773,-50.7758,-51.830376,-51.979862,-53.953056,-55.05133,-58.014015,-59.026398,-60.372696,-60.191273,-61.731457,-65.244316,-68.99137,-69.05966
8448,False,-23.378145,-28.527136,-29.547577,-32.195965,-36.636204,-35.655952,-37.18995,-38.87604,-36.764652,-41.039677,-45.23855,-40.77326,-41.110626,-42.582367,-40.627792,-43.30686,-44.455353,-49.7752,-50.39811,-50.693123,-52.141777,-53.108284,-55.6012,-56.67,-56.695435,-57.419987,-59.711613,-61.206535,-63.757683,-67.37418,-67.82903,-70.2325
8480,False,-25.693657,-30.461128,-31.936153,-30.86953,-32.825623,-36.068108,-41.518612,-40.523247,-33.847725,-39.204975,-44.621284,-43.14083,-40.97619,-42.97543,-44.08809,-45.11919,-47.73798,-45.418602,-48.44572,-50.36375,-52.130352,-52.338314,-54.519997,-58.25707,-55.401234,-56.678944,-58.14745,-59.67354,-63.01438,-64.99052,-66.42807,-66.1082
8512,False,-28.793688,-26.750565,-28.05582,-35.28466,-35.655884,-35.505634,-36.145897,-35.828423,-34.647472,-41.57721,-45.693604,-42.472122,-41.129574,-45.01656,-39.740128,-43.82763,-45.56327,-49.106224,-46.06461,-48.686234,-49.004025,-50.31044,-52.808514,-54.38532,-54.222702,-57.057453,-57.231693,-60.479984,-62.782284,-64.49113,-68.057755,-69.319336
8544,False,-22.758932,-29.317701,-25.611591,-28.957005,-33.06752,-33.991642,-38.6877,-39.677246,-38.585323,-41.62394,-41.88532,-42.280838,-43.473507,-41.832047,-42.93078,-44.789917,-45.2901,-48.11194,-49.68129,-50.923813,-52.46778,-52.121807,-52.747837,-55.30498,-55.24092,-58.522472,-58.03807,-60.533752,-62.840767,-64.97022,-68.42778,-69.834946
8576,False,-22.84554,-26.960049,-27.75288,-30.508503,-31.955853,-34.03795,-38.754066,-39.803658,-38.1668,-41.474716,-40.013474,-39.55389,-39.985077,-44.5475,-43.034676,-43.907986,-44.887054,-48.49575,-50.70794,-50.115795,-51.815163,-51.22904,-53.645,-55.44363,-57.22778,-57.09482,-59.001877,-60.44504,-63.02047,-65.239784,-66.862076,-68.99229
8608,False,-23.035528,-26.61875,-32.700428,-33.674053,-32.318283,-33.694016,-38.482613,-34.443592,-36.985966,-39.804844,-40.49185,-38.50033,-37.05999,-40.806564,-41.602764,-40.451447,-42.72505,-45.401558,-46.907448,-47.432133,-48.271065,-49.622135,-51.709785,-54.01669,-53.308815,-53.903336,-54.761906,-49.921272,-45.91475,-45.835426,-53.53491,-53.72864
8640,False,-22.660036,-25.189034,-28.861238,-23.096884,-25.999557,-25.869164,-24.258648,-20.31802,-25.810623,-34.010246,-27.973587,-23.233322,-23.42017,-21.019537,-22.471874,-19.568409,-22.840385,-25.358887,-29.926945,-34.735157,-29.342918,-28.72654,-27.606802,-29.641186,-26.894,-25.328754,-28.915058,-24.134901,-18.476377,-18.797932,-24.29776,-27.445974
8672,False,-25.459919,-25.410736,-29.140818,-26.902466,-26.458195,-30.234468,-34.7623,-30.744383,-35.3056,-39.32781,-33.510216,-33.91249,-30.561502,-32.723392,-35.168476,-31.007141,-35.378895,-40.45088,-39.943893,-43.42341,-43.631493,-41.83361,-43.274834,-44.97381,-41.14312,-37.477585,-37.14577,-37.24637,-34.203796,-34.756767,-39.744747,-43.960606
8704,False,-25.873682,-25.216164,-26.882418,-30.285496,-32.46557,-33.44215,-37.650715,-33.067745,-36.090057,-44.069313,-40.29486,-36.432213,-36.29682,-38.240314,-39.797256,-39.157158,-41.25605,-46.80559,-44.126453,-49.91121,-46.81711,-43.910744,-45.332024,-48.03761,-47.564278,-41.855427,-41.85217,-42.98169,-39.404263,-39.605755,-45.194782,-48.008644
8736,False,-23.419502,-28.95594,-27.222939,-30.058279,-31.446865,-33.775455,-38.131817,-36.48457,-35.403152,-38.490837,-40.054935,-40.235363,-38.325333,-41.2896,-42.41645,-40.82583,-44.185146,-47.324375,-47.119106,-48.277527,-48.35267,-45.22535,-47.494545,-48.943863,-48.234768,-45.809967,-46.11854,-47.970535,-43.684982,-44.2827,-49.986374,-52.68965
8768,False,-26.995363,-27.564507,-28.810081,-29.898054,-33.32943,-35.645092,-43.13848,-39.220154,-38.193848,-40.124493,-40.47986,-40.0432,-39.926052,-41.441025,-46.926598,-43.705177,-43.863796,-45.0897,-46.418667,-49.241608,-50.13845,-48.828148,-49.288387,-52.673717,-53.882694,-50.065872,-49.57729,-49.49902,-47.40438,-49.042114,-54.834618,-58.774
8800,False,-23.785181,-30.138653,-30.278812,-33.09496,-37.462944,-36.087395,-40.81841,-40.36857,-36.983467,-40.152966,-41.84679,-37.657516,-38.99998,-42.935314,-44.297234,-43.644653,-43.454468,-46.52721,-48.83037,-49.53838,-49.20487,-49.252808,-51.445564,-54.38873,-54.559574,-53.224873,-54.988407,-54.59949,-52.110733,-54.346542,-59.220585,-61.650772
8832,False,-23.049606,-25.864853,-28.910114,-35.38751,-35.591854,-34.778236,-37.212738,-40.098667,-40.358944,-40.13478,-40.4945,-39.369743,-41.006958,-42.64943,-42.61319,-47.645817,-47.91574,-47.75606,-49.76184,-52.167645,-51.27118,-50.88581,-52.588215,-54.293068,-54.8751,-53.468872,-55.28939,-57.41203,-55.892075,-57.346172,-63.42739,-66.75095
8864,False,-22.982796,-25.63629,-27.88726,-29.76867,-35.28971,-37.95783,-41.109486,-39.562096,-37.934174,-40.596333,-40.21261,-40.024864,-40.30176,-43.25493,-41.980637,-42.211246,-47.334755,-47.8367,-45.91977,-49.830494,-51.455925,-50.993355,-53.604004,-55.28757,-54.490837,-56.36738,-57.699974,-59.326015,-58.57541,-60.834946,-66.20851,-68.87786
8896,False,-22.353413,-29.530079,-29.055668,-30.258978,-33.295265,-35.397335,-37.956306,-35.7632,-32.535202,-38.719166,-42.344315,-42.140762,-42.31919,-42.004753,-42.392635,-43.974995,-45.686947,-47.258636,-48.236618,-53.01574,-52.931442,-53.060223,-54.413536,-54.37493,-52.81257,-56.437584,-58.654957,-58.676567,-60.946823,-64.297874,-67.394455,-69.37888
8928,False,-26.617847,-32.786705,-33.5048,-31.322336,-33.866764,-32.300537,-35.3033,-41.691154,-38.34024,-41.965122,-41.56633,-39.735214,-39.01904,-41.746056,-43.30902,-44.317722,-46.98337,-48.482086,-48.84876,-50.94872,-50.487648,-50.4751,-52.34196,-55.28203,-56.08699,-57.97101,-58.84234,-60.715256,-63.026234,-65.176094,-68.543236,-70.75539
8960,False,-25.714298,-24.53884,-26.516752,-27.091398,-31.484758,-33.3508,-36.54025,-40.018253,-40.404305,-43.02829,-42.779278,-40.7262,-42.56064,-40.62016,-43.482594,-41.53634,-47.292553,-48.525093,-49.544914,-51.620323,-50.85487,-53.651382,-54.20094,-55.3063,-56.58653,-58.038383,-59.33315,-61.098213,-63.15659,-66.47411,-68.425964,-70.11247
8992,False,-25.697685,-26.347025,-28.372498,-30.742771,-32.152313,-38.904922,-36.015945,-37.687077,-41.619774,-41.074203,-40.73051,-41.635513,-43.83383,-41.29606,-42.555763,-45.839645,-44.72616,-47.385315,-49.9933,-52.130898,-50.507908,-50.85148,-53.287453,-56.194798,-58.941784,-58.932285,-58.90919,-61.070026,-63.6898,-67.51229,-70.02151,-70.18022
9024,False,-24.604057,-28.04846,-29.697626,-32.78971,-31.412792,-33.890526,-37.875248,-40.66368,-42.656517,-41.622116,-38.828453,-43.344658,-38.53458,-44.163723,-44.6841,-47.138397,-45.84961,-44.094177,-48.180138,-51.1353,-49.99331,-50.17496,-51.315647,-54.332436,-57.161022,-58.151443,-59.159653,-60.63298,-62.174564,-66.06555,-67.43771,-71.57895
9056,False,-23.762611,-25.677757,-27.394524,-28.365234,-31.109531,-33.371655,-40.255104,-37.38127,-34.1303,-38.551888,-41.095078,-40.24301,-42.241207,-42.371544,-44.86507,-44.144897,-45.672523,-47.713974,-47.716198,-49.828896,-52.478996,-51.464554,-51.624924,-54.835617,-56.188168,-57.736782,-59.313793,-59.647774,-63.2366,-64.5894,-67.33522,-70.7384
9088,False,-28.567717,-28.596455,-25.670214,-27.846582,-30.229216,-34.6883,-35.180145,-36.675056,-37.08179,-39.447376,-39.391235,-41.083645,-39.46509,-39.60292,-42.407497,-45.73049,-46.432037,-49.34608,-50.13208,-50.22941,-50.378456,-51.79542,-51.247562,-53.460663,-57.35655,-57.1563,-58.076965,-61.693207,-63.622345,-65.342476,-67.01213,-69.1755
9120,False,-27.353323,-28.918392,-24.210049,-30.50905,-35.30766,-34.737736,-37.467384,-36.716583,-37.979397,-43.570484,-42.241676,-39.62304,-39.465614,-43.500572,-43.265022,-45.36438,-47.659416,-46.1733,-46.18656,-48.529976,-53.24717,-54.34091,-52.5906,-53.845764,-55.37264,-58.14338,-58.82996,-60.083355,-62.325382,-66.00551,-68.16249,-68.30763
9152,False,-27.63477,-27.105164,-27.002586,-33.178482,-37.760025,-37.83734,-41.13254,-39.620102,-34.85333,-41.84642,-41.394943,-40.650238,-41.69129,-41.364006,-43.66889,-45.082138,-45.581074,-44.823288,-49.517956,-52.063183,-51.013622,-49.392246,-51.150536,-54.76635,-54.336945,-58.032875,-59.609295,-59.963318,-64.21307,-65.80154,-69.947044,-70.006386
9184,False,-25.664356,-23.657455,-25.147581,-27.530975,-27.282248,-32.030617,-31.42308,-22.984827,-28.16903,-35.068096,-29.507162,-28.397087,-26.71099,-30.155071,-32.300293,-28.883608,-32.156487,-36.97076,-41.245,-47.07145,-46.105423,-46.50606,-46.919018,-50.449024,-54.033615,-53.3854,-55.84702,-58.83873,-55.344852,-58.416138,-59.48426,-61.456062
9216,False,-24.075615,-25.465359,-30.144604,-28.702148,-35.463898,-32.433323,-36.697018,-31.092121,-34.026314,-40.937595,-39.489628,-38.181213,-39.21846,-38.48061,-40.29229,-37.871986,-44.23935,-45.13154,-44.742912,-49.066208,-51.051178,-50.730167,-51.81255,-53.838177,-55.433353,-56.598362,-58.964035,-61.124996,-63.514668,-65.92044,-65.99233,-68.24452
9248,False,-24.424665,-28.53839,-27.278545,-29.903439,-31.981659,-35.38515,-41.68516,-34.031925,-36.332596,-41.737152,-39.031254,-41.059742,-41.398727,-37.86168,-40.81691,-43.876495,-46.214508,-46.17353,-47.808968,-48.171875,-48.43937,-50.128876,-54.954674,-56.37102,-55.87211,-56.129265,-57.62668,-62.619057,-64.2721,-64.95107,-68.54693,-70.47898
9280,False,-22.907825,-25.296368,-25.693851,-29.082499,-33.329994,-36.471146,-37.43057,-37.460445,-34.71869,-43.26757,-40.913216,-40.169968,-40.12217,-42.06457,-42.714798,-43.060356,-45.794495,-45.068672,-49.275833,-49.45868,-48.957447,-49.40556,-52.146378,-56.04568,-56.88168,-58.305622,-58.378014,-59.523895,-65.353386,-66.28095,-68.54677,-69.12355
9312,False,-21.692545,-21.084167,-28.324785,-31.122856,-30.604105,-35.19138,-39.199852,-37.53197,-36.674202,-41.77276,-43.031937,-42.276268,-44.82082,-45.684624,-44.074932,-46.662994,-45.181206,-47.13346,-48.68541,-52.019028,-50.525757,-50.690308,-51.482666,-54.7614,-55.874752,-57.981342,-57.9121,-59.573895,-63.965378,-66.34679,-66.20797,-68.79763
9344,False,-22.735012,-27.60663,-26.90142,-32.21911,-37.84891,-36.53228,-35.699413,-37.982327,-34.69184,-37.72437,-40.336197,-41.797237,-44.89395,-42.220474,-42.95685,-45.921116,-46.740166,-47.684006,-47.967285,-49.287605,-50.393967,-52.060627,-53.468002,-54.997253,-55.935894,-56.166954,-58.98387,-60.493576,-63.089565,-66.46741,-68.83422,-68.8799
9376,False,-25.274698,-30.1322,-30.537148,-33.097664,-34.63575,-34.509815,-38.232235,-37.38974,-34.776493,-42.76153,-44.296917,-42.205467,-42.283897,-41.661377,-43.432045,-44.38163,-47.317528,-49.678703,-47.89265,-51.10112,-49.901024,-53.06629,-52.26001,-53.76509,-56.667633,-59.70142,-60.057255,-61.623016,-63.2633,-64.61399,-67.6986,-70.44982
9408,False,-27.164639,-34.177834,-31.743753,-29.769938,-33.79128,-34.749943,-36.573483,-35.175186,-37.16684,-41.666176,-41.495445,-41.84993,-41.77238,-43.98481,-40.806778,-45.735493,-46.51912,-47.78645,-48.30201,-50.174133,-50.135643,-53.682102,-52.74856,-54.867252,-56.030052,-57.116226,-58.80962,-61.88209,-62.877113,-65.16847,-68.26987,-70.23964
9440,False,-25.816307,-28.196064,-27.03615,-29.39081,-32.14891,-34.48242,-37.65808,-35.861393,-34.830784,-40.092255,-40.71447,-39.972412,-42.020374,-43.585197,-42.937164,-43.87241,-44.92488,-45.735542,-49.118748,-51.49012,-50.755936,-52.154976,-53.203316,-55.966164,-54.586407,-56.526875,-60.44536,-61.26554,-62.748394,-64.89592,-67.61916,-69.63388
9472,False,-25.791374,-27.185276,-30.270504,-36.37549,-38.1488,-36.3502,-37.232643,-34.51221,-35.023228,-39.431084,-38.83304,-43.09552,-43.100964,-40.077457,-42.4761,-45.105522,-44.34065,-47.58831,-48.897484,-52.282524,-49.7144,-50.38505,-53.497612,-55.883263,-55.072517,-57.460922,-58.314987,-60.250095,-65.38307,-67.194,-69.06739,-68.958176
9504,False,-22.73104,-26.10955,-28.075146,-28.239754,-33.56048,-31.409338,-37.2602,-37.82426,-44.341988,-40.01678,-40.721073,-42.427277,-42.291275,-43.16353,-40.584297,-45.854057,-44.676384,-46.65664,-49.558723,-50.266743,-49.85745,-50.732788,-53.124336,-53.84761,-55.14904,-58.94291,-58.516235,-61.52713,-62.7096,-66.31485,-67.029045,-69.892456
9536,False,-23.943,-28.501404,-30.615501,-28.592476,-31.441177,-33.1583,-37.978127,-37.838104,-41.57391,-39.495758,-38.064262,-42.214516,-40.92935,-43.98575,-45.882805,-41.584732,-43.806526,-43.20098,-47.88992,-51.377087,-54.78188,-52.276516,-52.16735,-54.564167,-56.267555,-58.271866,-60.33504,-60.759323,-63.31001,-66.92645,-67.588394,-69.82098
9568,False,-22.625635,-27.716717,-26.465834,-27.177303,-32.106026,-33.336662,-39.625942,-38.27761,-36.15946,-40.30872,-43.863586,-39.653694,-38.83377,-45.50285,-41.09516,-42.293,-49.3787,-47.39784,-49.368458,-51.50939,-49.747356,-52.070484,-54.01149,-54.967712,-55.91421,-57.63877,-59.145718,-59.071903,-63.71373,-66.407715,-69.21742,-69.411064
9600,False,-22.115978,-26.683594,-24.994371,-27.245502,-32.3943,-34.46088,-38.3884,-38.11223,-36.61016,-37.68536,-37.161934,-40.42223,-43.67682,-43.38312,-44.709503,-49.370808,-47.345047,-47.58507,-47.586823,-50.86836,-52.525753,-50.67799,-51.499256,-56.206512,-57.0176,-58.26927,-60.47852,-60.871243,-64.418816,-66.45755,-67.44205,-69.600006
9632,False,-24.265644,-28.47834,-30.076649,-33.19741,-36.265656,-34.828007,-36.62491,-37.455738,-39.774536,-40.9187,-41.90213,-42.56282,-42.531647,-40.104122,-46.315147,-43.892197,-43.7451,-46.05148,-48.086433,-51.584248,-49.816704,-50.55273,-53.64399,-54.32551,-55.204384,-56.69855,-60.168823,-61.9887,-63.12733,-65.434235,-67.56267,-69.27709
9664,False,-23.919008,-27.73476,-26.079567,-30.693415,-29.060642,-35.63105,-40.889362,-36.72706,-38.060345,-36.68364,-34.767048,-41.180367,-42.5893,-43.230038,-48.00454,-46.922764,-45.28797,-46.59208,-47.165676,-50.113827,-49.112846,-50.257072,-52.193283,-56.06942,-56.711422,-58.895393,-59.819866,-61.78955,-63.91941,-66.10833,-67.88127,-69.55249
9696,False,-26.86436,-30.357224,-29.141989,-29.964542,-34.77481,-36.645348,-37.88821,-38.62784,-35.813133,-38.21747,-41.158226,-43.569736,-40.807896,-45.75428,-44.056072,-46.07441,-44.788857,-48.19349,-49.8699,-50.67176,-50.21858,-50.850327,-53.03443,-54.79727,-56.7877,-58.062103,-58.61254,-61.9943,-64.45242,-66.45596,-67.918915,-71.12356
9728,False,-25.799839,-28.7206,-31.985615,-24.811022,-28.382496,-29.086779,-24.565344,-21.736408,-26.988832,-36.244335,-26.872307,-22.841831,-22.802551,-21.818844,-22.554438,-19.655643,-22.240532,-25.021055,-30.212976,-35.903164,-29.368523,-29.64265,-28.251701,-30.09515,-27.540653,-25.937077,-29.443281,-23.508457,-18.549675,-19.322184,-23.187016,-23.21315
9760,False,-20.559875,-24.734322,-27.920465,-25.68097,-28.483673,-28.017784,-35.1272,-27.314507,-31.985395,-39.752956,-33.805023,-32.602913,-32.787075,-29.770061,-32.83866,-29.148651,-34.53974,-38.599648,-37.9856,-42.079147,-40.545273,-38.447662,-41.77965,-43.01268,-38.46123,-35.695515,-36.554764,-35.448845,-32.15672,-33.076256,-36.73965,-38.659378
9792,False,-21.497442,-24.758602,-29.143398,-28.918688,-33.67327,-33.41928,-38.430473,-33.231358,-34.7267,-40.171963,-38.19788,-36.432114,-38.444157,-34.699047,-38.580406,-40.82025,-41.848885,-42.38583,-44.271347,-48.17873,-46.071075,-43.241673,-45.98429,-46.841854,-46.72821,-40.992123,-41.02356,-42.77678,-38.956856,-39.114334,-44.80639,-46.85427
9824,False,-25.266346,-28.114023,-25.75489,-27.378716,-35.802704,-36.361355,-36.800343,-38.592228,-37.67613,-39.10301,-41.69979,-42.08516,-42.850815,-40.040855,-39.850624,-39.18811,-42.709274,-46.63242,-45.68017,-50.413834,-47.24052,-43.922768,-48.756027,-50.693428,-48.569702,-45.494545,-46.034092,-46.484432,-42.855095,-43.19449,-48.952824,-51.58335
9856,False,-26.291397,-26.049997,-28.561563,-31.501709,-32.30522,-36.837822,-39.418903,-36.16951,-34.81811,-39.09337,-39.144436,-41.541325,-43.08497,-44.886116,-47.624413,-41.59432,-43.690166,-44.91337,-46.447407,-50.51927,-48.54828,-48.00107,-51.71367,-50.942436,-51.82327,-49.690994,-49.185314,-47.8916,-47.40835,-48.102875,-53.753952,-57.212067
9888,False,-25.541666,-28.402443,-27.676517,-29.518593,-34.60267,-37.657753,-35.59514,-36.697723,-39.067894,-38.230434,-45.203735,-42.385612,-40.355606,-41.757744,-43.04438,-44.918556,-45.939613,-50.132847,-48.226643,-50.769028,-50.895638,-50.798637,-52.100178,-54.787174,-54.84635,-53.09406,-53.59195,-52.547718,-50.521538,-53.128376,-59.57718,-62.925457
9920,False,-22.813778,-26.469557,-30.53872,-31.781462,-35.364395,-37.52768,-37.43714,-36.39691,-36.558426,-43.635277,-43.22577,-41.655205,-43.22332,-43.27572,-43.44394,-45.3537,-44.322205,-44.79763,-48.252964,-49.10471,-50.985092,-51.572144,-51.90911,-53.38886,-55.82953,-54.480194,-54.419727,-57.160015,-54.48,-56.536232,-63.00792,-65.70031
9952,False,-23.035099,-28.849846,-29.708748,-33.115135,-29.965326,-31.449976,-39.25833,-37.828342,-41.317287,-44.837894,-39.414986,-41.256042,-42.816658,-42.642838,-42.4929,-41.08291,-45.074924,-49.043808,-49.39354,-50.64053,-50.256386,-50.612797,-51.380993,-54.392437,-55.25123,-56.724983,-56.93296,-58.601265,-57.503273,-59.23137,-65.730774,-68.29918
9984,False,-21.228235,-23.910236,-31.644245,-32.35873,-30.041449,-33.939804,-39.522465,-35.480843,-36.161247,-37.843933,-40.4816,-37.105423,-39.301888,-41.699295,-42.027836,-46.718502,-48.473595,-45.87867,-48.605644,-51.259308,-50.53091,-50.958244,-55.398464,-56.273006,-56.825565,-57.438995,-60.05935,-61.56475,-61.200146,-63.250916,-67.03702,-69.169586
