timestamp,faulty,band_0,band_1,band_2,band_3,band_4,band_5,band_6,band_7,band_8,band_9,band_10,band_11,band_12,band_13,band_14,band_15,band_16,band_17,band_18,band_19,band_20,band_21,band_22,band_23,band_24,band_25,band_26,band_27,band_28,band_29,band_30,band_31
0,False,-26.568434,-32.34093,-33.758232,-32.538036,-34.029293,-32.333954,-35.02377,-41.6474,-42.908398,-41.954964,-42.768623,-41.916924,-48.041286,-51.133915,-50.814243,-47.609592,-48.770233,-49.77157,-54.38642,-57.37598,-54.602196,-55.49705,-56.43997,-56.354347,-56.12594,-57.296165,-60.292313,-61.740185,-66.14429,-67.78079,-68.31288,-68.60459
32,False,-26.682138,-30.678917,-26.664278,-30.9034,-30.827219,-30.70673,-35.68973,-35.009552,-38.912876,-39.102592,-44.63624,-39.712875,-40.644775,-42.24952,-43.596806,-43.71476,-46.40084,-46.450863,-48.045773,-51.060356,-51.367805,-52.583927,-53.52678,-53.611885,-57.072796,-59.2949,-59.16038,-61.506897,-64.208305,-65.69079,-69.24524,-69.58107
64,False,-26.169582,-27.81986,-27.89061,-32.52931,-31.612623,-34.155704,-38.843227,-37.247482,-33.12142,-39.91714,-38.4688,-36.95775,-45.805794,-43.986813,-44.338844,-44.845642,-47.77161,-46.50879,-48.505447,-52.131966,-54.41319,-54.745564,-52.50026,-54.037865,-56.14485,-56.717964,-58.114475,-59.713898,-62.887024,-66.181526,-67.97496,-70.06166
96,False,-23.159576,-27.334108,-30.11057,-33.985855,-30.911085,-32.48612,-37.202858,-33.821075,-34.6267,-41.19597,-39.82499,-36.152534,-35.261887,-37.333035,-38.12311,-36.913727,-39.948925,-43.14466,-48.71817,-50.709892,-51.36535,-50.20809,-51.78076,-54.12418,-56.57377,-58.03413,-58.524174,-59.85515,-60.116478,-62.03808,-66.02735,-67.42928
128,False,-26.761124,-28.632183,-22.814169,-25.297325,-29.464096,-26.726274,-28.837814,-24.790451,-29.708826,-35.62813,-29.697893,-29.31585,-27.927624,-29.956242,-32.7263,-28.826239,-33.879814,-38.38124,-41.986584,-45.05059,-43.347893,-45.955254,-45.87419,-50.845127,-52.311768,-54.02559,-56.41697,-57.756268,-53.005795,-55.370754,-60.03884,-61.86215
160,False,-26.617176,-25.786283,-26.585903,-29.547096,-32.470127,-31.781559,-34.95651,-30.951008,-32.870396,-38.61779,-35.09136,-37.097862,-38.286266,-37.033775,-39.969692,-38.352936,-45.458103,-48.15487,-47.366707,-49.07399,-51.633743,-49.842995,-51.657883,-51.66668,-54.532158,-56.187626,-57.17293,-60.937637,-61.80078,-63.98409,-66.82115,-69.92188
192,False,-26.767672,-27.404442,-30.476192,-33.4411,-37.038048,-31.189587,-32.677208,-35.237545,-36.28548,-39.516766,-40.51998,-36.80969,-39.589508,-39.006607,-46.623745,-45.867447,-46.108204,-46.525566,-47.12112,-51.002422,-49.16227,-48.221172,-51.594067,-54.148064,-54.673363,-57.624683,-58.599056,-60.53303,-63.296474,-66.67753,-68.367256,-70.37863
224,False,-31.5694,-26.571487,-27.151186,-30.470974,-35.607162,-35.591522,-40.636635,-35.557316,-33.875107,-36.60764,-42.20936,-41.09002,-40.689045,-43.16918,-41.567844,-45.673668,-44.92292,-43.910275,-46.449387,-49.172535,-50.9992,-50.46017,-51.66619,-53.083435,-53.930656,-56.52761,-59.480747,-60.103535,-63.82818,-65.22551,-68.41937,-69.35637
256,False,-26.45405,-24.278214,-25.154516,-27.83852,-33.82518,-30.34479,-35.394184,-38.26051,-34.964966,-36.93585,-41.36725,-39.746525,-43.286186,-42.319584,-43.328056,-45.44706,-44.936775,-44.540707,-46.14731,-49.165054,-51.080833,-48.767834,-51.02831,-55.23405,-53.890057,-59.031376,-59.160667,-58.83412,-63.771965,-65.89469,-68.141815,-70.12338
288,False,-28.479063,-25.763367,-27.048798,-30.796818,-29.335062,-30.61777,-35.815674,-38.20269,-37.051434,-39.8033,-43.166027,-41.611156,-42.40085,-43.28363,-42.71204,-44.40227,-44.58667,-42.930397,-48.521824,-50.763317,-51.421947,-50.242443,-53.883484,-55.044018,-56.63263,-56.69563,-59.734695,-59.769638,-62.52264,-65.66481,-68.12742,-68.32848
320,False,-28.652912,-24.79604,-30.048344,-30.250107,-36.71338,-34.26978,-34.41893,-34.22855,-36.244053,-38.89383,-39.69095,-40.908722,-40.710148,-42.65881,-40.256386,-41.26544,-45.004105,-42.40354,-46.695324,-51.222702,-52.122307,-50.03784,-51.16402,-54.853928,-57.19029,-58.07486,-58.400383,-58.376087,-63.332207,-66.10986,-67.56761,-70.44908
352,False,-30.915936,-27.351925,-28.526955,-31.161325,-34.110573,-33.128628,-36.130928,-40.596546,-35.274044,-39.52439,-38.87173,-40.449585,-42.3258,-41.62738,-40.654526,-40.45073,-43.934345,-43.15121,-48.711567,-50.126804,-53.838726,-51.511883,-53.707355,-55.81871,-58.370895,-56.38744,-57.71324,-60.311523,-63.468094,-64.98554,-68.87961,-70.540276
384,False,-23.686972,-27.571573,-28.9505,-30.698822,-34.757076,-31.445036,-37.337704,-32.94705,-33.6498,-38.653305,-38.86646,-37.70092,-42.21145,-43.76556,-39.86831,-42.47632,-46.234406,-41.231377,-47.427803,-49.948532,-53.03269,-51.481823,-53.74443,-56.50412,-56.905045,-57.326668,-59.137444,-62.19645,-64.186966,-67.42757,-68.71201,-69.23701
416,False,-23.907455,-26.839266,-31.361654,-34.28833,-36.262924,-38.861683,-36.65956,-38.027008,-40.04435,-41.55872,-39.862083,-38.00778,-38.882877,-43.06658,-39.75185,-41.903168,-43.75525,-45.25405,-47.86766,-48.58807,-49.327576,-48.411423,-53.24372,-54.332485,-54.610363,-56.562492,-59.2732,-59.120136,-63.771873,-66.589806,-69.54532,-70.7109
448,False,-26.525986,-25.965986,-26.66236,-30.125092,-30.264185,-29.304539,-35.915993,-38.746025,-38.96602,-42.42395,-41.161514,-39.72485,-44.01712,-42.267807,-39.14892,-43.50672,-45.74638,-45.314377,-47.699047,-49.427704,-52.556423,-52.64059,-55.01949,-52.667374,-53.829323,-56.621902,-60.390644,-58.27436,-63.813015,-65.83321,-67.72802,-69.67856
480,False,-24.663944,-25.455143,-28.35873,-32.036213,-32.03263,-31.780155,-36.70787,-35.343513,-34.977535,-40.535538,-41.460167,-37.955368,-40.35585,-42.543236,-40.963562,-44.62393,-47.418438,-43.79132,-45.42963,-50.848373,-52.06463,-51.83194,-52.788475,-54.095337,-55.74119,-57.73076,-59.846825,-60.99863,-64.73712,-64.83001,-67.73524,-69.616135
512,False,-26.63498,-25.035427,-22.283405,-29.19647,-32.367836,-32.517822,-39.092644,-41.5175,-38.524822,-38.036263,-37.707703,-40.344543,-46.520573,-42.470604,-41.856846,-41.75582,-44.7053,-47.310707,-49.078697,-50.004467,-50.53541,-52.47901,-52.23874,-53.80556,-55.115196,-58.07834,-58.368015,-60.232224,-63.821068,-65.2569,-68.206856,-70.0552
544,False,-29.29344,-25.850027,-24.977377,-28.750937,-33.112835,-33.247,-34.641376,-40.7964,-38.535465,-43.414722,-44.423546,-39.89206,-40.035614,-41.31346,-40.964775,-39.36772,-42.471077,-44.10498,-45.41023,-49.320698,-52.349556,-51.16959,-51.907463,-54.27877,-55.83528,-56.8127,-57.741962,-58.315315,-62.908115,-66.45347,-68.07561,-68.12891
576,False,-26.384304,-23.874952,-25.763668,-32.286762,-36.543564,-31.958984,-34.94947,-37.896156,-38.78986,-40.039963,-40.501938,-36.331436,-39.33096,-40.3981,-44.475906,-44.212536,-45.62385,-46.719627,-48.151405,-49.13289,-50.33155,-48.662243,-51.210464,-55.196514,-57.329906,-57.51056,-59.263756,-60.618153,-62.235626,-64.53628,-66.91437,-70.5706
608,False,-24.532032,-21.49794,-26.386276,-30.237411,-33.300762,-34.665943,-37.366516,-38.124073,-34.83681,-39.878723,-39.02016,-38.474716,-40.902935,-42.123203,-40.715546,-46.060425,-44.70053,-44.527946,-48.086704,-49.286026,-51.200523,-50.718704,-53.201786,-54.098938,-57.629417,-57.942547,-58.177956,-60.67678,-63.44322,-67.84023,-67.14194,-70.48484
640,False,-25.048819,-25.964321,-24.904135,-26.895798,-28.646355,-33.11189,-32.41005,-30.43959,-33.891876,-38.03391,-37.190662,-30.661505,-30.375776,-30.534771,-30.097544,-27.021545,-28.859404,-32.846905,-39.082607,-45.12216,-39.419193,-39.14207,-37.45977,-40.495674,-36.885437,-35.958725,-39.526634,-33.224045,-27.1315,-27.464458,-34.00353,-36.46683
672,False,-25.682161,-25.103342,-28.842808,-23.288973,-27.688549,-26.91293,-27.614773,-22.86959,-28.076725,-35.15168,-27.80731,-25.519665,-26.263165,-22.77793,-24.897293,-21.460049,-25.06445,-27.672878,-29.814503,-35.912464,-31.08496,-29.068995,-29.467594,-31.84216,-28.750809,-26.729797,-31.460217,-27.649899,-20.432304,-21.05118,-26.707659,-29.876287
704,False,-23.186821,-26.188154,-28.390333,-30.253515,-30.093449,-31.520617,-34.74987,-31.145954,-34.31933,-38.620735,-37.32756,-35.793926,-34.253963,-33.191845,-35.375584,-34.169456,-36.808285,-41.763977,-41.76574,-47.1948,-43.694603,-40.978233,-44.683342,-46.535583,-43.46735,-39.117855,-40.066277,-40.575264,-35.480305,-36.75875,-42.88652,-44.769333
736,False,-24.501598,-24.287987,-28.89347,-30.784008,-29.952782,-32.22869,-32.311703,-32.89061,-31.373592,-43.11794,-38.549416,-38.065445,-37.78459,-39.50741,-40.29614,-37.995064,-40.900658,-43.3951,-44.38429,-51.134296,-45.9955,-43.85525,-45.365364,-48.615986,-47.68245,-41.335556,-42.018646,-43.839897,-38.809853,-40.5063,-46.93327,-49.057518
768,False,-26.058092,-25.348293,-26.136238,-29.937037,-31.91907,-35.396366,-34.227608,-35.417656,-35.7164,-37.869095,-39.633945,-39.13878,-39.38803,-39.73759,-39.26095,-38.271214,-41.984974,-44.062897,-46.40722,-49.21713,-48.32495,-46.911514,-48.370644,-47.800255,-50.241592,-46.758465,-47.27616,-49.07676,-45.11625,-44.924053,-50.67007,-54.846153
800,False,-26.28719,-28.033255,-27.140799,-31.268417,-34.74773,-33.421078,-36.296505,-35.58123,-31.115133,-39.572025,-39.336426,-36.03209,-35.97071,-40.451736,-46.04269,-41.2613,-42.561993,-46.646847,-46.199898,-50.835133,-49.043633,-48.550858,-50.26011,-50.945854,-53.393303,-48.56331,-51.11067,-49.83062,-47.98752,-49.517487,-57.103767,-60.08181
832,False,-23.476446,-25.84813,-28.745394,-30.987387,-36.358337,-34.932987,-34.825005,-38.218685,-33.672714,-40.39629,-37.130775,-38.052074,-38.76215,-41.10272,-43.13435,-43.075043,-45.151936,-44.25289,-48.80766,-50.2208,-51.51735,-49.44221,-50.297592,-52.928734,-52.22069,-52.08983,-54.52873,-56.302982,-49.15077,-51.952965,-59.769398,-62.236534
864,False,-24.174404,-24.253075,-24.777557,-28.111855,-29.872105,-29.815329,-35.58842,-36.026554,-37.078434,-38.311295,-39.014175,-36.712578,-39.524456,-42.16353,-40.589096,-42.290024,-47.78414,-47.597313,-46.74466,-50.578045,-49.560158,-50.400356,-52.840866,-55.206303,-54.942886,-54.99928,-56.37301,-57.332684,-55.206215,-58.322723,-64.679634,-65.34239
896,False,-23.407537,-25.209427,-26.170633,-28.210705,-35.600754,-36.020313,-35.68116,-37.883,-36.23321,-39.074852,-42.06743,-40.899185,-44.04928,-47.301094,-42.908264,-43.91451,-45.18416,-47.612267,-50.810555,-49.37776,-48.900776,-48.88385,-53.302303,-53.038445,-55.98185,-57.636024,-58.757366,-60.183453,-57.54959,-60.266792,-65.37039,-68.46827
928,False,-26.819696,-26.59625,-29.408216,-29.392765,-32.842606,-33.307987,-37.132965,-39.080627,-38.8825,-45.263115,-44.31566,-40.043427,-40.248394,-42.354473,-45.184807,-44.78491,-44.688915,-46.63231,-49.889694,-49.653587,-51.90756,-52.28298,-53.15138,-54.07494,-56.47431,-57.6553,-57.430603,-58.84422,-60.607162,-63.89721,-67.05112,-70.10486
960,False,-24.088755,-23.381126,-24.619614,-31.534706,-35.751488,-32.554985,-36.18831,-37.89102,-38.236595,-43.343166,-39.668655,-37.197735,-39.846306,-44.147396,-42.74056,-43.877544,-43.50242,-44.81328,-48.59007,-49.295635,-51.522858,-50.939293,-53.049446,-54.78847,-54.360916,-55.402584,-58.556587,-60.68338,-62.164097,-64.009995,-67.751305,-69.09661
992,False,-26.596157,-27.66108,-29.058447,-29.479668,-30.96491,-31.550842,-35.48685,-36.42015,-35.63891,-36.170708,-40.147305,-38.10027,-40.930466,-39.342033,-40.646255,-44.707047,-44.577618,-46.63099,-47.79497,-50.655624,-49.752995,-51.53156,-53.515617,-55.29387,-57.539593,-56.419052,-58.8617,-59.20248,-61.91606,-65.11176,-67.93169,-68.42993
1024,False,-24.00045,-25.368721,-24.98574,-29.734936,-31.931696,-29.819477,-38.968407,-38.2433,-37.419067,-39.871437,-43.190643,-38.663742,-40.656036,-40.744785,-43.48558,-42.933876,-41.62523,-48.385536,-51.254383,-49.38958,-49.740902,-51.71788,-53.632103,-55.206253,-53.05857,-56.501457,-58.198746,-59.844406,-62.4128,-66.19001,-67.86927,-68.974014
1056,False,-24.625534,-24.93943,-28.62654,-32.14013,-30.659748,-34.46713,-35.287632,-38.02981,-37.937584,-43.12189,-45.195366,-42.238117,-40.094303,-40.45706,-40.35338,-44.65095,-44.864395,-47.399372,-47.86964,-50.298153,-51.044365,-51.985928,-53.64991,-54.180214,-53.65362,-58.00415,-59.198757,-61.18353,-63.485657,-63.845512,-68.07286,-69.55962
1088,False,-26.634129,-24.470985,-24.8344,-32.40707,-33.271088,-32.656994,-36.954216,-35.369648,-33.88988,-39.763588,-39.707874,-38.95703,-40.84364,-41.685234,-41.424046,-44.981796,-46.824677,-51.73812,-49.346367,-50.851536,-51.441235,-53.444107,-54.868755,-53.317917,-54.35812,-57.05791,-58.70607,-59.274364,-63.724537,-66.85899,-68.18956,-70.950134
1120,False,-30.573563,-29.052055,-27.58858,-28.888687,-28.24825,-30.866068,-37.76133,-39.148087,-37.842087,-38.106785,-40.441093,-38.749046,-40.57524,-45.510307,-45.377163,-45.604805,-45.130096,-48.975334,-50.17105,-52.261024,-50.617714,-50.900787,-53.27247,-53.09925,-54.90151,-58.13012,-59.121662,-59.752617,-64.25714,-66.78157,-69.05574,-70.15512
1152,False,-25.82693,-28.61625,-25.855482,-29.87019,-30.495502,-32.084457,-32.082935,-32.99622,-34.96396,-39.772236,-42.20253,-40.592438,-39.358765,-40.23258,-40.34843,-40.329136,-42.96501,-46.702503,-48.94451,-48.354893,-51.10414,-51.8403,-53.4244,-55.201515,-56.166912,-57.246864,-57.667458,-59.79385,-64.46477,-65.94878,-68.16132,-70.182526
1184,False,-26.478989,-25.438847,-28.002666,-26.949179,-26.590147,-29.112484,-29.517958,-25.345139,-28.622047,-34.47739,-29.094479,-28.445896,-26.51644,-29.802586,-31.210558,-27.678852,-32.21368,-37.239548,-39.56282,-45.434513,-42.165825,-44.32512,-44.322144,-48.756348,-52.547554,-52.427307,-55.72494,-57.066303,-52.73613,-55.75664,-59.902767,-61.850243
1216,False,-27.15291,-22.658566,-26.07064,-31.235952,-28.470953,-29.146103,-34.561485,-32.367996,-36.87773,-40.1817,-35.36099,-35.81028,-35.778015,-36.01236,-42.281265,-40.406982,-43.60483,-45.018417,-46.614017,-48.90951,-49.231358,-50.880173,-53.66776,-54.63646,-54.72071,-57.706646,-60.240665,-60.535385,-63.101242,-64.53176,-66.794304,-69.74123
1248,False,-30.50027,-31.760738,-28.664124,-31.657127,-30.205954,-32.116646,-36.95647,-35.165707,-39.25868,-41.972485,-39.222164,-35.788643,-37.105453,-36.893215,-43.951,-43.93936,-45.058823,-47.849174,-47.97832,-49.97847,-50.98458,-49.805813,-51.177593,-52.113438,-54.008564,-58.28531,-58.027817,-60.207977,-64.6803,-65.4636,-68.2995,-70.290115
1280,False,-28.368977,-28.050673,-28.63692,-35.369766,-35.19502,-30.582102,-37.7378,-39.77592,-38.29042,-41.05504,-45.835503,-36.78881,-41.453762,-39.896793,-43.902287,-43.00736,-45.78262,-45.334145,-49.65619,-50.056168,-51.186516,-51.819626,-53.1093,-53.80226,-55.206764,-55.55218,-57.000927,-59.24275,-63.554916,-65.30882,-68.5005,-70.35192
1312,False,-28.457935,-28.38161,-27.209335,-31.140034,-34.607273,-32.12748,-36.969215,-38.332024,-35.861004,-37.27092,-41.470875,-40.310547,-41.40605,-43.83378,-43.89798,-44.80777,-45.62783,-46.997036,-49.99597,-52.00197,-51.225735,-52.589996,-52.99034,-55.93079,-57.54081,-57.28337,-58.033558,-58.815727,-64.7018,-66.66352,-67.797386,-69.46152
1344,False,-22.548595,-21.76224,-25.106535,-28.382538,-30.894945,-31.243143,-34.5823,-39.13735,-36.54639,-38.578037,-41.368465,-38.016953,-43.14019,-48.276783,-46.341133,-45.378345,-44.24976,-46.10661,-49.993366,-50.53102,-50.322533,-51.120605,-51.03559,-55.80703,-54.521748,-57.240868,-59.53831,-58.962914,-65.26196,-65.665955,-68.33124,-69.43229
1376,False,-25.2619,-25.38944,-29.034302,-30.160263,-33.223854,-35.90968,-37.8222,-37.881573,-37.086517,-39.97399,-39.454853,-39.197525,-41.30414,-43.058754,-46.177254,-46.28778,-44.316235,-46.6784,-51.336998,-52.856056,-51.366962,-49.519814,-53.19839,-55.494537,-55.04217,-59.164413,-57.931637,-60.363205,-65.54976,-67.53333,-67.78643,-70.6564
1408,False,-22.825653,-22.648232,-27.162106,-29.183836,-30.174257,-32.14878,-36.478508,-37.62013,-36.71756,-42.28435,-45.900604,-39.985832,-40.77129,-43.458195,-43.418957,-42.68141,-44.323296,-45.329376,-48.151436,-52.70246,-51.45618,-50.74112,-52.758926,-54.991043,-56.20947,-56.541344,-59.542953,-61.675606,-63.52018,-65.476685,-67.35921,-70.2957
1440,False,-26.217667,-27.563202,-26.262623,-29.109972,-38.338303,-35.066536,-38.52929,-39.617184,-38.08367,-40.57041,-40.859154,-38.141598,-44.064297,-45.080334,-40.782013,-43.673454,-45.14869,-49.328915,-47.96215,-49.47565,-50.63594,-49.91489,-50.16603,-54.665802,-57.13153,-58.424446,-59.710358,-60.347733,-62.565903,-65.24493,-67.679565,-69.545654
1472,False,-24.793217,-28.803799,-29.811897,-29.777428,-31.021542,-32.160828,-33.563362,-38.597878,-37.581894,-38.876633,-43.051613,-41.360428,-42.9657,-41.699024,-45.97709,-45.179733,-44.23275,-45.998886,-48.873524,-51.41041,-53.154938,-49.39575,-52.591377,-54.090862,-55.675655,-56.00358,-59.07956,-59.790325,-62.452965,-67.61906,-69.42478,-68.401215
1504,False,-26.436518,-25.035702,-25.290352,-29.952383,-35.52794,-29.77863,-37.58628,-36.508133,-36.556366,-38.88755,-41.078716,-37.334778,-40.526047,-47.907986,-44.263153,-47.29202,-44.20507,-47.379387,-51.896652,-50.811325,-49.234116,-50.584465,-53.8055,-57.10679,-54.59228,-56.04194,-58.88044,-60.9068,-63.72609,-65.90848,-67.93036,-69.13474
1536,False,-26.497946,-29.882185,-28.137753,-27.896217,-36.3039,-32.215496,-39.310604,-33.318905,-33.550995,-42.087807,-40.700493,-38.17503,-40.522392,-45.4987,-44.424915,-45.80696,-46.17173,-48.864624,-49.16847,-52.28578,-49.50388,-49.794155,-52.96788,-52.919827,-52.98334,-57.739033,-59.801178,-59.617977,-63.2601,-66.17136,-67.982124,-67.896164
1568,False,-29.735813,-30.748903,-27.161894,-27.616932,-31.483156,-31.003956,-38.757328,-38.06664,-39.351,-37.543774,-40.046124,-40.888283,-42.105236,-44.952225,-45.650043,-42.590996,-43.98841,-47.645916,-47.69671,-50.01532,-51.09095,-50.494904,-51.020493,-56.097683,-55.521618,-55.821377,-57.70361,-59.568752,-63.61586,-67.57387,-68.800964,-71.17696
1600,False,-24.962013,-24.500103,-26.020422,-29.824265,-30.001377,-30.58631,-32.686085,-37.207214,-35.182396,-37.5038,-41.55129,-38.23996,-41.5494,-41.448227,-42.18765,-45.100155,-46.375767,-46.80927,-49.57744,-52.5989,-50.000717,-52.895615,-51.64782,-53.975204,-53.79999,-55.869614,-58.858395,-59.5104,-62.703327,-64.88793,-67.568344,-70.245476
1632,False,-23.002157,-24.988766,-25.969585,-29.603395,-32.628864,-33.560593,-35.995087,-40.87726,-36.81419,-38.73467,-42.617744,-39.011948,-41.686157,-47.064064,-43.927593,-47.063324,-46.45259,-44.788788,-46.02511,-48.18969,-48.490635,-48.573013,-50.361958,-55.45674,-53.94982,-57.49211,-59.74729,-59.925354,-62.221428,-65.43976,-66.65036,-70.40617
1664,False,-28.039627,-32.230656,-28.631994,-30.039906,-32.05029,-32.298656,-36.497692,-41.650085,-39.442764,-40.959167,-46.565712,-40.572784,-37.301605,-41.68961,-44.33668,-46.213436,-45.81208,-46.051563,-47.49867,-48.32548,-51.192696,-49.455673,-52.334476,-55.63826,-55.2627,-55.886265,-57.270683,-58.335896,-62.468826,-65.15461,-66.84457,-69.29462
1696,False,-23.711702,-25.272314,-25.974081,-26.864283,-32.529686,-35.010357,-35.740593,-38.93659,-37.2969,-40.837135,-42.268402,-40.471004,-39.64827,-43.16617,-45.24713,-49.015213,-48.540466,-46.514015,-48.40569,-49.534714,-48.88513,-51.666275,-55.31466,-54.527187,-56.449486,-56.21689,-58.14362,-58.898407,-63.011402,-66.44751,-69.61968,-68.93481
1728,False,-21.54106,-25.6419,-26.55663,-25.578482,-28.788597,-28.652002,-24.91383,-21.5807,-26.936827,-34.907524,-28.438286,-23.164358,-23.520058,-21.586155,-22.515842,-19.070414,-21.644932,-24.972593,-29.721315,-36.68687,-29.168127,-28.853628,-28.257492,-30.64042,-27.314798,-25.519266,-30.062563,-24.459599,-18.005144,-18.906551,-24.059887,-27.13413
1760,False,-22.35247,-26.118671,-26.754196,-26.250957,-28.277554,-28.203259,-31.418003,-27.06435,-30.333641,-40.965885,-32.28724,-31.090618,-30.827381,-29.093487,-32.152626,-27.897957,-33.108704,-38.880238,-36.74611,-40.80955,-39.41547,-36.6192,-39.66228,-41.405453,-38.190304,-35.106976,-37.578182,-35.82549,-30.648973,-31.8277,-37.110554,-39.819656
1792,False,-25.651886,-23.02412,-24.762413,-30.555113,-30.85165,-30.825054,-33.465637,-31.840736,-34.125607,-39.74958,-41.960293,-37.18126,-36.586388,-32.86609,-36.70623,-37.60452,-38.701134,-43.07848,-41.972538,-46.490707,-44.869213,-42.409092,-44.39184,-47.285503,-45.70861,-39.370983,-41.729946,-42.61972,-37.772743,-38.7264,-45.652763,-48.258152
1824,False,-25.062845,-21.937056,-30.579817,-27.46192,-29.590769,-32.500126,-33.3606,-36.709713,-38.235207,-38.03413,-39.457764,-36.276012,-37.224163,-42.69918,-44.25435,-39.00666,-42.410694,-44.427204,-45.167633,-48.19985,-47.878098,-42.55243,-45.829563,-49.377247,-48.54704,-44.041313,-45.395462,-46.124405,-40.734207,-41.988686,-49.09403,-51.464325
1856,False,-24.7599,-26.567528,-27.514536,-30.01232,-32.668064,-32.614677,-38.31901,-37.57367,-34.44857,-38.55774,-42.442352,-37.731483,-37.76538,-41.567883,-40.011333,-42.81059,-44.767586,-43.43222,-43.84427,-46.841892,-47.836987,-44.684624,-49.456676,-50.39099,-51.707462,-48.304413,-48.5986,-48.042862,-46.473217,-46.145493,-53.610912,-56.634964
1888,False,-25.353218,-25.974308,-25.95998,-29.470913,-31.813244,-34.05597,-39.15732,-39.863976,-37.056084,-36.911636,-40.02049,-43.81813,-38.67779,-40.112183,-41.353027,-42.05271,-45.39289,-46.75489,-47.257236,-49.172264,-48.231316,-48.46466,-52.85202,-53.753525,-53.505577,-53.47294,-53.865143,-52.64023,-49.50367,-52.2274,-60.07528,-61.24384
1920,False,-26.820581,-24.373032,-28.040579,-28.41136,-31.562084,-33.053787,-34.420357,-35.385475,-34.92703,-40.33039,-40.779423,-38.538136,-39.559666,-44.034256,-44.099754,-43.28937,-45.32614,-48.51366,-48.056587,-52.33457,-49.87912,-49.344273,-51.4061,-52.81088,-53.617836,-53.627583,-55.534134,-55.45308,-51.63272,-55.173603,-61.82299,-64.752304
1952,False,-27.910416,-25.056772,-28.052195,-32.822872,-34.55786,-33.76601,-35.025444,-35.258812,-33.48772,-40.54663,-38.77766,-39.672825,-39.24285,-45.679993,-47.583504,-45.9446,-47.489296,-46.836605,-47.07542,-50.343967,-50.65111,-51.16343,-53.346325,-53.09483,-54.572674,-55.61051,-57.13167,-57.95711,-58.598972,-60.304092,-64.51175,-67.88006
1984,False,-25.534641,-25.010893,-28.323097,-32.893597,-33.79822,-32.770916,-38.286793,-37.64217,-37.55533,-39.37449,-44.18205,-40.466038,-41.802284,-42.286453,-45.626083,-44.77354,-46.11853,-46.067444,-47.50877,-47.829014,-51.405968,-52.27414,-55.13592,-54.922527,-55.292934,-56.96571,-56.72344,-57.521015,-58.985443,-61.626717,-68.22005,-68.36902
2016,False,-28.761486,-25.22015,-32.220543,-30.552647,-31.105835,-32.921062,-38.739075,-37.72249,-37.08035,-42.565495,-45.380684,-40.827374,-40.295876,-44.04247,-44.981415,-45.15835,-47.81302,-45.37304,-47.535187,-51.556858,-52.57893,-50.878212,-52.711452,-52.998688,-55.93826,-56.32164,-57.493927,-57.943947,-62.309895,-63.843163,-67.04027,-68.75596
2048,False,-25.586823,-27.23417,-28.208458,-31.152647,-35.397285,-35.208828,-40.650444,-38.362904,-35.043526,-38.36606,-40.60974,-41.113976,-40.22955,-43.429024,-45.648876,-46.4225,-44.970474,-46.39131,-50.351128,-50.19464,-50.86476,-49.639465,-53.143333,-53.811096,-56.76275,-57.104687,-58.60823,-60.06323,-62.40029,-65.180664,-68.34088,-69.530754
2080,False,-26.829512,-22.582056,-24.169682,-26.83526,-35.795628,-31.4976,-37.464684,-34.966766,-36.212646,-39.048157,-43.03639,-40.021633,-41.358498,-45.042595,-46.87019,-45.203304,-46.38557,-47.181473,-50.091114,-53.924507,-54.411026,-53.026333,-52.572617,-53.26948,-56.54013,-59.14221,-57.74182,-59.97793,-63.253536,-65.80828,-68.453835,-69.737045
2112,False,-26.224884,-22.872164,-28.007702,-32.596737,-33.47365,-30.350664,-35.44641,-36.725105,-37.08261,-40.481873,-40.561863,-38.416855,-41.776577,-40.78156,-42.448914,-43.628235,-45.698257,-44.361137,-47.116123,-51.041523,-51.37851,-50.65277,-53.79885,-53.570152,-56.12018,-56.56633,-58.38837,-60.020123,-63.451363,-65.563515,-68.6724,-69.9589
2144,False,-23.258696,-27.898771,-27.184294,-28.864613,-30.72591,-30.306778,-36.8634,-37.747128,-35.721592,-44.208622,-44.478752,-38.38971,-38.843803,-39.373314,-44.78237,-46.022224,-46.426693,-46.94963,-50.233437,-50.415195,-47.981667,-48.884396,-52.16492,-55.654663,-55.89975,-57.857903,-57.834682,-58.69936,-62.708817,-65.582596,-68.51981,-69.12562
2176,False,-28.239069,-26.21639,-24.73153,-27.397705,-29.534168,-33.85701,-34.215595,-38.180286,-37.667618,-37.9067,-40.25363,-41.517986,-41.39008,-41.270145,-43.313107,-47.88578,-48.38686,-47.105564,-49.457607,-48.898567,-51.5541,-50.803047,-52.74468,-52.85266,-55.985085,-56.289352,-58.87597,-59.539223,-62.998642,-65.8369,-68.85239,-69.72848
2208,False,-25.77136,-24.207928,-28.21477,-26.914158,-31.51743,-32.466564,-35.72337,-36.00791,-33.901714,-40.695244,-39.35698,-40.759064,-41.34131,-41.639175,-42.24765,-45.42357,-45.10435,-50.363503,-49.583782,-52.173637,-52.624,-51.73745,-52.864243,-53.521973,-55.780426,-58.21611,-58.411568,-61.081997,-64.22633,-66.16351,-67.77461,-68.68765
2240,False,-26.390478,-30.435707,-28.692072,-30.176746,-33.519836,-33.29123,-33.156246,-34.68842,-36.426445,-37.362682,-39.717213,-35.400436,-35.365253,-39.209538,-39.207462,-37.030045,-39.920013,-43.933197,-44.813416,-49.19091,-49.97196,-51.063057,-51.35948,-53.64533,-55.505287,-55.88051,-58.171196,-60.766846,-61.39467,-62.873837,-66.78351,-68.27437
2272,False,-31.25395,-26.328814,-27.600233,-28.261871,-26.198244,-28.66306,-32.20333,-24.58916,-28.494457,-32.15915,-28.301651,-29.313478,-28.521605,-30.267086,-33.21048,-28.659803,-34.32775,-37.547783,-39.30049,-45.59703,-42.926746,-43.497623,-46.157135,-50.71217,-53.427483,-54.155445,-54.901176,-56.366993,-52.886726,-55.74593,-60.559486,-62.856415
2304,False,-20.767448,-23.160505,-25.982517,-29.660147,-30.99075,-32.67361,-36.528122,-31.921131,-33.644566,-36.1455,-35.468403,-37.630543,-33.903843,-37.84152,-41.864845,-37.880394,-43.454586,-44.862423,-48.47522,-51.14271,-49.376266,-47.704258,-52.058098,-55.78384,-55.256878,-56.170097,-58.447662,-58.381996,-63.522877,-65.91319,-68.273,-70.03698
2336,False,-27.794676,-29.167185,-26.516495,-28.57665,-28.237217,-32.788177,-35.254005,-34.66511,-36.368996,-37.256138,-40.978706,-38.435745,-39.809013,-41.230354,-46.137146,-45.0769,-44.307068,-46.11527,-45.478672,-48.65028,-51.128544,-50.93476,-55.016945,-53.45984,-56.15086,-57.65988,-57.65095,-59.493454,-63.94073,-66.45329,-68.46145,-70.172585
2368,False,-23.759851,-24.66194,-26.673729,-34.158943,-36.38342,-34.60605,-38.464497,-37.551693,-39.268898,-38.23956,-40.160843,-37.958256,-39.114998,-44.241028,-43.977882,-44.771713,-46.18263,-46.851044,-49.58523,-52.942463,-51.642307,-50.812225,-52.361176,-54.81218,-55.857803,-55.5423,-58.59753,-59.489388,-63.120533,-65.66789,-68.9437,-69.82999
2400,False,-32.555862,-29.532537,-28.148945,-30.721687,-30.199062,-33.15731,-37.56357,-35.851418,-32.386703,-42.136684,-40.929382,-38.867104,-40.19762,-43.550037,-41.866722,-44.072,-45.862293,-46.5663,-51.63284,-50.220764,-52.797905,-53.373608,-53.430336,-54.622246,-56.23237,-57.154266,-57.88073,-58.447197,-64.067314,-66.06819,-69.01407,-69.6674
2432,False,-26.925629,-26.419159,-27.348116,-29.820707,-32.06141,-29.372026,-34.45657,-39.004143,-38.992035,-36.165775,-41.977104,-40.196983,-41.791267,-42.723274,-44.586353,-47.969265,-45.3835,-46.879387,-49.034443,-51.727493,-50.18506,-48.65511,-51.091267,-53.57496,-56.70555,-56.865467,-58.99223,-60.028328,-64.205536,-64.12975,-66.79868,-69.03087
2464,False,-22.516233,-25.219738,-23.293047,-26.993734,-32.45667,-28.733671,-33.34063,-33.66402,-34.27313,-39.28223,-37.434143,-37.84957,-41.209267,-42.784924,-43.10076,-45.39654,-47.279316,-46.72182,-47.576912,-53.076397,-52.97869,-51.28409,-52.68661,-53.515533,-54.760777,-56.22293,-58.48617,-60.112705,-64.488106,-67.02997,-67.93608,-69.2943
2496,False,-27.221384,-27.727709,-27.850365,-31.757431,-30.715965,-35.04846,-37.247955,-37.09437,-36.417847,-37.843086,-38.04206,-37.95015,-45.08307,-44.108727,-42.871353,-43.751816,-44.975975,-44.910015,-47.891876,-52.954628,-50.272087,-49.91013,-52.198196,-52.83046,-55.977875,-56.90906,-58.341225,-59.335846,-63.072784,-64.9523,-68.2026,-71.85371
2528,False,-29.952028,-27.8876,-28.33892,-30.923216,-29.616302,-30.659725,-34.876965,-37.884422,-37.044384,-39.62468,-41.074516,-40.555035,-43.09587,-40.917034,-41.199966,-45.53667,-47.332535,-46.960415,-47.939438,-50.24387,-51.91151,-51.392365,-53.869904,-54.32538,-55.027637,-56.010384,-59.871284,-60.743843,-65.09076,-65.03363,-67.114456,-70.224144
2560,False,-25.776958,-24.963879,-26.743315,-31.673239,-34.27807,-34.078957,-37.479156,-41.7548,-36.184082,-38.973812,-37.680367,-39.057762,-40.039337,-44.416412,-44.52957,-44.923744,-45.666855,-43.812088,-46.79405,-51.217495,-50.69166,-50.99999,-52.6537,-54.007797,-55.405983,-58.4309,-58.060493,-59.338493,-62.170906,-66.532295,-67.55188,-70.2789
2592,False,-27.35595,-24.698946,-24.382595,-30.216158,-29.54015,-31.037004,-38.082447,-43.381992,-40.73923,-38.028427,-39.96691,-41.463264,-42.984623,-42.832176,-40.48878,-46.7555,-47.15492,-45.09532,-46.5298,-51.101204,-50.605354,-50.644455,-51.904686,-54.879944,-54.306076,-56.012215,-60.643543,-59.63966,-65.26147,-66.17295,-68.095146,-69.17327
2624,False,-25.419855,-26.791943,-29.945238,-31.000454,-31.380518,-30.243666,-34.92741,-36.742,-39.58622,-41.017494,-42.45488,-42.823364,-41.287315,-42.20734,-43.12735,-44.949093,-45.356503,-49.271217,-52.69859,-50.514507,-52.40513,-50.157906,-52.118668,-53.95955,-54.040676,-55.883194,-58.923256,-59.977345,-62.399105,-64.8271,-67.93834,-69.96551
2656,False,-23.817535,-24.247562,-28.406591,-33.608044,-36.150547,-31.876165,-34.847557,-40.73856,-37.454025,-38.976334,-42.301193,-38.88351,-40.641502,-41.75701,-42.71334,-43.355347,-46.784473,-48.591125,-50.17094,-49.918106,-51.40637,-49.954056,-52.147034,-53.5368,-55.94856,-57.378765,-58.096523,-59.662933,-64.06015,-64.612724,-67.423645,-69.487915
2688,False,-21.784124,-24.368427,-31.360044,-34.46343,-33.543983,-32.212204,-35.600376,-36.460373,-36.00193,-42.551346,-40.208885,-40.033752,-40.011135,-42.93476,-44.509388,-45.631737,-45.344803,-46.0287,-48.009674,-49.47673,-48.749462,-48.86107,-51.826668,-53.759544,-55.55165,-58.217354,-58.32496,-59.30666,-63.723186,-66.32205,-68.11156,-69.44031
2720,False,-29.789368,-29.069403,-28.323582,-30.10709,-31.880363,-32.685448,-35.39495,-33.85306,-30.252707,-41.76529,-42.056427,-39.713768,-39.201958,-40.246346,-43.167877,-48.572655,-46.660553,-45.18193,-45.330055,-51.30299,-50.343697,-50.770496,-51.69228,-54.412064,-54.956913,-59.08627,-59.189217,-58.713737,-64.23194,-65.70237,-68.777405,-69.448944
2752,False,-25.988247,-25.904758,-27.887875,-29.574833,-33.922863,-28.987003,-36.93028,-40.110603,-39.070168,-38.00005,-39.85948,-40.03961,-42.615185,-42.19068,-42.777275,-45.816364,-47.506683,-45.31395,-46.613823,-49.067234,-51.22105,-50.933285,-52.476788,-55.563206,-56.17227,-58.33676,-59.531723,-58.565388,-63.13611,-65.263916,-68.842674,-69.58632
2784,False,-27.674826,-24.92834,-27.435091,-34.28083,-33.72281,-36.556095,-37.18948,-36.819893,-40.918694,-39.46179,-39.782986,-42.42784,-44.49819,-42.484825,-41.751724,-41.44531,-43.790405,-43.29937,-47.973347,-50.14963,-50.4686,-48.442535,-50.881306,-52.253185,-54.833725,-56.696075,-58.65229,-53.18199,-50.82022,-50.154503,-53.348816,-54.514458
2816,False,-21.527897,-25.19213,-28.08599,-22.752316,-25.6782,-26.589422,-24.720177,-21.769476,-27.657518,-34.452206,-27.089281,-23.956726,-24.080044,-21.00365,-22.292768,-18.628603,-21.59929,-24.714891,-28.767555,-34.31074,-28.86904,-28.24559,-27.244635,-30.176306,-26.745335,-24.862936,-29.515179,-24.397404,-17.741102,-18.46424,-22.749157,-23.59477
2848,False,-26.445244,-27.872726,-31.60572,-25.411404,-27.949177,-28.194386,-33.21918,-30.604189,-35.333828,-38.66748,-35.355865,-33.287014,-31.889545,-31.851227,-33.13108,-31.277723,-34.470905,-40.22224,-38.77439,-43.881893,-42.922287,-39.970337,-42.513546,-45.22505,-41.264416,-37.948345,-38.116806,-38.076317,-33.22693,-33.96397,-39.280636,-42.482662
2880,False,-25.27911,-21.808405,-28.398294,-30.719545,-30.922932,-28.9425,-35.494667,-30.220428,-31.500149,-38.423237,-40.282494,-37.558537,-37.313637,-35.69831,-39.618343,-38.59597,-39.737045,-44.84276,-44.119453,-45.50259,-45.29596,-44.036594,-45.67635,-47.983345,-45.514,-39.781364,-41.75928,-43.191113,-38.855568,-39.274265,-45.26133,-48.353935
2912,False,-27.68524,-27.891962,-28.71338,-32.17921,-33.68174,-33.897736,-34.622963,-36.15663,-36.351223,-42.279285,-40.791245,-39.36813,-39.699017,-37.586613,-37.63369,-37.44556,-40.779606,-42.163578,-46.324104,-49.579712,-45.80917,-44.05771,-47.14335,-49.678726,-49.312576,-44.810482,-46.131622,-47.37196,-42.600098,-42.84416,-49.630505,-53.221706
2944,False,-26.204773,-27.872055,-28.751661,-27.567747,-32.56585,-33.039013,-35.3482,-35.47483,-37.072742,-37.199886,-41.090897,-46.000084,-39.75878,-40.82921,-40.15577,-40.980125,-44.60581,-44.133095,-46.997448,-48.24799,-48.468735,-46.30719,-50.269844,-50.761623,-51.04292,-49.103455,-49.904896,-49.36867,-46.74069,-47.032944,-54.895992,-58.01053
2976,False,-27.475395,-25.857676,-28.699732,-27.446545,-31.147823,-33.433697,-36.195103,-37.597584,-36.670464,-42.04967,-47.09896,-40.802475,-40.484776,-41.65003,-43.646477,-43.135128,-47.173805,-47.537045,-45.793804,-48.475723,-49.320408,-50.385967,-54.104305,-53.804092,-52.795914,-53.63241,-54.191376,-52.904583,-49.853077,-51.98198,-59.65947,-61.814075
3008,False,-26.24261,-26.611311,-30.547026,-30.558258,-29.50756,-28.955925,-39.213737,-37.54183,-34.8945,-42.292526,-41.887894,-40.287952,-40.95063,-41.579857,-42.425888,-42.77128,-45.77778,-49.207115,-48.101345,-51.462685,-49.463696,-47.98278,-52.024364,-54.11505,-53.42061,-54.581978,-54.94997,-55.549973,-53.643547,-57.686558,-62.85373,-63.796124
3040,False,-26.475494,-26.367643,-25.230549,-28.42123,-34.054047,-35.82952,-35.075935,-36.830467,-39.741074,-40.570488,-38.041332,-37.23343,-41.166862,-42.734276,-42.276443,-42.54107,-44.36384,-47.507057,-49.439964,-50.798,-49.235897,-50.313484,-52.63935,-54.092316,-55.153175,-55.95582,-56.25731,-58.5159,-58.176926,-59.2371,-65.25024,-69.38345
3072,False,-24.336159,-21.18944,-29.52284,-32.175076,-31.125738,-31.604572,-37.740437,-38.81748,-37.588753,-40.01529,-39.52893,-39.134514,-40.485565,-40.89045,-41.398148,-43.89969,-46.790947,-48.737427,-49.223995,-52.146297,-52.044975,-52.103573,-52.969986,-55.15953,-55.598164,-57.510445,-56.998333,-58.614944,-59.674103,-62.7735,-67.80448,-69.283424
3104,False,-26.892216,-21.538563,-26.331821,-28.672304,-32.609398,-30.363895,-33.491703,-40.316696,-38.271557,-39.2758,-42.63508,-42.37282,-41.812675,-41.752617,-43.18159,-46.168118,-46.222,-49.914204,-46.56883,-50.51236,-48.733444,-50.505157,-53.54738,-54.495277,-54.6882,-56.850952,-58.9467,-60.618126,-62.463623,-62.755486,-67.93196,-70.00953
3136,False,-24.611908,-24.10055,-27.404392,-29.872375,-32.45356,-36.51097,-37.93951,-40.025253,-38.41346,-42.06078,-41.707283,-42.91029,-42.890083,-42.791157,-44.98233,-45.711388,-45.992233,-46.596027,-46.7788,-52.846672,-51.10216,-50.564327,-52.419,-55.135002,-56.561783,-59.066986,-59.194275,-59.405518,-62.958252,-64.81582,-67.75875,-70.58884
3168,False,-26.436548,-28.21143,-23.59806,-29.132547,-32.267258,-33.840584,-37.77062,-38.599083,-39.76337,-40.77645,-40.67385,-40.584236,-43.396793,-46.184505,-43.26423,-44.385956,-45.464096,-47.263573,-49.415787,-50.880657,-51.34911,-50.68788,-51.80857,-54.791252,-54.794064,-57.707832,-57.653114,-59.628445,-64.77677,-64.928635,-67.49811,-69.9594
3200,False,-22.400873,-24.051409,-26.406042,-30.988714,-32.845394,-28.327913,-34.353455,-37.842354,-41.0027,-42.797203,-41.014626,-36.388184,-39.12437,-45.861057,-43.591846,-45.760544,-48.62126,-49.648075,-46.03669,-53.946247,-50.051598,-49.773666,-53.172035,-54.18239,-54.674232,-57.260315,-57.94274,-59.94771,-62.735523,-66.239426,-69.01392,-69.971695
3232,False,-26.171616,-24.287546,-26.02499,-29.312086,-31.182375,-30.914425,-34.54396,-34.786438,-35.858444,-41.397118,-36.81758,-38.82627,-43.395782,-43.231743,-43.79292,-46.648056,-46.67776,-45.529552,-47.639687,-50.194775,-51.46129,-51.146927,-54.587532,-54.134884,-56.49549,-56.355724,-58.79261,-57.94156,-63.34253,-66.51465,-68.1736,-69.76111
3264,False,-27.99449,-25.530119,-26.602562,-27.24453,-35.113823,-34.339405,-36.95608,-35.38997,-35.293205,-40.260715,-43.218117,-40.255016,-40.731735,-44.23133,-45.394424,-46.736748,-47.725452,-47.210365,-50.78453,-51.148727,-50.099068,-49.225906,-54.492607,-56.625793,-54.15514,-56.298504,-58.65446,-59.78113,-64.03685,-66.24183,-68.52075,-70.68216
3296,False,-25.658115,-25.324366,-27.097853,-29.797934,-33.27425,-31.329948,-33.900486,-35.138985,-35.694603,-41.45489,-41.497097,-39.534832,-41.167435,-40.490433,-40.037178,-44.12137,-43.89391,-47.163883,-48.984116,-49.508377,-50.63404,-51.34835,-53.569435,-54.219227,-54.803276,-58.17388,-60.947323,-60.531593,-64.18341,-66.25156,-67.968506,-70.65722
3328,False,-30.512032,-26.974134,-27.007149,-31.068165,-34.962383,-31.487444,-34.481014,-37.79838,-37.56908,-38.61505,-40.364807,-41.563324,-41.049694,-44.350937,-46.680492,-44.783524,-45.03281,-48.096413,-49.810635,-51.535583,-50.077316,-50.76956,-52.398308,-54.98745,-55.961647,-57.02326,-59.74254,-60.69473,-64.821884,-65.141426,-67.88103,-71.81005
3360,False,-28.463602,-23.51345,-25.626432,-26.828468,-27.747845,-28.341253,-30.450893,-23.753426,-27.433617,-34.23617,-28.543835,-27.870806,-26.154049,-30.193,-31.14091,-27.112011,-30.814817,-35.57525,-37.86778,-44.340153,-43.161194,-45.62435,-44.28029,-49.195843,-52.176743,-52.089996,-54.627457,-56.805283,-52.92562,-55.365273,-57.792706,-60.113815
3392,False,-26.593746,-25.669106,-25.34507,-26.16911,-29.087814,-32.831894,-36.677948,-29.545843,-32.864365,-41.589638,-36.80622,-37.489685,-36.576725,-38.929806,-40.715454,-36.663788,-41.552574,-47.08324,-45.656906,-47.526993,-52.711205,-51.260494,-52.066532,-55.036564,-54.711727,-56.914757,-57.93094,-58.4989,-59.25323,-64.03354,-67.02688,-69.45396
3424,False,-23.174591,-26.836971,-26.743746,-30.068274,-29.898617,-33.061386,-37.5872,-31.24491,-34.014896,-37.232132,-38.17319,-40.341972,-40.27466,-37.877384,-43.26451,-46.89473,-44.597443,-44.641365,-46.94059,-49.91465,-51.48254,-49.342316,-51.530792,-54.362312,-55.6209,-57.602306,-59.144726,-59.770515,-62.58522,-64.32128,-68.36703,-69.452896
3456,False,-24.936514,-25.293285,-27.301481,-29.43745,-32.562405,-31.703875,-35.90408,-38.029366,-38.19274,-44.79385,-40.66503,-35.57065,-41.03425,-41.11681,-43.967308,-44.345695,-46.30719,-45.908073,-47.256428,-49.437447,-49.782337,-51.480923,-52.994495,-54.08897,-55.886375,-56.35189,-58.5521,-58.06939,-63.745087,-66.23805,-69.419395,-71.25523
3488,False,-25.373135,-25.64666,-28.543188,-30.729908,-29.999859,-34.825634,-37.132294,-38.05103,-35.036186,-37.92282,-41.025166,-39.265602,-42.144398,-40.549984,-42.29942,-46.611946,-44.762085,-47.006763,-46.579136,-49.269947,-50.877323,-50.623394,-52.970394,-56.07655,-55.76326,-56.99372,-57.975544,-61.40141,-65.020386,-66.394875,-69.40564,-70.26553
3520,False,-25.04538,-25.990623,-24.614756,-27.97755,-36.85728,-34.773212,-38.88245,-36.52856,-36.109726,-37.60126,-37.768024,-39.370018,-42.896046,-39.762886,-43.022118,-47.726257,-48.30636,-47.069244,-47.725548,-48.49749,-51.645554,-50.50468,-52.46974,-53.85716,-55.328045,-55.44311,-57.43498,-60.64852,-62.926083,-65.02428,-68.758705,-70.80785
3552,False,-23.586803,-26.41277,-27.154598,-33.102592,-31.785828,-31.838753,-36.486244,-37.653877,-35.087322,-37.595436,-38.814827,-40.299973,-38.89893,-41.321693,-42.781906,-44.39511,-45.895386,-47.60397,-49.14012,-49.55207,-52.67714,-50.895645,-52.280373,-53.862244,-55.51339,-58.88733,-57.972908,-60.189823,-63.592735,-65.77958,-67.41654,-69.09181
3584,False,-21.35374,-24.443377,-27.281761,-29.149117,-32.35847,-32.763985,-37.276688,-38.242523,-33.308723,-39.59988,-40.44362,-37.859642,-41.20835,-41.407562,-43.533035,-44.260525,-43.864624,-47.005707,-46.563488,-51.661037,-52.49077,-50.580425,-54.133297,-53.938313,-55.364174,-57.679924,-59.755714,-60.609707,-63.06908,-65.511,-69.05405,-68.980576
3616,False,-26.604681,-26.061745,-30.888706,-34.360214,-33.47477,-33.421017,-37.15998,-34.16284,-35.116196,-42.721638,-42.19017,-40.070335,-41.01244,-43.514896,-42.421844,-43.744385,-42.3322,-46.563183,-45.633644,-47.810787,-49.29071,-50.367676,-51.34964,-54.362434,-55.421467,-57.03709,-58.041134,-59.438797,-63.519928,-67.291985,-67.98936,-69.820656
3648,False,-23.362333,-25.875801,-27.580929,-29.16544,-29.82847,-34.46812,-36.16495,-36.828445,-34.536568,-41.782837,-37.568,-39.96433,-39.3348,-41.336723,-43.458275,-46.966824,-45.707993,-47.128265,-47.227764,-49.14965,-51.117386,-50.748844,-52.93782,-54.68911,-56.23326,-57.316723,-58.48516,-60.40158,-63.517555,-66.19687,-67.40759,-70.45702
3680,False,-27.499153,-26.559837,-27.697084,-32.86299,-36.62269,-34.02375,-37.343155,-36.14618,-34.262577,-43.420662,-42.126125,-39.34236,-39.878574,-44.460083,-43.87861,-43.972908,-46.896675,-48.045464,-49.339607,-49.991783,-51.635223,-50.454056,-51.741673,-51.740967,-53.448517,-56.566772,-59.447193,-60.315414,-64.868164,-66.99361,-67.6147,-69.05328
3712,False,-28.341782,-27.292217,-27.109886,-34.122387,-29.950924,-32.524944,-37.180195,-36.622265,-34.054325,-40.079704,-43.700066,-39.916615,-40.68275,-45.792522,-48.639755,-47.016487,-43.284523,-48.35372,-48.188805,-49.171104,-50.681923,-49.391476,-52.95942,-54.20105,-54.42221,-57.716988,-59.450478,-61.106686,-63.14611,-66.15632,-68.389824,-70.19453
3744,False,-27.695768,-26.808718,-25.76623,-30.165016,-33.618664,-34.731667,-37.901302,-39.773594,-37.722946,-41.69048,-40.522827,-39.7364,-40.955563,-42.866817,-45.59378,-45.079456,-46.41787,-45.331093,-47.60227,-51.437614,-52.618607,-54.670544,-52.089237,-55.616776,-57.598618,-58.56572,-58.715954,-59.412098,-64.706406,-65.82457,-68.34375,-70.72299
3776,False,-27.59663,-25.611847,-23.903532,-30.325422,-30.786266,-29.796349,-34.177376,-36.004837,-35.581486,-40.42167,-42.822906,-42.427094,-42.178074,-45.977425,-48.599564,-49.40313,-44.981197,-44.793854,-48.796803,-49.82888,-51.086903,-51.309017,-53.517616,-55.234837,-57.6965,-57.75482,-59.226166,-60.569153,-63.160892,-64.75951,-69.03976,-70.109146
3808,False,-27.33713,-29.59012,-24.586761,-29.587933,-31.50817,-29.920284,-34.677593,-37.328217,-41.415363,-43.952084,-41.294685,-41.024357,-41.417824,-41.418205,-41.78955,-44.803677,-47.735275,-47.22818,-47.16638,-49.961357,-50.050625,-50.54667,-52.931664,-54.63161,-54.90119,-57.76761,-58.684444,-60.206074,-63.965946,-65.34334,-68.12921,-69.93213
3840,False,-25.801758,-26.229353,-26.760784,-32.227856,-31.726109,-30.785954,-40.247627,-36.557705,-33.78385,-40.88109,-41.432175,-40.74649,-42.069317,-45.939728,-46.436657,-45.14762,-46.471424,-48.16088,-47.201614,-51.1434,-50.059425,-49.25633,-51.558228,-54.78927,-55.60112,-58.54808,-57.545647,-58.59305,-62.20632,-64.33297,-67.46939,-69.33551
3872,False,-25.7041,-27.930773,-26.81847,-30.12127,-34.647953,-31.186531,-37.42514,-39.188248,-39.004246,-36.640324,-38.060493,-34.59145,-39.02867,-40.2735,-41.073494,-42.505135,-43.93389,-45.169163,-47.147312,-49.98606,-49.389797,-48.542297,-52.199997,-55.28186,-53.194817,-54.376778,-56.60711,-51.47688,-48.09176,-48.510555,-52.21656,-52.262554
3904,False,-25.005615,-21.55022,-26.646757,-25.180862,-25.814383,-25.43095,-24.964296,-21.40636,-25.545378,-34.606567,-27.741909,-24.284956,-23.862211,-21.067057,-22.420881,-18.970644,-22.039616,-24.692099,-28.547564,-34.352562,-29.010677,-27.394083,-27.053875,-29.833744,-26.297771,-24.231941,-28.073032,-24.082222,-17.913967,-18.733269,-22.902594,-26.400698
3936,False,-26.18285,-26.31735,-29.801886,-31.054333,-31.273834,-26.997805,-33.815563,-28.213604,-33.038628,-38.379684,-34.827778,-34.36137,-33.68518,-33.16671,-34.516266,-30.592146,-34.457333,-39.952118,-38.81449,-44.253014,-42.448925,-40.49133,-42.32537,-45.68554,-40.690765,-38.009945,-37.853325,-37.303448,-33.987762,-34.75756,-39.91467,-42.902863
3968,False,-25.627964,-25.282722,-31.882317,-30.401299,-31.57158,-29.631794,-37.61868,-33.00764,-35.427773,-41.277164,-42.736362,-39.87062,-40.807503,-37.867905,-40.857544,-38.655907,-39.755035,-40.73614,-44.730602,-47.96187,-45.355698,-44.312363,-44.924988,-49.316067,-46.991684,-40.507618,-41.65186,-43.804173,-38.759247,-39.661,-45.345238,-48.67352
4000,False,-27.203136,-23.188583,-29.617949,-33.38818,-34.0441,-31.903305,-39.36754,-37.357353,-40.91477,-39.328682,-38.234104,-36.65053,-38.791584,-38.71058,-40.422997,-40.73185,-42.8687,-43.684135,-44.805103,-49.377136,-48.1012,-43.709106,-46.922382,-50.275017,-49.739594,-45.81385,-46.52063,-46.82295,-43.31317,-43.53708,-49.21708,-52.410694
4032,False,-26.136236,-26.886244,-24.905823,-29.615421,-32.975853,-31.945808,-34.24622,-35.64097,-33.982758,-38.15758,-39.859016,-39.159515,-42.169548,-41.46791,-40.930626,-41.6536,-46.110188,-46.6966,-45.65854,-46.66503,-47.08732,-47.067276,-52.17127,-52.606842,-52.675293,-48.078556,-49.036404,-48.647003,-46.987663,-47.804684,-55.356804,-58.961033
4064,False,-25.370567,-28.46709,-27.381313,-29.990332,-30.060013,-30.416481,-39.082977,-39.62875,-34.989803,-40.006912,-41.65489,-40.32258,-42.53074,-41.797592,-41.598568,-42.03308,-41.289562,-45.65457,-46.9536,-50.104332,-48.08821,-50.75088,-52.251747,-53.82299,-54.79513,-52.92652,-52.89802,-53.889927,-50.65959,-53.018402,-59.829372,-61.776337
4096,False,-31.749916,-27.913101,-23.890545,-30.554457,-31.661812,-33.491203,-39.03781,-34.375088,-34.108986,-37.853035,-38.702477,-37.754906,-42.772106,-38.84263,-41.5598,-44.64354,-43.22187,-45.996902,-48.720062,-51.789433,-49.418106,-48.199776,-51.586815,-52.983112,-53.732918,-53.33662,-55.066494,-56.04949,-53.711502,-57.650295,-63.04879,-65.99657
4128,False,-25.96474,-26.489622,-28.340923,-31.030252,-31.902105,-32.728657,-37.570934,-38.747078,-34.37036,-40.242912,-39.897762,-38.85621,-40.963535,-44.398438,-42.19807,-44.137913,-44.76961,-46.091393,-47.47123,-49.935513,-50.351143,-50.956512,-52.761745,-55.44266,-56.14056,-57.438065,-57.094788,-58.242737,-56.726242,-58.28623,-64.73256,-67.66017
4160,False,-26.730442,-20.971054,-27.73448,-30.662457,-34.58359,-31.242329,-33.427757,-36.383938,-35.343014,-39.319256,-41.381092,-40.878708,-43.542236,-42.33299,-43.92585,-44.42679,-45.51935,-47.94616,-47.78994,-50.103436,-51.150673,-52.392063,-53.916245,-54.212982,-54.59801,-57.88726,-58.782047,-59.371548,-60.146133,-62.23735,-67.26998,-69.597694
4192,False,-29.814835,-27.85076,-28.775785,-31.249334,-30.405369,-30.652782,-35.46901,-37.851112,-34.826412,-37.157272,-38.803215,-39.10235,-40.097343,-43.355827,-43.198006,-41.85475,-44.501083,-45.769478,-46.65444,-51.33289,-50.214916,-49.237595,-51.138195,-53.8456,-55.64512,-57.89972,-58.37909,-58.449387,-61.463036,-65.591835,-67.45273,-69.288124
4224,False,-26.387321,-27.59253,-25.21818,-30.20005,-34.590115,-33.833424,-36.003613,-38.647903,-36.802372,-41.689774,-43.344135,-43.577766,-41.49775,-42.59358,-42.735382,-45.383,-45.24899,-46.440727,-49.143032,-49.962875,-48.880062,-48.91911,-52.98806,-54.79587,-56.033344,-58.336487,-58.742786,-60.754795,-63.488472,-65.232765,-68.24109,-71.46531
4256,False,-22.115273,-30.16923,-32.104656,-32.07095,-32.998043,-29.746994,-35.80699,-39.464527,-38.42953,-40.319984,-40.99157,-40.57034,-40.547863,-44.517075,-43.7665,-46.84731,-49.442863,-46.727554,-46.450066,-48.653465,-51.235012,-51.49106,-53.973904,-55.042004,-56.809685,-57.688858,-61.628796,-60.580822,-62.737366,-66.41682,-67.39317,-71.28495
4288,False,-26.745277,-26.811493,-30.522552,-32.900375,-33.460823,-30.957365,-38.155895,-37.322205,-35.966522,-40.889164,-39.29069,-40.360065,-41.377434,-42.934807,-43.5062,-45.50631,-45.42406,-47.17938,-50.74461,-51.42725,-51.694546,-52.64786,-53.74914,-55.186543,-55.63913,-58.779503,-58.381287,-57.777374,-62.181698,-65.769966,-68.09286,-69.646545
4320,False,-26.262993,-26.184523,-29.855362,-32.64168,-32.14048,-31.964357,-34.87897,-36.05759,-36.704834,-42.039585,-46.079163,-37.550407,-40.186234,-41.14645,-43.744507,-46.063923,-47.390156,-46.744724,-49.37117,-52.2483,-52.11479,-49.76707,-53.402016,-55.954025,-55.3352,-57.098537,-57.991413,-60.1183,-64.199455,-66.77863,-67.65238,-70.90693
4352,False,-29.89899,-27.317617,-29.062069,-27.469301,-32.558968,-30.276564,-35.897793,-33.950603,-37.93717,-42.600983,-43.389206,-41.002914,-38.639915,-43.77728,-44.202114,-45.303307,-45.86006,-46.853912,-47.343033,-52.032463,-52.38652,-52.074623,-55.398174,-56.615643,-56.087463,-57.781433,-59.851208,-60.32633,-63.817078,-66.77166,-69.015,-69.86375
4384,False,-26.756763,-28.778131,-27.8952,-32.344624,-36.383675,-31.119106,-35.66514,-39.041065,-37.21201,-41.011658,-38.758217,-37.957222,-38.596115,-43.074665,-44.089146,-44.956367,-45.70472,-46.690666,-49.23494,-46.78145,-50.745506,-50.951363,-54.363827,-55.997322,-56.230167,-57.41999,-60.541718,-60.065155,-64.53793,-66.9953,-68.98961,-70.322296
4416,False,-22.330662,-28.886467,-31.94824,-31.60978,-30.864965,-32.344757,-34.22108,-36.38953,-34.89815,-39.526676,-39.04418,-38.88291,-41.503883,-45.25843,-46.648872,-44.182335,-46.289906,-45.68129,-49.091965,-49.431213,-49.424675,-51.23476,-54.491688,-55.61468,-54.28291,-56.051765,-57.830536,-59.628582,-63.734833,-66.88262,-69.22152,-70.33818
4448,False,-24.275732,-27.39786,-30.179058,-28.552286,-28.555222,-32.79607,-30.570631,-23.996603,-29.09243,-36.389774,-28.457582,-26.580713,-26.778046,-29.840721,-30.531885,-27.335741,-31.828249,-36.012302,-38.11751,-44.299374,-43.61343,-44.596138,-42.841206,-49.233204,-51.132652,-54.296913,-55.202034,-56.658226,-53.184845,-54.907738,-59.08508,-59.889893
4480,False,-23.082157,-27.558567,-30.892984,-27.91683,-28.59237,-27.32716,-32.332825,-29.409296,-33.838295,-39.282753,-36.051907,-35.134228,-33.406,-35.587646,-40.7954,-35.61655,-41.344185,-44.886555,-45.077816,-51.28058,-48.724174,-49.15992,-51.83158,-55.04512,-53.982548,-55.891434,-57.613464,-57.9414,-61.142,-65.25314,-66.02757,-68.47042
4512,False,-23.873446,-29.906357,-28.858892,-26.795284,-29.709929,-29.411478,-32.487644,-36.36721,-39.14189,-41.708656,-40.65403,-39.161064,-40.22599,-38.62373,-41.95564,-43.200993,-43.18558,-45.880085,-45.28788,-50.15436,-50.68367,-49.494366,-53.45251,-55.66613,-55.35885,-56.24121,-58.59875,-59.11602,-62.342255,-64.83127,-67.0196,-68.791794
4544,False,-22.86288,-23.823072,-27.85405,-31.208801,-29.142334,-32.11254,-34.53774,-37.777546,-38.39617,-41.889957,-40.421127,-37.08413,-41.022358,-41.30883,-43.793205,-42.77005,-46.207653,-45.65441,-48.44235,-51.66391,-50.850735,-49.223747,-51.098957,-53.324486,-54.135937,-56.338043,-59.200256,-58.537575,-61.483505,-66.84121,-68.85281,-70.69743
4576,False,-24.572832,-26.573895,-29.59673,-35.088776,-35.41515,-32.654427,-36.816917,-36.021847,-36.464535,-38.470943,-42.638336,-39.328705,-37.256435,-42.895683,-44.066162,-43.468155,-44.452354,-47.724876,-50.588554,-49.518887,-50.971657,-50.653057,-52.565952,-52.687115,-55.202297,-57.702522,-57.897552,-59.615788,-62.74815,-66.2613,-69.46735,-70.953896
4608,False,-27.830807,-28.031824,-27.964626,-32.188866,-32.147346,-31.260952,-33.439213,-36.460777,-40.59586,-44.291153,-41.624092,-41.783516,-41.61486,-46.27642,-45.02012,-47.333736,-46.816345,-47.872257,-50.97049,-51.284874,-52.350487,-51.99268,-55.473557,-56.574703,-55.27904,-57.693382,-57.974056,-61.831886,-64.785774,-65.84886,-67.87164,-71.00065
4640,False,-29.652636,-32.110214,-33.989826,-34.921585,-35.19754,-30.729177,-36.412807,-38.464108,-38.152138,-38.572273,-42.09694,-39.978024,-41.179787,-43.83145,-42.460197,-43.87004,-44.264584,-46.042156,-51.04471,-51.73,-52.183434,-49.84129,-54.870663,-53.90408,-54.17686,-58.13551,-59.383053,-61.043587,-65.91919,-67.896164,-68.639336,-69.88347
4672,False,-23.63574,-27.785799,-27.23555,-31.123999,-32.6915,-30.833742,-36.122307,-40.682587,-39.86068,-42.870827,-44.500984,-41.24376,-43.39726,-45.764503,-43.050026,-42.62639,-45.746185,-47.321198,-51.161404,-51.42166,-52.124657,-52.515907,-56.85509,-56.234913,-55.1184,-59.19321,-59.66559,-59.733086,-64.964386,-67.3546,-69.806854,-69.973
4704,False,-22.903065,-25.763065,-26.885902,-30.330713,-33.695263,-32.800743,-34.94123,-41.390514,-39.5688,-42.671204,-45.71824,-41.51422,-41.25792,-44.245754,-45.18971,-44.668484,-44.47228,-46.284824,-49.46837,-50.893265,-48.112473,-50.71226,-52.48985,-54.155228,-55.94976,-57.77903,-59.630432,-61.48771,-65.37914,-65.487724,-67.78028,-69.77223
4736,False,-25.378822,-30.14227,-27.98967,-27.213165,-33.856445,-29.881744,-34.79597,-33.93948,-33.962208,-40.99388,-40.332993,-36.79133,-40.838585,-40.186424,-42.51927,-47.925,-46.564007,-47.604256,-48.30202,-49.62322,-51.4461,-52.29596,-52.332016,-54.57136,-56.20094,-58.69289,-59.318275,-58.9811,-63.18235,-65.093475,-68.02896,-70.30272
4768,False,-26.871277,-20.973854,-26.937056,-32.291252,-33.056286,-30.412739,-34.25437,-37.433098,-32.112175,-38.02074,-38.05657,-43.022175,-43.473755,-43.39336,-44.102116,-46.528873,-44.59408,-47.11396,-49.33964,-49.523663,-49.180355,-53.0994,-54.44609,-56.061306,-55.69548,-57.71563,-58.110523,-59.948307,-62.577835,-66.60394,-68.69752,-69.63081
4800,False,-26.404732,-23.888891,-27.881054,-31.666756,-29.094402,-31.583158,-34.1456,-37.162556,-36.758926,-40.307163,-40.797493,-41.69879,-39.17685,-41.01719,-47.244095,-44.88378,-43.670387,-47.12934,-50.716507,-51.697063,-50.603634,-49.533024,-53.40252,-53.185764,-55.142868,-58.31494,-59.732014,-59.111015,-62.43479,-66.90521,-67.321846,-69.794395
4832,False,-22.919722,-26.967287,-28.29571,-31.245062,-30.260609,-27.761457,-35.383705,-38.837463,-34.69207,-35.52424,-38.90683,-40.03936,-41.09591,-40.872116,-42.73335,-46.113132,-46.52451,-47.41719,-49.49266,-50.84236,-50.623978,-48.64817,-52.32349,-53.989212,-55.80445,-57.518936,-60.420883,-57.944588,-63.88718,-66.676025,-68.92975,-70.1415
4864,False,-24.261835,-25.038395,-27.358845,-31.609537,-30.39413,-31.726238,-37.815617,-38.251373,-36.60649,-42.74079,-37.877155,-37.595463,-40.422993,-43.72469,-43.288956,-44.413727,-45.489353,-47.938557,-47.730595,-51.965164,-51.220592,-50.818382,-54.46587,-56.56598,-55.740837,-57.419876,-60.10578,-59.959976,-62.172638,-65.97329,-69.13066,-70.01085
4896,False,-24.445173,-22.890526,-27.686197,-32.421604,-32.896816,-32.795612,-36.523888,-39.081657,-41.270523,-42.520958,-42.934948,-38.990353,-40.79815,-42.486076,-43.498436,-44.79601,-48.31802,-47.2764,-51.57274,-53.35876,-51.67788,-50.67165,-51.746964,-53.134037,-56.725353,-57.777054,-58.60565,-59.04549,-64.346634,-66.37164,-69.28034,-69.63373
4928,False,-28.94098,-28.350897,-25.896488,-29.732065,-30.972729,-34.066097,-35.874508,-38.99782,-41.588135,-41.77504,-45.004673,-42.152428,-41.952904,-43.22345,-41.63189,-45.143143,-48.675346,-49.22345,-49.3022,-49.955215,-50.31317,-49.181335,-53.312115,-55.68907,-54.43609,-57.692596,-59.81433,-61.039604,-63.69036,-68.06505,-68.69092,-69.795296
4960,False,-24.285625,-27.666168,-27.635756,-33.027023,-33.603714,-32.782104,-36.80063,-38.455627,-39.22735,-39.408653,-42.350044,-37.05787,-41.28041,-46.008564,-42.039787,-44.528305,-46.092678,-47.353004,-47.321545,-51.21495,-52.241,-48.62633,-50.83168,-53.608707,-56.20527,-56.977726,-58.422466,-59.28306,-64.39845,-66.91641,-68.135216,-69.98009
4992,False,-22.322842,-23.886335,-24.659431,-23.958126,-28.102777,-30.36991,-24.460241,-21.651482,-26.650833,-32.319637,-28.491776,-23.663157,-22.570868,-21.822565,-22.291945,-19.156082,-21.563482,-24.916286,-30.050394,-36.352165,-30.025616,-29.41645,-28.170532,-30.313967,-27.700577,-26.11311,-29.919565,-24.459232,-18.464363,-18.885292,-24.517157,-24.526264
5024,False,-26.432693,-23.158619,-23.338993,-22.91527,-27.821724,-26.550901,-32.23632,-27.40039,-32.699657,-36.5813,-32.25732,-31.043507,-30.604696,-28.858206,-31.630919,-28.576668,-32.64958,-37.151024,-35.06451,-41.059097,-39.13086,-36.213406,-39.83853,-41.45479,-37.72163,-34.86801,-37.023617,-35.60141,-30.701773,-32.16953,-36.112038,-37.715157
5056,False,-25.207245,-29.841452,-27.820354,-29.279318,-31.524954,-29.64886,-37.486465,-33.879017,-35.236347,-37.416847,-38.00694,-41.677708,-37.591835,-33.55929,-38.320873,-36.720947,-40.25992,-42.739468,-44.9666,-48.254776,-44.95499,-42.52986,-45.41217,-48.095432,-45.16171,-39.662174,-41.294205,-42.136307,-37.740875,-38.900448,-44.92905,-46.628815
5088,False,-23.55237,-24.715118,-30.878942,-31.863308,-31.210897,-28.667929,-35.133747,-34.687473,-31.634975,-42.579605,-40.451675,-42.343132,-41.055,-40.436417,-39.381596,-38.89797,-42.01342,-44.75096,-45.798264,-47.79056,-47.181126,-42.739746,-46.610664,-49.116295,-48.354424,-44.321537,-45.215015,-46.503387,-41.280624,-42.625523,-49.626522,-51.78949
5120,False,-27.240278,-25.010576,-27.726276,-28.667263,-35.07219,-29.444378,-32.985672,-35.532265,-34.95118,-37.540123,-38.25027,-39.766396,-41.649254,-43.237514,-41.786667,-40.588604,-43.909092,-45.429733,-44.839104,-48.949852,-46.544373,-46.181583,-51.421944,-49.950684,-51.262306,-48.395782,-47.639584,-47.29467,-46.202576,-46.28496,-53.223934,-56.76178
5152,False,-26.313772,-23.032225,-26.924706,-31.019634,-33.301834,-33.367264,-39.038265,-39.25478,-38.744713,-45.790894,-40.973324,-38.3555,-40.603134,-40.804817,-41.619343,-40.475876,-41.691444,-45.82184,-48.774982,-49.23493,-49.175888,-50.90222,-52.63217,-52.756836,-53.208942,-52.32781,-53.703148,-52.430428,-49.379204,-52.40089,-60.195343,-61.173088
5184,False,-25.177532,-25.983864,-23.186514,-26.278564,-32.98856,-31.658337,-34.705467,-35.89788,-36.566,-37.09409,-43.14751,-39.125744,-40.283073,-40.880054,-42.254257,-42.667957,-45.450768,-43.84893,-47.325764,-49.9437,-49.91058,-51.225143,-52.383324,-52.53864,-54.96851,-54.28241,-55.13153,-56.94947,-52.984447,-55.54027,-61.669304,-64.77561
5216,False,-25.745758,-26.553059,-27.737534,-29.5601,-32.390797,-31.36383,-37.75933,-39.04651,-36.78891,-39.44992,-40.37859,-38.888103,-42.781723,-41.66053,-44.857147,-44.91542,-44.880203,-47.762238,-48.193413,-49.408535,-50.41329,-50.807564,-52.73893,-53.21524,-53.77098,-53.786655,-57.687,-57.932243,-56.90003,-59.27771,-64.17947,-67.91725
5248,False,-26.014431,-25.480509,-23.05319,-26.908752,-32.836903,-33.88109,-36.3215,-38.64665,-41.765915,-39.290108,-40.112053,-42.018562,-40.300972,-44.581696,-45.867752,-45.424706,-47.23635,-47.20849,-48.46512,-48.47166,-50.416763,-51.76613,-52.357025,-53.920807,-54.389973,-58.4543,-60.396454,-60.72209,-59.979015,-61.8211,-66.447464,-69.617455
5280,False,-25.813492,-22.901642,-24.764662,-32.12851,-36.871532,-33.748623,-35.085762,-36.507782,-34.749943,-40.547546,-40.94955,-41.78293,-41.338844,-44.08565,-43.567947,-43.584095,-47.978783,-47.90258,-49.946854,-54.596104,-50.939644,-50.448574,-53.82995,-54.196964,-55.52759,-58.210068,-60.621025,-60.017033,-61.185814,-64.23352,-69.26088,-69.43175
5312,False,-26.817596,-29.017265,-26.78013,-31.737698,-33.683033,-31.285519,-36.28498,-36.2312,-33.677376,-41.534084,-38.215874,-35.80812,-38.267654,-41.071068,-42.174335,-45.21879,-47.40591,-49.579346,-49.59842,-48.700222,-50.82262,-47.963966,-52.64063,-54.691574,-56.231224,-58.0625,-58.780838,-60.45135,-62.43835,-65.6624,-68.46789,-70.11426
5344,False,-24.3236,-25.3536,-26.204966,-30.21654,-30.517677,-33.120667,-37.719704,-41.749954,-39.479683,-38.38589,-38.933662,-43.24424,-40.9937,-41.634754,-45.16399,-46.034195,-46.969643,-45.856155,-48.029293,-50.4728,-51.020454,-50.889,-51.49608,-54.069695,-56.570496,-57.266823,-58.52823,-59.149864,-63.74286,-66.39717,-68.51798,-69.32387
5376,False,-26.838095,-25.909224,-29.7016,-29.07619,-30.77792,-31.704655,-34.922493,-33.84677,-33.686573,-40.99629,-40.45635,-40.825134,-38.979805,-39.36717,-43.11808,-42.98375,-47.909527,-45.58706,-47.589817,-52.075493,-52.213013,-53.12069,-52.18691,-54.13912,-57.194275,-59.952995,-61.732315,-62.11308,-63.804283,-65.37167,-68.618614,-69.707855
5408,False,-28.124731,-25.666105,-26.097343,-27.872704,-29.415464,-31.859581,-34.21248,-38.630848,-39.078655,-41.818916,-42.658672,-38.911167,-37.95278,-44.23477,-45.174324,-45.091278,-43.575,-48.311695,-50.234722,-51.25216,-50.649036,-49.165436,-52.507557,-53.78514,-56.54632,-58.218098,-58.824905,-59.686363,-63.10318,-66.55376,-67.824615,-69.66659
5440,False,-24.012997,-23.362417,-27.671309,-30.629456,-31.925877,-32.67202,-36.112507,-39.448708,-37.563446,-37.256348,-39.543457,-39.8964,-40.58254,-45.883068,-46.251293,-45.934963,-46.64865,-48.17259,-47.267593,-51.645668,-48.272736,-51.217274,-53.81832,-55.71276,-56.010147,-59.84405,-59.8836,-59.24797,-64.1161,-66.28378,-68.70121,-70.03671
5472,False,-25.637304,-24.668036,-27.232409,-31.001884,-32.69485,-30.849398,-37.393097,-41.204624,-41.297344,-37.418198,-44.315384,-41.170555,-43.35362,-43.431007,-42.23831,-44.163483,-46.464653,-52.499332,-48.369637,-50.308197,-52.17928,-50.49997,-52.62229,-53.912834,-56.3904,-56.29131,-58.810524,-58.872627,-62.92589,-65.84439,-68.57379,-70.00949
5504,False,-27.597855,-25.474724,-22.786665,-27.934635,-33.97101,-33.607185,-35.46022,-37.39842,-39.236645,-40.944077,-41.747513,-39.459866,-44.07374,-40.896133,-43.256344,-45.456535,-46.40476,-48.119358,-52.628674,-52.273605,-53.16379,-50.053886,-52.20158,-53.611485,-55.732635,-58.607594,-58.254585,-58.071056,-64.15259,-66.62688,-67.62651,-69.74694
5536,False,-25.43546,-28.76504,-29.015003,-29.501663,-26.296322,-27.735191,-30.013515,-24.564476,-28.029575,-35.987827,-29.694998,-27.918184,-26.268616,-30.18691,-31.213608,-27.80246,-31.375315,-35.97704,-41.95262,-45.86279,-43.40547,-44.617584,-43.42184,-50.593933,-52.177143,-53.077698,-54.604416,-55.83764,-54.130627,-55.49045,-58.209167,-60.00756
5568,False,-29.649422,-30.189949,-27.86062,-28.256393,-29.366262,-25.031181,-31.49027,-31.038237,-33.4833,-37.794506,-37.472374,-36.65277,-33.053886,-36.86799,-40.521385,-35.413876,-40.91462,-45.40603,-46.255173,-49.006485,-49.314873,-49.857807,-52.683502,-55.167465,-55.540215,-56.095753,-57.062572,-59.301373,-61.93659,-64.61757,-66.26084,-68.53469
5600,False,-30.574732,-29.92469,-24.02901,-24.584723,-32.744606,-31.29489,-39.13678,-36.59971,-36.973732,-37.85601,-36.439102,-39.272923,-39.382698,-37.700134,-42.892345,-41.711166,-42.279892,-49.42404,-48.907814,-50.87876,-49.30229,-50.153748,-52.51407,-55.02211,-55.16494,-56.91156,-58.53337,-61.405834,-62.527267,-65.7701,-67.98542,-70.69955
5632,False,-25.7139,-26.89168,-20.131622,-25.779085,-29.162449,-32.878983,-36.35885,-34.387093,-37.55584,-43.072693,-39.596718,-39.184868,-40.835625,-41.805935,-43.854942,-44.088993,-45.622147,-46.593582,-47.05403,-49.488,-51.032196,-50.75258,-52.285313,-55.407173,-55.532616,-57.789417,-60.031643,-60.19611,-63.975227,-65.90527,-68.42175,-69.16223
5664,False,-22.15001,-24.518707,-28.03426,-29.220272,-32.251743,-32.21537,-34.337418,-37.65142,-36.768486,-42.77844,-42.2808,-37.482876,-40.398537,-42.65049,-41.501495,-43.847424,-45.373474,-45.433487,-50.501305,-54.14766,-50.15389,-52.100273,-53.75447,-54.636124,-55.91986,-57.875275,-57.319622,-58.38037,-64.18351,-66.15889,-67.82465,-70.309494
5696,False,-24.376097,-25.581915,-24.858274,-30.345722,-31.384056,-34.001507,-37.143867,-37.27897,-33.887753,-41.29446,-44.61856,-44.20389,-43.51722,-42.036156,-42.19651,-47.2091,-46.14364,-48.784286,-47.049706,-50.240578,-49.260307,-49.478764,-52.28081,-53.79915,-56.744427,-58.555275,-58.609444,-57.818092,-63.149075,-66.21369,-67.0161,-69.842865
5728,False,-25.318607,-25.436964,-27.07012,-27.291378,-32.451473,-32.305573,-34.741207,-35.95419,-35.209087,-36.784035,-39.114582,-43.99193,-39.4997,-44.44483,-42.343975,-42.325348,-45.309204,-46.3751,-49.070763,-48.20346,-49.502785,-50.083694,-51.308445,-53.267418,-55.238117,-56.454014,-58.9217,-58.216152,-62.978973,-65.19847,-67.591965,-68.85535
5760,False,-29.787512,-26.71005,-28.409248,-30.366062,-36.048386,-34.270294,-35.005695,-37.636456,-35.37301,-41.651783,-40.45514,-39.206806,-39.683605,-42.153557,-43.241257,-45.456356,-45.683823,-47.217278,-50.675392,-51.444664,-51.40429,-48.894012,-52.641453,-54.000225,-55.439896,-58.422222,-59.186386,-59.098328,-64.36198,-65.47067,-67.08386,-70.049835
5792,False,-27.009258,-30.061783,-26.338045,-29.156305,-33.021667,-31.834583,-34.341843,-36.650394,-35.610966,-39.751213,-43.381874,-38.040874,-39.193436,-40.566124,-40.67676,-43.839092,-44.708443,-47.59861,-48.226772,-51.7786,-51.80941,-50.894085,-53.46344,-53.458523,-54.949497,-58.71555,-60.220142,-60.55418,-63.115788,-66.851234,-66.66112,-69.63944
5824,False,-28.351957,-28.140312,-27.290382,-29.698257,-34.838947,-32.948105,-37.486763,-39.29647,-37.949974,-41.745296,-40.48733,-38.341465,-40.46082,-44.672295,-47.19027,-46.80149,-48.520645,-47.52464,-48.135334,-50.258553,-49.655807,-50.12733,-53.276604,-53.75145,-54.819225,-57.471767,-59.719902,-61.03172,-62.978268,-65.80392,-67.37195,-70.59278
5856,False,-23.60704,-29.528412,-27.085678,-29.483131,-31.267061,-26.760918,-33.87636,-35.89527,-34.736816,-43.044624,-39.336052,-37.433704,-40.220108,-42.560684,-41.23456,-43.852554,-45.741276,-48.740837,-49.900967,-50.367172,-48.228134,-48.512016,-52.912468,-54.50663,-56.046124,-57.146496,-58.65937,-59.662582,-63.41311,-66.31723,-67.92686,-69.5316
5888,False,-25.775478,-26.90691,-26.821815,-31.521856,-29.189426,-32.45984,-36.678856,-37.51804,-35.071686,-39.20576,-41.186657,-39.89426,-43.11081,-43.419518,-43.427334,-44.70982,-44.82767,-48.826637,-47.734066,-50.335545,-50.911793,-50.74921,-53.84697,-54.628647,-55.2976,-56.553913,-58.229057,-59.528664,-62.316925,-65.70199,-69.68735,-70.74927
5920,False,-26.709719,-27.895325,-28.114576,-29.741991,-34.88311,-35.594856,-38.32774,-38.10942,-36.44149,-41.148438,-39.59126,-39.993763,-39.84736,-42.79571,-42.129196,-44.273964,-45.8568,-44.125435,-46.435776,-49.579998,-52.316757,-48.63831,-51.53448,-54.70497,-56.216957,-56.31839,-59.63484,-59.645065,-63.737152,-66.22169,-68.54249,-69.83892
5952,False,-27.745644,-28.650108,-26.496256,-31.400347,-36.225113,-32.11735,-34.314972,-37.087482,-38.117645,-39.330116,-43.96748,-39.526295,-39.921974,-41.12618,-43.637062,-46.56885,-45.890064,-47.007526,-47.916378,-50.95366,-52.456055,-50.794548,-52.573074,-53.605232,-55.597137,-58.64013,-59.122776,-60.341496,-64.67473,-65.119125,-68.05604,-69.920044
5984,False,-31.362764,-26.69484,-24.228436,-28.305374,-29.459846,-33.576405,-35.925148,-36.76633,-35.06936,-36.063145,-42.15748,-41.659325,-38.61337,-41.883335,-45.035343,-43.589977,-44.758232,-48.805984,-48.082237,-49.613186,-52.45451,-50.30932,-51.253437,-57.057743,-54.562073,-55.663143,-59.8999,-60.28292,-63.523216,-66.40468,-69.49313,-69.887344
6016,False,-26.128805,-26.177113,-27.747303,-31.289309,-34.322468,-36.109688,-35.560104,-35.571552,-35.259037,-39.719772,-40.941307,-38.196312,-43.72515,-45.937138,-47.80128,-45.464252,-46.114067,-47.105602,-48.579414,-50.096825,-50.538887,-52.41593,-54.289383,-55.31725,-57.360855,-56.999023,-59.172615,-60.766026,-63.28901,-66.12065,-68.600655,-69.52569
6048,False,-24.75903,-24.133255,-24.61527,-29.41888,-32.419933,-35.107315,-37.0504,-34.989456,-36.032127,-36.4152,-43.621025,-39.65717,-42.919685,-44.55525,-44.993286,-46.02363,-47.163082,-46.683155,-49.548153,-49.17289,-49.711338,-49.32695,-52.56398,-53.540264,-55.15675,-55.56442,-57.313847,-58.088966,-62.87031,-65.85804,-68.059494,-68.51072
6080,False,-24.482021,-26.768686,-28.08446,-24.705166,-27.636688,-25.995066,-24.823359,-23.137066,-28.027475,-32.168785,-29.288864,-23.977585,-24.189413,-22.601997,-23.435333,-19.960972,-22.002028,-25.55953,-31.028059,-37.20532,-31.128834,-30.172636,-29.605255,-31.496677,-28.355825,-26.994118,-30.096,-24.796286,-18.884981,-20.042622,-24.318552,-25.24183
6112,False,-27.281668,-27.528856,-28.075314,-25.719154,-28.027782,-24.935173,-30.010517,-26.485374,-31.260015,-37.738,-32.27158,-32.456387,-31.225483,-27.362413,-29.90323,-27.217371,-32.325485,-35.42883,-33.945164,-38.964935,-36.867783,-33.97222,-37.528343,-38.54369,-36.47715,-33.530678,-36.01899,-33.508,-28.278475,-29.695053,-33.799053,-36.565125
6144,False,-26.055214,-21.800835,-24.014444,-27.49741,-31.480927,-27.76559,-34.21668,-31.73795,-33.834446,-38.02895,-35.93386,-36.703163,-36.209534,-32.141357,-36.334743,-37.85163,-39.850517,-42.84309,-41.645195,-46.172066,-44.386276,-42.862568,-46.571793,-45.9468,-44.894394,-39.33888,-41.012207,-42.536335,-37.31143,-38.42441,-45.517776,-46.917526
6176,False,-27.742825,-30.7203,-28.961601,-28.911007,-31.148146,-35.305195,-37.849888,-37.04301,-37.2979,-41.845608,-41.340736,-39.64024,-40.26803,-37.549942,-39.36476,-40.7641,-41.441647,-45.442673,-46.600296,-49.360176,-46.653664,-43.912773,-47.274364,-46.942905,-47.93553,-43.685093,-44.43241,-44.03894,-40.12349,-41.839287,-49.410206,-51.376175
6208,False,-24.745209,-24.985716,-25.842674,-28.06097,-31.7328,-35.07184,-41.84673,-36.763645,-34.46788,-36.573685,-41.43519,-40.439835,-42.53365,-42.40835,-43.030666,-41.10888,-42.38433,-45.90226,-43.601143,-48.963432,-45.97606,-48.0707,-51.273808,-51.002464,-50.771442,-47.422523,-47.945553,-48.487907,-46.621326,-46.980247,-54.330193,-56.680065
6240,False,-29.329258,-28.652935,-24.909023,-25.745186,-34.541775,-34.24684,-35.138718,-40.570587,-40.005432,-40.122986,-39.818226,-40.773624,-41.417564,-39.97925,-42.054768,-44.66722,-43.89077,-46.267326,-46.3338,-48.86206,-51.34088,-49.29444,-50.773926,-53.11698,-52.293167,-51.8564,-52.243954,-51.203274,-49.831013,-52.67809,-59.195477,-61.03693
6272,False,-26.917786,-25.289963,-26.202307,-30.242687,-27.637556,-30.753366,-37.845787,-39.7217,-36.854862,-38.325294,-39.856792,-40.048546,-41.956993,-44.48462,-44.19115,-41.259354,-42.98777,-46.363007,-45.92337,-48.060364,-51.538414,-46.69626,-50.621372,-51.412933,-53.338158,-54.285294,-54.42814,-55.557472,-52.14308,-54.418545,-60.947414,-63.62642
6304,False,-25.298347,-30.396614,-27.11998,-31.395454,-31.82779,-34.656086,-38.337128,-36.49108,-32.87428,-39.001522,-41.678604,-42.2661,-41.455437,-43.681202,-43.640446,-45.739502,-46.818214,-45.698322,-46.584976,-52.477837,-51.225655,-50.820236,-52.17769,-52.32866,-53.881054,-56.492687,-56.79168,-56.67655,-57.323387,-58.866802,-65.07245,-67.372665
6336,False,-26.970959,-28.023893,-27.517414,-32.188522,-34.26894,-29.754011,-33.231895,-36.644333,-37.375443,-41.791954,-42.57364,-43.029846,-41.019096,-42.69159,-46.019558,-45.795517,-46.3295,-48.736176,-46.18257,-49.76156,-52.094532,-50.208992,-52.026325,-54.64604,-57.543407,-56.74677,-56.73187,-57.57168,-60.338814,-61.638496,-66.03075,-69.21174
6368,False,-25.753155,-27.319847,-28.546553,-29.955921,-29.262611,-31.979008,-35.650047,-37.33626,-36.885864,-40.815422,-38.68415,-40.412426,-38.152824,-42.040413,-43.212616,-46.899223,-45.75365,-45.29158,-46.976784,-49.853558,-51.222626,-51.301437,-52.905884,-54.290894,-56.36297,-55.77061,-59.064808,-60.693455,-62.152954,-64.45613,-66.897934,-68.601425
6400,False,-27.933922,-27.448254,-28.13236,-32.324863,-37.58302,-34.29292,-38.90431,-38.051582,-35.708885,-40.2089,-41.015785,-41.05966,-40.06487,-43.936787,-46.27616,-48.12231,-46.254616,-47.535854,-50.28071,-51.01069,-50.09371,-50.601925,-52.657394,-53.460434,-55.197414,-56.23365,-58.005375,-59.15373,-62.95951,-65.3432,-67.97628,-69.41024
6432,False,-27.478264,-31.783678,-30.265232,-31.36866,-29.840885,-30.220253,-36.723915,-34.390823,-38.33924,-38.804478,-44.06794,-40.240036,-41.24372,-45.02057,-45.446114,-47.29635,-47.727467,-48.632378,-48.82991,-48.829315,-49.71542,-51.023403,-53.60932,-55.115723,-56.033035,-57.21502,-59.332092,-60.461956,-64.27617,-65.72839,-66.0776,-68.407104
6464,False,-26.309683,-34.382893,-30.565903,-31.552414,-31.18163,-31.767387,-37.109394,-37.57124,-37.51329,-40.99681,-45.17782,-38.930447,-39.681396,-42.294044,-44.90093,-45.726013,-46.37228,-45.59113,-47.19384,-50.510273,-50.98797,-51.56501,-52.051064,-55.27775,-55.538483,-55.670162,-60.55067,-58.93829,-62.659016,-66.579155,-69.81404,-71.74044
6496,False,-24.993832,-27.058428,-26.408022,-30.253307,-30.394714,-31.41312,-34.681976,-37.469944,-37.572254,-39.547287,-37.807472,-38.83417,-43.404327,-43.74388,-45.260048,-44.913437,-42.871025,-48.149185,-46.260914,-51.502415,-50.59032,-52.143013,-53.81128,-53.445587,-54.48229,-56.948814,-59.088573,-60.00865,-62.127895,-65.47036,-69.55404,-69.58182
6528,False,-25.216404,-24.89522,-24.454239,-29.64651,-32.748775,-36.018993,-34.939304,-34.98442,-35.945274,-41.88955,-42.8091,-40.634407,-41.232536,-44.90685,-43.215675,-44.472446,-41.961716,-46.80316,-50.127533,-50.37372,-50.476246,-50.93775,-53.074753,-52.863777,-53.44751,-56.97153,-58.178905,-59.683395,-64.049255,-65.53548,-67.103485,-68.94759
6560,False,-27.93581,-25.368492,-29.252665,-31.635967,-32.76115,-29.684761,-34.9362,-36.913605,-39.908802,-38.7336,-41.392498,-37.84025,-41.590492,-45.2261,-45.157417,-44.67394,-47.981735,-45.79132,-51.22045,-51.21326,-50.66217,-50.274452,-53.61995,-53.0619,-56.316498,-56.950195,-58.61134,-60.883644,-65.76699,-66.28281,-67.16467,-69.42994
6592,False,-22.0665,-23.008408,-30.144596,-34.330612,-31.958578,-30.451334,-36.219738,-38.836945,-33.81632,-42.8429,-40.911785,-38.3833,-39.704926,-45.07509,-42.05824,-48.36899,-45.976986,-46.394497,-48.184513,-50.591583,-52.182922,-52.909424,-54.916386,-55.708115,-54.457237,-56.661438,-58.935543,-60.527912,-64.252365,-64.98785,-68.11438,-68.9029
6624,False,-26.053923,-23.88629,-28.896837,-31.35149,-30.27092,-31.366356,-31.212702,-26.799738,-29.40079,-39.49626,-33.0377,-30.154243,-29.412476,-32.9002,-33.019733,-30.277992,-32.669346,-37.079422,-42.543034,-46.560272,-46.295967,-47.02127,-46.460014,-50.08969,-53.906967,-55.260918,-55.39429,-57.167,-53.94587,-56.452213,-59.734375,-63.622772
6656,False,-23.238056,-22.867912,-23.802639,-26.856363,-27.943676,-28.1687,-32.933117,-28.90844,-32.98948,-37.59368,-32.467644,-33.897827,-32.783283,-30.37703,-35.60919,-31.576616,-39.242634,-42.96605,-41.64733,-47.195305,-48.36781,-48.49923,-49.09024,-51.948357,-55.107693,-54.726025,-56.30411,-56.78021,-56.259785,-59.795284,-63.97873,-66.55591
6688,False,-25.954834,-24.783901,-26.468067,-29.773695,-29.976685,-28.902824,-36.19493,-36.346195,-36.283092,-37.54437,-38.563904,-39.03076,-37.994873,-36.95574,-41.483288,-40.86277,-44.169506,-49.23042,-47.417736,-50.848366,-52.100533,-49.998,-52.719276,-53.020805,-54.715305,-58.203182,-57.823677,-57.460358,-62.495514,-63.94892,-65.618774,-68.167595
6720,False,-26.000845,-24.141853,-28.453514,-28.479809,-29.485977,-34.52124,-38.158237,-35.282246,-34.529808,-39.19083,-43.28989,-42.891014,-38.67235,-40.853104,-45.08555,-45.46437,-44.697876,-46.33339,-46.735718,-50.236774,-50.687237,-48.26433,-52.109417,-52.427994,-53.323654,-54.090515,-57.53467,-59.587753,-62.507977,-65.54656,-67.240036,-69.48304
6752,False,-26.138367,-25.98491,-26.540318,-28.8028,-31.25761,-33.324364,-38.076572,-37.392506,-38.21671,-38.16279,-40.178535,-42.70907,-40.267235,-39.011677,-42.667965,-44.138252,-45.169228,-46.554176,-50.435524,-51.131187,-49.0726,-48.611916,-51.65978,-54.41679,-57.828182,-57.831,-57.493435,-60.991974,-63.081642,-64.768036,-66.7104,-68.53359
6784,False,-27.152706,-27.554005,-27.452988,-29.437466,-32.072655,-32.594067,-35.495758,-37.8696,-37.154118,-38.6771,-41.238335,-36.98162,-42.854057,-39.444633,-42.440216,-44.2973,-44.002453,-44.27257,-48.802723,-50.040215,-49.56511,-50.18087,-52.876846,-55.34693,-55.826763,-55.714603,-57.012463,-58.93395,-62.575684,-65.627945,-68.48854,-69.43941
6816,False,-23.736773,-23.036705,-26.714514,-28.766293,-30.15148,-31.78701,-36.408802,-36.441597,-37.13713,-39.95934,-39.891285,-38.222626,-40.238728,-41.023426,-43.578037,-43.568626,-46.335865,-46.125427,-46.62716,-48.758934,-49.89967,-48.7701,-53.02668,-55.703274,-54.776558,-57.324226,-58.70687,-59.086105,-63.116486,-64.67002,-66.8859,-69.594154
6848,False,-24.664373,-26.820328,-30.787914,-30.729877,-30.316305,-31.737232,-37.651443,-39.43752,-37.65226,-38.28053,-40.669815,-40.80398,-40.301506,-41.70183,-44.561573,-44.3598,-46.745995,-48.201923,-47.932716,-49.547867,-48.97501,-50.983257,-52.99199,-54.189133,-56.06506,-58.01799,-59.96097,-60.709137,-64.532684,-66.02103,-67.73581,-69.14494
6880,False,-26.638002,-28.021606,-26.63748,-28.469372,-30.155872,-32.787544,-40.18032,-36.938046,-36.25161,-39.64328,-41.145172,-38.730984,-40.5002,-42.52629,-44.560085,-44.50354,-45.68102,-48.97051,-47.77594,-50.482746,-52.74412,-51.403698,-52.127155,-55.271206,-57.09156,-57.032326,-58.58784,-60.976315,-63.66974,-65.79925,-67.62785,-70.05351
6912,False,-25.716911,-27.40459,-25.737663,-26.899616,-34.682983,-31.584787,-37.640385,-37.12941,-38.28428,-45.283546,-44.49328,-40.59742,-39.541145,-41.661697,-46.13754,-46.25997,-45.43076,-47.991302,-48.887253,-48.020077,-51.58523,-52.19586,-52.925533,-53.737732,-54.327972,-58.130188,-59.742134,-60.589935,-62.52846,-64.90896,-68.75441,-71.00974
6944,False,-23.891943,-24.368818,-28.535547,-32.086708,-38.112022,-33.31353,-33.43505,-37.396637,-38.597546,-41.93275,-40.566704,-40.07641,-42.959656,-44.214977,-45.71375,-47.274055,-47.814087,-49.3676,-50.183784,-51.93084,-51.62529,-53.93071,-52.019535,-54.85244,-57.571415,-57.72824,-58.150444,-59.9099,-62.59648,-66.29876,-68.40562,-71.399
6976,False,-25.248436,-28.439323,-31.551846,-29.120855,-32.03405,-31.688744,-36.443867,-35.455505,-36.51467,-37.850746,-43.41916,-40.693825,-41.36525,-41.89177,-43.04689,-46.489502,-48.25766,-49.284767,-47.990883,-52.13018,-49.68277,-49.31574,-52.851315,-56.68222,-55.511513,-58.46656,-58.089825,-61.128746,-63.421165,-65.47792,-68.350235,-70.691734
7008,False,-28.803034,-32.253796,-32.290993,-34.912964,-30.418167,-31.071064,-33.9566,-37.3443,-41.134743,-41.661114,-42.569183,-40.667744,-41.883167,-43.83244,-43.52302,-46.5704,-47.764874,-49.438683,-47.78481,-52.294052,-52.915516,-49.878555,-51.90905,-53.136208,-55.789062,-58.37419,-59.57702,-62.598934,-64.923485,-66.74009,-70.3676,-70.20662
7040,False,-27.12136,-23.788723,-26.352156,-33.328545,-33.6665,-35.282673,-35.932056,-36.936954,-36.10496,-39.902866,-40.50951,-42.80067,-43.07671,-43.07886,-43.642765,-45.87704,-45.26936,-47.50002,-46.4888,-48.111805,-50.845715,-50.684658,-51.39284,-53.99386,-52.545006,-55.65781,-58.444294,-59.510212,-64.50946,-66.50938,-69.58283,-70.56468
7072,False,-24.61824,-26.807827,-24.808811,-28.740465,-33.96629,-34.25756,-34.369217,-38.994423,-37.700787,-39.24475,-43.925613,-43.301193,-41.095108,-42.17329,-44.381733,-43.388405,-46.001205,-44.840527,-47.577034,-51.02298,-51.261864,-49.365826,-52.101425,-56.261868,-57.814808,-58.533165,-58.76137,-58.876938,-63.85595,-68.09867,-68.47315,-70.788704
7104,False,-28.095028,-26.353642,-27.202108,-30.470943,-37.49859,-31.60682,-37.21654,-37.53323,-39.788322,-42.004776,-42.199368,-41.610226,-42.399147,-43.212322,-46.7667,-48.930973,-45.892048,-47.50957,-49.247128,-50.82479,-50.927902,-49.863186,-52.51612,-55.330788,-53.94411,-57.854454,-59.054928,-58.25876,-64.33219,-65.713745,-68.75381,-70.54506
7136,False,-25.28053,-29.6994,-27.387817,-30.219639,-29.076412,-32.199974,-38.46097,-40.668446,-37.022453,-38.18089,-43.30791,-40.416344,-41.77631,-44.235176,-46.88346,-45.186237,-45.48901,-49.260445,-48.429924,-49.93627,-48.38602,-49.08677,-52.041344,-53.89099,-55.64455,-59.10002,-59.62345,-59.72872,-63.01951,-66.13254,-67.58477,-69.32761
7168,False,-27.975138,-24.009645,-25.503239,-26.534414,-28.601025,-32.354713,-27.36313,-23.462978,-29.210203,-34.92307,-28.163006,-24.497868,-23.52951,-22.39449,-23.074448,-19.63235,-22.005404,-25.147703,-30.963697,-36.784847,-30.685448,-29.52739,-28.644047,-31.169525,-27.873278,-26.329918,-29.604652,-25.718193,-18.68089,-19.668297,-23.913853,-26.4673
7200,False,-22.622276,-28.057102,-28.978916,-25.715635,-27.113945,-25.49777,-32.58906,-27.613392,-32.854225,-35.390697,-31.506128,-30.981483,-29.32615,-28.3596,-31.541346,-27.767342,-32.146904,-36.29392,-35.298656,-39.8576,-37.733887,-34.628567,-37.991272,-39.192436,-37.051224,-33.74024,-36.133217,-34.27764,-29.21707,-30.73249,-34.484543,-37.91337
7232,False,-26.093826,-27.440067,-22.900124,-25.762747,-29.006998,-30.935137,-40.74335,-31.555698,-33.38055,-36.401077,-34.599667,-34.104343,-34.037216,-33.897125,-37.3585,-37.562737,-39.431896,-42.09566,-41.285553,-47.277836,-45.125114,-41.223236,-45.25631,-46.05607,-44.6748,-39.86114,-40.885124,-42.861557,-37.396908,-38.78142,-45.037437,-47.389294
7264,False,-23.931084,-25.407623,-26.689835,-29.487104,-31.330196,-34.945435,-34.832542,-33.56742,-35.470207,-39.005608,-41.21763,-40.829273,-38.192745,-40.984863,-43.311676,-39.411823,-40.586147,-44.645058,-45.387444,-47.293774,-47.625195,-42.941914,-47.486816,-49.057793,-47.689632,-43.75374,-44.087234,-44.505318,-40.493122,-42.397133,-48.959923,-50.116924
7296,False,-25.31218,-21.164303,-24.291615,-29.761097,-29.993479,-31.729553,-37.942528,-38.947304,-38.04732,-39.50582,-41.961357,-40.264927,-39.804893,-42.755974,-46.00588,-43.864285,-46.694912,-44.720768,-43.735237,-50.114216,-47.187504,-44.80661,-49.4657,-51.14411,-50.79847,-46.667747,-46.533817,-48.00329,-46.719643,-46.87348,-53.66405,-55.983677
7328,False,-28.97414,-28.609936,-26.381062,-31.25369,-31.1101,-31.438084,-32.92127,-39.897274,-39.670414,-39.50527,-36.952328,-40.108932,-40.949814,-46.41668,-42.97586,-44.71905,-45.59267,-47.44453,-50.039368,-47.997517,-49.005753,-48.946346,-51.543484,-54.07354,-55.282345,-54.1711,-53.07743,-50.56221,-49.481544,-53.155674,-58.701286,-60.866463
7360,False,-23.397793,-23.226841,-26.417324,-27.056202,-32.29286,-35.92911,-36.12312,-35.43419,-35.37146,-38.68139,-42.153725,-42.40711,-41.168556,-45.906185,-43.36285,-42.818893,-46.197426,-47.07702,-46.821335,-50.533527,-50.11324,-49.40565,-51.25615,-52.76266,-54.499344,-54.01668,-54.672203,-56.021164,-52.113853,-54.613632,-61.635876,-64.07586
7392,False,-25.670937,-24.602097,-26.745144,-31.798506,-32.26635,-31.001894,-33.896324,-35.475643,-34.20797,-38.28532,-40.345055,-40.371574,-40.661415,-45.11592,-43.3238,-42.917843,-44.62136,-45.479168,-47.679806,-50.919205,-50.31521,-51.031704,-50.459858,-51.223015,-53.587093,-56.18936,-57.616447,-57.504715,-57.207893,-58.89538,-63.3857,-66.9761
7424,False,-29.644554,-26.43922,-28.785473,-27.83667,-30.266537,-32.458344,-36.242767,-40.185974,-36.930943,-41.932182,-40.488857,-37.51572,-40.08722,-42.908684,-43.754887,-46.667236,-48.033623,-45.179234,-47.769245,-49.692207,-50.34519,-50.87509,-52.312386,-54.771843,-55.87287,-55.87697,-57.68615,-60.68069,-59.611076,-63.893017,-68.32736,-69.73905
7456,False,-26.353798,-26.1265,-22.846954,-28.409788,-32.83468,-31.712643,-38.208767,-39.164864,-39.385803,-41.08889,-41.99064,-38.222374,-39.655285,-43.667587,-40.15973,-47.263454,-46.28199,-46.522545,-48.927315,-52.681316,-51.286816,-51.00286,-52.75966,-54.055347,-54.158417,-55.84542,-58.146687,-60.272415,-62.881805,-64.97122,-67.842415,-69.406334
7488,False,-25.17872,-24.25101,-25.05857,-31.615913,-31.653784,-31.386316,-37.451992,-37.225975,-35.19614,-39.811153,-45.409958,-43.793915,-43.859997,-42.926975,-44.1663,-41.42325,-44.69324,-50.25249,-49.053085,-50.353893,-51.51983,-51.787834,-54.00435,-54.56421,-55.406853,-56.257874,-58.630974,-60.054966,-62.7857,-63.735558,-67.24656,-70.419815
7520,False,-25.975574,-27.827356,-32.453476,-33.24565,-30.42696,-31.559973,-35.09929,-33.27639,-36.29453,-42.714188,-44.424103,-39.720604,-42.7257,-42.556694,-43.469734,-44.738953,-47.164726,-46.74752,-46.36387,-50.62962,-49.911007,-51.021294,-53.205128,-54.815437,-54.582256,-57.105984,-59.376595,-59.94205,-63.78164,-65.92866,-69.35611,-70.83199
7552,False,-23.31396,-23.37849,-26.533867,-27.68924,-28.93299,-28.735664,-34.007835,-39.716587,-40.975,-38.692547,-40.06899,-42.56577,-42.603416,-43.721054,-45.53503,-43.07537,-45.885815,-44.82262,-47.33973,-48.964462,-51.864582,-49.975285,-52.645374,-54.565052,-55.599518,-58.80384,-58.486046,-61.078754,-63.81076,-67.08487,-68.75527,-69.32639
7584,False,-23.145426,-26.336857,-25.098316,-27.993937,-33.725857,-33.973347,-35.310005,-35.683086,-33.763054,-38.621376,-43.540493,-39.745384,-41.40815,-41.48069,-41.33513,-42.98751,-45.962875,-48.609776,-49.501606,-52.313988,-50.7163,-50.32116,-53.71847,-52.37001,-54.57397,-57.161083,-61.676334,-60.707603,-63.900757,-66.47761,-68.646645,-69.97817
7616,False,-21.743689,-26.836128,-28.663492,-33.012684,-35.75333,-32.547985,-38.021137,-36.77838,-37.53127,-42.867924,-40.284782,-41.62451,-42.117123,-43.882862,-45.87422,-46.624878,-45.220913,-48.270493,-50.138306,-50.755913,-52.81633,-51.388565,-53.824116,-53.608326,-55.04193,-56.31025,-58.02813,-59.623894,-64.458885,-65.26316,-68.629074,-70.46942
7648,False,-24.499695,-23.974243,-25.474617,-33.026077,-34.96074,-33.25984,-35.84267,-39.853928,-36.591312,-37.809235,-38.03555,-40.095665,-42.768448,-43.649403,-44.142876,-45.75659,-46.64198,-46.5974,-47.834267,-54.742416,-52.318348,-51.329025,-52.870747,-55.600143,-57.598553,-58.504364,-58.3046,-59.503056,-63.27534,-66.15839,-67.8425,-68.77026
7680,False,-24.21933,-26.46719,-28.15937,-31.294239,-32.036964,-32.55676,-30.875013,-36.44642,-37.37518,-39.912933,-40.063957,-40.89266,-40.782986,-39.89708,-45.229347,-45.99615,-47.963543,-47.573753,-46.151966,-50.104248,-53.388004,-51.735252,-53.630608,-55.105736,-57.144703,-57.397648,-58.371845,-58.976448,-64.218056,-66.30467,-67.53721,-69.70635
7712,False,-26.025486,-26.85745,-28.552189,-30.394201,-29.582684,-31.744127,-29.900265,-26.71828,-30.566656,-35.85802,-32.890324,-30.329548,-28.26323,-32.722813,-32.79471,-30.76728,-33.15729,-38.19702,-42.12657,-48.032135,-44.870876,-46.72763,-46.05057,-51.264862,-53.066933,-55.999794,-56.888508,-59.85237,-53.93248,-56.44426,-60.391426,-63.292915
7744,False,-27.080044,-29.214184,-29.016037,-26.882015,-30.069035,-27.594093,-33.07402,-26.41019,-31.82091,-36.810986,-31.636105,-33.05519,-34.223248,-32.500454,-36.64943,-32.576912,-38.07503,-44.455917,-43.92866,-47.535393,-46.72419,-47.79593,-48.905293,-52.61555,-54.37851,-57.208214,-56.950756,-58.888435,-55.620743,-60.07164,-64.62432,-66.01405
7776,False,-24.15145,-19.624443,-25.76991,-27.05159,-33.20316,-29.536448,-36.40782,-32.93611,-37.317295,-39.035362,-37.134125,-36.042023,-38.347664,-36.405724,-40.885387,-42.338684,-44.3489,-45.926865,-46.578896,-49.03162,-50.735283,-49.026188,-51.539455,-53.864067,-55.842796,-57.70649,-59.29546,-59.75884,-62.779423,-65.08824,-67.73071,-70.85036
7808,False,-27.269337,-28.530294,-31.10345,-29.539024,-31.448868,-32.9989,-32.086594,-37.2312,-40.785706,-41.190445,-38.93439,-39.607254,-41.527542,-40.078705,-43.362484,-43.452244,-43.403324,-46.105057,-46.642536,-51.183205,-51.15908,-52.111683,-52.867714,-55.174377,-56.198837,-58.600075,-58.492897,-58.6377,-63.062912,-66.43325,-69.82125,-70.39403
7840,False,-22.13129,-22.137415,-26.71158,-29.823465,-32.660618,-33.52014,-35.776955,-37.21965,-36.20408,-39.977943,-43.06696,-40.714462,-39.625168,-40.81008,-43.605293,-44.133816,-45.210762,-48.05546,-49.583263,-50.1228,-51.241055,-52.115955,-54.10345,-54.814423,-55.93945,-57.143677,-58.60472,-60.029495,-64.12031,-66.101364,-68.343285,-70.44789
7872,False,-25.366688,-26.128214,-26.237984,-31.283796,-30.87324,-33.373066,-35.48886,-40.27557,-37.12922,-43.25384,-43.39703,-45.53392,-43.33975,-43.802013,-43.341747,-45.351063,-44.94722,-47.300224,-51.590023,-51.92573,-51.740448,-49.782864,-52.588276,-54.058727,-55.338562,-57.25289,-59.976727,-62.30989,-64.19326,-66.03478,-69.14265,-69.88295
7904,False,-24.121063,-28.501013,-26.596594,-29.771046,-28.741516,-32.542538,-34.162216,-34.77336,-33.87445,-38.965446,-44.560387,-46.87716,-43.147625,-44.993397,-43.94465,-45.135178,-48.208397,-46.025856,-49.490467,-49.203297,-50.01117,-50.20829,-52.86743,-53.90404,-54.921837,-59.3834,-61.123928,-61.195545,-65.886696,-68.155975,-69.67566,-71.70596
7936,False,-29.716751,-28.172295,-30.647053,-31.143898,-31.788445,-36.379692,-36.059998,-37.469322,-36.922462,-40.82939,-43.475628,-42.416977,-44.047054,-43.23505,-45.417404,-47.83271,-45.846897,-46.840004,-50.747013,-52.202526,-51.282734,-51.602726,-53.175858,-54.40546,-55.970695,-58.940163,-60.720383,-60.639465,-64.07088,-65.9378,-69.21721,-70.00655
7968,False,-24.306595,-24.94292,-27.95356,-28.46637,-34.12933,-31.813564,-38.75235,-38.88832,-36.723076,-40.658768,-44.424786,-39.26197,-38.840145,-40.44849,-43.05071,-47.391495,-47.333035,-47.50403,-49.246483,-49.09689,-49.719696,-50.14039,-52.131504,-54.117313,-54.039757,-57.10801,-58.183838,-60.42873,-63.941216,-67.20119,-69.458115,-68.97728
8000,False,-26.311993,-25.97548,-26.378387,-28.048609,-29.561615,-34.462696,-36.53617,-37.83404,-36.205643,-39.820057,-41.761818,-41.806076,-42.891884,-45.65485,-43.811222,-45.64104,-44.85991,-45.809574,-48.892975,-50.78106,-51.812958,-49.340126,-52.136444,-55.216415,-57.468853,-59.15991,-58.883698,-60.406387,-63.756756,-66.70685,-68.16257,-69.659134
8032,False,-25.7858,-25.504803,-30.47245,-30.855518,-35.285583,-32.038837,-35.06027,-36.569363,-34.93321,-38.97303,-45.536198,-44.964863,-41.827396,-43.60596,-44.69814,-44.229645,-46.823128,-47.171177,-48.603012,-52.20704,-52.522087,-51.872,-53.55835,-54.50398,-56.908066,-57.148888,-57.671642,-59.58265,-62.81561,-64.875626,-67.422806,-70.07551
8064,False,-27.862108,-26.492592,-26.309376,-29.48781,-34.488533,-32.08075,-34.78617,-38.17296,-38.488297,-40.698143,-46.472168,-43.879475,-40.93636,-40.656776,-40.808655,-43.10784,-45.846523,-45.95391,-48.98634,-51.008152,-51.50211,-50.017967,-51.69436,-54.75963,-54.64031,-57.600487,-59.67625,-60.949547,-63.01496,-65.35875,-68.585266,-70.53136
8096,False,-26.097645,-21.850965,-28.147118,-32.549786,-30.819138,-29.57993,-35.202145,-36.483715,-35.98602,-43.219376,-43.387684,-41.382935,-40.372223,-40.23915,-41.78631,-43.93002,-44.450302,-45.27266,-47.999245,-51.120564,-49.63635,-48.106403,-52.365288,-54.071655,-56.60397,-56.859898,-58.667435,-58.4488,-63.894543,-64.118225,-68.14353,-69.221146
8128,False,-24.514313,-25.047,-28.865047,-31.771324,-36.147434,-33.476772,-35.711067,-39.830452,-42.513588,-44.53346,-44.017048,-41.75676,-38.111645,-42.514893,-43.00309,-44.82773,-48.122288,-48.29943,-48.953217,-49.53161,-52.925682,-54.220543,-51.831238,-52.717613,-55.988003,-57.473175,-58.289276,-59.7748,-64.075806,-65.10957,-67.58524,-70.18056
8160,False,-24.84416,-28.289682,-31.033752,-31.216906,-35.166805,-31.057518,-37.814587,-39.659073,-34.73955,-38.083954,-41.20556,-38.617973,-41.03613,-42.919853,-43.42083,-46.890594,-47.242607,-47.799076,-50.852654,-50.91194,-51.546013,-50.57526,-52.104073,-54.2493,-56.56809,-57.156406,-59.444534,-59.72741,-62.403618,-66.20987,-69.022354,-71.050476
8192,False,-22.895372,-26.050797,-25.418318,-28.829634,-34.663532,-32.02113,-38.24502,-38.186253,-36.927876,-38.477043,-40.902306,-41.168842,-42.410492,-40.18474,-40.869213,-44.423897,-45.48765,-46.41719,-49.639862,-50.698082,-51.909008,-51.48878,-52.239605,-56.45755,-56.98089,-56.36033,-60.000023,-58.76036,-62.08541,-64.382286,-67.382614,-69.29429
8224,False,-27.27797,-26.663593,-27.473854,-29.344257,-35.34652,-37.774025,-38.61594,-39.811523,-34.048576,-37.09946,-44.38817,-42.250755,-40.888905,-41.59803,-44.206238,-44.119926,-44.974197,-46.352177,-50.248264,-51.31119,-48.92121,-50.515564,-53.02669,-52.640053,-54.70318,-55.92464,-58.39546,-60.27004,-62.861977,-64.83215,-67.70517,-69.610176
8256,False,-25.140745,-24.04043,-27.115376,-27.667053,-29.264294,-33.065014,-27.742641,-26.158054,-29.51172,-33.98021,-33.610817,-27.173248,-26.641043,-25.943047,-26.3513,-23.269827,-25.224161,-28.864868,-35.14038,-40.961872,-34.84562,-34.56854,-33.59803,-36.343903,-32.379894,-30.858421,-34.613873,-29.221737,-22.481787,-22.961948,-29.901201,-32.059967
8288,False,-23.839094,-27.215605,-26.670504,-21.784096,-30.837921,-26.440056,-27.306171,-24.665327,-29.121021,-33.224335,-29.81239,-28.832405,-28.028135,-24.493868,-27.200117,-24.177702,-28.649614,-30.757235,-31.99511,-36.760017,-32.984528,-30.862427,-33.360172,-34.688328,-31.748402,-28.479616,-33.35971,-30.37237,-22.983799,-24.066956,-29.9312,-32.68554
8320,False,-26.595318,-29.98254,-25.832937,-26.181168,-29.96,-31.169598,-35.588257,-32.17869,-34.428238,-41.759457,-37.732246,-35.428917,-33.063263,-31.552216,-35.699383,-34.744038,-36.754574,-41.69069,-42.640564,-47.00912,-44.16889,-42.1304,-44.66488,-46.03853,-43.576664,-39.640636,-40.69488,-41.173386,-35.979465,-37.05093,-44.747845,-46.437904
8352,False,-27.115995,-30.542995,-29.117983,-30.660301,-31.983627,-30.588882,-36.158382,-36.220634,-33.90781,-39.69198,-42.681343,-41.14014,-37.642754,-39.674156,-42.736458,-38.219116,-41.595,-43.727577,-46.412445,-47.433174,-46.883194,-42.82496,-46.11069,-48.809235,-47.989517,-42.84249,-43.660503,-43.662674,-38.764442,-40.97764,-47.87834,-49.224186
8384,False,-28.607357,-25.670792,-27.226791,-27.88126,-30.011747,-33.456852,-33.870277,-35.59536,-35.9677,-41.513897,-39.138588,-39.42134,-41.11179,-39.557846,-41.517143,-39.228577,-43.525154,-45.712044,-45.42692,-49.324005,-46.10182,-45.46944,-49.36733,-50.751236,-50.114727,-46.94489,-48.09504,-48.586708,-45.41263,-45.927704,-52.505894,-54.699707
8416,False,-26.55798,-27.061682,-28.493803,-32.247482,-31.450253,-30.660002,-36.9294,-35.955116,-34.44877,-38.058323,-37.913597,-37.1515,-41.01304,-40.637436,-44.273735,-45.322624,-43.888878,-44.22659,-46.986767,-50.05443,-48.992104,-48.810383,-50.37439,-51.885246,-51.646263,-51.80372,-53.52062,-50.94342,-47.973526,-50.67321,-58.643703,-60.438896
8448,False,-27.371435,-26.548393,-26.502045,-31.150436,-34.30864,-34.067047,-39.44431,-36.39438,-36.412548,-38.663677,-41.42378,-43.06962,-43.89155,-42.382088,-44.38823,-46.473495,-45.837776,-46.906986,-48.26805,-49.80886,-49.89672,-48.82762,-53.053673,-54.917274,-55.029327,-52.717728,-53.92858,-56.155544,-50.688972,-53.556755,-61.607048,-63.39214
8480,False,-24.541643,-30.408304,-30.423374,-28.063923,-30.38801,-31.992592,-36.769257,-36.418365,-36.680073,-35.92218,-41.688866,-40.03158,-38.875916,-43.485657,-46.73974,-45.21958,-46.33217,-49.1571,-50.985382,-50.26577,-51.792183,-49.267,-51.66256,-54.157253,-55.89997,-57.621597,-58.198135,-58.014397,-57.112648,-58.738026,-63.603348,-66.499054
8512,False,-24.38487,-26.52938,-28.9642,-29.173376,-28.168045,-31.805954,-39.4978,-36.383026,-32.37841,-39.861637,-39.44527,-37.720535,-43.42263,-45.179344,-45.805893,-42.783897,-44.116703,-47.824722,-47.01731,-50.469498,-51.565125,-50.16571,-53.136337,-54.77943,-56.042397,-57.113106,-58.58063,-58.83484,-58.01976,-60.964912,-67.27958,-68.81993
8544,False,-23.891485,-26.849495,-27.288692,-31.544044,-32.555656,-33.067535,-36.13005,-38.60066,-35.11286,-39.03237,-39.037354,-38.81664,-42.66526,-44.644135,-42.813194,-42.4357,-47.06948,-45.574146,-48.566074,-50.18557,-49.855637,-49.338707,-52.617874,-53.574986,-55.190395,-56.42359,-57.193466,-59.324207,-62.3145,-64.17833,-67.15289,-68.24498
8576,False,-25.661247,-27.980976,-26.99047,-28.328888,-32.277092,-30.686962,-31.856165,-38.114944,-37.32519,-38.562008,-42.086697,-40.359154,-40.880375,-43.703598,-45.127605,-46.306553,-44.064377,-44.870335,-49.809803,-50.553303,-51.17104,-51.952797,-54.259384,-53.058533,-55.007435,-57.83986,-58.42007,-59.849186,-62.086506,-64.05528,-66.79132,-69.40741
8608,False,-26.990583,-22.796906,-28.3813,-31.046219,-29.055248,-29.491976,-33.765953,-38.218475,-36.817623,-40.549427,-41.14245,-39.771454,-42.936054,-42.478065,-42.33956,-42.688694,-44.500153,-46.386242,-49.819508,-51.73667,-52.89147,-49.887886,-52.6708,-55.16253,-57.066,-56.349167,-57.689186,-60.937733,-62.152145,-66.495926,-68.22804,-69.18639
8640,False,-22.935463,-23.566492,-27.9379,-28.874104,-34.7408,-32.63718,-37.533092,-39.71487,-37.08268,-38.405155,-39.97534,-37.230434,-45.10391,-40.83317,-42.744144,-44.229652,-46.289845,-48.24476,-51.207806,-48.503845,-49.52468,-51.08877,-54.637398,-53.309475,-55.135025,-57.61194,-59.312786,-60.12986,-63.241924,-67.291695,-68.24594,-70.11873
8672,False,-23.460072,-25.882244,-29.335777,-28.809778,-32.58949,-36.870247,-35.159355,-34.196045,-34.936283,-39.521576,-41.667805,-40.27755,-40.502857,-46.51696,-42.855225,-43.309494,-44.9214,-47.4367,-47.340702,-48.759747,-49.63863,-49.37699,-53.0335,-53.40507,-56.334747,-57.47142,-58.492363,-59.76101,-64.47297,-66.30753,-67.74512,-69.89417
8704,False,-26.47769,-28.529589,-27.54068,-31.226627,-32.7949,-34.48004,-32.961014,-38.048256,-39.503235,-37.972557,-37.391075,-41.69659,-41.486282,-43.514095,-43.30545,-44.276802,-47.713066,-49.805393,-46.2401,-48.164898,-50.6131,-51.625385,-52.625366,-55.025284,-56.10267,-56.77317,-57.99003,-58.31933,-63.360542,-67.1396,-67.70479,-70.25813
8736,False,-26.1141,-25.168592,-26.866522,-27.389256,-37.492607,-36.37744,-36.162495,-36.9615,-36.3063,-43.27301,-40.435886,-38.495403,-39.489555,-43.664917,-43.737953,-44.53409,-47.51483,-47.486076,-49.90689,-50.9586,-51.580933,-51.766403,-51.53322,-54.021564,-54.608017,-57.584415,-59.326073,-58.590668,-60.56408,-63.43023,-68.37984,-70.45037
8768,False,-31.418428,-27.92364,-26.268093,-31.045408,-29.541542,-30.09943,-36.77511,-39.012535,-38.046642,-40.944897,-41.745354,-40.79567,-38.78585,-41.65964,-44.37115,-48.115078,-48.83893,-46.082233,-50.39249,-50.57672,-52.81437,-51.314346,-51.95986,-55.182537,-56.36131,-56.93062,-59.953552,-60.5475,-61.96432,-64.918,-67.25694,-69.952736
8800,False,-27.901926,-25.400394,-26.023254,-28.551397,-28.33253,-29.238796,-32.29716,-27.035292,-32.05923,-37.091366,-32.19847,-29.9845,-28.246717,-32.220528,-32.702038,-29.300661,-32.441635,-38.218533,-41.546024,-47.580864,-45.506584,-46.201492,-44.696518,-50.76153,-53.842934,-55.171547,-55.24498,-57.114616,-54.656998,-56.286552,-63.04206,-63.214554
8832,False,-24.080544,-30.049992,-25.398302,-26.518175,-29.366434,-27.375088,-32.3869,-30.3031,-34.466377,-35.928093,-31.897146,-33.581554,-33.588226,-34.108,-38.48213,-31.71811,-37.969738,-45.116314,-43.72536,-47.684628,-46.60808,-46.43147,-49.491325,-53.156784,-54.129578,-55.335506,-55.555264,-56.889538,-58.910904,-62.384743,-64.56948,-66.898575
8864,False,-25.512009,-27.44977,-29.001616,-33.65721,-31.426565,-28.989777,-35.892673,-34.422184,-36.751656,-42.246365,-40.38547,-37.61357,-37.99832,-38.779453,-40.434784,-40.451412,-43.47512,-47.02243,-46.808628,-49.625286,-49.946598,-47.986626,-53.981613,-54.737057,-54.18192,-55.85318,-58.667202,-58.67136,-61.37024,-64.88102,-66.90799,-69.0025
8896,False,-23.926413,-28.515343,-26.281006,-31.807688,-34.61679,-36.05271,-36.67022,-36.03296,-36.169903,-39.16653,-39.86635,-41.915977,-43.840366,-42.056652,-42.72045,-44.39782,-43.517437,-46.4679,-48.88184,-49.546417,-50.46717,-50.799442,-50.540512,-53.535797,-57.001415,-57.755566,-57.729725,-58.297096,-62.77324,-65.40642,-67.654854,-68.58022
8928,False,-25.917818,-27.185316,-29.596777,-30.374237,-32.734264,-31.640013,-35.25054,-39.17912,-36.43711,-39.478622,-40.225586,-41.445877,-40.088764,-45.29982,-46.562378,-46.0992,-44.54311,-45.378815,-47.233986,-50.13127,-52.619396,-51.342003,-52.630882,-55.657326,-56.927277,-56.34366,-57.755207,-60.616222,-64.44268,-66.183784,-67.81409,-70.37914
8960,False,-24.401917,-22.937803,-28.765965,-32.06403,-30.110447,-32.002636,-36.13254,-35.0977,-35.901665,-38.611904,-40.271336,-41.90603,-40.165718,-43.02144,-43.683834,-40.652855,-45.94212,-49.053837,-47.939613,-49.94846,-47.417812,-49.46312,-52.801605,-53.264313,-56.031555,-57.141647,-57.812,-57.82288,-62.46204,-67.151924,-68.017876,-70.62842
8992,False,-29.892628,-25.101526,-24.930439,-27.516766,-31.555384,-31.975754,-34.406845,-35.481483,-37.631794,-41.10205,-41.220417,-39.0318,-41.39227,-43.51687,-41.62683,-45.564476,-47.684875,-48.870598,-46.17993,-51.721252,-49.2207,-48.764,-51.41864,-54.148277,-55.946365,-56.911163,-59.191483,-59.722107,-64.3026,-65.36037,-67.086266,-69.166176
9024,False,-26.307287,-29.361105,-28.892233,-30.552162,-34.2127,-36.092003,-36.18008,-35.729317,-34.812828,-37.21657,-39.029167,-39.218536,-43.032555,-43.702396,-42.86431,-44.02619,-44.210495,-45.71655,-48.806732,-50.771545,-50.979042,-51.630432,-52.61919,-54.683983,-56.318428,-56.822807,-58.11847,-58.307182,-62.812286,-65.419334,-68.230736,-70.438866
9056,False,-27.81649,-27.991741,-27.060375,-31.696323,-31.71453,-33.192833,-36.164948,-37.37815,-36.177223,-40.358078,-41.523533,-39.551918,-44.781765,-42.456318,-45.481674,-45.04647,-45.063797,-46.72072,-48.679295,-51.98946,-50.177265,-49.64917,-53.06271,-56.127876,-56.39921,-57.580486,-59.240204,-60.454155,-65.608894,-65.368256,-68.51884,-70.933365
9088,False,-25.75837,-27.82934,-25.036097,-33.429333,-34.848507,-35.095314,-38.931393,-36.6752,-34.797012,-38.604286,-43.043056,-44.357597,-44.7596,-44.144966,-43.287735,-43.920227,-44.56503,-48.658188,-47.564335,-48.568806,-51.10997,-49.969566,-52.752853,-53.947697,-55.521263,-58.95661,-59.13938,-60.708843,-64.70605,-67.65291,-68.45724,-69.67959
9120,False,-28.294382,-28.611095,-25.792202,-31.934723,-29.047768,-33.391254,-38.291687,-36.47796,-36.116646,-36.279026,-41.57654,-39.929207,-39.03629,-42.672787,-43.16455,-43.544304,-45.18695,-47.808643,-48.786335,-51.030983,-51.142838,-52.094517,-52.546535,-52.35405,-54.568653,-58.722412,-57.94853,-59.3991,-62.65146,-66.273834,-69.4539,-72.063225
9152,False,-25.664093,-29.513186,-31.321905,-31.261745,-33.251095,-31.375196,-34.452785,-40.729195,-35.740475,-39.438812,-45.071228,-39.215294,-38.98384,-42.7148,-43.2807,-41.278492,-43.671326,-47.52163,-47.624207,-50.027447,-51.597702,-50.28544,-52.998066,-55.574017,-55.932648,-57.3061,-60.429382,-59.940037,-63.827343,-68.06437,-68.434006,-70.969635
9184,False,-25.24982,-23.8165,-28.60816,-31.94152,-31.485744,-31.141329,-36.656693,-34.421623,-33.341164,-40.049355,-43.786575,-42.55796,-42.819702,-42.089195,-45.64083,-46.33233,-44.849174,-47.09166,-48.450417,-53.17387,-53.13648,-50.297398,-51.28881,-53.02282,-57.548546,-57.049057,-60.195946,-59.0185,-64.097374,-65.58732,-68.18179,-69.65063
9216,False,-26.919357,-25.081123,-28.560883,-34.455418,-35.37518,-32.52321,-35.45324,-38.810913,-37.62128,-43.0737,-43.75051,-39.777805,-44.050507,-44.24091,-45.568146,-45.765858,-46.075684,-46.08068,-45.86943,-50.526726,-48.401817,-49.010105,-53.22134,-56.848137,-56.2351,-57.786636,-60.55039,-61.03271,-65.46005,-66.44594,-68.54995,-69.52197
9248,False,-25.728376,-26.116447,-25.224937,-32.91555,-30.910494,-32.51416,-38.26887,-38.74645,-36.477856,-40.116295,-40.679794,-36.6103,-40.897453,-39.99949,-41.219,-44.819817,-44.81521,-47.18094,-48.453125,-50.26382,-51.70936,-50.19864,-53.013565,-56.137505,-55.85823,-56.517365,-58.60903,-60.120907,-65.2234,-67.17748,-69.48277,-70.212395
9280,False,-28.106339,-25.296825,-26.822681,-29.137238,-29.547178,-33.52363,-36.70084,-37.00249,-36.045586,-38.305073,-42.507954,-39.13781,-38.336113,-40.585564,-45.44048,-48.957947,-49.52658,-46.86637,-48.472527,-50.538887,-52.81805,-50.15842,-52.294395,-56.04258,-55.19162,-59.469913,-60.022007,-60.340828,-64.2549,-67.39562,-68.50457,-68.34651
9312,False,-26.351398,-28.477112,-30.7065,-33.07872,-32.159492,-34.38315,-38.308167,-40.642036,-37.79718,-41.39706,-40.761124,-41.02336,-42.344482,-41.751514,-44.116055,-45.15636,-47.685753,-47.42027,-46.923176,-52.725506,-53.082054,-51.284313,-54.246307,-56.414078,-57.988083,-58.167526,-59.408073,-60.599167,-63.00869,-66.87211,-68.130135,-69.31566
9344,False,-27.886826,-28.00992,-28.383255,-30.64928,-32.716026,-30.68039,-31.7691,-30.814392,-34.840652,-38.19745,-35.896416,-32.111225,-31.11945,-31.176481,-31.68441,-28.55399,-30.259554,-34.898827,-41.053993,-44.925117,-40.540764,-40.658527,-39.28374,-42.924137,-38.392746,-37.139545,-40.371513,-34.487797,-28.606024,-29.433596,-33.480495,-35.261036
9376,False,-26.02768,-25.308523,-24.664602,-22.575064,-27.116478,-27.94056,-26.67194,-22.381413,-27.311161,-36.912354,-29.285429,-26.070862,-25.564266,-22.2048,-24.472672,-21.169048,-24.73737,-27.647831,-29.845024,-35.462574,-30.45758,-28.803118,-28.759514,-31.524294,-28.1531,-25.799034,-30.385057,-26.328867,-19.84955,-20.850815,-25.00945,-28.126133
9408,False,-23.792841,-30.811493,-32.552277,-30.486183,-31.104256,-31.535362,-35.317524,-32.25739,-34.4396,-36.373596,-36.065495,-33.419727,-31.000975,-32.654263,-35.962643,-33.666416,-35.462223,-40.18991,-41.059986,-45.3808,-45.086845,-41.77731,-44.573006,-45.131268,-42.83683,-38.893707,-38.431137,-39.651917,-35.38582,-36.32035,-42.8153,-46.63864
9440,False,-23.666618,-27.713875,-26.473629,-27.771427,-29.948013,-31.835499,-35.890118,-34.09758,-38.26028,-41.792294,-39.96561,-38.945915,-38.7054,-39.190514,-41.59866,-38.34954,-39.770523,-44.0407,-44.89933,-48.73017,-45.89981,-44.05891,-47.989845,-50.007065,-48.473938,-41.551918,-42.142326,-43.496494,-38.59218,-40.50937,-46.633553,-48.07987
9472,False,-23.568676,-26.402643,-26.546906,-27.811201,-30.552467,-33.386894,-39.982647,-34.359154,-36.021904,-42.002148,-41.85553,-39.706245,-39.524757,-40.351578,-40.44137,-39.8993,-45.00252,-43.82271,-44.950943,-48.96647,-47.997242,-47.461464,-49.533287,-49.490475,-50.227966,-47.568497,-46.812218,-48.010727,-44.590332,-45.32209,-51.536083,-54.619392
9504,False,-27.04435,-27.616367,-27.383078,-28.469063,-31.408854,-31.982868,-39.019787,-37.492676,-37.217484,-37.12123,-39.64726,-39.437435,-42.027863,-40.573624,-43.704758,-44.528397,-46.271626,-45.97091,-44.996056,-47.017155,-47.436375,-49.2354,-50.731007,-51.79458,-52.86533,-50.148247,-51.497692,-50.1285,-47.859375,-49.357628,-57.959183,-60.033897
9536,False,-24.885536,-26.650387,-28.702099,-32.575638,-32.591644,-31.759537,-39.03817,-36.454784,-34.27291,-37.219826,-39.00913,-41.536503,-41.90705,-42.08214,-44.963463,-43.03316,-41.418243,-43.780235,-47.26019,-48.75738,-50.17218,-48.797855,-50.29785,-52.77035,-53.227722,-52.720337,-52.042236,-53.248383,-51.24909,-53.27557,-59.47744,-63.170273
9568,False,-24.975348,-22.862152,-23.98387,-29.656551,-36.603897,-31.863514,-36.27742,-39.080296,-38.79788,-37.32988,-39.104324,-39.372734,-46.105965,-44.491383,-44.811928,-44.05312,-42.29957,-46.389862,-47.783314,-48.967213,-50.045883,-50.247723,-54.116825,-54.192383,-52.707287,-55.896156,-57.042828,-57.56891,-55.295166,-58.28005,-64.37501,-66.220085
9600,False,-25.29476,-26.303976,-27.316204,-31.42353,-28.890293,-33.540817,-36.61387,-41.112625,-37.617138,-38.5183,-38.135162,-36.7859,-40.73717,-44.096596,-45.413837,-44.429237,-45.176666,-48.922256,-51.814137,-51.777454,-50.880085,-49.829197,-51.51738,-54.643192,-54.581078,-57.176834,-56.51246,-57.79992,-57.800785,-60.52651,-66.16026,-67.5903
9632,False,-27.832644,-29.935452,-30.483356,-31.691206,-34.016853,-31.84357,-33.347527,-40.237255,-36.228413,-39.218227,-41.1397,-37.91366,-40.838173,-42.12867,-44.63684,-47.031025,-44.52143,-46.432114,-47.192955,-49.463535,-49.30084,-51.376328,-53.180466,-55.986046,-54.83081,-57.170696,-56.688366,-57.64671,-62.069668,-64.236565,-68.11464,-70.64203
9664,False,-24.023632,-25.096184,-29.929945,-33.37891,-34.58694,-31.264914,-33.96961,-36.07341,-33.71975,-37.360847,-41.070465,-37.01103,-38.081413,-42.05153,-43.461113,-44.940437,-45.619244,-48.154533,-48.45809,-49.30655,-52.795128,-52.305107,-51.320187,-53.76707,-54.60999,-56.244827,-57.94022,-59.643204,-63.455166,-65.31931,-68.58386,-69.34142
9696,False,-25.319483,-25.78397,-30.711887,-32.476276,-30.594538,-33.682446,-38.04214,-38.40233,-35.782948,-38.07465,-40.1389,-40.85668,-39.175438,-43.761772,-43.02912,-46.425823,-44.03505,-45.109562,-49.391228,-49.213028,-51.62642,-48.40134,-51.928097,-55.345306,-54.200356,-58.529835,-59.742107,-58.905556,-62.300495,-65.66538,-67.23074,-69.62445
9728,False,-21.54018,-20.663868,-25.145443,-31.420233,-31.514084,-32.310875,-36.70572,-36.404987,-36.428253,-40.63407,-40.538765,-41.071278,-42.277527,-43.51954,-45.725723,-45.38357,-46.87755,-48.543392,-47.74818,-47.543545,-49.500065,-52.924496,-53.787094,-54.138206,-55.386208,-56.808983,-59.05251,-58.719543,-63.911892,-66.41236,-67.84547,-70.07541
9760,False,-25.402596,-27.60168,-25.037327,-30.924301,-29.708073,-31.216957,-38.649628,-42.993412,-38.363724,-40.401,-39.624844,-36.446144,-40.293587,-43.571304,-44.80947,-45.93258,-48.576088,-48.32177,-47.88399,-51.847466,-51.6914,-51.075058,-51.759853,-54.92211,-57.142372,-59.05499,-59.51142,-59.921665,-63.710804,-66.51448,-68.955215,-70.84599
9792,False,-26.354454,-28.326805,-29.16164,-29.97182,-30.997297,-32.74062,-35.454754,-36.028954,-35.63931,-38.915245,-39.631443,-39.428085,-41.684837,-44.202694,-44.427265,-45.303444,-44.752625,-44.43085,-46.590042,-51.576294,-51.632454,-50.75459,-53.785305,-56.25275,-56.796402,-57.41002,-58.849583,-61.00935,-63.42709,-66.75563,-68.8949,-69.00977
9824,False,-26.697502,-27.477566,-30.239994,-31.204882,-33.610718,-33.21685,-32.116234,-32.71634,-36.760513,-38.985657,-40.145344,-40.78714,-43.48229,-44.23172,-44.90835,-44.69763,-45.086777,-45.39715,-48.119106,-51.81507,-53.07594,-50.167904,-51.286625,-54.621693,-56.853756,-58.0863,-59.072285,-59.436333,-64.85804,-65.56714,-67.80908,-70.58171
9856,False,-25.450508,-26.203636,-29.148588,-32.390278,-32.705093,-35.767857,-36.826786,-36.319183,-37.553574,-41.42452,-42.494095,-38.35136,-41.17161,-45.206646,-46.0173,-45.892376,-47.14869,-44.889168,-48.986443,-47.437572,-51.228485,-51.732147,-53.624683,-55.570778,-56.67973,-56.963104,-58.213634,-60.664383,-64.80719,-66.13665,-68.30936,-70.88305
9888,False,-26.71444,-26.122334,-25.297356,-30.631538,-33.55909,-33.634697,-35.42378,-32.12744,-34.07354,-42.34825,-38.322414,-33.898033,-32.278408,-36.34476,-37.6595,-35.599777,-37.86342,-42.278973,-46.659126,-50.04915,-49.19348,-49.128807,-49.64869,-53.718742,-54.39226,-57.886353,-58.423798,-58.939575,-60.07927,-62.811554,-64.271576,-66.42135
9920,False,-27.29481,-25.44718,-24.163158,-26.244919,-28.351297,-28.153957,-35.15576,-24.07351,-27.371778,-35.422703,-29.49402,-30.037312,-28.448711,-31.03254,-34.407204,-29.999897,-35.53263,-40.646965,-41.851086,-47.852097,-45.200504,-44.723618,-46.84678,-51.127342,-54.778183,-54.179882,-56.32714,-58.19923,-55.387196,-58.46968,-61.298656,-62.80671
9952,False,-23.40747,-25.479717,-25.931953,-26.751806,-29.788034,-29.804466,-34.1537,-30.46909,-34.56,-39.50049,-38.620934,-38.283813,-35.419216,-38.82135,-42.55635,-40.732903,-45.289608,-46.844803,-47.995583,-51.08105,-50.11965,-49.427032,-52.61122,-55.53077,-53.948853,-56.1476,-58.904434,-59.670967,-62.000446,-63.963894,-66.68731,-68.64405
9984,False,-29.246052,-26.042776,-29.107887,-31.287857,-31.930122,-31.91803,-35.712902,-34.035427,-36.92811,-40.180504,-38.68602,-37.598988,-40.12188,-38.57914,-43.660313,-44.13819,-43.624878,-46.492428,-49.108906,-52.37011,-50.440292,-51.369625,-53.395767,-53.886612,-55.029102,-58.240227,-57.866367,-59.53108,-62.65452,-64.610146,-65.74804,-66.87622
