timestamp,faulty,band_0,band_1,band_2,band_3,band_4,band_5,band_6,band_7,band_8,band_9,band_10,band_11,band_12,band_13,band_14,band_15,band_16,band_17,band_18,band_19,band_20,band_21,band_22,band_23,band_24,band_25,band_26,band_27,band_28,band_29,band_30,band_31
0,False,-28.012304,-27.73264,-32.739136,-29.866676,-26.53666,-29.72004,-32.33521,-24.930574,-29.523415,-37.2763,-30.534039,-28.136606,-26.117691,-31.087877,-32.400482,-28.437042,-31.907257,-37.306183,-40.602478,-43.186684,-43.49472,-46.454613,-44.806732,-48.67748,-52.40446,-54.3977,-55.071053,-57.223366,-53.647606,-54.58759,-60.160774,-59.02559
32,False,-23.304947,-27.27504,-27.049997,-27.315594,-26.21391,-27.348993,-37.880444,-28.912134,-32.4411,-37.062912,-34.192375,-34.18264,-33.54324,-34.67051,-39.107697,-35.22277,-40.827885,-42.721672,-44.79003,-44.845634,-45.971012,-44.844227,-47.156654,-49.01673,-51.301033,-49.779816,-52.05616,-55.065197,-58.645878,-58.89756,-60.186466,-59.39667
64,False,-24.257936,-25.715439,-26.788055,-29.127594,-30.486486,-32.6766,-36.042747,-36.16159,-33.8376,-35.492943,-35.539566,-37.2523,-38.55369,-34.967064,-40.22065,-42.754196,-43.715332,-44.42994,-46.903084,-49.193825,-45.303387,-44.68901,-52.119995,-50.034195,-52.90647,-53.200157,-52.129307,-55.79879,-59.28785,-58.106686,-59.16469,-60.80716
96,False,-26.806175,-31.227211,-30.588148,-34.420742,-33.636517,-33.76077,-38.672382,-38.416267,-38.67517,-41.094345,-43.151928,-37.965103,-39.125286,-40.96496,-43.614098,-45.614326,-41.977394,-44.74085,-43.681023,-45.94335,-47.128696,-46.417282,-49.18417,-50.2354,-51.819168,-52.03081,-53.625954,-56.201824,-60.1334,-58.54876,-59.869568,-61.443916
128,False,-26.780914,-26.078583,-32.27635,-33.06422,-36.35031,-37.078644,-35.69051,-39.798653,-39.703117,-40.945286,-38.641045,-40.7919,-43.011734,-41.5253,-41.753998,-42.23332,-43.92154,-45.41146,-46.45988,-48.470036,-48.01828,-45.91196,-47.92044,-48.864334,-49.87108,-52.248825,-52.717094,-54.865883,-57.2105,-58.686928,-60.130684,-60.110138
160,False,-24.055943,-26.201504,-28.794891,-30.736721,-32.913506,-34.17481,-34.013542,-37.139908,-36.98003,-39.22663,-41.756737,-45.115654,-43.71607,-43.739754,-40.926014,-41.251213,-43.825245,-45.28546,-44.120445,-46.804638,-46.584183,-48.097626,-50.78505,-49.04966,-49.6503,-51.548775,-51.76846,-54.31368,-56.701473,-58.065216,-60.624767,-60.465935
192,False,-23.36372,-25.76309,-24.727476,-32.823242,-34.450054,-34.04674,-37.94437,-38.19071,-35.246536,-35.266563,-41.90449,-42.91756,-40.067715,-39.96485,-42.341076,-45.94008,-42.25415,-44.928432,-45.391205,-49.002785,-47.523273,-47.087135,-49.612003,-49.239395,-51.20802,-53.843994,-53.749214,-56.29166,-57.11289,-58.19241,-61.410755,-59.95834
224,False,-23.880365,-28.953028,-26.954794,-33.475273,-34.756985,-34.780636,-35.938828,-41.08059,-40.93762,-37.903,-39.81291,-42.418842,-43.655506,-41.2837,-41.38978,-44.52765,-45.903847,-47.298183,-47.502155,-47.544228,-47.65333,-47.886562,-50.04502,-47.403816,-50.17192,-52.44206,-53.60366,-53.657032,-56.69392,-57.936684,-60.74166,-59.465385
256,False,-26.381275,-27.61073,-30.007467,-31.174486,-36.636063,-34.317642,-34.694374,-36.523205,-35.1284,-38.51826,-43.9605,-38.88619,-42.02243,-42.708317,-41.068913,-42.420464,-47.10514,-42.48402,-44.18047,-48.65122,-50.93205,-47.76394,-50.546078,-49.70264,-51.04208,-52.17821,-54.052704,-53.824623,-56.321545,-57.250446,-59.686806,-58.365997
288,False,-25.146431,-29.81425,-27.50223,-30.071669,-33.740097,-34.63818,-40.175217,-41.73881,-35.542538,-40.926052,-43.24363,-40.984077,-38.672585,-41.54112,-43.984726,-44.442448,-45.13581,-45.41092,-44.52782,-47.592243,-51.122852,-48.841076,-48.428455,-50.58387,-50.32263,-52.230766,-53.252483,-57.407948,-56.68982,-57.51576,-60.045513,-58.58516
320,False,-25.543482,-30.155687,-27.137087,-32.1148,-32.608315,-33.926697,-36.776188,-37.5604,-34.40169,-39.01585,-40.007713,-44.88647,-44.203953,-40.370487,-42.231594,-44.895462,-47.96865,-46.22554,-46.308407,-46.540466,-47.052227,-47.1517,-49.324333,-50.144676,-49.982025,-51.949646,-52.097847,-54.790054,-58.888695,-57.9287,-59.030235,-59.148945
352,False,-26.193928,-29.25008,-28.715572,-28.041443,-32.16945,-37.401474,-36.685833,-33.55123,-35.809803,-38.362,-41.250664,-42.31353,-44.57464,-41.62569,-41.57803,-43.920967,-42.967068,-44.72691,-46.22223,-46.19667,-46.250286,-48.36564,-49.0745,-48.931725,-49.588036,-53.323303,-52.58008,-53.288746,-57.36457,-57.11492,-58.20561,-58.92298
384,False,-24.607628,-29.131918,-29.194828,-28.85085,-30.851603,-30.029778,-36.05864,-41.350384,-37.694267,-37.85544,-41.140896,-40.58352,-42.244987,-43.02176,-43.821644,-43.94737,-45.34783,-46.197327,-46.401066,-45.965,-46.36623,-46.290543,-49.279686,-49.769054,-49.93589,-51.538574,-53.953266,-55.121582,-58.69622,-58.1023,-59.75513,-58.56495
416,False,-27.874424,-27.972147,-28.55663,-28.70409,-29.766716,-35.070423,-35.92569,-36.94816,-38.733406,-38.964577,-41.077633,-43.76585,-40.681187,-41.83664,-43.76288,-43.325333,-44.46395,-45.081177,-47.645294,-45.17,-47.647797,-45.91764,-49.358025,-49.35314,-51.275063,-50.677513,-52.929947,-55.207047,-56.99955,-56.754547,-60.07355,-59.59675
448,False,-24.21054,-31.65848,-30.926506,-30.423206,-31.103859,-33.337322,-35.459255,-36.34368,-39.0112,-40.806664,-44.342453,-41.18092,-40.038624,-40.73237,-44.38025,-42.478897,-44.170643,-46.460793,-44.1218,-45.70234,-46.515625,-47.087444,-50.238937,-49.914177,-51.179127,-52.5178,-52.63037,-56.48011,-58.39573,-59.88251,-59.975964,-59.43746
480,False,-24.480555,-26.391197,-28.838425,-31.180527,-30.2707,-34.633118,-36.607582,-34.71452,-38.127815,-39.10226,-38.90355,-37.415764,-39.904373,-44.197826,-45.74062,-43.190006,-42.601303,-43.922432,-46.20869,-47.192688,-46.15456,-47.668613,-48.347626,-49.030777,-48.96991,-52.278572,-52.83249,-56.064194,-58.22007,-56.90261,-59.734253,-58.39602
512,False,-26.2023,-31.774328,-33.448215,-31.595018,-32.151703,-37.12114,-39.820297,-37.703354,-35.84457,-39.351543,-38.870586,-39.37367,-42.66404,-43.483032,-43.317413,-41.24185,-45.20321,-44.339516,-46.415237,-46.717167,-47.59774,-46.840225,-49.60314,-50.45115,-52.132793,-50.975273,-52.052784,-54.54515,-57.399734,-59.354538,-59.37513,-59.937515
544,False,-25.90536,-30.9536,-28.824232,-26.353584,-28.045475,-30.556187,-27.3595,-24.232712,-30.519648,-36.414154,-31.080187,-24.786274,-24.869629,-24.066158,-24.694897,-21.227322,-23.332851,-26.554014,-32.167137,-37.665314,-31.775146,-32.171234,-30.201572,-33.863327,-30.155228,-28.26195,-32.124653,-26.134224,-20.570013,-20.737398,-25.267857,-25.699505
576,False,-27.208332,-32.27815,-25.933842,-24.040974,-27.814041,-28.458553,-30.39541,-25.224209,-30.494644,-37.513195,-29.919817,-30.184477,-30.122253,-26.345156,-29.33667,-26.148228,-31.340559,-34.390244,-33.056686,-38.487423,-35.431923,-33.17877,-35.154808,-37.244625,-33.742294,-30.879536,-34.65712,-32.324818,-26.380287,-27.510176,-31.359554,-32.382374
608,False,-25.634632,-27.281677,-29.554281,-28.366224,-30.242565,-32.16266,-33.749653,-33.386356,-35.48187,-40.840446,-38.101696,-37.1663,-35.565346,-32.379303,-36.380375,-35.876,-36.995808,-41.210594,-43.525215,-46.80683,-42.71871,-40.796204,-43.57585,-44.992897,-42.8117,-38.46906,-39.988464,-41.511314,-37.358715,-37.803932,-43.932804,-46.101475
640,False,-23.94342,-30.439322,-31.385143,-32.397377,-34.36787,-36.754753,-32.431683,-32.87499,-32.49222,-34.426197,-39.560215,-35.17794,-38.162872,-38.315384,-38.276516,-36.651688,-39.67191,-41.472363,-44.93067,-46.674034,-44.794044,-42.27489,-46.459373,-48.30679,-48.794476,-42.426224,-41.991768,-44.233734,-40.64885,-42.17815,-48.62307,-51.0837
672,False,-24.809715,-27.48103,-29.737291,-31.945744,-30.66973,-34.115463,-40.85571,-43.2565,-33.15827,-35.635292,-37.369705,-41.87822,-41.625618,-40.57859,-42.442646,-39.711205,-42.458237,-43.20607,-46.40061,-46.764545,-44.876728,-44.438457,-47.420105,-50.080956,-50.918575,-46.57689,-46.175056,-47.80252,-44.612686,-45.209274,-51.280273,-54.250343
704,False,-25.53631,-28.818323,-26.204767,-30.404032,-32.331993,-31.978941,-32.4942,-36.498924,-33.066486,-35.717,-36.652626,-39.519485,-38.029053,-41.489735,-41.608353,-43.445606,-43.19915,-42.374477,-44.593285,-48.27523,-45.512447,-45.28316,-47.899418,-49.658035,-50.0282,-49.181675,-51.12097,-50.858192,-48.46832,-50.81522,-55.5474,-56.35199
736,False,-30.189697,-30.323761,-32.03105,-36.69062,-32.37425,-31.662884,-40.44794,-42.33394,-38.464363,-38.60761,-41.60458,-38.972164,-38.128376,-40.16398,-42.640873,-41.32551,-40.802544,-43.150894,-45.867607,-48.172,-45.81205,-47.611595,-48.904663,-50.16995,-51.133305,-49.728493,-51.10684,-52.6671,-50.4395,-52.78585,-57.605625,-59.642647
768,False,-25.581078,-32.30253,-29.655169,-31.513927,-29.427786,-32.80701,-39.685753,-40.425346,-36.187157,-39.04862,-43.80488,-41.22013,-41.169937,-42.611656,-41.58776,-42.669445,-43.328476,-42.090378,-44.460922,-43.77808,-45.17752,-47.782135,-51.03602,-50.90334,-49.75727,-49.685135,-52.11326,-53.895943,-55.779705,-56.62387,-58.31516,-58.076042
800,False,-27.553854,-28.540182,-28.787518,-31.89645,-32.199753,-33.368713,-37.607555,-37.054714,-41.528355,-43.684155,-40.563107,-39.931953,-40.895348,-42.7966,-44.794804,-41.358803,-41.72144,-41.841537,-46.91526,-46.129654,-47.821777,-48.403774,-49.38286,-49.88264,-51.57986,-50.78447,-52.310833,-52.300926,-55.649853,-56.079693,-57.345963,-58.666145
832,False,-25.747112,-27.456835,-29.515074,-30.235813,-33.23606,-32.25563,-36.121094,-39.153385,-36.15546,-41.268593,-40.50352,-40.186764,-42.021095,-41.0904,-44.353935,-41.712933,-44.36294,-46.576714,-45.670563,-47.32897,-47.240215,-48.354477,-49.87879,-49.802025,-50.174103,-51.658714,-52.685562,-54.52,-56.779095,-56.111137,-59.247482,-58.746582
864,False,-25.154404,-28.171825,-29.914642,-31.13892,-33.040783,-32.38314,-34.367706,-35.82601,-36.663773,-41.787624,-39.045094,-37.906044,-38.725662,-40.590214,-42.74387,-44.676872,-44.79268,-44.043385,-47.07717,-47.692913,-48.41984,-47.259945,-49.503475,-52.33728,-51.964947,-52.40501,-53.371925,-53.837624,-57.633205,-57.38379,-57.86583,-58.42124
896,False,-27.015068,-28.25407,-28.847652,-29.282925,-30.64212,-29.856108,-31.192425,-35.94084,-35.651165,-42.43403,-39.94762,-37.299046,-39.49848,-40.221577,-41.462475,-43.79629,-45.598335,-44.99919,-43.35527,-45.05901,-45.34281,-47.63694,-47.926674,-50.713657,-50.969654,-51.336098,-52.816795,-55.303455,-57.216003,-57.84925,-59.466316,-58.142723
928,False,-25.97331,-26.104288,-31.060198,-30.454447,-33.499687,-32.88386,-36.789886,-35.845654,-39.09159,-44.548607,-40.982098,-39.37565,-43.13398,-44.29772,-44.582077,-42.19777,-41.686638,-47.0448,-46.201973,-45.51458,-46.413788,-47.123596,-46.82599,-49.051125,-50.773106,-51.576805,-52.402283,-53.373905,-56.612274,-58.22359,-58.584896,-59.842888
960,False,-24.857386,-26.035336,-30.852673,-32.93425,-32.73022,-31.77703,-39.537952,-38.336975,-35.80503,-39.93672,-42.685856,-44.494423,-41.649685,-41.40585,-42.09285,-42.811546,-46.430275,-43.20559,-45.117615,-47.149063,-48.0216,-46.556816,-48.699986,-50.05371,-50.72569,-51.488937,-53.331345,-54.819595,-57.186893,-57.376793,-58.46093,-58.087593
992,False,-26.666468,-31.712334,-27.873213,-30.659622,-31.560991,-33.724915,-35.839405,-35.081543,-40.442154,-39.840034,-40.80988,-42.425503,-42.367012,-42.215546,-45.35649,-41.39164,-45.146408,-44.8312,-47.693466,-45.92849,-47.412205,-46.47453,-49.40453,-50.868126,-50.67533,-50.42366,-51.908573,-54.107414,-56.22498,-56.669884,-59.724434,-57.54975
1024,False,-25.400732,-26.074009,-33.434265,-35.273327,-35.104538,-33.971935,-35.72154,-41.466003,-38.051395,-34.177082,-38.40069,-39.65809,-41.977028,-41.87329,-46.83128,-44.618374,-47.31659,-44.558716,-44.216427,-44.90894,-45.989273,-45.705032,-47.838882,-50.27056,-50.196896,-49.749252,-51.08536,-51.98146,-56.388374,-55.09046,-59.770603,-57.38076
1056,False,-24.955845,-29.99732,-30.929842,-31.60658,-32.354958,-33.333736,-35.527668,-39.47469,-38.45363,-38.586166,-40.53394,-40.25845,-40.083736,-44.582405,-43.29885,-44.737976,-46.893864,-43.003597,-45.240463,-45.947914,-45.722855,-47.75119,-46.74898,-50.499607,-50.517803,-49.233936,-52.1336,-53.948093,-55.544704,-55.951294,-60.305286,-58.694977
1088,False,-27.87157,-33.142517,-26.903576,-30.82986,-34.17025,-33.126698,-31.67246,-27.449724,-29.701794,-38.354076,-32.587074,-30.674809,-28.957806,-32.80285,-32.403465,-29.292185,-33.342327,-36.525845,-40.864292,-45.697247,-42.81969,-45.55212,-45.313972,-50.032463,-51.147404,-49.651115,-51.288643,-52.620995,-52.429394,-53.821495,-58.205215,-58.166748
1120,False,-25.19892,-29.203968,-29.210863,-29.117554,-28.34422,-28.621593,-35.45101,-28.373184,-30.730812,-34.712463,-31.49334,-33.086643,-34.058247,-34.305603,-37.611954,-33.166317,-38.221554,-41.72168,-41.799202,-45.044178,-44.42574,-44.17096,-46.490574,-49.482384,-52.038635,-49.297184,-49.957314,-52.989883,-55.310493,-56.07328,-58.14747,-58.8459
1152,False,-25.591244,-28.75895,-29.008121,-29.822493,-33.02983,-32.419914,-37.766293,-34.676346,-38.505653,-42.738377,-36.985058,-39.596313,-36.835197,-37.58759,-41.10032,-41.684,-42.55062,-42.749027,-45.036705,-43.78636,-43.902184,-46.04239,-47.820988,-49.247036,-50.696976,-52.082027,-53.327297,-54.869026,-56.391567,-57.83512,-59.013252,-58.538555
1184,False,-21.627823,-27.779634,-27.267262,-28.65843,-30.890123,-33.164585,-38.329967,-36.002853,-36.601215,-40.525684,-38.009663,-38.31584,-39.899376,-42.662678,-45.830345,-43.254833,-47.381996,-45.115395,-45.46708,-45.843548,-44.902843,-46.117138,-48.3235,-51.180702,-50.660023,-51.594395,-53.696217,-54.55853,-56.663757,-57.327328,-59.25366,-58.22758
1216,False,-21.934216,-27.724142,-28.045925,-30.73034,-31.466736,-34.707874,-40.772205,-39.31073,-38.265465,-40.699036,-41.736164,-41.116642,-39.00497,-40.54497,-41.74313,-43.2211,-42.20294,-44.327164,-45.932446,-45.68172,-47.859898,-47.096138,-48.64187,-49.87154,-50.40474,-49.832882,-51.905006,-54.118706,-55.864655,-55.636444,-58.76148,-60.215645
1248,False,-24.738274,-25.49404,-29.27313,-32.50324,-36.90537,-33.530724,-40.047043,-38.029408,-35.28844,-39.613804,-41.61604,-39.896744,-39.803154,-43.234764,-46.22366,-44.463852,-43.478676,-44.40412,-43.935246,-46.87535,-46.60462,-47.760597,-50.626698,-52.9498,-52.09317,-50.60036,-52.642044,-53.497818,-56.620583,-56.54084,-59.47134,-59.88978
1280,False,-25.25299,-26.41286,-27.483833,-31.160915,-30.918606,-31.150177,-35.864777,-40.135647,-36.547703,-39.2407,-40.208466,-40.756927,-39.71921,-40.708427,-41.1605,-45.21788,-44.21096,-43.718704,-43.518387,-44.17434,-43.936443,-46.206135,-48.158974,-49.296494,-50.981018,-51.294117,-51.489304,-54.995934,-55.579506,-56.704807,-57.900356,-58.95124
1312,False,-26.7326,-29.762081,-30.97167,-30.20425,-32.507072,-35.03719,-32.14555,-36.086323,-38.559383,-38.6419,-37.160778,-38.889168,-38.72596,-41.369995,-41.27033,-42.355286,-43.29554,-46.16692,-45.870136,-45.77477,-44.79843,-48.354984,-51.11559,-50.212738,-49.73176,-51.044884,-52.203403,-52.93596,-55.45221,-55.96379,-57.79709,-58.889954
1344,False,-28.841614,-31.030231,-29.35941,-33.392593,-33.47204,-36.050026,-37.88842,-37.308765,-37.696083,-42.327618,-41.544228,-40.87902,-39.640392,-39.68844,-43.540417,-43.564434,-44.744476,-43.119015,-46.594986,-45.034805,-45.979176,-45.95236,-47.145954,-50.375877,-51.510666,-50.449913,-51.70228,-54.673676,-56.96974,-56.495796,-58.171307,-59.6912
1376,False,-21.097221,-25.735304,-32.06001,-36.448948,-32.246696,-34.141163,-37.800888,-38.219055,-34.5119,-37.576767,-37.89825,-37.741905,-42.684013,-39.712654,-42.856827,-44.673046,-44.835426,-44.468018,-45.46536,-49.45299,-48.61007,-47.73746,-48.310394,-48.34703,-50.329773,-50.263367,-53.78398,-55.67161,-57.0493,-56.377693,-57.757294,-59.78942
1408,False,-26.059246,-28.561142,-29.706247,-34.821285,-32.33293,-34.075302,-35.89024,-36.64568,-36.870884,-40.9483,-40.99394,-39.014336,-38.579147,-42.397034,-45.330498,-44.10244,-44.380615,-45.649963,-47.149208,-47.864574,-49.13814,-48.479607,-48.21203,-50.638336,-50.509468,-50.497658,-52.473682,-54.117264,-55.406857,-57.25439,-59.013252,-58.627934
1440,False,-26.561321,-25.716484,-28.53348,-30.992357,-37.15852,-34.000603,-36.325203,-37.502735,-37.93474,-41.23632,-40.03331,-38.345787,-39.59762,-41.70076,-39.769894,-43.538418,-43.66859,-48.274136,-45.035988,-45.326977,-46.34231,-48.396805,-50.424377,-52.302013,-51.453625,-51.006123,-52.729397,-53.66754,-55.047115,-56.942802,-60.646927,-58.479195
1472,False,-22.954082,-25.221148,-29.27578,-30.888767,-34.954456,-30.369652,-34.029156,-38.02994,-36.740498,-37.771755,-40.873367,-40.60601,-40.78034,-41.689682,-42.01857,-42.700073,-46.467937,-46.692993,-46.583824,-45.79344,-48.60196,-50.121426,-50.143543,-48.615852,-49.569603,-50.939796,-53.3937,-53.39369,-55.349365,-56.23336,-57.843414,-57.207153
1504,False,-24.563377,-29.379402,-30.268652,-32.657932,-29.705238,-31.023945,-37.981445,-38.36136,-35.831306,-37.450592,-41.028976,-39.280922,-36.92956,-39.692204,-44.466934,-45.338207,-44.320824,-45.340992,-45.20637,-46.18839,-47.287373,-47.356377,-49.444126,-49.805542,-50.7579,-50.668964,-51.947063,-52.389637,-55.876892,-56.381916,-59.303116,-58.330284
1536,False,-26.278341,-32.940086,-34.336056,-37.759987,-32.730877,-33.334133,-40.338726,-37.32489,-34.83902,-36.835514,-40.455994,-46.647953,-43.24902,-42.556114,-41.30653,-44.079475,-45.988777,-47.677,-44.096012,-46.225033,-47.660248,-45.64115,-45.269733,-48.689617,-50.502663,-50.62271,-51.724617,-55.331078,-56.503365,-58.23549,-59.70456,-59.225517
1568,False,-23.683966,-30.647575,-30.711374,-30.272938,-30.616718,-33.865475,-36.746513,-36.67184,-33.289413,-38.180145,-40.288094,-40.07269,-38.80967,-37.883396,-44.87735,-43.986076,-44.49882,-44.77907,-46.297604,-46.22885,-44.36876,-47.667496,-47.467323,-50.460632,-50.27966,-50.197533,-50.389313,-53.60627,-55.786022,-57.995724,-59.87065,-59.302143
1600,False,-22.647614,-28.606487,-30.807178,-28.666677,-27.948093,-31.727196,-37.513134,-39.424614,-38.295956,-38.281834,-41.660732,-39.036747,-38.03338,-38.09902,-42.28453,-43.066563,-41.71485,-44.432816,-44.901627,-48.39876,-46.68263,-46.747482,-47.29424,-50.784878,-52.260704,-51.550804,-53.681984,-52.752144,-54.746128,-54.908813,-56.67088,-57.823296
1632,False,-23.132221,-28.410246,-27.308943,-22.952095,-27.398998,-27.668188,-24.096363,-21.313156,-26.559782,-33.977005,-28.363007,-23.307426,-23.109701,-21.280151,-22.207249,-18.951925,-22.04828,-24.92321,-29.105322,-34.417664,-28.948423,-28.157766,-26.988268,-30.463427,-26.723465,-24.50336,-29.170914,-23.929104,-17.686766,-18.351849,-22.469913,-24.267122
1664,False,-26.327417,-32.80896,-30.631334,-26.9681,-30.150644,-31.560246,-35.086502,-27.833729,-33.03758,-37.011078,-34.65062,-34.58261,-31.504639,-31.169155,-33.8667,-31.000387,-35.32747,-39.61198,-37.905136,-42.580345,-41.10038,-38.33864,-42.124123,-44.603508,-39.520546,-36.529366,-37.854515,-37.010406,-32.930122,-33.994843,-39.075275,-42.302353
1696,False,-24.182995,-26.300295,-28.45394,-26.222952,-30.43369,-36.4171,-33.10702,-31.30746,-32.31092,-35.363968,-36.418728,-39.531727,-36.739986,-34.498528,-38.661835,-39.13949,-40.93201,-43.118553,-44.170784,-43.59757,-42.6811,-42.43641,-45.606693,-47.02652,-46.01738,-39.5776,-40.88795,-42.197994,-38.595604,-39.152493,-45.67826,-47.549976
1728,False,-24.133024,-28.034271,-29.394072,-27.932362,-33.94041,-37.156708,-37.215237,-35.148834,-38.6545,-40.947567,-35.315098,-37.715347,-38.18209,-35.70462,-39.456974,-37.796585,-39.3363,-40.820576,-42.645065,-45.226116,-45.52828,-42.637444,-45.030235,-46.276604,-48.11056,-45.301155,-44.123,-46.015015,-42.48867,-43.012207,-48.848362,-52.3745
1760,False,-24.138453,-32.057655,-34.313866,-34.95896,-33.928978,-35.540558,-35.33761,-38.078457,-39.566544,-41.038307,-40.217575,-40.158875,-38.856075,-38.461975,-40.865334,-44.833885,-45.42442,-43.819202,-43.6164,-44.0962,-44.78749,-46.70987,-45.537716,-49.837677,-49.22935,-47.028507,-47.956627,-48.11056,-45.11882,-45.400246,-53.882164,-55.87358
1792,False,-26.790367,-28.528202,-34.1018,-37.243637,-34.95782,-36.302193,-35.557053,-35.63852,-37.20926,-36.766674,-41.159786,-41.766212,-41.459694,-40.11036,-42.25872,-42.617615,-40.350513,-45.681614,-46.288074,-47.447098,-46.605038,-45.666004,-47.52427,-50.56574,-49.245018,-48.880676,-49.81558,-50.517403,-50.669556,-51.38131,-57.45499,-56.844887
1824,False,-25.853836,-27.071493,-30.931074,-30.032215,-35.395706,-33.550354,-37.08271,-37.79436,-37.291862,-42.64614,-41.483932,-38.9026,-46.473976,-43.068615,-44.124275,-42.857327,-45.75006,-43.53074,-44.493217,-45.862762,-47.266716,-46.577805,-48.440548,-49.11888,-49.53546,-51.140373,-51.40164,-52.762024,-51.851,-53.972008,-58.313843,-58.71962
1856,False,-22.237568,-26.943802,-28.621227,-29.487307,-33.061024,-34.744354,-38.33464,-41.961285,-38.04216,-38.28687,-40.046387,-40.858418,-41.534306,-43.451122,-43.824028,-42.315155,-43.696472,-45.05167,-45.458176,-47.95732,-47.449913,-47.954353,-48.246326,-50.724632,-49.858177,-50.87934,-52.067505,-54.39704,-54.36074,-54.898182,-57.2895,-57.61181
1888,False,-23.295723,-26.738125,-28.27266,-30.174023,-32.651016,-36.502388,-39.884724,-39.00658,-37.487587,-34.980167,-38.686863,-41.31105,-40.13058,-41.542824,-45.376778,-43.99042,-45.4142,-46.666393,-45.09379,-44.886665,-46.207066,-47.58457,-48.114883,-49.836876,-49.432545,-51.34129,-54.272285,-52.657997,-54.80013,-55.6846,-59.128872,-59.920677
1920,False,-27.484415,-27.774097,-27.693264,-30.606583,-33.726635,-35.585808,-39.672607,-40.893776,-39.754993,-39.774837,-41.53067,-41.693687,-40.805153,-44.502052,-42.727097,-43.402733,-43.823067,-44.51736,-43.279343,-45.04637,-45.970543,-49.398468,-48.68209,-47.56935,-49.795,-50.18234,-50.96286,-54.353447,-56.321495,-56.855663,-59.468693,-59.220924
1952,False,-26.206865,-28.221712,-32.603382,-34.54002,-33.157562,-35.1698,-35.732235,-37.66139,-40.18381,-38.53066,-38.086353,-39.54107,-39.48636,-44.474167,-43.751488,-41.31857,-43.332256,-43.948635,-46.61125,-47.04355,-46.456985,-46.970936,-47.413345,-52.321014,-51.378063,-52.822517,-52.048042,-52.694813,-54.952927,-55.84133,-57.7397,-57.934605
1984,False,-26.91928,-26.160606,-27.263325,-30.503616,-32.93617,-36.354168,-37.816433,-37.452282,-37.098793,-37.508812,-40.474007,-40.27381,-39.37607,-42.984894,-44.02591,-44.480816,-43.429714,-44.729275,-44.244595,-48.05768,-47.954483,-48.437546,-49.703754,-49.22897,-48.72929,-51.223404,-52.469917,-53.7414,-57.211327,-57.106483,-57.960617,-61.117916
2016,False,-24.68341,-24.137323,-25.79378,-29.982536,-33.490635,-32.833443,-39.619648,-36.186966,-36.955215,-43.323826,-42.767754,-38.008835,-37.860928,-40.727367,-42.10933,-43.252663,-44.39379,-43.00209,-46.74379,-47.7348,-46.77387,-45.857567,-48.406136,-48.788498,-51.553574,-52.94794,-51.674133,-54.241753,-57.263702,-57.34124,-58.7247,-58.24215
2048,False,-26.394066,-30.05268,-35.33237,-33.49419,-34.587997,-34.157127,-37.9073,-41.412853,-38.148968,-39.04032,-41.431652,-40.2811,-39.178673,-43.9578,-40.912243,-42.45922,-44.48374,-43.86883,-46.072395,-47.069626,-49.063072,-46.961384,-47.032455,-48.637447,-50.770203,-52.504257,-52.69295,-53.950584,-56.179863,-57.463448,-58.30286,-58.61217
2080,False,-26.146517,-26.11055,-30.144482,-32.107063,-30.641287,-31.161251,-37.198944,-38.97662,-39.725456,-40.0329,-41.67856,-42.464386,-43.4128,-41.785793,-40.32474,-43.870697,-46.878017,-45.870644,-44.581985,-46.82707,-47.71934,-47.820168,-48.394615,-50.66398,-49.73053,-51.301304,-52.367836,-54.887215,-56.856762,-56.89431,-58.680916,-58.27864
2112,False,-23.852104,-29.263626,-27.343245,-27.635061,-35.807804,-34.015625,-37.319206,-39.702087,-33.41856,-35.001034,-39.514168,-39.43468,-40.505775,-38.39417,-41.58897,-42.264194,-45.54729,-46.331104,-45.0849,-45.495934,-45.723843,-47.981915,-47.75741,-48.120647,-49.242294,-51.628044,-51.973335,-53.01143,-57.146385,-57.06836,-58.7325,-59.658016
2144,False,-26.689013,-28.87886,-28.093185,-28.800213,-33.38651,-37.402264,-37.845787,-38.6587,-35.840004,-38.32816,-43.671608,-42.94151,-41.00421,-39.07833,-42.921036,-44.53823,-43.219208,-46.65688,-44.253433,-43.891567,-46.989117,-47.63933,-47.18424,-49.924053,-51.93829,-53.26687,-53.851944,-55.371017,-56.76477,-57.193405,-58.381775,-60.636055
2176,False,-30.039742,-30.747463,-32.127388,-30.116318,-26.954191,-28.73859,-32.55151,-26.365793,-29.816032,-34.147285,-30.739792,-28.692076,-26.605204,-30.603256,-31.45013,-28.691715,-31.811674,-37.134243,-38.278435,-43.337482,-41.288204,-43.21071,-45.372902,-45.437782,-49.464424,-51.836452,-51.114174,-53.406296,-52.846916,-52.699287,-57.05654,-58.422245
2208,False,-31.529522,-27.857744,-25.715715,-28.466564,-30.560783,-28.118494,-35.082,-29.99296,-34.84288,-37.98316,-34.11217,-33.234905,-36.00123,-36.247757,-38.655212,-33.782803,-39.441925,-44.876183,-43.028732,-44.91555,-46.471096,-45.37788,-47.28608,-49.23693,-51.226395,-50.264187,-51.77017,-52.543068,-55.924423,-56.721962,-60.693516,-59.40516
2240,False,-23.694056,-25.0438,-29.270523,-28.104046,-32.32028,-30.462248,-36.779922,-32.92876,-35.044456,-40.236225,-40.945927,-41.366066,-39.572773,-36.53833,-42.7527,-40.34788,-42.046387,-45.552067,-44.434425,-48.22153,-48.36336,-49.23172,-47.161526,-47.6036,-51.633553,-52.93384,-54.33734,-54.02671,-56.16555,-56.547184,-58.15074,-60.199577
2272,False,-27.390585,-29.45955,-28.364758,-31.914268,-33.60001,-34.406425,-38.965794,-32.353584,-34.556946,-38.99055,-43.31978,-38.43696,-38.856533,-38.57781,-41.169964,-39.369835,-41.21573,-43.6377,-44.463737,-45.805794,-45.836044,-47.153667,-47.96434,-48.554123,-51.90401,-51.83811,-53.49419,-57.534298,-57.74539,-56.50695,-59.24828,-61.92703
2304,False,-27.621775,-29.419516,-30.232357,-33.751656,-35.80613,-33.050312,-34.930252,-35.85667,-36.188828,-37.58984,-41.015476,-41.100925,-38.94233,-40.549603,-43.524208,-45.226486,-44.53876,-43.859764,-46.79254,-46.5886,-45.520267,-46.39702,-49.284855,-48.58166,-49.96376,-51.710735,-51.758606,-53.951794,-57.481735,-58.551144,-60.559547,-59.11374
2336,False,-26.22735,-32.540222,-28.237688,-31.632261,-34.901356,-32.726738,-36.89908,-40.02396,-40.464077,-39.553772,-43.074852,-39.534374,-38.441444,-40.821346,-42.40133,-45.503353,-43.447815,-43.66148,-46.409496,-44.908104,-48.600803,-48.709145,-47.68391,-51.037262,-51.069824,-51.759853,-52.943657,-53.340572,-56.25274,-57.20613,-58.52115,-60.250458
2368,False,-25.84927,-29.247753,-27.459736,-30.325796,-33.50263,-34.017776,-34.194046,-39.243923,-37.370155,-38.182175,-36.91748,-39.2264,-41.996666,-42.50303,-43.80996,-43.792725,-44.91996,-46.097572,-46.41404,-49.26073,-46.932762,-48.361824,-48.623497,-49.0245,-50.872807,-51.02952,-52.668343,-53.30223,-55.993217,-56.884083,-59.15689,-60.41418
2400,False,-26.372023,-29.03294,-27.590446,-31.768673,-33.893112,-38.64089,-38.918106,-41.99592,-40.205513,-37.588684,-38.36692,-40.723633,-41.109283,-40.87619,-44.630493,-41.49055,-41.946213,-45.88528,-48.32851,-47.055298,-47.34265,-47.68924,-48.03913,-49.12127,-49.8246,-50.572464,-54.21953,-54.48656,-57.217297,-56.329674,-58.188023,-59.399414
2432,False,-27.065628,-29.188038,-32.49322,-31.271946,-32.73645,-34.833946,-38.701244,-36.370586,-36.104244,-37.02423,-43.16629,-45.005745,-40.88751,-41.390385,-40.34042,-43.3194,-43.87134,-45.219543,-47.684692,-45.367584,-47.78543,-48.211296,-49.135796,-50.928745,-49.20157,-50.75141,-51.42254,-54.616848,-55.980835,-56.279655,-58.03234,-58.971397
2464,False,-24.687168,-33.641983,-30.27027,-29.924631,-30.312654,-32.249733,-35.09715,-36.170628,-37.009705,-39.765175,-41.05052,-43.58647,-42.843,-41.434723,-43.967926,-43.016163,-43.855705,-46.234646,-47.34372,-47.114647,-45.38903,-46.722305,-49.5551,-49.23751,-49.750298,-52.151398,-52.179207,-53.327423,-56.656536,-57.280838,-59.490936,-59.609573
2496,False,-24.643585,-30.431519,-27.715286,-31.995619,-34.231697,-31.691217,-34.35806,-38.219322,-32.830627,-38.418762,-42.346756,-39.56428,-39.20309,-40.122894,-44.534817,-44.071888,-43.73285,-44.08692,-47.780235,-46.422012,-44.198624,-45.939636,-47.82284,-49.205666,-51.590675,-51.074123,-51.5942,-53.76288,-54.689213,-57.730797,-59.46601,-59.52797
2528,False,-24.37786,-28.186663,-31.856373,-32.29513,-35.43025,-35.20984,-39.941437,-39.042862,-39.641205,-40.695023,-46.128357,-41.66437,-43.045925,-42.687256,-46.09114,-42.40634,-43.348103,-44.52705,-45.8589,-45.14391,-45.40238,-47.4828,-46.815132,-48.88143,-51.565727,-51.95238,-54.215225,-54.522934,-55.441505,-56.94792,-60.32152,-59.110645
2560,False,-24.858147,-28.88572,-27.25456,-30.609293,-35.260345,-36.37754,-41.636047,-43.06726,-41.527763,-39.625366,-41.23842,-40.328354,-44.792732,-43.33294,-43.548706,-41.57373,-44.051075,-46.21434,-45.608147,-45.715828,-48.22035,-48.14361,-50.63692,-49.907562,-50.036697,-50.406517,-53.259293,-54.397873,-56.585926,-57.510483,-59.132576,-58.394238
2592,False,-27.009365,-30.757488,-25.146849,-29.882452,-33.73215,-32.280323,-37.674805,-39.47982,-39.808716,-36.14807,-41.029705,-39.406975,-41.505924,-45.038902,-44.35678,-43.21278,-43.886772,-44.62027,-45.884647,-46.484314,-47.624863,-49.171272,-49.63404,-50.673824,-50.719448,-52.474426,-52.16744,-53.77379,-57.561512,-56.900936,-58.531147,-58.690445
2624,False,-30.135118,-26.393227,-26.483776,-30.613373,-33.315247,-39.760452,-39.574783,-40.20633,-35.372364,-35.442436,-40.6798,-42.930267,-42.09026,-42.718063,-43.59642,-42.434372,-42.947617,-45.761513,-45.976532,-47.42106,-48.54889,-46.532265,-48.029747,-51.22145,-52.40891,-51.66192,-52.30439,-52.83702,-57.135143,-57.160362,-58.55328,-60.9337
2656,False,-23.944942,-28.548529,-29.389074,-30.117199,-33.733017,-32.316013,-38.22353,-40.409107,-37.682888,-37.644268,-38.90364,-40.447826,-41.748955,-41.120193,-42.635254,-43.594894,-45.308094,-44.94791,-48.16156,-47.017723,-45.758762,-48.729973,-49.130726,-49.248573,-50.561264,-50.546776,-53.841545,-55.38708,-56.86573,-57.062622,-58.10377,-58.7221
2688,False,-27.35593,-33.28629,-30.284355,-31.355822,-31.924843,-33.42661,-37.228886,-38.40631,-37.414272,-38.324196,-37.950714,-38.88263,-42.37504,-43.894264,-42.765198,-41.740726,-43.201164,-46.079582,-49.447014,-47.862797,-46.04261,-47.849785,-50.845585,-49.936653,-49.75277,-51.020397,-51.69471,-53.061546,-55.839462,-55.76158,-58.940273,-59.31098
2720,False,-24.826773,-29.93289,-30.20871,-24.970934,-26.509808,-27.650936,-25.058825,-22.234098,-26.5676,-32.24456,-28.637093,-23.613651,-22.962925,-21.42988,-22.530048,-19.229942,-21.585564,-24.451006,-29.52325,-35.71568,-28.965189,-28.767845,-27.081367,-30.789734,-27.090473,-25.055216,-29.254305,-24.825283,-17.751518,-18.057898,-23.71759,-26.812809
2752,False,-26.454617,-27.431023,-31.435698,-26.2715,-28.05272,-27.600744,-32.701286,-27.364168,-31.561172,-37.688316,-33.13283,-32.61006,-30.66304,-29.394966,-32.507545,-28.732359,-32.798653,-38.71953,-36.75825,-40.88317,-40.577896,-37.677414,-41.29455,-42.704918,-38.849957,-35.768173,-37.363197,-37.035954,-31.732454,-32.921516,-38.62494,-39.905075
2784,False,-26.994282,-28.109753,-28.15729,-29.717731,-31.879492,-31.464478,-37.070366,-33.296505,-34.05761,-37.61862,-36.104565,-38.297997,-37.217438,-34.26078,-37.946373,-38.82424,-40.706516,-40.948105,-42.128483,-43.928642,-44.704254,-42.913803,-44.191246,-45.44727,-44.68075,-39.611053,-41.738663,-42.223896,-38.375904,-38.815838,-45.150467,-47.620884
2816,False,-26.167744,-28.827198,-30.427399,-28.903011,-37.23202,-35.21257,-36.031036,-32.629505,-37.00725,-43.941986,-40.88648,-39.047215,-38.576233,-38.280815,-39.75466,-38.63714,-41.1373,-47.626717,-45.856544,-45.14046,-44.55603,-42.986732,-46.45101,-49.62885,-45.92092,-44.45038,-44.598663,-45.19763,-41.237793,-42.886887,-48.558975,-51.347664
2848,False,-25.739223,-31.319067,-30.940716,-30.050127,-33.04248,-34.200657,-35.79126,-33.71343,-35.8165,-36.271503,-38.640102,-38.38315,-41.545822,-42.22258,-39.078087,-41.05977,-42.574173,-45.765137,-47.3786,-47.55529,-46.24156,-45.003326,-46.72963,-48.759403,-46.937263,-45.42552,-47.394238,-48.733753,-45.199997,-44.841824,-52.806534,-56.053806
2880,False,-24.529064,-28.42078,-29.816551,-29.616379,-29.2603,-34.410866,-37.417114,-37.714138,-37.874207,-36.80015,-38.325382,-39.081985,-42.3983,-41.652794,-41.942326,-40.69313,-46.03746,-44.623753,-44.5682,-45.176548,-46.267185,-43.915062,-48.871265,-50.073624,-50.14671,-49.909195,-50.461594,-50.12673,-49.998466,-52.10527,-56.044945,-57.28914
2912,False,-27.574436,-32.448875,-33.30832,-31.780474,-37.166286,-35.337185,-36.609642,-37.89199,-35.85604,-38.380604,-42.86249,-44.61654,-43.310776,-40.042248,-41.123283,-41.551365,-43.541927,-44.100018,-46.447186,-45.523453,-46.505505,-49.793083,-49.00817,-49.716476,-49.759552,-48.788116,-49.831905,-52.995346,-51.60749,-53.791904,-57.768456,-59.435616
2944,False,-27.97379,-26.678846,-33.649323,-32.477726,-33.215683,-35.790966,-37.00678,-36.578754,-36.767986,-39.854683,-40.05713,-44.2824,-43.798523,-41.626644,-42.248817,-45.58391,-44.75051,-46.531555,-44.448048,-44.352264,-47.15779,-50.66285,-49.89336,-50.625416,-50.60583,-51.054832,-52.211956,-54.094063,-54.909576,-53.92285,-58.399845,-59.7748
2976,False,-23.90402,-28.370668,-28.300648,-31.51536,-31.035883,-33.5537,-39.950325,-37.590687,-38.270393,-38.842796,-42.48861,-45.789333,-43.13829,-43.12645,-44.57949,-43.65056,-43.40802,-44.92707,-46.989273,-46.782936,-46.985977,-47.626766,-47.350582,-50.943943,-50.57296,-51.37196,-51.825394,-51.655342,-54.86802,-56.04433,-58.344048,-59.4681
3008,False,-24.348421,-27.120638,-26.28893,-29.39463,-33.8712,-34.582184,-36.18672,-38.36492,-38.37214,-41.289078,-39.065147,-38.617382,-43.06673,-41.034386,-41.84342,-41.96824,-43.863453,-43.90192,-46.11643,-47.46298,-46.347954,-46.783714,-49.07589,-49.76194,-50.37578,-50.748047,-52.815594,-53.452892,-56.76423,-57.293777,-59.25242,-59.99618
3040,False,-27.05598,-28.17217,-31.110874,-32.665504,-34.88952,-34.284203,-38.007675,-34.55934,-35.362946,-37.795013,-43.585888,-43.57035,-42.68265,-42.23869,-42.499485,-39.792034,-43.35343,-44.659344,-45.657406,-47.31455,-46.98562,-47.041115,-49.62919,-49.155685,-49.947468,-50.086586,-51.122383,-54.496822,-55.768433,-57.20303,-59.220886,-59.646393
3072,False,-29.658955,-27.437075,-26.34605,-30.911703,-31.790112,-33.654564,-36.500717,-38.15915,-38.65166,-39.52779,-42.544304,-39.72377,-39.71005,-39.01053,-38.62738,-42.477486,-44.946808,-48.210457,-46.080128,-47.88509,-46.91091,-47.728577,-50.74475,-50.729847,-50.637585,-52.214947,-53.37606,-54.1276,-57.329597,-57.16832,-58.520844,-59.12748
3104,False,-31.635506,-34.184082,-27.906744,-28.615244,-30.998615,-31.489326,-39.536644,-37.252583,-36.49879,-39.180878,-38.20808,-41.896442,-44.096344,-41.19693,-40.164078,-43.49775,-45.35625,-45.153465,-47.624245,-45.110706,-47.142937,-47.71126,-49.14297,-50.119328,-50.755928,-52.67153,-52.09607,-52.551685,-57.752106,-57.494408,-58.580204,-59.894882
3136,False,-23.431396,-26.015425,-28.18532,-32.978134,-35.788284,-33.17522,-39.391396,-38.156796,-41.175163,-41.055496,-43.167007,-41.46463,-38.452606,-42.65294,-45.69761,-43.152306,-45.908844,-45.93669,-45.275234,-45.178738,-46.215088,-47.42277,-49.43585,-48.314507,-50.24917,-50.694542,-50.691795,-54.54832,-56.57072,-57.436073,-58.691463,-59.77673
3168,False,-25.265009,-27.098532,-32.261967,-30.961159,-34.530647,-36.644596,-38.602806,-37.20265,-35.605377,-38.373955,-40.303246,-39.26086,-40.0165,-42.85906,-43.9889,-43.760803,-44.40576,-44.050636,-45.65355,-45.946087,-46.62897,-48.209312,-47.170185,-48.6901,-50.571995,-51.047035,-53.60251,-55.85991,-56.804665,-59.2023,-59.76478,-59.43912
3200,False,-23.868933,-27.585705,-27.980501,-29.6921,-32.019894,-34.66373,-36.520313,-37.546257,-37.802986,-39.58226,-41.18854,-40.39398,-41.310047,-44.527325,-44.267277,-43.483257,-41.307114,-43.97913,-45.406982,-46.629253,-49.550636,-48.09572,-48.520947,-51.40221,-51.595467,-53.97525,-54.332893,-55.169487,-56.63823,-57.40638,-58.470383,-60.044014
3232,False,-21.930103,-29.744854,-29.26202,-32.91782,-30.927277,-36.353363,-37.634087,-36.05775,-34.95712,-36.068398,-42.584538,-42.1419,-42.840214,-43.680756,-43.296852,-42.572968,-45.93466,-45.165516,-47.39203,-47.730133,-49.6007,-48.296963,-48.80964,-49.938835,-50.79637,-50.257812,-52.447746,-54.529766,-56.223083,-56.522797,-59.890663,-60.559826
3264,False,-22.576504,-29.335182,-24.845974,-26.162254,-27.994616,-31.695381,-32.343224,-27.04584,-32.454163,-37.92224,-33.237225,-30.43481,-28.773575,-32.241932,-31.679752,-29.356401,-32.736137,-36.42692,-41.39425,-45.31006,-42.78612,-44.60777,-44.852543,-47.382835,-50.004456,-52.010933,-52.43854,-53.420773,-52.685093,-53.84767,-57.682987,-57.402042
3296,False,-23.55932,-30.193657,-25.58139,-29.244097,-32.819324,-28.47624,-32.41101,-27.564772,-32.79165,-35.822124,-32.68776,-32.998222,-33.359104,-33.16248,-38.440605,-34.406418,-38.846375,-42.590294,-44.099636,-44.862938,-44.65297,-45.306133,-48.429165,-48.626358,-51.85965,-52.84343,-51.922127,-55.13817,-54.953407,-56.374924,-58.497147,-59.33116
3328,False,-24.008232,-24.873528,-25.42115,-29.298775,-34.445374,-33.904114,-34.74332,-37.91104,-36.48261,-36.169765,-36.406975,-37.688328,-39.462894,-39.02893,-42.364174,-41.388138,-43.99715,-44.373966,-45.490257,-43.67908,-46.28656,-49.043343,-50.53986,-49.31091,-50.443466,-51.777145,-50.52744,-52.51863,-56.734512,-57.801796,-59.622124,-59.286224
3360,False,-26.289454,-25.702198,-30.599405,-32.822685,-32.16336,-33.410507,-37.34822,-39.866646,-38.220192,-42.49029,-42.243008,-39.159706,-38.094173,-38.95041,-46.033752,-42.68569,-40.254368,-45.44235,-44.947693,-44.852448,-47.567905,-47.53435,-48.812866,-49.768158,-50.61547,-50.989326,-51.329037,-54.310986,-58.4256,-57.37205,-57.81426,-60.224136
3392,False,-23.97924,-25.718565,-29.394987,-33.861137,-32.841507,-33.56201,-35.161156,-36.94268,-37.441475,-39.003086,-37.665825,-40.168137,-41.68299,-44.54737,-44.08001,-40.61284,-42.728848,-44.484325,-44.767365,-45.89415,-45.746365,-48.351624,-51.273224,-51.750217,-50.632774,-51.124023,-50.719765,-51.55785,-56.539097,-57.607155,-60.915,-60.189507
3424,False,-23.221228,-28.126764,-31.350374,-32.188736,-29.440708,-33.345673,-36.740997,-36.40446,-37.20403,-37.46487,-38.968815,-40.89965,-39.802605,-39.269836,-44.41292,-43.12241,-42.96484,-46.141087,-48.31759,-47.201252,-49.52416,-49.742302,-47.805656,-48.51123,-52.23749,-51.914627,-52.92626,-55.420204,-56.85633,-56.703117,-59.28231,-58.43033
3456,False,-27.762268,-26.80243,-30.576187,-30.40348,-31.318457,-36.022633,-37.992348,-37.83056,-38.189117,-37.976578,-36.69091,-38.17109,-40.967384,-43.091606,-41.754845,-42.574924,-45.86701,-47.14599,-44.878998,-47.478737,-45.333336,-46.309845,-48.145317,-52.56877,-49.54989,-52.06037,-51.960014,-52.157997,-55.751766,-58.070293,-59.404915,-59.6382
3488,False,-26.986177,-27.190071,-31.534597,-32.648945,-35.36802,-33.06167,-36.088196,-39.318275,-37.488857,-41.185436,-42.854378,-42.162395,-45.850986,-45.13029,-41.046196,-40.948338,-44.200268,-46.033546,-45.717438,-44.560295,-47.170315,-48.979324,-48.492424,-50.25778,-49.47165,-50.13333,-52.40561,-52.87499,-55.829144,-57.48333,-58.37974,-59.779366
3520,False,-28.523129,-28.711405,-25.811295,-29.616154,-35.160023,-34.79155,-37.746002,-37.79716,-39.53512,-39.7526,-37.718693,-39.979763,-44.290405,-45.67692,-41.15921,-41.71913,-43.946175,-45.90812,-45.800476,-46.616455,-48.08258,-49.777275,-48.36528,-49.857353,-51.029144,-50.883373,-51.837692,-55.106274,-56.507168,-56.78415,-60.37648,-59.56755
3552,False,-21.730024,-26.459713,-29.624504,-32.744053,-32.19165,-34.722946,-39.060825,-40.266502,-36.191628,-37.709198,-41.65399,-40.93611,-40.95459,-43.818665,-43.26389,-43.62491,-44.032627,-42.285824,-46.64305,-47.19924,-47.523453,-49.06906,-51.42948,-51.619057,-50.47802,-50.73982,-52.981598,-53.642002,-56.34259,-57.634506,-58.65126,-59.69639
3584,False,-25.395985,-30.739563,-32.08493,-32.375874,-35.14331,-37.168476,-38.3103,-41.353573,-39.77182,-39.911823,-37.567783,-38.28468,-42.77693,-42.83793,-45.005814,-42.79018,-44.252438,-44.294495,-45.297012,-48.19314,-48.77464,-46.711117,-48.07946,-50.887444,-51.24374,-49.92224,-52.292614,-55.447674,-56.536785,-56.60528,-58.947735,-59.016724
3616,False,-27.753998,-29.90012,-31.442005,-30.022795,-32.67216,-33.393906,-39.688053,-45.6739,-44.76328,-41.940266,-39.01387,-40.075996,-45.47253,-45.28601,-42.556995,-44.18885,-44.549797,-45.200485,-45.98298,-45.07755,-44.588936,-45.976364,-47.429512,-49.107395,-51.00123,-51.54827,-51.937416,-54.114517,-57.08385,-56.93388,-59.96691,-59.75298
3648,False,-23.244568,-25.524246,-30.301762,-31.762142,-34.268997,-31.779663,-34.63684,-36.429657,-40.289406,-39.153637,-37.445606,-38.221107,-41.79915,-42.86041,-40.49089,-42.219032,-41.695198,-43.71956,-45.90979,-44.01781,-48.307327,-49.638866,-47.277634,-50.9269,-51.17359,-49.587,-51.22765,-52.317616,-55.315094,-56.563805,-59.319458,-58.64208
3680,False,-24.69971,-29.917097,-32.152496,-32.119484,-36.345078,-37.643963,-38.32949,-37.977776,-37.353294,-36.98816,-37.242725,-39.931145,-43.54723,-45.46248,-42.967865,-40.474556,-43.555367,-45.79795,-46.980064,-48.53203,-48.643524,-47.79018,-49.367416,-52.83776,-51.97285,-51.351715,-50.064465,-51.779938,-57.18331,-55.97771,-59.454002,-58.500042
3712,False,-24.397066,-29.787064,-27.052248,-32.610012,-36.984577,-37.599407,-38.83957,-38.108284,-37.168587,-38.370358,-39.15007,-41.202972,-45.73298,-43.900505,-43.24081,-42.809547,-43.12435,-44.41372,-44.923016,-45.61051,-46.94149,-46.920563,-48.390663,-50.870773,-50.18929,-50.512016,-51.257256,-53.831974,-57.30206,-56.597687,-59.059483,-58.793663
3744,False,-23.873575,-25.525581,-31.300407,-36.10254,-34.793774,-32.421288,-38.129414,-37.240913,-35.930973,-38.88209,-38.535465,-41.120728,-42.600204,-41.912174,-41.759754,-41.846115,-43.99464,-45.131622,-45.103325,-46.830486,-48.242714,-47.557907,-50.0624,-50.25002,-51.752632,-50.92695,-52.040855,-52.945675,-56.26272,-56.304127,-57.30191,-59.167477
3776,False,-27.130978,-28.585018,-25.898186,-29.149044,-33.516933,-35.646584,-34.92241,-39.97724,-36.073334,-34.280186,-37.964245,-40.465626,-41.171593,-41.37382,-40.666164,-43.188892,-44.732742,-43.948654,-46.879505,-47.044773,-45.09308,-48.952755,-50.071922,-52.492413,-52.027607,-51.302116,-53.1987,-53.316536,-55.536884,-55.768505,-58.254704,-60.302917
3808,False,-27.451231,-29.978897,-26.033329,-23.862396,-28.977556,-30.512932,-24.171711,-22.518223,-27.605465,-33.554455,-29.499052,-24.53019,-24.541082,-22.923754,-23.449501,-19.943674,-22.595226,-25.578127,-30.530712,-36.80381,-30.622673,-30.304232,-28.484785,-31.944302,-28.147718,-26.225824,-30.587828,-24.943926,-18.902359,-19.097609,-23.945105,-23.988106
3840,False,-26.979952,-29.013905,-24.387814,-24.251806,-29.369675,-31.101635,-32.80049,-25.855692,-31.565182,-36.58688,-31.823917,-30.935144,-29.99892,-28.261452,-30.722637,-28.143728,-33.221184,-36.763348,-34.589943,-39.45702,-38.272568,-35.794636,-37.93644,-40.856358,-36.750465,-33.61456,-36.56962,-35.072834,-29.219524,-30.511974,-34.540855,-36.270233
3872,False,-26.7487,-28.169178,-25.08736,-23.12959,-28.317978,-34.583427,-36.717674,-32.53103,-35.051163,-37.088886,-40.824944,-37.73517,-35.818954,-32.374954,-37.32529,-36.838078,-38.188835,-40.699787,-43.505936,-45.409332,-44.419395,-40.600533,-44.749702,-45.493774,-44.44924,-38.68502,-40.703854,-41.697006,-38.362286,-38.739056,-45.076393,-46.31395
3904,False,-22.516312,-26.278057,-26.835173,-28.465824,-32.354225,-32.70226,-36.005093,-34.1205,-35.44327,-39.28038,-38.499866,-39.94725,-40.58,-37.74057,-39.443867,-38.613663,-40.458645,-44.932823,-44.828335,-45.971558,-43.568424,-41.16517,-43.185165,-46.930042,-48.29743,-45.005676,-44.038776,-43.218914,-40.237984,-42.107807,-48.822365,-51.379093
3936,False,-25.324156,-28.680069,-27.913015,-32.36496,-35.806793,-37.24586,-36.087135,-35.294594,-33.087654,-35.71933,-39.72357,-39.743877,-38.942684,-38.92051,-39.717957,-39.760967,-41.857014,-43.12967,-45.513504,-47.566933,-46.33188,-45.012535,-44.96618,-46.600296,-48.869804,-46.69298,-46.610397,-46.437813,-44.185677,-44.586864,-53.087006,-54.727688
3968,False,-24.998972,-26.230034,-31.618977,-36.604694,-34.82246,-36.53208,-36.020943,-36.88445,-38.385227,-36.8914,-40.209347,-40.918007,-39.096092,-44.845623,-44.35984,-43.29107,-44.29543,-41.945892,-45.816555,-44.27319,-44.677433,-47.84751,-47.848392,-48.54425,-49.38295,-50.37283,-50.912285,-48.982643,-47.939285,-50.871307,-56.490932,-57.68528
4000,False,-27.011318,-28.555136,-32.53371,-30.760162,-30.631044,-31.928318,-37.60407,-35.58329,-34.62094,-36.45156,-41.83583,-38.924866,-39.574493,-41.510994,-41.133125,-42.775078,-45.795242,-43.228363,-45.402737,-43.549465,-48.376472,-47.103943,-49.06907,-50.368465,-51.344715,-49.976402,-50.816612,-52.349735,-50.765923,-52.92019,-58.854465,-57.469822
4032,False,-24.501688,-27.69805,-28.216766,-29.830803,-31.235277,-31.254423,-36.333908,-37.480423,-36.886242,-40.05238,-40.847504,-42.246937,-44.00332,-44.10788,-44.21433,-42.841904,-47.29341,-46.58921,-45.686207,-45.98458,-46.22314,-47.462917,-49.85584,-50.753017,-51.042576,-52.45419,-54.16665,-52.67912,-53.16027,-55.187073,-58.5289,-58.094902
4064,False,-24.743013,-28.752153,-30.783527,-31.18248,-34.733906,-35.759964,-35.575333,-36.743313,-34.87137,-37.745262,-41.452644,-46.44894,-45.70926,-41.2439,-44.18903,-44.538193,-44.28556,-43.188103,-44.505444,-46.38218,-45.878567,-47.163067,-46.372143,-49.134678,-50.868385,-51.781334,-53.35854,-54.166283,-54.570168,-55.49919,-59.77377,-58.315273
4096,False,-27.842216,-27.735916,-30.358883,-28.05827,-32.899837,-34.852623,-40.219402,-38.517628,-37.966476,-35.283516,-37.853607,-38.27573,-41.75825,-40.961525,-42.141586,-41.14965,-44.847786,-43.422974,-44.3106,-45.499325,-45.55201,-48.33249,-48.011894,-48.77834,-51.68154,-50.294014,-51.8951,-53.911728,-56.76003,-56.377533,-59.353676,-59.252888
4128,False,-24.197332,-25.817486,-31.530226,-29.322205,-33.451992,-39.113205,-35.723442,-39.797035,-40.16768,-40.61904,-41.967026,-41.962605,-42.820755,-42.12349,-42.10512,-43.398224,-43.392124,-46.337906,-45.72152,-49.82705,-47.663975,-47.931366,-50.34348,-48.61969,-48.16597,-50.550503,-52.511536,-53.484497,-57.35464,-56.994553,-59.333595,-59.921986
4160,False,-30.820122,-27.205688,-27.979994,-34.142307,-35.45157,-34.14139,-37.912136,-35.861282,-34.013573,-39.16944,-39.57346,-40.574806,-43.086464,-43.060013,-43.32303,-42.823593,-44.352627,-44.39243,-44.362865,-46.734528,-46.234932,-48.32703,-48.61573,-50.10002,-51.385235,-53.95929,-53.34682,-54.3605,-56.0175,-57.45003,-59.464832,-59.684982
4192,False,-27.857561,-28.001787,-26.389627,-29.7186,-32.66185,-34.814438,-40.08969,-37.492535,-36.614906,-34.456467,-39.288963,-39.485683,-42.734165,-45.14595,-45.354534,-44.019924,-45.1345,-47.66483,-46.801964,-47.10306,-48.03412,-46.920357,-49.082367,-49.85348,-50.39278,-52.234406,-53.06896,-54.625378,-57.28392,-56.48354,-58.224846,-58.35443
4224,False,-26.7486,-26.366314,-28.714035,-29.894236,-34.75141,-34.977474,-36.706123,-39.636684,-37.980145,-36.768158,-38.304375,-40.16212,-41.01438,-41.015724,-42.074722,-44.471546,-42.255264,-43.213196,-46.425556,-47.09224,-46.571957,-47.634827,-47.28466,-49.64466,-52.062843,-53.275467,-53.451057,-55.0491,-56.93418,-55.85013,-57.834923,-58.728756
4256,False,-24.958366,-26.661226,-29.934996,-32.824875,-32.403103,-32.60115,-36.91219,-40.270493,-39.47577,-37.9266,-41.389725,-40.53741,-42.288414,-42.585453,-43.641487,-42.313885,-41.89982,-43.512,-43.365288,-46.45597,-47.505627,-47.77349,-47.808186,-49.29442,-49.563774,-51.532967,-53.35868,-53.97486,-55.95921,-56.42304,-57.232758,-56.697845
4288,False,-23.711819,-26.709452,-29.974783,-35.806732,-36.74405,-31.217651,-35.520645,-41.00153,-37.703056,-40.625122,-41.65374,-41.71802,-44.64455,-39.875782,-41.661926,-42.090385,-44.315697,-44.242287,-44.642223,-46.6077,-46.568184,-47.451523,-51.04137,-52.487106,-49.404713,-51.017574,-50.67915,-53.111984,-57.30965,-56.457005,-59.40765,-59.30764
4320,False,-23.77089,-30.310707,-26.633673,-29.281645,-30.728203,-32.665573,-38.41019,-34.26031,-36.553684,-37.99427,-40.706383,-38.72428,-39.81283,-41.530655,-41.6223,-39.66578,-43.12108,-45.6762,-44.78469,-42.970387,-45.36782,-47.654625,-49.036747,-50.088837,-50.113365,-51.753277,-52.34921,-53.469925,-56.758236,-56.27185,-58.77069,-59.8307
4352,False,-26.27909,-30.260822,-31.435507,-27.39054,-28.425886,-27.60581,-30.670393,-23.270254,-26.747059,-32.110912,-28.219976,-28.179684,-27.066633,-29.480541,-32.13386,-28.198746,-33.11659,-37.538074,-39.77038,-42.884903,-40.375862,-42.712482,-43.643345,-46.594215,-49.23618,-50.70867,-52.110428,-53.69524,-52.341976,-53.04146,-55.538578,-57.32098
4384,False,-22.869892,-28.991276,-30.89016,-27.11969,-29.626808,-35.780415,-39.481018,-32.205162,-36.67528,-37.82375,-37.102898,-38.23796,-36.32762,-36.388916,-40.83967,-38.80307,-40.279312,-46.202198,-45.329582,-43.341843,-44.7853,-48.15677,-48.795258,-48.126446,-47.775616,-50.684776,-52.180134,-52.577362,-56.410866,-55.97246,-58.346745,-57.584057
4416,False,-26.566357,-29.294226,-27.575714,-30.45364,-30.060764,-36.562176,-37.366074,-33.700546,-36.265335,-39.10835,-37.43404,-37.421833,-39.368073,-39.813583,-43.498806,-44.060383,-45.43217,-45.488045,-43.839386,-47.1554,-47.894104,-46.346226,-47.082565,-49.37047,-49.995163,-49.682907,-51.780277,-54.28699,-57.204838,-55.71843,-57.745308,-57.515522
4448,False,-28.97444,-31.000835,-31.744316,-31.798485,-32.67353,-31.637684,-35.38303,-41.764694,-38.558674,-39.286674,-38.717632,-37.365917,-38.79902,-41.241703,-39.369274,-42.292313,-42.15061,-42.656387,-47.581654,-47.664444,-48.5807,-48.13396,-49.78488,-49.422947,-50.523697,-50.216137,-53.05595,-53.19923,-55.370426,-55.962677,-57.67932,-58.435226
4480,False,-23.057106,-28.66698,-24.492428,-30.199219,-32.794167,-31.761591,-35.61333,-36.15183,-34.949566,-39.89845,-41.30068,-41.200577,-43.59096,-41.31764,-43.997314,-45.282665,-47.26429,-46.891624,-45.059734,-44.13746,-46.184,-47.41392,-51.22333,-49.587955,-50.703804,-49.52944,-52.259796,-54.521454,-56.058315,-56.86955,-59.133904,-60.660027
4512,False,-22.605,-26.671875,-25.11272,-30.180126,-31.661089,-34.321594,-37.954975,-42.17566,-42.328697,-37.730118,-37.35206,-42.102364,-41.09912,-41.6773,-44.34471,-40.92978,-44.191826,-44.964752,-44.948597,-46.560905,-48.59262,-47.836586,-49.14283,-50.01022,-52.167343,-53.984318,-55.067574,-55.161648,-56.605614,-56.285168,-58.854607,-60.046303
4544,False,-26.159569,-29.211288,-31.46058,-29.716873,-32.691456,-33.15572,-39.96392,-37.46383,-37.533165,-37.9571,-38.956264,-41.599102,-40.07527,-40.663227,-42.44305,-41.842415,-40.848152,-43.988453,-46.753674,-45.588234,-46.46954,-46.149025,-47.487793,-45.951595,-50.92399,-50.70735,-52.501274,-55.924515,-57.52041,-55.335197,-57.989902,-61.448895
4576,False,-23.854118,-29.405956,-29.3075,-30.05718,-31.302435,-35.175434,-39.229332,-37.450397,-38.54564,-40.47745,-44.192184,-44.278435,-41.453228,-40.037285,-43.032803,-42.59357,-42.561764,-43.35343,-44.065697,-46.06296,-47.065968,-47.932846,-48.615513,-47.43597,-50.01264,-50.733227,-53.44666,-53.905792,-58.497787,-56.84145,-57.864998,-59.36357
4608,False,-24.911167,-27.23906,-27.425613,-30.671244,-32.44256,-35.60498,-36.06647,-34.703903,-34.573963,-41.345398,-40.47594,-41.792854,-41.812325,-40.960957,-42.062393,-45.82924,-45.01661,-44.852104,-44.35257,-44.098434,-47.913788,-48.390266,-49.515118,-48.06073,-50.436283,-49.284958,-52.848236,-54.067005,-58.236637,-58.472992,-59.268326,-59.83824
4640,False,-26.56528,-29.317854,-27.355484,-29.87523,-32.067245,-33.998154,-35.060764,-38.668262,-38.54194,-42.158237,-38.443066,-36.934868,-42.961266,-42.417107,-42.500816,-41.79731,-44.93957,-44.987038,-46.66252,-46.845184,-44.93326,-47.22625,-49.21944,-49.074055,-50.953423,-51.003933,-53.073235,-53.998688,-56.24445,-56.448803,-58.777885,-59.053535
4672,False,-22.205011,-29.466072,-29.66372,-33.920788,-32.871952,-32.250736,-34.604572,-36.31398,-40.579857,-38.26948,-38.00749,-38.86478,-42.279316,-40.52139,-42.039574,-44.769077,-44.815147,-45.246433,-48.262917,-47.961433,-49.666504,-46.907406,-48.20879,-50.219273,-51.734352,-50.865646,-53.142933,-55.0655,-56.798164,-56.812164,-59.232727,-60.384212
4704,False,-24.244663,-29.26632,-28.631954,-34.023346,-32.454727,-32.197536,-35.425793,-36.05967,-36.986134,-34.720615,-37.825176,-42.380314,-42.084385,-44.25703,-41.707497,-41.938686,-43.3953,-44.15405,-44.545204,-45.340416,-46.703625,-48.324715,-49.33231,-49.249207,-51.036255,-52.01516,-51.780094,-53.5971,-56.80435,-56.65457,-58.37195,-58.391384
4736,False,-24.62706,-27.256506,-26.13824,-27.867395,-31.037418,-33.478992,-37.47936,-36.900333,-35.714985,-38.372135,-40.19213,-41.10094,-41.978348,-40.017555,-40.798687,-42.03222,-43.999947,-45.020298,-46.977,-45.764717,-48.647217,-47.089195,-47.204136,-48.92101,-49.52866,-51.227535,-51.005116,-53.974323,-58.856445,-56.670433,-59.351967,-57.587196
4768,False,-24.792986,-28.335659,-30.457787,-33.509285,-33.361286,-34.302002,-40.18663,-42.308487,-41.95552,-40.106373,-39.98027,-40.797035,-42.760696,-44.43676,-42.791954,-40.582092,-43.42923,-43.18621,-46.460644,-47.162094,-47.590237,-47.965164,-49.43182,-49.626392,-48.205647,-51.493664,-53.015434,-54.85033,-56.68632,-54.98526,-57.742203,-58.170685
4800,False,-28.475618,-31.450089,-29.612785,-30.682915,-35.235123,-38.31339,-41.241676,-37.26754,-38.156517,-41.43872,-44.168495,-40.941437,-40.59378,-42.96193,-44.81339,-45.343018,-44.423412,-45.881714,-48.081917,-44.235077,-45.361942,-46.13051,-47.336807,-49.211304,-49.357994,-50.52088,-52.765575,-55.16476,-56.550137,-57.318817,-58.853477,-58.619213
4832,False,-28.063133,-30.725021,-29.940617,-30.73529,-33.500637,-31.583202,-36.018585,-38.178303,-37.18551,-39.556217,-41.942284,-44.122612,-41.01394,-39.20367,-44.314087,-45.617455,-43.668243,-44.482468,-48.406227,-44.653744,-46.88141,-49.30291,-49.337162,-50.802822,-49.199074,-50.37082,-52.635506,-55.195576,-56.360226,-57.468987,-58.23271,-59.12387
4864,False,-23.941973,-30.464003,-32.031654,-33.902542,-33.965004,-33.061558,-36.693848,-38.95037,-38.23285,-39.222977,-42.790714,-44.262814,-41.745678,-40.11736,-43.736916,-42.490273,-41.792305,-45.439926,-48.920273,-46.76165,-46.477356,-45.546833,-48.340126,-50.255608,-49.302986,-48.748055,-51.23947,-51.75694,-50.280884,-50.460487,-55.05095,-54.950035
4896,False,-23.313873,-27.205153,-29.238205,-24.29779,-27.109068,-27.59015,-24.709501,-22.529707,-27.048935,-32.9217,-26.880775,-23.921091,-24.074812,-21.206324,-22.583849,-19.309084,-22.116585,-24.802809,-28.98491,-34.46592,-29.252987,-27.809868,-27.18007,-30.374147,-26.489155,-24.439657,-28.212475,-24.082869,-17.767216,-18.438643,-23.144241,-27.776728
4928,False,-26.8611,-28.666374,-26.930601,-27.02195,-28.26668,-28.591026,-34.699806,-30.748775,-33.184086,-36.868614,-34.954556,-33.116257,-30.76933,-32.329933,-35.302452,-32.001606,-34.835308,-38.641464,-39.40645,-41.871933,-41.043926,-40.0521,-42.552917,-42.879864,-39.809055,-36.90473,-37.40095,-37.04872,-33.8109,-34.796814,-39.805714,-42.596832
4960,False,-27.357435,-26.43091,-28.631271,-29.82321,-30.810688,-32.91925,-39.307686,-34.554325,-37.39008,-37.124184,-41.561806,-38.0867,-37.788017,-36.0029,-39.019974,-37.374767,-38.392082,-40.632404,-42.101208,-44.88232,-41.91338,-42.34648,-45.37411,-46.11195,-45.604,-40.741253,-40.67167,-43.259502,-38.53245,-38.979,-45.124603,-47.7878
4992,False,-25.063612,-29.343512,-25.900747,-29.30537,-32.955788,-32.210632,-36.88687,-34.278313,-36.724247,-34.75003,-43.713387,-42.317146,-41.37402,-41.86575,-39.169186,-36.941628,-40.81964,-42.056347,-43.142845,-45.514774,-45.065533,-43.33757,-44.490555,-46.472073,-47.430626,-46.03769,-46.187904,-46.256363,-41.765953,-42.55354,-48.998672,-51.464993
5024,False,-27.106533,-32.626835,-29.993725,-32.99709,-34.917664,-34.127384,-36.155342,-38.562565,-37.89045,-38.66254,-41.13317,-39.447025,-40.057213,-41.064648,-42.67361,-43.004894,-43.50746,-42.616863,-42.346043,-48.064056,-45.34905,-46.581947,-47.48728,-49.48503,-48.80815,-46.08871,-47.17974,-47.519882,-45.716557,-46.238358,-53.687763,-55.084682
5056,False,-27.239033,-32.525364,-29.139193,-32.29233,-38.354324,-35.82068,-36.874302,-35.8305,-34.472076,-38.261295,-43.59665,-41.136528,-40.566605,-43.78491,-45.335487,-43.841915,-45.539597,-43.448837,-44.45867,-47.24846,-43.24503,-45.594734,-47.46144,-48.537422,-48.706112,-49.208214,-48.51425,-49.98705,-49.914,-52.166245,-55.67152,-56.156067
5088,False,-26.451962,-30.143032,-28.921997,-30.666233,-31.858644,-36.215626,-38.649296,-36.262913,-36.405724,-39.138535,-39.565376,-41.912865,-40.33751,-41.309277,-43.192955,-42.315598,-42.432102,-42.608704,-44.78412,-46.010315,-48.33383,-48.37892,-49.131256,-49.406605,-49.339405,-49.972107,-49.286957,-53.595146,-52.428703,-52.270355,-56.291485,-58.54437
5120,False,-23.252628,-28.21089,-30.673954,-33.78155,-33.665634,-33.30147,-38.289482,-40.510426,-36.005497,-39.18657,-40.306747,-41.842594,-43.523937,-42.72345,-42.657593,-46.604607,-47.58117,-42.460304,-45.36525,-45.95963,-48.885765,-47.567135,-46.963043,-49.665314,-50.664215,-51.627308,-51.93554,-53.14405,-55.45406,-54.79342,-57.213825,-58.27751
5152,False,-26.100338,-27.973917,-29.286049,-31.595839,-31.17416,-33.83382,-37.682682,-37.077152,-37.872658,-35.879826,-42.303883,-40.377537,-39.95979,-39.00842,-42.879433,-43.72783,-43.370705,-46.10586,-43.76883,-43.179607,-45.370884,-48.184082,-45.640865,-47.53099,-50.135834,-51.260113,-51.8544,-51.758076,-55.001396,-55.632286,-58.920517,-58.208855
5184,False,-26.124685,-27.660381,-29.41048,-33.643356,-33.322502,-34.56269,-39.488724,-37.426876,-34.16323,-35.894207,-41.721855,-43.71697,-41.22349,-40.95456,-42.255447,-41.95206,-45.95619,-43.05199,-45.791134,-46.68152,-46.920048,-47.296783,-46.831917,-48.157078,-49.909218,-52.719578,-52.717438,-51.63219,-54.190918,-55.875877,-57.65463,-59.034122
5216,False,-28.32843,-28.193382,-27.12355,-29.945814,-29.612713,-33.81313,-37.99332,-36.800457,-36.301548,-38.73775,-41.187424,-38.217815,-43.23918,-41.828445,-40.446175,-45.09053,-44.684303,-43.9847,-44.80419,-47.97364,-46.53008,-47.082363,-47.916027,-48.93501,-50.15116,-50.361042,-51.809494,-52.99444,-55.530594,-56.75278,-59.502106,-57.94952
5248,False,-21.200552,-28.588083,-29.409115,-33.747734,-34.95631,-36.647083,-35.991802,-36.981728,-40.931526,-39.658813,-41.595314,-40.38094,-39.85245,-38.058826,-44.09512,-46.32353,-46.08128,-44.40765,-46.488132,-45.26198,-45.79554,-47.350113,-48.093113,-47.992764,-49.775986,-50.385727,-52.31572,-53.83656,-55.47528,-56.802185,-58.881226,-59.323532
5280,False,-27.311348,-29.269272,-29.268715,-32.491924,-34.974648,-35.593956,-40.76609,-36.152588,-36.681057,-40.05568,-41.468155,-38.538815,-41.142155,-41.823105,-42.8159,-43.630417,-43.696854,-46.349564,-45.896538,-44.768787,-45.73104,-49.112305,-50.828938,-48.107586,-50.295063,-49.698013,-52.225777,-53.151665,-56.13724,-55.99624,-58.24505,-57.901733
5312,False,-27.068129,-29.04055,-28.880707,-31.56931,-35.11887,-35.094067,-36.263885,-35.870663,-38.007374,-38.897564,-43.083054,-41.784977,-46.325306,-45.62021,-43.610725,-41.488457,-42.33229,-46.850857,-47.05097,-44.388275,-48.75715,-51.690155,-48.72622,-50.33023,-49.557224,-49.58407,-51.334282,-53.818306,-56.388123,-57.46275,-59.59257,-57.931442
5344,False,-26.080719,-31.142864,-30.521738,-30.783035,-31.755953,-34.12546,-37.687862,-38.889233,-37.50873,-39.600433,-41.691254,-38.766136,-40.722893,-39.393246,-43.349976,-42.034363,-42.463345,-43.894394,-44.861237,-45.75207,-47.869415,-47.675034,-49.060898,-49.967163,-48.685364,-49.581604,-52.36155,-53.33025,-55.521145,-55.52337,-59.099766,-58.194077
5376,False,-21.908298,-30.964088,-31.147058,-34.281403,-30.750587,-33.226734,-38.71154,-37.050102,-38.13283,-40.004852,-39.404522,-39.473354,-41.61694,-41.699936,-43.285507,-42.16262,-43.71077,-44.730984,-46.777527,-48.541122,-48.621277,-46.815056,-48.04836,-51.105873,-51.880386,-53.27888,-50.963142,-52.279285,-55.849174,-56.480133,-58.674313,-59.349342
5408,False,-23.709757,-27.303743,-32.719444,-34.411694,-30.868668,-34.972355,-38.988945,-38.691357,-38.56474,-37.893467,-40.53354,-40.51809,-40.983524,-41.77036,-41.948013,-41.520123,-43.77349,-44.779682,-45.93762,-48.61366,-49.121376,-49.414925,-50.191883,-48.566757,-50.15465,-50.537727,-51.13617,-52.47046,-56.339203,-56.313004,-58.399017,-57.86675
5440,False,-28.662989,-30.979588,-26.678064,-29.017097,-25.852404,-28.080809,-30.47163,-23.640392,-27.959003,-32.622375,-29.179737,-28.44435,-26.439804,-31.323965,-32.04705,-27.70895,-31.680405,-36.322334,-39.89363,-43.936226,-42.33619,-44.321922,-43.421814,-47.539787,-48.65267,-49.179604,-50.39509,-51.8927,-50.04877,-52.11247,-56.401154,-56.792736
5472,False,-27.93741,-30.00232,-28.890265,-28.19174,-26.782656,-29.853329,-37.027977,-31.609442,-35.49999,-40.35853,-35.626152,-38.032124,-36.109528,-38.434097,-41.32528,-36.236008,-40.099735,-42.907272,-45.051937,-46.028896,-46.159904,-45.813984,-48.228783,-50.8782,-50.43708,-50.845497,-50.62394,-51.199757,-54.42068,-55.48587,-57.247192,-57.35427
5504,False,-23.93419,-28.995941,-29.113825,-31.112726,-29.465572,-32.62226,-38.26438,-34.397327,-34.5808,-36.05754,-38.79354,-39.625328,-40.16788,-39.596222,-43.544662,-42.640858,-43.033787,-43.44133,-43.620895,-44.679443,-47.27612,-44.94808,-48.632767,-50.374924,-50.698338,-51.92066,-50.909187,-55.80231,-55.859314,-55.329304,-58.068863,-57.61876
5536,False,-26.184368,-31.44064,-26.80874,-29.049623,-32.322044,-34.13797,-37.011105,-36.662262,-36.412514,-37.963413,-38.310524,-38.490887,-38.691307,-43.472702,-42.804012,-42.775684,-47.723305,-44.99314,-44.649857,-46.807217,-47.008762,-44.94203,-49.660816,-50.30119,-49.27588,-52.470238,-52.916626,-55.671326,-56.270645,-56.142765,-57.24464,-57.908775
5568,False,-23.717426,-26.404459,-31.930998,-31.48698,-28.624743,-30.878159,-36.33921,-35.771683,-36.11463,-41.373466,-40.009293,-43.30975,-41.75743,-43.74922,-44.144913,-45.268173,-45.994904,-44.02105,-44.666344,-45.914413,-47.214703,-48.03166,-49.760323,-50.450977,-50.588486,-50.30565,-50.928654,-54.086334,-55.947918,-56.760063,-58.55365,-58.619923
5600,False,-24.632881,-29.818258,-28.543722,-31.044596,-30.142887,-30.507658,-36.42962,-40.967564,-45.113876,-43.024555,-38.510757,-36.263134,-36.7095,-40.977955,-44.28438,-46.65525,-45.712414,-45.82909,-47.0368,-46.27659,-47.078575,-48.869377,-49.41417,-51.285217,-51.471943,-50.183876,-52.384068,-54.987915,-55.51235,-56.727272,-58.713512,-58.257843
5632,False,-23.223026,-29.931698,-34.324303,-31.840294,-32.504547,-34.42081,-36.97973,-37.808815,-37.746376,-38.79019,-40.95718,-40.442623,-38.84909,-41.80109,-44.745758,-45.89046,-43.71719,-43.699894,-44.50548,-45.276875,-47.23201,-47.7846,-50.08098,-48.17861,-51.380432,-52.299046,-52.72915,-55.06852,-56.135475,-55.691456,-59.67049,-59.869267
5664,False,-29.05607,-28.415546,-32.043358,-33.090168,-32.659393,-31.550753,-37.048866,-36.372902,-40.125443,-42.32864,-43.799633,-40.069695,-43.4572,-42.5598,-44.584354,-43.52283,-43.89048,-44.213215,-45.213142,-44.69646,-45.626644,-47.794823,-49.355972,-48.953022,-49.146034,-52.80779,-52.13087,-53.44122,-56.13033,-57.516205,-58.879055,-56.71624
5696,False,-25.24863,-25.230274,-27.935898,-34.104748,-32.81181,-35.050854,-33.90266,-37.505623,-37.209076,-38.605076,-40.00456,-42.034206,-42.127155,-40.14212,-40.241817,-43.703346,-46.210117,-46.959766,-47.24686,-47.78118,-44.13064,-45.230217,-49.637714,-49.51475,-52.412243,-54.985,-53.12355,-54.920433,-57.710907,-56.073257,-57.486816,-57.836605
5728,False,-23.921907,-26.343298,-27.68707,-30.872314,-36.14649,-38.14479,-39.691036,-37.330013,-36.877064,-39.42429,-40.266464,-38.118393,-40.250763,-41.02349,-42.852726,-44.217125,-44.061428,-46.09986,-47.343246,-48.46949,-47.252155,-46.563095,-49.400864,-49.51901,-49.83983,-52.55845,-52.13916,-51.78745,-54.244007,-56.270706,-59.33912,-57.518024
5760,False,-25.907417,-26.41322,-30.072098,-29.036991,-29.742945,-36.228607,-33.90251,-37.847183,-39.694973,-39.682648,-40.205784,-41.972862,-43.56218,-42.452515,-41.224117,-45.476532,-46.883354,-44.540577,-44.191864,-46.979088,-47.48888,-45.36646,-47.979683,-48.96856,-51.4793,-50.82718,-51.656105,-54.31202,-55.5534,-54.94635,-57.846874,-57.741676
5792,False,-29.695547,-31.368,-32.660995,-33.652546,-33.613846,-35.326187,-36.245502,-39.659615,-40.14212,-38.650803,-38.41723,-41.848366,-38.377045,-39.316586,-43.084534,-46.75961,-47.638092,-44.816612,-46.41132,-45.7249,-46.788467,-47.697777,-47.677113,-50.85366,-53.78318,-51.94715,-53.050102,-53.49524,-57.17591,-56.044426,-58.477,-58.300926
5824,False,-28.024143,-33.16847,-29.446745,-33.531277,-37.42743,-35.939106,-37.483524,-38.73895,-37.331352,-39.250946,-42.798725,-43.553165,-41.807423,-42.882,-43.079628,-41.62197,-44.72062,-46.743332,-47.50303,-47.47695,-45.991016,-47.15479,-48.239616,-47.916695,-50.39802,-51.612213,-53.371044,-53.045692,-56.648888,-54.9663,-57.709854,-58.277164
5856,False,-25.648903,-29.823637,-25.827904,-32.124336,-37.62524,-36.055637,-37.315258,-39.199383,-38.356487,-39.052025,-41.13785,-38.861973,-40.73613,-41.25653,-42.232407,-42.271965,-44.591557,-47.193222,-44.060738,-47.340096,-47.593224,-47.48397,-49.409008,-49.11751,-51.78553,-52.609066,-52.020245,-52.388416,-57.667618,-56.26676,-58.328888,-57.890594
5888,False,-25.969517,-29.528004,-27.969627,-32.194897,-32.280037,-32.671238,-37.257675,-34.486385,-35.61061,-38.22212,-40.495014,-39.329487,-42.087246,-42.107346,-43.661613,-44.716534,-47.19709,-49.785194,-49.83622,-46.790928,-48.281345,-47.848267,-49.759098,-49.365,-50.521107,-50.59006,-53.338097,-53.494286,-56.360115,-56.473965,-58.981148,-58.88075
5920,False,-25.894905,-30.727179,-27.682144,-27.710213,-31.945396,-36.291004,-38.20255,-36.387783,-35.09005,-41.906036,-39.897846,-38.0997,-41.345825,-38.551697,-42.738224,-43.274574,-45.264965,-45.640175,-45.595978,-44.84942,-48.132633,-47.355022,-47.202793,-50.004326,-51.418476,-50.296562,-53.255043,-52.96028,-56.389946,-56.88481,-58.69579,-57.459187
5952,False,-27.53045,-31.200521,-25.514309,-31.400742,-36.489326,-34.399685,-34.29428,-36.260803,-37.74923,-41.307076,-39.947117,-42.337578,-41.59655,-39.897243,-43.481236,-43.34444,-43.365196,-44.16188,-43.53611,-48.50462,-47.199203,-47.497215,-48.623207,-48.099464,-49.922592,-49.023018,-52.307148,-51.03125,-49.56363,-48.868057,-54.26845,-55.430027
5984,False,-25.89661,-27.391827,-29.16398,-22.684383,-28.319695,-28.51102,-24.626602,-20.647688,-25.980368,-34.245274,-27.50441,-22.673357,-23.567476,-21.678444,-22.349163,-18.974127,-21.970627,-25.123404,-28.678623,-34.440384,-29.158,-27.86034,-27.16236,-30.217201,-26.797646,-24.656013,-28.589966,-24.494047,-17.857584,-18.051733,-23.230694,-24.8154
6016,False,-27.002522,-26.241238,-27.09979,-25.421268,-28.21526,-30.898573,-35.103207,-31.270412,-31.647738,-38.108154,-33.413815,-32.973145,-30.883137,-31.669353,-33.820232,-30.69677,-34.63423,-38.62457,-37.39597,-41.402992,-42.593155,-40.290573,-41.527294,-44.905735,-39.758354,-37.072784,-37.44717,-36.822056,-33.78682,-34.804977,-39.403557,-41.19471
6048,False,-27.81577,-30.642159,-29.402563,-32.80309,-32.85195,-34.20111,-38.629753,-31.758297,-35.52568,-37.285522,-38.631767,-38.844963,-36.896862,-35.06428,-38.477833,-39.78898,-41.76886,-42.86882,-41.471294,-43.12239,-43.76095,-43.146385,-43.519382,-46.712547,-46.510765,-40.367714,-41.67522,-43.073193,-38.866684,-39.417706,-44.418354,-47.35108
6080,False,-23.638481,-28.988754,-26.03921,-28.511065,-35.873543,-31.069637,-36.859657,-36.970917,-36.989365,-36.48961,-37.197918,-37.01856,-37.627705,-38.939346,-40.29507,-39.756607,-41.452274,-44.66838,-45.698704,-44.72657,-43.137238,-43.329205,-46.10928,-46.065784,-46.685867,-45.83448,-45.263577,-45.652794,-41.844334,-43.22928,-49.13846,-51.346928
6112,False,-23.089476,-25.624264,-29.65993,-30.8363,-32.013687,-30.918316,-35.26717,-42.417316,-40.11005,-38.541348,-40.53157,-40.195053,-44.286503,-42.82574,-40.972805,-41.041332,-42.75547,-43.95323,-45.689438,-47.8693,-45.616375,-45.64974,-48.571716,-48.642143,-50.77716,-46.708015,-47.84638,-47.313156,-45.707363,-46.302753,-53.622303,-56.139305
6144,False,-25.92664,-30.963928,-28.00873,-29.234846,-34.725277,-36.785763,-36.770325,-42.435432,-36.227833,-38.32636,-40.521816,-42.866043,-39.17518,-40.874615,-44.219444,-43.071182,-44.020195,-44.324837,-46.45684,-46.651596,-47.23322,-47.75741,-46.43306,-50.46263,-50.19577,-49.925304,-50.81428,-50.796677,-49.798046,-51.812214,-57.28638,-56.805588
6176,False,-24.32524,-29.118912,-28.673088,-31.244213,-32.10681,-32.240685,-37.73957,-36.91257,-37.87772,-39.448494,-40.65306,-41.035503,-38.51067,-38.437225,-43.983833,-42.10983,-44.357872,-43.28099,-47.892017,-49.505672,-46.836277,-46.388855,-49.067173,-47.00031,-50.938515,-51.100883,-50.027,-51.156265,-52.757534,-53.5582,-56.133347,-59.413704
6208,False,-30.736145,-30.850489,-30.395191,-33.0805,-33.448025,-34.016575,-34.736794,-37.397232,-37.25425,-38.308647,-38.577694,-40.134205,-42.92622,-38.609673,-38.783882,-42.459255,-43.14559,-43.246655,-45.524563,-45.049404,-45.02735,-47.82718,-47.461243,-48.437,-50.547623,-51.620564,-51.89264,-54.16183,-53.320194,-53.932022,-58.470505,-58.314842
6240,False,-29.587196,-28.40646,-35.258392,-32.311607,-31.162365,-33.346565,-36.579426,-40.682304,-38.627018,-40.223946,-42.202534,-43.69229,-40.047775,-40.484844,-42.75211,-42.864693,-43.840477,-45.82319,-45.471416,-45.451298,-46.69933,-47.968636,-48.012486,-48.719997,-50.616592,-51.322304,-52.755474,-52.906418,-55.42051,-56.682735,-59.835983,-58.923416
6272,False,-27.83766,-32.72285,-31.158161,-33.36923,-29.274921,-30.21872,-36.068935,-36.251915,-43.084164,-38.242146,-39.96741,-40.781918,-42.12648,-42.36077,-42.442635,-41.531776,-42.647545,-44.440765,-44.707558,-46.997498,-45.259483,-49.104595,-49.701828,-50.83527,-50.03425,-50.859215,-51.83586,-52.898098,-56.042656,-57.15256,-59.567528,-57.71874
6304,False,-25.457947,-29.487858,-33.209663,-32.770542,-32.40524,-32.259964,-37.308502,-38.631115,-40.415474,-41.093365,-46.782173,-38.333866,-41.95309,-41.00716,-42.092636,-44.366684,-43.80836,-45.859356,-45.607166,-47.47049,-46.761856,-45.807182,-49.45606,-50.387047,-51.07316,-49.599785,-52.3448,-53.831768,-56.104694,-56.595615,-58.18241,-59.61306
6336,False,-23.904606,-26.732147,-26.75275,-31.055473,-31.732204,-32.103596,-35.369797,-35.21564,-38.19782,-41.039486,-41.418686,-40.71636,-40.62153,-42.49691,-43.53861,-42.455414,-44.396072,-43.114723,-44.987923,-46.472782,-48.972073,-47.573235,-47.968124,-50.19726,-51.026478,-52.314453,-52.550102,-55.635853,-57.46761,-57.242794,-59.884453,-60.173744
6368,False,-27.667875,-27.428558,-32.283733,-33.347782,-34.767464,-34.755005,-35.246643,-39.085747,-35.226627,-37.011086,-38.98283,-41.28306,-42.079506,-41.483948,-43.002274,-44.69993,-43.248787,-43.759254,-46.269382,-45.83085,-47.063374,-46.72875,-47.790302,-48.34913,-51.697014,-51.85591,-52.82438,-53.361797,-56.919914,-57.140556,-59.220203,-59.138397
6400,False,-27.879452,-25.763042,-31.871347,-31.883503,-30.335264,-31.621647,-37.7393,-38.024136,-40.62923,-41.28262,-38.11292,-41.32663,-39.823353,-43.0776,-45.785583,-44.171547,-44.756752,-46.22703,-48.46698,-48.14163,-47.72603,-47.836845,-46.56384,-50.036163,-51.001907,-51.17965,-52.422935,-54.19315,-57.439976,-57.22849,-57.878952,-59.167053
6432,False,-20.756027,-27.037992,-29.476135,-32.062195,-30.594492,-34.493954,-39.69103,-36.17205,-40.502113,-40.53015,-44.16023,-37.13327,-40.912975,-44.21968,-44.732964,-43.53949,-41.809277,-44.454403,-45.273212,-46.31369,-46.283794,-46.870495,-48.357258,-50.93669,-50.97776,-51.636345,-53.278473,-55.775063,-55.72808,-56.478546,-59.66173,-58.45771
6464,False,-27.504456,-31.92799,-30.450678,-33.237804,-32.23032,-33.206707,-40.81686,-39.574146,-36.122177,-37.533287,-37.777363,-38.28995,-42.68863,-42.213444,-43.881035,-45.023254,-46.6124,-47.142563,-47.147785,-47.65901,-45.061462,-46.878426,-49.90753,-50.377037,-51.13062,-50.637974,-51.751617,-54.389038,-55.780865,-57.084,-58.63025,-59.224754
6496,False,-27.489481,-28.14991,-28.589329,-31.883434,-31.033756,-31.123896,-37.270695,-36.918114,-34.88088,-42.95502,-40.894146,-43.392277,-42.308712,-44.73887,-42.692497,-42.851532,-43.399147,-45.703644,-46.559216,-45.94713,-47.72061,-47.983288,-48.685753,-48.94474,-52.6688,-52.296753,-54.303688,-56.335632,-56.928894,-57.934002,-60.990395,-59.4785
6528,False,-27.289303,-27.22109,-28.693344,-30.77246,-26.912064,-29.286442,-28.04222,-24.261703,-29.103153,-37.293694,-29.626392,-27.177734,-26.887638,-30.126123,-30.962942,-27.64163,-31.642523,-36.42234,-38.513206,-42.9824,-43.400616,-44.87215,-44.098618,-48.382416,-50.729904,-50.890472,-53.07348,-54.093407,-52.857212,-53.842438,-54.59098,-56.650406
6560,False,-24.49442,-27.258856,-29.505701,-28.603813,-32.286785,-36.93157,-35.581924,-30.7419,-35.196144,-37.2227,-35.630898,-38.778282,-36.74824,-36.20581,-41.335365,-35.735897,-41.06636,-47.545685,-44.565678,-47.040245,-46.050896,-46.508938,-47.980865,-49.416733,-51.240124,-51.749947,-52.95055,-54.118484,-56.306152,-55.675377,-58.39066,-59.385597
6592,False,-25.192516,-32.96579,-33.72248,-30.76229,-29.700333,-33.27887,-36.767357,-35.559547,-37.75689,-37.252735,-39.737526,-43.237,-41.084457,-38.128902,-45.37384,-40.31285,-42.515827,-45.672955,-43.665657,-44.757366,-45.033756,-46.27354,-47.983147,-51.352325,-51.70726,-50.923447,-52.124374,-52.952522,-56.778736,-57.245068,-58.91861,-57.369617
6624,False,-27.900818,-30.225937,-32.017635,-32.239563,-29.622194,-29.424091,-39.629974,-35.30823,-33.737904,-38.49394,-41.722218,-40.68565,-39.430416,-43.305096,-45.579243,-42.387802,-43.9538,-45.579414,-45.01438,-44.958427,-45.92118,-47.30438,-47.684914,-48.794113,-51.24098,-51.22178,-51.83176,-53.687477,-56.619026,-57.437366,-56.87639,-58.750587
6656,False,-27.74081,-28.762531,-29.86702,-32.77447,-33.028942,-35.224327,-35.86389,-35.55826,-36.394344,-38.830536,-36.8777,-40.653515,-42.979744,-43.572754,-43.081745,-46.633926,-46.73047,-44.929016,-43.045925,-45.4903,-47.67689,-47.27194,-48.26996,-51.399723,-52.41664,-52.67792,-52.218864,-54.29917,-55.457233,-57.639618,-60.276306,-58.604073
6688,False,-23.041029,-28.796034,-28.46252,-32.876194,-33.64534,-36.58472,-39.014038,-39.085846,-37.255867,-38.633083,-38.84061,-40.39253,-42.467266,-41.943466,-42.7974,-41.770157,-39.52026,-43.23751,-44.59043,-47.117813,-49.137268,-49.26592,-49.06172,-50.450893,-51.04877,-51.70571,-52.679886,-54.098583,-57.975735,-58.064293,-58.59401,-60.403976
6720,False,-23.988447,-29.563334,-26.490208,-30.797722,-34.457134,-35.894276,-42.452263,-39.394024,-36.221386,-39.177948,-39.5622,-37.810474,-40.69427,-41.635384,-41.948338,-43.141254,-44.69839,-42.855946,-47.55898,-46.00832,-46.22048,-48.439934,-48.877502,-50.357536,-50.49896,-49.97062,-51.834778,-54.026855,-56.753136,-56.654793,-57.661522,-58.27079
6752,False,-29.382118,-27.76017,-29.69955,-29.282593,-29.13785,-33.719597,-38.40765,-41.395687,-39.223648,-36.04707,-40.699764,-41.351933,-41.08275,-43.806473,-40.85914,-42.633293,-44.715694,-47.332092,-47.89293,-46.236187,-47.070522,-46.76891,-47.928352,-48.786583,-51.0906,-50.27339,-52.062263,-53.27452,-56.543316,-58.485382,-59.018227,-56.69994
6784,False,-27.093603,-29.950249,-28.102997,-31.029299,-31.033152,-32.937107,-36.76373,-34.515945,-34.14883,-37.235504,-40.715446,-40.754196,-44.32289,-41.48798,-41.289783,-42.516956,-42.860214,-45.75165,-46.005154,-46.17849,-47.035675,-47.190353,-48.542328,-50.445587,-52.082714,-52.02684,-51.639587,-54.45019,-56.513905,-55.410805,-58.84174,-57.714287
6816,False,-26.220482,-30.045034,-31.029953,-30.557749,-32.047977,-34.824787,-38.10445,-38.230137,-40.911087,-39.653866,-39.145607,-40.485172,-39.827995,-43.05119,-46.892365,-44.6828,-43.68446,-46.643223,-48.40088,-48.116417,-47.087105,-47.04335,-46.586227,-49.083256,-50.46213,-51.36812,-51.887665,-53.926147,-54.938118,-55.395542,-57.636013,-58.608856
6848,False,-25.262625,-31.370466,-28.951962,-29.784105,-32.459866,-37.33765,-40.832886,-38.78426,-40.62235,-41.59684,-41.473618,-38.02881,-38.801422,-43.483116,-46.804466,-46.20052,-44.247444,-45.881084,-45.966522,-46.96189,-48.624023,-48.77859,-48.907745,-50.46995,-50.700813,-51.118984,-51.0905,-53.82517,-55.86361,-55.815643,-59.194878,-59.117313
6880,False,-30.011045,-31.26303,-30.609339,-32.130764,-31.101295,-37.50629,-36.55134,-37.978527,-37.21273,-40.299397,-37.488247,-40.842434,-42.007126,-40.310078,-44.38162,-44.99464,-44.280685,-44.846767,-45.370773,-46.555634,-46.74166,-47.814575,-48.888306,-50.011707,-50.76208,-50.856686,-52.155575,-54.410786,-55.836617,-57.08736,-60.660606,-59.133755
6912,False,-25.087835,-27.20501,-29.432516,-31.284966,-32.003105,-34.090214,-36.39651,-36.936188,-37.06428,-38.97759,-41.315933,-37.311466,-41.141888,-43.09462,-44.745174,-43.526314,-44.318275,-44.957386,-46.405716,-46.85517,-46.791912,-48.980755,-49.050213,-50.69786,-51.823975,-51.482716,-52.33273,-53.894897,-55.794044,-56.56338,-59.19104,-60.66866
6944,False,-23.701828,-23.804401,-28.144617,-31.399094,-32.344078,-35.081684,-37.047955,-38.832047,-39.238754,-40.40285,-41.487766,-40.835682,-39.131004,-41.44552,-44.333115,-44.80583,-44.062992,-45.739334,-47.36855,-47.471584,-46.789543,-49.14596,-48.15496,-49.11306,-52.126766,-51.60385,-52.162228,-53.568424,-53.975216,-56.431885,-58.68622,-59.219032
6976,False,-27.779354,-26.296902,-29.81121,-31.10427,-31.111134,-32.1162,-36.39134,-38.923344,-35.959713,-36.418816,-42.177223,-38.31342,-41.855736,-42.938652,-42.909912,-44.889244,-46.42744,-47.68797,-45.073757,-46.761475,-46.89327,-47.817688,-47.56594,-51.360306,-49.783844,-50.345036,-53.852592,-55.37673,-54.31362,-55.69474,-58.943996,-58.323997
7008,False,-27.56268,-28.94376,-26.883476,-30.901201,-32.867245,-33.23401,-36.730816,-37.764362,-38.36186,-38.41786,-43.1223,-41.64534,-41.31521,-42.195644,-42.5379,-44.22672,-42.88642,-43.68157,-45.4376,-44.03788,-47.96144,-46.104576,-47.527218,-49.006943,-52.58507,-51.772785,-52.27707,-54.580765,-55.550213,-56.88692,-60.6333,-59.865044
7040,False,-24.415323,-26.705585,-28.39928,-29.49829,-32.60855,-34.74751,-38.01921,-39.65758,-36.787045,-39.805473,-38.61625,-42.71889,-45.830746,-47.0738,-44.198223,-44.70268,-45.657158,-44.68123,-44.312103,-44.98377,-48.51248,-44.98604,-46.850796,-49.0082,-51.136345,-52.207085,-52.979847,-53.39431,-56.379642,-56.430935,-58.91137,-59.326862
7072,False,-22.870083,-29.761955,-29.54361,-25.831842,-30.438515,-31.668236,-26.95559,-24.559578,-29.29559,-36.105164,-30.3595,-25.25239,-24.65607,-23.442562,-24.465416,-21.261341,-23.20548,-26.618874,-31.19397,-36.5676,-31.681194,-31.873848,-29.825916,-33.43036,-29.488447,-27.447569,-31.563875,-25.801985,-20.105593,-20.484266,-24.395102,-25.289955
7104,False,-24.650126,-24.20235,-26.53975,-24.252375,-29.133484,-26.193237,-31.69172,-27.406904,-33.02588,-34.92866,-30.45153,-29.936275,-29.72295,-26.74939,-29.871124,-26.491085,-32.218887,-35.607918,-33.960278,-38.344177,-36.002167,-34.086548,-35.955444,-38.04995,-34.64923,-31.561613,-34.975597,-32.629215,-26.712286,-28.11651,-31.724945,-33.654392
7136,False,-24.756067,-26.445944,-25.869846,-28.595121,-31.052706,-32.537277,-37.126213,-31.167402,-34.67711,-38.676884,-37.62789,-36.90949,-34.250954,-33.586105,-36.322487,-38.30589,-39.592594,-41.737213,-41.40564,-43.803795,-41.8296,-41.173077,-44.936043,-45.281925,-43.795414,-38.912064,-40.49003,-42.04355,-37.825806,-38.136658,-44.132137,-45.870865
7168,False,-25.052773,-27.050953,-24.24903,-27.04979,-31.796116,-34.31246,-41.919632,-35.400017,-36.1508,-37.051033,-38.606926,-40.428738,-39.525196,-37.680088,-42.23059,-38.355263,-41.931416,-44.97494,-42.17133,-44.947876,-44.472435,-42.087906,-46.48348,-47.240757,-46.62452,-43.465733,-43.66153,-42.421593,-40.217537,-41.762733,-48.758053,-49.78519
7200,False,-27.21217,-29.53866,-29.510647,-32.325092,-35.375095,-36.26907,-37.45005,-39.963715,-37.49408,-40.808037,-39.841885,-41.139942,-38.351532,-39.269707,-42.972637,-42.979103,-43.183292,-42.33286,-43.863445,-44.09184,-44.09678,-45.26793,-46.7246,-50.598022,-47.774242,-45.501106,-46.21717,-47.162735,-45.044296,-45.044167,-52.266167,-53.235497
7232,False,-26.854784,-28.259268,-28.003845,-30.415068,-30.26778,-32.47021,-37.149887,-38.725758,-39.999424,-42.63323,-43.20818,-40.809807,-38.007664,-37.431526,-41.987892,-44.03775,-44.28139,-46.063057,-46.987434,-44.666218,-45.962646,-46.445065,-46.121704,-49.010452,-49.79693,-48.825153,-49.454388,-51.372913,-48.21054,-50.62349,-56.505695,-56.775314
7264,False,-26.066683,-26.192904,-30.554733,-31.229925,-33.927635,-35.21243,-39.330048,-39.98455,-38.292812,-41.400093,-39.52445,-40.12836,-42.88229,-43.21316,-42.432198,-41.60007,-42.081165,-42.903057,-43.60317,-47.22414,-46.083633,-46.32897,-48.52222,-51.48605,-50.40983,-48.383846,-51.279503,-51.422176,-50.21792,-51.625904,-58.488518,-56.389275
7296,False,-25.471704,-25.72855,-28.493883,-32.354244,-32.294407,-33.468613,-35.08905,-40.11475,-39.141968,-42.2435,-39.87444,-39.696472,-41.428787,-40.691307,-43.634712,-44.993797,-43.840252,-43.761593,-44.430107,-47.991127,-46.986027,-45.861877,-47.40235,-50.69375,-50.59994,-51.1845,-53.168026,-53.881737,-54.341053,-54.66728,-58.143867,-58.224033
7328,False,-29.28832,-29.982946,-26.6427,-31.811743,-32.69906,-32.25026,-35.878963,-37.158318,-37.344635,-41.398872,-42.875885,-41.875626,-42.182343,-40.910583,-40.914463,-42.69525,-45.255592,-45.848885,-46.053596,-46.154503,-44.53796,-45.92819,-48.774456,-50.65836,-51.507347,-52.762604,-53.218018,-53.791992,-55.89126,-55.494247,-59.66275,-57.59459
7360,False,-25.418945,-28.019474,-26.26987,-33.26693,-34.540623,-34.686054,-36.450806,-36.002995,-35.268723,-38.82232,-40.935127,-42.068066,-42.57569,-42.660427,-43.2511,-43.678352,-44.3462,-46.239124,-47.725506,-45.41503,-46.23105,-47.687016,-48.750328,-50.04446,-52.674606,-54.72515,-50.973167,-51.75816,-53.932793,-55.18804,-58.818584,-58.337547
7392,False,-23.337215,-28.928984,-29.02264,-31.040886,-36.345417,-36.22188,-36.39403,-38.049446,-45.34916,-43.119907,-42.76743,-44.393013,-42.391212,-42.44766,-46.966125,-44.38144,-45.40636,-44.383057,-43.139645,-45.812286,-45.128826,-48.346447,-48.445568,-49.9439,-49.26274,-49.18806,-52.35046,-54.612312,-55.243813,-56.810165,-58.750328,-57.312607
7424,False,-27.842457,-28.263254,-31.034346,-31.375273,-34.025955,-36.656395,-38.371407,-39.63852,-41.69348,-37.165527,-37.56807,-39.6301,-39.27253,-45.21923,-45.46593,-42.04737,-43.219112,-43.570904,-42.937096,-46.322815,-48.38396,-48.61518,-51.612854,-51.0718,-52.81102,-51.238037,-51.68697,-53.504448,-56.147766,-57.77863,-60.552654,-59.34671
7456,False,-27.80507,-25.288002,-27.648727,-28.641857,-32.733795,-31.579725,-41.020844,-38.267838,-39.24668,-42.119217,-41.268925,-41.255272,-41.540092,-40.270416,-44.706417,-46.07584,-45.517822,-44.19914,-46.492596,-48.18853,-47.187458,-46.509823,-50.07536,-49.064644,-51.18654,-50.723625,-52.23126,-53.36378,-56.050346,-56.839775,-59.854885,-57.26619
7488,False,-27.639442,-27.577705,-28.842909,-29.683542,-33.75181,-32.640823,-36.948322,-39.508545,-37.660767,-39.799736,-40.627434,-41.414154,-41.53038,-42.123955,-42.52484,-42.868073,-44.867462,-45.140663,-44.865955,-43.839115,-44.04799,-45.342136,-48.58998,-51.008144,-50.822453,-50.352016,-52.760178,-54.03923,-55.83425,-57.15826,-60.244095,-59.48076
7520,False,-25.779606,-29.178143,-29.526512,-33.299835,-32.019363,-31.892975,-38.387566,-41.9925,-37.42427,-39.91395,-43.080124,-41.302513,-42.5278,-44.261284,-46.374077,-46.138786,-48.368393,-45.692158,-46.1673,-48.165085,-47.161636,-49.795845,-48.46041,-50.311523,-52.34382,-53.02759,-54.20757,-54.592194,-56.343517,-56.788002,-59.9086,-57.84126
7552,False,-26.036375,-28.392847,-30.047588,-31.51918,-36.062176,-34.90232,-37.379192,-41.11405,-40.05455,-42.26394,-45.221397,-41.56294,-42.65028,-42.829323,-44.62165,-43.083946,-44.669994,-44.864964,-46.71279,-48.743687,-48.655186,-48.10255,-48.942337,-50.19171,-52.01752,-52.1745,-53.738647,-54.248028,-55.10956,-55.403576,-58.610275,-57.18033
7584,False,-26.917841,-31.780533,-31.958046,-34.028015,-35.914566,-33.813694,-33.947105,-40.4569,-39.275696,-37.342472,-43.04327,-38.86803,-40.844505,-41.93893,-40.82224,-41.77223,-45.056595,-47.495804,-47.214462,-45.699768,-47.462086,-49.813698,-48.368187,-49.417934,-52.160637,-52.39641,-53.497387,-55.14771,-56.72106,-55.336155,-58.4795,-58.667366
7616,False,-23.80676,-29.735563,-30.563766,-33.384335,-35.17367,-37.76978,-37.131172,-36.014606,-38.33415,-40.552887,-39.58497,-37.74312,-38.441334,-39.683083,-39.31222,-39.323742,-40.690273,-45.226597,-45.699657,-47.131355,-47.23002,-48.451294,-48.356148,-48.252865,-50.674232,-51.56238,-52.92458,-53.698265,-56.69255,-54.45488,-57.995514,-59.30048
7648,False,-24.65852,-32.113163,-29.835545,-28.646105,-27.483059,-28.178143,-31.627728,-24.884033,-29.493385,-35.26979,-28.83972,-28.246826,-27.976732,-29.6883,-32.440704,-28.52662,-33.88319,-38.568855,-38.665928,-41.303123,-42.098156,-44.43997,-44.664722,-47.72017,-50.00324,-49.464157,-51.062477,-53.07048,-53.003925,-54.68088,-56.85489,-56.948914
7680,False,-25.8422,-23.678993,-32.95485,-29.249516,-30.374765,-31.236448,-37.26296,-32.969856,-34.168972,-39.604546,-40.06459,-41.20645,-35.14513,-36.883385,-42.145226,-38.387558,-42.13146,-45.201744,-46.8133,-45.973976,-45.19382,-47.69748,-50.458965,-50.261192,-49.77921,-51.317192,-52.398144,-55.063034,-56.14244,-56.812725,-58.928535,-59.10232
7712,False,-27.758112,-29.069305,-28.563194,-29.378328,-32.20728,-32.9652,-37.872665,-35.570473,-37.18225,-40.031075,-42.80635,-39.606686,-39.58741,-39.811813,-43.30173,-42.408005,-40.29046,-41.176952,-47.153824,-46.09697,-46.39523,-46.702137,-48.655094,-50.355072,-49.799377,-52.3436,-51.582054,-52.654118,-56.82764,-57.091743,-57.24377,-56.806084
7744,False,-23.720285,-26.942863,-24.016365,-28.357914,-34.88108,-32.24934,-37.444683,-34.785545,-36.534176,-36.726185,-39.96079,-44.10591,-39.74686,-38.89691,-45.5126,-44.66204,-40.40454,-44.393654,-44.433994,-45.93166,-45.2908,-44.416595,-48.68122,-50.574966,-51.369804,-51.35113,-51.84776,-55.095085,-57.050167,-57.294292,-57.775337,-57.258892
7776,False,-25.37036,-26.433853,-32.052322,-34.63943,-37.23314,-34.085686,-35.016968,-36.547848,-36.089172,-36.886333,-40.503296,-40.92073,-40.057873,-43.51255,-42.451714,-43.86991,-43.523464,-43.301582,-46.146427,-48.088776,-46.60682,-47.93267,-48.517704,-51.093918,-49.226173,-51.89006,-50.87838,-51.977978,-55.64612,-56.262512,-59.189754,-58.203033
7808,False,-24.272854,-29.105629,-29.268711,-30.929535,-35.655018,-34.453323,-37.37433,-38.152916,-38.143612,-39.66745,-40.435173,-41.60347,-41.29305,-41.28884,-43.778687,-43.327805,-44.948242,-46.010696,-46.94468,-46.51172,-45.45065,-47.839607,-50.056267,-48.73297,-51.27171,-51.407158,-52.083138,-55.172188,-56.29868,-56.219032,-58.194023,-58.9317
7840,False,-23.48609,-29.908249,-31.375435,-30.295856,-32.85873,-35.332317,-36.638252,-34.52497,-36.729744,-39.744835,-43.822685,-41.78253,-40.839214,-43.12609,-45.13931,-43.618782,-43.988464,-46.416454,-45.60524,-46.09243,-45.53671,-47.129036,-47.16229,-47.737236,-50.432983,-51.581806,-53.450798,-54.31223,-54.985123,-54.506527,-57.8496,-58.265083
7872,False,-21.359428,-29.323013,-30.560608,-32.90207,-32.360058,-35.276493,-39.279198,-40.61453,-43.062748,-42.263493,-40.43978,-39.14681,-38.93096,-41.360172,-44.696575,-45.65838,-43.384018,-44.50857,-46.230865,-45.035156,-45.627632,-47.906387,-49.616467,-52.00415,-50.813705,-51.562378,-53.535694,-55.427734,-57.702976,-56.18708,-58.517082,-57.926117
7904,False,-23.880713,-27.748625,-29.09253,-32.932934,-32.886295,-30.626528,-33.52074,-38.529026,-37.6622,-41.309875,-42.23534,-40.179443,-40.444073,-41.21861,-42.96686,-41.82074,-42.813347,-43.953228,-47.003994,-47.08326,-46.4806,-45.11845,-48.39739,-51.17618,-52.460266,-50.90058,-52.095547,-53.30346,-57.292156,-57.4355,-59.491814,-56.739418
7936,False,-28.965637,-28.547894,-28.98973,-32.784588,-33.644974,-33.399612,-35.37014,-39.687714,-37.387787,-39.676334,-41.21303,-38.888172,-40.895515,-39.86378,-39.84753,-44.718643,-42.206043,-44.881546,-43.637653,-46.9607,-47.561497,-48.289917,-46.631374,-48.73854,-50.259953,-51.594997,-51.975266,-53.74214,-54.169773,-55.344757,-57.427124,-59.163544
7968,False,-26.339342,-32.190353,-27.833935,-31.320322,-31.711548,-32.710903,-36.14983,-38.040043,-38.59394,-41.464188,-37.51102,-40.52471,-40.799362,-42.995678,-42.018112,-42.680656,-42.752422,-43.6945,-45.719666,-45.599804,-50.383476,-48.662453,-51.91219,-51.84679,-52.242146,-49.819847,-52.085648,-53.19475,-56.47551,-57.345695,-58.11686,-57.772408
8000,False,-23.183346,-29.183895,-28.963188,-31.43375,-32.162636,-34.241383,-31.921852,-35.284122,-38.664898,-40.82788,-40.90891,-41.848427,-39.234074,-42.86785,-44.062454,-45.439453,-47.218052,-41.29043,-45.5422,-45.667233,-48.590412,-47.166122,-47.560722,-48.84684,-50.61994,-50.993378,-54.013176,-53.331318,-56.205067,-56.329803,-57.639385,-57.6973
8032,False,-26.301266,-28.819374,-26.414022,-29.176893,-35.784203,-37.20943,-35.52057,-38.804867,-38.319305,-41.058445,-41.33863,-45.60096,-43.032974,-42.155716,-44.521126,-43.453682,-44.766014,-43.623947,-46.024136,-45.200348,-45.72546,-46.10647,-47.69176,-47.566544,-50.2475,-51.038345,-53.8353,-54.928,-56.007378,-56.118275,-58.69394,-59.034863
8064,False,-23.354393,-27.180538,-27.517757,-28.865091,-34.106056,-32.139828,-36.80854,-38.176086,-37.008785,-38.744053,-36.991848,-42.490635,-42.038998,-43.38887,-41.688347,-42.651333,-43.791443,-44.92851,-43.993107,-45.273155,-45.30077,-46.931873,-47.126316,-47.94265,-49.882893,-50.58975,-52.92772,-53.74949,-54.65207,-56.591053,-59.335495,-57.270943
8096,False,-25.883635,-28.0488,-29.308773,-30.705494,-35.35776,-38.22447,-36.806664,-35.237545,-39.37743,-41.625153,-43.098885,-43.622723,-41.688923,-40.848003,-43.373634,-47.343796,-45.49654,-44.682686,-45.12496,-48.534042,-48.390648,-45.28934,-46.71965,-50.70042,-49.188698,-50.640812,-53.29232,-54.542206,-55.695847,-56.394493,-57.296604,-56.483223
8128,False,-25.021301,-30.07942,-29.993542,-31.597813,-34.06344,-32.388493,-35.460464,-37.615288,-35.796455,-41.315536,-39.447693,-39.720417,-40.507713,-41.826595,-42.080223,-43.09238,-44.779022,-46.828884,-47.954388,-45.4211,-46.894287,-47.625126,-47.941586,-50.54165,-51.88402,-51.826836,-51.86564,-53.70936,-55.510155,-56.467247,-57.703728,-59.63372
8160,False,-24.655205,-32.75037,-32.09229,-32.67205,-35.716072,-38.95349,-40.412632,-38.372196,-39.972023,-42.137756,-44.72307,-41.92311,-39.482742,-40.15551,-40.490593,-39.14844,-40.548397,-44.399254,-46.68882,-47.288776,-45.339428,-45.251038,-48.373055,-49.667793,-48.87238,-49.432625,-50.622517,-47.565628,-44.233288,-44.67545,-48.639584,-49.144268
8192,False,-24.816612,-27.870918,-25.559383,-22.562523,-26.472973,-26.526194,-24.584322,-21.665897,-26.19485,-32.13994,-27.288734,-24.701633,-24.681892,-21.21408,-22.560692,-19.515268,-22.072044,-24.931862,-28.358833,-34.85409,-29.15081,-28.010199,-27.05949,-30.477018,-26.595686,-24.49108,-28.895706,-24.860115,-17.686768,-18.292149,-22.767012,-26.685217
8224,False,-24.394066,-26.87565,-28.64949,-27.292547,-26.609724,-31.031473,-35.856155,-30.170671,-33.77612,-40.043884,-35.8031,-34.72389,-32.19037,-31.287926,-32.9851,-30.875332,-33.706306,-39.313644,-39.620113,-41.636005,-42.168346,-39.42751,-43.291763,-44.126427,-40.44165,-37.84312,-37.756657,-37.63411,-34.329426,-35.03633,-40.458355,-43.372875
8256,False,-26.295315,-32.445595,-26.823288,-25.09364,-30.59784,-31.836075,-34.924625,-32.92884,-34.977413,-41.818382,-41.43953,-38.49488,-37.080956,-34.492294,-37.386925,-37.79012,-40.150204,-42.918175,-45.290733,-45.98757,-44.634216,-44.33288,-45.085186,-46.058693,-46.343628,-40.76059,-42.277203,-43.230824,-38.900658,-39.855293,-45.402153,-47.893353
8288,False,-22.390154,-24.818678,-28.28315,-30.941484,-30.68693,-33.034027,-36.157497,-38.40081,-38.659927,-42.07165,-40.42088,-41.218872,-39.155354,-40.160515,-40.71739,-39.88526,-42.191273,-44.029877,-45.467094,-47.24166,-44.84765,-44.996765,-47.424046,-46.46877,-47.942726,-45.143986,-45.63837,-45.984528,-41.87038,-42.892494,-48.946957,-52.458973
8320,False,-26.547825,-28.501663,-28.885712,-33.074337,-34.00611,-38.000614,-37.019173,-33.81784,-37.587894,-42.827126,-38.68115,-40.52445,-39.133354,-40.768753,-40.75754,-39.99621,-41.72646,-42.72163,-43.395737,-44.298405,-44.078312,-44.408546,-47.4509,-47.396263,-48.602318,-46.84494,-46.777782,-47.153023,-45.556793,-46.17937,-53.468555,-54.30954
8352,False,-26.58243,-27.852646,-26.132242,-28.795776,-30.766556,-34.982155,-34.725246,-35.13061,-38.99955,-42.976807,-45.466846,-43.511368,-41.702534,-40.178596,-41.65863,-42.19478,-42.841156,-45.29509,-45.543297,-45.50272,-48.266235,-48.215164,-47.712288,-48.280632,-49.415287,-50.71236,-51.307137,-50.419865,-50.039078,-50.764977,-54.627247,-56.036682
8384,False,-25.05883,-28.695087,-28.43407,-28.71135,-31.997316,-33.449677,-34.24624,-35.45131,-35.351013,-40.821377,-41.41849,-40.052967,-40.690277,-43.36222,-43.07505,-43.037724,-43.710102,-43.70575,-44.05403,-46.172222,-44.513245,-47.431,-48.83242,-49.143253,-51.834457,-50.867657,-52.150555,-52.295586,-52.430283,-55.429146,-58.542057,-58.408085
8416,False,-24.211504,-28.24997,-33.456448,-31.748543,-35.05341,-33.085464,-34.49672,-37.126617,-35.59871,-38.705593,-41.81832,-43.894352,-42.96003,-43.428993,-42.510563,-43.56759,-45.291718,-44.77198,-48.11094,-46.187843,-46.276314,-48.80054,-49.044876,-49.27903,-50.63682,-51.11996,-53.044113,-53.275063,-54.957752,-55.95335,-58.001274,-57.331963
8448,False,-24.624407,-27.885504,-30.247227,-31.295004,-32.698235,-37.17851,-39.10753,-39.75272,-39.955326,-42.628,-40.702953,-41.715378,-41.454258,-42.239994,-44.17849,-41.957493,-44.78024,-45.04142,-44.947662,-45.37487,-45.022156,-45.27099,-48.332443,-50.524498,-51.944122,-50.33596,-50.5988,-54.246376,-54.547234,-55.57476,-60.204582,-57.964226
8480,False,-24.8605,-26.224174,-27.72188,-31.390682,-32.828487,-34.263947,-38.37989,-39.205784,-38.866783,-40.909058,-40.8407,-39.832424,-42.98311,-44.29261,-44.745995,-41.884655,-43.232628,-45.15017,-46.875412,-47.346855,-46.917137,-47.711964,-48.166176,-49.934647,-50.17681,-52.36815,-52.78534,-53.477596,-56.08124,-55.811764,-59.745823,-57.87941
8512,False,-23.029478,-25.510624,-29.40239,-32.14821,-36.90615,-33.406597,-35.973923,-36.59057,-36.354767,-37.425476,-42.179356,-36.826046,-41.275753,-44.59127,-41.861897,-45.970337,-44.242207,-45.949585,-44.665165,-46.848824,-48.011776,-48.84132,-49.97338,-49.9562,-50.568413,-52.148018,-52.481037,-53.740963,-56.3015,-56.83278,-60.756603,-59.94778
8544,False,-23.24547,-28.82346,-29.523764,-28.892887,-31.174683,-34.64595,-37.49245,-40.81163,-38.396057,-40.988964,-37.83669,-38.196453,-38.18297,-42.063145,-42.87773,-45.149246,-45.577564,-44.30757,-46.4921,-45.125534,-46.000816,-47.42529,-47.8109,-48.323208,-52.532722,-50.794468,-52.603207,-53.46766,-55.976902,-56.22261,-58.72699,-55.92769
8576,False,-23.210361,-28.859575,-30.602634,-33.147522,-36.37628,-33.896698,-35.346992,-37.1063,-37.375637,-36.254265,-42.47808,-40.352165,-43.66591,-44.33071,-43.61826,-44.653687,-45.21143,-44.12812,-47.396057,-48.19479,-45.201027,-48.296234,-48.684,-49.556572,-49.78325,-51.213486,-51.919487,-53.329315,-55.958195,-56.30909,-60.022667,-57.111122
8608,False,-25.927965,-27.312115,-25.514946,-30.252083,-36.084095,-35.72552,-35.046314,-41.794136,-37.79805,-41.247387,-36.541046,-39.64829,-41.907547,-40.309654,-45.032356,-45.389843,-45.19144,-45.6287,-45.024628,-43.10677,-46.63816,-49.815536,-49.85235,-50.72191,-51.158318,-51.668186,-52.731976,-53.76537,-56.310024,-55.583324,-59.572754,-59.332764
8640,False,-28.520195,-28.61317,-25.983757,-32.712334,-31.093773,-34.003872,-36.70451,-37.11929,-37.28338,-40.25869,-39.12528,-40.939964,-40.980816,-42.560688,-43.171238,-43.997864,-43.85012,-45.527496,-47.22769,-45.329533,-47.054882,-48.279896,-49.149166,-49.294243,-52.06059,-52.077217,-51.91805,-53.713932,-56.312614,-56.13522,-58.249126,-58.980793
8672,False,-21.920048,-29.689522,-29.882261,-29.741068,-29.981718,-34.964195,-34.827137,-38.224022,-37.993847,-41.327515,-42.685104,-39.643036,-41.940884,-45.899452,-43.748287,-42.474216,-43.814846,-42.04561,-45.163994,-44.163643,-46.11442,-47.961254,-47.973938,-47.47628,-50.780846,-52.118626,-53.20709,-53.871117,-56.618484,-56.794685,-58.30379,-59.014534
8704,False,-20.040133,-25.967556,-23.81989,-31.844282,-33.017673,-33.791805,-34.47925,-32.56994,-33.745678,-38.478626,-38.51046,-34.248726,-34.52561,-37.004425,-37.366642,-34.994102,-37.93077,-42.144337,-45.825687,-46.94912,-44.692825,-45.836063,-47.69157,-49.258636,-52.075752,-52.26358,-53.251995,-52.17209,-55.563904,-56.423573,-59.50804,-57.932495
8736,False,-23.258701,-27.773684,-26.328793,-27.068752,-27.133865,-28.052471,-32.086987,-25.188683,-29.60781,-36.35852,-29.266985,-29.644716,-29.708431,-31.313656,-33.487114,-29.58527,-34.67539,-37.477287,-39.936787,-44.7628,-42.03498,-44.584064,-47.277298,-48.264908,-49.80248,-49.991222,-52.557938,-53.801098,-54.035572,-53.881626,-58.470043,-56.3897
8768,False,-27.205166,-28.90725,-25.775301,-27.48783,-33.828712,-32.603535,-32.92369,-31.308739,-32.26334,-38.169094,-35.870644,-39.87839,-37.64421,-39.342182,-39.22301,-36.93276,-41.40892,-44.04865,-47.429314,-46.15561,-45.247314,-47.09248,-48.90844,-49.32389,-51.77751,-51.273808,-52.780453,-54.536457,-56.229153,-56.097473,-58.46634,-58.426064
8800,False,-22.831501,-26.43356,-27.459639,-29.326675,-34.970047,-33.760887,-35.47368,-38.95742,-35.831448,-39.359863,-36.780514,-38.790565,-46.52889,-42.379856,-42.695004,-42.789864,-42.570232,-47.40477,-46.447327,-46.70098,-44.336338,-45.41578,-48.62912,-50.052105,-52.210014,-51.211006,-52.806953,-53.95112,-55.416687,-57.126713,-59.071575,-59.44563
8832,False,-22.790783,-28.526138,-30.32401,-33.793728,-33.359596,-38.867287,-36.48847,-35.41717,-34.128357,-40.518112,-40.414085,-39.93757,-40.470543,-41.87118,-43.72232,-42.03211,-43.21203,-46.10209,-46.674805,-45.491978,-45.455803,-47.152714,-48.57725,-49.566578,-49.363445,-52.02013,-52.12461,-53.739796,-56.598915,-55.802723,-58.009216,-59.563957
8864,False,-24.063763,-29.443682,-28.625229,-31.90523,-32.850746,-33.6202,-38.292316,-35.325283,-32.4663,-37.34796,-40.63566,-42.210392,-41.56364,-42.569088,-42.520657,-43.043896,-44.562614,-45.05179,-47.34037,-48.207626,-47.93667,-46.665054,-49.675102,-50.822178,-50.21633,-51.933273,-52.33397,-52.96549,-56.833275,-58.011395,-59.439873,-58.880962
8896,False,-23.583925,-27.860657,-30.350792,-32.501377,-33.047035,-37.656036,-38.06809,-37.986267,-36.960125,-40.07881,-39.400425,-40.195484,-40.36797,-42.35466,-43.75611,-43.20326,-43.694225,-43.698994,-45.653175,-44.92447,-44.560226,-48.226772,-46.832317,-49.465866,-50.517303,-49.89252,-52.3074,-54.32501,-57.72177,-56.21771,-58.399883,-59.25577
8928,False,-28.218441,-29.820145,-28.80098,-29.981194,-32.103165,-35.905502,-40.70598,-41.439384,-41.56069,-43.700718,-45.257603,-42.55594,-40.15743,-41.968636,-41.36712,-42.80649,-43.334457,-46.10566,-46.521446,-46.322304,-45.067635,-45.05659,-47.46834,-48.40681,-50.752106,-51.28416,-52.44864,-54.497677,-56.462837,-58.48268,-57.94735,-59.363197
8960,False,-27.535954,-28.713715,-31.064451,-30.53977,-33.518074,-33.388283,-41.51951,-38.24293,-38.85151,-40.11035,-38.43856,-40.17548,-42.11812,-43.131523,-42.447144,-42.840008,-45.344334,-46.143967,-46.71396,-46.29211,-47.586407,-46.668144,-49.63613,-49.116302,-49.751907,-51.562294,-53.1408,-54.428173,-55.550045,-55.49826,-59.34176,-58.437332
8992,False,-23.168282,-29.608044,-27.899288,-28.575449,-30.155561,-32.12932,-36.662766,-41.394417,-34.657192,-38.701817,-43.273808,-45.341934,-42.24681,-40.348503,-41.188396,-43.57906,-44.019844,-44.190235,-44.905666,-47.276722,-48.86586,-47.80012,-51.09362,-50.214737,-51.187702,-49.977608,-51.730347,-52.5131,-57.1966,-57.64883,-59.18634,-57.607162
9024,False,-25.43668,-29.708637,-25.932041,-32.05464,-32.012398,-31.80978,-37.406124,-42.479404,-38.11959,-39.938858,-39.5255,-41.036217,-41.272133,-43.303646,-45.02953,-44.7033,-47.468575,-48.270447,-45.605907,-45.294727,-45.819458,-46.39318,-47.20249,-48.634052,-48.941463,-51.157383,-53.48188,-53.132668,-56.72937,-57.17562,-58.844635,-56.78514
9056,False,-27.331875,-27.686432,-26.254772,-33.474606,-34.120224,-34.23172,-36.58746,-38.13667,-35.77378,-36.844765,-39.669353,-39.678413,-40.93313,-41.95536,-45.272705,-44.299866,-45.41989,-47.408176,-48.02801,-47.26223,-46.192303,-47.89085,-47.49375,-48.032356,-51.736073,-53.170067,-53.186535,-54.992374,-55.901295,-57.537476,-59.98636,-57.75895
9088,False,-25.889664,-26.76419,-27.26208,-30.40268,-35.405758,-36.168015,-40.303883,-40.241093,-37.96003,-40.569782,-39.365486,-41.0438,-39.12554,-38.809498,-41.152096,-43.599586,-41.104397,-43.3854,-44.200623,-47.224545,-48.341175,-47.881622,-50.10916,-51.190865,-51.895622,-53.35272,-55.58837,-55.085052,-56.47592,-56.964798,-59.860844,-56.22084
9120,False,-24.822327,-30.18679,-28.109196,-32.241272,-36.243378,-35.072266,-37.937473,-40.238262,-38.813248,-41.03885,-40.927967,-39.584038,-39.47192,-41.30184,-42.42327,-44.932777,-43.753998,-44.24963,-45.44448,-46.316063,-45.39527,-48.37215,-48.25516,-49.23133,-52.7583,-51.934097,-52.03501,-54.015892,-56.206917,-56.6449,-59.064022,-56.563255
9152,False,-26.260683,-31.264053,-31.118519,-30.811386,-33.696293,-33.058704,-35.875736,-37.342636,-38.3032,-39.622997,-38.35486,-38.960365,-41.27754,-41.91269,-41.1203,-45.86472,-45.20672,-44.32638,-45.125122,-46.199875,-46.383057,-47.101902,-48.37482,-47.92167,-50.017303,-49.870266,-50.132477,-55.31131,-57.40744,-55.888905,-59.184498,-58.168755
9184,False,-21.394356,-28.935984,-32.168488,-31.174757,-32.393257,-35.821407,-34.35448,-34.899925,-37.4258,-40.10972,-41.553047,-41.83067,-41.52378,-43.148087,-46.561195,-44.12423,-43.937702,-42.088238,-43.754086,-43.1923,-46.076324,-46.737953,-48.468178,-49.810673,-50.391964,-50.745605,-52.23796,-54.503307,-56.42647,-56.76322,-58.39787,-57.17035
9216,False,-29.428442,-29.275791,-32.714165,-33.5263,-35.15414,-34.728065,-39.187225,-38.508945,-38.630108,-37.24831,-39.489857,-41.786766,-41.456924,-47.43883,-42.080704,-45.513077,-44.682693,-45.968327,-46.425762,-46.17643,-49.291214,-47.663746,-48.281055,-50.23658,-51.451485,-52.118126,-52.108032,-53.35922,-55.870354,-56.899834,-58.63113,-56.40902
9248,False,-28.030375,-27.12,-27.797804,-26.16605,-29.761528,-31.611223,-27.984793,-24.201822,-29.145079,-32.444786,-30.908632,-25.510103,-24.831215,-24.402416,-24.406372,-21.365368,-23.902617,-27.556633,-32.105988,-38.7857,-32.2809,-32.083504,-30.40112,-33.83637,-30.07716,-28.235304,-32.0051,-27.226086,-20.440989,-20.831072,-25.993015,-29.926006
9280,False,-28.25675,-30.492085,-28.549847,-22.578318,-26.768234,-29.095463,-33.587322,-26.467918,-31.783665,-36.047874,-29.579409,-29.76017,-30.336105,-26.206818,-29.310617,-26.602943,-31.775925,-33.75253,-32.634693,-37.909027,-34.857025,-33.259605,-34.38864,-37.065884,-33.877914,-31.068272,-34.290092,-32.677723,-25.588577,-26.617538,-31.594719,-35.354523
9312,False,-23.210281,-29.103125,-29.952545,-28.746902,-32.787975,-36.777218,-40.485924,-31.871365,-33.28468,-38.58629,-38.85704,-36.95616,-33.501747,-32.75738,-36.345985,-36.565403,-38.513863,-42.03617,-41.924152,-43.501213,-44.0305,-39.96158,-43.632248,-46.126995,-43.245262,-38.801838,-39.791092,-41.10148,-37.94398,-38.19546,-44.120678,-46.308044
9344,False,-26.46716,-29.726316,-33.02333,-30.138624,-30.258781,-38.474083,-40.27245,-40.382534,-40.098557,-38.531612,-39.842094,-39.521854,-41.11016,-41.04841,-41.023155,-37.53255,-38.992897,-43.47826,-46.498497,-47.947422,-45.701256,-42.68179,-45.494286,-46.23168,-47.97696,-43.04327,-43.865486,-42.591034,-39.977325,-41.27867,-47.315784,-49.050453
9376,False,-23.43981,-29.089241,-29.92386,-29.84451,-33.06604,-37.58052,-38.366974,-34.923717,-33.434685,-37.434334,-41.297325,-39.450462,-40.12241,-42.696,-40.901188,-40.083332,-46.230896,-43.269577,-45.387836,-47.01071,-44.52777,-43.846237,-48.548946,-49.441204,-49.313107,-46.56501,-47.521267,-47.089912,-45.072197,-44.88954,-51.078266,-53.9945
9408,False,-31.182043,-30.662514,-29.935911,-30.542467,-33.47138,-34.621616,-35.772297,-36.768696,-37.511833,-38.51531,-44.043655,-44.140568,-39.062023,-37.30914,-41.941753,-42.391705,-44.28337,-43.325836,-46.412422,-45.300983,-46.44602,-46.675972,-46.911896,-48.052147,-51.04938,-49.769463,-50.82955,-49.199184,-47.267426,-49.94331,-55.56976,-57.05571
9440,False,-28.057816,-30.909616,-27.485249,-26.974325,-34.949448,-32.753464,-35.123642,-38.82728,-38.458893,-40.300426,-40.56466,-41.176468,-40.613094,-40.792168,-42.424854,-42.087646,-44.37359,-42.983112,-46.216866,-46.50549,-46.82457,-47.24148,-47.522842,-50.250507,-50.693054,-50.708317,-50.852257,-53.112106,-51.453114,-52.557655,-57.828785,-57.652134
9472,False,-27.094374,-27.456947,-26.087551,-32.045033,-38.667732,-34.256844,-35.47074,-39.57671,-39.489166,-37.050995,-42.268215,-43.935566,-41.046356,-42.577816,-45.34847,-43.402348,-45.240894,-45.910587,-45.241932,-46.414764,-45.65846,-46.228275,-46.852116,-49.909878,-51.331898,-51.221466,-50.022644,-52.373093,-53.82494,-55.498344,-58.265434,-57.927795
9504,False,-28.719702,-28.429977,-25.886671,-27.313082,-31.849138,-31.397518,-37.286243,-39.783752,-38.0889,-38.565334,-41.799675,-41.09051,-41.7009,-42.61526,-43.760727,-42.98212,-45.104156,-43.22176,-44.549026,-45.20446,-45.969852,-47.370743,-49.18303,-48.835434,-51.114586,-50.532917,-51.073174,-54.096878,-55.34189,-56.54886,-58.9476,-59.200882
9536,False,-30.907011,-27.375051,-26.541578,-30.259886,-34.324688,-36.82512,-35.407166,-39.93535,-35.852856,-41.46682,-45.607525,-47.30805,-46.701664,-42.90846,-42.174034,-41.35964,-46.68708,-44.4833,-43.67446,-45.532387,-46.804676,-47.305065,-49.293896,-49.937737,-51.26021,-52.427326,-52.202873,-53.384594,-54.922787,-58.129536,-59.533348,-57.018433
9568,False,-33.713326,-35.657944,-32.402782,-33.07162,-35.680485,-33.283535,-36.84398,-39.49258,-39.740196,-40.801125,-43.131462,-43.867493,-42.64868,-41.304543,-41.838932,-44.454002,-44.9119,-44.43721,-45.80052,-47.48352,-46.632347,-45.908615,-48.316734,-51.72537,-50.48056,-49.469296,-52.479614,-54.710464,-55.77289,-56.43045,-59.079895,-57.0151
9600,False,-25.611275,-30.079844,-31.063816,-32.531635,-33.913723,-37.33538,-40.967216,-42.330215,-41.29895,-41.72837,-40.592743,-42.307503,-43.581688,-44.77541,-44.10856,-44.2292,-45.576447,-44.80083,-44.466454,-45.50244,-45.72365,-45.85226,-48.7018,-48.977592,-51.767365,-51.47286,-50.357246,-53.60742,-57.28917,-56.19697,-58.71342,-57.124462
9632,False,-22.290947,-24.700926,-29.200552,-31.592041,-31.436348,-30.076134,-35.170826,-39.47049,-39.140087,-40.60808,-43.162403,-43.048676,-38.962997,-43.898506,-43.427322,-42.69966,-43.050785,-44.965782,-45.587746,-45.98274,-49.05634,-47.7491,-46.52619,-48.03068,-49.499435,-51.443256,-51.65406,-54.78192,-56.553352,-55.76001,-58.17206,-58.026894
9664,False,-21.840965,-30.428484,-32.931473,-30.742952,-33.084877,-32.727196,-36.7649,-35.657364,-37.33247,-39.548157,-43.443035,-43.20314,-41.144768,-39.664597,-43.14732,-45.970383,-46.916508,-44.87876,-45.848022,-49.08018,-46.901035,-48.0916,-49.40016,-51.35776,-49.3586,-52.898293,-51.82873,-52.10196,-57.637596,-56.343178,-58.95399,-56.340263
9696,False,-24.973522,-27.82891,-28.862247,-30.66002,-32.031902,-32.93515,-36.634106,-34.65137,-34.81589,-37.234272,-40.561165,-42.839798,-41.656513,-41.65474,-44.62683,-43.461777,-44.39895,-44.364376,-45.158466,-44.75276,-49.15766,-46.26323,-48.135605,-49.68735,-49.772255,-51.551964,-52.14511,-54.18829,-57.256832,-56.64368,-59.808846,-58.139385
9728,False,-28.687992,-31.786497,-29.067081,-28.820065,-36.558002,-36.520096,-37.79857,-35.106834,-37.93333,-41.31971,-44.528313,-42.212788,-43.612705,-42.599373,-40.5324,-42.394985,-43.765545,-44.51138,-44.32334,-46.46294,-46.871204,-47.16522,-46.507984,-48.002472,-51.842735,-50.701733,-51.403675,-53.652836,-55.012478,-56.83483,-58.90144,-57.623573
9760,False,-30.53389,-28.932144,-27.04794,-30.994705,-35.31006,-33.836555,-38.79085,-36.090652,-39.215195,-39.6712,-40.254143,-42.96652,-41.475708,-42.24028,-43.922672,-45.285015,-44.819748,-44.61504,-47.10118,-46.454567,-46.312996,-47.69163,-47.742516,-48.9154,-49.5367,-52.96022,-53.402924,-52.87136,-55.39908,-56.510166,-58.09631,-57.68206
9792,False,-27.54757,-28.30334,-27.491474,-27.57777,-28.807648,-34.072586,-33.69796,-32.06765,-33.019844,-37.683987,-35.827507,-31.259424,-30.466152,-35.046482,-33.985386,-32.51547,-35.321823,-38.428913,-45.064827,-45.503574,-43.92624,-44.2086,-46.677975,-48.569855,-50.550354,-50.521812,-51.434155,-54.934025,-53.518353,-54.690746,-57.299824,-58.98285
9824,False,-32.413002,-28.965694,-27.732136,-27.731,-30.32048,-30.221767,-33.21513,-27.235851,-30.505096,-34.345562,-30.467875,-32.067932,-31.14547,-30.9472,-35.18413,-31.591911,-38.31508,-40.991383,-41.645782,-46.77343,-44.268147,-44.856796,-45.53237,-48.960876,-50.26046,-51.51182,-52.817757,-53.63546,-53.049335,-54.27067,-57.10504,-58.160004
9856,False,-29.49087,-24.293997,-27.036657,-29.920464,-31.290617,-30.34813,-37.27111,-33.112446,-35.05862,-38.747963,-38.232277,-37.63361,-38.213303,-37.504944,-40.26682,-41.181778,-44.487236,-45.509712,-46.443367,-47.019688,-46.940845,-47.72301,-48.62886,-48.649746,-50.3964,-51.681065,-52.656685,-53.793915,-56.454453,-56.261272,-59.197464,-58.41524
9888,False,-23.825064,-30.859951,-29.078827,-30.981829,-34.667152,-33.92611,-35.21113,-35.497967,-37.15866,-40.138382,-37.91964,-39.950584,-42.21463,-42.0384,-42.978306,-41.017193,-43.19374,-46.280434,-46.20562,-46.36084,-47.428246,-47.609627,-47.875587,-48.864563,-49.71359,-50.914047,-52.659355,-53.311104,-54.077915,-56.1313,-59.388344,-58.364784
9920,False,-25.599812,-28.387127,-31.561123,-32.850918,-36.13962,-36.020855,-38.334385,-35.18599,-34.696327,-38.28652,-39.334194,-40.484398,-39.00804,-38.71529,-45.528595,-44.119602,-43.312675,-43.065994,-44.274017,-43.62899,-44.980637,-46.697582,-48.618874,-49.673615,-49.430958,-51.42105,-53.15551,-54.598404,-57.00089,-57.489433,-57.553284,-57.613632
9952,False,-26.574896,-27.79142,-35.244,-33.357834,-34.264282,-32.931786,-38.726303,-36.65419,-34.579403,-39.481884,-45.64273,-42.703762,-44.959152,-46.316307,-45.351677,-42.912857,-43.60908,-45.588154,-44.49549,-43.828426,-47.240356,-45.859867,-47.867035,-51.36853,-51.666027,-51.0495,-51.81499,-53.27373,-55.38984,-57.103256,-59.56626,-57.332973
9984,False,-26.120243,-33.195362,-28.608835,-28.015064,-31.14587,-36.698643,-36.540604,-34.98248,-36.11414,-38.415848,-40.267735,-44.597668,-42.60182,-45.58106,-48.24546,-42.83617,-44.113953,-45.525146,-48.531002,-48.113422,-46.38703,-47.311344,-47.89962,-52.12036,-51.478786,-52.1658,-52.79416,-53.628815,-56.84605,-56.83245,-59.325943,-58.40212
