timestamp,faulty,band_0,band_1,band_2,band_3,band_4,band_5,band_6,band_7,band_8,band_9,band_10,band_11,band_12,band_13,band_14,band_15,band_16,band_17,band_18,band_19,band_20,band_21,band_22,band_23,band_24,band_25,band_26,band_27,band_28,band_29,band_30,band_31
0,False,-30.558985,-30.16476,-34.133606,-38.591934,-35.643307,-39.411854,-44.19945,-39.560616,-38.820316,-43.05885,-44.67637,-45.847393,-48.52564,-50.1412,-47.82677,-48.96961,-50.209118,-49.6429,-53.654118,-55.127182,-55.426174,-54.016533,-52.06041,-54.10349,-56.934196,-54.936043,-58.31244,-59.022644,-59.22339,-60.963634,-64.89854,-65.81213
32,False,-29.219572,-30.498924,-33.964664,-38.79688,-37.096436,-39.15368,-40.299774,-37.32685,-38.86921,-38.880226,-44.865334,-43.217854,-45.19588,-46.014923,-48.325638,-45.21779,-42.23014,-46.94647,-50.53803,-52.399918,-50.592354,-50.256393,-49.046165,-52.19851,-53.79998,-55.217598,-56.218132,-57.21302,-56.50312,-57.608677,-62.673893,-66.00389
64,False,-29.706703,-29.202679,-32.451088,-34.283737,-38.40996,-40.556496,-43.263786,-40.397644,-42.331257,-43.367847,-41.792374,-44.624245,-42.29319,-44.979828,-44.962112,-44.40254,-47.557735,-47.060455,-49.53446,-53.27157,-48.276093,-50.785576,-51.631477,-52.7442,-53.857178,-55.58835,-54.357647,-54.07661,-59.342575,-62.701305,-64.19854,-67.04112
96,False,-28.530598,-31.148062,-32.70732,-35.571247,-34.643265,-35.64127,-40.315765,-39.653595,-37.196785,-44.078476,-45.760693,-42.804165,-43.311348,-44.673115,-45.917885,-45.446327,-48.07061,-49.463707,-50.6033,-49.63456,-49.21703,-48.18122,-50.386787,-54.96447,-53.06498,-52.689686,-55.538475,-54.598854,-59.6781,-61.97157,-64.02325,-66.38625
128,False,-27.381031,-32.756485,-31.687244,-36.789646,-37.543438,-36.41956,-39.573284,-41.297256,-39.53307,-43.454216,-42.72366,-38.21689,-40.972042,-42.59346,-45.647743,-45.453968,-49.867283,-50.638294,-49.581264,-49.79519,-50.269157,-53.24575,-54.28395,-53.58915,-53.899384,-54.957905,-56.390892,-57.555992,-61.128525,-62.591,-64.79302,-65.57962
160,False,-29.018024,-31.416573,-32.78299,-35.391834,-36.280033,-37.33536,-40.36782,-41.236534,-37.74049,-36.517384,-42.315468,-42.193367,-42.75818,-45.112385,-48.60383,-46.789307,-45.83757,-48.26465,-49.548035,-49.494415,-50.061947,-52.26882,-51.29002,-50.971813,-52.231464,-54.426918,-56.58712,-58.329338,-60.528393,-61.287273,-64.15987,-66.28607
192,False,-30.245054,-29.898165,-34.399715,-41.28016,-41.17694,-42.20953,-39.786743,-40.88505,-39.88464,-40.72574,-43.606983,-43.456593,-43.516228,-48.581844,-48.04683,-45.721733,-46.567535,-46.778145,-49.79227,-51.161194,-52.03904,-50.162395,-52.35826,-51.988556,-53.34413,-56.948868,-55.954193,-55.986702,-60.383186,-62.839848,-64.20858,-66.05719
224,False,-26.37793,-31.694376,-32.833782,-38.530888,-35.149654,-38.541443,-37.323803,-37.54053,-38.687416,-41.104477,-45.304398,-46.92092,-42.501106,-44.057564,-45.476097,-44.44262,-45.20867,-46.27752,-48.789997,-51.122437,-51.46667,-51.785503,-50.725204,-51.401066,-53.38986,-56.82025,-56.005596,-55.675133,-59.740963,-61.50222,-64.4498,-66.15216
256,False,-30.172417,-32.09419,-33.343422,-39.014584,-42.176384,-38.63585,-40.496975,-40.47678,-35.479973,-38.65927,-44.65992,-42.553715,-44.978317,-46.06346,-48.82773,-43.166565,-44.39259,-48.095535,-49.299866,-50.093998,-50.503574,-53.10152,-52.50586,-52.989723,-54.79686,-56.08796,-54.026608,-54.798985,-60.072403,-61.373207,-64.30182,-66.755135
288,False,-27.855408,-34.64891,-30.918404,-34.645454,-42.233917,-37.983704,-42.13242,-40.159843,-40.43453,-40.483814,-38.699604,-41.225304,-40.9982,-44.643574,-47.02284,-41.945625,-43.887184,-47.624645,-51.196384,-51.06043,-50.372738,-50.553627,-50.142193,-50.70912,-52.747482,-56.199097,-54.6174,-55.333027,-59.318253,-60.870113,-64.428894,-66.04928
320,False,-26.565853,-30.618843,-32.20387,-32.985214,-35.229362,-37.267776,-36.1662,-33.812355,-36.883892,-39.05598,-38.360046,-35.6901,-35.47047,-38.96848,-39.17109,-35.569435,-39.40909,-42.911476,-47.7536,-47.97911,-47.871033,-49.633926,-50.257545,-50.002846,-53.1881,-55.37619,-53.526634,-55.623737,-58.025852,-59.202614,-61.67254,-64.41602
352,False,-27.560074,-29.699104,-33.231483,-28.301865,-29.735336,-29.771425,-30.265932,-25.057726,-29.904144,-34.69332,-29.678003,-29.401953,-28.683212,-29.552858,-32.754597,-28.347187,-34.094055,-38.86424,-39.530884,-43.582085,-42.39006,-44.676163,-45.833797,-49.24654,-51.572197,-50.614185,-53.811676,-55.749023,-52.301094,-54.663353,-57.789513,-60.38395
384,False,-27.193707,-28.785486,-31.574203,-29.718142,-31.797152,-34.240288,-39.73678,-33.918953,-36.235485,-40.449135,-41.226994,-39.161537,-38.191113,-39.426178,-44.714622,-40.12149,-45.096798,-48.469986,-47.153732,-49.806297,-48.87944,-51.028725,-50.651745,-52.60424,-52.00497,-53.02086,-53.814144,-54.26148,-59.533062,-59.890625,-62.304108,-63.93559
416,False,-28.810326,-33.7674,-35.033413,-34.33482,-32.994324,-35.990314,-40.427433,-40.96966,-39.266235,-40.495724,-37.832905,-39.19653,-41.025017,-40.55366,-43.755806,-42.05446,-44.127846,-51.369267,-48.417503,-49.110416,-48.995064,-50.6364,-47.85293,-47.913628,-52.608055,-53.494648,-55.013016,-55.357506,-57.8121,-60.45508,-63.19386,-64.25566
448,False,-27.444199,-30.564919,-34.711647,-36.489685,-36.261925,-36.056244,-38.168102,-39.976955,-37.56473,-41.316933,-43.391792,-46.519627,-43.018173,-43.540543,-44.263767,-41.681282,-45.616142,-45.805553,-48.129944,-50.97358,-50.76202,-51.067677,-50.84108,-50.054047,-50.473843,-54.08064,-53.99095,-55.138344,-59.033142,-59.780937,-63.11314,-64.5643
480,False,-29.395061,-32.939194,-36.553352,-39.33758,-40.820164,-39.300198,-37.68877,-40.7365,-41.12248,-45.52659,-43.4404,-43.63723,-42.796513,-43.028465,-44.618355,-43.25737,-44.96575,-49.291286,-51.499077,-50.169224,-49.232605,-50.598625,-50.605656,-50.3919,-51.76432,-53.16256,-55.048405,-56.758694,-60.18937,-60.925232,-62.44026,-64.542915
512,False,-30.977615,-34.133106,-36.94211,-37.037766,-40.832462,-39.966072,-39.496017,-42.385765,-41.00509,-40.377052,-42.16681,-44.658207,-41.979122,-43.556953,-46.62935,-43.59072,-46.034363,-45.463757,-52.15416,-49.120155,-50.184097,-50.85586,-51.517654,-52.460064,-53.69046,-53.604923,-54.7268,-56.932793,-59.139385,-59.754684,-60.933067,-64.04255
544,False,-30.52295,-33.305756,-35.19505,-38.55042,-40.679504,-39.25934,-38.885113,-37.23187,-36.601055,-40.12617,-44.745426,-45.65456,-46.70687,-45.75749,-42.525574,-42.144283,-43.82687,-45.616608,-48.901566,-48.413258,-48.962883,-50.69007,-50.32486,-51.320576,-52.606625,-52.034332,-53.403034,-54.972145,-60.10949,-59.562584,-62.64621,-62.818474
576,False,-29.18395,-33.702145,-34.679245,-35.40093,-38.144554,-41.386803,-39.701622,-39.869484,-40.1575,-41.729053,-47.55584,-45.35377,-45.92769,-46.943703,-47.053837,-43.05867,-44.05956,-44.89336,-51.436954,-50.133408,-52.89536,-51.605698,-49.404865,-51.53687,-51.922516,-53.0096,-54.800343,-54.27215,-57.66259,-59.963203,-62.137665,-63.740433
608,False,-30.044538,-31.881104,-34.387398,-39.938847,-37.541023,-36.07925,-38.673134,-38.493137,-41.39379,-44.568443,-44.400097,-44.256344,-45.686455,-45.390144,-45.058212,-46.093937,-45.842278,-45.991665,-51.901707,-51.85019,-50.93926,-51.402275,-50.273056,-51.05935,-52.254963,-53.609886,-54.599762,-55.548927,-57.950405,-58.583256,-60.370834,-62.215687
640,False,-27.663696,-29.676172,-36.971058,-36.50811,-36.45825,-39.954178,-38.671875,-36.650333,-39.800407,-43.452305,-44.809288,-45.465317,-45.86432,-45.026745,-45.62084,-42.584045,-45.191025,-47.526993,-52.35437,-53.05468,-48.12458,-49.853573,-51.36434,-51.22735,-52.707043,-52.23328,-53.39418,-54.35971,-57.691444,-59.59911,-61.626816,-61.30968
672,False,-29.800337,-34.351593,-36.466736,-37.13226,-37.776108,-42.330696,-42.70188,-40.76725,-37.616558,-38.620316,-43.100533,-46.130096,-45.16598,-46.00454,-44.51092,-42.752686,-46.111626,-51.316612,-51.86043,-49.956837,-51.29347,-50.986435,-50.63225,-51.867485,-52.647385,-51.36606,-52.556686,-54.356617,-56.501625,-57.869293,-61.13882,-63.786335
704,False,-29.73338,-34.698017,-37.870827,-36.83799,-34.518265,-37.75344,-40.605934,-41.051044,-40.74673,-40.561264,-42.840405,-45.49147,-46.768387,-46.524776,-44.460506,-45.339832,-45.895878,-46.804504,-48.83805,-49.596497,-49.55629,-51.18138,-50.621933,-49.47697,-51.732704,-52.646996,-54.22403,-54.66279,-56.428333,-59.98644,-61.667587,-64.08359
736,False,-29.404892,-29.668036,-34.242588,-35.406918,-39.920113,-39.78808,-43.341312,-40.690266,-44.897884,-41.11953,-42.143272,-42.499115,-43.83623,-44.49072,-46.146194,-43.521637,-41.64802,-45.261734,-49.002823,-52.66966,-50.624855,-49.57943,-50.253456,-50.06235,-50.73792,-52.05908,-52.735523,-53.225513,-57.415524,-60.356106,-62.096,-63.10961
768,False,-34.486366,-31.19759,-34.565384,-35.752193,-37.33754,-36.577133,-39.621536,-44.88292,-44.619354,-40.250183,-41.1659,-43.33878,-45.072113,-45.34216,-44.92992,-42.34842,-43.32762,-46.986824,-51.091,-49.71634,-48.228916,-52.237797,-48.090363,-51.148857,-51.382713,-51.51062,-54.65435,-55.28579,-58.6707,-61.45929,-62.581882,-63.864197
800,False,-29.979412,-32.452534,-34.9033,-37.142242,-42.57715,-41.995163,-39.975452,-46.14612,-42.106697,-38.389557,-45.218346,-44.53939,-44.289894,-43.860134,-41.311764,-43.534233,-46.433083,-49.71489,-50.04824,-50.23224,-50.269554,-51.975197,-51.170036,-52.078636,-50.995426,-52.672535,-55.224068,-54.506363,-56.77868,-58.643303,-61.77515,-64.08065
832,False,-30.078783,-32.243366,-34.248604,-39.30734,-41.54524,-38.024548,-40.55004,-40.575836,-37.769207,-37.828148,-40.66238,-43.35147,-40.834312,-41.08445,-46.012367,-40.327892,-44.523354,-46.85442,-46.120033,-48.36916,-50.059284,-52.792336,-49.268753,-51.348553,-49.99554,-53.147728,-53.13261,-55.656094,-58.700985,-58.922234,-60.812374,-64.06521
864,False,-28.939453,-31.050577,-30.429054,-37.359978,-35.589783,-39.024063,-42.257835,-41.72677,-42.69106,-39.262115,-44.22531,-43.135967,-42.427284,-40.887672,-42.744293,-43.16288,-42.48961,-44.292034,-52.43231,-51.965546,-48.69383,-49.82551,-49.264027,-49.91974,-51.01673,-52.632545,-53.025017,-50.437553,-49.115044,-48.40001,-52.325417,-54.385544
896,False,-28.520329,-31.57457,-32.220543,-24.910088,-29.171736,-28.697556,-24.247152,-20.694254,-25.97285,-30.984165,-26.690474,-22.898512,-22.638836,-20.268753,-21.637821,-18.94736,-21.591618,-24.346565,-29.083597,-34.46979,-28.671486,-27.322979,-27.326975,-29.46967,-26.717623,-24.281948,-28.81571,-24.548878,-17.377964,-18.284813,-23.265606,-23.259905
928,False,-30.950983,-30.384333,-31.847544,-26.20929,-28.018988,-30.74809,-36.165432,-28.740345,-34.38374,-41.11001,-34.702316,-33.59606,-31.343132,-31.362305,-34.38338,-30.41272,-34.664906,-39.92109,-39.03528,-42.58936,-41.736214,-38.5567,-41.198814,-43.79013,-39.801567,-37.88267,-37.84583,-38.427177,-33.268463,-33.927742,-39.58607,-42.169113
960,False,-27.706871,-29.443665,-32.593697,-34.038578,-32.88784,-37.72887,-38.444504,-36.096222,-37.293655,-38.106464,-39.327816,-40.0304,-38.60371,-35.576305,-37.883297,-36.277576,-40.32685,-44.55339,-43.30297,-47.199745,-44.19069,-41.735886,-43.404957,-45.769405,-45.28023,-40.09987,-41.728382,-42.996937,-37.80232,-39.453407,-45.164562,-47.071465
992,False,-29.992897,-33.13803,-32.470413,-32.52038,-35.674927,-39.470932,-40.444027,-40.29188,-41.901,-38.23931,-36.925568,-43.923233,-41.132973,-41.583862,-38.561966,-38.006435,-40.377155,-45.26985,-46.383797,-47.161858,-46.128952,-44.202923,-45.830593,-46.66089,-46.91503,-45.75936,-45.90868,-46.87902,-42.06095,-42.905167,-49.702293,-53.27408
1024,False,-31.697435,-32.70268,-33.089195,-37.105145,-34.20405,-37.806732,-40.355995,-37.35101,-39.452816,-36.219067,-40.939598,-42.05736,-42.425426,-42.671703,-41.284355,-39.52616,-44.61048,-45.851456,-47.165977,-48.968452,-47.420906,-46.179443,-48.66955,-48.18773,-46.976776,-46.716606,-47.86406,-49.02945,-47.0652,-46.630714,-54.087616,-58.60586
1056,False,-31.613773,-34.719143,-32.398468,-32.9499,-36.583084,-39.65439,-44.61597,-39.794342,-39.19091,-39.426743,-45.093456,-44.553505,-45.92113,-43.648132,-43.675137,-43.019722,-42.870636,-45.884327,-50.66688,-51.867188,-47.89399,-47.79297,-48.8887,-49.1021,-51.30143,-52.438625,-51.967278,-52.127377,-48.1578,-50.073067,-57.408195,-59.448353
1088,False,-28.645628,-30.743483,-35.61168,-34.43559,-35.196274,-40.34021,-37.492638,-37.754684,-39.893677,-39.92643,-45.085068,-44.16489,-45.941273,-46.509052,-45.495674,-39.236965,-40.772667,-44.179996,-49.140057,-48.811523,-48.32856,-49.187294,-49.71766,-48.366528,-49.24842,-50.097614,-53.05057,-53.04402,-51.596073,-54.06469,-58.29991,-60.77171
1120,False,-26.52917,-34.275375,-37.1102,-37.96689,-38.970646,-39.744164,-38.97654,-41.28115,-42.702652,-36.969406,-43.09601,-46.24584,-43.519547,-44.70367,-44.46454,-43.21473,-41.343826,-42.79561,-47.27935,-52.081512,-47.298317,-46.76021,-50.325657,-50.12429,-49.000496,-49.648735,-51.113697,-53.738235,-54.956135,-55.508644,-58.9402,-61.769657
1152,False,-30.409645,-31.914091,-36.274544,-36.76308,-36.284462,-36.331993,-36.863346,-39.478283,-42.102818,-39.246727,-39.828983,-39.659336,-42.988678,-42.125736,-42.45434,-43.568146,-45.665096,-46.709877,-47.63813,-48.852333,-48.84476,-48.956047,-49.854332,-50.17115,-50.110516,-51.538635,-51.98929,-54.12493,-56.412792,-58.454544,-59.829895,-62.36784
1184,False,-29.539206,-32.712036,-35.842316,-36.738953,-35.947792,-36.631115,-39.984013,-40.32631,-40.1079,-39.66352,-43.304718,-47.94506,-44.379803,-43.994133,-44.55448,-44.12167,-43.58699,-45.23964,-48.259293,-49.37952,-50.464874,-51.547768,-49.84453,-53.24945,-52.11115,-51.923622,-53.759212,-54.69368,-57.25628,-58.811035,-61.2216,-62.142544
1216,False,-27.61433,-33.06083,-34.244045,-35.47518,-37.95206,-39.852478,-46.614105,-41.623596,-39.242638,-41.04484,-45.91125,-47.973824,-43.182976,-45.203712,-46.545265,-46.617146,-47.51946,-47.341743,-50.410065,-53.447475,-52.676575,-51.197136,-50.241302,-49.594666,-50.756435,-51.562737,-53.063446,-55.879463,-58.32478,-59.19597,-60.439323,-62.616318
1248,False,-28.751276,-28.06873,-33.27765,-35.961403,-38.42587,-40.902515,-41.713253,-42.224022,-42.49881,-45.927353,-45.429886,-43.595486,-41.43536,-43.451897,-46.220673,-45.631508,-43.68566,-45.60307,-50.898327,-48.440228,-50.816154,-49.212357,-46.93783,-49.843937,-51.801315,-52.45349,-53.69898,-54.94583,-57.944168,-59.096264,-61.423588,-61.881557
1280,False,-28.210451,-33.490658,-33.209866,-36.989056,-37.18805,-38.434093,-43.09814,-42.378754,-41.050755,-39.52992,-41.12848,-42.54519,-42.958813,-46.624012,-46.711853,-46.735603,-39.038074,-41.147774,-47.88811,-47.88345,-48.29721,-51.86043,-49.47969,-50.044537,-49.79866,-51.53175,-53.23394,-54.008312,-56.560253,-58.126793,-62.197845,-62.054077
1312,False,-29.961407,-36.43429,-37.992428,-38.936466,-39.02031,-39.525574,-39.40572,-42.848984,-41.105022,-41.176994,-43.979813,-44.437614,-44.950066,-43.047974,-45.30713,-45.361923,-43.07251,-45.560574,-49.973213,-51.4937,-50.777927,-49.666744,-50.14957,-50.67498,-52.115685,-51.2328,-52.772865,-54.09119,-58.08458,-58.42918,-62.296616,-62.57029
1344,False,-30.773518,-35.730896,-34.473896,-35.84195,-37.889244,-41.338634,-40.415325,-39.97422,-41.822376,-40.866734,-45.357853,-44.375668,-45.542725,-45.119034,-46.13895,-42.82975,-41.89474,-44.13838,-49.645996,-51.1399,-49.619976,-49.338737,-46.11663,-48.625916,-52.207817,-53.284798,-53.31488,-54.22669,-57.524902,-58.4564,-60.92678,-62.053444
1376,False,-32.08797,-35.384937,-37.454494,-38.241394,-36.967663,-38.34162,-41.856342,-43.4676,-42.99026,-41.04689,-44.492073,-43.584858,-46.51175,-45.30551,-44.483986,-48.3317,-46.5195,-47.985367,-48.045334,-48.947186,-49.07068,-49.50373,-48.055145,-49.927437,-49.83967,-51.84194,-52.393612,-54.95965,-58.027756,-59.865932,-62.512165,-62.71883
1408,False,-30.572098,-34.56395,-32.758743,-36.69301,-39.147232,-37.44097,-38.546455,-40.76025,-40.77157,-39.759712,-41.89121,-46.255245,-46.441483,-43.938175,-45.8012,-42.038544,-44.1299,-45.877686,-49.958538,-51.069904,-49.33727,-50.003815,-48.059914,-51.006794,-48.367928,-53.153214,-54.07306,-54.421345,-57.589775,-59.115147,-62.11216,-63.54438
1440,False,-32.816463,-33.086704,-34.4736,-32.232193,-27.275583,-30.938213,-30.553188,-24.49427,-28.949144,-33.92614,-30.037476,-27.990211,-26.913631,-30.424688,-30.24112,-26.609043,-30.3545,-35.19168,-40.073463,-44.09182,-41.40543,-44.23314,-41.755127,-46.56725,-49.870605,-51.510197,-51.442635,-52.6035,-50.722614,-52.48208,-56.003136,-59.430275
1472,False,-26.551056,-32.263973,-34.28733,-32.36863,-29.086065,-29.802229,-36.37637,-30.496136,-34.86831,-37.379345,-35.50737,-36.506416,-34.90893,-35.863033,-39.47389,-35.534763,-41.47699,-44.216026,-45.307316,-48.137802,-47.448906,-46.647774,-48.30384,-47.808548,-46.959576,-50.154068,-52.42466,-52.171913,-56.615757,-58.456154,-59.427597,-61.951424
1504,False,-30.246262,-31.94378,-35.62673,-34.974407,-32.419556,-33.74069,-37.46632,-37.16022,-40.508656,-45.592216,-44.422195,-41.522003,-40.06428,-39.86869,-43.548397,-45.16151,-45.245102,-45.75052,-47.4971,-49.13549,-47.860718,-49.886658,-48.7883,-48.419785,-49.4194,-51.847343,-54.499763,-55.028877,-58.295933,-57.77876,-60.61621,-62.09916
1536,False,-33.90661,-36.816933,-40.028072,-34.92047,-37.485756,-38.816235,-41.261196,-38.51085,-42.806683,-40.608025,-39.590942,-42.544155,-40.330166,-41.18761,-46.78659,-44.86297,-42.05643,-43.57117,-48.87322,-50.043793,-47.2282,-48.66688,-48.009598,-49.51075,-50.678326,-50.644333,-53.38766,-55.357605,-56.86758,-58.74449,-61.62059,-63.229973
1568,False,-32.00895,-34.97435,-35.970768,-34.615032,-34.601753,-35.188858,-39.4877,-42.376553,-41.93922,-40.26896,-38.04617,-43.278145,-43.84397,-44.213615,-45.207993,-43.22388,-40.314087,-43.46916,-49.557693,-47.4685,-51.111225,-49.747547,-50.56719,-49.83634,-48.460575,-51.20739,-52.973095,-53.307755,-56.69216,-59.246258,-59.97676,-63.227962
1600,False,-29.902786,-32.006214,-33.948177,-40.373962,-37.42712,-40.674774,-42.726242,-41.22398,-41.640438,-36.690754,-40.88025,-42.618248,-43.19271,-44.986668,-43.550888,-44.247097,-42.255993,-44.821526,-50.234833,-48.03132,-49.64889,-49.720642,-49.517883,-51.532654,-50.197433,-51.3026,-51.532845,-52.995026,-58.30753,-58.537292,-60.56257,-63.96986
1632,False,-32.314384,-27.165434,-31.87078,-36.55742,-38.05843,-41.715424,-40.08541,-39.861546,-39.77947,-37.32925,-42.172943,-40.33668,-42.490273,-47.467083,-43.518196,-46.90845,-40.57858,-42.661514,-46.292553,-46.694508,-48.759445,-50.9415,-49.373657,-49.448555,-50.25338,-51.913532,-52.338985,-54.63035,-58.553104,-59.271034,-61.439392,-62.458755
1664,False,-33.318695,-31.681368,-34.865467,-39.180363,-40.487785,-36.263195,-43.15052,-43.70884,-45.07277,-35.288853,-40.839844,-42.41663,-44.138443,-43.356167,-45.612312,-42.410202,-40.862854,-44.348312,-49.458153,-49.327053,-48.924747,-49.90821,-47.827766,-48.451668,-49.913197,-51.03804,-51.50051,-55.50333,-58.215084,-60.239887,-62.551746,-64.59441
1696,False,-35.07552,-30.2627,-29.746588,-32.99992,-33.437897,-36.232,-43.39281,-42.05395,-40.696587,-38.29756,-39.595833,-41.38245,-46.846336,-46.939476,-43.962456,-45.793556,-43.721676,-45.493668,-48.06603,-49.03926,-50.704952,-50.155735,-48.10255,-48.61938,-49.140663,-52.46119,-51.583103,-53.13324,-56.66696,-59.302826,-61.084717,-62.208885
1728,False,-33.72588,-32.589317,-31.856958,-34.311287,-35.712276,-38.279556,-39.664898,-44.39571,-43.179993,-41.361588,-46.60462,-43.663486,-42.475426,-45.712837,-46.91633,-42.349655,-43.97428,-46.93624,-48.21338,-47.757454,-49.851448,-49.34364,-48.683304,-47.936157,-48.408665,-51.505703,-54.398136,-53.941364,-55.244865,-59.009914,-59.99224,-63.28338
1760,False,-31.296745,-31.384125,-29.887325,-32.808266,-35.07977,-39.377625,-36.89698,-37.030617,-40.35701,-43.125908,-46.740585,-44.397377,-45.987568,-43.08697,-42.707333,-41.6338,-40.978134,-42.103638,-47.819237,-50.041817,-48.79335,-50.861618,-49.972633,-46.83321,-48.42122,-51.32185,-53.8127,-53.90665,-57.61312,-58.53056,-62.371483,-64.342415
1792,False,-31.19283,-31.98373,-31.775139,-36.696404,-37.67342,-35.450127,-38.33886,-42.281357,-42.33975,-46.25512,-42.58687,-43.938602,-43.573112,-45.204132,-44.788025,-39.827003,-37.34035,-40.70992,-45.900192,-48.918423,-51.03153,-51.447502,-49.50191,-48.874428,-48.753628,-51.204224,-52.175713,-55.401573,-57.09001,-59.061867,-61.506786,-63.16057
1824,False,-29.078228,-35.83586,-31.56633,-37.206944,-39.821323,-39.286972,-38.746822,-39.958275,-41.136936,-41.368614,-41.476807,-44.87581,-44.583797,-47.147747,-41.90435,-41.2563,-43.043674,-43.893784,-48.29348,-48.265804,-48.507668,-51.06919,-50.19095,-50.841858,-49.83013,-50.605034,-52.493282,-54.28987,-58.03377,-58.834156,-60.706802,-61.92972
1856,False,-29.304333,-33.692818,-31.777401,-38.466854,-35.334076,-38.414062,-37.492336,-39.036602,-42.161602,-41.34777,-45.4841,-47.70301,-41.653793,-42.551758,-44.72557,-40.94451,-44.999176,-47.622505,-49.119057,-49.07709,-49.089855,-48.04474,-48.817566,-51.033287,-49.289093,-50.148285,-51.951447,-55.34282,-56.91589,-58.309,-60.77729,-63.936623
1888,False,-28.761696,-32.731697,-32.933174,-30.73476,-35.321945,-35.224747,-37.589172,-39.37676,-41.524464,-40.584297,-43.651093,-46.64936,-45.74193,-46.29892,-46.037716,-42.52816,-43.63049,-47.520416,-47.736023,-47.82579,-48.644127,-51.29562,-47.6418,-49.63135,-49.51872,-52.20582,-53.111435,-52.701424,-56.126305,-59.44578,-62.11357,-63.47348
1920,False,-29.744995,-31.486338,-34.451736,-38.34905,-40.11451,-37.757862,-40.29521,-40.267372,-39.14746,-41.024853,-41.62809,-42.830948,-47.881386,-46.932198,-43.51197,-41.273773,-41.349377,-44.04048,-48.268517,-49.554375,-48.18492,-49.51487,-49.528717,-49.15806,-49.854015,-51.66881,-53.565174,-53.3956,-56.758007,-59.089565,-61.432896,-64.76352
1952,False,-28.050425,-31.639545,-31.413502,-35.8723,-35.029045,-34.937088,-38.513885,-43.000595,-43.698544,-43.313023,-45.39286,-46.100197,-47.15657,-44.157997,-43.010067,-44.12921,-41.587696,-44.624325,-46.733356,-48.065132,-48.384743,-50.047348,-47.15386,-49.250523,-49.80627,-50.823917,-52.40358,-54.23548,-56.22113,-57.072243,-60.633923,-63.536297
1984,False,-33.062504,-31.92053,-30.767109,-23.111315,-27.122486,-28.283478,-24.06971,-21.14851,-26.391521,-32.05354,-27.029602,-22.593763,-22.39368,-20.567623,-21.75804,-18.368717,-21.033163,-24.33174,-28.545528,-35.222397,-28.499163,-27.516832,-27.524601,-29.528734,-26.502876,-24.196596,-29.085384,-24.707664,-17.391928,-18.034468,-24.168749,-24.128803
2016,False,-32.3293,-32.424824,-32.145073,-28.373568,-31.473957,-30.882605,-32.62086,-28.069792,-34.280987,-34.65223,-34.425213,-34.510216,-30.752575,-31.587706,-33.588684,-30.28458,-33.601257,-37.676674,-38.559162,-43.069653,-42.516422,-39.91221,-43.015938,-43.57874,-39.300438,-37.141804,-38.717815,-38.317734,-32.638565,-33.503414,-38.394325,-40.263973
2048,False,-31.489002,-34.36914,-38.841763,-32.35765,-32.00327,-38.205563,-37.55563,-34.36044,-36.358494,-38.33876,-38.448673,-40.28524,-38.12312,-34.230255,-38.26295,-38.598648,-41.70046,-41.87291,-42.995205,-46.18101,-44.86246,-43.74971,-43.5624,-44.56503,-44.379402,-39.176746,-40.55419,-42.04191,-37.39876,-38.588,-45.709072,-47.506836
2080,False,-30.871183,-34.152786,-35.623917,-33.661972,-32.283176,-35.81209,-38.0438,-38.86231,-41.742252,-36.398853,-39.082447,-42.168964,-40.91316,-38.72682,-39.889977,-38.053158,-39.61789,-42.846115,-44.360977,-45.44233,-45.22174,-44.014343,-48.255024,-48.50317,-46.253685,-44.284798,-45.77637,-46.17183,-41.310516,-42.265965,-48.670433,-52.86379
2112,False,-31.074236,-33.001144,-33.62024,-36.501186,-34.63875,-39.332664,-38.409107,-39.628265,-40.900703,-39.45746,-44.654003,-43.65027,-44.70531,-42.32004,-46.13207,-42.816383,-42.7532,-42.47925,-45.208134,-47.771477,-47.314377,-45.20647,-45.97117,-48.01157,-49.03305,-45.817772,-45.5643,-47.826897,-46.16665,-46.21154,-53.331375,-57.57681
2144,False,-30.9907,-32.826458,-32.62526,-34.134712,-33.260513,-34.149452,-37.76347,-38.56476,-40.420586,-39.652477,-42.47521,-47.784256,-44.48984,-41.26614,-43.943924,-42.085003,-41.545074,-44.247517,-46.658688,-49.275627,-47.731873,-47.863518,-48.437214,-49.967594,-48.696983,-47.949425,-49.9339,-50.91861,-48.7315,-50.51598,-56.709045,-59.21631
2176,False,-30.830582,-28.618961,-30.914078,-34.350677,-36.517273,-38.502647,-38.043827,-37.216724,-41.049023,-42.329132,-40.315636,-41.08185,-44.41935,-43.060665,-41.851154,-42.89939,-42.37577,-45.336166,-47.158867,-47.374996,-48.79943,-51.410828,-48.505737,-47.555088,-47.305927,-48.949608,-51.07808,-53.63888,-51.97107,-54.849934,-59.91199,-60.366512
2208,False,-31.098928,-33.40839,-33.199116,-35.792633,-35.029915,-35.607304,-37.074905,-37.34357,-37.098682,-34.7985,-40.486664,-43.09819,-44.02462,-43.922325,-44.606327,-42.035374,-42.131886,-44.164696,-46.735832,-47.502167,-49.352833,-48.746033,-49.044323,-47.630085,-47.597523,-50.163887,-50.2771,-52.580864,-53.77236,-55.515003,-60.565536,-62.301826
2240,False,-31.92796,-31.219707,-29.067749,-33.85208,-33.225216,-36.50098,-38.856735,-41.73143,-38.27144,-34.817245,-38.720337,-43.3054,-42.092514,-43.211903,-46.03388,-45.78422,-45.91435,-48.196987,-48.6019,-48.96353,-48.191017,-47.530445,-49.405388,-50.37655,-49.16584,-50.85704,-52.320118,-54.43771,-55.11015,-57.5971,-61.00992,-62.350998
2272,False,-32.511086,-29.415398,-32.377354,-33.142883,-37.0365,-34.459694,-38.986553,-37.730927,-43.073383,-42.161697,-40.765404,-40.858326,-40.975895,-44.047363,-43.23979,-44.65734,-39.48814,-43.091694,-45.24332,-49.898903,-50.077904,-49.54361,-49.69807,-47.64202,-48.923992,-52.05937,-52.5357,-53.28727,-55.35026,-59.904854,-62.12647,-62.571564
2304,False,-27.480581,-29.0084,-31.242115,-34.09276,-37.566803,-38.576553,-39.38246,-38.00596,-38.778805,-35.205795,-40.319633,-41.7516,-41.964127,-42.05751,-44.652184,-43.897514,-41.370705,-45.14054,-47.54051,-49.002945,-49.548878,-47.3035,-49.24758,-50.310295,-48.390854,-48.60788,-51.707947,-52.687828,-55.078903,-58.32243,-60.678246,-62.100986
2336,False,-30.61766,-30.22694,-34.211945,-35.159172,-35.277256,-38.582615,-38.63386,-42.318974,-40.27658,-34.761772,-38.63025,-40.737694,-39.39178,-39.032127,-44.473305,-44.19024,-44.460373,-46.582222,-47.335747,-47.896896,-47.06156,-47.679806,-46.16411,-47.235622,-48.357063,-51.54369,-51.986004,-52.412712,-54.450573,-56.97644,-60.076317,-63.040462
2368,False,-27.784388,-32.172688,-34.363625,-33.677666,-35.38717,-35.40331,-36.95447,-41.04729,-42.51262,-37.919525,-40.64586,-42.31552,-41.13991,-44.750477,-47.170162,-43.665943,-40.778927,-44.31978,-46.24023,-49.112774,-47.69828,-46.256477,-48.650925,-49.658035,-49.753914,-52.9509,-50.790997,-53.256184,-55.121235,-56.59883,-58.568237,-61.235092
2400,False,-30.14348,-32.19029,-31.736135,-34.55189,-31.829798,-33.58394,-36.6853,-39.05682,-42.966084,-40.382095,-42.386223,-43.98293,-43.120823,-43.44501,-44.994957,-43.828465,-43.93133,-44.862846,-47.055515,-47.979057,-47.754307,-50.416485,-50.871273,-50.554634,-50.000435,-49.51236,-52.169846,-53.622917,-52.178955,-55.872078,-60.30126,-59.722244
2432,False,-32.61828,-31.520788,-33.43049,-36.46952,-38.248436,-39.48294,-41.66277,-37.92277,-40.65673,-37.802998,-43.025433,-44.460762,-43.140785,-44.982265,-44.641933,-45.72893,-44.43533,-46.06434,-47.61568,-50.83239,-46.024914,-47.059532,-47.87536,-49.861076,-50.151604,-50.10494,-51.919292,-52.883987,-52.24668,-56.175728,-58.060783,-58.941376
2464,False,-30.84077,-33.44302,-34.688095,-38.03372,-37.032482,-38.34095,-37.35651,-38.565044,-38.948627,-38.60632,-42.875168,-43.65772,-42.70515,-40.7091,-45.450905,-46.002113,-40.66156,-43.181168,-49.34752,-48.556248,-49.74659,-47.341366,-49.182507,-50.46438,-50.24769,-50.72582,-52.212177,-51.7921,-52.080418,-57.797775,-59.12272,-60.211063
2496,False,-30.956348,-35.998627,-37.316544,-38.711872,-36.848774,-39.613346,-38.966484,-37.070107,-34.65599,-35.355053,-38.619186,-40.698875,-41.87713,-44.113926,-46.230057,-46.992874,-42.476177,-45.316624,-47.19584,-47.98237,-46.920425,-46.611275,-48.11928,-49.741512,-50.170998,-49.864975,-50.37422,-51.50316,-54.43884,-58.248642,-57.10607,-58.07878
2528,False,-30.20197,-32.511288,-32.76391,-33.405148,-26.716759,-30.131668,-32.896877,-24.124725,-28.345308,-34.241524,-29.10526,-27.7683,-26.943827,-29.65153,-30.456524,-26.808632,-31.378363,-36.218956,-39.35268,-44.07853,-42.41127,-43.43174,-41.40007,-47.065193,-47.121002,-48.483166,-48.965714,-51.556747,-50.094467,-52.297287,-55.70443,-58.57486
2560,False,-30.145235,-29.226229,-28.385166,-30.042126,-30.44674,-31.508093,-39.0829,-30.423338,-35.14727,-37.928043,-35.50846,-37.123608,-35.40116,-37.045414,-39.697662,-35.66672,-39.099075,-44.00227,-45.209,-47.47042,-47.844677,-48.3577,-49.980053,-47.93975,-47.553932,-49.809383,-50.97683,-52.90415,-53.142395,-56.482216,-58.405647,-59.99824
2592,False,-28.55895,-31.086338,-29.801388,-33.423035,-33.334618,-35.51228,-36.24913,-33.378025,-37.563725,-39.38914,-37.63744,-37.979683,-39.142693,-37.547302,-41.649815,-45.886078,-38.024223,-40.476143,-47.30686,-48.157917,-46.408573,-49.021305,-48.425716,-46.63857,-48.245422,-49.74675,-50.22064,-51.26249,-54.958473,-57.504253,-58.75149,-58.40983
2624,False,-29.468517,-30.564674,-29.95827,-36.088562,-32.55263,-33.2338,-35.585136,-37.94041,-37.375225,-37.654335,-38.81639,-40.627853,-41.631504,-42.773685,-44.019897,-40.466927,-42.212772,-47.02726,-49.720516,-49.874634,-46.991066,-48.007618,-48.220596,-50.441624,-50.26281,-49.539753,-50.892006,-53.84735,-56.537823,-56.60269,-58.83236,-60.005592
2656,False,-31.84018,-33.78023,-32.85315,-34.57936,-35.30944,-37.36016,-40.646595,-39.786232,-41.735157,-39.997963,-39.286427,-43.800816,-43.877087,-41.42729,-44.536587,-45.278336,-41.670525,-45.195995,-47.511078,-48.10173,-47.079586,-47.220543,-46.64808,-47.832214,-47.479534,-49.557877,-49.58477,-53.687214,-53.543774,-56.642567,-60.244175,-60.390335
2688,False,-30.369205,-26.921352,-30.718386,-34.34014,-33.081825,-33.570072,-31.477385,-33.28661,-34.53479,-36.92221,-41.131477,-42.84382,-44.99787,-39.74573,-40.40593,-45.02614,-44.47453,-43.37265,-46.56593,-48.329117,-47.19314,-48.775883,-48.481964,-50.38061,-49.351944,-49.527874,-51.32812,-54.77839,-56.197372,-57.003784,-57.71746,-59.638424
2720,False,-28.045544,-31.96724,-33.017773,-30.15008,-32.281906,-33.0681,-34.481937,-36.535606,-37.90616,-36.37712,-41.615356,-43.558937,-44.629036,-46.73169,-44.343952,-42.761974,-42.35706,-43.593487,-47.46872,-47.755245,-47.66016,-48.041172,-48.065407,-48.044006,-48.290157,-49.640312,-51.480934,-52.67787,-54.76777,-56.07075,-58.596035,-61.07468
2752,False,-30.371468,-31.025166,-32.877167,-32.212334,-32.449333,-32.098854,-37.065407,-37.375523,-36.597214,-35.4525,-40.289223,-43.29227,-44.464413,-44.260056,-40.475006,-41.36876,-41.06461,-42.47951,-46.290604,-47.33889,-49.167362,-50.28756,-50.116188,-49.347515,-50.945415,-48.46701,-51.70162,-53.527565,-54.462593,-57.34096,-60.012024,-61.70388
2784,False,-31.569874,-29.776913,-28.405792,-32.336014,-37.844666,-33.392403,-37.47456,-40.901154,-36.591553,-35.61319,-42.697365,-43.400307,-44.069443,-41.89823,-42.264782,-43.69038,-42.095238,-44.941845,-47.641083,-47.575626,-47.66647,-48.708683,-47.07599,-49.718193,-47.68138,-50.350418,-50.995106,-54.61952,-54.04774,-57.067978,-59.775177,-61.642475
2816,False,-29.265133,-32.93078,-32.218246,-36.54369,-32.555843,-36.814236,-41.935837,-43.35876,-41.6352,-39.653973,-42.03585,-40.513554,-39.21331,-41.58205,-43.550182,-44.576996,-43.79652,-44.408096,-44.169662,-47.74384,-49.345646,-49.547318,-46.660366,-48.262104,-49.077286,-50.168495,-50.903072,-53.83596,-56.74218,-58.55149,-59.652332,-60.835896
2848,False,-28.865585,-29.170334,-32.478832,-32.280685,-32.062763,-34.83967,-36.672615,-38.1837,-40.599808,-40.91614,-40.982075,-40.54624,-39.710606,-46.354454,-44.141914,-46.398663,-42.215126,-43.87201,-44.849556,-46.890038,-49.221653,-48.74871,-50.380074,-49.85446,-50.02029,-50.180286,-51.96629,-54.221462,-56.63038,-59.035194,-59.666687,-62.005615
2880,False,-29.079313,-29.051382,-29.585812,-31.723766,-30.001078,-32.448925,-36.796967,-38.419373,-41.328278,-42.28212,-43.47914,-42.279152,-40.162548,-40.655617,-45.869465,-43.54998,-42.259308,-45.55168,-45.98785,-48.411694,-46.211952,-48.177204,-48.475235,-49.639626,-49.529015,-50.157375,-51.318024,-53.421368,-56.468628,-59.468147,-60.157696,-61.88778
2912,False,-31.337606,-31.458406,-35.559044,-33.291775,-31.900387,-36.66375,-36.00022,-38.043823,-39.48275,-39.44156,-38.298943,-40.79599,-46.030582,-42.18154,-42.60452,-46.97544,-42.448555,-44.833073,-46.775913,-49.97056,-47.325928,-47.35633,-47.634346,-47.33875,-48.693024,-50.292946,-53.334137,-53.140526,-54.06385,-57.262794,-59.44915,-62.21931
2944,False,-28.275288,-29.171772,-32.188404,-34.791313,-33.357876,-36.54182,-37.9883,-39.911774,-41.778522,-37.078365,-42.529358,-43.729187,-43.986507,-43.270344,-42.146957,-45.24459,-42.25216,-43.647858,-47.662758,-48.568184,-47.23299,-47.911915,-49.260708,-47.25124,-48.81005,-49.8994,-50.449978,-52.17609,-56.450825,-59.211544,-60.64421,-62.25335
2976,False,-29.904171,-30.840328,-37.08137,-37.880566,-34.98963,-35.25558,-36.10904,-38.181915,-39.497208,-38.318962,-42.163677,-44.178734,-40.82741,-41.14092,-42.24449,-41.990456,-43.875904,-46.292706,-48.37632,-48.247112,-47.937004,-48.196526,-48.50986,-48.787163,-46.75838,-49.511986,-51.500313,-54.039024,-55.957825,-57.56004,-60.11494,-62.42753
3008,False,-30.939259,-32.049835,-33.161243,-33.732002,-33.782967,-35.522305,-36.85993,-38.37019,-40.146233,-42.717953,-39.610054,-42.625698,-42.387737,-44.214836,-45.403427,-43.398888,-42.6753,-45.884357,-45.50232,-47.98678,-47.9726,-49.08011,-49.388832,-49.03114,-50.106422,-50.238457,-52.111225,-54.668945,-56.840626,-58.030663,-60.502853,-62.033165
3040,False,-28.216625,-32.57279,-36.441128,-35.51285,-34.218346,-34.396873,-37.14566,-36.65949,-38.616436,-38.770565,-39.74694,-40.238194,-40.156303,-46.14454,-46.04868,-43.920116,-40.287376,-43.61062,-46.33324,-46.983482,-47.537926,-48.069145,-48.126137,-48.290527,-48.662277,-49.950455,-51.16304,-54.768696,-56.641506,-56.47762,-60.941795,-60.869488
3072,False,-32.44481,-32.003548,-31.265274,-23.978119,-26.566288,-29.674744,-24.168728,-22.03186,-27.15904,-33.3678,-28.388235,-23.421806,-23.241179,-21.644783,-22.544315,-19.077847,-21.683151,-24.831276,-30.414654,-35.822456,-29.561771,-28.816803,-28.045227,-30.97218,-27.819523,-25.724794,-29.123991,-24.894354,-18.135712,-19.125292,-23.50712,-25.128267
3104,False,-28.593615,-33.151505,-30.580938,-25.69595,-29.193703,-29.746323,-32.96008,-27.091171,-33.00011,-36.85594,-32.253426,-30.439983,-30.235336,-28.033157,-31.195831,-28.761435,-33.177315,-37.641357,-35.47443,-39.422016,-39.08832,-34.945778,-38.313995,-41.3787,-38.20354,-34.488693,-36.881985,-35.269463,-30.1852,-31.399513,-35.729557,-37.78186
3136,False,-29.607906,-27.692327,-31.574247,-31.542633,-33.527416,-34.175163,-42.9912,-33.31029,-36.00963,-38.567825,-42.42126,-38.884315,-36.45268,-32.508484,-37.61445,-37.547997,-38.249744,-40.143475,-44.497417,-45.639668,-43.50009,-41.59233,-44.474945,-45.178738,-45.216732,-38.672157,-41.310394,-43.032307,-37.970444,-38.500587,-44.37016,-46.560905
3168,False,-28.793621,-31.122686,-34.031982,-33.1216,-33.743725,-35.060883,-39.428986,-38.42428,-38.878323,-38.541164,-39.158142,-42.86871,-41.233067,-42.860443,-42.616974,-38.14103,-36.865,-40.480003,-46.793243,-47.643112,-47.13123,-44.32266,-46.26458,-46.76475,-46.87468,-42.4958,-44.077606,-45.882065,-41.367153,-42.06762,-48.26092,-49.892555
3200,False,-30.152987,-33.1794,-34.250763,-32.966812,-35.123055,-36.87382,-41.920532,-37.799435,-43.150463,-40.004356,-39.113796,-44.685402,-40.516647,-40.990967,-41.790077,-40.966568,-42.999798,-45.903378,-43.564625,-45.971874,-46.258236,-45.95593,-47.060734,-47.679886,-48.7994,-46.482574,-45.441914,-47.28679,-45.85739,-45.492012,-52.064896,-56.041317
3232,False,-31.49478,-31.45363,-30.993937,-32.345425,-32.789555,-33.005775,-35.31406,-38.978004,-39.807327,-36.53868,-42.33839,-41.308628,-41.687527,-40.829994,-43.917908,-44.67632,-44.440216,-47.401146,-48.21979,-48.4408,-46.402893,-47.347736,-49.43308,-51.015926,-48.263046,-48.453415,-50.36219,-49.9747,-48.426323,-51.148834,-56.50261,-59.812576
3264,False,-27.456154,-29.801462,-35.20343,-35.356895,-32.413147,-35.007607,-33.61917,-38.955906,-36.325165,-37.71544,-40.088783,-41.67594,-39.536594,-43.59692,-43.475433,-43.115353,-41.978073,-44.302372,-46.152973,-46.467457,-49.353867,-47.034866,-46.819283,-47.75558,-48.746563,-50.64236,-49.70226,-50.744484,-51.313805,-54.433586,-58.05758,-60.18621
3296,False,-32.09039,-34.27483,-33.042522,-34.96679,-36.12743,-39.301502,-37.455894,-37.945267,-37.20207,-38.2696,-45.305447,-43.731148,-45.881073,-44.87945,-44.575897,-42.773785,-44.070786,-46.739548,-47.479393,-48.617683,-47.36914,-47.83921,-48.931725,-48.80687,-49.26746,-49.927692,-51.26928,-51.65409,-52.323174,-54.557755,-60.05322,-61.59683
3328,False,-30.174835,-35.984863,-34.112648,-36.990093,-34.9518,-39.40503,-34.93047,-38.544025,-39.62238,-40.77527,-41.174553,-41.580273,-43.431248,-43.886433,-45.001583,-43.344902,-42.47933,-44.63582,-47.689686,-48.211117,-47.444057,-48.49602,-47.79744,-48.145126,-47.144295,-50.96438,-53.277096,-52.148323,-53.95462,-56.06957,-59.266655,-60.669952
3360,False,-34.751465,-30.660198,-29.688883,-30.62295,-34.551746,-36.409233,-34.72814,-38.397163,-43.91465,-41.176228,-41.06997,-39.92645,-42.071854,-43.45438,-43.024933,-46.10785,-44.59005,-45.932003,-45.73572,-46.583115,-46.122993,-46.67954,-48.361572,-48.4025,-47.474106,-49.74241,-51.44167,-53.984344,-54.61875,-56.59292,-58.588314,-60.60181
3392,False,-30.168682,-33.990433,-37.033077,-36.843075,-34.664024,-35.837524,-35.947784,-42.0499,-38.35214,-39.12266,-40.17901,-42.223972,-42.886852,-42.646896,-44.79135,-45.458836,-45.631233,-44.73257,-47.016304,-49.144424,-49.127777,-51.2416,-48.699757,-51.98671,-49.63368,-50.47402,-52.411613,-51.4507,-55.35273,-57.967667,-59.186497,-58.64
3424,False,-31.813553,-33.20271,-34.167946,-33.912857,-33.92106,-34.99002,-37.179108,-38.733315,-39.273594,-39.831062,-38.142212,-42.894115,-42.892452,-43.599335,-44.00412,-44.763485,-39.688244,-41.791958,-47.64252,-48.37099,-48.324127,-50.015663,-48.71826,-49.451405,-49.17994,-51.49876,-52.12015,-53.187935,-55.8703,-58.507782,-60.376328,-61.353783
3456,False,-30.1848,-30.281088,-33.5494,-33.083904,-35.327213,-33.553844,-36.382126,-39.084602,-39.20082,-35.154545,-36.359833,-42.386543,-41.72331,-41.08923,-42.09616,-42.21695,-42.757282,-43.941605,-47.674183,-50.386005,-47.468483,-48.93138,-49.685513,-48.514954,-48.856895,-51.127716,-51.402317,-53.18262,-56.511124,-58.46952,-60.748707,-60.139923
3488,False,-27.839222,-29.452335,-30.140156,-33.686,-37.101692,-36.035156,-35.714554,-39.85305,-38.19566,-38.558136,-40.784264,-44.383034,-42.01273,-43.299606,-46.147152,-46.7359,-43.071304,-44.756584,-48.48408,-50.113377,-47.705616,-47.057682,-47.99122,-47.507977,-46.6934,-51.87624,-53.072716,-51.37837,-54.539127,-56.591553,-61.05352,-63.131416
3520,False,-31.674604,-31.567818,-32.398827,-35.297176,-34.801105,-36.212837,-39.202053,-38.369633,-42.649136,-44.119064,-39.384426,-40.456146,-38.69693,-43.09271,-45.33568,-42.21293,-39.299297,-41.50414,-48.405094,-48.986473,-48.409077,-49.023853,-48.57773,-47.92903,-49.739586,-51.514698,-51.3675,-50.81823,-54.892776,-58.063545,-59.547886,-61.737217
3552,False,-34.2666,-33.885666,-34.497196,-35.826218,-35.28032,-34.092598,-37.877804,-37.027893,-37.86557,-37.78014,-39.77116,-40.093517,-43.782257,-42.573433,-45.452286,-45.42679,-41.00651,-42.341988,-47.849182,-48.490948,-47.798958,-47.56468,-49.056667,-48.536446,-47.134586,-48.776123,-53.47771,-51.081017,-54.974705,-59.168224,-61.863007,-61.798176
3584,False,-29.985674,-29.017857,-33.922306,-34.008377,-31.787987,-40.11385,-38.442467,-37.076603,-40.29431,-35.86117,-41.628643,-45.510826,-38.728336,-43.536907,-43.547546,-45.869335,-42.49992,-43.57937,-45.71831,-50.633186,-49.716064,-49.38263,-49.394585,-50.60952,-47.377525,-51.092873,-51.803032,-53.70943,-55.60491,-57.235535,-59.28077,-60.616436
3616,False,-32.57424,-32.853092,-35.845543,-29.621197,-28.17151,-31.046478,-30.243233,-25.478418,-30.122646,-37.46025,-30.889065,-27.735,-26.669582,-30.58381,-30.230114,-27.999615,-30.691166,-35.162193,-39.694,-43.707634,-42.820816,-43.737034,-42.121605,-46.585205,-46.917816,-49.435715,-52.433388,-52.18216,-50.36188,-51.696186,-55.759064,-58.498672
3648,False,-29.684837,-31.005487,-31.561241,-29.671022,-29.711834,-30.599915,-36.099674,-30.45725,-35.488518,-35.78728,-35.803913,-34.73653,-33.561497,-33.52477,-38.95119,-34.037464,-39.917255,-43.549393,-45.023632,-49.047703,-45.85888,-47.910694,-49.2075,-50.89447,-48.0938,-50.4543,-51.87637,-52.38376,-53.489357,-57.716732,-61.525024,-60.731842
3680,False,-34.59273,-33.381317,-32.87088,-32.291916,-33.153492,-35.629112,-35.35323,-34.528385,-39.4537,-38.141415,-42.87149,-41.940006,-41.30644,-37.79587,-41.378876,-41.74758,-44.27046,-44.623722,-48.292694,-49.92317,-47.491386,-47.70239,-46.683563,-51.162636,-48.09411,-48.750973,-51.653843,-52.975925,-56.41823,-59.08612,-60.47495,-62.59651
3712,False,-34.570107,-34.145767,-35.743176,-31.77084,-33.777153,-38.691418,-39.898304,-36.56331,-40.239677,-39.179043,-40.108734,-40.27109,-40.10167,-42.53948,-47.146637,-44.062935,-41.816208,-43.706703,-48.52073,-49.90814,-48.837517,-49.237503,-49.66359,-48.75106,-49.09948,-50.845146,-52.874916,-53.657845,-56.160538,-58.37029,-61.05278,-62.2062
3744,False,-26.301672,-30.888172,-34.274166,-38.351486,-36.297836,-35.92065,-39.729584,-34.927425,-37.62893,-39.021694,-40.279087,-41.07438,-43.283188,-42.10974,-44.182583,-44.40537,-42.877724,-44.271744,-48.635674,-48.901234,-48.261753,-48.820915,-49.28114,-51.515656,-48.980743,-52.154953,-51.503925,-51.314995,-54.051136,-57.350754,-61.306995,-62.620903
3776,False,-31.710215,-27.834282,-34.877674,-36.279663,-33.157146,-34.339447,-38.45532,-36.225937,-39.274433,-37.194965,-35.680676,-38.03789,-39.771935,-42.468933,-47.547043,-44.685055,-42.093845,-43.52677,-50.482628,-49.282272,-48.828285,-49.70499,-49.663322,-49.31892,-49.514534,-52.593075,-53.757812,-51.694748,-55.929344,-59.42131,-61.489136,-62.783085
3808,False,-27.401585,-31.021776,-35.263496,-35.29497,-36.548138,-35.91865,-37.20512,-34.58243,-38.04555,-39.696815,-41.92205,-41.979904,-40.026928,-43.386036,-46.83817,-42.947254,-40.61327,-42.353226,-50.09256,-51.04172,-48.75095,-49.854755,-50.011932,-49.24814,-47.11906,-51.160667,-51.59555,-52.516853,-56.116787,-58.640285,-59.997322,-62.290947
3840,False,-32.858566,-34.655434,-31.876778,-34.178955,-33.063545,-36.676556,-35.10181,-34.482384,-38.18958,-42.498825,-43.21703,-40.45267,-41.249634,-39.412884,-41.39166,-43.75557,-43.25168,-44.37623,-46.84889,-50.264133,-49.40721,-51.245995,-49.365597,-49.208828,-46.76046,-50.29387,-50.881763,-51.84822,-53.87919,-57.902687,-60.971066,-62.260315
3872,False,-30.99442,-28.761154,-32.62997,-33.199898,-37.221554,-36.981857,-32.65636,-37.412037,-39.569546,-41.945885,-43.309776,-40.18921,-41.082428,-42.22995,-46.194424,-45.516,-45.116516,-45.411293,-47.08065,-50.213623,-48.18995,-50.19616,-49.00635,-48.797363,-49.89391,-50.721584,-51.073715,-52.314453,-56.417576,-59.202377,-61.429134,-61.69104
3904,False,-30.95004,-33.803295,-34.93103,-34.11221,-33.671345,-34.450157,-37.716614,-38.688087,-43.100624,-38.230297,-42.945084,-45.887024,-39.734318,-43.69268,-44.372334,-44.244675,-43.033237,-44.290733,-46.07718,-47.483273,-48.55701,-49.12049,-49.359077,-49.67877,-48.472256,-51.7769,-52.68548,-51.675842,-55.664604,-58.41413,-59.122757,-60.165283
3936,False,-26.976173,-29.046703,-31.796522,-34.961533,-35.590828,-37.266335,-42.74092,-39.5546,-40.418262,-37.4537,-41.750046,-41.777847,-42.1426,-41.60724,-44.56594,-43.71717,-39.833004,-41.36795,-49.438442,-49.849747,-49.4425,-47.676064,-48.30744,-49.676853,-50.530354,-52.403416,-53.71918,-53.89676,-54.97174,-58.123367,-58.554195,-60.130974
3968,False,-29.16463,-29.623339,-34.77037,-38.45923,-34.477173,-36.30786,-36.47082,-39.773468,-40.36927,-40.577923,-41.97648,-40.940224,-44.281425,-42.071754,-44.461823,-44.3005,-40.678993,-41.73481,-48.709877,-47.94715,-49.50126,-49.888885,-49.0943,-49.218136,-49.489555,-50.689407,-50.740166,-52.545033,-55.278316,-58.044083,-58.48552,-59.75454
4000,False,-29.395744,-30.49493,-35.0903,-33.488785,-33.780563,-35.69963,-34.9968,-37.865036,-39.079548,-39.749,-39.020756,-41.450798,-44.607475,-46.05599,-44.83353,-46.00292,-42.963173,-45.958652,-51.348362,-47.18887,-46.485447,-47.478672,-50.586514,-49.58529,-47.463642,-50.44108,-51.32076,-51.22299,-55.730995,-57.171715,-59.423653,-59.480194
4032,False,-29.182035,-26.12806,-31.891964,-30.910074,-32.899338,-36.586674,-35.812096,-39.998184,-43.859993,-36.901154,-41.658955,-42.393982,-41.89228,-46.136787,-45.05857,-43.558064,-44.89668,-44.992928,-47.772095,-47.30339,-49.312737,-48.70501,-49.105957,-49.881725,-47.929543,-49.98394,-52.645027,-51.05816,-54.123898,-56.800926,-60.40238,-61.195507
4064,False,-30.330853,-28.586302,-33.74759,-35.855415,-36.16501,-39.102802,-40.377426,-39.489437,-41.06057,-36.09373,-39.463074,-43.08634,-41.797066,-43.1037,-46.811935,-47.52357,-44.0869,-47.168976,-50.32551,-48.871532,-48.39819,-48.024696,-46.759903,-49.05921,-47.755516,-49.62777,-52.632824,-53.95484,-54.58095,-57.45353,-60.780636,-62.881603
4096,False,-32.70937,-28.586727,-32.06758,-34.589874,-32.29242,-32.60416,-38.482708,-38.31285,-37.649036,-39.335655,-41.847073,-46.082596,-43.654503,-44.420616,-44.62871,-42.62739,-40.90563,-42.22109,-48.342724,-49.550484,-50.550186,-50.967766,-50.900192,-50.48081,-49.588123,-51.093407,-51.96118,-53.688145,-57.281456,-58.026924,-59.500755,-62.786022
4128,False,-27.070614,-23.747086,-29.437672,-34.267284,-32.205544,-36.260105,-38.979603,-39.812695,-38.636658,-35.86968,-40.26205,-40.910343,-41.22148,-43.275993,-47.322212,-46.72641,-44.464767,-45.08594,-48.39534,-48.886646,-49.7116,-48.83998,-48.54433,-50.659943,-47.439495,-49.41692,-51.777893,-53.80154,-56.394417,-57.236973,-60.390244,-62.38867
4160,False,-28.72416,-25.52515,-28.8983,-23.764353,-27.710484,-29.15662,-24.41394,-22.830658,-27.523708,-31.361582,-27.46603,-22.744923,-22.852438,-21.715384,-22.181921,-19.327265,-21.742762,-24.90477,-30.3597,-35.776024,-30.289822,-28.868801,-28.235714,-29.91907,-27.443045,-25.346306,-29.284752,-24.7262,-17.886818,-18.66519,-23.866997,-23.518808
4192,False,-29.717678,-29.26472,-27.73656,-26.024782,-28.784258,-25.89616,-31.100044,-27.610176,-33.428864,-35.488323,-32.358646,-32.181263,-30.402363,-29.37397,-32.436607,-29.14296,-33.920082,-37.232197,-36.444527,-41.635292,-39.250828,-35.557076,-39.91006,-40.779594,-38.440903,-34.808678,-36.5261,-35.64038,-30.021627,-31.396597,-35.86996,-37.96395
4224,False,-30.16288,-34.04319,-31.601109,-30.192837,-34.859314,-33.848164,-35.815147,-35.678963,-37.142593,-38.358223,-38.051186,-36.785065,-35.703953,-34.283886,-37.579674,-37.76139,-40.068897,-41.61743,-41.8362,-48.694782,-44.13355,-42.67658,-43.984665,-45.055763,-44.272797,-38.550056,-40.547596,-42.086014,-37.461647,-38.350185,-44.016666,-46.514473
4256,False,-29.948833,-30.418327,-28.567959,-30.026571,-29.841309,-35.505127,-37.463295,-37.021133,-37.795715,-34.46221,-38.3077,-36.381058,-39.087456,-39.169735,-40.75802,-36.51927,-37.131237,-39.760918,-41.256973,-44.423862,-44.516693,-41.844627,-45.906822,-46.271507,-46.648247,-44.019806,-43.698204,-45.180893,-41.48324,-42.39399,-48.879204,-50.693733
4288,False,-31.32999,-28.25876,-31.223522,-32.4862,-33.172707,-37.084137,-38.43274,-37.806572,-40.642044,-40.32457,-41.609627,-41.011333,-40.189377,-40.677483,-43.25894,-39.843044,-40.85274,-40.418186,-44.847454,-47.038403,-46.69301,-43.422256,-45.031425,-46.2281,-48.40911,-45.722153,-46.569496,-46.959084,-45.136738,-45.45258,-52.77403,-55.410133
4320,False,-30.439037,-29.45977,-30.821285,-34.49859,-37.025314,-37.913372,-34.270367,-35.570717,-37.99147,-37.320007,-42.406826,-38.542915,-39.639572,-42.496674,-41.41268,-42.648834,-42.39245,-43.96128,-46.20615,-48.45127,-47.908535,-47.17695,-47.287804,-49.013535,-47.615097,-49.635487,-48.922596,-50.796715,-47.9572,-50.456116,-58.034645,-58.57176
4352,False,-30.008833,-28.400997,-34.819004,-34.054585,-32.170437,-35.154617,-37.297333,-37.996777,-39.153225,-38.480278,-42.753754,-38.848488,-39.92684,-42.313774,-43.928223,-44.44006,-41.326897,-42.666855,-47.917065,-48.023853,-46.969013,-47.94765,-47.477318,-49.068474,-48.348194,-48.14712,-49.818493,-51.788822,-50.10567,-53.454838,-58.81477,-59.510193
4384,False,-28.87516,-28.739338,-27.57508,-32.106785,-31.662678,-35.01227,-41.088257,-41.983532,-39.14202,-33.658127,-40.99182,-40.671955,-39.897434,-39.93235,-42.31352,-42.410015,-43.816887,-46.479572,-48.57487,-49.728714,-48.048653,-48.59378,-48.363388,-47.08776,-47.40142,-47.405083,-50.82522,-53.10339,-53.11506,-56.026894,-59.222332,-60.45391
4416,False,-29.140644,-26.99749,-30.770815,-35.909687,-38.361748,-39.934616,-37.682186,-36.64012,-39.002197,-35.972725,-40.12123,-40.9214,-41.823563,-42.848755,-44.28074,-41.282955,-42.604797,-44.11226,-47.33171,-49.947365,-46.17628,-48.93896,-49.55132,-48.36892,-46.967907,-50.12905,-52.32115,-52.98577,-54.058456,-56.27691,-59.020916,-62.410435
4448,False,-28.448812,-30.594013,-33.847076,-38.46135,-39.020416,-38.317265,-36.49764,-38.294415,-40.45145,-39.891373,-42.791855,-40.27081,-39.42306,-43.449272,-43.58843,-41.326927,-41.065384,-42.991318,-46.95038,-47.805935,-45.476933,-47.747284,-48.38322,-48.72814,-46.460968,-49.406395,-50.634735,-50.818527,-54.8336,-57.543407,-60.16877,-61.693768
4480,False,-27.051857,-28.466782,-29.720572,-36.502426,-35.62306,-36.437153,-38.088688,-33.97393,-37.861115,-36.83186,-38.097054,-41.42613,-43.05191,-39.587627,-43.586926,-45.642185,-43.891064,-45.39189,-48.519897,-47.822395,-47.594887,-48.215923,-48.487816,-50.17449,-47.506298,-48.601532,-50.159878,-50.752655,-54.12378,-58.361973,-59.641518,-61.906097
4512,False,-28.043749,-27.675705,-27.224812,-25.682453,-30.094254,-32.09021,-28.874352,-29.32668,-34.18919,-30.73936,-28.975945,-32.778316,-39.488316,-40.624947,-40.260395,-39.55799,-40.38388,-42.99381,-45.232967,-46.45569,-47.1596,-47.52106,-46.990158,-47.959846,-48.158527,-51.00902,-50.864532,-52.779083,-55.261948,-57.093742,-60.137184,-60.73526
4544,False,-26.064074,-21.276226,-23.849852,-24.532679,-25.779114,-26.693584,-25.170233,-27.662094,-32.2181,-32.799694,-29.936287,-36.83309,-38.415115,-36.713825,-41.239704,-41.055164,-41.71328,-44.137283,-45.380703,-45.544334,-49.20052,-48.327007,-48.826492,-48.716396,-46.555267,-48.277737,-52.47071,-53.06397,-55.436245,-57.89894,-59.12764,-60.0421
4576,False,-25.582941,-26.811047,-24.235735,-24.813482,-24.360756,-29.687387,-26.399927,-28.13059,-38.939987,-36.00669,-34.755627,-36.28572,-41.68213,-39.540154,-41.306747,-40.847477,-40.84105,-44.98331,-48.58545,-47.695312,-46.69568,-47.851902,-48.690613,-49.31649,-47.571304,-50.559345,-52.243687,-53.000492,-55.80533,-58.02948,-61.45563,-60.838448
4608,False,-23.100336,-21.730152,-25.700317,-27.71821,-28.24337,-29.684229,-32.047092,-34.536797,-36.9994,-37.879677,-36.80573,-35.813362,-38.76178,-40.3653,-46.058052,-40.32598,-41.66446,-43.9505,-46.372112,-48.112583,-46.45574,-46.817852,-49.075203,-47.698704,-47.112156,-48.137913,-52.604774,-52.9919,-56.66184,-60.200325,-60.30199,-61.465385
4640,False,-25.13919,-25.344622,-25.640167,-24.445383,-23.121664,-28.345297,-30.51872,-33.688576,-36.245872,-35.199333,-34.884506,-38.887894,-37.58233,-40.20697,-43.76992,-41.73841,-42.90537,-45.108253,-48.260235,-51.261986,-49.819344,-48.230026,-50.40051,-49.847908,-48.479633,-49.772114,-51.190918,-52.046577,-56.076927,-58.25023,-60.707798,-62.692345
4672,False,-23.48293,-27.9998,-26.220516,-26.470633,-25.778957,-30.249758,-33.607742,-34.095043,-38.64732,-38.610813,-34.949703,-36.644596,-39.509624,-44.77074,-42.027084,-43.680855,-43.456097,-43.925278,-45.77607,-48.44535,-47.300262,-49.340588,-48.863598,-50.13999,-47.68174,-49.644016,-49.37019,-52.857758,-56.02078,-58.162056,-61.15718,-63.055496
4704,False,-25.474384,-27.81092,-32.198864,-24.74091,-25.675909,-30.887672,-28.617672,-26.487066,-29.640278,-37.065018,-28.737373,-26.736122,-26.233692,-31.291431,-29.446533,-26.586876,-31.368004,-34.754818,-39.628605,-44.007763,-42.76949,-45.32988,-42.440933,-45.067783,-45.275482,-50.32801,-50.33973,-51.946644,-50.50526,-51.99349,-55.409325,-58.786003
4736,False,-24.840141,-29.015825,-31.265938,-25.295845,-25.55398,-27.385912,-33.30517,-30.755054,-32.358326,-33.767628,-33.493343,-34.603767,-33.203194,-36.906162,-39.468376,-35.02214,-39.0515,-42.440094,-42.551483,-45.92514,-44.542866,-45.263596,-48.800575,-50.6817,-47.476692,-50.194973,-51.69864,-51.467323,-53.86149,-57.452744,-60.189434,-62.513752
4768,False,-25.933895,-29.59752,-29.873005,-26.321987,-27.996174,-34.172188,-32.614876,-31.325249,-33.665577,-33.741974,-36.054653,-36.1589,-38.019146,-37.518444,-42.527546,-42.295765,-43.513916,-43.351727,-45.6312,-47.876743,-49.02236,-47.42874,-47.956394,-49.718853,-47.584457,-49.40342,-51.14757,-52.02201,-55.33477,-57.77534,-59.84394,-61.76355
4800,False,-23.28271,-31.51969,-29.405973,-30.049246,-31.856024,-31.839104,-33.460617,-35.481956,-36.402634,-34.573322,-35.915203,-36.355927,-40.398483,-40.111446,-39.746136,-41.00727,-40.119385,-43.365093,-49.226784,-49.412796,-48.561592,-46.29889,-48.22805,-49.605537,-47.43148,-49.811394,-49.694614,-51.851624,-55.71083,-57.002487,-59.1048,-62.033157
4832,False,-22.087976,-29.978878,-27.863867,-31.074802,-31.554434,-30.35097,-36.674747,-35.802036,-36.398006,-37.387535,-36.426464,-41.2173,-41.39602,-40.70067,-43.249687,-40.515953,-44.09397,-44.099213,-46.415184,-47.45106,-46.56731,-47.884117,-49.21685,-49.287334,-46.390766,-49.32506,-50.407646,-52.124104,-55.63228,-57.238136,-60.127098,-61.306416
4864,False,-24.164669,-26.98038,-28.61678,-31.478615,-32.02087,-33.3043,-34.472755,-41.60046,-37.29411,-34.93513,-36.33102,-35.545616,-42.584644,-43.53869,-42.972412,-43.0825,-40.817,-42.34144,-47.510506,-48.87752,-47.17357,-48.96265,-49.002613,-48.81967,-49.757553,-51.094933,-51.884003,-52.669563,-54.547684,-57.840786,-59.99052,-61.502117
4896,False,-23.400763,-26.949959,-26.927835,-29.738968,-28.479311,-31.037367,-31.643135,-34.646084,-34.117218,-34.816685,-34.00988,-38.175053,-42.06152,-39.279694,-42.997025,-43.107204,-43.319775,-45.32599,-47.0628,-46.826324,-46.01039,-47.947853,-48.05479,-49.422268,-48.642044,-49.521355,-51.084656,-53.088097,-55.891857,-58.997215,-60.6081,-62.08587
4928,False,-20.584053,-26.583918,-28.118908,-28.439934,-31.654203,-37.221436,-35.089424,-36.373837,-37.799847,-37.05333,-39.33221,-37.77839,-39.942116,-41.103027,-43.332863,-41.90809,-44.056084,-45.866566,-47.617687,-47.694744,-48.247055,-45.579815,-49.037632,-49.686417,-50.247124,-50.835533,-53.283405,-52.15567,-54.498978,-55.95583,-58.801727,-61.92218
4960,False,-24.4063,-26.65473,-30.095728,-30.756676,-30.003307,-34.28029,-32.127514,-33.62462,-36.553764,-33.029915,-34.91821,-36.145844,-41.126514,-40.586166,-42.535973,-39.250504,-43.35451,-45.994675,-44.934307,-45.847046,-45.966515,-49.66681,-48.167233,-48.771896,-50.0202,-51.446037,-51.472927,-52.89001,-55.1232,-57.859367,-58.613773,-61.599003
4992,False,-22.758392,-25.169094,-26.901436,-29.287786,-27.597221,-30.809801,-30.786736,-33.706852,-38.192127,-37.478653,-35.342606,-37.766193,-37.472008,-40.98123,-43.272457,-45.663723,-44.81277,-45.83938,-45.52838,-47.31282,-49.39581,-46.850796,-46.820724,-46.11851,-48.523937,-49.97892,-51.881622,-51.88333,-54.12812,-57.792885,-59.563847,-63.37635
5024,False,-22.23362,-24.296167,-28.118132,-34.06899,-29.282267,-33.53972,-35.47322,-33.962696,-38.72366,-38.649933,-35.022316,-36.66443,-41.42819,-42.023666,-43.46347,-43.343376,-40.595894,-43.117134,-49.40605,-50.366825,-48.27504,-48.405304,-47.32899,-48.80692,-47.485985,-49.7065,-52.70082,-54.005005,-54.94562,-57.622677,-60.473637,-61.542133
5056,False,-22.394274,-23.660522,-28.704212,-31.161327,-31.687868,-34.198944,-39.45265,-34.954334,-37.140434,-37.448143,-38.20613,-39.309544,-42.12994,-42.666252,-40.362434,-41.74391,-43.62671,-44.5111,-48.07331,-47.516575,-47.67388,-48.491825,-46.378956,-47.986618,-47.91635,-53.441166,-51.628944,-52.15685,-56.168423,-57.450897,-60.147545,-61.521015
5088,False,-21.616829,-21.711748,-27.131176,-30.248657,-29.331434,-32.651367,-38.42788,-34.605427,-34.357548,-32.842594,-37.593258,-40.3412,-37.47102,-44.286385,-41.44069,-41.170696,-40.54129,-43.49295,-46.93102,-46.376198,-46.544777,-47.135048,-48.067398,-47.55342,-51.39611,-51.723167,-49.51693,-51.26825,-53.741554,-57.45585,-60.112877,-62.687355
5120,False,-21.33644,-26.8801,-26.484531,-31.174955,-31.671534,-37.707542,-35.801178,-33.5039,-38.44182,-35.003704,-38.551746,-38.794174,-41.143818,-44.55828,-42.176025,-43.641174,-44.67863,-46.587696,-44.76214,-46.40335,-45.384636,-49.35642,-46.63557,-46.765587,-45.767227,-50.388527,-50.96516,-51.10929,-53.905533,-58.006416,-59.561996,-62.19622
5152,False,-19.76744,-23.922752,-27.862375,-32.59169,-29.730453,-31.529837,-32.30149,-38.34089,-35.775562,-33.287518,-35.588753,-40.176743,-39.210068,-40.001274,-40.060265,-41.31814,-42.64367,-44.96088,-48.134705,-47.92965,-47.995842,-45.587112,-45.86723,-48.919796,-47.668224,-48.687557,-49.458294,-51.080025,-55.40373,-59.89489,-60.27508,-61.296913
5184,False,-19.96937,-23.982466,-29.992907,-30.539095,-30.541039,-34.577168,-37.42799,-35.433926,-37.116364,-38.61835,-35.462856,-37.0631,-40.24263,-40.386086,-39.678745,-43.635925,-42.4106,-43.34831,-45.414787,-44.832535,-48.499306,-48.608707,-49.098454,-49.30584,-47.57905,-49.83568,-51.268192,-51.609314,-53.35953,-56.57618,-58.68186,-62.274227
5216,False,-24.57788,-26.799408,-31.094734,-34.09127,-35.364464,-34.384598,-36.786636,-38.22906,-37.313038,-38.399563,-40.1035,-38.730175,-39.301987,-42.22694,-41.597828,-43.630985,-41.596355,-43.933533,-47.390556,-47.371666,-45.154663,-46.6794,-48.572456,-50.022232,-50.000626,-49.54018,-52.063793,-52.80174,-56.132538,-56.026493,-59.501892,-61.98921
5248,False,-24.723997,-24.043753,-27.9439,-27.981043,-31.391548,-34.434544,-30.732527,-28.027847,-32.98953,-37.485954,-33.813168,-28.98928,-28.396833,-27.312744,-26.939165,-24.341753,-26.703,-30.34528,-36.263012,-41.528915,-36.76028,-35.583656,-34.46158,-37.85199,-34.229034,-32.200226,-36.45897,-30.715332,-24.075554,-25.06649,-29.826982,-31.250288
5280,False,-22.727232,-24.293362,-31.33672,-24.901152,-27.92901,-28.54625,-30.677296,-22.919033,-27.666426,-31.792618,-26.7786,-26.264595,-27.59774,-23.432644,-25.951757,-22.549362,-26.55138,-28.913355,-30.58426,-36.296696,-32.18101,-29.500742,-30.982878,-32.710052,-30.029053,-27.120878,-32.253204,-28.983433,-21.094337,-22.313288,-27.751654,-29.612703
5312,False,-24.273243,-28.275366,-28.93771,-28.31652,-29.39793,-31.973755,-31.418499,-30.347866,-34.99962,-35.781857,-35.48671,-35.594597,-30.998934,-32.144638,-34.355858,-35.30882,-34.994198,-39.031677,-40.400585,-45.02205,-43.152805,-39.8474,-42.38733,-44.037743,-42.298275,-37.75583,-38.729023,-41.285927,-35.578487,-35.89601,-43.63146,-45.672344
5344,False,-30.832554,-26.387901,-23.4042,-27.393265,-29.263786,-35.76189,-34.40692,-34.902214,-33.190685,-38.19909,-37.68458,-42.305138,-40.529633,-41.068516,-39.688744,-39.20734,-41.334816,-44.232983,-42.945442,-46.072,-45.489635,-42.149803,-44.182175,-46.830135,-45.627754,-41.617363,-41.57811,-43.26695,-38.275772,-40.253643,-46.445854,-48.463623
5376,False,-28.099928,-26.360643,-25.0786,-28.158705,-28.246662,-32.7149,-36.51986,-34.137394,-35.310547,-33.25078,-35.61748,-35.62997,-36.449677,-37.98447,-41.345108,-39.8807,-44.870598,-45.163685,-45.722065,-47.943493,-46.324547,-45.919106,-46.688637,-49.746452,-48.084568,-44.454464,-45.240257,-47.245872,-43.48959,-44.211826,-50.050156,-53.142143
5408,False,-26.740097,-23.064304,-29.315794,-31.335835,-29.51654,-35.705498,-36.951225,-34.77151,-37.285282,-35.829617,-31.217165,-36.664345,-36.770374,-37.85306,-38.89544,-39.841675,-41.323082,-41.433506,-44.381584,-44.593357,-47.05777,-45.039726,-47.722885,-47.10863,-47.95172,-47.594925,-49.796997,-46.36263,-47.028,-49.651665,-54.94406,-57.67532
5440,False,-27.84425,-25.744942,-28.83356,-32.496613,-30.576525,-29.196136,-32.77744,-36.15093,-36.03721,-42.171055,-38.547398,-38.873833,-39.18707,-42.499878,-42.52643,-37.967754,-37.649124,-40.73206,-45.217022,-44.754837,-47.19393,-47.61364,-49.697838,-47.998318,-49.58889,-49.237762,-51.56276,-49.77915,-48.88823,-51.86443,-57.08516,-58.26914
5472,False,-25.240355,-27.005276,-33.83659,-28.805964,-27.998852,-32.604362,-32.228184,-33.40949,-38.33462,-40.764023,-38.234695,-37.485252,-36.267963,-37.131645,-38.713654,-41.101707,-40.737366,-43.012688,-49.37615,-48.695454,-47.000153,-46.242744,-47.038807,-48.015663,-49.039265,-49.190216,-48.9481,-50.217545,-53.35292,-55.84789,-58.47784,-58.766235
5504,False,-23.800694,-22.525913,-29.093681,-26.909828,-28.604324,-32.985683,-31.927505,-34.0969,-36.039173,-35.049168,-33.085957,-35.08328,-36.6432,-38.11429,-40.70146,-41.17514,-44.855618,-45.576244,-45.645447,-46.63276,-47.97261,-48.823425,-48.51296,-48.763542,-48.32285,-49.580704,-50.966667,-52.564564,-53.143044,-55.759678,-61.47779,-62.53779
5536,False,-21.366186,-22.256124,-28.195503,-29.444267,-28.505419,-32.44677,-29.836143,-32.242752,-36.896385,-37.523003,-33.674694,-35.925663,-37.46777,-42.154316,-42.792248,-41.34033,-40.059704,-41.8126,-48.767887,-49.046406,-47.233273,-48.905907,-49.30172,-48.304283,-46.56948,-50.130367,-50.057953,-51.79817,-54.156242,-57.24377,-58.0141,-61.715782
5568,False,-24.807487,-25.89696,-27.206535,-26.991005,-31.64401,-31.994745,-33.959976,-34.101406,-36.566322,-34.132416,-38.50808,-42.711395,-39.075348,-42.56145,-45.344078,-43.226353,-41.186768,-44.35217,-47.96742,-47.466602,-47.83348,-48.329407,-47.814987,-47.47287,-48.413452,-49.59166,-49.79708,-51.68421,-55.55549,-57.09585,-60.242275,-60.324844
5600,False,-25.847818,-22.792656,-29.65315,-28.46195,-29.02185,-31.406038,-34.32758,-40.252182,-39.349266,-35.699844,-34.89176,-37.72399,-38.00092,-39.358807,-40.846146,-42.991367,-43.595825,-44.247112,-47.6906,-47.42083,-45.85984,-45.41114,-47.221947,-47.804646,-49.915062,-49.965115,-52.28263,-52.146706,-55.200405,-57.45851,-59.619884,-61.446198
5632,False,-23.993378,-25.950401,-29.382792,-29.22277,-32.217243,-31.703087,-32.267838,-36.232864,-38.24488,-36.224598,-33.3818,-35.891968,-38.799187,-40.263237,-39.651043,-44.916527,-44.282112,-45.714012,-47.22822,-46.08474,-47.875458,-50.73822,-48.058815,-49.006683,-48.32668,-49.22585,-50.844036,-51.77154,-53.890327,-57.991867,-59.533077,-60.943512
5664,False,-24.392193,-23.356714,-29.245464,-30.7934,-29.514225,-33.834988,-37.144325,-37.8986,-38.83322,-37.204586,-35.164234,-36.372627,-39.409252,-42.947487,-41.69467,-43.968216,-43.00197,-45.837364,-47.415127,-47.977585,-49.06525,-49.08618,-48.295433,-49.091038,-49.096264,-50.03954,-51.448822,-49.75573,-55.223526,-58.122105,-60.025536,-61.29848
5696,False,-26.119583,-28.41742,-28.852562,-31.71851,-29.6089,-30.556377,-34.247704,-37.055737,-38.72667,-39.42654,-36.624603,-37.15835,-39.328533,-42.626846,-43.2227,-42.893303,-44.648052,-46.639824,-47.383514,-49.29134,-48.822533,-46.034702,-47.807083,-47.98344,-47.23865,-49.79844,-51.57228,-52.077618,-54.279198,-56.471855,-60.046066,-60.689053
5728,False,-22.221573,-23.098974,-29.006721,-29.551407,-29.634733,-30.294725,-35.84097,-36.66608,-40.647415,-37.54521,-39.767334,-38.97277,-37.26662,-42.224754,-44.02977,-41.034943,-43.398087,-46.353382,-47.299427,-46.332188,-48.916046,-47.35224,-47.520718,-50.000423,-46.806694,-48.24485,-50.822025,-52.177307,-54.092236,-57.443047,-58.645187,-61.903824
5760,False,-23.86599,-24.516346,-28.838625,-31.733759,-33.774143,-31.037262,-33.442463,-37.703384,-34.917564,-36.385353,-40.380875,-42.532883,-41.324127,-40.135273,-41.89324,-40.590767,-42.363617,-44.78489,-47.90004,-48.562683,-47.919914,-48.028206,-48.99296,-48.836678,-47.41336,-49.766296,-51.729206,-52.2211,-53.785843,-57.0507,-58.38199,-62.308792
5792,False,-22.654488,-25.75877,-28.592379,-28.407728,-28.826164,-33.876663,-31.560982,-26.744797,-32.404663,-33.442375,-30.354927,-28.190811,-27.262869,-32.324703,-33.6777,-29.875433,-32.129635,-36.27055,-39.279423,-44.747585,-43.024887,-44.42437,-43.621933,-45.32948,-46.050907,-47.70048,-50.75376,-51.36402,-52.33787,-54.279366,-57.832645,-59.43825
5824,False,-24.327171,-27.201616,-25.618513,-27.126474,-26.811108,-28.428589,-31.46516,-27.821758,-31.242947,-31.374662,-28.021858,-31.616653,-31.006882,-31.836031,-35.54291,-31.037312,-37.59305,-43.204647,-40.509415,-44.088814,-43.772858,-44.028236,-46.32158,-49.23429,-47.209354,-49.350204,-52.97679,-52.700676,-53.786922,-56.694603,-58.27246,-60.027954
5856,False,-20.961754,-22.9832,-25.778744,-27.093037,-29.70643,-28.308025,-29.006166,-29.622925,-35.457886,-34.71059,-31.944633,-32.721024,-36.100513,-35.215057,-39.08538,-40.259087,-43.150627,-43.25769,-43.836422,-46.529903,-47.12262,-45.881927,-49.07757,-49.824234,-48.974174,-48.26352,-51.810913,-52.27439,-54.550262,-57.93726,-58.720303,-61.681705
5888,False,-19.817846,-28.620642,-25.864641,-29.338762,-31.152946,-33.151386,-29.070967,-33.83691,-35.070927,-34.473297,-36.243446,-35.489117,-37.560383,-40.059242,-42.550446,-42.102695,-44.24023,-45.439957,-47.900894,-48.613167,-49.586136,-46.93023,-46.76481,-50.138474,-50.04465,-49.29222,-50.322308,-53.998188,-55.309174,-58.337246,-59.73738,-61.33194
5920,False,-21.67673,-23.46458,-25.928463,-28.03464,-27.540571,-32.19456,-34.040318,-33.822567,-37.94467,-37.72924,-37.49289,-35.944656,-38.891514,-42.31876,-41.9047,-45.14286,-41.90334,-43.57369,-45.435318,-45.48507,-47.73415,-50.095097,-50.613323,-48.46954,-49.042786,-50.491188,-52.497917,-52.9686,-56.884846,-59.7481,-59.709873,-61.821613
5952,False,-23.804573,-23.907879,-31.319332,-27.651093,-26.329563,-30.27274,-29.590595,-36.197952,-38.656216,-35.26258,-39.78064,-38.938236,-40.215004,-41.552658,-42.521515,-42.741135,-43.449867,-47.350174,-48.24527,-47.988285,-49.05818,-47.23739,-47.5062,-48.352047,-49.111668,-52.15662,-53.18789,-54.241066,-55.817776,-58.848835,-60.465706,-62.714806
5984,False,-21.028275,-26.301105,-29.641619,-27.141706,-27.740768,-33.272163,-34.0114,-35.252968,-39.26599,-33.625557,-37.152256,-36.48635,-39.404102,-42.607056,-44.51897,-45.85656,-44.359547,-46.63701,-47.233013,-47.984547,-48.038055,-48.95172,-49.39539,-48.57717,-50.188705,-52.602753,-53.721203,-53.217274,-55.70121,-60.17106,-60.768524,-62.199257
6016,False,-20.058718,-24.14275,-26.948698,-28.842068,-30.770687,-34.121994,-36.34974,-35.67553,-36.374657,-37.742054,-38.776485,-38.629486,-43.58783,-44.798492,-42.840797,-44.627098,-38.485542,-40.545593,-45.046654,-47.265972,-48.50106,-49.285233,-49.922363,-49.049206,-49.446297,-49.836586,-52.48897,-55.54084,-58.189358,-59.429764,-60.63912,-63.64692
6048,False,-21.25411,-26.639172,-27.518867,-28.124939,-30.162012,-31.617893,-36.443226,-38.982662,-38.854225,-38.84823,-38.522648,-42.835636,-40.41561,-42.00752,-42.74121,-41.62581,-42.3683,-44.866432,-45.97352,-47.532825,-48.214115,-49.005287,-50.27572,-49.99332,-50.429768,-52.376816,-52.35415,-53.84985,-56.81787,-59.161728,-60.442406,-61.711464
6080,False,-20.42311,-27.830845,-33.219666,-32.716194,-32.618607,-32.534668,-33.11728,-33.47426,-35.934605,-41.118656,-40.276512,-40.578228,-42.394123,-39.87313,-41.63468,-41.605667,-44.243286,-47.81828,-48.540184,-47.504433,-47.19313,-47.913956,-50.859764,-51.34081,-50.363712,-51.818092,-54.081844,-55.12198,-57.558678,-59.36582,-60.82624,-62.275204
6112,False,-20.622757,-26.05694,-29.805162,-28.651749,-28.473034,-36.30408,-33.708733,-37.70637,-38.565704,-35.7999,-37.591232,-38.428276,-42.803795,-44.616096,-43.342873,-43.52191,-43.513912,-45.52369,-47.94934,-47.326218,-48.540554,-48.775764,-51.005966,-51.221428,-50.48774,-51.188416,-53.97629,-54.883976,-57.252804,-59.66829,-60.854843,-63.411175
6144,False,-23.064182,-24.779762,-28.549082,-28.647882,-29.481625,-30.404575,-31.566668,-37.275196,-38.192936,-40.243816,-41.267124,-40.202007,-37.447952,-41.041626,-45.02208,-41.760033,-40.567852,-44.66496,-48.79375,-50.75318,-47.876114,-46.874268,-47.11634,-50.573925,-50.393543,-52.76382,-55.13109,-55.788403,-58.583332,-59.1321,-61.74381,-64.30531
6176,False,-23.032064,-27.23161,-32.256226,-33.464577,-32.984966,-37.297028,-34.717262,-35.48805,-38.213955,-37.590153,-39.052467,-40.205185,-37.4509,-37.978226,-40.096455,-41.976913,-37.79458,-40.90072,-45.741074,-48.095455,-48.8851,-50.846973,-48.65002,-47.226074,-48.84527,-50.095337,-52.19777,-54.467926,-55.444237,-56.972725,-58.48304,-63.084377
6208,False,-22.536192,-27.440393,-30.445234,-28.66072,-30.741842,-31.728552,-32.104507,-34.36627,-36.781094,-34.245953,-34.766582,-37.304417,-38.139442,-42.442356,-45.213093,-44.418983,-41.46616,-45.892227,-47.688183,-48.623314,-48.360725,-47.5996,-48.906322,-51.364883,-51.018974,-52.600166,-53.09144,-52.851944,-56.392143,-59.768406,-60.46592,-61.92541
6240,False,-23.359852,-27.079763,-27.851162,-28.974257,-33.160458,-29.35198,-29.23656,-31.892426,-34.42376,-34.005466,-30.717642,-33.57717,-39.034767,-39.25493,-41.012806,-44.489502,-45.498386,-46.944595,-50.136482,-47.453407,-49.205147,-49.52294,-49.15602,-50.428368,-51.153122,-48.180523,-50.972027,-52.719017,-56.233078,-58.20771,-61.17978,-63.130573
6272,False,-21.358463,-24.031578,-23.83905,-26.821348,-26.035656,-28.441414,-27.420542,-30.042679,-33.94257,-33.10142,-32.634037,-37.189857,-39.191204,-39.032894,-41.27821,-40.82,-42.122986,-47.05124,-48.25245,-47.9037,-47.600475,-48.929325,-49.175304,-52.363884,-48.79492,-49.637222,-52.074947,-53.575245,-57.136375,-57.620083,-59.075523,-62.56554
6304,False,-22.56645,-27.807114,-27.214668,-27.66415,-33.852837,-39.066032,-29.649523,-28.325178,-32.994102,-35.870766,-40.823296,-36.530315,-38.133526,-43.44642,-44.062958,-48.14743,-44.04531,-42.11155,-45.198547,-46.845432,-48.746902,-48.978638,-48.608494,-49.536125,-48.894585,-50.44205,-52.802547,-54.638866,-55.888134,-58.628166,-61.616592,-63.231144
6336,False,-22.742252,-27.339441,-29.180927,-29.88429,-31.764204,-37.25395,-29.811676,-26.134928,-30.647552,-34.99969,-32.869408,-26.545269,-26.130877,-26.263018,-26.220802,-22.883718,-25.054825,-28.895605,-34.669395,-40.22614,-34.782654,-34.348824,-32.975124,-35.60231,-32.504364,-30.791508,-33.820576,-29.40872,-22.893833,-23.151274,-29.05246,-29.105003
6368,False,-22.457375,-27.992638,-26.544647,-22.776384,-26.149885,-27.590107,-30.33349,-24.443806,-29.558556,-35.875927,-31.656242,-29.433737,-27.837708,-23.949945,-26.769846,-23.989758,-27.664242,-30.549582,-31.651772,-36.276146,-32.74928,-30.04379,-32.29592,-34.673214,-31.385672,-28.50549,-32.512787,-30.048006,-23.30715,-24.133755,-28.571182,-29.264927
6400,False,-22.115074,-26.126299,-31.630774,-27.153484,-31.996475,-30.152126,-32.35324,-27.8326,-33.700966,-36.167435,-36.8728,-34.768883,-32.03833,-32.82332,-36.143566,-36.005077,-37.577522,-43.23328,-42.378967,-45.07091,-43.631878,-41.099873,-42.772236,-45.90286,-43.875916,-38.851406,-39.012157,-40.58065,-36.48144,-36.929264,-42.49961,-44.378708
6432,False,-23.867512,-25.025036,-28.840063,-29.25641,-28.666344,-31.883087,-32.147583,-34.327473,-38.478443,-36.478523,-37.232853,-36.371094,-36.48526,-40.433662,-39.61404,-38.865295,-37.747364,-41.52997,-46.189022,-47.91735,-45.96699,-42.002625,-45.680878,-45.871967,-45.470844,-41.664413,-41.30876,-44.786316,-39.73464,-41.113693,-47.23004,-50.450783
6464,False,-23.178059,-28.015343,-29.951523,-28.797031,-30.314854,-31.529503,-34.6759,-39.88615,-36.21266,-34.75577,-37.72905,-38.80543,-39.01666,-39.78726,-41.42277,-40.923073,-40.05463,-41.65716,-44.228188,-46.99115,-45.997734,-47.091297,-48.0717,-49.635025,-46.787483,-44.916702,-45.78241,-47.37621,-44.86744,-45.178665,-50.660976,-53.757687
6496,False,-21.87503,-27.821896,-29.343176,-29.30605,-28.887684,-33.396347,-35.246464,-36.382103,-35.95282,-34.80823,-39.328087,-37.781807,-40.181168,-39.12453,-43.513203,-45.110054,-45.028908,-45.48858,-45.243664,-47.98966,-50.808643,-48.909092,-48.804432,-48.091984,-48.526314,-48.092583,-50.96618,-50.34231,-48.875065,-50.29264,-55.61285,-57.9427
6528,False,-22.414434,-24.410175,-28.749653,-29.2074,-30.40588,-32.134182,-30.662718,-34.707916,-36.960373,-34.70269,-36.27876,-39.145706,-40.582214,-40.198536,-41.93168,-44.404686,-45.160023,-45.76729,-48.57017,-48.151302,-48.631706,-48.738487,-50.633656,-49.981422,-47.6472,-49.064804,-52.32546,-53.015717,-49.46957,-52.472557,-58.252254,-60.761116
6560,False,-22.111282,-30.094927,-28.395967,-29.863586,-30.68345,-28.258665,-31.096354,-31.861763,-35.145035,-33.422165,-37.84871,-35.5877,-37.850098,-43.304905,-41.875835,-44.846157,-45.319363,-45.959988,-47.68639,-46.522774,-48.79562,-49.988934,-49.98219,-48.50785,-48.93261,-50.65508,-51.623863,-54.2211,-56.033325,-56.612656,-59.56756,-61.33698
6592,False,-22.028965,-26.397493,-26.937304,-29.530624,-32.171165,-36.61089,-32.90209,-33.829643,-34.787785,-34.213814,-37.167404,-38.751186,-39.542328,-45.095184,-45.220562,-45.876564,-40.968666,-43.51039,-48.89585,-49.16971,-48.808548,-49.791317,-48.67954,-49.33217,-50.85634,-52.015274,-52.130695,-55.228928,-55.550446,-56.52549,-60.367195,-62.859634
6624,False,-21.877375,-32.051826,-29.005196,-28.724821,-30.585056,-31.499687,-31.684454,-34.6186,-35.77006,-34.61746,-35.873837,-39.172966,-41.02264,-41.794624,-42.465954,-44.135777,-40.33008,-43.61096,-49.389877,-46.62737,-48.617393,-50.575924,-48.179623,-49.488224,-51.02976,-51.931454,-49.75763,-52.775707,-55.502235,-57.929665,-61.09209,-63.002277
6656,False,-21.547157,-28.320423,-28.373795,-30.882025,-27.788391,-33.06711,-32.619698,-32.71976,-34.037975,-37.530968,-38.463654,-35.5928,-41.36914,-44.724625,-42.93922,-47.053417,-44.963604,-49.299755,-48.992317,-47.891777,-50.40598,-50.331566,-50.603104,-49.234993,-49.60618,-50.14469,-50.53112,-51.54373,-55.46264,-58.483967,-60.532547,-62.789062
6688,False,-24.291742,-30.499155,-30.239334,-28.665483,-29.509594,-37.01318,-35.629936,-34.00337,-37.24445,-36.379185,-36.285767,-38.15181,-42.212845,-38.544113,-40.829716,-43.58635,-44.434128,-45.493446,-47.188107,-49.89756,-50.011833,-48.98604,-47.962967,-51.527786,-49.61907,-50.242737,-53.37239,-54.89102,-57.459663,-57.925217,-61.467968,-64.160675
6720,False,-22.691032,-33.04644,-31.068087,-31.24241,-30.554007,-32.96846,-32.27785,-34.32006,-36.952408,-35.588795,-36.486492,-40.52624,-40.663105,-44.75208,-44.45099,-44.32436,-41.790123,-43.566635,-47.48532,-46.842438,-47.639053,-48.719246,-49.968906,-49.241997,-49.58775,-51.084694,-52.663326,-52.855286,-56.238846,-57.82846,-59.300426,-62.09444
6752,False,-22.96505,-29.276188,-29.36232,-30.506113,-29.498093,-30.664654,-32.987503,-35.191845,-35.347313,-33.59237,-36.300446,-40.732708,-39.360043,-45.213337,-44.239967,-44.20856,-43.543472,-44.545044,-48.136555,-46.988663,-49.995228,-51.294884,-48.251106,-49.44809,-49.829082,-51.016487,-53.378006,-51.497208,-54.911797,-57.921776,-60.245316,-64.561226
6784,False,-24.016493,-29.486927,-31.203766,-30.796621,-31.760414,-34.707684,-34.622997,-39.458366,-38.1715,-35.67505,-39.848522,-40.955177,-40.3718,-40.004494,-44.56577,-44.471375,-42.5624,-43.948578,-47.07057,-48.326286,-48.17379,-48.43402,-49.966297,-49.673275,-51.66455,-50.072002,-53.10345,-50.889328,-53.97,-59.444893,-61.518578,-63.02278
6816,False,-23.92415,-28.305729,-32.071198,-32.876404,-30.337315,-32.130116,-32.769478,-37.459297,-42.424946,-36.440144,-37.8986,-39.184116,-43.013874,-45.733433,-42.292793,-46.40721,-42.226418,-44.624847,-47.064327,-49.645256,-49.821457,-47.880424,-49.717987,-51.158707,-48.87213,-50.503387,-51.845554,-52.631916,-56.07447,-58.84077,-62.473225,-63.606754
6848,False,-21.75504,-28.402184,-26.130688,-28.690529,-27.75135,-35.458576,-35.63271,-36.447887,-40.627518,-36.444416,-38.46034,-37.51427,-42.077198,-42.79576,-41.674175,-43.192905,-47.05404,-48.50048,-48.299793,-48.335365,-48.965218,-48.079132,-47.932644,-49.620438,-47.161522,-51.570145,-53.316807,-52.573032,-54.716602,-57.4097,-60.955566,-62.563873
6880,False,-20.966227,-26.375315,-30.286674,-32.182358,-31.608109,-33.25189,-29.566734,-28.575096,-32.45862,-35.53442,-37.12301,-32.18585,-30.230873,-34.15978,-33.77283,-30.632437,-35.038254,-38.826477,-44.631237,-46.3942,-46.511955,-48.3778,-46.178566,-49.89998,-48.02799,-51.054226,-50.164642,-51.936943,-53.209362,-54.312283,-57.779926,-60.444275
6912,False,-21.212944,-23.656809,-26.905758,-30.30806,-29.545889,-29.34418,-31.24572,-27.849453,-32.286224,-36.86218,-32.95249,-33.134087,-31.904099,-31.605967,-35.30181,-30.798595,-35.816734,-40.00437,-42.51459,-45.286568,-45.20426,-44.73166,-45.72711,-49.774853,-49.619972,-51.91449,-51.43138,-51.734398,-52.716805,-56.343376,-59.639397,-61.089294
6944,False,-22.318504,-29.235973,-31.6292,-30.212036,-34.35799,-35.617607,-34.092113,-32.26735,-35.198902,-38.08471,-38.699463,-39.32399,-39.91049,-38.07221,-40.565666,-40.844696,-41.208153,-45.597645,-45.40174,-47.32472,-48.534588,-48.942722,-46.897675,-50.32364,-49.847153,-50.37887,-50.771526,-50.54663,-53.190483,-58.279972,-60.02085,-60.60726
6976,False,-21.07312,-30.073162,-28.668577,-29.908619,-34.41224,-33.797245,-34.773163,-32.66646,-36.152317,-38.34438,-39.781418,-41.51246,-39.794876,-39.421547,-42.02328,-39.794754,-40.95879,-45.66601,-48.035107,-50.098183,-50.1078,-49.27107,-49.21451,-51.158375,-48.646362,-50.80681,-52.064915,-52.95546,-54.77552,-57.648872,-59.691525,-61.820377
7008,False,-21.401493,-28.484856,-27.731136,-28.888077,-30.380375,-35.641895,-37.13296,-36.845577,-36.79256,-34.252922,-34.02039,-41.562935,-45.418503,-46.42234,-45.728107,-44.67878,-43.27004,-43.226997,-49.049477,-50.47874,-51.087727,-49.4091,-49.328598,-49.60125,-48.679432,-50.61959,-50.103104,-51.000282,-54.746113,-58.977962,-60.441666,-62.42674
7040,False,-21.733797,-29.297884,-32.85172,-31.715078,-29.230955,-35.74629,-33.82252,-37.482094,-43.234257,-42.550846,-42.529526,-39.233864,-37.23001,-41.27708,-45.281006,-45.256657,-41.749527,-44.209866,-46.47191,-49.69269,-48.369385,-49.81379,-49.926613,-49.63077,-49.478477,-51.6399,-51.67585,-52.149345,-55.14884,-57.66779,-59.16924,-61.40329
7072,False,-22.45386,-30.962032,-31.134869,-32.1205,-32.921764,-35.73257,-32.925724,-33.00634,-35.97121,-40.014496,-41.141045,-42.453194,-41.937027,-43.20508,-44.194294,-45.078777,-39.913933,-42.60017,-49.068676,-48.49321,-47.660416,-47.949444,-49.467804,-49.058834,-47.23365,-50.043327,-51.4294,-50.1139,-55.29942,-58.138878,-60.652966,-63.134464
7104,False,-23.629763,-33.017296,-31.893383,-31.50491,-31.28558,-33.628983,-32.011677,-34.820114,-39.5919,-38.147217,-38.16917,-41.500824,-44.790997,-43.120346,-46.158596,-41.914066,-39.126137,-42.367737,-47.723206,-47.78757,-47.942116,-48.57232,-50.8643,-49.23217,-49.301582,-52.19086,-53.390957,-52.301704,-55.67874,-57.11991,-58.21548,-60.773453
7136,False,-21.158043,-29.908695,-29.45559,-29.389992,-29.910164,-35.274136,-36.532803,-34.789043,-40.23251,-37.764107,-40.948685,-40.544395,-42.516712,-44.388657,-45.747063,-47.585358,-43.047413,-44.295536,-47.779423,-48.602238,-49.248474,-48.737755,-47.947792,-49.044453,-51.1412,-50.806255,-50.82589,-52.78648,-54.698788,-57.782654,-58.436356,-61.34766
7168,False,-24.510063,-29.298561,-31.283169,-32.68578,-31.778793,-32.61386,-33.656605,-36.17449,-37.438293,-40.93502,-41.774757,-38.065617,-40.760384,-42.028893,-41.086086,-42.930824,-41.77968,-43.40142,-49.26262,-48.34063,-48.792347,-51.366276,-49.42179,-50.08287,-49.77634,-49.50514,-50.66034,-53.583454,-54.4188,-56.41667,-57.28656,-60.21447
7200,False,-21.503012,-33.77781,-33.87608,-31.517117,-30.034077,-36.05068,-38.973087,-39.477695,-39.02827,-35.855305,-40.95329,-43.582424,-42.00461,-41.203648,-46.17281,-46.0173,-45.26374,-45.60648,-45.91656,-47.472843,-48.946327,-51.51645,-52.21052,-50.039097,-49.13392,-48.785362,-51.067688,-52.91925,-55.58586,-57.01584,-57.571503,-61.96701
7232,False,-19.837545,-27.637789,-35.245766,-33.33338,-32.021202,-32.515438,-36.222317,-36.895832,-35.79649,-40.893536,-41.89652,-42.1334,-41.641193,-43.402534,-48.125084,-46.60278,-41.879063,-43.109303,-47.543007,-50.15263,-48.613834,-48.73095,-49.673187,-48.505524,-50.027424,-50.450516,-52.351383,-51.55859,-53.992584,-58.07589,-58.744217,-60.65396
7264,False,-21.37411,-29.314827,-30.639172,-32.87425,-27.917719,-29.4437,-32.646633,-38.846073,-37.13121,-38.26845,-36.896156,-41.405334,-42.978672,-44.83292,-44.9835,-43.512756,-37.288994,-40.772713,-47.800034,-49.818157,-48.662766,-47.28811,-49.55345,-48.907967,-49.391613,-51.00804,-51.382793,-50.799404,-52.569366,-56.811516,-59.38678,-60.885204
7296,False,-21.009285,-28.878088,-32.404694,-32.46369,-31.295956,-33.117413,-35.611763,-37.63774,-35.117558,-36.876545,-43.733505,-40.191353,-42.857338,-43.10774,-45.7793,-43.397907,-37.44255,-40.251865,-49.724213,-47.797684,-48.885124,-48.702675,-46.530327,-49.213062,-50.345848,-50.239067,-52.382164,-51.951042,-54.375416,-57.76813,-58.51179,-60.331337
7328,False,-23.230804,-31.151222,-30.357288,-32.68555,-33.468887,-33.120445,-34.680298,-35.73287,-39.738487,-38.505688,-39.79692,-41.16324,-42.988823,-40.53921,-39.355633,-40.87208,-46.004295,-47.242798,-46.433167,-49.19222,-49.77629,-49.67367,-48.26885,-48.8924,-50.169975,-51.53522,-53.51033,-51.488815,-56.179146,-59.87166,-60.607285,-63.274628
7360,False,-22.083254,-29.222143,-34.13028,-35.907562,-33.727135,-36.259953,-34.30913,-38.811176,-37.107193,-39.822025,-38.159294,-40.96848,-45.748104,-44.19085,-44.07167,-40.16275,-43.043518,-46.752277,-48.174915,-47.489353,-47.875652,-51.381615,-48.873444,-47.467,-47.37908,-52.2118,-50.551758,-52.56235,-56.715782,-59.31084,-59.94234,-60.9065
7392,False,-21.575592,-30.166504,-33.808308,-33.019062,-30.881191,-34.387012,-35.621464,-40.40525,-39.96613,-40.782272,-43.16891,-41.230713,-44.43724,-44.404827,-44.35741,-41.61206,-43.635773,-44.469418,-46.32865,-46.357864,-47.123055,-49.272533,-49.8632,-50.62592,-50.58373,-50.33355,-51.72687,-53.18879,-57.804714,-59.11777,-60.799957,-62.03657
7424,False,-22.755701,-27.803297,-30.771837,-26.191254,-27.536661,-32.38733,-28.771542,-24.007483,-28.516075,-35.694077,-30.211256,-24.012074,-23.352327,-23.005888,-23.492928,-20.374023,-22.74726,-26.436728,-32.458298,-38.10183,-32.609375,-31.303104,-30.123917,-32.808945,-29.698654,-27.680775,-30.821,-26.576035,-19.817577,-20.278759,-26.311672,-26.01552
7456,False,-22.557419,-29.506035,-29.987095,-25.641832,-26.443863,-32.004562,-31.636295,-25.051655,-31.415043,-36.278374,-30.202465,-30.46368,-30.365494,-26.226187,-29.531527,-26.305788,-31.023188,-34.268536,-33.11772,-38.647034,-36.926075,-33.841633,-35.981,-37.30265,-34.574844,-31.556343,-34.70343,-32.63699,-26.360579,-27.563263,-32.05255,-33.05243
7488,False,-22.33326,-31.15932,-30.081375,-29.600832,-31.40889,-32.93548,-33.31867,-31.519394,-37.068485,-34.697754,-35.3933,-34.91961,-34.72547,-32.81614,-35.559967,-36.479103,-36.46781,-39.725002,-41.86355,-46.298946,-42.895454,-40.444927,-43.132168,-45.661087,-44.64459,-38.505512,-39.807953,-40.84572,-37.22879,-37.773502,-43.80935,-45.99213
7520,False,-22.450735,-33.05929,-34.103416,-32.96116,-34.617577,-35.485554,-35.284317,-37.907135,-41.066875,-40.173485,-37.090942,-37.9938,-36.587097,-37.512226,-40.930862,-37.806946,-37.28556,-40.42166,-46.36669,-48.42491,-46.789833,-42.173477,-46.02037,-46.81458,-46.870197,-43.297077,-43.50247,-45.07802,-39.744545,-41.393963,-48.160282,-50.808685
7552,False,-22.072971,-26.416847,-35.723244,-32.37694,-32.840874,-34.422775,-35.003883,-36.372906,-38.345352,-38.888115,-41.062912,-43.69648,-41.43413,-41.464027,-42.145782,-41.111855,-43.356552,-44.067368,-45.52278,-47.99505,-46.596123,-44.773193,-46.11666,-46.2813,-47.710556,-45.3123,-46.21292,-46.992622,-44.528545,-44.67238,-50.457806,-55.51158
7584,False,-22.131817,-29.541883,-32.010445,-33.808197,-31.683147,-36.246014,-34.015987,-37.312565,-38.826546,-33.075146,-40.407066,-42.585068,-42.528324,-39.593025,-41.167595,-43.696743,-44.498276,-46.36428,-46.657738,-50.150375,-48.90839,-45.79116,-51.177708,-50.6735,-49.966335,-47.576668,-48.589134,-49.69954,-48.50776,-50.924637,-56.28464,-59.23857
7616,False,-21.750631,-29.30154,-30.884186,-29.637777,-32.973637,-34.713673,-35.591473,-36.746246,-40.22264,-35.50421,-38.882717,-39.25175,-41.382195,-40.683407,-42.390205,-41.842533,-41.474434,-46.039524,-48.940094,-47.642307,-47.495102,-49.057163,-48.19914,-48.021408,-49.082603,-49.896935,-49.46029,-52.180256,-49.70529,-52.95824,-58.25172,-61.09845
7648,False,-22.097223,-29.54898,-35.388855,-33.404522,-31.295069,-38.474236,-36.67833,-33.610886,-33.608902,-39.018826,-42.355278,-38.960506,-41.273308,-40.39366,-44.454823,-42.634308,-42.62415,-45.071083,-46.795994,-46.382217,-48.57824,-48.74656,-49.28852,-49.47264,-49.52527,-50.57535,-50.96199,-52.504124,-53.91691,-55.375473,-60.36737,-63.924774
7680,False,-24.969124,-32.461292,-35.574284,-35.965042,-35.273228,-36.31206,-36.618675,-36.872364,-40.524784,-38.812065,-41.36505,-39.08355,-39.45177,-42.328156,-46.16353,-43.142868,-42.509056,-45.070652,-48.35575,-47.98855,-48.33648,-49.445366,-50.246616,-51.08582,-50.552197,-51.6026,-51.171917,-53.289856,-53.26567,-57.218163,-59.27252,-62.29062
7712,False,-22.761497,-29.299314,-35.709915,-34.075836,-36.1723,-32.976887,-36.810192,-35.718716,-34.556973,-39.648422,-41.345768,-37.613758,-41.629982,-41.536606,-42.28787,-42.322945,-46.57293,-47.813393,-48.308968,-48.360054,-52.35546,-49.744686,-48.153687,-49.597466,-51.305733,-50.962467,-52.67356,-54.532516,-56.333725,-57.303146,-61.481865,-62.768284
7744,False,-21.970505,-31.813261,-34.463768,-34.241817,-35.635094,-34.34872,-37.3551,-41.638298,-40.79643,-38.45979,-38.16529,-40.567955,-44.202705,-43.57939,-43.115448,-44.258453,-44.01367,-45.110245,-47.144794,-46.71286,-48.49192,-47.796745,-47.642174,-48.596992,-48.995728,-51.915916,-52.83777,-54.981327,-55.814102,-58.527344,-60.97498,-64.08458
7776,False,-23.327501,-30.222157,-32.2815,-33.5287,-31.907364,-28.834799,-33.66416,-36.691357,-38.95716,-37.811504,-44.089302,-43.37207,-42.629494,-42.750813,-43.01695,-40.543476,-41.35135,-44.019474,-50.617596,-48.38928,-47.780357,-48.652576,-48.08868,-49.15072,-50.99026,-51.84225,-52.45068,-54.975334,-56.057587,-59.40082,-61.44486,-63.723915
7808,False,-24.294222,-29.959814,-34.634163,-35.04124,-34.345356,-33.37541,-35.595623,-38.335587,-43.079727,-42.787025,-42.32643,-40.486244,-41.480442,-46.914146,-43.984024,-42.46244,-42.480354,-45.593353,-48.208725,-49.963478,-49.120842,-50.395424,-51.914524,-49.90441,-48.981308,-51.57447,-50.862823,-52.78875,-55.71733,-59.798447,-61.895275,-64.03814
7840,False,-24.404438,-27.652876,-32.865757,-33.374573,-36.15502,-36.24338,-36.61339,-40.941658,-37.13434,-37.87493,-43.128464,-43.374138,-42.161793,-41.212467,-42.659145,-41.450386,-43.629013,-47.841038,-48.57149,-47.0803,-48.027695,-50.4114,-48.57342,-49.061386,-49.04757,-53.475037,-52.934776,-55.280117,-58.194843,-58.526592,-61.39719,-63.706467
7872,False,-23.992893,-27.31342,-32.255737,-34.064384,-33.92795,-35.015274,-37.098583,-38.36931,-37.063904,-35.155598,-39.406467,-43.52718,-42.24754,-40.43343,-45.560135,-41.428333,-43.179455,-45.76769,-46.933662,-46.62565,-46.873188,-47.727604,-50.297237,-50.852898,-49.29489,-52.908615,-53.171547,-55.07326,-58.053455,-60.075226,-62.286484,-63.475437
7904,False,-25.952503,-27.544235,-33.70507,-34.10825,-36.992935,-36.997982,-36.025253,-38.53114,-38.660473,-38.190617,-40.19935,-41.835728,-38.944286,-37.287937,-41.55741,-44.573883,-40.58256,-43.193783,-45.63521,-46.267296,-48.50651,-50.226387,-47.550014,-49.91678,-48.85714,-52.14126,-50.316235,-51.122246,-51.39256,-55.429077,-59.584015,-58.307873
7936,False,-25.784388,-27.10698,-30.197586,-37.133163,-37.22782,-34.592205,-36.01381,-37.137276,-41.361137,-40.776463,-39.941334,-44.349705,-42.838043,-41.885483,-39.895206,-44.805447,-42.430275,-43.317814,-44.738716,-47.606285,-47.596977,-47.556915,-47.737823,-46.841488,-50.30808,-50.822773,-51.88972,-55.413803,-56.115078,-59.01873,-59.77238,-56.63076
7968,False,-22.767878,-27.04688,-31.243687,-31.589098,-26.48024,-28.726122,-31.262789,-24.848484,-29.93018,-33.120514,-27.31352,-26.725256,-25.68105,-30.068054,-30.916193,-27.253296,-31.265974,-35.74388,-37.818695,-42.575172,-42.29915,-44.20347,-41.912006,-46.239525,-46.217667,-49.534756,-50.127518,-53.43303,-49.487797,-52.044643,-57.204304,-57.37158
8000,False,-22.962612,-28.081074,-30.970068,-33.34734,-31.467167,-27.32208,-34.22049,-32.637066,-36.150085,-36.591946,-34.57785,-34.84071,-36.47742,-38.30174,-40.321342,-35.6988,-39.08831,-42.19323,-45.19055,-48.057274,-48.72516,-46.43579,-49.31139,-48.962536,-50.361343,-52.44001,-51.610962,-51.673347,-54.304714,-57.817696,-61.422752,-63.326187
8032,False,-25.035694,-27.96839,-32.59825,-29.254467,-33.28546,-29.89026,-35.27446,-31.564577,-36.813705,-40.284508,-40.810577,-40.00605,-38.172546,-37.578846,-46.81841,-41.63891,-42.584763,-46.557384,-47.744827,-49.3771,-46.375145,-48.071556,-47.954765,-49.05641,-48.832024,-51.780186,-50.741,-51.21617,-55.598297,-60.398743,-61.361423,-63.67298
8064,False,-23.174335,-27.924116,-32.608475,-32.891888,-34.554955,-35.58309,-41.53555,-40.271095,-39.012188,-38.237217,-41.343426,-39.317383,-39.52105,-41.664,-42.6033,-42.965225,-39.549843,-41.339806,-47.164803,-47.71148,-48.38257,-49.421574,-49.13639,-49.051594,-50.81873,-50.232525,-50.954422,-55.486664,-56.364216,-57.410645,-60.841442,-61.66967
8096,False,-23.155071,-27.962261,-33.056953,-35.555393,-32.29401,-37.008827,-35.127975,-36.91941,-45.11286,-41.262543,-39.3698,-41.264236,-40.599346,-42.25922,-42.397694,-40.945145,-41.110878,-44.907322,-49.07956,-47.03525,-45.533813,-48.30673,-50.266273,-47.970146,-50.014015,-51.67917,-51.6107,-54.51456,-57.65696,-57.43045,-59.69795,-61.516075
8128,False,-23.635422,-27.161095,-30.900444,-32.83382,-32.01385,-35.06308,-35.2522,-36.778687,-34.478695,-38.007427,-39.6416,-38.90445,-40.482193,-42.16382,-41.52918,-42.546425,-43.328217,-44.126556,-49.991264,-47.280487,-45.713306,-48.01235,-49.974483,-48.870106,-50.11251,-52.32369,-53.375214,-57.010834,-54.93622,-57.55699,-60.428432,-62.974854
8160,False,-22.013481,-26.035364,-31.252558,-33.87857,-33.974045,-35.223297,-33.699947,-38.46869,-39.845642,-39.628387,-39.759037,-41.008816,-41.2175,-40.810173,-45.337223,-46.106506,-43.420887,-46.197258,-49.27436,-48.406693,-50.158047,-49.636795,-48.72122,-49.496532,-50.650726,-51.211246,-51.044636,-54.488544,-55.55014,-59.0496,-60.744,-61.84609
8192,False,-23.021286,-27.631552,-33.069443,-33.959583,-34.34787,-31.78355,-36.013935,-37.579033,-41.387577,-35.348446,-36.538662,-39.753563,-41.197685,-42.287155,-41.112694,-41.521877,-41.048042,-43.0032,-46.228695,-48.98764,-47.524406,-49.142403,-48.157154,-49.118942,-51.182236,-51.19309,-51.158787,-52.33486,-56.18338,-58.316444,-60.835487,-61.980854
8224,False,-22.215214,-28.703075,-30.091251,-35.244843,-35.409977,-32.551937,-39.262806,-38.472775,-43.15582,-38.583378,-40.742188,-38.931385,-41.38683,-43.142715,-39.202026,-38.91871,-39.555977,-41.365757,-46.60404,-50.202316,-47.000233,-47.05509,-47.377666,-49.045734,-50.77562,-52.54522,-51.62229,-52.444435,-57.29874,-58.770412,-60.920364,-63.325226
8256,False,-23.658436,-25.200968,-29.558279,-36.725662,-34.44614,-32.660507,-38.108994,-36.754208,-36.65669,-39.82555,-39.250706,-40.51747,-44.81076,-41.36623,-41.151886,-40.384884,-39.442642,-41.398224,-45.555122,-46.196537,-47.182816,-49.60923,-47.79248,-50.53577,-49.788864,-51.801495,-49.97238,-54.09084,-56.257004,-57.827957,-60.578403,-61.187172
8288,False,-23.866295,-27.163353,-31.957901,-31.817368,-30.933084,-31.664934,-37.37858,-37.743614,-38.230972,-36.555817,-40.635345,-45.02932,-44.512474,-42.024937,-44.7614,-42.46527,-39.929707,-43.06767,-45.733334,-47.25978,-48.84461,-47.342888,-48.07528,-48.72238,-50.492867,-51.814835,-50.318913,-53.791748,-56.98815,-58.64532,-59.067516,-60.853706
8320,False,-21.295048,-24.506294,-31.007233,-35.104565,-33.17836,-34.032623,-37.302395,-41.25368,-40.718197,-40.230858,-37.137436,-40.49494,-41.55416,-43.20252,-44.787273,-43.643692,-40.83044,-43.865105,-47.84515,-48.44461,-47.51509,-47.4038,-48.653297,-50.467674,-49.5951,-51.880955,-53.625927,-53.99813,-57.65053,-58.969162,-60.667526,-61.490868
8352,False,-20.573023,-26.741096,-30.354874,-35.836815,-34.90323,-30.878815,-35.2604,-38.060066,-39.922974,-39.63121,-39.058235,-43.234116,-41.76804,-40.550037,-41.069603,-40.041866,-45.51101,-43.98996,-47.12019,-47.558743,-51.151604,-51.074596,-49.097336,-49.231934,-51.21125,-51.843685,-51.3903,-53.25637,-55.93328,-59.642128,-61.131516,-63.168453
8384,False,-21.673252,-25.219221,-32.357582,-32.251503,-35.310402,-37.86796,-38.012165,-41.86164,-40.187336,-39.17501,-42.95523,-42.79998,-43.834908,-43.67157,-40.48783,-42.219006,-42.119377,-45.36174,-46.70558,-47.06971,-46.164593,-46.624023,-48.29468,-48.37323,-48.31978,-51.590065,-52.80114,-53.311657,-55.796837,-58.85467,-61.193794,-62.260277
8416,False,-21.600866,-28.06816,-32.671524,-29.61584,-31.787474,-31.543533,-35.087616,-37.16069,-44.857674,-38.422256,-41.19879,-42.159317,-45.364132,-43.79547,-43.204147,-42.83237,-41.210518,-43.55478,-46.46003,-48.30033,-49.22575,-48.503876,-48.561813,-50.29763,-50.232563,-51.748924,-51.74248,-53.4459,-55.31725,-59.722122,-59.155087,-61.636753
8448,False,-22.17636,-26.699362,-31.349829,-33.82694,-36.04332,-37.88899,-39.604904,-38.861454,-40.419,-37.0807,-41.317886,-37.280697,-39.100964,-42.937172,-39.31311,-41.932365,-43.556232,-44.406223,-47.896225,-50.988995,-48.139538,-49.30969,-50.773083,-49.945408,-51.145355,-51.218506,-51.131744,-53.452297,-54.82464,-58.513145,-61.182446,-62.35389
8480,False,-21.050291,-25.788292,-35.34763,-33.932144,-35.05625,-35.252045,-36.325672,-38.210506,-42.75043,-42.508656,-39.455467,-39.695847,-39.549305,-39.87931,-43.35077,-40.479603,-39.756172,-42.82547,-45.963585,-47.729893,-48.08766,-49.93595,-48.502346,-47.48979,-50.755142,-52.738384,-50.4898,-52.78639,-56.122204,-58.724068,-60.310726,-62.22863
8512,False,-21.030104,-25.866821,-33.90387,-25.347649,-29.129095,-30.79086,-26.431973,-23.977451,-27.771908,-32.18112,-29.656605,-24.78114,-24.79974,-23.066713,-23.831867,-20.631435,-22.624847,-26.237593,-31.631117,-38.430866,-32.24433,-31.539276,-30.609245,-33.02421,-29.94683,-27.613903,-31.714771,-26.199322,-19.79725,-20.653782,-25.688402,-25.2209
8544,False,-23.446161,-27.266602,-30.16796,-24.892612,-29.77497,-30.267792,-32.684242,-25.394875,-31.608814,-36.959583,-29.194519,-29.1543,-29.61135,-26.03861,-28.608171,-25.998299,-31.015406,-34.5464,-33.56869,-38.57018,-35.67304,-33.301388,-35.955254,-37.659004,-34.0886,-31.12542,-35.078026,-32.726555,-26.41127,-27.632849,-32.0664,-32.662094
8576,False,-21.868296,-24.663654,-31.834858,-29.629324,-30.922646,-31.501226,-36.71694,-32.704525,-36.4106,-38.41209,-37.195175,-36.355656,-32.888344,-31.963911,-35.928158,-37.36241,-38.414227,-40.66421,-42.215286,-43.92486,-43.50865,-41.382504,-44.98906,-44.011044,-43.662598,-39.069664,-40.483974,-41.697384,-36.644253,-37.22754,-43.49157,-45.9265
8608,False,-20.535414,-22.96211,-29.359243,-33.97185,-33.39045,-32.85169,-37.41012,-37.25201,-39.105682,-35.549828,-41.931515,-39.69952,-39.51818,-40.36326,-39.502567,-38.575523,-37.21045,-40.877144,-43.71349,-44.86717,-46.52634,-43.269615,-45.942062,-46.554977,-47.49113,-42.67839,-43.336674,-45.289036,-39.347733,-41.030975,-48.315346,-49.86952
8640,False,-21.552933,-27.0797,-31.145704,-28.416172,-30.091162,-37.443428,-37.818027,-33.71541,-38.5428,-40.927845,-39.89345,-42.44034,-43.650085,-43.147438,-40.076233,-38.442543,-41.926594,-44.20038,-43.39931,-47.599777,-45.138165,-45.326138,-46.117653,-46.815903,-47.670868,-45.65153,-46.105682,-46.423615,-45.585587,-45.31538,-51.87521,-55.161724
8672,False,-21.108337,-29.517807,-33.158432,-34.820652,-33.266556,-33.859543,-38.455025,-36.319454,-41.06777,-37.10205,-36.988594,-41.526947,-42.921543,-40.023304,-39.76745,-41.215393,-39.327213,-42.174515,-45.720642,-46.76479,-47.10813,-47.376175,-48.55712,-48.361603,-50.226204,-50.04229,-50.120567,-50.388638,-48.626827,-50.953983,-56.75913,-58.246555
8704,False,-21.822699,-26.556412,-30.826538,-34.276604,-34.91608,-35.5625,-37.17663,-37.920395,-39.24012,-37.98802,-42.654564,-38.952824,-44.218506,-40.824238,-40.744625,-43.947796,-43.768925,-46.29905,-45.889263,-47.597157,-49.83301,-49.573437,-49.12349,-47.400673,-49.52871,-51.133797,-50.544533,-53.10303,-50.675255,-53.672886,-58.614292,-61.69866
8736,False,-20.188221,-26.03202,-30.196888,-30.374643,-33.239006,-35.00309,-36.259583,-38.56527,-40.040436,-39.633636,-38.605995,-38.07479,-39.150005,-42.184162,-41.72893,-41.659702,-42.328026,-44.050392,-46.436733,-47.706493,-48.594395,-49.24241,-47.50866,-47.224617,-50.318817,-51.596252,-50.916424,-52.525555,-52.168106,-55.731808,-59.972313,-62.095238
8768,False,-22.07396,-23.425564,-29.617077,-32.364014,-28.568756,-33.31512,-37.544247,-39.606007,-41.796295,-43.089073,-41.207203,-38.033527,-40.664383,-42.019382,-45.07378,-42.06389,-39.38405,-42.14064,-47.25611,-48.15268,-49.299034,-46.85395,-47.78598,-47.946648,-50.344513,-51.97142,-51.73732,-54.10875,-54.310642,-57.39051,-60.716778,-63.37316
8800,False,-24.336464,-26.368235,-29.906288,-33.853386,-31.602528,-35.031075,-36.304783,-35.300594,-39.337433,-37.471863,-41.765728,-40.041443,-40.790257,-42.236404,-43.15754,-40.97474,-36.683136,-40.004074,-45.958725,-48.508446,-48.313652,-47.17118,-48.870525,-49.788418,-48.510307,-50.089153,-51.74326,-54.27067,-58.92979,-58.569904,-60.279587,-62.92584
8832,False,-19.6826,-24.931175,-28.766735,-32.49847,-34.919422,-34.40815,-36.222874,-35.682148,-39.898155,-37.72821,-40.43755,-39.80874,-42.32143,-42.139275,-42.221813,-41.430286,-38.772293,-41.26593,-46.630447,-49.20298,-47.34662,-46.85701,-49.23029,-49.10755,-49.167877,-50.641495,-52.28962,-53.76777,-57.676987,-59.715073,-60.969475,-62.92471
8864,False,-24.81506,-25.705051,-33.33638,-33.86452,-35.51673,-37.28744,-36.573074,-39.160114,-38.654095,-39.02191,-42.021187,-44.43402,-40.86803,-38.807026,-39.57126,-42.71263,-43.705032,-45.394615,-44.923073,-46.97393,-48.558956,-48.181805,-50.513527,-51.310104,-49.528763,-52.11542,-51.67752,-53.278328,-58.75892,-59.343178,-61.23771,-62.53422
8896,False,-22.2209,-26.339293,-32.550606,-34.736084,-30.88086,-34.52702,-38.87849,-36.802654,-37.833244,-39.266083,-41.834724,-43.139,-43.675697,-41.93705,-41.64102,-42.489376,-44.334293,-47.87053,-45.402863,-46.958126,-47.57335,-48.02587,-51.23378,-50.97548,-50.589302,-50.950256,-51.33087,-53.48153,-57.567753,-59.72311,-60.930992,-63.115562
8928,False,-20.984123,-24.448238,-32.37644,-34.20487,-33.64159,-34.77089,-35.29132,-40.587547,-39.558414,-39.504272,-44.442238,-42.112724,-40.884975,-42.252735,-40.7027,-44.654617,-42.180897,-44.91571,-49.661156,-49.541126,-48.659573,-48.658905,-49.34539,-49.561802,-49.40079,-50.69268,-52.29378,-54.235077,-58.34703,-59.871677,-60.564713,-64.524
8960,False,-21.366425,-23.807919,-32.263935,-33.39284,-32.36042,-33.975758,-36.58672,-36.66553,-39.016464,-38.49483,-40.870647,-41.09213,-43.257866,-42.200775,-41.040245,-41.487232,-37.201744,-39.919872,-49.10248,-48.281876,-47.33956,-47.14402,-49.545563,-50.360928,-49.946777,-50.102863,-53.205658,-54.06135,-57.053116,-59.628223,-60.925148,-63.008694
8992,False,-21.518602,-26.346663,-29.081526,-31.309784,-30.869026,-33.23461,-36.278835,-37.95234,-39.749447,-41.313103,-43.522247,-40.555344,-43.499214,-41.164787,-44.19419,-42.620853,-42.888336,-45.419434,-46.686424,-48.03556,-46.64383,-49.436016,-49.57334,-49.850662,-48.714973,-50.325096,-52.69129,-54.949974,-57.99816,-59.025784,-61.727287,-63.38814
9024,False,-22.64351,-27.236681,-33.3776,-34.443687,-33.22057,-33.35772,-32.785805,-33.99476,-41.072723,-43.886177,-39.494377,-39.223396,-42.131126,-45.206257,-45.784267,-41.173573,-39.134872,-42.55907,-48.46758,-50.308083,-47.108326,-48.970913,-49.860046,-47.45928,-47.99456,-51.925865,-52.966858,-55.42376,-56.09074,-60.2061,-62.02437,-62.391037
9056,False,-24.817684,-26.29671,-29.814953,-31.66496,-28.606411,-31.991745,-31.025923,-26.582924,-30.273308,-36.021618,-32.685875,-29.432941,-29.05361,-33.76725,-32.889782,-29.482689,-32.82152,-37.553673,-44.36599,-45.723896,-43.294086,-44.82044,-43.33935,-46.356945,-47.338493,-49.619465,-50.226707,-53.03108,-53.097767,-55.58548,-57.66184,-60.463833
9088,False,-21.10161,-26.469334,-29.180754,-28.76625,-29.384277,-31.085646,-35.055088,-29.313911,-32.88848,-35.72884,-31.422346,-33.157753,-33.130848,-32.182915,-35.331177,-31.267242,-38.49967,-44.021072,-42.73437,-45.085243,-46.396866,-47.1874,-45.827446,-46.922768,-49.649925,-51.49956,-52.387028,-54.110966,-54.098583,-57.540253,-60.459133,-62.792126
9120,False,-22.777935,-25.49945,-28.79904,-30.631458,-32.226944,-33.778522,-33.957603,-33.059704,-36.89001,-42.913055,-39.498386,-37.51076,-36.122005,-36.442993,-41.522118,-42.729767,-40.73845,-44.838722,-47.47216,-50.330006,-49.414642,-47.726254,-48.336426,-49.93297,-51.48025,-51.153297,-52.00909,-55.23308,-56.751534,-59.465523,-60.922348,-63.78248
9152,False,-24.596294,-25.15765,-31.473066,-35.09231,-30.4878,-31.441404,-34.599094,-35.57618,-38.275703,-38.025852,-39.27402,-38.388817,-39.623627,-42.05211,-43.844074,-42.17919,-40.116695,-43.288902,-45.10748,-46.634575,-48.7424,-50.450016,-48.886837,-49.486546,-51.54149,-52.980156,-52.65627,-54.766296,-56.366417,-58.7855,-62.06592,-64.80576
9184,False,-22.248863,-24.262424,-30.067425,-30.406425,-32.374092,-40.822376,-38.025345,-35.57623,-35.416164,-35.868042,-38.69686,-38.56049,-40.108315,-39.6417,-44.423405,-41.675896,-37.64884,-40.495995,-47.24844,-47.69781,-47.36239,-48.673634,-49.57127,-50.389656,-48.40959,-49.990974,-52.085934,-54.118324,-57.069794,-59.025803,-62.026405,-63.30736
9216,False,-23.97766,-26.47957,-30.750431,-35.288864,-31.055344,-33.407448,-35.865623,-36.337845,-40.806355,-38.880863,-41.811333,-44.255257,-40.67626,-40.142883,-43.20412,-43.992943,-42.823586,-43.164352,-48.84537,-49.82298,-49.98958,-49.84045,-48.94869,-48.334175,-47.60365,-51.432564,-51.082386,-54.456867,-59.26879,-60.281174,-61.614384,-62.915115
9248,False,-21.584501,-25.259039,-31.227444,-33.33359,-31.26336,-33.38567,-34.170887,-38.55607,-39.93128,-36.886086,-40.37758,-41.046505,-43.16156,-40.26758,-43.169292,-41.968628,-39.978546,-42.28312,-47.474617,-45.251633,-49.675705,-51.70318,-50.22814,-49.124763,-50.39884,-52.092266,-53.35049,-54.319626,-58.31804,-58.503662,-62.274544,-63.910484
9280,False,-23.271194,-25.171282,-32.341248,-35.151443,-37.617355,-37.012085,-38.28904,-42.35823,-39.930435,-38.902855,-41.542454,-41.233883,-44.020466,-41.79813,-44.41572,-42.250114,-43.545044,-45.41607,-48.564396,-47.797718,-47.051624,-48.003025,-48.817078,-48.636276,-48.94024,-53.471817,-55.46608,-54.60007,-58.913445,-59.344276,-60.306442,-63.351093
9312,False,-23.033276,-26.563646,-31.187056,-33.84506,-35.28663,-32.92648,-37.412094,-38.742645,-40.298977,-38.808624,-39.210594,-40.184498,-45.891922,-41.487846,-42.647686,-40.444984,-43.312973,-44.44399,-47.388386,-45.866467,-49.03932,-48.723686,-48.597107,-49.035828,-50.08785,-51.554977,-53.018723,-56.02327,-58.410797,-57.903122,-60.952293,-63.752293
9344,False,-22.249344,-25.73303,-29.977398,-32.447826,-34.061375,-35.19494,-38.182533,-39.422886,-45.046963,-43.263817,-41.914173,-40.309376,-45.36567,-44.124027,-43.024937,-42.408287,-40.655514,-41.759663,-48.868755,-47.780678,-48.312523,-49.36194,-48.961735,-50.224617,-51.4822,-52.15645,-51.383255,-55.140182,-57.76041,-59.374207,-63.009228,-63.23031
9376,False,-23.35268,-27.701511,-29.385029,-32.070625,-32.717434,-34.853992,-34.886795,-37.52792,-38.247154,-39.210724,-41.05641,-41.73797,-41.94752,-43.424015,-49.18024,-44.484158,-42.040554,-42.95296,-47.7492,-48.20514,-47.265495,-49.196747,-50.06196,-51.857433,-51.69931,-53.356583,-53.215958,-55.341614,-58.507957,-58.7373,-61.62609,-64.422195
9408,False,-24.808853,-26.134253,-32.649563,-31.480064,-36.77203,-37.116447,-37.778282,-41.82583,-38.232502,-40.95449,-40.203423,-41.82248,-43.538055,-40.70532,-43.644394,-40.31528,-43.590942,-47.040733,-46.7688,-48.6768,-49.80125,-50.24678,-51.166473,-47.430855,-51.290176,-52.351913,-53.360832,-57.299313,-59.136772,-60.92771,-62.596245,-64.41923
9440,False,-21.561306,-24.265173,-31.997396,-35.56912,-36.599133,-36.1603,-34.93436,-39.883827,-44.292217,-44.630474,-40.511288,-39.95154,-42.24087,-42.718166,-46.540855,-44.607063,-43.522034,-46.733974,-49.599415,-48.157776,-49.828957,-49.169765,-47.58137,-51.124493,-50.57194,-51.960495,-52.825233,-55.406258,-57.86975,-59.51038,-61.87494,-64.579956
9472,False,-22.36309,-26.453533,-31.781273,-32.185593,-34.60858,-36.115536,-36.57492,-37.03932,-38.827377,-42.34814,-43.050293,-42.123497,-43.221035,-44.084618,-44.807976,-44.163113,-44.133705,-47.459587,-49.19269,-49.18913,-48.5083,-47.852436,-49.09569,-49.838066,-48.43506,-52.576233,-53.439556,-55.72235,-58.29616,-60.141304,-61.866417,-63.663513
9504,False,-22.240725,-25.044806,-30.631805,-30.694487,-32.987507,-36.094353,-36.48289,-39.497574,-40.494785,-39.594666,-42.0001,-42.281128,-41.945732,-39.918053,-44.37886,-44.27465,-41.181377,-42.61036,-47.982693,-47.352276,-48.972706,-48.15756,-50.81925,-50.68264,-49.67833,-51.96371,-53.797867,-55.657677,-57.46874,-60.12954,-62.084366,-63.5382
9536,False,-23.705616,-27.908333,-29.282751,-31.208136,-32.3968,-34.923473,-34.48015,-36.97522,-38.01008,-39.946682,-40.88943,-40.640816,-42.021385,-41.384052,-44.245163,-43.554188,-42.084663,-42.69791,-47.910927,-49.061237,-47.178936,-48.30849,-50.57234,-50.101982,-49.120296,-53.563858,-52.441093,-54.683834,-59.595074,-59.251724,-61.34572,-64.03012
9568,False,-22.405502,-27.239143,-30.634666,-32.992905,-32.134586,-34.168346,-40.458992,-40.95074,-41.161797,-36.756268,-39.294678,-41.83911,-44.59904,-41.500553,-41.60972,-43.600365,-40.65883,-43.66854,-46.862152,-48.43744,-49.388718,-48.435913,-49.250572,-49.32938,-50.33951,-53.025433,-52.833553,-54.058243,-58.53959,-60.59459,-62.423534,-65.43517
9600,False,-20.837833,-26.318018,-29.648485,-29.112411,-33.78501,-34.622494,-29.882942,-28.11265,-32.387962,-36.681297,-33.108654,-27.988245,-27.403511,-26.88203,-27.427803,-24.205734,-25.64634,-29.57957,-37.100006,-41.178,-36.001205,-35.54642,-34.26496,-37.340225,-34.172333,-32.295883,-35.111183,-29.954227,-23.943548,-24.639528,-28.893919,-29.420143
9632,False,-22.618603,-25.875443,-28.146742,-23.979706,-28.004465,-29.727238,-29.375881,-23.645144,-29.812984,-33.86913,-27.442688,-26.679352,-26.667545,-23.433493,-25.976078,-23.192938,-27.190876,-29.386568,-31.011198,-35.59356,-32.20968,-29.848553,-31.396332,-33.626045,-31.213436,-28.483202,-32.01503,-28.512993,-22.028828,-23.05684,-27.308323,-28.345634
9664,False,-20.618298,-25.314512,-30.186867,-29.988186,-29.73721,-31.367495,-38.157352,-32.933346,-37.02154,-38.185287,-36.552586,-35.1722,-31.996668,-31.196789,-35.88864,-36.13614,-36.541435,-39.897476,-40.546104,-44.82189,-43.75791,-40.8848,-43.31897,-45.978657,-43.284676,-38.626488,-39.682163,-41.372906,-36.575912,-36.729424,-43.008442,-45.23283
9696,False,-20.631386,-26.796223,-29.860218,-30.031353,-32.35543,-38.058594,-38.508926,-38.16472,-38.362057,-35.787804,-36.953312,-39.222,-41.947014,-41.669693,-42.02745,-40.09297,-39.486347,-41.601658,-45.432243,-46.904636,-46.334686,-44.675453,-46.837425,-48.826565,-46.225143,-42.345566,-42.971954,-43.622894,-39.110466,-40.929024,-47.08413,-48.866653
9728,False,-22.436012,-24.923609,-31.75973,-31.01559,-34.06907,-33.754753,-35.6544,-37.554356,-39.997925,-35.347614,-38.9882,-44.801956,-41.661842,-43.610893,-40.906967,-39.745785,-40.56115,-43.024643,-45.637627,-47.079235,-46.125397,-46.167175,-47.857624,-50.189556,-48.223995,-44.868694,-45.8515,-48.734787,-45.309227,-45.09439,-50.946903,-54.029217
9760,False,-21.755905,-26.105349,-31.354507,-30.793398,-32.698963,-38.64855,-38.731266,-35.95885,-43.880657,-43.357372,-42.09433,-42.797794,-40.989166,-39.790073,-43.32558,-43.477345,-40.566353,-44.02311,-46.33703,-49.404076,-47.768578,-46.49434,-48.316936,-49.800407,-49.487762,-50.152275,-51.63614,-49.573444,-48.805756,-50.036987,-55.693253,-58.331295
9792,False,-20.64775,-24.96817,-32.247375,-29.387054,-33.00301,-32.272816,-36.376076,-39.41383,-40.148758,-43.06826,-44.4521,-38.297276,-37.194237,-41.0856,-44.000946,-42.55161,-40.528664,-43.570137,-46.643333,-47.616035,-49.282066,-46.803787,-49.57157,-49.32669,-49.574413,-50.007328,-52.115105,-54.009632,-50.289383,-53.70905,-58.23355,-60.09977
9824,False,-22.886368,-26.174065,-31.261757,-35.3515,-33.347,-33.266674,-37.1997,-36.35525,-35.248013,-38.242107,-37.26562,-37.03646,-38.825096,-41.456417,-42.621025,-44.256783,-41.608387,-44.13454,-47.587814,-46.810234,-51.09921,-49.222694,-49.713142,-50.022884,-51.639595,-51.51222,-53.289894,-57.089005,-55.44283,-55.72087,-59.558277,-60.97595
9856,False,-22.993374,-24.2157,-30.539116,-30.437275,-34.370815,-33.02687,-38.040607,-38.249973,-32.23801,-33.36484,-35.988457,-40.70078,-39.89953,-41.041893,-38.674095,-42.93009,-41.375927,-42.100555,-47.817978,-50.15883,-50.34382,-49.10387,-49.80481,-50.211777,-50.1857,-51.557766,-50.824986,-57.164326,-56.734463,-57.944595,-61.422043,-63.206463
9888,False,-22.43044,-24.43755,-30.59311,-34.141434,-35.658783,-31.218697,-34.33026,-35.057854,-37.81011,-38.652283,-44.24356,-41.23368,-37.299503,-40.53959,-43.101788,-42.523304,-39.472027,-42.036423,-48.39336,-48.506046,-50.57128,-50.075592,-49.807415,-49.993202,-51.710033,-50.42891,-52.362488,-53.99266,-56.07853,-58.380478,-62.122646,-62.126637
9920,False,-21.103886,-24.048834,-29.053806,-30.995123,-35.56871,-38.06354,-35.531544,-34.82262,-36.548027,-39.56036,-42.67971,-38.684616,-40.624176,-42.122387,-41.969475,-40.656357,-40.960995,-43.47425,-48.03221,-50.56565,-51.87662,-51.89119,-50.332867,-51.050915,-51.059296,-51.2744,-53.396904,-54.63297,-57.16537,-59.797344,-62.137817,-60.422054
9952,False,-20.925484,-25.291357,-28.416395,-32.16762,-32.145184,-33.41909,-34.929096,-36.906982,-37.531612,-42.332195,-45.652092,-42.27844,-39.760025,-41.550865,-42.149677,-40.704414,-41.107555,-43.496624,-46.819366,-48.862785,-49.539467,-47.657856,-50.130455,-51.279602,-49.028587,-52.353836,-53.59297,-54.514503,-58.32567,-61.44987,-64.01638,-63.238876
9984,False,-23.012102,-28.109558,-32.82013,-34.81152,-36.431473,-34.98118,-38.57289,-39.687134,-41.141567,-38.055767,-40.323425,-39.81624,-42.340286,-47.440163,-42.825893,-44.222713,-41.469288,-41.872,-45.425014,-46.783466,-48.591427,-47.973305,-49.3783,-51.885925,-52.174816,-52.412052,-54.250595,-55.330704,-58.27917,-59.709473,-62.592625,-63.731026
