timestamp,faulty,band_0,band_1,band_2,band_3,band_4,band_5,band_6,band_7,band_8,band_9,band_10,band_11,band_12,band_13,band_14,band_15,band_16,band_17,band_18,band_19,band_20,band_21,band_22,band_23,band_24,band_25,band_26,band_27,band_28,band_29,band_30,band_31
0,False,-28.659384,-26.180183,-30.302055,-35.904015,-35.351833,-39.071518,-46.138397,-41.455086,-41.37908,-43.630924,-42.154716,-46.75749,-42.235836,-43.932404,-43.151917,-47.983376,-48.58412,-50.420757,-56.899715,-53.18952,-54.151993,-57.127228,-58.312187,-60.770004,-59.778576,-63.06053,-64.77611,-65.838936,-66.080734,-69.69386,-70.51403,-69.43906
32,False,-23.847286,-32.03679,-28.641285,-30.836077,-33.810944,-36.25776,-39.186504,-38.261017,-37.58336,-39.509705,-38.996666,-43.721752,-44.225906,-42.806366,-43.60408,-46.450237,-47.66844,-47.487164,-49.118916,-48.947594,-51.47812,-52.353874,-55.702347,-56.258575,-58.362915,-59.7362,-60.462044,-61.926483,-66.69977,-69.063866,-69.243034,-71.28868
64,False,-24.454777,-27.840097,-26.154274,-27.803562,-31.165054,-33.951324,-37.39411,-37.763824,-36.990627,-40.53826,-40.399254,-41.403526,-41.27827,-42.774563,-40.974396,-44.288197,-47.49901,-49.23691,-50.097237,-52.200752,-52.884857,-53.592445,-56.584587,-56.29902,-59.722786,-58.97087,-61.03066,-63.19725,-66.51966,-67.97415,-70.23553,-70.17806
96,False,-23.826523,-26.54144,-26.85109,-26.00316,-28.271349,-35.670864,-35.285763,-37.891895,-35.008816,-39.7269,-41.474323,-47.184036,-43.011227,-42.37693,-42.11041,-43.42594,-46.68624,-47.976433,-49.5521,-54.21694,-53.312283,-51.9816,-54.772423,-57.61972,-57.08935,-60.0159,-60.79823,-62.426826,-68.22336,-68.62522,-70.54597,-71.71185
128,False,-21.857727,-28.503256,-31.053085,-29.948399,-32.964397,-32.484802,-37.110134,-39.81433,-33.663296,-37.027744,-45.36905,-45.35804,-46.39183,-44.907154,-44.35141,-46.935623,-47.441666,-47.58116,-50.497177,-52.46264,-51.4439,-53.382195,-53.673203,-57.532867,-56.938377,-59.47672,-62.034416,-63.250366,-66.14786,-65.331635,-66.90896,-67.46105
160,False,-25.25733,-27.506252,-26.363382,-23.412134,-27.203823,-27.947617,-24.483467,-20.92406,-26.711824,-35.486282,-27.454805,-23.75996,-23.12716,-21.546171,-22.705105,-19.72046,-22.798403,-25.633587,-29.526428,-34.837063,-29.669067,-28.84287,-28.299458,-29.974865,-26.694986,-25.2231,-30.963139,-23.39233,-17.55074,-18.733362,-23.144176,-25.03686
192,False,-24.501675,-25.976322,-30.543236,-24.52658,-26.289312,-34.432976,-39.119183,-27.466106,-33.09371,-39.980698,-33.487232,-32.473686,-32.24955,-32.826523,-34.164482,-30.060966,-35.287243,-38.644238,-39.786263,-43.32897,-42.997852,-39.572823,-41.829147,-43.293266,-39.92809,-37.32437,-40.6912,-37.46541,-32.966434,-33.84632,-37.45405,-38.9928
224,False,-25.625702,-28.130604,-30.96879,-27.505955,-29.30508,-30.485363,-38.059807,-32.229546,-34.24611,-37.858982,-40.083466,-37.26254,-35.94648,-35.50775,-37.66329,-39.90918,-43.523937,-46.104504,-43.406403,-46.798435,-44.10551,-44.639812,-46.375996,-48.956146,-47.118496,-42.873768,-43.077095,-43.00612,-38.59905,-39.669956,-45.76666,-46.90655
256,False,-25.074017,-30.540306,-25.330063,-25.05515,-30.242477,-30.183332,-34.94651,-38.21323,-34.145664,-40.63772,-36.969288,-38.49218,-38.87449,-40.60703,-36.991962,-38.81079,-45.849644,-47.707428,-47.130466,-48.325405,-47.452564,-45.412067,-46.136063,-46.962685,-49.108208,-48.219933,-49.075706,-47.01755,-43.563503,-44.34455,-49.069313,-52.027184
288,False,-26.368671,-30.03171,-33.495327,-29.928009,-33.49555,-34.74277,-38.245235,-37.780308,-36.67596,-40.18303,-40.67222,-38.17919,-41.763645,-45.45931,-42.29366,-42.903522,-46.365578,-46.264194,-46.428753,-49.268158,-48.667454,-48.42736,-50.884586,-52.871517,-53.81487,-51.73136,-53.758514,-50.931683,-46.804695,-49.039246,-54.15822,-57.237663
320,False,-26.362095,-24.904747,-24.492071,-27.307987,-33.174698,-31.179735,-38.255135,-38.859753,-38.852215,-41.74874,-41.665997,-42.344925,-42.534378,-44.993187,-42.959213,-41.595707,-44.37792,-47.85399,-46.52558,-49.283546,-52.141567,-50.144596,-53.456455,-52.520973,-52.966137,-54.15074,-55.04445,-53.89002,-50.040237,-51.264328,-59.777813,-62.019997
352,False,-25.020468,-29.21901,-26.512428,-29.740637,-30.353764,-32.464348,-38.4047,-39.713787,-38.400455,-42.726025,-42.0544,-41.542835,-41.681515,-43.871513,-40.529232,-41.5906,-43.85509,-46.02952,-46.976757,-51.459164,-52.12964,-49.735126,-52.02846,-55.14564,-55.277596,-56.378155,-57.391327,-57.74533,-56.578423,-56.873497,-62.399315,-66.1125
384,False,-25.161263,-28.928736,-26.894796,-27.316502,-31.432575,-32.25311,-39.078274,-37.83055,-38.98471,-37.688995,-41.2667,-40.93075,-40.28412,-42.294266,-37.799427,-43.40143,-45.83464,-47.87817,-48.19606,-54.66965,-52.395382,-52.871483,-54.884964,-57.0023,-57.09824,-58.02603,-60.041576,-60.29983,-59.23401,-61.23138,-66.600174,-69.21628
416,False,-24.650425,-28.409319,-26.533375,-28.235527,-31.510431,-32.402767,-38.07515,-37.034317,-34.527122,-40.27851,-43.823578,-41.879333,-43.155563,-42.35693,-40.10397,-43.322586,-50.032955,-49.857143,-48.975636,-52.6086,-51.349792,-52.713135,-54.66086,-56.75095,-59.540504,-59.443947,-61.05444,-61.225285,-62.22779,-64.83181,-69.11098,-69.31544
448,False,-23.953842,-29.00503,-25.520348,-30.772402,-30.735023,-35.19729,-35.39077,-34.333313,-32.660843,-37.813354,-37.73207,-40.365387,-40.98995,-40.216057,-40.69867,-44.195045,-46.83368,-49.698265,-50.14209,-52.77883,-52.85275,-51.177486,-53.10278,-57.729904,-57.72735,-58.78903,-61.63138,-63.11696,-63.59452,-66.92727,-70.34459,-70.133865
480,False,-21.95937,-27.281666,-30.724382,-28.922,-36.401855,-34.7603,-38.007847,-38.075756,-37.459084,-43.21647,-39.859165,-37.79603,-40.90269,-42.990105,-43.632717,-43.566875,-47.01942,-48.68206,-49.500397,-53.084633,-51.798515,-55.128777,-56.40118,-57.681145,-58.2694,-58.990208,-61.27357,-61.91681,-64.05839,-67.91994,-71.84465,-71.14195
512,False,-24.395306,-23.819761,-29.715893,-35.38133,-34.552444,-29.722338,-34.322784,-37.26362,-34.415825,-39.983425,-39.764313,-41.27507,-42.966644,-43.557587,-42.74907,-45.689796,-48.776344,-48.760033,-47.33052,-50.070633,-51.480415,-53.74733,-55.614212,-57.351036,-57.26924,-58.713184,-59.91682,-62.44804,-65.66472,-67.90666,-72.01512,-73.58277
544,False,-20.783512,-25.983551,-31.036224,-31.589907,-32.697807,-35.636818,-38.39686,-36.68606,-34.97198,-40.32906,-38.515167,-37.77969,-40.093834,-44.667175,-40.684513,-45.401615,-45.482403,-49.877834,-51.26312,-49.628784,-51.675316,-51.995605,-55.08122,-56.416306,-58.457268,-58.55552,-60.660408,-63.6541,-67.50352,-69.1481,-70.67817,-72.16076
576,False,-24.237743,-28.187477,-26.995365,-28.401587,-33.902077,-32.472656,-39.970154,-39.63834,-35.42279,-41.598972,-39.988403,-38.56091,-39.113308,-42.422012,-42.136044,-45.357304,-46.55546,-48.581566,-47.68498,-49.80373,-51.825996,-52.339417,-55.016014,-55.135773,-57.538105,-59.99065,-61.787876,-65.30177,-66.97013,-68.62175,-70.184296,-72.30069
608,False,-26.130266,-28.378052,-31.647633,-30.645176,-34.270443,-34.682312,-43.60323,-37.94789,-36.936897,-39.87443,-40.570583,-42.65045,-45.03862,-43.352413,-43.67211,-43.9214,-45.089798,-48.06988,-49.084087,-51.18111,-52.366486,-53.768658,-56.976723,-56.11622,-56.84517,-58.878105,-60.453934,-64.234665,-66.82377,-70.10375,-71.7485,-72.38359
640,False,-26.075264,-32.638172,-32.20277,-30.247576,-31.943281,-35.102333,-38.03904,-35.730797,-39.775387,-39.66495,-39.764687,-37.48969,-41.20296,-42.6713,-43.99858,-45.12382,-45.110607,-48.86482,-51.281258,-52.115,-51.109787,-54.11972,-55.419,-57.232506,-56.473145,-60.007317,-61.43715,-63.469185,-68.24458,-69.170166,-69.5893,-70.643166
672,False,-21.699266,-28.73062,-29.704237,-31.414707,-30.79393,-33.36171,-40.097523,-37.17831,-34.51275,-37.296215,-40.6211,-39.545856,-42.418194,-42.089287,-42.562508,-46.0179,-48.460846,-50.603176,-49.22363,-51.243233,-50.78971,-51.829178,-55.27857,-57.291836,-56.462135,-59.298126,-62.524582,-65.25067,-66.27938,-69.84422,-72.12959,-72.62498
704,False,-22.856678,-26.236685,-26.317501,-23.886662,-25.67839,-28.24469,-31.364658,-23.339338,-28.335262,-37.4773,-30.607508,-28.442978,-27.063885,-32.430378,-33.294014,-29.725922,-33.24139,-38.449215,-41.946712,-45.999027,-47.3395,-47.23307,-47.497955,-51.348286,-54.481335,-56.519333,-58.706757,-60.726185,-56.545483,-58.062874,-62.42743,-61.773636
736,False,-27.549955,-26.620272,-27.442299,-26.716011,-29.457634,-30.430553,-34.077946,-30.425346,-35.058968,-40.05119,-34.578926,-34.840572,-34.369343,-38.63518,-40.486492,-35.815926,-39.353905,-44.337944,-46.111847,-48.866455,-49.237232,-50.668144,-53.167973,-55.033577,-56.84896,-58.740738,-62.753357,-63.75683,-63.095985,-65.76057,-68.84723,-69.69206
768,False,-26.187746,-27.189486,-28.913216,-30.317156,-35.19043,-34.277695,-38.195843,-33.591125,-35.97811,-37.496292,-39.473267,-39.281364,-39.082558,-40.617638,-41.912994,-41.906296,-45.379158,-48.79323,-48.886787,-51.338837,-51.77574,-52.022255,-56.104668,-57.174168,-57.08489,-58.8586,-62.61385,-63.65492,-66.502014,-68.712494,-70.06913,-71.24061
800,False,-23.581121,-25.583893,-28.489529,-28.65715,-33.803703,-35.166023,-37.986988,-39.509922,-39.230026,-38.787743,-38.955498,-40.618816,-41.556606,-39.8345,-41.931007,-41.55979,-44.945015,-49.125156,-49.987904,-51.236862,-49.62025,-51.325447,-53.645905,-56.767117,-58.29186,-59.352325,-59.824215,-63.170467,-66.03474,-68.58034,-69.316055,-70.735794
832,False,-24.972965,-28.883327,-28.609016,-29.425842,-33.390167,-34.96549,-36.5231,-39.7071,-35.89978,-38.925396,-38.61553,-37.25087,-38.428905,-41.67378,-43.350014,-43.473133,-45.905457,-47.60247,-49.430145,-50.79777,-53.1728,-53.607086,-56.19988,-57.85892,-57.474895,-59.441353,-60.752888,-62.439075,-62.83211,-66.5104,-70.12925,-71.93523
864,False,-26.145218,-26.13693,-27.23872,-31.68956,-33.313335,-36.58014,-42.630768,-42.538166,-37.348885,-38.002525,-42.26353,-39.484848,-40.300667,-41.34961,-42.577904,-43.22822,-46.615135,-46.479374,-48.65075,-51.343952,-53.082153,-51.705894,-53.146385,-57.04107,-57.163086,-59.689697,-61.339577,-63.78881,-64.59739,-69.066574,-71.35088,-71.96263
896,False,-23.199745,-29.816454,-31.022598,-30.039398,-33.683563,-32.66157,-37.19575,-36.22183,-38.02914,-41.77452,-41.077236,-39.376957,-40.55639,-42.48044,-43.09734,-44.73797,-47.378277,-46.409515,-46.72872,-51.40089,-49.838936,-49.598866,-54.944214,-57.524563,-56.2105,-59.496464,-61.878147,-61.936195,-64.1896,-69.074905,-71.21748,-70.47609
928,False,-24.876053,-27.040941,-29.626749,-33.584194,-36.926193,-40.25278,-41.823364,-42.394466,-41.056885,-43.157192,-40.295876,-43.87055,-40.526154,-41.46957,-42.603676,-44.3193,-45.99328,-46.02453,-47.334366,-49.059147,-50.16668,-52.131477,-55.896652,-56.3257,-58.12248,-57.33193,-60.107933,-62.81907,-66.217224,-68.86969,-71.45339,-71.88959
960,False,-23.70136,-34.75834,-33.624725,-33.132397,-35.33389,-33.65243,-34.14663,-36.005043,-32.71714,-39.813343,-40.150505,-43.396057,-39.413235,-40.312057,-44.817993,-46.29469,-45.931046,-47.418144,-47.114235,-50.343605,-53.48534,-51.91906,-54.064095,-55.086117,-58.594242,-61.911922,-62.583485,-62.44274,-67.754,-68.92724,-71.53746,-71.111404
992,False,-25.29503,-30.249586,-30.964855,-33.83927,-36.21386,-34.312714,-38.87549,-42.262325,-36.980576,-42.870934,-42.43519,-42.600067,-40.669167,-41.118706,-42.487396,-44.7279,-45.90287,-48.267845,-49.31475,-53.691788,-53.023865,-54.59137,-56.582756,-56.189835,-56.809845,-57.480362,-61.118706,-62.331093,-65.97681,-69.60056,-70.04772,-71.2683
1024,False,-23.79926,-29.588013,-30.187475,-27.003418,-34.334145,-34.13074,-43.399757,-39.789753,-38.159412,-40.055283,-42.62131,-41.166626,-40.999012,-41.581726,-40.501656,-43.67065,-47.83279,-48.068512,-49.332634,-54.719635,-52.19942,-54.489677,-57.784824,-57.498352,-57.57556,-59.417,-63.219624,-60.774273,-64.4881,-68.387924,-70.774,-71.03112
1056,False,-24.037035,-25.899412,-31.036457,-35.68007,-38.160923,-33.952564,-37.27873,-38.947174,-36.75099,-38.358242,-39.331154,-37.182682,-41.352406,-42.671146,-42.29916,-43.410393,-45.188866,-49.269073,-49.16773,-48.444458,-52.16335,-53.98592,-55.40285,-56.714523,-56.49331,-58.994537,-62.576202,-63.705307,-68.67661,-70.26853,-70.61223,-72.25574
1088,False,-24.850113,-29.93785,-33.055145,-30.961733,-33.62904,-34.536736,-34.833572,-40.102734,-40.01523,-39.378654,-39.65699,-43.793716,-42.675842,-45.908813,-42.4747,-43.26042,-46.305832,-48.834007,-50.128384,-51.88446,-52.686825,-52.010864,-54.970894,-54.87764,-57.29583,-60.152084,-62.08934,-65.30368,-66.92106,-68.5614,-69.55347,-71.612015
1120,False,-27.071573,-32.293705,-32.44497,-30.311537,-33.168434,-36.689274,-37.044437,-40.186775,-38.601677,-40.154434,-41.73841,-41.253853,-39.566204,-44.211754,-42.562252,-43.732758,-45.670628,-48.088985,-46.937828,-50.001064,-51.923233,-52.075897,-54.47485,-58.679356,-59.503006,-59.989086,-62.524372,-64.2393,-66.2451,-68.24993,-70.69225,-71.69305
1152,False,-23.683346,-30.18209,-24.825079,-28.284548,-31.75436,-32.739883,-37.533752,-37.714664,-39.094494,-38.152435,-42.13863,-40.58756,-41.845146,-42.491196,-42.639164,-45.939987,-46.217102,-46.779808,-49.026905,-52.757225,-52.574047,-51.19507,-53.78785,-57.354847,-58.504623,-60.318703,-61.216415,-61.11368,-66.24613,-69.81598,-70.97289,-71.940414
1184,False,-23.451586,-22.836079,-26.438787,-28.254965,-34.123455,-35.874485,-39.10775,-40.942253,-42.48474,-42.05555,-43.867584,-42.86697,-38.53329,-43.188175,-41.689957,-44.1682,-46.899677,-49.438324,-50.56362,-52.265213,-50.92311,-51.02293,-56.160927,-56.561203,-57.891823,-57.89061,-59.867634,-61.394485,-66.98517,-69.9904,-71.365364,-71.1689
1216,False,-24.151201,-23.653542,-26.089289,-28.305851,-32.634727,-33.406116,-37.30344,-39.436863,-40.78951,-47.601894,-45.443382,-40.817875,-40.52619,-42.70749,-43.281063,-45.031693,-45.19958,-47.319992,-49.03877,-50.16034,-54.497566,-54.54213,-55.161304,-55.855595,-58.807762,-59.518314,-61.03651,-64.446655,-65.43838,-68.302605,-71.103035,-71.71277
1248,False,-28.159151,-31.181618,-27.514988,-25.839327,-29.13974,-32.842182,-27.762291,-25.231873,-30.314503,-36.90668,-31.587027,-26.430748,-25.212812,-24.72477,-26.070217,-22.904343,-25.621872,-28.504877,-33.700096,-39.930527,-33.86484,-33.724953,-32.281044,-34.41487,-30.863935,-29.974005,-35.089355,-26.33556,-21.21865,-22.455332,-26.61293,-27.62835
1280,False,-24.831812,-29.161045,-29.620707,-23.297195,-29.275955,-29.262884,-30.603773,-24.781681,-30.031261,-37.058186,-29.126417,-28.7774,-29.286549,-26.159399,-28.851929,-25.595177,-31.706465,-32.965607,-33.56316,-37.614677,-34.165108,-32.329346,-34.77612,-35.638073,-33.05004,-30.75422,-36.403923,-30.373928,-25.073734,-26.377895,-30.425201,-31.754656
1312,False,-25.335197,-27.096842,-29.589128,-26.60936,-28.928638,-35.206738,-40.155785,-33.40512,-37.457737,-38.62136,-37.517532,-33.411232,-32.2691,-33.61055,-36.211967,-36.652027,-38.850765,-43.472713,-42.348183,-48.229317,-45.376682,-42.152298,-44.806107,-46.71057,-45.103344,-41.99478,-42.63868,-42.463127,-36.159126,-37.468445,-43.987427,-45.161686
1344,False,-27.991505,-28.269066,-29.726706,-29.12667,-27.891705,-29.271841,-37.515285,-30.779951,-33.99553,-39.37387,-39.19563,-38.37675,-35.899055,-40.053223,-42.101974,-40.10633,-42.943245,-47.161514,-45.850105,-46.862457,-48.205036,-45.193935,-47.628246,-48.81286,-48.161896,-45.625797,-47.120537,-44.2313,-42.436848,-43.594814,-48.828526,-49.811512
1376,False,-25.901367,-30.113686,-29.896643,-28.442938,-32.21843,-33.54062,-36.1416,-37.752094,-40.135315,-39.715744,-41.05172,-42.05113,-38.305428,-41.538452,-40.0095,-41.786312,-44.41057,-46.2735,-47.03207,-48.891563,-46.795334,-47.114014,-50.305473,-51.91771,-51.95221,-49.74558,-51.138863,-49.005272,-44.049217,-47.465992,-51.72459,-55.401882
1408,False,-25.058315,-29.870693,-29.847332,-29.694052,-33.44127,-36.744186,-40.93012,-43.864586,-42.549736,-41.274014,-40.494843,-38.67152,-41.79926,-43.96563,-41.735153,-44.900978,-48.75908,-45.807262,-46.977364,-48.99711,-49.290733,-50.90298,-52.76802,-54.67774,-51.83748,-51.36033,-53.90137,-52.457996,-48.906143,-50.99643,-58.640347,-61.5686
1440,False,-24.462524,-30.872252,-27.15721,-31.084478,-32.353542,-32.638,-38.135563,-38.510468,-35.69904,-39.701225,-40.991,-41.16892,-42.682602,-43.32125,-40.05526,-40.905872,-45.263287,-46.319927,-47.69928,-50.716232,-49.497257,-51.17021,-52.929382,-54.467197,-54.143757,-55.454044,-55.731396,-56.129944,-54.72643,-56.3898,-61.759724,-63.824593
1472,False,-24.737377,-30.35776,-29.532505,-27.886955,-33.344276,-36.55903,-38.070873,-39.695107,-40.951645,-43.31243,-45.57774,-43.33544,-41.80702,-43.40291,-43.601948,-47.628635,-47.67071,-50.29,-49.086433,-51.367756,-51.611233,-51.256958,-53.998497,-54.85015,-56.90667,-57.472076,-58.663486,-58.073864,-58.935524,-60.305794,-65.10884,-67.013016
1504,False,-23.427979,-26.590557,-27.605492,-29.659622,-36.429863,-34.260754,-37.70136,-36.14087,-37.729916,-41.04999,-42.159733,-40.544666,-41.200943,-41.77393,-42.21096,-46.346275,-47.892952,-46.63951,-47.147446,-49.143543,-53.45082,-52.839478,-53.88315,-56.886055,-55.790382,-56.413155,-59.698486,-60.720844,-59.986206,-63.230785,-68.273,-69.163506
1536,False,-28.065365,-29.330862,-33.358906,-29.964695,-35.141098,-41.16352,-38.681652,-37.583405,-38.398464,-38.434647,-42.102924,-43.509136,-43.566383,-42.902775,-47.259926,-45.56728,-47.130924,-51.104984,-48.34982,-51.18505,-51.854053,-54.25596,-55.061527,-56.86212,-56.86132,-57.969837,-61.2379,-61.279915,-62.426968,-65.07317,-69.428856,-70.47304
1568,False,-29.777836,-31.58326,-28.02853,-28.576735,-34.10217,-34.79244,-39.30144,-39.289925,-34.95783,-39.15871,-42.502106,-43.50632,-41.625587,-45.45567,-43.47187,-46.24107,-47.485996,-48.43847,-48.598007,-48.615715,-51.814495,-52.014946,-55.200546,-56.973896,-56.94485,-58.979435,-62.931503,-61.45072,-64.18141,-65.60487,-69.39412,-70.24713
1600,False,-29.19408,-23.188438,-25.62166,-28.058283,-29.98679,-34.46837,-40.57369,-36.22602,-36.04787,-39.081837,-43.33729,-38.66832,-40.283398,-46.751198,-46.467003,-43.59108,-44.394005,-47.820297,-50.44237,-48.866558,-51.17115,-51.56289,-54.772648,-55.944527,-56.46988,-58.59236,-60.608658,-59.514236,-66.108444,-67.420074,-69.16511,-69.40277
1632,False,-25.51384,-28.949493,-24.805134,-28.043768,-31.304743,-33.772243,-36.781532,-37.71388,-38.910698,-44.395615,-43.151264,-45.033943,-42.64981,-39.147022,-43.506897,-47.553944,-46.017204,-50.33187,-52.226295,-53.275017,-53.78769,-51.644753,-54.93483,-56.03291,-56.50577,-60.063343,-61.757156,-63.70483,-65.6803,-67.4196,-70.42359,-70.93132
1664,False,-25.074886,-31.08754,-32.538628,-32.920082,-32.44018,-33.79312,-35.93874,-38.274075,-35.080914,-42.037777,-43.03115,-43.767227,-42.420593,-42.52719,-42.31285,-44.63949,-47.6033,-47.793697,-50.176197,-50.394608,-54.33745,-53.509068,-58.14398,-57.265976,-59.041725,-60.47672,-60.562305,-64.6733,-66.02355,-68.13875,-70.107185,-70.108284
1696,False,-25.929003,-29.408764,-28.071482,-28.428902,-29.914165,-31.374275,-38.82694,-37.373955,-33.81382,-40.25166,-41.357807,-42.98306,-46.409077,-44.866455,-41.498337,-45.553314,-46.699226,-49.773937,-48.47793,-50.567547,-52.560287,-53.37053,-56.272144,-56.52391,-56.599968,-58.65129,-60.833412,-62.63319,-66.1355,-69.27618,-71.46105,-71.26305
1728,False,-25.35637,-29.403023,-30.49225,-32.528168,-31.311323,-32.04788,-37.757824,-38.221058,-41.36965,-43.468994,-43.59186,-43.860203,-41.24866,-42.521996,-43.948933,-45.25815,-45.70391,-47.058617,-50.27891,-51.38281,-49.321747,-51.273468,-55.90587,-55.924686,-58.26376,-59.41562,-62.88429,-64.52453,-66.140396,-68.98301,-71.36361,-71.671844
1760,False,-20.017939,-27.749826,-29.680199,-30.56175,-33.08992,-34.890553,-43.02558,-37.70999,-36.87223,-41.35528,-42.721096,-44.31346,-44.39553,-43.56071,-43.12033,-45.160194,-44.51091,-46.33898,-49.492157,-50.41241,-54.6629,-55.05402,-55.442062,-55.93821,-57.18138,-60.21569,-60.845276,-63.087124,-65.9998,-68.509254,-70.52765,-71.33647
1792,False,-22.034254,-27.439941,-27.739578,-28.040348,-29.660603,-28.994972,-29.467012,-25.41357,-29.740654,-40.560265,-32.021442,-29.620628,-27.936962,-33.187614,-32.990906,-30.32918,-34.310204,-38.382996,-44.084297,-49.24542,-48.435932,-49.116405,-47.98639,-52.92344,-54.542603,-55.528904,-57.74843,-60.28002,-57.30556,-59.0847,-61.273117,-64.51756
1824,False,-24.039532,-29.30396,-29.636387,-27.549849,-29.148817,-30.67978,-37.464024,-27.667665,-33.00569,-41.06933,-33.29464,-34.72892,-33.761745,-34.527054,-37.970856,-34.259686,-40.460316,-44.829124,-47.35347,-52.122124,-50.15377,-49.17948,-53.3382,-56.61428,-56.68222,-58.74161,-60.82558,-61.241302,-61.256912,-64.29938,-67.40461,-68.208244
1856,False,-24.265306,-27.357327,-32.56725,-33.75703,-31.58374,-34.1505,-38.356358,-33.53967,-36.445908,-42.821,-41.57433,-38.87499,-37.167038,-34.88179,-38.92848,-44.547443,-45.94007,-49.216274,-48.98967,-52.755016,-52.43495,-51.99082,-53.862396,-57.122555,-57.27105,-59.84292,-60.411716,-62.35058,-64.83972,-67.84735,-71.25594,-71.76736
1888,False,-25.388798,-30.568108,-32.132687,-30.136555,-31.011578,-31.036947,-36.961014,-35.960495,-34.60589,-39.312992,-42.60891,-40.448196,-42.314053,-45.558853,-42.52245,-45.439342,-47.05095,-46.985935,-51.865837,-52.605026,-51.819916,-51.670795,-53.785576,-56.80376,-56.603813,-59.66335,-61.83067,-61.886135,-66.146996,-68.25929,-70.5686,-70.508736
1920,False,-24.108694,-26.42986,-30.91176,-29.2457,-32.24049,-32.635456,-36.690765,-35.228256,-34.362335,-37.131607,-39.061844,-40.984596,-43.19393,-39.909004,-42.612003,-44.549538,-47.44091,-48.21731,-49.19213,-48.72908,-50.939857,-50.182236,-53.43152,-57.234848,-57.98889,-58.737415,-61.36396,-62.964855,-65.82231,-70.02312,-72.043106,-70.69075
1952,False,-26.75917,-28.195675,-29.31813,-33.23862,-36.070503,-32.532814,-40.30815,-42.4909,-38.218742,-41.2871,-37.807518,-38.44783,-39.95413,-42.630848,-40.543236,-44.17751,-46.57432,-48.5424,-49.642754,-50.767864,-52.839317,-53.672867,-55.995712,-56.261627,-58.656647,-59.265648,-60.438225,-62.58182,-66.48359,-68.48822,-70.019714,-70.62358
1984,False,-22.157375,-24.27425,-26.212423,-31.132404,-33.069214,-34.157852,-38.099247,-39.991917,-37.690372,-40.14451,-40.133358,-39.695507,-41.874687,-44.60038,-41.73307,-44.3161,-47.97416,-47.560257,-48.959595,-50.976532,-53.975258,-52.066113,-55.974968,-58.228058,-57.59068,-59.426743,-62.631645,-63.556877,-66.905685,-68.587006,-70.630005,-70.61687
2016,False,-25.053135,-27.319525,-26.879501,-31.340778,-35.31186,-37.04089,-39.000187,-38.007183,-35.249763,-41.260914,-41.405643,-41.62522,-40.082787,-40.231667,-41.425964,-43.931213,-47.59216,-48.7013,-52.83307,-50.84552,-52.16304,-53.559834,-54.548004,-55.444405,-58.683453,-58.88458,-61.98948,-63.753563,-65.00582,-67.365326,-69.7941,-70.30358
2048,False,-22.073595,-23.3774,-25.941357,-29.470562,-31.480234,-34.810787,-36.76762,-36.441154,-33.523197,-38.775394,-37.08873,-39.10707,-42.19591,-41.566345,-40.015167,-43.223576,-45.143166,-47.7211,-49.32276,-50.112476,-53.15676,-52.83997,-53.65164,-56.009293,-56.51924,-58.46962,-58.820015,-61.078255,-64.05397,-68.96564,-68.869194,-69.78841
2080,False,-19.097107,-22.924173,-27.015102,-28.993357,-34.354332,-32.622932,-36.85544,-39.001625,-36.834473,-39.776596,-43.52283,-43.1438,-42.356384,-44.59144,-42.464275,-44.850002,-50.67902,-49.39232,-46.73169,-50.06694,-51.110207,-50.745132,-55.764294,-56.37562,-56.334286,-60.065113,-60.99682,-61.828037,-65.16504,-66.51555,-70.32432,-71.10452
2112,False,-26.539162,-28.232872,-28.548481,-27.611696,-32.76931,-32.34372,-38.510826,-38.705925,-36.20171,-37.87418,-40.42406,-40.693775,-44.059658,-44.161335,-41.149178,-43.60917,-47.41901,-48.267017,-49.950966,-49.457626,-50.02434,-50.943253,-52.89141,-56.291218,-55.45235,-59.35182,-61.522717,-63.24274,-64.93111,-67.57487,-69.53548,-70.398674
2144,False,-23.411062,-27.268307,-29.8289,-30.539476,-31.89671,-35.765995,-39.92644,-36.91409,-36.74997,-40.576138,-39.78887,-40.031605,-43.447056,-42.84716,-42.10381,-43.657837,-46.473717,-51.36976,-52.13602,-49.81936,-51.84604,-54.660683,-53.991352,-56.028442,-56.126114,-57.510033,-60.221375,-62.79943,-65.78212,-68.57759,-70.529594,-70.99337
2176,False,-23.996706,-24.997864,-26.61065,-31.331776,-31.924831,-32.571075,-40.861202,-41.767273,-37.828346,-42.556,-41.04719,-42.774857,-42.29954,-40.720634,-42.015305,-43.686394,-48.18253,-47.82036,-50.693314,-50.87805,-51.710476,-53.127045,-54.187794,-55.392227,-56.159744,-59.48683,-61.259056,-62.44543,-65.99161,-70.70064,-71.402016,-71.455215
2208,False,-21.501934,-25.963602,-28.986656,-30.38795,-33.236862,-32.549973,-35.358337,-37.187305,-37.031544,-42.069374,-39.503044,-43.13282,-42.453686,-44.928024,-43.550095,-45.41311,-47.938313,-49.288666,-48.99897,-52.011856,-53.436436,-52.31923,-58.015694,-58.424072,-59.99482,-61.76581,-62.00977,-62.011932,-66.13801,-70.21671,-70.64526,-72.123276
2240,False,-26.731585,-32.526577,-30.832197,-28.849638,-28.621155,-30.185188,-40.33033,-37.511024,-35.098206,-38.08933,-41.199223,-41.410923,-38.545338,-39.8988,-41.249924,-44.48736,-45.5125,-49.799232,-51.70843,-52.845325,-50.65792,-51.995064,-54.66375,-57.464462,-60.32792,-59.491676,-62.63987,-62.935234,-66.811356,-71.38238,-72.058426,-71.70819
2272,False,-21.602459,-29.581297,-28.548794,-31.70807,-36.094414,-34.054432,-38.266853,-39.94895,-34.4543,-39.55009,-39.28558,-43.611088,-41.574783,-44.02054,-44.454838,-42.811703,-46.619057,-49.963577,-51.442684,-52.193245,-51.127937,-53.00249,-55.6461,-58.154533,-60.50409,-59.607426,-61.406326,-64.47649,-67.14908,-69.68749,-70.70913,-72.120415
2304,False,-22.478352,-23.761002,-28.854025,-33.289627,-33.59837,-34.230427,-37.63556,-37.239594,-36.350113,-39.256874,-39.317253,-39.85187,-40.900246,-43.75997,-45.767193,-46.70107,-47.79293,-48.622322,-49.121056,-51.567924,-53.12464,-53.519974,-54.533497,-57.87903,-58.47474,-61.39139,-60.015564,-62.828636,-66.98708,-68.691956,-70.71559,-70.94907
2336,False,-23.012295,-27.892569,-25.961056,-23.713305,-29.855907,-26.077496,-23.88818,-21.106787,-27.21518,-33.1078,-26.99156,-23.317211,-22.643803,-21.419384,-22.573328,-19.488438,-22.626839,-25.401781,-29.20628,-35.31436,-29.275433,-29.230806,-27.698082,-29.472866,-26.986347,-26.198656,-30.633137,-22.40655,-17.31951,-18.71544,-23.423553,-25.500528
2368,False,-22.445013,-29.380108,-29.956663,-24.086504,-25.409008,-28.698503,-33.708447,-27.477768,-32.23387,-40.427284,-33.57034,-34.522175,-31.76606,-32.53406,-34.238884,-30.105421,-35.63514,-38.960773,-39.55539,-43.413902,-41.990696,-38.845184,-41.7592,-43.216534,-39.913364,-38.389084,-40.76757,-36.17805,-32.440334,-33.628105,-37.844467,-39.101395
2400,False,-25.513538,-27.096033,-30.19846,-31.484968,-32.7556,-33.16308,-35.98488,-33.157925,-35.926567,-43.376724,-41.487373,-38.402245,-38.305588,-34.337334,-37.371895,-36.745716,-41.320847,-45.089455,-44.17083,-48.11108,-45.450157,-44.51564,-46.843914,-48.072052,-46.960976,-43.072277,-43.578716,-41.974327,-38.207542,-39.502037,-46.25522,-47.45227
2432,False,-21.817675,-27.529467,-30.423943,-31.014908,-31.036129,-30.62957,-36.83205,-39.29148,-38.739033,-41.70395,-41.09013,-39.90089,-41.250313,-39.539757,-39.88282,-39.961456,-44.086323,-44.941025,-46.158615,-48.47925,-48.041477,-44.79048,-47.045044,-47.570015,-48.850548,-47.57273,-49.32689,-46.21187,-43.07121,-45.258068,-48.728058,-51.422733
2464,False,-21.798601,-30.655201,-29.328934,-29.397833,-32.125362,-34.046883,-40.2705,-36.02583,-35.96561,-40.431618,-39.90666,-39.516148,-43.300434,-41.015114,-42.868706,-43.73539,-46.047165,-46.521133,-46.556087,-50.844307,-47.12567,-48.20317,-49.050903,-52.804863,-53.215633,-51.33356,-53.349052,-50.217476,-46.27259,-49.155113,-54.995796,-57.123642
2496,False,-23.617971,-21.76216,-32.693348,-30.162603,-33.073097,-30.455402,-35.381973,-38.9302,-37.31304,-39.012802,-42.054512,-44.26546,-42.6075,-40.962566,-41.266083,-41.14412,-44.23266,-46.124306,-46.43315,-48.7753,-50.34759,-51.95405,-53.61577,-53.418945,-52.671524,-52.57081,-54.096428,-53.11348,-50.33071,-52.35295,-58.954777,-61.550255
2528,False,-23.255384,-22.301943,-29.837872,-30.904629,-33.493176,-33.485023,-38.258263,-36.96849,-38.28632,-41.597122,-39.944046,-41.462128,-41.271282,-42.643097,-45.510384,-45.499386,-44.291145,-47.30893,-50.7386,-52.85302,-51.97484,-50.766064,-53.346207,-54.988804,-55.872746,-56.919727,-56.580315,-56.43114,-55.19857,-59.006683,-62.9691,-65.58142
2560,False,-23.762821,-26.255304,-31.488897,-30.63759,-31.022566,-32.961308,-35.77625,-39.50542,-37.68485,-42.89128,-44.355522,-42.32489,-45.639576,-44.987495,-42.30539,-44.123875,-44.744724,-48.99227,-48.92479,-54.559193,-53.677116,-52.225452,-55.051083,-56.63028,-55.77298,-58.071953,-59.100437,-60.212654,-59.334866,-62.16141,-67.39532,-67.03763
2592,False,-24.804232,-23.721209,-26.39925,-29.3614,-32.576717,-35.286034,-37.15093,-38.601143,-42.900818,-44.366722,-43.78355,-43.635464,-45.97593,-44.853485,-44.417076,-43.017727,-47.021976,-49.442093,-47.979874,-51.077427,-52.736965,-51.57848,-54.3865,-56.681076,-56.182777,-59.610695,-59.867397,-61.748413,-62.583084,-64.693634,-68.790665,-70.50813
2624,False,-25.312775,-28.59215,-25.903648,-31.80546,-31.98735,-36.400787,-38.897934,-35.821915,-39.102917,-39.833847,-40.4533,-43.73751,-44.285168,-41.92032,-43.091225,-46.22165,-48.54839,-49.404686,-51.328167,-52.43712,-51.212902,-53.498035,-53.741898,-56.927826,-58.364807,-61.887283,-60.673927,-60.733486,-62.872585,-63.756424,-67.692825,-70.44498
2656,False,-22.375662,-24.56971,-29.652521,-29.367104,-33.049473,-38.986427,-40.45862,-42.823524,-35.698853,-40.195038,-42.95814,-44.700733,-42.36114,-42.126495,-41.60507,-44.2067,-48.6595,-49.08112,-52.787476,-53.028873,-52.00121,-51.953743,-54.80045,-55.430523,-57.501877,-58.32222,-60.45855,-63.483673,-65.1744,-66.84877,-69.81465,-71.254974
2688,False,-25.555843,-27.340364,-26.242579,-31.240974,-32.283092,-36.39246,-38.891514,-39.9598,-36.365337,-40.629444,-39.823963,-42.75814,-40.59864,-41.896587,-43.5762,-45.626747,-47.884594,-48.743584,-48.01468,-53.28932,-50.10866,-52.549477,-56.531826,-59.511948,-58.072983,-59.12546,-62.138752,-66.00592,-66.133545,-68.97626,-71.29165,-71.658394
2720,False,-24.099653,-30.59954,-27.872267,-30.960064,-34.586533,-31.640463,-38.0816,-40.15,-38.524277,-41.928802,-39.998745,-41.24159,-44.808876,-47.921936,-43.497997,-45.394894,-48.596783,-51.17838,-49.194954,-49.561497,-51.445614,-51.63713,-56.253784,-56.525326,-58.165268,-59.903873,-62.837013,-63.3287,-66.013466,-68.93618,-71.38486,-71.68315
2752,False,-24.351246,-29.804785,-30.225145,-29.726858,-32.407536,-31.302145,-38.81199,-39.3432,-39.256367,-38.4899,-41.295006,-45.88157,-42.68641,-44.832626,-44.97962,-47.111202,-46.10182,-47.41963,-51.042652,-49.814835,-51.675224,-52.243515,-54.173527,-58.45436,-58.072517,-60.94896,-61.344143,-62.911076,-66.76624,-68.98826,-71.79271,-72.92812
2784,False,-27.65772,-28.540112,-32.52012,-30.844074,-31.855228,-30.788254,-39.43,-38.951046,-37.883385,-39.582386,-39.518024,-42.38257,-40.141872,-41.698452,-41.71335,-46.0021,-47.170177,-49.728695,-53.72688,-52.180897,-51.262337,-51.917225,-55.458473,-57.539352,-58.18141,-61.58046,-62.939445,-64.05891,-67.69255,-69.53549,-69.949104,-71.304794
2816,False,-23.282024,-25.973747,-33.56759,-29.10801,-30.321033,-33.46243,-40.70288,-37.39333,-34.885414,-37.97162,-39.64311,-39.527794,-43.065105,-44.44117,-44.76208,-47.112175,-47.17896,-52.737125,-50.976353,-52.59794,-52.003822,-52.205482,-55.408714,-56.866722,-58.250977,-61.057945,-61.86088,-63.89149,-66.75142,-68.56168,-70.639244,-71.154396
2848,False,-24.10426,-28.524956,-30.716671,-28.23496,-28.739548,-31.235294,-33.076492,-30.773907,-33.090347,-39.165543,-34.854286,-33.238617,-32.572105,-35.65268,-37.15613,-35.53195,-38.010822,-43.279396,-47.079323,-50.17177,-50.818054,-51.09355,-51.897575,-55.376953,-56.37053,-57.258778,-59.223984,-62.4721,-63.1259,-63.305977,-66.50539,-67.7992
2880,False,-23.843475,-29.389532,-23.451422,-26.94231,-28.962467,-27.682453,-31.969023,-24.814972,-29.292982,-36.36459,-30.943651,-31.633171,-31.562807,-31.556488,-35.691162,-32.293995,-39.00859,-43.020424,-43.316055,-48.392044,-45.63091,-47.99331,-49.52448,-55.191917,-56.18786,-54.527878,-58.066666,-59.6882,-60.3981,-62.428627,-64.783295,-66.48356
2912,False,-27.990688,-28.597076,-26.569283,-28.069004,-31.645828,-29.89231,-33.901367,-33.351868,-35.24947,-38.704655,-38.706818,-39.924767,-37.300636,-38.39207,-42.57137,-42.966343,-46.30302,-48.627304,-47.820488,-52.083015,-51.512703,-50.57756,-55.120483,-58.040604,-57.38648,-59.444996,-59.81819,-62.7895,-66.28814,-67.84007,-70.42408,-71.63073
2944,False,-27.340508,-26.441156,-32.424282,-32.879852,-30.444391,-30.885885,-38.461884,-38.35312,-36.767605,-39.49813,-42.625046,-40.554905,-41.57475,-44.307003,-44.428707,-47.30124,-47.238625,-48.72131,-49.18795,-50.929676,-50.839657,-51.9439,-53.285248,-57.52259,-60.243446,-58.148598,-60.64605,-61.406483,-66.693794,-68.09903,-69.42775,-69.04424
2976,False,-27.524033,-30.702188,-29.840778,-31.45748,-31.54454,-33.320316,-38.482597,-38.179104,-36.9511,-38.351875,-41.387287,-43.47554,-44.554157,-41.803776,-45.6834,-46.590115,-47.022766,-48.762493,-49.568214,-51.351337,-50.948887,-50.451855,-54.658546,-55.445282,-56.437763,-57.72766,-60.760162,-61.53779,-66.433784,-68.152245,-69.7927,-69.70587
3008,False,-25.475536,-29.884102,-31.67238,-32.56124,-32.15001,-33.16652,-38.43959,-40.56088,-35.691544,-38.456135,-42.239746,-44.02344,-40.825726,-41.273518,-44.49131,-46.137978,-47.87114,-48.146664,-47.100906,-50.09475,-51.666573,-51.75229,-54.958122,-57.30553,-55.846954,-56.901554,-59.315563,-62.1129,-66.2556,-68.96601,-71.687096,-69.87496
3040,False,-28.080574,-29.730087,-25.353949,-28.807995,-31.855991,-37.289307,-43.16895,-38.04903,-34.588818,-37.58595,-39.539356,-41.471214,-42.486767,-40.836563,-44.405827,-49.075066,-48.90244,-47.96775,-48.5466,-50.30332,-50.66691,-50.06634,-54.061928,-58.145332,-58.54373,-59.839775,-61.430164,-61.411026,-64.683876,-67.61972,-70.919754,-71.01871
3072,False,-24.53723,-26.271107,-26.85773,-26.421429,-30.918179,-34.456013,-40.210266,-37.439503,-36.181084,-39.400173,-39.698204,-41.979828,-38.744503,-43.0084,-39.68516,-45.192852,-49.786144,-50.096302,-48.27406,-51.776917,-51.882687,-52.31277,-55.884914,-58.22887,-58.834454,-59.745785,-61.156887,-62.006687,-65.45144,-68.60028,-70.483475,-71.65711
3104,False,-28.16632,-26.339233,-28.329523,-30.185604,-30.311192,-33.176914,-40.767307,-37.971428,-38.108086,-39.17078,-42.44124,-40.561127,-41.00052,-41.499794,-42.990726,-47.858208,-48.103413,-47.888992,-50.552197,-51.84127,-51.26754,-52.106632,-56.116226,-58.836235,-56.620506,-59.456123,-61.39452,-62.883457,-64.72931,-67.5941,-70.55899,-72.04236
3136,False,-24.281532,-25.385912,-27.914444,-27.739801,-30.83847,-36.71096,-38.652275,-35.327656,-37.69103,-39.769493,-42.434143,-41.487385,-39.53582,-43.10495,-43.888474,-44.527935,-47.16471,-48.49733,-52.28122,-52.846855,-51.97503,-51.912403,-54.30838,-57.82138,-57.61974,-59.111954,-61.37475,-65.23359,-67.03574,-66.90452,-70.45788,-72.16714
3168,False,-24.737236,-26.55497,-29.48169,-30.951359,-31.952827,-32.99923,-36.440933,-38.53027,-40.380173,-38.407665,-37.051056,-44.98642,-44.814575,-39.71865,-41.79727,-44.19556,-45.70379,-45.529934,-47.531113,-49.29203,-51.46711,-52.705177,-54.502655,-57.547737,-58.80252,-59.897392,-60.663914,-62.51792,-66.01985,-69.33593,-71.15643,-72.122284
3200,False,-28.151947,-28.451344,-33.530396,-32.36831,-30.644627,-31.391006,-37.509678,-37.85597,-36.2983,-38.550922,-40.035194,-42.5064,-42.991585,-42.452232,-43.442863,-45.901398,-46.30887,-48.362545,-51.58661,-54.129314,-51.930717,-50.335777,-53.749485,-58.074364,-59.873867,-60.449654,-59.55268,-63.208065,-66.47699,-68.68771,-72.00697,-70.416534
3232,False,-27.331507,-25.059774,-31.06457,-29.158602,-32.627953,-34.62126,-38.84922,-39.23955,-35.658264,-38.986275,-41.171726,-38.566113,-44.35947,-43.020435,-41.23995,-44.241325,-45.8922,-47.981194,-50.421947,-53.63426,-50.549545,-50.475727,-54.629726,-58.001705,-57.72858,-58.763405,-59.8869,-62.850258,-66.06691,-67.32738,-70.03598,-69.20612
3264,False,-24.777008,-30.013666,-27.533379,-29.953293,-33.724937,-31.714462,-39.8458,-38.219055,-37.259926,-37.480797,-38.112926,-39.658638,-38.89202,-40.65732,-43.397427,-45.725853,-45.776997,-48.75115,-51.87696,-51.78617,-52.464176,-51.57326,-53.047066,-58.055504,-58.310696,-59.61216,-59.981857,-63.559807,-66.58499,-67.5347,-70.10276,-70.40102
3296,False,-26.061882,-28.903908,-29.839104,-31.406113,-31.155945,-33.960922,-36.434074,-36.536377,-40.560486,-41.716885,-48.187218,-44.39507,-41.814503,-44.17627,-43.140236,-46.39105,-46.861694,-47.94088,-48.235657,-49.595192,-49.845013,-50.57113,-52.96562,-58.203392,-59.359573,-60.17945,-60.717316,-61.595413,-65.52202,-66.64306,-70.45612,-71.07754
3328,False,-25.340738,-26.734991,-29.31389,-30.617638,-28.864336,-32.034943,-39.65621,-37.361217,-35.247314,-39.751328,-43.089966,-42.554565,-44.35268,-44.595314,-43.46045,-43.793137,-47.298637,-49.20773,-47.151062,-50.139572,-50.35278,-51.94066,-55.24742,-58.561092,-59.22062,-60.639286,-63.234005,-62.853832,-67.2409,-68.02407,-69.58159,-70.86891
3360,False,-22.685728,-29.084215,-25.019382,-31.592426,-32.451702,-33.337917,-35.454468,-36.8583,-36.56468,-42.79812,-41.60804,-41.341736,-39.707684,-42.82374,-43.52741,-45.733665,-46.360435,-49.39497,-49.382675,-50.599407,-50.784992,-52.285774,-53.166485,-56.453823,-58.9686,-59.135704,-61.515617,-62.584877,-67.37411,-69.24136,-70.679504,-72.17946
3392,False,-25.65505,-25.694813,-28.091793,-31.520689,-32.402084,-33.830685,-31.268663,-29.886215,-33.193527,-35.98868,-35.798256,-29.587938,-29.03736,-28.921164,-28.820068,-26.412727,-29.282272,-32.641468,-38.225548,-43.609333,-37.556965,-37.87057,-36.323036,-38.409336,-35.049355,-34.562126,-38.786304,-30.208443,-25.230131,-26.072609,-30.253109,-30.252579
3424,False,-26.461327,-23.340807,-25.385372,-23.47471,-28.409283,-27.141706,-29.521866,-23.448303,-29.466492,-37.481377,-28.834225,-27.364576,-27.617857,-24.039806,-26.231234,-23.517313,-28.366646,-29.80195,-30.863268,-35.89833,-32.130993,-30.97041,-31.652243,-32.779022,-30.197426,-28.269543,-33.29799,-26.955688,-21.497927,-22.733353,-27.263308,-26.853466
3456,False,-24.108768,-23.46854,-24.271727,-25.486193,-31.974957,-30.327515,-38.253216,-28.713905,-32.81229,-39.787334,-33.31903,-36.139103,-34.301094,-34.193153,-36.234177,-35.780052,-37.9948,-42.991184,-42.968136,-45.842953,-45.141712,-41.90172,-45.017628,-46.712112,-43.95633,-41.005516,-42.15507,-41.60973,-36.16527,-36.857906,-42.732002,-44.432724
3488,False,-28.112247,-23.155653,-25.431402,-26.891382,-29.958479,-32.800545,-38.74093,-34.480118,-36.631744,-41.05968,-37.11321,-35.72042,-39.058838,-38.460842,-39.44016,-38.610874,-41.8141,-46.113533,-47.827377,-49.083744,-48.868355,-45.32863,-46.386105,-46.67971,-48.254738,-44.837,-45.48071,-43.342796,-41.25718,-42.088753,-47.85175,-48.977047
3520,False,-26.825565,-24.809343,-29.015753,-30.714092,-30.497953,-32.71535,-36.061295,-34.015476,-34.638092,-42.08307,-40.682617,-40.88446,-40.579636,-38.63896,-40.955387,-41.010185,-44.16126,-44.137672,-46.80464,-50.96293,-48.33979,-45.991936,-48.11487,-49.32187,-52.136196,-50.206684,-50.914703,-50.0345,-44.73019,-47.031242,-51.190628,-54.429794
3552,False,-22.632856,-26.045769,-28.66401,-28.61685,-31.181728,-34.095886,-35.637268,-39.65303,-36.03136,-38.447384,-40.308304,-42.47414,-41.721878,-40.494408,-41.76826,-40.240665,-44.941124,-47.43654,-47.08315,-49.213734,-49.776627,-48.772274,-51.843605,-51.579556,-54.34996,-51.52236,-53.845787,-53.285416,-48.910255,-50.52558,-57.153618,-58.427162
3584,False,-24.15908,-24.302353,-29.375858,-30.651302,-35.585567,-30.850782,-33.625458,-36.481674,-37.39309,-37.553925,-41.835995,-41.12177,-42.377678,-43.799377,-40.310078,-43.706314,-44.226833,-47.356434,-51.4856,-50.213142,-53.541817,-52.831314,-52.432716,-55.215725,-56.6448,-54.86058,-56.614594,-57.280308,-54.40779,-56.74305,-61.201653,-63.455147
3616,False,-23.015415,-27.551834,-26.058905,-29.97773,-36.520588,-34.22281,-35.34234,-38.068462,-34.266167,-39.65187,-42.6196,-42.595657,-39.51055,-40.95747,-44.186954,-46.35714,-45.10874,-46.19194,-47.78053,-51.596756,-51.429344,-53.827393,-54.489597,-56.112213,-56.66198,-57.060585,-59.050842,-59.22107,-58.848427,-60.198128,-65.6383,-66.9108
3648,False,-25.461569,-31.650694,-28.283613,-28.53365,-31.514532,-34.404106,-39.883812,-38.3405,-35.904984,-38.389275,-39.233227,-40.688667,-41.45643,-42.461853,-38.59575,-42.728237,-46.178345,-48.691387,-48.62894,-51.945793,-50.798187,-51.852764,-56.079388,-56.656807,-55.543297,-56.277878,-59.931488,-61.525215,-59.556137,-62.859787,-67.54462,-68.59953
3680,False,-24.4519,-27.35693,-25.753056,-28.418692,-30.862133,-32.5825,-37.996063,-39.760902,-35.878605,-38.127403,-41.019253,-43.563255,-42.02593,-42.283546,-42.53088,-43.66556,-46.90981,-47.882023,-46.919804,-52.319717,-51.891094,-52.471024,-55.126244,-55.55812,-56.22583,-59.367428,-61.096043,-62.393257,-63.967117,-66.47792,-68.60792,-69.85429
3712,False,-24.500023,-26.48407,-27.726196,-30.474476,-32.077927,-35.53988,-37.375416,-37.43069,-40.307167,-37.782646,-42.065624,-42.48916,-43.43454,-44.014725,-42.607327,-42.839703,-47.605186,-48.63655,-48.96839,-47.69981,-50.963554,-52.10909,-55.306248,-58.315308,-57.567932,-59.306717,-62.379295,-63.22249,-62.711914,-66.686325,-70.58298,-70.182076
3744,False,-25.73889,-25.97868,-27.066309,-28.172363,-34.927624,-36.837124,-41.273552,-40.281948,-38.91937,-37.802727,-41.158745,-45.369995,-45.08743,-40.849995,-41.999886,-45.126835,-48.133354,-46.936317,-45.790207,-50.474342,-51.48107,-49.669304,-52.453255,-58.221214,-58.116604,-61.279533,-63.685555,-63.83902,-65.59487,-67.2352,-71.30715,-72.320496
3776,False,-24.150267,-24.956758,-29.091045,-31.89486,-34.541065,-32.685326,-36.862976,-36.911377,-38.469704,-39.847023,-41.636818,-39.622704,-41.018215,-45.280853,-40.19095,-43.512745,-46.72871,-48.25884,-49.72982,-49.439613,-51.223797,-52.050728,-55.089775,-57.30372,-56.930305,-58.097668,-61.057007,-62.8367,-67.28591,-68.49272,-70.02738,-71.93241
3808,False,-22.208567,-25.309256,-25.462425,-28.248482,-32.789265,-33.83559,-36.46626,-38.80095,-38.561768,-41.315346,-43.383186,-39.72029,-46.2867,-42.709496,-39.969994,-44.484844,-46.66492,-48.19526,-48.55377,-49.743046,-50.00462,-54.050346,-54.13379,-58.266243,-57.372086,-59.569954,-61.032772,-64.03993,-66.71037,-67.828125,-70.50896,-70.29893
3840,False,-25.447182,-23.05589,-29.401852,-30.568296,-29.754389,-31.246386,-37.148876,-38.44802,-36.872906,-42.989635,-43.4171,-41.91285,-42.06584,-42.652897,-44.802757,-42.35126,-46.460068,-46.82331,-47.36006,-50.994003,-51.91181,-51.960144,-54.74431,-56.232014,-58.00273,-59.49246,-61.333435,-63.58661,-66.74553,-69.98452,-69.923965,-71.13797
3872,False,-23.453312,-23.595177,-26.681013,-26.791641,-33.81139,-34.45461,-38.01049,-38.76616,-36.494354,-46.303055,-45.10378,-42.22329,-40.525227,-43.11741,-39.876667,-44.157036,-46.558914,-47.206684,-50.300476,-50.99643,-53.35633,-52.214527,-53.609993,-58.193184,-59.238068,-60.739704,-61.42159,-62.993294,-67.0247,-67.65029,-71.83603,-71.11492
3904,False,-22.819244,-27.219067,-30.723505,-29.185863,-32.890404,-34.798824,-39.44165,-37.530262,-36.451355,-40.82199,-44.231476,-44.650307,-47.58265,-46.70749,-44.48922,-45.254128,-48.760036,-49.51123,-50.515564,-50.807323,-53.065125,-53.616276,-54.46836,-56.31318,-57.33847,-58.272156,-61.019478,-65.62361,-69.01128,-69.79577,-70.27362,-70.11073
3936,False,-23.186272,-28.804596,-26.38754,-29.163198,-31.216843,-33.571865,-34.4558,-32.048565,-35.06289,-40.120693,-38.290115,-34.236534,-33.25649,-38.631313,-36.714798,-35.269974,-38.29082,-43.723675,-47.54396,-49.962914,-50.253723,-51.780926,-52.042156,-55.911125,-57.625317,-58.730755,-59.978485,-60.808033,-62.406853,-63.014633,-66.883766,-66.95694
3968,False,-23.885096,-28.250164,-32.760582,-27.993174,-28.349072,-27.233028,-33.54966,-25.202156,-29.884794,-35.404785,-29.937271,-30.873913,-31.541063,-32.08144,-34.50438,-31.757252,-36.855816,-41.85146,-43.302696,-48.00242,-47.985085,-48.367268,-50.130188,-55.23874,-56.507015,-56.258358,-57.43219,-59.75532,-58.5161,-60.540337,-64.72995,-65.66615
4000,False,-25.142076,-28.324402,-31.876945,-26.71693,-31.12972,-28.508656,-37.598396,-34.027943,-33.265785,-38.920746,-36.452717,-38.399258,-38.341522,-39.087776,-40.259735,-40.415985,-43.67862,-45.379715,-46.28818,-51.619003,-50.702843,-52.52689,-52.774193,-57.25074,-57.10794,-56.76695,-59.8704,-62.079815,-66.37819,-67.74346,-69.27591,-70.05593
4032,False,-25.112606,-26.787441,-31.23904,-29.891727,-33.777374,-35.51272,-39.626423,-37.46003,-36.85438,-40.13054,-40.578926,-39.80688,-40.54718,-44.971878,-42.68096,-44.994087,-46.269432,-50.18305,-45.73696,-49.468056,-51.498608,-52.46145,-53.744194,-57.55211,-59.724163,-60.79101,-62.095352,-64.00353,-65.81544,-68.38716,-69.76946,-70.984764
4064,False,-22.301786,-28.409822,-27.338438,-30.639568,-32.04022,-33.006752,-40.244476,-38.699997,-37.598,-39.79883,-46.946922,-45.056282,-42.955452,-46.094746,-41.376015,-44.38977,-47.741325,-51.6028,-49.744343,-50.784626,-53.19339,-50.62394,-51.929245,-56.675034,-56.844448,-59.68994,-61.450134,-61.866318,-65.76127,-68.157906,-70.85386,-71.885124
4096,False,-20.357025,-26.290062,-27.472496,-29.427372,-31.057598,-35.599174,-36.611763,-38.24056,-38.99805,-39.147182,-37.688457,-40.10083,-41.412178,-45.741013,-44.38219,-45.657295,-44.735184,-48.867775,-48.923386,-51.373894,-51.35778,-52.6729,-53.526367,-55.760185,-58.96129,-60.297554,-60.757675,-61.8369,-66.03683,-69.40422,-70.56955,-71.227295
4128,False,-23.041609,-29.167936,-30.81451,-30.47665,-31.221506,-31.177198,-39.8006,-37.459694,-37.647003,-40.971657,-41.922302,-39.77315,-41.728455,-43.418274,-42.4831,-45.7365,-46.81145,-47.75288,-48.783524,-51.052895,-50.54191,-52.87739,-55.82464,-57.51272,-58.224632,-59.904076,-61.398735,-63.814392,-64.35834,-68.50737,-70.788635,-71.921974
4160,False,-24.427437,-23.578882,-28.457504,-31.224415,-31.73441,-34.109585,-38.532585,-43.015095,-37.474567,-42.217197,-40.162262,-39.11585,-41.211926,-42.008606,-42.204575,-45.98098,-48.005352,-48.139023,-48.261307,-47.185257,-51.259426,-52.535576,-53.498974,-58.361603,-58.8336,-59.838352,-63.346043,-64.5846,-66.478165,-68.65198,-71.79756,-72.832886
4192,False,-23.09143,-26.076212,-25.763985,-30.378704,-34.063526,-33.363705,-37.206642,-37.362732,-38.00651,-42.17707,-43.56848,-41.4777,-39.937767,-41.92776,-43.092503,-44.779724,-47.43009,-51.747154,-50.050735,-49.55642,-51.77588,-49.49801,-52.202877,-57.138523,-58.969578,-60.018562,-61.080475,-62.23835,-63.743797,-67.26746,-70.49387,-70.71485
4224,False,-21.81874,-27.461407,-28.263588,-28.990807,-33.494446,-34.721176,-38.090267,-34.22009,-37.157127,-42.548416,-42.379795,-43.447792,-43.528408,-43.789402,-41.52897,-43.512444,-47.08409,-48.82919,-51.03033,-49.85724,-49.590687,-49.407726,-51.88366,-54.445175,-59.700832,-60.88057,-61.384716,-62.732197,-65.2259,-68.23043,-69.16275,-70.85237
4256,False,-22.899439,-27.273043,-25.618176,-26.075916,-33.27854,-37.69171,-40.444466,-41.752224,-43.199936,-40.704952,-41.01913,-42.985664,-41.018085,-43.073383,-41.30246,-44.969296,-47.555878,-48.593407,-49.74545,-51.86359,-51.264587,-49.964565,-53.534912,-57.346874,-57.748035,-59.76271,-61.64807,-62.736427,-66.38814,-69.50996,-68.7695,-70.66458
4288,False,-22.907675,-27.32459,-27.462177,-30.07738,-32.932037,-31.07534,-39.83277,-38.977337,-38.858265,-42.02492,-43.42741,-42.56466,-38.976692,-39.803017,-42.094173,-44.90751,-45.93226,-46.932503,-49.662937,-53.534492,-50.19671,-50.220585,-55.768818,-56.145245,-57.585533,-60.820045,-60.856747,-60.61521,-64.8443,-67.62691,-69.48787,-71.43806
4320,False,-27.202179,-28.360834,-30.406517,-27.803986,-32.843193,-31.057922,-36.873444,-41.01857,-33.843956,-39.800312,-44.02056,-40.33706,-39.781475,-43.224274,-45.810364,-46.393124,-45.92526,-47.86615,-49.69467,-51.00801,-51.999115,-51.87606,-52.9832,-55.924526,-58.193092,-61.614857,-62.412373,-61.902786,-65.85112,-67.90345,-70.98683,-71.19571
4352,False,-27.337715,-26.023952,-25.851254,-32.721695,-33.052666,-31.682207,-38.41079,-41.327805,-36.539646,-37.033417,-37.139835,-39.30686,-40.228455,-42.74483,-43.225975,-43.618847,-44.395424,-46.87118,-48.86808,-52.531837,-52.225044,-53.881954,-55.562496,-57.697548,-56.20712,-59.785137,-63.141056,-64.13468,-67.25389,-69.01565,-70.4695,-69.37757
4384,False,-25.927795,-28.989906,-30.541851,-30.6374,-35.565712,-32.830708,-37.05465,-36.754414,-36.33057,-41.149296,-41.03455,-38.88174,-40.151363,-45.01221,-44.187157,-45.40295,-45.32484,-47.27869,-51.546837,-50.518703,-52.557755,-51.424904,-53.985085,-57.501278,-58.86152,-60.930984,-60.885452,-62.493744,-66.42936,-69.62226,-71.78607,-72.55342
4416,False,-23.210333,-25.837246,-26.131016,-29.597668,-32.132652,-28.650993,-39.587017,-41.212685,-38.567093,-43.86118,-42.284866,-39.658554,-44.496956,-44.461132,-43.029243,-46.432655,-43.443127,-48.226315,-50.03014,-51.836197,-50.743088,-51.048363,-53.719696,-55.64484,-56.253548,-58.34166,-61.384773,-63.33391,-67.0005,-69.47203,-70.711716,-71.332306
4448,False,-23.437235,-30.302025,-26.375565,-29.104778,-34.315025,-33.497368,-39.755436,-37.757553,-37.88937,-38.53388,-41.23472,-45.29515,-46.49571,-42.320076,-43.223602,-44.30658,-46.14988,-46.391266,-50.31492,-50.763203,-51.831413,-52.223816,-55.300583,-56.4117,-56.70425,-59.867245,-61.349293,-64.95399,-67.977715,-69.747574,-70.433975,-72.33671
4480,False,-27.720068,-29.297207,-26.479439,-30.287876,-34.390892,-35.96603,-40.10761,-40.47262,-41.43948,-39.000725,-43.062202,-41.609745,-42.837315,-44.541832,-43.95102,-45.885166,-45.441113,-47.335686,-48.091316,-52.62392,-52.537437,-49.403122,-53.831398,-55.892914,-58.555153,-60.18168,-61.419632,-63.648994,-66.29286,-69.27843,-71.29542,-72.16821
4512,False,-28.106487,-27.48045,-31.332932,-33.35031,-36.67399,-35.094505,-36.613274,-38.565994,-40.263596,-42.075043,-42.785027,-47.20855,-44.4861,-43.926167,-46.50852,-44.005795,-45.17559,-46.862125,-48.10888,-49.45878,-50.029335,-51.328552,-53.487656,-52.514553,-55.04437,-55.8377,-57.634197,-58.654823,-59.846565,-63.231194,-61.52538,-60.18914
4544,False,-25.049057,-26.771774,-30.19169,-27.788769,-31.12956,-32.625008,-28.530283,-27.640919,-32.81662,-36.53727,-32.911274,-28.68231,-27.16279,-27.276295,-27.819153,-24.889105,-27.250193,-30.587414,-35.977024,-42.226124,-36.04697,-35.891174,-34.381298,-36.569412,-33.447994,-32.883743,-36.93103,-27.699814,-23.357695,-24.767113,-28.903297,-29.524319
4576,False,-25.54886,-27.749092,-24.886501,-22.892048,-26.7658,-27.284958,-28.887081,-23.766514,-29.20697,-35.89147,-28.180511,-27.924097,-28.679464,-24.518074,-27.027834,-24.353714,-29.332367,-30.87278,-31.669271,-36.557114,-32.797714,-31.75352,-32.75638,-33.57276,-31.24544,-29.47461,-34.36049,-27.452015,-22.673075,-24.066639,-28.141603,-28.991175
4608,False,-27.040482,-30.19657,-28.776922,-29.348085,-29.694004,-32.02558,-37.258484,-31.65881,-36.250137,-41.276814,-35.749104,-35.71152,-33.561886,-34.693077,-36.15066,-35.34205,-38.353924,-43.637947,-43.210506,-45.85417,-44.34715,-42.14766,-44.889397,-46.621098,-44.88976,-41.920124,-42.261627,-41.453064,-36.08305,-36.989456,-43.05939,-44.597378
4640,False,-25.067482,-30.477058,-25.084408,-28.475359,-31.853533,-32.55377,-38.240963,-35.425026,-35.96428,-39.81618,-40.51849,-41.040443,-40.915398,-39.551907,-39.752914,-37.147194,-40.300755,-46.948246,-45.475967,-46.778454,-47.55939,-45.01365,-46.918106,-48.07754,-47.676163,-45.074936,-45.54709,-43.328533,-41.42304,-42.891792,-49.052986,-49.34412
4672,False,-23.434494,-30.069187,-27.666685,-28.080177,-32.19866,-31.756823,-35.801548,-37.38671,-39.29448,-40.239494,-38.461296,-41.314445,-40.359756,-40.9622,-40.054775,-38.909157,-46.353054,-47.461643,-46.813225,-51.396873,-51.852654,-46.553635,-49.60031,-50.53871,-51.277676,-49.26832,-50.37342,-48.66118,-45.610893,-47.99444,-51.73437,-55.49481
4704,False,-22.61337,-26.817287,-29.231651,-29.3992,-30.816095,-36.715607,-37.857098,-34.9927,-36.543983,-37.848618,-41.147774,-41.601597,-42.095238,-41.938473,-44.39648,-43.674362,-44.95465,-47.197437,-47.68582,-49.394535,-51.148815,-50.988506,-53.647827,-52.77096,-54.68784,-52.84521,-53.67365,-52.830868,-48.857265,-50.049366,-57.980232,-60.049805
4736,False,-24.27554,-24.981262,-31.363304,-33.66012,-35.04182,-36.421524,-41.48397,-39.310585,-35.70591,-41.858006,-39.48796,-42.34794,-41.846405,-43.44052,-42.971287,-46.200104,-43.83892,-48.067394,-47.300423,-51.24063,-49.987473,-49.55807,-52.024925,-54.091866,-54.410057,-55.086166,-55.93302,-55.98828,-53.24547,-56.57263,-61.6116,-63.84984
4768,False,-24.577284,-29.103725,-27.845238,-26.66954,-30.697426,-34.049618,-37.74326,-36.542538,-34.988792,-41.390083,-44.597034,-41.412643,-43.36681,-43.91083,-42.438988,-43.903404,-42.9669,-47.236515,-48.93495,-50.6504,-52.729908,-53.395813,-53.550114,-54.384094,-55.405037,-57.073,-58.767006,-60.362988,-57.18097,-59.246124,-64.92165,-66.0991
4800,False,-29.03146,-27.884377,-25.478058,-31.96125,-34.87622,-34.283558,-36.95337,-39.218113,-34.598557,-40.102802,-41.76327,-41.87519,-42.11757,-42.56281,-40.754097,-45.47197,-53.473854,-50.609848,-49.025497,-51.27735,-52.068142,-50.978104,-54.791447,-55.505108,-58.03499,-58.901688,-59.35856,-61.334015,-59.637245,-61.980103,-67.01366,-69.51017
4832,False,-23.59892,-27.129345,-31.427784,-31.260185,-33.648396,-32.7216,-37.795166,-41.846638,-34.372524,-40.15472,-43.852978,-43.852726,-41.597336,-45.08908,-41.93229,-44.631546,-47.057537,-48.531082,-50.25437,-51.138535,-52.5588,-52.28608,-54.95502,-58.75389,-58.993988,-58.612064,-58.49268,-61.313812,-62.99025,-66.647545,-70.272316,-70.18725
4864,False,-22.539557,-24.109493,-26.19749,-30.825493,-34.486797,-32.72867,-37.280235,-40.897907,-36.455917,-41.968292,-43.939327,-41.08944,-41.98601,-40.983437,-41.644165,-43.03472,-46.796993,-48.709618,-50.77056,-50.1177,-50.90339,-49.145683,-51.574715,-55.820168,-54.818626,-56.058544,-59.9336,-61.25985,-62.17834,-63.381695,-64.60259,-66.15975
4896,False,-22.998991,-29.000496,-33.117767,-33.863026,-32.80049,-35.692795,-37.06217,-38.209167,-39.034405,-39.053345,-41.027966,-40.905624,-40.03547,-41.07803,-42.045288,-45.54444,-45.765175,-50.111168,-46.58693,-49.298855,-50.908585,-50.855095,-54.195667,-56.053333,-57.36729,-59.028248,-61.393124,-62.943962,-66.71543,-67.87465,-68.392914,-70.849976
4928,False,-26.506927,-23.713472,-29.328566,-33.303623,-32.777702,-39.146545,-38.618465,-36.20925,-34.652805,-40.086475,-43.368343,-41.587593,-43.592773,-42.701546,-43.228386,-44.914173,-46.275196,-49.10467,-47.70741,-49.702667,-52.385426,-52.213818,-53.280495,-56.262287,-57.946693,-59.24177,-61.448208,-62.266823,-64.871796,-68.705536,-70.30777,-71.370964
4960,False,-26.251137,-26.40403,-29.596695,-29.719543,-34.561245,-35.486664,-39.983795,-37.735153,-38.688503,-41.490494,-42.504143,-40.800022,-40.69797,-40.23826,-43.80487,-44.645847,-46.776344,-47.654396,-46.452557,-50.521484,-52.63937,-53.244972,-56.10867,-58.334953,-58.863945,-59.886555,-61.8076,-65.73785,-67.049355,-67.8799,-69.21088,-71.50361
4992,False,-26.102135,-27.261248,-32.67968,-30.803139,-31.151953,-34.632248,-37.978252,-37.256668,-37.079548,-36.69717,-38.432823,-41.66305,-45.00606,-43.35529,-40.912815,-43.68441,-48.229633,-51.33621,-48.674908,-51.02879,-51.216965,-52.557167,-53.52947,-58.73371,-58.196327,-59.34673,-62.203518,-64.46567,-65.72774,-67.923645,-69.87064,-71.78541
5024,False,-25.235712,-28.597076,-28.295753,-28.252619,-29.514315,-31.29343,-35.427914,-30.799423,-30.226707,-34.61207,-34.719826,-31.501856,-32.751595,-33.64087,-34.79672,-33.63399,-35.55155,-40.762466,-45.957302,-48.756317,-47.723717,-50.241394,-52.058483,-54.4041,-57.369198,-58.21695,-58.987232,-62.01137,-59.775475,-62.18616,-64.40017,-64.830376
5056,False,-25.820217,-25.7257,-28.960232,-26.259098,-30.26794,-28.238764,-33.46587,-27.066946,-30.03788,-33.17798,-31.946867,-31.73599,-32.67282,-32.151386,-36.899998,-32.53013,-39.58381,-43.909145,-47.47245,-48.3788,-48.006134,-49.003952,-51.8041,-55.589233,-56.740463,-56.493668,-59.524235,-61.955814,-59.129395,-62.19462,-66.70741,-67.35907
5088,False,-24.911118,-24.081081,-26.01857,-30.182922,-35.69813,-35.102917,-35.080185,-32.572777,-35.44885,-40.46789,-43.13153,-41.760704,-40.63465,-38.56382,-42.18923,-43.11514,-46.241188,-50.20491,-50.05949,-54.06773,-50.489,-51.617813,-55.29103,-57.64519,-55.615204,-58.33342,-59.2678,-61.919956,-67.139694,-68.235306,-70.25876,-70.641464
5120,False,-22.126675,-26.43639,-27.872257,-29.037916,-34.51481,-32.48109,-39.39338,-36.814148,-38.456646,-39.972855,-43.38105,-39.226036,-40.765385,-38.28245,-42.596466,-42.515167,-43.923664,-46.497734,-48.725243,-49.815136,-51.15422,-51.671707,-55.051403,-58.090557,-57.863754,-60.50434,-61.634003,-64.147995,-67.07027,-68.43071,-70.93433,-71.936485
5152,False,-24.857025,-24.186975,-27.278057,-29.223778,-32.39652,-33.200836,-40.269684,-34.965508,-36.141922,-39.693977,-39.2481,-42.567825,-41.601974,-40.30186,-43.27616,-43.933884,-45.53532,-48.13916,-49.586185,-53.417084,-54.256783,-52.045727,-55.0772,-58.481003,-59.038925,-58.979248,-60.993034,-62.45502,-65.94815,-68.70484,-70.427086,-71.06528
5184,False,-24.962576,-25.937294,-32.322487,-32.23705,-34.787354,-35.221222,-39.533707,-40.36558,-35.8508,-36.68659,-40.195316,-38.349644,-41.857227,-40.69349,-40.244278,-44.46177,-48.002434,-49.231293,-49.212986,-49.206627,-51.189117,-50.543915,-53.14426,-56.552902,-57.946888,-60.013508,-62.28441,-63.275238,-66.45299,-70.687256,-72.05741,-70.97469
5216,False,-27.578432,-27.883112,-29.164394,-33.052315,-33.815742,-33.587666,-37.3621,-37.42187,-35.618977,-42.15629,-41.150322,-42.033657,-42.754585,-39.6476,-43.025627,-45.991764,-44.516235,-45.31571,-49.44689,-52.48639,-53.02562,-52.738953,-55.007015,-57.428535,-58.427044,-62.408424,-62.457928,-64.01236,-65.90178,-69.58518,-69.75137,-71.277626
5248,False,-26.17155,-26.469269,-31.172468,-30.86219,-32.57706,-32.71671,-36.84839,-39.9355,-41.0002,-42.5234,-43.525333,-44.952446,-40.928635,-40.763287,-43.677467,-43.030228,-42.797466,-44.94288,-51.1902,-49.429203,-51.53992,-52.44076,-55.561455,-58.172195,-57.218987,-59.749714,-63.57682,-63.61204,-65.58262,-68.661026,-70.60629,-71.40115
5280,False,-27.021309,-25.633316,-28.152973,-29.461601,-32.513016,-29.93864,-36.866966,-37.74002,-33.380566,-39.541023,-41.541576,-43.630714,-45.787735,-42.91227,-39.914665,-42.475742,-50.17508,-46.340324,-51.79599,-51.48563,-51.845703,-54.097286,-56.406677,-58.674156,-57.729805,-58.21497,-61.469326,-63.58822,-65.46185,-68.16936,-70.23545,-72.50758
5312,False,-25.410957,-25.419838,-28.799957,-30.500166,-29.112297,-34.80307,-35.402233,-38.988384,-42.03164,-47.20507,-45.26069,-42.96749,-43.937515,-43.812714,-39.98241,-43.191574,-46.995167,-46.948532,-50.865322,-51.476593,-52.759117,-52.672848,-54.868286,-58.156017,-58.98725,-59.612778,-62.37024,-63.580376,-65.693275,-68.93142,-70.64057,-71.977036
5344,False,-26.30904,-29.686905,-28.708525,-31.327026,-34.023502,-35.48659,-41.360073,-41.59988,-38.828346,-40.497658,-39.36125,-40.019573,-45.097027,-43.19985,-41.067005,-45.30073,-45.129833,-44.44832,-46.462826,-51.054916,-51.92717,-51.855988,-55.045074,-56.113403,-59.30625,-59.182037,-61.32618,-61.76723,-65.53649,-66.68984,-69.407936,-72.449455
5376,False,-24.381805,-24.131842,-29.305296,-30.136662,-32.86526,-30.45034,-36.52246,-39.63686,-39.63153,-41.66572,-42.02457,-45.313297,-44.855953,-41.33117,-42.661087,-43.383263,-45.95749,-48.433743,-50.284275,-51.64247,-52.04823,-50.908928,-54.195538,-55.873623,-56.886726,-60.79735,-62.79384,-62.853943,-65.98565,-68.94472,-69.54418,-70.58765
5408,False,-24.448631,-23.389318,-28.034382,-31.460274,-31.276655,-32.756935,-39.07323,-38.416405,-34.539253,-42.72451,-41.343353,-39.023464,-41.064423,-43.42358,-42.337868,-44.292282,-47.245796,-51.022774,-53.0306,-50.45841,-50.479286,-50.651764,-54.67826,-56.444927,-58.24791,-61.347084,-63.462753,-64.195915,-68.19657,-68.65729,-69.91956,-72.228546
5440,False,-23.96791,-26.70865,-28.96472,-30.240845,-30.635994,-36.034096,-37.10346,-41.91418,-40.06626,-42.2736,-39.9525,-41.661255,-43.758797,-42.959496,-45.031166,-46.99822,-51.410988,-48.48649,-49.707714,-49.23581,-51.856895,-52.026905,-55.505806,-56.798744,-57.69693,-59.765278,-61.74677,-61.85448,-65.60148,-69.58786,-71.52856,-72.88576
5472,False,-25.965717,-25.291328,-30.276468,-31.853336,-36.8375,-35.359966,-41.900906,-36.511467,-33.46772,-41.530823,-41.67793,-41.079006,-42.566902,-43.49167,-41.933556,-45.90826,-48.4701,-48.637825,-52.574924,-53.262314,-49.404484,-51.043354,-52.247868,-56.15196,-57.839783,-59.33382,-59.239697,-61.364212,-66.74259,-69.28636,-71.425735,-71.35757
5504,False,-23.67443,-25.378605,-29.428663,-33.913044,-34.309586,-31.872997,-36.288857,-35.558777,-32.476456,-41.02204,-41.131557,-43.630337,-42.749413,-45.189774,-42.34819,-45.058983,-46.072773,-46.18944,-48.334843,-49.751392,-53.041954,-52.309517,-53.894466,-57.07211,-56.822426,-58.800888,-62.3441,-62.971912,-66.06001,-69.19069,-71.00874,-71.24277
5536,False,-22.459446,-35.204334,-33.983494,-35.12468,-34.415127,-36.5326,-40.603638,-35.508877,-36.30099,-38.969646,-41.31938,-42.980007,-41.438374,-41.494347,-45.947388,-42.806335,-45.460857,-48.374855,-47.929245,-49.57462,-53.013004,-52.07595,-55.453945,-57.228428,-55.746456,-58.505333,-60.580425,-62.080162,-66.75905,-67.0105,-70.97442,-71.64191
5568,False,-23.070192,-29.889153,-28.870659,-28.197594,-31.10133,-29.919329,-26.66555,-24.125689,-28.567038,-33.512413,-30.972242,-25.512554,-24.645956,-23.265745,-24.569649,-21.998596,-24.41202,-27.51437,-32.692257,-38.74537,-32.084366,-31.962748,-30.18572,-32.409813,-28.901459,-28.599426,-32.209583,-26.473507,-20.015669,-20.761106,-26.250536,-29.138332
5600,False,-25.181768,-28.740246,-27.84877,-25.819534,-30.23016,-27.921837,-32.083992,-24.802515,-29.436586,-37.50034,-29.53032,-30.288008,-30.227852,-27.327045,-29.670713,-27.844612,-33.84143,-35.73426,-35.129734,-39.70363,-36.366302,-34.264706,-36.629272,-37.618164,-35.07053,-32.661453,-36.605503,-32.758434,-27.429083,-28.798244,-32.018505,-35.451164
5632,False,-23.212221,-28.55593,-27.004517,-27.463928,-29.145138,-31.898373,-35.668053,-29.069538,-31.852596,-39.839016,-37.18598,-35.60612,-34.86786,-35.95521,-38.429306,-37.392372,-38.53579,-43.183754,-41.82271,-46.03571,-45.04245,-41.03811,-45.7027,-48.382553,-46.829376,-40.936417,-42.113823,-41.69893,-37.33681,-38.60105,-43.413578,-45.89443
5664,False,-21.520012,-27.590445,-29.88404,-29.576294,-30.540668,-31.520988,-37.635345,-34.44708,-34.763687,-39.68498,-41.000687,-40.176033,-42.1884,-37.361084,-38.109802,-38.95923,-42.032852,-44.89038,-45.769253,-47.960754,-48.241547,-44.206802,-45.86887,-48.12061,-49.834564,-46.441174,-46.887722,-45.329624,-41.802975,-44.044243,-48.891903,-50.972324
5696,False,-24.24372,-26.154095,-27.148003,-26.104351,-34.8154,-34.93257,-39.748375,-33.634113,-35.183075,-42.487835,-44.07151,-40.27367,-41.5092,-40.195312,-41.052605,-40.060345,-45.658356,-46.026085,-48.030643,-50.357376,-49.386055,-48.115044,-50.39789,-52.131824,-53.807274,-50.177216,-51.407684,-49.735046,-46.216106,-48.604233,-52.74824,-54.997482
5728,False,-26.06123,-27.158096,-25.991364,-28.481667,-32.679836,-36.617638,-38.417675,-37.86689,-37.715626,-39.78847,-39.49589,-42.978355,-41.909714,-40.265106,-41.39173,-40.94039,-46.887928,-47.30797,-48.216225,-52.186226,-51.160362,-47.91422,-50.566563,-53.359726,-52.217537,-52.24558,-54.021675,-54.161396,-49.970688,-51.296825,-58.606167,-60.21981
5760,False,-24.634459,-27.868721,-24.517519,-28.95254,-30.587212,-36.024853,-41.573006,-39.117264,-34.724415,-39.152542,-40.80384,-44.186073,-44.103695,-38.84338,-40.193863,-43.34435,-48.699284,-50.213924,-52.06166,-53.85828,-52.297035,-52.48414,-53.630478,-55.108307,-54.447502,-55.92228,-55.927807,-57.41537,-54.540695,-57.50208,-62.43218,-64.5198
5792,False,-24.308603,-26.757496,-33.86188,-32.256832,-34.254433,-34.968735,-36.58316,-36.015324,-36.455845,-38.517334,-41.97346,-45.033142,-41.18488,-39.228767,-39.414516,-41.758057,-46.57094,-47.220764,-49.562782,-51.704094,-52.30167,-51.781136,-54.581852,-55.264057,-58.266136,-57.44433,-58.881935,-60.82467,-59.35776,-61.676365,-65.992226,-66.55239
5824,False,-24.301435,-28.884733,-30.614334,-30.594633,-35.9888,-34.01482,-36.581444,-37.11332,-34.21804,-44.03369,-40.415565,-41.46409,-40.64582,-45.499912,-42.689976,-42.827477,-45.836884,-48.81566,-47.3785,-51.319527,-52.769146,-52.3777,-53.7725,-54.991257,-57.665688,-60.504997,-60.598736,-63.131668,-61.59137,-63.868004,-67.81126,-69.4799
5856,False,-25.031454,-23.570574,-32.194736,-30.727291,-30.212269,-32.380035,-34.07524,-35.65912,-34.00816,-38.76599,-41.56814,-46.111618,-42.14745,-42.44253,-41.487587,-44.07245,-49.124435,-49.4647,-50.394257,-51.04835,-50.35614,-51.86841,-53.951218,-58.68896,-58.72319,-59.828644,-60.400505,-61.730972,-63.905823,-66.744484,-70.41294,-70.07228
5888,False,-28.822096,-30.496904,-30.281218,-30.193815,-30.23537,-33.916862,-37.469345,-36.239082,-38.277515,-40.153236,-39.845932,-41.162796,-42.947994,-42.322727,-39.468792,-44.273827,-48.577354,-47.740616,-50.863186,-50.38926,-51.092087,-52.267563,-54.350452,-57.634247,-58.69842,-61.70558,-62.52054,-64.36089,-65.835495,-68.23047,-70.60252,-70.5547
5920,False,-27.199697,-24.99741,-26.918737,-28.890121,-31.172604,-33.362373,-38.406704,-37.486774,-36.865887,-40.343376,-41.640556,-38.255695,-38.577026,-38.63815,-40.81569,-44.953876,-47.694633,-46.2817,-48.908993,-53.32032,-53.39144,-50.90931,-52.74702,-57.750477,-57.945892,-58.712456,-63.479645,-64.928345,-66.00574,-69.2207,-71.43794,-70.7756
5952,False,-25.318773,-26.185452,-26.075905,-26.462868,-30.77307,-33.15083,-38.668144,-40.07514,-38.695324,-37.674667,-41.265747,-43.960342,-40.67675,-40.957016,-42.1176,-45.61155,-47.81601,-50.344273,-52.286118,-51.29699,-51.488487,-50.79799,-54.069347,-56.511757,-58.578262,-60.142258,-61.380497,-64.67457,-66.043045,-69.55627,-71.17455,-70.83856
5984,False,-23.449932,-25.114058,-34.51364,-30.48689,-32.286232,-30.798164,-35.60144,-40.63128,-37.41701,-40.796844,-40.825714,-38.82094,-41.997475,-42.27594,-42.51197,-44.052795,-46.08816,-49.367126,-50.02123,-51.46443,-51.033066,-53.99621,-57.191257,-57.124348,-59.428463,-61.094482,-63.890434,-64.12608,-66.840805,-68.976456,-70.810425,-69.7572
6016,False,-23.88489,-28.221153,-28.721672,-29.625244,-31.61491,-32.692184,-37.293907,-39.825966,-35.986877,-37.653988,-39.382442,-39.621788,-42.450275,-44.188843,-41.76277,-43.547688,-47.73256,-48.55739,-50.00999,-49.819923,-49.769405,-52.464672,-56.886032,-58.828186,-56.91837,-59.266182,-61.829575,-63.8551,-66.75843,-69.04324,-70.78687,-71.44874
6048,False,-24.938496,-25.581303,-27.276054,-32.589443,-32.338356,-36.173847,-39.15297,-40.894165,-35.368225,-37.724205,-42.82271,-42.276417,-42.55101,-39.865273,-43.581154,-44.40013,-49.726025,-51.4662,-50.119087,-49.77747,-52.569653,-51.93855,-55.21465,-57.083797,-58.741547,-59.822636,-59.960823,-60.351273,-66.61697,-67.61607,-70.78682,-72.238846
6080,False,-23.617207,-24.41393,-26.667578,-30.177156,-33.00805,-31.83916,-39.00249,-38.605534,-41.070385,-42.33755,-38.183025,-39.82804,-41.21536,-41.715794,-42.870502,-44.860687,-48.3655,-48.31991,-50.374905,-52.45671,-53.896595,-52.104702,-58.189392,-57.732506,-57.68701,-59.81498,-62.59864,-63.503403,-66.021454,-67.94139,-69.24089,-70.254944
6112,False,-26.975754,-30.05454,-29.542778,-25.874708,-26.267565,-28.426542,-29.989435,-25.088692,-28.80947,-35.31164,-29.717,-29.008944,-27.848083,-31.587872,-32.9726,-29.327944,-33.469864,-38.601402,-42.11383,-46.806908,-45.104744,-47.740364,-47.2047,-51.045856,-54.51719,-55.12165,-56.480045,-58.32627,-58.028034,-59.101685,-63.260918,-60.776047
6144,False,-26.273315,-26.056408,-26.430885,-23.377296,-28.082455,-27.069122,-32.52362,-27.946215,-29.474241,-38.323566,-37.55694,-36.481625,-38.328857,-39.003525,-38.64609,-36.499924,-42.15122,-46.181206,-48.470722,-50.002426,-50.572357,-52.20514,-54.27581,-57.483845,-56.928406,-57.908707,-60.6196,-63.112457,-65.85408,-66.073395,-68.495056,-68.81953
6176,False,-23.139017,-29.105667,-31.5547,-31.057293,-27.541925,-30.956099,-35.62162,-31.38755,-34.08046,-39.73945,-40.04754,-40.214592,-40.580544,-38.398426,-42.99667,-45.00002,-45.749977,-47.840076,-47.164196,-50.520576,-49.431984,-50.854904,-54.059692,-54.486576,-56.28151,-59.01344,-61.011524,-62.520004,-66.21235,-68.78686,-70.025795,-71.46311
6208,False,-21.88647,-27.7878,-30.05206,-29.9061,-32.954735,-29.930088,-38.95803,-37.100952,-35.45059,-39.6999,-43.41989,-41.921364,-43.809093,-40.69811,-43.00978,-46.298717,-46.553707,-49.35591,-48.91302,-49.944767,-50.739788,-52.31052,-56.26876,-58.5234,-58.575798,-60.56991,-60.583496,-61.47487,-66.29794,-66.785324,-68.29673,-70.78505
6240,False,-28.469324,-30.748024,-29.47968,-30.929886,-33.42964,-36.205116,-39.432896,-37.296623,-36.075813,-38.933685,-41.08234,-40.65958,-41.618202,-40.850395,-40.64446,-43.26643,-45.86262,-47.645706,-46.93743,-50.932888,-49.6495,-51.810844,-54.45301,-57.657127,-59.151344,-59.96036,-61.24089,-62.213806,-67.56186,-68.20517,-70.21455,-72.27475
6272,False,-29.187069,-27.883255,-28.416977,-30.747501,-32.40998,-35.83444,-38.004795,-34.640297,-35.81135,-40.904877,-39.914833,-44.253384,-44.78542,-42.592117,-42.200092,-45.304474,-49.242302,-48.056488,-48.031124,-50.63026,-51.152897,-51.130035,-54.59465,-56.324623,-57.498413,-60.078083,-61.917854,-63.339622,-66.14389,-67.76885,-69.33991,-70.7741
6304,False,-26.457043,-26.576578,-28.650217,-31.796417,-34.561592,-32.406384,-37.544445,-35.95012,-35.208553,-37.493893,-38.72001,-41.247345,-42.624237,-41.677017,-40.057976,-44.42221,-47.872063,-50.258423,-47.59403,-49.01169,-51.226715,-52.010696,-53.20444,-57.144276,-57.955494,-59.732346,-61.67495,-63.4996,-65.285965,-67.75935,-70.05576,-70.950096
6336,False,-29.233883,-30.257566,-28.520977,-31.793873,-34.336197,-33.031807,-36.84406,-35.79467,-37.353996,-40.112564,-38.588097,-41.564034,-40.890976,-43.1755,-44.376587,-46.42143,-48.387413,-48.40348,-48.260254,-52.0942,-51.381798,-50.71756,-54.246307,-56.14189,-56.927013,-59.397514,-61.08189,-62.528313,-68.35379,-71.19065,-72.65255,-71.72148
6368,False,-27.4085,-29.876785,-26.12471,-31.356121,-35.250526,-30.71948,-38.48889,-37.888805,-36.65031,-37.609562,-41.933743,-46.92482,-44.058815,-42.586464,-43.846085,-44.06313,-47.955963,-49.235985,-50.875683,-53.02909,-51.736027,-52.128876,-53.664566,-55.7371,-58.255646,-59.659443,-61.862595,-64.703896,-67.73383,-68.66009,-70.53019,-72.09733
6400,False,-29.293222,-28.4778,-30.749664,-31.829203,-32.62214,-37.70784,-39.305885,-42.158123,-39.05896,-38.70377,-41.300285,-40.384846,-42.990707,-42.433495,-41.967182,-43.27412,-45.552094,-48.14737,-49.590664,-51.143433,-51.33455,-52.109314,-55.290535,-57.115257,-57.7041,-59.731937,-60.340378,-64.61698,-66.16591,-69.6034,-72.385864,-71.7646
6432,False,-25.3275,-26.736946,-27.631195,-29.424198,-31.844957,-32.787086,-40.210022,-40.092735,-37.77741,-40.949764,-44.319542,-41.681053,-42.844814,-45.358944,-44.57846,-46.02469,-48.248257,-49.031723,-47.39031,-49.08108,-48.44578,-53.831207,-57.27746,-57.490776,-56.91794,-59.471302,-61.67311,-63.868088,-66.63247,-69.39095,-71.70387,-73.143555
6464,False,-24.733265,-28.089554,-30.506115,-28.82415,-32.27353,-33.4149,-38.28792,-39.168358,-35.320404,-39.36219,-41.009193,-39.69087,-39.569725,-46.558987,-41.6581,-42.966507,-47.760002,-47.772728,-50.80252,-51.36052,-50.079033,-51.655495,-54.549946,-58.754887,-56.106956,-60.102196,-62.904816,-62.28609,-66.37104,-68.44533,-71.08619,-71.27647
6496,False,-25.340937,-23.948183,-27.759758,-30.099447,-27.216684,-32.185112,-35.95427,-35.390465,-37.687782,-42.78856,-43.06122,-40.86092,-40.34198,-42.13575,-41.39622,-43.138447,-46.458035,-47.994186,-48.14867,-49.886173,-50.795578,-52.736786,-55.66539,-57.156494,-58.029804,-58.687393,-61.31994,-64.311806,-66.200806,-69.13003,-70.65028,-72.7727
6528,False,-25.851715,-27.078754,-26.696842,-28.500362,-31.859276,-35.058407,-41.822906,-41.009155,-38.572727,-42.149055,-43.0822,-40.416622,-42.131737,-42.12519,-44.404243,-44.575977,-45.023476,-47.569145,-47.423523,-50.462498,-50.79248,-50.939827,-56.62971,-57.68007,-59.383923,-59.870796,-61.243687,-64.614975,-67.13214,-67.80583,-70.91329,-71.467735
6560,False,-23.838795,-30.24139,-28.334673,-29.372677,-35.1927,-34.96333,-41.235123,-42.449436,-39.772984,-39.64584,-41.64156,-41.731342,-43.32192,-47.41607,-44.6817,-44.46061,-45.925484,-47.54906,-49.157364,-49.46562,-52.244034,-52.35177,-52.67318,-56.733395,-59.576244,-60.42227,-62.851013,-64.94539,-69.36433,-70.35568,-70.658295,-71.36981
6592,False,-23.022766,-27.626118,-27.193268,-28.656284,-32.12703,-33.48847,-39.40784,-38.89972,-37.876755,-41.278564,-44.74627,-41.424416,-40.269085,-41.494156,-44.187107,-43.51345,-45.717285,-47.202576,-50.25562,-50.575516,-50.291794,-51.429077,-55.902893,-58.976673,-59.393074,-59.905552,-61.844856,-66.1309,-68.22954,-69.84748,-70.42178,-71.36958
6624,False,-26.126316,-26.547777,-31.75224,-29.333897,-30.66553,-33.767017,-37.6486,-40.489395,-41.403397,-42.158012,-43.338448,-44.72863,-40.35419,-41.722572,-40.188805,-44.504704,-49.205193,-52.73384,-49.568325,-50.25398,-50.34416,-54.042526,-55.969345,-59.413948,-58.407764,-58.966732,-61.695457,-63.406708,-67.82505,-70.45875,-71.616684,-72.47756
6656,False,-23.139246,-26.804039,-28.596733,-27.848959,-27.784798,-28.858421,-28.530504,-26.897285,-30.36641,-36.524933,-32.9927,-27.310984,-26.68083,-25.614712,-26.25802,-23.543861,-25.863573,-29.317337,-35.048214,-41.077866,-34.79123,-34.152714,-32.666077,-35.124176,-32.28131,-31.517508,-35.524376,-26.718378,-22.138763,-23.44178,-27.475817,-27.31197
6688,False,-22.368212,-25.358986,-25.991526,-25.23036,-28.689413,-25.45313,-29.765741,-23.909195,-29.536436,-35.10513,-29.422834,-28.792107,-28.686539,-24.933405,-27.837463,-25.083162,-30.476028,-31.769161,-32.00826,-37.010914,-33.428078,-31.681183,-33.488735,-34.744762,-32.801064,-30.915695,-34.21559,-28.837902,-23.786274,-25.415028,-29.961048,-29.773233
6720,False,-23.687916,-26.433502,-26.627151,-30.187967,-33.790222,-33.954895,-38.14611,-27.520962,-31.488651,-41.399685,-40.988144,-40.07063,-32.688576,-32.816452,-36.690365,-35.86333,-38.810684,-42.15323,-41.409546,-45.479454,-43.473946,-41.044853,-46.44557,-47.20241,-45.12548,-41.10669,-42.41054,-41.36248,-36.698635,-37.370556,-43.32187,-44.809006
6752,False,-23.513163,-28.060802,-26.396524,-31.765873,-32.38853,-34.971985,-37.511272,-36.95913,-37.437298,-41.63539,-40.589314,-40.80564,-40.76075,-38.727295,-40.91532,-40.44806,-42.31114,-44.377476,-45.280586,-48.489857,-47.951046,-46.06781,-46.337006,-47.18485,-49.16901,-45.839428,-45.86472,-44.05374,-41.725067,-43.63882,-49.373684,-49.269028
6784,False,-22.943754,-23.27997,-26.101315,-29.614342,-31.193542,-35.444805,-40.08017,-36.96779,-37.619175,-38.464096,-41.402172,-40.638947,-38.80107,-41.035976,-43.027836,-44.46399,-47.174736,-46.81913,-48.66651,-49.699894,-48.133068,-46.228195,-49.980774,-51.154465,-51.976273,-50.43145,-51.2107,-48.60004,-45.349037,-47.627495,-51.911465,-56.239548
6816,False,-24.115686,-28.390429,-26.620888,-25.148394,-31.395073,-34.695786,-37.413376,-36.580807,-38.97647,-44.60797,-43.216026,-43.60029,-42.2439,-40.24473,-44.50479,-46.801777,-46.385727,-44.816116,-46.60663,-48.711617,-48.988457,-49.8575,-53.04714,-52.649406,-51.73398,-51.146683,-53.21946,-52.244907,-49.06151,-50.587006,-58.057957,-59.557453
6848,False,-28.041677,-30.982197,-27.504295,-28.254778,-31.874985,-35.709717,-36.22886,-35.068535,-36.304928,-40.916943,-45.077675,-42.829174,-42.880802,-45.09156,-42.944923,-41.810722,-46.324497,-46.382122,-47.222954,-50.44761,-51.1539,-51.284096,-52.850918,-56.115044,-55.197983,-56.52374,-56.619106,-57.2695,-54.32231,-57.903057,-63.738808,-63.8771
6880,False,-22.653425,-23.498785,-28.77843,-27.554249,-31.224974,-31.12909,-41.235207,-37.21438,-38.193253,-40.40936,-44.493942,-43.003304,-41.06241,-42.48513,-43.595367,-45.538322,-46.391006,-48.737717,-49.247368,-49.221077,-50.124798,-51.802677,-54.444916,-58.590904,-55.972076,-56.066788,-59.528088,-59.250427,-57.93724,-60.19271,-67.40966,-67.82424
6912,False,-24.487656,-24.945906,-26.998175,-30.280207,-32.045692,-33.815914,-35.554127,-38.18222,-35.778294,-39.24962,-39.13125,-41.146564,-44.06769,-43.893913,-41.747993,-44.053722,-46.987934,-47.807487,-48.738655,-50.606937,-51.378952,-51.99244,-56.766163,-58.517418,-58.971207,-57.826042,-59.49928,-61.947018,-60.348186,-62.922623,-68.350006,-69.75163
6944,False,-25.704529,-29.463276,-31.5341,-33.01079,-36.149487,-31.877996,-39.113842,-39.0632,-36.38993,-40.6257,-44.232834,-43.54935,-43.048634,-41.756485,-41.8211,-42.472008,-44.323734,-49.342213,-50.534534,-48.861877,-50.919895,-52.78607,-56.24214,-57.64485,-56.58329,-58.84391,-58.99665,-62.018913,-62.704945,-66.29483,-68.844025,-69.84534
6976,False,-23.88097,-21.57204,-27.43787,-29.300297,-32.91192,-35.176098,-37.95198,-39.669697,-40.712627,-42.604797,-41.707085,-43.56344,-44.165382,-43.106647,-42.220146,-45.042805,-45.07154,-47.883392,-49.171776,-49.965633,-51.410347,-53.283546,-53.462082,-56.682476,-58.280365,-60.78392,-61.888695,-61.251774,-65.05235,-67.63637,-70.40121,-71.042725
7008,False,-27.004755,-26.47825,-28.532375,-30.758307,-30.670605,-33.75963,-37.91158,-36.69179,-38.54313,-41.90325,-43.179092,-43.820312,-44.29457,-45.920086,-41.369354,-43.604618,-44.506584,-49.173164,-49.43253,-51.524193,-52.927147,-52.833794,-54.613537,-58.675747,-58.80985,-58.571236,-62.55036,-64.14077,-66.54952,-69.27263,-72.49067,-70.7688
7040,False,-23.57096,-28.188843,-28.140785,-27.961746,-26.939915,-31.994741,-37.57276,-40.457245,-41.20986,-40.534195,-39.659294,-42.344437,-39.93391,-42.917313,-46.024033,-44.379524,-44.167934,-48.55687,-49.777946,-51.337666,-55.411972,-55.48006,-55.487373,-58.82053,-59.704697,-59.190487,-61.92897,-63.058273,-67.23,-68.1478,-69.86317,-71.54907
7072,False,-22.130585,-29.903847,-30.903366,-30.912018,-33.67708,-34.681103,-38.44463,-37.687447,-39.34921,-40.22308,-39.427944,-38.873363,-45.262,-43.202858,-45.653267,-44.76039,-46.754166,-47.903687,-48.812138,-52.263214,-52.661217,-53.25422,-55.509415,-56.5288,-58.463024,-61.1565,-61.77865,-64.07462,-65.8216,-67.80424,-71.27524,-72.6774
7104,False,-24.912804,-29.55893,-27.630293,-27.046783,-31.548319,-33.53864,-38.700836,-38.31662,-40.075684,-41.68994,-41.15976,-41.681587,-40.472015,-43.4194,-41.87416,-44.1065,-44.769917,-47.607594,-50.67444,-53.015766,-51.82358,-53.003883,-55.4796,-57.634197,-58.3157,-61.215965,-61.07798,-61.214466,-66.091774,-69.51366,-71.1773,-71.532394
7136,False,-22.970953,-26.786339,-27.733418,-28.430408,-32.52362,-32.24372,-36.87423,-37.743317,-37.524876,-38.390244,-39.738773,-43.451797,-40.389576,-40.603035,-44.50102,-45.001816,-46.304546,-47.89265,-48.735367,-50.415997,-53.246532,-52.049988,-54.141838,-56.649357,-56.563683,-59.193172,-62.897957,-64.10882,-68.08848,-71.00693,-70.034225,-71.05879
7168,False,-20.44101,-29.689514,-28.26419,-30.931156,-31.12937,-32.48894,-36.4138,-35.41626,-36.717995,-36.82161,-38.84833,-40.39064,-41.994114,-44.07892,-47.61828,-47.26484,-45.312344,-47.333645,-49.756565,-52.62632,-51.782578,-53.179276,-55.97412,-56.796173,-57.021526,-60.819244,-59.800034,-61.150375,-65.397964,-69.59297,-70.307846,-70.97596
7200,False,-25.390787,-28.776875,-30.777437,-29.428959,-35.311096,-36.70018,-36.48111,-36.554173,-37.5042,-42.178883,-39.661087,-39.813934,-39.20118,-41.683006,-41.39475,-41.95691,-44.712784,-44.486053,-49.05213,-52.20504,-51.09531,-50.636505,-54.067993,-57.474167,-57.93827,-59.232174,-60.363655,-62.37373,-67.236946,-66.717705,-69.15537,-70.14269
7232,False,-25.44254,-27.210226,-27.016611,-25.484503,-26.572727,-28.528656,-30.440138,-22.645014,-26.326069,-33.19789,-28.91652,-28.859499,-28.23614,-30.23957,-32.882153,-29.822197,-34.825035,-40.04013,-42.30004,-45.926888,-45.18604,-47.74525,-48.184418,-51.952644,-54.5406,-54.67606,-55.9058,-58.939358,-56.254345,-58.092293,-62.159004,-62.96682
7264,False,-21.33726,-25.171106,-26.22417,-27.815975,-34.772972,-33.414352,-39.235703,-32.425705,-36.40825,-39.425625,-36.732277,-38.60114,-38.779503,-39.29707,-41.549526,-40.52032,-42.872196,-47.448235,-49.683372,-50.618813,-50.65307,-50.221485,-52.88322,-56.121284,-58.64578,-60.511765,-59.785202,-62.727432,-65.24988,-66.344025,-68.9896,-68.997406
7296,False,-21.1153,-27.563843,-30.04636,-34.917652,-33.300423,-33.99846,-38.20684,-35.36924,-35.33522,-42.80262,-39.360523,-39.679893,-39.336967,-42.702232,-44.390022,-43.75122,-47.97912,-49.791794,-48.114418,-50.099583,-51.88411,-50.67605,-55.082596,-56.35822,-57.479893,-58.712547,-61.682693,-62.362724,-64.77137,-67.444824,-70.41276,-70.43753
7328,False,-23.07421,-25.833794,-29.046373,-29.227852,-31.266443,-32.533688,-32.739487,-37.023537,-35.02632,-39.725204,-39.137318,-40.810703,-40.810925,-44.25918,-43.580757,-44.7789,-47.63258,-48.38181,-49.57981,-51.631283,-52.819714,-53.70279,-53.633926,-57.498886,-57.82724,-60.895805,-61.28067,-61.973,-65.43315,-67.49692,-69.782364,-70.80108
7360,False,-22.470272,-25.59305,-30.815077,-28.140285,-29.704433,-32.856358,-42.48716,-37.81684,-40.129395,-41.508526,-39.83264,-38.086555,-43.138615,-45.44344,-44.423546,-46.39157,-51.118797,-50.416237,-47.18834,-47.881714,-51.203022,-52.131,-54.869965,-56.191334,-56.67862,-57.727848,-59.66866,-63.52124,-66.06006,-67.99449,-70.652145,-70.78937
7392,False,-21.667347,-24.361937,-27.781738,-29.73255,-34.355095,-33.906063,-37.045704,-38.683678,-41.200264,-37.033607,-42.382553,-41.58734,-40.86624,-43.220104,-45.05724,-45.805775,-49.93882,-49.710625,-49.097595,-50.91515,-49.71872,-50.94178,-53.985474,-56.66683,-57.60532,-58.46062,-61.02761,-63.22104,-66.038536,-68.71657,-70.03232,-70.889824
7424,False,-21.800056,-25.256624,-26.50093,-31.7448,-31.92324,-33.23193,-41.070023,-39.307964,-38.357735,-37.244446,-43.29092,-42.52121,-41.586147,-44.639824,-42.27674,-44.67455,-45.353474,-46.20484,-49.087166,-50.155315,-51.533733,-51.151413,-53.59591,-60.278088,-58.739933,-59.630356,-61.214596,-62.40879,-66.696815,-69.97567,-71.43772,-71.09048
7456,False,-27.08251,-24.627632,-26.480677,-29.547968,-30.294502,-30.622395,-35.772343,-42.420193,-41.734398,-40.37742,-46.48231,-43.871502,-43.00816,-44.351692,-41.37887,-46.50568,-46.73471,-49.052917,-50.1621,-52.020565,-51.552204,-53.659393,-54.874992,-59.221096,-58.198242,-58.10882,-60.867916,-62.306107,-66.495605,-69.747284,-70.22885,-71.575195
7488,False,-24.229553,-29.493544,-32.828728,-31.534943,-34.5504,-36.8519,-38.45784,-38.275684,-36.365715,-37.73778,-41.172565,-42.376198,-43.937744,-45.081863,-45.28477,-47.207832,-46.43719,-47.655415,-48.5429,-51.535683,-53.425568,-52.655792,-54.996967,-56.797546,-58.1073,-59.182877,-62.674088,-62.09068,-65.69408,-69.416824,-69.77599,-70.52761
7520,False,-23.762732,-27.512802,-26.472769,-29.790552,-31.03032,-31.272852,-39.039074,-38.794407,-34.09159,-39.131428,-41.019436,-41.14115,-45.240005,-42.252922,-42.72953,-46.230892,-47.00445,-46.906925,-49.994926,-53.256897,-51.189926,-50.68663,-54.825245,-56.077534,-58.03924,-60.31149,-61.40492,-63.41968,-66.31488,-69.46636,-71.07295,-72.65877
7552,False,-23.648872,-24.902822,-25.063494,-28.919071,-35.090992,-36.32036,-36.720325,-39.88177,-36.347523,-38.56131,-43.2425,-41.872208,-42.440468,-43.583862,-43.1422,-43.519867,-47.471012,-46.607037,-48.72004,-52.358566,-53.482475,-53.74974,-55.095943,-56.370346,-58.83778,-61.151394,-62.747303,-63.941174,-66.73005,-69.12599,-70.225174,-71.24609
7584,False,-22.889057,-26.94477,-30.63472,-33.43594,-34.259373,-32.49767,-41.273724,-33.675594,-32.409966,-40.26555,-41.964222,-43.444656,-41.375538,-42.32346,-46.372025,-48.52832,-48.700882,-49.270893,-49.891735,-49.25928,-50.733166,-53.375553,-56.914997,-57.783264,-57.795418,-59.096794,-61.98401,-62.068157,-66.5132,-68.21384,-70.036644,-71.449844
7616,False,-22.240376,-27.64296,-26.11319,-29.114664,-34.67013,-35.662724,-36.37336,-34.332,-39.822773,-42.794136,-42.78799,-44.23884,-41.640617,-41.024338,-45.791054,-46.26702,-46.123314,-47.21641,-48.774216,-49.56232,-50.629063,-51.547356,-54.15069,-55.913795,-56.781902,-59.90615,-60.740643,-60.6884,-65.15905,-68.91328,-70.326675,-71.39687
7648,False,-22.484516,-30.249567,-31.828854,-26.85665,-32.7117,-35.158833,-37.32042,-38.506195,-35.645565,-38.80166,-42.122288,-42.02978,-43.294533,-41.851536,-43.594055,-45.677925,-46.532536,-48.13063,-49.391586,-50.545387,-51.569016,-54.308258,-55.53078,-57.06755,-58.59149,-59.05922,-60.833363,-62.367535,-66.27297,-67.08028,-69.453316,-71.766525
7680,False,-25.628584,-29.284155,-29.781553,-31.279633,-32.46355,-32.968643,-40.042274,-38.56337,-39.13626,-39.51272,-41.82596,-44.999756,-42.97688,-42.776432,-43.41322,-49.126034,-48.537617,-48.118397,-49.56499,-50.90306,-51.949192,-51.644344,-55.647358,-59.114113,-57.81597,-58.116013,-61.946144,-63.46064,-66.16429,-69.57805,-72.66459,-71.91498
7712,False,-26.64043,-25.698246,-27.343357,-30.876055,-34.814156,-32.296356,-36.6291,-38.365597,-35.24494,-41.722656,-42.77988,-44.166565,-44.707565,-44.961315,-45.13994,-44.04741,-45.400795,-48.93872,-50.89032,-49.556843,-53.87259,-50.76645,-53.496094,-57.37449,-57.79364,-60.611515,-63.665222,-63.544655,-67.26934,-70.187355,-72.45509,-72.60007
7744,False,-23.281118,-25.07393,-31.12648,-31.347786,-31.833992,-34.8696,-38.43631,-37.38358,-36.874603,-41.818848,-41.86934,-42.50793,-47.16458,-44.873108,-42.900337,-44.633835,-47.339825,-51.577866,-50.979286,-49.53396,-53.589172,-50.96566,-54.668694,-57.937244,-57.532215,-60.839462,-61.56982,-63.081177,-66.03581,-67.16255,-69.47753,-68.66641
7776,False,-27.782652,-27.570621,-28.719296,-22.509916,-24.683498,-26.177036,-24.555405,-21.469578,-27.544434,-34.09157,-27.840221,-23.559105,-23.374687,-21.28499,-22.371399,-19.218765,-22.480038,-25.262615,-29.581945,-35.909584,-29.690998,-28.981916,-27.86997,-29.649427,-26.969099,-25.850822,-30.324554,-22.923698,-17.583107,-18.796583,-24.186125,-27.164457
7808,False,-24.248386,-23.767563,-26.909847,-24.432922,-27.4249,-26.880844,-34.602272,-27.3605,-33.00446,-37.414963,-33.225853,-32.621593,-31.781675,-32.74632,-34.209454,-30.93025,-35.122265,-38.018353,-38.783916,-43.40628,-42.100597,-38.80893,-42.728645,-44.161793,-40.436634,-38.140877,-39.557213,-36.826206,-33.04213,-33.559677,-37.824036,-40.208
7840,False,-26.967764,-30.158358,-27.322283,-28.723305,-31.840918,-32.471203,-37.193634,-32.567318,-34.557884,-38.363556,-35.9751,-36.542747,-35.70084,-36.2963,-41.14504,-38.391975,-40.40237,-44.4645,-43.42269,-45.64792,-45.612797,-44.57939,-45.85959,-47.159912,-46.617287,-42.287575,-42.6865,-40.87055,-38.33767,-39.869553,-46.376476,-48.474106
7872,False,-23.56457,-28.413572,-32.59476,-29.501932,-31.742172,-30.942749,-36.898357,-32.417942,-35.482822,-42.04686,-42.04046,-40.65175,-39.386093,-40.47915,-38.860744,-39.920135,-41.958584,-46.12966,-47.60097,-49.674267,-49.019638,-45.54039,-47.81842,-49.072876,-50.073357,-48.66983,-48.59616,-46.623817,-43.113525,-45.412743,-49.235985,-52.426064
7904,False,-25.456438,-24.897032,-28.743813,-28.435736,-32.84313,-36.17043,-37.497208,-36.558105,-38.765068,-41.224216,-37.782585,-42.87578,-41.67274,-41.90103,-46.08503,-44.292236,-46.3909,-48.258038,-46.586575,-50.658073,-48.690254,-51.40512,-49.87127,-51.02259,-53.17916,-52.500668,-51.78042,-49.096508,-46.67198,-48.684307,-55.267223,-55.69084
7936,False,-25.387112,-28.126106,-25.806614,-27.21239,-31.432903,-38.253647,-38.888706,-38.989388,-39.247242,-43.24002,-43.73556,-41.3232,-41.872322,-45.763657,-42.015575,-42.60855,-44.180206,-47.639774,-49.938515,-50.780037,-50.73376,-49.88606,-52.694725,-53.836914,-54.064453,-54.78061,-55.556217,-53.560745,-50.245865,-52.554417,-59.571957,-62.327785
7968,False,-23.420471,-24.247055,-28.597515,-27.476786,-35.46275,-33.331226,-37.07598,-37.592674,-40.35496,-43.470493,-41.44133,-45.7694,-40.810066,-42.311638,-39.296146,-44.11394,-46.41727,-46.729195,-48.641163,-49.250893,-50.764114,-50.33988,-53.522926,-55.435715,-56.536068,-57.414253,-57.07602,-57.508812,-57.008327,-59.825348,-63.537445,-66.07185
8000,False,-26.154942,-29.491808,-28.398607,-29.436234,-34.288864,-33.19416,-43.11892,-37.356503,-34.259037,-42.284584,-43.104073,-42.082245,-39.775055,-44.55151,-40.8507,-41.663307,-45.413757,-48.02372,-48.80684,-53.26264,-51.20138,-51.39,-56.03664,-56.228455,-58.44628,-58.09684,-61.38304,-60.648098,-59.013084,-61.05547,-68.16421,-67.72337
8032,False,-29.188332,-28.003397,-29.578606,-26.764505,-32.108177,-35.970425,-40.359932,-42.083717,-37.080814,-38.03983,-41.56815,-41.259827,-43.26737,-43.273205,-44.324814,-44.629395,-49.063072,-47.9464,-47.541687,-49.19227,-51.938725,-51.88221,-53.835026,-59.46739,-60.186314,-59.650555,-60.733456,-61.838043,-59.967228,-62.31378,-69.522385,-70.156204
8064,False,-24.246223,-30.192032,-30.676012,-30.531366,-31.241928,-32.860004,-39.428867,-37.840183,-37.499046,-37.642277,-38.10123,-39.39842,-43.57205,-42.051464,-42.03647,-45.453526,-50.782463,-51.21178,-51.114788,-52.24038,-52.665016,-52.764877,-56.839184,-58.394196,-57.615337,-58.62248,-61.012173,-61.793293,-62.081116,-66.2671,-71.55944,-71.68723
8096,False,-23.055975,-27.75812,-29.079397,-29.159708,-31.341722,-34.4694,-37.752945,-36.07102,-35.908733,-40.967613,-42.08748,-42.845634,-45.41328,-46.34977,-42.24093,-43.956814,-49.87896,-49.461823,-50.148617,-49.302116,-54.930244,-54.222263,-55.28667,-57.696323,-57.569614,-57.959442,-59.493736,-62.616596,-66.80242,-68.58866,-69.8865,-71.002106
8128,False,-24.264633,-26.142536,-28.536585,-30.319815,-34.048916,-32.43555,-37.066414,-36.505077,-38.063103,-42.56178,-43.434406,-42.99636,-42.392,-43.89282,-42.45043,-44.259014,-47.227596,-48.65717,-52.967346,-52.151104,-51.590164,-50.833645,-55.75921,-58.238758,-58.654476,-59.73486,-60.739063,-62.33123,-65.59907,-68.27579,-69.585655,-70.37735
8160,False,-28.267248,-26.614172,-27.655754,-32.197605,-35.188404,-33.778957,-38.072372,-38.507267,-40.32844,-45.278088,-42.771965,-46.033295,-43.669685,-42.46308,-44.492527,-45.503372,-48.365044,-49.36818,-52.0924,-50.386307,-51.52301,-52.054943,-55.370926,-58.347458,-57.36128,-59.711067,-61.513058,-62.268032,-66.784515,-68.45657,-69.34214,-72.18501
8192,False,-25.46569,-30.173147,-30.665352,-33.859726,-36.005722,-36.33793,-38.98011,-37.48382,-37.46295,-40.35883,-39.360897,-41.585407,-45.580276,-40.760605,-41.310402,-44.6414,-46.57209,-48.14745,-50.604366,-50.639313,-50.9726,-51.463554,-55.682663,-56.935677,-57.573437,-59.754242,-61.54909,-63.46317,-68.270454,-69.98317,-70.41622,-70.32593
8224,False,-25.172709,-23.88633,-26.263577,-28.755667,-28.775753,-30.697922,-35.175632,-36.56566,-34.533047,-38.986134,-39.3111,-43.523552,-43.753357,-44.225067,-43.183357,-45.08669,-47.64564,-51.57076,-51.739765,-52.55747,-54.107124,-54.845524,-55.384743,-57.111797,-59.641006,-59.85245,-63.213634,-64.28792,-65.15351,-68.30779,-70.977295,-71.86064
8256,False,-26.698057,-29.108349,-29.101961,-27.498255,-27.802227,-31.058867,-42.17924,-41.313072,-38.098003,-41.610924,-39.453094,-42.028847,-44.558758,-43.91793,-43.1765,-45.821705,-49.689095,-50.82931,-48.71862,-52.025677,-51.114944,-51.838203,-56.034042,-57.286346,-59.309418,-58.940437,-61.78282,-63.855938,-66.70463,-67.29426,-71.88995,-71.2534
8288,False,-27.260864,-25.639277,-25.632048,-29.69828,-31.937061,-35.93283,-38.127563,-36.436123,-35.16316,-44.196606,-42.398697,-38.707027,-40.836033,-42.135536,-39.168617,-42.236237,-43.499214,-46.6103,-51.14181,-50.856514,-49.136017,-51.824715,-56.544853,-58.28455,-58.20794,-59.952427,-61.028748,-63.163544,-65.78877,-67.96796,-68.9777,-71.1562
8320,False,-22.341967,-29.69677,-28.592537,-29.805868,-28.772095,-28.058664,-28.949314,-24.020256,-29.2377,-34.76419,-27.71784,-28.726994,-28.276175,-31.100035,-33.6408,-31.460148,-34.67774,-40.03032,-42.60517,-46.33811,-44.657406,-46.167404,-46.966423,-51.863823,-54.96676,-54.85257,-57.30298,-58.785576,-57.218643,-59.3808,-61.406013,-63.355408
8352,False,-23.186455,-27.33669,-27.533274,-26.904503,-29.88043,-27.465061,-35.55217,-30.055693,-33.720486,-38.62226,-36.35266,-37.64399,-38.863796,-39.908913,-42.95517,-41.015503,-43.662308,-45.56217,-50.257507,-47.435284,-52.028656,-52.709686,-54.538628,-55.94358,-56.853638,-59.5231,-60.83063,-61.89805,-64.27212,-67.00095,-68.70747,-69.38008
8384,False,-30.054094,-26.168987,-30.104084,-32.884132,-33.113224,-32.176517,-35.731396,-32.180714,-35.10027,-38.80344,-45.261337,-41.30474,-39.341568,-40.77282,-45.7906,-49.354324,-47.52764,-48.944836,-47.363525,-50.149418,-52.896927,-52.909447,-56.189278,-55.32194,-58.38579,-58.886154,-61.163677,-61.982147,-66.25582,-68.56302,-69.19263,-70.46291
8416,False,-25.58091,-25.438404,-25.464031,-28.638176,-32.931355,-32.422203,-36.465668,-37.230076,-40.93309,-38.93343,-42.429092,-41.099068,-41.102478,-41.574802,-44.402203,-45.326584,-45.424088,-49.12741,-52.167965,-51.633343,-52.040443,-53.652954,-54.70657,-56.937134,-58.14404,-59.079277,-63.03176,-62.728416,-63.28905,-66.67152,-70.30772,-71.363686
8448,False,-22.012829,-29.11634,-31.063133,-28.805246,-30.74808,-37.93071,-39.283527,-39.88574,-34.545765,-40.56831,-41.26294,-46.124172,-41.64047,-42.75271,-44.031593,-43.29254,-45.77964,-50.103836,-50.037098,-50.883163,-52.518772,-53.024174,-55.256725,-57.51579,-58.041214,-57.63759,-61.448128,-61.275288,-64.31288,-66.79595,-67.144066,-69.640236
8480,False,-28.632242,-26.814882,-29.274628,-35.635513,-35.445534,-33.253246,-36.911396,-37.660492,-37.155228,-39.744125,-44.152493,-41.850548,-43.117374,-44.42297,-43.572575,-48.160065,-48.434692,-51.835983,-50.47574,-52.489517,-52.231564,-50.51313,-55.193718,-55.98365,-56.650467,-60.186707,-60.69809,-63.181282,-65.80697,-67.3404,-69.16945,-70.09191
8512,False,-23.039015,-27.51186,-29.930231,-31.349714,-31.827477,-29.966785,-36.079548,-44.84709,-40.69145,-40.370247,-40.134243,-44.42669,-45.672195,-45.270935,-44.26249,-43.16047,-42.942158,-46.33762,-51.078953,-52.6759,-51.096954,-50.357452,-54.17141,-57.11462,-59.63967,-61.027245,-61.319046,-64.315125,-65.93962,-66.74274,-69.583374,-70.84795
8544,False,-26.132708,-26.45853,-31.3508,-30.20481,-29.813463,-32.90424,-38.866665,-42.529484,-38.692535,-39.760937,-43.79103,-44.485703,-46.45974,-44.41498,-41.19832,-43.957325,-43.436478,-47.335087,-50.25804,-49.85833,-49.306618,-53.58788,-54.142998,-55.71546,-55.76465,-59.043694,-59.392372,-61.19079,-66.57349,-66.792915,-69.99322,-70.83428
8576,False,-23.317379,-23.102898,-28.92632,-32.369175,-33.720108,-29.749146,-35.194817,-37.905895,-39.08651,-39.21534,-41.215492,-42.492973,-42.54853,-46.216423,-43.765907,-44.758087,-45.041016,-47.42811,-49.35636,-50.698814,-50.535233,-52.870106,-55.08557,-56.980545,-58.47515,-59.500507,-62.386765,-62.910618,-65.33897,-66.36457,-69.52097,-69.08851
8608,False,-25.406294,-26.952442,-29.407917,-34.310307,-35.75335,-32.004326,-39.95622,-40.350357,-40.864925,-41.040726,-44.357983,-42.902874,-45.28759,-44.54763,-43.32612,-46.084793,-47.248035,-49.51679,-49.78987,-50.36245,-50.20544,-50.53856,-53.3967,-58.12807,-58.180786,-58.452988,-60.284645,-61.063362,-64.532776,-66.66666,-69.62253,-69.29822
8640,False,-28.35773,-25.68938,-29.687546,-26.700474,-32.246555,-34.29459,-36.043144,-37.997345,-36.76789,-40.481583,-39.663494,-40.195522,-42.678818,-45.12918,-42.65057,-45.8749,-46.69298,-49.712658,-50.639526,-51.005856,-51.35098,-51.44374,-53.526405,-56.497288,-56.37724,-58.054802,-59.050617,-61.31771,-63.743225,-65.53277,-68.56965,-68.60701
8672,False,-22.79942,-25.84502,-26.666964,-29.855577,-33.136276,-34.715645,-35.570076,-39.599983,-39.253746,-38.76627,-41.308044,-41.963345,-42.281986,-44.162067,-44.090748,-46.888885,-48.57147,-50.54172,-50.911446,-50.980736,-50.85572,-51.25403,-52.705532,-56.145996,-57.360817,-60.078514,-60.432526,-62.89277,-63.395836,-65.87065,-67.723114,-67.17371
8704,False,-21.721752,-28.152306,-30.623732,-33.803307,-35.836403,-34.25067,-39.32271,-35.93651,-35.70919,-39.3446,-45.6863,-44.016953,-44.708397,-43.325554,-44.216316,-45.728333,-47.42035,-49.13671,-50.82504,-50.257416,-51.682213,-52.175137,-53.536526,-54.342503,-56.895466,-58.631714,-60.58153,-62.092037,-64.800804,-65.98004,-67.23247,-67.596054
8736,False,-22.158262,-22.652004,-27.44936,-29.564869,-32.489468,-31.79205,-37.952324,-40.55667,-38.28562,-40.17868,-44.90216,-40.775608,-44.138702,-41.953716,-42.272293,-44.72672,-45.264095,-46.794147,-51.237835,-49.601456,-52.81651,-51.197144,-53.74518,-55.45654,-55.964466,-58.164574,-60.04863,-61.099266,-63.941288,-68.01691,-67.35253,-66.919464
8768,False,-21.509657,-25.206589,-26.995358,-26.784075,-30.822338,-31.25179,-35.599197,-37.11062,-35.448685,-37.415764,-42.221252,-49.479465,-42.81483,-42.392086,-41.609535,-43.00466,-45.961784,-49.90137,-49.687027,-51.009193,-53.611683,-51.595352,-55.079086,-56.95313,-57.552887,-58.76676,-62.265625,-60.963974,-64.73317,-66.68342,-66.70799,-67.474884
8800,False,-22.275515,-30.928286,-31.198315,-28.365162,-30.701324,-30.807755,-37.449432,-38.30994,-36.598877,-39.879642,-42.902596,-44.024143,-40.749382,-42.516857,-44.453217,-44.41185,-45.987667,-48.552174,-51.137413,-52.18466,-51.62095,-52.227383,-56.423355,-55.180603,-56.687614,-57.660545,-59.37141,-60.478325,-64.396515,-65.68944,-67.62645,-69.583725
8832,False,-24.214869,-30.319859,-27.094564,-28.635176,-31.231297,-30.17239,-30.52526,-28.846586,-32.207172,-37.585983,-34.86003,-28.980427,-28.824562,-27.937416,-28.73543,-26.457016,-28.809202,-32.472237,-38.154106,-43.098328,-37.45062,-37.771805,-36.108757,-38.266087,-34.33283,-34.21103,-38.312775,-31.324846,-25.346668,-26.03155,-31.69038,-34.49467
8864,False,-22.3866,-27.211449,-25.29673,-23.110094,-27.61522,-26.772068,-28.402237,-22.900024,-28.235664,-33.614037,-27.298868,-26.83826,-27.298061,-23.495327,-25.861664,-23.558197,-28.15255,-30.275023,-31.210403,-35.932373,-31.768711,-30.275564,-30.967915,-32.33778,-29.526272,-27.654823,-32.992706,-28.006037,-21.389608,-22.432892,-27.088615,-31.032438
8896,False,-22.320309,-28.359695,-29.64903,-28.22201,-28.580914,-28.634052,-37.214848,-31.33771,-33.358494,-39.693047,-36.810326,-36.549152,-34.99716,-34.526535,-36.91369,-35.097942,-37.386097,-42.92296,-43.00501,-45.861214,-45.280552,-41.264503,-45.607933,-46.612972,-44.067177,-40.220596,-42.232872,-41.78112,-36.493073,-37.15469,-42.164326,-43.938732
8928,False,-24.035774,-29.81928,-27.196083,-26.705273,-31.379276,-31.88636,-39.034306,-33.092007,-35.061344,-39.821114,-37.413303,-35.680634,-38.70536,-38.95466,-39.423897,-40.578213,-43.045162,-42.35002,-43.25013,-48.454254,-47.74369,-45.783775,-47.97667,-49.412872,-48.66865,-44.96771,-45.079247,-43.86953,-41.567055,-42.784943,-47.75555,-49.376545
8960,False,-21.958885,-30.374199,-28.019922,-24.761618,-32.063744,-31.708466,-37.76149,-38.13371,-41.040344,-41.317997,-41.508175,-38.842144,-37.610725,-41.922348,-45.729595,-42.547638,-45.000042,-49.38527,-47.033226,-50.185123,-48.59548,-45.174957,-48.083096,-50.3999,-52.92101,-48.76202,-49.425476,-48.321312,-44.002342,-46.91073,-50.731586,-54.46609
8992,False,-20.393955,-23.952232,-25.550535,-27.718369,-32.96719,-32.341763,-38.26373,-37.946594,-36.35607,-42.173634,-38.391212,-37.498928,-37.51206,-43.56035,-44.811512,-44.55877,-46.550446,-47.59011,-47.44131,-48.970737,-52.119793,-50.99279,-54.630047,-53.868874,-53.251877,-52.796474,-53.979164,-53.03556,-48.689438,-49.95851,-56.479523,-58.49516
9024,False,-22.778706,-31.044323,-25.226688,-28.344805,-33.372787,-32.290524,-40.868534,-41.362175,-38.152233,-44.471436,-43.122345,-41.67878,-42.497364,-45.738373,-44.248055,-45.653847,-47.10936,-51.51703,-45.151665,-49.55852,-49.20356,-52.060352,-54.775787,-54.338665,-55.94913,-55.40068,-55.122818,-57.264103,-52.243687,-55.50763,-62.077595,-63.84121
9056,False,-24.015518,-26.029654,-23.722572,-27.98571,-34.479023,-36.485165,-37.654926,-34.276203,-35.518814,-42.312317,-43.827072,-41.914955,-43.4247,-44.58982,-42.982677,-42.07746,-44.05066,-46.126434,-48.258255,-50.981068,-52.6899,-52.617985,-52.07891,-54.985714,-55.13849,-54.872437,-58.576065,-59.131145,-57.638184,-59.20215,-63.767586,-69.26538
9088,False,-23.82306,-27.402054,-28.734505,-26.989862,-30.179274,-34.56092,-37.202076,-35.835556,-36.506523,-41.377926,-42.05728,-41.45855,-41.711575,-44.31259,-43.62015,-43.77279,-47.663567,-51.0285,-51.817177,-52.44379,-51.9962,-51.64629,-53.82589,-56.36423,-57.16777,-58.472446,-59.23085,-60.375156,-59.33741,-60.928925,-66.00199,-69.89152
9120,False,-22.737455,-27.66557,-26.5333,-29.871037,-33.752045,-32.437595,-36.79888,-40.174747,-43.01133,-41.86109,-42.206528,-43.04355,-42.778107,-43.797997,-45.024662,-45.330032,-46.056103,-51.53326,-51.78734,-50.680332,-51.29896,-51.214363,-54.40001,-57.902428,-58.346104,-58.171276,-59.793625,-61.996517,-62.32466,-65.55621,-68.251144,-68.84519
9152,False,-21.382374,-29.386873,-27.955284,-30.715704,-33.152145,-34.99892,-39.021263,-37.130806,-38.9049,-40.45591,-41.22355,-35.681007,-41.036263,-42.58996,-42.980423,-44.3576,-45.41805,-47.597343,-50.96487,-53.187298,-52.37806,-52.665085,-56.31473,-57.76129,-56.17584,-57.849693,-60.9786,-62.995224,-63.30867,-65.717026,-69.09387,-71.207535
9184,False,-25.626602,-31.266127,-30.774267,-29.693657,-35.96605,-31.664295,-35.962357,-36.507126,-35.943497,-38.677116,-46.11537,-40.28752,-41.014854,-45.354675,-43.761086,-42.902313,-46.879456,-47.03147,-50.814346,-49.987076,-50.91594,-50.728096,-54.46691,-56.51696,-58.896923,-58.23908,-61.371567,-63.293663,-64.85332,-68.087265,-71.170815,-69.96811
9216,False,-23.536274,-25.885986,-22.494282,-26.557823,-35.432266,-32.916916,-35.34964,-36.960587,-40.363876,-40.371544,-42.30408,-43.319057,-41.274143,-43.7237,-46.080517,-46.92401,-46.59665,-46.178925,-47.489365,-48.228325,-50.985836,-53.780113,-55.508522,-55.192833,-57.3346,-58.786957,-60.799408,-63.983273,-65.17073,-68.44563,-69.44794,-71.1925
9248,False,-21.93907,-29.06006,-25.137873,-28.314627,-33.44873,-33.792835,-35.562572,-38.939827,-35.481018,-37.06877,-41.57492,-41.706196,-41.2669,-42.764248,-46.03239,-46.792572,-46.20147,-47.49614,-47.033875,-51.118374,-52.91445,-50.543365,-54.700874,-56.857445,-59.1082,-59.64691,-60.950066,-62.523235,-64.92852,-68.68875,-70.08849,-73.29201
9280,False,-24.036264,-30.033222,-28.751774,-28.370306,-32.68878,-32.81362,-37.06259,-42.067677,-38.690086,-39.8596,-41.602856,-40.145042,-41.16343,-44.07961,-42.196575,-45.546326,-46.95706,-47.98277,-48.703556,-52.22232,-53.790443,-50.03299,-53.43702,-56.308155,-57.561737,-58.53756,-61.5765,-63.003864,-65.02213,-67.59437,-70.56347,-71.118706
9312,False,-26.070597,-30.141312,-24.964678,-29.626682,-32.896484,-32.82863,-39.67309,-42.89315,-41.386623,-40.889454,-36.754284,-39.66377,-41.48331,-43.722183,-45.316296,-47.112926,-49.748264,-48.068184,-49.312874,-50.51148,-51.658005,-52.2117,-54.012127,-57.40398,-59.900383,-59.02666,-60.387287,-61.83712,-64.950676,-69.03505,-69.749054,-71.43981
9344,False,-22.521461,-30.537373,-23.395565,-26.415464,-29.698801,-31.799305,-34.68719,-42.187862,-38.477207,-38.82227,-40.267883,-40.900734,-42.206043,-45.25775,-42.672253,-44.170856,-46.845226,-48.824,-47.689953,-53.985764,-51.789124,-54.11931,-54.487984,-56.134052,-57.261627,-59.999763,-61.893654,-64.12947,-66.80572,-68.754074,-70.251236,-71.049034
9376,False,-26.008766,-28.910934,-25.841515,-27.127363,-29.824154,-31.943535,-28.572868,-23.815323,-28.968082,-34.803356,-30.700344,-28.203972,-27.40473,-31.946758,-31.608932,-29.076714,-34.595028,-40.098564,-42.11092,-46.551956,-45.10212,-45.639664,-47.88505,-55.01291,-56.06976,-57.01748,-57.476875,-60.089817,-54.873604,-56.746464,-60.610367,-63.395885
9408,False,-24.553513,-30.952528,-26.318577,-29.399717,-28.9929,-28.737545,-39.29907,-29.132204,-32.756325,-38.80018,-37.513397,-36.16236,-36.312244,-36.47319,-40.725502,-37.679295,-43.955116,-46.644485,-48.07029,-51.14675,-51.318172,-49.657684,-54.27749,-56.470165,-56.91033,-57.001022,-59.93714,-62.02672,-62.673042,-65.235855,-69.61109,-70.37416
9440,False,-25.755499,-27.284962,-27.622717,-29.604488,-31.248009,-32.69254,-39.0616,-34.11692,-33.57866,-37.488197,-41.588417,-40.377953,-37.61868,-40.99201,-43.357395,-43.558548,-45.43998,-47.407494,-50.415836,-51.982887,-53.08622,-53.370434,-56.12495,-57.714916,-56.767426,-59.06588,-63.268894,-64.308525,-66.49786,-68.71472,-71.454,-71.9246
9472,False,-26.905586,-29.237473,-27.25172,-28.37824,-33.201874,-33.424114,-39.36522,-37.374756,-35.239388,-37.83906,-44.418106,-40.700966,-43.896618,-43.651524,-42.597958,-43.748592,-45.003567,-48.295807,-48.018127,-52.043587,-51.951447,-51.49778,-55.59765,-57.316357,-58.37919,-59.83337,-61.288887,-62.70324,-66.19194,-68.894035,-70.31578,-70.170746
9504,False,-24.642496,-26.734617,-31.953115,-28.187685,-28.921001,-30.12844,-38.89138,-39.345306,-36.03604,-38.85685,-43.07798,-40.019157,-41.528336,-39.865555,-45.463184,-46.846832,-45.29652,-47.850044,-48.84737,-53.91905,-53.880848,-54.008938,-54.567184,-55.743748,-57.332497,-59.177822,-62.46467,-62.111877,-66.64452,-67.88733,-70.520164,-69.79093
9536,False,-26.56112,-32.001663,-34.348545,-29.284977,-30.06118,-32.677338,-39.03068,-40.664406,-37.58301,-40.774734,-39.34703,-44.6603,-46.429333,-42.77672,-41.24987,-44.946045,-49.229378,-47.1453,-51.153797,-52.279987,-53.148666,-54.842567,-54.34762,-56.224487,-57.050125,-58.31212,-59.8985,-61.85595,-65.61032,-67.62883,-70.82446,-70.27997
9568,False,-27.891256,-27.261463,-29.061728,-32.982155,-35.81005,-34.343296,-38.51136,-37.590496,-37.454914,-41.66319,-46.767967,-44.170967,-45.614643,-43.765255,-44.953117,-43.75036,-46.237263,-48.625965,-50.753498,-54.130867,-52.93043,-54.07738,-56.0263,-56.958862,-56.968956,-57.88404,-60.539593,-62.579773,-65.193535,-68.27608,-70.13471,-70.29937
9600,False,-24.91954,-30.887104,-34.00188,-32.49886,-32.776154,-32.27882,-39.44646,-40.45305,-37.39058,-41.46095,-40.66795,-41.492874,-46.70904,-46.89165,-43.393166,-42.246002,-45.096127,-48.33307,-50.50376,-52.43236,-51.452923,-50.545395,-56.69594,-55.689598,-55.88129,-58.540836,-58.45608,-63.58154,-66.796326,-70.110825,-69.00198,-71.56113
9632,False,-25.520897,-28.384388,-27.069647,-30.308783,-33.58007,-34.342285,-38.751453,-39.364563,-37.54336,-38.880577,-39.99576,-44.284233,-42.205757,-43.905724,-43.760715,-46.09398,-46.854332,-47.2308,-47.898323,-51.250885,-53.318558,-51.505398,-53.725624,-56.000294,-56.17565,-58.51248,-60.592896,-63.79154,-65.39452,-69.05869,-70.90021,-71.92149
9664,False,-22.638527,-21.981163,-26.50988,-28.15908,-30.233524,-33.243343,-39.159115,-40.217815,-37.87181,-40.39526,-38.443123,-42.274433,-44.749775,-44.188286,-41.96804,-44.81195,-50.89889,-50.933537,-50.577415,-50.25709,-50.152863,-49.99374,-52.388138,-55.417408,-54.892803,-57.48884,-61.028843,-64.580055,-65.24489,-68.497,-70.2643,-71.361046
9696,False,-22.293251,-23.576601,-26.757145,-30.636044,-33.40406,-34.92167,-38.08488,-39.93585,-36.434685,-39.411922,-41.93619,-46.202454,-44.323315,-43.967842,-43.655018,-45.06332,-46.37989,-49.530025,-48.595,-52.16826,-50.839706,-50.786636,-54.514484,-56.838852,-58.229706,-60.76124,-60.41471,-61.088997,-65.63159,-67.716324,-69.946465,-71.03156
9728,False,-27.105656,-24.982712,-25.207539,-30.891436,-34.24092,-40.793488,-40.416092,-38.095127,-34.710262,-38.555977,-42.678112,-42.828064,-40.427097,-41.337337,-43.186462,-43.53489,-45.361656,-49.213875,-50.309555,-50.594616,-52.530594,-51.35593,-54.466972,-56.30919,-58.737473,-58.8201,-58.877087,-61.94265,-66.31532,-68.12859,-70.02413,-70.77815
9760,False,-21.350851,-27.1863,-30.245628,-32.270103,-32.73556,-32.794502,-39.41566,-35.70846,-36.6246,-37.65027,-41.79664,-42.539974,-43.21145,-46.009064,-46.170315,-47.495712,-48.958534,-50.87159,-48.44986,-50.834103,-52.660393,-51.475067,-51.77242,-55.22057,-57.77495,-59.174202,-62.031258,-62.644897,-66.32124,-69.908195,-69.78659,-71.18279
9792,False,-23.791552,-25.693361,-27.16856,-33.488422,-28.777992,-31.43896,-36.93157,-39.052593,-37.853466,-39.02123,-43.10298,-39.80805,-41.375202,-45.532555,-44.505047,-44.923473,-46.60824,-51.526608,-50.915676,-49.41189,-51.68638,-53.702465,-55.576508,-57.507706,-58.166122,-59.56411,-61.57055,-62.017998,-65.94085,-69.20324,-70.068085,-71.09137
9824,False,-25.313213,-30.232983,-31.77856,-29.139986,-30.40718,-32.78369,-37.879364,-37.687347,-36.539375,-40.79196,-46.248173,-41.712242,-40.794872,-43.818058,-43.320827,-45.218315,-45.094547,-47.64195,-51.347908,-52.439137,-50.833466,-51.52719,-51.943455,-56.126896,-56.40233,-58.275917,-63.82543,-64.68156,-66.79691,-70.11963,-71.03479,-70.978485
9856,False,-21.687222,-26.608315,-22.606497,-28.9588,-32.364647,-34.67973,-39.537937,-39.318336,-35.21935,-40.082657,-44.03166,-42.11049,-43.775192,-43.56146,-48.548435,-48.28806,-46.63658,-47.655197,-48.69861,-50.08282,-52.127975,-52.213135,-55.09966,-57.0747,-56.902992,-59.9319,-61.367992,-64.10862,-67.10731,-69.5436,-70.91585,-71.139656
9888,False,-24.080784,-28.29721,-29.16882,-32.9348,-34.151066,-33.664303,-35.537228,-38.06721,-38.427258,-40.26678,-41.100754,-42.56497,-43.39171,-46.4906,-46.238007,-46.72281,-44.916748,-45.418976,-50.24672,-51.48607,-53.984856,-52.044567,-55.40458,-54.79859,-58.1105,-62.109188,-62.61753,-61.70687,-66.07285,-67.79172,-71.257095,-71.44706
9920,False,-24.41865,-28.106705,-23.70508,-21.44508,-28.113958,-28.45288,-25.473522,-22.48634,-27.892973,-33.048073,-29.218416,-24.210262,-23.361395,-23.26307,-23.759136,-20.297432,-22.92839,-25.730722,-31.007324,-36.8404,-30.81414,-30.25572,-28.962812,-31.38708,-27.830055,-27.115818,-30.838678,-24.844925,-18.638641,-19.576601,-25.011875,-28.317719
9952,False,-25.946302,-29.699812,-26.27441,-22.44602,-27.32856,-28.05656,-35.39556,-26.271084,-30.848568,-36.76044,-31.312315,-31.392101,-30.718765,-28.81296,-32.23496,-29.614815,-34.542595,-37.18457,-36.34591,-40.243343,-38.10265,-35.797993,-38.66719,-40.248108,-36.953693,-34.09799,-37.279243,-34.205338,-29.286362,-30.696447,-34.296413,-37.18508
9984,False,-24.605946,-28.794527,-30.725489,-29.912643,-30.880543,-33.542088,-36.907166,-31.666542,-34.357933,-39.313976,-37.82249,-38.92451,-34.949238,-35.510788,-38.916668,-39.580894,-39.652298,-42.975014,-44.00399,-47.03473,-44.581787,-43.883446,-47.560104,-48.016388,-46.833057,-41.440998,-43.173805,-42.19423,-38.37934,-39.07977,-44.535645,-46.266556
