timestamp,faulty,band_0,band_1,band_2,band_3,band_4,band_5,band_6,band_7,band_8,band_9,band_10,band_11,band_12,band_13,band_14,band_15,band_16,band_17,band_18,band_19,band_20,band_21,band_22,band_23,band_24,band_25,band_26,band_27,band_28,band_29,band_30,band_31
0,False,-22.90385,-28.90151,-31.16547,-37.201656,-38.02491,-42.370583,-44.616142,-43.286568,-43.978615,-45.991364,-49.928604,-41.59926,-43.583473,-49.984287,-53.12077,-55.590992,-58.525215,-60.416393,-61.12163,-65.03841,-69.16109,-67.06438,-65.45943,-65.48977,-65.78101,-68.39488,-68.71353,-69.394104,-72.26464,-70.761604,-72.64886,-72.75415
32,False,-23.945343,-28.558064,-33.032986,-37.646694,-39.28273,-43.967327,-43.744133,-44.866756,-45.037697,-45.133408,-47.733704,-39.035522,-41.2821,-48.1354,-51.32193,-52.42267,-53.907238,-58.797737,-59.677322,-60.17223,-63.762856,-61.337933,-64.06137,-61.35286,-64.11951,-66.985634,-67.90116,-70.06869,-72.921394,-72.85308,-71.937035,-73.05112
64,False,-24.440737,-25.628206,-29.533607,-39.29955,-39.881805,-43.317863,-45.15671,-41.017296,-43.536133,-48.287666,-48.064617,-39.884323,-43.26569,-49.255905,-47.89757,-54.617455,-54.865,-58.377594,-60.977325,-63.143917,-61.00978,-62.281853,-63.991333,-64.66888,-67.04164,-67.761154,-69.269684,-70.650566,-69.76656,-71.72742,-72.511345,-73.38396
96,False,-21.041012,-22.611866,-32.11367,-39.83937,-38.61315,-41.34941,-42.915783,-40.223694,-40.325962,-43.64473,-47.555847,-39.586056,-42.04302,-47.812233,-51.40287,-50.908157,-54.110317,-59.208443,-60.313866,-63.366245,-62.30436,-61.50109,-64.46975,-63.966465,-65.16762,-67.08564,-67.57165,-69.32535,-70.99268,-72.986115,-72.847305,-71.0037
128,False,-21.573414,-25.351437,-32.124306,-39.512245,-39.846817,-43.716167,-44.65151,-42.325096,-42.03941,-43.736614,-50.507393,-38.733326,-42.406006,-48.36934,-49.771175,-51.08093,-52.245365,-57.507557,-59.534,-58.6776,-64.064476,-60.937363,-64.055626,-66.17215,-64.282196,-66.954254,-68.75711,-70.24225,-70.2852,-71.92407,-72.712845,-70.8951
160,False,-23.090729,-26.1081,-29.784517,-33.45111,-38.930634,-39.63538,-39.62412,-37.214966,-38.89959,-44.27778,-48.453423,-42.4839,-46.080128,-49.797703,-49.87229,-50.329292,-53.81292,-57.733303,-60.24599,-62.73893,-63.401123,-61.119915,-63.27404,-63.614048,-61.89096,-65.780304,-67.46078,-69.637024,-71.54914,-73.198074,-72.44617,-70.7905
192,False,-22.235645,-24.052088,-32.78836,-35.300182,-34.34112,-38.234856,-34.79915,-32.548363,-36.309048,-41.93352,-38.09029,-32.202934,-32.059807,-31.894138,-31.580631,-29.103607,-31.048664,-35.279152,-42.2332,-46.864105,-41.44271,-41.09421,-39.29033,-43.319984,-40.184055,-37.976757,-41.157753,-35.11769,-30.127785,-30.537321,-34.550457,-36.493607
224,False,-23.236809,-25.230602,-29.167526,-23.813791,-26.186821,-26.701893,-27.68861,-21.637554,-27.409937,-34.706203,-27.77772,-24.928492,-24.870743,-21.438265,-23.832256,-20.795795,-24.267664,-27.188473,-29.467342,-34.559067,-29.547813,-27.310806,-27.866665,-31.552948,-28.189732,-25.841045,-30.221935,-26.119177,-20.478918,-21.339006,-25.31778,-27.563765
256,False,-21.032831,-25.52099,-27.357338,-30.473234,-31.263412,-31.068304,-36.07865,-31.597466,-36.78605,-39.518764,-37.474907,-34.9075,-33.490868,-32.117737,-36.17917,-33.81028,-35.83946,-40.913605,-40.766396,-44.655422,-41.717663,-38.59237,-42.60556,-45.822063,-43.573765,-39.9637,-38.282097,-38.928326,-36.68787,-36.553825,-40.248505,-41.486874
288,False,-22.65892,-23.254917,-29.20306,-34.18197,-32.849007,-35.171124,-42.78647,-36.0031,-38.277954,-38.309727,-37.932705,-39.874386,-41.94832,-39.91346,-42.170864,-39.810547,-41.0204,-44.50935,-45.263443,-48.652008,-44.25818,-42.19879,-44.93937,-47.64779,-45.83345,-43.2676,-45.002556,-43.959282,-39.336914,-39.27636,-44.376396,-45.866997
320,False,-21.951897,-23.454311,-27.7508,-33.850296,-32.990097,-37.39279,-44.66307,-37.14876,-41.40219,-37.64816,-38.917557,-41.30953,-40.80599,-40.903687,-42.291203,-40.71512,-42.548195,-45.04309,-44.65748,-49.679214,-47.95932,-48.58858,-49.056732,-48.510384,-47.334347,-45.74855,-45.96979,-48.09659,-44.462463,-40.17351,-47.555332,-50.410324
352,False,-22.266594,-25.15638,-27.136711,-35.320744,-33.867172,-40.850204,-42.398296,-37.846035,-40.53026,-33.947926,-40.20582,-40.071815,-43.658432,-42.714542,-44.99464,-44.251305,-47.556267,-46.632263,-47.820034,-49.538746,-49.480537,-47.55371,-47.483997,-50.588013,-50.001007,-51.16394,-52.262657,-50.045013,-48.79398,-44.002403,-51.806732,-54.29677
384,False,-22.021736,-24.120949,-28.828007,-34.172768,-38.22992,-37.863014,-39.94029,-38.604866,-40.598465,-35.372208,-39.288353,-43.65281,-44.363,-47.454117,-45.86653,-45.37662,-45.396614,-49.2415,-49.80503,-54.46579,-51.793438,-49.952793,-52.78584,-55.0835,-54.767433,-53.679703,-53.63277,-53.983997,-51.849922,-49.896217,-56.113125,-58.339638
416,False,-18.759047,-26.792133,-29.531742,-35.12982,-36.43553,-40.024178,-42.34976,-39.23347,-40.170444,-37.776825,-43.94062,-40.237312,-41.598133,-46.53561,-46.49785,-49.063145,-48.661457,-51.832462,-51.951385,-55.35999,-53.10242,-51.787064,-55.530876,-55.44311,-54.85657,-56.802223,-56.38693,-57.440155,-56.118362,-52.09497,-58.630604,-62.187252
448,False,-22.95158,-26.544468,-32.6429,-35.79657,-33.72538,-37.579483,-40.03139,-41.561363,-38.783497,-32.32963,-43.705048,-42.078785,-40.269073,-47.073635,-48.444805,-48.329483,-49.21135,-54.045986,-56.543583,-57.6347,-55.83748,-53.79156,-54.243515,-58.49536,-57.80203,-59.564224,-60.647743,-61.41592,-59.66783,-60.09365,-65.22664,-65.345985
480,False,-24.473515,-28.207699,-34.454895,-37.662395,-36.023956,-42.47019,-43.408123,-40.59784,-36.65715,-30.764162,-46.368748,-43.57822,-44.25589,-48.125835,-49.74833,-50.205284,-51.243404,-54.138622,-54.802483,-57.41871,-57.52746,-55.634197,-56.317245,-58.810486,-61.55342,-61.05284,-62.825184,-64.84477,-62.63182,-63.41453,-67.41388,-68.07329
512,False,-20.064983,-31.884464,-36.036255,-38.87339,-34.311756,-40.933094,-42.43593,-40.025185,-40.927635,-38.634117,-46.363953,-41.794964,-45.94184,-47.010326,-48.172115,-49.530598,-51.526283,-55.481567,-57.077927,-57.718544,-58.803993,-58.26075,-61.158592,-62.63559,-60.94574,-61.7071,-64.57918,-67.23426,-66.94205,-62.73767,-68.66518,-70.48583
544,False,-26.107105,-28.566343,-31.149084,-37.233166,-40.173485,-42.069145,-43.02273,-41.596874,-40.357986,-39.495377,-48.5104,-47.69089,-46.988014,-46.34849,-45.03739,-50.39965,-50.737766,-54.189182,-58.3564,-60.709343,-57.018513,-57.16925,-60.56732,-60.91141,-62.27346,-63.707947,-64.963585,-68.093124,-69.66412,-64.5481,-69.91826,-70.48309
576,False,-25.174458,-35.582405,-32.030975,-34.42679,-34.25951,-39.55179,-41.853733,-40.06765,-39.24562,-33.83078,-42.264305,-46.328465,-48.921604,-46.72081,-46.017616,-51.801712,-53.969246,-54.473896,-56.714012,-58.575592,-58.34366,-59.63091,-62.186234,-62.880882,-60.688545,-63.90713,-67.77297,-69.46458,-69.2981,-70.03078,-72.10412,-70.39764
608,False,-25.739489,-30.96526,-31.54895,-34.70479,-35.387222,-44.664272,-42.093388,-39.52891,-38.91148,-32.65294,-42.473167,-46.335064,-50.416637,-48.425827,-49.350677,-54.203075,-54.803436,-57.581554,-57.121677,-60.61249,-61.075897,-61.03395,-60.933403,-60.991913,-62.33764,-65.383064,-69.50412,-68.83811,-69.42432,-68.882675,-71.3822,-70.577095
640,False,-25.069876,-26.801184,-28.570692,-36.21251,-36.415554,-43.384228,-42.56531,-37.832954,-40.20416,-38.274292,-47.16869,-44.86362,-51.72843,-48.49106,-49.33158,-52.38657,-53.33654,-58.21237,-59.44686,-60.418274,-61.37859,-60.610138,-62.267067,-66.13516,-63.037148,-64.625145,-67.7206,-70.08268,-70.560135,-70.26704,-71.959656,-70.761635
672,False,-23.542381,-27.207497,-30.318316,-37.452217,-38.17174,-40.524136,-42.389732,-42.867935,-40.981277,-36.83217,-47.80484,-49.13986,-48.650646,-47.296394,-47.80689,-52.2057,-54.87021,-55.934658,-60.89497,-60.27033,-61.70533,-63.417374,-60.46086,-62.328278,-64.337204,-67.95574,-68.99237,-70.95916,-72.50635,-70.335495,-72.45122,-70.32264
704,False,-26.077389,-26.363403,-31.224165,-38.8047,-36.464703,-42.33723,-40.337963,-37.988472,-41.296738,-39.498055,-43.69359,-47.856594,-48.840347,-43.78344,-44.24768,-53.94699,-53.57325,-60.085167,-60.624332,-60.873104,-59.52469,-61.210613,-61.538597,-60.15487,-60.980576,-66.23064,-68.684074,-70.278175,-71.31903,-70.1448,-71.12929,-72.53914
736,False,-25.811079,-28.809195,-34.384045,-40.183697,-40.510117,-40.508022,-39.021545,-38.34068,-41.941128,-39.548336,-48.513737,-50.000652,-51.521072,-45.335426,-48.04078,-52.11395,-54.562565,-57.102448,-60.521957,-59.97089,-61.10474,-61.59351,-62.056393,-61.096233,-61.03051,-64.85706,-67.00839,-69.673935,-71.82334,-71.41976,-72.310776,-72.67784
768,False,-23.943905,-29.396038,-31.132145,-31.313477,-28.229195,-30.109865,-29.578777,-23.844921,-28.328478,-30.049717,-27.898914,-26.85977,-25.266218,-28.615742,-30.027931,-26.931461,-31.6376,-36.69213,-38.1093,-42.6082,-39.63299,-42.00373,-41.279427,-46.16199,-49.828323,-51.572914,-52.567513,-55.32627,-49.484238,-52.056435,-56.542007,-60.158302
800,False,-22.336205,-29.712534,-31.19013,-31.067307,-30.109873,-30.65814,-37.80287,-31.850983,-36.957718,-35.33417,-36.932228,-37.11408,-35.92051,-36.091663,-41.294678,-37.250458,-42.74483,-48.485073,-49.713207,-54.060436,-52.01927,-51.321407,-53.589554,-56.00129,-56.97332,-58.144882,-61.15262,-64.59536,-62.383034,-66.06674,-67.58005,-69.77246
832,False,-24.08329,-26.953163,-29.722614,-34.990208,-35.63957,-38.394592,-40.51052,-37.17503,-40.01709,-38.423977,-43.692932,-42.332123,-39.817078,-37.27556,-46.115185,-46.247524,-48.35643,-52.73519,-53.47059,-57.746956,-56.03182,-55.456345,-58.70729,-59.183586,-59.020885,-62.03465,-65.56295,-68.5372,-66.47543,-68.91372,-71.18003,-71.51855
864,False,-21.211815,-24.472198,-27.51714,-37.148075,-37.054523,-44.320522,-42.966522,-43.519753,-39.96221,-38.946472,-44.84404,-45.39522,-44.873093,-44.55618,-46.34179,-49.533382,-48.530045,-51.574974,-56.793285,-60.38479,-60.683727,-60.24916,-58.930923,-60.586494,-59.06467,-63.028236,-65.9243,-69.82341,-68.81263,-71.05735,-72.103325,-72.7037
896,False,-24.082844,-25.745872,-27.255182,-36.303207,-38.312305,-41.718525,-40.6344,-36.97945,-40.83474,-41.40133,-44.801117,-44.73772,-45.69328,-46.20204,-49.682617,-51.668,-50.71997,-52.35618,-54.3959,-59.37062,-60.777546,-59.6985,-61.539703,-62.572483,-62.13676,-64.74484,-66.40194,-70.45215,-70.34922,-70.83287,-71.444786,-71.61801
928,False,-23.042381,-24.95942,-30.163498,-35.749817,-39.11398,-42.427086,-41.80722,-40.69352,-46.7387,-46.31994,-52.329453,-48.450108,-47.987576,-46.585114,-49.55895,-50.917492,-49.269024,-55.942757,-58.90716,-60.29308,-61.74686,-62.508472,-60.866753,-61.64417,-62.467194,-64.658745,-67.692955,-69.59425,-73.61444,-72.75083,-72.96367,-72.71373
960,False,-21.550848,-22.370607,-28.884459,-36.182323,-35.28558,-37.793633,-42.384743,-43.029213,-43.461742,-42.829308,-51.432167,-48.857162,-45.161728,-44.342655,-46.98254,-53.77033,-53.281826,-54.73092,-59.50206,-61.38578,-62.548462,-62.16721,-60.81244,-59.25266,-64.03223,-65.39013,-66.65088,-69.44245,-70.25217,-70.49386,-72.44048,-71.04285
992,False,-25.399853,-28.674467,-28.893946,-34.73993,-34.777405,-41.747124,-38.57988,-41.18068,-44.011955,-41.227627,-45.599155,-47.91485,-46.776802,-46.277107,-47.142387,-51.380882,-53.303486,-57.930546,-58.87191,-61.92421,-59.954685,-61.566452,-61.297997,-60.582077,-65.446915,-68.237724,-69.25714,-71.571,-69.875885,-71.738846,-71.730415,-70.178635
1024,False,-29.007095,-26.894674,-27.689766,-34.686768,-37.319626,-42.884907,-40.77233,-40.5413,-43.56312,-44.66234,-47.546806,-48.8842,-49.15195,-45.54632,-47.007607,-54.5591,-53.69763,-57.76238,-60.58053,-61.42176,-62.335945,-64.07836,-60.839195,-62.645573,-63.50719,-65.24308,-68.586586,-70.07097,-70.17621,-72.08056,-72.484146,-73.011986
1056,False,-26.624603,-28.648338,-34.110703,-37.55396,-36.574856,-44.987152,-41.236336,-39.992195,-43.97201,-44.865303,-48.561188,-48.143444,-49.55179,-49.1737,-49.53549,-53.578854,-55.794357,-59.05273,-59.971664,-60.045147,-63.011784,-63.786156,-60.78825,-63.348206,-64.2282,-66.00288,-69.21844,-70.132126,-70.5285,-72.72907,-72.700165,-72.27012
1088,False,-26.624935,-31.266655,-34.834564,-42.334324,-40.53299,-44.38691,-42.76102,-41.801533,-45.13867,-43.672157,-50.57821,-50.502285,-49.39028,-47.577126,-49.95784,-52.40979,-53.386543,-58.01592,-60.501766,-60.977684,-62.11374,-61.6225,-61.76883,-63.163868,-62.301502,-67.295074,-69.77225,-72.30839,-70.80191,-72.39003,-72.41218,-71.487785
1120,False,-25.93241,-28.638329,-34.09812,-40.060852,-35.992233,-40.086723,-46.723465,-46.61425,-44.377857,-42.482105,-51.87988,-53.622955,-53.650803,-48.79106,-48.334637,-57.37913,-53.968346,-58.545647,-60.07699,-61.910652,-61.49501,-62.03816,-63.379257,-63.857117,-62.07651,-65.97793,-69.81048,-73.06695,-71.33658,-72.6551,-72.781586,-72.532776
1152,False,-28.686855,-30.301352,-34.35348,-37.82077,-37.609146,-40.922157,-41.546516,-42.61518,-43.852657,-45.0879,-47.11676,-46.491135,-48.48093,-49.135056,-47.477856,-54.756096,-54.966675,-60.79685,-62.967033,-64.723495,-63.95108,-61.301796,-62.30208,-65.87653,-64.85284,-66.8965,-68.82068,-72.18237,-71.32297,-74.10916,-73.49034,-72.339165
1184,False,-30.276861,-30.36243,-31.34658,-37.388912,-35.59301,-39.927517,-41.77607,-41.479954,-43.61705,-45.81587,-49.496685,-51.32133,-52.181496,-50.842842,-53.283363,-55.118477,-55.359123,-58.47409,-62.530598,-62.295666,-61.891956,-63.265244,-63.880608,-65.32079,-64.032486,-67.64885,-69.21735,-70.55699,-71.351234,-72.7718,-72.18126,-71.90419
1216,False,-26.344429,-33.280457,-34.869595,-37.904976,-35.737297,-40.86584,-43.039955,-41.85488,-43.48625,-45.055656,-48.79657,-51.545532,-48.957333,-47.647667,-49.02117,-53.167236,-52.433815,-59.42616,-62.232136,-64.09607,-62.45781,-64.05226,-64.858696,-64.99486,-64.60529,-67.41641,-69.21415,-69.23891,-71.879036,-72.9421,-72.22378,-71.87863
1248,False,-26.141539,-28.759356,-32.488884,-36.82692,-34.75947,-41.167953,-43.088745,-42.31415,-49.715504,-47.17331,-49.366222,-47.76697,-44.552517,-48.282272,-50.113506,-54.34507,-56.880188,-59.60407,-63.77066,-64.494354,-63.446884,-62.55903,-65.00143,-66.41895,-64.96069,-67.24637,-69.1402,-70.61208,-71.39678,-71.84729,-71.29459,-71.23252
1280,False,-23.653934,-30.155947,-34.35938,-31.613472,-32.494606,-36.291298,-30.446106,-28.489038,-33.070015,-39.026684,-34.534496,-28.878075,-28.102009,-27.854357,-27.420275,-24.877062,-26.876038,-30.82948,-37.234676,-42.681732,-36.56171,-36.129112,-34.349285,-38.03203,-34.97465,-33.28251,-36.402218,-31.070425,-25.57713,-25.829102,-31.254366,-32.799297
1312,False,-24.608322,-26.854279,-29.690771,-23.88464,-28.273363,-27.640697,-29.144476,-22.774889,-28.4301,-35.834743,-28.64975,-27.164204,-26.364357,-23.216255,-25.714834,-22.59489,-26.346989,-29.386055,-30.36699,-35.701324,-31.113766,-28.529026,-30.023933,-33.475273,-29.970827,-27.548122,-31.970366,-28.34959,-22.610418,-23.427904,-27.301685,-29.307383
1344,False,-23.753836,-31.0349,-35.2953,-29.754414,-30.500778,-32.294575,-38.85276,-32.158253,-36.430977,-41.917786,-41.286507,-37.531372,-33.830193,-31.905018,-36.250412,-34.959206,-36.568405,-42.39701,-43.01832,-47.44458,-42.47637,-39.14952,-43.4893,-45.687103,-44.13492,-40.75088,-39.489315,-39.19071,-37.816677,-37.702602,-40.634087,-43.62187
1376,False,-28.452188,-31.01155,-38.341625,-35.031185,-35.488266,-37.5206,-42.678017,-37.780766,-39.70817,-42.391495,-40.75819,-38.1503,-41.15923,-40.18421,-43.187775,-39.118034,-41.829838,-44.826923,-46.667904,-49.37654,-47.390205,-44.04213,-46.955227,-47.989113,-47.264103,-44.016415,-45.063576,-44.898888,-40.173702,-41.2396,-45.74668,-47.879707
1408,False,-28.085926,-29.610855,-31.889927,-34.93323,-33.601345,-40.252136,-42.474815,-40.878048,-43.033264,-44.453674,-43.027855,-35.97924,-38.53588,-43.216866,-43.187263,-42.894676,-46.686104,-46.745613,-46.895813,-52.3163,-51.215767,-50.886642,-51.441975,-51.67149,-49.92878,-46.231228,-48.025555,-48.431507,-45.365124,-48.448357,-52.25584,-53.33227
1440,False,-24.637947,-32.714443,-32.43018,-35.90736,-37.328686,-41.733135,-42.95102,-39.175964,-42.866093,-46.33264,-47.976322,-37.28511,-40.466774,-43.439827,-46.9146,-46.93033,-49.000698,-49.076515,-49.850487,-55.273445,-53.84912,-50.113083,-54.02552,-56.811676,-54.903717,-52.976395,-54.279373,-50.874462,-48.817696,-49.780457,-57.502804,-59.472027
1472,False,-28.569672,-27.352617,-31.957561,-36.0465,-35.709938,-41.62564,-42.35177,-40.491196,-45.18919,-44.807552,-47.35965,-44.56684,-46.57499,-49.26134,-49.07971,-47.38709,-47.674957,-53.981163,-54.479843,-55.80791,-56.572796,-57.62982,-57.572586,-57.10966,-56.63138,-54.2053,-55.815804,-55.78752,-52.569214,-55.30737,-60.616043,-63.370445
1504,False,-26.727646,-32.787766,-32.313377,-34.802776,-35.07172,-41.309814,-41.84658,-44.28738,-48.707306,-45.4973,-48.047073,-46.010468,-47.57717,-48.642406,-47.644,-50.56832,-50.177856,-55.25512,-57.370056,-59.88335,-57.0104,-55.45389,-62.43309,-62.75652,-61.98,-59.438877,-59.418716,-58.71308,-56.95969,-59.819798,-63.56752,-67.01575
1536,False,-30.422394,-34.80605,-40.849987,-39.397896,-37.066677,-41.38877,-43.93299,-43.218174,-45.926968,-43.61362,-48.83654,-45.882168,-49.019413,-51.925713,-50.98799,-50.324203,-56.222702,-62.59373,-61.030354,-59.555305,-59.064487,-58.388847,-60.60142,-61.251656,-61.070335,-60.865036,-61.798573,-63.74357,-60.211636,-63.44719,-67.885025,-67.5436
1568,False,-29.845125,-29.65455,-37.19033,-43.663883,-39.00105,-45.1064,-43.75189,-42.655468,-43.19071,-47.705883,-53.885513,-43.894737,-46.240204,-48.358208,-47.65983,-51.39906,-50.94374,-56.13977,-58.997673,-62.635937,-61.97976,-60.427895,-60.524895,-61.970863,-60.743423,-61.954887,-64.591545,-62.991337,-64.238945,-63.573612,-67.46755,-68.3806
1600,False,-29.351847,-29.732897,-33.658134,-39.023087,-34.86409,-44.517105,-43.386974,-45.350094,-47.597336,-47.507835,-46.88538,-41.767944,-45.977383,-47.569298,-49.418205,-51.293217,-54.242714,-60.633472,-61.053978,-61.6971,-61.521347,-63.381844,-63.258442,-64.55886,-63.24273,-64.92623,-65.82506,-67.22102,-67.550285,-66.02662,-69.1578,-70.12244
1632,False,-30.285263,-30.08455,-35.118824,-37.44102,-37.758186,-42.30926,-41.636047,-41.437485,-47.166008,-49.100132,-46.605206,-44.64296,-51.226635,-49.83078,-52.97193,-52.5991,-52.78035,-59.914154,-60.331684,-61.19145,-62.04654,-63.209976,-63.028374,-63.71341,-64.96994,-65.18252,-65.47414,-69.02039,-69.48338,-68.18489,-70.94464,-70.90341
1664,False,-30.896748,-33.414814,-29.767162,-35.10692,-37.019867,-42.38079,-42.17156,-40.49118,-43.37465,-47.303383,-48.312317,-45.19303,-50.5319,-47.72677,-47.654686,-52.307587,-54.30265,-58.913002,-58.600647,-63.061184,-62.12626,-61.58834,-64.05561,-64.14788,-64.04043,-66.616066,-65.63264,-69.22483,-70.604645,-71.38955,-70.74488,-70.84469
1696,False,-27.796614,-30.554695,-34.29451,-35.13417,-39.06547,-42.64292,-41.613155,-43.205067,-47.2431,-45.97185,-44.14338,-44.82614,-47.14594,-51.6534,-50.68069,-53.832344,-57.199158,-58.812714,-59.988716,-64.41322,-63.901405,-64.17819,-62.941433,-64.72352,-64.10097,-67.144325,-68.16834,-71.166504,-70.442856,-70.822624,-73.900826,-72.55005
1728,False,-30.365202,-33.61452,-34.99468,-39.07405,-39.574356,-43.947052,-43.405487,-42.02709,-43.31933,-43.21531,-41.14178,-40.865475,-48.829353,-51.866524,-51.550007,-53.88487,-53.091164,-56.319626,-60.70759,-62.073254,-61.184555,-62.37474,-63.611534,-63.72896,-64.69884,-66.606384,-68.77048,-70.416245,-72.871666,-72.565674,-71.87896,-70.7475
1760,False,-26.910141,-27.736027,-37.875248,-41.17212,-37.88815,-41.5893,-42.61694,-40.786568,-40.06618,-34.619106,-48.25115,-47.440735,-50.067734,-49.20889,-49.27674,-55.68234,-57.318413,-60.965416,-63.31188,-64.13125,-62.6678,-61.301773,-64.590385,-63.52214,-64.95782,-66.69986,-69.61155,-70.52603,-71.19759,-71.30803,-71.5632,-72.54604
1792,False,-26.97163,-30.387861,-37.89906,-39.638992,-37.48337,-46.506405,-43.54185,-42.830162,-37.85021,-32.285973,-45.495457,-41.188145,-45.6241,-50.021866,-50.315437,-53.551594,-53.28285,-58.061646,-63.50193,-63.417892,-61.87372,-63.826008,-64.73171,-64.33187,-64.43645,-66.112335,-68.88805,-69.73804,-70.98898,-74.3253,-73.32225,-71.908485
1824,False,-25.784523,-27.740498,-34.504017,-36.292164,-36.286583,-43.423897,-38.49751,-36.54512,-35.050663,-28.708132,-41.550514,-37.81881,-37.324783,-40.768166,-40.541077,-39.010937,-42.237892,-47.789593,-53.96785,-57.874027,-54.261738,-55.24916,-54.73942,-58.628082,-62.655724,-62.75228,-64.01856,-68.11523,-63.19233,-65.106895,-67.224335,-70.34189
1856,False,-28.634403,-30.564865,-32.185604,-29.463772,-27.236967,-29.445145,-32.12472,-24.189892,-28.260246,-28.20143,-28.298674,-28.149437,-27.290394,-29.348473,-31.64543,-28.02616,-33.49343,-38.228157,-38.59148,-42.95978,-40.19995,-42.28698,-43.020687,-47.90468,-50.450672,-52.17625,-53.999382,-55.86174,-49.909912,-53.119057,-56.793457,-60.65639
1888,False,-26.309868,-25.848469,-33.679607,-30.896187,-32.824043,-32.451904,-39.149765,-34.26886,-33.45433,-27.340267,-39.967087,-37.542183,-36.658638,-36.726917,-42.12565,-39.82883,-44.10919,-49.65683,-49.615723,-53.739887,-51.75122,-51.71076,-55.952972,-59.69892,-57.666374,-59.1197,-62.551476,-65.5781,-64.634766,-67.32895,-69.149994,-71.17644
1920,False,-26.339413,-27.257383,-33.16782,-36.188507,-33.216026,-36.47179,-42.42038,-42.110016,-34.63909,-27.495914,-37.34599,-36.79847,-41.056065,-41.45233,-47.87859,-46.813843,-51.28431,-53.814625,-53.29088,-55.604782,-55.545902,-56.629524,-57.577724,-59.97467,-63.72889,-62.955074,-65.86795,-69.21033,-66.54472,-70.46018,-72.24306,-73.2268
1952,False,-29.235897,-30.522345,-40.674576,-38.12134,-38.66682,-43.38934,-40.062683,-39.746086,-33.651485,-26.260794,-43.193184,-43.1949,-45.107666,-44.391068,-50.217224,-50.575462,-51.13766,-53.44908,-55.354046,-61.777534,-58.357048,-59.249992,-62.840305,-64.22705,-62.50431,-63.33305,-67.22284,-71.2615,-69.329414,-70.97086,-71.5722,-72.003006
1984,False,-30.658653,-32.486053,-36.94436,-36.348953,-34.754425,-41.02112,-41.0923,-41.12944,-37.261353,-29.275904,-45.135437,-44.504967,-48.21884,-44.237972,-47.055225,-52.150684,-55.35603,-56.163273,-56.633156,-60.01438,-58.72177,-58.42575,-62.54168,-62.759773,-65.52515,-67.75403,-69.57836,-70.26216,-70.709724,-70.997986,-73.10561,-71.170876
2016,False,-28.750347,-27.670591,-34.481598,-38.932343,-35.928303,-40.116867,-42.978844,-41.884186,-36.372948,-30.218584,-47.162506,-44.268993,-46.959957,-47.88398,-49.140785,-52.268486,-53.965107,-58.81849,-60.10452,-62.58201,-60.487823,-60.861786,-62.70198,-63.88088,-64.813995,-67.67371,-68.079285,-70.016075,-71.91667,-72.56354,-72.538315,-71.60238
2048,False,-30.337734,-29.182833,-36.20828,-38.222923,-35.941765,-40.654617,-43.687943,-42.61072,-42.278976,-38.462673,-43.250473,-42.703377,-48.3781,-52.458767,-52.02228,-54.24246,-51.210903,-56.33954,-60.81214,-63.310127,-61.60211,-61.229343,-64.111725,-66.15978,-65.26936,-67.7549,-69.466675,-70.739044,-70.80407,-72.19428,-72.50985,-71.52502
2080,False,-28.57425,-30.532894,-30.150864,-36.36759,-39.00811,-42.027634,-43.174843,-43.313255,-42.51698,-39.246075,-43.68463,-42.224945,-49.341232,-50.83249,-52.234222,-53.880707,-53.335693,-58.352524,-62.079105,-61.820568,-60.772327,-61.864754,-64.19627,-65.4249,-64.516235,-67.93687,-69.57633,-70.76161,-71.470634,-72.27978,-72.878075,-73.009995
2112,False,-27.56765,-29.519453,-35.40052,-39.160904,-37.793743,-40.479958,-43.77671,-44.5979,-41.62301,-34.07865,-41.986984,-40.070324,-52.54934,-49.30426,-47.39486,-55.31816,-56.467472,-59.671173,-59.484146,-62.13585,-61.82661,-62.85904,-64.50066,-65.2896,-66.16617,-70.24291,-69.78644,-71.12874,-71.9169,-73.34987,-74.32731,-71.82609
2144,False,-30.197472,-30.843407,-37.210106,-40.446354,-35.34059,-42.269814,-43.84892,-47.04996,-41.86997,-35.14792,-42.66519,-39.73304,-54.40677,-49.13421,-48.00343,-54.626217,-57.509018,-60.719418,-63.574387,-65.06625,-64.65905,-63.724503,-64.014946,-66.04971,-65.71579,-67.349815,-69.642685,-71.791824,-71.14065,-73.81942,-74.05643,-71.92572
2176,False,-29.143875,-29.589275,-32.625153,-37.57979,-37.66057,-45.876278,-47.705074,-45.574245,-44.785595,-39.912037,-45.72264,-45.391174,-49.5082,-48.489273,-47.72936,-54.602684,-54.6251,-57.39579,-62.0743,-64.796,-64.16008,-62.167133,-63.61534,-65.26351,-65.38558,-67.84655,-69.67151,-70.77492,-72.60289,-72.59645,-72.77661,-73.13114
2208,False,-24.847147,-29.943571,-34.76035,-39.293274,-36.62357,-43.9581,-43.671192,-45.13929,-45.375385,-42.247116,-42.80235,-42.98575,-52.085133,-48.26552,-48.133873,-56.60566,-55.620956,-59.48183,-61.604103,-62.53814,-64.926704,-64.91584,-66.71954,-65.57282,-65.603096,-68.72628,-70.03701,-72.17208,-70.96479,-72.84071,-73.005875,-71.89502
2240,False,-24.358206,-26.34167,-36.472733,-39.41652,-37.502598,-42.020523,-41.482887,-43.9245,-43.925285,-39.990856,-43.445656,-43.63006,-49.134727,-48.71351,-48.279793,-56.897842,-55.894966,-60.588688,-63.336792,-63.684887,-62.13188,-64.66643,-64.176346,-64.54836,-66.8134,-68.74363,-70.279755,-70.97022,-71.45127,-72.36471,-71.49901,-70.800285
2272,False,-27.492065,-27.549372,-32.32229,-36.503582,-37.3586,-40.354652,-41.074696,-43.30771,-44.000168,-38.78238,-42.98161,-40.525475,-48.686737,-49.96868,-49.694027,-57.68506,-54.92473,-55.788265,-60.648647,-63.084126,-63.71248,-63.239212,-64.77795,-65.01222,-64.674416,-69.0776,-72.0606,-71.57765,-73.463715,-75.50035,-72.66305,-70.00845
2304,False,-24.559807,-27.940567,-34.007755,-35.599434,-37.813206,-41.828354,-42.52838,-47.024574,-44.55114,-40.103073,-46.92062,-42.42088,-52.716118,-50.166283,-48.906616,-55.407013,-55.117058,-60.151424,-63.338276,-61.15896,-64.286835,-63.441628,-64.80401,-64.651085,-64.405685,-67.21183,-69.87344,-72.75783,-72.42274,-73.14808,-73.48287,-71.74489
2336,False,-24.659603,-25.671001,-31.346474,-36.507633,-40.101227,-45.477463,-42.070965,-44.810112,-48.259106,-47.6911,-47.03959,-42.982933,-49.132725,-49.0167,-49.884777,-52.91527,-56.232956,-60.362507,-60.618988,-62.599464,-62.57567,-60.88903,-63.429226,-63.2518,-65.05198,-68.23229,-70.10766,-71.65383,-70.38565,-73.58068,-72.38414,-71.29197
2368,False,-26.238678,-32.44106,-36.35286,-38.074017,-36.1457,-40.36873,-40.978676,-41.4914,-43.437077,-46.543472,-45.801643,-41.313576,-41.732258,-42.190224,-41.681328,-40.626163,-41.962257,-46.556877,-54.347374,-56.11827,-53.535076,-52.961124,-52.503975,-56.617653,-54.52304,-52.86697,-54.788174,-47.132988,-42.94119,-42.586674,-47.86453,-49.586544
2400,False,-25.94497,-28.436394,-32.471836,-23.936434,-26.782454,-27.021465,-25.690355,-21.294186,-26.117544,-34.513725,-27.269524,-23.561039,-23.038818,-20.781109,-22.162308,-18.99707,-21.832611,-24.957577,-28.504406,-34.019974,-28.3062,-26.679436,-26.432896,-29.935562,-27.221487,-25.051762,-28.70675,-24.197403,-18.673021,-19.50799,-23.537693,-24.45903
2432,False,-25.742699,-27.719055,-32.984386,-27.7067,-29.137936,-29.472687,-36.612118,-29.7061,-35.655388,-41.850452,-39.60671,-35.199753,-32.002724,-31.593868,-35.158867,-31.41466,-34.71109,-41.337677,-40.65844,-44.88954,-42.103783,-38.78814,-41.907143,-45.322285,-42.73699,-40.185547,-38.40334,-38.169533,-35.809998,-36.418568,-38.7664,-41.845413
2464,False,-32.32157,-32.62646,-34.43275,-31.792751,-31.671926,-34.61844,-40.857616,-34.327095,-39.37625,-46.467613,-42.28105,-41.65556,-42.02553,-37.282654,-40.927242,-40.5216,-43.336876,-45.680984,-44.89502,-49.36235,-44.606575,-42.081963,-46.16406,-47.195133,-45.92507,-42.626118,-44.19231,-42.75677,-38.973824,-39.62348,-44.14639,-46.501106
2496,False,-28.656452,-28.91383,-32.64952,-34.223244,-37.20436,-39.27733,-41.52737,-40.654137,-43.42936,-47.260624,-44.49129,-40.82815,-43.235985,-43.39683,-43.961258,-41.574265,-43.960556,-45.22921,-47.867706,-51.349144,-50.46761,-47.412926,-49.842308,-49.40395,-49.142563,-45.700058,-47.23519,-47.201786,-42.899513,-46.396225,-50.251537,-52.10981
2528,False,-26.846039,-28.691275,-30.901669,-36.348843,-37.90555,-40.36841,-42.3527,-40.549625,-43.108856,-39.43946,-45.554047,-47.04926,-46.045326,-44.232655,-45.298035,-46.497784,-50.587612,-48.921665,-48.599976,-54.525394,-53.646408,-50.253395,-52.215973,-54.38248,-54.57625,-51.650803,-51.994026,-49.641804,-47.344856,-48.454548,-55.5068,-58.256798
2560,False,-27.571472,-29.309874,-33.956306,-33.94327,-37.20964,-42.997723,-39.811653,-40.746193,-43.531578,-41.045334,-48.198524,-47.794724,-49.079247,-46.062943,-47.000546,-48.18538,-49.15361,-55.962795,-53.613907,-54.43399,-55.519592,-55.560318,-55.03311,-58.656727,-57.63507,-54.987946,-55.258945,-54.675144,-50.995552,-53.33639,-60.67295,-62.701702
2592,False,-31.5745,-30.564938,-32.25512,-35.068367,-37.164898,-39.541313,-39.69771,-42.056126,-45.306896,-42.051292,-46.63703,-47.619675,-52.370144,-50.16586,-50.83416,-53.27453,-50.38818,-57.182922,-57.091846,-59.559864,-59.586,-58.034294,-60.04686,-59.581852,-59.602016,-58.062763,-56.474934,-57.588177,-56.54303,-59.69578,-63.196533,-66.09477
2624,False,-28.397537,-31.398985,-35.4469,-37.437843,-34.81609,-39.762,-41.172768,-45.268127,-48.095177,-46.384506,-49.45799,-50.66088,-51.31401,-47.529137,-47.255207,-49.873314,-54.72479,-55.855137,-55.08258,-60.68323,-60.834892,-58.806416,-60.035595,-62.267895,-61.886833,-61.71695,-62.41913,-62.429882,-58.631477,-60.77747,-66.922264,-68.97053
2656,False,-28.904009,-29.015177,-31.465052,-37.21293,-38.060623,-44.74115,-44.465363,-47.58749,-44.25184,-44.680805,-48.34673,-51.060432,-50.292835,-49.414345,-49.19571,-53.16898,-53.001995,-57.0803,-58.603535,-62.06993,-59.89353,-59.69507,-61.87387,-63.75977,-65.437386,-65.222916,-63.04842,-64.39709,-64.08602,-66.4117,-69.38089,-70.79404
2688,False,-29.836136,-29.192198,-31.713085,-36.35099,-38.20034,-47.19661,-45.78325,-44.851665,-47.6699,-47.888832,-50.155235,-50.320343,-50.37865,-50.215115,-48.646564,-53.65483,-55.08022,-56.96456,-60.008507,-62.080467,-61.670464,-62.6307,-63.626675,-65.300156,-66.54817,-67.151215,-66.63142,-66.87355,-67.05947,-69.85709,-71.28266,-71.14247
2720,False,-28.701035,-30.094658,-32.548195,-35.75612,-39.029182,-44.384228,-44.67545,-43.87451,-45.446926,-44.462585,-49.829773,-49.322266,-51.58931,-52.73964,-52.089176,-54.470123,-54.240547,-58.317245,-62.303806,-62.155956,-63.01573,-63.647366,-61.07718,-62.73568,-65.215866,-66.759476,-67.68411,-70.22976,-69.70838,-70.85813,-71.2805,-72.3266
2752,False,-25.868328,-27.925686,-32.01055,-36.64297,-35.550922,-40.415367,-40.858337,-41.382946,-45.85217,-46.64373,-48.379738,-47.25668,-51.281944,-52.881508,-51.37288,-53.9244,-56.067966,-59.48028,-62.29742,-61.967003,-62.98723,-61.480747,-62.980495,-65.9156,-64.7881,-66.66444,-68.24376,-70.05955,-71.12753,-72.23836,-72.03195,-71.80491
2784,False,-21.888977,-25.854816,-35.593697,-40.26013,-39.550434,-41.17015,-39.74246,-38.92347,-46.2045,-42.887074,-48.166126,-47.625084,-48.630554,-50.65504,-50.234303,-53.953915,-53.596462,-60.411697,-60.562477,-62.07685,-60.181305,-58.61248,-61.714165,-62.39389,-63.727955,-66.745415,-68.932175,-67.379005,-67.89586,-69.290306,-68.25604,-70.65212
2816,False,-28.1686,-30.079376,-34.39459,-39.31967,-37.478348,-42.027515,-41.136635,-42.15376,-46.737553,-47.139923,-50.202557,-45.988205,-47.19412,-52.073612,-50.333557,-53.28844,-54.67325,-58.930496,-58.732643,-59.561897,-60.557217,-59.573936,-61.29328,-63.92496,-63.291374,-63.59558,-65.60739,-67.656586,-68.58304,-69.00325,-71.24223,-71.26985
2848,False,-26.094604,-32.290974,-33.18649,-37.367615,-35.892075,-41.48064,-40.90104,-40.565258,-41.897083,-41.19772,-46.784035,-45.07132,-46.04263,-51.006287,-51.655487,-56.571526,-56.83116,-57.79903,-62.157936,-61.389687,-58.912434,-61.183743,-61.912098,-62.228527,-61.314697,-63.095406,-64.979065,-65.509155,-68.01949,-70.77134,-72.294334,-71.28247
2880,False,-26.539595,-32.312424,-38.38672,-40.952374,-38.397102,-43.949432,-43.50655,-44.71115,-39.654594,-42.295895,-47.98292,-45.185814,-47.567375,-48.629128,-48.54649,-50.936775,-52.652973,-58.092705,-59.84613,-59.73014,-61.918648,-60.44213,-60.204315,-62.856606,-63.19938,-63.95342,-67.16611,-67.78253,-70.218185,-71.832855,-71.35768,-72.1832
2912,False,-26.73824,-28.595602,-33.22548,-37.994648,-38.16469,-43.687664,-43.520058,-39.584915,-41.185986,-45.573193,-46.77649,-41.306324,-44.11071,-48.244087,-49.794853,-53.415733,-55.18785,-58.332596,-58.26269,-56.829563,-60.218964,-62.464905,-62.555824,-62.265285,-62.042805,-64.21258,-65.19974,-66.530754,-69.51596,-71.28578,-71.89238,-70.69478
2944,False,-29.32568,-30.605593,-34.49629,-38.07303,-37.982697,-39.864082,-41.139446,-40.860687,-44.504517,-44.74295,-46.78906,-40.67766,-40.88253,-47.612045,-48.820625,-53.6649,-54.416256,-53.653988,-55.76405,-56.13764,-56.73073,-58.815647,-60.34225,-60.551277,-59.720592,-63.277107,-64.544304,-62.469578,-66.09444,-67.42602,-68.75873,-69.81041
2976,False,-28.48642,-27.614552,-33.8936,-34.45342,-34.159027,-37.713253,-33.413162,-29.969284,-31.488194,-37.58471,-35.785946,-31.36326,-29.93526,-33.762894,-34.092808,-32.149525,-35.268467,-40.437393,-44.966812,-48.824104,-46.027695,-47.905945,-47.16758,-52.174335,-55.96615,-56.15982,-57.380795,-59.526997,-55.60575,-57.244972,-62.398342,-63.965347
3008,False,-26.90261,-30.146347,-30.667658,-28.72671,-29.15176,-30.375107,-31.5464,-26.371021,-30.93498,-33.207237,-31.067354,-28.829706,-28.876696,-30.571959,-33.411186,-30.396587,-36.385902,-41.597527,-40.455772,-44.388702,-42.08751,-43.51835,-45.166836,-51.746674,-52.392395,-54.157986,-55.12465,-57.16453,-51.89814,-55.18379,-59.779324,-62.847397
3040,False,-29.911863,-25.532019,-32.325493,-32.749092,-31.033443,-33.027374,-39.395267,-30.759933,-30.834341,-32.670547,-38.04031,-36.067505,-35.5616,-35.323112,-39.95745,-43.9872,-45.960052,-45.470768,-48.458134,-51.390987,-52.62275,-51.8386,-54.067482,-55.70009,-56.915314,-56.391903,-60.60267,-63.719517,-60.3078,-63.431202,-66.3931,-67.14817
3072,False,-29.918049,-33.39121,-35.93128,-38.32173,-35.070656,-34.834217,-37.001965,-36.030807,-31.753418,-34.336025,-41.465206,-39.608788,-38.09256,-41.14443,-43.211826,-44.099228,-46.48565,-46.684147,-50.233185,-52.62143,-53.814053,-53.46644,-55.646366,-58.157154,-58.085484,-58.017086,-59.719692,-62.575382,-62.075382,-64.05255,-68.207535,-68.83237
3104,False,-26.114063,-33.20106,-31.701586,-35.735424,-37.012413,-41.819466,-41.287617,-41.495228,-33.831947,-38.91079,-42.916374,-38.418556,-39.539024,-42.928467,-40.914375,-46.171223,-49.008747,-50.535866,-52.112984,-56.949707,-56.985188,-56.312603,-55.848904,-57.500374,-61.10089,-63.049168,-63.225456,-64.56828,-63.548016,-66.53783,-69.66121,-67.72693
3136,False,-28.819962,-33.424324,-37.15474,-37.315285,-33.213844,-37.79187,-37.820812,-35.907585,-34.13928,-34.596287,-43.24933,-37.75789,-41.212353,-43.63244,-41.94435,-43.770775,-47.287907,-53.724785,-53.405853,-56.723843,-58.48414,-57.63366,-56.120102,-59.487396,-62.46488,-61.79135,-64.60893,-64.94323,-65.820755,-68.77149,-70.85525,-69.9639
3168,False,-28.545378,-31.437813,-31.687737,-35.923927,-36.80325,-42.31136,-39.02391,-35.900528,-32.029488,-34.01642,-42.125137,-39.405083,-40.84577,-45.645786,-44.65986,-44.89383,-48.48541,-55.007744,-57.402287,-57.563953,-58.676754,-56.916958,-55.36711,-60.884125,-63.592293,-64.45832,-64.54845,-66.79527,-67.242256,-68.712326,-70.492065,-69.38687
3200,False,-27.264484,-27.17621,-33.705406,-38.39709,-36.61086,-40.36075,-39.082253,-38.643784,-35.71064,-38.663456,-44.181026,-42.36536,-43.407665,-45.03019,-45.493744,-44.96228,-48.452038,-55.487587,-55.182777,-57.664112,-60.973698,-58.373642,-58.275284,-62.915726,-64.49491,-64.52409,-66.5996,-68.124664,-69.30888,-72.79977,-72.531265,-71.37722
3232,False,-30.054787,-31.388351,-35.380764,-36.96567,-34.550842,-39.51625,-42.920486,-41.561455,-39.368217,-34.814434,-43.145466,-41.53321,-41.172012,-43.115826,-44.729836,-47.197247,-51.601547,-54.62393,-58.819393,-58.340584,-58.87729,-57.889133,-61.68209,-62.34099,-62.624176,-64.40674,-67.10992,-69.05328,-68.736206,-72.61733,-73.0239,-71.33392
3264,False,-26.609602,-30.098969,-35.796192,-40.37288,-37.56833,-44.401123,-42.178246,-40.398083,-35.41354,-37.008965,-45.94522,-47.364273,-47.822872,-46.15845,-46.410645,-51.081833,-56.89839,-56.125126,-58.69124,-59.26883,-59.751778,-59.294685,-61.341213,-63.257446,-64.85569,-67.303925,-70.330765,-68.83333,-69.84497,-72.923134,-72.68319,-71.46097
3296,False,-25.364683,-29.148575,-33.094715,-37.75932,-34.945236,-42.107445,-44.00952,-42.61167,-38.204014,-41.930138,-45.564552,-40.549168,-42.437523,-46.789783,-45.294205,-50.24244,-55.601955,-56.435642,-61.012512,-62.091183,-59.068275,-58.96362,-63.008484,-65.38781,-65.73764,-66.88297,-70.10362,-71.93877,-71.08787,-71.54404,-71.6599,-72.11488
3328,False,-27.354763,-32.141914,-31.903168,-35.972355,-37.24715,-44.28226,-41.582825,-40.8535,-42.35951,-36.358063,-45.794098,-44.34488,-47.25061,-45.606934,-46.169964,-53.050903,-52.50588,-56.124306,-58.688118,-61.246944,-59.8751,-60.417793,-63.28674,-64.49218,-67.21895,-68.50309,-69.92077,-71.00579,-71.0473,-72.30983,-73.19844,-72.771385
3360,False,-23.577423,-32.42487,-33.686028,-37.95556,-33.67099,-40.008957,-38.84144,-41.350693,-39.671516,-37.409252,-46.611458,-45.398144,-47.47712,-47.348633,-47.87941,-48.256386,-50.673218,-57.151146,-61.93743,-62.844078,-60.625362,-60.47322,-62.61418,-64.18703,-65.770386,-67.500084,-68.725395,-72.055466,-72.35531,-72.41285,-72.72418,-72.6642
3392,False,-27.997303,-32.669243,-36.53994,-40.68473,-36.098328,-39.608177,-42.384182,-40.08168,-40.701485,-34.904236,-48.037872,-44.220905,-47.371105,-45.40323,-46.46074,-51.59727,-53.221706,-55.601215,-59.338585,-62.204346,-62.58211,-64.36374,-64.8828,-63.822323,-66.95995,-69.16821,-70.22381,-70.92772,-71.14206,-73.10798,-73.9274,-72.84238
3424,False,-26.240007,-29.28213,-34.603462,-39.787163,-40.40423,-42.82349,-43.358784,-45.89022,-40.1073,-33.642685,-46.91752,-44.260784,-46.985153,-47.67608,-49.815086,-53.97544,-53.185707,-57.496395,-59.21204,-60.242496,-61.620785,-62.25662,-65.17959,-65.122475,-66.15564,-68.425896,-68.70353,-70.91022,-71.91895,-73.55299,-73.05873,-72.7459
3456,False,-27.411554,-30.850782,-37.855446,-41.252174,-40.08819,-42.285713,-42.560345,-42.44281,-40.15053,-36.91599,-51.527893,-46.698765,-48.161682,-51.751945,-50.535973,-52.187767,-54.558784,-61.090454,-61.20283,-62.618988,-61.77539,-61.387676,-63.90078,-65.6172,-65.813065,-66.50811,-71.10811,-73.43948,-71.70096,-73.39938,-74.92968,-70.54902
3488,False,-24.612226,-25.801208,-35.12471,-33.954777,-36.863655,-38.840755,-32.020294,-29.646965,-34.611332,-35.698887,-36.153534,-30.219505,-29.460728,-28.933262,-28.573284,-25.805119,-27.822006,-31.82821,-38.224228,-43.693016,-37.87818,-37.427982,-35.581867,-39.400986,-36.67353,-34.702858,-37.415386,-31.959614,-26.816093,-27.004843,-31.77334,-32.679028
3520,False,-23.917812,-26.616936,-29.99238,-24.701298,-28.413422,-28.06918,-28.538647,-22.157345,-27.546816,-33.80916,-28.39137,-26.703419,-26.239422,-22.529835,-24.986675,-21.86127,-25.545193,-28.55446,-30.054453,-35.472923,-30.667068,-28.077576,-29.27721,-32.929012,-29.727139,-27.167011,-31.072659,-27.787216,-21.991676,-22.812199,-26.499586,-27.340477
3552,False,-21.423534,-29.815807,-33.512897,-28.355062,-31.545197,-32.27827,-35.78675,-31.145918,-34.76493,-33.34365,-41.120663,-36.84825,-33.69986,-31.758919,-36.470745,-34.43998,-36.464314,-41.328712,-42.357944,-46.967167,-42.345333,-39.064507,-43.26916,-45.83584,-44.73584,-40.676826,-38.31658,-38.735626,-36.61431,-36.799133,-41.18999,-44.392986
3584,False,-24.95819,-28.852541,-30.248577,-32.53059,-33.625458,-37.702465,-43.641373,-36.88676,-37.436684,-33.189972,-41.733166,-41.164116,-41.203087,-41.378563,-44.07006,-39.225574,-42.21746,-46.472244,-46.69334,-48.19609,-46.441456,-43.719513,-46.450645,-48.130802,-47.040848,-43.951015,-44.666935,-45.056755,-39.88497,-40.631233,-45.622982,-47.665947
3616,False,-26.781578,-32.1679,-34.31416,-35.313454,-37.227177,-43.333405,-42.95205,-39.75011,-39.894394,-33.989307,-43.062325,-45.15354,-45.097828,-42.86506,-44.23006,-42.98348,-46.502182,-46.05411,-47.737938,-49.879032,-48.785164,-50.430447,-51.367035,-51.019073,-50.385242,-46.285496,-47.38578,-48.92177,-44.913708,-48.015053,-52.177547,-53.820133
3648,False,-24.43172,-31.584667,-32.850254,-36.784813,-36.19186,-38.16395,-42.840736,-39.15741,-41.023006,-38.539986,-46.784405,-47.32556,-48.218773,-43.477936,-45.463905,-47.250046,-51.10296,-52.704575,-51.40095,-49.28535,-48.586384,-48.969536,-52.974403,-55.839443,-55.846054,-52.93197,-53.262295,-50.913662,-49.208565,-49.979534,-56.64537,-59.34102
3680,False,-24.492998,-31.34042,-33.40011,-38.287273,-38.130116,-40.491714,-44.365646,-42.167274,-40.42976,-41.61065,-48.63662,-45.997055,-49.248356,-47.06873,-46.0594,-46.072613,-47.806095,-55.198494,-51.93819,-48.917446,-48.56791,-57.661095,-55.82643,-55.730434,-57.321514,-55.338936,-55.37461,-55.67157,-51.82549,-54.03255,-60.818104,-63.882538
3712,False,-24.276876,-28.393135,-33.46749,-39.855896,-36.62743,-40.943943,-44.385437,-43.5167,-42.055817,-41.2849,-46.43651,-46.929733,-49.717087,-49.909534,-48.78351,-49.308014,-51.356384,-54.1626,-56.596752,-50.18918,-49.225998,-55.039257,-62.163284,-60.88131,-61.18033,-60.66055,-58.88423,-58.83728,-57.315994,-60.549618,-64.01817,-67.057625
3744,False,-25.879515,-31.831566,-32.51622,-38.86038,-37.023373,-40.592117,-42.57292,-43.42546,-46.244392,-46.341953,-47.07477,-44.413445,-45.062584,-48.6809,-45.74707,-50.399433,-54.205276,-56.845036,-58.870865,-49.73936,-49.130554,-57.009464,-61.60263,-62.86801,-61.761913,-63.079002,-64.08542,-63.25163,-60.09489,-62.081715,-67.391975,-70.31318
3776,False,-21.435299,-30.148064,-33.99733,-39.453087,-37.46963,-41.91662,-43.212948,-45.128635,-47.431313,-42.299084,-48.79339,-48.50391,-48.266926,-49.194714,-48.39048,-54.42923,-54.861107,-57.218315,-58.896923,-51.207565,-50.560394,-60.515266,-64.163414,-65.96614,-68.19445,-66.752174,-65.044945,-63.676308,-64.87448,-66.36688,-69.470985,-70.51524
3808,False,-24.3297,-27.858238,-33.078888,-35.457092,-36.793243,-43.30116,-42.827568,-40.338135,-45.338226,-42.356678,-49.437355,-49.386505,-46.212925,-47.404854,-49.608665,-56.24238,-54.876823,-57.88344,-59.376183,-50.69784,-50.467262,-61.733696,-63.508972,-64.143524,-64.75698,-66.65134,-69.316795,-68.11715,-66.64543,-70.51478,-73.66075,-72.24574
3840,False,-25.945265,-30.59103,-31.453476,-35.1739,-34.994392,-41.35357,-42.858967,-41.620514,-46.26488,-43.110348,-52.050102,-48.095657,-46.88211,-50.719185,-52.11139,-55.707184,-53.487877,-56.49983,-58.84349,-50.152393,-49.661705,-60.411354,-63.162354,-64.42073,-63.953293,-67.82573,-68.815735,-70.18795,-69.400246,-71.526726,-73.34201,-72.41606
3872,False,-23.004578,-27.245323,-37.905983,-35.263172,-37.760155,-40.665787,-43.053932,-43.11035,-43.956085,-40.924534,-48.949284,-46.370865,-46.117355,-50.936703,-49.04907,-51.767746,-55.315735,-59.130806,-59.848106,-51.1736,-50.65136,-62.604332,-65.28851,-64.91677,-64.30132,-67.59723,-70.835464,-69.54781,-70.68667,-70.786095,-72.98132,-71.75828
3904,False,-27.761003,-29.567297,-34.44308,-38.67894,-36.106743,-41.717953,-42.11203,-41.94652,-43.859886,-39.057747,-48.484123,-47.396194,-47.77592,-49.49611,-52.247814,-57.76776,-56.803974,-57.890724,-62.827415,-52.577507,-52.209778,-60.68731,-62.361137,-64.48047,-66.88811,-67.26846,-69.35888,-70.51736,-70.29892,-71.15389,-72.233246,-70.97741
3936,False,-31.707119,-31.315037,-32.096756,-38.84073,-34.705,-41.984543,-41.07334,-41.905056,-43.816685,-39.324364,-47.426147,-45.23397,-45.727238,-49.539436,-48.93589,-55.076103,-53.966198,-60.28679,-60.151474,-53.75694,-53.970238,-60.684814,-62.59961,-64.59859,-64.58299,-66.83442,-68.861664,-69.64469,-70.4915,-71.96519,-72.517494,-71.33235
3968,False,-26.206501,-29.001137,-33.492912,-38.099087,-37.198685,-39.475517,-41.217937,-43.20372,-45.94887,-42.764492,-49.710712,-46.733265,-49.9916,-52.233063,-49.499092,-54.26907,-55.210033,-60.433334,-61.632404,-55.123135,-54.88052,-63.426178,-63.3322,-63.030453,-65.10224,-68.071335,-68.7246,-71.13005,-72.40754,-72.30844,-71.954544,-71.25537
4000,False,-28.980095,-32.255253,-32.06978,-36.058342,-38.611946,-39.55121,-44.896282,-40.73455,-42.2472,-40.315155,-46.795696,-45.785767,-45.727524,-52.479233,-50.567226,-52.86024,-55.216373,-61.370903,-62.43971,-59.221935,-58.884995,-62.621864,-64.490265,-65.04045,-62.954514,-66.78229,-68.98076,-69.65962,-70.4987,-72.98416,-73.261505,-72.88229
4032,False,-30.009865,-28.904755,-32.407524,-30.241158,-27.316143,-32.786774,-29.099958,-25.773848,-30.826176,-37.782505,-30.58112,-27.396887,-26.733086,-30.678104,-30.854864,-28.508871,-32.53649,-37.50384,-41.08226,-45.478127,-41.90856,-44.628693,-43.338615,-47.914547,-52.053513,-53.50266,-54.811493,-57.908596,-52.54921,-54.873375,-56.712795,-62.189255
4064,False,-33.096466,-27.702473,-29.911201,-31.07555,-31.985262,-30.365543,-35.949642,-29.597998,-34.98253,-37.19159,-32.889282,-33.79558,-33.856884,-34.20941,-38.243793,-32.847538,-40.310974,-46.149246,-44.166832,-48.88507,-46.828156,-46.70121,-50.943214,-54.80613,-56.7937,-56.90493,-59.064404,-60.56166,-56.89566,-61.138653,-64.73538,-66.89408
4096,False,-27.419586,-27.148392,-30.135653,-32.413265,-33.160576,-35.723335,-39.068935,-33.884552,-39.47467,-45.654797,-43.084393,-39.509514,-38.37951,-35.15562,-41.371635,-45.329605,-48.718452,-52.084213,-52.1516,-59.321636,-55.5901,-53.861774,-58.586193,-59.359467,-60.831306,-61.79855,-63.64777,-67.03469,-67.79274,-69.89745,-71.633385,-71.818245
4128,False,-25.36373,-34.52144,-38.337402,-39.531425,-37.395176,-41.07174,-42.87079,-39.28875,-45.010525,-45.432747,-43.659225,-42.80203,-43.34213,-44.71337,-45.545143,-49.97993,-49.0244,-52.804607,-56.854053,-59.140583,-58.677273,-58.475834,-62.66246,-61.508656,-63.832687,-63.979195,-64.65504,-68.84059,-68.11172,-70.67397,-71.535355,-70.848526
4160,False,-25.47292,-27.88848,-33.39413,-36.98115,-38.097866,-41.826626,-42.032616,-42.750313,-44.97562,-41.086956,-43.973675,-41.718117,-45.905968,-42.61714,-43.794853,-49.062847,-52.95856,-53.922104,-53.17911,-60.02449,-60.873512,-61.72222,-63.53505,-64.27722,-64.486015,-67.93759,-68.77104,-69.48524,-69.91479,-70.97833,-73.11702,-71.31374
4192,False,-24.409407,-30.037214,-30.887526,-35.225197,-35.745182,-42.413414,-41.781067,-41.656647,-47.85129,-49.06919,-46.0479,-45.82699,-49.078175,-44.376747,-47.12149,-55.428314,-55.533592,-56.628822,-58.912968,-56.819668,-56.70841,-60.34204,-62.65066,-63.191193,-64.88676,-67.57486,-69.4424,-70.70088,-72.08093,-73.28931,-72.210686,-71.02921
4224,False,-22.952547,-26.437347,-36.349396,-36.07742,-35.645107,-40.252567,-43.597282,-40.213974,-43.330696,-44.139805,-48.025646,-49.0869,-50.72327,-45.32537,-46.457157,-52.95439,-52.80976,-56.15414,-57.957417,-58.31817,-58.711304,-62.481865,-66.41314,-64.504555,-65.42335,-66.89405,-69.59237,-71.520065,-72.67008,-72.624886,-72.19696,-71.66522
4256,False,-24.336544,-26.988756,-31.056725,-35.924213,-37.07489,-40.52304,-43.186028,-45.75215,-46.954952,-48.62598,-50.17209,-49.82218,-50.699677,-46.732094,-49.946716,-55.1516,-52.188026,-58.860626,-61.55407,-60.46472,-62.10747,-66.41039,-64.86952,-66.018135,-66.338646,-65.98169,-68.68947,-69.720764,-70.599754,-71.67579,-73.09571,-74.42176
4288,False,-21.39618,-26.152538,-35.738148,-37.713875,-37.567474,-40.475166,-40.77667,-45.08759,-46.898502,-41.9101,-49.23225,-47.671463,-50.306664,-47.072838,-46.681038,-52.965942,-53.218742,-59.968624,-62.437366,-60.69816,-61.416813,-63.60399,-64.50812,-65.18554,-65.08296,-66.921875,-69.225105,-71.424095,-71.08815,-72.861206,-71.60234,-71.35022
4320,False,-25.55486,-25.787987,-30.922447,-40.17683,-37.24591,-40.113014,-41.84477,-45.181385,-45.39608,-46.289513,-47.42949,-51.17077,-48.393536,-45.370277,-47.048985,-55.41988,-53.724403,-60.013256,-60.625793,-61.498,-60.392746,-62.662148,-64.738014,-64.00035,-64.06766,-67.995834,-68.697716,-71.57189,-70.92213,-73.020096,-72.86359,-71.16764
4352,False,-22.434814,-24.448881,-32.099365,-39.499798,-38.261356,-43.877884,-43.35852,-45.903473,-44.559914,-47.344135,-45.657192,-46.257473,-47.388954,-50.27517,-48.576126,-51.576416,-56.490616,-59.73234,-62.48342,-58.423367,-58.796577,-61.89867,-64.261505,-64.76005,-67.450935,-67.20063,-68.187195,-70.32863,-71.73365,-72.00812,-71.9755,-72.536
4384,False,-24.843689,-23.9057,-31.805634,-37.484833,-40.80192,-44.633404,-41.42501,-43.02343,-45.43974,-45.962425,-47.479446,-37.500195,-41.007904,-47.097584,-44.20198,-52.009537,-57.0371,-60.48957,-61.37789,-55.66524,-55.828533,-61.20427,-61.922287,-63.508873,-63.664436,-66.50681,-66.956894,-69.5588,-71.31224,-69.85185,-71.80117,-72.07668
4416,False,-19.609015,-23.529627,-30.097698,-35.608696,-39.169262,-40.035244,-42.201916,-44.159145,-44.64182,-48.39571,-51.48052,-35.348927,-37.63395,-47.766552,-47.5542,-54.268654,-54.863987,-58.29529,-59.873184,-55.984196,-55.33443,-62.092056,-63.148445,-63.182648,-65.97545,-67.24826,-69.04027,-71.12909,-72.15531,-73.93014,-73.98097,-72.483086
4448,False,-16.964853,-22.41213,-33.585445,-37.712162,-37.316692,-41.07023,-39.644398,-41.49257,-46.629135,-44.708477,-46.515434,-36.09323,-39.492386,-45.199123,-44.685917,-51.84341,-56.439472,-58.89227,-59.077904,-56.00162,-55.939423,-63.142555,-64.16324,-63.919086,-66.3387,-68.988556,-70.001175,-70.82623,-72.38791,-73.09041,-73.56723,-72.68875
4480,False,-17.008167,-25.088684,-29.965189,-35.83944,-33.857166,-43.729767,-39.415756,-42.739357,-45.592476,-44.954838,-51.50865,-35.749268,-38.710033,-44.40085,-46.7492,-53.171265,-52.677837,-60.09153,-61.672173,-58.92391,-60.16811,-63.890312,-64.13602,-64.16365,-65.53957,-67.527435,-68.951126,-71.99531,-72.97515,-73.13858,-72.97223,-74.00443
4512,False,-17.943377,-25.296375,-33.70768,-37.51079,-33.96797,-41.036205,-42.76775,-43.86436,-43.869766,-44.116714,-45.070045,-38.577347,-41.688213,-46.436153,-51.799885,-52.84422,-54.25667,-58.420113,-58.537216,-58.289085,-59.855644,-64.992546,-64.3471,-64.58277,-64.71285,-68.103294,-70.773674,-71.56687,-72.29382,-73.96442,-73.09188,-71.8329
4544,False,-17.716003,-23.86999,-34.72096,-36.61302,-37.025074,-44.78334,-43.67022,-44.30297,-48.577404,-47.948803,-45.691994,-40.208683,-41.41015,-47.190495,-49.35103,-52.705227,-54.578724,-55.79075,-59.360954,-60.612167,-59.136677,-61.830406,-63.34522,-62.793232,-65.11043,-68.69775,-68.32824,-70.27712,-70.861664,-71.63396,-72.725586,-72.36674
4576,False,-19.167707,-25.0849,-27.998592,-24.73488,-27.822437,-30.284847,-24.47564,-22.147532,-27.355259,-33.586136,-28.539953,-23.850002,-23.011967,-21.44901,-21.977459,-18.98513,-21.429104,-24.933422,-29.762583,-35.62475,-29.467623,-28.557348,-27.288801,-31.312881,-27.638102,-25.453266,-29.2616,-24.53944,-19.071934,-19.771072,-23.766794,-26.35934
4608,False,-19.099663,-24.953617,-27.855366,-26.491642,-29.599352,-27.36753,-33.28859,-27.018986,-33.683846,-41.26903,-33.923065,-32.991764,-31.50363,-28.251589,-31.817078,-28.695602,-33.031403,-39.467693,-36.075264,-40.02487,-37.75526,-34.647057,-38.72539,-42.014755,-39.150986,-35.87264,-36.932594,-35.5584,-31.382648,-32.858536,-36.87063,-38.510876
4640,False,-16.228764,-25.199585,-30.703403,-30.751442,-32.155582,-35.52242,-39.562084,-33.012062,-37.137154,-39.89309,-40.895454,-37.13324,-37.93386,-32.585464,-38.408104,-39.520786,-41.09949,-43.79502,-44.000874,-45.997612,-41.37606,-39.396027,-44.90275,-46.037285,-45.280518,-41.09448,-40.80326,-40.288048,-38.32562,-38.22311,-43.089615,-45.753082
4672,False,-18.214626,-26.27666,-28.674927,-34.292484,-34.95788,-38.004684,-40.981575,-40.744114,-44.208702,-45.735035,-41.433243,-43.050503,-45.81596,-41.760086,-41.892662,-40.13182,-41.933323,-44.690075,-48.860973,-50.46414,-48.241352,-44.97433,-48.397346,-48.7536,-48.859825,-45.597477,-46.81396,-46.690536,-42.01613,-44.012028,-48.815018,-50.71807
4704,False,-19.384548,-23.448578,-30.86851,-37.172287,-34.287964,-44.53194,-44.975376,-37.912766,-39.13662,-38.479237,-42.46953,-41.96685,-44.063072,-42.313057,-41.3887,-45.229794,-49.426426,-46.781227,-46.172935,-49.57951,-48.73017,-50.515335,-51.1237,-53.411552,-52.29138,-49.22702,-50.211987,-49.58721,-46.424747,-47.595753,-53.37642,-55.503372
4736,False,-18.114914,-22.839031,-30.516384,-36.284756,-37.60056,-39.06487,-40.7568,-41.54093,-41.43289,-34.573296,-46.051582,-40.746544,-43.31891,-44.68626,-46.71932,-48.70666,-49.387432,-52.121956,-52.285606,-52.14144,-50.652275,-51.164314,-54.996357,-58.207283,-56.489697,-53.91308,-55.235954,-52.809807,-50.356693,-51.762447,-58.34221,-60.086388
4768,False,-23.877949,-23.036476,-30.160656,-37.76506,-34.00124,-38.99689,-40.83862,-39.863724,-39.15399,-33.253525,-46.420864,-41.540127,-43.232437,-45.97795,-47.986168,-48.550793,-46.44966,-52.97431,-53.85347,-55.07917,-54.344173,-56.124634,-59.22431,-61.39054,-57.48184,-55.33543,-54.181335,-55.679436,-54.395004,-56.236843,-61.77796,-64.29383
4800,False,-20.74856,-24.830744,-31.307707,-34.42539,-35.047115,-37.473656,-39.918827,-40.2978,-40.083633,-40.929413,-48.773,-46.35527,-48.397423,-46.497482,-47.44938,-49.461514,-50.428963,-55.555767,-56.81195,-53.627056,-53.240704,-58.522247,-61.759926,-61.798912,-62.271576,-62.521317,-60.562378,-61.873436,-56.809486,-59.78626,-66.878174,-68.673744
4832,False,-22.812674,-22.967587,-32.566513,-35.182568,-37.183105,-39.131683,-39.1003,-38.713676,-46.556965,-40.253944,-45.73921,-46.768475,-45.27996,-43.62468,-44.117332,-50.052105,-54.616566,-55.63225,-57.806515,-57.274956,-56.040085,-58.81458,-64.254616,-62.11699,-63.332436,-63.833733,-63.467274,-63.27931,-61.681744,-64.23193,-68.75574,-69.455246
4864,False,-24.915699,-24.846315,-30.545837,-35.001568,-36.42312,-40.00328,-40.890717,-39.76008,-40.012093,-35.988934,-48.219143,-47.07316,-49.877834,-44.99002,-46.674057,-51.49095,-54.932693,-60.020554,-59.655075,-58.40164,-58.998016,-59.88195,-63.016136,-64.748634,-66.526474,-64.32084,-63.904343,-65.509094,-65.66562,-67.457436,-72.48502,-71.03705
4896,False,-23.118725,-27.41232,-30.978662,-36.442482,-35.134274,-42.89715,-40.954086,-43.68907,-40.939507,-32.137173,-45.83304,-49.44594,-42.491776,-42.953323,-45.308075,-49.735428,-51.624416,-54.965588,-59.243374,-57.104015,-57.17124,-61.12473,-61.90523,-62.98501,-65.35859,-64.690346,-66.906296,-68.937614,-67.19159,-69.29562,-72.227486,-72.1215
4928,False,-25.661163,-31.131447,-35.71427,-38.43795,-36.510048,-41.094685,-42.664967,-43.608994,-35.68914,-28.00706,-46.757015,-45.85585,-42.386364,-44.507805,-48.037987,-48.81163,-51.51747,-54.71666,-62.426476,-59.08243,-60.3474,-62.963047,-63.69194,-65.33252,-64.243256,-66.25294,-69.705086,-69.43942,-70.635826,-71.58459,-71.806046,-73.009865
4960,False,-26.568058,-33.717964,-33.545227,-38.757294,-38.75304,-44.78402,-42.246346,-42.71585,-37.653206,-29.857016,-46.302055,-46.261925,-42.83329,-46.897778,-50.345062,-50.82151,-50.425915,-55.801437,-58.466576,-62.830692,-62.680412,-61.81231,-63.12542,-64.68139,-64.968,-66.459274,-69.4318,-70.86686,-71.151184,-71.82353,-72.84874,-72.76476
4992,False,-25.772058,-26.918467,-35.496708,-35.341667,-36.15892,-41.670357,-41.092953,-41.492653,-38.481476,-31.99619,-46.867386,-48.19684,-44.57539,-45.82979,-47.758484,-44.89963,-48.933025,-56.91372,-59.748543,-61.59327,-61.429554,-62.219273,-63.293396,-65.14627,-65.46063,-67.64443,-67.60965,-71.38936,-71.80075,-71.31831,-72.809074,-71.69144
5024,False,-29.675083,-32.19542,-37.529755,-36.442238,-36.528355,-41.494545,-43.522964,-44.724087,-42.510025,-39.14114,-50.885014,-49.407425,-47.909184,-48.179356,-48.35203,-42.4618,-43.955555,-55.395752,-58.61345,-61.7868,-63.21352,-61.2434,-63.133377,-65.19754,-66.086395,-67.73089,-69.576294,-70.85054,-73.10699,-73.061516,-74.19611,-73.06953
5056,False,-24.247944,-27.96659,-31.830791,-33.08898,-33.129025,-42.008965,-46.39153,-45.319004,-42.77632,-39.644463,-46.255665,-46.220566,-45.607418,-45.617867,-48.333336,-47.48791,-51.02472,-55.965637,-60.60123,-62.495537,-63.564716,-63.41612,-63.931923,-66.58477,-66.26792,-67.63228,-67.749664,-69.530685,-71.56055,-74.21406,-74.197044,-73.11069
5088,False,-26.459425,-32.34569,-32.10112,-39.711014,-37.14502,-41.1272,-41.392704,-42.514328,-46.828583,-44.278793,-45.952362,-48.718338,-47.943344,-48.015385,-47.29246,-47.926327,-51.33822,-57.068535,-60.32794,-62.65736,-62.901794,-63.99885,-62.82066,-65.64452,-64.7091,-65.42958,-68.931526,-71.48905,-72.8246,-71.9057,-72.29947,-71.04721
5120,False,-22.657856,-26.789982,-35.614914,-30.511122,-29.874105,-32.293182,-30.93542,-25.738762,-29.174757,-35.184227,-29.517965,-26.939724,-25.877697,-29.893158,-30.143032,-27.502851,-31.23199,-36.36913,-39.46122,-44.129257,-40.84433,-43.47632,-42.312805,-47.623974,-51.681942,-52.65616,-54.04924,-57.21973,-51.572365,-53.54367,-54.96195,-59.95302
5152,False,-23.289482,-28.35576,-32.929565,-30.617073,-30.306273,-31.354591,-37.720913,-29.943546,-35.71439,-38.25811,-34.641132,-34.6267,-34.349327,-35.00706,-39.27463,-34.47465,-41.527092,-49.11328,-46.094585,-50.12626,-49.03359,-48.36163,-52.47376,-55.91116,-56.435658,-57.809677,-60.50698,-62.573814,-59.351078,-63.227783,-66.784355,-67.76132
5184,False,-21.749657,-29.265587,-35.04221,-33.86302,-33.569405,-36.292458,-39.65175,-37.077713,-39.966568,-37.637,-43.14369,-40.161404,-40.45597,-36.232582,-41.936478,-45.642197,-47.37022,-50.847725,-52.08761,-56.677456,-54.368988,-53.041473,-58.245716,-60.230526,-60.558052,-62.91388,-63.808475,-65.76929,-66.90314,-69.89789,-71.38557,-71.026184
5216,False,-25.147211,-26.428186,-31.341408,-35.5141,-35.440174,-36.37037,-37.994358,-42.350616,-46.558777,-40.437817,-39.833664,-39.851566,-42.627663,-43.129845,-47.306446,-41.252995,-43.887486,-52.016396,-54.216446,-57.9849,-58.933044,-58.47979,-60.801044,-62.112026,-61.87773,-62.238113,-64.57332,-68.27377,-66.49688,-69.160095,-69.61358,-70.746544
5248,False,-29.311699,-32.239334,-32.159122,-31.643064,-33.941826,-37.117695,-41.761364,-41.664776,-40.646038,-39.365128,-44.346714,-45.896374,-46.00359,-41.767075,-45.717308,-43.443916,-44.398857,-50.930595,-52.352524,-58.923157,-60.176758,-59.75766,-59.911285,-62.21783,-61.890293,-62.680145,-65.392715,-67.73945,-67.26569,-69.629105,-70.53221,-70.102394
5280,False,-26.371956,-29.165081,-35.003674,-37.69674,-35.936157,-37.616325,-38.28291,-40.17576,-43.017715,-37.650654,-46.341816,-48.532635,-44.88221,-44.242725,-44.56709,-40.78341,-40.131687,-54.85928,-55.646698,-57.59381,-59.26667,-59.80457,-60.567833,-63.43728,-63.741985,-64.93413,-66.81414,-68.91756,-70.34556,-72.851875,-71.49353,-71.03143
5312,False,-25.831367,-30.012033,-31.433243,-36.733826,-38.394405,-42.48302,-43.77418,-43.93618,-42.301807,-37.545425,-49.7579,-46.70231,-48.256454,-47.511345,-48.09281,-44.233128,-46.785435,-57.092796,-61.30203,-61.672478,-59.937817,-61.046844,-63.472527,-64.28183,-65.24075,-66.96435,-69.22968,-69.76439,-70.97739,-70.92943,-73.029465,-72.749535
5344,False,-25.31215,-33.25193,-34.600994,-36.992393,-35.518196,-43.22397,-42.700825,-42.358192,-43.027786,-40.43405,-48.8012,-49.43553,-47.3535,-46.54072,-46.330048,-49.141315,-50.88396,-54.573433,-56.57592,-61.260296,-61.894535,-61.882442,-65.10979,-66.99361,-65.66716,-66.48509,-67.64479,-69.6589,-71.74411,-72.92707,-72.96974,-72.01387
5376,False,-27.273016,-31.582596,-35.727352,-40.406433,-38.48046,-41.215828,-41.268993,-41.093517,-43.535885,-41.268955,-50.843452,-49.688896,-49.787872,-49.523014,-47.31022,-50.838943,-51.169857,-56.11605,-58.14611,-63.481018,-60.676018,-61.414467,-64.30472,-64.70304,-65.3268,-66.66953,-68.198006,-69.87321,-71.96777,-73.33145,-71.944855,-71.90423
5408,False,-28.185371,-29.674986,-33.342323,-38.922585,-39.134804,-42.18595,-41.853046,-43.67632,-47.378086,-45.494766,-49.120106,-46.736473,-45.520035,-47.890297,-48.987335,-54.429123,-53.946518,-56.667633,-59.5045,-60.237843,-63.001972,-62.38357,-62.67926,-65.45694,-66.4966,-68.53202,-69.195526,-71.370575,-72.54401,-73.21234,-72.222046,-71.264366
5440,False,-27.118145,-31.00616,-35.33377,-39.5912,-37.90257,-42.537773,-40.127914,-40.1047,-43.64313,-47.116085,-51.5317,-49.062992,-54.07194,-48.9898,-46.243797,-51.048466,-50.904007,-59.51128,-60.679058,-62.065697,-64.128525,-62.63977,-63.266834,-65.472145,-63.988136,-67.002075,-70.75807,-71.919716,-72.25356,-72.92777,-73.15378,-71.98752
5472,False,-30.708893,-36.700386,-36.48076,-40.960957,-38.529343,-43.22911,-43.477676,-42.174545,-44.008453,-48.273315,-49.43336,-47.894638,-48.92097,-47.85382,-47.599464,-52.030838,-54.83277,-56.89595,-59.07768,-61.206226,-63.403862,-61.199017,-62.38414,-62.770428,-65.85784,-68.986404,-70.95128,-70.49533,-71.57226,-73.69304,-72.56678,-72.6846
5504,False,-29.031675,-33.414307,-32.107025,-34.094692,-34.829056,-44.459705,-42.724815,-44.05178,-42.647995,-45.538807,-52.753532,-50.776543,-49.30007,-49.803177,-50.019306,-52.752213,-54.58086,-58.85931,-62.71401,-65.26057,-62.62209,-63.261547,-62.661747,-65.48416,-65.61409,-67.102196,-68.66025,-70.69708,-71.90072,-73.993576,-73.6594,-71.64177
5536,False,-27.83845,-30.491085,-33.01929,-36.45822,-36.188515,-41.72332,-44.182415,-42.35785,-48.36003,-45.196877,-46.23207,-46.68552,-52.37284,-49.444958,-49.9431,-52.197662,-53.545994,-59.713345,-63.97941,-62.646633,-64.5025,-63.54521,-62.961937,-65.498856,-64.73114,-67.00067,-69.61313,-70.69295,-72.76132,-73.398476,-73.11595,-71.0683
5568,False,-27.102137,-30.409052,-31.691721,-36.298603,-35.45738,-41.36549,-39.46746,-37.888138,-48.044453,-47.79707,-50.03048,-50.15342,-51.86794,-51.17024,-49.80183,-52.227417,-54.716763,-54.25071,-54.834385,-60.87487,-62.30972,-65.04371,-65.24641,-65.493286,-64.50699,-67.055504,-68.99435,-71.00204,-70.91851,-73.783325,-73.01435,-72.27018
5600,False,-28.422127,-29.83136,-35.852474,-39.32618,-36.105717,-41.044125,-44.21164,-45.57805,-45.731644,-44.74601,-50.164143,-44.92273,-48.62806,-49.231583,-48.199215,-49.078606,-51.9713,-53.57403,-55.864567,-62.30579,-64.15127,-65.2912,-65.1278,-66.14379,-65.767075,-68.71467,-68.69534,-70.15512,-72.13603,-72.525246,-72.01545,-72.35754
5632,False,-23.998346,-31.98006,-35.885784,-36.669964,-36.407654,-41.35403,-40.020996,-41.9918,-47.847977,-44.90129,-49.93036,-48.645073,-49.26788,-46.679092,-46.132576,-47.9242,-53.931255,-54.099995,-58.991165,-61.995205,-63.14558,-63.15578,-63.5422,-63.43978,-64.89099,-66.26018,-68.8837,-70.26775,-70.95084,-69.86463,-71.94351,-71.78014
5664,False,-26.171024,-32.79534,-29.327719,-24.497526,-25.956621,-28.116959,-24.364817,-20.834894,-26.240925,-35.609478,-27.51357,-22.921583,-22.53999,-20.682262,-21.782696,-18.464153,-20.978664,-24.466255,-28.96666,-34.72277,-28.806875,-27.5098,-26.420565,-30.16903,-26.937788,-24.989567,-28.314472,-24.83532,-18.54834,-19.086512,-23.942144,-26.448868
5696,False,-28.130413,-32.453773,-30.892172,-26.22623,-29.283657,-28.254429,-35.426414,-28.789091,-34.62994,-42.483757,-35.4212,-33.54311,-31.796196,-30.563059,-34.11759,-30.036982,-33.470997,-40.33947,-38.250584,-43.08509,-40.80727,-37.318188,-40.85432,-44.621536,-41.814457,-38.925434,-37.49744,-37.43872,-33.774525,-35.20465,-36.900383,-39.087204
5728,False,-30.224302,-28.125381,-30.410826,-31.546265,-32.5187,-33.50981,-38.466606,-32.527126,-38.206604,-46.38958,-41.732727,-39.471153,-38.62587,-34.348064,-39.61953,-39.59177,-43.07329,-45.658855,-45.015507,-50.451637,-43.728836,-40.68035,-45.503456,-46.271942,-45.63852,-42.061172,-42.443214,-41.502743,-39.287857,-39.05818,-43.392635,-45.383087
5760,False,-26.743568,-28.202911,-36.417675,-35.350975,-34.59547,-38.13278,-43.820805,-40.94872,-43.12157,-44.90544,-40.495686,-39.693836,-42.441334,-42.350086,-42.382965,-41.864082,-42.833916,-44.76844,-49.14568,-50.7361,-50.13215,-45.93761,-48.45848,-49.27793,-50.00967,-45.873417,-46.947815,-47.815773,-43.246708,-45.65124,-49.9972,-51.119873
5792,False,-23.660395,-27.947424,-35.498775,-37.077232,-34.90806,-40.600914,-43.051113,-42.77227,-43.254856,-44.232185,-47.331337,-43.92908,-42.80574,-43.453476,-44.97796,-47.417263,-47.57461,-47.3286,-47.03013,-52.513878,-52.80121,-50.266987,-51.583256,-53.567406,-52.43528,-50.39276,-51.03127,-49.63194,-46.953476,-47.61852,-53.79801,-55.97404
5824,False,-26.110285,-26.26403,-32.30516,-37.795506,-36.53622,-42.14527,-41.746758,-41.056637,-43.285557,-46.572575,-48.19358,-45.370567,-45.444275,-44.95117,-46.366776,-47.669147,-49.775436,-54.28206,-53.387714,-55.46675,-55.118484,-52.997993,-55.908607,-57.286407,-56.073044,-54.2931,-54.504734,-53.645813,-50.70187,-52.31035,-58.04492,-60.253025
5856,False,-22.035875,-27.155422,-33.454514,-37.484875,-34.497803,-39.011578,-41.10711,-40.122925,-46.30054,-46.019855,-47.509598,-41.14409,-43.93106,-48.513493,-47.990456,-50.690216,-51.741028,-54.64201,-55.83793,-58.557438,-58.948997,-56.009636,-58.7406,-57.268967,-59.54129,-56.27484,-54.960007,-56.76596,-56.13835,-58.004627,-62.781525,-65.37614
5888,False,-24.09815,-29.665867,-32.90112,-38.96654,-38.182037,-40.171776,-41.678043,-41.649246,-47.980125,-48.00371,-51.01563,-43.401627,-44.941948,-50.569397,-48.928566,-48.87833,-51.377033,-58.45626,-56.425232,-58.048737,-60.940742,-59.256226,-61.13437,-60.33176,-61.59829,-62.01512,-61.967644,-62.708263,-58.31478,-61.13652,-66.44746,-70.03833
5920,False,-23.382168,-25.663528,-31.715994,-35.919518,-35.77817,-41.708523,-38.734528,-40.629276,-45.081917,-44.729465,-49.62626,-45.35314,-46.84315,-51.398087,-51.698692,-51.47304,-52.25215,-56.750175,-57.987804,-60.118023,-60.502136,-59.04656,-61.557144,-62.08166,-62.81832,-63.643547,-62.74883,-63.64983,-61.618576,-64.948456,-68.32547,-69.98045
5952,False,-23.928682,-32.04276,-33.20183,-37.507195,-39.43142,-43.50692,-42.3521,-42.036686,-44.56082,-47.684273,-47.57995,-45.744343,-50.63866,-50.13561,-48.371727,-53.490406,-54.927193,-57.018585,-61.99818,-61.072594,-61.10369,-61.32275,-61.482433,-61.547398,-64.073845,-67.40948,-67.31874,-66.658356,-67.61083,-67.85312,-71.18528,-70.434555
5984,False,-24.545973,-33.539455,-33.333275,-37.288063,-37.321438,-40.958427,-41.082558,-43.746033,-46.07527,-48.788605,-52.21798,-44.024406,-47.312813,-49.937305,-48.298584,-52.53462,-54.94912,-56.532673,-60.998505,-62.138443,-61.715492,-61.789227,-62.817425,-63.4132,-65.40024,-66.36198,-67.4485,-71.5503,-68.50556,-70.15704,-72.98803,-73.279175
6016,False,-24.845297,-24.778732,-31.740902,-35.0361,-36.352142,-45.65101,-41.013508,-42.385883,-45.38025,-47.284157,-48.698536,-36.50597,-39.65166,-47.714073,-46.233635,-50.972137,-55.103516,-58.793854,-59.655045,-61.894966,-60.4751,-62.72474,-63.59699,-62.699562,-65.68369,-67.66359,-68.65358,-68.667534,-69.872574,-71.18688,-72.358696,-73.11677
6048,False,-23.48299,-23.864231,-35.400414,-37.38409,-36.26492,-41.718388,-40.43322,-40.530354,-44.20482,-50.618385,-49.512337,-40.062737,-42.45076,-47.06639,-46.74107,-53.823086,-55.475815,-59.629196,-63.60561,-62.02246,-61.37992,-61.062325,-65.05075,-64.731575,-65.42966,-69.134254,-68.821594,-70.06424,-70.75263,-73.63104,-72.87849,-71.96694
6080,False,-23.550922,-22.520908,-29.360558,-36.197334,-37.89246,-38.210114,-41.33289,-45.727676,-44.896313,-48.21975,-46.507877,-43.907303,-45.678654,-48.26516,-49.549313,-50.315506,-52.39161,-60.636658,-60.345238,-59.7624,-61.732082,-63.38192,-63.733387,-64.69916,-65.3439,-66.534805,-67.074776,-69.3377,-70.667946,-73.678825,-73.32051,-73.254074
6112,False,-23.15954,-21.464998,-32.983166,-36.91153,-35.643497,-40.651466,-37.980034,-41.90952,-43.04325,-47.53883,-51.670113,-45.07175,-41.36445,-47.55169,-47.85069,-51.308712,-55.455822,-59.703712,-60.45629,-61.97467,-61.98086,-63.109505,-63.178024,-62.601715,-63.379074,-66.30467,-68.358986,-70.75234,-72.90456,-74.458954,-73.50736,-73.813644
6144,False,-21.17973,-24.4662,-30.917368,-35.78784,-37.25989,-40.8781,-39.658356,-39.009567,-44.11464,-49.512383,-50.004555,-43.634552,-43.334137,-46.054417,-50.297874,-52.229736,-52.99685,-56.51602,-60.70224,-63.106728,-64.72064,-62.635162,-61.56349,-62.676907,-64.94571,-66.70617,-69.901764,-71.786896,-70.91321,-72.259,-71.24579,-70.57993
6176,False,-20.169083,-19.329372,-28.449755,-34.222855,-36.819252,-40.08198,-40.536533,-38.975426,-41.575592,-45.08373,-45.63935,-39.359097,-38.68108,-42.006966,-42.065857,-41.58519,-44.586388,-49.977703,-56.474083,-59.21961,-56.74881,-58.352844,-57.478424,-59.959763,-62.74004,-62.670383,-65.317245,-68.715904,-66.586494,-64.36538,-67.6393,-69.463264
6208,False,-21.718046,-25.924824,-32.295757,-29.06132,-27.472118,-28.109457,-30.597866,-23.781551,-28.459232,-34.346443,-28.643806,-28.075047,-26.305504,-29.36855,-30.679667,-27.460737,-32.82951,-37.706642,-38.376396,-42.848526,-40.149902,-41.95942,-42.604565,-47.60685,-50.868576,-51.6875,-53.376633,-55.564426,-51.359375,-49.154137,-57.261738,-61.391903
6240,False,-20.783445,-22.027693,-28.28332,-36.377995,-32.54556,-31.3843,-37.55121,-33.34847,-38.05023,-39.695244,-39.9445,-37.711998,-34.312954,-36.12948,-42.640987,-39.26682,-41.77693,-47.95581,-50.918365,-54.410954,-53.145123,-53.49911,-56.36366,-56.438026,-58.355446,-59.136536,-62.23366,-64.925095,-65.14564,-47.042355,-58.613853,-66.434906
6272,False,-20.491184,-23.644846,-29.60196,-34.524086,-33.105732,-35.894806,-37.245987,-35.43712,-40.134804,-41.26535,-42.923866,-39.19212,-37.677574,-38.07533,-44.993217,-48.13205,-49.29819,-53.18091,-53.040665,-60.617348,-55.376945,-55.89004,-59.650036,-59.978977,-61.629265,-62.196697,-63.27818,-66.15637,-67.99916,-51.67466,-61.717762,-69.199135
6304,False,-18.74968,-21.342886,-28.656103,-34.590385,-35.141056,-36.524597,-39.729828,-42.814716,-43.71996,-38.77187,-42.684727,-41.522144,-40.010895,-45.46694,-47.78031,-49.456154,-48.418785,-50.639538,-56.381004,-60.947906,-60.53856,-60.487972,-60.34114,-59.568176,-58.11294,-61.98033,-66.0005,-67.41645,-68.584015,-41.16167,-51.613903,-69.8849
6336,False,-22.609682,-21.724941,-25.832447,-34.831776,-35.881325,-40.250546,-41.667183,-40.45834,-37.91213,-31.26529,-45.39952,-44.23723,-43.52623,-44.724354,-45.22215,-54.67479,-56.92558,-57.21464,-56.431232,-60.522114,-59.292778,-60.195457,-59.282955,-60.2768,-58.7879,-63.254433,-65.32843,-68.10297,-70.833565,-45.50568,-55.79832,-70.58228
6368,False,-21.817734,-19.901512,-30.074554,-33.25203,-38.64644,-40.92091,-41.40696,-43.243164,-36.515125,-28.778221,-43.831066,-47.479176,-46.1672,-45.79602,-45.481087,-50.377403,-51.68652,-55.423035,-60.55658,-60.527397,-60.949165,-62.120243,-59.83584,-60.56038,-59.86026,-64.80334,-66.901215,-67.777504,-71.42012,-53.792694,-63.359066,-70.39515
6400,False,-20.682356,-22.665567,-26.558807,-34.509537,-35.465046,-42.848763,-44.01593,-40.36348,-39.05606,-30.928715,-45.93795,-47.771244,-42.54572,-46.363106,-48.145523,-52.781147,-54.3396,-58.447,-59.399925,-60.912323,-60.87986,-59.667698,-61.860146,-63.60421,-63.705196,-65.21319,-65.597176,-68.46866,-69.44217,-53.62949,-63.930874,-71.49934
6432,False,-21.846054,-23.692991,-30.736418,-37.91,-37.87349,-43.99796,-43.932846,-39.7076,-41.59092,-36.908398,-46.36757,-48.814854,-46.37092,-49.280014,-51.036003,-52.531914,-54.7962,-58.44759,-58.990448,-61.12768,-60.912014,-61.15349,-60.54161,-62.196754,-64.00798,-65.393005,-66.88672,-68.10895,-70.75137,-62.72895,-69.28418,-71.441795
6464,False,-20.428993,-23.872395,-32.562416,-38.176693,-37.170418,-39.46749,-44.344337,-44.8675,-44.918915,-42.658886,-47.468723,-47.343475,-45.94113,-48.396526,-48.171825,-55.249905,-57.245575,-60.877914,-62.24083,-60.845657,-60.974583,-60.565533,-59.45841,-60.48636,-62.45868,-65.4037,-66.70941,-68.41088,-70.83992,-61.676582,-69.186134,-69.90839
6496,False,-22.472935,-25.585297,-28.503115,-34.94303,-33.946964,-41.01208,-44.112354,-42.707577,-45.801315,-44.20298,-48.376656,-47.186096,-44.402336,-50.914616,-52.021973,-54.965134,-59.824745,-60.162956,-62.860645,-61.976265,-61.00014,-61.58764,-61.082176,-62.285122,-60.806778,-64.04607,-67.077446,-69.17928,-71.07697,-63.798607,-69.68574,-70.545334
6528,False,-22.514456,-25.862215,-32.27481,-34.495934,-35.19174,-39.228535,-40.345528,-41.840973,-43.81298,-41.115105,-52.129482,-50.761368,-45.901184,-47.175976,-47.286686,-52.999214,-55.303764,-59.477783,-60.52166,-63.13559,-62.297997,-62.93081,-63.08544,-63.215332,-62.0654,-63.827705,-68.49654,-70.564896,-71.0441,-66.72218,-70.143616,-71.438385
6560,False,-22.08377,-26.19373,-31.447905,-34.596733,-37.039097,-41.10993,-46.417976,-44.91591,-43.56482,-43.819283,-52.857338,-48.404594,-42.57908,-46.567284,-49.436867,-54.116474,-56.072277,-62.39611,-60.833992,-60.415337,-61.001495,-63.58511,-60.372,-60.958733,-59.634277,-62.99335,-67.772896,-69.86389,-71.08928,-70.078865,-71.656815,-70.37706
6592,False,-22.375385,-24.329655,-30.383585,-33.405754,-35.078445,-43.01261,-45.51375,-41.055836,-44.230682,-46.903526,-49.815907,-49.032482,-44.703236,-49.272285,-47.07626,-53.066345,-55.03775,-58.381203,-60.07259,-62.684647,-61.465584,-60.351303,-62.43111,-63.287964,-63.32501,-62.31884,-66.80496,-69.01088,-71.130905,-67.895424,-70.55511,-71.82303
6624,False,-23.730549,-25.988392,-32.77333,-37.943417,-38.339264,-41.48967,-43.550697,-41.58964,-43.772026,-42.412792,-44.497826,-45.480446,-46.93369,-48.007412,-48.46232,-53.510967,-54.361687,-58.248848,-63.375248,-61.270744,-62.772346,-62.759644,-61.14575,-64.29205,-64.87476,-64.66005,-67.430504,-68.97771,-72.304535,-70.394264,-71.67109,-70.722435
6656,False,-23.682077,-27.09132,-28.60545,-34.65012,-36.577957,-41.684765,-41.97729,-41.075493,-44.03641,-45.619854,-48.547066,-47.925705,-48.071476,-47.507164,-47.62471,-53.551353,-55.670067,-58.81413,-60.136875,-61.695282,-60.44166,-61.32164,-61.41439,-63.089947,-62.994846,-64.47052,-66.89128,-68.4636,-71.59346,-68.81412,-70.54393,-70.68257
6688,False,-21.234615,-25.634464,-34.42841,-39.390224,-39.477356,-42.901337,-42.85828,-43.786484,-44.298676,-43.28869,-47.13949,-48.23619,-48.075863,-48.803158,-48.814964,-52.336884,-54.891617,-57.069763,-59.18882,-59.55873,-61.197525,-60.98196,-61.760643,-62.285576,-61.26694,-63.354534,-66.13811,-70.024826,-72.58212,-70.83333,-73.5674,-70.77608
6720,False,-18.696417,-25.823898,-32.046368,-33.23159,-35.2761,-38.017715,-34.428764,-32.671986,-37.313477,-41.457626,-38.529686,-32.846626,-32.52906,-32.22797,-31.67248,-29.2535,-31.096207,-35.25433,-42.125305,-47.132683,-41.615543,-41.021732,-39.18899,-43.46706,-39.870445,-38.08526,-40.660328,-35.393105,-30.177544,-30.609158,-36.019672,-38.480114
6752,False,-19.847376,-26.984749,-28.708412,-23.325531,-27.188444,-26.353987,-26.35426,-21.80586,-27.398285,-35.582993,-27.686064,-25.191927,-24.91949,-21.771746,-23.817234,-20.83851,-24.15165,-27.018406,-29.349316,-34.59866,-29.660166,-27.280085,-27.802849,-31.399532,-28.048372,-25.784185,-29.865625,-26.289223,-20.45212,-21.279707,-25.775663,-29.862064
6784,False,-18.66927,-21.425945,-34.420334,-29.450838,-30.331062,-31.00805,-38.05977,-31.338306,-35.895126,-38.818733,-40.722347,-35.936504,-33.43064,-31.811628,-35.348804,-33.244118,-35.6587,-41.150433,-42.446705,-46.476265,-42.336292,-38.564117,-42.66297,-45.861324,-44.063995,-40.822697,-38.652084,-38.379543,-36.813274,-36.846256,-39.23221,-42.04164
6816,False,-17.855804,-28.476246,-34.930256,-33.486103,-35.411373,-36.431404,-41.85134,-37.13691,-38.744473,-40.59998,-43.88338,-40.03941,-39.730736,-40.374752,-43.993523,-38.3342,-42.146496,-46.294052,-46.081844,-48.728745,-45.95279,-43.461838,-46.366905,-47.78171,-47.348915,-44.066883,-45.14221,-44.386173,-39.93864,-40.69989,-45.761406,-48.186966
6848,False,-19.892986,-28.062069,-35.65786,-35.21874,-33.994125,-36.73954,-40.210808,-41.32517,-42.10392,-37.907967,-45.164764,-42.46304,-41.98024,-42.40918,-42.55703,-43.483776,-46.01333,-46.10153,-47.26023,-51.97466,-51.5624,-49.92098,-49.95722,-50.154842,-49.615597,-46.386833,-47.904152,-47.63079,-44.5919,-48.03932,-50.66636,-52.71295
6880,False,-15.971488,-22.259848,-33.178116,-35.692944,-36.53257,-41.053947,-37.783096,-38.061455,-40.748028,-36.03517,-45.040382,-43.86165,-45.305363,-40.676865,-43.32965,-47.641975,-50.7,-49.68822,-49.13399,-54.202255,-53.09975,-51.57711,-53.10097,-55.325226,-55.60795,-52.29238,-53.45655,-50.200966,-48.7843,-49.726868,-55.488197,-57.39656
6912,False,-16.595816,-24.041645,-31.676964,-37.362103,-35.674286,-38.24036,-40.996002,-41.84874,-43.329605,-37.834724,-48.63474,-45.13241,-43.59082,-45.021957,-50.292034,-47.142296,-48.080746,-53.125664,-53.535175,-55.81906,-56.141563,-56.796745,-56.40471,-57.30066,-56.972473,-53.521614,-55.04085,-55.07863,-52.496418,-54.215492,-60.616833,-63.061466
6944,False,-18.239897,-24.850998,-36.467358,-37.69919,-34.70596,-39.999844,-42.522663,-42.844887,-44.632763,-40.097054,-51.216793,-46.996693,-44.71707,-44.717922,-45.76339,-53.554314,-49.550438,-51.457794,-55.521275,-59.328133,-55.818905,-56.078445,-60.34397,-58.186333,-60.002728,-59.10945,-57.80602,-57.499496,-56.148968,-59.37868,-63.062798,-66.70956
6976,False,-18.254702,-26.239578,-30.37736,-34.37361,-36.974617,-41.798435,-41.491287,-40.703583,-41.864716,-45.231415,-47.89517,-45.150074,-47.231594,-49.03818,-49.871964,-47.52636,-50.90394,-54.500347,-58.217064,-58.676674,-58.79377,-58.21413,-59.297577,-59.382874,-60.26547,-62.770958,-63.727985,-63.631126,-60.445766,-63.421608,-66.3636,-68.92308
7008,False,-20.296516,-27.536922,-34.366196,-36.570747,-37.03306,-40.28897,-40.74976,-38.337276,-43.12512,-43.790894,-47.472267,-45.58649,-46.742535,-46.046963,-47.619858,-54.02198,-53.111504,-57.32393,-58.027336,-60.380596,-58.41886,-58.567165,-60.339767,-61.466602,-61.12051,-62.017498,-64.002495,-65.11656,-64.57419,-66.34675,-67.465195,-69.400345
7040,False,-19.690716,-25.176811,-32.272903,-35.353745,-38.459812,-39.812683,-42.640587,-44.299767,-45.755802,-45.726894,-45.292892,-45.569138,-46.54161,-47.45007,-49.859,-52.306984,-55.31388,-57.46029,-58.352547,-58.524506,-58.79075,-60.275272,-59.426575,-60.36367,-61.743908,-63.03367,-65.57676,-67.35579,-66.41251,-67.5526,-69.90222,-70.680565
7072,False,-18.710304,-26.480522,-31.428852,-34.044796,-34.656776,-41.03353,-41.683918,-44.233665,-43.65937,-44.02952,-46.150608,-46.610218,-45.29065,-46.063534,-50.13906,-53.624374,-54.711323,-57.228146,-58.578014,-58.527832,-56.666206,-60.667984,-61.29278,-62.550625,-61.647762,-63.41053,-65.20529,-65.61555,-66.61447,-68.20279,-71.42446,-70.265884
7104,False,-18.955242,-26.38958,-30.537474,-37.241142,-34.973145,-41.42519,-39.603878,-37.923546,-39.096127,-44.50287,-43.240795,-44.395508,-49.244934,-46.199257,-45.29487,-54.38128,-58.17156,-57.722656,-60.14778,-60.865837,-59.311172,-62.2616,-61.251602,-61.269665,-62.079544,-63.28817,-65.607925,-64.179375,-66.15087,-68.42807,-69.44809,-67.91193
7136,False,-20.765617,-27.773516,-30.898335,-33.301025,-36.29536,-39.199635,-42.173203,-42.178543,-40.861694,-44.02286,-46.529884,-46.80273,-47.9377,-49.236015,-53.3424,-55.263466,-50.87278,-53.78204,-57.263397,-56.3294,-60.73832,-60.16848,-60.075764,-59.433617,-61.455387,-62.990776,-65.12663,-65.586334,-67.49524,-69.57004,-68.42682,-66.598434
7168,False,-20.45369,-23.081924,-29.145632,-31.297901,-34.94972,-38.337585,-39.20977,-41.25241,-42.965015,-44.27942,-41.278843,-44.494987,-49.974144,-48.510406,-48.78553,-49.926743,-52.796574,-54.64147,-55.136723,-54.991196,-57.992676,-58.83712,-59.84043,-59.610245,-61.499657,-60.999336,-64.17792,-65.27965,-67.1576,-68.296585,-66.03606,-65.477974
7200,False,-19.994127,-25.495209,-31.621618,-38.15616,-36.52947,-41.655777,-40.12119,-43.390484,-42.087368,-44.932625,-45.522156,-47.405624,-46.68228,-49.831436,-49.37546,-54.231525,-53.27533,-55.93621,-56.21046,-59.18521,-61.02512,-60.948715,-63.370476,-63.158775,-63.74591,-64.04082,-66.58298,-67.885254,-68.91221,-71.22325,-70.79281,-68.50625
7232,False,-18.299137,-23.31414,-30.755936,-31.901323,-33.2186,-38.092476,-40.09216,-41.908463,-44.309883,-45.637077,-47.754738,-47.137703,-46.89025,-46.22585,-45.9449,-49.19477,-51.994804,-57.312374,-56.833282,-57.368885,-60.582813,-61.55143,-61.154305,-61.51954,-63.5447,-64.9972,-67.57343,-69.25108,-69.728645,-70.38177,-69.57688,-70.454346
7264,False,-18.496737,-24.14389,-32.554634,-33.94241,-38.96775,-40.28546,-39.872494,-39.053406,-41.07714,-43.417698,-44.072983,-42.150146,-40.926025,-42.39988,-43.25073,-42.414932,-45.36753,-51.34806,-57.18847,-55.75281,-57.19046,-58.143673,-57.72605,-60.537445,-62.964752,-63.599316,-65.63086,-69.253876,-67.39772,-68.24475,-70.34545,-70.710945
7296,False,-20.074333,-25.07291,-30.841263,-30.582083,-28.057957,-29.283884,-29.816963,-24.396284,-29.264362,-34.95073,-28.964766,-28.216219,-26.389595,-28.396072,-30.332447,-27.535583,-32.666515,-37.812584,-38.314686,-42.70465,-39.803276,-42.00218,-42.373077,-47.1052,-50.85497,-52.210545,-54.130173,-55.904922,-50.62679,-53.08148,-57.18966,-58.975147
7328,False,-18.078297,-25.75344,-29.767986,-32.06079,-30.945919,-32.43802,-39.489655,-33.04361,-38.40135,-40.15875,-37.08356,-37.06385,-37.105503,-37.748367,-40.502586,-38.816525,-43.720253,-49.328445,-51.385918,-55.0741,-53.679024,-53.29868,-55.30381,-57.654404,-57.669823,-57.969204,-62.16421,-66.946,-64.66297,-67.196625,-69.24136,-70.810265
7360,False,-18.410017,-26.987339,-31.22631,-35.04555,-34.26654,-35.79049,-39.270023,-37.615715,-41.41848,-46.311104,-44.084873,-38.21052,-40.8568,-40.86261,-44.768166,-46.986004,-51.12694,-53.17839,-52.2255,-56.383358,-56.212658,-56.08783,-58.061043,-61.533867,-59.151154,-61.71812,-65.31985,-68.70824,-67.1226,-69.30801,-70.785034,-70.83673
7392,False,-17.207596,-25.264206,-28.59348,-34.17133,-32.581024,-39.83252,-42.40332,-41.253845,-44.574707,-45.289368,-45.27348,-38.513893,-41.611477,-43.663067,-45.210705,-47.761497,-47.281033,-50.05842,-55.199562,-57.8075,-58.68432,-61.30641,-62.054993,-62.994503,-64.873184,-65.31617,-66.84432,-70.2381,-69.50688,-70.86126,-71.86093,-71.77029
7424,False,-15.404253,-27.067232,-31.7216,-32.03791,-35.56419,-40.4776,-43.23427,-45.27488,-48.33595,-47.21102,-46.3603,-45.166565,-48.45715,-43.0421,-43.699173,-48.73699,-50.256382,-54.233433,-54.362186,-57.69238,-57.04747,-60.704216,-62.196842,-62.413414,-64.81598,-66.860916,-70.340195,-73.25919,-70.891426,-71.21244,-73.302086,-71.858055
7456,False,-17.577291,-26.514452,-32.503952,-31.986317,-34.89486,-39.82016,-41.50939,-40.569073,-43.296494,-44.95548,-46.10479,-41.25997,-44.798794,-44.15133,-47.67755,-49.460453,-52.952805,-56.21464,-60.226494,-60.047016,-61.240273,-60.884747,-62.44707,-63.669632,-64.13558,-66.33574,-66.89076,-70.82296,-70.23828,-71.17295,-71.90184,-71.56224
7488,False,-19.312212,-28.801796,-28.50992,-34.700493,-34.610584,-40.470947,-40.107494,-42.19788,-46.16547,-47.198868,-47.867245,-40.259315,-44.097324,-45.74842,-46.7617,-50.012703,-51.387062,-57.847794,-57.711967,-61.243786,-61.422516,-62.202087,-64.14517,-64.70455,-65.78953,-66.42507,-69.06305,-70.05924,-70.899185,-72.83151,-71.80353,-71.41525
7520,False,-17.378334,-26.929024,-31.415636,-34.93061,-35.324734,-38.310246,-43.501114,-42.045174,-43.726532,-44.201714,-45.392677,-43.891434,-44.851143,-45.357353,-45.041313,-49.96579,-52.63809,-56.201443,-58.671883,-59.960728,-61.329136,-64.022316,-64.35624,-65.226006,-64.9367,-66.36374,-70.89599,-69.67619,-70.6556,-73.00062,-73.47266,-73.98189
7552,False,-18.448011,-25.595379,-26.198269,-34.657604,-34.821964,-38.811497,-39.88673,-37.97116,-40.65643,-43.569645,-48.940186,-44.79429,-46.50892,-48.599213,-50.593647,-51.341892,-50.22219,-55.329124,-60.815384,-60.60202,-61.119324,-62.922684,-62.680912,-65.54671,-65.6179,-68.00718,-71.008766,-69.91507,-71.32569,-73.121956,-73.11659,-71.79909
7584,False,-15.894071,-25.592089,-29.305933,-35.55679,-35.820415,-42.45468,-40.02592,-41.42065,-45.174156,-46.153725,-43.07563,-44.921318,-48.656677,-47.332253,-48.18562,-52.438232,-53.412003,-56.449226,-60.01394,-60.637318,-61.520344,-60.850998,-64.90102,-64.62579,-65.8352,-68.33006,-69.46773,-71.183174,-72.41996,-74.51344,-74.08962,-72.51982
7616,False,-17.790678,-26.360645,-27.971352,-36.890987,-33.63444,-40.231224,-44.04478,-45.086708,-43.789856,-43.850044,-42.11514,-43.001026,-46.166794,-46.840897,-48.97944,-53.998837,-54.7283,-57.14901,-59.550213,-59.721798,-61.121544,-64.21094,-64.483444,-63.80049,-65.21509,-67.4113,-69.34685,-69.77695,-71.64137,-72.6213,-74.82036,-71.85117
7648,False,-19.707567,-26.573185,-28.529959,-32.908596,-37.07465,-36.728863,-40.29739,-42.865425,-41.785637,-42.69792,-48.12236,-41.05603,-44.658394,-46.008392,-45.109653,-51.43535,-53.795174,-57.18621,-58.68492,-62.33572,-62.980484,-62.09665,-63.80916,-65.08914,-67.016464,-66.345764,-67.92954,-69.421646,-71.8297,-73.43016,-72.37994,-71.42763
7680,False,-18.210026,-31.288746,-27.976986,-35.817104,-36.85427,-43.069958,-40.352707,-43.430893,-41.50932,-40.27489,-47.339993,-40.854347,-45.208435,-49.519726,-51.98286,-51.391838,-52.210663,-53.70137,-59.741398,-64.120285,-60.569004,-59.903206,-63.315483,-65.98829,-64.48498,-66.55054,-66.55415,-67.75183,-69.36165,-69.81166,-72.19264,-68.53963
7712,False,-20.169785,-30.705017,-29.2384,-36.607063,-36.436943,-36.6471,-41.055954,-42.672104,-41.88926,-35.56897,-44.649998,-41.963684,-45.693287,-43.41397,-45.752834,-53.80571,-50.619278,-55.83815,-60.985718,-61.722137,-59.929558,-61.68325,-63.672104,-63.829414,-64.823044,-68.342735,-67.19871,-69.333046,-68.78772,-70.845406,-72.460014,-70.407135
7744,False,-18.977135,-25.929379,-29.05897,-36.300728,-33.542362,-39.24872,-44.27256,-41.633835,-40.68115,-40.664703,-44.905666,-41.945183,-43.2155,-43.183437,-45.744473,-50.74409,-49.37819,-56.921738,-60.405354,-62.399483,-60.67955,-62.16015,-63.62918,-63.933315,-64.07005,-66.406204,-70.58575,-69.07643,-69.8779,-71.80316,-72.62903,-72.592804
7776,False,-20.785816,-28.377893,-31.68768,-36.67577,-33.620148,-36.688,-40.12741,-42.178383,-40.178143,-33.62761,-47.363018,-44.67728,-46.190918,-46.48941,-48.91247,-54.38663,-50.48712,-55.1524,-61.505524,-61.513535,-61.892838,-61.2236,-64.4232,-66.300255,-65.53246,-67.97677,-69.87794,-71.32817,-73.08577,-72.25664,-72.15801,-71.31254
7808,False,-19.213867,-28.39095,-30.848858,-36.77182,-37.672848,-39.171062,-36.642014,-36.208378,-37.807995,-32.51503,-42.06497,-39.610634,-38.49653,-37.78335,-37.31872,-35.675312,-37.106575,-41.55588,-49.27229,-53.327515,-48.76316,-48.179688,-47.0389,-51.50004,-48.15861,-46.949238,-48.41455,-42.699745,-37.605835,-37.772373,-43.775845,-44.886276
7840,False,-19.193127,-25.886124,-27.619658,-22.689734,-25.69783,-25.515911,-24.807358,-20.799067,-25.832413,-26.725464,-27.146185,-23.97989,-23.642185,-21.025383,-22.477768,-19.233852,-22.126534,-25.213932,-28.71267,-34.404793,-28.79118,-26.80003,-26.635798,-30.522108,-27.500599,-25.423153,-28.584843,-25.416147,-19.07782,-19.676378,-24.432018,-27.634895
7872,False,-16.939623,-21.857555,-25.506512,-27.615015,-31.11882,-31.354748,-35.63667,-30.031145,-33.83509,-29.868374,-38.553127,-35.439774,-33.10086,-31.970778,-34.716496,-32.313595,-34.415108,-40.48652,-41.307102,-45.696777,-42.483402,-39.200977,-42.336536,-45.93777,-43.84924,-41.067547,-38.307938,-38.227535,-35.56984,-36.16259,-38.978355,-41.49761
7904,False,-19.922104,-21.542063,-30.659561,-36.475056,-35.00815,-38.887558,-40.77813,-33.699326,-36.84184,-39.436337,-41.211914,-39.38726,-40.196014,-37.75315,-43.39583,-39.67873,-43.313084,-46.046314,-46.1309,-50.017563,-44.804913,-42.294518,-45.844913,-47.471016,-47.584106,-43.75064,-44.107094,-43.45945,-39.82723,-39.903183,-45.06488,-47.229694
7936,False,-20.10036,-22.92716,-30.567848,-34.663223,-35.737034,-37.305542,-38.552082,-37.726864,-38.95555,-33.801468,-40.44683,-41.799652,-42.941475,-41.866676,-42.117065,-40.708893,-43.77475,-44.561737,-47.87722,-51.315567,-50.91223,-48.72551,-49.84292,-49.355408,-49.23101,-46.503166,-47.17,-48.059654,-44.39905,-47.391487,-50.771557,-52.660545
7968,False,-19.013231,-22.775047,-30.971582,-38.723293,-34.537155,-36.31438,-42.48381,-39.289635,-39.80496,-33.355125,-44.781345,-42.31015,-43.528076,-40.560707,-43.154827,-47.511906,-50.851154,-47.661934,-48.69123,-54.77021,-52.548466,-51.27272,-51.35344,-53.355255,-54.600086,-52.233814,-51.93562,-50.19557,-48.04977,-49.108425,-55.349087,-56.533855
8000,False,-18.605463,-19.244783,-30.04141,-38.817947,-35.06154,-34.93653,-37.782635,-37.815186,-40.25486,-39.206818,-46.19034,-44.92768,-43.54644,-43.60128,-45.615036,-45.149975,-47.317677,-53.412308,-54.067226,-54.994473,-54.0354,-56.14424,-56.359802,-57.9464,-55.952755,-54.53898,-55.56375,-54.470257,-51.530453,-52.92236,-58.361877,-61.73056
8032,False,-17.46889,-19.332031,-28.184101,-31.758133,-34.323753,-38.01709,-41.85428,-41.065643,-44.266968,-44.8058,-46.040314,-44.979973,-46.229458,-48.017647,-49.248207,-52.18682,-49.899437,-54.077583,-56.28628,-58.24772,-56.141716,-56.85961,-58.966156,-58.676647,-61.48268,-58.450275,-56.505165,-57.15516,-56.800453,-58.47994,-62.12151,-65.81553
8064,False,-21.100159,-20.210388,-28.489704,-32.895493,-34.778572,-38.73982,-41.94315,-39.374977,-42.51799,-39.671722,-45.14731,-46.52431,-46.876434,-43.233166,-44.96803,-47.604942,-52.950638,-57.7399,-57.68925,-60.515854,-58.33714,-58.266445,-59.458817,-60.53888,-63.2471,-62.026794,-61.20171,-63.76625,-58.932743,-62.59086,-65.65063,-67.93382
8096,False,-20.496834,-20.35889,-30.475924,-36.145443,-32.448364,-36.32124,-42.095406,-47.601467,-41.78914,-38.964256,-45.26661,-46.47665,-48.011734,-48.289337,-45.974945,-53.41557,-52.724438,-56.85364,-59.15884,-58.008568,-59.163902,-58.706184,-60.873077,-61.203693,-63.565407,-62.97993,-62.52375,-62.087624,-62.435535,-63.71856,-68.79923,-70.55955
8128,False,-18.269497,-20.094925,-33.277767,-34.22493,-38.903812,-41.43082,-40.889885,-42.045395,-41.174324,-41.470352,-49.80294,-46.665325,-45.651443,-43.33338,-48.7114,-54.107975,-55.37635,-55.137615,-56.68427,-54.734005,-57.559128,-59.82637,-61.308807,-64.342545,-64.744064,-63.378387,-63.304733,-64.2104,-64.37094,-65.76956,-70.823,-70.14657
8160,False,-22.263313,-22.833542,-28.677963,-33.8191,-33.490864,-38.366764,-41.67345,-40.902676,-42.46981,-38.26143,-45.605186,-50.65866,-50.713257,-46.504524,-47.451714,-53.259598,-52.579273,-54.547318,-56.60734,-58.352364,-59.919468,-59.380375,-60.716736,-61.763588,-63.62355,-62.74948,-64.385666,-65.29876,-64.38168,-66.918846,-70.35244,-70.53504
8192,False,-22.617844,-23.919796,-28.15626,-38.750443,-36.332336,-39.89975,-38.25938,-39.90108,-46.91023,-44.162727,-49.98986,-47.264305,-49.342953,-49.01539,-45.83803,-51.0794,-53.415672,-55.027424,-57.22493,-56.828846,-59.06221,-62.395916,-60.924015,-62.074112,-62.92204,-65.490654,-65.62268,-67.583305,-67.54517,-69.22881,-70.51825,-71.68535
8224,False,-20.57168,-22.39538,-28.20343,-36.03255,-36.753,-38.801125,-42.179207,-44.436234,-45.758053,-43.10611,-47.96762,-47.348713,-47.86608,-50.32932,-48.353798,-52.377697,-54.87893,-54.02752,-60.090103,-61.71793,-61.073975,-60.704445,-59.847073,-60.286484,-62.300247,-64.31253,-66.10924,-67.66267,-68.82325,-57.453453,-67.5252,-71.51849
8256,False,-22.090237,-25.130035,-33.156876,-38.07328,-37.663204,-38.181004,-42.53542,-42.59861,-43.94464,-43.37406,-46.164097,-48.823376,-48.051888,-47.233078,-46.693535,-50.877945,-53.229683,-56.32179,-59.774216,-61.110535,-64.94467,-60.055065,-60.971397,-62.939644,-63.891304,-64.985435,-67.9422,-68.0551,-70.55221,-50.31427,-61.711674,-71.116
8288,False,-21.218899,-27.191402,-28.558638,-33.34278,-34.543358,-39.794983,-41.160553,-41.89642,-42.11433,-43.313316,-46.488365,-49.466278,-48.523376,-44.256866,-46.950375,-52.550358,-52.812344,-55.063217,-59.232193,-59.61132,-58.32066,-62.462105,-61.393394,-64.148315,-64.95313,-66.43415,-66.912476,-67.76864,-68.468895,-50.195946,-60.13655,-68.75566
8320,False,-20.436804,-27.24776,-29.104164,-37.256783,-38.314777,-38.258213,-41.017223,-44.3348,-43.917732,-43.821312,-47.488846,-47.04122,-46.961884,-45.230164,-45.48149,-49.57497,-50.964886,-57.047863,-58.784935,-59.755856,-59.810066,-63.00827,-62.391666,-62.01013,-62.38423,-64.288895,-65.39794,-67.89634,-68.07694,-41.947624,-52.240143,-68.06624
8352,False,-21.79553,-28.415918,-33.03573,-35.34706,-35.559624,-41.134586,-40.5075,-39.89143,-47.15689,-46.08136,-47.15023,-44.734596,-47.958344,-48.703026,-45.595455,-50.145527,-54.92773,-55.061028,-58.659634,-62.02645,-61.38575,-61.40783,-61.353947,-62.012478,-60.634705,-65.75531,-66.406,-66.99489,-67.95753,-48.8273,-58.753105,-68.86839
8384,False,-20.312416,-25.508118,-32.564938,-29.202095,-26.148903,-28.69765,-30.2678,-24.579441,-29.334347,-34.360126,-28.432158,-27.108452,-25.519714,-29.217907,-30.566626,-27.288057,-31.35551,-36.61496,-38.256546,-43.026337,-40.07926,-41.953117,-41.850056,-46.313942,-50.18078,-51.753002,-53.6464,-56.032482,-50.00129,-50.1757,-55.597767,-57.96967
8416,False,-19.782665,-24.951004,-30.516869,-29.399097,-29.78718,-31.577795,-35.43589,-30.567215,-36.118866,-38.20431,-35.064476,-35.104515,-36.400562,-36.312786,-40.324802,-36.161045,-41.920692,-48.4993,-48.643974,-53.288544,-51.81926,-51.26112,-53.98644,-56.77137,-57.307045,-58.92668,-61.240635,-64.19574,-61.644634,-56.84294,-64.33759,-68.367546
8448,False,-22.912956,-27.18419,-28.863192,-33.83791,-35.878147,-37.804855,-41.618767,-38.656803,-39.903023,-38.58293,-43.17325,-42.444973,-41.252342,-36.64341,-43.04871,-46.98323,-48.45511,-50.236626,-50.375576,-59.25663,-54.44758,-53.11214,-56.68586,-60.237587,-60.64796,-62.507034,-64.18911,-67.13046,-67.73604,-63.620106,-68.84396,-70.31521
8480,False,-24.308584,-25.907146,-27.232992,-35.686275,-37.407887,-44.92267,-43.65406,-40.91002,-39.4698,-39.514206,-38.805798,-39.57687,-46.187157,-42.912025,-44.377132,-46.984215,-50.79027,-51.69509,-55.01729,-57.49508,-58.6641,-59.273586,-59.39673,-59.67536,-61.068073,-62.212444,-64.41344,-67.49208,-65.871735,-61.788437,-68.24386,-70.254196
8512,False,-21.289738,-23.389385,-27.766174,-33.366814,-35.75792,-40.65124,-44.969997,-41.422356,-42.8603,-44.904896,-44.151672,-46.081448,-46.928806,-44.827385,-47.63966,-49.938454,-54.689255,-53.632107,-56.29433,-59.63772,-59.433372,-58.95788,-61.753613,-61.22123,-60.37269,-62.590694,-64.90451,-66.74251,-67.43976,-61.9313,-66.62065,-70.16413
8544,False,-23.006672,-26.413164,-26.16688,-31.325157,-34.628693,-40.502815,-42.637157,-46.05928,-45.93489,-42.991035,-45.733532,-43.500996,-46.080376,-47.10274,-49.46388,-53.72632,-51.133774,-55.112778,-56.562733,-57.214233,-58.03141,-57.794132,-60.511024,-62.525757,-60.477684,-64.39013,-65.503654,-67.54493,-67.35671,-66.56723,-68.324844,-69.55259
8576,False,-19.439892,-24.183868,-28.254671,-37.19483,-35.31569,-43.471634,-43.599174,-41.00296,-44.235558,-43.86441,-45.749874,-50.97216,-53.222813,-46.204872,-48.977543,-54.718216,-52.42025,-57.306293,-58.29273,-60.211185,-60.677284,-61.555946,-59.372368,-61.469707,-60.89581,-65.13178,-66.827095,-67.59001,-67.057816,-66.29397,-68.86343,-67.8562
8608,False,-23.04942,-26.655956,-29.685871,-37.18543,-36.430103,-43.50077,-39.357212,-40.948227,-42.056458,-44.085648,-49.887062,-50.33332,-49.93986,-49.881077,-49.060154,-53.26687,-51.283966,-53.12483,-58.57101,-59.67846,-63.13126,-61.318493,-61.085762,-59.981915,-64.030594,-66.78915,-66.61119,-68.13544,-68.89296,-65.2213,-69.566864,-69.84388
8640,False,-21.615784,-25.58734,-31.44011,-34.62094,-34.794617,-38.597363,-41.947945,-42.237625,-44.802364,-48.959976,-47.15872,-46.00434,-50.205467,-47.103767,-48.863026,-48.25199,-50.89462,-53.324467,-59.208244,-58.11525,-60.782967,-62.045025,-60.27916,-60.32383,-63.250843,-66.89359,-66.29657,-68.24508,-69.49943,-68.31367,-68.01541,-68.04464
8672,False,-22.437267,-24.848059,-33.299004,-34.332394,-37.680946,-40.398083,-42.87504,-40.504578,-39.05769,-47.82951,-46.73629,-45.85418,-45.60976,-46.95616,-48.133297,-51.992752,-51.34142,-51.721783,-56.21676,-55.211338,-57.251553,-59.961845,-58.47231,-58.237007,-60.678173,-63.986492,-66.44713,-67.48246,-69.23203,-67.92558,-70.8761,-68.91585
8704,False,-22.324661,-23.666975,-33.657497,-36.203194,-37.53753,-40.81687,-39.365177,-41.015186,-43.346176,-44.73062,-48.97537,-46.76517,-46.396454,-48.841778,-51.19177,-50.605576,-48.853954,-52.420174,-56.595795,-57.33685,-56.403942,-58.540512,-60.253635,-60.838478,-62.845284,-64.67859,-65.492645,-67.61194,-68.42091,-68.97362,-71.31848,-70.82056
8736,False,-22.440004,-22.961308,-31.974298,-36.612717,-33.568275,-39.137554,-39.650658,-42.833027,-44.405666,-44.656975,-44.5715,-46.607418,-46.05568,-47.791065,-51.19303,-49.322796,-50.496223,-53.074265,-57.031235,-57.91221,-59.999523,-60.917873,-58.71565,-60.070824,-64.416504,-64.68991,-67.50179,-68.308174,-69.23573,-70.572624,-71.35071,-71.61405
8768,False,-22.632797,-23.00269,-31.737978,-37.47698,-36.93463,-40.36795,-40.368774,-39.633095,-43.82511,-46.0744,-46.789177,-43.290466,-41.42701,-47.57724,-44.78764,-47.86491,-53.584385,-57.582417,-56.90461,-61.453796,-58.5688,-60.445076,-61.571877,-60.704914,-62.12915,-66.16559,-68.57619,-69.02762,-70.65083,-70.55543,-70.98857,-71.855934
8800,False,-27.950926,-28.764744,-31.185448,-41.33541,-40.849556,-43.02448,-42.646576,-43.104218,-42.601982,-43.102337,-44.80608,-41.252426,-41.521782,-46.831703,-45.722317,-49.19249,-53.475685,-55.849823,-57.319317,-60.95566,-60.83942,-59.349197,-60.454216,-61.391644,-62.68595,-64.07628,-67.37026,-68.875626,-71.36382,-71.95958,-70.80194,-69.86443
8832,False,-27.780918,-28.840887,-34.034042,-35.89895,-35.853535,-41.45616,-43.024086,-41.69016,-42.094173,-43.15054,-43.67456,-38.60688,-40.2668,-48.354015,-49.02716,-50.43666,-54.930305,-55.881874,-57.546127,-59.880642,-60.12908,-60.88947,-59.76503,-60.841297,-61.59011,-63.59589,-68.04925,-70.216644,-72.17826,-71.05243,-72.25839,-70.17422
8864,False,-21.929802,-25.027266,-32.018208,-35.690872,-38.02272,-39.528305,-42.740017,-41.94586,-42.14528,-45.850143,-47.354324,-37.325188,-41.56846,-48.977463,-45.11896,-46.82873,-50.324112,-52.164993,-51.982452,-55.483765,-57.55663,-57.901253,-58.506664,-58.036846,-58.579174,-65.52794,-68.21212,-69.14242,-68.77203,-70.26294,-71.54419,-69.93959
8896,False,-23.649685,-27.892231,-34.114594,-39.148796,-37.357304,-40.267906,-42.868454,-42.80236,-40.14551,-45.679993,-52.248672,-38.011852,-42.42469,-49.90555,-45.86926,-47.215233,-47.969288,-46.547737,-52.66277,-49.632717,-54.43009,-56.145462,-54.920166,-57.37198,-60.212967,-62.682575,-64.74904,-66.83945,-68.13074,-69.8799,-69.72972,-69.31144
8928,False,-25.160885,-30.465485,-31.707346,-23.629921,-27.276272,-28.786032,-24.128357,-21.207907,-26.276627,-32.61067,-27.574844,-23.569279,-22.448109,-20.994305,-21.789091,-18.709152,-21.1298,-24.342602,-28.692669,-34.534695,-28.742287,-27.44012,-26.199532,-30.030628,-27.098253,-25.031647,-28.135176,-24.618069,-18.618542,-19.231102,-23.755184,-27.371084
8960,False,-23.175585,-28.454983,-32.342163,-28.29788,-29.630203,-28.26907,-33.85456,-28.860989,-35.498978,-44.075127,-35.223015,-31.11867,-30.132006,-30.707615,-34.4725,-30.268328,-33.555496,-39.7877,-37.15165,-42.340626,-40.72917,-36.928734,-40.405525,-43.989582,-41.667526,-38.807327,-38.917572,-37.101463,-32.965767,-34.496136,-37.86026,-39.675148
8992,False,-24.962423,-27.38075,-31.788406,-30.470001,-34.786465,-35.934658,-40.14936,-34.457672,-37.853527,-44.255135,-41.06998,-37.62087,-37.139446,-34.475952,-38.767418,-38.99386,-41.000595,-44.826912,-44.215183,-48.821014,-43.854797,-40.60936,-44.38546,-45.885944,-45.818794,-42.028423,-42.689705,-41.8148,-39.17396,-39.136475,-43.80537,-46.19522
9024,False,-23.467264,-27.139965,-30.983126,-34.312393,-35.325027,-42.376762,-43.12954,-38.790684,-43.05899,-47.918274,-41.088642,-41.60227,-40.81475,-40.977234,-41.1352,-39.01052,-40.06113,-43.52837,-48.978325,-49.941383,-49.44355,-45.39915,-48.510075,-49.138523,-49.21315,-46.602764,-46.787876,-46.716366,-42.793304,-45.242634,-50.641285,-52.38968
9056,False,-23.652308,-28.055983,-29.474434,-37.392944,-38.952972,-39.861073,-41.648438,-40.257812,-42.103878,-45.212456,-48.318825,-40.330177,-43.66987,-43.939495,-46.46828,-46.542007,-47.463207,-46.35865,-46.629948,-52.358204,-51.536987,-49.053898,-50.26537,-54.02305,-52.924713,-49.712944,-48.864204,-47.66436,-47.355522,-47.794693,-54.044987,-56.2508
9088,False,-26.659403,-31.330204,-30.04469,-35.69039,-34.991817,-40.52453,-40.02033,-36.594963,-42.04766,-46.605396,-48.328987,-41.095333,-43.447987,-44.599552,-47.132057,-46.021595,-46.78743,-52.837517,-54.51632,-54.52805,-54.665028,-51.626274,-55.652718,-56.692806,-55.852135,-55.304623,-54.362305,-53.528793,-49.89456,-53.048546,-58.837997,-60.72078
9120,False,-21.858562,-29.828491,-29.859049,-36.02618,-38.225246,-41.48552,-41.16137,-41.148766,-41.78557,-42.310905,-46.04152,-39.449398,-43.98697,-49.59229,-50.305363,-49.143806,-50.9969,-51.71392,-51.067616,-56.656982,-53.842144,-53.540886,-58.346348,-57.676765,-58.26948,-56.42654,-55.5841,-55.012817,-54.286125,-57.053505,-61.955345,-65.153786
9152,False,-23.82528,-29.306335,-34.7532,-39.610344,-37.605404,-39.88069,-41.943264,-41.782776,-40.642303,-38.42972,-45.89127,-37.436825,-41.770786,-48.746468,-47.10001,-47.77638,-52.48176,-54.6179,-55.81678,-57.58602,-54.237946,-53.922897,-58.741615,-59.242973,-60.840572,-62.095833,-63.294273,-62.02832,-57.99723,-61.755096,-64.53025,-67.89238
9184,False,-24.397795,-28.379059,-37.34202,-35.83073,-34.35381,-41.485897,-43.178688,-42.90924,-41.627365,-34.107864,-45.652985,-39.831234,-43.400425,-49.108166,-51.355957,-52.782063,-50.404587,-54.361847,-56.241146,-57.484108,-58.46862,-57.390766,-60.352444,-62.216667,-59.768356,-62.563625,-63.1292,-63.576958,-62.11237,-65.00848,-67.93746,-68.447716
9216,False,-24.201328,-32.596596,-35.419193,-37.87947,-37.050938,-41.340466,-41.34579,-38.24888,-41.1062,-38.683376,-44.561203,-42.949505,-45.758293,-49.03904,-49.28733,-51.8642,-50.307106,-54.244614,-59.412056,-60.462185,-58.81952,-58.408035,-59.872223,-62.46599,-61.237904,-63.647007,-66.475716,-67.2105,-66.22295,-66.1625,-69.22997,-69.02095
9248,False,-27.041405,-28.628433,-34.756668,-40.80399,-36.16287,-37.75515,-42.6992,-42.76779,-40.539913,-39.00611,-45.7396,-46.135124,-41.879982,-46.912212,-50.111313,-52.245403,-51.15612,-54.982002,-58.897354,-60.904293,-58.15719,-57.828835,-63.321907,-64.537544,-64.77194,-66.08715,-67.24315,-68.69134,-67.48648,-68.711685,-71.97206,-71.56392
9280,False,-26.021004,-28.61391,-33.117146,-39.48621,-37.637814,-39.140038,-42.046772,-40.97856,-38.232456,-33.08141,-44.990852,-43.62721,-42.445007,-44.466667,-45.58918,-54.28255,-54.51214,-57.99624,-58.00609,-58.052277,-56.559708,-59.00934,-60.869827,-63.26887,-64.37272,-66.23711,-68.381226,-72.33154,-72.10092,-66.70761,-70.757866,-72.201096
9312,False,-24.901247,-27.307636,-31.593798,-36.582813,-36.279045,-40.7033,-39.745453,-39.481197,-38.250854,-33.44735,-47.376118,-45.34569,-44.526028,-47.79782,-48.59012,-50.970764,-50.756664,-57.56067,-59.47918,-60.276894,-59.856243,-60.515976,-62.82066,-63.139587,-65.680565,-67.42962,-69.92099,-71.6904,-70.61377,-63.274635,-69.02164,-71.43441
9344,False,-23.152601,-27.446058,-32.166683,-36.23908,-36.170036,-43.70022,-40.170334,-42.17206,-40.067287,-36.342297,-46.542988,-45.082783,-40.638557,-48.013947,-48.92874,-50.683617,-53.827705,-57.82917,-62.875687,-62.029015,-61.69686,-63.921032,-62.909924,-63.693413,-63.50138,-66.89124,-68.07682,-70.74933,-70.46719,-68.66011,-71.28732,-71.008446
9376,False,-24.698,-32.266697,-31.390575,-35.75199,-36.609043,-45.492012,-40.93388,-44.075733,-42.054863,-36.061073,-45.32709,-45.17145,-43.02394,-49.564316,-51.247185,-51.22372,-51.18414,-55.6539,-57.811386,-61.08843,-61.478634,-63.4227,-64.1561,-64.41654,-64.688416,-67.42166,-68.49479,-70.76496,-70.45105,-66.963165,-70.537125,-70.00379
9408,False,-25.737751,-32.52176,-33.68617,-36.496094,-38.087074,-43.874985,-42.977562,-42.341785,-38.64366,-32.217003,-43.184593,-43.440826,-47.257904,-49.294037,-47.477547,-53.139988,-53.81935,-57.545944,-60.347862,-63.118103,-61.647682,-61.901913,-65.56375,-65.03244,-63.43065,-67.07721,-70.59331,-72.353226,-71.38465,-65.29573,-69.383934,-71.05663
9440,False,-23.878042,-28.157421,-33.90715,-42.44736,-38.9856,-40.348366,-42.169662,-42.902164,-39.079403,-33.490555,-41.769974,-41.168266,-44.848137,-48.009148,-46.75821,-53.596806,-56.887974,-56.753063,-58.421253,-60.3113,-60.569912,-60.591053,-62.757652,-64.05109,-64.08219,-70.73924,-69.94696,-69.530624,-71.328674,-68.52073,-72.36975,-70.45378
9472,False,-24.022234,-30.753895,-34.322372,-30.975555,-30.901243,-33.97022,-31.85169,-26.312473,-30.025227,-34.60378,-28.497723,-26.920391,-26.267975,-30.302164,-30.886984,-27.897724,-31.643005,-37.160107,-39.992,-44.750153,-41.162178,-43.58979,-42.45469,-47.583527,-51.11467,-52.47695,-54.57264,-57.479855,-50.9004,-52.818676,-56.524284,-60.05909
9504,False,-23.905565,-27.475212,-30.305836,-28.550533,-29.785069,-30.636543,-34.815365,-29.795914,-35.42656,-35.457413,-32.224857,-32.5156,-34.489925,-34.523624,-39.03298,-33.63336,-40.74188,-47.69799,-45.86504,-50.199436,-49.23702,-48.471916,-52.014614,-55.344505,-56.093807,-57.005215,-59.995605,-61.952484,-57.51889,-61.20236,-66.56256,-66.83871
9536,False,-26.334198,-32.118076,-30.4449,-31.114124,-33.80421,-38.21095,-46.87118,-36.911053,-38.87658,-38.654305,-36.90206,-36.898018,-39.837986,-35.87869,-44.025352,-45.780834,-48.20251,-52.23583,-53.34632,-58.735584,-57.182278,-55.023136,-58.410168,-60.04818,-59.80532,-62.021423,-65.48773,-67.99823,-68.31971,-69.86309,-69.83693,-70.85455
9568,False,-23.594868,-26.810266,-32.149708,-38.384495,-35.072693,-38.390488,-41.8068,-42.326435,-42.60441,-38.93477,-38.082195,-38.046936,-45.501625,-45.098568,-46.626568,-48.765175,-48.08344,-51.651386,-54.450832,-58.17591,-58.13327,-58.090267,-60.407257,-61.5969,-64.63448,-65.76431,-67.68363,-69.42556,-66.941864,-69.18859,-73.012474,-71.34452
9600,False,-24.850523,-29.958202,-30.11187,-35.14858,-38.591644,-40.683094,-42.40578,-43.278027,-43.992405,-42.33671,-37.90911,-38.69425,-44.886826,-47.781113,-50.366512,-51.34371,-53.59588,-53.72638,-53.028122,-59.65175,-59.79729,-62.503227,-60.64974,-64.37142,-65.41689,-67.76686,-67.31355,-70.83794,-69.10479,-70.31302,-72.343544,-72.06271
9632,False,-28.020765,-28.359835,-36.81087,-38.37772,-34.894577,-38.78862,-45.53883,-42.193558,-44.180584,-44.478985,-36.704826,-36.18268,-53.12326,-47.30892,-49.37651,-52.437828,-55.777588,-56.9983,-55.38015,-61.449234,-61.280914,-60.845646,-63.39632,-63.54284,-65.687454,-66.28528,-68.70785,-70.97771,-70.179,-70.56779,-71.7897,-71.52481
9664,False,-27.860716,-27.40266,-32.43484,-36.684032,-34.7269,-40.372154,-44.355488,-44.722244,-45.117573,-44.3541,-34.419724,-33.890717,-46.36286,-46.96121,-51.787296,-54.589752,-54.968643,-57.625633,-59.969276,-59.568817,-63.242905,-61.68241,-63.522987,-66.150085,-64.40027,-67.100494,-69.111305,-69.80137,-70.32948,-71.16411,-72.80572,-71.553314
9696,False,-26.43031,-32.259945,-34.741474,-39.218246,-38.02617,-46.12018,-41.8882,-41.273468,-42.166153,-38.39781,-37.94572,-37.239933,-50.58322,-49.908585,-50.021385,-52.20025,-51.316986,-56.435696,-59.25345,-64.02228,-63.016922,-63.35535,-61.33515,-60.46347,-64.52539,-68.655334,-68.59962,-69.8786,-70.18204,-72.22224,-72.327415,-71.36449
9728,False,-27.601295,-29.489336,-34.730408,-36.703316,-37.52913,-42.809315,-41.508022,-42.40889,-45.504147,-43.484657,-41.05501,-40.36961,-47.873844,-47.961792,-49.33914,-55.29736,-54.6917,-57.045143,-59.32217,-61.916824,-62.49985,-61.547512,-63.515034,-64.19313,-65.67596,-67.11341,-68.20782,-70.05708,-70.08025,-71.21703,-71.72778,-70.97964
9760,False,-29.620531,-32.109253,-33.47387,-36.63928,-35.453262,-39.25473,-42.138275,-42.988564,-46.953068,-48.19565,-47.533653,-43.539333,-52.37969,-48.590446,-49.04013,-53.116535,-56.90409,-59.61103,-57.476677,-61.631485,-65.69654,-60.40593,-60.59437,-65.3373,-65.40469,-66.28955,-66.98386,-70.034,-71.51684,-72.23094,-72.026,-72.31393
9792,False,-28.73056,-30.798382,-32.157364,-37.099274,-36.32158,-42.285065,-43.512302,-43.12019,-45.88631,-46.927868,-47.061657,-43.498287,-47.097736,-48.51469,-47.65738,-54.844406,-57.06984,-59.43976,-59.32892,-60.227066,-62.116547,-61.759876,-62.91532,-64.243454,-65.724525,-67.38812,-69.14053,-70.00987,-72.77091,-71.207115,-72.457405,-71.93972
9824,False,-25.007729,-31.616776,-34.738358,-35.600227,-38.490517,-45.590126,-44.500023,-42.85266,-42.54086,-45.549286,-47.900944,-45.023247,-52.534554,-48.929245,-48.257385,-53.19332,-56.14879,-58.50956,-61.27151,-62.54675,-62.577305,-63.21202,-64.74577,-67.43236,-67.51488,-68.63269,-69.922615,-72.079025,-72.08002,-72.42417,-72.18577,-71.574715
9856,False,-26.160307,-33.32774,-38.071148,-39.19665,-38.825138,-48.410587,-42.076744,-40.579292,-44.542274,-42.785603,-48.180656,-43.824425,-50.758606,-50.723732,-49.355316,-54.68693,-55.884506,-60.16359,-60.543022,-64.63276,-63.28843,-63.642265,-62.99077,-63.4997,-64.81274,-68.53799,-70.028244,-70.98398,-72.18814,-72.724655,-74.16057,-72.074265
9888,False,-30.446339,-33.949444,-36.354095,-38.40168,-35.33976,-44.922836,-41.623463,-41.081806,-45.095634,-45.4076,-45.517006,-43.742554,-52.15667,-49.489174,-49.10509,-54.80547,-54.18304,-59.045135,-58.487755,-62.38321,-62.437317,-64.06572,-64.447784,-65.90565,-65.68078,-68.33687,-69.04233,-71.57596,-70.761475,-73.37306,-73.079475,-72.58914
9920,False,-25.742922,-30.887468,-38.971832,-38.89732,-35.970016,-41.17533,-41.1192,-41.646156,-45.1536,-46.38955,-44.45878,-43.498844,-50.5555,-48.95145,-48.8808,-57.01406,-57.51703,-57.71667,-59.15602,-58.529797,-59.73169,-61.0622,-59.329773,-60.32249,-64.68855,-66.1073,-66.776794,-68.951065,-70.42637,-70.57382,-70.61469,-70.327995
9952,False,-28.833971,-33.13003,-32.776474,-36.142048,-34.532997,-38.70456,-43.02983,-42.654434,-44.038006,-49.39793,-44.50923,-44.43355,-50.80856,-49.098106,-49.849377,-55.185966,-54.94538,-57.344494,-58.11937,-62.14891,-60.80379,-61.765816,-60.31848,-61.81936,-64.52822,-64.989334,-66.87076,-69.36881,-70.84092,-70.46458,-70.233696,-70.89359
9984,False,-30.049957,-35.33222,-35.45491,-39.376156,-38.908897,-42.955975,-42.02854,-41.95217,-45.58979,-48.22846,-47.09144,-45.167255,-50.96365,-50.340088,-48.89299,-54.756794,-55.725864,-57.300896,-59.873814,-61.98553,-60.8614,-60.405632,-61.996323,-62.273067,-62.35035,-64.37024,-67.34092,-68.689926,-71.309746,-69.49173,-69.509514,-70.893814
