timestamp,faulty,band_0,band_1,band_2,band_3,band_4,band_5,band_6,band_7,band_8,band_9,band_10,band_11,band_12,band_13,band_14,band_15,band_16,band_17,band_18,band_19,band_20,band_21,band_22,band_23,band_24,band_25,band_26,band_27,band_28,band_29,band_30,band_31
0,True,-30.008085,-31.027582,-30.17876,-29.620207,-33.59798,-37.315186,-48.4843,-46.76771,-42.126507,-43.162876,-41.75777,-45.380104,-44.550037,-42.286537,-45.080837,-47.335476,-49.93032,-50.8251,-51.644722,-52.39086,-56.040154,-51.70431,-54.858948,-56.857395,-57.096333,-57.715725,-62.30166,-62.80922,-64.42648,-65.94872,-66.8155,-66.50771
32,True,-25.513962,-26.97571,-24.774036,-28.86972,-36.036427,-39.725334,-38.951496,-39.38029,-35.96464,-39.650562,-43.19099,-42.078205,-42.277046,-44.1102,-45.427383,-43.40065,-44.52601,-49.489788,-48.77653,-51.93473,-50.49575,-51.645042,-53.49998,-55.382584,-56.828125,-56.95897,-60.685966,-63.687195,-65.668,-66.5853,-69.18696,-70.82121
64,True,-20.796583,-26.225552,-27.900738,-34.741142,-33.915855,-34.23039,-36.97438,-37.886326,-37.29759,-40.12631,-42.02332,-40.903664,-44.379112,-48.75572,-44.894577,-45.015648,-45.43913,-48.575195,-50.69348,-51.27645,-51.835648,-53.374718,-54.277153,-53.8336,-56.29025,-58.13317,-59.75166,-59.411217,-63.671833,-66.18992,-68.8482,-70.6948
96,True,-25.19369,-25.091003,-27.949799,-28.415531,-35.595352,-36.271156,-38.282658,-44.614185,-37.889,-39.586365,-43.490547,-39.46789,-43.049217,-45.414623,-42.736786,-44.7794,-48.079773,-50.24851,-49.84218,-50.62301,-52.62475,-50.423004,-52.35622,-54.565643,-53.804325,-57.849957,-59.421215,-60.741257,-63.02498,-65.88756,-68.68012,-71.55747
128,True,-27.587814,-23.98019,-23.865215,-26.348288,-30.606739,-34.57903,-40.289803,-36.8916,-38.32639,-38.911545,-39.87098,-42.597393,-39.869,-41.305237,-44.45087,-46.44259,-46.265648,-45.280846,-50.35725,-50.7971,-50.64913,-52.58869,-55.223843,-55.266235,-56.03019,-59.110413,-60.77641,-60.79533,-64.15459,-67.009125,-67.679344,-70.434425
160,True,-24.818888,-30.703657,-26.498384,-30.721737,-30.624483,-33.131214,-38.71576,-36.10312,-35.932266,-37.25184,-42.074352,-41.637314,-42.42454,-45.096363,-45.574356,-46.140213,-47.21533,-49.37988,-50.267067,-49.634434,-50.34418,-50.23313,-53.74695,-56.07967,-56.16883,-58.3544,-58.377632,-60.12499,-64.37953,-66.26178,-67.678406,-68.833534
192,True,-22.05643,-27.680676,-26.597485,-28.493769,-33.916965,-37.565388,-39.432716,-39.49571,-39.15461,-41.587406,-44.806732,-39.073788,-39.373604,-42.60542,-44.19931,-44.547226,-44.48838,-46.793457,-48.6202,-48.83843,-52.29525,-52.633087,-56.039803,-55.07999,-56.243282,-58.843082,-59.725266,-62.727303,-63.267902,-66.59646,-67.99933,-69.452805
224,True,-26.600704,-25.35384,-25.437725,-28.10841,-33.777393,-36.29294,-42.774315,-40.256733,-35.654068,-41.765137,-41.37308,-39.91951,-42.034332,-41.741745,-41.995438,-41.840637,-42.829174,-46.71175,-49.755272,-51.95878,-51.87989,-52.79252,-53.057114,-52.537956,-55.693443,-58.543205,-60.103767,-61.00308,-63.574337,-67.23374,-67.888405,-70.19687
256,True,-26.653769,-26.40627,-26.806145,-32.160408,-31.593246,-35.78423,-37.40735,-39.085575,-33.340984,-39.1703,-46.39373,-42.66292,-44.186684,-46.1028,-43.898434,-44.95707,-47.78944,-46.98668,-47.877243,-49.65101,-49.58981,-49.193268,-52.58377,-57.117264,-56.825527,-57.533436,-59.61697,-60.70953,-63.779594,-66.352295,-69.01921,-69.63814
288,True,-26.009617,-26.347933,-27.163445,-28.029001,-35.551712,-36.446846,-35.689137,-36.94152,-39.850956,-43.313362,-40.211563,-39.268803,-40.763695,-43.053307,-44.015427,-42.99953,-45.167313,-44.868855,-49.008774,-48.600483,-51.362747,-51.871666,-51.76322,-55.007,-58.077564,-59.210907,-57.83371,-60.393948,-65.26421,-67.29608,-67.88832,-69.553185
320,True,-24.402454,-26.075184,-29.586838,-32.41547,-33.51979,-33.85037,-40.25792,-40.17003,-33.430603,-41.93224,-40.76704,-44.80247,-43.24223,-42.73986,-44.069748,-47.164085,-47.029175,-47.145954,-49.97192,-50.569504,-49.539738,-50.893204,-53.265896,-57.018833,-56.8201,-57.336678,-58.914867,-60.89567,-64.094986,-66.48849,-68.12429,-69.182755
352,True,-25.68393,-26.204985,-23.289772,-27.888166,-37.247726,-37.06869,-39.85221,-41.23899,-39.633232,-40.745697,-42.232185,-43.25431,-39.392834,-41.531147,-43.903206,-45.59511,-46.363964,-46.38308,-46.6307,-49.516624,-49.781155,-48.380814,-53.41384,-55.65447,-55.774925,-56.322502,-58.475685,-59.21484,-63.550777,-66.34993,-68.0827,-69.631996
384,True,-27.151348,-26.31126,-26.305601,-29.770575,-33.94028,-32.418045,-37.631256,-40.078407,-36.98846,-38.676365,-41.60059,-41.798,-37.842045,-40.622444,-45.29787,-43.870155,-46.827904,-48.532852,-50.460556,-50.0204,-49.937004,-49.71628,-53.427334,-56.24723,-57.742085,-57.823227,-60.30802,-60.764183,-65.29458,-66.251335,-68.7289,-69.71351
416,True,-24.845757,-25.524778,-26.17837,-27.682856,-32.62154,-35.32623,-35.861958,-36.127495,-36.61566,-41.017563,-40.78283,-41.292824,-40.482147,-43.11394,-42.015663,-45.1167,-44.83445,-49.390087,-51.153572,-50.214535,-50.31528,-50.86922,-52.97499,-54.508476,-56.210663,-57.4797,-59.027702,-60.923733,-65.095146,-65.828026,-68.89154,-71.19657
448,True,-25.796984,-26.820593,-25.371513,-32.332336,-34.6541,-35.28434,-40.143578,-36.320107,-37.506874,-43.785355,-42.360947,-40.262203,-39.332355,-41.68655,-43.510887,-46.69143,-48.123154,-48.133377,-50.380535,-50.556484,-51.833576,-50.214333,-52.970467,-56.36712,-58.046402,-58.257336,-60.010242,-60.990715,-65.69976,-67.20303,-68.00956,-69.80259
480,True,-22.041542,-25.461647,-30.880949,-33.269608,-34.726864,-35.807564,-39.458736,-40.1109,-40.69027,-41.773228,-39.326054,-43.409264,-40.05589,-42.078995,-44.64989,-44.68598,-48.64959,-48.743435,-49.99117,-51.17418,-51.17295,-50.809055,-54.33903,-55.38546,-56.959858,-58.268475,-60.251648,-60.925293,-64.91574,-67.36792,-70.24039,-70.56337
512,True,-26.14969,-28.557789,-33.086956,-33.780884,-34.371723,-34.382145,-40.25589,-41.110817,-38.586586,-38.416904,-44.172394,-42.272068,-41.132988,-45.36383,-45.743412,-47.526306,-47.310417,-47.597137,-49.481983,-49.430767,-50.708218,-48.802193,-51.852684,-54.191326,-56.013714,-57.182823,-58.93577,-60.42447,-64.53292,-66.307915,-68.09345,-69.959915
544,True,-31.291513,-30.146324,-31.707155,-30.899502,-31.742628,-36.231762,-38.82012,-34.21445,-39.090904,-38.65097,-43.160725,-44.686222,-42.36113,-41.380882,-44.14437,-50.059895,-50.38082,-47.7631,-49.289726,-49.743446,-49.99501,-53.2626,-53.772964,-55.31491,-56.667423,-57.48794,-59.208473,-60.749325,-62.551113,-67.33687,-68.743454,-69.967155
576,True,-26.309002,-25.763971,-24.902866,-30.153316,-31.80027,-33.836227,-38.610622,-34.459114,-31.22648,-41.095406,-40.792595,-43.823044,-42.770126,-43.967854,-42.416016,-43.558525,-46.51131,-46.387047,-47.902603,-49.195236,-50.25942,-52.726307,-52.426605,-55.92411,-57.19814,-56.922077,-59.44048,-59.297928,-65.00462,-66.94342,-66.96999,-69.333275
608,True,-25.343954,-27.596119,-29.421162,-28.76013,-30.107868,-34.149555,-32.795475,-35.22125,-35.002666,-40.924644,-39.197723,-43.43809,-43.351944,-44.601707,-41.752426,-44.918293,-46.23039,-48.704773,-47.48873,-49.50158,-50.319885,-52.635616,-53.01865,-53.97155,-56.80933,-56.70745,-60.070786,-61.441975,-63.447655,-66.40068,-68.09992,-69.06974
640,True,-25.440569,-30.1501,-29.316826,-28.793865,-32.364662,-39.73084,-43.264328,-41.932266,-38.74406,-46.809864,-43.780704,-42.497353,-42.46244,-42.823242,-43.182674,-45.78048,-45.71723,-47.855755,-49.623436,-50.67222,-51.4634,-52.678932,-54.701874,-54.297752,-56.140057,-58.181793,-59.31594,-61.42013,-62.506718,-64.55068,-67.76517,-70.21959
672,True,-23.531115,-26.899815,-26.656063,-31.951113,-35.148098,-36.52695,-36.59565,-38.968864,-37.152924,-38.956142,-40.792156,-44.922253,-41.725086,-42.816788,-43.67435,-45.20084,-49.461628,-49.546207,-47.73213,-47.50568,-49.97705,-53.349167,-53.17532,-56.19421,-55.96965,-57.9607,-60.000492,-60.47214,-63.673283,-66.09938,-67.345184,-69.12249
704,True,-26.703941,-27.757496,-28.947165,-32.04307,-32.674557,-36.523598,-37.48312,-34.410248,-33.90676,-39.33228,-41.685814,-42.651505,-42.017677,-43.093952,-42.54774,-45.606915,-46.97592,-48.626793,-46.791702,-50.80506,-52.124474,-51.193665,-52.588005,-54.21541,-57.180267,-57.49865,-59.01339,-60.05331,-63.95901,-66.35994,-66.53183,-69.40289
736,True,-28.16763,-28.911911,-29.173632,-34.244553,-35.219234,-35.039715,-39.86041,-40.342987,-37.823494,-41.65783,-43.437977,-43.302437,-45.289627,-45.828087,-43.36826,-43.46505,-44.202957,-50.701744,-50.269104,-50.688663,-51.519756,-53.293514,-54.80383,-55.128944,-55.846527,-57.452965,-60.72049,-60.928658,-61.81977,-66.368706,-65.823044,-69.57736
768,True,-24.257002,-26.579037,-28.86263,-32.805645,-29.553211,-34.835327,-40.073982,-41.14171,-39.298336,-40.213097,-43.995163,-42.719154,-41.898727,-46.51008,-45.09296,-41.700424,-44.51147,-49.152344,-49.65187,-51.06798,-52.32901,-51.18101,-52.892452,-54.68669,-54.815918,-56.96588,-59.1735,-60.494766,-63.66743,-66.67278,-68.10016,-69.67469
800,True,-23.839005,-25.674856,-23.838472,-28.952282,-31.304043,-31.60447,-37.860176,-38.12623,-39.452534,-38.24527,-41.499744,-39.614555,-41.29265,-43.095627,-45.60383,-43.39054,-44.724953,-48.579056,-48.156418,-51.11049,-51.352497,-53.187325,-55.44021,-55.959545,-55.904747,-57.12748,-59.369617,-59.77039,-64.53261,-65.405205,-69.37928,-69.41634
832,True,-26.670174,-26.078442,-24.315798,-30.242517,-31.047634,-34.442448,-39.280376,-38.615726,-36.412098,-40.542328,-40.024345,-43.516975,-43.304,-41.327057,-42.169044,-42.994427,-44.41375,-47.23065,-48.097908,-49.168518,-51.53251,-53.065407,-52.940517,-55.226273,-57.048454,-58.115387,-59.677944,-59.50824,-64.56927,-66.375114,-68.92734,-70.67739
864,True,-26.759964,-27.112291,-24.30892,-28.946186,-34.432243,-33.196556,-39.401646,-37.300068,-37.803947,-41.596123,-45.786797,-44.366432,-43.585987,-44.58509,-42.334267,-45.835464,-46.319702,-49.409637,-49.391598,-50.689316,-50.630615,-51.1591,-53.366447,-56.241688,-56.13263,-55.934532,-57.83129,-60.06781,-62.971115,-65.0063,-69.07578,-71.420845
896,True,-26.123896,-27.772827,-26.363306,-29.718472,-35.05403,-35.320587,-34.77205,-36.203304,-37.271492,-39.550087,-43.778553,-45.01178,-43.073254,-44.13082,-45.541916,-45.02846,-48.311905,-48.114037,-48.84926,-50.72855,-53.64727,-52.08564,-54.34304,-56.639305,-55.798386,-55.817963,-58.7892,-59.99353,-64.10208,-67.633835,-69.81681,-71.06086
928,True,-24.732117,-24.291023,-30.684395,-29.781797,-30.155235,-33.02748,-39.153084,-38.079308,-38.027184,-40.580437,-43.62358,-45.37054,-43.766323,-45.82224,-45.120884,-45.9974,-45.077934,-48.616333,-50.38562,-52.236897,-50.75543,-52.34907,-53.054207,-56.166634,-56.331024,-57.588764,-58.931965,-59.185196,-64.19015,-66.12004,-69.021065,-70.25519
960,True,-25.225948,-22.596966,-26.446106,-28.573921,-33.589848,-32.128925,-37.958748,-36.79992,-35.37543,-38.826015,-41.296993,-42.200935,-44.39144,-43.53843,-42.856945,-43.86238,-46.995712,-48.04377,-47.995117,-49.752155,-50.81925,-50.71033,-54.76963,-56.74798,-56.675636,-57.642635,-59.25525,-61.86878,-66.17217,-67.77938,-68.61116,-69.24882
992,True,-26.939316,-24.697325,-24.654772,-30.185947,-34.06766,-34.130516,-38.89386,-38.68125,-37.964035,-40.75325,-44.18506,-43.30809,-41.936806,-42.7427,-47.116043,-45.162186,-48.32561,-47.775787,-47.988323,-51.678318,-50.28377,-53.082443,-54.10254,-54.163822,-56.910706,-57.398624,-58.71885,-60.90002,-65.20005,-66.06408,-69.191986,-70.189316
1024,True,-20.3086,-27.929209,-24.668354,-26.626816,-31.51286,-31.087936,-35.007042,-37.64257,-36.558033,-39.529602,-39.9865,-43.318222,-44.173286,-42.38701,-44.604168,-45.891403,-46.87485,-50.84644,-49.23647,-51.97561,-51.71849,-52.021805,-52.99134,-56.409206,-56.788208,-59.43779,-58.113438,-61.416595,-65.21027,-66.60324,-68.18519,-69.34434
1056,True,-27.394844,-28.61855,-25.09638,-29.343454,-32.738194,-37.87243,-40.01555,-36.239677,-38.128185,-44.64067,-43.758545,-39.81938,-39.57047,-43.71304,-47.422237,-44.545055,-46.02717,-43.910145,-46.967674,-47.144753,-50.05911,-51.76256,-54.074837,-56.476242,-56.9381,-58.506016,-60.073883,-61.241894,-64.07938,-66.136024,-69.98307,-70.075424
1088,True,-24.002754,-25.20025,-25.796373,-28.361061,-32.32724,-37.99252,-38.69069,-37.13125,-35.817986,-41.415466,-41.135563,-42.853603,-42.355385,-40.40912,-43.76014,-45.183746,-45.22901,-45.8905,-49.2973,-47.75602,-49.004105,-50.47515,-55.396687,-55.931095,-57.118134,-55.700195,-60.00887,-60.971226,-64.06118,-66.36621,-66.96726,-69.53448
1120,True,-22.238918,-28.650152,-26.488724,-27.729141,-30.005611,-33.279507,-37.941624,-37.815445,-38.592896,-38.987793,-41.85413,-41.38019,-39.270622,-42.43833,-42.144295,-44.553623,-46.822895,-49.429047,-49.933174,-50.75781,-49.32823,-51.18364,-53.702923,-55.014263,-55.62982,-58.452816,-59.287342,-60.744724,-63.337254,-65.51406,-67.630585,-71.10557
1152,True,-23.560019,-28.12691,-26.15899,-30.592335,-33.582314,-35.268005,-37.883698,-41.67612,-37.878532,-40.79827,-40.58084,-40.382442,-40.70652,-44.432446,-41.389317,-43.45316,-47.245693,-51.01493,-51.23143,-48.644108,-51.043392,-52.215458,-54.003235,-55.9646,-55.288986,-57.400322,-59.745163,-60.244827,-64.003006,-66.917206,-67.9337,-70.57397
1184,True,-26.846603,-28.215582,-28.787088,-29.075626,-31.350838,-31.998882,-39.484646,-36.20175,-37.828075,-38.265404,-43.27242,-39.68569,-44.168316,-42.449615,-42.593197,-46.065773,-48.478508,-48.845974,-48.511147,-51.41653,-51.713783,-52.05679,-53.522488,-54.178196,-54.600105,-58.905495,-59.765972,-62.121735,-64.51439,-66.57149,-66.44855,-70.51986
1216,True,-26.475456,-25.986101,-24.274397,-29.57532,-31.890484,-37.13203,-34.941017,-37.582203,-34.988712,-39.41666,-38.321243,-39.74504,-42.367805,-45.463104,-43.30772,-43.07631,-45.226837,-49.525867,-47.94865,-51.511578,-53.828087,-48.263134,-53.472157,-56.21613,-55.803543,-60.158646,-59.310993,-61.872524,-64.25608,-67.15667,-68.30521,-69.813065
1248,True,-24.114975,-26.193666,-29.307812,-31.49384,-36.408745,-34.284225,-41.077187,-38.257095,-36.977913,-41.08139,-43.5025,-46.07013,-41.372227,-42.675446,-41.531822,-42.406776,-47.02294,-48.62923,-47.286335,-53.183167,-53.07789,-52.623123,-54.61119,-55.647194,-56.22477,-59.16282,-59.296837,-61.602974,-67.11267,-66.92344,-67.38359,-70.16438
1280,True,-24.729736,-26.225193,-27.032518,-31.592945,-31.9586,-33.93262,-38.58552,-39.008526,-40.349575,-40.96335,-40.365067,-41.677246,-42.335663,-43.601166,-43.000404,-44.795036,-45.025978,-46.90048,-49.992676,-50.659466,-53.872887,-54.78354,-53.57258,-54.788948,-56.914696,-59.12937,-59.39628,-59.23136,-65.602356,-67.879265,-68.86853,-70.45785
1312,True,-24.366777,-27.343803,-30.695698,-30.990294,-33.995316,-36.544346,-41.69835,-36.9541,-39.18505,-42.435143,-42.58638,-43.53134,-43.094944,-42.645317,-45.51873,-48.911633,-48.481667,-49.51212,-50.9,-51.96484,-52.420868,-52.2513,-54.162285,-56.98671,-59.516624,-56.639446,-59.162502,-59.36715,-63.081783,-67.08797,-68.68345,-69.13748
1344,True,-20.09782,-23.576136,-30.710781,-33.374756,-34.728947,-35.965893,-39.682423,-38.138355,-37.36564,-40.81276,-46.396965,-42.91536,-43.841892,-44.03312,-43.968662,-45.5855,-48.794586,-50.578503,-49.07261,-51.486214,-49.751007,-51.830383,-54.794716,-56.138298,-58.415604,-57.632526,-58.311546,-59.34855,-64.888985,-66.44876,-69.26134,-71.43527
1376,True,-23.890942,-29.15342,-28.76815,-30.53574,-37.02356,-33.167374,-38.697647,-35.979553,-37.261703,-40.780483,-42.276276,-41.690735,-41.26604,-44.86919,-42.24663,-42.8349,-44.314537,-46.859634,-48.245186,-51.15542,-52.26078,-53.103104,-55.702225,-53.97104,-55.939884,-60.711723,-61.59412,-61.482414,-63.933266,-65.51436,-68.959915,-70.16728
1408,True,-25.380915,-29.73383,-27.225008,-29.848204,-29.803211,-30.446512,-36.411037,-37.68151,-37.714928,-42.951015,-42.3703,-46.19177,-42.34939,-44.665718,-44.08288,-47.007603,-47.581512,-45.47081,-50.63856,-52.356586,-51.89339,-52.96321,-53.174515,-55.39321,-56.62636,-57.665398,-58.769173,-60.02236,-63.173035,-64.95328,-68.5262,-69.50683
1440,True,-23.387747,-27.586164,-32.052113,-31.205912,-31.145544,-34.985302,-41.205055,-43.584293,-43.801594,-40.803165,-42.879112,-45.145203,-44.04471,-46.69372,-41.23112,-44.03626,-46.28961,-50.472847,-50.70629,-53.548462,-50.67045,-50.443386,-52.384434,-53.31978,-55.835224,-58.29351,-60.38878,-60.030434,-62.75871,-66.88294,-68.03217,-71.21564
1472,True,-26.561396,-30.31111,-26.329819,-30.759193,-33.80467,-33.215755,-38.96016,-36.30745,-38.525314,-41.35556,-40.116768,-43.220078,-43.364098,-47.09364,-43.55617,-44.132137,-45.24115,-47.918884,-49.74073,-51.23313,-51.972916,-49.646603,-52.167274,-53.895794,-55.660763,-57.59562,-59.24069,-60.655743,-62.86319,-66.346725,-68.386604,-69.59487
1504,True,-24.512047,-23.86798,-28.931461,-30.708233,-32.722668,-37.720074,-38.085102,-35.188812,-36.20798,-39.396244,-41.265747,-45.38057,-42.650642,-45.191113,-46.147354,-44.491077,-44.402843,-45.764008,-50.359837,-50.451202,-51.075424,-50.02834,-51.78781,-55.196552,-56.531868,-57.31596,-59.57279,-60.66904,-63.74164,-65.81145,-69.2971,-69.758156
1536,True,-25.501652,-29.63297,-34.06865,-35.849445,-35.547768,-37.812695,-38.513676,-38.191113,-37.484756,-39.290398,-46.516766,-45.71611,-40.76793,-41.60908,-41.92596,-43.74723,-46.798523,-46.71085,-50.865814,-52.453007,-50.975605,-51.191566,-53.55693,-55.879158,-57.06854,-57.731354,-58.09725,-58.03047,-63.197815,-66.29516,-70.54115,-71.02936
1568,True,-25.049574,-27.380419,-28.440268,-29.475527,-35.740906,-38.61444,-41.0595,-35.021503,-36.612022,-40.6343,-43.298943,-41.204815,-41.474873,-44.665474,-45.45749,-45.41693,-46.58571,-48.689842,-52.155533,-50.893936,-50.974205,-53.4354,-54.02759,-54.235172,-56.243786,-56.9774,-59.272675,-59.993595,-62.36845,-66.80569,-67.009575,-70.43415
1600,True,-22.821838,-29.112894,-26.157475,-32.75284,-37.11738,-35.438107,-37.05629,-36.511734,-35.043304,-35.43261,-43.214375,-42.47619,-42.92009,-43.450188,-42.649685,-45.722725,-47.175987,-47.113785,-49.815216,-51.371727,-51.755165,-50.72696,-51.543915,-55.615578,-57.55845,-56.50354,-58.12638,-59.925125,-63.705654,-65.83663,-69.20935,-71.57367
1632,True,-23.990004,-29.624191,-30.343199,-31.888144,-33.826744,-34.622112,-40.08783,-35.167545,-38.570194,-42.836143,-40.863705,-44.21102,-43.541065,-43.302895,-42.05043,-44.45527,-46.46597,-49.307446,-49.796516,-51.009186,-50.39831,-49.934925,-55.37607,-56.60285,-54.524387,-56.918568,-59.42055,-61.821552,-64.01766,-67.38185,-70.39729,-68.74469
1664,True,-25.363482,-27.1074,-29.802702,-30.673538,-32.754944,-37.27261,-40.138668,-36.33497,-35.557137,-37.192844,-40.098976,-43.500427,-43.50457,-46.05524,-41.301785,-44.040176,-45.36035,-46.35284,-47.26467,-50.24318,-50.924206,-51.681343,-56.33001,-57.26776,-57.56865,-57.851006,-60.49053,-61.259197,-63.89114,-67.971825,-69.62941,-70.12422
1696,True,-27.730703,-32.50226,-25.57436,-28.392618,-35.506428,-35.92583,-40.58302,-39.082092,-40.059143,-37.561893,-38.968765,-43.226395,-40.809647,-40.06478,-42.75328,-44.483902,-44.778458,-46.931404,-49.142395,-50.096466,-51.02485,-51.927994,-52.343468,-54.1463,-56.45792,-58.86933,-58.836754,-62.660137,-65.10287,-66.057526,-67.98183,-68.8251
1728,True,-27.570404,-26.081705,-28.575151,-30.30327,-33.091347,-36.033222,-38.574467,-35.920246,-40.770565,-39.862904,-45.500484,-45.849625,-44.321903,-38.933926,-44.280716,-44.12848,-44.381657,-45.868473,-47.90969,-51.619396,-52.652557,-51.896454,-52.51014,-55.22762,-57.64698,-58.310593,-61.004368,-60.553936,-63.98029,-65.81695,-69.12487,-70.74263
1760,True,-24.114113,-28.903074,-28.477032,-36.236206,-34.144062,-33.354687,-38.42037,-37.053806,-37.41866,-42.47042,-40.108124,-39.64717,-39.160824,-38.48449,-45.28138,-45.201843,-48.099487,-51.800037,-54.51037,-53.74141,-54.03584,-52.129036,-54.818085,-56.567436,-55.706654,-60.062107,-60.194263,-59.203,-65.4172,-67.612495,-69.61151,-70.10082
1792,True,-24.052904,-25.778772,-23.122015,-27.217968,-31.771545,-34.442078,-36.81087,-38.298527,-40.566734,-43.72831,-43.60561,-41.322662,-43.808105,-40.59855,-42.748276,-46.80277,-47.342056,-50.81784,-52.510323,-52.78012,-49.382942,-50.399178,-52.73243,-56.045376,-57.542004,-58.283623,-59.560474,-60.206314,-64.27598,-67.19417,-68.42736,-71.39996
1824,True,-23.840324,-26.514418,-27.665123,-30.722658,-33.002857,-34.64158,-39.617325,-39.22439,-38.952557,-39.774082,-43.06664,-41.606518,-44.1669,-43.31999,-40.450554,-46.146374,-49.390034,-49.09082,-49.598507,-51.608624,-52.109547,-52.149345,-53.260757,-55.953236,-56.471222,-57.83911,-60.881668,-60.80607,-64.29416,-64.73611,-68.68395,-71.38217
1856,True,-27.015793,-26.02205,-25.78742,-27.477894,-30.926474,-33.929504,-37.91725,-38.931126,-36.30371,-41.429802,-43.407516,-45.38417,-45.134842,-43.430473,-42.199024,-47.33666,-48.386074,-48.595234,-49.57305,-54.711033,-55.398273,-54.502354,-54.94185,-56.435318,-57.413067,-59.206413,-58.98609,-59.966988,-63.95204,-66.033615,-68.23131,-70.21933
1888,True,-23.302143,-25.722044,-29.13699,-31.490175,-30.65366,-31.619215,-38.74729,-40.98576,-38.986534,-41.97922,-43.922127,-38.700634,-41.125473,-44.6505,-43.63124,-46.396748,-47.97486,-48.049603,-48.1621,-50.776505,-50.803394,-52.985607,-54.86914,-56.35446,-56.322807,-59.29837,-60.08713,-59.77406,-64.67665,-66.0225,-68.58209,-69.530975
1920,True,-22.086628,-24.870186,-25.848513,-28.996838,-30.43842,-31.340124,-37.31075,-38.280655,-38.286575,-39.217087,-40.364502,-42.64368,-40.826836,-42.88379,-44.529606,-46.406307,-47.008255,-47.29305,-48.662014,-51.54921,-52.366837,-50.116825,-53.29782,-55.313072,-58.89307,-57.94381,-59.066196,-60.426712,-63.294086,-66.55616,-68.77406,-70.35525
1952,True,-23.803177,-27.334469,-27.896814,-32.439484,-36.665005,-36.936295,-38.67108,-38.472458,-37.657505,-39.993034,-40.817852,-40.99859,-41.574028,-40.46245,-44.083664,-46.84927,-49.298912,-47.367294,-49.957447,-51.61551,-53.48706,-52.868633,-54.232254,-53.563236,-56.33781,-59.30021,-58.520462,-59.278202,-66.00244,-67.1473,-68.23947,-70.26579
1984,True,-25.916574,-26.044125,-30.51743,-35.623203,-31.703087,-33.32748,-39.551846,-36.22482,-37.7215,-38.772266,-39.799725,-40.99124,-41.543087,-40.659336,-40.471878,-45.049225,-45.64483,-47.208477,-48.79352,-49.11556,-50.608425,-52.56598,-55.904396,-56.84042,-55.64061,-58.55578,-58.72941,-58.539616,-63.40822,-67.26563,-68.63685,-69.58373
2016,True,-22.240765,-25.138088,-25.816671,-27.474194,-28.737194,-33.666416,-41.710896,-38.75732,-39.049828,-38.742348,-41.139606,-41.55488,-44.187637,-40.34609,-43.223057,-46.687244,-46.771473,-46.28234,-48.855232,-49.24382,-52.053993,-51.764797,-52.687107,-53.664825,-56.558727,-59.54297,-59.60072,-62.834454,-66.469955,-67.650826,-68.52022,-69.72265
2048,True,-25.135578,-25.06947,-27.320307,-30.312365,-32.451817,-39.389328,-40.361465,-37.363445,-34.4848,-41.720577,-40.659924,-43.93826,-44.67047,-43.115135,-40.5279,-46.430172,-47.800426,-46.77752,-48.18089,-49.525257,-50.61318,-51.667446,-54.372517,-54.533176,-56.450672,-57.16369,-59.002693,-60.799786,-66.18522,-68.23352,-68.52757,-70.184944
2080,True,-24.703438,-28.1108,-25.758678,-27.989883,-33.512165,-33.167057,-35.55313,-40.042366,-37.140114,-39.39479,-41.288605,-42.382057,-43.840557,-45.298615,-43.69902,-45.761612,-46.44272,-49.66883,-49.38931,-49.67783,-51.390873,-51.41857,-52.621315,-55.40659,-56.357353,-57.768333,-60.820534,-61.188145,-64.54768,-66.98227,-67.13635,-69.91488
2112,True,-31.446905,-32.558064,-29.545431,-30.404318,-32.795933,-34.174652,-40.504074,-40.337887,-37.39593,-38.920567,-43.137276,-45.166878,-44.34503,-42.40998,-44.03503,-45.23661,-44.749443,-48.383297,-48.772236,-52.568016,-52.065292,-50.567318,-54.732178,-55.45502,-57.359127,-57.296925,-60.159485,-61.39579,-65.54097,-66.95322,-69.47774,-69.624626
2144,True,-25.032738,-31.549427,-26.76304,-29.741974,-29.630411,-31.136501,-33.795464,-36.830246,-39.747345,-38.7165,-45.188965,-44.555832,-43.005596,-42.290787,-43.831093,-45.11087,-45.542583,-46.259537,-48.36139,-51.32671,-51.595074,-51.379906,-52.86259,-55.313145,-58.68986,-59.03621,-61.26005,-61.745945,-63.999893,-66.97517,-69.30219,-71.55989
2176,True,-24.890223,-27.546211,-27.39943,-29.489012,-30.41421,-41.654335,-39.234406,-40.276737,-42.70481,-38.817986,-40.116524,-39.573677,-41.716095,-42.61577,-39.36332,-43.053802,-44.9645,-48.35167,-51.23059,-51.704872,-50.793594,-52.145325,-54.933704,-56.171486,-57.717113,-57.904892,-59.926525,-63.03793,-65.880875,-66.45963,-68.89436,-70.807144
2208,True,-24.589365,-30.418774,-24.359371,-27.525734,-31.47708,-36.19411,-38.06769,-41.71959,-37.64913,-39.849266,-42.926144,-42.489857,-41.14308,-40.760414,-42.952747,-45.61161,-46.876904,-47.349148,-49.098454,-51.19636,-51.731533,-51.79982,-55.198578,-55.79847,-57.28392,-60.055965,-59.53585,-60.77294,-63.75193,-67.05003,-69.522896,-70.49649
2240,True,-23.818146,-25.2379,-28.818075,-31.34293,-31.869282,-37.45232,-37.508556,-39.252518,-37.009464,-38.9878,-39.676003,-41.950188,-40.047184,-42.164085,-42.71289,-43.7373,-45.94117,-47.86741,-49.126625,-49.79238,-51.894398,-51.45636,-55.205616,-55.625973,-56.36773,-57.78612,-59.817883,-59.054436,-64.26817,-66.19025,-68.77734,-70.07933
2272,True,-25.308754,-23.215195,-26.014698,-30.5293,-33.171204,-37.8631,-38.27651,-40.305664,-39.83478,-38.987026,-42.088074,-41.32785,-41.35871,-41.0409,-43.531166,-44.960938,-48.416866,-47.71145,-48.47924,-49.99948,-51.607178,-54.09344,-54.15855,-55.279484,-54.50647,-55.138184,-58.04678,-60.1681,-64.244484,-65.67832,-67.53365,-70.663086
2304,True,-26.309174,-27.949852,-27.8646,-27.527103,-32.450615,-33.86624,-38.103756,-39.75548,-40.09684,-38.935093,-40.725327,-40.19798,-41.30898,-43.714767,-40.88402,-45.24962,-48.849792,-46.921913,-48.381927,-48.418777,-52.13682,-51.612663,-53.04108,-55.435658,-58.041435,-60.06819,-59.823566,-57.977352,-63.573143,-65.567276,-68.21076,-69.224785
2336,True,-27.98501,-27.219774,-30.653822,-33.63543,-33.53469,-34.079735,-37.40665,-34.867928,-39.60118,-44.072937,-43.622795,-43.198414,-43.75766,-43.963615,-44.34444,-46.015762,-45.905033,-46.656326,-50.13112,-50.606464,-49.07311,-49.80978,-52.69046,-54.610523,-56.676105,-57.55764,-59.174557,-59.60255,-64.10096,-67.395386,-69.05572,-70.074356
2368,True,-26.892937,-27.691029,-26.15078,-28.695517,-34.909462,-34.027344,-35.831963,-39.196846,-35.405624,-39.077877,-41.91388,-40.74367,-41.581764,-42.765484,-42.70208,-42.807037,-46.332405,-48.133812,-48.545036,-50.11679,-51.24985,-51.981995,-52.501545,-55.538124,-56.74799,-58.661407,-59.902916,-61.188507,-63.046036,-65.32955,-68.2789,-68.90024
2400,True,-23.176706,-23.63636,-28.412807,-29.863947,-33.630146,-35.986,-41.00432,-39.450153,-38.292927,-40.57567,-41.316116,-41.688713,-42.031464,-41.634907,-44.48098,-42.93993,-45.60287,-47.59088,-48.52535,-49.771175,-51.475258,-50.96909,-51.807495,-55.610203,-57.578243,-58.01461,-59.810516,-59.002987,-63.528656,-66.23645,-68.047134,-70.09827
2432,True,-23.890535,-29.607258,-26.44733,-28.980072,-29.981688,-35.146618,-36.176933,-37.55326,-38.12337,-41.95242,-45.730156,-39.017426,-41.76475,-44.149178,-40.818943,-43.34504,-45.84833,-46.37432,-47.49685,-52.850212,-51.73928,-51.441517,-55.33005,-55.905895,-56.872486,-58.985428,-60.00637,-59.94046,-63.269505,-64.35887,-67.77189,-70.63174
2464,True,-23.54697,-28.730394,-28.455326,-27.761068,-30.163576,-34.913715,-35.363365,-35.973705,-38.826416,-43.170708,-41.686325,-39.224354,-39.8993,-43.324604,-43.7163,-43.308067,-46.011955,-48.185623,-49.613728,-50.963127,-52.65327,-53.524174,-53.107357,-54.145027,-54.977287,-57.24953,-61.054493,-60.318027,-64.58697,-66.371124,-68.3971,-69.48976
2496,True,-25.399733,-25.333202,-26.902855,-29.941746,-28.066729,-34.737003,-40.34162,-40.643612,-40.031277,-41.015747,-38.5936,-40.97454,-39.11946,-42.186646,-43.30581,-45.294323,-47.87319,-48.10695,-48.256706,-49.345673,-50.251373,-50.308475,-52.70804,-55.844215,-55.63372,-57.77269,-58.95835,-61.235916,-64.65867,-66.35762,-69.30457,-70.43533
2528,True,-23.600142,-22.588844,-26.977116,-31.020565,-33.6295,-34.75533,-38.720875,-37.872276,-37.017227,-42.045242,-41.113304,-43.306602,-42.61596,-43.002735,-40.333637,-42.425747,-46.374504,-49.56316,-49.975685,-50.611,-52.440144,-50.63642,-53.22181,-55.694424,-57.93425,-59.253967,-60.720085,-61.00979,-63.718815,-65.22089,-68.255936,-70.78314
2560,True,-24.954742,-24.007656,-28.87417,-31.424372,-36.75788,-35.45211,-36.86481,-37.510372,-37.74283,-41.773705,-40.302567,-42.860203,-41.163925,-40.86374,-41.36402,-46.21162,-46.049953,-47.98376,-49.672394,-50.018955,-50.85282,-51.424065,-53.75588,-54.371933,-56.07817,-56.953907,-57.752655,-60.2956,-65.10238,-66.8172,-68.82493,-68.94684
2592,True,-26.313671,-27.869785,-29.446922,-34.29322,-36.239784,-33.490654,-35.08529,-37.86821,-35.63849,-39.71885,-38.32993,-42.02784,-39.010452,-41.539284,-42.68555,-46.561317,-45.93668,-47.947662,-48.4041,-49.65529,-53.439007,-53.782654,-55.68186,-55.399155,-56.669254,-59.68656,-60.77546,-61.13628,-64.57265,-66.31928,-68.01334,-69.87331
2624,True,-29.56223,-28.377026,-28.005035,-29.857178,-30.778265,-31.74116,-36.772896,-37.277954,-35.64843,-36.72349,-38.6342,-41.295097,-40.819008,-43.06913,-41.39549,-44.275936,-47.35565,-47.357323,-48.025826,-49.201584,-53.00567,-52.947594,-55.729527,-55.519737,-57.8329,-57.626553,-60.445156,-62.330624,-64.98718,-65.54964,-67.45139,-68.11532
2656,True,-22.777025,-23.055592,-26.055735,-28.188663,-34.636692,-33.582676,-39.863625,-38.102833,-36.845547,-40.009888,-37.560543,-41.17357,-39.289112,-43.48688,-42.924583,-45.372833,-46.76685,-49.448303,-48.72909,-51.787052,-49.890907,-50.63726,-53.62993,-57.303394,-58.327023,-58.437634,-57.187714,-61.3351,-65.62379,-66.72637,-67.44489,-69.31004
2688,True,-20.26958,-24.2459,-24.114225,-32.209023,-31.555218,-35.194973,-35.90503,-36.44794,-34.579945,-40.032158,-40.49109,-43.39443,-43.42753,-42.455124,-42.901997,-46.53317,-44.620064,-48.154568,-47.77774,-50.01333,-51.60427,-51.346924,-52.992687,-56.237167,-57.75885,-58.802216,-58.653908,-60.989758,-64.47251,-65.1835,-68.535194,-70.83779
2720,True,-27.057693,-26.589985,-26.254803,-30.281456,-35.656036,-33.96082,-37.63105,-38.018158,-37.430428,-38.77433,-40.422283,-40.236893,-43.74675,-43.153934,-41.94403,-44.04079,-48.305237,-51.152214,-48.948196,-50.25476,-49.44679,-51.90802,-53.166023,-54.298824,-56.811695,-59.646606,-59.31009,-61.87117,-64.144325,-66.07293,-66.874115,-68.95929
2752,True,-25.452274,-26.181164,-30.316916,-31.832006,-36.587387,-35.043858,-38.594395,-35.796356,-35.465416,-40.497253,-40.47648,-43.309433,-47.122513,-46.39502,-44.61241,-45.70388,-46.51332,-50.144047,-47.439117,-49.087997,-49.780685,-51.00467,-54.2405,-55.724472,-57.536057,-58.497337,-60.53873,-60.210007,-63.23052,-66.65382,-68.859955,-70.50636
2784,True,-25.338915,-25.662601,-27.939445,-31.081297,-34.337456,-32.79911,-37.181675,-35.379993,-38.601753,-41.010395,-43.605965,-44.557884,-42.05448,-46.68478,-47.51347,-47.974762,-49.164566,-48.068672,-49.969513,-49.269222,-49.838356,-51.27938,-52.808628,-56.822758,-56.931656,-57.58322,-58.979343,-61.893887,-63.850346,-66.251236,-68.14326,-69.151825
2816,True,-24.095041,-24.692032,-25.919409,-29.688656,-34.12679,-32.794086,-37.883644,-35.171856,-36.843407,-42.145447,-43.620277,-40.815983,-42.67903,-44.00003,-45.52648,-48.258896,-46.640633,-46.74151,-48.925323,-50.517982,-55.07376,-51.024227,-51.042107,-53.96255,-55.78991,-57.313637,-57.62269,-60.769997,-64.85857,-65.91569,-69.67143,-70.10921
2848,True,-23.412666,-25.965214,-30.013115,-32.281666,-33.27566,-35.49129,-38.594933,-39.09233,-37.014404,-41.013943,-41.9439,-39.368767,-43.249924,-43.471638,-45.76055,-45.840042,-45.378693,-48.060146,-49.488632,-49.005524,-49.921494,-52.256104,-53.170513,-56.65979,-58.470303,-59.25736,-58.98516,-60.671867,-64.81742,-66.68492,-68.80049,-69.91438
2880,True,-24.42456,-24.581127,-24.309925,-28.010061,-32.254883,-31.28484,-34.6615,-38.095448,-36.599934,-37.360832,-40.427174,-40.723106,-39.808456,-44.223385,-44.745213,-42.676884,-44.83586,-48.176422,-48.03399,-49.94185,-52.136055,-52.630825,-53.8115,-56.580383,-56.56652,-56.44552,-59.40043,-59.57618,-65.62326,-66.62608,-68.376,-69.474556
2912,True,-26.008986,-26.462858,-24.519281,-28.58856,-31.73231,-34.32873,-38.41764,-39.30441,-35.947906,-38.288635,-40.58521,-43.023216,-41.0585,-42.398346,-44.302845,-45.78765,-46.184906,-49.08317,-47.066856,-49.485985,-51.407013,-50.727406,-51.938324,-56.71211,-54.858227,-57.475517,-60.65476,-60.140076,-64.28333,-67.18276,-68.994965,-69.579834
2944,True,-24.064976,-28.352976,-26.553669,-27.223795,-32.476517,-32.66215,-36.52742,-35.664852,-38.22757,-38.87834,-37.30494,-37.91278,-44.22157,-43.79769,-43.73901,-44.445896,-45.940056,-48.785828,-47.738663,-50.24677,-51.974964,-53.188282,-53.613144,-55.105473,-57.24806,-59.492718,-59.487423,-59.17971,-62.645878,-64.97946,-68.23064,-70.71917
2976,True,-23.516487,-23.863907,-30.339582,-34.749382,-36.530136,-38.83836,-37.53881,-35.688377,-36.988186,-40.065403,-44.467163,-41.537876,-41.334694,-41.233017,-45.615387,-46.61861,-51.54684,-49.73282,-50.1642,-51.232086,-51.535843,-52.884636,-53.478283,-55.092606,-57.968384,-57.930916,-59.948402,-60.75275,-64.71179,-66.67131,-68.26959,-70.37786
3008,True,-21.997849,-27.11608,-26.987135,-28.534,-30.7888,-34.06584,-36.158203,-37.445633,-34.874527,-38.478508,-41.08879,-42.17256,-42.81969,-43.25226,-44.39066,-44.122635,-46.60402,-48.85256,-48.046803,-49.178482,-50.860275,-54.51287,-53.716454,-54.163948,-54.81627,-57.747765,-59.40031,-60.230377,-65.15908,-65.44333,-68.5356,-69.803894
3040,True,-23.68125,-28.147842,-30.053211,-28.846437,-29.800323,-32.893234,-37.51937,-36.062668,-39.384964,-41.42418,-43.758892,-42.832027,-41.310745,-42.83014,-43.90423,-42.86858,-46.14907,-48.52922,-49.117302,-51.223785,-52.067566,-48.652744,-51.67166,-55.274963,-56.315353,-57.505196,-60.050117,-59.62049,-63.862717,-67.20949,-68.19771,-70.94773
3072,True,-24.268604,-32.293587,-30.629852,-31.820332,-33.417095,-36.296238,-39.904247,-36.58129,-37.589516,-42.11589,-43.158195,-43.682854,-42.085922,-45.7006,-45.172596,-45.373474,-47.25809,-45.667072,-48.892487,-52.293606,-51.91333,-50.536438,-53.822247,-56.213375,-57.258343,-58.102154,-60.785503,-60.15513,-65.38539,-67.20178,-68.53229,-70.19711
3104,True,-23.87969,-24.571636,-26.819065,-31.943085,-34.260708,-31.966988,-36.794476,-38.13547,-37.592247,-38.84233,-41.567192,-39.57486,-43.12548,-42.604298,-43.24644,-45.73343,-46.853172,-50.49349,-50.53945,-50.639286,-55.175224,-50.795498,-52.71454,-54.8286,-56.38038,-57.52278,-59.67594,-60.109634,-64.30864,-66.81186,-69.92768,-70.41261
3136,True,-20.890469,-22.038197,-31.02245,-30.974445,-32.104996,-34.613182,-39.04881,-37.255997,-35.47958,-38.555893,-43.682266,-43.29891,-41.511875,-44.375664,-43.648216,-46.22188,-46.13651,-48.392624,-49.247047,-51.39798,-48.49376,-51.545334,-55.27717,-55.967186,-56.563705,-58.16359,-60.561604,-60.88158,-63.64922,-67.87967,-69.069885,-70.82524
3168,True,-25.071953,-25.834217,-26.681929,-29.102703,-31.974083,-36.9264,-39.257637,-40.43133,-39.883224,-36.203056,-42.362495,-43.31759,-39.424213,-41.433178,-45.521183,-43.394554,-47.818798,-50.824783,-50.719776,-48.958534,-54.046906,-52.56389,-54.089035,-55.980473,-56.051323,-57.639526,-60.99218,-59.974915,-63.76322,-66.49745,-68.750336,-70.49129
3200,True,-24.148426,-26.743116,-25.481812,-28.800037,-30.700037,-34.607998,-35.73936,-37.605278,-36.444733,-37.06063,-38.403114,-36.843662,-39.3874,-44.290653,-45.929855,-43.849796,-46.78813,-48.853844,-50.26106,-52.314896,-50.86084,-52.064266,-52.490303,-55.39316,-55.082443,-58.1389,-58.62787,-59.55977,-64.58681,-66.90433,-69.38717,-69.532364
3232,True,-22.941673,-26.249666,-25.620846,-33.506935,-34.395924,-35.708607,-42.478645,-39.006153,-39.049095,-42.818203,-43.159634,-45.223763,-43.54137,-41.497196,-39.77541,-40.99936,-46.79805,-48.35741,-47.73437,-51.148674,-51.1663,-50.33258,-52.43578,-55.639233,-57.257763,-56.832153,-58.564957,-60.962868,-63.542084,-66.89574,-67.81554,-69.68932
3264,True,-24.567793,-28.41384,-30.07396,-37.90767,-37.19431,-34.519897,-39.10934,-35.736282,-37.992607,-39.945396,-43.76377,-42.41844,-40.924095,-46.200645,-41.786674,-44.77638,-46.049026,-47.214127,-49.079967,-52.019745,-52.43985,-50.328785,-53.07718,-55.65163,-56.021008,-57.642136,-58.83154,-59.929466,-64.5974,-65.78153,-67.4017,-69.853645
3296,True,-22.179024,-23.748558,-26.813618,-29.102333,-35.023674,-35.424698,-40.5623,-38.38743,-40.652107,-40.622272,-41.76906,-43.055096,-42.866867,-45.68824,-43.85743,-44.844933,-46.864643,-47.339973,-48.70691,-50.718224,-53.563595,-52.360878,-52.991592,-56.468185,-55.415386,-56.22059,-59.32308,-60.09516,-63.14566,-65.78103,-69.02403,-70.8403
3328,True,-23.087727,-25.503658,-28.162457,-28.697384,-30.265053,-35.930817,-43.733883,-38.822132,-37.96707,-38.195328,-44.932564,-42.896317,-39.5904,-43.498226,-43.15406,-43.213535,-43.788963,-45.094204,-48.200043,-51.67597,-50.59987,-50.199097,-53.932537,-55.500507,-56.64422,-58.736076,-58.822777,-61.495323,-64.514046,-67.15328,-68.86624,-70.04761
3360,True,-28.702822,-27.863514,-27.752745,-31.397295,-36.539024,-38.504227,-41.165432,-40.438873,-37.29192,-38.829536,-41.735664,-43.13145,-38.81375,-41.37589,-43.41934,-44.61412,-46.099316,-46.341324,-50.328594,-49.76095,-51.94248,-50.912003,-52.375446,-55.46801,-56.53982,-59.44306,-58.870804,-60.84065,-63.41646,-65.774826,-68.88105,-70.00521
3392,True,-26.64943,-25.387756,-24.746284,-30.178509,-34.266582,-39.828384,-42.21407,-37.15982,-32.653416,-34.996143,-42.566933,-43.709698,-43.817,-45.5959,-46.074123,-45.36024,-46.62443,-46.893547,-49.45564,-49.129158,-52.743538,-51.021534,-52.20436,-54.70119,-56.28594,-58.03419,-60.02335,-60.683044,-63.653687,-66.21326,-68.90657,-70.30208
3424,True,-23.19583,-24.572237,-25.878693,-29.902306,-35.102623,-36.054737,-40.59898,-37.88703,-39.015244,-41.033073,-44.138756,-42.59371,-39.273327,-44.89349,-44.3814,-47.20171,-45.671387,-46.005875,-49.538845,-52.430046,-51.66185,-52.706566,-53.095757,-56.142525,-56.58766,-58.14852,-59.523853,-61.804665,-63.62606,-65.77918,-67.83748,-68.99783
3456,True,-24.855438,-28.010256,-29.714672,-32.253143,-32.59712,-34.75032,-40.35022,-36.2965,-35.19453,-39.24588,-42.85556,-41.263256,-38.601074,-41.532402,-44.51893,-44.83563,-46.171448,-47.192467,-49.196724,-51.0185,-51.145966,-51.3348,-52.305977,-55.865807,-56.64418,-59.470917,-58.362484,-59.160255,-64.80786,-65.14154,-68.59589,-70.65255
3488,True,-19.58399,-28.482992,-28.173183,-30.193142,-37.430027,-35.53257,-40.673794,-35.89725,-38.435905,-45.88421,-43.295525,-41.576427,-41.882362,-46.37972,-48.673435,-46.10894,-45.897415,-46.610756,-49.08758,-50.730724,-51.143833,-51.70073,-54.708527,-56.60852,-55.340847,-56.120316,-59.58396,-60.903366,-62.993073,-65.343,-68.09882,-69.17325
3520,True,-23.7218,-29.323643,-28.71106,-29.020557,-38.076,-35.89287,-35.6752,-35.070786,-39.583076,-38.697487,-42.157978,-43.930496,-40.535995,-44.741783,-45.025906,-46.677467,-50.503166,-49.771465,-49.01527,-47.64865,-47.730938,-49.253372,-53.192657,-53.324944,-55.41235,-58.036465,-59.58559,-59.882957,-61.707993,-65.37482,-67.640854,-69.10988
3552,True,-21.468058,-30.942335,-28.939487,-31.156996,-33.020786,-35.312176,-38.525204,-40.449142,-37.89759,-40.797466,-41.52678,-40.398903,-42.299732,-46.1966,-44.565205,-46.935303,-44.875023,-48.193687,-48.652657,-50.230705,-51.77181,-51.342007,-51.692238,-54.322876,-55.914238,-56.505337,-58.18618,-60.64225,-64.41336,-64.824585,-66.75638,-68.63701
3584,True,-22.111586,-28.143787,-31.82711,-31.138813,-33.237778,-34.8524,-36.690666,-36.72279,-37.466232,-39.617317,-41.294037,-39.77437,-43.011936,-48.810402,-44.14429,-46.556427,-44.392204,-47.40898,-48.502777,-51.480858,-51.525227,-51.62937,-52.994064,-54.88539,-56.8207,-57.42367,-58.16957,-60.20136,-62.04776,-66.26149,-68.442245,-69.16137
3616,True,-20.998905,-29.392836,-24.90345,-28.11098,-30.23003,-30.78487,-38.542213,-40.390602,-38.925888,-43.267082,-40.74247,-39.259113,-39.7184,-41.865826,-44.565582,-46.518127,-46.6107,-47.666325,-47.925697,-49.345406,-49.464268,-48.79416,-53.02056,-54.799953,-55.8358,-57.81902,-61.323463,-60.825623,-64.37115,-66.581795,-68.29963,-69.50628
3648,True,-25.833015,-27.043888,-29.434544,-30.371784,-36.541687,-40.478645,-39.45726,-38.734795,-34.19626,-41.433643,-42.862488,-40.73271,-40.376785,-40.754642,-42.924633,-45.453712,-46.210777,-47.173065,-51.71825,-50.532333,-52.09038,-51.549507,-52.803246,-56.36938,-55.925995,-56.997913,-59.459515,-60.08081,-63.940483,-67.45888,-68.85343,-69.29893
3680,True,-24.851343,-28.18575,-26.279613,-27.489328,-33.073166,-35.872646,-39.679516,-38.931164,-37.0573,-42.64587,-42.563137,-44.596756,-42.347687,-43.99364,-42.287964,-46.445385,-43.09429,-47.162903,-47.92177,-51.86133,-52.610542,-51.29057,-53.902035,-54.71807,-55.62892,-59.07956,-58.804222,-61.18685,-63.22855,-66.89049,-67.89679,-70.678856
3712,True,-25.856506,-27.568901,-26.76851,-27.762997,-33.360535,-31.174088,-36.2365,-36.96699,-34.107975,-40.12257,-41.266922,-43.996105,-43.21733,-44.184875,-44.26436,-45.939423,-46.895477,-47.99829,-49.489273,-50.632942,-49.638046,-51.736748,-54.165718,-55.515427,-55.42222,-58.06467,-60.148926,-61.686764,-65.83905,-65.56915,-68.5318,-69.56868
3744,True,-25.549372,-27.74543,-31.310768,-31.785154,-34.77356,-35.11536,-38.935246,-38.995735,-39.382957,-40.647827,-44.49329,-40.799347,-43.873447,-43.39401,-42.99538,-47.659992,-47.60321,-47.1303,-49.845947,-50.70326,-50.683258,-51.79506,-55.049606,-55.450752,-55.107918,-58.03541,-60.403534,-62.595753,-63.99223,-64.972244,-67.58721,-70.27584
3776,True,-26.877222,-27.910921,-28.17725,-29.568474,-35.19211,-37.521843,-36.529316,-37.294365,-37.801163,-40.56324,-43.029907,-42.592323,-39.450806,-41.17827,-44.964832,-44.38968,-48.980137,-49.170414,-48.755894,-49.492134,-49.74182,-49.687935,-54.42455,-57.384407,-55.00466,-57.949406,-57.695877,-60.22471,-63.150085,-64.95343,-67.63666,-68.85172
3808,True,-27.646126,-26.539438,-30.361351,-34.956585,-36.429775,-31.85823,-36.07959,-35.960056,-35.80226,-39.721893,-42.5806,-41.135136,-38.319275,-45.624256,-44.61686,-47.959015,-45.55702,-47.06116,-49.057663,-50.56702,-54.96395,-51.875843,-53.795174,-56.296192,-55.095478,-57.912018,-58.7996,-59.373608,-63.2205,-65.26296,-68.57317,-69.33419
3840,True,-26.143486,-24.952744,-27.8838,-29.75312,-34.317253,-35.249626,-38.68942,-35.16868,-34.746788,-38.475544,-39.8843,-42.07772,-39.50538,-45.233078,-42.720524,-45.44972,-44.39352,-47.219486,-49.660717,-50.297543,-48.957283,-51.805378,-53.156048,-55.30606,-56.930393,-58.3543,-58.683876,-58.26985,-63.72797,-66.53412,-68.88539,-70.425934
3872,True,-26.343487,-26.521896,-32.08725,-35.221333,-35.17141,-37.88125,-38.432205,-35.755833,-37.11805,-38.446926,-41.44665,-41.99198,-39.668926,-42.710003,-40.48678,-45.30562,-46.097088,-47.360077,-50.2312,-52.502323,-50.86354,-52.26114,-55.007324,-57.268757,-56.29016,-57.552277,-58.7673,-59.412804,-64.22232,-67.30201,-68.40405,-71.24264
3904,True,-23.91578,-26.968086,-26.100492,-27.129715,-34.771965,-33.400814,-40.31436,-38.704487,-35.258358,-40.4756,-38.795506,-38.35376,-39.603363,-45.096756,-47.426155,-44.532753,-48.135143,-48.360477,-47.929886,-48.33294,-50.66608,-51.96831,-53.6196,-56.01525,-57.172455,-58.87317,-60.142437,-61.37047,-64.53906,-68.34391,-71.1154,-69.69031
3936,True,-21.728241,-24.827759,-27.041292,-28.180546,-30.98782,-38.74261,-38.36657,-38.719025,-37.5219,-37.175392,-43.61943,-42.688007,-42.144184,-44.72033,-43.203754,-44.868423,-46.940086,-51.72592,-49.167976,-49.466633,-50.03972,-53.701725,-54.418518,-55.832996,-57.887783,-58.767754,-59.629562,-62.604023,-66.1688,-66.96029,-68.949104,-71.60665
3968,True,-22.375404,-23.934298,-29.580896,-30.15234,-29.715174,-34.032417,-40.53913,-36.79933,-35.62313,-38.923843,-39.55826,-40.376183,-41.424137,-43.601032,-43.069214,-44.50581,-45.326836,-50.18789,-50.1527,-50.022636,-51.636143,-50.670982,-54.724392,-56.711166,-58.267296,-58.322968,-60.008244,-60.803017,-64.73937,-68.257385,-69.53271,-69.5354
4000,True,-29.216732,-26.196249,-24.548714,-26.415909,-32.653385,-37.12922,-38.08493,-40.426144,-41.30716,-42.135406,-40.862503,-39.09622,-43.651756,-41.06919,-44.33195,-46.172256,-48.387268,-47.926712,-48.26976,-49.851284,-50.45804,-53.1958,-54.019234,-55.395943,-56.274624,-57.358784,-58.439617,-59.79991,-63.73076,-64.66997,-67.4758,-70.50956
4032,True,-23.917759,-25.280916,-27.211103,-30.25591,-33.072487,-36.203716,-40.085545,-36.635193,-39.077324,-43.951904,-42.59735,-39.257988,-41.527676,-40.274025,-41.259327,-41.92018,-49.1995,-46.922535,-47.90499,-49.213467,-50.1499,-52.20128,-53.609383,-56.20092,-56.71171,-58.378975,-60.525475,-62.134033,-65.01357,-68.24306,-69.57063,-69.47229
4064,True,-24.674599,-28.628187,-27.233292,-30.579481,-34.32711,-34.985775,-38.652378,-40.02361,-35.660892,-43.298992,-44.857094,-46.143223,-42.098255,-46.09195,-42.96989,-44.547913,-45.370487,-50.548218,-50.465797,-51.87615,-51.46841,-51.552258,-53.0272,-55.660976,-55.791275,-58.807564,-59.89348,-60.324116,-62.673935,-66.7012,-69.15413,-70.648674
4096,True,-24.776665,-22.96305,-26.804235,-30.319729,-32.642273,-34.83351,-39.154373,-40.06871,-35.312157,-40.190613,-41.752754,-43.389606,-41.932255,-43.0626,-41.262924,-45.292877,-47.92847,-50.24562,-49.237877,-50.318398,-50.28616,-52.58864,-54.90586,-56.573463,-56.260868,-58.544968,-58.700523,-60.755238,-62.564198,-65.63454,-67.588875,-70.23802
4128,True,-24.216137,-29.673355,-28.271627,-31.371685,-36.654095,-34.004868,-39.7098,-39.604977,-38.55356,-41.661587,-39.12991,-38.441284,-37.8013,-42.806477,-46.19135,-43.95536,-48.469795,-51.712627,-50.922424,-53.845314,-52.799,-52.037987,-54.086494,-55.418175,-55.28805,-57.462963,-60.8017,-60.64138,-64.70269,-66.07374,-68.08656,-70.10045
4160,True,-26.20477,-27.331064,-28.290176,-29.247204,-31.079435,-35.416595,-37.291466,-38.421883,-36.422966,-40.24889,-40.64878,-41.483192,-44.948368,-43.7011,-41.630512,-44.179325,-47.621246,-48.48268,-49.190773,-53.84586,-53.66564,-52.773357,-55.166874,-56.64324,-56.46218,-58.447247,-59.237442,-61.207,-66.10218,-66.5975,-68.00265,-70.24432
4192,True,-23.998333,-26.217644,-27.091343,-29.368618,-32.360634,-36.154877,-39.265633,-39.83358,-40.208786,-40.26728,-42.33643,-41.84394,-42.20096,-41.02064,-42.58802,-45.009613,-48.323586,-48.11698,-49.78279,-50.971664,-49.4692,-53.244934,-55.42829,-58.101276,-55.714043,-57.021008,-58.69056,-60.449673,-65.18437,-65.82157,-68.11568,-70.250305
4224,True,-24.058321,-29.441227,-25.872215,-27.35323,-31.703957,-36.151108,-37.177464,-38.508965,-37.54852,-40.834213,-38.309414,-42.40501,-42.04697,-41.903515,-41.242107,-44.70289,-49.365814,-49.762413,-48.237614,-52.03076,-50.397495,-51.64045,-54.805588,-54.393448,-56.765553,-58.455894,-59.115547,-59.917313,-65.010574,-66.87551,-68.9623,-69.89388
4256,True,-30.577585,-29.922544,-25.757202,-28.789587,-33.32248,-33.2589,-37.66577,-37.52854,-39.503475,-40.390797,-41.39555,-40.168613,-38.091274,-40.720634,-42.14083,-45.55355,-44.3018,-47.86596,-48.980362,-49.92887,-53.15655,-52.615448,-53.28533,-54.715836,-56.233555,-57.137245,-58.65484,-60.735176,-63.806023,-66.491,-68.73502,-69.51202
4288,True,-23.813454,-24.908934,-29.930584,-33.15851,-34.92807,-35.587505,-40.31439,-39.05025,-38.659714,-40.378605,-41.9252,-42.697964,-39.87525,-42.5533,-45.114628,-44.932934,-45.46657,-49.312515,-48.772972,-52.059113,-51.28487,-51.355064,-54.778107,-56.220886,-56.37451,-56.293953,-59.681915,-60.816788,-63.4899,-66.96397,-68.86133,-71.37923
4320,True,-22.711018,-24.005632,-30.709328,-27.858269,-30.396807,-33.81299,-36.598473,-30.650257,-33.62626,-33.34125,-35.116924,-34.933846,-36.407646,-36.64541,-33.6996,-31.864204,-29.272522,-33.56729,-41.34986,-42.45323,-42.544132,-43.80453,-43.93779,-47.00547,-45.8423,-40.48909,-38.978306,-33.83241,-29.257107,-28.732998,-30.424637,-31.967453
4352,True,-25.254398,-26.4009,-31.637455,-30.471266,-32.976566,-28.872578,-37.000168,-36.0173,-35.03843,-36.554672,-41.21351,-39.942352,-41.835297,-42.405125,-40.231667,-43.279312,-39.456078,-42.034645,-44.171898,-45.96872,-46.260742,-49.139168,-50.902515,-52.01203,-51.234303,-49.458843,-46.549206,-44.24819,-40.330433,-41.965862,-42.501358,-43.30699
4384,True,-21.506575,-26.237904,-28.272335,-30.666914,-33.299747,-31.236856,-37.33636,-39.97271,-37.644897,-40.36313,-37.8543,-40.765366,-44.397907,-41.586227,-43.52877,-42.333305,-44.186916,-48.790436,-50.300835,-49.826298,-50.307144,-49.813522,-53.610043,-54.13526,-53.312744,-54.662224,-54.615723,-53.78941,-47.83306,-47.67191,-49.860554,-51.592236
4416,True,-19.994993,-28.299505,-28.096304,-30.380947,-31.985054,-35.522987,-39.208244,-39.123283,-38.961613,-41.136417,-41.561337,-40.29551,-42.897957,-39.919056,-42.374344,-46.760654,-45.543705,-48.000835,-49.78293,-51.85554,-49.46659,-50.841446,-53.885918,-55.560055,-57.437927,-58.3927,-57.722378,-56.320805,-53.495502,-54.348923,-56.97123,-58.676434
4448,True,-26.527184,-25.863346,-26.314533,-29.50736,-31.64316,-32.247017,-37.79308,-38.239044,-35.133854,-37.71114,-40.00916,-40.068554,-41.640247,-43.222115,-44.702248,-46.4978,-45.7728,-48.867573,-50.18864,-52.835457,-51.492798,-50.350784,-52.920593,-56.202827,-57.40891,-57.706448,-57.47286,-59.135834,-57.613277,-58.990192,-59.953262,-63.001358
4480,True,-27.639387,-26.686092,-25.734642,-31.85445,-35.896244,-34.592667,-38.518948,-37.609287,-37.471764,-39.507637,-42.443466,-42.05567,-41.01528,-45.065895,-39.3216,-41.827274,-47.260887,-48.489822,-48.968616,-51.270805,-51.754684,-53.89477,-53.84522,-54.505726,-55.562286,-58.92679,-58.3183,-59.242447,-60.154984,-62.539055,-64.701416,-65.33093
4512,True,-24.424408,-26.379526,-29.9848,-31.05276,-33.53565,-34.01502,-36.117992,-38.394127,-37.22645,-40.4167,-42.47933,-42.955063,-42.83979,-41.66906,-42.227394,-46.358864,-46.842266,-49.335228,-50.207497,-50.960827,-50.068974,-52.010227,-54.135315,-56.2166,-55.495735,-58.089138,-59.58019,-59.65397,-62.56085,-64.28092,-66.267876,-68.31639
4544,True,-25.160934,-24.75466,-24.780874,-29.49218,-30.528105,-36.677464,-37.861412,-36.73028,-38.874603,-40.28832,-41.248817,-43.12963,-40.998875,-43.29371,-45.566452,-46.947025,-48.253357,-49.008194,-51.19978,-51.3565,-51.483643,-53.285904,-56.459305,-57.42832,-57.490433,-58.923588,-58.559628,-60.8925,-62.67122,-65.00314,-66.04295,-69.06879
4576,True,-26.16507,-26.744347,-28.212936,-35.10415,-33.21962,-39.377808,-37.779526,-39.701458,-36.958687,-40.352665,-38.989853,-43.166714,-40.47463,-41.738094,-45.93649,-46.176125,-48.050926,-48.6418,-49.74192,-51.494705,-51.032253,-52.938534,-54.99493,-54.6304,-55.15513,-57.2193,-58.684296,-61.059155,-64.27463,-66.650314,-68.06176,-69.50502
4608,True,-24.172234,-28.190384,-24.392607,-28.875946,-32.562225,-33.676792,-37.321373,-37.08326,-33.141888,-38.33946,-42.829384,-42.606834,-42.65924,-43.593678,-44.83141,-46.586357,-49.226795,-48.46609,-49.735565,-50.296272,-52.03731,-51.673515,-53.57058,-57.427986,-56.110214,-58.381805,-59.619328,-59.248055,-62.959015,-65.61345,-68.01637,-70.489044
4640,True,-28.315172,-30.880436,-26.59003,-31.950516,-32.100033,-33.676292,-38.08292,-36.127384,-35.82783,-40.948364,-41.616287,-43.84482,-39.397346,-40.6774,-44.005314,-46.586323,-45.976616,-47.18113,-50.153915,-50.122673,-50.370102,-51.50394,-53.237034,-56.05183,-55.723145,-57.890457,-60.750435,-60.35064,-64.35694,-66.84692,-67.68106,-69.028656
4672,True,-21.194494,-26.493195,-25.215054,-29.448051,-32.338684,-35.239502,-40.340973,-41.22009,-35.183067,-40.30127,-41.23461,-44.973434,-40.84019,-43.34547,-41.227325,-43.74756,-45.715324,-49.97416,-51.980713,-52.666138,-52.56042,-51.573288,-54.089474,-55.20355,-56.823555,-58.568275,-58.666092,-59.501896,-65.61356,-67.65809,-67.65715,-70.079025
4704,True,-22.71458,-29.856968,-25.426842,-29.113113,-32.75569,-30.425179,-35.66942,-41.096832,-40.70095,-41.156357,-40.47668,-40.060226,-39.837578,-42.680264,-42.991867,-45.640686,-46.99121,-50.84417,-50.601658,-49.48431,-52.207764,-52.984215,-54.60165,-55.657455,-54.36905,-58.247066,-60.71734,-60.021954,-64.57631,-65.920364,-67.95243,-68.83954
4736,True,-20.188978,-25.1233,-28.8106,-31.495602,-34.42886,-34.525066,-37.60533,-38.569664,-36.5571,-40.426346,-39.702496,-45.172787,-42.471222,-43.704037,-45.44879,-46.423325,-45.872147,-48.3023,-51.43518,-52.216953,-53.305435,-51.78993,-54.375565,-54.581795,-55.58667,-57.09961,-58.495453,-58.763283,-64.60815,-66.47963,-67.211136,-69.16603
4768,True,-24.76749,-27.160522,-26.986378,-29.51044,-31.506968,-34.54686,-38.90382,-38.90546,-39.036003,-39.97522,-43.660015,-40.77758,-43.136337,-43.99675,-45.533875,-44.817406,-47.75951,-49.344505,-49.40836,-49.164604,-49.963432,-50.101913,-53.47953,-55.92171,-55.37948,-56.090393,-60.501766,-61.950386,-65.01142,-66.270996,-68.63062,-70.23879
4800,True,-25.63224,-26.746216,-24.8804,-28.20478,-34.230534,-35.135864,-37.670486,-37.397507,-37.023464,-41.829216,-43.21868,-40.661198,-40.690605,-44.223167,-40.15954,-44.749443,-46.415615,-47.848083,-51.346054,-48.513824,-51.39306,-53.36866,-53.996277,-55.09933,-57.702988,-59.509468,-60.41867,-62.635532,-64.72588,-67.36973,-67.3822,-69.17844
4832,True,-22.757801,-26.188549,-28.74355,-32.354378,-36.202187,-36.774628,-35.08945,-37.42603,-37.125965,-38.76574,-42.78277,-42.27058,-39.418537,-44.422066,-40.90499,-41.785072,-47.28508,-48.61667,-51.365685,-50.31511,-50.19586,-52.046524,-54.65394,-54.38379,-55.100307,-56.689453,-58.17531,-59.581264,-63.92046,-66.03923,-67.87958,-68.94332
4864,True,-28.34362,-27.336359,-28.087536,-29.415955,-35.723248,-35.859455,-37.33273,-40.068405,-37.121845,-39.279655,-37.169422,-39.144016,-39.303604,-41.181713,-42.43544,-43.895668,-43.399063,-47.073917,-50.839157,-51.12214,-52.133068,-50.483513,-54.461765,-54.822372,-56.853355,-57.266197,-56.118866,-53.87288,-55.40995,-52.551502,-54.472076,-55.179092
4896,True,-28.58507,-30.955946,-29.597063,-33.035618,-37.40088,-33.96261,-36.41838,-37.49718,-34.452957,-39.296783,-40.33902,-41.695442,-41.37201,-45.39314,-42.769516,-44.29672,-46.345177,-48.22058,-52.520428,-51.62477,-52.290493,-50.728256,-53.83303,-56.363544,-58.897087,-58.829544,-58.61954,-58.839012,-61.137787,-62.516098,-63.21418,-65.46301
4928,True,-23.916636,-26.37637,-26.175716,-28.375341,-33.230156,-34.129543,-38.477715,-35.32723,-33.74448,-39.097042,-40.673775,-42.92713,-43.057205,-45.16842,-44.21301,-44.725723,-47.754578,-47.203598,-46.718044,-50.410088,-52.207092,-53.581978,-54.80225,-54.773254,-54.62062,-59.374237,-61.72972,-60.414505,-62.558704,-64.1768,-68.28171,-69.03478
4960,True,-24.26474,-25.328384,-27.85477,-32.781807,-32.715977,-35.65886,-35.84448,-37.726765,-35.52174,-39.860462,-39.751984,-43.609394,-42.93683,-46.609993,-44.304214,-47.015503,-46.694893,-47.792645,-48.56498,-50.66873,-51.607597,-50.7074,-54.464684,-56.09916,-56.025978,-57.27693,-59.289528,-59.134033,-63.130074,-66.22908,-67.91841,-69.5089
4992,True,-24.167637,-24.803242,-24.482927,-28.086632,-30.423832,-35.654045,-37.818188,-35.993923,-37.239254,-41.944267,-40.290817,-46.48537,-45.209305,-47.685337,-43.32039,-45.66172,-49.503716,-49.19701,-48.223785,-49.922577,-49.391308,-51.10833,-53.607735,-55.743946,-55.30152,-55.86189,-58.25419,-59.67796,-62.703735,-64.67286,-68.28372,-69.04319
5024,True,-24.881544,-26.638594,-26.181637,-31.846962,-33.240513,-31.998035,-35.524155,-41.336727,-41.5446,-41.511402,-40.460514,-43.395103,-43.67074,-43.88422,-44.45004,-45.00905,-43.05356,-47.395386,-50.698524,-51.554535,-49.256348,-49.610107,-52.978516,-56.588333,-55.75479,-55.729004,-59.044296,-59.95289,-64.14285,-65.85736,-67.6516,-68.70326
5056,True,-26.479698,-27.707956,-32.096897,-32.319653,-36.23511,-34.903076,-37.423042,-38.105434,-36.00472,-40.427402,-40.32438,-41.43803,-39.000286,-44.08588,-46.379906,-48.396362,-47.986046,-46.142494,-49.36168,-52.642437,-51.896606,-52.88201,-54.849617,-55.09568,-59.491493,-58.87594,-58.47639,-58.133682,-62.627968,-65.20026,-68.33878,-69.12616
5088,True,-27.538502,-25.437021,-28.806358,-27.512993,-30.216093,-34.949905,-43.22586,-36.80317,-38.018032,-40.40438,-39.166122,-40.09558,-41.691357,-44.267197,-43.284496,-43.82386,-47.726036,-47.67479,-49.449944,-48.13579,-52.84276,-53.359127,-56.749912,-56.081623,-55.43992,-57.116096,-58.52003,-60.679325,-64.55339,-67.31936,-67.73549,-70.16104
5120,True,-28.056496,-29.495815,-33.298073,-31.881088,-34.680305,-36.040306,-39.456,-39.2813,-36.379204,-39.49323,-40.223953,-45.4882,-41.851154,-42.96746,-44.848778,-46.233734,-46.79329,-46.079487,-47.793396,-49.964165,-51.690735,-49.590126,-53.50963,-54.68035,-52.97556,-55.632977,-58.221924,-60.935215,-63.49814,-66.43137,-69.26572,-69.716644
5152,True,-25.043451,-27.465925,-28.95726,-31.218985,-34.34754,-34.355263,-40.923218,-35.701927,-34.910484,-38.198933,-36.705826,-43.23967,-40.94275,-42.227894,-43.78483,-45.96698,-45.190292,-46.973076,-47.311993,-51.300297,-51.07991,-50.732582,-54.722336,-55.646996,-55.547104,-57.265167,-58.39952,-60.571815,-62.75978,-66.52159,-69.21071,-69.12587
5184,True,-22.967665,-28.504913,-29.573051,-32.37584,-34.937473,-36.75202,-42.39251,-39.60219,-40.710823,-40.798447,-44.930313,-43.784176,-40.599648,-41.98394,-41.040695,-44.016567,-45.904457,-45.08674,-48.41206,-51.160583,-51.319626,-53.453133,-53.497902,-54.63555,-55.053787,-58.610306,-60.2354,-60.910538,-64.350365,-66.950165,-68.26834,-70.63636
5216,True,-26.238384,-24.688927,-24.939816,-29.86866,-37.8608,-39.047546,-36.259148,-35.770622,-40.258083,-42.617096,-43.273018,-43.164017,-41.6272,-42.907337,-44.648994,-45.45868,-44.211205,-47.800903,-47.058224,-51.95976,-51.434174,-49.46437,-52.019264,-56.832737,-57.266617,-57.405907,-60.505863,-59.950287,-63.53116,-65.9284,-68.37492,-69.78582
5248,True,-22.143818,-22.242336,-24.468678,-28.603174,-29.797152,-33.3979,-37.6528,-34.95275,-35.69764,-36.939075,-45.42202,-44.8845,-41.7582,-43.17106,-43.554325,-43.280315,-47.705956,-46.666275,-49.62061,-52.04653,-50.149406,-50.49406,-50.59207,-53.31013,-54.804096,-57.52375,-60.096138,-59.050674,-63.608265,-67.21198,-68.95734,-69.611725
5280,True,-26.053352,-25.8226,-25.769567,-31.676476,-34.870186,-36.70264,-38.893505,-42.153545,-39.615036,-42.71134,-40.944157,-38.689342,-41.399837,-41.52136,-42.49729,-45.3724,-43.917404,-44.892097,-47.53045,-53.16997,-53.866318,-52.192024,-54.25374,-54.12291,-54.881363,-57.828102,-58.12666,-60.27296,-65.124565,-67.50842,-69.158875,-70.04113
5312,True,-25.281364,-30.285,-29.26176,-30.180033,-33.912094,-35.301678,-37.76281,-40.580196,-38.828465,-41.310646,-39.78797,-39.385002,-40.177193,-46.427822,-43.76075,-46.082756,-47.89961,-47.95749,-48.150448,-48.90974,-48.00745,-50.825165,-55.442398,-56.826332,-56.093758,-57.765335,-59.05967,-60.68514,-63.711594,-66.104706,-68.38764,-69.512924
5344,True,-26.118927,-27.454271,-24.990505,-26.296904,-31.673124,-33.461636,-37.70582,-38.07264,-38.049236,-45.9857,-43.827263,-42.427334,-43.857018,-45.036396,-43.13896,-43.05071,-46.247986,-47.428246,-48.453568,-50.474964,-48.676434,-50.192177,-54.198555,-56.602043,-55.664005,-57.205925,-59.62066,-60.322376,-63.305534,-65.23648,-69.14174,-70.9014
5376,True,-27.7335,-28.11425,-25.990067,-27.427784,-32.236168,-35.591904,-41.06222,-39.801266,-38.22896,-40.801983,-41.95808,-43.23994,-46.729984,-45.02087,-46.45617,-42.957573,-44.67142,-47.399956,-49.70838,-52.447845,-50.93777,-49.72366,-53.692757,-56.691174,-54.502365,-58.091026,-58.185585,-58.332428,-65.26547,-66.87781,-67.871635,-68.89608
5408,True,-28.208035,-28.561602,-29.29219,-30.821007,-29.331873,-33.876793,-36.094204,-33.350643,-33.03122,-36.541298,-37.961105,-38.907925,-39.715897,-37.9553,-37.157166,-34.356136,-32.052406,-36.045727,-44.704514,-46.848255,-49.68092,-47.910645,-47.388115,-47.176,-46.13813,-43.752083,-42.672447,-39.634434,-33.614346,-30.812344,-34.894238,-36.466934
5440,True,-25.135147,-26.162792,-25.851984,-31.11069,-32.138294,-26.441765,-32.72473,-31.035673,-33.031258,-36.94546,-39.40402,-38.899464,-40.57009,-41.325436,-38.497883,-38.0726,-33.192516,-36.749794,-45.4558,-47.040497,-44.16077,-47.30791,-48.45827,-48.125797,-48.96874,-45.623184,-40.670544,-40.2099,-38.64909,-37.151585,-39.272163,-40.530533
5472,True,-23.33233,-27.507992,-27.846931,-31.960743,-33.998764,-34.292572,-36.19358,-39.55645,-34.98632,-37.772606,-42.871445,-42.20606,-43.814472,-41.802452,-44.171677,-43.530926,-45.53531,-45.829918,-48.52302,-49.943718,-51.01393,-48.874508,-51.925705,-52.65328,-52.81441,-52.79876,-52.893673,-53.11489,-48.0475,-46.811165,-50.376354,-52.11889
5504,True,-24.195297,-26.332878,-30.242783,-31.341267,-33.62949,-34.252274,-37.990105,-35.870377,-39.40346,-39.039368,-37.78872,-39.132008,-41.244926,-40.528545,-44.549637,-45.55395,-45.67465,-48.91456,-49.41723,-49.47813,-50.962566,-51.549835,-51.683586,-53.928677,-55.023933,-54.48127,-52.637093,-55.57179,-52.69789,-53.55412,-57.913876,-57.38602
5536,True,-24.252151,-23.411987,-22.260792,-27.483944,-35.73177,-39.3635,-35.41601,-36.31531,-33.580677,-40.71511,-39.479324,-39.707115,-39.921425,-39.567295,-43.054005,-43.81922,-44.593124,-47.860256,-47.599434,-48.484173,-52.81826,-51.81911,-51.316242,-57.02219,-57.47005,-55.37209,-56.31655,-56.72957,-57.259274,-58.220974,-61.249313,-61.287285
5568,True,-21.898281,-25.568398,-25.65508,-30.238478,-33.20339,-35.025814,-35.967213,-38.055252,-37.87927,-41.87367,-42.397934,-43.080982,-42.181183,-42.343613,-40.368572,-44.568047,-44.170944,-45.39234,-47.589607,-51.276207,-49.06914,-52.435783,-55.16438,-55.841705,-54.881104,-56.039623,-57.07989,-59.06342,-60.38047,-60.9269,-64.19469,-65.69015
5600,True,-24.44588,-27.595522,-27.55138,-31.233402,-32.74299,-34.31927,-36.81439,-39.211983,-37.931473,-41.686356,-39.746124,-40.419563,-42.075382,-44.003757,-44.885628,-45.28115,-45.5229,-47.10648,-47.341606,-49.866608,-52.482697,-52.06874,-52.952503,-55.628323,-53.790436,-57.377186,-57.13728,-60.400185,-63.82814,-62.030598,-66.83367,-68.63402
5632,True,-23.934156,-23.32285,-26.177494,-28.107454,-36.419342,-40.202236,-42.993507,-39.06528,-36.79297,-42.56781,-44.630417,-44.813923,-42.918144,-41.34542,-41.617336,-44.67409,-46.25812,-48.836346,-48.23482,-49.160915,-50.622787,-50.38332,-55.046127,-54.00162,-56.494377,-57.64888,-57.94245,-58.44635,-62.490765,-65.257835,-67.76528,-68.34151
5664,True,-26.649376,-25.74084,-24.844416,-32.240738,-33.122982,-37.899227,-42.220398,-40.882683,-34.29784,-38.495605,-42.7081,-44.571438,-44.063717,-46.242107,-47.62127,-44.800354,-44.70041,-48.699715,-47.664627,-49.097042,-49.91459,-51.62918,-52.794197,-55.714706,-55.899445,-57.406254,-58.9633,-59.034584,-62.128597,-64.69704,-70.12526,-70.08285
5696,True,-25.994043,-25.344545,-28.816216,-31.527922,-36.3737,-33.15333,-36.26759,-39.65967,-37.227352,-40.07834,-40.748566,-43.456406,-43.267662,-43.845222,-43.448578,-43.716446,-47.452946,-48.28279,-48.998047,-51.385036,-51.773563,-50.707703,-52.366722,-56.47811,-56.612377,-57.927776,-61.663956,-61.671368,-63.616997,-66.5114,-68.64255,-69.64216
5728,True,-26.717274,-24.078072,-27.736115,-31.589529,-37.82499,-38.395332,-37.004005,-38.30931,-38.266174,-39.54315,-39.87113,-40.85939,-39.788734,-43.02362,-45.073837,-43.9159,-47.28249,-46.452026,-49.334007,-50.261078,-56.193687,-51.19528,-53.490906,-55.95221,-58.066124,-58.793076,-60.080753,-61.81766,-64.8154,-68.2511,-69.1344,-68.88123
5760,True,-26.88454,-26.3762,-27.06209,-32.1431,-33.909195,-32.490963,-38.99323,-41.163486,-40.038338,-42.065918,-43.208202,-41.784454,-40.310574,-44.65226,-43.95555,-47.548832,-49.341587,-48.569824,-50.86557,-49.90412,-52.372112,-53.36219,-53.52667,-57.068253,-56.32786,-58.323574,-59.89528,-61.12285,-65.189644,-66.63457,-68.683334,-68.90554
5792,True,-21.329115,-22.618006,-27.048586,-27.741974,-34.364132,-34.99825,-39.487156,-34.330734,-33.279907,-42.17073,-42.29059,-41.26349,-43.26114,-45.97942,-42.970238,-44.771545,-48.03508,-49.335857,-49.928658,-51.764008,-52.052383,-52.41475,-51.841522,-55.069088,-57.875717,-58.129387,-59.30358,-60.0355,-65.58513,-66.35757,-68.96964,-70.11351
5824,True,-29.099728,-30.122587,-25.144289,-28.83817,-31.564354,-34.838623,-41.750504,-40.90074,-40.063557,-44.730335,-41.75266,-43.01378,-42.64391,-42.202606,-47.65927,-45.95025,-46.089096,-47.999817,-51.322815,-51.822456,-52.794624,-53.440254,-55.364548,-54.465633,-55.581017,-56.846237,-57.932823,-60.26817,-63.89462,-65.0759,-68.77845,-71.12357
5856,True,-25.999853,-26.813442,-25.901855,-28.572403,-32.880226,-40.208603,-41.170765,-38.44115,-37.336838,-43.06167,-39.81487,-40.504513,-42.740044,-42.164665,-44.07082,-44.891373,-48.049503,-48.56585,-49.552277,-52.73588,-55.237217,-51.543427,-55.75867,-56.014557,-55.52156,-58.24768,-60.448135,-60.57999,-63.752953,-66.7435,-69.69271,-70.899284
5888,True,-23.0344,-24.146427,-27.027973,-31.780952,-32.521805,-34.99233,-36.901413,-40.239643,-38.17864,-42.21069,-39.026085,-38.994354,-37.231297,-43.047913,-43.00592,-42.683872,-45.758587,-50.494896,-51.20273,-51.146194,-52.314217,-53.908306,-54.736103,-56.53691,-55.64728,-59.596283,-59.535538,-60.690956,-63.92852,-67.69345,-67.666115,-69.6906
5920,True,-24.165773,-27.22305,-28.697544,-29.18977,-33.19673,-35.449566,-40.78047,-40.22667,-37.04933,-40.918274,-43.634766,-42.49531,-39.260563,-42.245255,-43.83806,-46.74707,-43.873997,-46.034107,-49.246235,-48.044857,-50.072826,-53.064518,-53.576546,-56.70261,-56.06431,-56.54142,-59.321323,-60.77396,-64.39517,-67.290344,-67.95727,-69.21681
5952,True,-25.814655,-25.988983,-28.178566,-35.35444,-35.26687,-36.886345,-39.59126,-42.116844,-39.983982,-41.1974,-36.390438,-41.95809,-41.898808,-47.18667,-46.464973,-45.74326,-45.324703,-47.49173,-49.196915,-49.90685,-52.91838,-50.937534,-53.10995,-55.67874,-56.24167,-58.28455,-57.042892,-57.69526,-59.445194,-55.68192,-57.68578,-58.19853
5984,True,-24.278389,-29.47838,-27.926464,-30.494411,-33.048664,-36.535603,-37.24365,-33.99728,-35.885788,-43.754745,-40.332165,-40.87689,-42.437283,-46.24174,-42.037155,-45.78655,-48.035164,-49.24139,-49.674015,-51.392807,-50.423378,-51.802544,-54.630795,-55.751434,-55.603752,-56.726013,-56.563725,-56.40388,-60.06016,-57.626007,-58.390472,-61.05625
6016,True,-27.387426,-26.261702,-27.91494,-31.347542,-32.23092,-37.371674,-38.930325,-38.88169,-40.56789,-41.115517,-40.032482,-41.646694,-42.25321,-42.288784,-43.314026,-45.822792,-45.64354,-47.00354,-47.725777,-50.064106,-50.91613,-52.0373,-55.239872,-55.201267,-57.434406,-59.34553,-59.96426,-60.55216,-63.920433,-65.21802,-65.621025,-69.409424
6048,True,-27.040176,-25.954456,-28.428038,-31.705612,-33.382847,-35.99125,-37.31648,-39.680298,-37.68506,-40.361,-38.633713,-42.67093,-40.196075,-42.8833,-43.32983,-45.960194,-45.90609,-50.481564,-50.380894,-51.273922,-49.653267,-50.716866,-53.077587,-57.13783,-57.831978,-57.34075,-59.048428,-60.677032,-62.887733,-66.66178,-68.711754,-70.21065
6080,True,-25.4338,-27.952286,-26.49966,-33.670967,-34.088234,-34.418816,-39.52555,-41.6344,-39.543392,-42.335426,-41.746155,-40.754166,-41.417953,-43.53347,-41.19234,-46.112923,-44.57131,-48.786125,-50.95223,-50.11089,-51.46011,-48.593903,-53.76126,-56.80656,-55.625286,-58.12149,-59.040062,-60.020237,-65.554886,-68.55673,-69.24592,-69.621284
6112,True,-23.238953,-23.71297,-29.201672,-30.774342,-33.150112,-32.837936,-37.80004,-42.27831,-40.58278,-39.579967,-40.545467,-37.816612,-38.788483,-47.34373,-42.58328,-43.259605,-45.83383,-48.94198,-49.31724,-51.25381,-50.58664,-51.870476,-53.101753,-55.746765,-55.984837,-58.387123,-59.423046,-60.31898,-62.766212,-66.34489,-68.354614,-70.54608
6144,True,-27.521057,-28.864405,-27.398245,-31.288881,-34.82958,-36.80639,-38.315125,-36.86527,-37.485634,-41.536827,-40.309254,-40.78367,-42.907524,-42.517677,-43.91583,-44.577286,-45.16429,-47.1846,-47.758633,-49.77223,-50.675377,-53.77526,-56.216835,-57.77653,-56.027218,-59.759354,-60.904663,-61.398598,-65.33374,-66.505005,-69.39431,-71.39576
6176,True,-23.319304,-30.647163,-26.40219,-28.491266,-32.217453,-36.204144,-39.432518,-37.780956,-37.612675,-44.64972,-40.827595,-39.212116,-43.01568,-42.322727,-45.622944,-46.896286,-45.582703,-48.56243,-50.950294,-51.438885,-50.894913,-49.182274,-53.63848,-55.708145,-55.841743,-55.34413,-58.973312,-61.44218,-63.451504,-65.06069,-67.09951,-69.19855
6208,True,-27.645472,-30.43643,-31.977625,-32.74829,-29.887539,-32.775417,-35.863197,-37.413902,-35.22346,-37.88111,-42.901543,-40.937782,-39.660477,-41.564384,-41.793518,-44.948124,-43.728542,-47.095314,-49.60724,-49.868965,-50.804367,-53.447594,-53.013557,-54.325745,-54.354164,-58.44868,-59.39486,-58.52375,-63.97319,-66.49612,-68.68207,-69.95407
6240,True,-24.838226,-27.100908,-27.482082,-31.190664,-29.421757,-31.826534,-32.88135,-36.525333,-39.230724,-38.857754,-41.948948,-43.442917,-41.673935,-43.876034,-41.850555,-45.05837,-47.34083,-47.300323,-51.437386,-53.022873,-52.750443,-51.06838,-52.690792,-55.046276,-55.587254,-57.885498,-58.687225,-60.758095,-65.098564,-66.17055,-67.76218,-69.849655
6272,True,-25.38865,-27.551573,-28.623047,-31.147642,-30.030958,-35.52333,-42.41207,-36.28041,-38.40638,-40.67362,-41.58191,-37.637775,-40.40985,-45.71501,-43.736935,-44.364983,-45.06038,-50.10121,-49.481052,-52.06202,-51.114582,-50.90059,-53.29743,-55.50277,-56.18953,-59.158245,-58.658276,-60.487476,-64.1348,-64.67174,-66.5679,-70.43649
6304,True,-24.112207,-25.031418,-29.092224,-31.149452,-33.079742,-33.000397,-36.3823,-43.219944,-36.876434,-38.384815,-41.012077,-44.688763,-43.655067,-45.287567,-43.08384,-43.22125,-48.30916,-49.29271,-50.80029,-52.485992,-51.748253,-50.60615,-52.32441,-56.066048,-56.694534,-57.925888,-59.281467,-60.383606,-62.931637,-65.10419,-66.97646,-69.37869
6336,True,-22.905571,-23.198805,-25.346188,-29.763988,-32.789913,-36.209652,-36.07303,-38.259262,-38.21165,-44.06925,-46.54915,-43.845093,-45.57034,-43.85967,-40.615814,-43.958435,-51.243637,-50.24814,-51.311188,-50.548508,-49.842842,-50.723656,-53.01287,-58.010834,-55.849937,-57.297188,-59.63312,-60.621418,-64.2017,-67.02974,-68.30408,-70.72222
6368,True,-23.532326,-26.706,-25.267761,-27.577724,-30.118427,-34.01007,-35.13063,-37.72226,-37.26503,-41.519524,-44.22276,-41.753963,-40.741386,-42.93104,-43.869766,-46.079872,-47.702217,-47.865654,-48.959625,-52.134506,-50.81961,-49.14129,-54.777756,-55.472313,-55.247227,-58.911057,-58.384956,-59.915546,-62.723007,-66.45265,-67.80797,-69.97653
6400,True,-22.854929,-23.879265,-25.968954,-28.611261,-34.740818,-35.481663,-37.705902,-39.522583,-35.9575,-42.065475,-43.128773,-40.32063,-41.672874,-46.185837,-43.76082,-43.562996,-45.34393,-47.104767,-47.46996,-49.872284,-50.815372,-50.574223,-52.114426,-55.95432,-56.491146,-58.218044,-58.795277,-58.69396,-64.47241,-65.7358,-67.63423,-70.4314
6432,True,-22.08373,-22.728134,-30.827467,-29.89374,-29.300585,-35.047523,-37.31204,-37.762836,-40.668198,-43.502728,-43.111443,-43.846516,-43.552963,-38.750656,-40.49027,-44.268612,-45.61661,-46.66065,-50.505634,-50.699272,-52.57051,-49.434906,-54.287792,-55.85081,-56.880287,-58.062027,-58.542793,-59.39552,-62.656227,-66.80838,-68.21236,-70.20964
6464,True,-30.644432,-28.844193,-31.68573,-32.142437,-35.866314,-36.809826,-39.93031,-38.372547,-42.834663,-40.032524,-41.944077,-43.47595,-40.364185,-34.42163,-40.372833,-45.916096,-46.191788,-46.88545,-48.86475,-49.568604,-50.561386,-52.489914,-55.55214,-56.99382,-57.554226,-56.53109,-58.93133,-59.064213,-62.449154,-65.107414,-67.711464,-69.74283
6496,True,-24.672012,-27.360523,-27.17236,-26.97402,-31.001692,-33.072235,-35.11604,-35.529343,-37.504402,-39.749386,-38.64287,-34.805386,-38.269115,-37.969723,-35.855724,-34.637295,-32.75196,-37.01365,-43.477753,-45.99527,-47.358665,-45.620827,-47.398308,-49.67636,-47.558823,-43.02023,-40.30007,-36.895355,-31.79739,-34.06612,-37.478634,-37.36758
6528,True,-22.766396,-29.993696,-25.850527,-28.110666,-31.674807,-27.789394,-35.116962,-31.100826,-31.734348,-37.65452,-37.13306,-36.59448,-41.42308,-37.465027,-39.62725,-40.035206,-34.194145,-37.32799,-45.451122,-46.142765,-43.370827,-45.799183,-47.730804,-50.15322,-49.666077,-45.088238,-39.191414,-38.703926,-36.453186,-39.136913,-39.553493,-39.621246
6560,True,-26.746962,-29.657602,-31.344723,-36.345284,-36.795338,-36.601753,-36.532555,-37.028027,-37.85298,-41.708187,-37.79998,-40.51738,-41.920906,-42.193798,-43.131874,-41.746944,-44.827953,-46.355087,-49.020927,-50.723404,-51.21855,-51.22905,-54.342457,-53.152573,-55.962814,-57.104294,-51.40234,-51.025948,-46.714836,-48.058666,-51.06783,-50.45566
6592,True,-23.908134,-25.038074,-31.588133,-30.813429,-34.307217,-29.3284,-36.55537,-38.91335,-38.625217,-38.86574,-38.146362,-42.69803,-44.43686,-42.558807,-46.236206,-45.629307,-48.770023,-48.114777,-47.121544,-50.755447,-51.04305,-54.366306,-53.323368,-52.83056,-56.305042,-58.095737,-53.872257,-54.804893,-53.43384,-54.721256,-57.23415,-57.850452
6624,True,-25.129421,-28.59626,-26.050379,-29.33481,-35.8553,-33.847404,-41.51774,-39.6058,-40.849304,-41.587296,-37.52652,-40.845867,-43.36514,-44.275055,-43.315617,-46.73224,-45.415237,-47.230152,-47.5581,-52.07428,-51.08753,-53.244957,-53.392365,-54.247215,-54.28101,-57.38075,-54.63205,-57.55852,-57.143456,-59.09204,-61.436897,-61.939377
6656,True,-26.019218,-28.10043,-34.202126,-35.668518,-31.12527,-34.81463,-37.97139,-38.763992,-37.473866,-42.31974,-38.731388,-42.079185,-38.58452,-40.75786,-40.29528,-44.52056,-46.941574,-47.26062,-48.044033,-50.769966,-51.752697,-49.09012,-50.658627,-55.384842,-55.028427,-57.00946,-57.91694,-57.343754,-60.749645,-60.81204,-63.434547,-64.9216
6688,True,-23.274576,-24.175146,-28.098312,-28.03622,-32.51966,-33.087215,-37.13106,-37.946064,-37.80958,-41.25143,-42.18486,-41.14603,-40.041122,-43.41534,-45.13616,-44.608932,-46.42592,-49.247173,-48.562473,-49.86366,-50.816208,-50.23326,-52.913185,-53.68681,-56.133034,-57.404366,-57.756634,-60.059067,-61.185413,-63.592793,-65.63762,-68.26558
6720,True,-22.162611,-27.752752,-27.614834,-29.725712,-33.388756,-34.127117,-35.63096,-37.83719,-38.633278,-39.608257,-40.18651,-39.78889,-38.071064,-41.903835,-42.61852,-43.876625,-46.3685,-48.585552,-48.335533,-49.923042,-48.01113,-51.329998,-52.744354,-55.239647,-55.887352,-57.21945,-57.782017,-57.71971,-63.186077,-64.23889,-66.246445,-69.66706
6752,True,-25.162298,-30.162197,-30.097982,-31.816086,-36.581608,-35.630764,-36.702835,-40.805435,-38.473885,-40.337128,-43.17345,-40.027878,-40.862164,-43.468544,-43.222603,-44.80659,-45.208275,-48.20472,-47.330704,-50.803432,-51.546165,-52.784084,-55.03087,-53.793015,-55.69593,-57.802967,-58.470016,-58.981358,-64.08561,-66.944916,-68.57682,-70.29524
6784,True,-25.39522,-29.320414,-25.081203,-29.33008,-34.031925,-39.39309,-38.855545,-35.81066,-37.745384,-39.14058,-37.823742,-43.754887,-41.45524,-40.41042,-40.591133,-42.357285,-45.71098,-46.807068,-50.672356,-51.257015,-50.152912,-49.801918,-53.127285,-55.49593,-55.385246,-57.306637,-59.712788,-59.699688,-62.711052,-65.51817,-67.46192,-69.1769
6816,True,-22.582077,-25.066948,-25.717594,-30.370543,-31.885988,-30.138416,-35.24693,-40.48744,-42.763855,-42.43522,-40.516525,-43.91432,-39.826427,-41.89335,-43.911053,-44.55786,-45.936695,-46.58217,-48.48434,-49.812656,-49.51725,-51.723267,-53.25254,-55.259266,-56.574596,-58.8286,-60.183495,-59.94816,-63.032055,-64.506485,-66.66388,-69.29927
6848,True,-24.536453,-35.219204,-29.445593,-31.041365,-34.357483,-33.751724,-38.38842,-41.838432,-36.749794,-40.302624,-41.830864,-42.69341,-41.18528,-44.107594,-44.64663,-44.43309,-44.909344,-48.25003,-47.91924,-49.364796,-50.795074,-49.746136,-52.227077,-53.893684,-56.717926,-59.229145,-61.376022,-60.799957,-64.23117,-67.34686,-69.26966,-70.556564
6880,True,-27.110924,-29.928925,-26.216076,-28.31521,-31.236149,-35.460987,-39.070595,-41.324047,-42.86361,-46.636894,-40.567112,-41.991173,-39.769344,-40.282616,-44.25786,-46.81055,-48.941807,-48.860893,-48.731922,-51.304344,-49.22603,-50.693108,-52.36483,-54.123993,-55.947212,-59.87722,-59.959866,-60.316742,-63.56304,-68.95076,-70.24711,-71.06572
6912,True,-28.781342,-27.929983,-26.12979,-29.493673,-33.95428,-34.670155,-39.841427,-37.13067,-37.305733,-41.13086,-41.931328,-41.06301,-41.618572,-45.415684,-42.056763,-47.67172,-48.977997,-47.40455,-48.137974,-51.55928,-51.53208,-50.728966,-52.689358,-55.036034,-55.55739,-59.45023,-59.313515,-60.7931,-63.914024,-66.74564,-68.241745,-70.95805
6944,True,-27.435516,-27.524078,-23.069544,-28.439583,-30.268671,-32.579514,-40.284573,-37.886196,-36.78534,-40.71398,-40.527283,-41.179466,-45.72826,-44.092796,-45.345192,-47.095993,-47.69213,-48.111664,-48.517006,-50.72764,-52.078457,-50.761017,-52.24739,-53.74611,-54.58989,-58.25334,-59.232246,-59.085583,-63.2919,-66.36698,-69.16362,-69.94177
6976,True,-21.576668,-24.920666,-25.605412,-28.912155,-32.111057,-34.192955,-42.994442,-41.781124,-38.9583,-39.757256,-40.35145,-41.797832,-44.47386,-43.817974,-44.322697,-43.300095,-46.3372,-49.68519,-49.698227,-53.2978,-53.496384,-52.61148,-54.51817,-55.357098,-57.285496,-58.07968,-58.44774,-60.970375,-64.998344,-66.22739,-68.28816,-68.89684
7008,True,-25.244616,-26.351208,-32.050518,-34.566425,-37.29751,-37.485245,-36.1754,-36.961433,-36.903378,-38.49951,-38.591637,-43.050198,-42.947926,-43.91952,-43.95745,-46.0968,-46.082794,-47.3385,-48.43656,-50.363556,-50.217224,-53.017773,-53.654865,-56.462517,-56.85806,-56.908607,-58.09786,-60.908314,-64.086685,-65.94171,-68.968506,-70.233406
7040,True,-25.512562,-28.002518,-24.38795,-28.48378,-31.540909,-34.464394,-39.473824,-39.622234,-37.64199,-41.89634,-38.086628,-40.64806,-42.909058,-43.31135,-43.98745,-43.16265,-44.283176,-46.80805,-49.418533,-52.74135,-51.41373,-51.18019,-54.232082,-53.85164,-56.02087,-58.187412,-59.264137,-58.085777,-59.558464,-57.86224,-59.43238,-61.0906
7072,True,-25.383244,-27.16152,-29.06394,-32.069237,-30.106304,-35.410847,-41.659035,-35.93477,-34.481167,-38.969467,-43.632847,-42.78351,-43.434757,-43.40704,-42.609516,-42.596592,-44.235283,-48.396004,-51.57376,-51.271927,-52.092533,-51.458477,-55.195652,-54.321667,-54.606606,-58.228573,-57.190704,-55.45693,-57.45666,-55.473038,-56.5167,-59.6951
7104,True,-25.338863,-28.896933,-25.906872,-26.812304,-34.934547,-32.173317,-37.94514,-36.82277,-36.24115,-38.30518,-42.693905,-40.895287,-40.80498,-44.595776,-43.88718,-46.610645,-44.09543,-46.570683,-49.971687,-50.013405,-50.525482,-51.115574,-53.084072,-54.6724,-55.36033,-57.236305,-58.90478,-60.10618,-62.335167,-64.29477,-66.1734,-67.66067
7136,True,-28.398039,-30.018492,-25.160294,-28.870811,-32.476765,-32.216263,-36.84039,-42.24628,-37.99814,-39.211586,-42.350315,-41.186028,-39.73865,-41.578785,-40.92882,-45.033638,-45.890343,-50.12813,-50.2708,-50.61144,-52.661892,-51.368965,-53.15209,-55.836807,-54.327488,-58.836823,-59.895573,-60.396328,-62.472538,-65.64543,-66.92601,-69.8012
7168,True,-26.220552,-24.947372,-27.344437,-31.679607,-30.461218,-32.14125,-36.923016,-41.829895,-38.75564,-41.884346,-42.672024,-42.380264,-41.48464,-42.308662,-44.1084,-44.848045,-47.00642,-47.283394,-49.21473,-51.196056,-49.675797,-50.344524,-52.707565,-53.177765,-57.15545,-57.941097,-59.083466,-59.873432,-62.264957,-65.047165,-66.9666,-67.928764
7200,True,-23.64002,-25.85556,-26.8619,-28.959246,-35.945423,-36.61962,-35.73981,-38.114864,-34.91392,-39.24723,-40.252705,-42.796894,-42.89703,-44.876236,-42.041557,-44.58559,-46.22967,-47.797314,-51.412163,-51.10579,-50.44992,-51.289978,-52.602516,-54.9609,-56.196846,-57.247738,-58.73894,-59.965973,-63.746162,-65.71386,-67.14855,-68.69486
7232,True,-24.793232,-28.883867,-35.050102,-34.982536,-33.508965,-34.735325,-39.24049,-38.91314,-36.143402,-38.071617,-38.84586,-40.39684,-40.59195,-45.957504,-40.285107,-43.20023,-46.461853,-45.04498,-49.136738,-52.332535,-53.597244,-50.41388,-53.844826,-55.492664,-54.529007,-55.793312,-59.36027,-60.070488,-63.790054,-67.76633,-68.5387,-69.49534
7264,True,-26.400679,-28.120232,-28.06123,-29.409546,-31.919899,-35.078102,-45.221428,-39.536533,-36.598915,-40.88788,-41.774044,-39.86156,-42.883675,-42.78671,-45.08554,-45.243073,-47.111588,-49.206997,-48.680702,-50.726624,-50.29621,-50.45436,-53.903904,-55.515923,-58.301903,-58.437218,-57.86396,-59.798065,-64.28473,-66.017654,-68.03874,-68.77459
7296,True,-22.70853,-27.373602,-24.33729,-28.03872,-36.09799,-35.1883,-37.284855,-37.651505,-36.754025,-45.55529,-41.103977,-41.925713,-40.713547,-43.79383,-44.533253,-44.91014,-46.815853,-47.930252,-49.450066,-50.555832,-52.22699,-52.45501,-53.343296,-54.671143,-54.57708,-58.613686,-60.350018,-61.940147,-64.12392,-65.607796,-68.26673,-68.91066
7328,True,-24.711292,-29.978178,-26.723433,-28.510637,-31.381618,-36.708263,-39.245823,-37.822784,-35.67737,-38.993523,-40.86519,-40.582573,-44.99197,-42.9979,-41.055542,-45.36961,-46.798798,-47.940716,-47.637096,-50.689964,-51.06694,-51.84155,-55.77569,-56.171814,-57.169247,-57.96161,-59.339546,-59.57004,-63.21594,-68.64021,-68.3801,-69.54609
7360,True,-22.815084,-28.058647,-28.0873,-30.225582,-35.766693,-36.722244,-37.71566,-39.269474,-41.51314,-42.350533,-40.86624,-43.916183,-43.13916,-43.498035,-42.247753,-45.022144,-45.357,-48.966747,-50.597153,-53.164764,-52.145195,-51.284367,-53.363113,-56.06534,-56.787876,-57.85957,-59.26905,-60.045998,-64.77901,-66.36204,-68.530815,-69.987915
7392,True,-27.411343,-30.813633,-30.169693,-27.613905,-32.93997,-32.836437,-39.80558,-38.93312,-37.3249,-39.250343,-41.665035,-42.449802,-37.884773,-43.53179,-43.676548,-46.241623,-47.264786,-49.019966,-48.894306,-49.83171,-51.1434,-52.908634,-53.654396,-56.87195,-57.782806,-57.471985,-59.178356,-60.44705,-63.92782,-65.52553,-69.641235,-69.73959
7424,True,-27.239332,-29.354582,-24.191235,-27.379694,-33.50186,-33.25604,-37.721664,-36.651337,-35.067413,-38.860798,-42.164757,-39.253105,-40.301167,-44.108105,-44.10766,-44.929962,-46.54516,-47.185318,-48.53707,-51.134254,-50.518066,-50.79498,-53.864967,-57.851025,-57.001884,-58.919846,-58.2491,-61.316048,-63.27297,-66.02904,-68.34627,-69.47615
7456,True,-25.127203,-29.00196,-26.377209,-28.866446,-34.88274,-33.441254,-36.51942,-42.885456,-44.009342,-40.482136,-42.836452,-39.58959,-39.440052,-43.84888,-44.40298,-47.566864,-47.29488,-49.784668,-50.37809,-52.369812,-52.72005,-52.78804,-55.051453,-55.022816,-55.768867,-59.776592,-60.15435,-61.98235,-64.792755,-67.69013,-68.31202,-69.76661
7488,True,-24.154202,-29.670591,-27.8477,-31.046654,-36.961277,-34.319157,-35.365837,-40.745598,-35.68904,-41.550095,-42.033134,-40.86682,-41.724125,-45.89424,-45.345215,-43.547955,-47.936417,-48.77356,-48.706116,-51.216003,-51.380203,-50.691296,-53.484043,-55.94885,-56.53208,-58.185253,-59.066692,-60.80862,-64.68537,-65.857834,-67.94239,-69.42536
7520,True,-25.436468,-27.46669,-28.437103,-32.134396,-33.414886,-34.209938,-37.362766,-38.510162,-36.057537,-37.74854,-39.58857,-42.723354,-43.07812,-44.9136,-43.327145,-42.526283,-49.042587,-48.917904,-48.703022,-50.178696,-50.91675,-50.897804,-52.04266,-54.675465,-56.36039,-58.587112,-57.597565,-60.127205,-63.61383,-67.89161,-69.42739,-70.55007
7552,True,-27.2715,-27.07536,-29.334585,-31.454966,-32.8333,-34.401947,-38.404602,-35.28297,-38.80769,-38.511723,-40.86056,-42.359077,-44.876602,-46.132664,-44.998737,-45.816383,-47.31562,-47.178185,-49.524044,-51.48827,-53.770668,-53.858913,-53.170734,-55.452827,-57.76976,-60.730473,-60.45416,-60.814854,-63.53592,-66.68862,-69.09885,-69.54967
7584,True,-25.15316,-25.081327,-27.46967,-30.762207,-37.017456,-35.222763,-38.960335,-37.583843,-34.264812,-39.510128,-41.504204,-42.277153,-46.056885,-41.923584,-40.500725,-39.924175,-38.807236,-42.13897,-48.75528,-48.943783,-50.054153,-49.937096,-50.40091,-53.718163,-53.44357,-49.321365,-49.492737,-44.02572,-38.991238,-41.793198,-44.25634,-43.91338
7616,True,-23.44588,-23.205185,-25.398672,-30.093641,-32.891388,-28.058914,-33.51477,-30.887722,-31.91954,-35.487324,-37.49411,-35.94554,-38.0939,-38.847965,-38.315838,-34.55575,-30.320597,-34.08572,-41.579685,-43.67427,-43.70212,-44.421787,-45.49589,-48.08359,-46.98488,-40.951607,-36.853233,-34.701973,-31.418993,-34.7314,-35.840744,-35.00938
7648,True,-24.882717,-28.210814,-26.70214,-27.441017,-30.789005,-33.320347,-39.4416,-35.776726,-38.977707,-41.646385,-41.16089,-42.649227,-39.268715,-41.58149,-43.18518,-44.079002,-46.040302,-46.605396,-49.099426,-49.191322,-52.263382,-50.31967,-50.851868,-52.21311,-53.40648,-55.547367,-50.90532,-49.71293,-44.85346,-46.976246,-50.268044,-49.070625
7680,True,-24.166565,-27.519356,-26.720572,-30.184336,-34.21897,-32.37536,-39.004368,-39.651432,-38.431976,-38.856613,-40.384407,-44.63822,-41.457424,-41.01622,-41.464886,-43.69213,-45.014275,-49.442066,-51.140053,-49.342876,-52.291428,-50.050537,-49.14604,-51.94683,-54.09361,-55.57947,-54.37698,-53.93581,-51.13082,-52.502842,-55.908325,-56.204567
7712,True,-24.509491,-27.511633,-25.456335,-28.822147,-30.622646,-34.735264,-41.94689,-37.439255,-36.71928,-40.54473,-40.170708,-45.261063,-44.881477,-45.32048,-43.378555,-42.104523,-44.387016,-47.37075,-48.805283,-48.865795,-52.650684,-50.782112,-52.247623,-55.895454,-54.41,-54.759453,-55.70803,-56.70932,-55.129288,-57.923832,-60.078217,-60.750137
7744,True,-21.690544,-26.326752,-25.061216,-30.075962,-34.180695,-31.750763,-38.038307,-38.830532,-36.355938,-35.764416,-42.25358,-43.70409,-40.227173,-41.359947,-41.183266,-43.213276,-45.86518,-48.87215,-49.577484,-52.060127,-50.487175,-50.66997,-53.53832,-56.010593,-56.21205,-55.72107,-58.06133,-59.61644,-58.357124,-60.423283,-63.59306,-66.095566
7776,True,-21.790514,-24.591705,-26.405018,-33.30067,-34.06876,-34.16647,-37.919937,-39.957233,-35.235542,-40.8703,-40.840538,-42.53903,-40.455948,-42.272793,-43.077354,-44.986496,-47.101593,-46.089043,-49.645836,-49.710537,-51.86842,-51.172047,-53.263306,-54.59795,-54.965637,-57.062397,-57.634808,-58.006157,-61.867714,-63.33059,-64.32557,-68.03584
7808,True,-19.506609,-26.613777,-25.290297,-29.205559,-32.49659,-33.797203,-33.65811,-38.45217,-39.49551,-37.962616,-41.654495,-41.26247,-39.966625,-41.604534,-42.88065,-44.569496,-46.879086,-47.18714,-49.14001,-50.47936,-51.12848,-50.515137,-51.108284,-54.30931,-56.629204,-59.329144,-59.792183,-59.7041,-62.33869,-63.24202,-66.781845,-67.46878
7840,True,-23.211012,-24.700043,-26.377117,-29.952282,-32.902065,-38.90719,-40.066494,-39.49731,-34.72883,-39.52916,-43.11628,-46.877884,-43.628586,-44.496082,-43.149296,-44.38595,-46.686913,-47.12252,-49.779774,-49.351955,-51.776394,-51.82567,-52.05359,-55.23919,-55.629417,-57.992058,-59.68602,-60.329494,-63.410934,-64.59307,-66.81334,-69.92675
7872,True,-23.128454,-27.537468,-28.398087,-29.238398,-30.01416,-34.13183,-34.888954,-36.950535,-36.86567,-41.685024,-44.61432,-42.059814,-42.32139,-42.589832,-41.058235,-42.63938,-43.243973,-47.3328,-51.697506,-51.622868,-52.74149,-51.51102,-53.794247,-55.729652,-57.899567,-56.219715,-57.690674,-61.504456,-64.577614,-67.256996,-69.48022,-70.13096
7904,True,-24.138824,-26.667929,-27.421307,-29.723888,-35.5297,-33.189354,-35.03873,-34.818226,-36.896416,-37.683434,-43.337208,-41.07073,-41.649784,-44.068,-45.126858,-49.922073,-46.477066,-47.276672,-48.978306,-50.5331,-49.934544,-50.673374,-53.578342,-54.92187,-57.273895,-57.293556,-60.84169,-60.244404,-64.87223,-66.563324,-69.017845,-70.7505
7936,True,-21.975851,-29.110441,-27.180899,-31.385372,-35.576824,-35.47836,-40.179413,-39.546055,-38.74624,-42.72539,-41.49338,-42.91432,-43.21804,-44.892136,-43.992813,-46.717167,-45.740887,-48.395348,-48.147873,-51.939045,-51.519768,-52.039406,-54.62294,-55.04184,-56.393196,-59.757923,-59.123474,-60.273365,-65.369225,-66.514885,-67.430626,-70.315315
7968,True,-23.798847,-29.17672,-26.86341,-27.892206,-33.82121,-34.884346,-37.544216,-37.09681,-37.388985,-40.10901,-38.998287,-41.815353,-44.367027,-46.528492,-43.470108,-44.897247,-47.17647,-49.04318,-49.458534,-51.15696,-50.03459,-51.220287,-53.659042,-54.706654,-55.308525,-57.002914,-59.693893,-61.014763,-64.25881,-66.95878,-68.77621,-70.3756
8000,True,-25.889673,-27.502544,-27.275925,-29.484282,-33.630726,-32.58637,-39.030212,-42.8672,-41.331085,-40.59374,-42.0991,-43.26521,-41.34087,-42.05185,-43.90201,-44.833122,-46.0484,-48.93909,-51.1118,-52.094177,-51.05942,-50.151676,-54.48989,-56.30068,-57.48072,-59.21734,-59.562195,-60.408638,-63.49146,-65.89771,-67.83604,-68.90459
8032,True,-23.930948,-27.201311,-23.502937,-27.214184,-34.94762,-36.031956,-38.042843,-36.705452,-35.97779,-38.67741,-40.883034,-39.786648,-42.49283,-42.053764,-44.23854,-44.906963,-45.383167,-47.668243,-49.592194,-47.98689,-50.774742,-50.88482,-53.911453,-55.70829,-56.05668,-59.768196,-59.675236,-61.69666,-65.37614,-67.07216,-68.55252,-70.83322
8064,True,-23.363932,-28.896963,-29.405897,-31.94724,-36.64721,-36.680496,-37.123997,-37.401146,-37.049118,-39.65591,-43.80424,-42.83519,-39.79463,-42.30575,-43.93711,-45.296776,-46.364994,-47.877964,-48.58027,-51.204582,-50.863365,-52.263145,-54.59654,-55.24565,-55.8305,-59.149376,-61.005936,-60.870853,-65.187515,-65.808876,-68.870705,-69.33405
8096,True,-23.273582,-25.505424,-23.560814,-31.31235,-35.76352,-37.47973,-37.9825,-41.524662,-39.918148,-44.291378,-40.048058,-39.260315,-40.98178,-45.443085,-42.55211,-41.858932,-45.827972,-47.459026,-47.34353,-49.337593,-52.04267,-52.02693,-54.95113,-57.310432,-58.189148,-59.63153,-59.858936,-60.146503,-63.55261,-65.648506,-68.17593,-69.177025
8128,True,-21.975212,-25.292873,-24.607115,-28.418951,-32.854126,-34.40124,-35.89848,-38.02633,-39.68289,-39.72435,-43.04176,-44.474747,-44.269554,-42.12037,-46.254562,-49.828564,-47.788124,-49.152596,-48.82493,-51.38433,-51.56948,-51.879276,-54.05532,-55.969513,-55.733704,-58.27805,-58.204975,-57.422485,-60.15989,-57.608814,-59.021088,-61.103355
8160,True,-23.653872,-25.180662,-25.024624,-27.450438,-36.135345,-33.4024,-37.67735,-37.049854,-34.205864,-39.889412,-39.41687,-41.32644,-43.84316,-43.39716,-48.289,-47.1945,-45.406643,-47.670017,-50.58306,-51.2324,-51.218258,-50.92194,-52.532383,-55.23404,-55.706497,-57.967003,-55.617226,-54.43444,-57.03568,-54.64573,-55.68501,-59.47489
8192,True,-23.589201,-30.144367,-29.25542,-29.102161,-31.74398,-35.359375,-38.358723,-38.18551,-39.484814,-42.648705,-40.93855,-42.512184,-40.624474,-42.982285,-45.49584,-46.848938,-45.431553,-48.39398,-49.885403,-52.170494,-52.593212,-51.232994,-52.36782,-53.813004,-56.541603,-57.222496,-58.266827,-59.037285,-62.126015,-64.07205,-65.451035,-68.444435
8224,True,-24.025032,-28.452385,-25.217478,-27.425138,-33.494713,-37.428135,-38.779156,-36.78586,-37.6802,-40.351334,-42.530117,-42.46644,-41.735725,-43.676018,-43.699688,-45.596867,-43.209038,-47.21805,-50.03769,-49.198986,-51.981255,-52.12829,-52.325558,-55.204147,-57.99575,-60.49797,-58.69568,-60.445374,-64.610245,-64.40668,-68.55743,-68.16781
8256,True,-23.001385,-25.50277,-28.89166,-31.560265,-35.409924,-35.56379,-38.67908,-33.89988,-37.019547,-42.677544,-39.817005,-41.341316,-40.468758,-45.716877,-42.923004,-42.7422,-44.7629,-48.50077,-51.142464,-54.893627,-53.744217,-50.682663,-53.215866,-53.565598,-56.679855,-57.958256,-58.721924,-61.816994,-64.665855,-66.4911,-68.40341,-69.923996
8288,True,-29.133425,-31.146149,-24.248959,-26.604986,-34.13147,-36.841995,-35.908974,-37.703674,-38.334335,-44.17612,-40.62918,-45.75397,-41.712288,-44.75267,-42.78337,-44.68004,-47.35195,-48.01491,-49.075996,-50.005756,-50.203926,-49.24164,-53.247505,-54.92164,-57.129288,-59.10505,-58.82293,-60.79021,-62.83203,-65.47415,-68.77165,-68.77973
8320,True,-24.126387,-24.907139,-25.389576,-28.025587,-34.942677,-32.939743,-36.480965,-39.43731,-36.447834,-38.215977,-40.67518,-41.001152,-43.038956,-45.479637,-44.30718,-44.338383,-44.495003,-49.103966,-52.979355,-53.113705,-49.748238,-49.70995,-52.70822,-55.01885,-55.783096,-57.366795,-57.867714,-58.139153,-63.577446,-67.28585,-68.48773,-69.79399
8352,True,-25.407497,-28.172012,-32.000824,-35.482628,-35.858017,-34.701744,-37.49833,-36.07142,-37.682106,-39.93661,-40.66443,-41.72634,-40.642742,-42.119537,-43.662342,-45.60244,-47.44633,-48.788574,-49.010635,-53.32422,-52.004604,-51.802322,-54.480343,-55.188805,-54.2907,-57.312893,-59.398582,-60.643166,-63.154865,-65.23412,-67.686966,-69.14676
8384,True,-26.11167,-26.757078,-28.960995,-32.436646,-36.451096,-35.60936,-39.240868,-35.916092,-38.04449,-38.244137,-42.002922,-44.053097,-40.73853,-43.7584,-42.995827,-45.149246,-46.179276,-48.991543,-48.86849,-50.972908,-53.40582,-51.150482,-52.09934,-55.490707,-55.32704,-57.09507,-58.7365,-60.309814,-63.01275,-64.70542,-67.09649,-69.12542
8416,True,-21.88517,-27.028366,-28.105719,-31.244556,-33.32571,-36.439484,-35.566303,-39.68075,-39.01565,-39.03999,-37.422607,-43.8367,-44.772614,-44.89982,-43.649933,-45.02667,-44.81629,-47.617004,-49.228306,-50.66108,-53.910934,-51.571793,-54.18159,-55.931755,-57.166603,-58.823185,-58.386566,-60.42598,-64.02556,-66.736595,-66.80116,-67.82333
8448,True,-24.3711,-25.478394,-30.27597,-29.784582,-31.445475,-35.869926,-35.08414,-42.135548,-38.020996,-41.622345,-43.605976,-40.97148,-42.848057,-43.458218,-40.718937,-44.02432,-45.18406,-48.97589,-48.534298,-52.39839,-51.00411,-51.458893,-55.0298,-55.948036,-55.938606,-57.523994,-57.739212,-59.160637,-65.2527,-66.15286,-68.39554,-67.13195
8480,True,-26.532629,-27.283247,-30.50751,-26.981897,-34.251247,-33.018143,-38.922184,-36.33097,-40.574875,-43.278824,-42.31525,-39.63584,-39.89112,-46.75744,-43.812683,-45.110683,-47.34114,-49.10109,-48.890106,-48.56766,-51.020668,-51.63472,-53.472565,-54.637062,-55.86692,-59.311253,-59.842815,-61.599926,-64.12476,-65.70642,-67.02905,-68.15466
8512,True,-28.2649,-29.24224,-25.108463,-26.47047,-31.766918,-32.49596,-35.662876,-39.775146,-38.61143,-42.57647,-46.14153,-41.28372,-39.48333,-44.53588,-45.07763,-45.254166,-46.881847,-47.843628,-50.710945,-51.99341,-51.44382,-49.343124,-51.52313,-55.87902,-55.31431,-58.069252,-58.988476,-59.382385,-63.254337,-67.14426,-67.4821,-67.95837
8544,True,-25.676788,-30.925365,-25.198801,-24.802593,-32.885258,-33.484695,-39.360855,-41.20765,-40.012405,-38.78533,-39.59604,-42.344826,-43.9608,-44.90505,-42.27487,-46.685516,-45.637978,-45.72021,-50.6157,-51.372643,-51.364803,-50.20144,-54.119347,-55.32942,-54.979168,-59.135994,-60.280533,-61.220863,-65.27211,-65.98638,-68.70737,-69.32718
8576,True,-27.099243,-26.573553,-30.839283,-27.768442,-32.58285,-32.182915,-39.95594,-39.26621,-36.498077,-40.93338,-37.253944,-39.230236,-39.91889,-42.914143,-43.009964,-46.105457,-46.210045,-47.124714,-49.691624,-51.87172,-52.943596,-53.044426,-54.286354,-56.56156,-56.614376,-59.583645,-57.834274,-61.351562,-64.894554,-66.91884,-69.19648,-69.09552
8608,True,-24.726177,-29.466526,-23.868067,-28.62754,-32.519623,-35.197266,-37.855423,-36.931385,-37.057873,-34.194237,-45.33023,-45.546555,-43.41869,-43.21109,-45.614616,-46.960773,-46.50484,-49.127983,-50.067833,-49.289078,-51.610367,-50.15995,-52.622036,-54.173676,-55.50123,-58.002563,-59.11741,-59.45005,-63.0883,-65.85179,-68.555824,-69.05682
8640,True,-28.35696,-27.970411,-31.641739,-32.972286,-34.549133,-34.807343,-36.020218,-39.391476,-41.156395,-38.136127,-37.430702,-41.718517,-43.500057,-43.418785,-44.102573,-44.035034,-48.72551,-48.943092,-48.217793,-50.588203,-51.286274,-51.62779,-51.10737,-55.211926,-55.349724,-58.607895,-59.83463,-61.775402,-65.16538,-66.5458,-67.90964,-69.98684
8672,True,-26.641891,-27.673256,-25.332937,-27.40876,-32.08808,-35.29448,-37.092968,-36.42239,-34.685215,-41.187126,-43.05343,-44.9067,-43.964977,-41.235348,-42.425163,-44.03911,-42.983242,-47.084793,-50.42465,-52.93255,-51.633026,-52.69329,-54.4142,-55.263603,-58.15827,-57.81424,-58.967827,-60.030804,-61.755203,-65.74816,-67.920166,-70.106285
8704,True,-25.310349,-24.532787,-26.649517,-28.00393,-32.525173,-34.217342,-37.66849,-36.75818,-35.060574,-39.569866,-44.89012,-41.054657,-42.949417,-42.25728,-42.40002,-43.253975,-45.09445,-47.616,-47.865646,-49.903694,-49.666824,-50.351906,-53.82774,-56.3481,-55.43838,-57.1636,-60.96136,-60.00788,-63.77633,-66.08365,-66.59852,-69.4021
8736,True,-24.756592,-29.238972,-26.187143,-28.916145,-34.80202,-37.52593,-40.072166,-35.372562,-35.498745,-42.772423,-44.545967,-42.00293,-40.610573,-45.39721,-45.9791,-45.073643,-45.576214,-47.97982,-50.84008,-49.812508,-48.47435,-50.84156,-52.529873,-55.024525,-55.6748,-58.535355,-59.535805,-60.053375,-63.05821,-65.38368,-68.239746,-70.73392
8768,True,-28.009584,-27.64655,-29.889015,-30.316994,-33.849915,-35.586098,-36.766968,-38.947685,-34.818844,-39.74311,-38.37287,-39.306267,-42.47135,-41.71946,-43.00666,-45.643105,-45.543903,-47.52298,-51.342133,-52.712296,-51.24032,-50.921394,-52.698433,-53.685497,-55.944748,-56.98156,-58.763237,-60.736923,-64.53296,-65.94333,-67.821815,-69.97423
8800,True,-22.355816,-25.702557,-24.183048,-26.161861,-30.160227,-34.168808,-38.091217,-34.878506,-34.127575,-38.255966,-38.104206,-40.40041,-40.981796,-44.109173,-42.352966,-42.914658,-44.4154,-48.547115,-49.67998,-50.372856,-51.503784,-52.939415,-51.49788,-54.824913,-56.096977,-58.41551,-59.420486,-60.77214,-62.545708,-64.45794,-68.48691,-69.31909
8832,True,-25.704567,-27.518618,-26.767265,-30.244919,-31.54318,-34.198868,-37.832115,-38.283573,-38.11357,-41.858517,-40.288445,-38.950474,-38.603283,-43.94596,-44.148346,-46.242832,-46.105057,-49.092293,-49.38534,-49.46606,-52.1248,-50.3319,-52.498783,-55.112556,-56.688175,-56.61852,-58.995728,-60.947132,-64.576866,-65.242836,-68.46374,-68.7558
8864,True,-26.567652,-27.135317,-27.759207,-33.54148,-33.52781,-37.882908,-37.43611,-36.5387,-38.71429,-40.773945,-42.14749,-41.052963,-40.877632,-43.01291,-40.747303,-43.59159,-45.67986,-47.96726,-50.116455,-49.89039,-52.042625,-51.043907,-54.040943,-54.93502,-55.391888,-59.872795,-59.392075,-60.579857,-64.99359,-65.52596,-67.99424,-69.10813
8896,True,-27.568623,-26.431648,-26.690826,-29.056787,-35.776093,-33.742413,-36.381855,-34.805943,-38.245182,-40.33629,-43.151794,-45.699974,-45.860268,-46.204094,-42.4131,-43.103264,-45.820446,-49.423035,-51.212765,-50.547516,-51.180267,-50.147785,-54.609856,-57.428345,-55.9467,-57.524815,-58.505882,-59.874527,-64.77409,-68.39248,-68.16108,-70.10028
8928,True,-28.059425,-26.844265,-24.971552,-25.125639,-32.01886,-37.74528,-38.171448,-38.723896,-37.393948,-38.821117,-39.317657,-40.445503,-40.24109,-44.010902,-41.338226,-45.893974,-48.806004,-51.96567,-51.59343,-52.03322,-51.38244,-51.82106,-52.850426,-55.88687,-56.116405,-59.20046,-59.881496,-61.142998,-65.256874,-66.768135,-68.06847,-70.21326
8960,True,-23.786604,-25.003798,-31.161285,-30.111015,-30.771698,-34.38159,-38.830833,-41.095734,-40.43854,-42.292397,-44.429443,-40.724953,-43.492805,-45.856735,-45.642334,-45.80139,-46.05183,-48.23266,-48.85795,-50.308327,-50.149445,-52.10315,-53.842827,-57.21407,-57.103874,-59.878136,-59.657753,-60.86299,-63.43513,-67.25646,-68.864525,-69.36521
8992,True,-27.19812,-28.854513,-24.381538,-30.370329,-34.803852,-36.960625,-38.23964,-37.859276,-39.23817,-41.177578,-42.34789,-42.8807,-42.224003,-42.83401,-44.833122,-47.055695,-48.126648,-48.25393,-50.055447,-50.212727,-52.10109,-48.650097,-52.54379,-55.319878,-57.02204,-59.755257,-60.87159,-61.35031,-64.01794,-67.87554,-68.45514,-69.096825
9024,True,-26.049698,-26.367363,-25.497362,-28.291971,-29.676573,-33.344086,-41.204914,-36.272522,-37.22689,-41.602127,-39.72947,-41.205654,-41.110535,-44.130497,-44.06916,-46.214718,-45.43444,-46.41067,-51.327522,-49.00541,-53.13987,-53.34209,-54.5042,-57.50431,-56.26636,-57.287643,-59.621662,-60.04139,-63.819317,-65.25804,-67.8365,-69.237274
9056,True,-28.428514,-28.110401,-29.362516,-31.226429,-32.032173,-31.714062,-39.273876,-37.54146,-38.578537,-41.316864,-38.829662,-42.10652,-43.104454,-46.858578,-41.657597,-45.44046,-46.025738,-47.265358,-47.224937,-52.10745,-52.957024,-52.12417,-53.669083,-58.40286,-55.467484,-59.26345,-60.859333,-61.740303,-64.57096,-66.288994,-68.63909,-70.17078
9088,True,-22.732191,-24.326294,-28.573074,-29.426998,-34.52151,-35.70345,-38.82912,-37.188484,-37.640358,-39.86353,-38.382576,-42.755238,-42.036137,-43.576096,-40.52849,-42.784138,-49.145973,-47.225037,-49.79603,-53.08171,-50.512466,-49.99975,-55.679203,-56.734123,-57.376602,-55.299225,-59.186916,-60.77854,-65.38567,-66.85443,-68.74496,-68.4961
9120,True,-25.227856,-28.00041,-27.229774,-31.83741,-30.540531,-31.935797,-36.642174,-36.821564,-35.559704,-40.110443,-40.677017,-42.226646,-45.35793,-41.848026,-44.32749,-46.115837,-46.583084,-46.072807,-52.483208,-51.132828,-51.58538,-51.086227,-52.786846,-55.52639,-57.158165,-57.966557,-59.977486,-59.89473,-64.72322,-65.660736,-67.742546,-68.88927
9152,True,-28.418482,-29.67302,-28.279497,-32.59949,-32.464203,-35.10213,-38.005516,-37.390163,-38.71673,-44.45776,-42.01938,-42.775658,-43.487053,-42.133842,-40.880962,-43.41668,-47.55245,-47.26704,-48.73766,-51.414505,-51.96606,-50.335712,-53.177612,-58.44522,-57.252014,-57.864414,-58.978317,-61.60211,-66.11244,-66.51544,-68.24221,-69.37438
9184,True,-30.591372,-27.668045,-24.566795,-27.977793,-35.796074,-34.183544,-39.358833,-38.686977,-38.613907,-40.373554,-41.801506,-40.73969,-41.21776,-44.997746,-42.135155,-45.965405,-47.30523,-50.07401,-48.86989,-50.276535,-49.797615,-51.122284,-55.077576,-56.40548,-56.571846,-59.182465,-58.9675,-59.103207,-62.56994,-65.20023,-66.62133,-68.27333
9216,True,-24.42614,-30.304657,-26.925772,-31.59651,-31.41912,-31.941072,-38.547626,-37.32658,-33.402493,-39.110043,-41.627724,-40.389565,-40.713547,-41.270325,-41.921104,-43.484985,-45.227375,-46.55039,-48.88899,-50.749382,-50.739212,-51.27995,-53.80088,-54.86154,-56.369408,-59.1173,-58.41369,-59.102245,-62.192425,-65.31235,-67.268234,-67.23717
9248,True,-21.942524,-24.939966,-29.295618,-26.946201,-35.79875,-38.969467,-40.532516,-37.453625,-39.435753,-41.22208,-41.140522,-42.97545,-41.749043,-45.146057,-43.60376,-44.509895,-46.649265,-49.077065,-51.666912,-49.08949,-49.74995,-50.284595,-52.528168,-56.29619,-56.118526,-58.323723,-58.665527,-60.75669,-62.94406,-66.388084,-68.48711,-68.84
9280,True,-21.142958,-19.959898,-25.485506,-32.070026,-33.52062,-30.49958,-35.543743,-33.66967,-38.017654,-42.95095,-42.974823,-48.62021,-44.60237,-41.636932,-44.38444,-46.327408,-46.964516,-49.758244,-49.119495,-47.836678,-49.515465,-50.62655,-54.832478,-55.790268,-56.202145,-57.664497,-59.07707,-59.11725,-63.38406,-65.84619,-66.6564,-68.0774
9312,True,-23.919203,-26.575537,-29.599611,-29.629288,-33.76599,-33.391937,-37.016933,-35.967213,-34.483658,-40.569405,-41.047882,-41.27302,-45.36738,-43.739983,-45.62255,-45.580284,-47.249695,-48.014256,-47.63585,-50.352226,-50.707283,-51.711357,-52.612194,-54.03013,-55.95251,-58.04649,-59.324448,-58.926514,-64.4834,-64.83091,-67.46306,-68.834236
9344,True,-26.507902,-25.510658,-30.448639,-33.588882,-33.73545,-34.58299,-37.620167,-36.780727,-36.5418,-43.85212,-39.263443,-40.243183,-41.565968,-42.875004,-42.2211,-45.54173,-45.735,-47.677708,-48.017117,-49.615646,-49.324142,-51.230972,-55.02184,-55.300934,-56.461216,-58.50939,-59.475002,-58.856274,-63.53379,-66.15575,-67.604935,-68.44914
9376,True,-22.184755,-24.46888,-30.361712,-31.740765,-31.875336,-32.37264,-40.523525,-38.46305,-38.740047,-41.123543,-38.786926,-39.51613,-40.183098,-42.356335,-42.51352,-46.386375,-47.53858,-50.09445,-49.27089,-49.884743,-50.096268,-50.62439,-52.992973,-56.158325,-56.78476,-57.767166,-59.167343,-60.071865,-64.91293,-65.89368,-67.34592,-69.92385
9408,True,-23.248646,-30.629326,-31.236843,-32.078094,-36.977974,-36.198296,-39.723053,-37.106087,-33.603497,-39.445347,-43.537983,-38.81454,-41.378593,-43.923653,-44.540524,-44.63404,-48.26599,-51.976624,-52.649876,-50.075336,-49.347996,-51.471745,-54.483128,-54.971718,-54.674606,-58.328205,-58.6857,-60.217762,-64.35068,-65.62089,-68.219826,-69.82444
9440,True,-28.376387,-25.32406,-25.049574,-29.582619,-34.479218,-39.859688,-38.553078,-35.30511,-37.183044,-36.392838,-40.149647,-41.795876,-39.798275,-41.03344,-46.684357,-45.537918,-47.6913,-47.19235,-48.163204,-50.330795,-50.342125,-51.032135,-52.281616,-56.963173,-57.570717,-58.717407,-60.502247,-61.726173,-62.868736,-65.534065,-68.213,-69.075134
9472,True,-24.336613,-26.887447,-27.97041,-30.310562,-33.58756,-33.22207,-37.119858,-39.98261,-37.68082,-41.265747,-41.241802,-42.267372,-43.074455,-47.225803,-42.77173,-46.05092,-45.769352,-46.427177,-49.55276,-51.87371,-51.50064,-51.25988,-54.30946,-56.235905,-57.651863,-58.70315,-61.090675,-61.017487,-63.03134,-66.577415,-68.19985,-69.904945
9504,True,-21.321465,-25.900354,-26.30065,-28.584604,-33.232414,-33.689903,-36.361126,-34.977867,-35.495575,-39.358288,-45.3127,-43.58398,-42.749023,-42.904427,-42.1368,-46.499466,-45.88475,-44.959316,-46.97556,-53.39692,-51.81237,-50.76348,-54.67074,-56.500454,-56.974735,-56.831924,-59.257206,-60.98191,-65.951096,-66.66808,-67.411644,-69.48706
9536,True,-23.701405,-27.860811,-28.091452,-26.495861,-28.110409,-30.895641,-34.82555,-37.669575,-33.71223,-37.228962,-44.136795,-43.252396,-41.315727,-45.29322,-44.568504,-47.417465,-46.833954,-51.132744,-49.04998,-50.06905,-52.87968,-51.97643,-52.65095,-56.34665,-58.498093,-57.8767,-59.708275,-60.82939,-64.04899,-66.740105,-67.69965,-69.99503
9568,True,-22.268286,-28.858845,-28.91817,-31.351812,-32.69364,-34.19761,-36.073097,-35.656242,-33.76854,-39.225258,-44.349384,-42.63176,-41.328854,-43.784023,-42.182396,-43.47452,-45.55475,-51.171726,-51.116035,-50.44641,-50.587868,-50.07942,-53.455544,-55.91443,-57.014397,-59.538124,-59.599953,-60.591816,-64.03491,-66.15684,-68.32165,-70.83306
9600,True,-20.568333,-27.631742,-27.478436,-31.63806,-30.972158,-35.44039,-37.733692,-38.554882,-39.32819,-40.994015,-44.089966,-43.30809,-44.780403,-46.77538,-43.050323,-42.73834,-45.60551,-48.66631,-47.224575,-50.07021,-51.188698,-50.220726,-53.96653,-57.059647,-56.453125,-58.82379,-58.08025,-57.67842,-62.590977,-65.42485,-66.78516,-69.27636
9632,True,-22.379951,-23.164845,-25.802153,-29.677578,-36.053017,-34.605824,-38.008125,-35.92364,-32.641865,-41.67004,-44.011875,-40.694946,-45.415802,-46.92493,-44.87499,-44.410904,-49.663628,-50.684227,-47.99433,-51.94941,-51.374058,-53.203148,-53.757385,-55.16651,-56.07926,-57.912235,-59.337807,-60.388866,-63.31129,-66.21214,-67.54798,-69.57471
9664,True,-24.06923,-27.225313,-30.425318,-33.07177,-34.43605,-31.428707,-34.701576,-36.619656,-41.180534,-42.370064,-41.256935,-44.84188,-39.29351,-42.77162,-41.479946,-44.91157,-45.44548,-49.59122,-48.267746,-52.845844,-50.393547,-51.77392,-54.028248,-55.654945,-56.01951,-57.9314,-59.004753,-61.604485,-63.545784,-65.89131,-69.37783,-71.0407
9696,True,-27.286875,-26.209198,-25.564478,-30.062716,-30.486305,-33.533382,-39.18266,-37.611217,-33.53248,-38.91298,-41.399094,-38.843662,-39.8545,-44.49034,-42.08616,-46.935444,-50.13733,-50.449135,-48.39984,-51.485027,-48.434254,-50.246567,-52.90472,-55.411407,-56.03458,-58.048996,-59.16523,-60.652153,-63.166126,-65.93089,-69.01074,-71.03576
9728,True,-28.687706,-27.521473,-26.978497,-27.306072,-33.15416,-32.231277,-38.092873,-34.42553,-35.359074,-40.27824,-38.60772,-38.55593,-42.56134,-40.651176,-42.871117,-45.457993,-44.59313,-47.589104,-47.485027,-50.278072,-50.90464,-51.36021,-52.813305,-55.267967,-55.57975,-57.467392,-58.784843,-62.527702,-65.473755,-67.382515,-68.81394,-70.582466
9760,True,-23.66697,-28.706606,-28.74407,-32.25054,-34.216522,-35.248505,-36.24888,-37.34222,-36.41005,-40.713615,-42.205105,-42.571198,-40.93363,-41.482105,-40.841965,-45.767536,-50.027924,-48.087658,-46.657364,-52.289055,-53.004818,-50.141216,-52.400772,-55.468277,-57.821102,-59.010323,-59.908546,-60.941357,-63.129574,-66.779335,-68.952415,-70.933136
9792,True,-25.602581,-23.649473,-25.813238,-28.130722,-28.389482,-31.230064,-38.443707,-39.096214,-39.162678,-42.444553,-40.705864,-44.490395,-43.544052,-47.18548,-46.111763,-45.158787,-47.124577,-51.692986,-49.923088,-49.981953,-50.765095,-51.214317,-55.295673,-58.127552,-56.720272,-56.49079,-59.8106,-60.670834,-64.81872,-66.47767,-69.316086,-70.521774
9824,True,-25.033928,-24.78689,-23.493011,-28.64853,-32.599976,-35.402584,-37.358177,-37.27303,-39.38214,-41.57765,-40.821877,-41.144985,-42.526016,-45.53583,-43.8911,-47.92602,-46.41839,-48.379944,-48.20816,-50.83911,-50.238323,-51.23543,-52.186184,-58.708786,-54.101273,-56.391148,-59.701687,-61.063347,-65.99441,-67.064926,-69.06862,-70.17139
9856,True,-23.737738,-27.412598,-28.868229,-30.549593,-32.514694,-32.518166,-37.243507,-38.159332,-36.751648,-42.228355,-43.42819,-43.353973,-42.045525,-42.182045,-43.687397,-44.212643,-48.468346,-47.644966,-49.041916,-52.765083,-51.618523,-52.10717,-53.773727,-55.39998,-57.19986,-57.068962,-58.381115,-60.801926,-63.42839,-64.41064,-69.14751,-69.721924
9888,True,-24.872293,-29.10452,-28.251657,-27.501202,-31.304085,-34.168636,-37.710484,-42.360424,-39.097904,-40.318657,-37.630463,-43.111366,-43.442368,-41.85953,-42.924927,-47.811615,-48.09296,-48.431076,-49.694286,-49.439957,-49.936417,-52.128426,-53.435608,-56.44567,-54.984547,-56.462654,-58.2285,-60.997395,-63.7413,-65.7108,-67.74187,-70.670654
9920,True,-28.15371,-28.649952,-30.661263,-34.517204,-32.95981,-29.85752,-36.416107,-42.636383,-41.27253,-39.972702,-39.1613,-40.808403,-43.18006,-45.769215,-43.61259,-45.564075,-46.22152,-46.943394,-48.181297,-52.72459,-52.44453,-50.40407,-51.920334,-55.25189,-54.452484,-56.710846,-59.03131,-62.051598,-65.44558,-64.847244,-69.12092,-71.2184
9952,True,-24.924068,-27.563803,-28.550941,-29.568422,-31.813345,-35.142395,-38.02239,-38.3746,-38.047165,-41.917305,-43.945736,-39.248215,-40.16937,-42.63239,-43.049248,-44.803432,-49.661842,-47.82639,-47.920776,-50.077244,-52.748764,-51.78129,-53.423935,-55.055523,-55.556274,-59.285828,-58.853626,-60.066208,-64.84681,-66.22949,-68.56108,-70.19027
9984,True,-24.100628,-28.156355,-31.030188,-31.792019,-31.279745,-31.196177,-39.577126,-35.25673,-37.518925,-40.70572,-40.56787,-44.38471,-43.32979,-40.77879,-43.276558,-44.215412,-46.265694,-46.210827,-51.582092,-53.090534,-52.021557,-52.26757,-52.564854,-54.404266,-55.453373,-55.73574,-59.39908,-61.60734,-65.33906,-66.62957,-68.672386,-69.47298
