timestamp,faulty,band_0,band_1,band_2,band_3,band_4,band_5,band_6,band_7,band_8,band_9,band_10,band_11,band_12,band_13,band_14,band_15,band_16,band_17,band_18,band_19,band_20,band_21,band_22,band_23,band_24,band_25,band_26,band_27,band_28,band_29,band_30,band_31
0,True,-30.318338,-33.3009,-36.442844,-36.22332,-31.302532,-35.190197,-37.472153,-29.717842,-33.117393,-39.130642,-42.633034,-43.180332,-45.06505,-46.628567,-49.821266,-53.31955,-51.142273,-49.988457,-52.736202,-54.420593,-55.757683,-56.86715,-59.409233,-62.61524,-60.83757,-61.26264,-62.707382,-60.725906,-61.241966,-62.39092,-62.7223,-63.089935
32,True,-28.19181,-26.394987,-33.92123,-36.978184,-31.256893,-37.81461,-40.815388,-26.80687,-30.982437,-38.398308,-39.636852,-42.24924,-40.914024,-47.39033,-48.646484,-46.87117,-49.70596,-50.007584,-49.87887,-54.49018,-52.873783,-53.8698,-56.72945,-56.003,-57.7968,-57.80036,-57.24647,-58.733803,-58.84468,-59.4358,-59.258797,-61.246563
64,True,-28.424665,-28.42944,-32.75584,-37.21823,-30.742598,-37.112473,-42.588516,-22.007874,-26.809864,-40.53254,-42.4831,-43.339504,-43.4174,-44.055515,-49.251347,-45.06514,-45.042347,-46.30822,-54.187412,-53.019524,-53.245125,-54.056007,-56.16188,-58.492588,-58.01704,-56.0626,-55.692978,-57.694084,-58.934654,-61.344955,-61.192413,-60.052128
96,True,-29.850779,-28.94087,-34.077194,-29.727175,-26.90971,-34.45404,-42.29977,-27.749758,-31.866058,-37.580856,-39.661884,-42.137054,-41.28954,-45.53906,-46.69907,-49.224415,-49.548515,-47.968567,-53.64668,-55.396618,-54.754448,-55.68358,-58.55993,-57.110954,-56.62517,-56.862633,-56.5371,-58.410034,-60.59037,-60.948864,-61.262817,-62.216892
128,True,-27.212782,-26.229742,-36.40739,-31.253004,-30.767189,-37.069145,-41.911545,-26.565256,-29.99718,-42.189568,-42.531174,-40.30641,-40.88274,-45.56986,-42.413143,-41.276512,-40.949017,-44.390224,-50.543625,-51.063416,-52.58735,-51.86625,-53.309803,-56.68764,-56.08562,-52.811127,-52.943058,-49.088726,-42.044292,-45.297047,-47.304794,-46.855125
160,True,-30.761736,-28.547092,-33.59072,-32.249588,-28.885853,-29.074207,-36.431343,-23.778164,-26.256382,-37.031715,-37.80106,-34.529087,-35.49709,-37.80841,-36.542362,-33.75466,-30.252705,-34.45009,-43.750237,-44.044685,-43.28398,-44.113716,-43.935547,-49.307842,-44.739494,-41.408615,-38.19266,-34.94557,-30.425545,-33.70573,-35.7652,-35.750687
192,True,-28.147505,-30.246773,-36.11411,-35.88189,-27.543945,-31.714125,-38.78307,-34.9629,-36.885437,-37.71404,-39.62358,-42.75712,-40.219074,-44.33006,-44.993195,-47.386826,-44.397297,-45.917038,-50.884975,-52.888294,-51.38941,-49.534843,-56.31202,-55.053154,-53.571297,-55.774113,-52.340607,-49.86841,-44.795403,-48.104282,-50.1001,-49.50405
224,True,-27.730728,-30.88175,-33.25274,-32.706303,-31.890003,-36.456062,-41.931267,-29.864397,-31.904528,-40.89703,-43.36943,-43.30101,-42.681038,-47.25719,-44.41975,-46.94998,-48.12273,-45.797977,-52.846245,-53.311657,-53.24762,-51.622547,-57.43686,-56.71254,-56.292404,-56.48384,-54.8441,-54.591568,-51.646896,-52.3089,-53.9764,-56.32042
256,True,-28.353128,-29.464056,-37.70324,-37.87395,-29.434736,-35.53724,-41.01272,-24.15351,-27.370653,-35.75073,-39.647804,-43.60565,-42.77899,-45.78605,-44.10278,-46.402878,-47.753464,-48.4589,-51.766045,-53.217606,-53.60058,-53.605644,-57.17793,-56.183723,-57.231735,-57.113514,-56.004185,-55.840416,-53.38329,-56.064342,-57.13417,-58.07858
288,True,-30.751682,-33.74397,-34.369514,-37.199986,-25.661057,-32.659008,-40.58719,-29.049683,-31.439302,-39.680115,-43.77099,-42.569294,-41.69597,-43.111015,-42.52447,-45.67269,-49.313374,-48.915154,-52.782036,-54.46984,-52.74876,-54.6046,-57.023357,-57.98771,-57.066097,-55.603924,-57.24445,-56.377262,-57.31041,-58.663235,-59.08827,-61.117554
320,True,-32.651318,-31.133615,-35.778404,-34.53159,-31.000834,-37.18701,-45.024048,-27.526413,-32.83068,-38.540863,-40.47398,-45.55188,-42.941696,-49.711956,-44.281113,-45.748734,-49.414333,-49.48753,-51.36278,-51.797386,-56.115326,-54.70812,-56.181847,-56.41222,-55.57339,-55.181046,-56.257587,-56.636543,-59.166332,-59.302845,-58.149765,-58.808044
352,True,-27.351765,-30.532091,-35.863132,-37.093307,-34.782825,-39.437622,-40.059814,-24.739439,-27.85323,-40.158173,-43.235764,-48.762493,-45.254875,-49.24653,-44.028034,-45.675003,-46.89976,-51.373005,-52.732502,-51.993145,-54.68674,-53.288822,-54.96174,-54.47799,-54.000034,-57.191307,-57.98803,-57.59052,-58.35684,-59.452404,-59.373627,-60.58579
384,True,-30.039177,-31.768085,-37.377552,-33.089195,-25.882446,-33.33072,-36.830837,-23.817043,-26.87398,-40.374046,-43.354134,-45.565536,-45.92015,-44.04914,-39.910065,-42.33745,-46.628014,-47.63778,-51.447266,-53.431396,-53.563725,-54.17932,-57.16884,-57.358124,-56.92109,-57.34645,-57.18772,-57.55783,-57.310165,-60.54283,-60.443455,-60.47392
416,True,-27.098396,-31.914547,-40.635765,-32.24933,-30.690018,-38.5794,-39.09679,-19.94723,-23.17335,-42.463512,-43.596237,-44.049053,-41.311516,-45.581112,-46.07081,-46.95073,-50.22647,-49.977222,-50.652664,-54.15619,-54.721085,-53.563896,-55.43236,-55.964794,-56.343708,-56.859173,-57.251778,-58.19784,-58.305733,-60.924015,-60.539032,-60.23076
448,True,-32.25022,-30.241615,-32.201683,-32.92266,-28.180998,-35.476006,-42.063766,-21.0607,-24.30754,-40.013027,-41.973915,-43.585564,-45.551468,-49.09267,-47.521587,-48.61007,-47.387016,-47.848564,-52.422657,-51.780807,-54.12932,-52.956993,-55.602234,-57.404385,-58.5254,-56.711163,-57.381187,-58.079716,-58.92919,-60.137142,-60.780083,-60.20217
480,True,-30.915815,-31.607555,-35.210537,-33.64856,-26.660898,-33.230137,-40.417404,-22.830631,-26.154354,-38.936615,-41.484802,-43.562363,-48.32643,-47.57208,-44.63902,-47.57656,-49.54425,-48.48168,-51.490685,-53.384823,-53.555695,-53.887024,-58.72451,-57.02772,-56.84266,-59.083027,-58.429565,-58.525654,-60.153664,-59.524902,-59.580902,-62.042374
512,True,-28.38805,-30.572891,-39.152164,-37.827507,-32.099365,-35.479694,-37.315315,-25.408106,-29.465246,-43.81404,-45.300613,-45.096123,-42.86326,-48.588478,-48.60992,-49.78001,-51.34422,-52.042778,-52.077118,-53.266975,-55.68218,-56.26848,-58.72399,-57.98272,-57.92021,-55.496185,-56.168957,-58.618374,-60.09355,-59.424706,-59.375267,-60.78169
544,True,-30.477383,-28.968122,-33.40564,-35.10617,-31.395311,-35.93312,-40.951485,-25.688732,-29.108095,-40.347366,-42.880745,-44.45034,-43.936058,-45.745247,-43.389397,-45.38971,-47.410427,-48.273777,-53.960342,-54.67556,-55.801888,-55.78311,-57.90114,-57.78586,-56.79836,-57.46524,-57.956703,-58.984486,-61.279648,-60.842495,-61.134777,-60.456367
576,True,-30.650753,-28.880157,-34.581463,-32.14965,-26.113235,-32.08178,-38.03863,-21.396263,-24.49544,-40.79645,-46.715694,-45.837082,-42.6919,-47.38812,-39.170868,-41.611763,-49.525394,-52.190536,-52.510284,-56.06785,-56.53428,-53.168793,-59.35236,-58.910034,-56.65307,-57.87865,-58.291855,-57.68934,-59.815895,-57.45235,-60.59414,-60.22537
608,True,-29.737766,-28.616322,-35.73325,-31.671532,-32.237526,-34.132057,-38.442665,-24.244076,-26.32774,-38.453842,-44.31932,-45.860863,-41.016777,-46.77048,-45.120216,-44.455063,-43.72816,-50.591415,-53.99903,-52.132507,-55.699203,-53.181625,-57.998947,-58.123238,-58.7487,-59.077873,-60.040215,-58.07068,-58.962723,-56.445694,-59.404945,-60.376617
640,True,-27.567883,-26.829931,-39.229576,-36.91099,-27.364574,-32.875305,-39.955894,-22.776873,-26.159925,-41.14431,-44.201996,-43.591537,-40.57907,-49.12435,-50.308765,-48.652443,-47.82115,-47.686993,-52.925095,-54.430527,-55.190353,-55.014572,-58.346474,-56.354294,-57.058903,-59.68429,-56.688324,-57.209896,-57.875385,-57.04067,-58.904953,-61.105087
672,True,-30.248192,-28.87163,-34.935192,-33.331024,-26.289732,-33.356937,-41.35654,-22.844547,-26.38237,-40.509575,-42.691063,-43.930035,-40.077446,-47.639877,-50.675415,-47.459305,-43.807316,-44.937992,-51.879555,-53.75937,-54.634438,-55.645065,-58.8292,-57.986813,-56.687733,-56.778072,-58.596577,-59.29033,-58.9607,-57.558502,-58.374866,-60.77672
704,True,-31.839355,-30.048178,-35.777016,-32.193462,-32.673714,-36.1881,-40.152912,-26.916716,-29.403065,-37.92403,-40.169636,-45.429188,-42.588135,-47.944054,-44.65764,-43.923767,-44.212128,-49.784237,-51.80821,-55.660763,-57.549942,-55.078796,-56.43864,-59.819687,-56.885834,-57.359352,-54.977325,-51.908386,-52.168663,-50.968052,-52.84756,-54.727432
736,True,-30.758226,-28.798779,-36.591537,-31.042496,-30.828115,-36.86379,-39.82771,-29.095257,-32.23588,-39.274532,-42.274418,-42.83238,-39.340015,-45.57123,-43.565212,-44.950058,-44.916462,-51.57929,-53.29113,-53.078896,-55.64491,-53.082573,-55.530724,-57.017662,-57.421223,-57.684895,-55.928757,-57.018623,-59.407543,-58.802353,-59.489655,-59.623154
768,True,-27.257101,-26.411743,-36.586823,-32.502594,-27.065317,-33.588184,-37.774937,-26.212528,-29.641893,-38.961998,-41.703068,-41.572575,-40.511,-50.092587,-45.420994,-44.43579,-44.89454,-48.69665,-53.052055,-53.1889,-57.996822,-54.651093,-56.312286,-58.931015,-58.087524,-57.04126,-55.436672,-57.30526,-60.562904,-61.61814,-60.915466,-60.79255
800,True,-29.428045,-26.967243,-35.870766,-35.569378,-32.651993,-38.657326,-44.91397,-24.631739,-27.18425,-36.731503,-39.23721,-43.639606,-41.128365,-50.641808,-46.76864,-44.43989,-43.33893,-51.31366,-52.193634,-52.106133,-56.68602,-54.22975,-59.108692,-57.644028,-56.65538,-58.11357,-57.701675,-58.58663,-61.017937,-63.390297,-61.114906,-60.565685
832,True,-28.399038,-29.099691,-32.764793,-38.765507,-28.8811,-34.917667,-43.410522,-24.875832,-28.16004,-37.98388,-41.25051,-42.12236,-38.978848,-50.113888,-45.289555,-43.990227,-42.398483,-48.741,-52.88637,-56.336334,-52.78087,-53.167953,-55.544926,-58.368378,-57.94298,-58.090134,-57.3628,-59.361935,-59.711567,-58.594074,-57.873055,-59.31299
864,True,-28.95508,-29.566772,-33.87646,-35.63251,-26.962719,-33.793045,-40.20105,-24.177158,-27.695507,-35.604786,-38.8347,-44.273476,-45.79811,-49.625492,-44.322525,-45.832745,-46.730095,-50.403954,-54.39388,-56.118275,-54.907303,-52.199318,-56.84603,-56.879616,-57.867447,-57.14598,-57.24255,-57.66189,-59.80726,-60.15968,-60.03398,-61.828003
896,True,-29.616879,-28.747301,-36.626286,-37.460407,-30.574608,-37.0472,-40.904278,-28.630056,-34.355743,-40.45861,-42.519398,-42.504215,-42.221252,-45.71327,-48.615715,-45.35218,-42.948055,-48.002464,-52.114845,-55.273815,-54.184135,-54.866528,-57.980476,-56.98734,-55.619778,-57.585785,-56.678055,-56.84675,-60.070107,-60.536133,-60.471226,-59.92231
928,True,-30.366926,-29.589516,-34.253677,-38.610275,-29.625042,-36.123234,-43.950768,-26.217194,-30.1272,-36.78353,-38.82289,-40.85717,-42.758793,-47.465103,-41.47526,-43.259563,-45.81181,-48.843517,-50.853878,-55.539112,-53.847244,-53.25247,-58.65979,-57.138374,-57.757683,-57.909073,-58.104424,-57.9374,-59.898182,-59.736885,-59.25114,-59.497375
960,True,-26.79211,-27.136276,-37.585285,-36.54678,-25.188866,-31.406475,-42.237667,-22.861008,-26.48024,-36.83347,-38.495335,-44.241684,-42.979668,-44.441685,-40.891693,-43.5073,-48.15635,-48.606686,-51.753647,-52.61283,-51.98374,-55.191673,-57.496296,-57.785152,-57.87938,-57.60189,-58.244854,-58.069893,-62.09364,-59.052776,-57.808804,-59.786552
992,True,-30.532143,-30.946537,-36.780365,-34.29158,-31.41797,-37.74106,-39.95459,-19.884207,-23.477497,-40.178486,-40.762524,-45.74278,-44.424442,-51.98242,-44.20228,-45.28709,-47.046684,-51.61427,-50.691944,-50.868004,-52.486,-55.762424,-59.05739,-57.667942,-59.165543,-57.27207,-57.710136,-57.304363,-60.949234,-60.44564,-59.646835,-59.32989
1024,True,-32.37968,-29.672417,-33.658092,-34.604794,-28.53285,-34.019142,-40.812756,-22.284992,-24.788485,-36.75383,-39.12822,-46.787918,-45.34503,-47.77498,-43.643456,-46.025116,-49.09313,-48.726963,-52.055397,-52.354618,-53.306004,-56.59493,-58.46453,-57.63328,-57.41444,-56.49111,-58.012535,-56.455276,-59.217064,-61.166683,-60.73072,-59.875076
1056,True,-30.229221,-28.32261,-37.78916,-36.49588,-27.07029,-32.373375,-36.55916,-25.45477,-28.990276,-37.314987,-38.95164,-44.20193,-44.05678,-45.492493,-46.24012,-48.54082,-48.612442,-48.66815,-50.293507,-52.28987,-51.67984,-53.02677,-55.351315,-56.026783,-55.65753,-55.648605,-54.79074,-55.160698,-57.127525,-57.804123,-60.125145,-60.144356
1088,True,-30.828114,-31.502035,-36.15623,-38.388077,-32.495293,-36.837097,-39.70489,-30.393723,-31.791164,-36.623947,-38.370205,-43.351513,-41.744576,-46.53972,-44.853878,-45.472336,-51.529713,-49.7145,-49.08481,-49.321747,-50.740555,-50.983196,-53.651176,-55.789352,-57.6223,-57.034687,-54.54419,-55.28366,-58.804153,-58.05944,-58.12718,-59.419456
1120,True,-31.18977,-30.670301,-35.023186,-39.00644,-25.782099,-32.397552,-41.74241,-23.697495,-26.068226,-36.657047,-37.88666,-41.164455,-40.822037,-46.57021,-39.25167,-41.468433,-48.22384,-50.308907,-49.625744,-51.647564,-54.125957,-53.349937,-54.21945,-54.30998,-54.72736,-55.809383,-55.004383,-56.73681,-60.113434,-59.356464,-59.688362,-59.266327
1152,True,-29.429852,-29.671188,-33.58371,-35.296402,-25.738867,-33.633396,-46.298347,-28.242428,-31.029476,-36.477226,-38.088257,-43.045433,-42.94494,-46.972427,-42.54638,-45.34569,-50.475586,-50.014107,-50.4265,-51.782845,-54.0653,-53.034576,-57.0579,-55.041046,-55.16487,-56.767498,-56.53665,-57.954185,-59.370747,-58.33265,-58.145897,-58.785965
1184,True,-28.222885,-30.91347,-33.9378,-34.297554,-35.506763,-37.976357,-40.174072,-26.72013,-30.500517,-35.308357,-37.5418,-41.91183,-38.908035,-45.78205,-40.97859,-42.635704,-47.445255,-45.203255,-52.96917,-54.022606,-51.61512,-50.89376,-54.50485,-55.997246,-56.260868,-57.49216,-56.13716,-56.83279,-57.404972,-58.777695,-60.754887,-60.444492
1216,True,-29.583216,-29.115536,-33.9618,-35.51145,-28.992102,-34.88195,-39.33012,-17.510414,-20.875788,-38.056778,-40.201515,-43.508945,-40.486473,-49.94982,-43.51288,-46.543625,-48.53553,-48.54837,-52.7892,-52.743706,-52.143955,-50.352562,-53.678406,-58.28732,-57.16387,-58.003307,-57.260292,-57.489048,-60.146564,-58.05592,-58.80419,-59.878178
1248,True,-33.21989,-33.826233,-37.031044,-36.00765,-30.106953,-36.854618,-40.32517,-18.55194,-22.013733,-36.79673,-39.036995,-43.27539,-40.484394,-48.759476,-44.282875,-44.64111,-46.42328,-48.98452,-53.694565,-52.579273,-53.909687,-51.972237,-55.8013,-57.314674,-58.235306,-57.717445,-56.918236,-56.56491,-58.62352,-60.285072,-61.54205,-59.80984
1280,True,-27.601719,-32.65561,-36.140068,-35.91262,-35.091812,-40.358505,-40.45351,-26.816475,-28.093748,-37.807606,-40.850468,-45.363087,-44.32942,-49.41298,-40.49807,-43.71731,-50.038864,-47.065002,-51.44966,-52.50802,-54.415718,-53.538113,-56.163235,-56.69786,-56.152897,-57.11051,-55.359287,-58.529205,-60.479282,-61.299015,-59.95459,-60.413628
1312,True,-28.606417,-27.75358,-34.993828,-36.49266,-26.278526,-33.507915,-41.755455,-23.826649,-26.723526,-33.972317,-37.5079,-43.759304,-40.431503,-46.896305,-47.70525,-49.528103,-51.08522,-49.131676,-51.994633,-52.22197,-51.8023,-52.749744,-55.8968,-57.01126,-57.089745,-57.42111,-56.96079,-57.00534,-59.874783,-59.986908,-59.68283,-59.405655
1344,True,-30.093674,-29.715084,-32.8749,-35.499516,-28.772161,-34.53464,-40.75408,-19.763454,-22.951775,-36.60649,-38.34123,-43.98294,-41.84395,-49.52095,-44.812626,-46.950287,-48.095203,-46.96859,-52.336014,-52.034782,-55.492443,-53.243538,-56.44013,-54.422855,-57.189972,-58.01188,-57.58023,-58.38331,-59.309174,-59.512894,-60.536293,-60.584217
1376,True,-28.283407,-33.017647,-36.95715,-38.148186,-33.04228,-34.77426,-38.86822,-19.617273,-22.295147,-37.18137,-39.380802,-44.407806,-41.923386,-46.215244,-46.650894,-48.611797,-49.483944,-51.88231,-52.541065,-51.934395,-55.914795,-54.78725,-58.420815,-59.57033,-58.779495,-57.289448,-57.47666,-59.84655,-59.938145,-60.11457,-59.50711,-60.530453
1408,True,-28.009901,-30.271816,-31.94356,-34.621082,-28.328783,-33.735737,-39.29641,-23.792862,-26.403637,-36.450268,-38.294735,-41.122902,-38.128304,-45.77925,-47.51786,-49.652107,-50.74341,-52.31241,-52.303104,-52.647118,-54.75504,-52.86253,-58.91605,-57.67048,-58.7902,-58.494118,-57.451843,-58.812508,-61.465942,-60.87185,-59.208,-59.863014
1440,True,-26.6934,-26.745724,-34.62183,-32.613914,-31.69914,-35.47051,-40.367836,-28.37968,-33.51377,-36.91852,-38.240753,-46.5058,-43.29494,-47.52994,-45.091637,-49.0477,-50.388737,-54.46932,-56.034527,-52.52199,-57.489655,-58.129242,-59.31859,-58.39203,-58.957275,-58.446297,-57.70307,-58.88244,-62.444954,-60.339222,-58.61835,-58.802704
1472,True,-28.337276,-29.060743,-34.261723,-33.909508,-29.893867,-35.063274,-39.053963,-21.303288,-24.319345,-37.9402,-40.94005,-42.2158,-41.270542,-50.859566,-44.02529,-46.14995,-51.07451,-51.772305,-52.81109,-53.87178,-54.482857,-55.65552,-55.60467,-57.019024,-60.24743,-58.225266,-58.019985,-59.5974,-61.149574,-61.102848,-59.810024,-58.604523
1504,True,-31.268696,-30.455645,-31.344627,-34.125374,-27.603115,-34.644493,-40.690998,-19.162619,-21.65674,-34.55505,-37.83411,-44.912903,-42.210907,-45.595352,-43.699867,-48.080643,-48.46062,-47.312027,-52.920975,-52.746918,-54.334663,-54.547825,-56.851444,-55.006924,-56.06907,-58.321117,-55.922684,-55.287537,-59.62047,-61.93518,-60.498295,-60.12577
1536,True,-29.96195,-29.105278,-31.656116,-34.206745,-35.22445,-38.92919,-39.89682,-20.117603,-22.43448,-37.467552,-39.686344,-42.303562,-41.400917,-45.37033,-43.364754,-46.125664,-48.74624,-49.699253,-52.707233,-51.760933,-57.4206,-56.068367,-57.22345,-56.718082,-56.592117,-56.08184,-57.866283,-58.45676,-59.858097,-60.23889,-59.580185,-58.214077
1568,True,-28.884317,-27.126047,-33.326828,-38.091152,-28.420698,-34.331173,-40.570717,-23.01955,-26.668055,-35.18302,-37.44116,-44.872414,-44.398502,-48.85042,-43.75898,-45.00742,-45.678925,-44.769035,-48.056366,-54.352833,-52.852272,-55.20313,-59.04322,-58.783287,-57.428608,-57.369698,-58.548584,-59.5651,-59.977936,-60.378586,-59.580727,-60.539135
1600,True,-29.01728,-26.61627,-33.439117,-39.258682,-27.92558,-34.571518,-37.785088,-24.208223,-27.73116,-37.072536,-39.702934,-43.06107,-43.83215,-45.294235,-40.353428,-42.165356,-44.5196,-50.893826,-50.33029,-55.13275,-54.889854,-55.84224,-56.293602,-58.817116,-58.004272,-58.282196,-59.757874,-57.831673,-59.329063,-61.745934,-61.4468,-60.20439
1632,True,-26.525764,-26.862986,-34.55842,-36.553932,-31.233635,-35.574017,-38.559036,-23.25035,-27.472536,-37.644238,-40.11428,-43.2463,-43.657303,-47.270832,-47.66813,-46.782135,-45.400414,-50.67871,-52.094643,-53.792923,-54.133957,-54.416344,-56.44148,-55.855186,-56.222935,-57.869087,-58.27678,-60.176373,-61.235577,-60.744396,-60.822304,-60.520653
1664,True,-31.481377,-29.432785,-33.21701,-33.52991,-28.986628,-34.88485,-40.429134,-24.51596,-28.044264,-34.7117,-38.731953,-44.527985,-40.99436,-40.074448,-47.15504,-47.561703,-44.3696,-48.865463,-53.10177,-54.208855,-54.294697,-55.484444,-59.1717,-56.528503,-55.48454,-56.628624,-59.292435,-59.30897,-59.288986,-61.088318,-60.039085,-58.820824
1696,True,-28.936174,-30.168507,-35.787735,-35.762325,-26.695171,-33.10533,-43.38542,-24.145031,-27.603205,-38.187458,-40.961956,-44.65462,-42.877316,-45.0054,-45.62635,-45.84191,-45.692528,-51.79062,-53.2338,-54.40912,-57.572777,-54.84522,-56.96445,-57.75621,-58.850365,-59.3144,-57.95923,-58.21826,-59.95246,-62.938786,-61.11778,-58.929523
1728,True,-31.716434,-29.437906,-34.51409,-36.057373,-34.909958,-36.15604,-39.485706,-33.08877,-36.12145,-36.212803,-39.471466,-44.551205,-41.558147,-44.247643,-41.289474,-43.389366,-47.139183,-49.582985,-50.866867,-51.898037,-53.367153,-52.774307,-54.42359,-55.97014,-55.70518,-55.218376,-54.488792,-53.88951,-56.87233,-61.454292,-59.684605,-59.89807
1760,True,-29.705324,-28.507202,-31.920513,-31.9841,-26.769419,-33.590416,-38.40214,-27.19088,-29.99702,-37.126774,-39.28017,-45.925095,-43.290745,-42.873363,-48.5455,-49.054543,-46.695427,-47.686592,-51.605858,-53.611774,-54.705624,-54.36989,-54.784912,-55.486824,-56.99184,-55.6926,-56.32569,-55.8921,-57.194473,-58.347122,-58.725952,-59.353096
1792,True,-26.261415,-24.754082,-33.596382,-34.066685,-27.676077,-34.800957,-41.37011,-27.615587,-31.442015,-37.620083,-39.517097,-43.1472,-40.198135,-41.223923,-45.929104,-46.959187,-47.827473,-48.840584,-52.02121,-53.96753,-53.30005,-54.80401,-59.565063,-56.887894,-55.77414,-57.407394,-59.314972,-60.169228,-60.062737,-60.747955,-60.045795,-59.674683
1824,True,-28.967573,-28.67505,-33.696793,-34.507782,-34.44284,-37.462032,-38.7059,-22.673462,-25.504751,-36.981316,-39.034725,-43.071823,-39.5432,-44.674995,-42.412926,-42.843433,-44.7563,-49.631104,-52.51068,-54.730587,-54.9467,-56.506252,-56.391647,-58.455666,-58.566277,-57.197716,-57.165737,-60.910454,-59.817787,-60.654762,-59.975933,-58.73079
1856,True,-26.487694,-24.9582,-35.628304,-33.105312,-29.012575,-34.902412,-40.39341,-25.584023,-28.169422,-38.22794,-39.95878,-41.455826,-40.04741,-47.235622,-40.880554,-42.573334,-44.88073,-47.852013,-50.04174,-52.546673,-54.89759,-53.072094,-57.471344,-58.57817,-57.42336,-55.855812,-56.10148,-57.2884,-58.903954,-58.519844,-58.55252,-59.479393
1888,True,-28.504335,-31.553192,-33.18522,-35.005005,-29.563747,-35.79387,-40.14475,-27.847977,-29.908678,-38.63869,-40.847317,-41.764374,-40.134415,-42.945953,-44.47998,-44.37278,-43.06312,-49.500473,-50.96427,-52.575386,-51.26436,-52.289738,-55.4106,-55.663963,-56.46189,-56.837692,-54.998287,-55.035816,-56.532574,-57.922905,-57.847042,-58.727783
1920,True,-29.015882,-29.34161,-34.964096,-33.475685,-30.008047,-35.56539,-40.217037,-28.579865,-31.9031,-35.808147,-39.637577,-43.396446,-41.838184,-46.087605,-43.00756,-46.425354,-46.25888,-47.273567,-54.324066,-52.372433,-50.804478,-52.10118,-54.20877,-55.65796,-53.78578,-53.610924,-54.144806,-56.618614,-55.606457,-60.04318,-59.930786,-59.41734
1952,True,-26.410225,-29.121618,-37.953754,-30.547064,-25.277126,-32.44569,-39.94574,-23.725636,-27.603167,-38.717617,-40.16356,-42.981087,-40.644997,-47.85251,-42.229095,-43.496014,-46.52605,-46.19613,-49.96482,-50.122223,-52.889446,-53.917915,-57.390667,-55.234264,-53.25831,-54.968056,-55.349155,-57.061623,-58.281044,-61.275402,-59.67035,-60.09976
1984,True,-28.167679,-34.248127,-36.75163,-30.03646,-28.672388,-36.316555,-39.091946,-18.539057,-22.822025,-36.974445,-39.806084,-41.82102,-39.293907,-45.237995,-43.39988,-45.476448,-49.112892,-46.58584,-52.21687,-52.84297,-53.246914,-52.7161,-55.4471,-55.927544,-55.36561,-55.75352,-56.951088,-58.37439,-57.863823,-60.15398,-60.32022,-60.93135
2016,True,-25.589855,-27.193878,-33.415016,-32.161186,-34.1054,-39.123695,-40.693527,-20.099009,-23.112976,-41.479446,-42.324974,-43.43681,-40.789352,-42.89076,-41.830467,-44.301514,-48.56994,-49.135612,-52.522232,-54.48497,-53.646652,-53.202316,-56.53115,-57.184113,-55.583443,-57.834175,-57.566048,-58.2172,-59.93025,-59.794445,-59.75563,-58.207123
2048,True,-31.524065,-32.821667,-36.26461,-33.794376,-28.42564,-35.17727,-40.542313,-26.612423,-30.101456,-36.607788,-40.120815,-44.277958,-43.5515,-45.741802,-44.885784,-47.37206,-49.226303,-50.93347,-52.61871,-52.787254,-53.98605,-55.511322,-57.94432,-56.1573,-57.06631,-58.986744,-56.91597,-57.52024,-58.721165,-61.06089,-59.743748,-60.03292
2080,True,-33.45784,-34.3237,-36.217697,-29.905987,-34.512474,-36.957188,-41.567234,-29.988033,-32.08988,-38.9678,-42.58338,-40.82102,-40.785847,-44.870605,-45.668076,-48.325462,-52.61531,-52.440968,-55.93715,-55.30808,-52.699947,-53.579773,-57.75962,-58.057167,-57.08301,-58.659134,-56.9881,-59.070984,-60.077934,-60.832382,-58.956562,-58.30452
2112,True,-29.937555,-27.19004,-37.49753,-35.10624,-33.83558,-38.748688,-42.80991,-25.450441,-28.007431,-41.162857,-44.392544,-40.78055,-40.112053,-47.628586,-43.5535,-46.67622,-49.99329,-50.240856,-54.617676,-54.47958,-52.91063,-51.90552,-57.004944,-56.946472,-57.664948,-57.735973,-56.698936,-57.589767,-60.59687,-60.468758,-57.51026,-58.737686
2144,True,-26.94458,-28.240028,-35.475353,-33.25184,-27.891615,-34.274643,-41.261314,-25.837782,-29.051064,-39.3045,-39.68163,-42.156967,-43.53439,-44.980732,-47.473213,-48.454243,-47.308945,-50.415504,-54.156708,-53.422737,-54.91184,-54.708107,-59.279083,-56.113724,-56.987232,-56.71625,-56.80065,-58.079533,-59.983288,-61.086086,-58.799095,-58.373905
2176,True,-27.824234,-30.019012,-33.714317,-35.24623,-29.752558,-35.939148,-43.32231,-38.59306,-39.0241,-38.12989,-40.19751,-44.161476,-42.014908,-45.141624,-48.02713,-48.772884,-49.23653,-50.465084,-52.8031,-53.726574,-55.42096,-54.856323,-57.204285,-58.52137,-57.184387,-57.77175,-56.773804,-58.251057,-60.030994,-60.9955,-59.614025,-59.068535
2208,True,-26.828365,-31.762012,-35.240417,-32.656048,-34.05834,-38.146816,-40.937737,-27.895088,-31.457676,-39.06323,-41.610874,-43.01596,-43.08709,-45.944496,-45.185516,-47.462887,-49.556732,-49.92215,-54.161385,-54.805344,-54.019398,-56.305145,-60.893883,-60.599907,-59.85262,-58.85553,-57.93263,-59.11951,-60.71529,-59.98893,-59.27207,-59.181408
2240,True,-25.78946,-33.46635,-35.423775,-30.142233,-29.096758,-34.9202,-44.25055,-27.1556,-32.597073,-41.932255,-44.609585,-44.87955,-44.019375,-47.459225,-45.34102,-45.82139,-51.23694,-50.75805,-55.268818,-55.210953,-56.13939,-58.27974,-58.88914,-58.48453,-56.764503,-58.0123,-58.46009,-57.594185,-57.962452,-59.438168,-59.494175,-60.36129
2272,True,-31.013252,-33.16613,-32.94789,-32.19151,-33.64678,-36.67592,-37.281326,-31.563747,-34.252983,-39.878998,-41.723515,-40.526386,-40.43137,-48.339607,-45.32811,-46.050262,-50.499695,-51.163544,-52.325356,-57.471466,-55.536057,-55.470757,-55.043644,-58.44216,-57.865482,-57.78785,-55.349117,-56.623306,-58.61232,-61.183357,-59.48913,-58.231377
2304,True,-30.050247,-30.105965,-34.138344,-36.837227,-27.020134,-33.40001,-41.44949,-29.42507,-34.252438,-40.09246,-41.576324,-42.462788,-42.37883,-46.736282,-46.61163,-47.588497,-48.415855,-46.82323,-51.170723,-51.573124,-54.589737,-52.441296,-55.947655,-58.694958,-58.383545,-57.871227,-55.64321,-57.18025,-59.560738,-61.863476,-60.976257,-59.864277
2336,True,-26.562,-31.024971,-35.21991,-34.78595,-26.858976,-34.505493,-42.878532,-32.41937,-34.792107,-41.5658,-43.003067,-41.67768,-40.206738,-45.63922,-47.89633,-50.96071,-50.501305,-48.8118,-54.21042,-53.981216,-54.99015,-51.05517,-58.418163,-59.16334,-57.72354,-57.7956,-57.151405,-58.387604,-59.25545,-59.753,-58.04709,-60.61056
2368,True,-27.593966,-30.767548,-34.375546,-41.657684,-33.95927,-35.448532,-40.762238,-31.898737,-32.5795,-40.907425,-41.698532,-41.006073,-39.558453,-46.693645,-46.608242,-46.98989,-47.28725,-48.29201,-53.261475,-52.782764,-54.577156,-53.870407,-57.452168,-58.266098,-58.39942,-58.883823,-56.987057,-58.666824,-60.141315,-59.71885,-58.242588,-60.208797
2400,True,-26.222073,-30.956078,-34.501274,-36.59494,-28.033886,-33.39721,-40.222427,-23.644438,-26.539371,-39.769966,-43.57824,-44.141006,-42.5729,-48.789597,-44.28576,-46.92951,-49.549187,-46.88996,-53.56523,-54.196247,-59.028908,-58.546562,-59.76602,-58.046383,-58.57163,-57.1678,-56.70421,-59.992126,-60.317047,-62.735786,-61.02247,-61.447086
2432,True,-27.412064,-30.346067,-37.33406,-33.343918,-29.796555,-36.51852,-43.705536,-23.517395,-26.54797,-35.204742,-38.29709,-42.951412,-39.1486,-48.08761,-50.877785,-51.082043,-48.351635,-46.37318,-52.73916,-54.79713,-56.303955,-54.460102,-56.36644,-57.75036,-59.12945,-58.424004,-57.14604,-60.684734,-60.434647,-60.78508,-61.07147,-61.675186
2464,True,-28.105373,-29.416143,-37.16717,-34.295097,-36.1691,-40.776638,-38.011795,-24.103682,-27.89732,-37.71049,-39.651855,-45.05468,-41.110004,-48.732605,-46.807632,-47.69537,-50.986446,-51.87841,-54.928696,-53.01371,-53.43166,-53.52232,-56.941837,-56.97242,-57.95204,-57.995087,-59.824715,-61.250237,-59.76822,-60.438232,-60.629505,-60.867764
2496,True,-30.172142,-33.788425,-34.95454,-34.043858,-29.811209,-35.69543,-41.090973,-30.091862,-33.650402,-38.886654,-40.911808,-43.824085,-42.575478,-47.74775,-47.708588,-49.370438,-50.583424,-51.334194,-54.718777,-52.389355,-54.652504,-55.689697,-57.478897,-56.340073,-56.567417,-57.55291,-58.357758,-58.21473,-58.400208,-60.032917,-60.784588,-60.563297
2528,True,-29.32019,-29.869059,-35.800602,-34.55738,-32.451275,-39.45889,-37.957718,-27.756681,-33.242924,-39.93634,-41.198196,-44.311195,-42.28727,-46.11855,-48.191486,-47.885513,-50.678062,-53.11235,-52.57029,-53.364723,-53.233852,-54.321156,-56.410316,-58.02872,-59.113716,-58.14586,-57.34055,-58.15925,-59.44532,-60.939556,-60.374733,-59.760586
2560,True,-30.258217,-29.903,-34.89115,-37.860977,-31.080994,-36.574677,-40.80196,-31.529396,-36.91215,-40.59017,-42.13875,-48.222828,-46.192345,-46.88154,-45.06605,-48.55355,-50.248875,-50.099945,-53.497864,-55.894657,-53.665,-54.549786,-56.524323,-58.26831,-58.800934,-57.298424,-57.122063,-57.66535,-60.446323,-60.572266,-59.689117,-61.152824
2592,True,-29.260063,-29.657345,-33.86574,-36.59346,-31.646622,-39.56108,-44.283863,-32.92911,-32.60968,-38.41572,-42.25315,-43.736206,-41.026146,-47.366302,-44.010967,-45.652824,-47.31998,-54.117523,-54.80655,-55.75277,-55.757973,-56.681953,-58.98594,-59.64613,-57.38872,-56.161484,-57.185028,-58.409725,-58.828156,-58.952415,-59.499664,-60.4287
2624,True,-29.54522,-30.76455,-34.715816,-34.48369,-31.985691,-37.72875,-41.29252,-28.926083,-32.162495,-39.551743,-43.478615,-43.956833,-43.598427,-48.12677,-46.369774,-46.018906,-44.03782,-51.43517,-52.117996,-52.216206,-56.68618,-56.21058,-56.735386,-58.033478,-57.500084,-56.435402,-57.383266,-58.92852,-60.337482,-58.9307,-59.427105,-61.549652
2656,True,-29.878017,-33.61793,-36.82022,-37.316605,-39.311234,-40.51944,-38.750034,-34.91729,-36.881393,-38.254425,-42.542465,-42.10373,-41.353268,-46.89435,-46.32495,-48.438778,-49.72605,-49.096603,-53.96985,-52.958492,-54.645496,-54.189842,-57.485626,-57.3316,-55.289272,-58.54952,-56.863438,-56.885918,-60.40542,-58.094734,-59.240993,-58.98619
2688,True,-28.814238,-28.916306,-34.62799,-35.15709,-30.788925,-36.42108,-41.254444,-33.70321,-35.32088,-39.69863,-41.483154,-46.35534,-44.309444,-42.48917,-43.491688,-48.001293,-48.287407,-51.70187,-56.69022,-53.325813,-53.585545,-52.90222,-57.004047,-56.584164,-56.59004,-55.736717,-56.744007,-58.06452,-59.18678,-57.753265,-58.70296,-59.530693
2720,True,-29.599382,-28.700838,-32.88213,-30.592323,-33.866684,-38.27384,-40.544304,-33.945976,-36.389404,-41.0869,-45.034615,-45.392433,-44.624413,-46.635975,-46.100075,-49.050102,-49.585934,-54.283714,-54.014763,-53.61887,-53.896835,-52.98103,-57.862392,-59.14531,-56.744267,-58.333923,-57.416492,-59.830414,-59.45858,-58.950024,-58.95287,-60.363064
2752,True,-27.06127,-28.416025,-34.345512,-35.922787,-31.194517,-36.209072,-41.07036,-32.2878,-31.89025,-39.06838,-43.343246,-40.900337,-41.92808,-49.422783,-44.219208,-44.749435,-44.66079,-51.391068,-53.671535,-55.64231,-53.272495,-54.280403,-54.847874,-55.114265,-56.356236,-57.586,-58.229313,-58.537605,-59.129745,-58.592564,-58.34175,-60.746914
2784,True,-29.249744,-28.72487,-35.051895,-39.177334,-26.09388,-32.285824,-41.282345,-24.398067,-27.870539,-38.483734,-41.77673,-44.704956,-45.4868,-47.303413,-41.09651,-42.456852,-41.711803,-50.398384,-50.434395,-54.434273,-50.07305,-55.027786,-55.778217,-57.152557,-56.793266,-57.022266,-55.97174,-56.461998,-59.156944,-58.498802,-58.5479,-58.819267
2816,True,-26.468733,-31.105576,-33.3781,-31.468332,-27.837183,-33.642097,-40.779877,-21.136324,-24.217754,-39.173027,-44.615997,-43.776646,-40.844383,-46.905098,-44.15065,-45.044975,-43.959267,-49.483036,-52.046738,-52.254463,-52.98606,-52.832817,-55.916534,-56.058086,-56.075928,-56.79945,-56.72623,-57.490616,-59.519882,-59.946484,-60.490192,-59.24522
2848,True,-26.48783,-29.307783,-38.578487,-36.614502,-32.12025,-37.6228,-40.242325,-18.595217,-22.16093,-37.125122,-42.531246,-42.140076,-41.370426,-46.571255,-44.627335,-46.08643,-44.40087,-47.80289,-52.054523,-54.10911,-50.54669,-53.651993,-56.323986,-55.956036,-56.560547,-57.434917,-55.7824,-58.67621,-60.33426,-60.2044,-59.598152,-59.98196
2880,True,-28.625937,-26.592588,-34.379425,-32.33446,-28.42096,-34.964207,-41.303097,-18.983648,-22.006927,-41.533146,-43.95109,-44.62551,-44.939957,-46.1773,-46.860268,-44.914494,-43.377155,-49.69438,-50.65886,-50.70713,-51.308533,-53.78955,-55.397446,-56.835884,-56.806038,-55.2932,-54.711174,-55.224846,-56.118206,-57.936596,-58.72501,-59.917366
2912,True,-27.008837,-28.726377,-34.99747,-32.15165,-34.19595,-35.68721,-41.790165,-26.786844,-28.997162,-35.745975,-40.435337,-41.53827,-40.012077,-46.210403,-45.01946,-47.06463,-46.93891,-49.228676,-50.951073,-51.98029,-52.166172,-54.424744,-55.01837,-52.80974,-55.02319,-55.12805,-54.1715,-55.18174,-56.94109,-59.045788,-57.843307,-59.73768
2944,True,-30.250698,-29.64164,-35.262447,-32.70436,-31.080114,-35.58438,-40.058247,-27.287855,-31.061153,-40.584415,-45.13347,-45.890373,-43.853718,-47.828217,-43.805077,-44.84262,-45.73675,-49.77106,-52.098614,-51.255413,-51.724934,-52.695435,-56.001747,-56.61174,-55.721634,-57.0962,-54.47813,-57.11176,-57.50976,-59.732216,-57.606144,-58.385185
2976,True,-30.240095,-27.798937,-33.00179,-37.555275,-27.465538,-32.91926,-40.00898,-27.674246,-29.931261,-38.29444,-42.79888,-40.248104,-38.717888,-46.152153,-40.217827,-42.12876,-45.07523,-49.65176,-51.767014,-53.972515,-52.280617,-51.007656,-56.299324,-56.037464,-55.56158,-57.46306,-56.669044,-56.536095,-58.729282,-60.023895,-57.400993,-59.26168
3008,True,-25.17276,-31.953821,-34.35561,-33.031555,-32.490982,-38.49544,-39.947292,-28.535845,-33.871128,-40.394306,-43.44947,-41.85161,-40.432987,-45.739548,-41.83139,-44.48263,-45.84713,-51.18934,-52.798923,-53.25766,-54.675793,-52.769623,-55.159134,-56.522957,-56.39629,-58.325237,-58.600098,-57.449326,-59.93582,-60.133003,-57.922646,-61.06237
3040,True,-27.561676,-26.733093,-39.023117,-37.995266,-35.155064,-35.982372,-40.21878,-24.944813,-28.64645,-39.950497,-43.091812,-42.404778,-42.087063,-48.24006,-46.12229,-48.387928,-45.78801,-49.428085,-51.98619,-51.251717,-54.293793,-54.90027,-55.719074,-55.940838,-56.588135,-58.311317,-57.107258,-57.32525,-58.776764,-59.413242,-58.212986,-59.811993
3072,True,-29.8351,-30.299793,-33.4695,-36.105774,-31.621868,-34.955715,-39.163086,-23.609737,-27.483025,-41.385952,-45.2695,-43.077198,-41.72889,-46.68037,-46.049156,-45.30516,-43.403824,-47.4367,-53.09001,-54.98434,-51.75103,-53.79104,-57.730705,-58.241306,-57.00819,-57.363377,-56.64574,-58.784035,-59.24073,-59.896393,-59.434357,-60.067726
3104,True,-31.593836,-30.791054,-31.05628,-32.98085,-36.05225,-37.371708,-41.360645,-23.642334,-27.848309,-37.527695,-40.431236,-42.62771,-42.468063,-44.2695,-43.206795,-48.080173,-48.53624,-50.34412,-53.419296,-53.67347,-54.765648,-51.81293,-56.628475,-58.795017,-59.393993,-58.456287,-57.735382,-59.750793,-58.927467,-60.27595,-61.48901,-60.983448
3136,True,-25.7424,-27.736885,-31.683552,-36.40202,-30.648796,-34.74271,-39.273067,-20.989838,-25.155802,-40.75998,-42.3211,-43.941936,-41.67499,-47.93859,-46.00804,-45.497856,-46.229713,-47.561764,-53.750847,-53.53319,-54.013565,-53.405464,-58.98407,-56.705708,-59.480247,-58.187756,-57.7574,-59.267326,-58.727386,-61.459385,-60.064083,-60.754997
3168,True,-29.162182,-34.275948,-32.871025,-36.528217,-29.278008,-33.505478,-39.42409,-26.91911,-29.49216,-38.467678,-40.852196,-43.692024,-43.99055,-45.11933,-43.71943,-45.773464,-45.442116,-48.122578,-51.876778,-52.47766,-51.212914,-53.08069,-57.472378,-57.47379,-59.233368,-56.028934,-56.525097,-56.77807,-57.26596,-60.2435,-60.173298,-61.441616
3200,True,-27.397804,-31.165087,-32.6707,-35.61494,-34.980057,-34.36872,-38.068764,-29.920416,-32.913383,-37.873844,-41.83999,-46.18157,-44.32896,-46.918606,-45.885204,-44.042316,-41.657394,-46.582035,-49.070084,-55.493492,-55.613884,-53.73626,-54.711796,-56.974186,-58.609737,-56.289864,-57.371643,-57.996124,-58.160767,-59.913696,-60.242428,-61.815685
3232,True,-30.41813,-29.687828,-34.63613,-34.371964,-26.690086,-31.86296,-41.023285,-33.064835,-34.312313,-36.449398,-40.14891,-46.858994,-45.97241,-48.216614,-41.917442,-43.366875,-43.454292,-46.37152,-48.852726,-50.86966,-53.224915,-53.37839,-55.13004,-56.778732,-56.21688,-56.39823,-55.36047,-58.638428,-59.65401,-59.44481,-59.37643,-60.486023
3264,True,-27.378176,-31.337088,-36.290794,-31.899817,-26.64724,-32.457882,-39.83993,-32.00307,-35.162327,-38.26029,-39.468933,-43.3671,-41.503624,-45.603638,-43.838226,-44.722523,-43.042526,-49.144455,-52.13695,-54.322838,-53.150856,-53.177124,-56.303566,-57.329487,-58.45139,-56.881744,-58.08491,-57.79938,-57.563095,-58.87087,-58.15304,-59.911636
3296,True,-30.34321,-29.792973,-33.262672,-37.547955,-30.527012,-33.5828,-36.67433,-25.633717,-29.399984,-38.509678,-42.325703,-44.348793,-41.14119,-43.31637,-46.682262,-47.362232,-47.719807,-50.280663,-51.851067,-53.892807,-54.314804,-53.370914,-57.184784,-57.281017,-57.591652,-55.98129,-57.459393,-59.28472,-59.560303,-60.498978,-61.820038,-62.171944
3328,True,-27.749376,-29.205217,-35.077667,-34.204933,-28.459145,-33.280468,-38.916298,-20.559452,-24.373281,-41.25184,-43.02168,-44.300915,-41.2304,-45.96949,-42.67237,-43.891026,-44.0527,-46.651722,-53.68702,-55.113235,-56.19122,-54.50099,-57.042347,-57.077698,-57.175484,-59.202446,-58.520817,-59.158134,-58.33889,-60.383835,-60.769844,-61.25094
3360,True,-26.629255,-29.41553,-33.900436,-36.21096,-30.708126,-36.31415,-40.29567,-19.55157,-23.033115,-38.06081,-42.549423,-43.314594,-41.319084,-47.08831,-42.32579,-43.773037,-47.599457,-48.191074,-52.42027,-55.250095,-53.072075,-53.60319,-56.840233,-55.95282,-56.56378,-56.915848,-58.858017,-59.447952,-58.3625,-60.256264,-61.137245,-60.395702
3392,True,-28.365953,-30.883053,-33.793808,-34.140537,-34.018253,-39.360622,-41.531826,-23.126287,-26.196878,-42.27826,-43.167175,-41.239048,-41.921417,-48.22874,-44.13948,-47.16073,-50.849117,-51.662174,-56.310585,-54.499855,-54.30635,-53.62884,-56.069992,-57.01109,-57.559544,-56.7555,-56.51348,-59.46604,-59.053364,-60.785088,-61.181564,-61.656475
3424,True,-25.234478,-33.7474,-33.77822,-32.57138,-27.178913,-33.49366,-43.38153,-26.022663,-29.764908,-39.228935,-42.390778,-43.04612,-40.54958,-47.69329,-48.46573,-46.505505,-46.257576,-52.56926,-53.073963,-51.90782,-51.011787,-53.064304,-56.12274,-56.40821,-57.23532,-57.37186,-57.23505,-56.617035,-59.813087,-60.860283,-60.19214,-61.072044
3456,True,-27.402393,-28.05277,-37.413364,-36.105713,-27.906826,-34.39265,-40.090538,-29.624079,-32.75999,-39.342216,-43.41926,-43.72661,-43.21747,-50.6111,-44.063652,-46.862022,-51.221367,-53.334274,-53.60023,-55.421265,-54.74977,-54.016273,-57.352226,-56.552757,-57.847904,-58.81313,-58.117428,-59.3253,-59.71476,-58.98077,-60.39461,-60.56297
3488,True,-31.138313,-30.54453,-36.053337,-31.504246,-33.56949,-35.716198,-37.834476,-28.345182,-30.553001,-37.510406,-41.040424,-41.81359,-38.515297,-44.096035,-45.80486,-46.094315,-45.456673,-51.031662,-52.14618,-51.858185,-56.577156,-55.036247,-57.630554,-56.220177,-58.632835,-56.83455,-56.397408,-58.4768,-59.804195,-59.79481,-59.22393,-59.668213
3520,True,-29.22358,-30.7341,-33.517998,-29.59024,-30.686075,-35.255775,-38.424744,-26.127022,-30.026173,-38.647263,-41.447147,-40.810158,-40.270874,-46.713287,-45.764294,-44.934765,-44.12136,-51.810184,-52.924294,-53.810543,-53.02877,-56.216297,-57.696995,-58.012093,-58.45606,-60.09793,-58.43332,-59.13851,-60.263653,-60.927006,-59.3263,-60.728096
3552,True,-29.642101,-28.812826,-32.616993,-33.532887,-31.27888,-34.320587,-36.00899,-23.127213,-27.495361,-39.3807,-44.29551,-43.284435,-43.817825,-42.463066,-41.050804,-42.4074,-43.34341,-52.528633,-53.235935,-53.27157,-53.5845,-54.918365,-57.535797,-57.19256,-58.115868,-56.391266,-57.085804,-56.75522,-58.615383,-59.663177,-58.903202,-59.193565
3584,True,-30.920504,-31.87073,-34.57493,-37.759853,-32.569233,-32.307228,-36.73815,-22.589222,-27.152649,-36.419315,-43.780106,-45.376667,-42.572464,-46.61534,-42.05066,-43.723522,-44.867878,-49.54809,-55.47213,-54.935043,-54.510742,-55.448006,-58.506603,-58.253654,-56.237755,-56.27573,-56.682854,-58.71037,-57.266293,-59.983757,-60.349792,-60.25142
3616,True,-29.723663,-28.35063,-31.770008,-36.45453,-26.187027,-31.800135,-39.77696,-29.097763,-33.029587,-43.43201,-46.90052,-43.23769,-39.72577,-43.42923,-44.156834,-45.35999,-46.430557,-50.532204,-52.169575,-51.74606,-52.82534,-52.664894,-56.088844,-56.803745,-57.11493,-55.94818,-56.302925,-58.071274,-59.543034,-61.299454,-59.412304,-59.900547
3648,True,-30.24039,-29.256327,-35.471695,-38.79526,-26.406145,-31.826818,-38.30864,-32.31852,-35.002926,-39.568645,-39.92333,-46.54726,-42.42318,-44.02472,-44.64177,-43.100983,-41.854485,-52.018143,-53.319313,-54.206432,-54.545822,-55.67993,-55.84337,-57.137585,-57.645935,-58.152485,-57.171326,-56.905586,-57.52953,-60.863384,-59.67798,-60.099533
3680,True,-33.104424,-31.950573,-33.21067,-35.766582,-33.786846,-36.06659,-40.66362,-35.358776,-39.5125,-41.732162,-46.13535,-42.733116,-38.314625,-41.69887,-40.884674,-42.953815,-47.42218,-47.67937,-54.024094,-56.190678,-53.265953,-54.992218,-57.550896,-57.016872,-57.374428,-57.64965,-58.7775,-59.099613,-61.52367,-62.431534,-60.882973,-58.26343
3712,True,-30.505783,-29.434814,-36.212814,-35.19718,-28.452934,-32.308445,-37.646225,-34.038944,-35.184006,-40.15541,-41.215546,-44.211884,-41.32162,-45.70467,-43.806786,-44.779343,-43.441826,-45.988194,-49.831562,-53.824024,-51.278225,-51.03794,-57.819847,-58.84743,-59.089085,-58.71618,-58.20167,-59.325985,-61.632427,-62.208084,-60.301456,-59.803192
3744,True,-27.08025,-29.681618,-32.825905,-36.94352,-32.148605,-37.309383,-40.85676,-25.403584,-29.573044,-36.26973,-39.28344,-44.993855,-40.740356,-43.77254,-48.480698,-45.281326,-44.25814,-46.95649,-54.20782,-53.323193,-52.77591,-55.14991,-59.307693,-59.493755,-58.029007,-57.269688,-57.790115,-60.061832,-61.147022,-61.228386,-59.83572,-59.85581
3776,True,-26.542019,-31.305351,-33.963196,-38.51675,-31.716587,-36.735046,-38.412495,-23.79509,-28.324976,-39.315582,-41.6213,-41.239758,-41.4767,-45.21228,-48.927628,-46.396835,-45.0407,-50.115547,-54.378162,-52.51795,-54.419804,-54.297714,-58.08941,-59.219337,-55.582283,-57.874626,-57.689316,-59.921993,-60.864784,-60.437504,-59.733368,-60.463486
3808,True,-26.085423,-26.416605,-35.556644,-36.10309,-26.450367,-33.355373,-40.971336,-23.373672,-27.655241,-38.987087,-42.861404,-43.3413,-44.7716,-46.822018,-46.984592,-46.10289,-45.670887,-47.67517,-52.041466,-54.069447,-53.924377,-54.735138,-56.717434,-58.816074,-56.453953,-57.00628,-59.073875,-59.510746,-59.38813,-59.190918,-61.40651,-59.060802
3840,True,-30.602242,-29.740967,-36.423912,-36.194687,-29.441502,-34.66272,-39.641716,-21.489351,-25.86604,-42.87529,-43.23932,-43.406296,-42.15989,-48.061516,-50.496887,-48.296886,-48.616024,-49.653168,-55.140514,-54.150887,-55.824142,-55.10679,-58.370987,-59.064545,-59.61284,-59.08592,-58.03732,-58.765358,-60.751205,-61.46289,-61.6785,-59.981647
3872,True,-26.826176,-27.47492,-37.116085,-35.232872,-30.913172,-35.35546,-41.166042,-20.32455,-24.32822,-38.1745,-43.773407,-42.56495,-43.792458,-50.616898,-45.560318,-44.84228,-44.53601,-50.67776,-53.8435,-54.519783,-54.475407,-53.284245,-58.855255,-60.029713,-60.41491,-58.1528,-59.09731,-59.086067,-60.351505,-59.998505,-59.49488,-59.905304
3904,True,-31.80091,-33.49701,-34.47225,-35.16005,-26.009542,-32.49829,-39.894978,-22.61695,-27.06544,-37.642166,-41.406536,-46.026825,-43.65545,-49.58128,-44.335938,-45.14987,-44.885963,-49.706112,-51.565453,-50.662838,-53.436462,-52.55375,-58.340626,-58.75775,-57.284233,-57.62833,-57.6071,-57.960964,-59.33207,-61.04422,-61.91667,-59.211308
3936,True,-27.323631,-29.331894,-35.40425,-33.20231,-31.19329,-35.54209,-41.74902,-23.479662,-27.466228,-38.854088,-42.961803,-42.68048,-40.72242,-43.504787,-42.79429,-42.849632,-42.771637,-50.3129,-52.901363,-54.047592,-51.6491,-54.59438,-57.842255,-58.97574,-57.497288,-56.327938,-54.980907,-56.081623,-60.011444,-60.503258,-58.596157,-59.229794
3968,True,-26.084135,-31.194435,-36.091095,-37.890347,-34.169518,-40.28172,-45.493946,-25.2203,-29.798756,-39.595062,-43.328777,-43.74801,-42.094177,-46.988647,-44.80112,-43.83989,-44.5554,-50.005795,-51.766624,-51.43001,-52.096413,-53.951344,-57.291965,-58.43795,-57.97443,-58.201145,-56.04721,-56.9292,-59.17134,-60.48708,-61.427216,-61.70842
4000,True,-29.931267,-31.60447,-35.522118,-34.508957,-27.508888,-35.127243,-43.627357,-31.999798,-34.20051,-39.348473,-43.252293,-41.70327,-41.181637,-46.74302,-45.738815,-45.547184,-43.945145,-51.72252,-52.810326,-53.545677,-56.21818,-55.097076,-59.176105,-57.159393,-57.703224,-58.013855,-56.715237,-58.021545,-60.33341,-61.53823,-59.98156,-62.356396
4032,True,-25.994293,-26.652231,-35.558384,-37.72883,-33.069576,-38.937653,-40.907616,-29.040585,-32.868412,-39.17509,-42.83352,-45.181923,-41.268444,-46.71446,-45.665672,-47.57387,-45.24506,-49.54237,-52.370384,-51.855778,-54.199852,-54.13064,-58.3428,-60.311375,-58.48789,-56.768166,-56.684376,-57.66274,-61.305145,-61.182903,-61.65928,-59.96967
4064,True,-28.606941,-28.192099,-35.446842,-37.39265,-26.871414,-33.45843,-39.976753,-34.155697,-37.06417,-38.446026,-41.083443,-43.474068,-41.923317,-44.85094,-43.071445,-44.990654,-46.961308,-51.051655,-55.280136,-54.951385,-55.310966,-56.817917,-58.786293,-57.007607,-58.72705,-58.615093,-57.87003,-58.847713,-59.17177,-61.11811,-59.070007,-60.71867
4096,True,-28.303473,-30.654604,-36.020798,-38.195267,-26.375103,-33.295883,-44.046158,-33.05577,-35.55248,-36.490997,-38.886574,-44.946003,-41.143764,-49.762768,-40.512165,-42.33821,-43.251526,-50.899925,-53.059914,-56.586555,-55.32362,-54.633488,-57.031597,-57.955734,-57.73706,-59.888603,-57.15444,-59.23815,-60.66211,-61.04931,-59.369026,-59.318787
4128,True,-26.502607,-27.06208,-36.228436,-35.477352,-33.01635,-37.302402,-45.257298,-30.279905,-33.94871,-38.39479,-41.10744,-42.86377,-40.38047,-50.390186,-43.635983,-45.48714,-47.606956,-51.087982,-53.287262,-53.297848,-54.921017,-56.15419,-57.244186,-59.658466,-60.235184,-57.499714,-58.592194,-60.435898,-61.88351,-60.678513,-61.323532,-59.66842
4160,True,-26.562632,-29.814926,-32.951027,-36.8473,-30.029171,-37.766872,-42.677197,-29.300604,-32.756287,-39.494164,-44.24391,-41.69373,-40.10494,-43.564804,-44.32484,-45.53531,-43.329712,-46.607468,-54.40876,-54.38183,-54.66692,-57.071068,-59.47607,-58.462887,-57.546013,-56.65564,-57.6963,-57.028397,-60.3368,-61.13525,-59.80417,-61.150963
4192,True,-28.988142,-31.213299,-37.64816,-36.771362,-30.606253,-37.063824,-40.826027,-26.69594,-30.622887,-41.60158,-45.479794,-41.50749,-40.896378,-50.17708,-42.3919,-45.727077,-47.72741,-50.03513,-54.825653,-53.772472,-53.203537,-54.4603,-58.361225,-56.95343,-57.91375,-57.71501,-57.92334,-60.360275,-60.676414,-60.928734,-61.105305,-59.860287
4224,True,-27.431047,-29.65924,-34.28957,-35.17724,-34.626938,-42.239414,-42.664547,-29.302502,-33.663185,-40.608746,-44.91101,-44.82407,-43.329082,-44.71893,-43.28623,-44.676395,-46.87861,-52.949223,-53.671894,-54.410942,-52.604717,-53.710358,-57.721157,-56.00743,-57.095276,-59.82128,-57.294243,-57.3415,-58.387455,-61.087578,-61.51774,-59.414906
4256,True,-31.511295,-30.476397,-33.533775,-32.860252,-28.399021,-33.221138,-40.0391,-23.434116,-27.7034,-38.245644,-42.88668,-44.80369,-41.170803,-45.228806,-46.336456,-45.992107,-46.596733,-46.96989,-51.47862,-53.14535,-54.570736,-54.9125,-55.14345,-56.368187,-57.430378,-55.149765,-55.9448,-57.74405,-59.608826,-60.87904,-61.7329,-59.494934
4288,True,-25.909279,-28.116737,-34.647022,-33.447334,-27.048685,-33.45077,-37.364037,-18.076666,-22.553017,-38.46436,-42.060364,-41.245064,-38.49892,-48.232643,-44.027744,-42.45339,-41.96221,-49.80947,-50.420822,-52.06971,-51.693047,-54.56408,-56.920284,-55.42224,-56.13113,-57.002426,-57.3074,-58.04382,-58.629154,-59.22429,-59.61911,-59.966034
4320,True,-29.944305,-31.670319,-36.540646,-33.606667,-32.045303,-37.444138,-37.444073,-21.20136,-24.583218,-42.635742,-44.348965,-43.606434,-44.967407,-47.991272,-44.763596,-44.62665,-42.910175,-50.938755,-49.990273,-49.81155,-53.391617,-53.277264,-56.75581,-55.98774,-57.811337,-57.69261,-57.19671,-59.248447,-61.10895,-61.903515,-62.033916,-60.07968
4352,True,-26.33667,-31.260183,-31.973383,-32.565105,-30.500877,-34.22586,-37.892452,-20.419436,-24.910471,-40.538677,-45.445286,-43.75559,-44.125427,-46.96338,-43.49379,-45.421776,-47.680984,-51.300926,-51.316856,-53.760838,-56.41372,-54.420334,-54.717484,-55.243946,-56.579433,-57.44152,-57.78546,-59.80454,-60.230995,-60.073524,-62.0616,-60.803356
4384,True,-27.316,-29.053223,-34.932266,-37.318645,-27.404732,-34.445744,-37.26662,-22.697145,-27.635704,-43.42505,-43.364124,-44.843254,-44.3693,-48.60363,-41.516785,-43.297623,-43.530685,-49.51639,-52.491,-52.72684,-51.595325,-56.43127,-60.404682,-59.65155,-58.73655,-56.732452,-57.8825,-57.878452,-60.56421,-61.672882,-59.68293,-59.048935
4416,True,-30.819016,-32.3316,-38.43386,-34.03781,-33.332123,-37.17942,-39.661148,-21.609743,-26.114168,-44.125305,-48.59974,-46.906517,-43.081146,-51.773575,-41.662933,-44.001343,-46.56387,-54.526363,-54.59223,-55.200096,-53.9339,-54.406715,-56.119503,-56.73296,-57.95751,-58.09665,-56.64146,-58.76182,-60.046394,-59.639954,-60.769432,-61.00241
4448,True,-24.457083,-26.893269,-37.07317,-35.37376,-26.18295,-32.29715,-40.58613,-21.442635,-26.163933,-42.266163,-43.051037,-43.073174,-42.40322,-46.37459,-48.12085,-47.489964,-46.033863,-50.524506,-52.256397,-56.06215,-54.948063,-56.883926,-57.142445,-57.315903,-55.81429,-57.764164,-57.87491,-58.24227,-60.347973,-60.412823,-60.68541,-59.778347
4480,True,-28.248978,-29.411161,-32.314507,-36.855145,-26.421614,-32.84726,-40.415283,-20.857975,-25.66263,-40.102123,-43.01365,-42.85636,-41.26884,-49.283253,-45.00004,-46.35186,-45.13719,-48.838387,-52.545742,-53.08685,-52.038227,-53.488197,-56.926483,-56.67108,-56.7795,-58.41383,-57.928886,-57.261333,-58.840363,-61.47724,-61.694748,-57.960796
4512,True,-30.669167,-32.192356,-34.749886,-37.817898,-33.164246,-37.69934,-37.93672,-19.143534,-24.114725,-40.723614,-43.142605,-42.022205,-41.75715,-46.760315,-43.983994,-46.814823,-47.941,-50.418167,-51.0222,-52.503815,-51.92862,-54.08241,-57.667656,-55.997795,-58.320637,-56.921524,-56.722454,-55.242798,-58.391968,-59.047356,-60.7555,-61.602966
4544,True,-30.048018,-30.235825,-33.677345,-35.140488,-25.899998,-32.415413,-39.44394,-21.98312,-27.677668,-37.67359,-41.731724,-43.967377,-42.376286,-48.985962,-44.710842,-44.9754,-44.672188,-50.782223,-53.19006,-55.195557,-54.744377,-52.62596,-56.324112,-55.90681,-56.527504,-56.49343,-56.39635,-59.087746,-58.954193,-60.40165,-60.38193,-60.094162
4576,True,-28.893627,-29.076962,-34.106873,-40.871864,-29.22082,-33.515274,-38.41406,-19.671188,-23.912197,-38.145283,-42.040993,-40.737576,-40.762745,-47.460075,-42.01933,-44.018044,-45.918015,-49.37657,-54.781857,-53.15527,-53.156113,-54.672684,-56.144722,-57.28759,-55.630985,-57.64237,-56.79178,-57.974716,-61.228004,-59.94615,-60.270546,-61.140022
4608,True,-28.53632,-32.613174,-35.214874,-37.393383,-31.018414,-36.00462,-39.484955,-17.797884,-22.22937,-36.35864,-42.789093,-40.04428,-39.44504,-48.777832,-43.74477,-44.146633,-43.362488,-48.409637,-55.69634,-55.459885,-53.442005,-56.200134,-57.868595,-58.94121,-57.661324,-56.755062,-58.335907,-58.875042,-59.05986,-60.211914,-61.482903,-60.917038
4640,True,-27.293318,-32.278717,-33.63349,-36.26727,-29.80685,-36.48728,-41.293415,-17.772741,-22.220087,-38.176987,-43.48927,-41.360096,-41.69732,-48.087505,-42.66584,-43.697906,-44.003414,-47.707245,-56.770035,-56.58405,-55.53527,-54.8539,-56.974373,-55.391117,-57.683273,-59.601196,-58.45837,-58.78666,-60.65188,-61.177616,-60.973022,-62.736534
4672,True,-25.630718,-27.352062,-34.16328,-35.874523,-30.59335,-36.849632,-42.89863,-16.571148,-21.119337,-43.4999,-43.451675,-42.120174,-40.10955,-49.801506,-42.524418,-43.03534,-42.952003,-47.315018,-52.87078,-52.924797,-53.545364,-55.209625,-56.671947,-56.7926,-56.06614,-55.928734,-56.933292,-58.63215,-59.307686,-59.72313,-60.24454,-61.23813
4704,True,-31.838882,-30.25295,-32.133663,-36.61411,-30.539032,-37.573296,-41.46209,-15.575572,-20.10483,-41.950077,-45.210655,-44.89828,-42.49065,-44.77421,-40.316982,-42.493187,-42.658012,-50.46062,-54.469788,-55.970383,-53.018127,-52.464886,-55.96205,-56.976387,-56.185116,-58.396828,-57.406292,-59.123703,-61.731506,-60.88784,-62.18893,-61.11125
4736,True,-28.310146,-29.919075,-34.365208,-35.49618,-27.505014,-34.35299,-43.404564,-17.585676,-22.494852,-41.578453,-42.20606,-40.618534,-39.255253,-46.49321,-45.92005,-47.645,-46.18463,-52.80002,-54.445877,-54.452827,-52.954063,-53.790276,-57.11399,-57.685833,-58.49175,-57.390205,-57.19554,-58.264816,-61.109234,-59.870598,-61.010975,-61.79081
4768,True,-29.072123,-31.321548,-38.072495,-36.406647,-35.24666,-39.569984,-40.15847,-20.616386,-25.613363,-38.484257,-41.352386,-43.66733,-40.493416,-49.83656,-44.064198,-42.45759,-41.78051,-51.309715,-52.344593,-53.16891,-54.24631,-54.1913,-58.51745,-56.12863,-59.985588,-58.49254,-57.012756,-58.19439,-60.625572,-59.843346,-59.733395,-58.55684
4800,True,-25.20238,-27.08681,-34.54572,-35.30556,-31.243279,-34.991707,-39.762825,-23.943768,-28.230427,-39.01885,-42.9554,-44.256653,-44.73481,-47.331615,-44.39224,-45.439987,-47.46569,-52.987133,-51.17642,-53.59757,-55.73018,-55.599663,-57.954525,-56.059135,-57.285305,-60.423866,-56.958923,-58.99734,-59.121857,-60.443783,-58.988056,-60.541046
4832,True,-27.20638,-30.012083,-34.30462,-35.664867,-30.021076,-35.47909,-40.84738,-26.65059,-30.84136,-38.17362,-40.29312,-42.219437,-42.7105,-48.690563,-49.70729,-46.01479,-44.471878,-51.295055,-54.327335,-56.494377,-56.268066,-57.097046,-57.22593,-57.56895,-57.244347,-59.54026,-56.839214,-58.363297,-59.98745,-61.604744,-59.312874,-60.002663
4864,True,-28.259544,-26.407524,-33.46991,-33.32228,-35.67444,-41.129868,-42.473316,-25.973646,-30.223124,-40.466164,-46.218372,-44.44741,-43.453957,-47.659042,-46.064037,-46.193157,-44.882057,-48.093346,-50.484795,-53.37004,-56.695107,-56.31423,-59.0772,-58.82773,-57.72863,-58.06204,-58.315697,-58.68025,-59.499374,-59.12114,-58.926655,-60.654182
4896,True,-27.722006,-27.331373,-35.09122,-35.009506,-27.246017,-34.57516,-44.03798,-25.39262,-28.690603,-39.188705,-44.074234,-46.263027,-45.374035,-45.90219,-45.387665,-47.54016,-46.48343,-46.28986,-53.80636,-54.036263,-56.255577,-56.517754,-59.111595,-59.367096,-56.60967,-58.01672,-58.061882,-59.033924,-60.82025,-60.374306,-60.749367,-61.79898
4928,True,-29.81668,-30.053669,-35.20671,-39.081,-27.80281,-35.46887,-43.410107,-28.606709,-34.85848,-39.337814,-44.394814,-44.7769,-42.693832,-46.958862,-48.77981,-44.59072,-43.005833,-50.429695,-54.15381,-53.13234,-54.272415,-55.76489,-57.948536,-58.86353,-58.496098,-56.892212,-58.306114,-57.874638,-59.213673,-60.608276,-61.42584,-61.728897
4960,True,-25.155094,-25.148695,-35.175575,-32.393574,-35.58414,-36.5155,-38.70124,-22.574097,-27.373114,-41.07631,-45.605854,-45.303787,-41.83174,-45.431095,-47.366596,-46.86018,-45.98456,-46.378155,-52.595097,-51.48846,-51.34494,-52.59693,-55.188824,-57.179066,-58.498554,-57.532734,-55.427086,-56.62457,-59.57264,-58.65963,-58.87742,-61.060616
4992,True,-29.881887,-29.620628,-36.807716,-32.55055,-27.294626,-33.456234,-38.569656,-20.843065,-25.554878,-40.499977,-44.683193,-39.772423,-40.88592,-48.098522,-46.627937,-46.004585,-43.324615,-47.54236,-49.1329,-51.5001,-54.91517,-52.446312,-56.275757,-55.812843,-56.995155,-56.09312,-57.4585,-58.96238,-59.334656,-59.85337,-60.913063,-61.27273
5024,True,-28.935297,-28.519716,-34.600853,-34.092247,-28.102783,-33.271843,-37.869156,-23.893435,-27.811928,-39.10237,-45.743176,-41.208572,-41.740955,-47.723125,-46.183502,-44.113037,-43.052975,-49.71875,-53.732872,-53.02683,-52.12393,-51.720367,-55.368652,-55.97578,-54.904037,-54.67409,-56.55671,-57.225895,-58.292522,-59.75134,-61.019424,-60.03397
5056,True,-23.752476,-25.86102,-35.45155,-36.772903,-34.2807,-39.362827,-41.669388,-24.132603,-29.061611,-41.631626,-44.586853,-43.246044,-43.319588,-45.910255,-44.429813,-45.78212,-44.962563,-48.44765,-50.244595,-51.600147,-53.063145,-51.856647,-55.01661,-56.040268,-56.799168,-55.92887,-55.69819,-56.44772,-58.315613,-58.80865,-60.33371,-59.506226
5088,True,-28.327106,-29.299707,-32.71093,-31.475534,-28.35248,-35.26046,-38.172386,-21.680468,-26.10905,-36.506393,-39.49514,-39.834206,-40.97032,-48.77768,-46.966858,-46.516552,-44.467896,-48.067993,-52.112915,-54.809338,-54.314236,-55.16625,-55.870342,-55.373802,-56.278564,-57.435223,-56.079197,-58.506454,-59.919914,-61.972443,-59.798866,-60.000782
5120,True,-33.427055,-33.25561,-35.100082,-34.053883,-29.596615,-36.56381,-38.86641,-20.779202,-25.67485,-34.962322,-37.271515,-43.275944,-43.785362,-48.896732,-50.678627,-46.66053,-44.293438,-47.807922,-51.30438,-54.96768,-55.120728,-56.701694,-56.608658,-57.00836,-58.160038,-59.22687,-58.280945,-57.88444,-58.08088,-59.86283,-59.643806,-59.265064
5152,True,-29.13537,-28.259382,-34.38836,-31.331776,-35.544716,-37.324486,-41.17691,-22.949234,-26.798054,-37.397396,-39.804173,-41.900215,-39.89221,-49.867508,-50.077053,-48.21682,-44.77832,-47.550186,-52.953686,-55.958023,-55.328873,-56.99016,-58.55835,-57.789474,-58.237602,-57.74782,-57.720146,-60.595673,-59.8773,-59.331787,-58.653294,-60.41826
5184,True,-27.9552,-27.619892,-33.406513,-31.601063,-27.564133,-34.88741,-42.371933,-26.017885,-28.805035,-38.223846,-40.390106,-43.50875,-39.70742,-47.572098,-50.767326,-47.394024,-46.498642,-46.392593,-55.79846,-55.95825,-53.439728,-55.49032,-58.41004,-59.224045,-57.8547,-57.34917,-57.098877,-58.80421,-59.938606,-61.711494,-60.92422,-58.373413
5216,True,-26.75537,-26.95483,-35.53338,-37.848793,-28.694773,-34.73603,-43.24719,-38.349255,-39.52271,-39.509235,-43.56624,-40.664944,-37.324142,-45.746502,-46.453644,-43.945103,-41.675804,-47.24164,-53.193417,-52.904312,-52.62967,-52.512535,-58.26715,-59.70574,-56.58857,-58.00507,-57.76554,-58.2605,-59.36256,-60.57029,-60.336475,-61.609497
5248,True,-27.28731,-30.013706,-33.837143,-35.86085,-33.773537,-38.653854,-41.242138,-31.098331,-37.323612,-39.151703,-42.954453,-44.223633,-41.90544,-49.52724,-47.267933,-47.108154,-47.17854,-47.719193,-52.86125,-51.308765,-51.50137,-51.869987,-58.199677,-60.31414,-58.61077,-59.417187,-58.19648,-57.62629,-59.456627,-59.688576,-61.303345,-61.135044
5280,True,-30.301582,-30.442608,-35.19227,-35.186546,-27.908276,-34.846394,-42.489525,-25.45367,-31.065912,-39.985023,-44.733624,-45.179707,-41.870876,-47.32628,-46.62479,-46.291954,-44.449078,-48.618164,-53.011818,-53.935795,-54.979916,-54.48648,-59.87163,-57.745243,-56.80212,-57.821316,-59.159657,-59.64846,-61.501392,-60.88684,-59.862434,-59.8921
5312,True,-31.046394,-31.712706,-35.32478,-39.376823,-33.986145,-39.643677,-39.004436,-22.401615,-26.861021,-37.781284,-42.362026,-45.000237,-42.09244,-48.398327,-46.438095,-45.94684,-46.2387,-48.799976,-52.68778,-51.48683,-54.21329,-53.03532,-55.339127,-56.90407,-57.075996,-55.473057,-54.788544,-56.734158,-59.291492,-60.12905,-59.78426,-60.324913
5344,True,-30.75449,-34.532074,-40.856514,-33.943516,-30.252808,-34.730545,-40.911743,-19.829458,-24.63274,-37.50128,-43.488655,-46.943787,-43.79465,-48.605377,-46.107628,-46.694965,-45.270084,-45.652485,-52.01448,-53.25744,-51.65033,-52.318687,-54.91634,-54.589275,-54.67165,-56.178535,-57.415253,-57.27153,-57.45974,-60.33841,-61.012722,-58.49213
5376,True,-29.290531,-28.237633,-33.938404,-32.487072,-25.071579,-31.566505,-40.222954,-22.43055,-26.716663,-39.882565,-42.669655,-42.65703,-44.111477,-45.520863,-47.52913,-46.563473,-43.892677,-47.63128,-53.369617,-52.115387,-53.434525,-53.789135,-57.17816,-55.056347,-55.849537,-57.445877,-57.27718,-58.22056,-58.53843,-60.993313,-60.854984,-59.41361
5408,True,-28.237942,-30.602772,-36.81917,-32.58774,-31.40688,-35.542683,-41.012367,-24.039051,-28.541967,-38.255447,-41.49834,-43.112274,-43.006157,-45.11329,-44.49591,-43.701797,-42.729828,-50.084072,-53.98426,-54.811264,-53.07679,-54.46758,-57.043156,-58.000603,-57.29862,-57.49004,-55.77553,-57.535934,-58.682526,-61.753918,-61.38755,-58.167706
5440,True,-30.382038,-31.635052,-33.013878,-30.510288,-31.333305,-36.911255,-41.268486,-23.47438,-28.03444,-36.589462,-41.179317,-42.653076,-42.39767,-44.97484,-41.670704,-44.36772,-43.644466,-50.454506,-51.920235,-53.933243,-55.17282,-54.629486,-56.505234,-58.68443,-57.60088,-57.142014,-57.390076,-57.757027,-61.19,-61.9198,-61.724915,-58.50978
5472,True,-32.49481,-33.46169,-37.756134,-33.36305,-28.132648,-34.8916,-43.115692,-23.107456,-27.477253,-42.578587,-44.802635,-42.300564,-40.80636,-51.147404,-41.71761,-44.062866,-45.967583,-48.53722,-55.900887,-54.46498,-54.656597,-56.10096,-57.807594,-58.8973,-56.717567,-56.53145,-56.225243,-58.561447,-58.994232,-60.071217,-60.18465,-60.51008
5504,True,-28.627922,-32.37548,-33.26545,-32.851727,-34.040604,-37.76803,-40.847897,-30.250797,-33.82213,-42.061195,-43.006714,-41.11794,-44.875736,-49.64579,-41.584988,-42.394146,-42.115128,-46.881363,-53.65394,-54.927116,-55.85475,-55.746056,-56.105045,-57.7538,-57.11224,-57.16425,-56.010952,-57.351135,-57.809296,-59.616505,-60.70133,-62.042675
5536,True,-29.780846,-32.634087,-35.55541,-31.173288,-29.381895,-35.351143,-40.68594,-27.980555,-31.309189,-39.278885,-44.338154,-41.32336,-41.198612,-45.981766,-45.315723,-46.41409,-45.85109,-48.111996,-54.73822,-53.300304,-52.363594,-53.199936,-53.905712,-56.124416,-57.804413,-57.032303,-56.062664,-57.208714,-58.439026,-61.455578,-60.374855,-61.799168
5568,True,-31.571836,-29.597532,-36.253387,-37.123917,-25.845783,-33.43104,-41.82604,-29.479351,-33.91162,-37.764713,-40.83761,-41.4205,-43.495857,-46.28181,-42.74888,-46.201233,-46.226063,-50.865154,-52.478176,-54.636833,-52.959625,-51.35145,-57.45075,-57.51869,-56.517605,-58.3547,-57.111286,-58.22565,-60.124516,-61.646935,-59.73893,-60.67177
5600,True,-28.868124,-31.646748,-34.93705,-35.56546,-35.007397,-39.08223,-43.18618,-25.129011,-29.299149,-41.74974,-46.472973,-43.831593,-43.26262,-48.39462,-45.08244,-45.979805,-45.48207,-50.44854,-52.750378,-53.38943,-51.44149,-53.61099,-56.804905,-55.978867,-56.183094,-59.476604,-58.629692,-57.934093,-60.95134,-60.52716,-59.036148,-59.796394
5632,True,-32.971317,-32.80796,-33.47801,-33.512268,-34.793137,-36.557613,-38.80287,-28.765383,-33.68365,-42.023586,-45.925365,-43.906895,-42.147182,-44.378162,-46.81494,-48.601295,-47.343025,-52.572628,-52.241585,-54.189293,-51.392895,-55.933426,-56.42796,-56.018494,-57.284256,-56.875137,-54.846558,-57.868942,-59.700245,-61.097103,-57.665802,-57.632908
5664,True,-29.475597,-27.446022,-36.385242,-38.698383,-33.193123,-39.596302,-43.841835,-28.81568,-33.10597,-45.415176,-46.62644,-39.533207,-41.005737,-49.00357,-46.04862,-46.37009,-45.795517,-48.834435,-53.521687,-52.494934,-54.58409,-55.166134,-59.52809,-57.758896,-58.17202,-56.929146,-58.240124,-57.38369,-60.19345,-59.186447,-57.626297,-59.822624
5696,True,-34.690605,-32.718987,-33.678005,-33.04643,-38.004063,-40.987167,-40.577408,-26.46713,-31.016273,-41.539303,-44.027443,-43.23401,-42.63882,-46.686768,-42.51233,-43.47542,-42.637985,-44.90831,-52.272373,-53.46424,-55.759968,-53.247215,-54.77104,-57.335777,-55.832256,-54.76467,-54.9684,-53.167274,-44.601807,-44.734417,-48.425022,-48.715523
5728,True,-27.702293,-29.784859,-34.246883,-32.39508,-26.258118,-27.309315,-31.737534,-30.226767,-32.803356,-35.1604,-37.366463,-32.903954,-35.92525,-38.30606,-35.202232,-32.523163,-28.746235,-33.132504,-42.536625,-43.01671,-43.065514,-44.091064,-43.99749,-45.977394,-44.39238,-40.565205,-36.916267,-35.937874,-28.81509,-30.760006,-33.367058,-34.260605
5760,True,-27.066216,-30.1093,-34.400543,-32.329067,-25.8046,-31.673027,-37.37387,-23.530455,-27.391743,-38.7077,-43.0598,-38.27623,-39.78209,-47.74483,-42.732742,-41.64268,-40.609062,-44.38598,-48.381897,-51.781837,-50.329224,-51.143585,-54.2229,-55.84424,-54.424934,-52.418396,-50.630943,-50.264664,-43.883583,-47.018356,-46.914616,-47.476463
5792,True,-29.03715,-28.534042,-33.14638,-31.005428,-32.98463,-38.721966,-40.179806,-33.604153,-36.437317,-38.89584,-43.252182,-42.856716,-42.766823,-50.449753,-41.07898,-41.602287,-41.954742,-46.88995,-49.43623,-53.437042,-51.115185,-53.102455,-53.0397,-54.72481,-55.23418,-56.47374,-54.05667,-53.61233,-50.83713,-52.769928,-52.96881,-53.537846
5824,True,-26.368958,-30.567287,-36.988724,-34.171394,-29.623379,-38.442226,-43.475754,-29.65789,-33.27244,-40.147865,-43.06013,-41.543278,-40.783672,-44.01308,-46.24682,-46.62888,-42.653255,-47.461594,-50.84507,-52.287525,-53.19016,-56.30397,-57.453667,-56.45536,-56.001926,-56.65091,-54.849503,-56.402176,-53.7817,-55.348854,-56.080437,-56.988483
5856,True,-31.159344,-31.476936,-34.080772,-35.626846,-33.22835,-37.71202,-41.10871,-28.183868,-31.45522,-38.49459,-41.386448,-42.5011,-46.266182,-50.87263,-49.132294,-48.552055,-45.479652,-50.810738,-52.237362,-54.032593,-56.933403,-55.621544,-55.49091,-55.93045,-55.928856,-58.655743,-56.671085,-56.564262,-57.22747,-58.64889,-58.1082,-58.478836
5888,True,-26.99007,-27.02206,-35.103592,-34.156536,-32.19065,-38.407066,-39.650368,-26.621302,-31.703663,-39.463547,-42.80285,-45.23989,-42.600407,-49.719498,-43.637356,-47.019775,-45.416546,-48.754547,-56.016544,-54.02771,-55.16519,-56.101765,-57.15783,-56.90132,-57.256733,-57.55003,-56.375404,-57.16734,-60.480537,-61.157127,-60.925755,-59.127846
5920,True,-32.389885,-34.754517,-33.4467,-36.731876,-28.854725,-35.943546,-38.989452,-26.53899,-31.074743,-36.717674,-39.27239,-43.00656,-41.388466,-48.57872,-46.388035,-49.031998,-49.161682,-52.43679,-51.942078,-55.43721,-55.967506,-54.129723,-55.81198,-57.985973,-56.990986,-58.94622,-57.848053,-58.517838,-58.55796,-59.917328,-59.197197,-60.855556
5952,True,-31.965712,-32.631702,-35.031433,-31.882645,-31.299004,-38.09736,-37.83137,-31.014168,-35.38375,-36.8768,-40.346523,-42.021603,-41.786545,-47.63191,-43.322083,-44.36664,-45.51986,-51.588844,-53.081123,-54.323334,-51.868137,-52.16955,-56.002655,-55.516052,-55.309948,-56.648975,-55.243107,-56.36143,-58.074768,-59.399574,-58.44826,-60.46934
5984,True,-27.69266,-28.019104,-37.865337,-34.29703,-33.41243,-39.678272,-42.37682,-24.315174,-28.46999,-40.53537,-43.96119,-42.336693,-40.427914,-45.71997,-43.574966,-45.45968,-44.059853,-48.4522,-53.88722,-54.123047,-49.855255,-51.851215,-55.528584,-56.379284,-57.10581,-56.650753,-56.42735,-57.174057,-57.7278,-60.595406,-60.79869,-60.355877
6016,True,-31.499369,-37.05994,-35.697784,-31.557713,-27.34987,-35.086285,-40.76271,-27.801733,-32.457977,-39.921185,-41.428013,-42.810406,-42.697735,-47.332603,-46.20516,-47.61374,-48.518906,-48.40467,-53.15208,-51.77359,-53.006752,-54.027206,-57.683826,-57.4126,-55.625465,-56.231876,-57.100372,-58.25874,-58.956055,-60.56282,-61.202454,-60.68316
6048,True,-27.501314,-26.656189,-30.41814,-33.112286,-28.306469,-34.921883,-40.173637,-28.06971,-33.496136,-36.31892,-39.05818,-42.829533,-43.410435,-49.168076,-43.247513,-45.442406,-48.682064,-47.87678,-51.275974,-50.969017,-54.224777,-52.28178,-55.470177,-54.488213,-56.808132,-58.087498,-55.542442,-57.172363,-57.608852,-60.676075,-60.911316,-60.912926
6080,True,-31.834854,-31.178743,-36.13034,-34.08708,-33.981705,-37.882545,-37.579903,-31.694023,-35.389412,-37.90463,-42.52204,-42.08485,-40.115623,-46.02219,-47.81477,-46.071896,-45.38794,-48.779335,-50.662437,-54.457138,-53.46908,-51.883617,-57.491627,-56.31607,-55.90858,-57.56002,-57.50492,-57.26675,-58.467594,-61.074745,-60.352142,-60.5691
6112,True,-29.99974,-33.066803,-36.990993,-30.967793,-26.623024,-33.473732,-38.32561,-26.003897,-29.797344,-37.889824,-40.923923,-44.322502,-42.717663,-45.988293,-43.967796,-45.760963,-47.801277,-49.33024,-50.93191,-52.698334,-54.950058,-55.382988,-57.665627,-57.50029,-57.928753,-58.331142,-54.911762,-56.367565,-59.061646,-58.85048,-60.257668,-59.347504
6144,True,-28.47366,-27.10702,-38.489716,-30.580189,-31.733807,-38.364414,-41.586487,-31.921299,-35.893284,-37.71338,-40.639374,-42.733494,-40.683517,-47.218,-46.262833,-46.64612,-50.05204,-51.86106,-53.756195,-52.61045,-55.23094,-54.508965,-54.64786,-55.37172,-57.300343,-57.48714,-56.95488,-57.352222,-60.02968,-60.624107,-60.021305,-61.40117
6176,True,-30.915337,-29.446861,-38.119366,-31.824724,-30.592749,-37.112556,-39.70137,-35.056545,-38.470226,-39.23963,-41.02958,-41.563393,-38.549324,-48.420788,-45.445747,-47.700466,-48.106735,-50.492622,-53.280586,-53.78799,-54.05596,-58.55543,-55.854996,-56.777443,-57.56234,-58.74104,-58.747044,-58.364788,-59.42104,-60.28816,-57.89101,-61.415478
6208,True,-30.499493,-32.160915,-36.15165,-36.935333,-26.445015,-33.115967,-40.8458,-32.781498,-34.727486,-38.64818,-40.112156,-44.24854,-42.126976,-49.845562,-49.30046,-48.890068,-48.95479,-51.061577,-52.5069,-52.551632,-54.88948,-55.50882,-58.395813,-55.897346,-56.606106,-57.184,-56.97985,-58.22538,-59.512577,-60.385822,-59.773483,-60.183064
6240,True,-28.310349,-29.23277,-35.76142,-34.27442,-31.97109,-37.303913,-40.760994,-30.005377,-32.60827,-42.636852,-45.43726,-43.663197,-40.556087,-47.50591,-45.606728,-47.85105,-49.29594,-49.74335,-53.47873,-52.975384,-54.601624,-56.39766,-59.29872,-58.76974,-57.45793,-57.373333,-56.393036,-58.20878,-60.0864,-59.908165,-60.153595,-59.706383
6272,True,-31.026035,-29.988995,-33.99792,-34.925064,-31.235687,-37.112785,-37.69794,-27.156116,-34.429077,-43.84603,-44.6659,-43.20679,-42.10562,-47.074585,-46.9483,-49.113976,-46.75335,-49.496914,-52.487732,-52.85437,-54.834667,-55.60669,-56.9932,-56.652332,-55.383755,-55.041573,-55.04155,-53.721428,-54.711617,-50.835182,-52.387726,-55.761375
6304,True,-28.367634,-27.04845,-36.171192,-34.46482,-28.081266,-34.113678,-40.958008,-28.63792,-32.119186,-39.37183,-43.72293,-43.409126,-40.980762,-47.23454,-46.634483,-47.44716,-47.886093,-47.506706,-56.388756,-53.311478,-54.036182,-55.46598,-57.934853,-57.70128,-57.977085,-56.98189,-56.78971,-57.45344,-60.155113,-59.33515,-59.53169,-58.77129
6336,True,-29.444016,-31.170156,-34.201576,-30.392397,-30.995869,-36.82914,-38.717644,-24.868877,-30.048183,-39.339622,-42.527267,-42.90277,-40.111217,-48.410267,-45.085503,-48.37095,-49.857185,-51.77385,-56.68846,-53.752613,-54.619755,-51.50109,-56.430855,-56.129032,-57.38133,-56.53747,-57.449192,-57.37112,-59.141243,-59.1772,-59.928,-59.136486
6368,True,-29.73407,-29.769554,-33.919746,-30.315685,-28.186243,-35.34882,-41.292755,-22.170427,-27.919308,-42.433475,-44.654346,-44.27516,-43.07659,-48.307415,-47.464863,-47.28126,-49.24698,-48.55921,-54.173737,-52.988144,-53.943905,-52.88414,-56.439384,-57.91821,-57.433807,-56.502075,-56.621506,-59.521812,-61.23918,-60.455402,-60.459442,-60.863586
6400,True,-30.246075,-34.0607,-37.952072,-29.12075,-25.960722,-33.39126,-37.506718,-20.644981,-25.658337,-40.124363,-42.29897,-42.699413,-40.07641,-49.582466,-48.19769,-48.45086,-47.77202,-45.777172,-51.599537,-53.982307,-55.403324,-53.444904,-56.896725,-58.372147,-55.718918,-56.3751,-56.262413,-57.76527,-58.975067,-60.839508,-59.495907,-59.98639
6432,True,-29.49881,-31.31627,-36.95679,-32.885735,-31.441704,-38.100037,-38.887733,-18.747972,-24.315704,-37.34498,-38.9438,-43.99214,-43.316437,-47.08429,-43.945496,-48.126724,-49.363647,-49.502216,-53.96359,-53.504288,-52.873913,-52.929756,-54.050488,-56.046722,-56.059128,-57.944275,-54.961285,-55.49368,-57.300564,-60.71747,-60.59698,-61.02612
6464,True,-28.101713,-28.450499,-34.435043,-33.37215,-29.26508,-31.819765,-35.323833,-21.690817,-25.864185,-40.32939,-42.41049,-41.3636,-44.08245,-44.784607,-44.57164,-47.402565,-48.890038,-48.065357,-51.85405,-52.779957,-51.948387,-49.462746,-53.491272,-54.865906,-55.815247,-55.43892,-55.666584,-55.91475,-57.353546,-58.6428,-59.392925,-59.907116
6496,True,-32.355366,-29.876463,-36.427067,-31.271606,-28.485697,-34.87735,-39.12294,-21.725945,-26.110868,-42.552185,-45.720383,-45.481033,-46.608887,-47.54603,-40.696434,-43.797134,-50.473907,-50.14227,-53.109673,-54.536366,-53.33732,-53.786514,-59.032665,-56.76855,-56.70497,-56.225677,-54.383816,-56.484688,-59.46485,-60.297203,-58.76068,-58.93587
6528,True,-28.888489,-27.821447,-32.853287,-35.016922,-35.85164,-39.86703,-41.327667,-27.192602,-32.663452,-41.094364,-42.151638,-43.428856,-47.346836,-46.78259,-38.26634,-42.207928,-48.916412,-46.221344,-52.08979,-57.069344,-55.459858,-55.12516,-58.36208,-57.96509,-56.142975,-57.12081,-55.67944,-56.40239,-58.91304,-61.676044,-61.446247,-59.666668
6560,True,-28.398186,-29.749071,-34.68543,-32.45846,-29.114561,-37.41042,-40.443672,-25.435394,-29.217724,-42.089073,-44.09224,-42.931534,-42.90651,-47.52432,-43.846775,-45.774544,-45.376328,-44.50604,-51.768166,-54.391113,-52.702843,-56.871853,-57.025486,-57.393562,-56.595837,-58.323803,-57.397392,-58.472893,-59.04656,-60.174477,-60.734505,-62.073334
6592,True,-28.770164,-28.84404,-34.151062,-33.387146,-27.017153,-34.435837,-39.933453,-26.678572,-30.435863,-40.021954,-42.77021,-41.11072,-41.525978,-48.488842,-49.34642,-48.01887,-48.62024,-48.329254,-55.886475,-57.57392,-55.564827,-53.157166,-55.495495,-55.96398,-56.316925,-57.077873,-56.51495,-58.7558,-58.540115,-59.607773,-59.247192,-60.104977
6624,True,-27.170675,-30.859777,-35.967186,-32.57353,-32.45089,-36.896324,-36.87574,-23.579002,-29.095118,-41.880222,-46.06213,-46.11845,-47.4851,-46.74106,-40.95878,-44.388866,-48.26431,-45.629738,-53.323166,-54.714924,-54.3433,-52.68265,-57.40133,-54.793736,-55.663902,-58.692726,-57.966915,-57.38011,-58.878864,-62.184734,-58.763466,-59.044956
6656,True,-30.149965,-30.455206,-32.79981,-33.61452,-28.550507,-35.03773,-37.65065,-21.125065,-26.122417,-38.24474,-43.332348,-45.529003,-43.259644,-48.57939,-44.744507,-45.69237,-48.448082,-47.905155,-52.08464,-53.885475,-55.497726,-53.58851,-57.291656,-58.243973,-58.59767,-58.49737,-58.315765,-58.548843,-59.414352,-63.217224,-61.72508,-60.289856
6688,True,-32.33024,-30.508413,-34.08381,-36.930946,-26.959742,-33.98709,-39.26084,-20.49759,-25.584145,-40.965263,-40.931633,-43.634647,-42.300262,-47.64196,-45.869556,-48.213783,-53.18856,-51.165215,-51.29283,-55.123573,-53.522842,-53.7924,-59.26841,-58.87339,-57.78448,-57.56937,-57.65016,-60.71514,-60.304268,-61.300884,-61.523777,-61.396046
6720,True,-29.362135,-26.724329,-32.660465,-32.81504,-34.809643,-39.1912,-42.03186,-23.629082,-27.765467,-39.64783,-42.23613,-40.143066,-38.51852,-47.582207,-49.15283,-50.736042,-48.041122,-47.398293,-54.809013,-58.225357,-54.90191,-53.62822,-57.999798,-58.654327,-58.67573,-59.716145,-58.324768,-59.67465,-60.691704,-61.31057,-60.970604,-61.1633
6752,True,-27.033281,-27.892612,-36.895782,-32.16236,-27.342464,-34.169495,-42.336548,-32.004414,-36.24553,-41.01488,-41.345154,-44.852047,-40.621037,-50.21617,-48.29733,-49.95836,-50.534992,-49.14177,-53.66246,-55.537544,-54.77905,-52.24648,-57.219814,-57.20627,-57.67205,-58.914543,-57.77691,-57.922386,-59.877045,-61.06878,-59.404457,-58.769745
6784,True,-30.289291,-30.522835,-36.733974,-34.432705,-28.932734,-35.502594,-40.079723,-36.44149,-39.32641,-45.127483,-45.577652,-42.916573,-42.21633,-48.430553,-45.307587,-49.650436,-51.35179,-49.990696,-53.339966,-57.013702,-54.295525,-52.75049,-57.52674,-58.170082,-57.04359,-59.394054,-57.504677,-58.404537,-60.263054,-57.726284,-60.16508,-59.65583
6816,True,-28.308533,-31.566113,-32.893032,-33.779022,-33.5131,-30.734787,-34.784058,-29.508219,-33.35731,-34.29144,-36.1953,-34.2441,-37.748722,-39.90529,-36.20934,-32.231678,-28.643715,-33.18816,-41.692616,-42.225525,-42.22023,-41.472286,-43.529236,-46.620796,-44.260727,-38.50357,-32.98297,-35.486732,-28.832739,-27.965,-30.261642,-32.55508
6848,True,-27.634384,-30.348833,-32.738422,-31.503145,-29.073109,-32.67324,-40.38107,-20.925732,-25.443111,-39.365074,-43.005302,-40.167355,-42.851837,-45.76155,-42.824608,-45.341423,-42.10709,-45.099293,-49.65535,-51.763477,-50.340523,-49.07084,-54.944946,-54.828163,-52.703205,-51.18133,-46.586246,-48.61915,-43.547585,-45.560883,-45.578133,-46.474155
6880,True,-29.408524,-29.040462,-34.387577,-35.9919,-26.180893,-32.920387,-38.93904,-24.861174,-29.718407,-39.698677,-41.961655,-44.05109,-42.131165,-45.588295,-44.049156,-48.032013,-48.37313,-47.280502,-50.714893,-52.718666,-52.888073,-51.2201,-55.7963,-56.19087,-56.112015,-56.96547,-53.427944,-54.60802,-49.30169,-48.54141,-51.202713,-54.02382
6912,True,-30.19739,-30.273695,-33.25314,-33.967148,-32.173523,-37.246414,-40.76134,-24.729307,-29.802477,-42.93262,-41.6939,-43.051613,-39.49818,-47.03419,-44.8723,-47.70805,-46.983257,-48.855034,-53.857414,-53.794064,-52.938698,-55.37338,-58.446503,-59.41903,-58.105125,-56.34305,-53.83864,-56.137535,-53.867054,-56.128445,-57.156162,-56.605797
6944,True,-29.004318,-27.911272,-34.93725,-35.605145,-30.41459,-36.423782,-40.18032,-20.184156,-25.203306,-42.966595,-44.272873,-44.313004,-42.6929,-48.695442,-43.632545,-47.808376,-49.63389,-53.366714,-54.307037,-57.214577,-55.84528,-52.913826,-57.080135,-57.333504,-57.920513,-60.137955,-56.270695,-57.80829,-56.776886,-57.33366,-58.801186,-57.60443
6976,True,-30.677889,-29.192688,-37.57419,-38.870792,-28.673992,-34.237026,-41.396072,-17.201317,-21.852417,-43.727547,-46.44865,-43.540024,-44.62614,-48.75502,-45.03238,-48.803936,-50.679585,-49.89281,-53.174435,-52.66883,-54.0579,-55.752518,-58.648487,-57.11122,-56.67051,-56.253716,-56.320194,-57.303852,-60.381584,-59.512268,-60.088047,-60.110203
7008,True,-28.472807,-27.483086,-35.00318,-34.883743,-31.179468,-34.305115,-37.65866,-20.63704,-25.35682,-40.51415,-38.948547,-41.815144,-40.47737,-51.190285,-51.040123,-51.085625,-47.759506,-50.974426,-51.243393,-52.836994,-54.06837,-55.81202,-59.71791,-58.120293,-57.64019,-59.78821,-59.090267,-57.98084,-57.221848,-60.015213,-60.616383,-60.15695
7040,True,-26.038383,-27.99798,-33.126373,-31.584286,-26.970873,-33.33438,-43.696587,-23.267927,-28.203375,-41.9976,-43.667625,-44.684708,-42.2773,-47.955326,-44.43535,-48.21806,-47.596725,-48.98957,-52.471573,-52.9942,-55.970272,-54.84453,-58.044075,-57.07272,-58.050518,-56.9941,-57.064133,-57.919907,-58.677948,-60.964375,-58.62167,-59.83276
7072,True,-28.371212,-27.804386,-38.785416,-35.810497,-28.205984,-33.977592,-40.45149,-19.898827,-25.328121,-44.878273,-46.157337,-42.826317,-41.609825,-47.546898,-44.99682,-49.423275,-50.390186,-49.469193,-53.885212,-55.41407,-53.93062,-54.60829,-56.44825,-57.89727,-56.80233,-57.953907,-56.577057,-57.813614,-59.71467,-59.558243,-58.762592,-58.624958
7104,True,-30.29451,-29.541214,-34.925808,-30.81083,-34.42792,-39.319283,-39.62348,-17.728607,-22.038803,-40.924606,-43.10868,-43.414818,-42.953712,-48.765453,-46.545967,-49.46121,-48.510933,-49.95825,-53.493877,-54.06711,-55.453415,-56.38975,-58.165688,-58.672142,-57.61887,-56.716557,-56.47375,-57.52428,-59.8822,-61.212242,-59.620827,-59.81157
7136,True,-24.31133,-25.241318,-36.390385,-34.73401,-26.24833,-33.88022,-42.630466,-20.391647,-25.044823,-42.186768,-43.15214,-44.04241,-44.589973,-49.09056,-44.558952,-47.38415,-51.02906,-51.18798,-55.800186,-53.91562,-54.637787,-58.123505,-59.505657,-57.750854,-58.312397,-58.859184,-57.656967,-58.028088,-59.31419,-61.19888,-60.6062,-59.759975
7168,True,-29.976427,-33.56406,-35.264008,-40.711918,-30.953148,-34.804874,-38.19241,-25.049397,-29.665783,-42.64585,-44.356712,-43.71796,-41.37931,-49.96336,-46.87666,-50.880314,-51.366573,-52.05628,-56.34279,-55.41658,-55.46223,-55.60909,-56.90504,-58.809227,-57.371994,-59.569798,-60.008053,-58.53694,-59.721485,-60.63429,-59.666832,-59.812084
7200,True,-25.871922,-27.507114,-35.871616,-32.80044,-31.17445,-35.580406,-40.02254,-31.812363,-36.065468,-38.808266,-41.259712,-45.75055,-44.713593,-45.11399,-44.57903,-49.352646,-49.03917,-48.002934,-53.137146,-52.734467,-55.86304,-52.93465,-57.483364,-59.405907,-60.483776,-59.765465,-58.10624,-58.46042,-60.0998,-61.676693,-60.222305,-58.928772
7232,True,-28.021563,-30.322006,-34.588886,-35.23237,-27.69149,-34.671593,-40.82023,-24.65523,-31.388987,-40.285545,-42.94699,-42.468666,-40.810894,-50.249752,-46.069168,-48.496193,-46.76306,-47.776817,-54.600075,-53.610474,-56.32366,-56.150017,-57.640373,-56.64901,-58.361973,-59.024704,-56.48321,-57.37889,-59.923992,-60.747864,-58.90946,-58.937496
7264,True,-31.256876,-31.070757,-35.257946,-36.376938,-30.115747,-36.955128,-40.11461,-25.434975,-30.532452,-43.97387,-44.110878,-43.47603,-40.481297,-44.325417,-46.157383,-50.111115,-46.73714,-45.77607,-53.665386,-54.601173,-54.04287,-51.610825,-57.542614,-57.63861,-55.97077,-57.937347,-56.535053,-58.530117,-60.501183,-60.545845,-61.167755,-59.468826
7296,True,-27.891071,-27.533453,-32.936474,-33.869263,-31.681385,-35.30122,-42.6786,-28.383183,-32.48632,-43.152695,-44.87651,-41.899776,-40.89308,-46.25843,-47.773434,-47.793125,-48.951965,-48.692924,-53.064693,-53.657127,-54.989075,-52.512253,-58.212524,-57.135197,-56.737137,-57.60247,-56.96045,-58.68645,-58.20686,-60.2724,-59.43043,-59.411148
7328,True,-27.986553,-28.151,-34.878418,-37.352215,-24.941233,-32.132767,-45.329723,-28.114254,-31.650047,-40.250893,-42.79005,-42.096413,-41.395966,-48.52616,-45.225697,-48.333263,-48.3574,-48.60653,-52.734055,-53.845783,-54.31911,-56.58861,-55.71642,-56.315823,-55.786358,-59.221188,-57.086662,-56.77233,-60.749428,-60.944267,-59.193417,-59.5088
7360,True,-27.105194,-31.460922,-39.353577,-39.58721,-26.874279,-31.90856,-38.773514,-29.284983,-33.359493,-38.943985,-39.566772,-41.474186,-41.846905,-42.137543,-43.16822,-47.262787,-47.864067,-48.204567,-51.63768,-53.7104,-55.03512,-54.38065,-56.27951,-56.314434,-58.3427,-56.965317,-52.80441,-51.420654,-52.792877,-52.73413,-53.66639,-55.60568
7392,True,-29.439804,-31.297348,-39.278378,-39.272686,-31.790363,-33.98727,-40.017437,-32.533268,-36.1955,-40.374,-43.948227,-39.69189,-39.678883,-45.24519,-45.22007,-48.08467,-49.789993,-51.630165,-54.548203,-55.383743,-57.742027,-52.899834,-55.530937,-57.49712,-58.32201,-57.318726,-56.827545,-58.344788,-58.734406,-60.126755,-59.988724,-60.32802
7424,True,-28.293428,-31.907963,-34.7843,-35.900948,-27.296602,-33.91573,-37.355713,-30.15297,-35.281834,-36.81136,-39.64426,-40.477238,-40.43358,-48.337727,-47.301323,-49.357315,-48.538956,-48.400112,-55.87385,-55.30684,-54.683575,-54.407063,-56.718388,-58.27,-56.159626,-57.30671,-57.795242,-58.014168,-60.359386,-59.65374,-60.167103,-60.803448
7456,True,-28.835928,-28.037441,-37.109085,-36.29371,-28.66912,-33.815296,-39.995358,-22.807398,-27.889057,-45.13942,-44.897034,-44.965073,-42.44453,-45.935436,-47.0824,-47.385216,-47.7163,-46.915993,-52.352997,-53.305416,-55.885704,-52.659992,-56.54853,-58.354027,-54.324318,-57.809334,-55.619354,-57.11624,-59.06191,-61.575542,-59.826385,-59.23889
7488,True,-30.41105,-29.222359,-34.421734,-36.591457,-29.772528,-34.490963,-40.460934,-20.842096,-25.334139,-41.90423,-42.394833,-40.370884,-40.1918,-48.609623,-43.39006,-47.868786,-47.20012,-45.111214,-53.008503,-54.804337,-54.588303,-54.485092,-58.129787,-57.27417,-56.926613,-56.958443,-57.064632,-56.801548,-59.59469,-60.340027,-60.830437,-60.379387
7520,True,-30.610867,-30.505768,-40.302166,-33.036583,-23.888206,-31.327374,-41.959362,-20.41889,-24.731646,-36.88125,-42.544308,-43.05442,-40.99797,-46.217422,-45.583305,-47.239056,-48.68091,-45.90695,-54.81958,-54.390522,-55.69727,-53.79844,-58.0915,-58.39084,-56.163933,-56.906925,-58.43804,-59.27198,-57.903828,-59.65939,-60.162548,-60.103783
7552,True,-28.34552,-29.811909,-36.80544,-34.061337,-29.227089,-35.311176,-39.770218,-24.019104,-28.638163,-38.754738,-44.293724,-41.495705,-41.059135,-47.652554,-46.207447,-47.58117,-46.3265,-44.966843,-52.361034,-52.45716,-54.589153,-54.82399,-57.00078,-57.978813,-56.964535,-56.310974,-56.588745,-56.888596,-59.30957,-62.02658,-60.76506,-60.514812
7584,True,-31.923285,-30.317295,-36.53144,-32.4088,-34.653976,-37.713173,-41.26919,-24.664997,-30.171194,-38.6497,-41.28866,-44.925873,-43.296112,-45.087624,-42.694885,-47.904453,-49.033905,-46.00447,-54.537483,-55.828087,-54.07785,-54.909878,-57.118713,-58.11432,-59.02291,-57.62003,-58.031044,-58.699883,-60.111164,-60.845276,-59.08396,-60.78579
7616,True,-28.97516,-27.875654,-32.235138,-35.550125,-30.206469,-37.42154,-40.685307,-31.086237,-34.841743,-39.93017,-43.111374,-43.46367,-43.333355,-47.715385,-42.114227,-46.66799,-48.08191,-46.02985,-53.639107,-54.375633,-54.199814,-54.02943,-56.386066,-57.227425,-59.233875,-57.03212,-58.106846,-58.60618,-59.705143,-61.12467,-59.546417,-62.125313
7648,True,-32.847034,-31.011114,-32.54005,-36.76009,-31.935041,-35.85283,-39.67698,-33.055195,-38.87715,-39.43444,-40.36526,-42.33438,-40.823425,-45.749317,-43.902367,-49.70378,-47.396645,-44.54948,-54.668827,-54.14146,-53.706863,-53.8823,-56.748055,-55.467545,-56.103916,-59.745907,-57.157745,-57.763504,-59.766617,-61.57119,-60.71038,-60.50226
7680,True,-30.100843,-30.09712,-36.522614,-34.715885,-28.69822,-34.71394,-38.234055,-29.632833,-36.102196,-37.590595,-40.142624,-45.115314,-43.51608,-43.885365,-44.805626,-50.75402,-48.845287,-47.858177,-54.925987,-53.01132,-53.896442,-57.386642,-57.205498,-58.817543,-57.6022,-57.456963,-57.123203,-57.68005,-59.30796,-61.188515,-58.900116,-60.091137
7712,True,-30.684626,-31.379684,-34.081818,-29.706844,-27.287321,-33.363155,-42.42581,-27.727186,-32.834774,-41.9271,-43.016514,-44.12503,-43.254738,-46.226612,-42.312298,-45.745964,-48.203625,-52.275944,-54.04863,-53.20665,-54.19311,-57.219296,-55.781456,-56.36852,-55.91556,-58.00405,-56.585648,-57.600258,-58.08943,-60.717888,-61.29754,-60.11469
7744,True,-29.81483,-26.92965,-32.69008,-36.199093,-31.129782,-34.745583,-41.329735,-34.420265,-36.636917,-35.797066,-38.29374,-40.772896,-41.66761,-44.960014,-45.300373,-49.61918,-49.477867,-50.22585,-50.952423,-51.79392,-53.911053,-55.03695,-57.192307,-55.75119,-56.32888,-57.75943,-58.6949,-57.019382,-59.347412,-61.309402,-61.02594,-59.808548
7776,True,-29.318216,-29.609678,-34.82772,-40.093086,-28.012257,-33.61013,-43.149742,-36.10863,-40.320793,-38.919632,-40.63256,-41.80531,-42.83207,-47.41693,-47.952274,-49.288136,-50.05055,-52.064266,-53.220398,-53.78911,-53.489857,-52.388874,-56.253857,-57.2349,-56.012817,-57.78766,-56.864815,-56.15637,-57.308342,-60.12392,-60.836483,-60.66017
7808,True,-27.507748,-27.82324,-32.65217,-32.788975,-23.782795,-30.648787,-42.10872,-35.612885,-41.24492,-42.78083,-40.638447,-44.122818,-41.818,-45.887543,-43.336483,-48.827473,-49.023827,-48.973804,-51.980824,-51.552677,-53.09805,-53.6707,-56.261692,-57.04718,-57.697483,-58.78275,-56.57615,-57.129402,-59.09587,-60.36632,-59.58798,-60.36881
7840,True,-30.097506,-30.408571,-34.125084,-29.769705,-28.038046,-33.189144,-40.42385,-26.426235,-31.740406,-41.08652,-43.635002,-43.534424,-41.909595,-49.62173,-41.197586,-44.335266,-48.32699,-47.515533,-51.762154,-51.145897,-54.398254,-55.163483,-55.48803,-57.92261,-55.975037,-56.487984,-57.53261,-57.58423,-58.33024,-59.566986,-60.75018,-60.65793
7872,True,-28.896711,-31.255352,-31.90896,-30.607723,-27.731632,-33.93441,-44.950848,-23.451387,-27.20324,-41.350903,-41.76676,-41.781406,-41.367855,-46.335716,-43.19349,-46.22267,-49.840412,-51.35324,-51.212864,-53.84957,-54.52881,-53.66519,-56.940216,-58.407715,-58.773502,-59.44343,-58.15773,-56.64967,-57.617374,-59.76676,-60.112892,-61.073948
7904,True,-32.808395,-31.762047,-34.717377,-34.20945,-26.38919,-28.788996,-34.153534,-22.495043,-26.242245,-37.968517,-37.182556,-34.854187,-36.525272,-38.177273,-34.74654,-31.95299,-28.988588,-33.031685,-41.929127,-42.453255,-42.357834,-42.84876,-43.43138,-48.101887,-45.228752,-39.081192,-37.448574,-36.900856,-27.804897,-28.144026,-32.28578,-34.04819
7936,True,-26.890772,-27.371479,-31.232185,-33.77891,-33.541576,-29.27125,-36.814808,-29.250706,-33.787415,-37.547153,-40.39198,-39.325027,-40.429188,-47.333714,-43.20604,-44.189686,-40.5487,-43.421207,-49.019287,-49.444656,-49.98494,-50.25604,-52.749462,-53.160213,-51.807022,-50.741455,-48.51511,-48.54133,-42.31922,-43.794952,-44.520092,-45.06539
7968,True,-28.434765,-27.783642,-37.594513,-30.28425,-26.504406,-33.76098,-40.42696,-28.474323,-31.815464,-40.314835,-41.329502,-41.809135,-37.917015,-45.207413,-45.876205,-46.003345,-44.357563,-48.073425,-52.56228,-51.17508,-51.737213,-52.816376,-55.13846,-55.016727,-53.983505,-55.302433,-53.04458,-52.569855,-47.525375,-48.563797,-51.643585,-52.92491
8000,True,-28.340797,-29.33854,-35.669025,-32.694977,-27.626211,-33.43313,-40.027092,-26.507671,-30.014004,-37.106155,-39.05526,-40.305138,-40.937675,-48.07834,-44.3823,-46.95383,-46.613163,-47.54384,-49.806435,-52.294292,-53.93753,-52.60586,-54.520954,-54.856762,-55.832066,-55.592808,-54.67507,-55.23066,-53.91607,-54.29678,-56.82914,-55.73957
8032,True,-28.727509,-27.496302,-35.207237,-35.045662,-33.58911,-38.611267,-39.453514,-34.523643,-36.48667,-43.551086,-45.748676,-43.323532,-39.938957,-49.115074,-44.755676,-47.287598,-48.307213,-46.71255,-50.739998,-53.353355,-52.9217,-53.553215,-56.079105,-56.035496,-54.93606,-56.9868,-55.449738,-56.86486,-56.782806,-58.289734,-58.25594,-59.79447
8064,True,-29.294157,-31.855299,-34.81532,-31.187391,-29.874512,-35.258537,-40.94275,-25.683317,-29.220228,-39.359844,-42.597862,-45.141224,-42.03327,-47.04981,-46.68528,-49.90707,-48.543324,-45.544643,-53.852684,-54.45819,-53.485558,-53.016396,-55.388344,-57.329277,-58.469574,-57.587666,-56.095055,-57.21837,-58.4446,-59.991455,-59.84064,-59.393658
8096,True,-31.242626,-26.072351,-33.577927,-33.45733,-29.953144,-34.840034,-40.00743,-25.462051,-29.968273,-40.00554,-40.841652,-43.09372,-43.444805,-50.82965,-45.74256,-46.58602,-46.208923,-44.71186,-52.06326,-53.980717,-54.37446,-55.797035,-56.364178,-58.908432,-58.937702,-57.546898,-57.30018,-57.48409,-58.348614,-59.68294,-60.658928,-59.92764
8128,True,-27.50328,-25.879261,-35.878548,-37.022648,-28.23138,-34.356403,-41.032467,-27.33152,-30.844532,-39.606865,-42.807228,-42.94662,-42.30935,-46.414284,-40.784077,-44.541813,-44.754036,-41.276093,-52.85658,-52.86344,-54.553143,-55.295746,-58.125206,-59.398464,-58.869953,-58.7574,-58.160385,-58.518482,-60.26703,-60.01816,-60.646637,-59.34529
8160,True,-29.801872,-31.214113,-38.26866,-39.83236,-24.290731,-30.855373,-38.621586,-25.809189,-28.67154,-40.11711,-41.68919,-45.033993,-43.081314,-46.672516,-48.310146,-51.73369,-47.91581,-44.550167,-54.715965,-55.422997,-53.411865,-54.26153,-56.569313,-56.149452,-55.894104,-57.558895,-57.61727,-58.945843,-60.01242,-61.197083,-60.648888,-60.067375
8192,True,-28.856514,-28.438278,-37.39926,-34.7543,-30.699308,-36.080997,-39.852955,-25.17628,-29.431442,-42.62017,-42.67079,-41.58014,-40.35588,-47.83432,-46.91547,-50.030724,-45.808887,-43.066193,-54.337013,-56.046986,-55.808033,-52.20232,-58.03232,-59.482647,-57.091316,-57.163776,-57.56838,-58.151546,-59.007668,-59.882256,-59.93602,-60.36229
8224,True,-27.866875,-30.452847,-34.119442,-36.24458,-32.6596,-37.223896,-41.20287,-27.410862,-31.064255,-41.60919,-43.429356,-45.213272,-44.268898,-44.430653,-44.42885,-45.70253,-49.07496,-47.553402,-53.53026,-53.80304,-54.053375,-52.51564,-57.763443,-57.77454,-57.98479,-59.919926,-59.609703,-58.708008,-60.56865,-59.743866,-60.214916,-60.585705
8256,True,-28.759304,-25.98131,-35.760277,-34.13394,-28.170607,-35.098877,-40.752083,-26.406757,-31.605362,-41.82888,-45.164284,-43.804802,-40.253197,-46.690506,-46.717216,-49.45709,-46.464333,-44.55187,-54.992886,-56.123657,-56.990685,-53.76642,-58.461594,-59.66046,-58.476128,-58.875755,-59.50371,-58.542397,-59.726986,-60.555477,-61.578884,-60.090233
8288,True,-30.628502,-27.480831,-38.348362,-33.512493,-31.365505,-36.331913,-40.877876,-23.891851,-29.614323,-39.156387,-42.165546,-39.31787,-39.254013,-45.274273,-45.844482,-47.481728,-46.699657,-44.430298,-54.58741,-52.83815,-55.284004,-53.359917,-55.771805,-56.5224,-58.07453,-59.06177,-59.108078,-59.43702,-58.732414,-59.73393,-60.065098,-60.309097
8320,True,-26.885176,-26.589481,-31.906872,-32.82045,-31.996767,-34.90648,-39.05781,-28.123644,-32.824703,-37.968678,-41.28628,-42.220604,-40.9128,-44.678543,-42.817184,-45.244568,-46.61928,-45.233173,-52.161034,-48.805283,-49.5488,-50.51363,-52.915043,-54.20942,-54.36945,-57.405006,-56.019283,-54.637268,-56.647907,-59.68255,-59.44878,-60.89537
8352,True,-28.012222,-27.253864,-34.227722,-36.3371,-27.726898,-34.034065,-40.47299,-29.96807,-36.46374,-45.17276,-44.25693,-43.096527,-41.162373,-49.29857,-48.640755,-49.092022,-48.392063,-46.89243,-51.72963,-51.255577,-52.022964,-50.575653,-54.317936,-55.77503,-56.8252,-57.32851,-55.916096,-56.700214,-57.05001,-60.262993,-61.569817,-60.685165
8384,True,-32.447422,-32.48564,-35.339874,-34.849068,-33.936283,-38.874226,-39.21006,-24.80325,-29.628162,-37.886005,-38.38485,-42.28939,-43.613533,-46.479134,-45.877186,-47.187294,-46.88595,-44.562954,-52.642864,-57.138046,-53.3485,-51.11339,-55.451054,-54.009476,-56.393845,-58.08631,-56.36531,-58.702675,-58.902287,-61.458202,-59.249416,-57.890137
8416,True,-28.347141,-28.327744,-33.31504,-32.13159,-30.11457,-34.292862,-39.00091,-25.683937,-30.726564,-36.889187,-39.842255,-41.56205,-42.49689,-44.60184,-46.680023,-46.60635,-48.03807,-46.020996,-54.3745,-53.296463,-52.871723,-55.06862,-56.866688,-58.040657,-57.29008,-58.499924,-54.83184,-57.375343,-59.383835,-61.043682,-58.596493,-59.61331
8448,True,-28.491772,-24.768005,-32.96536,-31.629436,-26.851734,-34.463375,-42.822433,-20.835419,-26.348562,-37.76115,-39.885345,-41.91603,-38.22426,-46.937027,-44.796646,-46.311966,-45.462204,-46.88892,-52.819427,-53.008194,-53.189888,-50.589485,-56.782433,-56.090958,-54.581596,-55.703476,-52.99314,-52.207176,-52.48117,-51.917404,-53.88155,-55.07706
8480,True,-26.415638,-30.403385,-34.454136,-32.144943,-30.640535,-33.42061,-36.547005,-17.838419,-23.525589,-35.948814,-38.12762,-41.707306,-39.991634,-46.407417,-43.67981,-48.319595,-49.37653,-48.83412,-52.260735,-52.782436,-53.57331,-53.112022,-58.2255,-57.06024,-55.191925,-58.447495,-57.479866,-57.180496,-57.787243,-57.48888,-57.720078,-59.96489
8512,True,-25.23605,-24.37032,-34.734524,-32.583958,-30.119698,-34.768177,-39.480537,-19.699814,-24.880638,-39.18542,-40.673492,-40.476067,-39.51134,-47.7153,-47.71439,-45.80231,-47.266273,-45.966095,-53.050198,-55.761322,-52.58387,-52.15982,-56.055367,-59.429848,-57.715916,-57.831936,-57.22464,-57.149586,-59.403973,-58.879654,-59.110523,-59.305336
8544,True,-26.70887,-34.045483,-36.220367,-31.661121,-28.45173,-34.086742,-40.302547,-26.470558,-30.743029,-38.061623,-40.675816,-40.974403,-39.32837,-47.547894,-42.90468,-46.4068,-48.626404,-45.87151,-52.72357,-55.826675,-57.585365,-55.306427,-58.787457,-57.996452,-56.47602,-58.820816,-56.3369,-57.588913,-59.920403,-60.06785,-59.64463,-60.24425
8576,True,-29.914833,-32.212624,-34.70247,-34.617657,-33.146637,-38.120136,-42.155743,-22.003496,-27.561127,-37.34742,-39.851055,-42.518497,-41.210403,-49.76644,-42.4181,-45.51054,-47.508736,-44.484524,-54.46712,-54.4795,-55.659363,-53.847626,-58.61125,-57.222466,-57.18037,-58.077415,-56.884228,-55.827354,-57.47924,-60.787415,-62.020306,-61.691063
8608,True,-27.521393,-29.435696,-33.067585,-37.189518,-25.452375,-31.931322,-42.671055,-24.799969,-29.75676,-36.052822,-37.922348,-42.43854,-39.737053,-44.385,-40.655704,-45.58634,-47.390724,-44.151703,-54.10453,-54.08562,-52.91842,-52.802048,-58.483814,-58.151035,-57.293007,-56.60223,-57.020325,-58.0341,-59.04375,-60.00599,-59.7771,-59.828266
8640,True,-28.630445,-32.421593,-39.88974,-34.128757,-24.38176,-31.376245,-44.94238,-28.603888,-32.30285,-35.905056,-38.747787,-42.982437,-41.79821,-49.20202,-42.086773,-45.766712,-47.697166,-46.185066,-55.433685,-55.80145,-54.823856,-55.53174,-56.543293,-59.240578,-59.224808,-58.69481,-57.306694,-57.237072,-59.053097,-58.11279,-59.16426,-59.454758
8672,True,-29.601925,-29.101677,-34.485153,-32.582775,-28.790573,-33.36702,-40.244694,-29.88902,-38.524643,-40.575424,-42.46239,-41.739082,-39.651306,-48.28112,-44.231277,-48.903984,-47.82282,-45.806625,-53.472603,-55.74269,-57.474476,-53.383907,-57.85845,-57.91783,-57.04777,-58.9256,-56.769157,-58.110703,-60.70935,-58.79535,-58.830257,-61.787132
8704,True,-27.45974,-27.965536,-33.510174,-34.603497,-28.436256,-34.66964,-41.022453,-27.338078,-32.83025,-37.894882,-40.74449,-42.949444,-43.716602,-51.254852,-43.902702,-46.766785,-46.253677,-44.53544,-52.44852,-54.264225,-57.706966,-55.041637,-59.05102,-57.56669,-56.59737,-55.09886,-55.671276,-57.34153,-60.113293,-60.684315,-59.90912,-60.116848
8736,True,-29.131054,-33.441635,-33.728786,-38.608555,-28.944128,-34.614082,-40.417934,-23.681868,-29.659119,-40.14587,-43.06187,-40.857292,-43.290653,-50.039024,-48.78753,-48.668655,-47.932774,-48.958164,-55.31788,-54.183548,-54.01144,-54.488274,-57.371086,-57.76776,-58.213676,-58.473755,-55.82888,-57.006126,-60.001072,-60.987183,-59.212914,-60.668663
8768,True,-26.549398,-28.365068,-36.13822,-33.066402,-35.576412,-37.561546,-40.57632,-26.10715,-31.755983,-36.72351,-39.734734,-44.82866,-44.004444,-48.706318,-46.37817,-49.965168,-50.408665,-50.006596,-53.218323,-53.34413,-54.99993,-54.379135,-58.90258,-59.766434,-58.48511,-58.77678,-57.09247,-58.834633,-60.170296,-61.437984,-59.680107,-59.623375
8800,True,-26.613214,-29.227848,-37.970318,-36.894386,-26.8211,-32.476917,-40.623596,-25.33044,-29.49408,-34.74624,-36.61351,-42.788322,-44.99511,-46.193142,-47.826195,-50.10861,-47.655807,-46.397324,-54.832413,-56.064102,-54.307957,-54.838123,-55.27334,-56.225487,-56.824463,-56.408714,-55.618538,-57.013924,-57.94897,-59.879154,-60.155746,-61.217873
8832,True,-30.299953,-33.037758,-36.65506,-38.72691,-28.735,-34.67251,-42.71401,-23.116123,-27.415321,-36.918064,-39.33106,-42.636536,-42.16535,-46.575047,-43.104385,-45.836376,-48.64615,-47.32004,-51.416584,-54.591034,-56.30021,-54.03369,-56.45543,-56.92406,-58.30895,-59.43121,-56.98975,-58.622177,-59.000748,-60.723972,-59.784927,-59.683304
8864,True,-25.201,-26.406227,-36.939293,-32.817394,-33.925713,-39.786705,-44.55654,-27.037277,-30.80364,-33.901142,-37.084904,-42.288326,-41.339256,-48.88704,-44.529224,-46.456264,-48.715862,-51.42444,-53.987556,-56.02949,-55.66674,-56.19125,-59.04018,-57.030914,-55.25627,-55.61226,-56.627193,-57.891785,-60.079082,-60.286285,-58.87945,-59.955822
8896,True,-27.801468,-30.331097,-33.62534,-34.56297,-28.915777,-35.605053,-41.530968,-33.939358,-36.152313,-34.651512,-38.30854,-40.826385,-43.32153,-48.57742,-44.49677,-48.402447,-49.699318,-47.643017,-53.915974,-56.653347,-57.157787,-57.748146,-58.931484,-55.57993,-55.655014,-56.747242,-56.952316,-58.96822,-58.586143,-60.81011,-60.579487,-60.59959
8928,True,-29.33474,-28.594872,-34.15141,-31.376524,-30.012293,-35.18781,-42.00211,-31.64642,-34.62898,-36.477283,-37.955338,-43.92721,-41.995766,-46.325607,-42.24447,-45.71636,-48.878685,-46.26004,-53.78067,-59.205864,-56.225315,-55.64243,-58.885704,-58.0209,-56.350197,-57.961807,-57.687737,-58.453297,-61.40861,-59.89702,-59.839935,-59.89838
8960,True,-26.170036,-28.565786,-35.745842,-35.117065,-30.869751,-36.181896,-38.762672,-28.936806,-34.375603,-35.53963,-37.938663,-41.396873,-38.002922,-46.00908,-46.10569,-48.348736,-48.690414,-46.5057,-52.70782,-53.844856,-55.246094,-54.37077,-57.633263,-56.91722,-56.319626,-57.272987,-58.072914,-59.2782,-60.824642,-59.131737,-60.403725,-58.245846
8992,True,-29.117567,-28.615192,-36.01026,-29.24091,-26.80005,-31.262516,-36.193523,-24.737263,-29.661648,-40.05413,-39.66729,-34.785103,-34.012455,-38.95138,-36.289143,-32.379425,-29.825611,-33.301003,-43.47995,-45.42354,-46.62661,-44.81481,-44.691994,-48.32007,-46.273956,-43.302254,-39.591415,-36.14303,-30.150957,-29.094591,-32.445007,-35.576965
9024,True,-28.63106,-27.027895,-32.245407,-36.761314,-31.792095,-28.395226,-35.37763,-23.626345,-28.083755,-37.13756,-38.05966,-37.191612,-39.514782,-42.03985,-42.61052,-42.74144,-36.636448,-38.82137,-48.275948,-50.11628,-46.667023,-49.711487,-49.716972,-52.95544,-50.29303,-49.67227,-44.022575,-41.662758,-39.479744,-41.126442,-42.23871,-44.315033
9056,True,-31.060438,-27.512577,-36.285778,-33.161407,-29.89349,-36.781815,-40.362534,-28.868143,-33.717087,-35.68314,-39.453533,-44.990074,-40.891922,-46.77313,-46.876816,-45.586926,-45.31866,-44.821213,-50.51119,-51.519238,-55.043125,-50.434986,-54.942608,-54.98173,-53.5485,-56.42841,-52.74079,-53.273346,-48.84552,-48.3628,-51.05091,-52.406384
9088,True,-30.4609,-31.15821,-33.01321,-34.99187,-27.415771,-33.070175,-40.108532,-24.421576,-28.510757,-38.414433,-40.65473,-42.172203,-40.984917,-44.893154,-43.496002,-46.532906,-47.42946,-46.873493,-53.358215,-54.972538,-55.197353,-54.209328,-56.96942,-55.574574,-55.75341,-55.475544,-54.316277,-54.395542,-53.606586,-54.57837,-56.59577,-56.40966
9120,True,-28.498678,-25.814373,-38.018272,-33.901783,-32.194885,-37.17504,-40.12744,-29.043232,-32.994446,-35.827477,-37.80221,-44.037823,-41.73243,-46.330772,-47.293682,-49.66448,-49.241684,-48.248386,-53.784058,-52.811924,-53.840176,-51.81169,-57.45221,-58.39937,-58.17551,-58.90716,-55.254246,-55.086216,-55.67006,-57.287636,-58.474777,-58.482357
9152,True,-27.074333,-27.71389,-38.630745,-36.327568,-31.424835,-36.497154,-44.54822,-29.783514,-34.343487,-35.11827,-36.754833,-39.383614,-39.056202,-47.31962,-45.645332,-47.14846,-49.315678,-46.590736,-53.00617,-55.067066,-55.312042,-53.569977,-57.67746,-59.03794,-58.17478,-59.178047,-58.405895,-58.448578,-58.78515,-58.51754,-58.946003,-59.161854
9184,True,-25.191963,-24.113531,-35.11244,-31.105757,-27.046524,-34.007145,-38.825275,-32.547955,-35.73175,-33.980583,-37.832153,-45.12587,-44.437897,-48.58632,-44.241924,-46.8746,-51.585423,-49.28955,-53.78145,-53.97407,-53.68546,-56.137394,-59.344048,-58.75158,-58.299637,-56.951935,-57.84985,-59.18544,-60.996086,-59.312634,-60.023388,-59.045048
9216,True,-28.790554,-27.563503,-34.80465,-33.68548,-33.87824,-38.45477,-42.97911,-26.600084,-31.170042,-35.240265,-37.231182,-46.412994,-46.057358,-50.362236,-49.115105,-49.341644,-47.623238,-45.81924,-51.848885,-52.68322,-53.73033,-54.4993,-55.7476,-54.928192,-55.520153,-55.14358,-54.841423,-56.788807,-59.624313,-59.248894,-60.47309,-59.56073
9248,True,-29.505611,-34.45954,-37.33728,-31.886065,-26.880083,-33.244606,-43.24915,-30.91394,-35.295715,-39.157665,-42.180958,-44.48469,-42.06401,-48.73812,-46.17456,-50.233788,-47.881413,-45.893864,-52.522186,-51.374683,-54.297546,-55.861626,-57.06234,-56.45041,-57.0178,-58.32768,-57.232243,-58.060932,-58.7422,-60.843388,-58.961716,-58.406418
9280,True,-26.770466,-28.587692,-32.190796,-29.748564,-25.243721,-31.593307,-40.88517,-28.229492,-32.344532,-35.431046,-36.824883,-42.69747,-42.305893,-47.477585,-42.575943,-46.434547,-47.255234,-44.479523,-53.44731,-54.70013,-55.818924,-52.782097,-56.44317,-57.77372,-57.74967,-59.41593,-57.38201,-57.029175,-59.160057,-59.694256,-60.238,-60.456497
9312,True,-30.49204,-28.97486,-32.8532,-32.35951,-31.09212,-34.5458,-43.692345,-29.128294,-34.84217,-36.879345,-38.86627,-41.318096,-42.757725,-48.986088,-47.143406,-49.464638,-47.15563,-44.397217,-54.35182,-55.10504,-55.257095,-53.93625,-57.174126,-57.100758,-57.045258,-60.236782,-57.293705,-59.91438,-60.574486,-60.01648,-59.518547,-60.404785
9344,True,-31.008728,-28.672132,-35.58316,-32.35898,-24.76931,-31.281967,-38.064697,-26.982983,-32.678284,-39.51402,-42.01832,-41.546333,-40.909195,-47.153778,-43.60353,-48.235546,-47.088524,-44.143814,-53.283764,-55.402225,-55.73969,-53.632393,-57.09265,-59.758266,-58.590054,-58.589592,-58.08922,-60.02868,-62.212524,-61.954838,-59.940968,-59.576183
9376,True,-27.330664,-28.031084,-36.283783,-35.301273,-25.576874,-31.829393,-38.853,-24.284925,-30.393288,-36.970375,-40.100433,-44.425102,-41.413673,-44.00625,-41.13253,-44.945915,-48.536743,-47.29699,-50.896584,-50.66822,-53.84249,-52.98679,-55.883045,-56.31249,-56.737156,-57.78042,-56.44477,-54.45926,-57.884125,-59.435272,-59.713017,-59.681335
9408,True,-29.309072,-29.980106,-35.260624,-34.900414,-28.61017,-34.091537,-40.99338,-18.109892,-22.662619,-40.89502,-43.510452,-44.71912,-41.690186,-47.245674,-44.33117,-48.887287,-48.210102,-45.814133,-51.988052,-53.837944,-53.301186,-50.36768,-54.28562,-57.909904,-58.016792,-57.858997,-56.70375,-57.836357,-59.37912,-60.31211,-60.219456,-59.189545
9440,True,-26.836563,-27.671984,-33.9031,-35.143074,-25.855816,-32.688614,-43.998978,-22.274485,-26.75977,-34.59939,-35.985012,-42.53714,-42.886578,-50.520317,-45.808887,-49.07022,-47.460655,-46.02967,-50.217644,-53.404457,-54.509148,-54.651855,-55.3329,-57.29427,-56.9968,-55.946842,-56.82848,-57.676716,-57.648083,-60.018536,-59.59561,-59.67124
9472,True,-31.67442,-34.261677,-33.951286,-35.65949,-28.774963,-34.63667,-40.88572,-27.123657,-30.936575,-35.197617,-36.908363,-38.802647,-41.98822,-47.46425,-46.543503,-49.89267,-48.180817,-45.484955,-54.014797,-51.86131,-53.10965,-53.517284,-56.97223,-56.609684,-55.49088,-54.70507,-57.42514,-59.67768,-58.899544,-60.84594,-60.239693,-60.39614
9504,True,-34.684303,-36.080727,-32.76714,-31.74423,-32.93245,-37.878872,-39.11338,-29.292528,-33.535995,-37.900787,-38.756336,-41.65438,-41.093735,-47.46956,-43.719906,-45.361084,-49.291073,-47.261124,-54.466324,-53.629906,-55.077053,-54.70846,-56.446644,-56.68344,-57.31179,-56.85669,-57.870613,-58.592075,-59.140083,-62.163353,-61.248035,-60.00962
9536,True,-26.847263,-27.326204,-34.203506,-29.408775,-25.42569,-33.00635,-40.371433,-21.72681,-26.594982,-36.262318,-38.16461,-44.94318,-42.742382,-50.048717,-44.510506,-48.996307,-49.624214,-48.494686,-52.672104,-53.603592,-55.94378,-53.889343,-57.298058,-56.044334,-56.203022,-57.81721,-54.103657,-52.338215,-53.92241,-51.712727,-52.3905,-54.603004
9568,True,-27.88237,-31.673424,-33.98852,-30.402441,-27.798214,-32.24868,-39.3188,-30.323605,-35.249706,-39.10776,-40.81832,-42.981358,-39.66049,-45.63427,-42.26993,-45.840828,-48.298058,-47.519917,-52.54173,-54.704594,-55.831146,-54.667355,-59.203667,-56.442215,-57.31591,-57.50368,-55.55878,-57.379013,-59.521328,-60.74733,-59.95073,-59.90074
9600,True,-32.357258,-36.096905,-36.70632,-35.31869,-32.58899,-37.48477,-44.116264,-30.123379,-34.78026,-35.598495,-37.62567,-45.055195,-42.668922,-49.37088,-48.267174,-48.6546,-47.900208,-45.378403,-52.60861,-55.363075,-55.91125,-53.45682,-55.9943,-59.16253,-58.59921,-59.438168,-58.46081,-58.8271,-60.288483,-62.070126,-60.99903,-58.971348
9632,True,-33.68116,-34.80664,-33.17563,-34.831127,-27.577663,-33.852074,-43.17297,-24.536123,-30.445805,-40.015186,-40.730904,-41.650692,-39.68569,-46.280304,-41.979443,-44.612827,-47.816895,-46.196117,-53.515877,-52.452408,-54.911232,-56.064514,-55.924675,-57.137016,-57.36385,-58.784264,-58.34906,-57.851967,-60.19761,-60.852226,-59.50261,-59.24894
9664,True,-27.421013,-29.775444,-32.895615,-34.234524,-29.036316,-34.38378,-40.003376,-34.45485,-37.939457,-39.42317,-42.16904,-40.23401,-37.63125,-48.090767,-45.543175,-48.596664,-47.610363,-46.006577,-55.036243,-53.609623,-54.315777,-53.40189,-55.634697,-57.282295,-57.357048,-59.006824,-57.69545,-58.6915,-59.745007,-58.227844,-60.237026,-58.46847
9696,True,-32.83812,-34.311,-35.791847,-36.305294,-26.410753,-32.150826,-41.882168,-25.889256,-31.398096,-38.46334,-40.92184,-40.680977,-41.10475,-46.861893,-47.45109,-46.1427,-50.042168,-47.669563,-52.379032,-52.91599,-53.977184,-54.469826,-55.711628,-55.978683,-57.106728,-58.12245,-58.01174,-56.555977,-59.176517,-60.803165,-60.262703,-60.676674
9728,True,-30.718018,-33.133785,-35.371395,-33.232567,-22.30181,-29.380186,-39.74175,-24.079304,-29.558401,-38.282585,-39.70326,-39.19762,-41.42019,-49.62195,-45.34763,-48.039177,-49.205223,-47.54067,-54.525406,-56.155315,-54.4104,-53.853622,-58.631912,-58.597454,-57.285877,-56.118816,-55.379044,-57.181973,-60.689293,-60.1734,-60.248432,-61.112408
9760,True,-31.18654,-32.09141,-30.799694,-31.876059,-27.594843,-32.42186,-40.997673,-21.719421,-27.36581,-36.240623,-38.038437,-43.89747,-43.483696,-48.151398,-44.895397,-47.43245,-48.538815,-48.103683,-52.87724,-55.484406,-55.075066,-53.259045,-57.636356,-56.459255,-57.586613,-56.301273,-56.780968,-57.32937,-58.517426,-61.248055,-59.354362,-58.735004
9792,True,-30.419407,-33.92552,-33.16506,-31.11575,-26.417412,-32.35074,-40.502617,-24.481972,-29.693031,-38.9169,-40.371414,-43.776405,-42.49196,-48.45944,-47.854748,-51.457222,-49.23034,-46.426903,-52.813343,-54.35723,-55.578926,-53.771572,-58.077415,-58.632195,-58.619064,-57.781082,-56.46347,-56.886368,-61.189034,-62.43509,-60.64173,-59.860817
9824,True,-28.146257,-30.056625,-39.724438,-33.029335,-25.653505,-32.482517,-38.42624,-30.0912,-34.33361,-39.457344,-40.265686,-41.799843,-39.55043,-45.837307,-46.159355,-48.058952,-47.91653,-48.30609,-51.510605,-52.79365,-54.738964,-54.584915,-59.199886,-57.728073,-57.044807,-59.15355,-58.969116,-59.803925,-59.723427,-59.894547,-58.91357,-59.74663
9856,True,-30.356148,-28.107773,-31.529022,-30.951662,-29.721245,-33.849304,-39.415394,-25.971207,-29.975914,-38.708508,-42.04025,-44.611076,-41.557255,-51.175236,-44.266777,-47.071175,-49.961582,-49.115486,-53.048573,-52.65333,-54.407345,-54.65725,-57.468033,-58.13759,-57.51848,-57.912384,-57.231743,-58.440643,-59.49634,-61.57661,-59.445835,-60.683685
9888,True,-25.453169,-29.08963,-33.537994,-33.169773,-26.416492,-33.11169,-41.942123,-25.107113,-29.058916,-37.264675,-38.82312,-43.08728,-43.130516,-49.196926,-43.59247,-47.71579,-51.319424,-49.928055,-53.516163,-54.900597,-54.653374,-56.41445,-58.59053,-57.966045,-60.546688,-58.859184,-57.775833,-57.97028,-60.38328,-62.121307,-60.418697,-58.885426
9920,True,-30.45348,-29.07101,-35.573097,-37.32739,-24.440392,-30.747469,-40.688877,-25.884117,-30.067083,-35.863667,-39.14097,-41.73969,-43.672962,-45.550293,-45.12438,-49.552788,-47.366844,-46.355667,-54.12442,-53.68341,-54.81455,-55.172974,-56.87592,-56.611206,-58.124485,-58.866837,-57.333824,-57.913628,-61.73611,-61.15532,-60.482895,-59.235786
9952,True,-29.783323,-28.127764,-32.97565,-35.553776,-30.62208,-35.319263,-37.152782,-23.39508,-30.065948,-35.914074,-38.029247,-39.249557,-40.528698,-46.525608,-46.033993,-49.230408,-46.69975,-46.450752,-54.225273,-53.444004,-53.36286,-53.972015,-58.474995,-58.277534,-59.48013,-57.28225,-57.161827,-58.681007,-59.694115,-60.35233,-60.114647,-60.567223
9984,True,-27.16698,-28.617975,-36.5025,-37.762657,-25.987953,-31.556545,-39.232372,-22.68283,-28.402168,-37.7598,-39.79124,-40.424427,-41.056446,-45.09451,-45.890156,-49.05768,-48.90712,-46.536694,-53.552013,-55.44641,-56.159325,-55.18448,-56.684834,-58.773354,-57.92881,-60.135254,-58.12539,-59.166336,-61.64119,-60.581398,-60.1632,-60.254868
