timestamp,faulty,band_0,band_1,band_2,band_3,band_4,band_5,band_6,band_7,band_8,band_9,band_10,band_11,band_12,band_13,band_14,band_15,band_16,band_17,band_18,band_19,band_20,band_21,band_22,band_23,band_24,band_25,band_26,band_27,band_28,band_29,band_30,band_31
0,True,-26.579483,-31.15345,-34.080273,-37.60036,-39.657276,-43.391228,-42.294155,-42.56765,-42.698784,-43.018726,-45.105873,-44.671177,-49.92468,-50.644527,-48.22563,-51.102554,-55.60921,-53.32192,-53.849377,-55.455383,-55.030025,-58.33782,-55.634415,-55.480175,-58.782272,-60.074535,-59.798203,-59.217495,-57.628994,-58.158783,-60.219845,-59.999214
32,True,-23.538948,-25.102306,-31.084743,-34.148544,-39.371506,-38.131462,-38.553978,-39.714474,-36.96879,-36.73272,-43.06728,-49.857628,-49.352947,-47.069756,-46.224747,-48.50742,-49.466534,-51.134624,-56.57549,-53.084564,-54.0849,-56.085045,-55.5488,-55.98312,-58.983444,-59.443226,-59.00497,-59.88895,-58.00361,-57.686996,-60.84433,-61.92841
64,True,-28.099108,-26.089718,-30.048641,-32.903046,-36.538433,-38.825153,-41.95079,-40.63498,-37.07954,-37.65962,-43.260292,-45.691128,-49.505848,-48.34214,-52.230526,-51.049957,-49.571995,-53.12404,-52.9546,-54.52135,-53.908592,-53.949123,-58.000427,-57.42958,-59.94763,-61.01712,-62.289272,-61.894608,-60.878593,-60.4862,-63.802437,-65.62133
96,True,-22.357027,-25.773256,-28.14671,-31.095036,-35.15706,-39.25923,-39.442856,-43.777596,-36.76354,-36.697018,-44.29912,-44.83666,-47.319855,-49.407578,-47.72056,-46.422874,-48.84409,-51.84645,-55.865322,-53.932625,-51.90956,-57.358265,-56.45115,-57.108627,-60.311924,-60.499283,-61.22931,-62.79688,-63.674625,-62.30059,-65.42913,-67.229485
128,True,-22.897253,-26.81403,-28.465149,-35.308517,-39.004486,-41.866287,-40.824913,-42.52113,-36.916496,-37.74777,-44.38602,-46.09365,-47.07783,-45.162437,-47.528454,-48.506527,-51.14695,-52.950226,-54.866085,-54.30994,-52.884872,-57.656303,-57.518425,-58.409836,-60.89008,-61.84173,-64.39464,-63.82063,-64.49942,-64.385445,-67.69766,-69.07712
160,True,-26.01759,-27.704744,-26.114653,-31.718054,-38.15517,-39.79793,-37.92356,-40.52018,-38.60245,-38.642643,-44.123413,-46.78432,-48.32842,-43.935745,-45.993507,-47.194008,-51.69952,-53.485245,-54.97783,-56.172466,-56.745247,-58.710907,-59.12423,-59.818184,-61.837234,-61.08975,-62.36031,-63.476337,-64.85518,-65.57989,-68.61079,-67.4389
192,True,-22.68729,-22.850761,-27.78865,-31.419811,-35.3246,-39.242165,-38.085175,-40.04347,-36.15234,-35.92442,-44.577858,-46.22969,-45.140007,-46.770252,-46.903133,-48.62839,-49.78005,-53.859676,-52.729588,-52.74829,-53.180542,-56.37114,-55.833954,-57.787598,-59.81015,-61.060753,-63.27292,-65.39496,-64.33921,-64.87002,-66.24896,-67.449036
224,True,-27.74245,-26.86705,-32.654537,-37.917007,-38.44231,-36.589306,-38.50502,-42.106937,-40.32442,-41.27687,-45.781693,-45.864586,-48.699528,-48.158134,-50.29332,-52.286522,-49.149887,-52.353497,-53.24915,-52.743675,-53.276527,-53.043953,-55.930298,-56.444813,-58.167492,-58.846455,-62.603035,-66.16853,-63.53165,-64.14107,-65.19193,-67.31442
256,True,-25.184616,-25.946234,-31.665047,-33.217655,-35.88593,-38.106266,-38.19721,-44.865833,-40.06029,-40.8663,-43.27649,-47.41402,-49.595314,-46.777924,-48.75863,-49.95965,-52.12038,-51.509773,-53.927494,-52.011177,-53.281746,-55.18692,-57.331863,-58.600178,-61.41394,-62.965286,-63.680996,-66.91265,-65.58918,-65.36159,-66.04654,-66.20849
288,True,-25.38542,-24.211061,-29.678564,-30.034876,-37.521378,-41.077236,-37.636635,-39.658653,-39.188103,-38.432476,-42.888702,-46.84548,-46.159626,-47.622585,-46.87787,-49.564434,-47.95328,-50.175213,-52.585045,-50.181618,-52.794117,-56.596622,-55.5244,-56.81015,-57.206226,-57.38801,-60.694233,-61.761475,-61.38435,-61.8458,-63.96026,-62.69436
320,True,-26.686308,-30.083359,-29.842224,-32.096355,-36.528687,-40.858932,-39.150032,-41.366165,-36.19115,-36.92356,-44.248665,-45.620148,-45.737885,-48.424343,-46.29058,-45.050484,-47.268772,-48.77736,-51.372562,-53.357468,-52.71676,-53.071564,-55.480507,-57.72028,-58.049004,-57.227715,-59.28078,-60.607338,-59.451454,-59.83705,-61.713516,-62.767067
352,True,-26.88196,-28.743937,-27.736006,-30.69814,-34.299355,-37.36783,-40.517204,-42.054592,-36.7642,-35.57981,-45.662216,-50.549313,-45.29759,-44.28915,-48.43121,-48.284473,-48.307556,-51.9877,-52.86926,-52.53357,-50.045277,-52.014503,-55.54706,-57.06247,-55.914383,-55.370182,-56.10251,-60.739624,-60.783775,-61.935074,-65.37064,-65.17392
384,True,-20.281452,-24.609085,-28.507832,-33.189613,-34.87712,-37.01121,-39.01991,-40.49642,-38.801197,-39.195282,-45.694824,-49.211773,-48.203274,-46.057068,-48.995495,-49.946823,-50.522644,-49.916626,-56.01822,-54.46396,-54.836803,-55.66192,-55.706017,-57.335632,-57.018642,-59.346626,-61.192455,-62.964382,-64.4328,-64.8004,-65.187225,-66.17467
416,True,-25.291357,-28.635632,-30.16516,-32.950188,-36.277317,-37.224457,-37.720837,-40.58309,-39.55892,-39.74804,-47.543293,-47.113514,-49.029015,-47.04916,-47.349438,-51.455406,-51.18139,-54.299324,-54.37201,-53.258606,-53.245216,-55.867523,-59.175358,-58.371845,-59.31169,-59.545334,-63.92481,-63.41013,-64.27164,-65.843765,-67.493324,-69.204124
448,True,-23.477919,-25.15566,-29.848928,-34.39558,-36.426777,-38.109573,-34.64611,-37.94662,-38.982475,-38.280815,-50.076603,-46.005787,-45.320824,-45.00603,-47.052364,-50.159508,-52.284782,-52.00514,-54.28395,-54.648254,-56.644978,-56.6389,-58.203278,-60.173435,-60.281708,-59.254562,-58.227913,-56.508324,-57.246346,-53.72751,-55.60148,-56.881504
480,True,-21.825623,-26.643827,-28.992004,-36.826435,-34.5299,-37.35413,-37.393776,-39.976574,-35.08366,-34.004284,-45.973106,-50.29412,-46.065067,-49.475975,-48.971695,-48.003403,-49.331364,-53.524452,-55.105396,-52.718597,-54.192867,-55.771965,-56.56649,-58.90782,-58.69336,-59.71346,-58.11233,-57.499294,-59.64722,-56.56771,-57.39028,-61.31515
512,True,-26.013395,-28.930363,-28.315807,-32.276558,-37.734352,-36.128613,-37.350918,-40.228504,-40.638725,-40.525085,-43.30055,-45.902348,-45.709198,-47.64956,-48.10034,-48.566936,-48.771954,-55.479874,-56.639217,-55.15341,-55.91031,-58.419373,-58.58245,-62.362465,-62.35008,-62.92157,-62.93917,-63.940582,-62.976055,-65.54542,-65.9238,-66.6132
544,True,-20.10276,-25.176193,-32.172318,-35.138374,-36.151733,-42.592857,-41.67547,-43.708344,-39.74651,-40.26602,-46.044754,-46.811607,-46.563026,-48.005463,-47.521915,-49.220245,-49.70488,-54.437412,-53.8478,-56.283527,-58.1365,-55.206573,-57.06699,-59.666286,-59.534325,-63.53657,-63.65507,-63.25534,-65.89097,-66.76831,-67.87906,-69.6055
576,True,-24.5596,-25.597374,-29.035902,-32.922234,-36.260685,-37.425995,-41.094147,-44.342064,-37.355106,-37.729916,-43.724533,-47.22904,-46.786034,-46.682068,-46.386982,-47.229134,-52.163414,-54.12963,-54.56818,-55.60862,-56.465145,-55.31772,-58.026276,-60.75823,-60.24893,-63.29317,-63.83252,-65.259415,-65.552986,-67.530075,-68.63548,-68.05006
608,True,-25.970594,-29.48224,-28.707146,-33.291553,-37.4769,-37.92231,-38.43462,-40.31447,-40.137474,-39.692684,-43.60275,-41.899063,-43.9525,-42.69809,-46.900986,-49.629482,-46.920082,-47.927742,-51.134968,-49.938522,-50.61333,-51.21023,-54.11209,-56.957504,-59.468235,-61.59475,-60.575718,-61.119366,-63.819298,-65.26416,-66.297455,-67.12593
640,True,-20.961231,-24.338982,-29.58802,-33.75431,-34.18751,-42.78233,-38.68164,-40.15857,-35.178253,-33.568047,-45.226692,-44.379253,-45.02011,-46.903725,-45.81375,-50.87501,-51.13385,-53.215183,-52.69495,-53.5486,-53.445683,-54.292942,-54.92479,-57.16983,-60.81952,-62.15485,-61.764835,-62.99301,-64.11231,-66.48446,-67.43743,-69.47071
672,True,-22.080936,-28.494253,-30.829609,-34.779564,-37.00485,-41.78531,-38.656696,-40.371536,-37.789352,-37.91597,-46.1454,-47.413437,-46.214523,-45.419384,-48.980022,-48.865047,-50.60381,-52.33269,-52.25734,-54.713673,-54.678402,-55.5371,-57.41707,-58.55015,-59.375504,-61.922207,-63.75559,-65.37814,-65.00166,-68.08787,-69.947655,-71.50251
704,True,-24.314594,-25.160614,-31.857565,-35.885845,-38.139908,-40.864334,-39.632217,-43.257366,-37.459152,-37.034115,-45.23185,-44.81455,-45.241394,-49.564568,-49.667496,-47.566383,-46.786957,-53.258,-54.64553,-54.375195,-54.042973,-54.029594,-56.906036,-60.911255,-61.663265,-61.281208,-63.53595,-65.76143,-66.98191,-68.524796,-69.62933,-70.180275
736,True,-20.96122,-26.56224,-27.980194,-32.24286,-35.36656,-39.304325,-43.398777,-45.574608,-38.43657,-38.890766,-46.60602,-47.45359,-48.149475,-47.63942,-46.064445,-47.740574,-52.04625,-55.17079,-56.600334,-54.607338,-55.273026,-57.40686,-58.587208,-60.86594,-59.659267,-63.24171,-63.98938,-65.02413,-65.8592,-65.712074,-69.011475,-68.17141
768,True,-23.309782,-28.444923,-28.80665,-34.57352,-41.11507,-38.271362,-35.780327,-39.786827,-37.726,-37.93629,-42.61692,-43.642647,-46.440758,-48.586685,-49.340397,-50.062176,-53.269154,-55.652687,-53.424362,-55.85462,-56.46914,-54.81884,-57.131966,-60.872974,-61.99031,-61.157944,-63.4071,-66.18565,-64.83049,-67.20348,-67.234474,-69.08917
800,True,-24.6424,-23.156683,-27.907616,-32.96142,-36.575172,-39.692017,-37.001705,-37.2114,-36.31808,-37.664818,-45.43904,-47.21905,-48.386932,-47.703114,-51.60073,-50.47071,-52.69139,-54.587822,-54.413445,-57.517857,-55.150993,-56.271484,-59.528538,-60.04873,-62.031384,-62.52478,-63.913063,-65.242035,-65.67104,-68.14251,-67.98263,-68.2724
832,True,-24.591606,-25.896818,-30.929646,-32.325294,-36.33591,-38.846256,-40.29618,-41.214638,-35.556816,-35.682533,-43.978752,-46.188675,-46.228264,-43.31631,-43.73256,-50.940777,-51.35847,-50.7686,-55.38748,-53.94184,-53.55009,-57.420906,-57.676743,-60.51105,-62.19547,-61.632393,-62.983784,-64.84784,-65.625336,-68.559586,-69.32933,-69.96562
864,True,-24.613066,-29.258446,-32.056915,-33.92672,-35.867126,-37.519886,-43.026833,-44.115757,-38.558105,-38.875668,-45.316196,-46.31653,-45.913933,-48.221115,-49.45194,-51.29343,-49.175087,-51.071877,-54.061638,-54.25882,-53.57205,-54.448814,-56.45384,-58.85557,-60.641346,-61.640583,-63.392128,-64.55407,-66.11957,-66.95402,-67.8873,-69.9769
896,True,-23.595104,-26.1592,-29.448738,-33.342583,-39.14155,-38.43372,-38.737583,-41.87889,-42.092323,-42.09131,-42.350273,-44.279037,-47.787193,-45.95684,-47.645157,-49.557053,-51.63471,-55.947334,-56.47483,-53.718864,-52.99568,-58.568424,-57.355175,-60.07149,-60.4133,-61.504242,-63.560677,-65.88706,-68.69178,-68.82099,-69.67993,-69.66292
928,True,-23.701508,-31.264252,-33.647167,-37.278355,-36.03341,-39.09926,-37.78467,-39.352997,-37.765224,-38.361988,-44.769684,-46.292603,-47.521572,-46.043663,-45.313515,-45.638412,-48.74374,-50.0188,-51.980095,-51.431335,-52.54137,-54.734634,-56.068935,-58.453594,-60.74469,-62.316658,-62.260864,-63.91066,-66.19582,-67.001114,-67.866554,-68.520935
960,True,-27.460707,-25.513475,-27.927572,-33.83407,-35.696907,-39.716038,-38.593067,-41.777054,-36.874306,-36.10372,-43.784313,-44.81159,-48.029842,-49.832962,-47.98596,-49.81464,-51.21452,-56.021137,-57.415855,-54.81424,-50.708755,-55.594162,-58.968945,-58.686783,-59.107803,-60.876408,-63.2493,-65.93881,-66.31156,-67.33268,-69.325584,-69.89838
992,True,-22.227257,-24.498829,-28.80452,-36.212036,-40.016514,-37.573116,-36.10645,-34.935307,-37.068127,-39.04501,-40.22435,-38.237823,-43.081604,-41.99386,-38.980587,-35.45979,-32.860313,-36.953316,-46.247295,-48.11201,-49.615677,-47.66859,-48.083496,-49.182514,-49.084915,-46.879803,-45.89529,-39.244453,-33.735126,-33.58899,-37.387886,-38.42664
1024,True,-22.576462,-23.894348,-26.779797,-31.857557,-35.44445,-26.217888,-32.92599,-31.794868,-32.361496,-33.889282,-36.868176,-35.180214,-39.302254,-41.962696,-42.18341,-38.427185,-31.436043,-35.147205,-44.993744,-45.454693,-43.73279,-45.40782,-45.899525,-46.95205,-46.972027,-43.203236,-41.04342,-38.01699,-35.03655,-35.279564,-37.013992,-37.781567
1056,True,-23.456297,-25.031933,-27.467247,-32.740055,-37.805523,-36.052727,-42.289772,-38.971066,-34.43107,-34.982437,-43.1327,-45.956352,-46.01811,-45.417862,-46.30604,-45.80529,-45.71736,-50.09957,-52.96503,-51.82509,-51.610508,-53.710213,-57.714165,-55.745575,-56.6446,-55.61913,-53.545128,-51.762222,-48.09679,-47.927437,-50.308693,-51.682148
1088,True,-23.132915,-26.239017,-29.524857,-35.577423,-33.657505,-39.382206,-38.59774,-40.060173,-37.325836,-37.66212,-46.55871,-43.403824,-47.24895,-47.64689,-44.75457,-46.97467,-49.746536,-51.76577,-51.646454,-53.642807,-53.26225,-54.596863,-55.932236,-57.531246,-57.496265,-56.83477,-56.78752,-55.52795,-53.398254,-54.11053,-56.483803,-56.973488
1120,True,-26.923729,-25.56962,-29.592161,-34.745533,-37.544743,-37.873543,-37.23331,-38.6959,-38.50168,-38.9157,-43.49564,-44.630417,-45.367706,-47.20452,-48.823544,-48.184208,-49.09333,-50.419025,-52.83702,-55.174046,-55.238667,-56.715805,-57.681114,-59.005417,-58.87516,-60.215096,-59.50588,-59.043423,-57.795757,-58.3296,-61.51745,-62.86909
1152,True,-28.20034,-27.450596,-31.62321,-36.105118,-36.326294,-39.027615,-39.169395,-41.803226,-40.339317,-38.32904,-45.10182,-48.291794,-48.253204,-49.298435,-48.09571,-48.76377,-45.701775,-49.256203,-51.52288,-52.33301,-53.737183,-54.57205,-57.11807,-60.271446,-59.50419,-59.65177,-61.042717,-62.34462,-61.269333,-60.70542,-63.4835,-65.2242
1184,True,-23.730965,-24.194462,-29.341936,-33.318268,-36.696877,-40.719204,-39.363846,-42.18004,-38.388866,-36.42048,-43.062706,-48.512978,-45.276054,-46.23053,-48.01094,-51.077034,-50.302742,-50.58309,-56.025547,-52.243263,-53.647747,-53.590504,-60.125443,-60.48531,-60.590282,-60.79512,-62.524456,-62.601074,-63.585896,-64.46312,-66.0134,-67.69331
1216,True,-28.46328,-27.872374,-28.962856,-33.472885,-38.36578,-40.093807,-40.47111,-40.648148,-39.764706,-40.28743,-42.987137,-44.66868,-45.65584,-47.363235,-48.484997,-48.56729,-51.92387,-54.758793,-56.68884,-54.70154,-55.990593,-55.33943,-56.741135,-58.57347,-60.81152,-59.671417,-62.068558,-65.25123,-64.77316,-68.635376,-68.33022,-68.816216
1248,True,-22.675209,-24.481915,-28.969591,-31.43606,-33.693054,-35.127594,-37.45024,-41.231613,-37.02951,-36.39563,-40.65332,-46.941513,-48.51784,-49.057404,-48.98144,-45.915684,-51.951866,-54.846268,-54.660015,-54.366615,-54.86371,-58.793148,-57.885902,-59.62262,-60.6358,-62.261093,-65.44212,-65.46263,-66.599335,-68.86194,-70.565186,-70.56937
1280,True,-31.351963,-26.11514,-27.604225,-33.117706,-38.405823,-37.733086,-36.555775,-40.044792,-37.58016,-37.487312,-46.005978,-47.220615,-45.496185,-50.45296,-48.596783,-47.766373,-50.40241,-55.404305,-58.512463,-57.280846,-56.823483,-57.522972,-56.72225,-58.57128,-61.53402,-61.97003,-64.525696,-64.10401,-65.22392,-68.50555,-69.44639,-70.54826
1312,True,-24.307997,-28.500948,-28.893673,-33.73559,-38.364643,-38.814262,-38.087017,-42.569855,-42.290134,-42.717773,-44.30834,-45.91116,-49.0747,-50.70057,-48.37709,-46.744213,-50.800697,-55.74852,-55.794365,-55.058907,-54.68116,-57.992996,-59.205303,-59.10739,-61.354347,-62.21355,-64.03196,-64.31165,-65.66787,-68.701,-69.53496,-70.34758
1344,True,-23.594988,-26.896551,-32.59482,-32.530827,-34.828056,-38.248142,-40.95856,-41.57221,-36.630356,-35.621895,-42.182503,-45.604332,-49.87034,-48.755684,-48.526497,-49.832024,-50.241142,-56.967392,-58.277176,-56.09588,-56.249336,-59.090042,-58.973923,-58.50468,-61.918636,-63.7293,-65.385475,-64.566605,-65.353424,-67.5433,-69.67342,-70.25075
1376,True,-25.667091,-25.255136,-27.85369,-35.18955,-39.71347,-38.54749,-37.741722,-41.22684,-37.53547,-37.576237,-44.387646,-44.494995,-47.34253,-49.43314,-51.513096,-49.582485,-54.397144,-51.053295,-53.070816,-56.529205,-56.980267,-58.16632,-59.789284,-60.61042,-62.99063,-63.592384,-63.336845,-64.038574,-66.24865,-68.80803,-69.83632,-69.16912
1408,True,-24.51232,-27.586796,-28.566017,-35.48529,-38.966022,-37.258163,-35.52462,-37.877575,-38.945564,-38.109653,-41.838684,-50.086193,-47.723106,-50.61369,-49.235573,-48.6801,-53.55566,-54.67146,-54.43878,-56.267246,-55.99157,-56.461185,-57.053875,-59.031456,-60.872883,-62.03371,-64.44634,-65.41315,-65.793526,-68.45137,-70.10145,-70.13218
1440,True,-27.27381,-25.632332,-27.414616,-31.896526,-35.83931,-36.973213,-37.31824,-39.423595,-36.50538,-36.024334,-45.617706,-46.14639,-46.042313,-47.22899,-48.750195,-49.05213,-49.996944,-53.475117,-54.04633,-52.454903,-53.72114,-60.07299,-61.870785,-60.97054,-61.128952,-61.79563,-65.05653,-66.12065,-66.84698,-70.430725,-70.60864,-70.65059
1472,True,-25.061014,-26.312283,-28.105314,-33.180023,-39.657864,-36.192265,-38.897686,-44.28932,-36.52207,-36.062008,-47.59138,-49.49404,-47.947395,-48.47092,-47.01715,-50.20672,-49.678207,-50.84951,-57.09532,-55.923176,-57.182354,-60.238724,-60.226845,-59.01567,-57.770332,-62.016277,-63.549694,-64.834015,-66.49321,-68.2025,-68.982124,-69.47471
1504,True,-27.347069,-27.874384,-30.684948,-34.24888,-35.679657,-38.203274,-39.603928,-45.308212,-39.838223,-39.90502,-47.135586,-47.007202,-46.04817,-45.577427,-48.998737,-50.444103,-49.708466,-53.78974,-55.8608,-55.22188,-54.984657,-56.286728,-59.104904,-59.6277,-60.46522,-62.530586,-64.61473,-66.53581,-68.429886,-68.625175,-68.92213,-69.722725
1536,True,-22.544653,-23.814476,-30.58428,-36.74655,-38.955845,-38.276558,-39.07317,-42.476753,-39.224342,-37.17031,-46.278175,-48.054867,-45.432964,-47.88983,-50.89631,-50.013367,-50.31318,-52.39734,-54.031082,-54.537918,-55.52472,-57.32693,-58.466743,-58.598022,-60.68042,-62.679935,-61.306396,-59.801964,-60.608715,-57.50017,-58.818077,-61.21785
1568,True,-23.468866,-24.395788,-28.348503,-37.06552,-37.300438,-42.332108,-38.8312,-39.568085,-38.490227,-37.051228,-45.20845,-44.51381,-46.015392,-47.29202,-49.261482,-47.581257,-48.869633,-53.323395,-52.755516,-57.52276,-56.709763,-56.60453,-55.995464,-59.039474,-60.28671,-60.5208,-57.735714,-55.90454,-56.555157,-55.206802,-55.809135,-60.205578
1600,True,-24.830942,-25.843552,-29.244936,-35.05873,-37.18993,-37.9125,-39.713203,-40.574417,-39.12631,-39.751278,-42.778988,-45.66286,-46.362232,-47.67754,-49.31255,-49.384155,-52.061165,-53.312164,-53.609474,-55.266308,-56.985172,-57.230217,-55.412903,-57.48288,-60.601864,-61.72205,-63.202965,-63.488716,-65.40959,-65.220474,-66.454865,-67.48851
1632,True,-23.628029,-26.839012,-29.704428,-32.763214,-38.642643,-38.34941,-41.8238,-41.717564,-34.486687,-34.908222,-43.521584,-47.725662,-47.892036,-46.334896,-47.49707,-51.44747,-52.39201,-53.811775,-55.126427,-55.331272,-57.290222,-58.200207,-58.851376,-59.303444,-59.859924,-61.943443,-62.73727,-65.68322,-66.653625,-68.85342,-69.94494,-69.16156
1664,True,-23.038065,-29.387419,-31.012966,-32.99817,-36.667618,-39.04654,-39.9337,-43.38476,-34.59163,-35.410686,-45.729313,-48.856586,-49.289368,-44.95464,-44.820274,-48.87191,-50.718384,-53.428196,-55.180584,-56.080837,-57.03266,-56.841652,-60.56934,-61.738514,-60.680717,-61.96649,-63.77852,-65.54103,-66.05289,-68.285065,-68.208435,-70.26091
1696,True,-23.439777,-25.819338,-29.128193,-33.179207,-37.501442,-42.62716,-40.82453,-41.36339,-36.89721,-36.93493,-46.82442,-46.906487,-50.236053,-49.231983,-49.718132,-50.436283,-49.759365,-54.377754,-56.500435,-57.918144,-55.777702,-55.41899,-59.71626,-60.30106,-61.421795,-60.486847,-63.000107,-65.025566,-66.67508,-67.7397,-68.55996,-70.928734
1728,True,-29.02048,-26.32943,-28.623655,-36.64418,-36.523716,-41.65197,-36.252735,-39.763123,-38.04149,-38.787647,-47.46118,-46.68562,-51.531277,-48.996754,-48.174896,-47.86654,-50.334797,-53.51758,-57.968906,-55.987644,-54.90768,-59.537056,-59.242104,-58.742672,-59.27158,-60.771404,-63.005234,-66.99967,-67.61928,-70.22374,-68.39562,-69.620834
1760,True,-23.486948,-26.664402,-28.943157,-34.264282,-36.05801,-36.749226,-38.455242,-41.785164,-39.908596,-41.283573,-45.646572,-44.53623,-46.379208,-49.03575,-48.045464,-46.62902,-48.856102,-52.95689,-55.532272,-52.581715,-55.630375,-56.29423,-57.811283,-58.53199,-60.21152,-61.72274,-66.22623,-66.48954,-65.95126,-68.44542,-69.95198,-70.84655
1792,True,-24.256794,-27.633728,-30.44285,-33.122726,-34.308353,-40.834194,-39.7806,-40.4332,-38.63518,-37.27619,-43.091835,-49.657574,-48.162235,-46.917084,-48.580956,-50.65216,-53.67952,-52.731956,-56.51877,-55.715885,-56.07742,-58.102,-58.295063,-61.079212,-61.87382,-61.96361,-63.7974,-63.92598,-66.44297,-68.90623,-70.32472,-69.59762
1824,True,-24.734577,-25.623,-30.338886,-32.343884,-36.008102,-38.94985,-40.627647,-44.370453,-37.393044,-38.062725,-47.315784,-46.44919,-47.93838,-45.71995,-46.965103,-49.954735,-50.55181,-54.24173,-55.276337,-55.362774,-56.09035,-56.7294,-59.589077,-60.43339,-60.171143,-59.78765,-63.635506,-65.08036,-65.35136,-67.87912,-69.517456,-69.64559
1856,True,-22.625591,-28.888493,-28.711271,-31.233017,-38.665264,-38.22847,-40.18451,-42.920116,-37.636383,-37.061996,-44.12417,-45.86537,-46.586803,-45.57461,-49.50917,-49.531464,-48.767338,-54.134834,-55.622116,-55.967033,-56.547142,-59.60428,-57.659603,-60.006027,-60.466072,-60.47772,-62.956497,-63.5615,-66.590256,-68.37594,-69.16285,-69.526535
1888,True,-23.575819,-26.319279,-28.311192,-31.780413,-35.410286,-37.440582,-37.14965,-40.796894,-33.730007,-33.256195,-44.33644,-46.393795,-48.779022,-48.06383,-50.155598,-49.462906,-47.797504,-49.700455,-56.150436,-55.835052,-56.746593,-57.74302,-58.09751,-59.92853,-61.36658,-61.62986,-65.57875,-66.90285,-67.64984,-68.40394,-70.103905,-69.97473
1920,True,-25.259914,-28.69415,-28.444796,-32.628082,-37.997166,-38.927914,-37.38202,-41.894203,-34.649994,-34.46464,-44.52285,-48.696575,-47.45899,-48.74929,-47.65415,-47.75015,-50.56707,-54.61782,-54.794212,-56.733566,-57.634808,-56.887398,-58.278954,-62.012848,-61.092133,-62.03768,-65.83538,-65.522224,-65.24886,-68.733574,-69.76836,-70.23866
1952,True,-21.00651,-24.3573,-31.102026,-32.51258,-37.302193,-39.075882,-39.47495,-43.59555,-42.025753,-41.491966,-45.147186,-47.332073,-52.116066,-50.12968,-49.97793,-51.387486,-53.385048,-51.915184,-53.534576,-56.75531,-56.782795,-58.016018,-58.164436,-58.56996,-60.318253,-61.710583,-65.10043,-65.01229,-66.554,-67.044495,-69.171844,-70.17915
1984,True,-28.45156,-28.5441,-34.0047,-34.88726,-36.422924,-40.3241,-44.490376,-44.73828,-36.325027,-37.006027,-45.16897,-48.665432,-47.20886,-48.55825,-48.914505,-49.746265,-52.775368,-52.48302,-51.951424,-58.297676,-57.251358,-58.033146,-59.7191,-58.774094,-58.932625,-62.26656,-65.1071,-66.53004,-66.68184,-68.226,-69.78684,-69.39196
2016,True,-25.37839,-24.1353,-30.977238,-35.97795,-36.89273,-39.05362,-37.98404,-39.6127,-39.361996,-39.642788,-44.873737,-48.721985,-49.00737,-47.470203,-48.865147,-48.84777,-49.747185,-54.223495,-54.951576,-58.695217,-57.99665,-56.63248,-57.24053,-60.427376,-61.29064,-61.476562,-63.877357,-67.64563,-67.76937,-68.50278,-69.90163,-69.75394
2048,True,-25.795248,-25.243208,-28.099388,-32.83148,-36.540802,-38.08911,-36.304573,-38.72402,-38.42314,-38.714527,-43.291626,-45.342674,-48.075413,-46.418144,-46.17783,-51.00327,-52.773705,-55.285664,-56.15803,-55.45998,-55.217438,-58.874237,-59.1884,-58.813053,-60.84401,-61.664318,-64.79184,-66.460106,-68.757,-68.29527,-69.3049,-70.19603
2080,True,-24.227905,-27.625454,-30.171955,-36.0251,-37.638557,-39.097897,-39.95394,-40.7727,-37.773018,-37.65888,-46.23542,-47.572533,-47.92585,-47.007256,-47.47357,-49.078693,-51.37757,-54.23943,-53.214718,-55.516693,-56.121197,-56.703445,-57.59827,-58.887897,-61.573376,-62.056854,-64.17553,-64.649315,-64.83606,-66.995705,-70.327736,-70.95615
2112,True,-27.48808,-25.556486,-26.793158,-31.494362,-35.24037,-37.244064,-39.77315,-39.23946,-40.101337,-41.129234,-46.600376,-46.83651,-50.94924,-50.1875,-49.25333,-51.43985,-49.32897,-54.714676,-55.426796,-53.853184,-54.223614,-58.290985,-58.709015,-59.99773,-60.70923,-60.71724,-64.08328,-65.45158,-66.75216,-69.537155,-69.62398,-68.53601
2144,True,-23.009254,-30.603304,-30.591217,-33.15651,-36.85349,-40.10444,-39.847595,-42.143295,-37.019974,-38.976173,-46.11217,-47.63526,-45.580296,-46.554993,-47.895317,-52.276703,-52.278473,-53.217525,-53.220142,-55.331505,-56.176052,-55.999447,-59.302082,-59.37108,-58.293762,-57.82061,-62.24733,-64.248245,-64.14741,-64.88068,-67.22099,-68.16838
2176,True,-25.420067,-24.91851,-28.191757,-31.559755,-35.30781,-38.97309,-41.38651,-44.491608,-40.259968,-41.668243,-48.110962,-47.647987,-48.42325,-47.329082,-46.236668,-48.768196,-51.936802,-53.28273,-55.13031,-54.74189,-56.026627,-56.116104,-58.44928,-60.248558,-60.06185,-61.397095,-62.516953,-64.29871,-64.45105,-66.7747,-68.77843,-68.57566
2208,True,-24.917633,-26.42272,-29.781334,-32.21238,-37.262325,-39.2807,-37.513958,-40.07569,-40.747955,-39.116936,-44.491737,-46.952835,-51.855255,-49.664154,-48.960403,-50.238094,-52.172386,-55.626938,-55.588757,-55.698784,-52.07959,-55.927998,-59.92855,-58.401314,-60.721786,-61.184807,-62.98265,-63.78569,-63.9671,-67.25043,-67.69025,-68.15331
2240,True,-25.088207,-24.35904,-32.66884,-35.118805,-37.158283,-39.87129,-38.007206,-40.313515,-39.208378,-37.342415,-45.472076,-47.153854,-48.23887,-51.051193,-47.789978,-50.929775,-48.752388,-50.67859,-53.363953,-56.21016,-53.822445,-56.27143,-56.96335,-58.50695,-61.57788,-62.114376,-63.158943,-66.19273,-65.53466,-67.87196,-69.47659,-68.61265
2272,True,-26.870825,-29.488808,-30.558678,-35.78489,-38.42152,-38.016464,-41.840572,-42.442894,-36.18148,-35.558712,-45.64034,-44.443626,-45.962845,-47.634045,-51.045795,-51.61497,-52.163246,-54.79679,-55.24429,-54.405476,-54.224274,-55.722816,-58.30983,-60.25844,-62.299995,-62.28178,-61.2231,-63.3849,-67.81204,-69.14816,-68.746765,-68.97211
2304,True,-27.466549,-31.463938,-28.132805,-31.694677,-37.460453,-39.77626,-41.018433,-44.879726,-36.854897,-37.733654,-47.98328,-45.041885,-47.809776,-45.28953,-45.272423,-49.380173,-52.35369,-53.6726,-56.05001,-52.857407,-54.540867,-57.724068,-58.49644,-59.434334,-61.81875,-61.775475,-63.917885,-66.13204,-67.2353,-68.5189,-68.28487,-70.03972
2336,True,-27.65834,-24.240112,-25.247002,-30.645103,-36.93267,-37.694164,-36.24942,-39.199318,-38.382023,-38.690662,-45.986515,-46.101463,-48.699806,-50.35386,-50.830566,-51.04381,-50.291054,-51.243225,-54.15072,-54.68189,-56.13184,-58.287563,-58.362305,-59.05264,-61.191822,-61.619915,-63.484566,-65.4222,-66.70081,-69.5579,-70.40384,-69.17809
2368,True,-27.886662,-29.120169,-29.383688,-33.710827,-37.390175,-39.937042,-35.529377,-37.676006,-37.70951,-37.84721,-46.86461,-49.4829,-51.021263,-45.65275,-47.381897,-51.259857,-50.147575,-53.227203,-52.33131,-56.03195,-55.66031,-56.501778,-57.0289,-61.07995,-59.854866,-62.40255,-64.319,-63.93325,-65.80604,-67.465614,-69.5347,-69.67223
2400,True,-23.004045,-26.410042,-32.51565,-35.657753,-36.524796,-37.87556,-38.648003,-41.745163,-37.78312,-37.113518,-45.33925,-47.824745,-49.3248,-48.407013,-48.582657,-52.26509,-50.99102,-54.613716,-56.424065,-54.709045,-54.897915,-58.330364,-59.878277,-60.269897,-59.707394,-61.627365,-65.44191,-66.70781,-65.62123,-67.17434,-71.380394,-70.373985
2432,True,-29.201908,-27.1578,-31.122772,-33.645565,-38.168705,-37.18819,-40.010178,-42.895485,-38.677574,-38.92527,-45.813946,-46.08866,-46.757217,-46.28409,-46.652103,-48.912563,-52.829956,-52.877884,-56.320744,-56.82643,-54.260464,-57.015224,-59.152603,-60.556664,-61.253197,-62.519783,-64.06176,-67.1453,-67.017685,-68.967575,-70.72836,-69.491714
2464,True,-25.07498,-28.068602,-30.962227,-34.23249,-39.19142,-41.283184,-40.842247,-42.935524,-36.908886,-37.91049,-46.270367,-50.506767,-52.11144,-48.35115,-46.81805,-48.905865,-50.103703,-55.067375,-55.67758,-55.045284,-55.55204,-59.058792,-58.295284,-60.505966,-62.070965,-63.551086,-65.28136,-67.54117,-67.62077,-68.96575,-68.91383,-71.188034
2496,True,-24.987576,-25.420668,-28.972279,-32.801613,-36.28162,-38.75006,-39.43479,-40.478447,-38.875496,-41.87222,-48.969402,-48.112293,-47.020298,-45.451813,-44.63494,-48.05226,-52.70895,-52.070145,-57.29019,-57.456516,-54.834213,-59.187435,-57.421986,-59.070095,-62.394184,-61.485962,-63.43003,-67.103004,-66.22075,-68.68734,-69.9612,-70.57783
2528,True,-25.39859,-25.753357,-31.465706,-34.004917,-36.14666,-38.23132,-36.98054,-38.67471,-39.129467,-38.997074,-48.426834,-47.273193,-49.638172,-46.008266,-45.058617,-50.14626,-51.562595,-54.40042,-56.056595,-54.032173,-54.79317,-58.013725,-58.726875,-59.493946,-59.820118,-60.86943,-63.485535,-66.00461,-65.81046,-68.05257,-69.638626,-69.86098
2560,True,-23.82021,-29.292286,-27.085579,-31.330418,-35.64577,-38.172977,-38.02714,-42.44659,-41.21538,-40.76702,-44.110188,-44.595634,-51.801926,-50.74832,-49.124878,-47.907482,-50.892387,-52.55909,-54.66291,-52.75768,-54.510914,-56.775127,-58.12963,-58.000645,-58.29155,-60.587357,-64.22221,-64.99282,-67.525055,-68.86411,-70.66863,-71.62863
2592,True,-21.869118,-26.452883,-32.632664,-33.51945,-36.571487,-39.052845,-41.82782,-43.17242,-38.395393,-39.414505,-50.357773,-49.401825,-47.506935,-45.700638,-46.13863,-49.044197,-52.518555,-52.57503,-53.080032,-56.01601,-56.906837,-57.022713,-56.159203,-58.847164,-59.72702,-61.78636,-64.65247,-66.42531,-64.79001,-68.18223,-68.68601,-69.18281
2624,True,-24.304005,-24.222023,-29.496336,-33.491364,-35.73634,-36.563675,-39.254,-41.601658,-39.2682,-39.54034,-45.89084,-49.08218,-45.670452,-46.7132,-46.912354,-47.31625,-48.89656,-51.64625,-51.887604,-54.620506,-58.753494,-58.40869,-58.521595,-59.290077,-60.135803,-61.69992,-62.487812,-64.74567,-66.93328,-69.494514,-69.65175,-70.22163
2656,True,-23.56461,-26.654385,-30.557396,-34.022346,-34.003693,-36.75178,-38.521393,-42.69715,-37.579926,-36.831642,-42.830093,-46.17706,-48.099094,-47.960716,-49.464973,-48.319794,-51.441383,-55.07042,-52.497543,-54.367393,-55.124763,-55.74005,-58.824688,-59.059837,-61.05092,-61.92086,-64.619576,-65.639206,-68.54574,-69.24602,-69.265625,-69.64601
2688,True,-24.380005,-25.540848,-32.73642,-33.094032,-34.974274,-40.404045,-38.806347,-39.395824,-36.836914,-36.769836,-48.209633,-45.824543,-46.81063,-45.842598,-45.31983,-49.41617,-51.167404,-54.83505,-55.541683,-56.78203,-56.896896,-57.983215,-57.269344,-58.945328,-59.98864,-61.958084,-64.22813,-65.06459,-67.41767,-69.2077,-71.051,-70.33698
2720,True,-22.080246,-29.225302,-29.328197,-32.341324,-34.08274,-36.293903,-38.531914,-42.049538,-41.99634,-41.664436,-46.893547,-44.8357,-49.560265,-46.931046,-49.443817,-48.0086,-47.529457,-52.014927,-54.869953,-56.02741,-53.746128,-57.589897,-58.676586,-59.125473,-58.930923,-61.57026,-65.12911,-65.528496,-67.34719,-69.22121,-69.91641,-68.598305
2752,True,-23.65046,-26.072733,-26.428127,-33.471745,-37.261513,-37.03923,-39.2695,-41.338432,-38.379684,-39.391663,-44.649025,-45.251358,-46.858196,-46.88518,-46.67677,-49.852146,-50.85789,-52.565704,-55.190155,-55.52921,-54.221947,-55.7538,-59.956398,-59.19551,-60.669403,-60.4554,-64.70503,-63.717422,-67.23114,-68.8102,-69.6084,-69.51202
2784,True,-25.467728,-22.452261,-25.786055,-31.448877,-34.27571,-40.89492,-41.381374,-40.008068,-37.949425,-38.550564,-47.270348,-46.62928,-47.295395,-47.543915,-48.81861,-53.81093,-52.545494,-52.66588,-55.10846,-55.760155,-54.480957,-58.386227,-60.594402,-59.34553,-60.400562,-62.617966,-64.14455,-66.56184,-68.155655,-69.40597,-68.5282,-69.81517
2816,True,-28.974283,-29.773008,-30.008274,-34.19994,-39.359158,-38.779575,-38.38402,-42.33385,-35.828297,-35.646584,-49.5605,-45.564598,-44.796722,-47.681274,-46.555122,-47.533684,-48.469044,-49.367672,-53.717697,-55.881813,-55.430702,-52.50914,-56.879868,-59.30922,-60.509506,-61.278656,-63.175858,-64.589226,-66.89277,-68.1458,-68.05159,-69.39281
2848,True,-22.976562,-25.945717,-33.444344,-33.513924,-35.860107,-40.243294,-37.828373,-38.95332,-37.27649,-36.19511,-45.07568,-45.43739,-46.999268,-47.622696,-49.44802,-49.354805,-51.59685,-52.324596,-53.679085,-55.67844,-54.717365,-57.02383,-59.72661,-60.721416,-59.32489,-61.472214,-63.716183,-66.486885,-67.41967,-68.08455,-70.5788,-70.450455
2880,True,-25.518719,-26.82257,-34.052483,-36.08049,-40.06623,-40.103554,-40.4467,-41.608295,-36.256477,-36.768044,-47.6992,-47.014412,-52.01465,-47.557674,-48.320282,-48.229828,-48.373432,-54.275253,-54.486855,-56.68255,-54.331318,-55.48388,-57.28336,-58.885483,-59.079468,-61.905746,-65.10255,-66.09618,-66.28517,-67.748726,-68.51033,-70.706566
2912,True,-27.93837,-27.043438,-30.829487,-34.686756,-37.103287,-41.472378,-38.92129,-42.883068,-39.949486,-40.255447,-48.159603,-46.05307,-47.111164,-46.629772,-48.98577,-48.24327,-50.915485,-53.002907,-57.87995,-54.26907,-52.583157,-57.588814,-58.109604,-58.90698,-60.503586,-62.5791,-64.51181,-66.11383,-67.32613,-68.48771,-68.73089,-69.74879
2944,True,-24.171888,-25.746967,-27.374632,-33.78976,-36.17442,-41.654552,-40.855408,-41.631886,-40.13968,-39.95522,-46.333424,-46.620197,-49.007248,-47.872845,-49.707687,-48.262154,-51.750923,-53.791233,-54.744015,-54.852417,-54.7579,-57.850094,-57.45513,-59.33882,-59.478973,-59.67113,-63.260986,-64.39177,-67.69397,-68.98555,-68.588165,-69.07782
2976,True,-25.054123,-27.817844,-29.914883,-33.542896,-38.580517,-39.77138,-41.18443,-43.811775,-37.475845,-36.40603,-44.15518,-46.369705,-49.47063,-46.550655,-47.090527,-49.433823,-51.26133,-51.503113,-54.373558,-55.450417,-54.13469,-57.449184,-59.201874,-60.905323,-62.250656,-62.704956,-66.43404,-66.320694,-66.66578,-68.67753,-70.84186,-71.2404
3008,True,-21.062088,-26.65474,-26.431175,-29.862478,-37.756153,-40.299767,-37.01613,-39.411293,-39.543804,-39.71358,-45.931034,-47.502754,-50.18873,-45.336475,-46.05246,-52.65343,-55.601154,-53.667046,-55.480873,-54.486862,-55.241932,-56.786125,-57.86539,-58.1922,-62.625355,-63.81314,-66.24054,-66.02598,-67.15727,-68.553345,-68.86558,-69.86415
3040,True,-20.986174,-25.241001,-32.602757,-31.75889,-34.82084,-38.112377,-41.493088,-42.673855,-36.957115,-37.24892,-45.110813,-46.32583,-46.93569,-47.438046,-50.711716,-51.47534,-51.975525,-52.321705,-52.6816,-52.740864,-51.510807,-55.35579,-56.337284,-60.302223,-60.45732,-63.612724,-65.33167,-66.597115,-67.57388,-67.038765,-67.87355,-68.11336
3072,True,-21.66045,-27.69285,-30.064146,-33.19471,-37.71356,-38.91844,-42.7818,-44.919952,-38.614876,-39.024555,-44.598534,-48.033936,-48.56018,-49.01138,-47.074352,-47.20887,-51.867237,-51.28978,-53.601532,-55.177338,-55.570217,-56.518364,-57.258526,-60.807438,-62.094902,-62.471855,-62.915,-67.08492,-68.40803,-68.52437,-68.79526,-68.49846
3104,True,-21.281404,-25.306969,-27.772062,-35.066723,-35.855877,-36.70792,-38.983284,-42.410347,-39.012196,-39.800194,-46.06623,-46.6552,-46.584362,-45.006844,-44.51405,-46.95988,-47.971474,-51.156586,-51.800682,-51.053333,-50.92621,-53.48374,-54.485542,-57.441425,-57.932392,-60.426464,-59.666286,-61.96068,-65.012856,-65.00184,-66.81295,-69.38895
3136,True,-22.21624,-25.133028,-30.09719,-33.97701,-35.9635,-40.813007,-37.929733,-41.08212,-36.436054,-34.90146,-43.04775,-42.96892,-48.249893,-48.398735,-46.206165,-48.827843,-50.883755,-52.748848,-54.20691,-54.496513,-53.23136,-54.941177,-56.70952,-59.624527,-60.175888,-61.72442,-65.48141,-63.51868,-64.20397,-67.193474,-68.27668,-68.19587
3168,True,-24.310371,-31.484938,-32.497227,-34.468605,-38.444523,-39.535934,-37.376526,-39.22626,-38.25587,-38.928707,-42.130985,-46.60368,-47.144974,-44.974632,-47.712532,-50.751656,-46.975536,-52.400574,-55.682312,-54.751984,-54.383224,-56.56219,-56.239624,-58.25611,-60.093037,-61.46786,-62.39163,-65.53508,-65.156296,-65.94268,-68.87879,-70.15321
3200,True,-24.255169,-23.811094,-30.416954,-32.933525,-35.115536,-39.11769,-41.60152,-43.059444,-38.965942,-37.781376,-45.477997,-49.30779,-46.023216,-48.204735,-48.80115,-50.6183,-51.324585,-52.49135,-56.581482,-56.153503,-54.740074,-57.866905,-58.736313,-59.560856,-60.784336,-60.449368,-64.14417,-65.357735,-66.21314,-67.97835,-70.053566,-69.11772
3232,True,-24.395887,-26.25366,-26.969727,-32.35178,-35.329548,-36.5104,-40.525597,-44.966316,-35.618874,-36.56428,-44.092525,-49.096455,-48.047554,-45.26234,-47.329334,-46.963036,-50.57553,-53.037834,-55.845013,-56.57627,-55.397457,-55.89092,-57.828125,-59.395176,-61.6557,-61.21823,-63.487514,-65.01097,-66.04884,-67.55668,-69.60702,-69.10328
3264,True,-22.480047,-26.948689,-26.549635,-30.96457,-39.29922,-38.25373,-40.016247,-41.120945,-37.22236,-37.299217,-46.34471,-45.816044,-48.227867,-46.103058,-45.81667,-46.94033,-51.027313,-54.107246,-54.935265,-53.682903,-53.325005,-56.40349,-56.363457,-58.505634,-62.460045,-62.54609,-65.238686,-65.384964,-67.32082,-67.59818,-68.77626,-69.33741
3296,True,-24.562069,-26.827765,-30.901161,-34.491978,-37.653866,-37.01376,-36.510895,-39.34811,-37.92186,-37.910316,-41.851936,-42.41056,-47.28172,-47.95555,-47.380585,-48.883156,-50.545155,-51.975166,-53.88745,-54.76843,-57.2065,-57.110096,-60.176296,-59.2211,-59.732796,-61.989494,-65.09102,-65.18868,-68.02394,-67.8889,-67.919685,-68.911964
3328,True,-24.030485,-26.388126,-32.268623,-33.82966,-32.827477,-38.37515,-37.317245,-40.419968,-40.703846,-40.515118,-43.175716,-46.3367,-46.392918,-48.522835,-48.015472,-46.921524,-48.637283,-52.120358,-55.42736,-55.380196,-58.26523,-58.161118,-58.919434,-59.69875,-60.776196,-62.322952,-63.80565,-66.14859,-67.491234,-69.14455,-68.59618,-69.886955
3360,True,-22.989578,-24.614218,-30.14925,-37.27306,-37.183674,-38.622795,-42.430183,-42.19769,-38.677814,-39.714523,-43.61259,-44.303688,-47.334343,-47.900093,-47.15445,-48.959255,-53.29505,-56.636414,-57.541084,-54.63154,-56.76156,-56.800858,-58.661682,-59.559258,-61.31201,-62.595768,-65.68062,-67.0531,-66.64971,-67.13038,-68.57134,-69.7104
3392,True,-21.295639,-24.160648,-25.907705,-31.669258,-35.399296,-37.721344,-40.031784,-45.050396,-38.58324,-38.697926,-42.77816,-47.11473,-45.563286,-47.357994,-50.98957,-52.2065,-50.71621,-53.737644,-56.387566,-56.93496,-55.80709,-58.141563,-57.490707,-59.013973,-60.925198,-61.34024,-63.81807,-65.34824,-66.3504,-68.28521,-69.33837,-70.284454
3424,True,-23.774345,-28.433416,-29.191648,-34.583134,-35.588215,-38.863262,-36.07723,-39.359783,-37.384712,-36.001457,-47.032715,-48.036865,-47.083267,-47.191677,-48.786324,-51.493584,-48.973267,-51.848038,-54.937458,-54.339333,-54.786163,-59.20238,-58.954247,-59.149727,-60.54289,-62.788506,-64.986435,-67.31708,-65.84163,-67.17226,-70.2867,-70.39817
3456,True,-24.461748,-28.524477,-29.674952,-33.275166,-34.42372,-39.236656,-38.209404,-41.01051,-34.311832,-34.306786,-42.460003,-45.45465,-49.05395,-48.59583,-51.122913,-51.807365,-50.921303,-51.564293,-54.69286,-54.94379,-55.561565,-58.7723,-59.21618,-59.70153,-62.584797,-61.542694,-63.054764,-66.241455,-68.61968,-69.43263,-69.0216,-69.86757
3488,True,-29.648249,-26.09311,-27.084957,-31.813848,-36.25457,-38.831135,-38.485622,-42.95013,-37.19404,-37.18349,-46.440422,-49.789597,-47.702465,-48.1951,-49.654495,-50.38794,-49.733604,-54.430332,-55.902596,-54.943905,-55.67127,-56.307632,-58.248062,-60.043293,-59.53527,-61.626965,-63.223557,-65.7602,-68.407,-68.78056,-70.78761,-70.57722
3520,True,-24.519554,-28.063505,-30.967161,-33.41628,-36.886127,-38.054394,-41.17159,-44.10176,-37.19221,-37.592937,-46.557423,-45.928608,-48.77279,-46.85757,-47.03972,-49.05603,-49.37729,-53.555992,-56.566307,-55.749237,-57.174362,-55.720566,-57.54931,-59.785698,-60.914467,-61.287758,-64.23271,-66.97935,-66.68031,-68.44746,-69.65428,-70.58954
3552,True,-21.699253,-24.17055,-31.135391,-34.82621,-36.826855,-40.622555,-39.49452,-43.136513,-35.224358,-35.44146,-44.941067,-45.583195,-48.48568,-48.942837,-46.80204,-50.809017,-53.93753,-53.413044,-55.716473,-55.974087,-55.71858,-59.637028,-58.433403,-59.289864,-59.64068,-61.231735,-63.938652,-66.34485,-68.36978,-68.9162,-70.04297,-70.44772
3584,True,-25.014301,-25.580276,-30.51926,-33.988056,-37.678944,-39.628338,-36.135574,-41.057606,-35.153633,-35.92506,-44.870575,-45.917286,-51.268143,-48.01734,-50.805054,-52.765003,-51.990646,-53.834084,-53.323486,-56.50709,-55.88456,-57.66409,-59.00605,-60.61937,-60.58709,-60.62626,-64.58695,-67.57816,-66.45209,-67.35678,-69.15434,-70.05332
3616,True,-23.291147,-29.679106,-27.618925,-30.955038,-38.068584,-39.097122,-37.685043,-39.988937,-38.251297,-39.89537,-49.38672,-48.842144,-50.354977,-49.44788,-49.006725,-51.13401,-52.51408,-54.984528,-54.71737,-53.63504,-54.57789,-58.64647,-57.22995,-58.719006,-61.18059,-60.779705,-64.97458,-66.03255,-68.928696,-69.37949,-68.40709,-69.13367
3648,True,-23.899462,-26.8771,-29.061073,-33.23018,-38.691574,-37.178547,-38.570084,-42.29403,-36.28374,-35.904816,-47.55861,-48.178307,-51.68167,-47.87529,-46.444107,-51.79303,-51.947857,-56.16882,-53.64523,-53.295918,-55.70262,-57.72744,-60.834354,-59.94365,-61.173203,-62.631905,-64.38287,-65.847404,-68.33368,-68.33375,-68.63023,-68.990234
3680,True,-24.747093,-27.457409,-28.631481,-33.9685,-37.815083,-40.4079,-41.48029,-46.44799,-38.049896,-37.295235,-47.59504,-49.487686,-50.364777,-48.98252,-50.685165,-48.81243,-49.68639,-52.421455,-54.518475,-55.600666,-55.56913,-56.406815,-58.62846,-58.574173,-60.88991,-60.44241,-64.83738,-67.33855,-66.96628,-67.2117,-69.753914,-69.19404
3712,True,-21.513365,-23.714579,-25.992523,-33.304558,-36.834625,-37.665943,-38.43789,-42.335304,-39.712975,-40.346092,-46.33581,-46.82745,-50.25952,-50.32608,-52.926308,-50.756706,-50.369625,-54.962036,-54.393196,-57.632812,-58.62642,-57.67305,-58.857517,-59.460182,-60.83274,-60.4741,-64.58324,-67.53303,-67.60469,-68.61215,-69.39987,-69.89329
3744,True,-21.16438,-25.989382,-30.916359,-34.78028,-36.499382,-37.061775,-37.885147,-41.35566,-37.6199,-37.453804,-41.99299,-43.701096,-49.88388,-48.909855,-48.18577,-49.763023,-52.754463,-52.2202,-54.665596,-56.90194,-57.51875,-56.36915,-60.46024,-59.15297,-60.564365,-61.25809,-64.92685,-67.3183,-66.49924,-67.652916,-69.64387,-70.858215
3776,True,-22.345667,-25.333965,-30.620834,-33.160683,-36.94803,-36.876953,-37.805706,-40.864086,-39.334396,-40.281696,-47.2266,-46.549835,-50.1539,-49.145466,-48.013653,-49.8457,-52.56536,-55.213085,-57.236706,-58.440517,-57.82215,-57.76413,-58.678123,-60.88299,-59.35206,-61.919647,-64.79274,-67.01095,-67.8952,-70.034294,-70.4725,-70.780174
3808,True,-19.91646,-26.090427,-30.79315,-31.870953,-35.919106,-40.321747,-41.570503,-42.379307,-38.84933,-38.33783,-47.171936,-47.02986,-49.66517,-48.153732,-48.103714,-51.270924,-52.074455,-55.310043,-56.359882,-54.383816,-55.922134,-55.327293,-55.984425,-58.505863,-58.45565,-61.279392,-65.15012,-66.6839,-67.64013,-70.13702,-71.873695,-70.60592
3840,True,-30.443188,-27.852322,-26.452782,-31.106756,-37.642113,-38.379356,-43.341835,-42.375645,-38.344723,-39.681828,-46.849674,-47.736134,-47.71282,-48.161434,-49.236584,-53.270523,-51.63423,-53.532677,-53.20771,-55.160294,-55.145973,-55.737934,-60.362762,-59.613564,-60.987797,-63.233128,-64.57286,-65.699554,-68.19049,-70.42282,-69.810074,-70.024635
3872,True,-30.067932,-29.293522,-27.283386,-32.07943,-34.78959,-38.39932,-40.818523,-43.43862,-37.688934,-37.791294,-44.208786,-46.609825,-45.857918,-49.855988,-49.000908,-47.975063,-50.71562,-56.745224,-56.072163,-59.16881,-59.14058,-56.616207,-59.83734,-59.910683,-62.071953,-63.065056,-64.7219,-66.22117,-66.75015,-69.51482,-69.84242,-70.09498
3904,True,-26.617874,-25.71023,-28.88424,-33.645283,-38.067287,-38.715744,-36.631783,-40.362095,-37.063267,-37.256397,-47.967182,-47.120647,-50.66236,-49.288994,-49.134285,-48.744865,-53.651604,-55.084667,-55.98978,-56.5052,-55.971954,-57.503735,-57.386032,-58.467754,-58.614826,-61.008114,-64.12921,-65.984085,-67.488235,-68.60641,-69.84439,-69.23066
3936,True,-21.829603,-27.80719,-32.121902,-35.32577,-34.239445,-36.427063,-38.675278,-40.515327,-37.719536,-36.47019,-42.235413,-47.05403,-46.600605,-47.213028,-46.552616,-51.003265,-49.29907,-53.203526,-54.884308,-54.55677,-53.827595,-55.494797,-57.807007,-59.739777,-61.44416,-62.50948,-64.141716,-67.25702,-66.0539,-67.279976,-68.38209,-69.048965
3968,True,-25.000849,-28.085762,-30.788628,-35.80932,-36.81668,-38.71382,-39.854828,-42.64784,-38.518948,-38.944763,-48.926052,-47.034245,-44.435806,-53.61692,-50.113037,-47.863995,-48.370857,-53.1287,-53.935905,-56.846996,-57.908993,-57.359653,-57.620865,-60.316692,-62.00749,-60.9674,-62.750496,-62.86682,-65.806114,-67.52387,-68.1099,-69.73599
4000,True,-24.695877,-24.742,-26.134388,-34.702076,-34.520206,-37.498833,-37.023846,-42.323204,-39.79363,-41.234512,-47.878834,-46.183403,-50.55122,-49.216915,-46.88631,-52.218346,-51.170773,-54.631847,-58.688297,-54.78051,-53.73085,-55.47584,-58.119015,-61.094173,-57.905468,-60.42053,-62.63758,-64.658104,-65.71076,-67.62018,-68.750374,-68.11284
4032,True,-24.902588,-27.399513,-33.476982,-36.25096,-35.39703,-37.004234,-40.638508,-42.033886,-39.92507,-40.628742,-47.42209,-48.440685,-50.02334,-49.551792,-49.09115,-50.10083,-51.18257,-54.216087,-54.64332,-53.908775,-54.938766,-56.46421,-59.041702,-61.42878,-60.48168,-60.914074,-60.99682,-66.026695,-66.97307,-69.43262,-69.53558,-69.146126
4064,True,-24.253702,-30.302698,-28.017391,-31.017626,-32.89656,-34.35171,-37.417747,-40.159107,-38.927006,-39.037613,-44.819927,-44.113354,-51.20316,-48.43664,-49.242687,-50.138405,-49.76721,-53.739693,-54.959152,-55.56317,-54.46085,-58.784634,-58.640785,-58.688774,-61.190266,-62.159813,-63.38427,-65.947815,-67.804596,-68.26372,-68.30356,-69.9983
4096,True,-24.901333,-23.669926,-27.67537,-31.767666,-35.598,-37.584396,-38.05371,-42.01105,-39.8325,-38.051983,-43.635235,-47.90236,-51.73271,-50.542164,-49.02957,-50.21279,-50.600376,-56.145817,-58.534397,-56.767544,-56.80691,-60.14011,-58.190037,-60.162262,-60.48521,-61.173996,-62.368893,-65.881256,-67.97233,-69.60776,-69.09766,-68.76973
4128,True,-22.943768,-25.512657,-26.882168,-31.953478,-36.710735,-38.416748,-41.614193,-42.711975,-35.534725,-35.867317,-44.70837,-47.616848,-48.348526,-48.439964,-49.464096,-51.33911,-50.678352,-57.690025,-58.052376,-56.55715,-55.19603,-56.261246,-57.874474,-59.309784,-60.926964,-62.26109,-66.26667,-66.014565,-66.80461,-68.80589,-69.402054,-70.74991
4160,True,-23.539066,-27.030336,-29.725695,-36.64747,-37.295757,-39.08281,-41.54779,-41.43999,-36.70071,-36.491302,-45.395435,-47.842278,-47.191765,-45.535393,-47.13039,-50.194283,-51.06666,-55.286827,-53.706135,-56.32797,-54.084072,-54.669937,-58.041958,-60.001144,-60.06687,-60.204247,-62.68717,-65.169815,-66.40863,-69.00523,-68.80118,-69.41744
4192,True,-24.788473,-25.864782,-31.52848,-35.93245,-37.0177,-38.122612,-38.956474,-42.70156,-36.08975,-36.708332,-46.646694,-45.51527,-47.786644,-49.260117,-49.81887,-51.166004,-53.464043,-52.712837,-53.486053,-56.41497,-59.18425,-57.720192,-58.138813,-59.663017,-59.46686,-60.28458,-62.812706,-65.73586,-67.30752,-69.2199,-69.51169,-68.72722
4224,True,-24.187649,-26.039316,-32.54711,-34.73229,-35.610065,-38.57959,-37.30253,-40.329964,-40.28791,-41.711697,-45.27744,-47.421455,-48.539635,-49.201775,-53.66028,-50.615242,-51.808403,-52.19149,-52.670727,-54.076088,-56.803314,-53.790417,-57.457016,-57.394733,-60.793156,-60.254066,-62.281494,-64.663124,-65.99557,-68.6956,-69.16086,-70.80926
4256,True,-21.714172,-26.757507,-30.40704,-34.948933,-34.54753,-37.33503,-36.96723,-39.796738,-39.268482,-38.289707,-44.448067,-48.344086,-46.935715,-47.342636,-48.562355,-52.00886,-47.589584,-48.670395,-52.032555,-53.80686,-50.53042,-53.587498,-58.765923,-59.84585,-57.18935,-59.218575,-63.226818,-64.40976,-65.93592,-67.65978,-67.7579,-68.94534
4288,True,-24.882261,-28.492096,-31.359987,-36.413197,-38.385693,-38.91341,-38.806602,-41.91165,-39.67981,-37.82117,-43.881664,-47.501106,-46.428726,-49.410545,-48.99288,-48.206696,-47.23698,-55.62285,-54.39899,-55.445015,-55.572647,-57.49626,-57.179535,-59.725384,-58.278336,-60.939327,-63.367573,-66.82184,-67.01671,-68.54967,-69.406075,-69.83939
4320,True,-24.663754,-24.92838,-25.772364,-31.742783,-35.846264,-37.264603,-38.85061,-43.05674,-38.61054,-38.116383,-47.14042,-43.97245,-46.295967,-46.304417,-45.761295,-47.13273,-49.359413,-51.294064,-54.36268,-52.951096,-55.950493,-56.0824,-59.952198,-61.17002,-60.694576,-60.60015,-62.867966,-65.328835,-66.3656,-69.731155,-70.587975,-69.61425
4352,True,-22.53041,-28.375881,-30.197826,-32.426876,-35.420616,-38.394447,-39.81961,-42.54682,-39.483437,-38.58271,-48.77738,-44.954117,-46.03481,-45.305267,-45.002365,-49.482452,-49.81676,-47.88508,-49.05664,-50.494446,-52.93725,-58.69211,-57.832466,-58.901833,-60.008007,-60.288406,-62.307556,-65.79281,-67.10908,-68.883095,-69.468834,-68.82364
4384,True,-25.200325,-26.261274,-29.102325,-32.495766,-36.284893,-38.08828,-37.809055,-40.798668,-38.236214,-36.208866,-46.852234,-45.993805,-47.68476,-47.980885,-50.30853,-47.449726,-49.270763,-51.91812,-55.057953,-54.224716,-54.434124,-58.696945,-59.14148,-57.854748,-60.398315,-61.195545,-61.871864,-64.96569,-67.753624,-68.02063,-69.378685,-70.294304
4416,True,-25.494541,-30.224434,-31.558716,-32.32097,-34.683647,-38.495377,-37.502068,-39.003834,-36.631054,-37.67837,-46.660267,-48.502846,-50.156322,-45.178337,-45.991096,-49.254528,-52.58648,-55.247494,-53.621693,-55.36821,-53.74519,-56.20817,-56.717,-58.18927,-61.827015,-62.114334,-63.166595,-64.965294,-64.70185,-67.10872,-68.65459,-68.64535
4448,True,-25.873627,-27.893929,-28.255413,-31.648064,-35.024334,-42.950714,-41.428146,-44.142937,-35.515453,-34.578358,-43.198547,-49.901924,-47.367622,-46.834263,-47.036816,-50.72779,-48.342545,-50.88636,-54.29281,-55.38456,-55.823593,-56.57904,-57.35228,-58.5729,-59.791435,-60.03148,-62.02729,-65.091286,-65.62161,-66.95299,-69.65667,-69.00805
4480,True,-24.634657,-24.474655,-28.78601,-31.968166,-34.71921,-38.585022,-39.137936,-43.073174,-37.24651,-37.547478,-45.492,-48.096016,-50.690037,-46.470074,-47.355034,-48.61179,-49.321045,-52.08757,-57.575687,-57.12833,-55.340023,-56.231747,-57.725216,-58.623703,-60.156345,-60.09188,-61.67902,-64.10519,-64.95523,-66.91985,-68.88539,-69.58797
4512,True,-22.424717,-25.478935,-26.56269,-30.048092,-37.26799,-41.213516,-39.967266,-39.45457,-36.215523,-36.658066,-43.413292,-44.37542,-47.94314,-46.473953,-48.83732,-48.59272,-49.552,-50.625504,-54.09924,-56.026962,-53.2205,-55.72818,-58.272186,-59.552658,-60.3445,-61.54622,-65.272675,-66.26836,-67.02944,-68.182724,-68.97208,-70.27601
4544,True,-27.431276,-28.252285,-28.102905,-32.64635,-36.23456,-38.873886,-36.419167,-37.26466,-36.074524,-36.841625,-43.07049,-50.524956,-49.461906,-47.57939,-49.768654,-49.032665,-50.328564,-54.72661,-55.623344,-55.6043,-56.779152,-56.07997,-60.057884,-60.185135,-58.272118,-61.397736,-67.90687,-67.16536,-65.08503,-69.35971,-69.02539,-70.74213
4576,True,-25.62888,-24.580309,-26.864742,-32.204433,-34.096447,-36.18531,-39.76174,-41.135597,-41.026672,-41.312145,-44.75511,-48.567955,-47.6447,-48.10093,-49.08844,-50.70056,-51.584396,-50.61502,-51.01329,-55.5967,-55.507133,-57.244663,-60.580868,-60.301777,-59.895668,-62.56225,-65.86628,-65.38777,-65.69908,-68.02864,-70.490456,-70.52035
4608,True,-21.502747,-28.912624,-33.016636,-38.75421,-37.955463,-37.110573,-40.18229,-43.575287,-39.917114,-39.349068,-40.81869,-44.84597,-46.711502,-48.866325,-48.07234,-48.652225,-54.04366,-54.750904,-55.329,-53.68465,-53.13404,-54.436386,-58.95342,-58.641872,-58.771774,-62.124,-60.894108,-64.39116,-65.5947,-64.54005,-65.6688,-65.399704
4640,True,-20.958092,-29.187012,-32.364147,-34.95813,-38.01573,-38.97592,-39.56242,-45.442295,-35.871998,-36.164444,-44.766766,-44.59533,-49.792053,-49.552647,-50.000275,-49.688797,-50.649612,-53.813416,-54.817673,-57.918224,-54.850117,-58.379402,-58.955746,-58.214897,-58.604233,-58.71162,-57.68009,-61.56801,-65.799385,-62.523342,-63.385513,-65.223885
4672,True,-27.022879,-26.11335,-29.364552,-33.068413,-36.425995,-41.120914,-38.268234,-40.516876,-36.854782,-36.97535,-43.975426,-46.367767,-49.93194,-50.069275,-48.51201,-49.161983,-49.233604,-53.464703,-52.994835,-54.10864,-55.802834,-55.905884,-57.194054,-57.987522,-58.804455,-58.941383,-58.373432,-63.91565,-66.61808,-64.51407,-66.78914,-66.92876
4704,True,-25.945246,-28.952868,-28.800621,-33.118767,-36.557037,-42.32046,-36.48864,-38.82582,-36.65936,-36.890305,-45.81177,-46.050987,-46.965767,-48.511887,-48.874138,-49.404587,-50.442886,-54.536728,-55.268227,-54.415108,-53.867764,-54.88825,-57.160522,-58.2771,-58.367954,-60.768887,-62.028255,-63.50286,-65.0702,-67.00015,-67.97117,-67.86751
4736,True,-25.504581,-25.493212,-25.59804,-29.55099,-37.609165,-39.1447,-41.119884,-42.441803,-38.567757,-37.780937,-46.420956,-45.03544,-48.734135,-48.214077,-48.05676,-47.29832,-49.343967,-52.706142,-57.494396,-55.66182,-55.300316,-58.871273,-58.17302,-58.474163,-60.362045,-61.280052,-61.77547,-64.68054,-67.05552,-66.26102,-66.85613,-67.748474
4768,True,-24.111795,-26.027248,-28.85683,-33.07668,-41.238422,-44.322853,-40.295143,-44.048405,-38.128006,-37.442142,-47.63285,-47.108173,-47.471695,-50.07709,-49.18828,-49.058796,-50.64648,-55.749313,-55.6278,-54.54107,-55.164536,-57.040142,-58.523067,-61.407494,-61.97611,-62.678185,-63.87728,-66.42009,-66.920166,-67.34517,-67.76817,-68.275
4800,True,-24.595757,-28.279707,-27.700268,-32.68251,-36.520752,-37.8909,-40.39904,-43.795937,-35.976616,-36.18256,-43.154434,-43.886837,-47.2912,-47.22011,-49.60328,-49.083138,-53.963165,-56.393547,-56.552704,-56.663685,-57.684135,-57.52437,-58.003517,-60.12195,-61.648186,-61.04231,-63.146473,-66.27003,-66.78076,-67.74378,-68.74032,-69.13026
4832,True,-22.801207,-28.230104,-28.53177,-32.71053,-37.20543,-39.554993,-39.83361,-42.719116,-36.384342,-37.14122,-48.08912,-47.75753,-45.810463,-48.61311,-49.412308,-47.779316,-51.403084,-54.62244,-56.260406,-56.990677,-55.605587,-57.39492,-58.618694,-58.626575,-60.990746,-61.879013,-63.436718,-65.4077,-67.26958,-67.70596,-70.01883,-69.26845
4864,True,-20.537798,-26.616306,-31.347973,-34.170273,-35.817577,-39.167103,-37.26066,-40.134373,-37.553482,-37.29265,-44.436546,-45.22164,-45.863728,-50.04355,-50.90859,-50.66345,-50.545013,-53.03948,-58.286728,-56.96216,-56.83716,-58.404575,-58.349003,-61.36473,-62.155376,-60.42147,-64.15111,-66.14247,-66.64026,-68.79157,-69.5417,-70.18168
4896,True,-23.774784,-24.895466,-27.605492,-35.826416,-37.172222,-38.450058,-39.173306,-41.6593,-39.923286,-37.897755,-44.10665,-47.363224,-48.001904,-50.036972,-50.2995,-49.608173,-49.265423,-53.61405,-53.19468,-54.36687,-55.740463,-57.574825,-57.631844,-59.29455,-63.507385,-60.22149,-61.99975,-66.53391,-68.4819,-69.35095,-70.81764,-68.97211
4928,True,-25.050604,-24.648237,-26.30063,-31.099209,-37.872974,-42.35886,-42.7708,-43.86963,-37.427193,-37.29443,-44.22079,-43.679413,-45.710426,-46.664795,-47.993973,-50.95429,-48.7627,-53.51797,-55.87952,-55.79687,-55.698357,-57.39475,-57.59136,-61.31927,-60.553703,-63.880318,-64.235855,-65.9844,-66.13809,-68.94536,-70.385635,-69.89172
4960,True,-23.303375,-25.64459,-30.479746,-32.99875,-36.374393,-39.922985,-38.86682,-41.70486,-39.85864,-37.850388,-44.372402,-44.713936,-46.8777,-49.94986,-48.902725,-51.055775,-53.77848,-54.140488,-55.520863,-54.16365,-56.15671,-57.433784,-57.426647,-59.60796,-60.560944,-62.82532,-65.30084,-66.279305,-67.14964,-67.69374,-68.567726,-68.38357
4992,True,-26.069506,-27.150652,-28.075714,-31.958698,-37.39339,-39.154774,-38.251728,-40.386047,-38.67558,-38.969887,-44.51803,-47.479385,-47.122734,-46.381413,-45.559086,-50.117065,-55.05754,-55.953293,-52.950783,-54.01744,-55.11169,-57.07656,-59.169662,-59.39695,-60.71569,-61.576202,-64.04263,-65.300354,-66.45243,-68.50192,-70.405785,-70.42551
5024,True,-27.157393,-26.738354,-28.362055,-31.66361,-37.48259,-39.355946,-38.817085,-40.905357,-40.476376,-38.390842,-44.701065,-46.868015,-47.719517,-48.505272,-49.838173,-47.508125,-50.756817,-52.89371,-53.333305,-53.840813,-57.049866,-58.786972,-60.46953,-60.161823,-61.005066,-61.654236,-62.744873,-65.94571,-65.391014,-67.467285,-70.114044,-70.501724
5056,True,-26.534567,-26.524208,-28.13999,-33.88173,-37.49763,-38.216206,-41.13628,-43.885063,-37.42391,-36.643074,-45.88867,-46.308258,-51.078564,-48.187595,-46.61829,-52.101418,-49.69337,-51.601543,-55.0524,-54.577698,-54.247128,-57.666565,-58.487457,-59.286495,-61.8226,-63.34134,-64.2236,-66.43137,-67.05972,-67.55923,-69.41985,-71.35026
5088,True,-23.649988,-25.14374,-30.41169,-30.011587,-34.528614,-40.732513,-41.24243,-44.772076,-35.977123,-35.130936,-44.03566,-46.591537,-49.239384,-47.59995,-45.654793,-49.159073,-49.240154,-52.87593,-54.42527,-55.37774,-56.613003,-57.812027,-57.510277,-58.145107,-61.72094,-63.78247,-65.04047,-68.337036,-66.60499,-69.13622,-70.47011,-71.56675
5120,True,-23.703272,-23.90873,-29.638905,-33.206364,-37.0766,-39.982502,-41.64296,-41.93609,-37.70725,-38.58224,-46.55956,-47.698174,-46.078667,-48.482822,-49.707718,-50.42149,-48.405247,-52.280025,-53.229286,-55.562294,-55.446922,-56.129166,-58.671932,-60.932278,-60.87796,-63.192616,-63.877693,-65.21041,-66.18023,-67.90545,-69.73745,-69.289215
5152,True,-22.7266,-26.956276,-29.744585,-33.6736,-37.427914,-39.591187,-38.211235,-39.85138,-37.693275,-40.16564,-47.98962,-47.225872,-45.085144,-48.115585,-48.84304,-47.00401,-52.358932,-54.948143,-54.453957,-54.292164,-54.25769,-56.892876,-58.268276,-59.955696,-61.512405,-62.084717,-63.581978,-65.197716,-66.31432,-68.00064,-69.534805,-69.92417
5184,True,-25.17543,-25.996143,-28.063915,-32.88459,-37.53439,-39.252094,-37.289562,-39.68679,-36.196964,-36.78438,-44.36556,-49.51681,-47.55249,-50.129456,-51.939003,-49.270187,-52.082233,-54.59719,-57.080082,-54.24074,-55.54515,-59.415497,-59.922676,-60.0713,-61.25804,-60.664764,-63.605724,-65.733475,-66.1258,-68.52118,-70.158646,-69.67601
5216,True,-25.299337,-22.022068,-27.188875,-32.10405,-38.4477,-40.335346,-39.142853,-43.264217,-39.914356,-39.16288,-46.526512,-46.55882,-46.9771,-48.62023,-46.63311,-48.013374,-50.432148,-52.09474,-54.23946,-54.571053,-55.682785,-57.874203,-58.674946,-59.11469,-62.81482,-63.24531,-64.053055,-64.87093,-67.76811,-70.81382,-69.41564,-70.17463
5248,True,-28.643568,-25.70924,-26.746817,-31.181969,-37.574062,-37.936443,-36.10891,-42.36034,-39.35785,-38.796673,-46.00073,-45.713585,-51.242367,-48.740204,-51.65991,-52.54127,-51.243664,-53.642754,-54.828217,-54.530533,-57.942425,-56.701294,-59.2194,-62.230522,-61.0112,-62.59077,-62.544514,-65.30325,-64.65701,-68.49095,-67.58177,-66.80003
5280,True,-24.705872,-26.884495,-32.158943,-35.58294,-37.13836,-37.11068,-36.715874,-39.329456,-39.309734,-39.97222,-48.694717,-47.3237,-48.053154,-48.475994,-50.371933,-49.181515,-49.27539,-54.02123,-54.81878,-57.61857,-59.242012,-56.03542,-56.47634,-60.319042,-61.28196,-60.424965,-60.594513,-62.336273,-63.954044,-57.280613,-63.211273,-65.841576
5312,True,-21.717157,-24.933117,-33.303654,-35.338455,-36.05011,-38.686462,-38.880867,-41.714054,-40.885353,-36.913456,-41.338997,-46.376896,-52.27027,-52.11565,-49.199425,-49.07091,-50.122047,-54.18495,-54.5018,-58.512993,-57.755703,-58.994926,-58.16169,-59.04837,-58.842278,-59.168434,-60.761314,-62.480526,-64.59018,-51.73278,-60.174984,-68.20611
5344,True,-20.32326,-25.21304,-30.881222,-36.03956,-35.222927,-36.194134,-37.86447,-39.807358,-36.30631,-36.943726,-46.106796,-46.016594,-46.888687,-47.899467,-48.8993,-50.330204,-49.701874,-54.5439,-55.54596,-55.580997,-54.975838,-58.027874,-57.988388,-60.191628,-58.80002,-62.098026,-62.311687,-64.53681,-65.51978,-51.708206,-59.859207,-66.77872
5376,True,-22.678764,-25.103853,-27.00763,-31.787891,-37.222168,-35.900585,-39.126705,-45.595634,-38.46086,-39.050743,-43.655296,-45.955345,-47.352528,-48.605083,-47.081963,-49.860184,-50.361313,-53.38394,-54.424595,-55.16697,-55.364994,-58.453503,-59.49362,-57.95651,-58.426357,-60.24239,-61.215935,-63.4322,-65.4946,-53.088844,-60.419655,-68.27968
5408,True,-23.784063,-26.096287,-29.512484,-34.106174,-35.857693,-39.045795,-41.5655,-43.305885,-39.213554,-38.623863,-43.539654,-50.490746,-50.80187,-48.227634,-50.23542,-50.77765,-50.32673,-52.548824,-53.93568,-55.042847,-55.46147,-58.458855,-57.692207,-58.245464,-53.912827,-58.578495,-61.98385,-64.07893,-65.64701,-43.04508,-50.546425,-68.54692
5440,True,-25.391163,-28.578068,-28.685978,-33.429607,-36.30001,-37.83271,-37.65822,-41.16611,-42.285034,-40.436283,-48.170845,-47.939865,-48.05199,-48.07131,-48.13774,-50.624634,-49.81546,-50.70497,-52.355057,-55.6327,-54.741596,-57.1705,-56.720497,-57.11439,-59.89248,-61.2075,-61.319386,-64.27162,-66.271614,-41.411682,-49.019104,-68.4844
5472,True,-28.275505,-30.764069,-30.936043,-33.923042,-35.17842,-39.133335,-37.411507,-39.93203,-40.046497,-40.607048,-47.57673,-44.67427,-48.30343,-48.799347,-49.704597,-48.620132,-51.276127,-53.457264,-55.206814,-56.876488,-55.40818,-55.020554,-57.45998,-59.283142,-58.816967,-62.53337,-62.478832,-64.15293,-64.16615,-52.69936,-59.209236,-68.675285
5504,True,-25.78088,-23.539566,-30.787071,-35.974697,-37.390648,-37.68924,-38.241173,-42.40336,-38.922695,-40.17653,-43.046005,-46.680256,-45.965725,-48.09036,-52.559525,-49.85875,-49.449745,-57.25191,-54.64636,-56.845528,-58.48757,-57.703506,-56.822365,-58.304527,-59.828888,-58.92542,-62.548134,-64.40109,-66.29195,-51.84986,-59.30325,-67.89868
5536,True,-26.575062,-24.249905,-29.136639,-35.302402,-35.36949,-37.692505,-41.22621,-42.731815,-39.158806,-39.97035,-43.25019,-46.491837,-49.901413,-47.993317,-47.977867,-47.62293,-52.123856,-52.955826,-53.125412,-53.25271,-56.75544,-56.170723,-59.29974,-57.83848,-60.847023,-61.319996,-62.144394,-65.08155,-66.92512,-54.2417,-60.61416,-69.06243
5568,True,-26.812384,-26.926126,-28.620787,-30.997665,-34.031025,-36.092747,-39.265194,-40.62184,-38.21235,-39.035908,-51.39452,-47.507423,-48.053783,-49.715916,-47.855316,-47.61754,-49.94806,-53.149296,-54.16891,-53.71438,-54.700867,-57.598885,-58.801235,-58.256107,-59.28737,-60.547417,-61.286793,-63.77766,-66.265656,-63.28867,-67.07459,-68.80012
5600,True,-22.824379,-27.008205,-28.58279,-31.989548,-38.58578,-39.760853,-40.14495,-44.198338,-37.00546,-37.09373,-42.577965,-45.647602,-46.430378,-48.732372,-48.023857,-47.50851,-48.55776,-53.890644,-56.853493,-54.965473,-55.01361,-57.362198,-57.632713,-57.855988,-58.24781,-60.30119,-62.2948,-64.05892,-64.127846,-62.559242,-66.83,-69.7415
5632,True,-22.512217,-23.661901,-29.945745,-33.838528,-37.52919,-39.16065,-35.860218,-38.90696,-37.926777,-37.740883,-45.344814,-45.814697,-45.667915,-51.064697,-49.367683,-47.30951,-49.516235,-52.955547,-52.94674,-53.580547,-55.916004,-57.035965,-54.59395,-57.443043,-59.567852,-59.31452,-63.44686,-65.98182,-66.87845,-61.39686,-66.45628,-67.020966
5664,True,-26.720825,-24.601152,-28.062933,-31.92844,-35.816418,-38.789722,-37.661564,-39.119793,-38.507244,-38.35955,-42.163815,-46.761013,-49.284164,-46.269424,-47.31798,-46.03275,-48.20644,-53.909702,-55.313866,-56.82001,-57.785927,-58.519302,-56.54698,-57.05952,-60.157394,-61.164288,-64.588684,-64.752884,-66.208015,-68.01457,-68.57361,-69.531044
5696,True,-24.314533,-25.781101,-30.746521,-35.304302,-35.742847,-37.49768,-40.478855,-41.874702,-36.995663,-37.378956,-48.037685,-46.59594,-46.580475,-46.439743,-47.1541,-48.022903,-50.368904,-55.149582,-54.228867,-54.85344,-54.29922,-55.319256,-56.48562,-57.612453,-57.482872,-60.818222,-64.24447,-65.93703,-65.8177,-65.68135,-67.67779,-69.520485
5728,True,-22.283087,-25.34476,-31.045277,-37.876106,-38.29888,-37.864582,-37.71219,-41.00908,-34.481243,-35.494583,-45.311806,-45.943638,-47.09818,-47.77366,-48.37969,-50.522255,-53.472084,-54.573654,-51.90576,-55.26916,-55.721504,-55.640182,-54.884247,-56.526886,-60.063126,-60.22493,-62.842785,-64.00372,-66.352516,-68.18108,-67.35422,-67.957565
5760,True,-27.197254,-28.594381,-34.729546,-35.786728,-37.97817,-36.9658,-37.70598,-39.211624,-36.706635,-36.957508,-45.694775,-47.331543,-48.8487,-49.055527,-46.660767,-49.844418,-53.416485,-52.79754,-54.458977,-54.781837,-56.30282,-56.49945,-58.12432,-57.204212,-59.24926,-60.098114,-62.947685,-65.13025,-66.13437,-65.798225,-68.10557,-68.05558
5792,True,-23.38879,-24.351671,-30.082047,-34.643425,-35.200268,-39.411366,-37.60077,-38.14324,-37.56414,-38.691986,-43.16487,-45.633476,-49.83866,-49.527832,-49.949955,-48.521873,-50.893127,-51.627483,-54.80116,-55.540306,-56.833588,-57.56397,-58.19654,-58.97608,-58.42802,-60.473274,-62.960033,-63.62556,-66.12146,-67.81094,-69.56648,-70.5538
5824,True,-24.760494,-27.759655,-28.539272,-32.50207,-34.12434,-37.52098,-39.59145,-39.850185,-37.434334,-37.45991,-43.932606,-46.158157,-50.80506,-46.537785,-46.98168,-47.912273,-49.4286,-52.72102,-53.439873,-56.200233,-57.208298,-56.293755,-55.97305,-57.313198,-59.28783,-60.00264,-62.636986,-63.858356,-66.140625,-69.02398,-69.07318,-70.15022
5856,True,-25.959366,-24.761364,-29.66053,-33.021324,-34.53386,-37.014004,-39.66764,-42.444473,-36.527496,-36.20574,-40.004242,-43.509518,-47.625736,-47.84806,-47.92035,-48.324547,-52.026115,-54.346733,-54.518234,-55.017197,-56.23074,-57.30318,-57.937237,-59.290737,-57.660618,-60.020542,-61.89507,-65.38743,-65.32274,-67.05398,-67.53548,-69.5154
5888,True,-25.370111,-27.333149,-28.530666,-30.28706,-37.29763,-37.734764,-37.76574,-40.770687,-38.035034,-39.110657,-47.01049,-47.247467,-50.458405,-46.554787,-46.901775,-51.404076,-52.679752,-52.455173,-55.757988,-56.488007,-56.862473,-56.862534,-57.0235,-56.581745,-58.835,-59.791187,-61.20563,-64.297264,-66.58334,-67.91457,-67.785355,-67.441605
5920,True,-25.885122,-26.149786,-33.58521,-36.405113,-37.51394,-40.511974,-36.953053,-39.763683,-39.37856,-37.25181,-43.977276,-44.589355,-47.098827,-49.043144,-48.87497,-48.648125,-52.570568,-55.288548,-54.758713,-54.102837,-55.4113,-56.492386,-57.363777,-58.932343,-59.44287,-60.0897,-62.433132,-66.14105,-66.998146,-67.23238,-69.88433,-69.12378
5952,True,-24.177,-26.23127,-32.10352,-36.561066,-37.78948,-37.32394,-37.64835,-39.532677,-37.036106,-37.394142,-42.98632,-45.153534,-48.930496,-48.675262,-50.102863,-48.106567,-50.43333,-53.957626,-57.23425,-56.802452,-55.19934,-57.506523,-57.78612,-59.43115,-58.590046,-59.24152,-62.997597,-65.536644,-67.49873,-67.22205,-69.02704,-69.744125
5984,True,-21.297052,-27.391209,-29.65118,-33.919674,-38.49441,-39.232193,-39.042873,-41.155357,-35.159737,-35.126225,-45.040897,-46.63701,-48.515945,-45.76677,-46.606018,-47.798306,-48.712917,-53.326496,-54.19668,-56.742878,-55.809765,-55.126183,-57.7304,-60.005493,-59.29213,-59.859337,-62.78446,-65.765175,-65.09086,-66.38673,-68.72573,-67.948555
6016,True,-23.961517,-25.877092,-30.289917,-33.93511,-36.275948,-40.79493,-39.656273,-42.890717,-35.846962,-35.5577,-42.38481,-46.58424,-47.826305,-48.157005,-50.747307,-46.83752,-48.439373,-52.740112,-55.633244,-56.49608,-53.257828,-56.0964,-56.120514,-55.73941,-58.737244,-59.42602,-61.278976,-64.34739,-64.79459,-65.270454,-66.55285,-66.97265
6048,True,-24.731482,-27.333982,-29.60622,-31.64022,-35.571182,-37.041264,-37.350014,-40.38723,-36.32045,-35.57467,-44.289288,-47.038784,-47.08541,-44.38945,-48.281548,-50.62592,-51.826286,-51.469826,-55.469765,-54.696358,-54.092094,-57.340065,-57.235203,-58.062775,-59.485226,-59.78271,-62.60482,-65.59853,-65.40184,-66.08943,-68.08859,-68.97918
6080,True,-23.256214,-28.224625,-27.26414,-31.413977,-33.596443,-38.84995,-38.74846,-41.219666,-35.925747,-36.98468,-44.064823,-44.731373,-44.855175,-46.182945,-47.324417,-51.591114,-51.098732,-52.96496,-52.58904,-50.955624,-55.901722,-58.676353,-56.614975,-58.339176,-59.143494,-61.08191,-61.63243,-64.19003,-65.8146,-67.94141,-67.82612,-68.81075
6112,True,-25.191858,-28.554443,-28.467072,-32.096554,-35.46709,-36.230537,-39.52433,-41.256786,-40.01051,-39.546753,-44.10772,-44.627197,-46.271152,-47.117733,-49.881012,-51.504784,-51.362324,-53.79992,-52.576485,-54.664955,-56.768993,-58.565334,-58.208107,-57.185555,-59.41715,-61.287613,-65.27206,-67.09431,-67.63558,-68.5146,-70.18381,-69.421745
6144,True,-28.106344,-25.866867,-29.855053,-34.973076,-38.24125,-37.612453,-38.26573,-42.531807,-35.670967,-35.70057,-42.673462,-45.539787,-47.02893,-47.76808,-47.619217,-49.704285,-54.153923,-54.911674,-56.169563,-56.811478,-56.04273,-55.61468,-58.49358,-58.829666,-58.641495,-60.996494,-62.763268,-67.09878,-66.50935,-68.83293,-68.884514,-69.06759
6176,True,-23.321167,-25.693876,-31.54274,-35.26442,-36.554783,-38.606773,-40.92772,-43.11069,-38.32695,-39.089634,-45.539356,-46.224346,-49.087296,-47.42154,-48.029556,-48.809563,-50.89686,-51.128216,-53.18684,-54.03595,-53.250957,-57.13884,-56.71932,-58.811184,-59.22903,-61.47592,-63.90449,-66.76684,-67.12664,-68.208435,-69.69235,-69.16529
6208,True,-25.62752,-29.149433,-35.440334,-37.215546,-37.700268,-40.28864,-39.384495,-42.954224,-38.17434,-37.54437,-49.02217,-47.582302,-50.926594,-47.4365,-47.113132,-50.18557,-49.862717,-52.667137,-55.607018,-54.32674,-53.6624,-56.519737,-58.35544,-59.26142,-59.5285,-59.38927,-60.322144,-62.0356,-60.00147,-64.86444,-63.69297,-60.888332
6240,True,-25.196993,-24.894875,-27.334309,-30.056513,-34.703056,-38.009716,-36.467354,-39.430588,-36.935112,-36.227417,-44.090736,-46.186302,-48.402275,-50.824184,-49.62019,-48.767246,-48.04415,-54.54187,-53.644844,-55.351963,-56.00826,-55.766678,-57.91384,-58.60653,-59.496647,-57.185074,-57.738594,-58.706757,-58.42506,-60.60803,-61.25583,-60.25322
6272,True,-26.310349,-27.684399,-28.996449,-33.94462,-37.629105,-39.4851,-42.128292,-45.719025,-37.121185,-36.227646,-44.541836,-44.430317,-44.1119,-47.64717,-50.206715,-51.66531,-48.26073,-52.886627,-54.992584,-55.57796,-55.43335,-55.678753,-57.20345,-57.797638,-59.166126,-59.02964,-57.65564,-60.577835,-61.90612,-64.13042,-64.427734,-66.7482
6304,True,-24.733526,-27.432095,-26.374933,-31.66723,-36.32022,-38.546753,-39.276436,-42.239098,-37.728115,-38.243202,-43.900764,-47.407936,-46.26127,-48.65174,-49.214172,-50.948174,-51.603798,-54.858162,-56.455288,-55.921577,-54.17892,-55.195087,-57.03106,-58.466206,-59.106895,-61.735138,-63.656544,-61.838413,-62.788925,-64.62791,-65.62131,-66.73068
6336,True,-26.309944,-29.262318,-28.848875,-31.704216,-36.996933,-40.7107,-37.94994,-41.950893,-38.941166,-39.304474,-44.87896,-48.337284,-49.424,-49.83014,-49.983593,-51.31379,-49.694542,-56.010593,-55.762764,-57.023903,-55.09262,-55.593437,-58.723015,-59.692554,-60.387352,-60.34256,-62.52747,-63.7673,-62.788372,-65.17087,-66.94604,-68.3847
6368,True,-24.566563,-26.101444,-28.602438,-32.80977,-38.915833,-41.11257,-36.310368,-37.91123,-38.327633,-39.82559,-45.28855,-45.356194,-45.19288,-44.120045,-45.212234,-49.160446,-50.366177,-51.85338,-53.609154,-56.079727,-56.211716,-58.948975,-59.736057,-59.10878,-59.383106,-60.70209,-63.954945,-64.17434,-67.368706,-67.55083,-68.01754,-69.349945
6400,True,-23.81403,-25.26375,-28.975845,-35.945297,-39.428123,-38.71852,-38.49419,-39.099182,-38.56549,-39.26811,-45.96346,-46.431114,-45.54223,-47.78344,-47.941887,-48.563362,-47.363792,-51.628403,-54.04848,-54.332767,-53.934494,-54.660164,-58.58479,-59.514748,-58.438038,-59.916252,-61.72424,-66.92117,-65.29107,-67.57377,-68.31987,-66.96913
6432,True,-23.241968,-26.664736,-30.76709,-32.03839,-35.752033,-38.590164,-40.44136,-45.29148,-39.824448,-40.128677,-48.68431,-46.606564,-47.843224,-45.982872,-46.48829,-51.016693,-46.93222,-52.19675,-54.114464,-54.78309,-52.959255,-53.79141,-58.53266,-57.664112,-59.441605,-60.29347,-63.5041,-65.19097,-67.11499,-69.4555,-68.62286,-69.24968
6464,True,-24.221428,-24.052143,-28.381073,-32.11678,-32.78208,-31.049974,-35.42972,-29.594425,-30.651257,-33.602192,-35.67408,-33.997025,-36.131252,-38.24657,-35.32552,-31.642637,-26.656914,-30.941746,-42.456722,-43.7969,-42.416466,-41.912884,-44.80316,-44.404583,-44.14974,-39.536022,-35.669544,-34.607483,-28.951527,-26.850788,-30.027382,-32.55499
6496,True,-24.177073,-28.068914,-26.462399,-31.368752,-35.989204,-30.067463,-35.93084,-34.31979,-33.853214,-38.601826,-42.751137,-39.058273,-44.946823,-44.406433,-44.007187,-45.588078,-37.852196,-41.574875,-48.97322,-50.375633,-47.298424,-49.24974,-53.26326,-54.095245,-54.770832,-51.235565,-46.15103,-47.324646,-42.19638,-42.396255,-44.533257,-45.075607
6528,True,-22.823223,-28.81896,-29.309315,-32.323135,-34.262695,-35.752926,-37.12467,-40.50629,-39.68931,-41.01235,-43.240627,-43.946503,-47.96408,-50.97864,-47.759167,-46.910393,-49.1297,-49.208206,-53.601322,-53.941082,-52.782787,-53.991962,-58.544353,-57.527245,-57.074265,-56.465244,-54.2487,-55.552235,-48.996872,-48.572163,-52.30529,-52.76079
6560,True,-22.968796,-26.737408,-27.48143,-31.376705,-35.65945,-37.08127,-36.48929,-39.08304,-36.345493,-36.534153,-44.58923,-47.56207,-45.792007,-47.508614,-44.71694,-49.168037,-48.263176,-51.501213,-51.778046,-54.777977,-54.398964,-57.903976,-56.263348,-57.882584,-59.563713,-58.214626,-55.89701,-57.294647,-55.92582,-56.347336,-57.94464,-59.82543
6592,True,-24.91066,-26.774845,-31.508654,-33.68643,-36.695206,-42.356102,-41.518635,-40.926395,-39.38894,-40.515587,-46.16068,-46.1596,-49.350708,-44.867496,-45.315735,-48.275562,-48.150974,-51.94549,-55.099724,-55.776985,-54.81114,-58.359642,-58.343483,-59.192623,-61.22506,-60.730824,-62.54997,-61.62542,-58.45333,-58.66826,-62.81932,-63.16786
6624,True,-27.377403,-26.072273,-29.232212,-33.87288,-36.17194,-41.07786,-39.61335,-41.982697,-36.52061,-37.620766,-44.318424,-46.531616,-48.631714,-50.112198,-50.42491,-47.14366,-49.514313,-54.558372,-55.556797,-55.334785,-56.33203,-57.752075,-59.462856,-59.37513,-60.87674,-61.718197,-61.35701,-63.368645,-62.419548,-60.504868,-64.24602,-67.097885
6656,True,-24.93,-26.707249,-29.38901,-32.13457,-34.77835,-39.66785,-39.84959,-41.497997,-37.028957,-36.767307,-46.663933,-45.883064,-48.465508,-46.56186,-45.886063,-48.29383,-49.725414,-58.014088,-55.977463,-55.255135,-54.983925,-56.267326,-58.614746,-61.079132,-59.658413,-61.63147,-62.892853,-64.06497,-63.632755,-64.47348,-66.633766,-69.03758
6688,True,-25.849274,-27.412949,-28.451166,-30.674427,-36.407627,-39.595837,-37.1902,-40.68055,-37.83908,-37.319454,-44.291573,-50.796467,-50.05594,-48.14344,-48.410507,-49.136047,-51.60635,-53.139473,-55.462105,-54.6239,-56.045036,-58.600582,-57.894897,-61.50868,-60.313736,-60.62489,-63.195465,-64.624596,-64.03184,-66.52129,-66.89181,-67.55225
6720,True,-20.6273,-28.085606,-27.277992,-31.537846,-35.13543,-38.018192,-36.69084,-40.64173,-38.84073,-37.730915,-44.44761,-47.526608,-46.544563,-46.76242,-48.208473,-51.29045,-51.524017,-52.171803,-52.055393,-51.7732,-53.746777,-58.339233,-55.55938,-58.400578,-58.529747,-60.07425,-63.141968,-63.583687,-64.73678,-65.96217,-67.07168,-68.56063
6752,True,-27.244793,-28.906784,-29.433699,-32.639076,-36.55573,-39.392826,-39.411045,-41.892227,-38.145645,-37.95441,-45.058018,-45.83546,-44.897923,-43.315575,-47.255177,-47.136265,-49.466244,-52.59764,-53.745903,-53.235783,-54.26077,-54.234802,-56.928375,-57.478886,-60.197548,-61.19936,-64.6242,-66.174774,-67.06534,-67.84065,-69.19182,-69.25877
6784,True,-24.192688,-25.941887,-29.505173,-35.025967,-36.537453,-35.71673,-39.09329,-44.518642,-39.595497,-37.527817,-40.70881,-42.221466,-45.993862,-46.202007,-48.500916,-48.48267,-47.409065,-51.282326,-54.803726,-53.749603,-53.673744,-55.74207,-59.0012,-56.977676,-55.783695,-57.33899,-61.376007,-63.16729,-63.78901,-65.81935,-64.55798,-66.72225
6816,True,-25.527304,-29.25592,-31.216457,-34.05171,-39.764713,-40.56714,-38.3023,-40.11835,-37.271645,-37.496677,-40.960945,-47.778458,-45.67919,-46.040478,-47.316505,-49.48009,-47.410408,-49.510532,-51.983532,-53.231186,-54.692314,-57.21843,-57.591625,-55.961494,-57.34562,-56.3769,-61.29801,-62.41135,-65.70146,-65.895096,-65.86468,-66.880615
6848,True,-26.009144,-26.242165,-30.258217,-31.496687,-37.151825,-39.286404,-39.766487,-42.8233,-39.627514,-39.554665,-43.72997,-45.71503,-48.55562,-45.975334,-47.014236,-49.802002,-48.04258,-50.539745,-53.669888,-55.455914,-54.722004,-53.754333,-55.122902,-59.60703,-60.700245,-61.10786,-62.27223,-63.65755,-64.614845,-66.31762,-68.176315,-67.772934
6880,True,-27.463415,-29.341671,-29.084393,-34.08541,-36.00885,-33.334026,-37.804867,-42.030876,-41.30734,-42.03718,-45.048218,-44.87085,-48.83534,-47.619167,-46.53907,-46.74642,-49.358986,-51.06505,-52.764008,-54.104202,-55.078133,-56.247524,-56.655254,-57.87266,-58.494854,-60.305252,-62.792656,-64.43683,-65.141235,-62.892357,-63.913124,-68.149574
6912,True,-22.876877,-24.891321,-27.836468,-33.878815,-36.537354,-39.306984,-39.40703,-42.76483,-40.773468,-40.61379,-40.850258,-46.349873,-49.08567,-47.429775,-46.93064,-47.950405,-50.922146,-54.297607,-54.684147,-55.797382,-54.12796,-54.41883,-54.564594,-55.649727,-58.341995,-60.55789,-61.35849,-64.1055,-65.83395,-65.53128,-66.77294,-69.76811
6944,True,-22.131878,-28.762516,-27.007978,-30.6049,-35.190044,-45.49356,-37.700485,-40.404022,-36.864555,-35.22756,-42.393414,-45.712475,-47.561028,-45.54701,-44.977417,-48.875145,-51.94916,-51.25022,-52.292953,-53.845642,-53.78426,-56.076935,-57.616608,-59.195255,-58.981327,-59.03194,-64.19853,-63.545116,-64.63691,-65.29085,-67.34992,-67.65411
6976,True,-25.363396,-30.023634,-29.90794,-31.990606,-35.46104,-41.22032,-37.802532,-39.770084,-39.929577,-40.11967,-44.952927,-43.746048,-45.660538,-43.980183,-47.958683,-45.340176,-45.597794,-50.16815,-51.20507,-51.386253,-52.767937,-55.368732,-59.024612,-59.36426,-59.677216,-60.83882,-63.743168,-63.017838,-64.85367,-66.40529,-68.28234,-67.26463
7008,True,-21.772453,-25.334373,-27.903221,-30.156565,-34.093494,-39.361897,-41.52023,-41.192688,-40.596386,-41.158714,-46.34366,-45.61093,-43.50475,-47.50851,-43.58869,-48.437572,-46.63416,-52.754017,-52.61055,-53.31756,-55.971428,-56.74903,-56.691776,-59.251747,-59.206833,-57.9496,-55.842636,-54.734844,-56.15005,-51.268963,-53.0151,-55.88554
7040,True,-26.582687,-24.191275,-28.408499,-31.024847,-37.8897,-39.291172,-41.443676,-41.85547,-35.683487,-36.23365,-45.229713,-45.69039,-43.55589,-47.172283,-47.790283,-48.624615,-48.42361,-53.509026,-53.280773,-54.89972,-57.41671,-57.58483,-58.945995,-59.190716,-60.39982,-58.823795,-58.28371,-59.853672,-61.83836,-59.18384,-60.569702,-63.42113
7072,True,-27.33675,-26.299955,-29.05669,-33.615147,-35.90869,-36.66115,-41.383453,-46.17707,-37.366096,-36.790257,-43.00282,-44.31866,-48.110176,-46.175846,-47.437958,-52.55227,-56.084084,-54.118046,-54.729103,-53.09426,-54.60572,-56.55832,-58.40401,-58.001244,-61.022663,-60.42687,-62.992764,-64.13885,-64.46199,-66.124695,-67.951614,-69.34595
7104,True,-21.530415,-27.936602,-28.472708,-32.88452,-40.03679,-39.57031,-37.65191,-41.419502,-38.298996,-38.710403,-49.963463,-46.534695,-46.866364,-48.003258,-48.73434,-50.863956,-48.03085,-50.738007,-49.48181,-50.71554,-52.346985,-52.648323,-55.264606,-55.635757,-53.535572,-55.750374,-58.458023,-61.758514,-61.339928,-64.1675,-63.38841,-62.99154
7136,True,-24.15295,-24.064678,-26.804035,-31.795485,-33.97207,-37.74529,-38.35482,-43.313942,-40.285187,-38.657932,-44.579433,-47.61956,-47.50297,-47.771126,-48.857597,-48.167435,-53.585426,-50.216698,-50.57672,-53.538017,-52.49161,-52.249546,-55.914917,-56.635723,-57.552498,-60.793,-61.331398,-64.17313,-65.23305,-63.83953,-63.678116,-66.2173
7168,True,-25.263203,-25.832558,-28.915012,-31.710436,-35.727074,-39.91036,-40.392612,-44.264633,-41.740387,-40.674595,-44.56771,-45.852352,-44.536514,-46.3435,-46.409462,-47.393715,-51.735794,-50.668922,-55.44231,-54.920013,-54.467625,-55.73317,-59.31282,-59.77985,-59.48961,-62.01077,-65.92954,-66.02418,-65.75207,-67.42182,-67.95973,-68.97619
7200,True,-23.897522,-27.121916,-28.50032,-32.5407,-39.316387,-37.79532,-42.273327,-46.317802,-38.08854,-38.15747,-45.220493,-47.61384,-47.80802,-51.12646,-50.693176,-47.537865,-48.358093,-53.278004,-55.577904,-54.942783,-54.36534,-56.34007,-56.24415,-59.324913,-60.771767,-58.549515,-62.258076,-66.05491,-66.787964,-67.011246,-67.825195,-68.3383
7232,True,-26.68715,-25.359016,-28.038683,-33.210567,-36.70529,-37.13516,-38.10925,-40.30542,-40.00251,-37.62512,-44.610313,-44.23436,-45.497536,-46.721252,-45.495155,-47.86144,-51.64114,-51.962425,-54.886227,-54.68872,-59.188263,-60.07094,-59.568085,-60.22787,-59.329487,-60.182518,-62.9579,-63.670868,-65.87333,-67.99925,-68.35707,-68.94151
7264,True,-26.861132,-25.097227,-30.661505,-33.53318,-34.50084,-38.26749,-41.77571,-45.74681,-39.55534,-39.369495,-48.53858,-49.757328,-49.48362,-48.24184,-45.832855,-49.813824,-50.426502,-51.59956,-53.56758,-53.88057,-55.264038,-55.696953,-56.035034,-58.63385,-57.978416,-56.15435,-58.62655,-59.287014,-62.376045,-63.95086,-61.416058,-60.02472
7296,True,-26.083157,-25.94662,-31.944576,-34.284386,-34.61566,-38.35732,-42.150948,-44.560524,-37.72269,-37.63249,-42.781616,-47.91157,-45.999092,-47.94262,-47.92601,-51.259895,-52.62751,-49.52591,-52.82621,-53.489433,-53.795242,-56.32353,-56.163498,-57.072807,-58.316463,-56.810192,-57.371346,-61.09259,-59.835205,-61.509026,-61.4683,-62.22194
7328,True,-26.34423,-27.521439,-30.405071,-35.598015,-35.3954,-40.019302,-39.38505,-40.780807,-37.573257,-36.602516,-41.364517,-46.167038,-47.200653,-47.197556,-47.32504,-50.945934,-52.67233,-51.324738,-54.260403,-55.28282,-53.31022,-54.57379,-56.32223,-60.112858,-58.325417,-58.21917,-59.00152,-59.438118,-61.00583,-59.036797,-62.891937,-65.75048
7360,True,-23.957066,-25.716633,-28.489567,-31.445786,-35.440666,-40.67247,-39.579346,-42.21805,-38.85588,-37.081722,-43.407898,-44.573856,-47.252274,-51.172653,-49.737442,-51.020203,-50.62993,-55.880337,-54.07453,-54.162556,-54.227654,-56.063393,-56.657547,-58.03284,-60.072388,-60.295185,-61.341858,-60.851112,-63.73636,-55.33657,-61.96793,-65.95319
7392,True,-26.474892,-27.800615,-28.021542,-31.45943,-38.45968,-39.98062,-38.16701,-41.12276,-36.148888,-38.03829,-41.686554,-43.082596,-48.019386,-46.811123,-48.257565,-47.978764,-50.8088,-52.4185,-54.974663,-55.461735,-55.22182,-56.713814,-56.192707,-57.74035,-57.861256,-59.278683,-63.057446,-65.50293,-65.5908,-52.769047,-59.961933,-67.68454
7424,True,-26.082476,-26.915863,-30.586874,-34.359715,-39.58495,-35.41899,-36.913704,-39.94083,-41.00451,-39.409317,-44.3067,-44.523235,-46.686302,-49.065594,-45.327663,-48.956528,-47.489365,-54.297005,-55.446342,-53.336178,-55.683483,-57.138115,-56.81317,-57.96995,-59.075813,-60.920227,-62.74846,-64.04851,-64.36526,-44.355816,-51.771317,-65.883766
7456,True,-25.956194,-27.936943,-33.19636,-34.013294,-34.643143,-40.524006,-36.976925,-38.593163,-39.414345,-40.310516,-43.595467,-44.242416,-44.60913,-43.143192,-47.629883,-49.84665,-53.65133,-54.44757,-56.027046,-55.76868,-56.500168,-61.64749,-57.086143,-59.005806,-60.836147,-61.22196,-63.88057,-64.54619,-65.860374,-43.287674,-50.165993,-68.863075
7488,True,-26.187092,-26.303616,-34.663605,-37.262836,-36.47544,-39.344704,-40.530552,-44.289726,-41.090237,-42.20547,-45.354366,-49.991245,-47.266365,-46.32233,-48.220016,-49.60479,-49.951725,-52.459526,-53.09809,-54.72722,-53.25251,-55.853966,-56.96643,-58.427616,-61.353207,-61.28304,-63.33571,-66.63358,-66.69936,-53.37832,-59.86593,-68.08951
7520,True,-26.503204,-27.496845,-31.525976,-35.47824,-38.19136,-41.76779,-39.89499,-40.862118,-40.23484,-40.101868,-45.447712,-48.522602,-47.14733,-46.40665,-49.2686,-49.20509,-50.276787,-56.431995,-57.337223,-54.675945,-57.336346,-60.09658,-58.190674,-56.005096,-57.62671,-59.24415,-63.703163,-65.125206,-66.81109,-53.872635,-60.270065,-69.54915
7552,True,-24.13975,-25.062292,-28.174675,-31.53112,-34.081093,-33.197845,-36.09149,-33.63409,-32.739143,-33.67327,-39.134308,-38.108955,-40.48534,-41.153774,-36.66059,-33.775444,-29.749947,-33.938084,-44.336037,-45.541794,-45.757427,-45.370277,-45.937668,-45.851215,-45.539646,-42.793526,-42.964508,-37.496704,-30.617523,-31.877811,-35.52943,-36.74087
7584,True,-25.051632,-30.120499,-28.998938,-30.802559,-32.72605,-26.783367,-33.785923,-33.134727,-33.783417,-36.961807,-39.63237,-36.272076,-43.203773,-42.849525,-40.521946,-41.087402,-33.784176,-37.477585,-47.045475,-47.21565,-44.35379,-47.630028,-49.504578,-50.29421,-49.053047,-44.237915,-44.35222,-42.034985,-37.554516,-39.385998,-40.20155,-40.44536
7616,True,-21.400717,-31.470926,-29.960615,-30.511656,-35.964256,-37.232315,-36.132805,-39.45419,-36.377975,-36.728962,-44.52247,-44.6481,-45.977787,-51.14977,-47.258114,-46.892075,-44.739204,-49.87232,-55.57183,-53.811966,-52.02743,-55.487675,-55.985474,-57.17076,-57.643883,-53.85707,-55.0633,-53.276363,-47.962986,-49.062572,-51.57924,-52.31344
7648,True,-22.415173,-23.354298,-29.224804,-33.164017,-35.260654,-38.396935,-42.180832,-41.812283,-38.803993,-37.69258,-46.010967,-49.50716,-48.075546,-48.770905,-45.609474,-46.688328,-51.57189,-52.49018,-53.905376,-53.391644,-53.92559,-54.202744,-56.102295,-57.959633,-58.720627,-57.010784,-58.372337,-55.96903,-53.920837,-54.869274,-57.51937,-57.224674
7680,True,-22.282608,-25.228502,-33.175827,-35.39269,-39.55162,-42.171078,-39.193577,-42.434776,-40.65844,-39.57933,-43.712784,-45.73922,-47.109215,-48.664543,-48.732838,-46.90011,-45.958786,-51.68966,-52.206364,-54.47367,-52.40911,-52.719833,-54.596115,-56.231125,-57.030807,-58.042988,-58.95637,-58.523132,-58.64495,-59.50754,-60.297943,-60.681686
7712,True,-22.759954,-24.732683,-33.411148,-36.04462,-36.673954,-37.57612,-35.540165,-39.31569,-38.422485,-37.660515,-42.09059,-46.259075,-47.860817,-43.17289,-47.36528,-48.967407,-51.293373,-52.26467,-53.2522,-53.758053,-52.328625,-54.52681,-54.805992,-54.160378,-58.6156,-57.468987,-60.07172,-60.05195,-61.30693,-60.40017,-63.69677,-64.24258
7744,True,-23.432396,-26.646019,-31.456488,-34.51057,-35.048435,-36.452885,-37.269325,-42.76163,-38.382343,-37.057808,-42.54932,-51.01676,-50.585056,-45.61843,-46.651596,-48.38701,-49.286976,-49.884872,-54.036964,-53.752712,-52.971947,-54.476505,-54.40529,-56.332756,-57.329487,-59.159286,-60.353798,-62.285877,-62.63069,-64.6375,-65.63878,-66.549065
7776,True,-21.071136,-23.622986,-28.991137,-35.346497,-36.58908,-37.785053,-39.278484,-42.082603,-36.673306,-37.77215,-49.525978,-49.41856,-50.45595,-48.42556,-44.327003,-46.75936,-50.36171,-51.73992,-55.873383,-55.025677,-53.834557,-57.68665,-56.85671,-59.923218,-56.792637,-58.901424,-64.624214,-64.343124,-64.1564,-67.00967,-67.905685,-67.10875
7808,True,-23.833227,-26.425358,-28.736485,-32.847836,-37.225178,-41.07685,-37.60967,-39.996418,-37.57877,-36.390205,-44.722176,-43.994503,-51.56738,-49.7448,-48.556133,-49.32402,-50.058662,-53.402134,-56.0836,-54.760124,-55.731735,-57.18036,-58.476147,-61.94628,-61.0281,-59.76601,-63.43252,-64.00632,-66.62789,-65.7788,-67.25967,-67.73437
7840,True,-23.343136,-24.970171,-29.272278,-30.438839,-37.346947,-39.989594,-36.792442,-40.40337,-39.319717,-38.202892,-45.557995,-47.589264,-49.882195,-45.992657,-44.070328,-50.51635,-51.331158,-52.673565,-55.00027,-56.31794,-56.687527,-58.04861,-58.857132,-58.597126,-58.481735,-60.70558,-64.18054,-64.956566,-64.75894,-68.7023,-67.71105,-69.85433
7872,True,-24.363628,-27.643005,-29.201586,-32.45625,-37.38156,-39.257767,-39.226997,-40.56271,-40.939896,-42.96269,-47.645973,-46.569267,-46.460438,-47.3492,-44.48149,-48.55782,-54.065517,-56.756092,-55.017426,-55.15857,-56.753155,-56.718327,-57.087624,-57.489376,-57.671722,-60.427723,-63.61303,-64.666985,-65.20416,-67.97525,-67.2066,-69.57531
7904,True,-24.701706,-27.856728,-29.196386,-30.835955,-36.04091,-37.51237,-40.141525,-42.777424,-41.881863,-39.302753,-41.1801,-45.283676,-47.31942,-48.60302,-45.668983,-48.53188,-50.89174,-53.71888,-53.410355,-52.644695,-54.747444,-56.139725,-55.35269,-56.004303,-58.347622,-59.668255,-62.03974,-64.990585,-67.20687,-68.35881,-68.30289,-69.17199
7936,True,-24.674377,-26.548147,-30.735235,-34.774754,-39.52185,-37.68925,-40.87618,-42.924023,-38.92927,-38.404438,-43.392815,-45.408012,-46.15585,-44.65603,-45.687958,-47.713093,-50.774956,-54.915394,-56.08789,-55.55836,-56.271095,-57.93678,-57.238167,-56.98482,-60.138603,-60.527473,-65.34315,-66.762924,-65.817116,-68.239105,-70.53186,-70.04366
7968,True,-24.42271,-25.974768,-29.316835,-32.317852,-33.924194,-39.068275,-39.968903,-41.750835,-36.67953,-36.945415,-43.807636,-44.511433,-46.092064,-45.953747,-44.355732,-46.35697,-48.295483,-53.23479,-56.354404,-54.760822,-53.453728,-56.644817,-57.51307,-58.263096,-59.141735,-61.742558,-64.15034,-64.19195,-65.413895,-66.45917,-68.68134,-69.79082
8000,True,-22.76335,-29.055847,-30.600887,-35.99128,-36.960293,-38.985527,-38.319946,-40.65447,-36.722404,-36.854347,-42.19184,-45.71791,-47.3397,-44.991043,-44.717808,-46.571465,-51.051754,-52.32729,-53.174248,-54.449295,-53.544456,-58.036827,-58.28611,-59.177315,-58.742756,-61.7284,-63.127575,-64.537346,-65.68399,-68.32735,-69.953835,-70.35861
8032,True,-22.129635,-25.867424,-29.118168,-31.83656,-38.863495,-38.017906,-38.496307,-42.74446,-35.818085,-35.233696,-46.21468,-44.916973,-46.604916,-49.094223,-49.776535,-51.06373,-49.591774,-51.474873,-55.190628,-57.08972,-55.018497,-54.90261,-55.421333,-56.862713,-58.218758,-61.514225,-61.40265,-62.00235,-63.17842,-65.89509,-69.04431,-68.77858
8064,True,-24.186811,-29.850576,-28.246094,-32.127323,-38.385742,-38.444893,-38.91935,-41.637802,-37.16008,-37.78383,-45.44732,-45.61041,-46.367493,-47.622204,-46.795124,-49.7484,-51.690094,-51.79061,-56.4419,-55.941124,-52.054626,-54.563797,-55.00358,-57.746063,-57.5313,-57.98432,-60.637936,-63.100822,-64.154434,-66.70678,-67.259995,-67.094635
8096,True,-21.85883,-25.991564,-29.78693,-32.281635,-34.50416,-38.120037,-39.809692,-43.08645,-37.939953,-38.696472,-48.3881,-46.874584,-46.152428,-48.737377,-46.770424,-46.363815,-50.417805,-51.701374,-53.599148,-54.615555,-53.481316,-54.234703,-55.611237,-57.53578,-57.574383,-57.243996,-59.978127,-62.995724,-62.83674,-61.046883,-63.293495,-62.565712
8128,True,-21.93509,-22.647934,-29.535294,-35.627617,-35.49487,-36.113564,-39.059586,-42.17781,-38.253044,-37.297462,-43.111633,-43.61507,-45.92407,-45.56427,-43.959293,-44.481987,-48.98789,-52.49428,-55.145382,-53.353218,-52.559723,-54.769638,-56.05681,-56.753273,-55.247498,-55.91352,-54.12417,-53.426598,-55.098232,-51.88376,-53.562073,-55.0856
8160,True,-22.649527,-27.270338,-30.63468,-36.462635,-35.603783,-38.887203,-37.116337,-39.985577,-37.114426,-37.693398,-44.00635,-44.760338,-49.568626,-49.034264,-45.753788,-45.88812,-49.241886,-50.93145,-55.30249,-53.970943,-55.500893,-54.989487,-56.04176,-59.04815,-59.466553,-59.925278,-62.00613,-63.697876,-63.294636,-63.707886,-65.30491,-68.49526
8192,True,-24.132292,-25.418158,-30.235884,-37.57026,-39.365288,-39.123,-37.572105,-39.674156,-38.6724,-37.901585,-47.814743,-45.805374,-47.776318,-45.59445,-45.37564,-47.62393,-47.31171,-53.358574,-55.83784,-55.50633,-56.22296,-56.036774,-56.73255,-57.44747,-59.649567,-59.93608,-62.36191,-64.63157,-65.34093,-66.709175,-68.492836,-69.14077
8224,True,-24.962772,-29.96362,-31.723782,-34.828693,-35.978725,-39.74646,-41.02214,-41.449375,-38.316856,-39.113873,-43.303738,-45.181442,-46.848812,-44.22255,-45.82695,-49.16469,-53.42662,-54.788414,-54.89036,-53.655113,-55.54182,-56.05539,-58.173565,-58.465405,-58.588478,-58.735523,-60.037666,-63.640656,-65.19799,-64.06503,-65.91262,-67.503426
8256,True,-23.534988,-30.122213,-27.488316,-31.354889,-37.467262,-39.52126,-41.26116,-42.71503,-35.91171,-36.983105,-43.433456,-43.695316,-46.060806,-45.0419,-45.079704,-47.186783,-50.248238,-55.544975,-53.986607,-52.74598,-52.62949,-54.791492,-55.952488,-57.399223,-59.29863,-58.318233,-60.84694,-62.717117,-63.537476,-65.93826,-66.43574,-69.27209
8288,True,-26.578333,-29.07106,-28.077324,-32.829754,-36.2688,-38.66785,-39.38477,-40.31069,-39.83971,-40.423836,-42.181545,-48.68797,-49.17068,-43.6966,-45.097343,-46.22145,-51.248444,-53.58858,-53.411537,-53.35716,-55.82521,-56.13108,-56.822456,-57.0257,-58.65043,-60.17982,-63.042038,-64.757385,-63.85986,-66.46443,-66.42442,-68.144356
8320,True,-24.187033,-27.892685,-29.03363,-34.173832,-37.86719,-39.29372,-39.28244,-41.840176,-38.267555,-39.585022,-45.32734,-49.515945,-51.397205,-47.929016,-45.113472,-47.103695,-48.58864,-51.201263,-53.08579,-55.102264,-54.286404,-56.555023,-60.056267,-60.450737,-59.769444,-60.188324,-61.92266,-65.724686,-67.67015,-66.35633,-69.46626,-68.62708
8352,True,-22.427727,-26.925972,-31.801653,-34.80199,-38.724186,-41.25329,-42.872562,-43.384586,-37.97345,-38.37345,-44.03824,-47.73489,-49.301674,-47.797123,-50.59557,-49.423836,-49.18779,-51.02148,-52.26252,-53.09214,-54.94247,-57.19982,-55.587273,-57.763588,-57.248768,-59.677345,-62.50035,-64.72857,-63.934998,-64.91836,-67.86731,-68.48045
8384,True,-25.054941,-26.730816,-30.723965,-34.759304,-42.464745,-39.7542,-38.213913,-42.829567,-37.62089,-39.23852,-47.347683,-47.777676,-45.52012,-44.99184,-44.224094,-47.843685,-50.876774,-50.312935,-53.248756,-52.958023,-53.689598,-55.621063,-56.200546,-58.203537,-58.208862,-60.191574,-62.156097,-62.587944,-64.02581,-61.357117,-64.79351,-67.433304
8416,True,-27.899534,-25.042404,-30.194157,-33.99326,-40.401382,-40.326225,-37.982338,-40.475746,-38.302925,-38.869637,-45.638348,-44.545395,-46.65423,-45.35919,-47.3455,-50.910107,-49.204384,-54.716248,-53.306576,-52.575413,-54.335228,-56.433502,-56.31151,-57.999237,-60.156765,-61.179153,-61.960392,-63.593983,-63.807034,-57.535282,-62.320953,-68.08076
8448,True,-26.730345,-27.850662,-27.49448,-30.000753,-37.535164,-41.459587,-36.54883,-39.0735,-35.88021,-35.544098,-45.956696,-44.6305,-45.503,-45.30199,-44.044502,-45.82128,-47.380867,-52.415085,-53.25905,-55.40611,-53.905563,-54.541573,-57.34842,-60.036682,-60.868187,-61.656364,-61.72809,-63.06631,-64.3052,-58.523785,-63.333164,-69.39385
8480,True,-25.399368,-28.108906,-30.916145,-33.050377,-35.16588,-37.638897,-38.28412,-39.69027,-39.8234,-41.256138,-46.40268,-45.578274,-46.004444,-47.731094,-48.766727,-47.90665,-49.586983,-51.773586,-54.697556,-54.560932,-54.462795,-54.879627,-56.820835,-57.571877,-61.14223,-61.336243,-63.32334,-65.19197,-65.18332,-61.01326,-64.02966,-68.079834
8512,True,-21.508572,-24.55228,-29.678669,-33.418385,-36.415222,-37.586273,-39.39396,-43.745785,-38.518337,-39.486954,-42.727394,-44.85559,-45.72631,-44.664124,-43.415405,-47.62805,-47.20833,-56.84051,-52.734226,-54.40407,-54.321243,-55.374214,-56.354965,-58.674015,-58.410053,-60.03579,-59.722694,-64.44716,-62.872696,-64.720856,-66.40889,-69.28718
8544,True,-21.763449,-26.508347,-28.727797,-32.60814,-37.211033,-38.52339,-40.563244,-44.23252,-36.902508,-35.897396,-44.750023,-44.3457,-47.185356,-43.794487,-43.625317,-48.139362,-51.200195,-50.17908,-54.3931,-56.44542,-54.081863,-54.919296,-58.65957,-59.982,-59.797215,-60.734386,-62.407856,-65.23563,-63.95553,-62.60064,-65.67669,-68.01438
8576,True,-23.581955,-27.010862,-30.770645,-34.614304,-35.073944,-37.960613,-37.063423,-38.176773,-36.623665,-38.987404,-42.799076,-44.141792,-44.683823,-47.415916,-47.652946,-47.67113,-50.522938,-54.84211,-54.286037,-54.878136,-55.200356,-53.613773,-55.766277,-58.83339,-61.573647,-61.141125,-63.212433,-64.907,-65.58083,-65.07655,-67.42423,-70.05749
8608,True,-22.5578,-27.354027,-31.728838,-32.18298,-34.70759,-37.049107,-36.63541,-38.54409,-36.351654,-36.104618,-44.64192,-43.89675,-43.421135,-48.100742,-45.87919,-46.32064,-49.681355,-52.467594,-54.183243,-56.773407,-56.419968,-55.773716,-59.36689,-58.578453,-57.693996,-61.60892,-63.103558,-64.25511,-65.396095,-66.64185,-67.501076,-67.53551
8640,True,-20.312565,-28.683369,-32.242157,-36.31181,-37.058754,-38.74193,-41.866497,-41.619534,-37.885788,-37.235065,-44.33022,-45.495964,-46.654697,-44.24241,-45.199886,-43.193916,-42.049767,-46.255985,-53.650993,-53.873665,-55.807762,-54.991554,-54.793133,-56.454945,-56.56138,-56.199776,-56.74935,-50.95528,-43.4367,-40.88177,-45.427666,-47.61566
8672,True,-23.480434,-26.188198,-28.365564,-34.102352,-34.99845,-27.021063,-32.675316,-28.668888,-30.413506,-35.96778,-37.70718,-36.054543,-37.455517,-38.067364,-36.152607,-32.947353,-27.949684,-32.194344,-43.1654,-43.130802,-41.31433,-42.480644,-42.677837,-43.147575,-43.927177,-40.835297,-39.365936,-35.2083,-30.324982,-28.795002,-32.10521,-34.40982
8704,True,-23.137299,-28.616266,-27.431757,-31.868092,-38.993526,-34.03033,-36.248146,-37.51162,-37.47227,-37.875713,-43.881058,-43.63207,-46.49399,-48.405384,-47.366356,-46.881958,-42.890354,-46.31458,-49.886345,-50.27192,-51.46822,-54.078735,-56.3944,-58.560944,-56.385952,-53.82358,-53.43068,-49.694145,-46.716686,-46.690197,-48.55027,-48.75357
8736,True,-24.523438,-29.622934,-29.743431,-32.51479,-36.345448,-42.64837,-39.982193,-38.81287,-38.667744,-38.115185,-46.01763,-43.131744,-48.504036,-48.19279,-47.96406,-45.297905,-49.724754,-52.37503,-52.702446,-51.52643,-51.154804,-52.28479,-54.304523,-56.889168,-56.087257,-58.629032,-57.523987,-56.082764,-53.020332,-52.9079,-55.186584,-55.772137
8768,True,-22.915554,-25.621902,-29.066074,-34.423447,-38.91705,-38.375313,-37.453274,-39.981388,-37.203724,-37.052883,-44.0078,-47.762646,-50.267693,-47.94191,-46.48915,-49.595802,-47.140587,-49.591362,-53.892784,-52.529465,-54.366066,-55.289223,-58.825623,-57.769493,-57.453453,-58.077587,-58.515396,-59.617325,-58.188576,-58.690372,-59.69748,-60.271004
8800,True,-23.530739,-25.618288,-29.906816,-34.176216,-37.016575,-37.469746,-39.753582,-42.470016,-38.55038,-38.68232,-45.346153,-44.484085,-46.126686,-48.346878,-49.31433,-48.36754,-50.464607,-53.538567,-53.465305,-54.401268,-53.94754,-55.11516,-57.05356,-57.494316,-57.61452,-59.73776,-60.574833,-61.075893,-60.59607,-62.281185,-63.718323,-64.29505
8832,True,-20.308973,-27.667482,-31.779396,-36.342052,-39.292637,-37.62428,-40.836617,-45.261925,-37.50687,-37.473915,-45.308914,-48.108078,-50.616318,-46.40656,-46.448154,-49.39189,-49.19699,-54.964947,-54.559036,-56.261448,-55.766296,-57.11903,-57.574707,-60.98964,-60.15888,-61.913532,-64.11096,-65.55284,-63.891834,-63.130272,-66.21176,-68.31517
8864,True,-23.11303,-29.712719,-30.305824,-34.12039,-35.114094,-37.937355,-38.599266,-41.415485,-39.3953,-40.51359,-43.2703,-44.85329,-45.82408,-49.781662,-46.905437,-47.353928,-54.56147,-54.484413,-54.340958,-57.223442,-55.077938,-56.778748,-58.815598,-59.602398,-61.709946,-62.443157,-63.474144,-64.04558,-62.741047,-65.24882,-65.80894,-68.36708
8896,True,-26.195707,-27.023687,-28.417437,-34.54171,-38.484566,-41.42167,-41.112396,-42.842846,-37.91655,-36.446136,-47.458885,-47.254543,-47.05072,-49.197693,-47.616573,-49.42022,-50.81697,-50.744286,-53.708492,-54.941223,-56.084,-57.578968,-57.945496,-59.81054,-61.22085,-61.86649,-62.734722,-64.61265,-67.717636,-67.67456,-69.154915,-68.30861
8928,True,-25.535889,-27.834244,-28.906252,-35.558865,-35.064114,-35.83886,-41.70982,-45.801285,-37.779373,-37.80123,-43.039993,-43.569847,-46.024567,-47.432564,-47.270805,-49.74173,-48.74016,-51.35521,-53.50566,-55.169235,-58.356293,-58.80543,-56.940098,-59.402122,-58.84266,-61.202713,-64.47894,-64.58034,-66.10045,-66.841415,-68.39336,-68.97385
8960,True,-25.9249,-28.435413,-28.454943,-31.299917,-35.306236,-38.443184,-39.210354,-44.13984,-40.1801,-39.560314,-45.316895,-47.663307,-46.808777,-46.469948,-47.174473,-50.216057,-51.3982,-51.541283,-54.725933,-58.14693,-55.62342,-57.35623,-58.541595,-60.45805,-60.104782,-61.884686,-63.95211,-65.12185,-65.3615,-66.20096,-66.539024,-69.25862
8992,True,-26.4003,-24.788706,-31.482908,-36.598686,-34.475792,-35.926903,-39.01923,-42.630478,-39.33137,-40.028923,-46.693443,-42.157852,-43.427757,-47.904324,-48.991936,-48.37576,-52.626343,-59.190895,-55.543846,-55.293537,-55.22995,-56.0412,-58.39611,-58.490593,-60.1987,-61.687695,-63.434288,-64.59914,-64.76079,-66.61597,-68.433716,-68.87106
9024,True,-25.60427,-27.93515,-38.08577,-35.828148,-39.13228,-38.727196,-37.360195,-40.81409,-36.028294,-35.600998,-45.79534,-46.01757,-46.44589,-44.41564,-46.71455,-50.958893,-51.803383,-54.481407,-56.410316,-54.29327,-56.03323,-57.897316,-57.8203,-58.15861,-59.55055,-62.958836,-64.205444,-64.314896,-65.2581,-68.20442,-69.56894,-69.57374
9056,True,-24.177782,-24.280693,-29.759682,-33.325237,-37.404434,-40.10398,-35.98036,-39.163784,-36.305813,-36.43127,-46.685013,-47.4704,-48.499798,-46.40919,-48.109306,-47.564274,-51.123524,-52.680782,-53.704887,-54.627922,-56.486008,-57.441406,-59.65242,-61.375397,-60.74922,-60.921783,-63.72464,-66.52105,-66.680305,-68.41625,-69.62485,-69.49118
9088,True,-22.629786,-22.80825,-28.76113,-35.948154,-36.10261,-39.77073,-40.04001,-40.126305,-35.708176,-36.641167,-46.352966,-47.040237,-48.433002,-45.350605,-48.907204,-51.13014,-51.30537,-53.329773,-52.065895,-53.5043,-54.65615,-58.724895,-58.10224,-59.17662,-58.883736,-60.99777,-64.00124,-65.99019,-67.0479,-68.74413,-70.34698,-70.62004
9120,True,-24.858059,-24.389557,-27.391188,-31.390594,-36.7326,-38.384865,-45.1995,-44.492775,-35.828453,-35.51601,-43.379677,-45.419044,-44.194695,-46.273308,-50.06221,-49.80699,-53.381874,-55.332294,-55.227196,-55.820267,-57.98844,-58.172115,-58.503574,-60.614082,-61.24389,-62.656254,-64.92606,-67.016495,-69.01111,-69.478226,-71.053535,-70.78248
9152,True,-24.175415,-25.800219,-29.686558,-33.636898,-39.11055,-38.719364,-37.998928,-41.452328,-35.897354,-35.95387,-43.3975,-45.52431,-45.33883,-43.84878,-45.562702,-49.196342,-51.470966,-53.28665,-54.292763,-56.118607,-53.709183,-57.58828,-57.69158,-60.251545,-60.193077,-61.23944,-64.58032,-66.986404,-67.02798,-69.09614,-69.75572,-68.548065
9184,True,-26.202835,-29.317492,-30.773762,-34.96288,-36.615807,-38.167007,-36.134407,-40.850147,-39.330563,-39.023632,-43.609806,-47.229637,-48.11908,-47.10795,-48.516464,-49.534954,-52.408108,-51.53103,-51.687836,-53.674965,-56.044193,-56.70437,-58.555378,-59.351448,-61.551765,-62.12639,-64.463486,-65.64125,-65.39066,-62.55409,-64.30213,-64.469505
9216,True,-24.937124,-30.325882,-30.776415,-33.91864,-36.038467,-39.10676,-40.1986,-39.725487,-37.120308,-38.14926,-47.208027,-46.330433,-50.29164,-46.671833,-48.8303,-49.11538,-49.967804,-50.698948,-55.633896,-58.08035,-58.017998,-58.386856,-59.637688,-59.365875,-59.132202,-58.087154,-54.92598,-53.339977,-55.389206,-51.531487,-53.083668,-55.380203
9248,True,-23.009254,-25.146282,-30.515583,-32.73359,-39.18458,-39.370743,-40.069675,-45.71362,-35.217373,-35.95791,-46.73282,-46.258587,-46.279716,-47.212757,-47.31508,-47.98472,-49.61268,-53.64134,-54.95747,-53.320488,-56.73419,-57.115974,-58.743057,-58.412758,-60.79792,-62.491913,-63.646667,-64.0421,-65.12141,-64.28029,-65.13419,-68.17056
9280,True,-21.022678,-26.181528,-34.901627,-34.10161,-36.697285,-38.34983,-40.860397,-43.641785,-37.884678,-39.191883,-49.01655,-46.893993,-43.75007,-46.542503,-47.137264,-47.848644,-50.697132,-54.887814,-54.89299,-54.34401,-55.450993,-55.665478,-58.59813,-60.32358,-60.279602,-64.169,-64.6261,-65.487946,-66.41448,-67.68994,-68.29521,-69.59387
9312,True,-25.146248,-25.357256,-26.173058,-31.695013,-37.111504,-39.882397,-38.77207,-43.468227,-36.722904,-36.968758,-46.411125,-44.850204,-47.429523,-44.9556,-45.415833,-46.68133,-52.111687,-52.108112,-55.1677,-55.58812,-55.20662,-56.7345,-59.1758,-61.43161,-61.810616,-60.619694,-63.621338,-66.47042,-67.98601,-68.06222,-70.067696,-70.07854
9344,True,-24.578224,-25.409523,-31.54497,-36.15173,-38.796753,-40.470863,-40.45529,-41.04457,-36.297955,-36.295418,-45.63202,-47.970047,-48.582626,-48.4197,-47.349785,-48.296257,-50.469482,-52.906666,-55.42875,-57.501217,-56.29242,-58.24501,-57.840065,-60.19865,-63.01204,-63.741894,-65.63077,-65.923164,-67.10996,-68.7458,-68.89322,-70.36593
9376,True,-21.8643,-24.595737,-26.9816,-33.599167,-35.274223,-42.45197,-40.07162,-43.609943,-37.07898,-37.810253,-44.872414,-45.975983,-45.50151,-47.13814,-47.10072,-46.998184,-53.04599,-56.32596,-56.92459,-55.457695,-56.96055,-57.687325,-60.003845,-61.874382,-60.629143,-59.740047,-62.943,-66.70735,-67.01606,-68.48075,-70.05402,-69.86667
9408,True,-22.683554,-22.54309,-28.603582,-34.395798,-36.623653,-38.515312,-37.719566,-39.764656,-37.403503,-38.56812,-46.251892,-47.66296,-48.85193,-47.24083,-49.93856,-49.659058,-50.3712,-56.210922,-56.178688,-54.344345,-56.211,-56.937412,-59.187454,-61.42614,-62.486053,-62.64467,-62.24451,-63.849457,-65.4089,-69.47122,-69.36895,-71.139565
9440,True,-24.817125,-28.414314,-34.007996,-35.59912,-36.116688,-38.080334,-37.68875,-40.12503,-39.9158,-39.86675,-43.789413,-45.704456,-48.689877,-46.795135,-48.7379,-50.780785,-53.040802,-55.542637,-54.725227,-54.30189,-56.57196,-57.79023,-57.25622,-58.751377,-62.415092,-61.80581,-64.949554,-66.3349,-68.04945,-68.35471,-69.13249,-69.70534
9472,True,-23.28826,-27.249249,-31.241932,-36.80686,-38.072124,-41.42594,-36.79271,-40.01202,-36.288754,-37.257767,-42.55021,-42.67622,-47.90695,-47.13774,-48.984417,-46.685654,-48.248795,-53.47847,-54.896553,-55.856026,-56.46634,-57.53632,-56.738197,-59.130474,-59.928555,-60.27305,-63.533993,-66.50271,-68.18948,-69.746635,-69.66246,-71.0036
9504,True,-24.994553,-26.156847,-29.309484,-35.724216,-36.573605,-37.736267,-40.325226,-42.59471,-35.648567,-36.245316,-46.42093,-46.203186,-47.744717,-47.896873,-47.03306,-49.833557,-47.180504,-53.295143,-54.833817,-55.984158,-57.031868,-58.752983,-58.139957,-59.15036,-60.645546,-61.559734,-63.793713,-66.081154,-69.576065,-70.09322,-70.597694,-70.15054
9536,True,-22.233908,-24.793995,-25.482027,-30.198185,-38.532967,-37.518864,-38.749542,-41.005264,-36.44509,-36.785614,-45.369827,-47.41541,-50.446453,-46.242294,-46.260338,-49.112015,-51.76668,-53.130608,-53.6065,-55.988953,-57.805992,-57.878666,-56.91323,-58.725166,-61.571274,-62.65525,-63.335793,-63.60214,-65.460526,-65.73804,-68.173386,-70.4602
9568,True,-28.081224,-30.308418,-27.298222,-32.14125,-38.148838,-37.44542,-37.784122,-40.013714,-36.983173,-37.888313,-44.210777,-44.920876,-46.231686,-45.27871,-46.08192,-47.775806,-49.568935,-52.8733,-55.17599,-55.625034,-55.66435,-57.760426,-58.498272,-59.360733,-59.948826,-61.468414,-62.25945,-64.92444,-64.69182,-66.96283,-68.34062,-69.60134
9600,True,-23.15981,-28.87083,-27.472157,-31.068277,-35.916912,-37.8121,-39.651764,-41.908707,-38.313156,-37.772507,-46.05682,-46.19069,-49.94885,-47.513546,-47.159225,-49.845512,-48.420647,-55.80674,-54.10045,-54.401073,-52.852978,-56.8417,-58.222748,-58.7409,-59.268284,-62.30191,-63.376163,-65.44676,-66.95374,-66.74851,-69.80513,-71.02364
9632,True,-26.262922,-26.643318,-28.69251,-32.554146,-40.496117,-39.701965,-37.0507,-39.537605,-35.690796,-35.226616,-44.854015,-45.582237,-46.701336,-48.073593,-49.991,-49.382477,-48.039936,-51.70637,-54.275467,-57.38212,-55.436867,-57.261215,-60.263565,-61.072395,-60.884705,-61.786346,-64.37555,-67.050415,-66.68867,-66.80815,-68.362076,-70.42624
9664,True,-22.968204,-23.05684,-29.500023,-33.731415,-35.9283,-36.333595,-34.579243,-38.77691,-37.55341,-36.307983,-43.44101,-46.144096,-46.118237,-44.40373,-44.456905,-47.833115,-48.3116,-52.059216,-53.592957,-56.117935,-53.575928,-55.379025,-59.826473,-59.050682,-60.161835,-61.75575,-65.27959,-66.60249,-66.7045,-67.0894,-69.262115,-68.24805
9696,True,-24.895596,-24.609213,-29.60479,-33.765778,-35.85395,-38.24858,-42.12516,-41.779194,-41.84861,-41.66368,-43.811993,-46.175873,-50.635223,-46.799892,-48.02212,-48.546997,-52.570515,-52.19046,-56.548923,-54.535477,-53.71998,-58.09941,-59.127083,-59.67361,-61.54291,-62.59147,-63.927162,-66.03314,-65.63653,-67.45238,-68.113434,-68.195496
9728,True,-25.126667,-25.85989,-32.147774,-35.01722,-35.225975,-35.105873,-37.06774,-36.516525,-37.057316,-38.631077,-40.1972,-40.2842,-41.347214,-43.301754,-39.11397,-36.445427,-34.194763,-38.43466,-48.435017,-48.128326,-49.8772,-48.728027,-48.885277,-51.41596,-49.845062,-45.4943,-46.328766,-40.867897,-35.42573,-38.349754,-39.69985,-39.74362
9760,True,-24.454699,-25.801994,-30.62288,-32.232372,-34.113594,-27.555584,-32.87017,-30.663399,-32.09838,-35.72285,-38.405327,-37.078316,-38.194622,-41.32995,-39.83638,-37.117695,-30.998638,-34.89109,-45.11355,-44.50045,-43.10473,-45.23777,-44.830097,-46.70406,-46.39412,-43.24522,-38.07956,-36.693565,-33.473145,-35.704433,-36.409843,-35.427017
9792,True,-23.954418,-30.719425,-29.083733,-31.314503,-35.557777,-34.03835,-37.282368,-38.138603,-38.46463,-39.7914,-43.61025,-41.921257,-48.297035,-45.164787,-46.070717,-47.021122,-46.100365,-47.70893,-49.936977,-52.36743,-52.8878,-54.12676,-55.98055,-56.787827,-55.791817,-56.866524,-51.791122,-52.742043,-47.007896,-47.427555,-49.930706,-50.122803
9824,True,-23.214836,-26.348612,-27.266918,-31.622732,-38.546707,-38.787857,-38.114983,-40.721756,-38.615654,-39.666523,-43.3375,-45.89158,-44.943737,-51.303658,-53.86816,-47.372482,-49.190384,-52.759773,-53.038216,-53.92384,-54.203773,-56.46325,-57.260094,-58.553547,-58.32183,-59.88958,-56.113354,-56.8554,-51.92446,-53.317772,-57.330925,-56.22788
9856,True,-22.112312,-27.273289,-27.84127,-31.962978,-35.77784,-40.01564,-41.768402,-43.81611,-38.031757,-39.273876,-44.948196,-44.73116,-48.19269,-49.100998,-49.005043,-50.19425,-48.633865,-50.619865,-53.025383,-56.47592,-55.137123,-56.602406,-59.520298,-59.594387,-59.49429,-61.934048,-60.90767,-60.578648,-57.20774,-59.627304,-61.16503,-61.801647
9888,True,-26.269867,-31.647423,-31.19982,-32.65403,-33.815228,-38.14152,-38.871502,-42.024605,-39.470627,-40.763138,-45.498203,-47.699837,-48.035805,-42.600563,-45.563873,-47.84351,-51.7408,-55.518932,-54.581116,-54.010193,-53.129364,-56.298046,-58.341583,-59.447323,-59.96201,-62.92625,-62.172577,-65.01027,-59.790806,-61.172646,-65.75061,-65.43577
9920,True,-23.969954,-28.828026,-31.541096,-38.442238,-35.15075,-38.604702,-40.11599,-43.016273,-37.248226,-36.88504,-45.028908,-44.99601,-49.39278,-47.35202,-49.440304,-47.20008,-49.897785,-54.48589,-55.478367,-57.07214,-55.956398,-57.774742,-57.541336,-60.327602,-60.256927,-61.23373,-63.56723,-65.07207,-64.07054,-64.252075,-66.82768,-68.00874
9952,True,-24.792147,-24.644726,-27.985065,-35.357918,-37.556824,-39.03195,-38.049587,-40.97879,-37.56816,-37.236305,-44.194458,-48.523636,-47.040215,-45.847458,-49.744095,-50.75625,-50.287838,-53.67469,-52.69094,-53.635086,-55.5549,-57.550854,-56.62266,-58.630684,-59.87459,-62.639122,-64.3481,-65.003914,-66.0861,-67.019875,-68.544395,-69.140755
9984,True,-21.908398,-27.047813,-27.669165,-32.90426,-36.871895,-36.34728,-39.994892,-43.324512,-39.90448,-41.022163,-43.700565,-43.674503,-46.557846,-48.836018,-48.206573,-48.82052,-48.217617,-52.048195,-54.602165,-54.844265,-55.843018,-58.266468,-57.620106,-59.397045,-61.68167,-63.655373,-64.57719,-65.64674,-67.10895,-69.33373,-70.49127,-69.60373
