timestamp,faulty,band_0,band_1,band_2,band_3,band_4,band_5,band_6,band_7,band_8,band_9,band_10,band_11,band_12,band_13,band_14,band_15,band_16,band_17,band_18,band_19,band_20,band_21,band_22,band_23,band_24,band_25,band_26,band_27,band_28,band_29,band_30,band_31
0,True,-23.904713,-30.428942,-28.864845,-32.892296,-38.580776,-33.342327,-39.98045,-40.97278,-41.91624,-43.509323,-43.34275,-41.756676,-42.667908,-48.539127,-48.326115,-45.612408,-48.619347,-51.115234,-53.12853,-54.745556,-51.398155,-51.04657,-52.76375,-55.443542,-58.114685,-61.079567,-60.9238,-61.528526,-63.750015,-64.23579,-66.54552,-67.51705
32,True,-23.622261,-27.306938,-24.939337,-26.730412,-30.100576,-32.096077,-36.773132,-35.80178,-37.164665,-43.299374,-42.491577,-38.740078,-42.62355,-42.447147,-39.56254,-46.372242,-44.467857,-46.62598,-48.137184,-49.814453,-49.98535,-52.454315,-54.291023,-55.753906,-56.635483,-57.64579,-57.83658,-59.630314,-63.41159,-65.9914,-68.15456,-69.812416
64,True,-22.260668,-27.678339,-23.452814,-25.646229,-30.425589,-31.0822,-38.705414,-37.05894,-37.33539,-43.558502,-37.515896,-40.86116,-44.004665,-43.311256,-41.706863,-43.583084,-44.02721,-47.80229,-48.102165,-48.57063,-48.715416,-50.215984,-53.296387,-54.590054,-56.63071,-57.91531,-59.159237,-60.651665,-63.80069,-67.314766,-67.844505,-69.234985
96,True,-22.984585,-25.597298,-29.553097,-26.225376,-34.21279,-35.362514,-39.31736,-35.292984,-32.76888,-40.62532,-38.769726,-38.35328,-40.86432,-42.14008,-39.97001,-42.871857,-44.39001,-45.420586,-49.127174,-50.107727,-51.22663,-49.98101,-51.728706,-54.26065,-54.882263,-57.198303,-59.402866,-58.92281,-62.055508,-64.46723,-66.857216,-69.79541
128,True,-26.066013,-28.426077,-25.923828,-27.157545,-33.998245,-34.73347,-37.400036,-33.42383,-32.497646,-40.53736,-42.554096,-40.729767,-42.613758,-42.38224,-42.535774,-44.17223,-45.839306,-47.063618,-50.001022,-49.746536,-49.229122,-49.814533,-54.48128,-52.67933,-54.31788,-57.91622,-59.245613,-60.588768,-63.435253,-65.604256,-68.62926,-69.37421
160,True,-26.70207,-27.175392,-26.0365,-30.554333,-32.204998,-31.524704,-36.275414,-36.171787,-37.040672,-40.20233,-41.57052,-39.944103,-42.62874,-43.50724,-42.56063,-45.192146,-47.915096,-47.910492,-46.745224,-48.124863,-50.32146,-50.513336,-54.140152,-55.142357,-54.338127,-56.984173,-60.355267,-60.73419,-63.952682,-67.16531,-68.829414,-70.59412
192,True,-25.667137,-28.1073,-26.721676,-27.569756,-30.32728,-31.112576,-34.626034,-35.734276,-36.882797,-39.669266,-45.25418,-42.36513,-43.876396,-46.205963,-46.099297,-42.344604,-43.25107,-47.09025,-48.966423,-49.786,-50.154167,-49.40654,-51.936306,-54.490643,-55.78544,-57.88102,-59.105988,-60.509613,-65.46969,-68.703255,-69.46431,-70.54849
224,True,-26.132833,-31.402939,-26.406101,-29.348003,-31.749176,-29.883636,-36.59843,-37.2166,-39.437218,-41.915695,-42.047844,-39.798336,-44.1651,-45.69409,-44.53708,-43.09284,-45.705734,-47.54765,-47.870483,-50.835052,-49.029396,-50.035995,-52.600983,-54.575695,-54.982185,-57.55901,-59.821857,-61.73023,-62.43029,-65.66122,-69.43921,-69.9413
256,True,-25.48126,-29.741041,-25.475008,-28.637094,-35.22895,-29.1914,-36.825813,-41.52708,-41.736847,-43.950554,-42.72522,-40.42198,-44.223637,-43.93104,-40.31006,-42.16079,-44.502224,-47.411964,-47.968468,-50.1512,-50.053062,-51.56967,-53.200478,-54.425617,-56.471,-57.115704,-59.614582,-60.76983,-63.326145,-67.5954,-69.40974,-70.07844
288,True,-29.365175,-27.186562,-28.260517,-29.677526,-29.85546,-31.237045,-37.483963,-38.298782,-38.49367,-38.624985,-43.463207,-41.680733,-45.558456,-44.705826,-40.242313,-43.048077,-44.52101,-46.570488,-46.862507,-51.683292,-50.150623,-51.047493,-54.180035,-56.657722,-56.796318,-58.679314,-60.39156,-62.110573,-65.17373,-66.488014,-69.02998,-70.62044
320,True,-27.549856,-30.698412,-26.642057,-27.834518,-32.848957,-30.896118,-34.865063,-36.373146,-35.596825,-40.88994,-42.477287,-39.177933,-39.014854,-41.412422,-44.41974,-45.30886,-44.862312,-47.329216,-47.876125,-51.12065,-50.587326,-53.891636,-54.96949,-54.715405,-54.805622,-58.762264,-60.072895,-61.77267,-64.49716,-65.854416,-69.17413,-70.955795
352,True,-25.90273,-32.96993,-25.90179,-30.131554,-34.66865,-32.656254,-35.351215,-36.716675,-37.65571,-37.75415,-42.596954,-39.551517,-40.037502,-45.964092,-45.147953,-43.948204,-43.58078,-48.736435,-47.595562,-49.496506,-49.84667,-52.364723,-54.098454,-55.65735,-53.940807,-56.866173,-58.891777,-59.841248,-64.76704,-67.45179,-69.89417,-69.75823
384,True,-24.681723,-29.319658,-25.099052,-29.799206,-35.192493,-32.060116,-37.17434,-38.47798,-34.39026,-37.110443,-40.385857,-40.31308,-39.552536,-41.202183,-41.881783,-43.15368,-47.027603,-46.94076,-48.946815,-51.679123,-52.28917,-52.062054,-52.073303,-54.214367,-54.56436,-57.459732,-59.65394,-59.93563,-63.322464,-67.329094,-69.80307,-69.85833
416,True,-26.864073,-27.721275,-28.946707,-30.331402,-33.205296,-30.309914,-38.068844,-33.39898,-36.99363,-38.93175,-41.588173,-43.9047,-40.804665,-42.7486,-41.813835,-42.21832,-45.060596,-45.152786,-49.388275,-48.968277,-47.305107,-49.296837,-53.284042,-55.50407,-54.507195,-55.87493,-56.919903,-60.06742,-62.604767,-65.54271,-68.111145,-70.49235
448,True,-24.97466,-27.15141,-29.386616,-29.710545,-33.63049,-31.91713,-38.91357,-38.949207,-38.37956,-38.057983,-42.699818,-38.38763,-41.297016,-42.973297,-44.023483,-42.224586,-47.79055,-48.655315,-47.600655,-47.537613,-48.451534,-50.49898,-53.00496,-52.684498,-55.397804,-55.767,-59.310764,-61.169586,-61.900833,-65.33874,-67.14053,-69.571556
480,True,-20.652487,-27.759434,-29.99653,-29.749458,-31.95677,-29.79869,-35.084328,-36.38882,-37.33089,-37.764427,-40.058056,-39.635723,-42.655144,-41.50498,-42.195286,-41.581882,-39.0976,-42.066795,-49.56695,-50.619946,-51.880074,-49.785213,-51.123627,-53.3636,-54.074783,-52.392727,-51.400475,-47.430183,-40.860363,-37.522366,-40.803684,-43.16116
512,True,-26.038935,-25.886677,-26.681871,-31.01022,-29.104069,-24.570486,-31.680052,-29.980356,-31.185081,-34.62443,-36.231094,-32.915543,-35.96489,-37.97408,-36.667152,-35.870014,-28.926983,-32.635685,-42.761993,-43.37168,-42.30037,-42.246696,-41.8723,-44.839745,-44.837185,-43.121952,-35.782352,-35.520634,-31.227247,-29.480639,-31.7723,-33.6987
544,True,-20.801657,-23.109867,-26.155615,-30.612785,-30.120037,-33.65184,-36.27728,-33.422363,-30.112848,-37.99093,-41.23077,-38.536446,-42.679882,-46.09297,-42.248383,-43.18705,-44.220043,-46.659054,-46.219784,-50.17501,-48.9786,-50.88932,-51.60887,-54.305836,-52.452206,-54.33101,-49.76029,-50.643723,-46.54239,-46.51445,-48.381218,-49.603455
576,True,-26.167852,-27.535393,-20.918709,-24.660456,-29.913244,-31.637373,-35.718277,-39.189445,-36.749287,-38.9285,-38.61045,-39.38995,-40.38814,-40.3534,-40.892494,-43.965096,-46.71865,-47.935963,-47.21131,-50.66521,-50.87305,-52.352623,-51.779778,-52.488243,-56.10965,-55.31004,-55.62166,-54.95581,-50.657543,-50.664066,-54.62582,-56.598145
608,True,-24.17926,-27.52965,-27.085531,-27.64986,-30.837006,-29.274517,-39.444153,-37.049057,-35.08003,-44.461517,-41.922985,-40.55267,-41.715843,-43.946518,-41.18175,-43.390827,-45.12472,-44.793648,-49.73896,-48.163834,-50.19114,-52.78053,-53.4495,-55.734676,-56.837204,-57.245365,-57.09066,-56.297775,-55.744366,-55.944633,-58.494473,-60.655384
640,True,-25.719051,-29.795307,-29.35834,-31.345924,-31.909143,-30.916142,-38.45985,-38.689873,-37.584476,-40.266743,-40.49521,-39.81817,-42.23851,-41.960262,-41.073895,-43.016857,-46.516,-49.35781,-48.936497,-51.58927,-52.55314,-50.974346,-53.7099,-53.782013,-54.92263,-57.536682,-57.804142,-57.717094,-59.153748,-61.048695,-63.037025,-64.06836
672,True,-28.217644,-31.081738,-25.92573,-29.893654,-36.158,-31.795609,-35.991035,-37.166016,-36.76132,-39.920753,-41.17739,-42.445923,-43.39801,-42.800793,-39.26973,-41.9011,-48.124664,-50.2084,-52.350136,-53.20321,-50.48255,-52.393246,-53.16712,-53.96528,-56.029243,-56.76644,-58.85006,-60.073093,-61.176872,-62.49591,-64.926994,-66.88422
704,True,-26.972492,-27.583149,-28.994152,-29.293056,-34.486412,-32.752754,-39.97457,-36.41881,-37.43136,-39.686893,-37.82799,-40.537952,-43.674835,-44.54673,-42.041473,-42.73478,-43.502274,-45.918407,-48.284195,-50.13384,-50.176514,-49.182175,-52.049526,-54.665943,-57.75826,-58.055473,-57.648262,-59.764973,-63.13191,-65.05986,-66.91104,-69.28376
736,True,-26.58801,-25.328804,-26.562235,-28.124691,-33.562088,-30.910473,-34.46032,-36.3851,-38.35586,-38.233677,-39.8846,-42.3116,-41.238995,-40.789337,-42.670322,-44.383236,-46.137863,-49.443092,-49.57676,-53.654854,-52.160995,-51.328808,-52.525124,-55.383255,-55.815044,-57.216278,-59.963562,-60.386375,-63.938908,-65.67072,-67.33324,-70.55676
768,True,-25.805399,-26.459625,-28.574234,-31.010153,-34.60735,-31.842049,-35.646725,-38.28595,-33.957474,-40.00306,-39.76766,-40.872463,-42.473186,-41.260338,-43.03966,-45.58667,-44.618908,-49.112465,-50.834545,-51.20428,-48.96851,-50.15831,-52.39753,-54.457325,-56.494476,-57.344513,-58.725136,-60.26364,-64.04358,-66.0251,-67.46527,-69.432236
800,True,-26.511786,-26.664818,-28.222837,-29.972717,-36.378456,-38.510002,-36.58481,-37.09998,-36.531254,-39.4647,-40.993668,-42.1268,-41.632896,-41.444935,-41.213764,-42.811516,-44.459858,-46.360718,-48.883682,-50.414207,-49.66482,-49.277496,-51.619812,-55.567493,-55.550148,-56.77818,-59.647118,-60.929703,-64.973656,-67.33444,-67.537224,-69.753716
832,True,-28.244436,-26.959906,-27.53217,-31.528301,-32.53575,-34.051964,-35.29165,-36.76508,-37.178314,-45.460342,-44.288925,-45.002182,-41.43367,-44.18454,-41.65068,-44.087414,-43.340042,-48.91497,-49.928223,-51.30983,-51.390614,-51.347843,-52.904594,-54.52057,-55.99871,-58.45551,-59.277325,-61.167587,-63.022797,-67.405266,-69.059616,-69.27522
864,True,-22.611713,-24.152412,-25.2929,-28.947184,-30.089064,-25.872545,-33.358326,-40.004562,-43.549976,-38.366573,-39.6228,-39.17254,-38.6403,-40.696396,-42.027267,-43.91709,-45.112843,-48.969177,-47.93461,-50.907707,-53.753353,-52.04746,-54.137493,-53.29285,-55.559265,-56.620155,-59.281734,-60.905853,-61.8232,-65.09232,-68.60487,-70.77229
896,True,-22.305569,-28.936195,-28.36955,-29.58503,-32.169914,-28.395603,-41.653244,-44.138565,-42.013496,-39.628212,-38.20846,-41.885635,-42.890213,-42.3797,-40.504868,-43.173595,-43.479362,-47.033276,-48.472973,-48.032906,-52.11006,-50.17895,-54.217625,-53.969044,-53.36954,-57.346336,-59.3276,-61.704098,-60.369705,-66.482994,-67.72626,-69.720245
928,True,-26.8555,-30.502882,-30.530128,-31.998236,-31.885891,-30.260544,-38.104256,-40.917656,-37.66486,-41.633858,-40.261482,-39.32422,-41.45435,-42.458378,-40.18688,-42.694668,-44.48234,-47.921715,-49.26624,-50.233288,-49.563072,-52.45644,-54.203335,-56.193527,-55.868317,-58.31431,-58.71693,-61.209373,-63.971848,-63.266037,-67.37154,-68.84971
960,True,-23.110592,-24.906132,-27.58619,-29.77253,-32.28055,-30.910349,-40.766663,-38.44909,-39.1904,-40.131474,-42.91002,-40.417805,-42.658615,-41.818245,-45.67527,-43.60002,-45.8928,-46.77578,-47.165527,-51.941666,-52.3201,-53.352818,-53.703884,-54.107674,-54.79555,-56.206238,-57.632225,-59.64111,-65.56186,-66.60939,-68.2348,-70.47184
992,True,-25.819742,-25.343178,-28.784197,-31.411179,-31.577038,-34.8523,-41.74089,-35.4863,-35.274956,-38.667603,-39.979145,-41.705036,-42.80537,-44.48862,-44.790558,-45.544662,-45.65592,-49.14917,-51.163235,-50.750916,-51.731377,-51.397552,-52.76789,-55.24259,-56.721657,-58.168236,-58.60047,-61.283955,-64.41681,-66.67047,-68.851234,-70.62268
1024,True,-23.709719,-25.73904,-29.299631,-29.19064,-32.68294,-33.329056,-34.325974,-37.034103,-37.075787,-40.165947,-39.322094,-37.905697,-39.417435,-40.780045,-42.658096,-47.482258,-48.61048,-49.139854,-50.456444,-48.843643,-51.26843,-50.936707,-53.652626,-54.82945,-56.48068,-58.459114,-58.40206,-61.05593,-63.549706,-62.65599,-65.3145,-65.70266
1056,True,-24.890156,-26.396084,-28.918259,-31.59404,-35.48637,-30.132273,-36.814213,-39.216007,-37.580566,-40.75825,-44.821007,-40.361626,-41.978073,-41.175575,-43.766808,-42.738613,-45.497894,-48.421856,-49.86979,-50.095867,-51.304893,-50.79891,-52.19988,-54.628807,-54.960823,-54.8786,-54.755684,-53.19371,-55.484642,-52.171227,-54.4167,-56.09963
1088,True,-25.22451,-28.231308,-27.816467,-29.816122,-32.14313,-30.320837,-35.49285,-37.78565,-37.080517,-40.631863,-38.518982,-44.259933,-43.670517,-41.232666,-42.16389,-45.17752,-44.097553,-47.09139,-48.761467,-50.53817,-50.65365,-51.195293,-53.095097,-57.498135,-56.246674,-58.728096,-59.56685,-61.33169,-64.64013,-63.996223,-65.57372,-68.74291
1120,True,-22.959566,-27.237858,-31.21012,-33.00662,-33.675114,-30.07697,-35.85799,-39.07044,-38.976814,-38.123676,-39.118137,-39.37546,-41.81086,-41.58757,-41.567955,-42.45207,-43.721394,-46.349888,-50.723396,-52.28408,-50.21091,-51.11554,-53.0068,-55.547623,-55.683113,-58.05737,-61.31927,-60.295033,-63.538612,-65.42863,-68.2794,-69.33703
1152,True,-24.348345,-24.561464,-26.226128,-31.88942,-33.799778,-34.99241,-39.609043,-41.796654,-39.24366,-40.15253,-38.714108,-40.364246,-42.56039,-41.325474,-39.03292,-42.443485,-45.272427,-48.531307,-50.34604,-52.383533,-49.590397,-50.046535,-56.435852,-57.532143,-56.50128,-55.539963,-60.159077,-60.473057,-65.18474,-65.67675,-67.69297,-68.47545
1184,True,-23.160154,-28.877401,-30.960396,-32.369114,-31.462917,-30.164314,-37.191288,-38.091667,-37.370296,-41.135338,-42.706345,-40.608574,-41.466923,-43.205635,-42.067852,-41.508923,-44.035767,-47.36608,-48.024006,-50.74106,-50.21382,-53.3506,-54.083942,-55.944336,-55.026062,-57.59343,-59.280807,-61.513477,-64.56903,-65.152565,-66.83153,-69.02027
1216,True,-27.152498,-28.364403,-28.925339,-33.02691,-37.02932,-30.15457,-36.42001,-36.739136,-35.141247,-37.87381,-43.134514,-40.501667,-43.45481,-43.60893,-44.980972,-43.05513,-46.678852,-47.977505,-47.476383,-50.581917,-51.183167,-50.54939,-54.573997,-57.000294,-56.712185,-57.299927,-58.92859,-62.338066,-64.00466,-64.54606,-68.550674,-70.66516
1248,True,-30.303963,-25.926712,-26.271505,-31.397793,-34.182404,-35.24586,-41.150356,-35.174583,-33.311466,-38.16383,-40.969337,-42.15084,-45.461258,-42.20941,-43.24011,-42.342827,-45.944794,-47.08714,-48.65142,-50.241547,-50.041546,-51.57822,-53.673477,-54.2209,-54.710407,-56.90097,-59.97046,-60.734783,-63.77911,-66.25579,-67.45553,-68.431915
1280,True,-29.26344,-27.738422,-26.363962,-29.771309,-31.988623,-30.074179,-38.312805,-39.993835,-39.213947,-38.765663,-40.898155,-42.126183,-38.361866,-42.09786,-43.18327,-45.843056,-44.79251,-45.742363,-50.32768,-50.96189,-50.6868,-51.15471,-53.558304,-54.023804,-55.5806,-56.358334,-57.83169,-59.335423,-63.352867,-66.15535,-68.6031,-69.037315
1312,True,-22.101374,-30.943052,-31.168247,-36.383614,-34.01737,-28.078423,-37.539707,-36.54941,-39.631706,-41.462982,-38.7516,-40.9983,-43.278545,-44.981915,-43.541115,-44.380497,-45.782433,-48.4466,-46.57592,-48.306774,-49.109123,-52.991364,-54.1169,-54.659065,-55.4689,-58.89486,-59.67489,-61.002434,-63.177208,-66.48991,-68.571175,-69.45194
1344,True,-24.108675,-26.098808,-28.979883,-31.5424,-36.128124,-32.913746,-38.765972,-36.173424,-38.19123,-37.944836,-40.168884,-39.854813,-41.511917,-42.766014,-43.439518,-46.006218,-44.745045,-46.430965,-49.227634,-50.57928,-51.524315,-52.46965,-54.20904,-54.818047,-57.234566,-58.741055,-59.86134,-63.592285,-65.693695,-66.63703,-69.44796,-70.17624
1376,True,-28.341263,-27.24534,-26.995384,-26.418392,-33.24973,-29.63648,-36.84822,-39.587242,-40.453766,-45.896935,-46.873993,-39.405426,-40.81505,-40.717636,-41.302902,-44.254726,-46.94611,-48.098595,-50.463505,-51.449715,-52.897903,-52.44663,-52.5909,-54.16905,-55.608463,-57.12915,-60.022625,-62.492924,-64.85229,-66.309586,-69.27903,-70.25407
1408,True,-25.263153,-29.851692,-32.67656,-33.6219,-35.94773,-31.450813,-37.0464,-39.716305,-36.404274,-40.151527,-41.656338,-41.113018,-39.39405,-42.327618,-40.150738,-42.14603,-42.471283,-42.906155,-47.298042,-48.66481,-51.548378,-50.06214,-52.031017,-56.008892,-57.40689,-58.527687,-60.893444,-60.85846,-64.44899,-68.280136,-68.782776,-70.690506
1440,True,-24.949066,-26.657242,-28.90753,-31.391218,-39.95976,-39.224552,-38.07982,-40.322807,-39.898067,-42.1373,-41.088287,-42.082054,-41.245747,-46.112663,-44.915733,-44.138573,-43.16658,-47.287704,-48.217716,-53.73237,-50.923733,-51.7302,-51.13094,-54.408302,-54.41777,-57.054344,-59.316486,-61.16463,-66.37321,-66.831604,-68.86248,-69.44354
1472,True,-25.735655,-25.26253,-24.0343,-28.235533,-33.73723,-31.328487,-35.694317,-39.57317,-38.264156,-40.996407,-37.15394,-37.618053,-40.869865,-42.945614,-45.010536,-43.124184,-45.626217,-47.25374,-51.896355,-51.64671,-53.12923,-53.419342,-54.876114,-56.394753,-54.715096,-55.919224,-58.964844,-60.987858,-63.103073,-66.57275,-68.86735,-70.82094
1504,True,-27.614672,-29.164173,-29.61082,-31.241985,-34.867474,-33.689526,-37.64605,-39.237827,-36.152122,-36.824924,-40.697296,-39.469204,-43.71944,-46.33402,-44.009377,-42.133713,-45.542736,-49.46537,-50.94009,-51.21925,-52.87005,-53.568386,-53.782784,-55.10724,-56.593628,-56.752075,-58.750378,-61.138657,-64.147255,-65.99732,-68.387924,-70.5082
1536,True,-22.77246,-30.020962,-27.702702,-33.78696,-31.780317,-33.104584,-37.877544,-38.560604,-39.469257,-38.67878,-43.685093,-41.539764,-40.89209,-42.406254,-44.02623,-45.821526,-46.967297,-49.4639,-48.343525,-50.570396,-52.472607,-51.537148,-53.067417,-54.79296,-55.234486,-57.27846,-58.894684,-60.326454,-64.148125,-67.399475,-69.67053,-70.1706
1568,True,-25.053272,-27.573652,-24.584715,-29.519302,-38.349464,-34.51403,-38.515556,-40.815502,-35.75438,-39.0309,-41.951565,-41.59922,-39.84903,-40.988358,-40.98771,-41.641296,-42.155243,-46.852818,-48.367935,-49.373802,-51.252285,-50.518818,-51.841816,-54.628387,-54.07804,-54.491478,-57.199596,-53.682564,-45.524025,-43.062515,-47.390896,-49.12181
1600,True,-25.604511,-26.132343,-29.888552,-29.24283,-32.097023,-26.54236,-31.59439,-27.551376,-30.684704,-34.555332,-35.0996,-35.39773,-36.676003,-39.013092,-37.226624,-33.465687,-28.504248,-32.337376,-41.99537,-43.065643,-41.830116,-40.961426,-41.920513,-45.54734,-44.108776,-40.760136,-39.335613,-35.109013,-29.207546,-28.378325,-31.524704,-33.53437
1632,True,-20.371403,-24.830305,-28.34442,-30.364397,-32.833763,-32.550694,-40.334507,-37.80441,-34.931396,-37.84083,-38.105537,-39.359222,-45.422836,-40.70865,-41.58989,-44.46045,-43.180344,-46.967926,-44.808586,-47.82337,-48.11859,-48.520798,-51.294525,-55.710644,-52.33954,-53.787502,-53.40431,-49.235832,-45.322014,-46.459167,-48.43933,-50.26367
1664,True,-21.499584,-25.511547,-30.65093,-30.863457,-35.642857,-33.47625,-38.71539,-34.929398,-35.813972,-42.10201,-41.75683,-42.71871,-46.103497,-45.771606,-41.94371,-39.909794,-43.83126,-48.242344,-47.778645,-48.656727,-50.235424,-51.84061,-53.663754,-54.549263,-53.03512,-55.714664,-57.105705,-54.263042,-50.628014,-50.426735,-53.72007,-55.87528
1696,True,-25.215172,-27.061031,-26.902138,-28.762,-28.805355,-31.007446,-35.281784,-36.047638,-37.015614,-39.177284,-43.331947,-43.636574,-43.08557,-45.64086,-43.026527,-42.355618,-41.705223,-44.98493,-48.12181,-48.750237,-48.091698,-50.441593,-51.8975,-55.579662,-55.7954,-57.25178,-56.035324,-57.267838,-55.32218,-56.752365,-60.340393,-61.018646
1728,True,-24.508163,-28.55796,-24.6395,-30.100506,-33.49358,-29.050627,-36.279522,-38.66373,-40.79152,-40.983086,-42.51602,-41.0011,-42.446213,-43.856506,-41.191765,-40.835304,-43.47788,-48.030846,-47.5062,-50.21489,-52.27701,-50.832542,-54.548286,-55.815777,-56.171303,-58.55434,-58.207558,-58.74498,-58.904766,-61.89919,-64.548134,-62.79541
1760,True,-24.508324,-26.93908,-26.95803,-29.966276,-31.49318,-29.507677,-37.836227,-38.79276,-35.725273,-38.44002,-44.06763,-45.057533,-42.7732,-41.96983,-42.228893,-45.67715,-46.199577,-51.849037,-49.761192,-49.762325,-52.621094,-51.008713,-52.395226,-54.87935,-54.870026,-57.12582,-60.360283,-59.698296,-61.674694,-62.719902,-64.78192,-65.992714
1792,True,-23.648502,-27.943249,-27.23008,-30.029163,-31.252659,-30.611696,-36.81661,-39.331272,-40.411194,-38.9022,-42.317818,-41.605995,-39.132446,-40.15342,-40.12503,-42.84362,-45.144638,-45.860004,-50.003998,-52.158264,-50.930626,-51.86462,-53.633465,-56.252934,-56.986374,-59.443398,-60.68337,-62.600624,-61.862106,-64.27692,-67.56918,-68.51064
1824,True,-26.785316,-28.993603,-33.04532,-32.61989,-33.353165,-30.570278,-36.37101,-42.58997,-38.385277,-42.00913,-40.444412,-39.591736,-42.49118,-43.314377,-41.63917,-44.263798,-45.267788,-47.094723,-49.508728,-50.30985,-49.4068,-51.730537,-57.258705,-58.068703,-55.758522,-58.618874,-59.925217,-62.511543,-63.13643,-66.7833,-69.185394,-69.76524
1856,True,-22.16295,-28.132475,-30.08192,-35.441288,-36.066547,-30.019705,-38.109024,-37.579323,-34.497543,-37.62178,-40.623745,-42.31978,-40.150723,-42.31845,-43.85791,-44.292458,-45.301468,-48.49832,-50.370907,-50.143875,-52.056828,-51.57235,-53.83904,-54.43419,-55.117992,-57.340164,-58.560753,-62.423363,-65.715744,-66.941956,-68.246,-70.6372
1888,True,-25.870436,-33.448124,-30.332472,-29.191248,-32.03116,-32.08358,-37.821114,-44.45133,-41.813984,-42.99569,-42.730347,-38.152843,-40.233532,-41.521805,-42.02196,-43.775887,-47.304146,-48.543056,-48.952526,-50.747547,-51.097183,-51.681946,-53.674995,-54.3471,-56.082237,-56.521,-59.69747,-61.718327,-65.403,-67.545555,-67.93237,-69.363594
1920,True,-25.746195,-25.526413,-25.194633,-28.223236,-31.934486,-32.837223,-37.72455,-40.111427,-36.75263,-40.958496,-38.92065,-38.937874,-38.96684,-42.00781,-44.597546,-47.693214,-45.215893,-49.478516,-49.8102,-50.4218,-51.38698,-54.679585,-55.85732,-55.517345,-55.736042,-59.548668,-61.230766,-62.736874,-65.77921,-67.23314,-68.30117,-69.79773
1952,True,-22.20648,-25.962055,-28.720999,-32.2629,-31.63615,-29.436586,-37.595013,-38.40155,-40.548153,-41.305725,-38.279102,-41.540485,-39.858288,-40.49832,-42.109303,-42.977768,-46.5253,-46.30607,-49.322006,-49.47466,-52.042236,-54.010296,-54.31458,-55.587574,-58.645435,-58.513885,-60.800995,-62.489147,-63.247147,-66.74451,-69.04918,-69.685
1984,True,-24.008205,-27.436024,-27.6064,-29.584808,-32.658604,-30.875998,-35.04455,-39.172665,-39.34647,-42.401024,-41.580498,-38.835926,-42.36007,-40.782333,-40.848366,-44.166008,-46.525497,-47.004353,-49.31498,-50.823593,-51.98597,-50.652428,-54.289215,-56.868168,-56.34729,-56.458954,-59.367455,-61.781746,-66.17459,-66.36437,-69.443954,-69.13484
2016,True,-22.710625,-28.372126,-30.283773,-28.926483,-29.916492,-29.7241,-37.452267,-41.53221,-36.67376,-41.88031,-41.270947,-41.981354,-44.53537,-43.91386,-43.379112,-44.777546,-46.494984,-46.191067,-49.482925,-52.04229,-52.34482,-53.393593,-54.173298,-54.46232,-55.996243,-57.1448,-59.047855,-60.718197,-64.60719,-67.300735,-68.756775,-70.04596
2048,True,-24.700644,-25.823448,-28.659214,-31.483,-33.319267,-31.024158,-37.17236,-40.077015,-37.743263,-41.626106,-41.544716,-43.490425,-43.224293,-39.938595,-39.587276,-43.80402,-45.976456,-48.344463,-49.844154,-51.511864,-52.493774,-53.473885,-54.97532,-55.9511,-55.85516,-58.725204,-60.922157,-60.769737,-64.74596,-67.17851,-68.24016,-68.90774
2080,True,-22.628382,-29.634724,-27.658394,-29.759157,-32.79587,-31.903233,-38.527637,-39.531693,-39.400406,-37.64865,-40.87735,-40.694294,-46.66842,-44.191036,-43.05855,-43.597466,-47.244255,-46.56082,-49.208145,-49.6616,-50.13225,-50.100914,-53.606915,-55.622654,-54.63836,-59.539547,-59.4105,-60.72649,-64.93385,-66.349625,-68.00256,-69.19537
2112,True,-24.90017,-28.350883,-30.010946,-32.659386,-33.490414,-29.62488,-40.022396,-39.591633,-37.169144,-39.641357,-41.454845,-42.60013,-44.21104,-43.111954,-46.921318,-42.731827,-44.88833,-47.373196,-50.350346,-52.23944,-53.5313,-50.51414,-52.612534,-54.720222,-54.942738,-57.06898,-60.529446,-61.48255,-64.85183,-64.95355,-67.099236,-68.199
2144,True,-27.930843,-27.303368,-26.852682,-31.777067,-33.34408,-32.77809,-41.908333,-38.777702,-35.21999,-40.781303,-46.9731,-43.627697,-42.32521,-40.872746,-42.137203,-43.937004,-43.91495,-47.002735,-49.83136,-51.319126,-51.893444,-50.191044,-52.57415,-55.368954,-56.944473,-56.517174,-53.75772,-53.23729,-54.129723,-51.727676,-53.38167,-54.499207
2176,True,-23.638092,-25.391245,-25.991787,-30.703945,-30.794962,-29.365833,-37.6986,-41.34268,-38.568924,-42.758945,-41.05371,-39.69483,-42.573868,-40.440784,-43.83243,-42.68082,-45.73587,-47.46181,-49.166912,-49.254623,-51.420662,-50.209957,-51.293686,-54.09792,-54.72316,-56.193333,-57.763287,-60.851116,-63.082085,-64.9143,-66.80594,-67.205154
2208,True,-25.214922,-27.947613,-29.554615,-32.210587,-35.007053,-31.79382,-33.919666,-38.922695,-38.29437,-41.508896,-42.99032,-41.253952,-44.32576,-46.3471,-43.339226,-43.142376,-43.0558,-49.006012,-48.796738,-49.45757,-50.191086,-51.841717,-53.17034,-55.785927,-55.73187,-57.381294,-58.334106,-59.302986,-63.181137,-64.92782,-67.52133,-70.17571
2240,True,-24.825094,-26.805328,-31.036245,-31.949041,-31.654606,-29.647005,-38.316715,-38.39364,-36.223164,-36.912342,-40.74848,-39.775116,-41.766083,-44.250237,-43.12643,-47.035316,-47.838856,-49.671776,-47.906197,-49.319836,-54.669174,-52.432285,-52.822044,-54.976364,-56.20247,-57.520485,-59.5582,-60.19545,-62.884064,-64.33879,-68.386696,-67.802246
2272,True,-26.576363,-28.748585,-29.212727,-30.024323,-31.498442,-32.803413,-40.891182,-36.927025,-34.806576,-38.250328,-40.509106,-42.04783,-43.066498,-43.39798,-42.298943,-44.40981,-47.688137,-48.03096,-49.425766,-50.572495,-49.105667,-50.814934,-52.71053,-55.13903,-55.88559,-55.920338,-57.196693,-60.152466,-64.34003,-65.034004,-68.611664,-69.93276
2304,True,-24.864513,-25.759212,-27.630484,-27.40634,-31.616741,-28.81844,-35.273403,-39.175392,-38.201035,-44.27732,-44.751617,-41.912163,-39.711563,-43.045788,-44.46689,-46.101727,-47.277344,-46.21426,-46.818985,-52.369938,-52.893303,-53.25641,-54.04881,-56.581894,-56.367317,-57.709736,-58.334328,-61.41558,-62.455917,-64.740395,-68.10637,-69.88181
2336,True,-24.286594,-26.158016,-28.824213,-30.577732,-32.56164,-31.177904,-36.295567,-37.882675,-40.487915,-38.637604,-37.916878,-39.03048,-43.166332,-41.844124,-42.83383,-46.232586,-45.914757,-46.31572,-52.1662,-51.29048,-51.26245,-53.22715,-54.02115,-55.263977,-55.232666,-55.510258,-58.84876,-59.41243,-61.96998,-66.47156,-68.8948,-69.260086
2368,True,-26.001495,-24.505625,-26.688395,-30.458351,-33.32237,-29.525278,-38.04895,-38.776516,-38.197777,-39.56268,-38.818466,-37.0159,-41.442448,-42.407692,-42.42777,-43.79181,-47.148872,-47.511253,-50.303802,-51.08809,-50.14045,-51.720703,-54.23023,-54.827175,-56.344913,-56.576744,-56.95167,-59.38616,-63.82729,-65.43341,-68.51831,-70.29795
2400,True,-28.113928,-30.140455,-27.69124,-30.678957,-32.84267,-30.369392,-39.033646,-35.625095,-37.299545,-39.632317,-38.85435,-39.611362,-42.64515,-42.359116,-43.488594,-46.087196,-48.709496,-46.734795,-50.01247,-50.17028,-49.393597,-51.4056,-53.878807,-55.53296,-56.170296,-56.544136,-59.905678,-60.12415,-64.18776,-65.77838,-68.45827,-70.017365
2432,True,-25.068527,-26.957653,-29.518917,-33.089737,-35.17672,-32.774826,-41.8293,-37.7548,-33.992264,-41.94919,-40.053215,-41.2059,-40.237545,-43.257973,-44.822727,-44.290237,-44.676933,-49.15617,-47.508812,-47.902218,-49.4517,-51.092407,-53.12553,-53.42526,-56.435776,-57.458885,-59.7242,-62.727528,-64.28414,-67.00668,-68.3068,-69.983315
2464,True,-26.020605,-27.8637,-28.652246,-33.881233,-32.424717,-30.631718,-34.598083,-41.384956,-37.23741,-40.82737,-43.00259,-39.585205,-38.758167,-39.52962,-40.88119,-44.1425,-47.823406,-48.446625,-49.580933,-50.251854,-51.984158,-50.60752,-50.87562,-54.97576,-53.893456,-58.08456,-60.21164,-59.567257,-62.750412,-65.85901,-69.61135,-70.63626
2496,True,-24.1329,-29.37836,-27.449654,-30.46047,-34.064034,-31.602621,-39.304996,-39.019684,-36.675938,-44.683838,-43.176125,-45.079216,-43.024162,-45.05171,-44.18599,-42.21942,-44.7115,-48.69252,-47.049957,-47.8161,-50.04193,-52.531948,-52.98858,-52.51148,-52.93572,-55.65399,-58.679394,-61.39946,-64.00357,-66.47248,-68.27184,-70.193436
2528,True,-23.344265,-26.8526,-29.95631,-32.299126,-32.151062,-32.653748,-36.988388,-36.190426,-34.288994,-41.95806,-41.14653,-45.092857,-43.10747,-44.970207,-43.23612,-46.768284,-49.11295,-48.514805,-48.201984,-50.942886,-49.32952,-52.312843,-53.85519,-54.67646,-55.02485,-56.800377,-59.134125,-61.41933,-64.760216,-65.29126,-67.671875,-68.352516
2560,True,-26.289072,-28.840397,-30.655615,-30.67294,-30.97134,-32.108795,-41.780006,-38.033596,-36.647842,-40.94873,-40.56604,-42.418777,-42.529926,-43.380104,-42.166504,-45.1508,-43.57651,-45.984577,-47.962723,-50.28549,-50.58609,-50.421024,-53.068615,-55.353226,-55.287685,-56.812878,-59.90384,-61.980133,-65.388405,-66.340416,-67.6273,-68.86024
2592,True,-22.89798,-31.201353,-23.025455,-29.350086,-33.894012,-32.708897,-36.718746,-37.488853,-38.510002,-38.12067,-42.38218,-44.19593,-43.179375,-42.691475,-45.20487,-47.443394,-46.36695,-46.811985,-49.504295,-49.049248,-50.262054,-50.274563,-56.075394,-56.167206,-55.852947,-59.2347,-58.783306,-62.199417,-65.98853,-66.96199,-68.84633,-68.930176
2624,True,-26.952059,-30.130491,-27.853987,-27.957481,-33.48325,-31.82333,-36.86786,-34.603394,-34.94044,-41.80357,-41.93603,-41.642982,-40.778053,-42.471165,-44.646305,-45.911713,-47.743355,-51.1604,-49.23153,-51.048576,-50.68982,-50.26693,-52.809315,-56.816998,-56.786613,-58.29986,-59.003242,-60.497013,-63.868362,-64.70695,-67.338806,-70.06957
2656,True,-23.923256,-28.74358,-26.131094,-28.66732,-33.693447,-29.996685,-39.00334,-40.623688,-42.37838,-42.414886,-40.406273,-39.710445,-40.971176,-43.634323,-43.305763,-44.60566,-46.701103,-48.650177,-47.93764,-53.470554,-54.678246,-52.27967,-53.081722,-56.576916,-55.60791,-56.332493,-59.163647,-59.89414,-53.42517,-53.206276,-57.424065,-57.454624
2688,True,-23.886082,-25.959024,-26.533852,-27.72356,-28.021584,-26.755774,-32.756943,-29.959524,-32.027214,-35.961254,-38.11363,-33.825993,-34.903114,-37.171722,-35.400562,-31.082634,-28.493965,-32.527283,-40.465607,-41.641956,-41.913673,-41.72258,-42.55847,-47.133083,-43.797974,-37.780342,-36.022633,-35.532883,-28.48835,-30.02063,-33.44427,-34.61057
2720,True,-23.886232,-28.867249,-29.49385,-31.7019,-34.09475,-28.326195,-37.542362,-36.237453,-34.621002,-40.65798,-42.464886,-36.91643,-39.643066,-39.540325,-40.712036,-42.11125,-41.293404,-45.78414,-47.029057,-50.846107,-50.242867,-49.01861,-53.196884,-51.853863,-51.80763,-52.284584,-51.02305,-49.731247,-44.119526,-45.9226,-47.125664,-47.179916
2752,True,-25.779856,-27.996803,-30.034866,-30.207579,-32.54468,-28.853159,-36.899124,-37.72872,-38.71923,-37.97284,-39.6847,-40.172237,-39.69936,-42.72574,-43.77316,-42.74955,-45.00462,-44.719524,-48.360634,-50.064384,-52.865524,-50.653603,-54.825306,-52.473236,-52.604523,-55.688915,-53.76369,-56.321774,-50.05612,-50.374115,-53.33088,-54.59536
2784,True,-23.749039,-24.724594,-27.029581,-30.18703,-30.866632,-30.669851,-37.325245,-37.449306,-38.632614,-43.689293,-42.17117,-42.247585,-39.65432,-41.24031,-44.645237,-42.899483,-41.93331,-46.986618,-48.864243,-49.207806,-49.66978,-51.23272,-53.788116,-54.769638,-56.518906,-57.913094,-56.904,-57.583908,-55.244328,-55.722412,-58.13496,-59.33966
2816,True,-28.220919,-28.074991,-32.883774,-32.269165,-33.43738,-30.454569,-38.915104,-37.299374,-36.410835,-41.11296,-40.599255,-44.041077,-44.71116,-43.80054,-47.001846,-45.352207,-45.03424,-47.18162,-48.783478,-49.186897,-51.229973,-50.734924,-53.180103,-56.37256,-55.86506,-55.87456,-58.950733,-59.860172,-57.84403,-59.335144,-63.29969,-64.14283
2848,True,-26.836899,-27.91936,-28.012444,-33.26282,-36.421135,-32.632824,-37.161873,-36.877434,-39.374012,-41.76783,-38.904938,-43.379105,-49.12188,-44.63057,-45.19818,-49.610252,-46.41243,-46.18495,-46.6849,-50.316208,-50.24607,-51.049744,-53.938465,-56.163788,-57.097816,-56.984882,-56.976387,-58.953438,-60.663334,-61.325394,-64.90785,-66.11933
2880,True,-25.142742,-28.121933,-29.598654,-32.265553,-32.03374,-31.439083,-36.873573,-33.257404,-33.201267,-37.98989,-37.812138,-42.431236,-40.795883,-41.196537,-44.961277,-46.339283,-46.125507,-46.0672,-46.085182,-50.164764,-50.91668,-51.72158,-54.838276,-55.81587,-55.74237,-57.657887,-59.012283,-59.19243,-62.231373,-62.46603,-66.95344,-67.43181
2912,True,-26.133202,-26.030035,-27.03739,-29.890762,-31.877367,-29.602392,-36.468586,-37.93624,-36.84172,-38.570522,-37.044956,-38.50387,-40.541912,-39.68043,-41.497223,-43.79371,-46.132896,-48.255943,-47.134148,-50.444725,-51.098892,-51.935158,-55.626213,-55.03178,-54.858536,-55.605244,-57.42357,-59.99796,-61.888985,-64.944595,-68.35586,-69.675
2944,True,-25.681953,-27.401558,-29.170685,-31.232874,-32.455334,-33.12923,-35.375786,-37.59438,-37.84594,-40.75763,-42.371513,-41.81265,-42.756886,-45.945732,-45.915474,-46.784393,-48.151314,-48.196228,-46.681553,-50.19978,-52.42702,-51.17123,-52.96904,-54.89231,-55.863705,-56.790497,-57.035748,-58.19297,-62.622322,-66.686066,-67.79823,-70.64225
2976,True,-25.070982,-29.94052,-31.241909,-30.518326,-30.760973,-32.310265,-37.378372,-37.539795,-37.773773,-37.975407,-39.639336,-41.582508,-41.790802,-42.696568,-42.576256,-43.87539,-45.50386,-48.538155,-47.715473,-48.957256,-50.41198,-49.932747,-53.486046,-56.341026,-56.839996,-57.728443,-58.95035,-60.617134,-63.003853,-65.52916,-68.240974,-70.21539
3008,True,-23.253567,-27.004938,-27.601683,-31.302929,-33.114388,-31.54215,-38.38457,-35.267097,-38.9033,-40.471756,-40.92998,-39.80846,-39.50609,-42.731934,-42.17887,-42.99109,-43.76091,-46.430737,-46.169678,-49.636375,-53.46945,-49.59379,-53.148724,-53.29041,-55.809307,-56.717705,-59.5376,-58.924046,-63.123947,-65.066444,-67.08694,-68.803085
3040,True,-24.796059,-27.540756,-24.851286,-25.908424,-32.688576,-30.507675,-38.92472,-37.333725,-39.97555,-42.796535,-41.595093,-38.204113,-45.84482,-43.365993,-42.589485,-44.828663,-46.01399,-47.455746,-47.57628,-49.796265,-52.2918,-50.20201,-52.51259,-55.757103,-57.79419,-58.84828,-58.01116,-60.184025,-64.40307,-66.47203,-69.22618,-70.14632
3072,True,-25.449293,-31.475008,-23.738773,-26.227348,-34.141182,-33.89178,-37.636944,-34.16101,-32.984344,-41.630585,-45.617985,-38.895763,-40.414543,-43.838478,-45.433956,-44.02,-45.91349,-46.601555,-51.086823,-52.499687,-51.37513,-50.275856,-51.791275,-52.724274,-55.027046,-56.33305,-57.66312,-59.233585,-63.275925,-68.14755,-69.21278,-71.55135
3104,True,-23.551943,-25.888758,-26.136913,-29.463388,-31.719103,-34.901768,-36.521862,-39.19522,-38.902252,-40.602158,-40.849274,-41.138435,-42.416687,-41.803093,-40.87694,-42.88526,-44.068886,-47.80892,-49.930683,-53.418785,-50.401196,-49.61781,-51.88711,-53.61371,-55.584297,-57.246075,-59.426826,-61.255413,-63.36348,-64.46486,-68.04238,-69.98525
3136,True,-23.088478,-25.704115,-30.325499,-27.970324,-30.00441,-31.068876,-36.016304,-38.03595,-35.98899,-37.52006,-41.330982,-40.47969,-40.178627,-41.58413,-42.67363,-43.354374,-46.14058,-49.93363,-49.78496,-50.336906,-51.46828,-51.92879,-52.64071,-54.977985,-56.316216,-59.239162,-59.358414,-61.2099,-63.634666,-63.926716,-67.38138,-69.18453
3168,True,-22.954136,-29.613464,-28.374262,-31.280706,-33.75766,-30.580187,-36.937775,-35.542244,-34.39623,-42.734035,-41.147045,-39.612907,-40.55413,-39.572395,-44.697067,-46.94788,-47.277657,-47.437767,-48.082245,-46.067883,-50.298546,-49.593887,-53.66871,-56.67965,-56.038536,-56.193943,-57.975304,-61.17918,-66.741806,-67.493774,-67.41618,-69.90835
3200,True,-23.244125,-30.812088,-25.667936,-29.691502,-36.501297,-32.08614,-39.58259,-40.54359,-37.610374,-38.49629,-39.31085,-38.93143,-42.60908,-40.466763,-44.644173,-43.599953,-48.606995,-50.64789,-47.30557,-49.388767,-51.215096,-50.25656,-53.59411,-52.947685,-56.624245,-56.8053,-58.472294,-59.568687,-64.17878,-67.17529,-69.34752,-68.61235
3232,True,-21.366388,-25.918228,-27.783327,-31.0128,-32.705498,-32.09648,-37.35735,-42.95092,-34.938663,-38.31764,-44.775143,-40.275784,-41.080074,-40.595203,-44.58835,-46.212254,-47.253433,-48.409557,-47.90528,-48.676697,-50.708294,-50.991547,-54.741142,-54.394325,-54.096638,-53.63871,-53.516808,-53.040558,-53.797768,-51.63818,-53.21296,-52.949215
3264,True,-22.290361,-26.772404,-26.660616,-28.230055,-34.931896,-33.171345,-39.55094,-36.972996,-35.05036,-43.10869,-43.380127,-42.263264,-44.43782,-41.50993,-43.273815,-43.928482,-47.13568,-50.172844,-49.269226,-50.890064,-50.148476,-50.60824,-54.381233,-55.55239,-55.62069,-57.524704,-58.966324,-60.200546,-62.173462,-63.108116,-66.146996,-67.62321
3296,True,-26.874317,-28.693481,-28.028032,-31.372107,-33.330856,-34.278564,-39.001682,-35.586327,-38.733173,-42.178837,-41.199448,-40.33903,-39.6081,-44.370605,-40.036552,-43.199318,-47.555458,-48.23824,-46.093407,-48.004906,-50.507355,-52.048904,-51.368145,-55.564274,-55.106853,-57.98655,-58.715164,-61.635517,-62.69361,-65.10607,-67.95961,-69.274994
3328,True,-23.567106,-31.76876,-29.621342,-31.190655,-30.644361,-28.507198,-39.27042,-40.006996,-37.151073,-39.51219,-41.453636,-38.842922,-42.324005,-44.49888,-44.201046,-43.4888,-45.31073,-46.10137,-47.66002,-50.69474,-50.942787,-51.726692,-53.423454,-55.537857,-54.72882,-56.58249,-56.95047,-59.871216,-63.00842,-65.445335,-68.56151,-69.976006
3360,True,-21.393036,-31.302126,-29.970264,-30.45336,-32.145996,-33.341908,-35.08699,-37.20055,-35.04515,-40.16326,-41.157722,-41.159092,-44.210335,-44.59303,-45.169315,-45.662476,-45.6784,-46.421494,-49.869446,-49.23542,-50.30488,-51.56289,-54.849945,-56.480106,-56.42163,-56.41185,-58.248993,-60.20308,-62.340187,-65.89807,-68.76524,-70.12324
3392,True,-24.066706,-29.249174,-34.461212,-30.574083,-32.705395,-34.710934,-40.404823,-39.773075,-38.831245,-41.881004,-40.979076,-37.833668,-38.549084,-43.606953,-44.632507,-42.76606,-45.82036,-49.571815,-48.886955,-49.617126,-49.141647,-52.295845,-53.963593,-54.62,-55.76183,-57.228737,-58.49623,-61.109356,-64.67575,-66.676285,-67.28215,-71.21088
3424,True,-28.16619,-29.165428,-30.668633,-32.269188,-32.180347,-29.922646,-36.417767,-35.51196,-37.535053,-38.983948,-43.72057,-42.978992,-39.97581,-39.891975,-42.255405,-45.968433,-46.153046,-47.188774,-50.072727,-50.80009,-49.762768,-49.32125,-53.980072,-54.076714,-55.19596,-58.348156,-57.930756,-59.753296,-63.40323,-65.25573,-68.20948,-69.15118
3456,True,-24.10921,-28.384575,-23.801926,-26.215937,-31.780476,-30.643112,-35.03545,-37.747963,-39.825195,-40.49515,-43.128693,-41.310886,-41.90995,-41.885525,-41.432423,-42.79951,-47.044224,-46.882698,-47.45137,-48.59362,-48.316154,-49.93774,-53.823174,-56.060276,-58.040844,-58.22567,-60.48965,-60.07133,-63.334213,-65.23254,-67.386505,-68.116
3488,True,-23.710863,-28.754269,-28.217518,-31.921091,-36.832268,-30.276974,-37.883392,-36.694656,-38.43869,-42.03703,-36.976074,-38.057724,-41.454445,-40.97222,-45.574287,-40.78129,-43.3465,-47.980877,-48.375618,-49.07203,-51.60454,-50.63594,-52.12063,-54.09677,-55.257805,-56.93251,-59.265694,-60.657806,-64.30691,-65.98942,-68.80708,-71.36628
3520,True,-21.370853,-27.102432,-30.81423,-33.12227,-32.67073,-30.839472,-37.122948,-37.078537,-37.58065,-40.30033,-40.179234,-38.02006,-41.11729,-44.612442,-40.52052,-44.757217,-48.465515,-47.44322,-47.59882,-50.201042,-50.49613,-50.9571,-53.64409,-54.305878,-55.076977,-57.172283,-57.2834,-60.187794,-62.97655,-64.68225,-69.104195,-70.95374
3552,True,-22.938278,-27.365084,-28.980488,-29.849743,-31.476679,-35.20376,-42.062607,-42.485813,-39.954323,-44.326706,-39.79238,-39.231453,-40.667595,-41.833275,-46.24176,-44.60438,-45.78784,-49.144188,-49.65687,-49.734024,-50.375477,-51.653793,-52.397377,-54.808823,-56.470703,-56.547554,-58.446445,-59.74537,-64.213524,-65.11799,-67.78226,-70.0719
3584,True,-21.084864,-28.284958,-31.42729,-30.587318,-30.694515,-31.61517,-36.28457,-37.5922,-37.71245,-40.05613,-38.412434,-40.035038,-41.752186,-41.26201,-42.56838,-45.138973,-45.909836,-46.527233,-48.354416,-52.49306,-53.829002,-52.452297,-53.61038,-57.115173,-56.91188,-57.190636,-59.01927,-59.131165,-64.61778,-67.07645,-68.42619,-70.06917
3616,True,-22.367653,-30.569963,-28.033737,-30.358456,-33.608086,-33.3397,-37.94122,-41.792854,-41.073475,-40.646164,-41.901657,-41.23787,-41.38127,-41.420288,-42.17179,-44.82597,-45.395027,-46.799244,-48.007545,-48.404217,-50.624165,-51.946625,-54.517204,-55.66279,-57.572666,-58.0597,-61.701508,-60.07528,-64.13465,-65.27294,-67.90296,-70.21182
3648,True,-21.626348,-30.616196,-30.015675,-31.301834,-35.672485,-30.121775,-36.403614,-35.313187,-35.591442,-37.482952,-38.888256,-39.13376,-42.007782,-43.551605,-44.105106,-45.90152,-47.322853,-49.67684,-49.844048,-50.275116,-51.779743,-51.534637,-53.261597,-54.492893,-54.956623,-57.703537,-60.827934,-60.907383,-64.366356,-66.04466,-67.97522,-70.407295
3680,True,-25.482811,-25.554916,-26.314495,-27.637032,-32.90209,-33.023388,-38.28179,-41.048126,-37.023277,-40.405907,-42.31256,-43.887325,-42.153625,-42.388912,-43.162994,-43.247334,-44.867588,-45.39705,-47.824394,-48.287025,-49.605408,-51.41388,-54.716087,-53.88767,-54.555912,-56.525566,-58.29885,-59.589073,-62.992207,-64.656425,-68.32968,-70.414406
3712,True,-25.02824,-32.563015,-25.273397,-29.708117,-33.690132,-33.46418,-38.542095,-36.995937,-37.136055,-40.330368,-38.045467,-38.123337,-45.188416,-45.156525,-43.267197,-41.812332,-45.474503,-46.42634,-48.70163,-50.64104,-48.126785,-50.011333,-54.771534,-54.91104,-55.69799,-57.75368,-57.901543,-61.8095,-63.289017,-64.86102,-67.0998,-71.01707
3744,True,-24.809046,-28.170519,-29.44003,-32.341995,-32.819485,-30.898315,-36.07103,-35.712,-36.38222,-39.680943,-43.961197,-43.97484,-44.222046,-41.799465,-41.775925,-44.01247,-45.313984,-46.24142,-49.008255,-50.27492,-52.586346,-50.862656,-53.13443,-54.876743,-54.721127,-55.26771,-58.511307,-59.028633,-61.966972,-62.224823,-65.38402,-65.39779
3776,True,-20.067137,-28.364746,-28.178442,-29.500126,-28.805538,-29.39594,-34.352222,-28.598007,-31.976135,-37.685062,-36.900455,-35.085224,-39.10854,-37.963493,-33.665966,-32.46761,-28.25373,-31.934328,-40.977562,-41.99549,-43.575634,-42.661766,-42.825157,-47.959522,-43.27072,-39.781857,-36.472614,-34.836624,-29.000586,-32.08117,-34.845726,-34.32292
3808,True,-25.462301,-28.405365,-31.09478,-34.691814,-33.983845,-31.802292,-33.852444,-30.846865,-33.466236,-40.561558,-42.116936,-40.40728,-39.995796,-41.342712,-41.657047,-42.393494,-41.956276,-43.322926,-45.520546,-50.260483,-48.12658,-48.015022,-51.208824,-51.507725,-52.71256,-52.67524,-49.870586,-48.845192,-43.067657,-45.734135,-47.06919,-47.033188
3840,True,-23.367817,-26.053354,-27.501888,-32.38339,-32.175106,-33.147797,-43.6887,-42.221703,-38.27662,-41.39579,-42.67768,-41.58721,-41.49465,-40.908554,-43.841167,-44.496784,-46.9028,-46.729965,-49.25342,-50.294647,-49.73988,-48.976707,-53.71533,-55.327816,-53.65911,-54.868855,-55.613297,-56.08908,-50.220352,-51.13491,-53.623833,-53.95641
3872,True,-21.827557,-29.307325,-32.70844,-32.286957,-35.286552,-32.306274,-37.76364,-37.100708,-37.855053,-41.47877,-41.073784,-41.45646,-40.971355,-40.87113,-39.825867,-43.373318,-48.65544,-49.973907,-46.662567,-50.015583,-50.62034,-50.389465,-52.772377,-53.154198,-55.451412,-56.62033,-57.216755,-55.519356,-54.45972,-54.906384,-57.672504,-59.533077
3904,True,-21.998833,-24.240238,-27.807447,-31.435848,-30.693663,-33.574528,-36.433872,-36.068573,-38.44974,-41.719826,-41.67839,-42.51038,-40.84809,-42.19128,-43.140064,-43.8578,-46.86916,-46.809177,-46.104584,-49.290527,-50.633793,-50.43993,-52.83939,-55.555557,-56.547813,-56.285217,-56.603157,-58.08212,-58.374527,-59.967117,-63.511673,-63.34665
3936,True,-20.651054,-29.554977,-28.737963,-31.727896,-36.603493,-35.862366,-38.919926,-34.661148,-35.83966,-41.296326,-40.413666,-38.220425,-39.652225,-47.825428,-43.219902,-43.53252,-44.45561,-47.78677,-48.57621,-47.673454,-50.21914,-50.396465,-52.87266,-54.949394,-55.089397,-57.30869,-58.820198,-59.040466,-60.286064,-61.51417,-66.10514,-67.04878
3968,True,-24.351452,-31.21545,-27.109165,-32.02433,-33.595997,-33.123238,-39.800346,-36.728203,-36.194798,-43.97289,-43.290638,-40.670513,-42.844276,-44.009605,-42.74115,-45.953068,-45.625034,-47.298088,-49.876167,-49.87501,-51.801704,-55.309387,-53.67317,-55.3711,-56.459244,-56.595787,-58.598747,-61.42847,-62.925182,-64.00427,-66.89937,-68.86751
4000,True,-23.821661,-27.608059,-29.163485,-29.643307,-32.77456,-34.51901,-42.681953,-39.012955,-35.155827,-40.872078,-39.57789,-39.145077,-40.438545,-43.763542,-42.40551,-43.01333,-45.03524,-46.809998,-49.65176,-51.52217,-52.184467,-51.235786,-55.341736,-55.17758,-56.31428,-56.80183,-59.23957,-61.329746,-63.09578,-64.717636,-67.13415,-67.66956
4032,True,-23.63684,-29.818392,-25.936169,-27.204828,-33.87089,-34.722275,-38.080936,-37.0825,-38.630604,-39.31003,-41.11712,-42.868195,-43.187542,-46.05564,-48.610935,-43.972214,-46.398056,-46.366028,-47.318848,-51.95341,-51.465572,-52.565628,-52.871265,-54.52019,-57.971615,-57.983852,-57.77211,-60.636627,-63.78009,-65.849976,-67.76508,-69.16085
4064,True,-26.377922,-27.726545,-28.760378,-29.98566,-35.098373,-33.47039,-35.49654,-37.568317,-37.622723,-40.236282,-42.595516,-43.42548,-40.906853,-41.823116,-45.622562,-46.975437,-47.962936,-49.09443,-47.8628,-50.00597,-50.65857,-49.764957,-52.40009,-53.487885,-55.01444,-56.7947,-58.073364,-61.519897,-63.655376,-66.42726,-69.80505,-70.54872
4096,True,-27.109678,-28.787382,-27.542562,-32.887157,-34.967255,-31.317516,-39.08042,-40.52845,-39.604324,-40.02057,-40.834496,-39.195908,-39.50206,-41.216045,-44.828323,-43.972336,-46.191635,-46.83355,-47.432938,-48.292538,-51.25094,-50.678802,-53.607338,-55.96336,-55.695465,-56.49216,-59.623276,-62.641827,-64.13866,-66.82775,-67.51978,-69.57193
4128,True,-26.653728,-27.984373,-29.02623,-28.927881,-30.630215,-32.406292,-41.10076,-38.92871,-33.843422,-37.33992,-40.829983,-43.88634,-43.907127,-41.448692,-43.873592,-45.564285,-50.164948,-48.438854,-52.403126,-51.063442,-50.296288,-49.47091,-52.840504,-54.926525,-55.320705,-56.190304,-58.134083,-60.192665,-62.65145,-65.31671,-68.726105,-70.13224
4160,True,-25.404808,-31.066383,-32.12878,-33.243618,-32.855522,-33.904232,-41.332916,-39.433823,-37.517265,-38.732685,-42.466145,-42.953224,-40.64959,-41.743412,-44.781395,-47.299515,-47.119324,-48.213753,-49.918617,-51.148476,-52.700394,-52.361874,-51.912876,-53.753716,-55.337845,-57.848152,-58.508034,-61.98163,-62.031677,-65.90823,-68.74925,-70.79367
4192,True,-24.708858,-30.070124,-31.245201,-30.99431,-31.024954,-31.463837,-38.410862,-38.066006,-41.735023,-42.904697,-43.013348,-41.711956,-40.995426,-42.201923,-42.62687,-45.434296,-45.99188,-44.182335,-48.49637,-48.655987,-50.07495,-50.331783,-52.912556,-55.158558,-56.07897,-57.74946,-59.381012,-62.089424,-64.27131,-66.788925,-68.43481,-70.72943
4224,True,-26.751387,-26.26502,-26.777859,-29.03247,-29.560137,-31.803272,-41.126877,-38.698936,-37.10778,-38.950886,-42.452602,-40.46652,-43.511833,-42.53588,-42.01729,-43.618477,-48.01748,-47.273643,-48.034977,-47.493385,-49.82769,-51.336494,-54.786488,-56.72471,-55.18994,-58.27645,-59.163357,-59.869446,-62.80558,-64.967224,-68.923454,-69.64076
4256,True,-22.931433,-30.543795,-27.671326,-33.975784,-34.827065,-35.828224,-40.687576,-36.801495,-37.767555,-40.57216,-41.3731,-42.519093,-40.448166,-42.620472,-44.134212,-46.224106,-46.77656,-47.735214,-48.436012,-51.069748,-51.65442,-51.94097,-54.39243,-54.163734,-54.334827,-54.96496,-58.507725,-61.70739,-65.52482,-67.15283,-67.92012,-70.45094
4288,True,-23.393284,-25.94394,-28.867313,-31.269438,-33.533966,-34.352234,-37.915005,-37.640854,-40.513885,-42.027367,-38.1044,-41.601173,-41.78335,-42.372345,-45.209602,-46.496407,-45.21762,-48.647022,-48.879562,-50.047173,-49.0235,-49.84554,-51.941338,-55.860207,-55.650085,-56.64192,-57.22521,-61.01801,-64.79436,-66.64336,-68.08759,-69.0752
4320,True,-25.716751,-28.793575,-28.12212,-32.751675,-35.04399,-32.535423,-37.710663,-37.160847,-37.234966,-43.932808,-38.269928,-40.336784,-41.38601,-41.62157,-39.650345,-42.30111,-45.43593,-48.68881,-48.23903,-51.18118,-51.7912,-51.975933,-53.712578,-53.69758,-56.10517,-57.58719,-55.47913,-51.90593,-52.733124,-50.9466,-51.68827,-56.78016
4352,True,-20.942791,-24.80382,-24.25034,-31.463099,-32.497486,-31.721478,-35.439247,-37.61984,-37.39342,-39.401604,-43.368935,-43.5315,-41.160275,-41.194912,-41.488575,-42.883583,-43.724094,-43.691727,-49.7895,-50.229702,-49.77203,-49.51152,-50.90836,-54.082718,-55.056095,-59.289124,-58.456608,-59.516098,-62.44926,-61.920948,-62.80242,-66.581345
4384,True,-24.256893,-28.984022,-28.823555,-32.492268,-33.58171,-31.62519,-36.27113,-40.57724,-40.79827,-44.56431,-39.118095,-38.349594,-40.824455,-43.690758,-41.952538,-44.66587,-44.615482,-46.89026,-47.745052,-49.713264,-50.13767,-49.276535,-52.349472,-55.288425,-55.25611,-56.44926,-58.035236,-58.428535,-62.118034,-64.81208,-65.46256,-69.02761
4416,True,-23.574293,-27.043617,-22.314636,-27.37537,-33.553596,-32.194057,-39.739517,-39.64535,-39.273735,-39.030434,-38.04238,-43.87314,-41.987324,-43.793106,-39.96625,-42.58184,-47.71054,-46.04258,-48.37212,-52.03987,-49.585922,-51.322464,-53.04344,-55.930042,-55.846336,-56.796066,-57.922913,-61.51738,-63.595284,-64.9548,-67.969025,-69.78262
4448,True,-22.837751,-29.405651,-31.25,-32.778408,-33.650555,-31.788994,-37.307934,-38.571754,-38.23528,-43.193966,-44.633556,-39.362675,-39.786972,-44.32581,-45.88784,-44.416954,-45.43196,-48.982048,-49.231876,-49.324074,-50.9813,-51.121002,-54.98014,-55.208492,-55.28512,-56.316307,-58.263725,-60.340878,-63.180817,-64.96509,-67.73497,-68.6629
4480,True,-22.274809,-27.984781,-29.227827,-29.153404,-30.15152,-30.486937,-34.30356,-36.294907,-35.886654,-39.491753,-41.074543,-41.224907,-44.519875,-43.508064,-42.59442,-44.42166,-44.648033,-49.272465,-47.568756,-49.778107,-48.512917,-50.864418,-56.743702,-57.09768,-55.62278,-59.215897,-58.564945,-60.379898,-64.417816,-66.08641,-69.34636,-70.78796
4512,True,-26.674084,-28.032787,-30.899508,-31.085373,-38.91867,-35.818325,-38.23427,-36.110664,-37.415443,-38.52469,-42.821766,-39.51572,-41.142597,-41.009575,-44.387764,-45.82315,-45.783012,-47.58641,-50.274376,-49.472713,-48.774986,-50.816895,-55.01801,-55.199028,-55.219494,-57.337337,-59.620903,-61.226074,-63.926426,-65.6211,-67.42209,-70.63748
4544,True,-25.929409,-24.074863,-28.362946,-30.04113,-33.957108,-36.36548,-39.43752,-39.145386,-38.57754,-39.481228,-41.630005,-38.86515,-42.6325,-43.738857,-42.676807,-44.488483,-45.793377,-47.44869,-48.554996,-52.47547,-52.94277,-51.29601,-52.597473,-57.11893,-55.62535,-57.83194,-58.998085,-60.187347,-62.039066,-65.39854,-67.31948,-68.94551
4576,True,-22.315237,-23.441792,-30.268135,-32.225464,-31.000027,-30.23762,-37.00547,-41.800842,-39.74359,-40.48657,-43.193012,-42.263485,-40.897827,-42.2872,-42.90071,-43.96269,-45.009155,-47.007095,-49.20566,-51.722637,-50.6778,-50.19234,-51.966217,-54.283886,-54.86532,-57.429195,-57.854996,-62.26342,-63.487648,-64.35253,-67.659195,-69.86987
4608,True,-25.316732,-27.015347,-26.644081,-32.43859,-32.411972,-32.650173,-36.220737,-38.728477,-42.866913,-45.49196,-42.126656,-39.680973,-42.585884,-44.456123,-44.113194,-45.735355,-45.47428,-45.722908,-47.826878,-50.997166,-51.17537,-49.969307,-51.99007,-54.231678,-54.806664,-55.826897,-58.789444,-62.293915,-63.979027,-65.595276,-67.738174,-70.87794
4640,True,-27.808683,-31.056442,-29.153389,-30.448975,-29.533283,-32.135128,-37.18946,-37.497997,-38.71613,-39.7006,-39.117527,-35.860527,-39.139668,-38.810154,-44.44815,-45.298485,-46.02245,-47.106686,-48.672714,-51.64699,-51.133957,-49.614426,-51.76902,-54.218258,-54.575104,-56.145836,-59.493645,-60.112137,-62.85904,-64.88616,-67.687965,-71.00831
4672,True,-24.613409,-25.52767,-26.518724,-30.812027,-31.180805,-31.328804,-39.075752,-38.65525,-36.789127,-38.831806,-38.76361,-40.35396,-40.908463,-40.809483,-42.2298,-45.34471,-46.770943,-47.282204,-46.041393,-50.677116,-51.30909,-50.53297,-54.061695,-54.609497,-52.501526,-57.852577,-58.456627,-60.56204,-62.830986,-65.32228,-66.9851,-70.02612
4704,True,-26.055449,-26.858301,-27.508432,-35.67036,-35.451374,-30.761003,-36.52021,-35.022385,-36.578213,-39.56183,-37.566074,-39.56408,-43.0854,-42.76888,-42.988472,-45.232727,-43.786892,-47.0214,-49.85392,-49.94931,-50.87309,-50.74264,-52.44954,-53.767807,-56.851784,-57.60956,-57.979435,-60.06092,-63.255047,-66.45627,-67.61034,-68.30575
4736,True,-24.767738,-30.94509,-26.476944,-28.72182,-32.322353,-32.53956,-38.977524,-37.462154,-37.87277,-41.105095,-39.782585,-39.524883,-38.75093,-42.63875,-44.81629,-47.660336,-46.20662,-48.934753,-48.25806,-51.19122,-50.383755,-51.20289,-51.418266,-54.934868,-55.832104,-56.56532,-58.080677,-61.52046,-63.149776,-65.32424,-68.04864,-68.191444
4768,True,-21.67598,-25.640968,-29.742157,-32.50508,-34.07618,-33.677986,-34.936775,-36.525986,-37.780655,-42.316036,-40.29497,-38.79338,-42.57318,-39.87445,-44.873524,-44.62451,-44.63971,-46.799347,-49.27258,-49.10021,-52.567345,-51.615833,-52.063416,-53.796616,-55.885143,-57.475285,-58.868443,-61.117188,-63.717518,-66.71008,-68.27239,-68.74849
4800,True,-23.060627,-27.233177,-29.303093,-35.65168,-35.56337,-34.113686,-36.670425,-35.94559,-36.13888,-40.20028,-39.58923,-40.34586,-40.075592,-42.92872,-47.466087,-46.800117,-48.170544,-47.500023,-50.56704,-51.077732,-51.875175,-50.84217,-53.225437,-55.133537,-56.53078,-57.688583,-59.567505,-61.34564,-64.0376,-65.148094,-68.456764,-70.50668
4832,True,-26.242744,-28.130692,-27.759598,-29.8049,-31.154013,-36.804882,-36.63931,-35.807697,-39.65451,-39.43172,-41.15352,-38.197292,-41.339798,-43.74568,-44.412193,-46.596085,-47.747597,-48.564285,-52.27476,-50.775337,-50.07823,-50.716763,-51.83323,-54.63719,-56.33612,-56.92553,-60.064743,-61.45473,-63.740345,-64.84915,-67.584816,-70.54204
4864,True,-29.733446,-29.083994,-31.511696,-30.492403,-30.72378,-33.377872,-36.715897,-36.76517,-36.293407,-37.677406,-36.569534,-42.197224,-43.979866,-42.579185,-44.147717,-44.152103,-44.54597,-45.615128,-49.180584,-52.97544,-52.18052,-51.628838,-56.164593,-55.401276,-54.35122,-55.225975,-59.71312,-61.292023,-63.154015,-66.29526,-68.05499,-69.27103
4896,True,-26.477459,-27.896515,-29.056164,-29.929407,-32.054436,-33.640884,-39.59577,-39.51545,-37.03284,-42.629364,-38.392437,-42.02322,-39.65806,-41.230846,-43.348602,-43.982983,-46.120686,-47.179737,-47.326385,-49.279522,-49.61444,-52.918247,-53.495087,-54.06715,-56.143166,-60.102615,-61.99514,-60.002865,-61.88374,-65.85303,-67.65967,-69.02409
4928,True,-24.381111,-25.670357,-27.174122,-30.394037,-31.511261,-34.26527,-35.846447,-38.057056,-37.551407,-38.085888,-45.034485,-41.411854,-40.06093,-42.292767,-43.696312,-43.676525,-44.575813,-46.582253,-48.745495,-50.493156,-50.614162,-51.181816,-52.67871,-54.421486,-54.21054,-56.79714,-57.987343,-60.867577,-63.47178,-63.91066,-67.98576,-70.2212
4960,True,-23.277279,-27.467926,-28.091614,-32.372417,-33.503197,-34.37433,-39.40827,-38.968258,-37.6444,-39.089615,-40.471073,-41.854256,-42.948074,-42.955948,-45.55508,-45.619896,-46.51857,-46.176216,-47.64589,-48.280502,-51.21878,-51.447144,-51.651443,-54.200283,-54.958973,-55.979557,-58.258484,-60.0481,-61.83078,-64.49277,-67.94754,-69.35104
4992,True,-25.593102,-27.919676,-28.59602,-31.296757,-37.08105,-31.728802,-40.80967,-39.82445,-36.645542,-41.145687,-43.054543,-38.64321,-38.596172,-40.332047,-41.421394,-42.114174,-45.057083,-46.99368,-48.368767,-51.210228,-50.92815,-51.14708,-53.878155,-54.16412,-58.399895,-58.061028,-56.871895,-61.84607,-64.766075,-64.38736,-67.20811,-70.05393
5024,True,-25.40206,-28.77468,-26.23687,-29.472742,-34.90071,-32.029205,-36.49001,-36.38767,-37.91649,-43.402065,-39.563324,-41.00147,-43.110806,-40.59626,-43.26689,-43.167244,-48.52044,-47.917625,-47.926323,-48.921856,-51.649834,-51.032482,-51.876408,-54.19153,-57.10878,-59.99834,-60.556374,-61.96846,-64.6026,-64.87026,-67.64704,-69.51403
5056,True,-22.321941,-28.016851,-28.641054,-30.123447,-30.46853,-34.828346,-37.292408,-35.10435,-38.586014,-42.220745,-41.86136,-43.187073,-41.63225,-41.36017,-42.646465,-43.540123,-46.425213,-47.71994,-50.477585,-49.04406,-50.169773,-48.5883,-53.551327,-56.001564,-55.006756,-57.412827,-59.75817,-62.0316,-64.40087,-66.72098,-68.049706,-70.212906
5088,True,-25.94593,-28.246862,-29.717567,-31.37926,-31.487438,-35.27772,-37.317593,-37.821396,-33.7915,-40.491997,-39.601196,-42.586395,-43.09237,-43.461803,-40.582092,-41.570976,-45.54724,-46.016983,-50.13386,-51.952953,-51.044266,-49.07742,-50.7285,-54.13132,-56.30135,-55.319786,-57.39862,-59.883213,-62.875145,-67.92397,-68.24284,-70.6909
5120,True,-24.66566,-27.033579,-29.159306,-31.073895,-33.548985,-33.53792,-38.367313,-37.477486,-35.844654,-38.344845,-40.12379,-40.351105,-42.898693,-42.3703,-46.298847,-47.94743,-45.506092,-47.797867,-50.004463,-51.722298,-51.130505,-50.852623,-52.2689,-55.57394,-56.11432,-56.190758,-58.995415,-62.400986,-64.44077,-65.36239,-69.35963,-69.92907
5152,True,-21.751904,-28.618546,-31.27567,-29.565506,-29.557129,-30.42013,-37.76365,-40.14995,-39.141594,-40.53544,-40.35593,-39.336197,-40.23928,-39.838886,-42.355698,-44.541817,-43.797806,-47.262886,-50.716457,-50.47907,-51.152092,-51.876873,-53.60266,-56.0631,-55.385666,-56.234898,-58.448967,-62.6273,-65.58805,-66.18297,-68.7634,-69.73389
5184,True,-21.36662,-23.350395,-28.62579,-30.356773,-33.09353,-33.41103,-37.69777,-38.211304,-37.29869,-38.42121,-41.70874,-42.473267,-43.345795,-43.72658,-42.426384,-45.73881,-48.084923,-48.60476,-48.727448,-49.776115,-50.694927,-50.735096,-53.166473,-54.118618,-56.172073,-57.898975,-58.85827,-60.854687,-62.533913,-65.83014,-69.4616,-69.17253
5216,True,-21.468742,-24.270794,-26.746176,-31.987848,-31.887472,-31.499178,-42.714993,-38.43833,-36.566643,-40.776115,-39.234856,-38.641617,-42.458996,-45.318905,-45.130356,-45.756897,-46.657757,-47.447777,-48.012917,-48.54229,-49.894974,-50.45078,-52.032066,-55.186546,-56.027622,-57.600597,-57.34044,-61.14193,-64.08467,-66.24495,-67.63782,-68.8437
5248,True,-22.665922,-23.058168,-25.494423,-33.54395,-34.186302,-31.970818,-38.717113,-36.669205,-35.96961,-40.54628,-40.427864,-35.59061,-42.257484,-45.818512,-42.396908,-43.09023,-46.085846,-49.43375,-47.58867,-50.172546,-49.375114,-50.68228,-53.396873,-55.547234,-54.775623,-57.401485,-58.111004,-61.458504,-63.086544,-66.32814,-69.56115,-68.67339
5280,True,-23.848625,-24.957336,-25.921976,-31.245327,-37.751015,-33.502964,-36.812366,-36.4551,-35.77083,-40.51437,-42.549633,-39.755497,-43.223236,-44.06266,-42.122234,-43.38512,-46.600845,-48.289703,-47.760727,-48.482597,-50.0455,-50.579018,-53.11875,-54.875153,-56.075954,-56.853798,-59.238815,-61.65363,-63.36962,-65.26622,-69.10033,-69.649895
5312,True,-24.520317,-27.985151,-24.79449,-30.685638,-31.53724,-33.824574,-37.028534,-40.87332,-38.91812,-40.7399,-42.067787,-39.83407,-42.096756,-43.907738,-41.16931,-42.185265,-45.228714,-45.959763,-47.90896,-48.368813,-52.554493,-52.916714,-52.388386,-54.6662,-55.727077,-57.763462,-58.993626,-61.406273,-63.684307,-65.11938,-68.79915,-70.5674
5344,True,-25.381744,-29.083393,-28.01693,-33.363556,-32.33193,-33.408615,-37.72489,-38.69102,-36.437416,-41.47444,-38.861095,-42.468777,-41.871227,-42.49601,-43.441505,-43.29949,-44.181156,-47.480835,-48.148476,-48.546043,-50.61894,-49.55971,-51.19169,-54.868065,-56.502136,-59.145546,-60.072464,-60.183887,-62.231617,-66.37189,-67.67828,-69.65456
5376,True,-24.938438,-29.946806,-26.46716,-28.67318,-28.654026,-33.858044,-38.70383,-40.569233,-39.310787,-38.11359,-43.37835,-39.883427,-40.907845,-41.643505,-43.65323,-44.790924,-46.777706,-47.299774,-47.46479,-51.292023,-50.253376,-50.931057,-52.128822,-55.074173,-55.95166,-58.309177,-59.62613,-61.39601,-63.94188,-66.240074,-68.27588,-68.04641
5408,True,-21.783285,-28.747833,-26.803751,-28.553635,-30.143366,-30.461945,-36.77181,-37.010147,-36.94011,-42.839706,-41.420208,-40.966892,-40.08637,-42.185425,-45.021416,-44.68367,-45.34481,-48.306404,-50.20217,-50.320515,-51.033257,-50.139946,-50.7478,-54.619465,-55.979687,-56.826553,-58.5159,-59.39022,-62.41871,-65.25746,-68.72755,-69.6064
5440,True,-23.245651,-24.00648,-26.144955,-30.471779,-32.444473,-32.99749,-42.00322,-39.460938,-40.677227,-43.940186,-43.469105,-42.825092,-43.378876,-41.62258,-43.10611,-46.728065,-44.655533,-46.28087,-48.165813,-47.991287,-48.900585,-50.02907,-52.44982,-54.972977,-57.238953,-58.78723,-58.98065,-61.279484,-63.57692,-64.8604,-67.824394,-70.533775
5472,True,-23.770336,-27.057697,-31.256609,-29.012575,-29.634335,-35.272213,-39.37507,-40.69572,-39.17725,-38.656963,-47.27491,-40.213593,-41.635757,-41.705368,-47.18213,-47.526306,-43.770733,-45.604202,-46.43057,-52.03305,-49.559956,-50.03401,-53.315224,-55.86908,-57.94178,-57.8355,-59.001957,-60.604843,-63.998817,-65.005104,-67.6031,-69.29852
5504,True,-23.429512,-26.66485,-24.870863,-28.960735,-33.361443,-34.660423,-40.260235,-42.785603,-37.341316,-39.776314,-37.325012,-36.57768,-40.930717,-43.877224,-46.67705,-48.23038,-47.707985,-47.284454,-48.105698,-50.331505,-51.887608,-51.907906,-52.675632,-54.820877,-54.636932,-56.111835,-57.143616,-59.89611,-62.595478,-65.8645,-68.09066,-69.486145
5536,True,-25.19624,-29.75939,-24.183367,-25.433065,-32.26758,-32.719845,-36.5146,-38.521416,-35.62065,-37.561214,-39.72847,-38.90512,-40.073452,-40.217064,-43.477753,-44.09998,-46.542324,-48.49585,-50.45189,-48.96089,-49.313183,-52.107166,-52.72032,-54.94871,-54.67701,-57.99653,-58.449707,-59.775257,-63.43841,-66.314384,-67.6568,-69.26196
5568,True,-21.383541,-26.318218,-25.70713,-28.092037,-34.117462,-32.52045,-33.730732,-37.38201,-37.978825,-39.76028,-37.934315,-38.107105,-41.481953,-40.050583,-42.351913,-41.0904,-44.25655,-47.478752,-47.857674,-50.871716,-52.164196,-51.362366,-52.885647,-54.929127,-55.52986,-59.35836,-60.20273,-61.873436,-65.30808,-66.18506,-68.37554,-68.454056
5600,True,-22.690273,-26.169346,-29.003304,-29.255144,-31.650208,-31.083353,-36.4925,-36.21852,-38.661102,-44.258938,-41.473347,-43.1739,-43.232788,-39.937332,-44.78641,-43.60323,-44.73311,-48.469234,-50.585648,-52.33883,-48.135986,-49.1821,-51.31386,-54.455086,-58.52639,-59.186546,-59.558147,-61.59256,-65.05818,-66.6952,-68.260864,-70.41791
5632,True,-23.43821,-27.79275,-24.527546,-26.88435,-32.595142,-31.80151,-36.077763,-34.562916,-36.98395,-40.96939,-40.55279,-37.30057,-41.214127,-41.414093,-42.133087,-42.87197,-47.750664,-47.376396,-47.65224,-49.2548,-51.79837,-50.84375,-53.723675,-55.58098,-54.249897,-56.00097,-59.637917,-60.921715,-64.37311,-66.29306,-68.940575,-70.09545
5664,True,-24.95613,-27.692804,-26.307262,-27.535543,-33.911064,-34.862675,-36.795204,-39.589897,-40.55427,-38.22103,-39.536133,-43.8881,-39.391876,-39.855698,-44.708042,-47.470177,-47.267834,-48.088844,-47.903625,-48.910225,-51.71221,-50.8815,-53.562035,-55.611782,-53.438324,-55.76085,-58.886917,-61.557243,-63.467644,-65.8014,-67.262314,-68.4303
5696,True,-23.692472,-29.04129,-30.113764,-31.129204,-30.891638,-33.053032,-37.054527,-38.34886,-33.518784,-40.781364,-43.386574,-44.610218,-41.754948,-40.193905,-41.84832,-45.024773,-46.69892,-46.926476,-45.583534,-49.931328,-52.355675,-52.221954,-51.834373,-53.359215,-54.38444,-57.21733,-58.214718,-59.950798,-62.289776,-64.17863,-67.21696,-69.8532
5728,True,-22.276857,-26.158096,-28.193428,-28.834732,-31.861649,-33.678867,-38.282703,-44.961098,-37.688602,-40.674404,-39.909023,-41.149925,-41.59742,-40.534306,-40.471264,-41.72495,-45.38982,-47.66088,-45.718353,-47.98708,-47.74364,-51.455193,-51.298542,-53.55488,-56.027023,-58.979992,-58.895683,-58.88385,-61.852272,-65.120155,-68.63532,-68.78129
5760,True,-22.389153,-27.616058,-33.460724,-32.638237,-32.38777,-32.98265,-42.134605,-41.455692,-34.58874,-38.948685,-45.153664,-44.71965,-43.141174,-42.203262,-40.33901,-45.02953,-45.767868,-45.583607,-47.565838,-48.94434,-51.273247,-48.688236,-53.281143,-54.780598,-53.84508,-57.789936,-58.27156,-59.89145,-62.75788,-65.59803,-68.387344,-69.07529
5792,True,-27.311956,-26.01035,-28.096294,-33.764854,-35.66127,-34.086014,-40.133778,-38.35565,-33.22107,-39.834843,-40.525795,-39.797253,-40.296455,-39.525276,-44.901775,-44.595036,-44.87515,-44.98571,-47.662964,-48.640236,-48.613426,-51.81025,-53.866787,-56.34623,-55.56561,-56.621506,-58.967995,-60.376717,-64.95335,-65.348434,-68.94181,-70.4506
5824,True,-28.802547,-27.024708,-31.76594,-29.953287,-32.04482,-34.269238,-38.990818,-37.88162,-36.588707,-40.984512,-40.1338,-40.69314,-40.439144,-39.62095,-44.24331,-47.388973,-43.968575,-44.564167,-46.504116,-49.70424,-50.08041,-49.947742,-52.27916,-54.08631,-54.3116,-56.064117,-58.280205,-60.344498,-63.73916,-64.8684,-69.365265,-67.908966
5856,True,-27.895166,-26.034058,-25.615707,-28.934986,-33.541183,-33.799168,-40.92164,-35.97865,-39.44068,-39.268852,-39.619526,-41.114307,-41.545086,-44.50605,-48.7499,-46.258053,-46.538086,-48.425632,-46.364727,-49.48577,-51.15021,-51.607624,-52.0403,-53.745174,-55.324688,-57.51921,-57.922245,-59.62131,-64.40045,-65.58252,-69.05992,-69.86746
5888,True,-21.34325,-24.369135,-27.854555,-32.04825,-33.463203,-36.331116,-41.1663,-40.65327,-40.66262,-42.945854,-44.222275,-41.5049,-40.028645,-39.869232,-46.63322,-43.800545,-43.108803,-48.46945,-49.448883,-51.14547,-50.959076,-50.882805,-52.372726,-52.581715,-53.61729,-57.295094,-58.688545,-60.538258,-64.882904,-66.436516,-68.439026,-69.33263
5920,True,-21.585485,-25.314486,-28.004585,-28.766947,-31.703716,-32.190872,-40.866135,-40.553596,-37.065422,-41.178516,-42.413414,-40.90801,-39.45772,-41.34926,-43.17856,-46.049007,-46.26898,-48.029675,-49.501427,-51.607494,-49.59413,-52.12507,-56.404835,-54.019135,-54.35873,-57.64528,-59.51586,-61.29281,-65.58434,-65.789154,-68.06227,-69.9228
5952,True,-23.710842,-25.355526,-28.489174,-31.774275,-32.77922,-32.227684,-39.03178,-38.88927,-36.56685,-39.031345,-39.66175,-40.75866,-39.903076,-38.234257,-42.902046,-44.626045,-45.2209,-46.449894,-49.452072,-49.630173,-49.50387,-50.90526,-53.448708,-54.39469,-56.874016,-58.969418,-58.6494,-62.536205,-64.09942,-64.26514,-68.7318,-69.07102
5984,True,-28.206978,-27.554928,-29.273746,-28.729687,-33.1722,-32.05623,-38.763847,-36.355667,-35.425053,-39.80111,-44.1501,-41.076363,-40.418022,-43.8713,-43.380093,-46.7605,-46.95117,-50.87201,-49.370934,-50.848194,-49.8476,-51.19749,-53.113754,-54.011017,-57.406883,-58.028008,-57.29111,-60.53283,-63.676285,-66.420074,-68.86713,-70.07077
6016,True,-20.82341,-26.45191,-25.606052,-28.165457,-34.65991,-36.11912,-39.32895,-39.25202,-35.631107,-41.92665,-41.85364,-41.38141,-41.509033,-41.158783,-43.13588,-43.653435,-43.736176,-47.102352,-48.318497,-51.068996,-54.02272,-53.234894,-54.731274,-56.596176,-56.510635,-56.395393,-58.998245,-60.57936,-63.56155,-65.4828,-67.461296,-69.65382
6048,True,-22.621992,-29.433413,-28.184774,-29.157007,-31.277939,-32.74181,-38.34234,-41.11881,-40.48601,-38.950085,-41.522736,-39.011887,-42.910583,-44.349895,-44.220177,-41.86062,-42.71326,-45.524864,-46.52474,-50.572052,-51.00761,-52.361687,-53.2716,-53.33559,-56.54614,-59.737732,-60.09722,-61.412186,-63.816658,-67.82608,-68.50326,-70.699936
6080,True,-27.035582,-26.401657,-26.612007,-27.047052,-31.437756,-36.333866,-38.75284,-35.553894,-38.091267,-40.708557,-38.399853,-41.724377,-44.11886,-43.617798,-41.416893,-42.566063,-43.89868,-47.85812,-48.075172,-48.587585,-49.883873,-52.505413,-52.698395,-53.1247,-54.564457,-56.870773,-59.914513,-62.67618,-63.89504,-66.186516,-67.65935,-69.21871
6112,True,-26.52761,-25.30989,-27.760592,-29.465998,-34.338238,-36.48561,-38.486534,-41.430935,-36.38333,-39.042774,-42.5853,-39.70349,-41.08516,-44.848267,-45.07641,-42.45203,-43.550667,-45.276035,-46.670204,-49.25209,-49.874016,-48.56057,-51.99534,-55.68792,-57.574886,-58.16403,-58.63379,-61.076096,-65.4619,-67.44594,-70.77234,-70.28613
6144,True,-24.72472,-24.85266,-24.807083,-28.077522,-35.11239,-34.913956,-37.739315,-39.23587,-35.371815,-35.5724,-40.15136,-39.385628,-40.56701,-41.591072,-42.74378,-45.202656,-47.364906,-48.646637,-48.364147,-49.999256,-51.59338,-52.24608,-53.42552,-53.81494,-55.174484,-57.15802,-58.624615,-60.168056,-64.44482,-67.12636,-68.81624,-69.7268
6176,True,-25.194496,-29.372301,-27.002266,-30.397757,-33.038006,-31.671726,-38.304764,-40.922493,-39.980568,-41.94171,-42.085022,-38.191936,-38.5288,-40.827477,-42.2134,-45.781063,-45.530544,-46.010735,-47.88971,-51.834846,-53.177753,-50.03621,-52.94569,-58.24331,-55.85917,-56.15944,-57.47043,-61.661457,-64.439224,-66.44977,-70.35519,-71.19695
6208,True,-25.138147,-27.334291,-25.937187,-31.302643,-34.469017,-33.978867,-36.857456,-36.982124,-35.441902,-40.13374,-42.10003,-42.310898,-40.38177,-39.5346,-45.211815,-44.601875,-47.889423,-48.381187,-50.87561,-50.931007,-52.35975,-51.914497,-54.03872,-53.6102,-56.01942,-58.868416,-58.848476,-60.08674,-63.183422,-67.1354,-68.7482,-69.661194
6240,True,-27.20154,-25.987774,-29.972727,-28.880417,-32.683716,-33.57954,-39.168144,-41.28026,-41.702263,-42.551994,-40.871765,-42.187096,-41.81166,-40.91349,-42.084846,-42.43962,-46.0387,-47.13623,-47.435345,-51.08604,-52.28603,-50.34474,-52.62119,-55.09118,-56.137867,-58.385677,-59.084442,-60.999752,-63.58499,-67.68701,-66.54105,-69.42495
6272,True,-23.270426,-27.86644,-33.43816,-31.08145,-32.499496,-30.537045,-38.07255,-38.257294,-40.12064,-39.170002,-42.673603,-40.11719,-43.738274,-42.879543,-42.599987,-42.959213,-42.67942,-46.511036,-48.050922,-52.00424,-50.8953,-50.14545,-53.427692,-54.239124,-56.754852,-58.677666,-59.69479,-61.05103,-65.49286,-66.254776,-66.58114,-69.68669
6304,True,-24.974327,-26.540735,-30.656788,-29.30068,-35.34057,-34.241425,-41.243977,-40.79957,-37.16944,-39.37118,-40.829166,-41.51465,-42.584328,-40.21345,-42.71179,-43.192654,-45.576073,-49.326164,-50.22969,-50.788544,-52.16748,-50.932434,-51.64053,-55.551205,-56.274384,-57.041775,-58.482353,-59.068214,-63.786488,-65.27667,-66.63202,-69.27292
6336,True,-29.39257,-29.066504,-30.016785,-28.69965,-29.333385,-37.996456,-40.310787,-39.45732,-35.346638,-37.557423,-40.41881,-44.684357,-43.893208,-40.021255,-42.627567,-45.073856,-47.018074,-46.182304,-47.62008,-51.782246,-51.60607,-50.862194,-51.767868,-56.515007,-56.06674,-58.02496,-60.311375,-60.020527,-63.621758,-66.72309,-68.147606,-68.5821
6368,True,-27.33664,-30.025179,-25.742725,-30.845787,-35.039265,-39.69788,-36.915054,-34.471817,-36.41246,-40.887432,-44.10018,-41.5744,-38.65294,-40.473335,-43.676067,-44.62365,-43.72025,-47.0022,-48.140373,-51.02245,-50.289837,-52.146763,-53.931297,-55.36959,-55.29781,-56.259953,-58.28783,-59.9692,-63.66522,-65.91124,-68.43597,-70.17108
6400,True,-28.345043,-27.71838,-25.927261,-29.55332,-32.77001,-32.690186,-40.08577,-38.42911,-35.73884,-41.473625,-42.34475,-39.961666,-41.553215,-42.931705,-43.140415,-44.43085,-45.29018,-47.935455,-49.728256,-50.507145,-51.540913,-51.53982,-52.06007,-55.59864,-56.53639,-58.59032,-59.693752,-60.916878,-63.701294,-66.366905,-68.6175,-68.78486
6432,True,-25.249184,-29.479485,-29.031809,-30.225185,-36.338955,-36.949684,-40.364437,-42.048378,-35.815357,-38.963406,-41.83453,-39.15712,-41.784225,-43.30316,-43.03689,-45.68672,-45.609356,-45.95729,-49.881805,-50.807068,-51.45496,-52.412697,-53.64614,-54.4096,-57.076057,-58.375874,-58.695343,-59.70073,-64.12805,-65.287254,-66.59074,-69.703545
6464,True,-24.68332,-27.113266,-24.320248,-25.898401,-32.488853,-29.641197,-37.80472,-40.715454,-38.410275,-40.222378,-38.857758,-41.550823,-40.38824,-40.912975,-42.74546,-44.61944,-44.393257,-48.427444,-47.57242,-50.16945,-50.936684,-49.749573,-54.37738,-55.91165,-54.438023,-56.30719,-58.59291,-58.646244,-64.683426,-68.403076,-69.360535,-71.67401
6496,True,-21.145023,-25.301916,-29.414223,-33.432854,-33.960423,-32.84153,-35.398327,-35.508286,-35.338203,-38.20529,-41.77397,-42.757446,-41.7026,-42.590538,-43.475716,-45.04638,-45.523663,-45.462784,-48.69227,-50.44712,-50.79,-51.066803,-55.112797,-55.817123,-56.02728,-57.66972,-59.10927,-58.462494,-64.489204,-65.240814,-68.294205,-69.52737
6528,True,-23.082792,-24.675,-25.987223,-31.17863,-33.022957,-32.35488,-37.661205,-35.109993,-36.77048,-40.657368,-44.239426,-43.509697,-41.676437,-43.549423,-41.960457,-44.021145,-46.91273,-47.325783,-50.45864,-49.795055,-50.281616,-51.609596,-52.57982,-55.77005,-56.164394,-57.70844,-61.634666,-60.679302,-63.371983,-66.086006,-68.40129,-68.818214
6560,True,-22.825079,-27.476854,-29.557192,-27.903843,-32.817085,-34.184383,-36.995018,-39.339596,-40.12392,-40.484665,-41.305202,-42.041435,-45.128933,-40.744728,-42.6998,-43.046455,-45.070282,-47.616135,-49.002037,-50.288578,-52.239883,-54.260693,-53.0452,-53.403366,-56.25872,-57.7504,-60.85571,-61.187664,-63.60302,-64.86331,-68.270096,-69.52216
6592,True,-23.820837,-23.19598,-28.581085,-29.4599,-32.940327,-31.960491,-35.186596,-36.62427,-32.865955,-36.58329,-42.94033,-45.95977,-45.432735,-42.789352,-42.710976,-43.268402,-46.2119,-48.994083,-50.6082,-52.23049,-50.21154,-52.61437,-54.578724,-57.41211,-56.629356,-57.142963,-58.575012,-59.795273,-63.273247,-66.2225,-68.54179,-69.57199
6624,True,-28.682768,-26.34691,-25.27739,-29.578884,-33.85017,-32.32791,-37.826897,-35.283512,-33.44486,-41.611744,-41.120228,-40.77702,-42.103867,-42.13522,-45.528168,-45.667843,-45.045277,-48.172413,-49.917427,-52.032333,-50.81299,-50.30262,-55.630417,-57.659492,-57.475338,-58.1382,-60.543106,-61.271446,-65.304306,-66.31431,-67.84114,-69.21924
6656,True,-22.995003,-25.664204,-29.039583,-32.178844,-33.934322,-38.453373,-39.7588,-40.57788,-42.392975,-42.632965,-42.42482,-44.906536,-41.299675,-41.995644,-48.377518,-47.50132,-47.776443,-47.06263,-46.433838,-47.816772,-48.824104,-53.532494,-54.649128,-56.98899,-56.91134,-57.625763,-58.67664,-61.09148,-63.261684,-66.76568,-68.63346,-69.20709
6688,True,-25.68052,-27.701246,-26.655304,-29.75692,-33.365704,-32.26005,-38.085083,-35.291252,-36.798904,-41.34152,-41.254974,-41.99993,-42.121273,-41.73515,-45.002037,-45.534214,-46.66756,-49.599174,-48.59189,-51.154133,-52.012543,-52.391872,-54.51526,-55.763466,-56.73635,-57.86843,-59.969578,-60.808952,-64.47028,-66.51642,-67.94809,-69.50228
6720,True,-28.104103,-28.32954,-24.789076,-27.265379,-31.381569,-29.704617,-37.887066,-38.700443,-36.12676,-37.662197,-40.56199,-39.344486,-40.887012,-43.401318,-41.945194,-41.320538,-44.78497,-47.146496,-45.68863,-50.087543,-50.33392,-51.459255,-53.980793,-54.063507,-56.072533,-58.237667,-61.341278,-61.61947,-63.29473,-64.44554,-67.72325,-69.58087
6752,True,-22.80301,-25.380337,-28.733158,-34.48309,-35.80039,-33.654873,-36.520035,-37.727898,-37.17854,-42.476196,-36.204113,-40.41417,-41.656265,-42.21581,-44.80182,-45.583454,-45.514595,-47.581413,-48.58574,-51.101147,-51.62279,-50.40148,-53.68873,-55.136837,-55.40097,-57.5814,-57.833527,-59.99092,-64.22466,-65.36589,-68.095406,-71.034096
6784,True,-21.825169,-27.23632,-24.360533,-26.906595,-34.352306,-35.97295,-36.585766,-38.56295,-35.46099,-40.874275,-44.83114,-40.85521,-40.66694,-38.57642,-42.85837,-43.764793,-46.579826,-48.89872,-49.173016,-51.32261,-49.183365,-51.707664,-54.738663,-55.480164,-56.2398,-56.018806,-58.959114,-62.687107,-64.09417,-67.18058,-68.63382,-69.5766
6816,True,-27.173574,-30.270517,-24.573214,-28.640442,-30.318214,-31.642452,-40.841785,-39.52749,-40.92079,-39.564663,-37.79213,-41.46588,-44.150482,-42.327404,-42.713512,-43.7481,-46.78051,-47.452473,-49.041115,-49.46383,-49.930817,-51.87104,-52.582516,-54.1803,-56.78563,-58.28927,-58.12565,-61.20301,-63.70775,-64.13638,-67.7747,-69.57308
6848,True,-23.993902,-26.777683,-24.306461,-28.339073,-31.822334,-32.438984,-40.1898,-41.4102,-40.39714,-40.559074,-38.94093,-40.08133,-40.94133,-42.085247,-43.59756,-44.66286,-44.987335,-48.584442,-47.17739,-48.821106,-50.692184,-52.529415,-52.18489,-54.514236,-54.19394,-58.762608,-58.497437,-61.9092,-62.786095,-64.18098,-68.21097,-70.02503
6880,True,-24.363586,-28.126478,-26.948015,-30.11211,-29.395636,-31.271732,-38.597374,-37.448483,-38.205887,-42.446575,-42.169746,-40.7235,-40.3927,-38.15292,-42.81908,-43.77601,-46.547417,-48.276005,-48.859848,-50.911743,-50.161636,-49.318382,-51.94545,-54.182716,-53.744736,-58.68881,-58.242496,-61.218628,-63.76679,-65.831245,-68.30774,-69.87082
6912,True,-21.933367,-29.29601,-28.008774,-33.008354,-34.17,-35.723946,-39.65203,-38.74678,-37.774235,-38.733418,-40.494934,-40.534256,-40.417686,-42.237667,-44.388725,-44.213127,-43.14675,-45.428795,-47.169464,-49.073948,-49.35029,-49.347553,-53.33569,-54.780697,-56.55338,-57.21454,-57.331116,-59.25745,-63.86114,-64.75407,-67.59685,-70.49928
6944,True,-24.064747,-29.37421,-28.576862,-30.58588,-31.672743,-34.127674,-37.465443,-38.238224,-34.748493,-40.79046,-42.464622,-43.67914,-43.949284,-40.782677,-45.888557,-44.298065,-44.649887,-48.294136,-47.403236,-48.067722,-51.275696,-51.911346,-54.399696,-55.995804,-57.846073,-58.481216,-57.343605,-59.6223,-63.764656,-65.93251,-69.486,-69.7021
6976,True,-22.921837,-25.108318,-30.26121,-29.223385,-29.454918,-33.056225,-38.192707,-35.26534,-34.449837,-41.13759,-38.112835,-38.976757,-42.209133,-41.137184,-41.92428,-44.425323,-46.71114,-48.367954,-49.261784,-50.189552,-49.856487,-50.537914,-52.296368,-54.505802,-55.59093,-57.306255,-59.561646,-60.373016,-63.312424,-66.436264,-69.07105,-69.75794
7008,True,-24.525753,-27.840729,-29.891836,-31.533365,-31.826962,-32.10222,-38.51623,-33.961395,-32.702415,-39.19023,-41.569614,-40.98594,-41.75463,-39.732403,-42.100037,-45.078274,-45.742973,-46.612755,-49.236126,-48.6296,-49.876995,-50.487804,-55.143715,-54.18254,-54.799164,-56.388054,-58.773064,-60.201263,-64.17304,-65.395325,-66.65943,-70.57728
7040,True,-22.71859,-25.971207,-30.77423,-28.596193,-29.986862,-36.15155,-41.255394,-42.030174,-37.127518,-40.968872,-42.862953,-41.851913,-42.72132,-44.38054,-44.01432,-45.90244,-48.056023,-45.509624,-47.675247,-51.67246,-50.279533,-51.062164,-53.4651,-54.4562,-54.99762,-55.776474,-62.01914,-60.974026,-64.04605,-65.86154,-68.70877,-72.443474
7072,True,-22.968792,-28.169529,-31.070501,-30.455406,-32.581425,-36.704628,-38.609047,-43.18827,-36.745182,-36.24249,-42.30783,-39.23417,-41.443573,-44.046318,-43.97005,-42.124825,-45.96631,-46.543747,-47.187897,-49.41948,-50.944847,-49.777,-52.284973,-54.9442,-55.90412,-56.0323,-60.424458,-62.78794,-64.35529,-67.10039,-69.39323,-70.00075
7104,True,-24.25925,-27.281416,-27.735512,-31.01919,-34.35413,-33.278015,-38.0393,-35.216225,-37.37836,-40.587276,-45.89434,-44.363045,-43.32024,-38.301826,-42.837807,-42.36536,-46.12417,-48.06107,-47.375435,-50.80403,-49.464077,-49.591442,-53.14914,-55.795055,-55.556046,-56.992153,-59.808228,-61.045647,-64.05507,-66.13,-69.29293,-71.82388
7136,True,-25.92223,-25.006954,-26.202015,-28.455317,-31.253456,-30.992987,-41.046745,-39.069294,-38.514885,-41.51436,-39.414154,-42.13259,-42.4332,-40.145763,-40.87866,-43.87403,-43.470806,-48.503094,-50.225105,-50.29139,-49.79994,-49.364952,-52.847557,-54.437366,-56.036163,-56.490788,-56.850616,-60.008602,-64.21437,-67.03225,-68.72061,-70.010735
7168,True,-26.936981,-28.555754,-27.666172,-30.72614,-32.602375,-33.330147,-36.950035,-38.268776,-38.81231,-40.069473,-43.02055,-41.43651,-42.079575,-39.733032,-46.564674,-45.03696,-45.419907,-48.237194,-50.007626,-49.375443,-50.772587,-50.38197,-52.396103,-54.659943,-53.846317,-56.512978,-59.54348,-60.29062,-63.93587,-66.84005,-68.519,-70.21134
7200,True,-25.463303,-30.31937,-29.707357,-29.66258,-35.230213,-40.702293,-37.58462,-36.57152,-40.670643,-43.61485,-41.14559,-42.29979,-42.62308,-43.797436,-45.11578,-47.28241,-48.086544,-46.88129,-48.63062,-48.53342,-51.68921,-52.556896,-54.92792,-53.049507,-53.71691,-55.952152,-58.986275,-62.18985,-64.43168,-65.055855,-68.09017,-71.026855
7232,True,-23.049828,-26.332294,-29.173033,-31.493576,-34.580334,-32.168205,-34.766724,-36.7731,-37.982067,-39.271313,-43.29191,-38.858025,-41.951057,-41.147293,-43.970226,-46.189056,-44.37172,-46.09604,-48.689606,-49.86213,-50.66437,-50.372547,-52.696182,-54.75319,-54.815567,-56.001022,-57.76707,-59.637318,-62.912296,-65.70898,-68.40064,-69.59836
7264,True,-24.29614,-27.32357,-30.369099,-29.042967,-29.984783,-31.968706,-34.426228,-36.337574,-36.067204,-39.22421,-37.488728,-40.054527,-39.807816,-41.112167,-43.63297,-44.527832,-49.6781,-50.11284,-48.123466,-48.903107,-51.643482,-53.33414,-52.200436,-55.60311,-56.598625,-57.55917,-58.553032,-61.23631,-63.686935,-66.40108,-69.65844,-69.07115
7296,True,-26.79353,-31.32577,-31.392815,-26.962967,-27.433681,-31.290329,-38.711258,-38.32525,-35.282658,-38.858715,-38.621986,-42.55979,-43.24461,-41.765614,-44.953735,-46.083088,-46.407322,-47.980415,-49.53356,-49.58409,-51.77558,-51.21199,-52.98908,-55.009575,-56.82272,-58.249863,-60.81419,-63.27701,-65.92236,-66.32575,-68.08086,-69.95672
7328,True,-23.566492,-26.934013,-28.06747,-32.261566,-34.733673,-30.721767,-38.4955,-36.440166,-35.06036,-38.66228,-39.6813,-42.39836,-39.177612,-43.11783,-44.692417,-45.000153,-46.22001,-49.07837,-50.823357,-51.03984,-50.453827,-49.412632,-52.170227,-56.446957,-57.114147,-57.126102,-60.41594,-61.74208,-64.68944,-67.31091,-69.89015,-69.98757
7360,True,-24.692383,-26.319036,-29.859226,-26.542011,-27.119427,-29.093817,-37.418106,-37.710728,-34.94923,-40.97587,-43.23715,-43.941418,-42.28328,-42.509544,-45.757908,-46.38319,-46.594597,-48.309536,-48.568184,-50.019028,-48.904854,-51.061325,-55.264404,-55.946613,-55.190475,-57.128567,-59.183308,-60.869427,-63.47458,-65.6418,-67.62103,-69.46399
7392,True,-26.033062,-26.122015,-30.655993,-29.61174,-34.197388,-36.048492,-35.9864,-37.18091,-39.853397,-38.109726,-41.698486,-43.874454,-41.666378,-40.50778,-42.70514,-45.994453,-44.625664,-47.6281,-48.821556,-49.146133,-50.897736,-51.795105,-53.97354,-56.165333,-56.539284,-57.621155,-59.555813,-60.80919,-63.82255,-65.84712,-68.00879,-69.72273
7424,True,-29.809084,-27.733114,-29.822166,-31.089838,-34.98307,-34.78736,-34.66642,-34.924347,-36.062416,-39.7298,-38.220116,-40.73225,-39.152428,-40.163578,-44.361282,-44.688152,-46.538254,-50.40459,-48.75437,-50.673443,-49.402115,-52.289192,-51.48786,-53.963974,-54.81375,-57.326374,-57.97323,-59.540764,-62.58449,-64.77668,-68.596985,-69.61011
7456,True,-25.088957,-28.697521,-26.039299,-26.193771,-29.391922,-32.266277,-39.894165,-40.64625,-41.12427,-41.713413,-39.97308,-40.415005,-38.999176,-40.128323,-42.866623,-45.564857,-46.538242,-47.88637,-49.907856,-50.952454,-47.39916,-52.176147,-51.635483,-53.063652,-55.532207,-58.211536,-58.463333,-60.578083,-64.16174,-65.18004,-67.51001,-69.109924
7488,True,-24.219646,-28.32079,-27.287395,-30.264921,-34.54534,-34.06835,-36.750015,-37.615158,-36.137295,-41.553482,-42.32906,-42.042465,-40.92291,-42.405273,-45.319332,-44.767384,-45.449467,-49.856792,-46.93363,-48.313896,-51.445694,-50.508865,-55.043816,-55.143974,-56.81564,-57.28684,-58.4819,-60.803688,-64.531136,-67.83724,-70.33922,-70.5482
7520,True,-26.005608,-27.618366,-26.752958,-30.671103,-33.03581,-35.14705,-41.528343,-40.758293,-39.28534,-41.97069,-41.402237,-39.169582,-43.50954,-42.712955,-42.263622,-42.765495,-44.296112,-48.614716,-50.223217,-50.144028,-49.405937,-49.808548,-53.613934,-53.564735,-55.95638,-56.902393,-59.00947,-60.78903,-63.37862,-66.951515,-67.635605,-69.38602
7552,True,-26.913033,-28.251217,-31.949902,-33.47506,-32.69815,-35.243057,-38.157852,-38.087868,-35.63626,-42.1217,-44.821823,-43.218903,-40.959297,-40.389954,-42.95736,-45.159336,-47.78015,-46.999672,-47.390522,-50.096764,-49.867977,-49.38063,-52.705086,-54.290375,-54.84903,-57.657238,-60.38761,-62.207306,-63.769337,-66.60034,-67.43133,-70.180855
7584,True,-24.802025,-30.500694,-25.573328,-28.308552,-32.24364,-34.411533,-39.175827,-37.52341,-34.484695,-41.7964,-38.722942,-40.78896,-42.593025,-41.67212,-44.08556,-46.25483,-47.567795,-48.35907,-49.717594,-48.70487,-49.16122,-49.069054,-52.582993,-54.426632,-55.81589,-55.875816,-59.81157,-63.799393,-63.953804,-66.0176,-67.62346,-69.816734
7616,True,-21.720985,-25.096853,-26.02537,-29.06788,-33.181583,-32.630882,-37.398827,-37.244576,-36.189163,-40.48197,-41.392548,-42.891827,-41.55063,-45.93073,-45.601852,-44.810406,-46.325653,-47.79169,-49.56505,-48.961185,-49.044914,-51.58983,-54.2886,-54.192394,-54.736515,-57.021027,-57.686237,-60.44851,-64.74085,-66.18663,-68.842606,-69.95633
7648,True,-25.554432,-27.165932,-29.431057,-30.811903,-31.294462,-34.37987,-33.916454,-35.879864,-38.467594,-41.468967,-41.609146,-40.55264,-40.09256,-41.041443,-43.19036,-48.29078,-47.56248,-46.230827,-49.824986,-51.16825,-48.38288,-50.526184,-53.382183,-53.826942,-56.724377,-57.39887,-59.99229,-60.610653,-61.598972,-67.63783,-68.19223,-69.26988
7680,True,-23.8147,-24.584015,-26.65868,-32.523888,-32.197826,-33.133236,-41.948353,-38.416893,-37.96299,-38.977455,-40.026993,-41.443657,-44.700455,-42.998856,-44.684025,-46.085545,-44.97707,-45.78867,-50.28744,-49.00812,-51.814747,-50.826717,-53.479485,-54.953293,-54.456158,-56.007427,-58.531403,-61.49941,-64.2934,-65.99581,-69.54562,-69.000046
7712,True,-22.542164,-26.950066,-28.043697,-32.791332,-32.54582,-33.238808,-39.621338,-39.80072,-37.98926,-38.6445,-39.65786,-39.61504,-43.511967,-42.82105,-45.519302,-45.98331,-47.761726,-49.88183,-49.116302,-50.451614,-49.375423,-51.2402,-54.296833,-53.67173,-54.799496,-56.652714,-60.201183,-62.063236,-63.93714,-66.4794,-68.16518,-71.3618
7744,True,-26.911764,-27.04811,-28.02143,-27.9925,-32.983246,-34.762966,-41.692886,-40.254562,-37.65789,-37.68006,-41.757957,-39.25053,-41.72106,-43.951183,-44.761,-45.681362,-48.03946,-51.698326,-48.762783,-49.171417,-49.463142,-50.526207,-52.919174,-55.927628,-54.76235,-58.177933,-58.78944,-61.03954,-64.83884,-67.62244,-68.56681,-69.35838
7776,True,-22.558376,-28.530933,-29.025953,-31.565382,-34.954575,-34.981556,-37.85465,-32.33242,-32.654385,-41.712257,-41.327866,-40.333893,-43.600887,-45.05547,-42.633736,-42.988438,-44.781796,-48.77871,-49.67086,-52.468765,-54.758377,-51.606068,-53.736095,-55.707226,-55.61636,-57.696957,-60.35151,-61.405853,-65.25303,-66.939545,-68.01899,-70.72129
7808,True,-22.665565,-27.211082,-31.070288,-31.484568,-29.22947,-31.719372,-35.858612,-42.03287,-37.33342,-38.892544,-43.62476,-43.67907,-41.11288,-43.218956,-41.699745,-42.86254,-45.825897,-48.281437,-48.648346,-53.092636,-51.338165,-50.973988,-54.27056,-54.609955,-57.752403,-58.54705,-58.983444,-61.64151,-64.09726,-65.18762,-69.00641,-70.33344
7840,True,-23.60882,-24.726406,-28.936813,-33.861908,-31.039333,-32.299675,-40.875164,-38.04932,-35.06795,-37.53857,-43.45026,-43.78971,-42.344994,-43.497192,-44.23947,-44.84135,-45.579407,-49.21658,-48.71729,-48.227463,-49.45469,-51.23472,-53.681778,-54.57274,-54.750893,-56.796726,-59.454468,-60.464306,-64.82135,-66.944916,-68.66598,-70.18388
7872,True,-24.386711,-22.39632,-27.556808,-26.659306,-30.883106,-32.837288,-37.1116,-36.12159,-36.2304,-44.11889,-40.69775,-43.216785,-41.195923,-40.87052,-43.662678,-46.01571,-48.479538,-47.285378,-48.36936,-49.429188,-50.619423,-51.256985,-53.75637,-55.34971,-56.572784,-57.919888,-58.343693,-61.328217,-63.039192,-66.56798,-67.869965,-69.54293
7904,True,-25.842674,-25.598242,-28.09201,-30.49013,-35.865013,-37.539524,-36.21167,-37.924404,-37.977276,-42.0522,-37.680485,-39.077637,-41.20198,-43.156067,-43.86093,-44.098892,-48.713306,-47.19983,-48.5735,-49.365875,-50.691505,-51.06762,-52.565834,-54.68962,-54.75779,-57.544533,-59.34946,-61.40351,-63.87992,-65.13305,-66.84764,-70.397064
7936,True,-25.380539,-27.722342,-25.717613,-27.98866,-32.269325,-35.546005,-38.740776,-43.264244,-37.535385,-38.12514,-41.47646,-39.308315,-40.68023,-44.633736,-43.809017,-45.138985,-44.707687,-45.738186,-48.13765,-49.14329,-48.558464,-51.153,-52.541847,-53.929363,-53.724052,-56.20115,-58.489666,-60.01064,-63.989388,-65.61801,-67.434166,-69.31686
7968,True,-26.472971,-25.900106,-25.729437,-29.22963,-33.751663,-31.999805,-34.861282,-37.4962,-35.33673,-37.888733,-43.793556,-39.06156,-41.420242,-44.281563,-40.344803,-41.608658,-44.11514,-47.19226,-49.544884,-51.50662,-50.09188,-51.1729,-51.4281,-54.122578,-55.984283,-58.440887,-60.326595,-60.026302,-63.01594,-66.36752,-68.00653,-70.61673
8000,True,-24.13113,-27.201727,-29.067425,-31.664637,-32.467884,-33.16743,-36.716145,-35.53036,-35.753513,-44.397346,-43.23824,-40.267,-40.730896,-40.114216,-44.36295,-45.276855,-49.3519,-49.164993,-46.865135,-50.55718,-51.552757,-52.15549,-51.78841,-53.71761,-56.06029,-55.77669,-57.818344,-59.722733,-63.50935,-65.977394,-69.19564,-69.83703
8032,True,-20.377634,-26.87672,-27.554605,-27.776875,-33.196037,-35.24472,-41.42004,-40.13788,-36.32247,-37.413837,-42.292976,-40.25583,-42.515102,-42.90721,-41.316055,-44.326027,-45.643482,-47.03838,-45.584545,-49.266525,-52.052406,-52.99848,-53.75705,-55.515137,-56.714897,-56.741577,-60.31784,-60.85797,-64.239876,-65.246376,-68.873886,-68.271645
8064,True,-23.613518,-35.36074,-30.270763,-31.853233,-35.4409,-30.59715,-35.464596,-37.61497,-35.548378,-39.49833,-41.22682,-41.830246,-41.49219,-43.070267,-43.2852,-45.385,-42.911003,-47.788273,-47.282253,-49.251324,-49.39033,-49.984135,-53.307156,-54.28164,-55.02197,-55.654526,-57.523224,-59.800903,-65.007996,-66.503365,-68.86553,-70.156006
8096,True,-26.551142,-27.780964,-28.475208,-30.00593,-35.02362,-34.532227,-38.47772,-37.805134,-37.994595,-42.05458,-43.007626,-40.456776,-41.312122,-42.781685,-43.62154,-46.42565,-43.871735,-45.672398,-47.252594,-51.093594,-50.141293,-53.66416,-52.662033,-53.552124,-54.79499,-57.065765,-58.448326,-61.62259,-63.597607,-67.724464,-69.322624,-70.79551
8128,True,-23.559113,-28.810081,-27.25166,-27.536009,-32.531593,-33.565205,-36.691746,-40.49818,-39.04008,-41.95961,-41.068985,-37.51949,-39.489616,-40.333946,-43.177567,-43.67341,-45.712654,-47.476624,-48.089527,-50.092667,-51.646545,-49.873726,-51.215115,-55.306416,-55.707264,-58.368446,-58.47456,-57.790455,-63.37883,-68.08234,-67.33426,-68.6519
8160,True,-24.630875,-24.104147,-26.391014,-29.67939,-32.979374,-32.78486,-35.989796,-38.071827,-41.37268,-43.30887,-45.34956,-37.934616,-38.374886,-39.22644,-44.005608,-44.777504,-45.646877,-48.592358,-48.82946,-49.087826,-49.048973,-49.486656,-52.714767,-55.8302,-57.198433,-57.602005,-58.52558,-61.75262,-64.02343,-66.75566,-68.997505,-70.84189
8192,True,-30.284616,-30.61226,-29.596798,-30.514029,-32.647205,-33.947075,-38.102497,-37.884487,-38.451103,-38.33059,-41.70502,-43.78891,-40.860023,-42.09928,-42.10075,-43.96034,-43.82657,-46.838135,-48.182774,-48.08315,-50.489853,-51.321396,-52.72089,-55.102352,-55.104507,-56.999493,-58.18703,-61.460117,-65.20869,-67.021225,-68.5298,-69.98755
8224,True,-24.08241,-29.110012,-29.76191,-34.520164,-33.793793,-34.482018,-35.567314,-37.787685,-39.1488,-42.04273,-42.293797,-39.713436,-41.56356,-42.76124,-42.426853,-42.674175,-44.279385,-47.15995,-48.994217,-49.22254,-49.98781,-52.1351,-53.139717,-55.81726,-55.512733,-60.29655,-58.858566,-59.076744,-64.28,-66.12656,-67.90057,-69.909996
8256,True,-24.910522,-32.701942,-32.178127,-31.35868,-38.488808,-35.273956,-42.158188,-39.61416,-39.66153,-40.534077,-39.53387,-39.14477,-43.39518,-41.5959,-43.37422,-45.555107,-44.412083,-48.653748,-48.107048,-48.579693,-50.1676,-50.102165,-53.566746,-58.769585,-56.912224,-56.964622,-58.791508,-60.95451,-64.55232,-66.31946,-68.86522,-69.0627
8288,True,-26.982058,-25.987328,-30.991308,-30.004692,-32.048172,-32.081455,-38.684433,-36.025265,-36.129765,-38.938606,-38.735367,-39.00612,-41.24945,-43.864822,-43.172066,-43.219456,-44.540234,-47.598846,-46.03239,-49.173283,-50.705944,-52.99061,-54.107227,-54.564026,-55.65525,-57.46701,-58.401695,-60.16035,-63.707703,-66.394585,-68.13657,-70.01612
8320,True,-25.816786,-25.65159,-25.655489,-27.488499,-31.913559,-35.60555,-35.996735,-35.363457,-37.554047,-43.542244,-40.32203,-41.290047,-41.67795,-44.839066,-45.59996,-44.48533,-46.314087,-46.530605,-47.269203,-48.47961,-48.810745,-48.4964,-54.326763,-54.992386,-55.01487,-58.400497,-60.16623,-59.15399,-62.42206,-66.41158,-68.94974,-69.789894
8352,True,-25.874775,-31.2377,-27.230894,-30.13402,-31.8177,-33.197693,-40.12176,-40.182724,-40.36862,-38.434917,-40.48542,-39.775093,-45.74555,-43.604607,-45.27409,-47.6176,-47.48691,-48.07483,-47.948185,-47.768837,-49.069763,-51.067024,-55.31837,-55.28267,-54.532017,-57.232185,-57.771797,-59.45415,-63.336567,-65.32263,-66.99226,-70.56354
8384,True,-25.739357,-29.667057,-30.098541,-33.473022,-31.695007,-28.403559,-35.782696,-38.2279,-37.54455,-41.726364,-39.92149,-40.72935,-46.11397,-41.560116,-43.458553,-44.435993,-45.91436,-47.493996,-49.474674,-48.633842,-50.027763,-48.836155,-51.987057,-53.018845,-54.320618,-57.137016,-58.40439,-60.25572,-64.1593,-66.10398,-68.50653,-69.69699
8416,True,-22.598633,-29.955772,-28.283916,-28.556984,-30.679071,-35.41567,-38.32328,-35.14286,-36.485973,-40.306374,-38.515755,-39.23768,-38.47941,-38.86924,-42.36166,-44.30903,-47.526176,-49.231514,-48.81418,-49.31344,-51.465336,-51.061844,-53.49415,-55.509247,-56.095985,-59.3554,-58.775333,-60.98178,-63.416603,-65.80623,-68.677,-70.738976
8448,True,-23.536861,-32.220367,-30.049818,-31.818953,-30.56488,-31.008024,-38.812912,-38.718956,-37.83599,-42.32546,-41.927002,-42.48757,-44.525986,-40.08049,-42.19278,-45.671505,-44.908222,-45.166985,-46.992424,-51.074047,-50.361027,-51.704678,-53.29985,-55.827667,-54.64177,-57.035362,-57.983803,-59.625317,-64.148865,-66.05646,-66.72864,-70.7845
8480,True,-21.895163,-27.200777,-29.075413,-28.423832,-32.805794,-33.64264,-39.060875,-41.091877,-41.22955,-41.62406,-41.226963,-41.47511,-42.101597,-41.26008,-46.056324,-42.411606,-44.71857,-47.867287,-48.610924,-51.04902,-48.155106,-50.34199,-53.409973,-56.422943,-56.53589,-57.1674,-59.109543,-61.48429,-64.19267,-65.948,-68.17156,-69.60107
8512,True,-23.319223,-26.280544,-26.952843,-31.485327,-34.511333,-30.404642,-37.026802,-34.88778,-36.922867,-42.75095,-42.104042,-42.486015,-42.963047,-40.038643,-43.58457,-45.52832,-45.42791,-49.359055,-49.805035,-50.40195,-50.913704,-49.709488,-53.900494,-56.365738,-54.95452,-56.64417,-59.0921,-59.441036,-62.91576,-65.77937,-67.2891,-69.852325
8544,True,-22.46783,-29.301388,-26.240978,-29.403336,-33.285625,-30.536718,-36.15356,-38.035362,-37.51913,-41.26137,-43.832745,-42.73664,-42.130947,-40.930885,-43.259308,-44.877686,-45.597095,-44.901657,-47.237934,-48.68265,-48.9427,-48.933723,-53.33832,-56.73272,-55.576054,-57.131332,-57.764324,-59.233494,-62.862434,-66.1573,-69.02694,-70.48905
8576,True,-23.236065,-27.295115,-28.488777,-29.6346,-31.779345,-32.348953,-37.260788,-36.148277,-39.176666,-40.26968,-44.386173,-43.964252,-42.90889,-40.898888,-44.298836,-47.0493,-43.834194,-47.762543,-47.994175,-48.688248,-51.71312,-49.958458,-50.876957,-53.57863,-54.951088,-58.648155,-57.9161,-58.085346,-63.644413,-65.65785,-66.8377,-69.18321
8608,True,-20.861788,-23.261557,-29.324963,-30.293354,-31.38765,-31.846474,-36.78817,-37.78728,-39.02346,-40.55716,-40.416355,-40.79738,-43.479748,-40.65437,-42.565998,-44.086517,-44.450836,-46.673416,-50.98504,-50.118553,-51.06624,-51.20049,-53.7376,-53.52863,-55.592976,-56.691036,-58.046474,-59.884644,-62.623768,-65.545975,-68.1389,-70.2163
8640,True,-27.849714,-29.173662,-25.344715,-28.077446,-33.188545,-33.263496,-41.970345,-41.20851,-37.482693,-38.02757,-41.003807,-41.907917,-43.322468,-39.523643,-42.619926,-44.94857,-43.627098,-46.47482,-47.47175,-48.776165,-51.325813,-51.63069,-52.2747,-55.408363,-56.17289,-58.438244,-58.74253,-60.036507,-64.2726,-66.0473,-69.34158,-69.76934
8672,True,-23.36687,-34.405262,-30.451763,-30.073965,-32.341328,-34.44759,-36.54744,-34.9909,-36.317963,-38.762997,-41.97957,-40.07973,-42.703827,-40.59758,-41.427475,-45.107132,-46.149643,-48.867413,-47.86661,-51.330242,-54.219078,-51.051826,-52.94387,-56.372875,-55.904182,-56.78974,-57.79305,-59.898453,-64.07325,-65.746605,-67.910866,-70.02244
8704,True,-26.648409,-27.302008,-28.754559,-31.14124,-31.21838,-32.056343,-36.88018,-37.16985,-35.26501,-36.631058,-42.16741,-44.604527,-43.51603,-43.53371,-46.402245,-47.58781,-48.64315,-50.12976,-48.837833,-49.89815,-50.82135,-50.393112,-54.331432,-54.2449,-55.82177,-58.053364,-59.075554,-60.018047,-64.51255,-65.883896,-69.47522,-70.52263
8736,True,-24.950115,-30.342216,-26.803371,-29.989517,-33.36649,-33.324085,-36.250427,-36.777626,-35.29304,-39.595085,-41.583862,-40.61707,-40.772232,-40.89309,-43.778595,-46.490856,-46.00716,-47.995663,-51.16016,-52.17224,-51.657658,-50.949028,-52.581215,-56.353817,-57.152767,-58.0617,-58.745537,-60.43169,-64.85263,-66.15093,-67.295425,-69.79614
8768,True,-26.10985,-29.498768,-32.894276,-33.17607,-31.238739,-29.953766,-39.198997,-39.66416,-39.444145,-40.848083,-41.8954,-42.9478,-38.749516,-40.6636,-41.481453,-42.785675,-48.334747,-49.20645,-51.08122,-49.116802,-51.08001,-52.869076,-55.078438,-55.640415,-55.12864,-57.983543,-59.382206,-61.500565,-64.24894,-66.281425,-68.90325,-70.19354
8800,True,-28.196312,-30.534363,-27.375822,-28.194761,-31.342724,-33.945107,-43.149895,-38.44409,-37.101288,-42.751144,-41.027946,-40.395485,-40.56739,-39.059185,-41.939583,-43.146706,-44.868237,-50.47962,-47.307148,-48.874546,-50.51297,-51.074265,-53.719597,-55.451847,-57.112488,-58.408566,-60.17135,-59.44236,-64.756386,-66.32071,-68.50822,-70.94733
8832,True,-23.01902,-33.694557,-31.482872,-30.251194,-31.677513,-33.987144,-35.95645,-38.731487,-40.623837,-40.80352,-42.86348,-41.79837,-39.133934,-41.59915,-45.89322,-46.087376,-47.305454,-48.748962,-48.60314,-51.66693,-50.6428,-51.00904,-54.323654,-54.90099,-56.412163,-59.005646,-60.293156,-61.152325,-64.90688,-67.80333,-69.36838,-70.956924
8864,True,-23.711498,-28.405516,-28.894445,-32.17417,-31.582243,-33.45185,-37.080696,-38.645374,-35.42199,-39.958626,-44.013706,-42.435856,-42.287617,-41.144096,-46.10783,-45.96871,-47.15418,-47.326904,-48.515717,-53.02019,-52.311447,-50.300144,-51.657024,-55.68174,-56.721718,-58.609676,-59.803734,-61.832714,-65.06454,-66.50041,-68.82485,-69.393936
8896,True,-23.190748,-26.501503,-27.93087,-33.1715,-31.41937,-34.61184,-37.378803,-40.40667,-39.7908,-41.84244,-44.32837,-44.99314,-41.421246,-41.870556,-44.49843,-43.76271,-44.400116,-49.971992,-48.684776,-49.714275,-50.17364,-52.00201,-54.714783,-56.2911,-57.575115,-57.444527,-58.021393,-60.272003,-64.22533,-65.793434,-68.692444,-69.0145
8928,True,-22.918365,-26.255503,-26.673908,-29.010275,-34.749763,-33.713554,-38.264874,-37.69627,-42.843277,-45.07434,-46.513924,-42.199295,-43.85858,-42.940025,-47.585983,-46.445118,-45.463356,-48.12165,-48.293457,-51.755226,-50.918804,-52.58324,-53.343662,-58.033104,-57.810867,-57.063656,-60.221375,-60.371597,-64.942604,-67.134964,-67.37038,-68.8556
8960,True,-21.371101,-26.723507,-28.151857,-32.073368,-30.937727,-33.75425,-36.695286,-39.72594,-38.843834,-41.75243,-43.270016,-40.536953,-41.99711,-43.893112,-46.92131,-46.46173,-44.689316,-48.10049,-47.635113,-51.371025,-51.293617,-51.50303,-53.730072,-56.95213,-54.296005,-56.066265,-58.423523,-59.308533,-63.805157,-66.386536,-67.18753,-70.19349
8992,True,-21.212156,-24.736788,-28.315172,-31.301483,-30.303919,-28.64064,-33.767376,-33.614838,-33.589138,-41.399746,-41.82282,-41.903046,-42.141083,-41.45398,-45.725967,-47.602325,-45.5702,-46.222046,-46.69363,-48.67281,-50.631836,-50.707745,-54.728325,-56.257065,-56.32986,-57.798286,-59.21109,-60.78678,-63.51277,-65.302345,-66.98512,-68.75586
9024,True,-27.404568,-27.304869,-26.777214,-31.614511,-31.718733,-30.916842,-37.347427,-43.011032,-39.92005,-41.761356,-40.221725,-38.181168,-40.361504,-42.106457,-43.769592,-42.113884,-45.71041,-45.11156,-48.17624,-50.34738,-50.24823,-50.057304,-52.200356,-54.89643,-53.790245,-56.20002,-58.534805,-60.966423,-63.221252,-65.81067,-68.39387,-70.7139
9056,True,-25.415583,-29.872017,-25.43549,-29.978159,-30.809431,-35.039288,-38.535076,-39.743603,-37.22911,-42.104538,-39.818367,-41.605354,-41.63745,-42.128235,-45.38769,-48.58354,-51.75557,-50.551918,-47.466766,-49.127563,-49.43582,-48.306465,-52.18056,-54.142433,-55.019245,-56.07893,-58.216476,-60.96528,-63.02645,-65.13541,-68.043495,-69.14412
9088,True,-24.703829,-26.476831,-26.504154,-32.196217,-28.874237,-30.043732,-41.285126,-38.40033,-37.01002,-39.067223,-42.599277,-40.83889,-39.57733,-42.2031,-46.061012,-46.870163,-46.00242,-47.46704,-49.10932,-48.706436,-48.898857,-49.923626,-52.65422,-54.870068,-55.278355,-55.630157,-57.11696,-60.580894,-63.556667,-65.99527,-68.50918,-70.27871
9120,True,-22.840832,-27.784702,-31.946533,-29.368536,-32.82183,-35.714844,-38.769844,-35.419533,-37.47215,-38.863403,-38.21383,-38.952118,-43.231243,-45.373425,-45.77847,-46.74373,-46.395,-49.519188,-50.832287,-49.172073,-50.83414,-50.712875,-51.171852,-54.97007,-57.18686,-57.56835,-58.723724,-61.214977,-65.28087,-67.03187,-68.048386,-69.9783
9152,True,-21.884357,-28.712193,-24.122334,-28.860767,-31.161165,-34.638134,-39.367123,-39.138073,-35.347286,-37.333725,-39.215466,-37.69706,-40.081284,-43.239845,-45.131397,-44.342796,-46.605644,-47.532192,-50.16461,-51.94335,-50.58685,-53.737686,-53.90686,-54.017605,-56.064102,-59.31206,-59.89409,-59.779747,-65.18407,-65.92021,-69.61407,-69.977066
9184,True,-25.576672,-29.103453,-29.415733,-30.865152,-32.90303,-35.152596,-38.902077,-35.98246,-37.116238,-39.810925,-39.20983,-40.29571,-41.48114,-41.846474,-40.70182,-44.3775,-47.89733,-49.57643,-50.872902,-51.97564,-53.10066,-50.944084,-52.004585,-55.549446,-57.054367,-58.346977,-58.47159,-60.594463,-62.460167,-66.34116,-68.639175,-69.98345
9216,True,-26.556284,-28.490108,-27.991884,-29.351599,-31.80272,-34.74317,-38.453503,-34.726612,-34.858047,-39.346436,-39.16386,-39.153942,-40.798454,-43.69036,-41.417152,-38.871952,-36.940746,-40.814938,-46.36544,-48.759823,-48.865112,-50.41107,-49.061096,-51.87151,-51.59489,-49.612976,-49.950184,-44.522644,-37.272495,-35.215347,-38.77911,-40.905304
9248,True,-19.729727,-24.307127,-26.492592,-29.655588,-28.127813,-26.284966,-32.41432,-28.018852,-30.891918,-37.423996,-37.578167,-33.74659,-36.45511,-39.886086,-39.84524,-34.4776,-29.839947,-33.617176,-43.481976,-43.711884,-41.26156,-43.02848,-41.534405,-44.66723,-46.862236,-42.724876,-37.60182,-35.243652,-30.125486,-29.687336,-32.323124,-34.360146
9280,True,-23.868946,-27.249937,-29.179972,-32.51822,-33.537525,-33.636177,-36.931602,-37.573593,-37.79459,-45.469772,-40.61627,-38.197376,-42.089745,-42.505627,-45.31864,-42.40088,-43.472248,-43.940178,-46.335365,-49.791378,-49.971024,-51.62394,-53.052715,-53.795567,-54.08004,-51.814667,-51.195267,-49.935066,-45.015244,-46.882988,-48.81004,-50.93699
9312,True,-22.360325,-29.732838,-24.765665,-28.265211,-33.681034,-35.699974,-38.111618,-38.15832,-39.648342,-41.502068,-39.877377,-42.137188,-39.669174,-40.082382,-44.17934,-43.662277,-44.74202,-47.929035,-48.452354,-48.696957,-48.81702,-50.79088,-52.161552,-53.243134,-54.418274,-53.59133,-53.998596,-55.759388,-50.71866,-51.218613,-54.956528,-56.107483
9344,True,-27.147057,-32.01321,-28.211182,-28.65009,-34.99328,-31.86264,-36.96576,-38.17771,-35.294518,-42.888493,-44.51977,-41.001442,-43.141705,-45.586243,-45.291115,-44.651993,-42.934258,-44.654278,-48.546947,-49.93065,-51.732506,-50.215336,-54.05146,-55.366,-55.661514,-55.44519,-56.565624,-58.00684,-54.565502,-56.58921,-58.761093,-61.084076
9376,True,-22.536167,-29.960068,-29.38203,-30.865831,-33.278805,-30.88973,-39.817226,-36.83949,-37.89348,-41.691097,-38.232494,-39.11254,-38.316074,-41.31388,-44.076546,-45.006187,-45.3125,-46.02411,-47.757336,-50.506737,-48.898273,-50.096394,-55.304543,-54.621407,-54.082317,-57.25698,-57.953434,-58.49249,-57.36774,-59.640373,-62.909733,-64.35403
9408,True,-26.946218,-27.571573,-25.763788,-29.023869,-33.43438,-32.36017,-35.636017,-38.429935,-40.84999,-43.159714,-45.610966,-44.480686,-41.87268,-40.120094,-43.874474,-46.240288,-45.83938,-46.663113,-48.409897,-49.167557,-50.801422,-52.33705,-51.14233,-54.39952,-54.83877,-55.86299,-58.7359,-59.374237,-61.419624,-61.82812,-64.27913,-68.528656
9440,True,-23.219677,-29.940607,-28.38214,-35.1043,-31.751478,-32.6314,-36.609962,-34.28305,-39.33798,-40.72309,-41.28875,-42.15931,-40.725586,-41.865387,-45.72103,-48.83075,-47.877254,-49.418823,-47.81778,-49.390102,-53.088146,-52.623714,-55.390663,-54.71739,-55.371696,-58.114655,-58.98994,-61.092903,-61.900368,-64.288414,-67.23823,-69.25021
9472,True,-26.458704,-27.900394,-26.621645,-30.320095,-33.588863,-35.9706,-35.42911,-35.98809,-35.12226,-41.461,-41.627533,-42.048607,-42.060066,-40.701717,-44.94426,-45.81116,-46.706642,-48.549072,-48.44703,-49.68605,-52.43029,-50.528675,-52.294678,-56.21491,-56.453762,-57.332664,-60.64131,-61.018387,-63.917774,-65.23495,-67.804504,-69.494644
9504,True,-27.585688,-28.276821,-26.45208,-28.346764,-33.88893,-31.61272,-38.79382,-37.664795,-38.217377,-44.18263,-42.824368,-39.687634,-43.17878,-40.361107,-44.16072,-47.08425,-45.833176,-50.662918,-48.98558,-48.877197,-51.13709,-52.959007,-53.999992,-56.38351,-53.916374,-57.22672,-59.61898,-60.017593,-63.193275,-67.90701,-68.20291,-68.93863
9536,True,-23.966175,-24.075174,-28.390444,-29.973679,-29.396307,-34.062523,-40.723362,-37.812737,-35.91353,-40.400944,-39.968887,-39.99573,-41.919056,-45.75691,-42.08278,-43.54515,-46.1574,-48.74647,-51.66938,-51.524216,-49.155663,-48.111935,-53.275536,-55.855183,-57.17414,-58.018692,-58.476864,-60.875847,-63.30806,-64.87986,-66.791985,-70.01945
9568,True,-24.250462,-27.622437,-26.741217,-29.685066,-32.716156,-31.750023,-38.46234,-38.254387,-35.559124,-40.917747,-42.248543,-42.68225,-41.77933,-42.71541,-43.114853,-44.608482,-45.351395,-48.40641,-48.80889,-50.362797,-51.18301,-48.790245,-52.637154,-55.912056,-56.250366,-57.4962,-58.74016,-62.78356,-65.24228,-65.51442,-67.854866,-70.305046
9600,True,-27.526873,-30.254723,-30.218601,-30.537552,-29.4621,-29.881208,-38.386482,-38.47398,-36.507427,-38.56308,-37.657166,-41.50499,-44.00592,-41.90828,-41.42525,-42.988964,-44.910988,-48.732162,-49.398403,-52.55226,-52.098305,-51.38994,-52.47506,-56.48065,-57.20153,-57.545746,-59.14108,-59.932236,-64.18588,-66.57337,-68.78915,-70.38166
9632,True,-25.278145,-30.93945,-25.834488,-28.743544,-30.018387,-36.89469,-39.952446,-36.959366,-37.27033,-42.222145,-40.219727,-41.347008,-41.152588,-42.393074,-45.401054,-42.389034,-46.58983,-46.31053,-47.85363,-52.95034,-50.112576,-53.818096,-57.048195,-56.61199,-56.761383,-57.681675,-59.556965,-60.858364,-64.50823,-66.87877,-67.89021,-70.239075
9664,True,-22.3218,-26.209146,-27.392174,-30.869886,-34.365536,-35.825962,-41.817314,-39.23002,-34.403427,-40.81627,-38.52488,-41.555885,-41.767635,-43.4318,-42.827423,-41.595,-44.876976,-47.349934,-48.63382,-53.90255,-52.80911,-52.84744,-54.739082,-55.47747,-56.310383,-57.652046,-57.912212,-60.052612,-62.4695,-66.40153,-68.76864,-70.48616
9696,True,-24.65876,-28.815079,-30.69083,-31.53241,-31.659163,-32.35655,-39.531242,-39.44982,-37.97187,-41.571968,-41.677406,-40.19779,-43.801865,-43.21222,-42.277184,-44.02779,-46.864372,-48.91594,-52.29718,-52.964325,-51.357845,-50.98436,-52.17399,-56.54368,-59.068665,-57.8985,-58.18323,-61.081993,-64.06886,-67.03518,-68.08653,-70.122375
9728,True,-24.525951,-27.883703,-27.842285,-28.34018,-33.153206,-30.92442,-37.58181,-36.452763,-35.47564,-37.99583,-40.409477,-43.71002,-43.52215,-41.22852,-43.76348,-45.23525,-47.549736,-47.597305,-49.350853,-50.204597,-50.979736,-51.04053,-51.613937,-56.98326,-57.063072,-56.230774,-59.06216,-59.417664,-63.498985,-67.53679,-68.34756,-71.510704
9760,True,-25.196676,-26.27475,-23.191715,-28.111897,-33.21902,-34.89802,-38.3565,-41.124313,-40.277245,-44.301476,-43.561264,-44.187855,-40.04503,-38.06821,-43.668694,-44.066086,-44.765823,-46.86695,-50.63524,-51.025574,-49.547745,-52.776123,-54.00583,-54.60389,-54.94204,-56.514908,-58.810024,-58.992485,-60.52169,-62.770798,-63.536587,-63.34957
9792,True,-26.58018,-30.321346,-29.384026,-33.32804,-31.797009,-36.615032,-39.28668,-36.342613,-36.80814,-45.55783,-41.41161,-41.114838,-40.619907,-39.699265,-43.03943,-44.381863,-47.95678,-49.933594,-49.79445,-51.014503,-49.978195,-48.831375,-51.75151,-54.767303,-55.691444,-56.11772,-56.148605,-54.729744,-55.255314,-57.59659,-56.90522,-58.529503
9824,True,-28.682476,-27.207573,-26.647709,-30.884401,-35.141407,-33.521202,-35.26445,-37.75572,-35.786427,-39.958385,-42.263863,-40.48243,-40.40224,-42.05389,-45.50599,-47.195282,-48.458984,-48.085625,-48.06168,-50.251053,-50.6939,-51.623215,-52.37841,-54.43235,-55.32787,-56.896233,-59.02203,-60.879425,-64.79823,-66.4338,-68.13458,-69.1648
9856,True,-27.632175,-30.359142,-29.951231,-28.499525,-33.276905,-35.64512,-38.210056,-35.82843,-39.090435,-43.304016,-42.442177,-40.677433,-42.489067,-41.997356,-43.323395,-45.562424,-48.265083,-47.40042,-48.005634,-50.179916,-51.70811,-51.10531,-53.291306,-55.246384,-56.741337,-58.727867,-59.987946,-61.41676,-63.945526,-66.71944,-68.76066,-69.151566
9888,True,-25.50055,-26.41373,-31.047201,-33.18829,-32.882706,-33.631523,-37.615955,-38.48629,-38.829704,-37.762753,-40.76741,-42.047573,-40.31862,-43.171345,-41.904064,-43.69753,-47.704144,-48.990112,-50.6634,-50.49112,-50.111732,-48.82264,-51.08669,-56.299652,-57.011257,-56.670105,-59.685158,-62.02433,-64.01029,-66.11654,-67.03131,-69.08821
9920,True,-23.717241,-24.768936,-27.039188,-30.212475,-32.993824,-31.451153,-38.754955,-43.181343,-39.17808,-37.74264,-37.149094,-42.43506,-42.071426,-40.146145,-43.70617,-45.984837,-45.793766,-48.02641,-49.0593,-50.047207,-49.67991,-51.374134,-54.60718,-54.67469,-56.21641,-58.46188,-60.3993,-62.495113,-64.64616,-66.47995,-68.729385,-70.05699
9952,True,-26.87117,-26.113825,-29.968851,-27.870253,-30.436155,-32.347042,-38.83802,-36.809746,-37.141354,-39.56246,-41.793133,-42.279182,-39.84058,-41.233467,-46.79087,-46.151726,-44.305283,-46.915268,-49.670044,-50.075836,-51.72184,-52.23938,-52.969326,-54.60207,-55.39448,-57.877712,-58.66465,-59.667126,-62.163883,-66.80005,-68.65213,-70.62041
9984,True,-24.437454,-31.077072,-29.790806,-32.532074,-31.27901,-33.987053,-40.175354,-40.497265,-37.06645,-40.44222,-42.591194,-40.32914,-42.000412,-41.165104,-43.383522,-47.419724,-44.192055,-45.514416,-49.78797,-52.173813,-52.62804,-51.594185,-51.282578,-56.313377,-55.074467,-58.77588,-60.18392,-60.00091,-63.889893,-66.40845,-68.02299,-69.599655
