timestamp,faulty,band_0,band_1,band_2,band_3,band_4,band_5,band_6,band_7,band_8,band_9,band_10,band_11,band_12,band_13,band_14,band_15,band_16,band_17,band_18,band_19,band_20,band_21,band_22,band_23,band_24,band_25,band_26,band_27,band_28,band_29,band_30,band_31
0,True,-37.924427,-37.589104,-31.447676,-35.374092,-33.362072,-35.455143,-33.59689,-34.861168,-46.690643,-43.561245,-38.262543,-38.56681,-45.341545,-45.194077,-42.83823,-35.897602,-38.507587,-42.77794,-44.28872,-49.43373,-43.952045,-44.532967,-45.41182,-43.67791,-42.10904,-42.537933,-48.74414,-50.431065,-53.153267,-51.380253,-53.369026,-55.172226
32,True,-31.173801,-32.78096,-33.78042,-32.005238,-30.855429,-33.701614,-33.01541,-33.21694,-40.323326,-39.07572,-37.428303,-36.213554,-38.562035,-36.934044,-38.12033,-36.445076,-37.211067,-38.363346,-41.860203,-41.19232,-40.317646,-40.697853,-41.21998,-40.102306,-38.778893,-38.2861,-46.710487,-48.63584,-50.300137,-49.44706,-51.64385,-53.319393
64,True,-30.97651,-31.195732,-30.016857,-29.421175,-30.590145,-37.096596,-35.777557,-37.90251,-35.69072,-30.07406,-34.729168,-37.566067,-38.66182,-35.557354,-38.301945,-38.563538,-39.179558,-39.88404,-40.734886,-43.196835,-41.23752,-41.266933,-41.493523,-41.338036,-38.31431,-38.157074,-46.503212,-48.239723,-47.474064,-47.388954,-51.14472,-53.357235
96,True,-28.866795,-33.949028,-34.24517,-29.880634,-31.044443,-33.85168,-35.61086,-36.728455,-37.327183,-32.930336,-32.451504,-36.376373,-36.98486,-36.733154,-39.556698,-37.122753,-41.11626,-40.520916,-39.946426,-40.74105,-40.533585,-40.72386,-41.74948,-40.67839,-42.00596,-42.33029,-46.828568,-48.44538,-49.25921,-49.542812,-49.470066,-51.96455
128,True,-27.07602,-36.942482,-34.66679,-35.56393,-32.175297,-32.33277,-36.98567,-36.250896,-37.0847,-33.404755,-35.218147,-38.041496,-39.49212,-40.474556,-36.20029,-35.997078,-39.845615,-40.02968,-40.97563,-43.067566,-40.420994,-39.804134,-43.32908,-40.887203,-40.31548,-40.479424,-46.868168,-50.53367,-50.011658,-49.86448,-50.734234,-52.381115
160,True,-34.16522,-34.078297,-33.843178,-30.0241,-34.863926,-35.264545,-36.34766,-38.208088,-38.122932,-33.95848,-35.993835,-39.77608,-39.454906,-41.933483,-41.615543,-38.824505,-39.079536,-38.96467,-42.100445,-44.176678,-40.000378,-42.055725,-42.710094,-40.476753,-39.45826,-40.584145,-45.682243,-49.011997,-48.608364,-47.052834,-50.73418,-51.89428
192,True,-29.821163,-28.815546,-28.635887,-34.347256,-31.694519,-33.664806,-36.294224,-37.29222,-38.54583,-37.74027,-35.146282,-36.25916,-40.20241,-40.74099,-38.56201,-39.725815,-39.922413,-41.8627,-40.300106,-42.28552,-41.88372,-41.850235,-42.54534,-41.187126,-40.1614,-42.9958,-44.965073,-48.75551,-48.579514,-48.56063,-50.899982,-52.02593
224,True,-29.192793,-27.51628,-34.231068,-33.35853,-34.841263,-33.665115,-35.861137,-39.08742,-35.516758,-36.825245,-37.51474,-37.910133,-38.161522,-38.809616,-41.119495,-42.36653,-39.029663,-37.73019,-40.75325,-42.67623,-42.72355,-42.04949,-43.868134,-41.33748,-41.928688,-44.070312,-46.619648,-49.246937,-49.79274,-49.223854,-50.224117,-53.361305
256,True,-29.234886,-28.447525,-30.00946,-32.358883,-31.123379,-31.117863,-39.117123,-38.48273,-37.747456,-33.529327,-38.040817,-37.609947,-37.78751,-38.598083,-38.696243,-37.071136,-37.405888,-40.934547,-44.27988,-41.36653,-41.499535,-46.484955,-44.0621,-40.580788,-40.929283,-43.934498,-45.998516,-48.306854,-48.79251,-48.679337,-52.37682,-52.501015
288,True,-32.272972,-30.479185,-33.209785,-35.269463,-31.436222,-32.748726,-34.600872,-33.550735,-32.955223,-34.99064,-37.931137,-35.086563,-38.024162,-37.808487,-39.305733,-37.04221,-37.98185,-41.125492,-42.594193,-41.307922,-40.45715,-42.6278,-42.49393,-42.057453,-41.19829,-44.46724,-45.35843,-49.09391,-49.316772,-50.305817,-51.660835,-53.106308
320,True,-33.749672,-32.36427,-29.445915,-34.449062,-34.59614,-33.200294,-34.709156,-34.2401,-34.70342,-33.57151,-37.047935,-37.16687,-37.483585,-39.9142,-39.393265,-36.074745,-39.30132,-42.61711,-43.68958,-43.248985,-41.665924,-40.19258,-43.48373,-42.47265,-43.19657,-44.527203,-44.94969,-48.82437,-50.188797,-49.84233,-52.324944,-55.0336
352,True,-31.134277,-28.57002,-30.247126,-32.886524,-30.711433,-31.695482,-34.38331,-37.639675,-34.992504,-34.36353,-36.4853,-39.522667,-38.31182,-37.538776,-38.2066,-35.26079,-38.659496,-41.97287,-39.453445,-39.97344,-42.071503,-42.678066,-45.065422,-40.58435,-42.60489,-45.909416,-46.58987,-47.343388,-49.870483,-49.49868,-51.59474,-53.095432
384,True,-29.211952,-31.705992,-34.9346,-32.74344,-28.859947,-29.642242,-35.275192,-37.47378,-36.03887,-34.635845,-34.767563,-38.784843,-41.148457,-37.374653,-41.651173,-40.984386,-40.270115,-42.106064,-42.54272,-43.98841,-42.89956,-43.8394,-42.309868,-40.315987,-42.012768,-46.268215,-47.1661,-48.054142,-52.2139,-51.167454,-52.381687,-54.77924
416,True,-26.611141,-32.03365,-29.894089,-33.06834,-34.428905,-31.322699,-36.888313,-37.686058,-36.736633,-34.098553,-32.004215,-39.009087,-44.87622,-42.377296,-38.216507,-37.37832,-40.25438,-42.34359,-42.502907,-40.89397,-40.519363,-41.23713,-40.468994,-41.93058,-42.97127,-46.142464,-45.445843,-48.859665,-50.882584,-49.58068,-52.796913,-53.030098
448,True,-29.731838,-34.65849,-27.209179,-30.437183,-32.899143,-32.05446,-36.785084,-34.977566,-34.615685,-35.302483,-36.778923,-37.24731,-38.405926,-36.699245,-39.091396,-37.54787,-38.24113,-40.23577,-40.240044,-43.996143,-44.647385,-41.216805,-41.832024,-42.66385,-41.641174,-45.85878,-47.003212,-48.563023,-50.918217,-51.438484,-52.295322,-54.89042
480,True,-28.704062,-31.894167,-31.785595,-33.3202,-35.902454,-32.415787,-38.227684,-37.02582,-38.185944,-34.66949,-35.465706,-39.113056,-38.020786,-36.002735,-39.19296,-39.14885,-40.834976,-41.016197,-39.933933,-39.832874,-42.98069,-43.36138,-44.739876,-42.07084,-43.658607,-48.69541,-47.424767,-48.184273,-51.50611,-51.496258,-51.788887,-54.05365
512,True,-27.056742,-29.525215,-38.14657,-36.650093,-36.47903,-30.126898,-34.94739,-34.708633,-32.878155,-33.991856,-33.76752,-36.86164,-38.707935,-39.358395,-39.159805,-37.933823,-39.17799,-40.195717,-40.766197,-39.969437,-40.976006,-42.736336,-40.773666,-41.970932,-41.903988,-45.57802,-46.864784,-48.47653,-49.95884,-50.88789,-53.276497,-54.564445
544,True,-30.526188,-31.460308,-30.024963,-33.44707,-34.693447,-32.695168,-35.336674,-37.477116,-39.033737,-36.664482,-34.101147,-38.01149,-37.737812,-39.193626,-39.5414,-37.571663,-39.895645,-40.84018,-43.9804,-40.28774,-41.314663,-43.679405,-45.655167,-44.179745,-42.83719,-42.174145,-44.6905,-45.722652,-49.70257,-50.16343,-51.318787,-52.27816
576,True,-30.605358,-31.389538,-26.755089,-30.393438,-32.6341,-35.572514,-39.889996,-35.961773,-33.933846,-36.98638,-35.963413,-35.336506,-37.15798,-40.224815,-37.07324,-36.553596,-37.83884,-41.458073,-43.166534,-40.289616,-45.0202,-43.596703,-42.781837,-39.986862,-40.77271,-44.187157,-45.985405,-49.215145,-48.669262,-48.791206,-51.787727,-53.452545
608,True,-28.685596,-33.695213,-30.930243,-32.241547,-35.732952,-33.756557,-38.292683,-36.031395,-34.783577,-34.532066,-33.969887,-34.611885,-36.285908,-38.14005,-40.318848,-35.00504,-38.790516,-40.50465,-41.70315,-39.84492,-44.110733,-44.25862,-42.699272,-42.08017,-43.302135,-45.96624,-46.937786,-48.01153,-49.773632,-49.906384,-49.623466,-53.27343
640,True,-27.979473,-29.127472,-30.148903,-32.830204,-35.824142,-33.948647,-39.810677,-35.34034,-32.115482,-32.915314,-34.536613,-39.305668,-39.69784,-40.259396,-38.264126,-37.118786,-39.005215,-40.96012,-39.64431,-41.729706,-44.582424,-44.995407,-43.356033,-43.013596,-42.799072,-44.121635,-44.0951,-47.58542,-48.85365,-51.451946,-51.051983,-52.872356
672,True,-29.132196,-34.38871,-27.877577,-30.931374,-38.332073,-37.514874,-36.494053,-36.960354,-33.375977,-34.99627,-39.355186,-38.1765,-38.552166,-40.84781,-43.350296,-39.53138,-38.67351,-40.094727,-42.651268,-43.860527,-42.326416,-40.806946,-42.33778,-41.679855,-42.212456,-45.523727,-47.142265,-47.866165,-49.905006,-49.24756,-50.4398,-52.338833
704,True,-31.31921,-31.134441,-31.780716,-33.109955,-34.802147,-34.754375,-37.76632,-35.228306,-38.80055,-39.36917,-36.686943,-41.89956,-40.98585,-39.407288,-41.892353,-37.823788,-38.75113,-42.392662,-43.217377,-42.52373,-43.253307,-44.355045,-42.754654,-41.173687,-43.291214,-43.256012,-47.813538,-47.107468,-50.2493,-51.105328,-50.565254,-52.90113
736,True,-31.260061,-30.98398,-32.576153,-34.400055,-34.725655,-34.243988,-37.333282,-37.438778,-34.006004,-36.67016,-36.250557,-35.812366,-39.261353,-37.219063,-36.857937,-35.650307,-38.68904,-42.215687,-40.260166,-41.61165,-45.512108,-45.423386,-44.843155,-43.524303,-44.564434,-46.052757,-46.93747,-46.896935,-48.758507,-49.450718,-51.38765,-52.900238
768,True,-29.416878,-33.335167,-35.2412,-33.323685,-34.515156,-34.484806,-35.95715,-34.415356,-34.16969,-35.76855,-36.582916,-37.81525,-38.50132,-40.147972,-39.469364,-39.27052,-40.903984,-43.53584,-41.111313,-39.962486,-45.16021,-44.5998,-45.06033,-43.115086,-42.687107,-45.574524,-45.978233,-46.94805,-48.757668,-48.87859,-50.85444,-52.122627
800,True,-32.796036,-32.96679,-30.58217,-32.932037,-34.61916,-35.059273,-38.577618,-35.70995,-33.756252,-37.390373,-36.78275,-37.39496,-38.948776,-39.417095,-37.410896,-39.52672,-39.04271,-39.37192,-40.66362,-41.69683,-43.831524,-41.852585,-44.365158,-43.254276,-43.047615,-45.682343,-45.370094,-47.566418,-49.59007,-49.110558,-50.85116,-53.67071
832,True,-31.14682,-29.658283,-35.162014,-35.92708,-34.632935,-34.458145,-38.2611,-37.943935,-38.29619,-36.94775,-38.847343,-38.46002,-39.390827,-42.00437,-40.015648,-37.539043,-40.78971,-44.308758,-44.039593,-41.85347,-43.479836,-44.35915,-46.00135,-43.185364,-43.446785,-45.28527,-47.31257,-48.666187,-49.19556,-50.082985,-51.665306,-52.245617
864,True,-30.295654,-32.627182,-33.38338,-34.110996,-34.412327,-33.108837,-37.24518,-36.481228,-39.483284,-37.96649,-36.699196,-34.63548,-35.313946,-39.287594,-40.481876,-36.754616,-37.628025,-39.964195,-42.514122,-42.619625,-42.22736,-42.512688,-43.63018,-41.298325,-42.688614,-46.0447,-47.254143,-48.281094,-48.316162,-49.127346,-51.064014,-52.06356
896,True,-30.83637,-32.56237,-31.94357,-35.016293,-32.378418,-31.11846,-36.54899,-33.988464,-35.69822,-38.974285,-39.64626,-37.265335,-38.00127,-37.943043,-36.44189,-36.361458,-40.383965,-40.13422,-41.369102,-42.554665,-42.641376,-42.416145,-43.608063,-44.884716,-44.48618,-45.30434,-45.500774,-48.71401,-49.925682,-49.41127,-51.065735,-52.95586
928,True,-27.879429,-32.759747,-31.037228,-32.9086,-34.6607,-35.081665,-34.710323,-37.245102,-40.032936,-37.765537,-39.43013,-35.66441,-36.448547,-37.971664,-39.31873,-37.222553,-36.324333,-40.994415,-43.652084,-43.646248,-40.3248,-40.372643,-43.693043,-42.493633,-42.79726,-45.56324,-46.87481,-48.375626,-48.66663,-49.817726,-52.257233,-53.708233
960,True,-27.593033,-35.693287,-35.990368,-36.322414,-33.77735,-34.657562,-33.566467,-37.499966,-34.950115,-35.947807,-40.488884,-36.778023,-36.281975,-38.55725,-41.183884,-42.943863,-38.35278,-39.010185,-41.150894,-40.231155,-42.19858,-42.85921,-45.73699,-41.111446,-42.24491,-45.62862,-46.992683,-48.956104,-48.080597,-48.65081,-51.30899,-52.64141
992,True,-32.072144,-30.840685,-31.774868,-35.055294,-36.263947,-32.284245,-39.43932,-36.77963,-36.685734,-35.573265,-36.90387,-37.97207,-38.56121,-40.102165,-38.459328,-35.78648,-38.659176,-43.147987,-41.967373,-43.635933,-42.4214,-45.148575,-43.86837,-44.067593,-44.859158,-46.032352,-48.02378,-49.62582,-48.821453,-50.014793,-52.231277,-54.75048
1024,True,-29.770115,-28.063013,-35.80084,-34.98893,-34.25502,-38.58702,-37.41514,-37.132336,-39.22938,-40.39676,-37.1378,-39.433334,-38.040493,-37.974503,-38.888527,-35.768597,-35.663857,-40.845303,-41.557102,-41.558907,-43.352043,-43.81164,-43.294174,-43.795414,-44.607086,-46.415863,-48.37154,-46.66483,-49.991383,-49.924202,-51.76621,-54.016552
1056,True,-31.184708,-31.777287,-32.37599,-35.040638,-34.444523,-31.360548,-33.628128,-33.467327,-40.463608,-35.8545,-37.694786,-35.910294,-37.058025,-42.337753,-38.992523,-35.548462,-38.34294,-40.87577,-42.111263,-41.5797,-44.431572,-42.070244,-43.415886,-43.17935,-44.224182,-47.226204,-47.753754,-47.471077,-48.123398,-50.748817,-51.80727,-53.134705
1088,True,-29.235743,-35.02564,-38.078224,-36.621296,-35.925526,-34.23648,-34.213127,-35.821533,-36.038322,-35.36632,-35.800854,-37.268692,-37.212673,-38.615307,-37.979893,-39.407276,-39.27559,-39.878113,-40.282246,-41.853214,-43.662334,-42.015896,-43.695126,-44.63314,-44.100246,-47.415752,-47.383873,-49.182312,-49.595074,-50.922653,-51.467644,-53.090164
1120,True,-28.579271,-30.50959,-31.642439,-31.979893,-32.893196,-32.50398,-37.467297,-39.172947,-37.412636,-35.938908,-36.507736,-37.490704,-36.45653,-36.678146,-41.525124,-38.062607,-40.13722,-40.016388,-42.181496,-42.995308,-43.02185,-43.03398,-43.843643,-42.465916,-43.853622,-44.918594,-45.77122,-47.467636,-49.833035,-51.367294,-50.92106,-53.847294
1152,True,-34.49409,-32.370342,-29.68384,-30.581377,-34.457657,-32.55491,-38.317295,-33.60851,-32.332966,-40.057907,-38.523388,-39.561306,-39.485527,-39.62823,-39.223927,-38.05886,-40.531887,-38.32537,-40.26678,-40.73923,-42.37568,-43.17186,-44.46051,-40.641853,-41.681168,-46.371723,-44.694656,-48.819664,-49.47466,-50.23355,-52.644886,-54.559578
1184,True,-33.712536,-32.09385,-29.949524,-29.72255,-33.044174,-33.071983,-34.35777,-38.637543,-36.954407,-36.05376,-39.229023,-35.46026,-38.08423,-39.399506,-39.995567,-38.521545,-37.902847,-41.222958,-41.558304,-40.03412,-42.72309,-43.05469,-43.656944,-41.70774,-43.479057,-44.53174,-48.513176,-49.467133,-49.127995,-50.297245,-51.082653,-54.258465
1216,True,-32.20188,-28.452494,-33.723896,-31.61835,-33.712097,-33.893906,-38.00106,-35.619648,-37.36167,-37.23202,-36.073387,-34.728207,-38.941006,-36.33735,-37.752224,-37.571472,-39.082184,-42.2263,-41.86272,-40.632404,-41.233154,-42.156227,-43.210865,-44.191555,-43.248734,-45.529625,-48.66111,-47.59243,-49.525024,-50.468742,-51.642433,-53.091656
1248,True,-33.80935,-31.285213,-27.792376,-32.30487,-34.125637,-34.096027,-36.819607,-33.579453,-35.987514,-37.923435,-35.107796,-38.19569,-38.674507,-38.213436,-38.297848,-37.956314,-38.50018,-39.784626,-41.294193,-40.14378,-43.084244,-41.106773,-41.220215,-41.447044,-43.870625,-45.410595,-48.536526,-49.78974,-50.996323,-50.132084,-52.51139,-54.076424
1280,True,-25.918304,-29.053926,-29.122084,-30.7206,-36.61586,-37.12266,-38.151688,-39.332928,-35.39012,-36.948864,-36.66158,-38.22662,-40.11072,-39.955685,-38.382225,-38.37298,-39.52826,-42.11915,-42.495594,-42.668667,-43.7681,-44.133835,-43.191166,-42.150154,-42.17739,-45.084908,-48.041733,-49.49411,-49.15171,-51.208607,-52.04817,-54.474915
1312,True,-28.860336,-34.3748,-32.22642,-32.450172,-33.118187,-32.931473,-40.741505,-36.555336,-34.108803,-35.705006,-34.94603,-37.71402,-39.592106,-37.389797,-37.808155,-37.969604,-38.58034,-41.30396,-42.445663,-42.100048,-42.22219,-41.428143,-43.32001,-44.45224,-42.811947,-46.662582,-48.798645,-47.54551,-48.260036,-51.041874,-52.576202,-52.88305
1344,True,-30.12112,-28.636923,-29.310608,-32.174156,-35.44963,-33.63498,-35.555458,-35.420567,-37.494965,-37.70601,-38.219955,-36.582172,-38.30783,-37.757072,-35.77705,-36.530468,-39.578293,-41.028805,-41.267326,-41.65878,-45.766327,-43.473133,-44.710735,-43.50548,-44.4317,-45.479614,-47.853493,-49.10864,-48.44861,-51.7489,-52.71315,-55.421806
1376,True,-28.409283,-33.698994,-29.223972,-34.441204,-35.251938,-30.126484,-33.53504,-37.667076,-36.42182,-36.395924,-38.011528,-36.346565,-35.997517,-38.59233,-38.421272,-36.136135,-37.681717,-38.875828,-37.585785,-37.3116,-43.121277,-42.11036,-45.43194,-45.347137,-44.734795,-45.346416,-47.316822,-49.20984,-48.22733,-51.303238,-52.959885,-54.021385
1408,True,-30.357513,-33.169044,-31.684572,-36.10211,-33.87337,-32.061058,-37.524467,-35.866463,-35.350983,-40.182503,-38.22351,-38.165234,-38.48828,-37.65722,-37.918392,-36.29415,-39.95212,-42.803604,-40.064972,-41.88536,-43.48585,-45.56675,-45.741394,-43.502865,-44.580696,-44.357056,-46.256363,-46.934772,-50.26665,-51.38852,-51.586018,-53.48007
1440,True,-29.630886,-30.2406,-36.28714,-36.43476,-36.2161,-33.688927,-39.493427,-38.57892,-34.58453,-37.243378,-35.203995,-36.404312,-40.980545,-41.741623,-39.806026,-38.642567,-37.375443,-38.349186,-39.462467,-38.852436,-43.301548,-42.365284,-43.888172,-43.209667,-45.86599,-46.796318,-47.829586,-48.349194,-48.660526,-51.277214,-52.472137,-54.11318
1472,True,-29.020695,-29.728928,-31.601295,-32.546635,-33.905563,-34.191933,-35.976463,-34.642746,-35.14068,-35.146717,-35.437023,-37.70006,-39.130898,-42.691513,-39.244926,-38.038227,-39.013588,-39.856308,-42.49192,-41.26547,-42.485218,-41.871914,-43.414864,-43.72773,-43.992115,-48.55614,-47.03863,-48.901325,-50.306763,-50.328007,-52.139374,-53.851665
1504,True,-30.852697,-31.001087,-30.381496,-34.25381,-36.202938,-35.661045,-41.084934,-35.70952,-33.975426,-34.883427,-35.570015,-38.67474,-37.762497,-36.380463,-37.981556,-35.99177,-37.700493,-42.216297,-41.77005,-42.624516,-42.486214,-43.39869,-42.42333,-44.52369,-44.718185,-46.23562,-47.813957,-49.549072,-49.197765,-50.2754,-52.919674,-55.303947
1536,True,-33.747772,-32.467926,-30.889828,-35.705647,-39.40449,-37.41764,-41.09826,-38.00104,-38.35718,-40.255844,-38.902405,-41.103912,-41.13812,-35.943596,-38.372326,-39.258934,-40.657646,-42.01592,-39.5186,-40.51836,-41.239525,-40.634747,-43.814613,-44.050545,-46.403076,-48.10482,-48.662624,-49.424435,-49.997753,-51.73506,-52.114044,-54.561825
1568,True,-31.76797,-32.496307,-36.417812,-35.94469,-33.454994,-32.832054,-33.25195,-34.496315,-35.851505,-39.487514,-37.31099,-36.771523,-36.9721,-35.489296,-40.781628,-36.622154,-38.108055,-41.598705,-40.18908,-38.26487,-41.96292,-42.219368,-43.009117,-42.62475,-43.36062,-47.01391,-47.15465,-48.899345,-51.43623,-51.017197,-52.454453,-54.510826
1600,True,-31.963232,-32.353,-31.728569,-32.30483,-34.97555,-34.21465,-37.635807,-36.708366,-35.798546,-34.39431,-33.0886,-37.138786,-35.644585,-36.641342,-36.21188,-35.889946,-40.257263,-39.47793,-38.96584,-38.082985,-42.36319,-42.35136,-42.037476,-44.066856,-42.12393,-45.875088,-47.43357,-48.788315,-50.497124,-51.68688,-52.889503,-54.475243
1632,True,-31.02317,-34.064106,-27.870352,-32.56089,-35.21924,-38.410343,-40.596386,-38.372166,-39.2267,-40.44512,-36.603325,-37.013645,-39.51427,-36.3691,-38.222485,-34.4003,-39.32858,-42.000374,-42.702976,-43.235367,-43.901375,-44.718204,-44.92454,-42.82897,-42.07004,-45.425266,-47.80237,-50.052383,-51.167107,-51.151054,-52.77433,-53.89225
1664,True,-30.249527,-30.385529,-32.06832,-32.52073,-34.259853,-33.780098,-38.475185,-40.074913,-39.506817,-37.927322,-35.558567,-34.571823,-39.525417,-35.242413,-38.616673,-33.83391,-38.022217,-39.78195,-42.552982,-41.946774,-42.791553,-44.470932,-44.107147,-42.465378,-43.46306,-45.781933,-46.81363,-48.613396,-48.405014,-51.021267,-52.272335,-52.76638
1696,True,-29.698055,-30.893858,-35.971844,-37.01398,-38.209156,-31.174896,-36.969555,-39.2827,-37.38835,-37.695896,-37.001297,-38.45542,-37.388294,-34.554317,-38.377663,-34.872902,-39.173218,-39.176632,-41.434574,-41.1686,-43.51351,-46.7148,-45.28639,-42.78852,-44.686523,-46.086025,-47.968246,-50.992455,-50.715786,-51.759087,-54.058334,-53.814735
1728,True,-27.066748,-32.10311,-30.375109,-33.6667,-36.083202,-33.049473,-39.16236,-37.951332,-36.917988,-35.874523,-38.698837,-37.086224,-36.61622,-40.54951,-37.505035,-37.13725,-38.36738,-39.291134,-40.475502,-41.085682,-41.305405,-42.99763,-45.843224,-46.137714,-45.536186,-44.65751,-47.010056,-47.720894,-50.12333,-52.349358,-52.88914,-54.61395
1760,True,-28.764736,-32.0948,-32.772846,-35.76615,-37.95816,-35.56592,-38.667442,-39.68872,-38.488155,-37.125023,-39.33493,-40.27941,-39.640507,-38.458923,-42.18884,-40.644173,-37.438766,-39.45941,-41.07521,-41.1168,-43.076332,-45.162434,-45.63981,-45.63337,-44.747128,-46.072876,-48.452705,-49.255432,-50.251846,-52.432945,-53.767555,-53.75362
1792,True,-34.209846,-35.503582,-29.88635,-31.961216,-35.876045,-36.469883,-35.83001,-34.643635,-35.374332,-39.69474,-40.418354,-39.477936,-39.831196,-41.003994,-35.2864,-39.025757,-40.283466,-42.395588,-40.796146,-39.810272,-44.101223,-44.78089,-44.23307,-44.211678,-42.90014,-45.95768,-48.948406,-50.61174,-50.41136,-50.747036,-53.492867,-55.269245
1824,True,-32.689396,-30.279358,-30.80816,-32.23457,-37.154938,-32.41101,-32.33822,-34.62716,-38.830734,-37.491917,-36.804783,-36.826534,-36.89775,-35.403526,-39.451767,-37.665443,-41.35088,-42.10942,-41.568092,-42.053154,-43.586815,-43.966404,-44.881786,-43.626717,-44.75988,-47.370754,-48.370377,-50.741535,-50.484474,-52.274216,-52.50698,-53.87484
1856,True,-30.501596,-32.405457,-29.629305,-33.82793,-37.030327,-33.699757,-35.264885,-38.331993,-35.125175,-36.321915,-40.547375,-36.953346,-35.185505,-37.8059,-36.643986,-34.85189,-39.52518,-44.605896,-40.056385,-41.871105,-43.83297,-42.084328,-45.242085,-45.362034,-45.27179,-46.353016,-46.902027,-48.241684,-49.288857,-50.640465,-51.397278,-53.621387
1888,True,-29.805143,-31.805283,-33.092525,-34.993088,-35.36655,-33.99431,-37.04658,-35.68744,-38.88292,-37.30322,-38.519806,-36.419777,-38.351192,-37.988087,-40.14402,-36.88211,-37.453583,-42.52726,-41.329494,-41.31132,-42.22419,-42.01352,-42.87729,-43.389606,-43.065323,-45.492836,-46.784855,-46.537777,-48.98855,-48.554554,-49.790733,-50.887737
1920,True,-29.693909,-32.934956,-31.3439,-36.34506,-34.9441,-34.555305,-37.63854,-40.06433,-41.377655,-38.704876,-40.057655,-40.021366,-39.019688,-37.46803,-38.195488,-37.452305,-38.48838,-40.957634,-42.325745,-44.647793,-44.29884,-42.92013,-42.213726,-42.658504,-43.752575,-45.031017,-46.519356,-48.00169,-47.22237,-48.91308,-51.030506,-51.667408
1952,True,-28.826609,-32.882465,-32.40812,-32.5887,-34.77897,-33.10614,-36.239193,-36.272377,-36.56923,-34.20818,-38.11668,-42.18925,-43.102005,-35.292133,-36.49871,-36.71017,-39.484383,-41.08082,-39.876938,-40.478443,-43.475067,-42.4559,-42.018646,-43.329346,-42.310028,-43.810192,-46.746887,-49.308716,-48.704956,-50.074726,-51.420563,-51.944775
1984,True,-31.24114,-32.845512,-31.581966,-33.204254,-34.84566,-34.97832,-40.89031,-37.440334,-38.097683,-36.125256,-38.801228,-38.708385,-40.192913,-36.991684,-38.05738,-38.974163,-39.40069,-40.760365,-42.151436,-42.289883,-41.199574,-41.874733,-44.062176,-42.9804,-43.69514,-45.858685,-46.927143,-48.81283,-46.59829,-47.803665,-51.28016,-52.25373
2016,True,-26.083338,-33.315166,-31.701782,-35.885986,-34.053734,-36.35485,-39.1972,-40.659378,-40.37663,-39.616653,-39.100044,-37.375084,-39.1651,-40.026657,-39.609035,-38.079727,-41.012974,-41.20598,-41.33388,-39.308926,-41.159035,-43.94979,-44.99248,-42.89703,-44.31778,-46.445404,-45.67624,-49.133,-46.96672,-47.62722,-51.087097,-53.29387
2048,True,-29.507957,-32.378426,-33.109043,-33.97771,-36.305145,-39.889896,-40.106964,-38.21638,-35.75392,-34.183777,-38.29903,-36.50712,-35.09504,-37.494637,-38.07642,-38.04244,-39.166626,-40.075615,-41.269897,-39.875427,-42.625126,-43.219826,-43.2206,-41.51593,-43.277214,-46.3824,-44.946407,-47.5893,-46.561188,-47.60681,-49.54945,-50.272766
2080,True,-30.157112,-33.54006,-28.692312,-33.556892,-38.43461,-33.589596,-37.343796,-35.110985,-35.644356,-39.25505,-39.552387,-37.22203,-37.087925,-39.62095,-41.17502,-40.933426,-40.13791,-39.923664,-40.41632,-40.452877,-41.480118,-42.418896,-40.33457,-40.99276,-42.246128,-44.491295,-47.258713,-47.80554,-48.001884,-47.79861,-48.59405,-50.998924
2112,True,-32.847763,-33.31073,-31.3997,-34.921883,-33.73793,-31.373905,-34.952454,-37.12402,-37.489304,-40.935135,-38.041718,-39.719738,-37.503605,-39.358948,-41.43862,-38.726334,-39.701263,-40.46927,-42.20999,-42.932503,-41.984287,-45.04583,-43.920845,-42.521095,-42.482075,-46.404907,-47.75412,-48.579807,-46.505867,-48.499672,-50.917244,-51.18198
2144,True,-33.676094,-40.15829,-33.987038,-37.242237,-34.00109,-34.007935,-40.35336,-40.632515,-37.30476,-39.3674,-39.490227,-41.90599,-40.636322,-40.232754,-39.07478,-35.67898,-35.68579,-40.649433,-43.709435,-43.183548,-42.23305,-42.579098,-43.7098,-42.075077,-45.9528,-48.382584,-48.41613,-47.342266,-47.200905,-47.6511,-50.81534,-52.449867
2176,True,-32.44375,-33.29659,-34.229954,-34.978935,-35.056347,-34.342327,-43.804512,-37.00998,-37.3546,-37.849518,-38.792988,-40.124664,-38.208466,-37.87169,-37.51153,-38.747974,-39.85705,-41.283726,-43.612938,-41.662884,-42.69663,-42.865013,-45.979824,-45.231724,-46.088104,-44.843857,-45.861237,-48.453213,-47.95684,-49.179073,-51.490726,-51.708084
2208,True,-31.133575,-30.720293,-34.4647,-32.78351,-34.67211,-37.393948,-40.646393,-35.244366,-35.544655,-37.923515,-39.583633,-39.572994,-38.364113,-38.86428,-38.636086,-36.638508,-36.64205,-41.436058,-42.77411,-41.724022,-43.78307,-43.22227,-43.073555,-43.683037,-43.648067,-45.272728,-47.143623,-47.481117,-46.963722,-48.98871,-51.529102,-50.965195
2240,True,-31.440008,-29.786469,-31.901882,-33.431904,-36.34737,-32.568935,-39.581703,-41.418003,-39.838387,-41.42283,-39.858967,-36.13732,-37.166553,-40.471874,-38.619457,-38.945515,-40.12047,-40.646893,-40.976852,-42.78303,-43.0228,-42.256855,-42.067,-43.891953,-43.26931,-46.538506,-45.500027,-47.49179,-46.831993,-46.514072,-51.2302,-50.627914
2272,True,-29.492168,-36.48458,-33.787163,-33.558712,-38.06767,-32.96562,-42.220554,-37.72836,-36.82493,-39.23077,-40.979572,-36.58676,-38.54252,-41.103127,-41.156708,-38.568977,-39.083206,-42.719875,-42.03527,-44.140778,-42.59395,-41.809826,-41.61217,-41.822037,-44.843784,-46.96736,-47.59865,-47.32193,-49.3931,-49.13502,-51.571335,-53.298702
2304,True,-30.663631,-35.38631,-34.271477,-33.758034,-33.162655,-33.76478,-40.97302,-42.08957,-37.309353,-42.734856,-38.668457,-37.303497,-36.25976,-40.417313,-39.109303,-40.825558,-39.10761,-41.300728,-42.347458,-41.223145,-42.9006,-43.8661,-43.16834,-43.354374,-43.74721,-44.704033,-45.94292,-48.93261,-48.454926,-48.82527,-49.441315,-53.99301
2336,True,-25.914967,-32.631176,-30.280592,-32.86618,-39.897793,-37.552734,-41.547165,-39.131123,-38.70738,-41.81738,-38.105415,-37.780434,-35.713703,-38.145782,-40.080017,-40.049522,-38.7156,-44.634377,-44.770638,-40.50421,-43.15935,-43.040485,-44.73004,-43.036114,-41.987644,-45.119404,-46.7604,-47.28621,-49.943993,-50.90643,-51.358303,-54.076958
2368,True,-28.746265,-29.614368,-32.483185,-33.92916,-37.3089,-35.32122,-40.24692,-39.043285,-37.20656,-37.09297,-37.441715,-39.206886,-37.60646,-40.191322,-37.843513,-39.50517,-41.589836,-43.021156,-41.40413,-41.594997,-43.428635,-42.05547,-43.753876,-43.171085,-43.630337,-46.45578,-47.368847,-49.42546,-49.166454,-50.379913,-52.992622,-55.33732
2400,True,-25.855541,-31.627035,-31.422195,-32.97493,-35.97974,-31.99993,-41.031757,-40.57112,-39.745426,-41.592773,-41.3498,-43.504875,-39.78387,-39.59299,-41.356773,-38.648224,-40.047916,-41.758385,-41.844517,-43.622467,-45.02726,-42.694324,-42.60562,-43.84006,-46.124096,-47.123558,-46.29812,-49.68128,-48.875347,-49.846794,-51.29821,-55.061726
2432,True,-28.325619,-32.655884,-31.243095,-33.756557,-38.35446,-32.632683,-39.27735,-40.372143,-40.044846,-42.152428,-40.094124,-39.481636,-38.131256,-39.124584,-38.888382,-34.658752,-37.732983,-42.905357,-43.61853,-42.09276,-41.831493,-42.535606,-44.615837,-45.212284,-45.7508,-45.67814,-47.373955,-47.86823,-49.077736,-49.02046,-51.73588,-53.188843
2464,True,-29.918926,-34.67539,-31.899464,-30.54203,-32.90389,-33.112087,-38.571182,-38.15344,-37.223392,-41.673424,-43.567387,-42.91552,-41.921177,-41.980137,-40.600655,-39.529507,-38.469986,-41.301872,-41.93909,-41.259,-43.981644,-43.50483,-43.078377,-46.310963,-45.760826,-48.01977,-45.582756,-47.777866,-47.401512,-47.3671,-50.434494,-54.17313
2496,True,-29.068117,-34.300472,-35.992794,-35.57599,-36.60201,-33.653675,-39.46908,-42.1948,-40.954826,-42.60143,-38.351475,-37.838017,-39.33713,-39.14332,-39.747173,-36.696182,-36.410892,-41.749226,-42.3793,-41.017715,-41.520058,-42.90028,-45.515133,-46.020794,-46.53049,-46.353485,-45.878876,-48.053593,-49.03836,-49.514767,-51.959476,-53.80692
2528,True,-34.060654,-29.037657,-30.937931,-35.594997,-39.808628,-31.322567,-39.025505,-37.557354,-39.40847,-39.9719,-36.70211,-39.09696,-37.88064,-38.123837,-40.639244,-39.11673,-42.62739,-41.615562,-42.906906,-42.288193,-43.85752,-44.355602,-43.20279,-46.614433,-45.880478,-46.710667,-47.187023,-47.979816,-46.795425,-49.05227,-51.130928,-52.493195
2560,True,-31.055824,-31.513096,-29.559727,-33.910885,-34.876247,-35.704987,-36.901154,-38.96561,-38.96115,-38.629406,-38.914078,-37.28781,-39.214348,-39.278187,-39.787872,-36.218567,-39.082386,-41.866222,-42.154015,-44.244366,-43.589973,-40.316933,-42.030315,-43.024364,-44.25361,-45.24345,-44.94793,-46.13981,-48.118874,-49.82206,-53.953747,-53.113503
2592,True,-28.27157,-33.40781,-29.541183,-36.0834,-37.662148,-37.575638,-40.179344,-40.638374,-40.21186,-40.83194,-38.543552,-40.16324,-39.874348,-41.383156,-40.68577,-40.801064,-39.829056,-39.82535,-42.7584,-41.411247,-41.4418,-41.27516,-42.72966,-41.84958,-44.873943,-45.409164,-47.091805,-46.34976,-49.481148,-50.356865,-50.420303,-52.988983
2624,True,-25.800035,-31.024715,-29.356747,-37.140583,-34.413197,-33.96585,-35.81574,-35.468723,-36.044994,-36.477516,-40.058746,-38.342827,-39.614426,-41.416687,-41.649742,-38.170876,-40.806145,-41.72009,-41.91604,-40.4859,-42.44833,-43.166317,-44.906727,-44.88708,-46.17871,-46.71163,-47.880623,-48.172592,-47.215557,-50.505943,-50.38144,-52.056427
2656,True,-27.710316,-33.34122,-33.35332,-32.881237,-36.910137,-35.31585,-38.926003,-38.357635,-37.565186,-39.99249,-39.037483,-38.435684,-38.718983,-36.743324,-40.91429,-41.783485,-40.922092,-45.0935,-42.9417,-41.65501,-43.01121,-43.236904,-44.33752,-44.763985,-45.693108,-46.516335,-47.356842,-49.68227,-48.50769,-47.83052,-50.910736,-53.79089
2688,True,-29.562424,-28.655838,-31.845789,-34.272327,-37.609657,-33.96177,-38.022495,-39.57482,-36.2044,-37.347153,-37.26703,-36.487907,-36.93398,-37.472614,-41.395264,-39.71487,-39.427868,-41.927063,-43.17002,-41.135944,-41.475567,-41.657112,-42.745056,-45.583225,-46.011845,-46.92806,-48.71791,-48.21981,-47.93254,-49.10627,-50.4822,-53.45339
2720,True,-31.012115,-33.986393,-30.03227,-30.467176,-34.596165,-33.351826,-36.995007,-34.734108,-31.921274,-38.746655,-40.218117,-38.249374,-36.28803,-38.23974,-38.90471,-37.88251,-41.896812,-40.4138,-42.000465,-41.866283,-40.321594,-41.982986,-43.64506,-42.641033,-45.307693,-43.717453,-47.267265,-47.289917,-48.6789,-49.69644,-52.51185,-54.50771
2752,True,-28.601034,-27.32859,-29.626963,-32.7247,-36.521275,-35.70862,-38.958973,-39.528133,-39.124283,-35.87394,-35.80563,-40.279808,-39.742428,-38.27848,-41.38119,-38.13156,-39.624054,-40.553207,-41.412262,-40.839466,-40.86908,-43.691147,-43.283085,-42.51271,-44.935932,-47.08068,-48.490845,-48.633747,-49.693035,-49.795723,-51.070084,-52.70287
2784,True,-27.042456,-28.300798,-26.659035,-31.270761,-34.605267,-32.41024,-36.05668,-34.26788,-32.017525,-36.36641,-37.4023,-39.7734,-43.156704,-38.98508,-38.417637,-34.61821,-36.682487,-41.352314,-43.314205,-42.882828,-41.464714,-44.027336,-44.69948,-43.48732,-46.040985,-48.148872,-47.87137,-47.403988,-48.880005,-49.324776,-50.26073,-53.504456
2816,True,-30.05088,-34.4044,-31.542068,-35.04909,-36.409065,-36.639683,-37.053635,-36.855274,-38.884296,-37.55111,-38.34976,-38.78844,-40.62626,-42.677723,-39.69015,-39.397186,-40.138058,-41.05473,-42.161606,-39.827877,-41.615257,-43.61372,-42.17432,-44.75258,-45.21688,-46.439125,-48.751637,-49.15516,-47.93781,-50.208057,-53.8459,-54.05525
2848,True,-29.99186,-31.550865,-31.677273,-32.337555,-35.76325,-34.24414,-38.611454,-34.600677,-35.00266,-36.88994,-38.797844,-39.93512,-44.271793,-43.71266,-40.305878,-37.73142,-38.234905,-40.39394,-40.352913,-41.081154,-41.75192,-44.457947,-44.236675,-43.79261,-46.298203,-47.08206,-46.201508,-47.29344,-49.64117,-51.338974,-52.154545,-56.123634
2880,True,-31.158161,-31.208393,-35.66289,-32.64837,-35.33212,-34.309994,-35.326157,-34.823643,-38.10391,-36.17314,-37.902782,-39.82482,-41.020805,-40.76526,-39.63813,-36.360252,-39.14094,-41.54689,-42.877106,-44.156223,-42.294346,-42.653675,-43.295994,-42.092762,-44.734688,-44.78546,-47.725,-47.277534,-48.64144,-51.259804,-53.281475,-56.020885
2912,True,-30.263699,-31.577618,-30.735514,-32.316383,-38.800068,-35.414673,-37.081284,-36.52446,-37.85077,-37.92428,-38.887764,-37.93075,-37.44001,-40.05371,-39.902206,-39.054356,-39.07985,-41.13651,-39.694206,-41.161343,-42.48935,-42.922024,-44.0996,-44.220844,-46.252674,-47.769325,-47.19394,-47.653866,-49.48959,-51.404587,-52.00594,-56.06573
2944,True,-31.939857,-31.39261,-33.152813,-32.373547,-31.785078,-33.792473,-35.034748,-35.89156,-36.30402,-38.58915,-38.451153,-38.871418,-39.94886,-40.015038,-40.215965,-34.248062,-37.83391,-41.050583,-41.340927,-43.993385,-45.40056,-43.97509,-47.018032,-45.339973,-47.207306,-46.494717,-47.525963,-47.98137,-49.47702,-49.34993,-50.45876,-53.84579
2976,True,-29.343037,-28.272543,-26.971151,-31.950546,-33.70144,-31.660084,-36.42596,-36.29707,-37.393555,-40.590508,-39.935184,-37.86766,-39.695198,-37.926815,-38.31413,-36.919502,-39.334206,-42.720444,-43.690014,-40.473534,-42.45918,-43.74741,-43.70323,-42.394997,-42.38933,-46.49429,-48.879677,-48.061333,-49.060993,-50.72284,-52.1451,-54.00057
3008,True,-31.437317,-30.92782,-34.045647,-31.692255,-36.556316,-34.13893,-37.42725,-34.10546,-33.764355,-33.806995,-35.781948,-41.071434,-36.27065,-39.249386,-38.71005,-39.959846,-41.08542,-40.439705,-41.916756,-40.31014,-42.4339,-43.07157,-43.183167,-44.530643,-45.76097,-46.99577,-48.34632,-49.638477,-48.766396,-49.693108,-52.484135,-54.727127
3040,True,-29.604033,-33.047337,-29.350048,-30.374205,-32.027317,-29.124994,-34.87386,-39.65527,-36.930702,-36.273056,-36.170937,-38.97158,-43.665367,-41.16996,-38.08762,-37.26572,-39.681988,-39.090446,-42.23684,-42.748756,-39.555058,-43.02675,-46.118923,-44.103607,-45.91909,-47.2116,-47.82773,-49.810375,-50.237183,-50.89104,-52.29519,-55.09236
3072,True,-28.460024,-30.716213,-28.535118,-33.57536,-36.079853,-31.753447,-34.55619,-36.640003,-34.892963,-37.936665,-35.258606,-41.046776,-40.78468,-38.448643,-40.204662,-38.501583,-39.75805,-41.65304,-43.3482,-41.686535,-41.149734,-42.208458,-44.03738,-44.884113,-45.93049,-46.57811,-48.49449,-50.781326,-51.47426,-52.077477,-53.76621,-54.96602
3104,True,-33.123737,-28.287483,-29.296553,-32.083412,-33.427986,-33.89111,-39.889507,-35.111176,-37.293552,-37.54193,-36.508575,-41.383205,-41.73862,-41.728245,-39.915382,-36.1105,-37.710686,-40.646217,-42.96562,-42.241253,-41.72069,-42.62795,-47.57431,-47.00285,-45.562725,-47.174232,-47.711987,-48.934727,-50.916145,-50.828915,-53.203613,-53.77732
3136,True,-30.29828,-31.644913,-30.17361,-30.97164,-32.53193,-31.002329,-33.944614,-35.33777,-35.50207,-37.04589,-38.99228,-39.1956,-43.04329,-39.25807,-39.87449,-37.828087,-39.919,-41.230625,-39.77653,-40.44491,-43.054115,-43.942394,-44.897556,-44.4961,-46.25606,-47.325844,-46.217304,-48.56844,-48.592674,-52.106632,-51.952267,-53.967262
3168,True,-33.158447,-35.67507,-29.914045,-31.805832,-32.051716,-35.775646,-37.56993,-39.35923,-37.83063,-35.570854,-39.70407,-40.572113,-39.230415,-40.450268,-40.26255,-38.71965,-39.062023,-41.28529,-42.592236,-41.26445,-40.10426,-43.19008,-44.371143,-43.32479,-46.379433,-48.020817,-48.74113,-48.732506,-48.31897,-50.719925,-53.076496,-54.460354
3200,True,-34.541656,-36.322414,-33.779903,-33.095764,-36.724075,-33.37275,-39.836845,-34.170334,-36.731323,-35.811382,-39.869606,-40.761536,-43.048508,-44.532722,-41.095764,-38.823822,-41.004757,-43.233177,-42.188217,-43.37941,-41.059307,-42.505936,-43.864418,-43.040752,-45.93499,-46.76941,-45.734047,-49.35902,-48.679356,-51.197376,-52.125114,-52.549767
3232,True,-29.047222,-31.984146,-35.970894,-31.673107,-34.07776,-32.42346,-37.265636,-37.58956,-36.639854,-35.74636,-35.806404,-38.49804,-39.016758,-42.09013,-41.488983,-39.28076,-38.80193,-38.72047,-39.379276,-40.55313,-42.68133,-41.903244,-44.286823,-43.950577,-44.924866,-45.444187,-46.73919,-49.72686,-51.040195,-52.69237,-52.76113,-53.99555
3264,True,-30.659542,-32.021454,-30.226526,-31.144941,-35.40513,-37.182926,-36.934654,-37.234646,-35.678326,-39.87035,-39.822205,-38.753635,-39.476387,-40.314896,-40.033676,-39.741028,-39.920868,-39.1488,-38.82547,-42.347263,-45.54264,-41.634556,-45.821762,-44.153595,-46.38642,-49.657284,-49.681572,-49.261707,-49.19301,-50.60247,-51.482487,-52.76562
3296,True,-28.275341,-29.447205,-31.53376,-32.425632,-34.521057,-35.956116,-39.18901,-37.526314,-35.699154,-38.674137,-39.73111,-37.109005,-40.83166,-39.77494,-39.43383,-38.891567,-40.539787,-40.37153,-41.68708,-42.730797,-41.73258,-41.32854,-44.457077,-44.363167,-45.431957,-47.303856,-47.055084,-48.01958,-48.177155,-50.153194,-52.488342,-52.962147
3328,True,-28.204937,-27.41597,-29.630402,-33.50472,-31.592892,-33.13561,-36.84067,-36.016033,-37.2127,-38.560253,-37.27962,-39.289116,-39.47032,-43.03493,-37.781643,-35.44554,-38.427055,-41.053844,-43.531013,-43.062904,-42.406445,-43.121307,-43.844345,-43.879948,-45.07144,-46.589962,-45.46955,-48.263668,-48.00978,-48.562805,-52.951946,-53.8286
3360,True,-29.95741,-30.78141,-31.922268,-31.653275,-33.36406,-30.590221,-38.44635,-36.252472,-35.41801,-38.85092,-36.10849,-41.333004,-41.53363,-40.87425,-42.570984,-39.7773,-39.246403,-41.266296,-42.413902,-43.235516,-41.83416,-42.49679,-45.37982,-46.63024,-44.863247,-45.665825,-46.164787,-49.016098,-48.97093,-50.075283,-53.162804,-55.692116
3392,True,-30.148802,-33.15887,-33.465836,-32.43673,-36.65962,-35.60224,-35.418617,-38.356815,-39.658966,-37.92204,-41.28477,-43.620018,-42.634247,-40.07975,-41.22638,-37.222065,-41.13802,-43.43502,-44.549294,-43.737507,-45.606125,-43.585724,-44.093796,-43.245926,-45.0113,-46.21139,-45.681652,-47.481422,-49.35203,-48.061592,-51.503654,-53.895134
3424,True,-29.04609,-30.266466,-34.97438,-32.200867,-33.451267,-32.55782,-34.69096,-39.968925,-39.113693,-39.2781,-39.23309,-37.83083,-37.243343,-40.592648,-39.893238,-38.30339,-38.50156,-40.56537,-40.461296,-39.884716,-42.317657,-44.641094,-43.730774,-43.966526,-46.01333,-46.261566,-46.951324,-48.21218,-47.839245,-49.664314,-51.774593,-53.37305
3456,True,-30.201511,-30.451405,-30.059898,-31.258287,-33.956875,-29.962729,-35.96244,-36.406635,-38.405743,-39.968494,-40.685154,-40.416714,-37.78674,-39.717606,-36.422173,-36.2709,-38.649014,-40.99057,-42.46195,-42.561142,-44.773045,-45.68847,-46.060684,-45.730423,-45.090515,-48.490303,-46.0277,-48.351746,-48.67527,-50.12764,-54.141083,-54.2621
3488,True,-28.927546,-31.402935,-30.6859,-32.599327,-35.684963,-33.999256,-40.45444,-37.934826,-41.275597,-41.63544,-40.345413,-42.303223,-44.81627,-39.372387,-39.469368,-38.78748,-42.10947,-42.15559,-41.888954,-42.233894,-45.23615,-45.87474,-43.92565,-41.37171,-45.149834,-47.83938,-47.08538,-48.283913,-49.805138,-51.60467,-52.4037,-53.492657
3520,True,-28.34734,-32.391563,-32.51669,-31.413004,-35.96398,-36.77596,-38.913723,-37.3266,-39.66753,-40.498737,-40.72311,-43.559055,-41.04418,-40.308174,-39.981197,-37.597435,-38.575626,-39.686462,-40.515934,-40.192757,-42.041565,-43.875805,-46.887123,-45.136242,-47.689964,-49.712273,-48.15441,-49.08515,-49.444496,-50.984367,-52.851067,-54.489037
3552,True,-33.86447,-33.92093,-29.530146,-32.708466,-33.85123,-36.219334,-38.684856,-38.879112,-41.245552,-38.095287,-38.8071,-41.076237,-39.97832,-43.111626,-40.658573,-37.69398,-39.498905,-41.644753,-40.963768,-41.584923,-43.80114,-45.47484,-46.30616,-46.62512,-47.52813,-47.404312,-47.147285,-49.308083,-50.171234,-50.983368,-52.71647,-54.810226
3584,True,-31.613844,-35.649086,-29.133038,-30.674183,-34.3944,-36.011536,-40.411255,-39.638187,-38.522526,-39.16415,-40.099304,-45.81929,-42.782063,-41.19602,-38.11233,-37.569115,-37.584946,-41.994644,-41.1404,-42.8165,-44.004154,-44.499477,-43.832928,-44.622387,-45.14721,-47.87445,-46.601036,-48.188347,-48.399796,-50.27575,-52.28417,-53.748646
3616,True,-33.102764,-31.22548,-36.499645,-32.423397,-36.162483,-36.396168,-38.28489,-41.095177,-38.19107,-40.241505,-38.709915,-40.75338,-43.168583,-38.41202,-39.05519,-35.4433,-39.015244,-40.241493,-41.517662,-43.109035,-44.450928,-45.004646,-44.789078,-45.269714,-46.975883,-49.28636,-47.994976,-49.34294,-49.265194,-49.73938,-52.891304,-53.13752
3648,True,-31.641691,-33.803104,-30.503023,-31.358807,-36.764877,-32.260128,-39.51232,-39.756706,-39.33904,-41.22585,-39.589073,-41.276146,-38.267254,-38.477676,-39.750767,-36.06573,-39.57428,-41.52938,-41.753784,-41.542442,-43.07792,-44.59583,-43.672928,-45.64891,-46.820473,-46.59015,-47.824253,-49.7456,-49.556065,-51.662445,-52.25298,-53.276726
3680,True,-28.53999,-34.279827,-34.650284,-34.436054,-38.842255,-34.25065,-36.90638,-38.14176,-36.97802,-34.262096,-37.70249,-42.699036,-39.29644,-42.595116,-40.274704,-36.847107,-39.03766,-40.625175,-43.69725,-41.919945,-43.60623,-44.45324,-45.567326,-45.322205,-46.55667,-45.88165,-48.30773,-48.999718,-49.863132,-51.942986,-53.788162,-55.668938
3712,True,-26.730902,-33.19575,-31.199495,-28.373867,-31.44458,-34.560394,-39.50731,-43.14548,-38.841328,-39.191982,-39.770607,-40.69986,-40.40001,-41.513103,-39.2794,-37.62973,-41.143486,-42.680393,-45.41297,-43.12283,-44.7201,-44.831978,-44.185577,-44.96546,-46.146553,-48.04912,-46.789192,-48.802124,-50.636135,-50.051468,-52.687496,-54.075455
3744,True,-30.747269,-34.799892,-29.277506,-33.926765,-39.00803,-32.01523,-40.926052,-39.142094,-40.47489,-42.32757,-39.5391,-39.637703,-38.962048,-39.955402,-40.273064,-36.464535,-39.58176,-40.03736,-42.693233,-41.14992,-41.259464,-42.696613,-46.284004,-44.559216,-46.01394,-47.125355,-48.126904,-48.066154,-48.759514,-49.84221,-51.670464,-54.587597
3776,True,-30.165035,-29.614103,-26.877113,-30.006302,-32.05628,-25.929785,-29.54108,-27.099583,-30.306103,-32.23822,-34.239185,-33.3771,-35.820763,-35.809433,-32.94838,-30.34832,-25.624249,-30.415707,-38.734497,-38.86372,-40.22163,-38.3542,-40.533504,-41.7041,-41.14698,-37.9763,-34.334167,-34.188755,-28.997938,-28.502659,-30.688995,-32.27103
3808,True,-24.996147,-28.890942,-32.395523,-33.78144,-33.344543,-29.39768,-38.92131,-32.818836,-33.528973,-38.989223,-37.811573,-38.988503,-38.911255,-36.286987,-36.7158,-36.311478,-37.082066,-39.978756,-41.429028,-40.482372,-43.87316,-43.701546,-45.49855,-46.10327,-44.731922,-46.977814,-46.354374,-45.35654,-42.94523,-43.94464,-45.78989,-45.8256
3840,True,-26.662613,-29.595644,-31.631128,-29.37762,-31.479649,-29.779274,-39.267696,-42.899986,-38.805195,-38.120083,-36.504044,-37.82574,-38.336292,-39.174866,-38.15022,-34.599384,-39.809284,-42.445797,-42.72596,-45.43217,-44.114704,-43.514572,-46.225204,-44.324486,-45.21252,-47.40595,-48.311077,-47.55102,-46.771603,-47.96066,-48.866585,-50.39804
3872,True,-29.475002,-27.640068,-28.922642,-33.93184,-36.572147,-33.166977,-36.993755,-35.095337,-35.949398,-41.098648,-42.749664,-39.644302,-39.0387,-42.09801,-38.891457,-34.93015,-38.1371,-41.912174,-47.35727,-45.798935,-42.6065,-46.502388,-45.678844,-44.31958,-45.313927,-45.377396,-46.176914,-47.102585,-48.462555,-49.940964,-52.20093,-53.481365
3904,True,-33.376045,-30.190464,-35.59648,-39.963284,-36.63173,-33.184135,-38.72142,-41.588356,-38.588165,-41.695854,-37.079857,-38.10804,-37.374146,-40.258522,-40.872746,-37.824444,-39.935867,-41.088272,-43.17514,-41.667854,-41.03852,-44.57504,-46.838337,-45.551052,-46.956177,-49.75363,-46.572056,-48.844357,-48.410652,-49.383316,-53.549732,-53.520485
3936,True,-28.892582,-30.096272,-32.588,-34.611607,-35.558525,-33.168636,-36.492325,-38.70862,-39.843445,-41.725952,-37.11712,-38.463245,-38.73294,-37.30822,-40.082516,-38.443157,-40.631443,-40.011272,-41.679344,-41.194653,-40.549866,-42.868103,-45.037323,-46.953766,-46.31203,-47.733517,-45.906673,-48.080574,-49.680756,-51.551685,-53.679398,-54.94804
3968,True,-29.559414,-28.781998,-32.47225,-33.472706,-36.414474,-33.087307,-38.97412,-40.911842,-45.039906,-41.677814,-39.964706,-41.067577,-40.113716,-38.04696,-35.50266,-36.47486,-40.13011,-40.276295,-40.34826,-42.271732,-43.667297,-44.621918,-44.531548,-45.622314,-46.407276,-48.019733,-48.337322,-46.352814,-50.100178,-51.918102,-53.508533,-54.08098
4000,True,-27.739552,-29.683506,-30.373001,-27.374813,-33.824142,-36.278034,-38.41574,-39.66725,-38.354336,-41.33747,-39.106457,-39.727707,-40.712883,-38.389973,-37.406136,-37.6678,-41.870403,-43.51091,-45.2454,-41.54779,-41.295296,-43.028873,-43.17686,-44.319923,-45.05332,-47.549076,-46.043644,-48.161846,-49.194557,-49.806805,-52.694374,-54.28399
4032,True,-32.46837,-34.878082,-32.92978,-35.020863,-35.070976,-36.163372,-37.61707,-40.1158,-38.498653,-44.122284,-40.80687,-45.089645,-42.95398,-40.224922,-40.05278,-34.901306,-37.811314,-42.556656,-39.469395,-40.369843,-40.223614,-42.61145,-44.55574,-45.47171,-44.979256,-46.70175,-46.78358,-48.47737,-50.529064,-50.480747,-51.72763,-53.592026
4064,True,-28.662872,-32.85457,-30.616219,-32.972218,-38.585102,-34.459583,-38.611267,-39.581524,-37.6243,-40.60273,-41.57653,-42.666092,-45.20929,-38.998383,-38.56892,-41.546154,-40.784973,-41.17844,-43.28342,-42.192947,-42.631115,-46.607674,-43.929863,-44.806847,-47.240986,-48.923954,-46.94033,-48.006653,-50.08188,-51.787067,-53.1267,-54.26715
4096,True,-30.680134,-30.86139,-32.780003,-32.81947,-35.015186,-37.142582,-38.21275,-37.267624,-41.077873,-38.66508,-37.255848,-38.379723,-41.518784,-37.574112,-37.313572,-37.211536,-38.438637,-39.46958,-41.814682,-45.643772,-44.133686,-42.386986,-44.939163,-45.132652,-45.495483,-46.318558,-47.52579,-48.468212,-49.62596,-51.401894,-52.811607,-55.10967
4128,True,-28.683062,-29.49833,-29.988749,-30.386734,-34.50471,-32.127045,-36.560604,-40.15407,-42.792473,-39.40856,-40.51811,-42.309666,-44.94239,-42.213387,-39.727615,-38.789543,-40.778923,-44.338203,-43.09343,-43.1694,-44.55872,-44.494114,-45.70919,-46.176983,-46.46512,-48.148888,-47.435207,-48.1108,-46.67046,-49.78117,-52.76558,-55.702587
4160,True,-26.926071,-31.48577,-35.782085,-36.222916,-38.208675,-34.86586,-41.14969,-36.39189,-35.464405,-36.95093,-38.746487,-38.75245,-38.401165,-37.431675,-38.58226,-38.483288,-39.159058,-40.72594,-41.862732,-43.150448,-40.977768,-43.54979,-45.634502,-44.58241,-47.021366,-45.854637,-47.89784,-50.78831,-51.64738,-52.75978,-53.638306,-55.326466
4192,True,-28.161476,-27.826109,-31.974878,-34.455246,-33.45598,-36.809933,-39.72993,-40.9901,-40.523945,-41.313026,-39.224915,-39.280315,-40.7631,-38.75562,-39.579365,-36.186207,-39.46173,-40.89318,-42.612034,-42.48886,-43.789474,-42.658543,-43.667442,-45.83255,-47.922703,-47.632824,-47.77332,-48.15872,-48.65961,-50.175346,-55.41817,-55.001198
4224,True,-31.09335,-30.743145,-31.203796,-36.545227,-40.24733,-36.955723,-40.730648,-38.869457,-38.82615,-40.545815,-43.43312,-42.86695,-38.404625,-38.447304,-38.104073,-37.970768,-37.587208,-39.562992,-41.106255,-43.926865,-44.076305,-44.472027,-45.656628,-45.837196,-45.207882,-48.286728,-49.383854,-50.646202,-51.701145,-51.45314,-52.84484,-55.429977
4256,True,-28.999657,-28.484905,-33.342777,-34.699623,-34.256653,-35.585682,-37.445126,-37.607773,-37.76985,-45.728397,-42.509148,-42.92173,-41.88408,-40.90343,-39.48436,-38.26473,-40.64331,-41.58909,-42.95829,-42.282314,-42.53071,-45.139523,-44.24822,-44.428936,-45.504166,-47.607975,-49.320503,-51.509663,-48.411354,-50.42734,-51.78602,-54.443527
4288,True,-29.342186,-30.224224,-28.458996,-33.011543,-37.45145,-39.61872,-37.6525,-41.055626,-37.584183,-37.438065,-38.765816,-41.507317,-39.492695,-39.107994,-38.521275,-38.301815,-39.50656,-39.426594,-41.341537,-40.46448,-41.954803,-42.988148,-43.16298,-43.115154,-42.80411,-48.148727,-47.042065,-49.34288,-49.698067,-51.871265,-51.488003,-53.86273
4320,True,-33.544514,-32.93393,-32.328415,-37.504566,-35.406116,-35.467617,-38.796043,-42.86741,-40.26715,-37.253613,-40.1108,-38.850235,-42.07997,-39.360615,-39.3516,-40.931667,-40.04738,-41.867172,-44.473454,-41.94449,-44.21978,-43.6341,-43.971695,-44.568043,-46.541805,-47.592297,-48.743027,-47.604946,-47.271362,-48.59469,-50.468582,-51.325333
4352,True,-31.28938,-32.98006,-30.065182,-29.427525,-31.483154,-34.999245,-37.693027,-37.375523,-41.109047,-38.5342,-43.158287,-40.776714,-40.769157,-40.092346,-38.02943,-37.305397,-39.172028,-38.44685,-42.669716,-41.348595,-41.123894,-43.753017,-44.36441,-44.377617,-45.85527,-47.31049,-50.24542,-50.44731,-50.17816,-52.9476,-52.15366,-54.428825
4384,True,-29.216423,-31.372322,-27.552353,-30.546764,-32.659966,-33.78839,-36.567974,-38.005642,-36.630558,-39.05531,-39.7057,-41.125637,-40.13153,-40.296265,-38.35613,-36.885246,-37.05903,-39.48843,-42.194176,-42.53664,-42.48964,-46.145554,-46.550545,-43.363567,-44.17479,-47.059856,-47.80292,-49.50112,-50.09335,-52.11286,-52.640846,-54.103523
4416,True,-28.705807,-31.130821,-29.330173,-33.13391,-37.261158,-36.964634,-36.449806,-40.096565,-38.075985,-39.50401,-41.377,-40.846157,-42.428265,-42.969013,-40.848206,-36.61897,-39.92309,-42.283844,-42.65625,-44.871426,-42.82854,-43.56227,-45.158176,-45.96973,-47.7313,-48.670044,-50.103348,-49.715405,-50.11807,-51.057884,-52.372314,-54.398224
4448,True,-29.40137,-36.343857,-34.87443,-34.509567,-34.63295,-33.63831,-36.264545,-37.709637,-38.047718,-39.9933,-39.4136,-39.928856,-41.819153,-39.775917,-38.032772,-35.202736,-38.887325,-40.394978,-41.30411,-43.8121,-46.324505,-46.736427,-45.320717,-45.600945,-46.90668,-49.829823,-49.445286,-49.773224,-51.331467,-51.88179,-53.334076,-55.323944
4480,True,-29.242168,-29.89585,-31.84226,-35.894897,-33.51212,-34.523636,-39.44334,-43.756317,-40.755753,-40.402367,-42.735977,-40.859146,-40.362926,-38.846745,-36.90761,-39.01854,-38.788498,-43.120705,-43.528343,-42.27384,-42.63477,-45.885433,-46.972622,-46.672592,-47.726265,-48.429966,-49.54498,-51.207047,-52.485508,-53.44562,-54.244095,-54.100994
4512,True,-31.014042,-28.611376,-28.139618,-33.14801,-37.020943,-36.755905,-37.41787,-37.011932,-36.440674,-42.682346,-40.2909,-38.534763,-41.79771,-40.40287,-40.081234,-37.572548,-38.97867,-40.440327,-41.406113,-43.509697,-42.025192,-44.23861,-45.902855,-44.876488,-47.66417,-49.091797,-52.015434,-52.14216,-52.965145,-52.60937,-53.559834,-56.592316
4544,True,-28.888647,-27.307587,-30.09455,-36.05477,-37.662754,-34.987278,-40.24496,-40.905804,-39.5129,-40.62071,-42.39203,-39.62685,-41.835514,-41.166237,-38.86469,-39.30252,-38.869926,-41.66376,-41.38277,-39.547256,-40.844925,-44.59651,-45.76516,-44.930305,-47.733685,-50.17441,-51.401554,-50.17036,-51.539314,-52.986862,-54.640556,-54.898308
4576,True,-29.693169,-31.927322,-31.444904,-32.52088,-34.44813,-35.337303,-38.55781,-40.5833,-40.42259,-42.23419,-39.62544,-39.885143,-40.229336,-37.4278,-38.953167,-39.73037,-40.46396,-40.266693,-42.90625,-44.67642,-43.593235,-45.168045,-46.461006,-45.853836,-46.30661,-48.755627,-48.71122,-50.135937,-50.06427,-51.24073,-53.449615,-55.794178
4608,True,-30.893562,-32.123974,-30.977747,-30.439575,-33.853115,-34.33654,-37.603004,-38.874798,-39.18763,-39.45585,-40.000072,-43.12057,-45.043583,-40.198803,-38.114685,-39.203697,-39.41611,-40.491505,-45.72946,-39.65349,-42.48336,-43.90118,-46.899487,-46.345467,-46.8194,-49.126987,-49.54294,-50.50154,-52.631943,-52.92347,-53.578682,-57.412342
4640,True,-35.569466,-33.352604,-29.301338,-31.65124,-32.399498,-32.47773,-36.327057,-34.899612,-38.858097,-36.815224,-37.201157,-41.033363,-39.923843,-38.70928,-38.422424,-39.32739,-41.546444,-38.94263,-41.594566,-42.36001,-42.434944,-44.43397,-46.914864,-46.33496,-47.414825,-50.564987,-50.91902,-52.00691,-52.835075,-54.51953,-55.62487,-56.99054
4672,True,-30.29126,-31.961193,-32.94907,-32.835243,-33.35384,-30.835434,-41.01702,-39.579803,-38.80889,-38.459293,-39.496475,-38.20796,-38.88006,-39.754494,-42.027397,-37.51285,-39.35335,-41.046455,-42.561455,-43.375874,-43.26792,-44.36552,-46.229263,-48.55385,-47.42422,-49.930946,-50.013832,-50.550682,-52.102043,-53.055573,-54.960648,-57.166462
4704,True,-31.509933,-29.873089,-34.280273,-35.67675,-37.31774,-36.5296,-41.892395,-39.116524,-38.146797,-42.524067,-41.291214,-38.80987,-38.013683,-38.268787,-40.174637,-39.997032,-41.1112,-41.081436,-41.6334,-42.83897,-42.42131,-43.083183,-46.054405,-45.546906,-49.690567,-49.8638,-49.71746,-52.192627,-53.148514,-52.347908,-54.567333,-56.882347
4736,True,-30.371346,-31.242886,-29.858782,-33.200462,-35.440033,-36.829887,-37.976852,-36.720142,-35.438747,-37.897026,-42.866386,-39.68068,-39.377808,-40.962585,-39.57766,-35.83867,-38.9993,-42.701645,-43.931908,-43.797104,-44.59813,-46.023792,-47.362408,-46.05221,-47.78363,-48.858017,-48.991737,-51.984535,-53.66307,-53.541946,-54.995102,-57.37639
4768,True,-31.783266,-28.696077,-31.247948,-31.625319,-38.373047,-36.60804,-39.12998,-39.59572,-41.612225,-42.382607,-43.996506,-38.478676,-42.052032,-41.996502,-39.566006,-38.063457,-40.581783,-40.06988,-42.745613,-43.91602,-44.044365,-45.373592,-47.13997,-44.89129,-47.229507,-50.413403,-50.93534,-52.156334,-53.73142,-52.81688,-56.61567,-57.554565
4800,True,-28.90189,-31.497738,-30.19099,-34.937737,-34.878315,-33.13513,-40.47461,-35.23582,-34.660316,-39.23401,-40.49147,-38.26621,-40.453423,-41.833237,-41.334133,-37.6017,-39.31631,-41.888676,-41.702343,-44.786995,-44.41498,-45.212013,-48.642998,-47.699745,-48.5433,-49.68584,-51.322044,-52.9116,-52.78889,-53.397743,-54.70115,-58.50965
4832,True,-29.091932,-29.616634,-31.454262,-37.149834,-32.67788,-31.730757,-36.84958,-36.98505,-36.108208,-42.202904,-39.029175,-40.215336,-38.15883,-41.949974,-42.679077,-39.42364,-39.024612,-41.716766,-43.48093,-44.364513,-43.123207,-43.564476,-44.388195,-46.260925,-47.21706,-49.16549,-50.823174,-51.39395,-52.85068,-54.13414,-54.90013,-57.393017
4864,True,-26.298561,-28.552307,-29.641943,-36.104523,-33.09805,-32.74768,-36.879963,-31.12939,-33.148914,-39.00806,-40.469246,-33.762333,-35.053497,-36.43769,-34.025093,-31.206244,-26.986525,-30.804636,-40.91291,-40.795708,-41.952774,-41.161785,-40.683025,-40.818024,-43.87172,-38.777126,-39.28391,-35.850006,-27.546518,-26.57892,-30.987991,-33.029762
4896,True,-29.722252,-32.049095,-34.157776,-34.610363,-33.58548,-29.013504,-35.86133,-33.29613,-32.942078,-41.35714,-41.710693,-37.533802,-38.124424,-38.57307,-38.447136,-40.13314,-35.489536,-37.43714,-42.3524,-43.282375,-42.38751,-43.573616,-45.20733,-46.4381,-47.45945,-47.111706,-45.513035,-44.338097,-40.18827,-41.596752,-42.831444,-44.04792
4928,True,-29.705593,-33.016594,-33.421753,-32.859837,-30.984383,-30.948845,-37.697647,-38.88739,-40.39267,-40.2698,-42.235332,-40.643707,-42.47499,-41.774944,-39.54083,-35.756268,-39.970116,-42.80503,-45.23569,-43.200764,-40.738544,-42.867775,-45.91389,-46.213432,-49.124355,-49.802864,-50.067215,-50.46621,-46.38613,-46.58447,-49.915638,-50.078033
4960,True,-30.302948,-31.640396,-28.57162,-30.305378,-34.68083,-30.653181,-37.82562,-38.566242,-39.064034,-41.416504,-40.076294,-39.00684,-38.405716,-38.492004,-39.211887,-40.319168,-40.766075,-42.304924,-41.760212,-41.577755,-42.03163,-44.90288,-47.101368,-47.428047,-47.08261,-49.82109,-51.02587,-50.284767,-48.530537,-49.95452,-52.144806,-54.69675
4992,True,-35.737778,-32.09292,-29.542427,-31.857197,-33.229282,-30.666885,-36.45332,-37.619675,-39.519966,-39.52355,-42.59392,-45.490795,-40.48137,-41.40125,-43.21556,-35.632824,-37.986626,-40.140846,-42.510532,-44.198345,-43.658833,-44.133205,-47.36264,-47.06727,-46.37752,-49.296677,-48.824497,-49.191204,-49.798588,-51.424133,-52.744556,-55.62171
5024,True,-33.16633,-31.649675,-33.461323,-33.642838,-34.117947,-32.252373,-36.928535,-38.625046,-42.705215,-42.769855,-40.679214,-40.264175,-38.711456,-40.108852,-40.048103,-38.727905,-39.65908,-41.224255,-42.052315,-42.043766,-44.558693,-42.92762,-44.69446,-46.55951,-48.086315,-47.733,-49.503044,-50.526466,-50.502247,-51.690094,-53.83534,-54.84991
5056,True,-28.935328,-31.201908,-31.092419,-32.5841,-33.11384,-32.279285,-36.466057,-37.85623,-40.303402,-39.852364,-40.06512,-41.921383,-40.633198,-41.371365,-40.755367,-42.17517,-40.004265,-40.49316,-43.43663,-43.60833,-46.132465,-41.872257,-43.442646,-46.0116,-47.340584,-48.176266,-48.715042,-50.623898,-51.226624,-52.2966,-53.470364,-55.211647
5088,True,-35.013042,-29.82286,-34.032814,-33.486473,-36.417843,-35.462887,-39.862305,-39.84101,-40.889454,-42.911087,-39.858208,-41.5077,-41.49942,-40.133484,-41.594963,-43.097454,-41.41659,-40.185097,-42.529213,-43.886696,-43.47479,-43.065758,-45.43545,-45.644756,-47.732014,-48.75849,-48.698006,-51.710182,-50.68651,-51.783707,-51.081432,-53.055897
5120,True,-32.57457,-29.6567,-32.094734,-36.54029,-38.013187,-37.857307,-41.190956,-39.37532,-40.51892,-37.694252,-40.33327,-38.77046,-37.013752,-38.502506,-39.088707,-38.97011,-40.018345,-39.3029,-41.578644,-42.28001,-45.47153,-43.252724,-44.840805,-44.378666,-47.999405,-48.694016,-47.367306,-49.00395,-50.090508,-51.733154,-51.07613,-53.169407
5152,True,-27.968113,-32.582397,-31.766571,-32.584328,-34.82625,-34.12769,-36.116657,-41.929707,-38.852654,-36.99431,-41.48769,-38.27975,-39.408348,-39.920246,-40.25198,-39.182266,-40.782604,-42.26487,-42.22676,-43.93469,-44.071373,-42.98216,-43.544163,-43.281334,-44.94285,-45.863655,-46.568108,-47.766464,-47.995888,-49.400173,-51.50837,-53.95389
5184,True,-28.144897,-29.608578,-30.340235,-36.23285,-34.481834,-30.054874,-37.283707,-40.921616,-36.483112,-41.0102,-43.326717,-41.011635,-39.782455,-40.082436,-37.660484,-39.067806,-40.68543,-41.082764,-43.083473,-42.58135,-43.467976,-44.244926,-44.440018,-44.653008,-43.593296,-46.26024,-46.569145,-48.96463,-50.048492,-50.255302,-53.097134,-54.38794
5216,True,-28.504164,-32.932575,-34.433006,-31.989012,-34.466312,-32.942844,-37.47112,-39.58308,-39.99756,-39.742348,-38.80657,-38.42819,-41.679073,-43.037582,-42.077644,-39.31418,-39.582695,-41.5703,-41.32042,-42.659866,-43.965645,-42.5829,-43.525066,-44.14456,-44.751324,-46.307407,-46.43235,-48.975876,-47.559906,-48.606625,-51.69956,-54.519455
5248,True,-27.581276,-31.957691,-32.52497,-33.680714,-34.75841,-36.17257,-36.467476,-37.618286,-35.090176,-39.67911,-41.712227,-45.61133,-38.18711,-39.184658,-40.811028,-39.48712,-39.674725,-42.37455,-42.031937,-42.647392,-43.83978,-45.747986,-44.68637,-45.656174,-45.193466,-46.998154,-47.917103,-49.45801,-48.507156,-48.557514,-50.249535,-53.28396
5280,True,-31.188469,-31.390392,-29.250834,-32.019276,-33.513157,-32.68586,-40.219315,-41.056118,-38.081947,-41.022705,-39.462967,-38.549362,-40.05046,-42.185394,-40.45278,-38.33429,-38.64962,-42.856403,-44.20417,-44.17526,-46.591488,-42.71873,-42.981815,-43.910984,-46.449287,-47.24197,-45.256783,-48.330154,-49.30812,-48.73482,-51.531086,-55.445637
5312,True,-30.200142,-35.466915,-34.724342,-36.029163,-32.595562,-31.347525,-36.643227,-38.52353,-38.86046,-44.419994,-39.748425,-36.296547,-41.27119,-41.80079,-40.368443,-36.98665,-38.951866,-43.260555,-42.24361,-44.019897,-46.069252,-44.611683,-46.020508,-43.551956,-44.44962,-45.351593,-47.836304,-48.941223,-49.894444,-50.74547,-52.22001,-56.219437
5344,True,-33.855064,-33.040764,-33.688114,-31.652214,-31.319965,-31.748543,-35.14016,-38.29837,-36.75326,-38.801197,-41.18416,-42.45001,-42.5549,-39.74637,-39.842735,-40.718784,-40.107903,-42.261738,-44.01114,-44.451084,-43.64026,-42.419212,-43.472294,-43.016277,-43.592613,-45.56102,-44.67381,-50.330196,-50.791046,-49.03715,-51.132797,-54.86878
5376,True,-30.021713,-28.450035,-29.488987,-28.921574,-34.966446,-35.520035,-33.87423,-37.961166,-38.294186,-38.17925,-40.9465,-36.28817,-35.97505,-41.137604,-40.950256,-36.214336,-38.118355,-43.20381,-43.744537,-42.239876,-44.630753,-42.874584,-43.333397,-43.26702,-44.57267,-46.38828,-46.78913,-48.37812,-48.60277,-49.878307,-50.821945,-52.76818
5408,True,-32.086784,-33.966576,-32.12438,-33.148876,-34.300312,-31.795143,-34.66199,-37.2714,-36.58859,-40.243908,-39.722324,-43.05667,-41.356464,-38.1001,-39.59077,-39.034615,-38.424145,-41.237534,-42.036407,-42.61692,-43.99265,-41.892284,-43.008846,-41.581497,-43.56926,-45.10112,-45.30551,-45.643047,-48.242687,-49.62475,-50.81638,-50.970154
5440,True,-32.368996,-32.01549,-31.401031,-32.465446,-32.840546,-31.10926,-36.021076,-38.83184,-38.56901,-41.67831,-41.779686,-40.219597,-41.601673,-40.164738,-39.18012,-39.26047,-41.13585,-42.14416,-41.830635,-42.369804,-43.79593,-43.41453,-43.174747,-41.683384,-43.02275,-46.190914,-45.272377,-48.72113,-47.990334,-49.974308,-52.844116,-54.363922
5472,True,-30.964245,-35.61219,-32.945526,-32.126747,-31.42286,-32.87635,-40.955284,-43.878616,-36.59687,-39.750156,-39.601704,-41.2623,-43.78052,-39.729946,-43.169106,-38.656338,-39.549267,-40.85576,-44.56005,-41.530174,-42.651424,-44.214382,-43.9,-42.92574,-44.759743,-46.138073,-45.71194,-48.69789,-48.042828,-47.561623,-51.72856,-54.199486
5504,True,-31.932001,-34.42714,-30.239353,-29.911081,-33.716892,-33.587833,-38.2472,-40.998898,-39.003155,-39.68979,-46.505222,-44.01436,-41.85541,-42.247383,-41.727825,-43.227886,-40.12101,-39.204117,-41.874866,-42.40184,-41.81824,-42.778137,-44.787766,-43.055416,-43.531796,-44.33436,-44.96784,-47.216908,-48.615685,-48.999004,-51.065376,-52.116028
5536,True,-28.522455,-32.46242,-31.588058,-34.47386,-35.158916,-31.70741,-36.325222,-39.796234,-38.59711,-40.43537,-42.266087,-39.66188,-39.05968,-41.40657,-39.493546,-39.816402,-39.05119,-40.651917,-41.931564,-42.734432,-43.235756,-44.279915,-44.048424,-43.250828,-43.508537,-45.538033,-45.366707,-46.212204,-47.49031,-49.059402,-52.434536,-52.244858
5568,True,-26.268766,-32.453484,-29.689741,-33.813625,-30.791819,-34.88149,-37.604446,-38.11012,-42.256157,-39.722267,-41.280304,-40.534588,-37.85105,-39.88743,-41.9199,-38.624603,-39.811718,-43.313477,-44.943626,-44.02295,-41.460094,-42.35081,-43.62294,-41.887688,-42.065033,-47.5401,-46.99566,-46.144577,-47.48007,-49.396896,-51.611725,-50.720882
5600,True,-29.904959,-31.272966,-29.011932,-33.576504,-34.039253,-38.698257,-43.078808,-39.75073,-37.69711,-39.756435,-37.614594,-38.18696,-39.345768,-40.319847,-39.751057,-36.733295,-38.48816,-41.832943,-42.186428,-44.224697,-42.458363,-42.196686,-44.17482,-44.070442,-45.028976,-45.68901,-44.449345,-46.984222,-47.37475,-49.87366,-51.449944,-50.92899
5632,True,-29.972647,-32.52992,-28.574083,-31.048853,-33.46792,-32.977295,-35.062386,-36.37462,-35.557465,-40.334335,-41.40774,-41.849846,-41.65028,-38.50522,-41.370335,-38.191875,-40.838814,-40.55243,-43.139225,-43.953304,-44.6836,-42.395267,-43.347683,-41.60948,-43.645943,-44.378353,-43.64262,-48.792385,-47.889023,-48.211937,-52.737812,-52.3361
5664,True,-30.00338,-31.80626,-28.70021,-30.969217,-31.478165,-33.30679,-34.19437,-36.141838,-42.07779,-37.202896,-39.538483,-39.719532,-37.54296,-37.952225,-38.674458,-34.561157,-38.21952,-42.123264,-41.857468,-42.27449,-42.323784,-42.45141,-43.603813,-43.48747,-43.40351,-43.558395,-44.674686,-43.72928,-47.021446,-47.87381,-51.269745,-52.062115
5696,True,-28.707039,-33.70497,-32.495045,-34.354042,-33.388325,-35.3543,-44.805405,-40.51598,-37.974346,-41.218113,-39.60156,-38.909435,-37.812298,-37.413822,-38.401302,-40.49169,-40.48986,-40.406113,-43.515415,-44.48803,-43.60849,-44.24259,-43.0921,-44.38903,-44.228725,-44.06204,-44.54371,-44.99694,-46.638256,-48.013603,-52.198177,-52.15764
5728,True,-30.142458,-32.32559,-31.239874,-33.797005,-36.27751,-33.88105,-35.804703,-35.342678,-37.578724,-36.509968,-37.238804,-37.33135,-39.562622,-41.73492,-39.736065,-37.036583,-38.65232,-39.258255,-43.271942,-44.65381,-44.304543,-42.98236,-43.479553,-42.26394,-43.83057,-45.9116,-46.397854,-47.05753,-48.230392,-47.953438,-52.96231,-51.972107
5760,True,-29.22672,-29.563772,-35.243584,-33.134315,-32.664886,-33.30957,-37.792477,-38.009903,-39.101204,-36.55652,-42.237095,-44.561916,-40.9528,-40.126728,-41.70738,-39.721844,-39.28793,-42.632652,-44.19911,-43.48121,-43.435783,-44.106857,-44.343758,-42.82708,-45.41546,-45.59977,-45.979076,-48.982006,-47.539352,-48.052612,-51.87928,-50.96514
5792,True,-29.173632,-33.041607,-31.550358,-35.393135,-35.94306,-34.608673,-35.64069,-36.834656,-37.26232,-38.10581,-40.249,-42.619724,-41.097496,-39.503845,-38.33672,-39.27909,-42.31682,-41.700943,-43.25831,-43.72681,-43.70823,-44.924896,-42.943703,-42.06707,-43.616158,-44.86447,-46.559418,-49.11837,-49.50116,-49.42885,-52.062,-51.38399
5824,True,-27.400953,-28.772667,-31.081905,-32.38843,-33.13682,-33.594322,-39.924995,-37.171906,-37.036892,-39.224842,-42.849197,-39.487785,-39.496292,-40.893097,-40.37935,-38.262207,-41.17475,-42.074623,-43.885773,-43.04512,-42.207024,-44.525105,-42.239346,-43.3045,-45.119442,-44.759193,-46.97197,-46.86171,-47.891388,-47.90989,-52.868633,-53.181366
5856,True,-28.333559,-32.572052,-33.72681,-32.075912,-34.067055,-34.487225,-36.357674,-41.189293,-37.02916,-36.948902,-35.622116,-39.666332,-40.035774,-37.41398,-40.41948,-42.054287,-45.850075,-43.07333,-42.05498,-44.55464,-43.585754,-43.84806,-43.785877,-42.7332,-43.649845,-47.3422,-45.94687,-47.580494,-49.196793,-50.670357,-53.30524,-54.353485
5888,True,-29.875992,-30.871391,-31.37547,-31.274412,-36.57277,-36.92204,-36.455452,-37.295815,-35.974598,-40.357452,-40.134857,-38.53263,-38.834965,-38.078518,-40.254166,-42.29985,-41.86454,-41.950375,-41.646442,-42.853504,-43.84438,-43.707603,-42.907375,-42.662323,-44.08055,-46.40963,-45.42759,-47.714066,-48.35062,-49.719406,-51.499397,-53.67106
5920,True,-28.491285,-33.703735,-33.627552,-35.295452,-34.55916,-33.993835,-36.838135,-38.841103,-37.12515,-41.407413,-39.41264,-40.70153,-42.27809,-39.202778,-37.25653,-40.15708,-39.823547,-39.96717,-42.898563,-45.831123,-45.29249,-44.121902,-44.242928,-43.083664,-44.31465,-46.83219,-47.18733,-49.12568,-49.920547,-50.829308,-52.74772,-54.876743
5952,True,-32.442585,-30.878521,-29.693632,-33.037117,-34.003098,-32.451756,-34.84087,-31.621227,-31.343681,-36.71907,-37.808792,-35.554432,-37.061302,-38.02972,-34.630478,-32.363785,-29.118618,-32.410366,-41.224777,-41.532936,-40.473972,-41.51728,-41.33725,-42.387012,-43.629475,-39.97072,-41.89332,-38.4441,-29.506262,-29.223858,-33.47695,-35.688057
5984,True,-28.77827,-31.760752,-32.19711,-32.444126,-30.658686,-28.77501,-34.036293,-30.135704,-30.995087,-39.582787,-37.461365,-38.59324,-39.441742,-40.99207,-39.512917,-38.077435,-34.882282,-37.763462,-40.34111,-42.17077,-40.74819,-43.119846,-44.42574,-44.373634,-44.532883,-43.47933,-42.163666,-42.48391,-37.579533,-38.696735,-40.015305,-41.33566
6016,True,-28.4926,-27.990358,-31.015741,-33.38996,-31.405628,-31.705801,-37.51079,-36.998642,-36.344112,-38.15639,-38.164333,-39.00531,-39.5019,-39.064342,-40.153343,-39.3178,-39.84441,-43.778618,-42.44114,-42.947353,-43.745785,-44.18879,-45.067173,-42.741642,-44.381058,-46.40899,-45.580505,-46.750492,-46.386875,-46.297394,-48.165688,-49.920128
6048,True,-32.932934,-33.089817,-26.161478,-33.44243,-34.18242,-32.37759,-35.01796,-38.286644,-33.193924,-39.064453,-42.16156,-37.686737,-40.371494,-38.145206,-37.069653,-37.436584,-41.195198,-44.586052,-44.091015,-44.189766,-42.640778,-44.1186,-43.649067,-44.63101,-44.689026,-46.330303,-46.731903,-48.159237,-47.88314,-50.62461,-51.94324,-53.90207
6080,True,-31.433962,-31.08139,-31.706705,-35.51841,-37.106007,-34.420925,-34.73948,-38.991768,-39.68074,-37.61401,-36.935047,-39.401546,-40.562862,-34.91713,-34.773987,-36.324963,-39.62286,-40.21545,-42.225704,-45.049484,-47.38007,-43.76114,-43.486103,-43.163723,-46.857967,-46.01862,-46.830975,-49.156918,-49.82778,-50.65296,-53.42363,-54.675312
6112,True,-30.723248,-29.589046,-32.60158,-31.057241,-34.429512,-32.77165,-38.272015,-40.689156,-42.658333,-37.54966,-43.401115,-37.570576,-38.291496,-40.63736,-39.106007,-36.913677,-39.314293,-42.036194,-43.823517,-43.224304,-46.071083,-47.57795,-47.33183,-45.061966,-44.92536,-46.254112,-48.688065,-48.77762,-49.835022,-50.322884,-52.00436,-54.616547
6144,True,-27.8786,-30.97342,-33.46461,-33.51655,-35.85227,-37.52737,-37.063557,-37.4323,-38.574444,-41.184616,-41.539883,-44.823593,-39.145763,-37.575417,-36.49927,-38.69947,-40.65242,-41.178402,-43.820248,-44.796913,-46.223988,-46.91576,-45.90863,-46.925476,-46.036232,-46.03603,-49.33937,-50.183,-50.1772,-49.845127,-52.549187,-53.690666
6176,True,-31.681433,-33.84932,-33.897213,-35.692932,-32.806526,-35.2269,-35.511173,-42.591827,-42.62017,-38.578514,-40.978973,-39.775227,-42.498276,-38.415997,-37.972073,-40.004597,-39.30586,-42.564568,-45.22728,-42.99414,-43.912132,-42.437004,-44.138268,-45.238987,-45.701057,-48.26413,-48.98273,-49.369503,-50.481342,-51.471275,-54.94655,-54.842243
6208,True,-30.630102,-38.151554,-34.363754,-32.385246,-34.377808,-33.08807,-35.569386,-39.115353,-36.78128,-42.200584,-38.58582,-40.806854,-40.67821,-40.374416,-39.92275,-37.63156,-39.228786,-42.542595,-42.677418,-42.60729,-43.35133,-43.38582,-44.275795,-43.424816,-45.31391,-48.426903,-50.10685,-49.827568,-50.14733,-52.111374,-53.551933,-53.825397
6240,True,-28.8365,-32.065678,-31.70979,-33.577362,-34.93475,-36.33417,-37.639584,-39.067078,-38.17894,-40.060688,-40.22675,-39.145588,-40.675446,-40.021263,-37.348797,-36.149715,-39.14951,-40.286274,-44.24221,-43.367085,-46.543915,-44.00516,-43.562088,-45.25039,-45.569534,-47.0018,-48.837563,-48.351906,-49.258846,-50.186024,-52.57454,-54.184536
6272,True,-28.9526,-32.329613,-33.187843,-32.23295,-35.200485,-33.3057,-34.760925,-40.498543,-40.753117,-37.728558,-39.32498,-43.361736,-39.514038,-39.272816,-40.549698,-36.628887,-38.648827,-39.96368,-44.787407,-42.493195,-42.665176,-44.130615,-43.8557,-44.151917,-43.761597,-47.58561,-48.156567,-48.690193,-50.195396,-52.17964,-53.58713,-52.842674
6304,True,-31.576403,-32.034286,-34.33264,-32.170918,-35.287674,-35.752216,-36.229027,-41.39176,-40.26622,-41.279255,-41.7346,-41.33768,-40.765945,-38.922096,-40.86462,-41.199768,-41.773293,-40.57235,-43.053925,-43.586586,-44.10647,-42.64225,-44.61277,-45.58056,-48.130356,-47.171024,-49.21872,-50.49547,-51.175835,-52.051437,-54.515602,-54.14062
6336,True,-31.50898,-30.908678,-33.138348,-34.189583,-33.526424,-36.21513,-36.19883,-37.99346,-34.24649,-39.035545,-39.057808,-41.47606,-39.292614,-39.418457,-41.83699,-39.433956,-38.961346,-41.968613,-45.02068,-43.79356,-44.71697,-43.930058,-43.63211,-44.199425,-43.919903,-48.61167,-49.729694,-47.535767,-51.291435,-52.14399,-52.46943,-54.253174
6368,True,-28.00095,-31.461823,-32.29396,-34.566864,-34.628834,-33.281216,-36.026722,-37.652317,-39.675564,-37.369293,-38.7393,-38.717598,-38.564034,-36.94786,-38.768505,-38.27509,-38.51994,-39.917686,-45.237488,-44.447426,-44.66765,-44.534508,-44.29878,-44.98577,-44.891136,-47.353825,-50.47029,-50.02215,-51.133232,-52.36319,-51.748253,-54.229664
6400,True,-29.799019,-30.350952,-31.571424,-32.86628,-33.986572,-36.078003,-34.551197,-34.593628,-37.93583,-36.37855,-40.229683,-41.66333,-39.625248,-40.47328,-42.9396,-36.59915,-38.207695,-41.04953,-38.585327,-43.486298,-45.018517,-45.021927,-46.230183,-43.22367,-46.78189,-48.157593,-50.356518,-49.389427,-51.741795,-52.19104,-53.72909,-54.101204
6432,True,-29.984934,-32.11432,-34.009785,-34.78781,-34.545868,-32.601097,-41.84093,-41.769844,-36.959194,-41.732132,-35.933434,-38.78428,-41.290672,-38.01841,-41.99015,-37.56919,-38.286568,-42.98018,-43.961407,-43.54789,-44.347023,-44.77326,-45.035057,-46.76382,-46.562218,-47.452698,-50.18741,-50.49273,-51.929302,-51.8397,-54.393238,-57.633625
6464,True,-27.97575,-33.04492,-31.897478,-31.536255,-32.623936,-33.165695,-34.281208,-41.52143,-41.310886,-41.56443,-39.987644,-38.69655,-41.803814,-40.14318,-38.653366,-42.68895,-42.42649,-42.2632,-43.110245,-43.493652,-44.105507,-45.691128,-46.385746,-45.101555,-45.73559,-48.268257,-48.905,-49.351913,-51.381493,-53.380554,-53.94207,-56.6472
6496,True,-27.437151,-31.468401,-27.587107,-28.647778,-30.930824,-35.625687,-38.06353,-36.662582,-37.339836,-41.775055,-41.802364,-42.928032,-44.843292,-39.793056,-37.51741,-38.17881,-41.36082,-40.638103,-43.348026,-44.990425,-43.490925,-45.11002,-47.377953,-47.86647,-48.571148,-47.864563,-49.23255,-49.93756,-50.746666,-50.952614,-53.318367,-53.128098
6528,True,-26.161749,-29.679708,-32.56114,-34.38037,-37.581024,-34.55546,-34.513134,-36.197,-37.029186,-41.531357,-43.56499,-40.093285,-38.943413,-39.336212,-39.030003,-37.90675,-39.90899,-40.802086,-44.961586,-45.90065,-45.333714,-44.19909,-47.043785,-44.63955,-46.03127,-49.885765,-49.76196,-48.85988,-48.946236,-51.586147,-53.6922,-54.834686
6560,True,-27.776632,-31.578283,-32.41411,-34.548565,-33.049294,-35.277588,-40.29983,-41.305676,-36.45691,-39.32332,-41.07742,-43.189297,-40.208797,-38.681152,-39.065823,-40.84013,-38.679607,-40.942837,-42.599545,-44.89305,-46.23874,-43.421158,-44.731617,-46.943645,-49.493237,-50.021088,-50.127556,-50.79537,-51.384483,-52.15401,-54.01825,-55.167915
6592,True,-30.291286,-32.981865,-33.222843,-31.285822,-32.05258,-39.105255,-42.995216,-38.782806,-37.674557,-41.853104,-38.835407,-36.813805,-43.00476,-39.175068,-36.279217,-35.122562,-38.25734,-39.893112,-41.30901,-42.986893,-43.70447,-43.52848,-47.355686,-47.082497,-48.274315,-50.19218,-49.483284,-49.18705,-51.772655,-52.6996,-54.64971,-55.92212
6624,True,-28.495161,-31.319666,-31.843254,-30.767363,-35.101868,-34.04945,-38.011,-38.979755,-42.440342,-40.399963,-38.729942,-39.747013,-39.19123,-38.04304,-38.450893,-36.25535,-38.474556,-41.88734,-40.35229,-42.99278,-42.81897,-43.9494,-44.738808,-44.908417,-47.847668,-49.25653,-49.278145,-51.097866,-51.685287,-52.45132,-55.326294,-55.557972
6656,True,-26.581284,-32.513283,-27.021341,-31.67877,-36.3599,-33.75109,-36.5139,-40.077744,-38.11454,-38.079227,-39.957134,-39.32679,-38.246723,-41.122242,-36.65456,-36.876358,-41.51964,-42.814674,-44.81546,-44.8729,-42.23988,-43.529648,-45.014717,-45.966587,-47.349735,-49.98795,-49.642532,-50.38372,-52.70405,-51.267227,-53.11913,-55.271072
6688,True,-28.96511,-33.594814,-34.27046,-30.68918,-34.54405,-34.815277,-39.01703,-39.25927,-39.771355,-38.33899,-40.747738,-38.587242,-38.74216,-38.808327,-37.637337,-32.99945,-37.56829,-41.95641,-41.10929,-43.39612,-41.89476,-42.11986,-45.70128,-45.091087,-44.943176,-48.795784,-49.368176,-51.12594,-51.20956,-51.44253,-53.33946,-53.48501
6720,True,-28.231955,-32.125523,-31.463003,-30.727499,-33.905407,-33.200436,-39.236942,-39.516693,-36.55498,-41.935173,-42.150085,-40.337143,-41.537453,-37.272934,-35.696423,-41.45379,-42.0903,-39.91681,-44.635998,-42.239075,-43.59316,-44.46358,-45.250317,-46.007576,-46.425915,-46.91866,-50.184944,-49.86942,-52.99809,-54.66088,-54.001663,-56.08648
6752,True,-33.21534,-35.308384,-33.874912,-34.168106,-38.527447,-36.44712,-39.414375,-39.354828,-36.59676,-36.077923,-38.945385,-39.920185,-35.697166,-35.07236,-36.91111,-37.685486,-38.458473,-37.861595,-41.6301,-46.271675,-44.12813,-44.33527,-46.82018,-46.1517,-45.47913,-47.65264,-48.969177,-48.59292,-51.7275,-53.234257,-52.903725,-53.947693
6784,True,-30.99493,-31.202305,-28.828861,-30.911499,-36.28955,-34.818302,-35.21893,-36.710022,-40.830654,-43.17991,-39.8772,-41.86744,-38.25893,-36.165955,-38.17643,-40.603004,-40.066544,-42.864883,-43.728046,-43.633934,-42.750122,-46.872498,-45.96594,-46.5416,-46.490788,-48.41093,-48.841305,-50.400322,-51.487183,-51.5754,-52.556313,-55.184204
6816,True,-30.556887,-32.194527,-37.04014,-32.933197,-34.23369,-37.431217,-38.551548,-42.297485,-46.478928,-42.16293,-39.42742,-38.979004,-40.819145,-40.010487,-37.035557,-37.357628,-41.03748,-44.027058,-42.050224,-43.798134,-45.05236,-45.88442,-45.99591,-45.39611,-46.032578,-48.108,-49.109882,-49.560387,-52.781948,-51.85667,-54.241543,-55.088852
6848,True,-27.657238,-33.966717,-30.860325,-34.334015,-37.53614,-36.53139,-41.0815,-39.312798,-37.245056,-44.5277,-41.528873,-39.498936,-39.723644,-36.45543,-36.060375,-36.26061,-39.03497,-39.678238,-42.94943,-43.653408,-43.387947,-44.85281,-46.137966,-44.046497,-45.121616,-47.813725,-47.411118,-47.955948,-51.06549,-52.885784,-52.895035,-54.98558
6880,True,-28.535929,-31.780169,-31.89496,-30.695309,-33.381367,-35.362602,-39.095875,-39.381527,-35.97062,-41.62827,-42.049477,-38.998077,-42.00715,-37.519257,-38.72398,-43.00866,-37.75614,-40.83509,-41.918713,-40.7057,-42.182827,-44.573055,-45.41431,-46.644897,-47.489567,-48.284893,-48.776512,-49.087334,-51.915596,-51.09266,-50.064697,-55.76961
6912,True,-28.780697,-29.964897,-30.150747,-32.001194,-35.66655,-34.863693,-40.352383,-37.85669,-37.462315,-41.149162,-41.299515,-39.08236,-38.710236,-36.246365,-39.935936,-41.060635,-40.645348,-41.49269,-41.098755,-42.46422,-44.234825,-43.375706,-42.20851,-45.44336,-46.70349,-49.113125,-49.205925,-48.895744,-50.925827,-50.84126,-53.64733,-54.103275
6944,True,-30.606216,-31.419132,-29.754839,-32.96398,-37.447826,-35.242844,-40.76672,-42.6464,-36.11007,-38.152992,-40.366173,-41.466465,-42.9037,-39.56105,-41.453964,-39.28482,-39.14498,-38.56616,-43.481594,-41.658558,-43.998848,-43.118305,-45.07966,-46.29951,-48.37442,-48.998913,-48.175316,-49.966778,-52.065758,-52.269268,-53.00492,-54.65193
6976,True,-29.703615,-29.310883,-25.314638,-30.056791,-34.799477,-36.991726,-37.370438,-38.850258,-38.442795,-34.39355,-38.621735,-40.3496,-41.13937,-42.406002,-43.07432,-36.29598,-37.347683,-41.107445,-42.85695,-42.440678,-43.655567,-42.970917,-45.35978,-47.835327,-47.393654,-48.886166,-48.7985,-50.17874,-50.221603,-52.252563,-54.220512,-55.719124
7008,True,-30.44313,-31.214989,-32.601795,-31.511538,-35.32527,-36.737526,-37.48142,-38.20106,-35.81077,-37.11698,-37.893127,-40.25689,-44.188686,-40.334034,-39.08243,-38.523155,-39.6191,-42.2984,-41.890125,-44.75731,-42.237896,-43.596363,-45.93513,-45.642593,-48.06139,-48.619453,-49.9862,-50.710987,-51.912273,-52.07685,-53.299564,-56.569057
7040,True,-29.309828,-31.701107,-33.886997,-31.231869,-30.661385,-27.447712,-37.623924,-32.985435,-34.82515,-35.137436,-38.086086,-41.323265,-41.073654,-38.367943,-35.12079,-33.05559,-31.172482,-36.45968,-39.819283,-42.178646,-42.693882,-41.479645,-43.893246,-42.685104,-45.452633,-44.912674,-44.074196,-39.875877,-32.149254,-30.885857,-35.815887,-38.120605
7072,True,-31.086643,-31.045877,-33.09383,-33.74027,-29.872667,-23.856133,-35.040897,-30.944502,-31.64076,-35.962788,-38.666367,-35.72637,-36.138443,-36.14362,-35.538963,-36.535446,-31.642073,-35.233486,-40.22926,-42.151947,-40.53958,-40.97998,-43.39361,-42.467304,-42.76059,-43.85499,-41.38669,-39.95164,-34.45315,-34.80419,-37.615658,-39.131645
7104,True,-31.285936,-32.982906,-32.614845,-32.42675,-32.63686,-31.915031,-40.015865,-38.96197,-41.426605,-36.520596,-38.313747,-39.032787,-41.03117,-36.707714,-38.97469,-38.37411,-39.70317,-38.922623,-39.370247,-43.598373,-44.554703,-44.86221,-45.283733,-46.086025,-44.930386,-47.69837,-47.91987,-48.403263,-46.953026,-46.377647,-48.987717,-49.98726
7136,True,-29.12919,-29.71296,-33.819275,-35.710915,-36.88151,-31.375538,-38.053764,-42.28624,-39.76805,-41.26935,-40.272644,-42.59948,-44.489105,-42.258163,-37.24539,-38.075413,-39.797974,-38.581932,-43.84771,-43.24903,-43.51599,-45.76212,-44.376865,-46.226524,-47.901302,-48.825512,-48.884777,-49.63865,-51.25595,-50.96224,-52.762817,-54.00454
7168,True,-35.805973,-31.982891,-28.349674,-31.173964,-34.285957,-30.583612,-38.37936,-38.692196,-36.617126,-37.061726,-42.17633,-40.209118,-42.104927,-39.89764,-39.036037,-39.946175,-41.93359,-40.079338,-43.342915,-43.922,-42.63086,-42.41249,-45.22888,-45.34736,-46.975822,-48.731327,-50.82214,-51.473347,-51.756893,-51.1199,-53.6959,-55.89756
7200,True,-32.786915,-35.23831,-32.111965,-31.922066,-33.365105,-33.26265,-36.10537,-33.05997,-37.088856,-40.256172,-41.30584,-43.153618,-39.02568,-37.54817,-37.97767,-37.266018,-41.95726,-41.319756,-46.284935,-41.64799,-42.71298,-44.33628,-45.86464,-45.72561,-44.086678,-47.556168,-49.649254,-49.06696,-51.505142,-54.01102,-54.448948,-56.461296
7232,True,-28.399414,-31.127705,-31.34933,-32.716053,-32.707134,-34.932037,-35.47944,-40.514137,-43.02618,-38.53905,-37.81016,-44.21404,-40.02428,-38.594368,-39.076553,-40.48334,-39.417767,-38.97387,-40.96901,-40.271816,-43.451595,-45.185707,-47.563828,-45.65294,-46.35337,-50.83783,-49.840187,-49.863323,-53.233242,-53.07602,-54.284317,-56.18589
7264,True,-29.523193,-29.804594,-29.475449,-32.257713,-35.55019,-33.39038,-38.49526,-38.733665,-36.84677,-37.9329,-38.409626,-38.83814,-41.353115,-38.11228,-40.295647,-37.318047,-39.717983,-38.844635,-41.60898,-44.287613,-44.874516,-46.27935,-44.877094,-45.456535,-46.925186,-49.378872,-49.838707,-49.80593,-50.391342,-52.937187,-53.45917,-53.906174
7296,True,-30.482977,-33.871693,-29.321793,-32.962433,-35.31866,-34.997963,-40.391216,-42.022316,-40.307762,-40.32482,-39.66529,-42.485867,-40.562366,-40.304646,-36.506668,-34.564827,-39.363476,-41.398808,-43.865776,-44.41624,-43.23812,-45.59449,-47.381725,-47.02034,-45.684162,-47.874702,-48.218594,-49.75239,-52.38472,-53.406364,-52.99083,-54.397144
7328,True,-32.560196,-33.647274,-35.196575,-31.893522,-35.649544,-34.59617,-42.054768,-42.35599,-39.86166,-39.908207,-37.802967,-41.262604,-41.432423,-38.727997,-37.684628,-41.87024,-39.63863,-42.89501,-42.777237,-44.469284,-44.30163,-44.26018,-45.21202,-45.552742,-45.84183,-48.686348,-48.395454,-49.75595,-50.540474,-52.199017,-53.2883,-54.191936
7360,True,-30.129526,-32.145073,-34.085625,-35.53507,-35.884197,-36.082664,-39.17176,-39.52767,-41.144062,-41.502552,-44.328896,-37.49189,-38.62152,-39.457394,-36.466377,-36.448036,-41.320118,-41.08706,-39.449753,-42.2102,-43.944416,-43.009144,-44.152237,-45.081577,-47.788845,-47.31669,-48.32211,-47.31934,-51.00939,-52.107582,-54.341164,-55.446278
7392,True,-31.636429,-29.857952,-31.706392,-38.39364,-38.26872,-33.626457,-40.089813,-37.06093,-39.718323,-41.8486,-40.37957,-40.110188,-40.79654,-39.019352,-39.601635,-37.569805,-40.323963,-39.9158,-41.17725,-41.244907,-46.114883,-46.061974,-46.402557,-47.338707,-45.499325,-45.166744,-48.11819,-48.629227,-50.356354,-50.244774,-52.73327,-54.54017
7424,True,-26.469736,-33.722034,-35.164597,-34.74717,-32.46922,-33.140892,-34.856865,-36.88994,-39.55508,-37.997547,-39.56904,-41.864147,-40.872345,-41.331406,-38.697308,-38.331676,-41.26259,-41.11418,-42.29708,-45.48784,-42.046276,-43.597103,-46.460327,-46.872868,-45.791847,-47.360706,-47.891304,-48.531284,-49.66678,-49.99405,-50.751377,-53.69602
7456,True,-29.724333,-32.776134,-33.032784,-33.77516,-37.664604,-34.946106,-38.357754,-40.489532,-37.293945,-40.567436,-39.838608,-40.873657,-36.798645,-38.368458,-38.51475,-39.70961,-41.09457,-40.30789,-42.928715,-42.14273,-44.701885,-42.53649,-45.16613,-45.71712,-43.875725,-47.488728,-48.98888,-48.37647,-50.91652,-51.70662,-54.13277,-56.94225
7488,True,-29.651535,-28.191717,-32.52731,-33.028156,-32.327957,-33.5357,-38.813316,-38.66466,-39.11206,-44.964222,-43.27169,-37.78644,-37.700542,-39.269337,-36.537956,-37.24736,-40.089317,-42.057663,-43.914368,-45.193134,-41.27739,-42.455452,-45.03794,-46.65885,-45.137123,-45.409233,-48.369568,-49.75922,-50.85154,-50.980663,-51.373642,-54.19064
7520,True,-30.849861,-29.343147,-31.015587,-31.447132,-37.239487,-38.078503,-36.449745,-36.95617,-39.62181,-37.5844,-39.63541,-43.544163,-44.298843,-40.692524,-39.2453,-36.439484,-39.14226,-42.55541,-41.5231,-40.841743,-47.368248,-44.762768,-46.96583,-45.970543,-48.307785,-46.48106,-47.170135,-48.40779,-51.03207,-52.20812,-53.95739,-56.011215
7552,True,-26.944178,-30.894035,-31.829672,-33.774494,-35.616627,-34.105835,-36.14181,-37.218727,-36.42098,-36.41147,-38.115734,-43.338715,-40.792458,-40.702015,-39.90432,-36.222492,-38.993675,-42.225918,-42.19244,-44.96219,-42.60922,-42.849693,-45.535408,-45.95987,-45.741505,-46.343807,-48.005848,-47.303375,-51.400917,-52.0319,-54.078262,-55.463604
7584,True,-29.96557,-28.723143,-33.494434,-38.1101,-39.67465,-34.719585,-41.796684,-38.48205,-38.02005,-40.09489,-39.42037,-38.51204,-38.969532,-40.07087,-40.58442,-35.68115,-37.322815,-43.04158,-41.842583,-42.89099,-43.01848,-43.012165,-46.627808,-46.232105,-46.87558,-46.563015,-47.630962,-48.697132,-48.97628,-50.827354,-54.590096,-54.743675
7616,True,-27.769619,-32.38925,-32.808872,-34.847786,-36.648098,-38.282646,-39.33272,-37.710682,-41.571716,-46.16548,-45.143425,-40.34153,-40.31773,-38.409668,-37.887268,-35.074665,-38.120277,-38.330276,-40.364418,-42.8491,-44.835964,-44.575768,-46.836735,-46.8591,-47.780296,-47.751278,-47.684254,-47.70794,-48.75258,-51.302223,-51.96793,-53.4977
7648,True,-28.628014,-29.250416,-31.373768,-32.652588,-34.335987,-32.70643,-36.190277,-38.509144,-37.02868,-46.942543,-42.70538,-37.043835,-36.751503,-36.98088,-39.35142,-35.906597,-38.432392,-40.372486,-42.033115,-41.51817,-44.90748,-42.54332,-45.968338,-46.72145,-48.130497,-46.95968,-48.714863,-50.06584,-50.900272,-52.685833,-53.44078,-55.89679
7680,True,-31.390924,-31.153488,-31.237028,-36.468185,-37.405125,-35.244186,-38.853973,-36.093925,-38.835445,-38.69241,-42.463142,-39.84716,-43.32655,-37.920586,-40.71238,-37.922905,-41.284428,-41.11666,-43.31288,-42.945145,-42.67481,-42.185783,-45.73575,-45.285717,-46.69887,-45.83342,-47.731483,-48.580814,-49.451973,-52.138996,-53.751556,-55.304756
7712,True,-34.58069,-32.2617,-32.73123,-32.647575,-37.21678,-34.873863,-38.993393,-38.311714,-38.997826,-37.90951,-36.789753,-40.661743,-40.492134,-41.832314,-41.672844,-40.82485,-41.91874,-42.617622,-43.792717,-42.46299,-43.549835,-43.83008,-45.72391,-44.726444,-46.756035,-48.008377,-48.856983,-51.61652,-51.928093,-52.785095,-54.07452,-56.363625
7744,True,-33.91922,-30.533318,-33.500343,-36.56973,-40.583794,-36.504795,-35.546577,-36.89698,-40.29159,-39.833397,-38.882137,-41.717422,-38.121723,-40.18993,-41.558014,-40.518974,-39.68726,-42.874123,-43.42235,-44.806007,-44.222065,-42.294544,-46.521774,-47.519104,-47.437737,-47.191376,-49.646152,-49.45743,-50.721363,-55.1522,-55.552986,-56.99775
7776,True,-27.123459,-33.578396,-32.019676,-33.364,-39.237526,-36.623672,-38.420986,-39.0393,-39.767002,-41.721504,-38.56772,-39.91815,-40.618137,-42.287212,-40.24655,-39.16513,-44.338818,-43.66062,-45.02015,-42.880764,-43.8595,-44.47958,-47.11577,-46.612206,-48.230286,-49.042336,-48.252163,-49.85413,-51.16919,-51.554863,-53.40381,-55.49588
7808,True,-26.153051,-29.874517,-33.12978,-32.765396,-34.91501,-36.45169,-39.055336,-39.549454,-38.587105,-39.694695,-40.15749,-44.84871,-42.16918,-41.075897,-40.856018,-38.220505,-41.195023,-40.89633,-40.360115,-41.06279,-45.11869,-45.51418,-46.015377,-45.138393,-47.537804,-49.34166,-48.15358,-49.496162,-50.242558,-50.886864,-53.390015,-55.588356
7840,True,-32.79364,-31.305723,-27.999392,-34.878494,-37.445034,-33.14042,-34.686073,-37.369076,-36.64709,-39.56166,-41.025925,-43.60578,-44.215607,-42.324028,-38.594788,-37.14837,-39.7027,-43.39707,-41.544456,-42.507355,-44.322334,-44.84066,-46.62564,-45.689156,-44.408043,-46.88583,-49.201008,-49.972008,-50.381985,-52.26037,-52.276936,-55.309982
7872,True,-26.87645,-28.3543,-28.762722,-30.497528,-35.375553,-36.771355,-36.457695,-40.747013,-36.028023,-38.760914,-42.5643,-40.976036,-41.2339,-38.792904,-41.61754,-39.664043,-41.500694,-42.148727,-42.399593,-43.364487,-44.11202,-44.8267,-45.53503,-45.597153,-45.77597,-47.944412,-48.15277,-49.383373,-50.170044,-50.65147,-53.436703,-56.077496
7904,True,-25.432894,-33.88517,-31.89569,-31.951187,-35.842148,-33.248215,-36.019672,-38.64322,-38.76057,-41.254692,-44.284134,-39.465282,-40.35871,-40.42381,-40.297653,-36.501602,-37.597412,-41.40594,-44.581356,-43.85273,-44.115772,-44.26906,-45.125027,-48.293285,-48.66392,-48.252426,-47.250694,-50.08748,-51.790806,-51.55395,-50.734123,-54.79487
7936,True,-27.676807,-31.820236,-31.091005,-32.658096,-36.68753,-39.909523,-37.874233,-37.102238,-40.282818,-39.90755,-40.252495,-38.443947,-38.442566,-36.39865,-40.34874,-38.78205,-40.123257,-44.167015,-44.774513,-42.471657,-44.669548,-44.56284,-44.470364,-45.753136,-46.368694,-47.789898,-48.09582,-49.970535,-51.342598,-53.362827,-53.030857,-56.382973
7968,True,-28.930977,-28.737867,-34.093014,-36.358467,-34.573444,-34.285816,-37.91518,-37.271393,-37.96638,-41.15656,-40.22774,-38.849033,-39.519573,-37.808453,-43.157776,-36.212044,-40.140648,-41.916756,-42.457687,-44.314842,-44.02811,-45.017563,-45.904255,-46.912952,-46.699406,-47.927532,-47.93364,-48.387573,-50.7518,-50.896263,-52.89844,-54.11367
8000,True,-28.02026,-32.766186,-33.752625,-32.619164,-34.929394,-31.990967,-39.707962,-37.898556,-38.940807,-38.69305,-38.907516,-38.66166,-41.61354,-44.675934,-41.667233,-40.352997,-38.238136,-41.055485,-42.748886,-44.279068,-43.25344,-44.67989,-48.38022,-46.696182,-47.27077,-47.44349,-47.764565,-50.25097,-50.46873,-51.610054,-52.95646,-56.383514
8032,True,-29.652346,-34.31121,-31.897179,-34.164085,-36.15904,-34.68576,-38.23432,-40.72647,-38.95865,-38.031586,-41.221977,-38.99404,-38.875694,-40.17845,-40.118202,-37.25195,-40.907726,-41.834473,-42.418083,-43.945663,-44.89038,-45.608307,-45.73139,-45.87811,-46.755066,-46.45168,-47.04879,-49.040207,-52.340275,-52.55831,-53.52743,-54.21391
8064,True,-31.00583,-34.547935,-30.110464,-33.781693,-39.116104,-36.071724,-34.719215,-36.540653,-36.89077,-40.844078,-37.685135,-37.622982,-40.52988,-40.493664,-38.24526,-34.781654,-38.379818,-42.447205,-41.017982,-42.84497,-44.866364,-45.124203,-45.929962,-44.42064,-45.894882,-46.74295,-48.29372,-47.419495,-51.53694,-51.38961,-52.907845,-54.678734
8096,True,-30.915726,-29.082403,-31.30563,-32.61512,-34.93534,-34.04989,-36.793224,-35.418976,-38.391388,-42.049618,-43.81711,-40.183563,-42.35901,-36.96426,-37.518833,-38.00772,-39.640736,-40.645023,-41.84351,-41.25504,-43.82905,-44.637634,-46.928032,-46.19523,-45.241447,-46.694393,-48.017754,-49.37349,-49.580856,-51.19928,-54.795475,-55.344547
8128,True,-30.816774,-28.802412,-29.959404,-33.744186,-34.89084,-35.246323,-40.047928,-37.071808,-40.321846,-38.746216,-37.08452,-37.955875,-38.788708,-37.134426,-39.677402,-36.946606,-40.19264,-42.27429,-43.540886,-45.48121,-44.31868,-44.113266,-47.702873,-46.192913,-45.20906,-46.941566,-48.54376,-48.774914,-51.75241,-51.847797,-52.337387,-54.200592
8160,True,-28.335682,-29.85178,-30.844753,-33.97168,-35.96028,-35.031616,-41.571777,-40.46375,-40.336014,-38.50242,-39.028366,-39.748558,-41.01187,-39.174892,-40.647583,-37.89197,-38.770325,-39.107376,-41.380478,-42.81033,-45.792053,-44.21212,-47.317444,-47.335968,-45.932045,-46.5804,-48.132072,-48.941494,-50.786674,-51.454987,-52.93228,-55.61688
8192,True,-30.92573,-30.030254,-32.83112,-36.667236,-39.068306,-38.940918,-37.737316,-41.002007,-37.574516,-39.531418,-40.13588,-40.877415,-37.18046,-44.90398,-40.166862,-38.459118,-40.545467,-40.802193,-42.939724,-42.273006,-44.35163,-45.606636,-47.658062,-45.269505,-47.166145,-48.80989,-49.10476,-49.779617,-52.21337,-51.848064,-52.779408,-54.311104
8224,True,-29.814373,-32.50181,-33.152767,-30.116026,-31.651487,-34.29503,-37.685905,-38.830433,-40.71915,-38.848537,-40.80155,-42.34301,-39.669434,-39.43915,-39.298107,-39.855347,-41.84886,-42.377106,-42.57251,-43.04,-43.263435,-45.134224,-47.150364,-45.13436,-48.211906,-50.05241,-50.63841,-51.499138,-51.826332,-52.07131,-53.35855,-55.355476
8256,True,-29.44155,-32.320564,-30.620678,-34.86867,-37.921844,-37.020767,-37.349087,-39.71196,-35.736584,-42.63041,-45.44681,-36.912643,-40.80149,-39.69819,-38.873714,-36.88684,-39.99988,-42.137375,-43.165146,-46.292923,-45.547813,-45.39981,-46.76189,-47.41578,-47.139248,-45.642834,-46.507607,-49.47474,-51.056885,-51.27396,-51.616516,-54.79349
8288,True,-29.147375,-27.647614,-31.814157,-32.709297,-36.121304,-33.747814,-36.53448,-35.71351,-35.010143,-39.74879,-39.069145,-40.782223,-41.38495,-40.66885,-40.73719,-37.293877,-40.11592,-41.8597,-43.29088,-44.927048,-45.857315,-43.88121,-44.74093,-45.61364,-46.136097,-45.17643,-46.392967,-48.21867,-49.594704,-51.076027,-52.36746,-54.378746
8320,True,-31.142365,-27.701414,-30.517302,-32.749516,-33.06188,-33.6199,-36.184696,-36.56727,-38.059074,-40.679016,-39.15565,-41.5791,-39.655872,-38.542576,-39.16963,-42.36921,-44.38916,-42.059826,-42.70849,-43.530052,-43.630966,-43.8079,-46.52613,-42.88224,-45.181355,-47.19702,-47.577633,-50.500275,-52.03901,-52.161064,-53.295994,-55.83757
8352,True,-31.162807,-32.27247,-32.11053,-33.907597,-36.41226,-35.8054,-35.51106,-39.567043,-42.39395,-41.844883,-39.919502,-38.376,-41.66239,-42.55879,-42.240685,-37.13022,-39.932095,-40.413513,-44.048267,-45.086525,-44.575447,-46.44634,-44.69583,-44.36127,-43.654976,-46.905167,-47.13659,-49.168243,-52.472107,-52.842213,-50.99526,-55.58583
8384,True,-32.616127,-32.082153,-29.324598,-33.705162,-30.60714,-31.54293,-38.41435,-35.112232,-38.58729,-37.218502,-39.55355,-41.81498,-42.79824,-40.034294,-41.440117,-35.984398,-39.45344,-44.32283,-43.64393,-46.006832,-43.069084,-43.412132,-47.259956,-46.061775,-45.698925,-46.54497,-47.576786,-48.61155,-51.04431,-52.313763,-53.182205,-55.67274
8416,True,-29.749905,-31.078901,-30.809998,-35.434025,-36.066097,-35.447872,-35.97289,-41.215115,-38.795822,-37.30632,-38.217484,-40.305527,-39.620956,-39.82577,-42.14563,-38.42728,-41.198586,-45.475384,-44.676174,-44.60539,-45.825687,-44.537758,-46.515495,-47.234745,-44.575966,-45.988163,-48.547646,-49.574642,-51.500355,-52.84117,-53.524193,-55.61937
8448,True,-31.664616,-30.036098,-27.82619,-34.198456,-35.80692,-35.22561,-38.43126,-40.106052,-38.850796,-41.52538,-42.931213,-39.10718,-40.993134,-40.222435,-40.965687,-38.193756,-42.175507,-40.538906,-45.291763,-43.263546,-43.63735,-45.1082,-43.18163,-43.62299,-46.38519,-46.467667,-46.67026,-48.662537,-51.10373,-51.384895,-52.971703,-55.533062
8480,True,-28.020527,-32.58233,-33.72233,-31.006931,-36.441067,-33.068832,-36.701736,-40.598366,-41.82629,-41.73961,-39.533382,-40.97975,-41.253098,-40.656235,-39.13689,-38.656574,-40.826942,-42.409218,-44.396637,-43.111313,-45.182457,-43.7172,-46.40606,-45.44924,-44.607086,-45.426926,-45.545918,-48.056618,-52.133675,-51.31865,-53.561104,-55.613903
8512,True,-28.212353,-34.403538,-36.2952,-34.443993,-38.219402,-37.750004,-39.415783,-36.49041,-38.811478,-36.979797,-41.891113,-44.129753,-44.90246,-38.66261,-39.12673,-38.85136,-38.617092,-41.115803,-41.469315,-43.573994,-46.04748,-43.99714,-45.624584,-45.996536,-45.46745,-45.011883,-47.874443,-50.46574,-52.32538,-52.714924,-54.157063,-55.70121
8544,True,-29.49559,-34.46057,-31.957819,-34.610477,-34.74646,-38.22095,-38.663593,-39.224762,-37.86552,-40.107723,-38.54733,-42.679184,-43.972916,-38.431564,-39.64452,-37.30549,-39.583496,-43.212845,-41.198593,-45.966145,-44.5405,-44.22078,-47.53397,-46.28225,-44.955753,-48.631016,-46.323196,-48.735638,-52.85836,-51.943367,-53.48307,-54.855923
8576,True,-33.021492,-33.870396,-33.30208,-33.051228,-35.9911,-36.870113,-35.408577,-35.679775,-39.32819,-40.707012,-43.091465,-40.388145,-41.494514,-38.77092,-39.022884,-40.31423,-39.28933,-44.459225,-44.148823,-46.123383,-46.41446,-44.38749,-45.516266,-45.527378,-45.802647,-48.079456,-47.65767,-48.843796,-51.95734,-52.305237,-54.168392,-54.31732
8608,True,-31.844067,-32.669945,-33.117523,-32.05685,-37.497585,-40.34559,-37.496094,-35.962303,-37.71476,-39.70512,-38.75184,-41.03651,-43.44175,-39.671223,-42.189213,-40.67977,-42.472977,-42.446915,-42.76722,-44.86442,-45.31515,-44.104305,-45.72308,-46.167953,-45.487064,-45.88402,-46.411407,-49.063118,-51.938076,-51.780052,-52.474182,-54.934135
8640,True,-28.099125,-30.753067,-34.36962,-33.57211,-36.804832,-35.21132,-39.233727,-40.64608,-39.328556,-40.74503,-46.874496,-42.427162,-40.305557,-37.56325,-38.685375,-39.496376,-42.342117,-43.24661,-43.676666,-43.436966,-43.894897,-44.311996,-44.76576,-44.637203,-44.503403,-46.098343,-48.40258,-47.26314,-49.394688,-49.453064,-50.506077,-52.762943
8672,True,-30.441921,-29.272,-31.649254,-35.876,-36.232395,-33.228336,-36.950535,-39.965183,-45.713684,-42.560295,-41.199142,-40.79146,-39.00391,-36.573425,-38.826565,-38.536537,-42.743355,-44.618374,-41.66478,-41.94206,-45.283432,-43.96092,-43.98966,-44.84456,-43.446724,-44.186935,-45.799526,-49.139923,-50.60886,-50.7728,-51.807785,-52.75082
8704,True,-33.384735,-30.844315,-35.02498,-38.56868,-36.55764,-33.515705,-41.209763,-37.555553,-36.488117,-39.580406,-43.69513,-39.258617,-40.705757,-39.42909,-40.122128,-41.99241,-41.40526,-43.288765,-43.658257,-43.697742,-45.196247,-44.324223,-43.139923,-42.791996,-44.819458,-47.154984,-48.672256,-49.782314,-51.166,-51.308018,-51.850517,-53.33039
8736,True,-30.539688,-31.228855,-33.21261,-36.255096,-40.28677,-38.465565,-39.99905,-36.390865,-35.98321,-41.071823,-40.311184,-39.449356,-41.435593,-40.804855,-39.77899,-39.167385,-38.35938,-40.511658,-44.348408,-42.859833,-45.329304,-44.080006,-43.437294,-44.20126,-45.668724,-45.301632,-48.991886,-49.177208,-50.995224,-50.398422,-51.787296,-54.272957
8768,True,-32.077793,-33.987003,-33.63979,-33.92756,-35.74942,-37.82841,-38.167053,-35.621265,-37.32584,-43.66443,-40.11628,-41.246933,-41.23743,-39.372326,-40.779503,-39.114502,-40.83676,-42.653774,-44.97689,-43.93173,-44.35929,-45.242825,-44.366203,-43.82832,-45.96856,-45.818333,-46.281208,-50.36737,-51.26159,-50.11895,-51.030037,-54.633194
8800,True,-28.55122,-30.82634,-28.327137,-33.527554,-35.916527,-37.832226,-39.612156,-38.05941,-36.375366,-40.52987,-40.47724,-44.43473,-42.51905,-38.311172,-39.30168,-36.937775,-42.589195,-44.876637,-43.70125,-43.652214,-43.742374,-44.640266,-44.01451,-45.455,-44.301956,-44.078022,-47.518154,-48.993217,-50.040955,-52.025265,-54.32259,-55.960117
8832,True,-32.323463,-31.504633,-29.899239,-31.93871,-34.637306,-35.062492,-39.04919,-42.500538,-40.43476,-41.405434,-40.017166,-41.1249,-43.55783,-42.747147,-43.548107,-42.000698,-40.303856,-40.795284,-43.019836,-44.325733,-44.24004,-43.055683,-43.800186,-43.42323,-45.141773,-47.1605,-48.4002,-49.37878,-51.153835,-51.5308,-52.687057,-55.53268
8864,True,-27.08845,-29.529484,-28.90768,-31.341602,-34.83282,-31.995203,-37.409748,-38.753624,-38.29029,-39.71353,-36.606804,-40.417408,-42.921375,-40.3888,-39.821632,-41.06588,-43.31546,-45.764816,-45.13653,-43.78987,-43.142433,-43.916073,-44.202023,-44.85292,-46.882614,-47.428726,-49.24612,-49.222637,-49.741825,-52.032543,-53.4122,-54.191177
8896,True,-28.832088,-29.56092,-31.989553,-31.73569,-35.992046,-35.243294,-36.685585,-37.717308,-37.029655,-40.509766,-39.258236,-38.641953,-40.4224,-40.13584,-37.6549,-38.67711,-40.28373,-43.761475,-44.618984,-45.11475,-43.743553,-44.02288,-43.392822,-44.31653,-45.138412,-44.693417,-47.395393,-48.910847,-51.17481,-51.198254,-53.972946,-53.71607
8928,True,-28.222816,-28.630714,-32.620163,-29.506035,-34.298283,-36.583225,-40.36615,-39.07374,-39.189373,-40.64824,-39.598427,-39.358315,-42.373367,-41.110226,-39.239853,-40.75295,-43.1786,-41.39523,-42.156483,-43.71733,-44.718796,-44.715023,-44.46392,-45.09211,-45.737267,-46.570072,-48.229996,-48.293602,-50.681873,-52.087242,-54.685234,-56.482944
8960,True,-33.619934,-34.447166,-35.041405,-30.72283,-32.776817,-35.093483,-39.852413,-42.092167,-42.187042,-40.506252,-43.36216,-39.715275,-44.63465,-42.690178,-41.6353,-40.352406,-41.896957,-44.280746,-41.401688,-42.22653,-46.81819,-46.476818,-46.026634,-44.464035,-47.75721,-45.981174,-48.42392,-47.898563,-50.02932,-51.14026,-53.48001,-56.96661
8992,True,-29.646263,-34.28675,-29.328182,-32.333138,-38.299984,-37.039093,-36.675335,-38.14444,-38.2851,-39.44309,-38.608543,-44.122677,-42.12539,-40.18999,-37.53753,-39.012497,-40.55845,-39.941967,-41.22077,-44.176285,-44.857132,-45.357704,-44.58431,-46.534424,-46.40155,-49.174774,-51.534306,-50.986332,-50.2984,-51.777912,-53.73964,-54.977016
9024,True,-29.564447,-33.190742,-36.825516,-32.55134,-31.785595,-36.40632,-38.8898,-39.9029,-40.635635,-41.65419,-43.441994,-43.73584,-45.432335,-38.507164,-39.78911,-38.994785,-42.16411,-42.901596,-43.604008,-42.870827,-43.23851,-44.666008,-46.900795,-45.553185,-48.80402,-47.95212,-48.377415,-49.780827,-52.00142,-52.427883,-55.047874,-56.21206
9056,True,-28.23924,-27.243137,-28.95746,-32.6467,-37.05976,-31.420088,-32.815994,-38.394554,-35.71965,-37.268524,-40.21435,-45.35401,-45.285004,-39.418873,-42.33906,-38.3323,-38.68991,-42.066772,-43.53643,-45.43286,-43.72454,-45.54169,-46.659157,-45.29268,-46.478416,-48.70137,-49.687874,-49.765415,-50.20926,-52.884293,-54.256905,-56.843163
9088,True,-27.29226,-34.25862,-37.85076,-37.42228,-35.537052,-33.294594,-39.152466,-39.352394,-36.85113,-42.38945,-40.92667,-42.34066,-41.358475,-40.2775,-40.19508,-38.86605,-38.69186,-41.705795,-43.11743,-44.10748,-43.65376,-47.123405,-46.342274,-46.626663,-46.648716,-48.870106,-49.839725,-49.69122,-51.240555,-53.248573,-53.39725,-54.771446
9120,True,-28.404007,-26.808111,-36.101406,-31.125944,-34.167305,-39.255367,-40.146652,-41.56444,-40.52618,-40.76408,-43.665947,-43.728333,-43.236576,-39.739937,-40.33441,-36.94387,-39.29019,-43.739838,-42.46337,-42.516857,-45.79495,-46.01103,-44.51384,-46.192318,-47.761208,-48.307514,-49.73352,-48.49455,-50.526756,-51.63959,-54.184715,-54.644466
9152,True,-30.87882,-33.239624,-32.75357,-29.6582,-29.816067,-32.011856,-37.529083,-39.74881,-37.05652,-41.185326,-41.072773,-39.6045,-39.95013,-40.73356,-39.728973,-38.000774,-40.463036,-41.12524,-41.885605,-46.260605,-44.692368,-44.477978,-45.83315,-46.266327,-45.61579,-46.126064,-50.180622,-49.766884,-51.267868,-54.478676,-53.498264,-55.669895
9184,True,-30.115822,-30.017387,-29.594051,-33.11567,-33.649544,-34.601643,-38.55717,-41.517868,-38.813,-40.846592,-39.9441,-38.259956,-38.34304,-37.554817,-40.047264,-38.691666,-39.626537,-40.67573,-42.664635,-44.129025,-46.083714,-46.808285,-47.92934,-45.37886,-47.14498,-48.85843,-50.41557,-49.24962,-51.91711,-53.198925,-53.2818,-56.296963
9216,True,-27.186497,-28.820932,-32.61966,-33.779022,-36.435772,-33.15354,-40.414055,-41.99868,-39.04374,-41.138374,-39.200603,-39.205307,-39.577927,-39.474457,-39.839928,-34.3936,-38.178696,-38.031704,-40.179466,-43.134956,-44.410763,-44.820824,-47.454853,-44.766827,-46.61614,-47.540073,-50.151825,-50.570606,-52.440506,-52.5679,-53.79038,-54.77073
9248,True,-28.128487,-29.950382,-31.239883,-31.585114,-33.377644,-32.49725,-36.675888,-40.462738,-39.290375,-42.666504,-38.97215,-38.475647,-37.99159,-38.17675,-38.853455,-41.186935,-41.33149,-43.172432,-40.03026,-42.728477,-43.068893,-43.934265,-48.42489,-46.73189,-47.18741,-48.42662,-47.484627,-49.914505,-50.308594,-53.478905,-54.648468,-55.6874
9280,True,-28.357508,-28.599682,-31.947712,-31.441616,-33.93703,-35.124523,-37.714752,-38.924175,-39.910316,-43.494293,-41.482357,-39.01034,-41.350143,-37.839355,-38.690575,-40.49698,-40.917965,-41.765846,-42.877964,-42.95372,-45.9726,-44.798607,-45.923573,-45.401283,-48.797054,-47.15199,-48.56376,-49.85014,-51.988503,-53.0817,-54.613518,-56.92583
9312,True,-29.597483,-25.256294,-26.781029,-32.968933,-32.70889,-35.430145,-40.787106,-41.040897,-38.422043,-34.312675,-36.80098,-39.022095,-39.415474,-39.65826,-40.665775,-38.03624,-38.504395,-40.907616,-40.99479,-40.427402,-42.366528,-42.3562,-45.67266,-46.691833,-46.15847,-47.840347,-47.541862,-49.494343,-51.3375,-50.80563,-53.071037,-55.157158
9344,True,-29.055676,-28.631252,-29.304958,-34.960136,-38.091934,-36.002945,-37.474545,-39.362038,-38.39533,-39.056236,-37.038837,-39.035347,-39.77476,-41.23513,-38.255913,-38.781013,-39.843353,-42.12997,-43.570587,-43.37912,-43.77582,-44.214294,-44.9897,-44.66709,-46.10875,-45.780403,-47.864998,-51.015415,-51.3072,-52.058277,-53.14272,-55.99545
9376,True,-27.0693,-29.921503,-27.874662,-35.582497,-35.62647,-37.255096,-36.75541,-38.429897,-38.719612,-42.728752,-42.73569,-41.15139,-40.667786,-39.28904,-40.0689,-37.761703,-40.841717,-43.00541,-42.166916,-42.482094,-43.963837,-44.096725,-44.92131,-46.109653,-47.048058,-48.66413,-49.122166,-48.152725,-51.245163,-51.434288,-53.419395,-56.08124
9408,True,-30.717705,-27.065636,-29.592266,-33.323017,-34.704765,-35.912834,-37.99894,-37.76277,-41.795918,-41.495445,-42.625652,-42.277863,-40.277943,-37.258743,-34.932816,-36.712555,-37.98808,-43.42953,-43.390923,-40.48137,-41.909775,-43.783386,-44.750324,-47.268368,-48.10224,-48.23873,-49.75641,-51.173813,-52.145554,-52.3638,-53.78731,-56.482315
9440,True,-27.249708,-30.31706,-30.27524,-32.11526,-34.605145,-34.881958,-35.27619,-41.644394,-39.770973,-42.299618,-42.55935,-39.215538,-41.09406,-38.653637,-38.033306,-36.93089,-42.423332,-43.312958,-42.031197,-42.469387,-43.97036,-44.81874,-43.87259,-44.52137,-46.247498,-47.672684,-50.341003,-49.907074,-49.855,-51.567387,-53.43625,-55.306015
9472,True,-25.718323,-27.616512,-30.955074,-35.806698,-35.714348,-38.01605,-40.652523,-39.04489,-37.635357,-37.03455,-40.718708,-35.779556,-37.927605,-41.110558,-40.21063,-38.733894,-39.331688,-39.943375,-42.90484,-41.519043,-42.92826,-44.72184,-47.20456,-46.192368,-46.531395,-45.75737,-46.748344,-49.71136,-51.62564,-52.53378,-54.120174,-55.957115
9504,True,-31.777786,-30.233135,-27.847261,-33.23844,-34.135406,-36.18148,-38.371044,-39.357494,-39.355865,-43.661118,-39.523884,-38.353943,-36.741646,-37.07163,-42.34016,-36.60262,-37.65014,-39.573986,-40.490158,-41.198685,-42.28717,-42.212788,-44.730743,-46.828857,-45.59385,-47.567924,-49.996014,-50.089893,-50.85296,-51.80153,-52.896687,-55.315308
9536,True,-26.73547,-27.473867,-29.802216,-34.216988,-33.424103,-35.58419,-41.552444,-38.750854,-35.848404,-35.692326,-38.88201,-38.73954,-38.894604,-38.62942,-38.354637,-39.068108,-40.339676,-39.994186,-42.478302,-42.091743,-42.597576,-43.472904,-44.922096,-47.573017,-48.271923,-47.80659,-49.002625,-49.343918,-50.807175,-51.926414,-53.891758,-56.851616
9568,True,-28.331356,-29.04115,-29.322746,-33.127403,-35.575222,-35.4744,-35.89665,-36.55156,-38.753773,-40.780033,-38.544952,-38.78083,-42.22879,-37.81199,-38.0001,-35.97678,-39.39596,-42.22313,-43.77518,-42.742332,-43.57349,-42.61754,-45.723625,-45.834785,-46.99953,-47.343704,-50.167847,-49.793777,-52.07474,-51.862885,-54.15374,-56.485542
9600,True,-30.591337,-28.492592,-32.577515,-33.430733,-32.179028,-33.7528,-37.946064,-38.727406,-39.16479,-41.27874,-41.259666,-42.481464,-42.9506,-41.23535,-41.258923,-36.44446,-38.513866,-40.973114,-44.28575,-44.162537,-42.841434,-43.086468,-43.865337,-43.663483,-45.48702,-47.505295,-49.362026,-49.577568,-52.43954,-52.378685,-53.815746,-56.333942
9632,True,-30.2557,-30.554798,-31.895864,-32.27504,-33.403236,-34.299435,-40.806915,-39.86995,-42.885403,-40.25245,-40.53863,-41.74045,-40.641075,-38.680843,-38.895004,-36.697678,-37.596832,-40.33869,-43.23954,-42.27574,-44.33681,-43.2375,-44.985085,-44.34334,-46.45809,-49.056732,-50.53451,-48.7487,-51.80384,-52.0936,-53.66565,-55.980244
9664,True,-29.529621,-27.93905,-31.112272,-32.824417,-32.235703,-35.447258,-39.085228,-40.52468,-37.73147,-40.58081,-42.376446,-41.51299,-40.922607,-38.6654,-38.516933,-36.740433,-40.194344,-43.255783,-42.120186,-41.879692,-41.97239,-43.099857,-44.77139,-44.304638,-46.80155,-47.82376,-48.215515,-49.3363,-51.143616,-51.44959,-51.692924,-56.271263
9696,True,-26.526722,-27.664621,-29.987728,-30.810707,-36.21274,-36.55479,-41.560665,-38.48538,-37.539207,-37.99823,-41.267174,-42.16164,-38.982307,-39.856228,-39.31572,-37.610947,-40.694305,-40.973938,-42.42044,-40.997433,-43.89973,-44.20144,-43.948944,-44.84222,-45.045174,-47.5129,-49.79649,-49.790195,-51.612606,-52.61506,-52.711372,-56.212715
9728,True,-27.223036,-31.21283,-33.728325,-32.762714,-31.48987,-33.5974,-34.572556,-37.602093,-39.3022,-42.53029,-42.564217,-39.459682,-40.09663,-42.55794,-43.420406,-36.450935,-36.53733,-39.578995,-40.399124,-40.56229,-43.377094,-43.284447,-43.99436,-43.332397,-44.67554,-46.01688,-47.761345,-48.476337,-50.437668,-51.962208,-52.9832,-56.52301
9760,True,-28.926134,-27.931662,-31.092281,-36.258026,-36.44543,-31.182043,-34.537178,-38.425564,-42.324577,-39.65117,-37.459793,-39.486538,-40.130875,-41.729244,-41.677063,-40.070606,-39.08568,-38.802208,-42.88116,-43.254494,-42.147938,-42.796013,-43.53826,-43.821503,-45.203903,-47.41218,-48.172302,-48.627136,-51.938942,-51.672287,-53.01204,-56.897125
9792,True,-29.686535,-31.245018,-29.860563,-31.215488,-35.901894,-38.803764,-37.696915,-35.705902,-37.483532,-37.38783,-39.88353,-43.313137,-40.195084,-35.941597,-37.95501,-36.983955,-39.56089,-41.41066,-44.922523,-40.616547,-39.719524,-40.301052,-41.737938,-42.944763,-44.77176,-46.56155,-49.049397,-50.44197,-51.712936,-52.870808,-53.701767,-55.710777
9824,True,-30.821491,-32.850975,-31.487793,-33.70948,-35.57102,-35.61854,-39.172016,-35.345554,-35.913273,-38.768623,-43.398994,-41.135376,-35.527122,-38.86428,-37.2912,-32.988297,-39.705566,-41.718464,-42.34873,-41.602554,-39.839268,-41.73558,-42.51904,-41.83373,-42.579197,-45.938038,-49.109932,-49.53425,-52.40663,-53.232132,-53.703293,-55.63641
9856,True,-25.892012,-28.900127,-29.57693,-28.46923,-31.056404,-34.501236,-38.90327,-36.58112,-36.319958,-39.858154,-38.51699,-40.91327,-38.48687,-39.331635,-36.55909,-34.057346,-36.852734,-42.31455,-40.61285,-42.930264,-43.240753,-42.28042,-43.199234,-43.166954,-42.382874,-45.96244,-47.32424,-48.43784,-51.286503,-51.3781,-53.834667,-55.804947
9888,True,-30.342695,-30.428913,-31.81677,-34.981937,-35.14615,-34.728207,-38.96238,-37.945477,-35.673813,-38.842556,-38.446854,-39.21773,-38.128197,-37.135746,-37.049973,-37.004364,-39.180046,-40.537067,-40.622665,-41.286007,-40.897194,-40.659286,-42.703773,-42.499615,-45.507492,-46.955723,-48.118896,-48.85782,-50.550293,-52.558056,-54.100967,-56.20655
9920,True,-27.329653,-30.340115,-32.137787,-31.464718,-31.14957,-32.481987,-35.745655,-39.196495,-37.864906,-37.590923,-39.383083,-38.754486,-36.481586,-37.542343,-35.865536,-37.435158,-40.548195,-38.188213,-37.381767,-38.412766,-39.931736,-42.7107,-43.50266,-42.51478,-43.475918,-46.16997,-47.68329,-49.35766,-50.600227,-52.565197,-52.266502,-56.816143
9952,True,-30.951508,-31.786201,-31.712713,-30.069895,-32.52317,-33.38292,-36.575314,-35.66263,-40.260376,-40.142563,-41.03525,-39.44712,-40.038406,-38.74221,-37.42733,-37.033035,-39.490803,-38.70973,-41.11936,-41.78128,-41.706524,-41.7679,-42.457146,-45.408043,-43.991493,-45.161087,-48.22044,-48.90313,-51.117405,-51.212807,-51.697014,-56.01825
9984,True,-27.500927,-31.65049,-26.316912,-32.519855,-38.537018,-31.889841,-37.99842,-38.517227,-39.181656,-38.26331,-42.59326,-41.13826,-39.541885,-41.469307,-39.40664,-37.89385,-39.71763,-40.626152,-40.184666,-42.23436,-40.486088,-42.858627,-42.446598,-43.27156,-43.854095,-45.697517,-49.110092,-48.91592,-50.149796,-52.5645,-54.51382,-57.181873
