timestamp,faulty,band_0,band_1,band_2,band_3,band_4,band_5,band_6,band_7,band_8,band_9,band_10,band_11,band_12,band_13,band_14,band_15,band_16,band_17,band_18,band_19,band_20,band_21,band_22,band_23,band_24,band_25,band_26,band_27,band_28,band_29,band_30,band_31
0,True,-25.644588,-27.501461,-31.251232,-32.24133,-36.777435,-39.551365,-44.617683,-43.55702,-44.340515,-45.05941,-42.51319,-47.64933,-48.81315,-43.718536,-44.864258,-46.340363,-51.634136,-53.318,-51.90214,-56.03106,-55.35503,-54.34394,-57.596786,-60.394165,-59.18167,-60.242992,-60.047737,-60.54683,-63.34885,-67.304474,-69.41214,-69.90304
32,True,-20.371256,-25.717533,-31.190119,-33.30803,-34.555023,-35.364674,-36.768364,-37.55878,-39.00596,-40.205162,-40.38434,-46.1103,-44.109375,-46.28883,-42.51297,-43.37383,-48.176636,-50.117767,-48.844265,-51.653133,-53.164387,-51.382545,-52.646374,-56.050297,-54.89955,-56.54056,-56.712395,-59.394497,-62.050896,-63.781017,-66.246284,-68.17623
64,True,-23.588781,-29.287125,-32.322887,-30.778303,-32.79721,-35.107445,-37.925564,-39.518574,-38.971874,-42.14096,-43.129772,-46.132927,-45.125084,-39.7146,-40.333534,-41.31012,-45.771976,-47.612873,-47.3227,-50.135338,-51.95589,-52.28634,-51.03427,-54.675182,-54.829193,-55.034386,-56.642426,-57.61175,-57.396378,-59.647545,-60.67822,-60.210693
96,True,-25.339165,-28.049643,-30.28978,-30.446852,-29.815277,-27.775316,-31.058683,-28.284872,-30.298033,-34.307487,-40.327362,-36.11445,-39.784836,-38.999695,-35.088543,-31.662056,-28.344393,-32.39753,-41.407303,-41.32851,-42.749977,-42.092125,-42.53257,-47.285698,-43.475346,-40.52006,-35.83767,-34.132523,-29.201567,-31.84352,-34.32595,-34.300255
128,True,-25.218128,-27.13373,-25.47756,-28.293112,-32.50381,-29.984016,-35.28306,-33.3073,-34.809616,-42.143425,-38.447132,-37.47688,-45.172783,-43.75729,-41.072803,-43.386375,-40.045166,-43.56312,-44.772255,-48.558395,-47.808243,-47.0422,-51.335495,-52.805866,-53.336243,-51.35047,-48.799854,-48.648182,-43.300278,-45.793396,-47.987785,-47.237392
160,True,-25.122528,-27.47124,-27.688066,-29.528728,-34.17053,-37.113537,-38.133453,-39.514633,-35.412487,-41.15726,-39.602245,-36.35618,-39.773018,-42.62362,-43.074398,-43.737198,-43.850002,-46.346184,-48.215176,-50.138607,-50.151104,-49.588894,-51.23974,-52.55265,-53.017067,-54.31018,-53.475464,-54.631554,-50.187412,-50.618813,-53.816696,-54.218933
192,True,-27.014526,-26.606812,-29.22847,-32.035564,-33.41565,-32.63232,-37.6947,-36.407227,-33.03227,-40.137604,-38.950172,-39.067677,-44.29805,-44.558838,-45.180355,-44.832424,-45.30857,-47.443924,-49.182617,-49.691765,-50.955482,-50.0091,-52.836246,-53.27968,-54.572594,-57.154163,-53.494293,-55.73224,-53.910107,-55.11915,-58.203392,-58.80859
224,True,-21.590061,-23.591347,-27.992632,-33.943363,-32.174908,-32.094467,-35.457024,-34.568726,-33.14236,-38.5154,-40.237816,-40.069065,-43.559746,-42.361168,-41.379257,-44.5162,-46.926765,-46.875374,-48.31021,-51.777084,-49.43893,-51.440235,-54.53247,-55.062004,-55.188072,-55.774387,-57.22012,-58.39958,-55.895576,-59.36636,-62.70385,-63.866867
256,True,-22.909529,-29.601627,-28.1134,-31.119556,-34.418007,-37.23916,-38.470383,-40.13365,-37.537674,-40.59365,-37.766403,-38.911556,-42.275124,-42.557114,-43.59584,-44.431175,-45.46454,-48.23393,-48.018513,-51.053055,-53.997807,-51.763996,-52.224785,-54.108883,-54.39106,-56.359924,-56.665283,-57.21899,-60.301746,-61.644585,-64.51508,-67.51005
288,True,-24.796673,-28.500883,-30.051157,-31.06843,-34.294296,-36.621635,-39.88401,-40.954033,-38.27028,-39.7227,-42.487556,-40.1788,-39.2957,-40.08238,-42.658104,-43.879814,-47.60567,-47.13177,-48.31161,-50.45788,-49.160328,-49.70413,-52.81372,-53.614483,-55.186554,-56.93297,-57.176556,-58.10058,-61.76273,-63.89258,-66.114815,-68.609146
320,True,-20.575476,-25.809608,-26.36911,-30.173464,-30.911213,-33.01704,-38.841816,-36.684456,-35.240196,-43.01983,-45.64604,-44.21205,-45.126938,-41.960175,-41.745857,-43.718216,-45.637184,-46.453026,-51.382748,-50.934353,-50.035522,-50.785336,-51.077034,-54.725067,-55.692993,-56.012043,-57.31022,-58.004616,-62.414165,-63.288033,-66.35037,-69.11568
352,True,-23.865587,-28.303661,-32.457832,-31.493935,-32.633194,-35.76846,-36.566433,-34.54776,-34.56922,-40.193783,-42.425953,-39.902996,-40.449142,-41.108513,-42.25838,-42.432014,-44.935604,-48.139378,-49.802147,-53.174675,-49.613213,-50.624256,-53.98583,-55.841255,-56.816055,-57.256504,-57.258194,-57.463337,-61.043324,-64.12744,-66.35303,-69.347946
384,True,-22.83437,-24.649788,-28.711893,-31.297207,-34.837738,-32.954227,-37.41276,-35.916145,-35.246685,-40.800156,-42.29428,-41.01526,-40.945362,-40.131233,-41.264763,-42.251114,-46.42185,-47.773056,-50.56396,-51.935753,-51.492973,-50.735188,-54.232655,-54.68869,-55.032085,-55.472836,-56.62825,-59.72723,-62.247272,-64.68144,-66.03395,-68.69672
416,True,-24.859524,-25.46857,-25.18778,-31.103233,-33.974094,-38.67942,-36.441406,-34.086,-36.61828,-43.00638,-38.54834,-40.77913,-42.06425,-41.014107,-43.784595,-46.31535,-47.31906,-46.529354,-48.53018,-50.364105,-51.08267,-50.866608,-49.781082,-55.359898,-57.1863,-55.539574,-57.7277,-59.55891,-63.279896,-64.45977,-66.971405,-69.453156
448,True,-24.62986,-27.392282,-32.509846,-31.827381,-34.591576,-36.945625,-36.93932,-37.032425,-37.561703,-40.904507,-39.832794,-41.15609,-43.921608,-43.104244,-42.227116,-42.546852,-46.05782,-49.836227,-49.66145,-50.157627,-50.640556,-49.762062,-51.376606,-53.533432,-54.553852,-56.707893,-58.524975,-59.14112,-63.23416,-64.889786,-66.865814,-70.11035
480,True,-26.24472,-27.856596,-30.915867,-31.00415,-32.315823,-35.890602,-38.73842,-40.351303,-41.31636,-40.994247,-43.672337,-45.876167,-45.266098,-44.34897,-42.50584,-42.732162,-44.211384,-48.1755,-47.392326,-48.057358,-52.916496,-50.89561,-52.792885,-55.118313,-57.157078,-56.51264,-57.914192,-58.477394,-60.744495,-64.94213,-66.75369,-69.481476
512,True,-24.929325,-32.205,-29.957401,-31.969664,-33.350628,-35.096706,-37.03758,-41.05622,-35.524925,-38.366066,-42.27722,-45.04753,-43.46292,-45.20732,-42.474625,-44.043755,-47.781403,-48.1292,-47.22284,-50.676727,-49.9672,-51.36066,-51.878616,-53.084137,-55.882347,-55.88707,-56.61457,-57.85017,-62.243134,-66.461136,-66.9891,-68.68242
544,True,-21.675667,-27.268215,-30.73933,-31.679888,-33.698364,-34.232727,-36.06015,-43.025932,-36.658325,-38.093674,-39.046013,-41.26781,-38.86067,-42.48602,-41.404182,-43.84493,-45.347603,-48.186077,-48.406258,-51.70468,-50.643806,-49.56099,-53.216103,-54.72046,-55.817482,-55.620598,-56.12298,-58.691402,-63.053123,-65.50741,-66.86506,-69.07779
576,True,-24.695902,-22.713722,-27.291733,-32.594517,-32.07229,-31.670763,-37.179688,-35.476955,-34.915176,-41.73872,-42.00406,-40.59709,-41.78212,-44.455532,-42.51422,-46.603127,-46.41461,-47.230835,-47.29576,-50.766712,-51.07502,-51.47351,-55.262047,-55.163536,-54.098545,-55.926308,-57.89778,-60.222126,-62.41695,-64.390884,-66.35726,-68.7487
608,True,-24.026047,-28.861843,-29.70339,-29.628113,-32.09868,-35.00937,-37.08586,-39.022278,-36.581387,-40.700016,-42.461617,-40.98715,-42.899254,-41.282753,-41.54309,-44.576057,-48.27759,-48.834805,-48.70999,-50.270042,-50.127396,-50.287086,-54.724003,-53.60698,-54.90745,-54.33326,-56.029533,-58.166504,-60.302284,-62.736145,-63.783554,-64.97815
640,True,-27.949945,-26.737051,-30.085823,-28.433123,-38.422527,-35.43316,-36.772125,-37.731224,-39.62838,-39.12125,-38.970974,-41.90016,-43.69507,-45.004883,-44.033928,-41.87014,-42.598633,-46.407604,-47.810787,-50.26258,-50.830627,-52.177383,-51.83439,-54.963093,-55.60665,-56.071297,-55.765957,-52.803513,-52.86909,-52.4009,-52.56786,-56.231747
672,True,-25.215815,-29.717314,-30.897617,-33.2212,-34.22013,-34.637978,-34.623493,-37.046154,-39.00243,-37.986935,-38.95702,-39.31408,-40.36891,-44.66274,-43.788628,-42.663002,-45.67671,-47.396694,-46.0541,-50.194565,-51.557335,-51.941284,-52.156204,-52.832924,-55.627857,-57.035263,-57.339188,-59.951267,-61.42229,-61.61625,-63.531128,-66.82227
704,True,-23.053944,-25.191864,-29.334068,-33.286293,-34.952957,-35.53512,-37.76776,-38.095592,-37.746017,-41.630966,-39.18484,-45.383896,-45.23191,-43.204346,-42.4582,-43.931087,-45.435287,-47.1228,-48.01703,-51.317757,-50.34101,-50.800175,-52.07131,-52.392456,-54.24313,-55.856598,-57.738476,-60.22642,-61.21912,-62.72234,-64.71051,-68.22706
736,True,-28.548794,-29.667084,-28.590899,-32.839542,-29.996061,-34.408615,-39.1276,-37.919884,-37.10687,-39.108067,-39.730286,-42.40871,-42.308403,-42.207893,-45.88301,-45.56832,-44.860237,-46.266052,-48.048546,-50.30445,-49.150787,-48.395515,-53.078476,-54.229183,-53.19497,-56.508335,-57.47811,-57.523064,-62.835064,-64.919266,-67.18057,-67.73053
768,True,-21.91621,-26.995258,-29.732628,-31.305437,-32.57286,-34.102097,-41.53708,-37.575485,-32.623325,-38.68679,-43.332855,-44.430115,-45.63797,-43.910793,-44.32019,-44.053932,-44.28813,-46.300095,-49.951828,-51.579292,-51.523266,-51.041046,-53.067646,-53.96259,-55.901573,-54.949036,-58.102837,-60.17261,-62.912945,-65.444565,-67.230545,-68.88747
800,True,-22.93638,-24.191866,-28.21742,-31.26485,-37.005367,-35.59869,-41.158634,-37.87244,-35.155823,-36.47713,-39.395084,-41.39278,-42.333427,-39.850372,-41.382652,-43.33808,-45.187546,-46.984756,-47.690475,-48.242737,-51.551243,-52.25338,-51.831787,-53.748135,-56.175797,-55.266304,-57.233086,-59.19217,-62.409916,-65.193146,-66.21102,-68.18432
832,True,-25.53162,-24.242842,-25.166405,-28.748407,-31.387257,-36.639114,-35.031048,-38.325874,-38.11247,-40.511494,-44.91388,-40.50457,-41.348007,-43.520676,-46.401794,-44.989246,-47.820126,-48.358208,-49.79517,-49.72523,-50.517002,-50.09994,-51.096237,-55.55557,-55.932648,-56.96505,-58.426666,-58.137,-62.488876,-65.245346,-66.58422,-68.881386
864,True,-23.708933,-25.468397,-27.892689,-33.870518,-33.049683,-34.01805,-37.95032,-36.990425,-37.07355,-39.004425,-41.615723,-41.996544,-41.183113,-41.98529,-44.996742,-44.74958,-44.86803,-47.727985,-48.850792,-50.38896,-51.41211,-50.654793,-53.083977,-54.861275,-55.31054,-57.85734,-57.76276,-58.43082,-62.58703,-65.823364,-68.20469,-68.427055
896,True,-27.059383,-29.982538,-27.753765,-27.88822,-31.969086,-34.05902,-38.145786,-36.650402,-36.331825,-41.802868,-40.48751,-41.176888,-43.429012,-42.972084,-44.900055,-45.941475,-46.082397,-47.18866,-48.732037,-50.27767,-49.80896,-49.567146,-52.25256,-53.269886,-55.62309,-56.10552,-59.200977,-58.764755,-62.937927,-64.33697,-67.275085,-67.751495
928,True,-29.421213,-29.753143,-28.177473,-28.55398,-35.953915,-36.86063,-40.125282,-39.059155,-39.50782,-42.306534,-40.53103,-40.777145,-42.685986,-42.36231,-46.012005,-46.68652,-46.570198,-45.944954,-47.130547,-49.706673,-49.74138,-48.920143,-52.674103,-55.40995,-55.5348,-56.990086,-59.358337,-59.733116,-62.878532,-66.70202,-68.04265,-68.9848
960,True,-27.41276,-29.67432,-25.489866,-31.117641,-34.1469,-35.225624,-40.31653,-41.925316,-38.247444,-39.511875,-42.54576,-41.248505,-40.371838,-43.693928,-46.175457,-43.961594,-46.565575,-46.8578,-46.965923,-49.134666,-50.32083,-50.508064,-50.629635,-55.803852,-55.705513,-55.886425,-56.50539,-58.552376,-63.18735,-64.381546,-66.88429,-69.63543
992,True,-23.930769,-26.471737,-26.95836,-32.934345,-34.111465,-35.108055,-36.783287,-32.97296,-35.059223,-41.404705,-43.51773,-43.666782,-42.65688,-44.57729,-43.851505,-44.466152,-45.466125,-46.01808,-47.29014,-51.62624,-50.394703,-50.339474,-51.182674,-55.682102,-52.822624,-54.585896,-58.42573,-60.451675,-63.746468,-65.290764,-66.465965,-68.51895
1024,True,-25.148384,-26.757557,-27.315582,-28.732742,-31.54561,-33.66611,-34.11383,-36.25531,-39.77415,-41.374226,-43.427883,-40.305374,-40.166252,-41.908627,-44.259968,-47.309917,-47.18439,-47.076233,-48.289124,-52.305866,-51.865635,-51.04418,-52.426052,-53.924885,-54.822914,-55.481873,-57.785145,-59.848064,-61.161026,-64.8124,-67.59078,-67.53225
1056,True,-25.462631,-28.214476,-26.42452,-28.204704,-31.93633,-35.8477,-43.050236,-39.17015,-37.504234,-37.050987,-44.401512,-41.69899,-42.34379,-44.004738,-44.508667,-47.33053,-49.35394,-49.15386,-49.95874,-51.903934,-50.13349,-49.755978,-51.551804,-52.801037,-52.842278,-56.554256,-57.32897,-59.47786,-60.997864,-65.13737,-68.229935,-68.03416
1088,True,-27.19596,-32.939552,-28.501818,-26.33806,-30.975664,-38.391125,-39.327454,-37.04775,-35.290047,-38.03203,-42.133873,-43.81183,-42.50696,-43.196335,-46.88333,-47.85091,-47.83321,-44.901817,-46.54052,-51.985706,-50.21803,-51.449844,-52.368073,-55.140564,-55.579163,-57.337395,-58.91816,-59.232975,-61.40531,-64.45372,-67.129395,-68.967896
1120,True,-27.914986,-31.711065,-24.963009,-27.289406,-27.915188,-33.34803,-41.63186,-36.748394,-36.46038,-37.250637,-40.259598,-40.1337,-42.312855,-40.135834,-40.192226,-43.281326,-44.89051,-44.28963,-47.61473,-49.25697,-51.295204,-50.25543,-52.32395,-52.794243,-54.56507,-56.195328,-57.789158,-58.33391,-61.46029,-66.22548,-66.73184,-68.839775
1152,True,-25.980927,-26.433838,-26.763046,-27.826244,-32.916737,-39.08927,-42.44431,-37.940464,-35.60453,-41.993042,-41.102516,-43.63298,-40.98061,-43.227943,-40.150436,-42.975025,-47.12646,-47.156525,-50.265793,-49.078423,-51.400738,-49.446365,-52.26343,-54.078785,-53.96892,-56.169487,-57.431503,-59.436893,-61.231773,-64.48511,-66.313866,-68.74114
1184,True,-28.004171,-27.010908,-27.402555,-30.621138,-28.461401,-30.139568,-31.900536,-29.77238,-31.771992,-33.991596,-36.243233,-35.824886,-36.470325,-39.05043,-34.980053,-31.777912,-28.057928,-32.53618,-40.209915,-41.82988,-41.858616,-40.203125,-43.145103,-46.893047,-42.50981,-37.697136,-36.675705,-34.077118,-28.200443,-30.916817,-32.084717,-32.933243
1216,True,-27.31269,-30.677355,-27.956947,-31.961254,-29.764385,-33.206535,-38.00006,-34.93485,-34.67295,-39.071312,-38.343185,-40.652412,-41.16384,-41.57642,-41.89548,-41.203438,-38.867447,-42.702374,-45.49041,-47.519028,-48.627872,-49.094204,-50.43094,-51.816673,-50.32425,-49.63662,-48.494564,-47.89125,-41.787754,-44.50943,-45.016083,-45.49324
1248,True,-23.851902,-26.516018,-23.791683,-27.408978,-32.268444,-37.890823,-37.501427,-37.844425,-40.941147,-42.785843,-39.693405,-40.740223,-42.598465,-39.13535,-43.96187,-42.935863,-46.642498,-47.51487,-47.280563,-48.660007,-47.802597,-48.017025,-50.71123,-54.77913,-55.860104,-53.986664,-53.732468,-53.34237,-49.159615,-49.88178,-52.145847,-52.585545
1280,True,-22.057415,-25.716211,-30.63447,-29.611204,-32.734035,-33.544212,-40.304016,-39.369667,-37.520206,-38.624123,-39.935326,-38.141296,-38.8643,-42.582455,-41.75782,-44.74728,-47.936913,-47.467518,-45.994957,-48.31656,-52.11908,-50.342716,-52.87323,-54.837955,-52.921085,-54.43687,-55.97187,-56.660503,-53.718758,-54.17006,-56.602547,-57.95134
1312,True,-25.562363,-28.03611,-25.811268,-27.44588,-33.431602,-34.309296,-37.169773,-36.41709,-39.316193,-43.984177,-41.08044,-42.973766,-43.190323,-41.995255,-42.15148,-43.046627,-46.500664,-47.95009,-47.589424,-49.131172,-52.727303,-54.263725,-51.50132,-53.636974,-55.469498,-57.617332,-56.04221,-58.54278,-56.351334,-59.57225,-60.993675,-62.58728
1344,True,-23.241753,-25.380367,-32.197727,-31.292896,-34.994583,-34.225796,-36.727276,-36.1286,-35.127407,-38.955006,-38.951576,-40.788097,-44.72714,-42.70469,-41.78276,-43.40283,-43.924107,-48.90671,-49.247776,-50.5579,-51.20297,-49.0821,-50.253532,-54.44704,-54.283165,-55.484673,-56.934235,-56.588326,-59.213863,-62.10263,-65.17589,-66.08201
1376,True,-24.280584,-29.024076,-32.141224,-29.067371,-31.674326,-34.62063,-37.11252,-39.705685,-35.740807,-37.54301,-38.228752,-42.079437,-42.85144,-45.253567,-43.26683,-43.422813,-48.62084,-50.182453,-48.810997,-48.42942,-48.671337,-51.609863,-54.129063,-56.91974,-55.607224,-54.13149,-56.69697,-59.28247,-59.84028,-64.68561,-67.11147,-67.23775
1408,True,-25.378056,-26.19178,-29.523293,-31.438883,-31.215698,-35.947422,-40.825127,-42.496452,-34.668793,-37.441254,-43.384315,-38.96996,-42.098175,-42.24842,-43.85755,-43.308254,-44.410954,-48.501553,-45.946674,-50.568714,-50.652203,-48.54943,-49.884537,-54.792217,-56.35946,-56.38609,-55.86231,-59.467865,-62.96198,-64.92211,-66.013214,-68.173515
1440,True,-24.82604,-30.687773,-28.851204,-27.94183,-31.374214,-37.156006,-40.107483,-37.64689,-34.29401,-38.986736,-44.28629,-43.05008,-44.606228,-42.315132,-41.77662,-44.002487,-48.684887,-49.51387,-50.054455,-48.171326,-49.139637,-48.230087,-51.587887,-55.843285,-58.22171,-57.419857,-56.182373,-60.74662,-60.928974,-64.47786,-66.520775,-68.1835
1472,True,-23.04925,-26.867636,-25.156017,-30.640343,-32.900253,-32.885063,-36.644596,-39.043938,-34.81585,-37.661377,-42.472237,-43.463814,-43.764267,-43.249123,-43.577408,-44.19674,-45.59733,-47.932148,-48.907322,-49.71115,-50.23419,-50.05631,-51.941685,-54.414745,-55.190636,-56.069534,-57.4984,-59.027,-63.93909,-64.92517,-67.00868,-67.80452
1504,True,-23.477146,-28.741089,-28.610323,-31.005728,-34.630707,-38.988102,-39.118137,-38.9656,-35.53844,-40.370983,-42.148056,-39.551903,-39.552475,-41.530067,-43.824482,-43.48669,-45.178673,-48.587692,-47.441044,-48.327976,-50.903572,-50.87959,-52.82887,-54.474876,-53.94636,-54.46695,-58.12807,-57.41554,-61.620033,-64.12308,-67.094185,-68.258865
1536,True,-23.871738,-31.550507,-31.17446,-34.718258,-35.984005,-33.231007,-37.621563,-42.602047,-40.51611,-39.658676,-37.481846,-39.88172,-41.539978,-43.64458,-41.953053,-44.855618,-44.968643,-46.179543,-49.069473,-49.206673,-50.57152,-50.73175,-51.197746,-52.62308,-54.40448,-56.061623,-56.40281,-58.712864,-63.549103,-64.81218,-67.6448,-67.45448
1568,True,-25.52496,-27.38443,-27.160196,-28.258284,-34.137604,-37.14994,-38.681377,-39.58094,-34.830925,-40.649185,-40.994904,-41.698574,-42.421753,-43.65414,-41.597343,-42.67344,-45.815678,-48.006573,-48.43959,-49.274082,-50.692017,-49.689163,-54.0495,-54.408344,-54.60863,-54.35134,-55.73231,-58.071053,-61.732872,-63.4208,-66.8094,-69.00353
1600,True,-24.512486,-26.662004,-30.748718,-32.54216,-32.32851,-33.23808,-36.45052,-43.102604,-36.659893,-40.154095,-42.17878,-44.941372,-41.569496,-43.514145,-44.214752,-43.049355,-44.493465,-47.57219,-47.798553,-50.762905,-51.011086,-48.827213,-54.59594,-55.11047,-54.78444,-55.985146,-59.307026,-59.824486,-61.416595,-63.92457,-67.31165,-68.95383
1632,True,-23.71871,-29.651968,-30.515614,-32.56285,-35.418076,-37.05607,-38.679356,-34.223446,-34.56723,-41.65134,-38.99289,-41.622826,-40.14592,-43.458267,-43.5976,-45.19745,-47.804474,-45.2846,-47.072964,-49.8985,-51.61766,-50.84719,-51.315903,-55.149685,-53.714195,-54.361893,-56.59813,-56.749397,-61.31845,-64.44592,-66.42265,-68.82296
1664,True,-21.66424,-28.671114,-25.124445,-27.713512,-32.541977,-35.833397,-34.143116,-33.806507,-38.688557,-43.670612,-42.75406,-43.23533,-41.837734,-43.614082,-44.081287,-42.31037,-46.63149,-47.606274,-48.206703,-51.139034,-48.68322,-50.18072,-51.883053,-54.10182,-56.340736,-57.66886,-56.81473,-58.11667,-62.98267,-64.096664,-65.25288,-67.74402
1696,True,-20.07462,-26.281471,-27.568249,-30.332462,-29.844448,-35.140144,-42.33001,-38.67011,-36.051186,-41.895187,-37.7714,-39.080463,-39.632812,-42.11232,-42.972992,-45.59666,-47.324387,-47.100086,-47.371235,-48.828636,-49.525352,-50.193638,-52.40947,-52.052948,-52.83477,-55.418327,-55.749115,-58.87668,-62.562645,-65.13681,-67.1304,-67.65748
1728,True,-20.886518,-26.541368,-28.53889,-30.379354,-37.51833,-35.01845,-35.71025,-41.3504,-38.977272,-40.478138,-40.85003,-40.366726,-43.23162,-45.14583,-41.4068,-42.397606,-46.30838,-45.74752,-48.417088,-49.68875,-51.597256,-48.639244,-51.115044,-53.556057,-53.307487,-54.491154,-57.564182,-56.392372,-57.442913,-57.403355,-58.16038,-60.723537
1760,True,-21.811096,-25.591854,-28.314728,-33.1601,-34.09372,-32.6035,-36.218315,-35.068176,-36.96095,-42.303223,-42.447163,-39.309563,-40.28083,-42.655785,-41.65768,-44.859768,-45.307697,-49.689007,-48.682274,-49.079216,-50.02821,-51.28971,-54.765278,-56.352654,-54.803394,-55.938255,-55.505768,-53.41099,-56.72173,-57.206463,-56.81011,-61.165432
1792,True,-23.071339,-29.608442,-34.015697,-36.577644,-35.59658,-35.577347,-37.10723,-36.183594,-37.024998,-41.216602,-43.23735,-40.963898,-39.976696,-44.92977,-42.6508,-43.27074,-43.067127,-46.717525,-47.871887,-49.022575,-50.742317,-50.652615,-53.05199,-56.378662,-54.655037,-56.56797,-56.892044,-60.324116,-62.743935,-63.635296,-65.75392,-68.31161
1824,True,-23.1725,-29.90871,-27.668682,-30.517033,-34.81567,-32.315475,-34.744183,-38.762077,-35.130093,-42.529,-43.42801,-41.897243,-43.23181,-44.67342,-41.60736,-42.87919,-44.900875,-47.75466,-48.685524,-49.268856,-49.26682,-49.865112,-52.432465,-55.75707,-55.300194,-55.649986,-57.174248,-57.906128,-62.992798,-64.963196,-65.428055,-68.77213
1856,True,-23.288534,-27.93861,-28.424019,-31.898182,-34.650723,-33.051292,-35.955807,-40.093597,-37.190735,-38.968838,-43.440224,-40.071217,-43.12321,-44.233967,-43.071754,-45.45542,-47.43736,-48.426758,-46.662067,-49.56688,-49.396935,-47.809963,-53.369225,-54.683563,-54.185387,-56.036114,-56.41283,-57.80344,-61.575733,-64.91035,-65.57229,-67.943306
1888,True,-20.92699,-22.635973,-30.431654,-32.78257,-36.49843,-32.432556,-37.46913,-37.63093,-37.814213,-40.568737,-41.66037,-39.17627,-41.890083,-43.085083,-45.9096,-42.919537,-44.68583,-47.660336,-49.110313,-51.431618,-49.47443,-47.721558,-50.70926,-52.2332,-53.970573,-55.330692,-56.72133,-58.15737,-60.740456,-64.489685,-66.28072,-68.92003
1920,True,-23.994303,-25.90976,-25.537273,-29.850433,-35.111107,-36.39546,-35.9014,-38.68238,-41.20749,-40.349545,-39.112305,-41.939034,-42.87952,-43.28285,-41.269333,-44.469543,-47.886894,-45.827007,-46.54184,-49.094944,-50.048008,-51.63435,-51.376915,-53.029465,-55.357857,-55.9694,-56.868835,-59.626823,-60.501144,-64.23705,-65.98271,-67.6859
1952,True,-22.752743,-26.461466,-30.707333,-32.403122,-37.651943,-38.6597,-42.08249,-37.1737,-40.264465,-41.71521,-43.117226,-41.37446,-41.68181,-45.19934,-42.620502,-43.875046,-45.67016,-47.906616,-48.23351,-49.488937,-50.91126,-49.227074,-50.3599,-54.487724,-54.94082,-54.712086,-58.426548,-60.502617,-62.45813,-65.62252,-67.452065,-67.9078
1984,True,-22.17449,-26.498829,-29.542873,-29.908998,-35.400806,-35.096146,-37.126427,-36.16615,-38.407207,-38.451538,-44.006542,-42.939304,-40.851936,-44.25975,-41.601738,-44.637856,-45.163673,-47.464867,-50.499893,-50.214035,-50.2166,-48.10997,-50.828957,-53.7793,-56.10691,-56.763367,-57.623398,-57.79653,-62.00552,-65.44786,-67.80279,-69.69662
2016,True,-24.112244,-26.878101,-31.564486,-33.247124,-29.866127,-33.569176,-37.217377,-39.146828,-39.15536,-41.948242,-39.91224,-39.3903,-43.70743,-47.12998,-42.43128,-44.815613,-46.203785,-46.280308,-47.847256,-49.29117,-49.919518,-50.465046,-51.504517,-54.115402,-56.326336,-58.02009,-58.142605,-60.092587,-62.6115,-64.049736,-66.737755,-68.14157
2048,True,-24.2451,-28.52441,-28.875214,-32.865788,-33.32691,-31.804325,-36.622616,-39.95164,-38.94996,-41.515194,-41.56092,-45.113144,-43.848663,-42.162018,-43.527115,-45.320755,-47.255836,-49.594746,-48.166203,-49.658577,-49.244175,-49.971714,-51.08459,-52.783886,-53.960693,-56.41269,-57.72811,-60.72577,-62.013794,-64.18841,-67.777756,-69.0056
2080,True,-23.526436,-29.763401,-26.944801,-30.285875,-32.738754,-34.473988,-39.852966,-37.611423,-37.577633,-37.50713,-41.987038,-38.64693,-42.7498,-42.901222,-43.3782,-46.436802,-46.808266,-46.848763,-48.648743,-50.16803,-50.445858,-52.044434,-51.85115,-54.43641,-56.960876,-56.355865,-58.137085,-59.570164,-62.949013,-63.745384,-67.27682,-69.339935
2112,True,-26.345093,-30.521214,-28.021784,-28.617573,-31.026012,-36.51947,-36.282623,-35.44338,-38.3508,-43.130547,-44.077972,-41.65143,-39.47731,-42.361797,-41.94744,-45.14718,-45.666393,-45.92087,-47.62871,-49.13012,-52.25467,-50.484486,-51.15515,-53.490837,-56.552452,-56.73466,-57.50221,-58.640556,-62.43362,-64.7657,-68.01773,-68.95966
2144,True,-25.306776,-28.50316,-24.985056,-30.204699,-34.799965,-33.059837,-36.5471,-36.717075,-36.815594,-42.65621,-42.166096,-39.039303,-41.799168,-43.96219,-44.046837,-48.163803,-50.661957,-50.528416,-48.041435,-48.238377,-50.519985,-48.909653,-52.00773,-54.18248,-54.81369,-58.032692,-58.787388,-58.191513,-63.247467,-65.11601,-66.27198,-68.72182
2176,True,-27.415462,-29.252247,-30.588491,-30.783937,-35.071968,-36.445705,-33.976543,-35.67258,-33.16678,-36.681675,-35.982113,-38.73952,-41.843815,-44.768566,-43.45688,-44.593422,-43.828453,-48.065033,-49.40065,-50.801357,-49.043026,-47.043602,-50.482033,-54.72179,-55.86454,-56.42115,-56.870995,-57.594036,-61.067715,-65.38043,-66.667366,-67.80249
2208,True,-25.17918,-27.143343,-28.522137,-28.805454,-30.786888,-31.631983,-36.101738,-38.13206,-37.95371,-38.815582,-39.355244,-40.452614,-41.476063,-41.431805,-44.149403,-45.410797,-45.775265,-48.141006,-49.21671,-50.483467,-48.405212,-49.026245,-50.921955,-53.889957,-54.923473,-54.76215,-56.72551,-58.779068,-61.80019,-64.33859,-67.24625,-67.11811
2240,True,-24.801903,-28.910118,-28.930063,-31.926334,-32.216347,-33.2223,-34.764297,-37.811882,-33.603645,-40.918446,-42.145103,-39.0681,-44.203743,-44.59086,-44.674664,-45.03749,-44.264557,-45.540333,-45.87492,-47.696117,-49.511696,-49.17797,-51.01899,-54.11476,-52.843933,-53.368587,-55.417217,-57.789837,-61.388546,-63.55968,-65.71128,-69.00089
2272,True,-26.28051,-26.38216,-27.820757,-28.630678,-35.696148,-36.24937,-36.76521,-36.78981,-36.41002,-41.271828,-41.3706,-42.12299,-42.756065,-45.50793,-42.302784,-39.907772,-44.894527,-49.03267,-48.202705,-50.01421,-49.54556,-51.125977,-50.778282,-53.585087,-54.67047,-55.879295,-56.247746,-59.55208,-63.539772,-64.11084,-66.862946,-69.248505
2304,True,-22.89436,-25.199299,-25.146568,-30.084455,-32.579533,-37.42786,-40.60421,-38.70411,-36.251026,-42.209034,-46.096684,-42.519093,-43.751392,-46.39483,-43.461533,-45.747025,-44.030804,-46.20003,-49.00715,-48.804245,-49.332825,-50.0307,-49.831944,-54.456512,-53.63514,-55.732216,-56.155296,-59.31719,-61.99327,-63.252663,-67.14551,-69.087074
2336,True,-23.263927,-27.014107,-26.923502,-27.68179,-32.281128,-37.111164,-36.291718,-37.115135,-36.067513,-42.495087,-44.492767,-40.136246,-41.19639,-43.309013,-48.270416,-45.95513,-48.102066,-47.429234,-47.69626,-48.654808,-49.013718,-48.93185,-52.221107,-54.436817,-54.483646,-55.695187,-55.543694,-57.25885,-61.078815,-65.44095,-67.39615,-70.2876
2368,True,-22.001766,-23.811197,-27.813093,-29.06744,-32.369045,-33.81276,-36.1447,-38.584515,-37.14785,-41.01069,-39.867638,-41.05846,-41.173744,-40.007713,-47.139908,-46.143192,-45.76462,-47.014015,-49.00601,-45.723213,-48.9611,-49.535255,-50.82682,-53.929047,-53.972176,-57.59629,-58.787598,-59.360863,-63.10141,-65.274994,-67.17111,-68.3526
2400,True,-21.557734,-24.754002,-30.237635,-29.154263,-30.356436,-35.760883,-40.186287,-36.890224,-34.998848,-38.083145,-40.28064,-41.275272,-41.299053,-43.192593,-44.46426,-48.76402,-42.49389,-44.773407,-47.526226,-49.95445,-48.336334,-51.022892,-53.362686,-53.5359,-55.179382,-55.782066,-58.03986,-60.3982,-63.11459,-65.058624,-66.08126,-69.19777
2432,True,-23.955662,-26.287497,-27.828657,-31.66512,-34.622776,-33.91367,-35.095245,-38.032555,-38.513893,-37.62981,-38.885803,-42.75328,-41.636253,-42.698532,-45.7929,-42.667152,-44.45632,-48.109756,-49.391525,-52.51535,-52.122322,-50.942047,-51.515053,-54.321777,-52.893253,-56.720734,-57.054543,-60.03147,-64.02439,-64.54806,-68.033875,-69.28106
2464,True,-26.124435,-30.595505,-29.166527,-29.38411,-28.794966,-34.335938,-35.318512,-37.202,-35.365856,-37.708717,-42.57317,-43.669964,-43.656048,-42.21899,-47.62888,-45.829613,-45.454002,-47.083515,-45.479836,-50.482197,-49.873528,-50.54724,-54.08871,-54.988396,-55.2745,-56.178284,-57.049755,-58.399338,-60.462135,-63.99809,-67.2725,-69.08362
2496,True,-23.991957,-29.658958,-27.982227,-29.486303,-31.695244,-34.420033,-36.410122,-36.403244,-36.41767,-39.269848,-40.074062,-42.39308,-42.54146,-45.136223,-45.374012,-46.06685,-46.543343,-48.499832,-48.87918,-49.876972,-49.902946,-51.01745,-54.345303,-54.225407,-53.637352,-54.83558,-56.853737,-59.534386,-61.61647,-64.599365,-65.65894,-68.28243
2528,True,-26.93578,-28.31343,-23.709389,-28.453667,-36.111206,-34.994102,-38.6801,-38.467308,-34.676414,-37.107357,-39.981186,-41.235046,-43.608467,-44.163513,-42.357132,-43.39022,-47.725555,-48.157265,-49.85338,-48.12773,-50.435303,-51.037937,-53.18094,-53.89361,-54.27733,-55.227562,-57.23114,-60.85743,-62.242928,-65.19151,-66.67459,-68.857666
2560,True,-25.57409,-27.255436,-28.574612,-33.386868,-34.15366,-38.237408,-38.436047,-37.421745,-36.442238,-41.12734,-41.03504,-40.46714,-44.650417,-42.967926,-43.576515,-44.24485,-46.00466,-49.427204,-49.09273,-48.238644,-49.84076,-47.799305,-50.186783,-54.226517,-53.94396,-56.74824,-56.377617,-58.913765,-62.002914,-65.83447,-67.875046,-67.99619
2592,True,-20.757017,-28.480045,-28.698511,-29.614864,-35.757057,-36.539783,-41.62432,-37.51196,-36.2752,-40.814663,-37.46312,-42.80708,-41.467224,-43.27205,-42.7612,-42.14264,-47.442833,-45.790424,-46.8202,-48.757103,-46.57527,-48.042282,-52.896408,-53.24138,-54.30023,-55.32216,-56.24884,-59.820213,-63.037834,-64.83662,-67.62544,-68.90748
2624,True,-21.491093,-28.306866,-28.715923,-30.821993,-35.6537,-32.167522,-38.980175,-37.861965,-35.246414,-39.912266,-42.9306,-40.860474,-42.19015,-40.375805,-44.38049,-44.776493,-46.97639,-47.93837,-49.879196,-51.98239,-49.95114,-49.508595,-51.615417,-54.27159,-53.730118,-55.856224,-58.719383,-60.653976,-61.910408,-63.553467,-66.93824,-68.53126
2656,True,-21.472248,-25.984957,-27.436356,-28.342085,-31.651361,-37.485764,-39.14845,-37.503292,-35.16185,-39.184547,-41.72992,-41.683083,-46.702538,-45.18914,-43.03286,-45.11314,-43.72735,-46.260788,-47.203133,-49.942383,-49.297367,-50.972244,-52.94998,-54.746822,-56.83593,-57.25369,-57.686573,-59.280556,-62.476357,-66.10725,-67.84673,-68.927986
2688,True,-23.328955,-29.50183,-32.45628,-29.216291,-33.933968,-37.85486,-38.165173,-38.867504,-39.65166,-42.32583,-43.353573,-38.869614,-38.807186,-43.052353,-41.01123,-41.907238,-44.15631,-48.97103,-50.12506,-52.575417,-50.502815,-49.056023,-52.656273,-53.825077,-55.536915,-58.421394,-58.366455,-59.906174,-62.992928,-64.62943,-66.79084,-69.45915
2720,True,-25.181652,-30.042875,-30.015173,-31.44741,-34.486366,-35.70492,-39.9908,-37.284046,-37.47891,-44.92395,-43.54702,-40.580883,-41.677948,-44.232086,-45.08429,-43.571377,-42.24465,-45.98139,-48.170506,-49.01876,-50.535816,-50.944576,-51.715088,-54.054813,-54.0509,-56.676636,-56.824158,-59.827324,-62.692604,-65.69359,-67.00797,-70.01216
2752,True,-25.49411,-26.535685,-26.406296,-30.021296,-34.074974,-34.671085,-41.14595,-43.94478,-39.114296,-40.29562,-42.316177,-38.695896,-39.23573,-44.034294,-42.816013,-42.472908,-43.76373,-45.57152,-46.920868,-49.266,-50.925518,-51.864952,-53.53687,-53.957848,-53.115242,-56.812874,-57.062355,-59.482643,-64.0873,-64.63837,-67.30692,-69.35252
2784,True,-24.852962,-29.108782,-27.259548,-28.29757,-36.307266,-36.472343,-43.506413,-37.565636,-34.325333,-38.139732,-41.412575,-41.424427,-40.474045,-44.771584,-45.463326,-44.57247,-45.09872,-49.133305,-49.173054,-50.686325,-50.862637,-51.242775,-52.37271,-55.93224,-54.97835,-56.1451,-57.866318,-58.596077,-64.212524,-64.76309,-66.51256,-68.86689
2816,True,-25.969795,-27.325317,-23.874603,-31.113064,-32.648483,-36.453976,-40.43852,-39.41252,-34.54045,-40.493584,-38.459045,-43.99518,-41.572563,-43.675953,-43.45901,-42.488457,-43.715744,-48.315678,-47.316277,-49.23413,-50.409477,-49.20666,-52.272106,-54.51872,-53.649895,-55.655098,-57.35964,-58.796406,-62.30699,-63.441013,-66.060486,-69.301834
2848,True,-21.392475,-23.390415,-30.357727,-35.000412,-32.432915,-34.392666,-37.82155,-36.694378,-35.089993,-40.476757,-38.075382,-39.312138,-42.658913,-44.724613,-42.69313,-43.83083,-45.30472,-47.33017,-49.700962,-50.79329,-51.11982,-50.811115,-53.329414,-56.889587,-55.00635,-56.530663,-56.767445,-58.741844,-61.388718,-64.91201,-66.228615,-67.21575
2880,True,-23.79316,-31.797318,-30.09375,-33.884293,-34.645298,-39.87438,-39.284992,-37.544197,-35.509003,-40.61074,-43.422756,-42.658257,-43.03301,-45.251785,-44.612125,-42.56585,-47.31299,-46.01137,-48.646107,-52.70276,-51.502056,-51.038876,-52.112003,-53.50663,-53.44078,-56.224464,-59.694324,-61.33636,-60.858696,-62.45434,-66.674286,-68.45292
2912,True,-24.312382,-24.33977,-28.8741,-31.71922,-33.815296,-36.094048,-34.407993,-33.03036,-34.75888,-39.61804,-41.285557,-39.321007,-42.690426,-44.36318,-44.86202,-44.71949,-43.556328,-46.773537,-46.536797,-49.402584,-50.692516,-49.239006,-51.36505,-52.363083,-54.363476,-55.88547,-56.3707,-58.482353,-61.91914,-64.87803,-66.34732,-68.10601
2944,True,-24.354057,-25.671726,-30.88028,-30.380318,-29.737139,-38.50836,-38.02514,-37.74651,-36.348846,-40.602757,-41.30754,-41.405148,-43.137177,-46.74987,-42.28478,-42.74299,-46.90918,-48.43643,-48.21409,-49.32899,-48.3523,-49.046593,-50.72822,-53.145233,-52.685795,-56.67872,-59.09351,-60.94902,-63.862423,-64.511986,-68.30817,-69.4567
2976,True,-24.521696,-26.77462,-30.95998,-31.040508,-32.30869,-37.08735,-34.120895,-32.296005,-32.871246,-39.12172,-41.716545,-39.914738,-41.106815,-42.701317,-41.12065,-44.708862,-45.96491,-48.071274,-51.407074,-50.092934,-49.32351,-50.940052,-51.99064,-55.41857,-55.417446,-56.651314,-58.18518,-59.952995,-62.230644,-65.34122,-67.573784,-68.55603
3008,True,-25.04195,-27.947407,-29.74126,-32.830997,-34.557777,-37.738434,-39.112267,-41.144966,-37.764416,-41.769146,-44.097443,-40.737568,-40.784946,-48.77968,-41.798958,-42.295143,-43.57334,-45.65012,-47.593414,-51.162926,-50.280422,-48.355373,-53.55463,-57.897488,-54.738384,-56.429005,-56.806503,-57.734245,-62.64242,-64.499596,-67.131516,-68.50792
3040,True,-23.390175,-27.521496,-26.999214,-26.725536,-34.52553,-38.764454,-38.49207,-38.04931,-35.729385,-37.04053,-41.657833,-39.976353,-38.79649,-46.39444,-42.33478,-42.374706,-44.819828,-47.243958,-46.951706,-49.88748,-46.4336,-49.646523,-52.4553,-54.444656,-56.45992,-58.338924,-57.950768,-60.42447,-61.034565,-63.620903,-66.17727,-69.00229
3072,True,-23.999668,-31.273691,-30.910513,-30.398376,-30.574883,-33.352062,-38.723175,-39.05598,-36.508472,-40.68573,-40.005898,-41.170532,-41.711678,-40.860558,-41.21754,-43.1083,-48.107418,-48.15029,-50.07111,-50.589558,-48.78594,-49.485516,-50.682503,-54.134468,-55.89624,-56.01834,-57.0913,-59.32848,-62.200886,-63.572155,-66.4021,-67.73202
3104,True,-22.422583,-25.374767,-28.43691,-33.980583,-32.547745,-31.851599,-38.13296,-39.587433,-37.842625,-40.715836,-42.084404,-39.80576,-40.8668,-44.832146,-41.56857,-45.570625,-46.02839,-46.794643,-47.09075,-46.789165,-51.15671,-50.275654,-52.76129,-54.985806,-55.42236,-55.37217,-57.95895,-57.10268,-62.66752,-66.58159,-66.465294,-67.79942
3136,True,-26.974102,-28.880642,-30.813168,-30.310925,-32.865173,-33.200947,-41.025322,-38.79416,-37.190517,-43.224415,-38.359867,-39.652294,-41.213383,-40.713306,-40.922287,-44.48548,-48.21461,-45.95195,-47.622776,-50.90338,-49.055096,-50.01886,-50.7126,-52.04753,-53.76869,-57.38226,-56.620197,-59.6399,-63.486423,-65.31586,-65.72976,-67.76544
3168,True,-25.482538,-32.24647,-26.719074,-28.593433,-32.08409,-33.592655,-37.012383,-44.04808,-39.33791,-40.808945,-40.853924,-43.61377,-42.770416,-42.686073,-40.958096,-43.90514,-45.94641,-47.400913,-47.894432,-49.428894,-48.139324,-49.836914,-51.181396,-53.537354,-53.43762,-56.155678,-57.738693,-59.94446,-63.37917,-66.08005,-66.9003,-69.7363
3200,True,-25.89033,-28.303968,-28.751625,-32.10811,-33.716927,-32.143917,-37.813057,-38.612877,-38.52218,-43.314804,-42.005802,-41.222343,-44.634953,-44.36829,-43.995262,-44.615215,-46.59071,-45.22413,-50.11174,-48.15574,-48.26502,-49.649986,-51.284565,-53.087242,-53.01643,-56.063988,-56.888847,-60.16649,-61.306618,-64.42458,-66.46782,-69.04581
3232,True,-23.014109,-30.93032,-32.119118,-28.067577,-30.148914,-32.404095,-34.8406,-34.52391,-36.11914,-39.761738,-41.419483,-41.108734,-42.10556,-44.455963,-45.068413,-44.103413,-43.51094,-47.872437,-49.391514,-50.41358,-48.521458,-49.88247,-52.534924,-55.314484,-54.280094,-55.22319,-56.753914,-59.7751,-63.6447,-66.29645,-67.43806,-69.03458
3264,True,-26.818588,-25.0052,-27.542076,-27.061993,-32.342213,-35.271317,-33.994404,-36.47859,-37.312138,-39.19363,-42.032814,-38.597332,-41.22146,-40.77839,-41.25824,-42.96871,-44.268402,-48.863354,-48.190056,-49.952183,-51.228336,-49.42131,-52.877773,-54.550255,-53.918526,-55.24731,-56.930763,-59.7647,-61.298325,-64.775635,-67.487495,-69.807144
3296,True,-27.713154,-29.40052,-25.700447,-29.721043,-33.026684,-37.070595,-38.277344,-36.330593,-38.981434,-41.537888,-41.118145,-39.568436,-42.304756,-44.09211,-42.181496,-46.10591,-43.914314,-44.76879,-48.357544,-49.512764,-51.032684,-50.46063,-50.29445,-53.52654,-56.18395,-56.47539,-58.009563,-58.761654,-61.054367,-64.341354,-66.56005,-68.51097
3328,True,-20.792622,-28.938206,-23.12922,-28.798704,-33.633415,-33.072353,-36.644875,-39.90169,-38.98447,-39.20327,-38.79046,-47.335976,-45.34961,-45.102455,-42.640297,-47.183613,-43.42343,-47.429703,-50.36567,-49.25867,-48.82559,-48.893867,-51.881157,-53.10414,-53.13762,-55.11287,-57.01151,-58.69209,-61.664482,-63.664318,-67.11158,-68.71962
3360,True,-21.17447,-32.05301,-29.916111,-26.63279,-31.008375,-32.80912,-37.936234,-41.78848,-40.21217,-40.59441,-38.942505,-41.01235,-43.808895,-47.588127,-45.11732,-44.898712,-42.955814,-47.492046,-50.115814,-48.542397,-49.97097,-49.668243,-49.631004,-52.776436,-54.12815,-55.578445,-56.14891,-59.41134,-62.02128,-64.233284,-65.57835,-66.9581
3392,True,-26.053661,-26.199867,-26.315975,-31.362104,-34.222378,-33.979362,-36.85066,-41.414467,-35.942543,-37.40906,-41.01914,-42.613834,-42.540127,-44.881615,-40.75628,-42.231514,-46.4983,-46.699974,-47.18842,-49.084724,-50.13277,-50.463272,-52.181362,-51.90916,-51.774796,-55.080933,-56.54032,-57.97001,-62.619175,-64.42246,-68.43848,-69.38584
3424,True,-23.33534,-25.884607,-29.738712,-29.87381,-36.12841,-34.563274,-36.946518,-35.433456,-38.015903,-42.947205,-39.150055,-40.40249,-44.04787,-48.399017,-46.59958,-44.706223,-43.311935,-49.79609,-48.801712,-48.65551,-47.45541,-50.105164,-52.014313,-54.606247,-56.218266,-56.387997,-57.80169,-60.14709,-63.79827,-64.97732,-66.97165,-69.625694
3456,True,-27.40021,-30.650404,-28.804745,-35.116467,-35.21297,-33.26255,-38.175247,-36.78845,-35.431416,-41.646137,-40.835117,-39.085327,-45.878788,-45.774513,-42.947586,-45.304466,-43.473328,-46.529984,-47.531162,-47.98727,-49.46648,-49.20353,-51.075207,-54.05918,-54.201122,-54.84282,-56.203453,-60.527973,-63.40115,-65.53896,-66.770615,-68.22962
3488,True,-22.473587,-31.499517,-25.913649,-31.446726,-32.18764,-36.81086,-40.33187,-36.611927,-35.8031,-40.405632,-39.60899,-42.423725,-44.286884,-44.636017,-46.164474,-46.145653,-43.83008,-46.38379,-48.08203,-50.577816,-48.808273,-49.556194,-51.41166,-55.20803,-53.76022,-55.591045,-59.177025,-60.981544,-63.16263,-65.6672,-66.702255,-66.85468
3520,True,-24.963688,-25.372692,-24.095081,-27.435877,-36.804043,-36.85631,-35.721554,-38.20232,-37.824677,-41.676655,-44.32374,-40.74085,-42.446896,-45.062706,-45.63877,-43.91316,-47.101067,-46.928654,-46.109978,-49.870636,-51.058495,-50.022217,-51.33541,-54.847153,-54.69604,-54.708878,-58.627777,-61.044235,-62.447605,-65.20295,-65.18143,-68.70307
3552,True,-21.579168,-30.356838,-22.915068,-26.808767,-30.62078,-35.381363,-39.03335,-41.90547,-41.447407,-42.465168,-41.640324,-39.015224,-40.296673,-42.23289,-44.78302,-43.858116,-45.536552,-45.729717,-47.59034,-49.37275,-49.330997,-48.43334,-51.029438,-53.004593,-54.80371,-57.86969,-56.961063,-59.9284,-63.114952,-64.5388,-66.715996,-68.737625
3584,True,-27.624413,-28.147182,-28.308498,-29.276981,-34.090218,-35.06851,-38.327908,-41.49977,-39.105293,-42.208313,-40.213028,-41.337868,-40.798374,-44.752026,-42.02301,-43.774868,-44.207085,-48.38753,-47.51052,-50.415974,-50.784058,-51.000057,-54.221695,-55.693493,-54.16787,-56.228287,-57.369583,-60.003094,-62.271713,-64.83879,-66.30559,-68.43691
3616,True,-24.373127,-29.785599,-27.384628,-28.345842,-33.799023,-35.52861,-36.13827,-39.77904,-34.867123,-40.224983,-41.43528,-40.214584,-45.56639,-46.592148,-46.992287,-44.22293,-44.75569,-48.89888,-48.16919,-51.35489,-50.569878,-50.33719,-51.09878,-52.145924,-53.00557,-54.26342,-56.398567,-57.898823,-62.181587,-65.24253,-66.053276,-68.524124
3648,True,-24.764843,-25.082573,-26.710007,-28.255909,-34.29028,-35.284813,-37.07713,-39.819496,-39.561943,-42.845875,-45.27267,-42.63245,-41.299362,-42.718834,-45.729683,-45.480453,-44.01832,-50.493965,-47.404854,-49.712414,-51.473736,-49.52274,-49.891323,-50.72804,-54.814583,-54.967285,-56.753532,-59.262573,-61.23205,-64.954735,-66.12623,-67.694466
3680,True,-23.256535,-26.264889,-27.216679,-26.753563,-30.26106,-37.785717,-38.561054,-38.607224,-33.47125,-39.999672,-42.15432,-40.51094,-43.39903,-42.389328,-43.991528,-43.680466,-45.279816,-47.832733,-50.358295,-50.315826,-49.880737,-49.194656,-50.285645,-53.595028,-54.546944,-56.035213,-57.773422,-60.625137,-61.41504,-64.28414,-68.03907,-70.279396
3712,True,-23.844425,-28.476694,-28.254377,-28.526402,-34.85674,-33.654804,-37.295692,-39.688576,-35.22222,-41.931473,-42.252853,-42.566628,-42.369606,-41.74406,-44.11957,-45.053616,-45.288776,-46.795956,-49.14475,-50.827705,-49.697113,-48.46621,-52.005127,-54.047283,-55.5701,-55.647015,-57.302837,-60.747265,-63.8353,-65.05616,-66.2982,-68.28917
3744,True,-22.229214,-26.770842,-25.297277,-30.377352,-34.114937,-38.145195,-38.613415,-36.91935,-35.01086,-39.887543,-41.28154,-41.71957,-41.191704,-43.083744,-44.408424,-46.064453,-45.200176,-47.758907,-48.138775,-49.81769,-49.62698,-48.798122,-51.918045,-53.463753,-55.982155,-55.178032,-55.145615,-57.747997,-62.621822,-66.26721,-66.5523,-66.975174
3776,True,-24.021458,-25.297354,-24.915565,-31.367954,-34.307953,-35.622246,-39.963093,-37.738056,-31.549557,-42.378674,-41.475616,-38.482548,-40.59317,-42.673645,-43.21176,-44.785538,-44.189552,-48.323257,-48.075794,-50.28038,-48.41825,-50.99282,-54.26025,-57.284336,-53.972187,-54.71412,-55.108353,-56.74274,-61.200214,-64.41328,-66.79925,-70.61701
3808,True,-25.494778,-27.230751,-26.86517,-29.139,-33.24325,-35.050053,-39.055206,-39.396767,-38.16113,-40.5118,-42.076317,-45.90387,-43.80186,-41.40368,-45.45678,-46.84581,-44.930374,-48.37576,-48.27677,-49.06847,-48.498352,-49.596027,-53.00436,-54.499187,-54.229053,-55.953552,-57.371346,-61.27353,-62.599815,-65.34728,-67.04665,-67.257034
3840,True,-24.49875,-29.638126,-28.21229,-28.377808,-34.31542,-37.934578,-39.181595,-38.499405,-38.99346,-41.923584,-40.847534,-40.828396,-39.167973,-44.084198,-43.62369,-42.373524,-45.219788,-47.211075,-47.66834,-51.665718,-50.211353,-49.864635,-53.289944,-53.54072,-53.414345,-56.084957,-56.935078,-60.115204,-63.16649,-64.87571,-67.54353,-68.241425
3872,True,-22.66352,-26.361837,-23.191437,-29.725447,-36.71271,-39.347137,-41.25836,-37.82391,-34.969116,-39.62782,-44.945812,-40.92694,-43.23212,-46.781784,-43.61493,-41.03901,-44.742855,-47.98076,-45.773018,-47.42832,-49.65872,-52.155968,-51.003498,-52.82715,-55.869904,-56.48944,-56.9729,-59.35043,-61.83859,-65.274475,-67.93078,-68.53624
3904,True,-24.421856,-25.6715,-25.527634,-28.596527,-28.324913,-37.597244,-39.624348,-37.168324,-36.43561,-40.94526,-38.758663,-40.864483,-41.14454,-42.82867,-40.34822,-44.192955,-46.24179,-44.722336,-44.567932,-50.37704,-47.97174,-49.830055,-50.7523,-54.35513,-55.01377,-56.347576,-57.921295,-60.48786,-62.880444,-65.64661,-68.16926,-69.10498
3936,True,-27.810116,-29.031368,-28.53563,-31.27576,-31.094389,-35.612267,-38.32426,-39.566048,-34.06936,-41.238976,-42.77103,-39.27269,-43.11061,-42.539898,-44.275536,-41.949352,-45.26253,-49.263382,-50.68413,-50.127884,-50.211796,-49.8045,-52.155563,-53.814583,-54.033035,-56.700966,-57.81387,-59.63045,-62.30753,-65.896805,-67.21459,-68.6227
3968,True,-26.339836,-30.009108,-26.126434,-30.21362,-30.224485,-36.73507,-42.40599,-38.26766,-34.762997,-39.299644,-41.033134,-40.903008,-43.593937,-43.442287,-43.66303,-44.956207,-46.03184,-44.94032,-48.827484,-51.377724,-50.32437,-51.044548,-52.097816,-53.654896,-53.892323,-55.59836,-58.07987,-59.52524,-63.150043,-66.793274,-66.96975,-69.68677
4000,True,-24.366909,-27.523975,-27.225609,-29.2816,-31.193724,-35.841606,-38.17525,-40.392624,-37.57784,-39.55735,-41.801987,-38.81715,-42.23978,-42.57129,-40.317112,-45.680637,-46.956097,-47.82307,-48.059784,-49.563522,-49.917683,-49.714256,-50.56138,-54.589962,-55.606976,-57.31002,-58.61546,-58.961693,-62.07384,-64.162155,-67.39946,-69.11323
4032,True,-25.757374,-28.774933,-27.614176,-29.376982,-33.72355,-38.344246,-39.0749,-37.118694,-36.306103,-39.21292,-41.436237,-43.028343,-44.98633,-45.383392,-44.966324,-42.89329,-45.250954,-47.135983,-47.323746,-47.689037,-50.065044,-49.15978,-51.128498,-54.05552,-54.781796,-55.382736,-57.560772,-58.59942,-61.29229,-65.031044,-67.761154,-68.383484
4064,True,-21.724754,-29.093878,-31.067825,-34.42736,-33.193665,-33.054657,-38.452793,-38.444225,-36.187885,-38.419765,-41.25032,-40.929775,-43.127514,-45.060276,-41.647766,-42.72564,-45.73093,-44.846745,-46.889732,-48.894543,-49.54167,-48.344406,-50.521408,-55.08451,-56.613808,-56.03271,-57.875397,-58.97574,-62.458504,-64.70764,-66.78485,-69.191696
4096,True,-23.587818,-24.48308,-29.16441,-30.189583,-31.068604,-34.459576,-36.220184,-40.548595,-34.476295,-35.66003,-40.872475,-38.305634,-42.154636,-44.388386,-43.543392,-43.70751,-46.324574,-46.001236,-49.612713,-48.642036,-49.917812,-49.313755,-50.055386,-53.914185,-54.161346,-57.058685,-58.02416,-59.654312,-61.41194,-65.32759,-67.85756,-68.01073
4128,True,-24.497671,-28.346148,-22.71887,-26.997606,-34.88591,-34.123615,-36.96858,-32.835133,-33.037903,-38.697853,-42.05439,-38.727142,-37.198257,-41.98248,-43.41165,-44.785744,-45.994396,-46.86776,-49.39186,-50.70551,-50.886185,-51.52094,-52.329117,-54.1837,-56.39805,-56.011955,-58.34252,-59.70892,-61.319527,-65.301254,-67.277916,-67.39241
4160,True,-27.99297,-28.902477,-27.481878,-31.289127,-31.734276,-34.8142,-35.901802,-38.441208,-39.375633,-41.00887,-42.837566,-41.49492,-40.90824,-41.90405,-43.07193,-46.001495,-44.394146,-47.596165,-45.454044,-51.509407,-50.18737,-49.890366,-51.313446,-53.344803,-55.95803,-56.206127,-57.582363,-58.64959,-60.483227,-65.60889,-65.83431,-69.32575
4192,True,-23.289701,-27.647781,-27.1517,-32.330112,-33.613983,-36.877792,-36.91215,-34.255497,-35.06803,-40.63988,-40.57436,-42.655903,-44.903023,-45.432785,-42.041237,-43.126007,-44.72015,-45.73752,-47.142445,-47.134636,-50.445473,-50.791412,-51.923668,-51.28811,-55.964058,-56.976456,-58.251945,-60.850903,-62.91052,-63.97132,-67.03553,-67.514084
4224,True,-24.869701,-30.417065,-29.750671,-34.068214,-32.844475,-37.61051,-38.725132,-38.04056,-37.35755,-37.583755,-36.657814,-40.226685,-42.244377,-42.571716,-42.525436,-46.152954,-48.69108,-46.632393,-46.51579,-48.736115,-51.2677,-51.00161,-51.87668,-52.435574,-56.009422,-56.109344,-57.971977,-59.046745,-62.347267,-64.85939,-66.473305,-69.88139
4256,True,-25.735836,-26.985352,-26.821451,-30.470407,-32.386387,-33.852734,-36.38801,-39.268967,-34.832287,-39.487484,-42.466614,-40.602894,-42.284313,-43.65479,-43.642353,-45.980957,-47.595116,-45.755074,-49.043175,-54.14105,-52.45045,-49.32132,-50.056995,-53.711872,-54.843956,-55.447594,-56.36949,-58.143837,-61.352657,-65.200066,-66.273056,-67.8964
4288,True,-23.638288,-23.664114,-25.366373,-30.163422,-35.302807,-32.434105,-38.365166,-40.252884,-35.23302,-39.720604,-40.91307,-39.935043,-42.28098,-47.5934,-43.77738,-45.21662,-43.019863,-46.782608,-46.306515,-51.24781,-49.527275,-50.97292,-53.23101,-55.33218,-57.21962,-54.795677,-56.959553,-60.08799,-63.440117,-64.62331,-67.1474,-68.16675
4320,True,-22.264633,-31.14323,-27.497168,-28.031702,-35.0031,-36.789295,-35.392776,-36.98377,-38.267197,-41.250053,-44.83509,-44.078957,-42.052177,-41.750904,-43.369278,-44.941822,-44.211433,-46.372086,-47.103455,-47.65368,-48.72919,-49.218307,-50.689007,-53.999958,-53.462288,-55.82675,-57.296833,-60.239914,-62.50979,-64.62366,-67.0856,-67.521675
4352,True,-27.206333,-28.07034,-24.95415,-26.457851,-29.8219,-37.544933,-43.003216,-37.177197,-34.487095,-42.81589,-43.620934,-40.359554,-44.722702,-45.032402,-41.18534,-42.21541,-43.686222,-48.011547,-47.296043,-49.311874,-48.788742,-50.69976,-51.7971,-53.501972,-55.059387,-55.490326,-55.936394,-57.982845,-61.25574,-64.32625,-67.48729,-67.89307
4384,True,-26.996365,-25.324385,-24.172394,-30.77736,-32.097916,-36.370342,-38.197563,-35.528057,-38.0375,-39.059063,-42.120186,-39.297375,-43.506462,-41.632294,-41.883312,-42.953606,-46.992336,-49.70199,-47.351154,-47.56996,-47.75915,-50.025414,-53.341885,-53.736115,-55.219917,-57.0641,-57.35809,-58.421288,-60.83895,-64.580345,-67.702515,-67.88858
4416,True,-25.76019,-25.461428,-30.361614,-33.48391,-34.35244,-34.989056,-37.37687,-40.86255,-35.825447,-38.628345,-38.848488,-38.77309,-42.383404,-46.3723,-42.08979,-41.283337,-42.85976,-44.429558,-48.19081,-51.972534,-49.936905,-50.23428,-52.209023,-54.326252,-55.45331,-55.743656,-56.87139,-57.99794,-61.202312,-63.556713,-66.12146,-69.04149
4448,True,-23.897284,-23.715391,-24.434616,-28.128807,-32.16083,-32.64124,-34.7261,-37.243965,-40.82909,-40.91282,-40.809547,-40.845978,-42.058506,-45.857983,-44.480053,-44.84182,-49.439434,-46.76967,-48.108612,-52.876465,-51.00917,-54.10671,-52.92681,-53.78666,-54.138943,-55.007294,-56.66117,-58.350353,-62.534214,-64.76533,-65.76615,-67.960495
4480,True,-21.202946,-28.381918,-29.929958,-30.70353,-34.131973,-34.061615,-37.090897,-38.071198,-37.91189,-40.94153,-38.605343,-39.456303,-45.747456,-43.635315,-41.983932,-42.833256,-44.543377,-46.984516,-46.773598,-48.485016,-49.464436,-53.308052,-52.63105,-52.33908,-54.67428,-55.096058,-58.381744,-59.57975,-61.62925,-64.98558,-65.79156,-67.435074
4512,True,-28.966267,-31.068727,-29.675348,-30.460606,-32.57026,-35.976727,-38.945656,-36.811287,-38.344723,-41.23722,-40.7054,-41.57074,-40.10552,-43.622215,-42.744747,-47.064903,-47.084393,-48.043655,-48.197433,-49.288605,-49.44776,-50.062717,-53.46159,-54.56024,-53.378063,-56.235657,-57.484077,-58.98165,-61.796947,-63.637108,-64.64381,-68.726814
4544,True,-24.839525,-26.528341,-26.165285,-30.754444,-32.490173,-34.22954,-40.38237,-36.868767,-33.28794,-38.984055,-37.624573,-39.350845,-39.528152,-42.39626,-44.34168,-46.75362,-45.175613,-48.280926,-49.592842,-53.368797,-50.96449,-51.270405,-51.51026,-54.40636,-55.7446,-55.816227,-56.874752,-58.73367,-61.97349,-64.74052,-66.613754,-67.47095
4576,True,-23.802856,-25.293959,-29.032785,-30.96761,-33.51642,-33.079468,-36.407104,-40.53078,-35.452927,-40.115578,-40.852707,-39.046276,-42.769966,-42.85285,-41.850914,-43.213142,-44.603073,-47.356358,-48.217808,-49.137085,-48.847862,-50.752377,-50.043205,-52.427578,-53.74912,-55.2573,-56.4466,-58.66201,-62.670845,-64.57742,-66.34229,-67.26132
4608,True,-25.12041,-27.73467,-30.829294,-33.01822,-36.025127,-36.923008,-36.78684,-36.71843,-36.38358,-37.281406,-40.94651,-39.861988,-40.941048,-42.42462,-42.974243,-43.790607,-45.289097,-47.148994,-47.738132,-49.321213,-48.151794,-50.547546,-53.595356,-55.811325,-54.01654,-54.88462,-55.690704,-57.797585,-60.738518,-64.13225,-66.24218,-68.716064
4640,True,-25.244503,-29.253988,-26.156311,-30.417812,-35.186428,-34.424572,-38.137726,-38.312653,-34.221092,-41.0259,-40.363434,-41.702137,-42.21024,-43.91394,-44.433296,-43.495514,-45.45116,-50.82402,-49.297657,-50.9721,-50.02693,-49.37134,-51.34582,-54.236435,-54.149292,-55.250793,-56.22087,-56.720177,-61.35708,-64.316605,-67.26464,-67.13992
4672,True,-22.217695,-25.264385,-26.611061,-31.02833,-33.859753,-33.268986,-35.82055,-36.352394,-36.10258,-39.86634,-40.203842,-40.842743,-39.54035,-44.021996,-41.32689,-44.168144,-43.19143,-46.07405,-46.501526,-50.062515,-51.226307,-51.654884,-52.6984,-56.02528,-54.400406,-55.090294,-57.2947,-57.560066,-61.005497,-65.36261,-68.018715,-68.93071
4704,True,-20.386845,-27.445892,-30.718748,-33.60469,-33.342808,-37.765583,-38.50133,-38.498775,-36.622322,-42.036472,-46.289543,-42.13724,-46.96145,-43.631023,-40.483322,-44.023212,-45.001534,-45.14174,-48.203484,-49.710957,-51.49538,-51.298424,-51.864395,-51.72709,-53.872902,-53.820145,-57.009083,-58.817253,-60.937935,-63.31481,-66.667206,-68.354866
4736,True,-26.525723,-29.561535,-28.177605,-28.749763,-34.149323,-39.131573,-41.00645,-37.385735,-34.304573,-40.821487,-40.485493,-41.124794,-41.38311,-46.485977,-50.290012,-46.35421,-44.137074,-46.085735,-47.02639,-47.87601,-50.662006,-51.155964,-52.713768,-54.453007,-52.627815,-54.4181,-56.92985,-59.10221,-62.702805,-65.25413,-67.09152,-69.34831
4768,True,-24.131771,-23.468468,-27.329275,-31.26929,-31.556152,-35.786438,-36.327522,-36.088314,-37.448044,-42.975357,-42.865406,-40.53554,-43.11065,-43.919327,-43.792152,-46.77333,-44.68983,-45.9939,-47.255104,-49.308605,-50.197044,-50.361057,-50.4907,-52.972164,-53.197083,-54.9369,-56.7826,-58.477932,-63.075073,-64.65154,-66.65659,-67.68342
4800,True,-22.690523,-26.338902,-24.913578,-30.301708,-34.048416,-37.613197,-36.79927,-33.845814,-35.28817,-42.227,-41.069862,-40.680626,-39.01395,-42.467037,-42.97167,-44.569595,-43.084373,-44.458958,-46.062637,-53.033043,-51.963955,-51.681675,-51.19523,-52.95446,-53.850243,-56.02945,-58.304825,-60.59397,-63.50714,-64.79614,-66.67583,-69.39868
4832,True,-24.351364,-27.222834,-28.901058,-30.41831,-35.94899,-37.329163,-39.086563,-38.04899,-38.46394,-39.74591,-40.331802,-44.86944,-42.212845,-44.56855,-46.360214,-43.187176,-44.6405,-44.39808,-48.40179,-49.351345,-48.998333,-50.894283,-54.82443,-56.721,-54.513428,-55.0756,-57.34391,-60.718468,-63.818897,-64.20565,-67.3294,-68.7251
4864,True,-23.693806,-22.92754,-25.825453,-26.639528,-33.7248,-34.276924,-39.2052,-39.3839,-34.77181,-36.57121,-41.259857,-41.6312,-40.737755,-47.192482,-42.708836,-41.815613,-44.722687,-48.296593,-47.7907,-49.54479,-52.43601,-49.187412,-49.750004,-52.93708,-54.72563,-55.273243,-56.83853,-58.068085,-61.166607,-63.457054,-66.44792,-67.65941
4896,True,-23.309916,-27.320473,-27.313871,-30.231894,-33.147816,-35.081703,-40.001774,-37.70575,-34.858364,-41.063942,-43.0618,-39.891262,-41.269184,-46.581078,-45.352516,-46.20628,-44.315384,-44.28741,-48.18558,-50.584484,-49.063095,-49.9355,-51.638332,-53.16879,-53.319145,-54.946404,-56.66027,-58.622345,-63.595543,-63.15394,-65.2617,-68.25
4928,True,-25.749855,-25.461187,-28.391085,-30.211084,-32.731167,-35.910233,-38.248154,-35.873554,-34.851444,-44.91593,-39.8472,-39.30919,-38.16483,-43.382828,-44.84078,-46.948715,-45.54173,-44.870743,-47.663277,-48.016376,-50.88976,-49.97414,-51.342567,-53.315968,-56.195034,-55.344597,-56.662983,-59.965443,-61.280933,-65.545334,-66.26655,-69.39116
4960,True,-22.773117,-29.996645,-27.902348,-32.085205,-31.111776,-32.389896,-39.538525,-43.206707,-42.902092,-39.442368,-39.68578,-40.00157,-40.30667,-46.29169,-45.012684,-44.54977,-45.999947,-46.090034,-48.649673,-49.45112,-48.728577,-50.650936,-53.425194,-54.11093,-54.496696,-55.92463,-57.23639,-58.256496,-59.667202,-62.97132,-67.12505,-69.494255
4992,True,-20.874115,-28.30798,-29.706776,-32.173878,-34.40555,-33.362232,-37.3759,-38.656483,-37.424286,-43.869934,-44.9855,-38.788803,-40.797714,-43.207237,-43.069473,-43.0717,-46.27234,-47.78576,-48.477203,-51.349262,-50.5392,-51.671402,-53.077663,-54.959026,-53.22258,-55.716076,-57.697292,-58.770645,-62.066387,-65.1279,-67.43301,-69.40671
5024,True,-25.91756,-29.448471,-26.291805,-30.795597,-33.002953,-33.922356,-38.32419,-38.436226,-36.32184,-38.69099,-43.535305,-41.13972,-39.408928,-41.328766,-42.20161,-44.860313,-43.470135,-46.768192,-50.290817,-48.312374,-49.343765,-51.02878,-53.076344,-52.30843,-54.718746,-55.589317,-58.018932,-61.5933,-62.78435,-64.57922,-67.38162,-67.79275
5056,True,-25.286098,-29.384888,-24.073502,-27.370722,-33.065174,-34.201828,-39.704082,-35.402184,-37.323963,-38.083694,-40.11509,-43.837578,-41.76583,-43.71359,-44.715485,-44.903786,-43.799316,-48.729843,-48.4955,-48.701447,-51.025726,-49.957737,-52.569565,-53.125656,-54.612564,-53.96634,-57.63126,-59.496033,-63.377396,-63.41416,-66.82956,-69.887474
5088,True,-19.991035,-25.382912,-29.197227,-30.045023,-31.093494,-35.85077,-40.326714,-43.66189,-40.6233,-39.80332,-39.33899,-45.534916,-46.170174,-44.730263,-43.144512,-43.721092,-48.1324,-48.802128,-49.273743,-50.337738,-48.192436,-50.21517,-51.2566,-54.36583,-55.06562,-55.85728,-56.91822,-59.02269,-62.62102,-64.69759,-65.6075,-67.30431
5120,True,-28.324455,-27.148575,-28.211077,-31.411938,-34.290703,-32.73654,-39.006653,-38.25093,-34.964622,-38.306145,-41.208004,-38.99875,-43.654156,-43.44881,-41.779556,-41.99358,-45.87389,-47.45524,-48.557186,-48.862427,-48.17123,-49.15483,-50.639606,-52.88472,-52.344322,-54.98867,-55.214607,-58.594208,-61.743767,-64.04369,-65.41889,-67.566
5152,True,-24.311714,-29.20729,-30.25075,-33.703693,-33.81782,-32.833954,-34.30582,-36.81578,-41.58356,-41.687668,-39.471775,-38.270603,-41.256348,-40.138214,-43.772564,-43.63128,-43.692738,-44.07128,-47.559338,-49.794167,-50.523705,-50.05523,-51.034298,-52.08225,-53.83255,-55.914497,-56.894093,-57.842804,-60.994144,-63.32882,-65.397285,-66.59362
5184,True,-23.959042,-27.150646,-28.268723,-31.721075,-36.11111,-35.8191,-38.03721,-37.450596,-35.814537,-40.28483,-41.58748,-39.51784,-40.79844,-43.943085,-42.990475,-44.22768,-45.516666,-44.22869,-47.213615,-49.425735,-50.523186,-47.783463,-50.8988,-54.227406,-54.95021,-56.546387,-56.166935,-58.3231,-62.56492,-63.86429,-66.37927,-69.26677
5216,True,-28.013893,-30.171278,-27.606377,-28.56859,-33.537964,-36.431137,-40.219997,-37.963074,-35.473553,-39.86577,-42.485474,-43.40652,-42.9839,-45.644264,-43.03854,-43.720978,-45.85665,-47.117672,-47.934616,-49.544502,-50.402752,-48.468708,-50.380817,-54.45578,-55.603603,-56.67101,-56.683273,-59.60728,-62.493187,-63.96409,-67.691605,-68.12796
5248,True,-27.026222,-29.891493,-26.270887,-32.50547,-34.57782,-35.125805,-34.905697,-36.55237,-35.575165,-36.9052,-43.04712,-43.377884,-42.328793,-43.195824,-43.69345,-43.46846,-45.959785,-47.977043,-48.534622,-49.80076,-50.520203,-49.5059,-51.83601,-54.723682,-55.239235,-54.609486,-56.19628,-59.605583,-63.557056,-63.93436,-67.76844,-69.48327
5280,True,-27.056126,-30.631533,-25.469053,-30.678082,-31.561874,-32.656437,-40.646408,-40.607613,-35.47538,-39.82345,-42.241318,-42.83176,-43.006557,-43.715813,-43.005062,-43.086555,-44.91924,-47.27936,-49.440174,-48.581734,-49.975204,-50.56669,-53.161007,-54.789536,-56.078014,-56.66184,-55.5476,-58.945908,-62.38325,-64.37484,-68.40808,-68.8001
5312,True,-19.659248,-28.37699,-30.813896,-33.507736,-33.378365,-36.774055,-37.440487,-37.56373,-34.089806,-38.9336,-36.734676,-42.55115,-45.05163,-43.528778,-42.557693,-43.864346,-44.90619,-46.578465,-47.162277,-47.071396,-48.69465,-51.42354,-52.90504,-53.17182,-54.335308,-58.00675,-58.668728,-58.86704,-62.42721,-63.838608,-65.39012,-68.36289
5344,True,-22.831213,-26.557407,-25.423258,-30.189163,-36.8139,-33.93474,-37.09892,-36.60512,-32.981747,-39.933342,-42.486977,-42.78002,-40.52257,-41.391277,-42.678604,-42.308342,-43.98291,-45.743515,-47.265465,-51.441364,-48.95436,-48.84437,-50.623306,-54.284626,-55.528526,-57.40475,-57.270195,-57.216854,-61.08567,-66.51289,-66.07207,-67.17759
5376,True,-24.651093,-25.72592,-25.882805,-27.900887,-35.217197,-37.57213,-39.04918,-35.77665,-33.17878,-42.5095,-40.25261,-42.92758,-43.83491,-45.248688,-43.33641,-42.95234,-47.378292,-45.742027,-47.994026,-49.285698,-51.0072,-51.458344,-50.83191,-52.743107,-55.1222,-56.23184,-58.91737,-59.526215,-61.79588,-66.590744,-68.58594,-68.00079
5408,True,-23.901497,-34.98313,-29.144371,-28.879374,-30.766794,-35.29095,-38.672455,-39.60188,-36.632732,-42.811985,-42.850014,-44.161316,-42.87441,-41.9206,-43.062202,-44.464054,-48.179558,-46.68447,-47.531925,-47.032387,-48.75938,-49.865807,-51.717575,-51.577374,-54.090897,-55.982838,-57.208954,-60.57207,-61.684013,-65.49176,-67.13866,-69.272484
5440,True,-25.365242,-28.825571,-29.522078,-32.690628,-35.968575,-39.469124,-37.995335,-37.937668,-37.63572,-39.19169,-40.033073,-42.777782,-43.86895,-43.19273,-40.96632,-45.40235,-44.40351,-44.878685,-46.405254,-47.758297,-51.3115,-52.049202,-53.85628,-55.040894,-55.362312,-55.95339,-56.98278,-60.11456,-63.43845,-65.59541,-67.06678,-68.96533
5472,True,-23.470648,-26.519318,-30.51395,-30.51662,-30.047123,-36.956272,-38.36839,-36.92732,-40.224045,-39.97606,-43.804592,-40.73857,-40.772964,-44.261543,-42.9545,-41.39411,-42.337437,-44.914993,-48.77658,-50.392662,-50.030014,-49.403572,-51.393936,-53.069443,-54.27143,-55.500416,-57.156013,-59.822845,-61.685795,-63.502533,-67.3454,-69.45242
5504,True,-22.090878,-30.27322,-29.492813,-28.40591,-33.441162,-40.50553,-39.723904,-38.895096,-40.282818,-37.252026,-37.97092,-41.01954,-40.942417,-41.206554,-41.88571,-43.33452,-45.35421,-47.769623,-47.812897,-49.647846,-52.046387,-49.624405,-51.2779,-54.45753,-54.878956,-56.935276,-57.570797,-57.712814,-61.28271,-63.805813,-66.45661,-68.18545
5536,True,-26.107924,-28.457607,-27.10133,-29.093912,-37.522274,-41.18271,-40.034405,-38.197056,-38.343906,-40.02751,-40.60504,-39.320904,-42.55814,-45.121864,-44.11255,-43.758583,-45.03748,-47.991158,-48.05847,-51.27925,-48.19516,-50.453003,-53.159294,-55.757492,-55.548214,-57.302204,-58.607063,-60.085472,-62.469044,-65.20054,-66.73406,-67.52527
5568,True,-25.395823,-33.694805,-30.77185,-32.6865,-33.933716,-35.285995,-34.771816,-39.16454,-36.892563,-41.756775,-38.237564,-43.291237,-45.189156,-43.030396,-43.62065,-46.0057,-45.579,-49.496616,-47.916737,-49.894176,-52.087997,-50.599648,-52.33068,-56.09196,-57.22027,-56.812958,-57.944675,-58.64887,-62.49138,-64.34854,-65.58723,-67.541245
5600,True,-24.045916,-24.092924,-26.18792,-29.01957,-34.0577,-36.685444,-38.75616,-43.511147,-40.539474,-39.045727,-40.13107,-42.388157,-43.500042,-44.303505,-44.68567,-44.5085,-45.163254,-45.53902,-47.814377,-50.14359,-52.033157,-49.681583,-51.550125,-56.277615,-55.385204,-54.806297,-58.6912,-61.50925,-62.82396,-65.10678,-65.756836,-68.05812
5632,True,-21.75252,-32.01511,-28.923702,-31.268072,-34.417892,-38.010475,-38.7129,-36.27888,-35.038036,-41.631897,-41.74187,-36.113583,-41.2201,-47.63897,-43.933178,-43.126316,-46.049747,-45.455288,-45.584305,-48.327934,-50.99803,-49.4586,-52.39557,-54.68519,-53.78379,-56.22854,-58.152756,-58.644073,-62.387142,-65.041626,-65.666245,-68.63618
5664,True,-23.384636,-27.693617,-29.576246,-30.01403,-31.09413,-35.202446,-36.80382,-37.71273,-34.05273,-43.567986,-42.932076,-42.59438,-43.553905,-43.67337,-44.643158,-45.305496,-46.71643,-45.528763,-45.511322,-49.263214,-49.61737,-50.253788,-52.87609,-54.013077,-55.48885,-56.74976,-57.173866,-57.291374,-63.169014,-64.14898,-66.206,-68.36656
5696,True,-22.315136,-25.987904,-28.346045,-31.588848,-33.71874,-40.170746,-39.41982,-36.622093,-34.495213,-45.75699,-46.184906,-42.421894,-42.43344,-42.917576,-41.105953,-44.472374,-45.983643,-46.530876,-46.62574,-50.69527,-48.467503,-48.128426,-53.25168,-53.903584,-54.826447,-56.575146,-56.241108,-58.53071,-62.693283,-64.20618,-65.80048,-68.21163
5728,True,-25.002125,-28.609238,-32.05467,-30.712147,-33.41179,-34.60737,-37.06648,-39.218197,-36.401344,-40.7057,-44.049362,-41.58689,-37.566322,-42.150593,-44.599854,-44.83712,-44.282135,-46.717243,-49.539967,-48.96227,-50.4806,-51.58832,-55.11951,-54.907093,-53.34879,-54.293068,-57.496983,-59.16927,-61.364334,-64.43789,-67.0656,-67.82286
5760,True,-24.361086,-29.377037,-27.542301,-29.587858,-32.240364,-37.11228,-38.902016,-37.20673,-34.390987,-41.438374,-39.796875,-44.271423,-43.542534,-42.58548,-43.537983,-43.67872,-44.244484,-46.56906,-47.755676,-49.252808,-48.298794,-47.71668,-52.98269,-52.912666,-53.47419,-55.00244,-56.14718,-59.529156,-63.07007,-66.021355,-66.14192,-67.438156
5792,True,-21.887886,-28.385937,-26.57874,-27.912617,-34.1817,-38.414856,-39.781708,-36.392776,-32.315895,-39.23691,-42.377396,-39.470974,-42.473354,-43.040054,-41.698307,-43.329624,-44.2752,-47.008904,-47.879066,-51.289257,-50.47874,-47.73459,-50.627213,-52.780197,-51.87174,-54.942833,-56.99776,-57.900948,-61.802185,-63.71884,-66.473465,-67.70057
5824,True,-24.333263,-25.347214,-30.566504,-30.183289,-33.66164,-36.693436,-40.56379,-37.876976,-36.524727,-41.003567,-42.183525,-38.965588,-41.542778,-43.296738,-42.32986,-45.0853,-47.6696,-50.58573,-47.92572,-49.295296,-49.20082,-50.228863,-51.80733,-55.45877,-56.126152,-56.89179,-56.977837,-58.622772,-63.234497,-62.81362,-66.80768,-68.78923
5856,True,-25.562593,-26.531637,-26.830147,-31.147993,-32.6411,-34.291565,-40.05415,-38.67298,-38.303543,-40.68216,-40.744476,-39.376797,-42.19719,-43.345104,-41.61127,-42.86657,-48.49392,-48.387165,-47.738495,-46.868137,-48.467163,-49.892113,-51.94058,-54.48777,-54.037453,-56.048378,-59.14181,-60.65359,-62.179245,-63.15162,-66.714195,-69.98127
5888,True,-21.052074,-25.274809,-29.444141,-29.352177,-35.019726,-36.229656,-38.758175,-35.7117,-33.18754,-38.90753,-43.86461,-45.458878,-42.269745,-41.88057,-41.913696,-46.784054,-47.414955,-47.187805,-48.24905,-49.19605,-50.192547,-49.577656,-51.29661,-53.64158,-54.277576,-58.36443,-59.516075,-59.13673,-61.69224,-64.61257,-67.20078,-68.633514
5920,True,-21.876745,-26.28403,-32.69586,-30.070305,-31.319006,-34.339912,-35.3762,-38.333668,-37.18318,-37.92716,-39.189075,-40.91495,-41.977962,-45.024944,-42.13479,-46.045,-44.332047,-44.735035,-48.95191,-52.107986,-51.26564,-50.350403,-53.394554,-54.785862,-53.312244,-55.80841,-57.201157,-58.0866,-62.457317,-63.932175,-65.95721,-68.28033
5952,True,-22.785126,-27.037289,-24.582224,-29.169333,-31.569674,-37.005188,-38.35165,-36.53441,-38.23133,-40.67067,-37.686317,-39.97004,-45.417576,-43.874252,-44.416656,-43.845882,-46.23136,-46.922943,-51.956337,-49.382114,-51.28241,-49.75799,-52.852577,-54.821205,-53.62833,-55.67436,-56.803688,-59.179443,-61.391754,-64.55854,-65.79609,-70.06962
5984,True,-27.626026,-29.314882,-26.730288,-31.103817,-32.26978,-34.880833,-38.798286,-37.8617,-36.149612,-38.874477,-41.572495,-41.339096,-39.467804,-41.681084,-41.314697,-45.036545,-45.883564,-50.031586,-47.63037,-47.10946,-50.16733,-51.240555,-52.99549,-52.96587,-54.444687,-56.72697,-56.666714,-58.545475,-61.832817,-64.363716,-66.936,-70.63803
6016,True,-23.091995,-34.76836,-26.1271,-27.260885,-31.43708,-37.066715,-37.57788,-36.962135,-36.967216,-41.15319,-43.404037,-37.110252,-36.274258,-41.367554,-39.459793,-42.10979,-46.099045,-46.629158,-49.850204,-49.74007,-50.058594,-48.794384,-50.93952,-52.7713,-53.95596,-55.871525,-57.95179,-57.187737,-60.837456,-63.767708,-67.55734,-68.3382
6048,True,-28.22383,-33.714195,-25.734016,-27.381985,-34.660564,-33.493904,-38.644936,-42.156887,-43.84587,-44.876,-40.599323,-42.425873,-41.175735,-44.30619,-42.00506,-43.178345,-44.95582,-44.655975,-45.421486,-50.16189,-49.129948,-49.970284,-52.549572,-53.750744,-54.466263,-56.285892,-56.10211,-57.644318,-61.544857,-64.01451,-68.223206,-69.23081
6080,True,-27.357338,-28.895533,-27.588608,-30.846064,-33.10266,-36.22944,-38.295567,-36.84217,-39.396236,-40.44261,-42.159233,-41.078068,-41.857704,-42.549927,-42.672962,-41.499752,-43.374905,-47.239742,-49.358665,-51.62247,-50.497993,-53.3428,-53.163994,-54.600376,-54.17766,-56.57908,-58.001755,-61.613308,-62.5026,-63.77922,-67.52887,-68.764465
6112,True,-23.847958,-27.53522,-28.089153,-29.366676,-32.50297,-35.22388,-36.905174,-36.266685,-37.136543,-39.189304,-37.89094,-41.33864,-43.63873,-47.265503,-41.383785,-42.26307,-45.80834,-45.050625,-49.720455,-49.794006,-50.88617,-51.64914,-51.676483,-54.627796,-53.797165,-54.73774,-55.982788,-58.070435,-63.046677,-65.36884,-66.990074,-68.956566
6144,True,-27.13417,-27.902454,-25.50711,-27.351038,-34.91143,-36.896175,-36.036266,-39.62196,-41.313038,-41.21233,-38.21752,-41.603832,-45.9631,-44.519,-39.118908,-40.71737,-43.61317,-47.325638,-46.69509,-50.11642,-50.431488,-50.406,-52.05173,-54.4558,-55.307766,-55.393673,-56.772583,-57.870335,-62.351948,-65.757225,-67.40962,-67.84891
6176,True,-24.725973,-25.776121,-28.768105,-31.772387,-31.302437,-32.073597,-36.276646,-34.64997,-40.432198,-42.87293,-40.426407,-41.649647,-45.281796,-47.02244,-44.581757,-43.893017,-48.739223,-52.244194,-48.526398,-48.180374,-49.4554,-49.73694,-51.680813,-53.01247,-53.39443,-56.122112,-58.57369,-59.35157,-62.499405,-64.98941,-67.17721,-69.57562
6208,True,-28.646324,-29.873047,-26.757195,-29.566605,-29.34874,-34.115337,-35.996536,-35.975872,-34.87286,-40.82718,-41.25373,-37.59787,-41.75533,-44.748466,-45.394142,-43.111263,-45.516884,-49.589386,-48.463722,-48.60618,-48.28888,-48.642654,-53.290565,-53.157772,-55.22564,-56.35627,-57.165443,-59.508377,-61.84113,-65.77201,-67.72973,-70.15976
6240,True,-21.185358,-27.12706,-27.289013,-26.536884,-32.46488,-37.09607,-36.99825,-36.843616,-34.726814,-38.610218,-43.02723,-44.70301,-43.71063,-39.68766,-42.607822,-42.218647,-45.388035,-46.70671,-46.764725,-48.754158,-50.754047,-49.64321,-52.166145,-55.26429,-55.191513,-56.56061,-58.174397,-59.298065,-61.640236,-64.25523,-65.76943,-69.00508
6272,True,-28.436726,-26.887465,-28.445967,-28.83748,-34.357533,-35.81616,-37.931763,-38.91587,-38.824333,-42.171562,-38.01569,-42.147446,-40.660534,-43.761997,-43.871937,-44.964783,-44.617485,-48.794632,-51.053814,-51.72903,-50.804665,-50.4477,-52.663593,-53.581448,-55.715263,-56.792007,-56.9697,-58.362297,-60.426258,-65.20622,-66.96313,-69.24611
6304,True,-26.900532,-28.86153,-29.002804,-29.653063,-33.105667,-36.86484,-37.837547,-38.313988,-35.708817,-42.024017,-42.345547,-43.271923,-43.972885,-46.952507,-43.813484,-46.087776,-44.63161,-46.653576,-48.15474,-48.868847,-49.99603,-49.501232,-53.34238,-53.9031,-55.719025,-57.46663,-58.61283,-58.80478,-64.044975,-66.40895,-66.04676,-67.489265
6336,True,-25.69675,-30.53035,-26.389446,-34.64063,-28.845156,-33.090305,-34.38646,-37.83593,-40.183773,-41.55811,-38.29866,-38.58938,-45.980835,-43.64841,-40.889626,-43.8168,-44.515728,-47.279152,-49.669785,-48.31494,-50.42794,-51.540916,-54.318253,-56.431347,-55.712814,-57.66995,-57.744057,-59.424072,-61.8602,-64.03303,-65.927765,-67.67754
6368,True,-23.922033,-31.357985,-26.097088,-30.387585,-31.19944,-37.09253,-36.3366,-35.453266,-33.60636,-42.56104,-41.088787,-40.875,-42.417065,-44.337536,-40.553375,-42.055683,-43.187157,-49.041485,-50.947796,-49.396477,-49.21174,-49.59777,-51.942703,-55.044445,-55.75146,-55.94711,-57.036396,-59.19479,-63.535004,-65.2885,-66.899055,-67.71228
6400,True,-25.040655,-24.966003,-28.662851,-29.803116,-33.502472,-37.28756,-39.73953,-38.43158,-37.254364,-41.31347,-39.95309,-39.62427,-42.947464,-42.01427,-42.237144,-45.181206,-48.56798,-50.65461,-48.669304,-49.63333,-50.9724,-51.91062,-52.008644,-54.146233,-55.656563,-55.305466,-56.868294,-58.38511,-63.469162,-65.13425,-66.72075,-68.48263
6432,True,-26.151909,-29.436666,-24.74901,-27.371893,-34.05083,-35.969154,-39.08135,-37.43841,-35.555405,-39.805477,-40.571667,-42.90092,-41.804825,-44.1047,-41.34793,-42.906845,-44.38273,-48.38242,-48.009243,-48.932144,-50.03857,-49.14066,-52.603683,-53.201195,-53.3103,-54.010963,-57.25014,-59.04644,-61.704002,-64.33667,-65.76558,-69.3078
6464,True,-22.3874,-27.405964,-28.73661,-30.373955,-34.43679,-34.256943,-42.330303,-38.356796,-36.25957,-43.621727,-43.36326,-42.160126,-42.576214,-42.622868,-41.55961,-43.51898,-43.903458,-45.645023,-48.762604,-51.412968,-51.68656,-50.642242,-52.01661,-54.35335,-54.911194,-56.900444,-56.7456,-56.91996,-60.79758,-65.71389,-67.69999,-69.00407
6496,True,-20.800245,-28.060562,-30.215414,-28.699356,-35.17172,-36.707447,-37.58248,-38.469543,-36.282772,-38.5608,-41.550423,-40.981453,-41.363503,-45.549095,-44.075645,-43.402805,-45.632587,-48.339195,-48.433098,-50.96653,-50.057457,-49.024933,-51.65615,-54.37231,-54.633606,-57.052658,-55.96104,-58.646957,-62.27269,-65.125984,-66.644684,-69.69857
6528,True,-25.209162,-26.044884,-26.008255,-28.846107,-38.529102,-35.90892,-37.01483,-37.97667,-31.869064,-38.05701,-38.33919,-40.478485,-40.317642,-40.745693,-41.802505,-43.53723,-41.920334,-45.586697,-51.66039,-50.30442,-50.22226,-47.325687,-50.707928,-54.662216,-53.6127,-55.02349,-57.74488,-59.500156,-63.1492,-64.481544,-66.61504,-67.851944
6560,True,-23.943245,-25.452185,-29.567883,-31.926228,-32.000107,-31.13786,-37.621433,-36.99524,-36.927677,-39.936413,-41.997368,-42.01616,-44.21411,-43.95637,-43.815517,-43.62493,-44.79663,-46.318455,-50.113503,-48.238445,-50.134163,-50.050797,-51.023254,-55.379482,-55.065987,-57.19197,-59.284954,-58.869633,-62.117725,-65.45581,-68.049866,-69.21031
6592,True,-24.22115,-26.760307,-31.489325,-33.417004,-35.88882,-33.9451,-36.096874,-37.68445,-35.238613,-35.698524,-37.811543,-44.152737,-41.801914,-42.661438,-43.389744,-44.39023,-47.00768,-46.030804,-50.228966,-50.124344,-50.26912,-50.2826,-52.863007,-54.62866,-53.27813,-55.10859,-59.96997,-58.705048,-61.749313,-64.63541,-66.80263,-68.52183
6624,True,-25.946028,-29.024193,-27.016186,-31.129871,-34.5976,-35.741306,-38.93718,-35.803238,-33.00418,-38.503532,-40.662556,-40.024296,-41.53244,-42.57053,-38.752747,-38.73192,-36.15628,-39.811096,-46.48961,-46.563423,-48.125603,-46.35042,-48.34556,-50.629715,-49.6674,-49.628166,-47.55375,-44.367554,-35.810833,-34.24808,-38.219284,-39.596424
6656,True,-23.048668,-30.056593,-31.409819,-29.34597,-31.143402,-28.76181,-32.094753,-31.717627,-32.456768,-35.957893,-39.127537,-37.11934,-37.7721,-38.778996,-37.150234,-36.634315,-30.765017,-34.555767,-44.485584,-44.52154,-42.64496,-43.760456,-43.501133,-46.1295,-45.82848,-44.515667,-37.540527,-37.663292,-31.622711,-31.386139,-34.231865,-35.742683
6688,True,-24.799747,-27.377947,-29.277218,-32.77242,-28.830456,-30.727173,-45.038944,-40.146008,-35.914856,-38.422337,-37.782005,-38.28796,-41.411865,-46.217304,-45.976265,-43.70667,-42.872337,-46.16533,-46.90267,-49.622322,-49.58983,-49.072327,-52.608353,-51.23929,-51.554497,-51.7818,-51.16304,-50.430103,-46.992397,-47.139366,-49.14671,-51.07624
6720,True,-21.094849,-26.104242,-28.584375,-31.083975,-32.879402,-34.344006,-37.105442,-37.36137,-38.706814,-40.39853,-41.74093,-45.079914,-45.53368,-44.170498,-41.453545,-43.248898,-45.03972,-46.308403,-49.25863,-50.118973,-49.700203,-51.081787,-50.460243,-53.95809,-53.40992,-54.656593,-53.8266,-56.73652,-52.36582,-51.787113,-55.150803,-56.928253
6752,True,-22.390392,-29.538729,-27.067453,-30.770996,-31.615345,-40.323185,-39.290047,-38.68796,-36.38395,-38.970245,-42.345814,-45.266422,-42.65522,-43.617153,-39.664017,-43.208145,-42.99739,-46.478165,-49.70949,-48.303112,-48.5931,-50.89438,-52.902138,-53.61772,-54.96261,-54.85192,-55.453304,-57.264397,-55.02531,-56.731857,-59.050354,-60.38375
6784,True,-21.944134,-28.596455,-29.249926,-34.62906,-36.590782,-33.682358,-37.77658,-35.531124,-33.955814,-39.664845,-39.973732,-38.101322,-41.610256,-43.75258,-43.518887,-45.93035,-46.75667,-49.33296,-49.01275,-49.613235,-50.255257,-51.44906,-53.57849,-53.462685,-54.762287,-55.64301,-57.034332,-57.82459,-59.127823,-60.67208,-63.110332,-63.974625
6816,True,-22.101114,-23.317492,-27.802446,-29.953184,-31.678741,-34.571846,-33.500904,-37.55333,-38.741127,-37.88809,-41.301247,-42.775177,-41.66413,-42.683662,-43.673355,-43.253216,-43.097473,-44.350452,-47.219276,-50.461063,-50.788345,-51.43642,-53.32093,-54.243946,-52.483414,-52.832443,-56.565434,-57.475224,-61.83391,-62.01725,-64.902824,-67.03273
6848,True,-23.421436,-26.747875,-26.620684,-30.711578,-37.066147,-35.018497,-36.365257,-36.75049,-35.366398,-37.091843,-43.32234,-42.41831,-45.378784,-42.232395,-44.02427,-46.08029,-45.239697,-44.67988,-47.15856,-48.658478,-49.39859,-50.097244,-51.901184,-51.705227,-52.70895,-54.99262,-55.45688,-58.05316,-60.953354,-64.0899,-65.387794,-67.44031
6880,True,-23.573559,-29.952982,-30.46354,-32.795723,-31.933786,-34.508392,-37.13359,-36.60952,-34.962715,-39.602924,-41.59571,-43.35813,-41.0841,-40.986984,-42.906628,-44.33216,-44.53415,-46.6255,-48.10298,-50.105232,-49.47856,-50.861595,-51.528847,-54.107056,-54.29836,-56.761406,-57.463917,-58.51801,-60.1127,-63.599136,-67.41014,-68.56886
6912,True,-23.667477,-27.25518,-27.83204,-28.625809,-34.410015,-34.993458,-38.360962,-33.387512,-36.10107,-45.161247,-42.702545,-38.438057,-41.71816,-42.26326,-40.563107,-44.738426,-45.87725,-47.48505,-47.301983,-49.649483,-50.213448,-50.06123,-52.65896,-52.67511,-54.789433,-58.08841,-58.509346,-58.926373,-63.411526,-64.44098,-66.76035,-67.80959
6944,True,-23.845346,-27.72959,-24.594513,-29.598423,-30.585814,-31.997889,-39.149563,-37.134727,-38.80783,-43.53004,-46.46654,-43.02833,-44.422684,-44.85013,-41.423878,-41.938725,-45.40023,-46.988506,-49.531487,-50.95334,-50.53856,-50.18286,-53.034233,-56.124435,-56.140614,-56.345055,-58.11599,-59.042206,-62.657524,-64.434944,-67.516335,-67.96047
6976,True,-30.858181,-32.618458,-24.592783,-28.9941,-30.87962,-30.946098,-39.621685,-38.488327,-37.19567,-41.08296,-37.936756,-41.310295,-42.839165,-42.285263,-44.4206,-44.536434,-48.39665,-47.351654,-48.795753,-52.38701,-51.813286,-51.35403,-51.69031,-54.23366,-54.40502,-57.034172,-58.94253,-59.672386,-61.942944,-64.982796,-66.463486,-68.99436
7008,True,-24.818058,-26.708233,-26.76744,-30.33984,-30.611448,-32.484005,-38.69382,-41.21869,-36.077003,-40.020924,-43.90024,-43.13185,-42.977566,-42.270622,-46.276443,-43.32067,-45.057407,-46.327293,-50.566544,-50.46896,-53.47918,-51.63444,-52.572155,-54.85015,-52.933846,-55.18766,-58.112152,-59.517136,-61.21672,-65.1514,-68.099556,-70.12694
7040,True,-23.275383,-25.188581,-28.970856,-28.383911,-35.177273,-36.917595,-36.66501,-39.09264,-42.715324,-41.763832,-39.547703,-41.611134,-44.2483,-43.556293,-45.36158,-43.30425,-46.39715,-48.401833,-51.731552,-51.929497,-51.426712,-52.290783,-55.119705,-54.222836,-54.41244,-57.36402,-59.240776,-58.732643,-62.506508,-64.74528,-68.42122,-68.85013
7072,True,-25.323011,-27.98377,-27.615946,-29.310816,-33.63679,-35.75561,-39.611526,-34.83387,-35.778854,-39.95464,-38.05445,-41.565025,-42.97889,-41.168636,-43.073048,-45.106167,-44.06013,-46.96341,-46.95889,-49.89145,-50.625576,-49.63572,-53.596,-53.763943,-54.86699,-55.928467,-59.512535,-60.79348,-63.16067,-65.59318,-67.6716,-69.28804
7104,True,-26.098633,-26.422617,-30.322134,-29.880774,-32.309795,-34.802517,-40.457592,-34.746574,-30.868998,-36.7981,-43.50386,-39.609344,-41.90509,-44.257355,-40.72748,-43.550648,-47.35977,-47.229805,-46.49468,-49.160835,-49.93731,-50.088367,-52.016674,-55.27234,-53.215965,-56.683613,-58.12363,-59.429802,-63.4206,-65.9472,-66.6739,-67.72462
7136,True,-22.439413,-29.39413,-27.504719,-36.436756,-34.379883,-37.187645,-34.184826,-35.88347,-36.1035,-39.472202,-42.02983,-42.322792,-41.372307,-45.121876,-43.312,-45.115623,-44.878563,-48.363228,-47.46691,-47.986507,-47.458023,-51.29901,-52.42785,-54.16141,-53.779163,-56.676582,-59.408936,-60.1074,-62.051933,-65.08926,-65.19655,-67.29876
7168,True,-25.204918,-26.942425,-30.176542,-33.27631,-35.830208,-34.272266,-41.3735,-40.647736,-39.196182,-42.742558,-41.697327,-39.855442,-44.10748,-46.783604,-42.567463,-42.50378,-44.965004,-46.260296,-50.609383,-52.97148,-49.670902,-49.390987,-53.336697,-54.121418,-55.61098,-56.42531,-58.180122,-57.65801,-58.107445,-58.702312,-59.836086,-59.31295
7200,True,-26.479603,-30.528172,-31.073866,-32.789402,-32.003735,-31.493006,-34.76921,-40.210815,-39.725204,-39.722004,-41.258095,-43.04749,-44.80599,-43.319542,-46.67771,-45.163002,-45.54302,-45.89334,-48.00283,-51.123817,-51.284172,-50.232384,-51.357773,-54.21804,-55.71721,-55.536583,-54.880272,-54.53066,-55.521324,-55.143112,-55.11035,-56.87044
7232,True,-24.437416,-28.717735,-27.541916,-30.963667,-34.261135,-31.77633,-35.017246,-35.856194,-37.88378,-39.65999,-41.17923,-41.922432,-44.988426,-42.972755,-43.228783,-43.54415,-45.09491,-43.55705,-46.177277,-50.639183,-51.576595,-51.44021,-51.991444,-53.83275,-53.81506,-56.7965,-58.071117,-58.687584,-61.242363,-63.02828,-65.85213,-68.30522
7264,True,-21.372929,-27.51731,-26.616766,-30.590015,-33.072178,-32.79083,-38.546463,-37.585396,-34.33436,-36.36146,-41.316242,-42.20751,-41.779922,-43.91561,-44.95428,-42.70815,-46.150383,-45.645775,-46.58716,-50.833443,-49.483864,-50.746593,-52.3359,-53.86086,-54.130177,-56.43322,-56.2658,-58.68204,-60.55523,-65.27404,-66.68365,-67.7623
7296,True,-29.051811,-32.887726,-26.785114,-31.550468,-33.988716,-36.12012,-39.411316,-39.37642,-35.378757,-38.847626,-43.528473,-41.258263,-41.866135,-43.019028,-43.33937,-44.787857,-46.884186,-45.148716,-48.61504,-51.715694,-50.64136,-48.68991,-52.135605,-54.117287,-54.859234,-55.343403,-57.51275,-59.055286,-60.224953,-64.146965,-65.2561,-68.716675
7328,True,-24.453981,-28.816284,-29.370478,-28.04146,-30.690954,-36.520874,-40.260616,-35.851482,-33.06322,-40.030266,-40.596844,-42.261547,-43.186073,-46.79271,-42.562485,-44.79986,-44.291805,-46.443893,-49.457897,-49.386627,-48.904953,-49.668957,-53.14152,-55.34151,-56.067,-55.503296,-57.325054,-59.25856,-61.929607,-64.97746,-67.00972,-67.81959
7360,True,-25.866112,-32.89492,-28.548193,-33.42847,-29.431923,-33.530476,-34.720314,-41.656464,-39.497528,-40.044216,-45.321293,-41.58168,-46.272575,-44.920074,-45.13201,-47.972084,-49.040676,-49.3369,-48.833023,-50.015873,-50.158394,-49.67829,-53.08793,-55.242813,-53.660313,-55.683254,-58.705257,-59.779915,-61.756073,-65.505455,-67.17171,-69.276306
7392,True,-25.94801,-28.791767,-30.638025,-31.112175,-33.636593,-33.712265,-39.2848,-39.896576,-37.47006,-38.25687,-44.06753,-39.11696,-40.713013,-39.910465,-43.24938,-47.423496,-47.044544,-47.26685,-47.3123,-48.8907,-50.02133,-50.23537,-51.008842,-53.841854,-55.774643,-55.542496,-57.62489,-59.82494,-63.30076,-65.38178,-67.46442,-69.05795
7424,True,-23.778448,-28.294622,-30.616282,-28.545225,-32.18339,-33.33796,-37.67803,-41.470432,-37.286827,-38.155804,-44.195053,-43.614235,-40.930363,-43.54361,-46.018757,-45.37485,-44.634377,-45.63156,-46.748642,-50.904495,-51.969303,-48.780952,-50.61844,-53.67155,-53.29589,-55.606606,-57.453922,-58.93034,-62.843437,-63.99586,-67.43948,-69.053505
7456,True,-25.986076,-27.175428,-25.667187,-29.067192,-32.914852,-35.356674,-38.722347,-41.02105,-37.291557,-39.443,-46.09411,-45.03233,-42.673374,-43.948097,-41.699924,-43.327026,-46.791424,-47.242847,-46.18206,-49.836823,-50.744637,-49.430855,-52.74399,-55.990906,-55.236694,-55.06627,-58.244232,-58.425842,-63.737053,-66.41332,-67.17916,-67.58025
7488,True,-24.558216,-28.38041,-27.241718,-29.188337,-33.528343,-34.134983,-39.31578,-36.941936,-37.925373,-42.985855,-41.61413,-41.509987,-43.78815,-40.924683,-42.13455,-44.74675,-48.73725,-48.850388,-48.508987,-48.55781,-50.122986,-51.02597,-54.47484,-55.880913,-56.384247,-56.819473,-55.798294,-57.516205,-60.564056,-65.49219,-67.359024,-69.25714
7520,True,-23.286625,-29.334734,-25.692846,-28.813856,-31.935436,-35.13518,-38.818626,-39.37861,-37.32657,-36.582798,-41.663338,-42.589325,-42.20617,-43.45485,-40.11595,-41.165283,-45.480534,-48.60512,-47.562637,-50.75558,-50.17496,-50.236237,-52.590477,-54.16021,-55.539288,-56.825714,-57.36588,-59.68197,-61.856102,-64.81594,-65.96701,-69.860466
7552,True,-22.70786,-28.62312,-30.516502,-32.50432,-30.628288,-33.506195,-35.303635,-37.102123,-39.283348,-43.378735,-40.079773,-39.023632,-43.352833,-44.058617,-40.517952,-43.615326,-44.50897,-45.762714,-49.66439,-51.204952,-49.166946,-50.174793,-52.539143,-54.737038,-54.84373,-57.186203,-58.760094,-59.58499,-62.28633,-65.941734,-67.18831,-71.01501
7584,True,-25.70678,-29.174662,-26.97945,-30.328533,-30.015606,-32.07256,-37.51265,-39.202705,-37.25438,-39.02501,-39.14823,-42.825314,-43.42444,-43.646046,-43.94705,-43.90983,-43.025375,-48.90875,-51.25256,-50.636513,-52.10115,-50.9795,-52.210575,-53.4384,-53.515663,-55.598034,-58.429146,-59.53334,-61.449448,-65.01904,-66.85045,-68.95234
7616,True,-23.883913,-24.922235,-26.277138,-27.73921,-34.864437,-36.29621,-40.443413,-40.19049,-36.00411,-38.293823,-38.29284,-40.48651,-45.782124,-43.11789,-43.11848,-43.247448,-45.798347,-47.082706,-49.13893,-50.467377,-50.65926,-51.650414,-52.716793,-54.057434,-55.018295,-54.849564,-56.801918,-58.019566,-63.122997,-65.97538,-66.09401,-68.58357
7648,True,-22.630423,-24.317114,-30.508278,-31.00894,-31.175606,-37.226933,-39.008842,-38.398357,-37.09143,-43.993385,-39.255672,-41.058403,-45.43937,-44.716385,-42.965794,-43.60695,-46.91131,-47.99095,-49.02924,-50.969055,-50.767418,-51.268158,-53.07335,-54.13632,-56.34388,-54.68563,-57.246914,-58.688107,-62.652824,-64.801,-66.84272,-69.579956
7680,True,-23.06337,-29.81464,-25.400915,-32.00613,-35.48627,-36.24531,-41.07845,-35.878788,-33.252296,-37.61686,-44.218174,-43.17372,-40.910744,-42.16703,-38.802357,-41.690067,-46.784706,-45.446133,-49.962967,-51.099434,-50.065407,-48.593975,-52.236294,-53.89442,-54.056183,-54.663235,-56.245193,-59.665756,-62.13284,-66.1181,-66.52315,-69.13184
7712,True,-22.969326,-25.835516,-26.517218,-33.637306,-35.16216,-33.139084,-36.597935,-37.953133,-36.46915,-37.62366,-41.332314,-40.958385,-44.03494,-43.775524,-43.65732,-43.50107,-41.719128,-45.421486,-48.384827,-48.82143,-51.521603,-48.720566,-50.84261,-52.89728,-51.892925,-51.804123,-54.51217,-52.04018,-45.73903,-48.438293,-49.44262,-50.105362
7744,True,-26.971064,-29.5442,-27.336313,-33.799767,-33.005024,-28.374235,-32.735683,-29.639782,-30.709627,-31.051397,-34.1413,-34.3443,-35.228622,-35.78243,-34.978096,-33.48766,-28.861343,-32.233078,-39.626152,-40.977425,-43.061714,-43.98252,-42.74731,-45.39021,-43.68774,-39.07935,-36.191017,-35.496613,-29.366655,-32.424973,-34.049805,-33.83265
7776,True,-27.129501,-29.109764,-27.737963,-33.158424,-36.24613,-35.259724,-39.905712,-36.688972,-35.678226,-39.794384,-43.38591,-44.53066,-41.011803,-44.324818,-41.808453,-42.61059,-42.162933,-45.591858,-45.678,-49.839767,-49.15576,-49.09969,-50.877068,-50.852615,-50.863754,-52.19318,-51.629223,-51.568798,-44.24002,-47.162254,-49.3297,-47.893097
7808,True,-25.479128,-32.2723,-26.614082,-30.535702,-34.60466,-33.63134,-34.382317,-35.782635,-34.79762,-40.420017,-39.01854,-39.783833,-43.38513,-44.219284,-43.579655,-44.696785,-44.892296,-43.799408,-45.934902,-46.67669,-49.290825,-47.94044,-48.88482,-51.838207,-52.78778,-52.443233,-53.21544,-53.661835,-50.60261,-51.347775,-54.85351,-55.163876
7840,True,-23.658005,-33.157597,-30.823074,-32.32295,-30.575321,-32.25167,-36.188843,-34.23377,-36.005955,-39.36902,-44.279137,-44.171143,-45.031857,-42.476368,-44.916008,-45.51062,-46.04425,-46.919205,-47.56163,-50.279575,-48.99857,-46.85575,-52.520668,-53.254616,-53.67241,-52.915745,-54.086967,-56.425888,-53.677536,-55.772785,-58.326015,-60.094498
7872,True,-30.13285,-29.458502,-28.056076,-28.874989,-31.275867,-35.243004,-37.261974,-38.337666,-36.611534,-39.633144,-39.20337,-38.490932,-44.094982,-42.911945,-43.17019,-44.01817,-44.143658,-46.84742,-47.707542,-49.239292,-49.641396,-49.675476,-53.776592,-52.933678,-53.416748,-53.530563,-55.637688,-59.469154,-57.21981,-58.681416,-60.920567,-63.272633
7904,True,-26.476067,-30.172379,-30.099236,-32.445038,-33.816013,-38.17596,-39.07389,-37.33152,-33.29148,-37.825226,-38.95302,-41.83374,-42.66842,-45.296783,-45.561287,-43.315273,-45.503235,-45.89469,-47.849243,-48.75064,-51.02421,-51.43494,-51.395157,-52.97043,-54.41053,-56.668922,-57.21626,-60.778904,-60.41929,-60.481106,-64.42046,-67.55874
7936,True,-21.849287,-29.063875,-29.506924,-25.594442,-30.939556,-35.470165,-37.554832,-40.347538,-37.556732,-39.534634,-43.14591,-45.494072,-45.611874,-42.872066,-45.06292,-45.631134,-44.216026,-46.53959,-45.967514,-47.766033,-51.25381,-49.1828,-52.119526,-53.019127,-53.844944,-55.561825,-57.092857,-58.988224,-60.639156,-63.69377,-64.59425,-67.55832
7968,True,-23.152864,-27.010286,-32.260376,-31.385216,-35.450485,-35.036068,-39.529076,-41.49046,-37.847565,-39.54249,-42.659092,-44.315903,-44.553207,-44.446503,-42.839108,-43.126617,-47.18447,-47.41772,-48.8022,-49.646088,-49.84494,-48.58931,-52.72431,-53.452705,-53.050392,-56.32041,-57.90326,-59.43247,-63.585175,-64.885635,-66.353874,-68.72819
8000,True,-25.794487,-30.224964,-29.397202,-29.658024,-32.98812,-36.18122,-39.036247,-40.42267,-33.013454,-38.397465,-39.577717,-40.698734,-42.96408,-42.76906,-42.04001,-45.35368,-46.203876,-45.499886,-47.569717,-50.489117,-50.076214,-50.45539,-52.003464,-53.922466,-55.615463,-56.42151,-56.712955,-58.15405,-59.212948,-61.89781,-67.84808,-68.497215
8032,True,-24.918335,-29.216145,-29.62751,-30.912418,-33.883377,-32.195744,-39.407646,-38.716248,-37.8884,-43.238235,-42.001755,-41.622086,-44.555855,-45.540222,-42.646828,-42.788548,-46.37571,-45.93406,-48.17347,-49.759296,-49.129944,-50.840496,-52.024464,-52.910294,-53.380867,-56.98008,-56.333008,-59.044456,-61.477127,-65.04178,-67.20378,-68.64396
8064,True,-24.72498,-30.565865,-25.937654,-30.785198,-36.955498,-36.589214,-37.822968,-39.26811,-38.41763,-38.974007,-45.380936,-37.604946,-43.413044,-46.640167,-45.260845,-42.13419,-44.05758,-43.87392,-44.596626,-46.84989,-51.753784,-50.407684,-51.803993,-54.656258,-55.56411,-57.392242,-56.52802,-57.419495,-61.936607,-64.442444,-67.10508,-68.11797
8096,True,-26.229544,-29.197124,-26.817394,-30.362642,-32.791332,-36.352688,-37.764484,-36.749367,-34.858612,-43.6907,-45.75376,-41.203533,-40.219364,-42.949158,-42.39998,-45.105595,-45.645863,-47.62701,-50.333996,-50.99266,-50.110554,-51.45207,-53.99031,-52.54175,-53.30056,-54.689465,-56.29141,-56.35023,-61.5514,-65.35239,-65.80459,-69.26065
8128,True,-26.885056,-28.930187,-28.969915,-31.435213,-34.773243,-37.564056,-38.837536,-38.819,-33.963634,-39.57024,-42.987434,-41.621544,-41.009983,-42.644295,-41.65617,-44.73515,-44.534878,-49.48536,-50.935875,-48.834694,-49.879192,-49.600185,-51.121475,-53.930435,-54.659878,-56.876102,-57.977177,-59.16653,-61.75406,-64.7779,-67.07227,-68.395775
8160,True,-24.098387,-29.895494,-27.207779,-31.40352,-34.6873,-37.83191,-39.35064,-38.44251,-34.566963,-37.95322,-38.62439,-40.603226,-39.655884,-42.315865,-46.00288,-45.689774,-48.41086,-47.596245,-48.14868,-50.2376,-51.21582,-50.381226,-53.913055,-54.906097,-55.816185,-54.098885,-57.467308,-58.52838,-61.281857,-64.63393,-66.45249,-69.44455
8192,True,-20.822979,-30.228777,-27.582779,-30.268335,-32.14052,-34.68996,-39.972233,-40.218964,-34.557396,-40.21833,-42.11994,-44.52908,-42.58118,-42.60871,-42.515533,-41.737198,-43.235237,-45.96041,-48.13006,-49.064972,-51.48897,-50.1454,-52.293007,-54.812805,-55.035805,-57.52092,-57.185574,-57.802338,-62.896935,-64.57602,-67.22205,-69.11854
8224,True,-27.862682,-30.03159,-27.71378,-31.505306,-31.82245,-34.549706,-39.179413,-37.587597,-35.01512,-42.967113,-41.264553,-38.88349,-41.290413,-43.10164,-41.739227,-44.111748,-45.88516,-45.793694,-47.303425,-51.21422,-50.673046,-50.509445,-52.122597,-52.96722,-54.57773,-56.91553,-57.907867,-58.2611,-61.157154,-63.823097,-66.44813,-68.26507
8256,True,-21.581686,-26.40794,-26.925964,-28.825855,-31.029654,-36.598484,-40.61638,-39.105247,-39.436943,-44.50861,-38.115707,-39.250843,-41.7175,-44.386673,-44.56429,-45.886806,-46.111904,-47.542633,-47.188232,-51.042038,-50.287117,-49.617138,-51.362175,-54.352745,-56.319317,-55.83504,-55.996254,-57.42983,-60.92465,-61.29688,-63.51343,-63.724693
8288,True,-21.152422,-25.582418,-25.742285,-30.148813,-32.273888,-32.36437,-36.76879,-35.62281,-35.02232,-40.315147,-37.61914,-39.662586,-42.428417,-43.63769,-39.8385,-41.52591,-43.25792,-45.964058,-46.096687,-49.918537,-47.458416,-50.226707,-54.682106,-54.608707,-54.423363,-55.194584,-52.941803,-53.16038,-55.321354,-52.12342,-54.117928,-54.88935
8320,True,-21.096315,-27.026728,-25.967789,-29.306967,-33.108986,-37.69847,-37.50732,-34.298622,-32.74604,-37.79714,-41.482307,-39.27381,-40.16259,-43.56829,-45.04828,-45.10907,-46.467724,-47.661224,-48.630043,-51.09452,-50.552464,-48.65158,-50.60611,-53.403683,-53.895397,-54.864647,-58.478966,-59.285446,-61.48365,-61.91019,-64.195724,-66.30687
8352,True,-23.08163,-28.450554,-29.914898,-29.163643,-35.397728,-38.363407,-40.93267,-40.877728,-36.960278,-37.53531,-44.071087,-43.943005,-44.48928,-43.68545,-43.313786,-45.06739,-45.073006,-48.436375,-49.14811,-50.162548,-50.418877,-48.82022,-51.803604,-54.05369,-55.041153,-56.09303,-58.481506,-60.34812,-62.381992,-63.84738,-65.79776,-68.28112
8384,True,-25.018372,-28.99375,-22.990383,-25.849392,-36.063828,-35.67614,-38.336693,-41.64128,-39.95189,-39.707928,-41.989388,-41.971573,-43.69026,-41.70986,-43.038864,-44.420517,-44.918995,-45.373493,-48.364555,-49.46441,-52.058815,-50.721184,-52.130642,-53.637794,-54.45995,-56.26969,-57.24676,-60.290863,-61.828987,-64.86589,-67.65777,-68.04828
8416,True,-24.786703,-27.41891,-30.135843,-30.047445,-37.37345,-36.519638,-40.390495,-35.690582,-34.776608,-37.340256,-43.66488,-42.963097,-43.28752,-43.84784,-43.94936,-44.488647,-46.731697,-46.064026,-45.594276,-49.31677,-50.348965,-51.182213,-53.595398,-55.26824,-55.283947,-55.487503,-55.962463,-58.151134,-61.758003,-66.4181,-67.62479,-68.88043
8448,True,-25.579788,-27.642653,-28.34115,-31.229723,-32.14312,-34.50866,-37.73712,-38.360073,-36.640976,-45.258125,-44.04782,-41.3875,-42.69198,-46.888775,-46.307255,-43.815495,-44.477077,-49.080673,-48.71524,-50.26586,-50.127865,-49.25721,-52.032387,-54.36087,-55.69789,-57.04798,-58.288467,-59.399834,-62.50782,-64.54708,-67.704994,-68.31723
8480,True,-24.251476,-23.89611,-25.591293,-27.060558,-31.89789,-36.523216,-32.727974,-39.15592,-40.066982,-45.14518,-41.225807,-39.535496,-44.46754,-44.10717,-41.784294,-42.42168,-45.589825,-48.708553,-47.44486,-48.86785,-49.72366,-50.69478,-52.968292,-53.863777,-53.454323,-55.354828,-55.687828,-58.60846,-61.274723,-64.42925,-65.20003,-66.72873
8512,True,-23.745031,-24.989576,-27.90953,-31.335516,-32.60573,-36.721046,-38.12268,-36.828026,-35.83087,-42.725098,-39.64891,-41.088943,-41.375538,-42.959297,-44.14639,-42.859314,-45.18318,-48.595234,-46.884468,-48.78714,-50.15442,-51.810486,-53.896908,-52.42506,-55.424324,-54.553246,-56.486275,-58.58425,-61.674385,-65.217865,-66.11653,-66.95212
8544,True,-22.468987,-26.627645,-27.116262,-31.784985,-31.01692,-36.48164,-36.71082,-37.32692,-42.5041,-40.893288,-45.0874,-45.73864,-45.421585,-44.097206,-41.832657,-45.504116,-45.424747,-45.877567,-48.09349,-50.316868,-49.672783,-50.440098,-51.583145,-53.877583,-54.5185,-56.187218,-57.117233,-58.346992,-60.403137,-63.36601,-65.836296,-68.13674
8576,True,-23.373009,-23.769924,-25.891739,-28.28241,-32.183197,-33.59087,-36.637383,-36.90304,-41.421528,-43.065025,-40.30556,-42.923336,-46.53732,-47.541824,-43.947784,-48.193558,-46.818584,-47.53266,-47.470646,-48.770958,-50.58107,-47.620945,-51.206966,-54.524796,-54.65939,-55.146988,-56.71227,-57.95941,-61.569016,-65.226776,-68.30345,-71.276276
8608,True,-23.224949,-22.790848,-29.369995,-30.683964,-34.265408,-35.581345,-39.257412,-38.376854,-38.7225,-44.61481,-38.350693,-40.05552,-41.505043,-44.196045,-42.041122,-44.89264,-47.443512,-49.03307,-49.179565,-49.154305,-50.303097,-50.85652,-51.521942,-53.163685,-53.003887,-55.016903,-57.353294,-58.141724,-61.4095,-64.96575,-66.11411,-68.7473
8640,True,-24.39386,-24.193123,-26.033918,-28.498,-35.69223,-36.50228,-37.05956,-36.008205,-35.72991,-39.27722,-41.996456,-41.656765,-43.11056,-43.748245,-44.329056,-41.089745,-44.13067,-45.52069,-48.888874,-51.18719,-49.99642,-50.41481,-53.496178,-53.760983,-55.559258,-56.62395,-57.31985,-59.666462,-60.973667,-64.41427,-68.62158,-70.91592
8672,True,-25.750772,-28.922731,-26.811878,-29.257877,-31.397688,-34.83618,-40.47428,-36.92333,-35.301212,-39.812817,-41.44931,-40.04543,-42.354813,-43.619465,-42.740345,-44.529377,-45.93673,-49.10896,-50.0131,-50.296894,-51.093063,-52.769188,-52.55037,-52.46353,-54.608948,-57.615086,-57.178482,-59.297157,-61.883167,-63.90118,-66.231224,-69.68753
8704,True,-24.055613,-27.867786,-30.661476,-31.284466,-32.959538,-37.594666,-41.29428,-36.539597,-35.40184,-38.57365,-43.552204,-40.6463,-41.58739,-43.372913,-43.960842,-46.001087,-45.76413,-46.57807,-47.945103,-52.373142,-51.790314,-51.69232,-54.09665,-53.46776,-56.054176,-56.39134,-56.913433,-57.728355,-61.759186,-64.75431,-66.75167,-69.04362
8736,True,-25.274242,-30.209217,-28.73929,-29.719982,-33.12917,-38.84045,-40.30773,-40.772385,-37.31374,-43.841812,-40.604065,-39.132153,-42.87079,-42.816566,-44.155445,-43.62772,-43.844322,-46.23948,-51.869453,-51.775936,-50.2368,-50.20259,-53.71541,-54.768074,-56.16079,-56.648804,-57.448162,-59.1667,-61.333626,-64.53,-67.2916,-69.1404
8768,True,-23.760342,-28.78171,-30.653671,-29.187809,-31.075115,-37.340527,-35.72895,-37.287582,-37.323444,-37.19829,-41.447357,-42.94701,-43.34429,-42.44084,-47.355164,-48.77237,-49.52282,-47.592773,-47.783478,-50.406567,-52.30246,-51.413567,-52.625767,-52.891384,-53.1846,-56.315887,-58.047756,-60.87513,-61.541332,-66.471596,-68.90385,-69.94847
8800,True,-26.871197,-25.450737,-26.290953,-28.962101,-32.783882,-33.926018,-35.011208,-36.838146,-36.905006,-40.90803,-40.125565,-42.826157,-43.10539,-46.236515,-44.283524,-45.409973,-47.64395,-47.280724,-47.60723,-51.951088,-48.15655,-49.060574,-52.614017,-52.433044,-53.57696,-55.32835,-59.293667,-58.864994,-56.743298,-53.87879,-57.400204,-58.810726
8832,True,-24.769686,-25.334473,-24.766148,-27.611448,-32.02308,-29.516644,-32.555176,-28.114698,-29.426203,-34.85365,-36.980595,-33.761055,-35.488792,-36.065987,-35.053764,-31.980808,-28.25341,-32.362476,-41.836,-42.107674,-41.185135,-43.053093,-43.54979,-47.393246,-43.143078,-40.287636,-36.171837,-34.737335,-28.965902,-28.952835,-31.867783,-33.346405
8864,True,-23.704952,-27.98815,-29.596117,-31.561474,-33.006607,-33.138805,-38.586803,-34.478973,-34.240566,-37.379646,-36.810184,-37.58767,-38.921093,-42.55879,-43.608826,-42.636368,-41.745487,-44.243317,-48.165886,-48.488792,-49.443073,-49.604935,-49.801117,-50.200695,-52.076435,-50.250107,-49.01752,-49.46281,-43.607426,-45.394646,-48.60603,-48.11831
8896,True,-25.561363,-30.365578,-26.681877,-30.226913,-33.29082,-36.845547,-40.695427,-45.421852,-40.252285,-39.771126,-40.733913,-41.40034,-45.418266,-44.02357,-41.94363,-42.666344,-44.238697,-47.02316,-48.79971,-49.684032,-49.505836,-50.067368,-50.322,-51.616196,-53.92549,-54.885387,-54.015545,-54.92779,-49.940804,-50.070877,-54.332367,-55.058556
8928,True,-25.423925,-29.415396,-29.27726,-33.78607,-34.778854,-37.138226,-41.59723,-38.236687,-35.163666,-40.34843,-43.49178,-44.520535,-42.967094,-42.930786,-42.750317,-42.976585,-45.517708,-46.70235,-47.84304,-48.99784,-50.422688,-49.886932,-52.34493,-54.15169,-54.271656,-54.74842,-56.044384,-57.034103,-53.991386,-54.985012,-59.46867,-60.47085
8960,True,-27.10274,-27.677156,-26.916077,-30.5818,-33.273117,-37.689617,-41.22648,-37.90868,-34.82784,-40.67335,-46.736446,-44.801334,-41.93346,-41.145664,-43.935753,-44.166595,-44.072678,-43.32553,-47.636864,-48.53111,-51.0642,-50.23742,-52.591805,-53.133034,-53.9361,-56.25778,-57.12216,-60.232742,-57.70929,-58.617725,-61.689148,-63.907196
8992,True,-25.920713,-28.242636,-30.360538,-31.387405,-35.75207,-35.38776,-37.780552,-35.66979,-34.044464,-42.841614,-43.864418,-44.2453,-40.67116,-42.680183,-42.385513,-43.02588,-45.29683,-45.42997,-46.487007,-49.98463,-49.604385,-50.687504,-52.53634,-54.22861,-56.38378,-56.758682,-56.317543,-55.774303,-60.712914,-62.11975,-65.581696,-65.872055
9024,True,-24.803017,-29.034101,-25.055151,-26.900024,-32.534348,-34.862007,-36.84452,-39.544685,-38.169464,-40.544235,-43.499947,-40.0953,-41.874546,-40.761013,-42.52077,-44.664497,-43.78441,-44.809208,-46.17796,-49.606247,-50.795025,-52.543907,-52.584652,-53.431164,-56.724754,-55.890327,-56.967247,-57.584045,-63.066883,-63.482597,-64.78342,-66.705475
9056,True,-23.830402,-28.130571,-25.000431,-29.934284,-33.805473,-36.768166,-38.856167,-37.16209,-36.92704,-41.04992,-41.203846,-38.73451,-37.962982,-41.776962,-43.089714,-44.729134,-45.541122,-46.521893,-47.56227,-48.950886,-49.120735,-50.04348,-53.55208,-54.69374,-54.877354,-55.43338,-58.044132,-59.41555,-62.693604,-64.581436,-67.46627,-68.34474
9088,True,-28.852255,-33.249985,-29.388348,-30.296106,-30.344929,-36.49633,-41.08843,-38.594364,-36.103905,-39.931206,-39.537724,-42.798344,-47.064598,-48.500046,-46.246796,-41.456436,-43.53276,-48.78191,-50.403687,-50.108,-51.847134,-51.47352,-54.37282,-53.941048,-54.036827,-55.343723,-57.095337,-59.376175,-61.66569,-64.741516,-67.747925,-68.13957
9120,True,-28.758156,-30.676744,-29.156769,-30.834145,-31.475529,-37.46535,-37.363636,-34.899605,-36.837082,-38.41677,-40.220383,-42.17728,-44.37136,-42.355965,-43.119335,-45.69652,-45.501556,-46.1737,-48.163895,-48.630367,-50.68397,-49.396168,-51.6529,-54.588356,-54.101643,-55.75846,-56.972855,-59.106094,-61.336052,-66.48239,-67.68229,-68.73132
9152,True,-24.158514,-26.550264,-25.51049,-28.994785,-34.683346,-38.507343,-36.19465,-38.084072,-38.646637,-40.835075,-41.783184,-39.12422,-40.342175,-44.80036,-41.31726,-43.574844,-44.633507,-49.37222,-49.31279,-49.004196,-51.31374,-49.367783,-51.542107,-52.587627,-53.37154,-54.502518,-59.172577,-59.771355,-60.88086,-63.56864,-66.91047,-67.95999
9184,True,-29.002258,-31.58262,-31.027283,-31.987621,-36.515976,-35.97291,-39.25531,-39.248096,-38.18813,-44.063057,-41.785294,-43.093395,-41.50093,-40.315346,-41.2931,-43.010334,-47.656017,-45.465816,-46.2505,-50.86236,-50.027916,-51.29849,-53.28476,-54.96964,-54.935497,-56.03286,-59.331635,-58.185577,-63.159683,-63.801506,-67.0282,-68.35319
9216,True,-23.66563,-29.701918,-26.374865,-34.10999,-33.93837,-33.094406,-38.72628,-38.634377,-38.039528,-43.05561,-44.160072,-42.32754,-44.660145,-46.496563,-43.766975,-46.550617,-47.650864,-45.512253,-45.73731,-50.77781,-48.882732,-50.411522,-50.63114,-53.06286,-53.876015,-56.380733,-58.00183,-60.63832,-63.948826,-66.00196,-68.97853,-69.76468
9248,True,-26.84937,-26.708103,-26.369123,-36.92479,-33.77175,-36.513206,-40.19355,-40.470604,-38.97867,-40.81382,-41.14309,-39.410076,-41.99575,-45.430862,-42.30021,-45.37708,-44.52201,-47.041786,-47.758415,-49.927025,-49.54777,-49.895306,-51.94861,-52.946552,-54.066536,-55.835857,-59.636578,-60.03168,-62.88362,-65.33064,-68.57545,-68.373985
9280,True,-24.445057,-26.249054,-25.308746,-27.070606,-33.222374,-37.40062,-37.823368,-41.136127,-39.100006,-39.514194,-40.06769,-40.212524,-41.51306,-45.858917,-45.09247,-45.30712,-45.65584,-45.606785,-46.644016,-49.27128,-50.482826,-53.06076,-52.25723,-53.353386,-55.362015,-57.42947,-58.0052,-61.069756,-62.231827,-65.021515,-68.2351,-68.565475
9312,True,-23.061066,-27.901964,-26.460936,-33.075733,-30.05276,-36.68975,-40.816467,-38.81842,-38.35432,-41.27234,-39.297,-43.730667,-43.661392,-46.733734,-39.99817,-43.631268,-46.4461,-46.20189,-47.595425,-50.702137,-48.26613,-50.160652,-52.726334,-55.620094,-55.482506,-55.08172,-56.67404,-59.41964,-62.434685,-64.70752,-65.590965,-66.97647
9344,True,-25.017845,-28.442896,-27.582102,-28.704872,-32.12278,-34.473938,-35.055817,-39.07719,-35.534092,-37.46747,-39.669178,-38.946564,-39.488167,-40.913628,-43.976093,-44.403008,-44.50344,-48.568268,-49.05146,-51.224197,-49.597313,-50.754547,-51.67991,-51.799503,-52.62834,-54.819256,-56.172356,-57.204533,-61.281853,-62.46632,-65.57913,-67.2906
9376,True,-23.839018,-23.231056,-23.78918,-27.229832,-33.52442,-35.465637,-38.74661,-38.042522,-34.96102,-42.68992,-42.142105,-40.761612,-41.00872,-40.757225,-42.82804,-43.37777,-44.31135,-44.920433,-47.62058,-48.147392,-49.802696,-50.316677,-53.919292,-54.830284,-53.085648,-54.78595,-55.507793,-51.37842,-51.483418,-51.116833,-52.072792,-56.038177
9408,True,-25.197746,-26.88272,-26.496515,-30.048672,-35.228878,-36.47221,-37.999912,-41.481552,-35.617134,-39.83423,-41.41738,-47.212353,-43.366295,-42.781815,-43.768784,-45.65818,-44.46891,-48.04701,-50.437054,-49.472656,-48.147736,-49.48658,-52.69592,-53.779892,-53.624306,-55.861214,-57.800694,-58.99604,-59.94355,-62.7964,-63.555573,-65.52394
9440,True,-25.378435,-27.114853,-29.091978,-31.158077,-31.36152,-35.774567,-36.435513,-38.404118,-43.117924,-41.466557,-39.14823,-45.699944,-45.202885,-43.765648,-44.421345,-45.292374,-43.76712,-46.839336,-49.268307,-49.752193,-52.913475,-50.63837,-52.946312,-53.261257,-54.856873,-56.716843,-58.983566,-60.60751,-61.74963,-63.705772,-65.866806,-66.38217
9472,True,-23.683329,-26.235424,-27.18993,-26.263844,-28.838291,-35.74004,-37.087833,-35.360714,-38.448494,-41.13575,-42.643562,-38.49918,-43.65296,-45.89643,-41.21546,-42.606716,-45.619183,-46.864872,-48.57678,-48.389965,-52.27373,-52.88472,-53.855453,-53.309406,-54.087673,-56.048668,-56.595505,-57.582928,-61.551517,-63.50921,-65.32887,-68.01713
9504,True,-24.974747,-30.212124,-26.92216,-29.909468,-32.06333,-31.726292,-37.002617,-38.393867,-38.805138,-44.071663,-41.78947,-39.034447,-43.003773,-45.32044,-42.632156,-42.732334,-43.458218,-45.899677,-50.941833,-50.642387,-49.572987,-50.86664,-50.862366,-52.77948,-54.0575,-56.33261,-59.57402,-58.929962,-62.273354,-64.24127,-67.402794,-68.8322
9536,True,-25.566742,-29.943634,-23.438454,-27.598095,-30.834272,-34.96499,-37.526646,-36.930225,-34.79146,-41.795124,-39.85238,-43.14277,-44.007706,-40.225185,-39.71424,-42.038246,-45.917007,-46.96087,-47.002163,-52.20346,-51.128418,-50.90747,-52.95557,-54.099537,-54.77928,-55.782677,-58.002754,-58.57532,-61.436634,-64.99582,-66.0161,-67.45881
9568,True,-27.830914,-29.91255,-26.528965,-28.862938,-31.109482,-31.56509,-38.465633,-37.126205,-37.307613,-40.321278,-41.13106,-41.54419,-46.83621,-39.843338,-41.949905,-44.655815,-45.35896,-46.079086,-47.982788,-49.9465,-50.782375,-50.01906,-52.701256,-53.858536,-53.791344,-56.8012,-59.12104,-61.522465,-62.117195,-64.65928,-68.18758,-68.952545
9600,True,-26.480808,-29.303848,-24.086218,-26.753849,-33.76043,-33.932526,-36.69084,-35.93686,-36.585346,-40.952118,-39.836323,-40.64115,-44.109802,-45.917908,-43.704666,-44.723755,-42.259026,-43.868225,-48.534813,-50.40192,-50.84192,-50.68872,-52.334167,-52.967056,-54.18641,-56.197968,-58.562565,-61.642704,-62.144604,-65.54995,-67.41105,-68.481155
9632,True,-24.150839,-26.911371,-26.219435,-26.508415,-33.462135,-36.550575,-39.067215,-39.517735,-39.362167,-40.34043,-40.971436,-39.729362,-45.632896,-44.572643,-45.515858,-44.25465,-46.705734,-46.803074,-47.561714,-48.154175,-51.40973,-50.55992,-53.111847,-54.16378,-55.28356,-58.616623,-57.396294,-58.005928,-62.48715,-64.56246,-67.03267,-69.18682
9664,True,-26.515858,-30.721687,-26.075867,-29.614643,-33.430973,-35.16679,-40.012936,-40.703682,-36.342712,-38.281315,-39.613678,-42.998547,-44.255135,-42.870323,-42.892513,-44.74892,-44.78826,-49.466663,-49.036263,-49.762424,-52.313766,-50.87483,-52.95466,-55.693787,-55.087162,-55.534477,-59.841454,-58.906067,-62.24779,-64.263,-66.06041,-67.20334
9696,True,-22.738266,-29.549944,-27.422121,-26.901108,-33.760593,-35.153088,-39.042656,-38.56979,-45.3289,-40.9554,-41.419926,-40.83867,-45.272823,-45.123177,-47.85193,-43.57525,-44.55194,-45.97137,-48.560596,-48.701176,-50.739243,-50.249805,-52.53897,-53.844765,-54.032814,-56.144657,-58.095818,-59.048637,-61.48353,-64.34678,-67.824295,-67.70802
9728,True,-22.056425,-27.003372,-29.865284,-30.45594,-34.64908,-37.679665,-35.62997,-37.67793,-39.495064,-42.024864,-40.74572,-41.70726,-43.83659,-48.201313,-47.572193,-43.905525,-46.76915,-48.44255,-47.137684,-48.30047,-50.32184,-52.50694,-52.490738,-54.365524,-55.250134,-56.956593,-59.031685,-58.616825,-61.38794,-63.950096,-66.1907,-68.18406
9760,True,-28.100298,-29.160793,-28.17907,-29.748201,-32.240494,-33.965225,-37.24466,-36.012436,-32.468945,-42.839775,-40.123375,-40.60596,-41.50934,-44.96778,-44.7411,-45.523033,-45.161366,-46.717255,-46.282425,-49.931885,-52.004738,-53.243553,-51.353256,-54.22059,-54.607826,-56.34785,-57.127747,-57.174644,-60.753197,-63.730072,-66.3722,-67.69884
9792,True,-23.215149,-29.108889,-25.989912,-28.620813,-36.257168,-37.379566,-38.457287,-40.34126,-34.206482,-39.483166,-41.05156,-40.527645,-43.37871,-44.19355,-45.62236,-45.203514,-45.072613,-46.163006,-47.43771,-48.85447,-51.242294,-50.596115,-50.57807,-55.09916,-55.992516,-57.7515,-58.579826,-57.150993,-60.44905,-64.601234,-65.60191,-68.2117
9824,True,-24.507582,-26.600082,-27.983257,-33.221176,-35.99765,-36.902718,-37.99869,-38.1773,-36.059612,-41.178185,-45.887405,-41.614098,-42.486477,-42.09402,-43.57738,-41.987793,-43.038155,-45.24559,-45.34611,-49.08131,-50.625362,-49.624447,-50.770523,-54.426186,-55.331207,-56.384285,-56.481293,-56.687397,-60.8079,-64.31158,-66.468475,-68.30619
9856,True,-27.144753,-31.612978,-27.862856,-35.940205,-32.622215,-38.26079,-37.419174,-36.59881,-33.565277,-40.953224,-46.289333,-46.753387,-43.979485,-41.34918,-40.20456,-41.899765,-47.796,-48.546978,-45.927067,-47.547016,-52.152866,-54.124752,-53.347374,-52.613426,-54.5199,-56.41405,-58.358097,-58.4712,-61.328682,-66.74769,-67.806335,-69.2074
9888,True,-26.065548,-28.708956,-28.014822,-28.474335,-31.925095,-36.299232,-46.679993,-41.73159,-38.468544,-41.494286,-38.710575,-41.283527,-40.221706,-43.943905,-43.62927,-45.428825,-44.77942,-46.096626,-50.822487,-52.63858,-51.8798,-50.10382,-51.464775,-52.433796,-51.45197,-54.851074,-56.521893,-58.28224,-55.540764,-52.982822,-57.77555,-59.579697
9920,True,-24.665869,-28.886475,-28.822693,-28.728163,-29.952803,-28.526016,-31.072552,-29.991703,-30.388325,-36.95849,-38.844395,-37.04126,-35.371037,-36.364975,-34.846066,-33.3095,-27.796783,-32.404892,-40.61428,-41.54955,-41.776577,-41.73807,-42.82807,-46.67822,-42.366547,-37.34355,-36.498634,-35.498802,-27.550777,-27.214611,-30.693382,-33.43128
9952,True,-24.582308,-25.217674,-26.486128,-31.87236,-33.866814,-31.239252,-37.67828,-33.997406,-36.232914,-39.360043,-39.472332,-39.721172,-41.519527,-43.701187,-41.920376,-42.89588,-40.965958,-44.07395,-45.775547,-48.034378,-49.09886,-48.765068,-48.72452,-50.165184,-52.110382,-51.799374,-48.971382,-48.38897,-43.027756,-45.46608,-46.422596,-47.038097
9984,True,-23.391258,-29.840412,-28.61383,-31.440907,-34.408997,-34.83234,-37.987812,-37.23143,-35.85308,-39.61544,-37.276554,-38.43093,-40.964043,-42.951183,-43.69203,-46.850548,-46.11918,-45.288216,-49.650345,-49.455185,-49.885056,-49.330536,-51.71428,-52.34549,-53.340775,-53.35566,-54.6146,-54.93524,-49.200027,-49.854374,-52.98029,-55.281826
